date,open,high,low,close,volume
2016-02-04,17.53000,17.85000,17.23000,17.77000,144500
2016-02-05,17.66000,17.82000,16.81000,16.94000,167700
2016-02-08,16.77000,16.77000,15.86000,16.48000,137400
2016-02-09,16.20000,17.05000,16.13000,16.43000,101600
2016-02-10,16.49000,17.15000,16.40000,16.55000,142300
2016-02-11,16.27000,16.55000,16.01000,16.34000,139500
2016-02-12,16.53000,16.91000,15.94000,16.53000,182600
2016-02-16,16.69000,17.33000,16.50000,17.27000,90500
2016-02-17,17.41000,18.08000,17.26000,17.95000,151000
2016-02-18,17.89000,17.89000,17.07000,17.22000,303000
2016-02-19,17.19000,17.80000,16.80000,17.15000,212900
2016-02-22,17.32000,17.70000,16.96000,17.34000,175400
2016-02-23,17.14000,17.40000,16.59000,16.80000,191700
2016-02-24,16.70000,16.79000,16.00000,16.39000,173100
2016-02-25,16.50000,17.50000,16.39000,16.50000,188000
2016-02-26,16.59000,17.21000,16.18000,17.00000,320700
2016-02-29,17.07000,17.47000,16.34000,16.57000,305900
2016-03-01,16.55000,17.10000,16.13000,16.30000,254600
2016-03-02,16.30000,16.30000,14.85000,15.29000,320700
2016-03-03,15.22000,15.94000,15.22000,15.90000,281500
2016-03-04,15.83000,16.97000,15.79000,16.75000,266000
2016-03-07,16.67000,17.68000,16.67000,17.50000,283400
2016-03-08,17.40000,17.70000,16.73000,16.85000,259100
2016-03-09,16.87000,17.48000,16.87000,17.40000,263600
2016-03-10,17.47000,17.90000,16.91000,17.79000,1408600
2016-03-11,18.06000,18.92000,17.53000,18.87000,286000
2016-03-14,18.73000,19.15000,18.09000,18.32000,252600
2016-03-15,18.16000,18.16000,17.27000,17.42000,173900
2016-03-16,17.37000,17.52000,16.81000,17.37000,361400
2016-03-17,17.27000,17.85000,16.48000,16.93000,178600
2016-03-18,17.03000,17.31000,16.85000,17.15000,228600
2016-03-21,17.12000,17.38000,16.95000,16.99000,123200
2016-03-22,16.96000,17.19000,16.79000,17.18000,219300
2016-03-23,17.20000,17.23000,16.47000,16.49000,205700
2016-03-24,16.37000,16.41000,15.91000,16.02000,212700
2016-03-28,16.06000,16.55000,15.80000,16.29000,189600
2016-03-29,16.44000,17.34000,16.25000,17.00000,768400
2016-03-30,17.08000,17.41000,16.54000,16.94000,303100
2016-03-31,17.00000,17.19000,16.69000,16.83000,376600
2016-04-01,16.78000,17.09000,16.50000,16.78000,273400
2016-04-04,16.84000,17.86000,16.50000,17.50000,792700
2016-04-05,17.35000,17.43000,16.46000,16.51000,331800
2016-04-06,16.50000,16.53000,16.10000,16.22000,231800
2016-04-07,16.05000,16.11000,15.67000,15.85000,215500
2016-04-08,15.96000,16.09000,15.27000,15.79000,504000
2016-04-11,15.80000,16.05000,15.49000,15.56000,193400
2016-04-12,15.53000,16.12000,15.45000,15.67000,330500
2016-04-13,15.79000,16.18000,15.79000,16.02000,351400
2016-04-14,16.06000,16.33000,15.84000,16.17000,266000
2016-04-15,16.08000,16.35000,15.99000,16.20000,183400
2016-04-18,16.17000,16.55000,16.09000,16.47000,203900
2016-04-19,16.58000,16.58000,15.92000,16.27000,256100
2016-04-20,16.38000,16.52000,16.28000,16.35000,214100
2016-04-21,16.44000,16.78000,16.33000,16.69000,328400
2016-04-22,16.74000,16.88000,16.57000,16.60000,164700
2016-04-25,16.52000,16.97000,16.40000,16.94000,445600
2016-04-26,16.98000,17.60000,16.74000,17.49000,375200
2016-04-27,17.47000,17.90000,17.26000,17.75000,293400
2016-04-28,17.74000,18.03000,16.98000,17.01000,244200
2016-04-29,17.95000,17.95000,15.28000,15.90000,540500
2016-05-02,15.96000,16.16000,14.59000,14.90000,527600
2016-05-03,14.57000,14.97000,14.50000,14.51000,534200
2016-05-04,14.50000,14.65000,14.23000,14.38000,388600
2016-05-05,14.38000,15.05000,14.23000,14.42000,283200
2016-05-06,14.31000,14.45000,13.65000,13.96000,286600
2016-05-09,14.08000,14.30000,13.82000,14.25000,334600
2016-05-10,14.42000,14.42000,13.97000,14.15000,165500
2016-05-11,14.10000,14.60000,14.04000,14.19000,267900
2016-05-12,14.20000,14.28000,13.44000,13.78000,188700
2016-05-13,13.73000,13.89000,13.52000,13.57000,189300
2016-05-16,13.55000,13.90000,13.49000,13.70000,257600
2016-05-17,13.70000,14.11000,13.50000,13.74000,310000
2016-05-18,13.66000,13.93000,13.52000,13.80000,288500
2016-05-19,13.87000,14.11000,13.61000,14.02000,282900
2016-05-20,14.05000,14.19000,13.89000,14.15000,150400
2016-05-23,14.14000,14.39000,14.07000,14.30000,153900
2016-05-24,14.34000,14.95000,14.15000,14.92000,196000
2016-05-25,14.95000,15.15000,13.57000,14.99000,160400
2016-05-26,14.90000,15.01000,14.54000,14.64000,139800
2016-05-27,14.68000,15.53000,14.64000,14.91000,154200
2016-05-31,14.96000,15.05000,14.43000,14.49000,321200
2016-06-01,14.49000,14.66000,14.37000,14.62000,395800
2016-06-02,14.60000,15.62000,14.60000,15.30000,506500
2016-06-03,15.13000,15.43000,14.87000,14.91000,174100
2016-06-06,14.93000,15.08000,14.81000,14.97000,120500
2016-06-07,14.97000,15.78000,14.97000,15.73000,366800
2016-06-08,15.73000,15.97000,15.55000,15.91000,176400
2016-06-09,15.85000,16.25000,15.71000,15.91000,270900
2016-06-10,15.79000,15.82000,15.42000,15.47000,92600
2016-06-13,15.39000,16.03000,15.26000,15.44000,149600
2016-06-14,15.40000,15.79000,14.87000,14.99000,143500
2016-06-15,15.08000,15.41000,14.88000,15.20000,250000
2016-06-16,15.10000,15.70000,14.95000,15.58000,158800
2016-06-17,15.54000,15.56000,14.68000,14.79000,687600
2016-06-20,14.92000,15.20000,14.68000,15.11000,203800
2016-06-21,15.24000,15.48000,14.66000,14.81000,98200
2016-06-22,14.80000,15.07000,14.50000,14.67000,135200
2016-06-23,14.89000,15.16000,14.58000,15.12000,173100
2016-06-24,14.34000,14.82000,14.16000,14.46000,649600
2016-06-27,14.37000,14.93000,13.90000,14.11000,198600
2016-06-28,14.29000,14.66000,14.29000,14.35000,164500
2016-06-29,14.52000,14.58000,14.22000,14.39000,218700
2016-06-30,14.58000,15.11000,13.93000,14.13000,407500
2016-07-01,14.10000,14.52000,13.97000,14.44000,201100
2016-07-05,14.42000,14.78000,14.29000,14.48000,115500
2016-07-06,14.39000,15.02000,14.39000,14.95000,408200
2016-07-07,14.94000,15.12000,14.87000,15.00000,140100
2016-07-08,15.10000,15.30000,14.73000,15.20000,170400
2016-07-11,15.25000,15.50000,15.14000,15.31000,90800
2016-07-12,15.26000,15.72000,15.26000,15.48000,133800
2016-07-13,15.59000,15.64000,15.16000,15.32000,82900
2016-07-14,15.42000,15.54000,15.00000,15.52000,168900
2016-07-15,15.61000,15.62000,15.24000,15.51000,183000
2016-07-18,15.54000,15.65000,15.33000,15.38000,72100
2016-07-19,15.39000,15.39000,14.97000,15.05000,145400
2016-07-20,15.09000,15.55000,15.09000,15.46000,106200
2016-07-21,15.42000,15.57000,15.15000,15.24000,119500
2016-07-22,15.28000,15.32000,15.00000,15.31000,69600
2016-07-25,15.29000,15.30000,14.83000,14.98000,81900
2016-07-26,14.95000,15.11000,14.90000,14.95000,180100
2016-07-27,14.95000,15.00000,14.79000,14.90000,154500
2016-07-28,14.90000,15.09000,14.64000,14.72000,208100
2016-07-29,14.72000,15.31000,14.53000,15.19000,422500
2016-08-01,15.25000,15.55000,15.09000,15.22000,205400
2016-08-02,15.17000,15.31000,14.97000,15.00000,175400
2016-08-03,14.95000,15.19000,14.56000,15.16000,159400
2016-08-04,15.12000,15.38000,14.76000,14.82000,183900
2016-08-05,15.25000,15.25000,13.50000,13.54000,733300
2016-08-08,13.49000,14.91000,13.45000,14.05000,495500
2016-08-09,14.01000,14.63000,13.98000,14.52000,257400
2016-08-10,14.49000,14.55000,14.26000,14.52000,157900
2016-08-11,14.55000,14.92000,14.37000,14.89000,148900
2016-08-12,14.87000,15.48000,14.79000,15.48000,232700
2016-08-15,15.49000,15.97000,15.49000,15.87000,236500
2016-08-16,15.82000,15.92000,15.60000,15.72000,231500
2016-08-17,15.72000,15.72000,14.84000,14.90000,172000
2016-08-18,14.87000,15.00000,14.46000,14.57000,198200
2016-08-19,14.50000,15.38000,14.36000,14.54000,340100
2016-08-22,14.46000,14.80000,14.41000,14.77000,141300
2016-08-23,14.77000,15.05000,14.72000,14.88000,122400
2016-08-24,14.88000,15.11000,14.71000,14.76000,135900
2016-08-25,14.73000,14.83000,14.49000,14.58000,131400
2016-08-26,14.53000,14.83000,14.50000,14.74000,146500
2016-08-29,14.81000,15.20000,14.52000,15.05000,155500
2016-08-30,15.10000,15.40000,15.10000,15.35000,137200
2016-08-31,15.40000,15.56000,15.10000,15.39000,165600
2016-09-01,15.45000,15.58000,15.05000,15.50000,197000
2016-09-02,15.52000,15.99000,15.52000,15.89000,254100
2016-09-06,16.00000,17.05000,15.89000,16.99000,396200
2016-09-07,16.94000,17.25000,16.80000,17.19000,213200
2016-09-08,17.22000,17.27000,16.83000,17.17000,523600
2016-09-09,17.04000,17.16000,16.12000,16.13000,187500
2016-09-12,16.08000,16.53000,16.02000,16.51000,200000
2016-09-13,16.39000,16.69000,15.75000,15.96000,158900
2016-09-14,15.97000,16.17000,15.60000,15.74000,163800
2016-09-15,15.66000,16.24000,15.59000,16.24000,244400
2016-09-16,16.26000,16.46000,15.98000,16.24000,339600
2016-09-19,16.30000,16.36000,15.91000,16.15000,114700
2016-09-20,16.17000,16.31000,15.89000,15.97000,138900
2016-09-21,16.02000,16.10000,15.68000,15.96000,141700
2016-09-22,16.12000,16.53000,16.11000,16.50000,219800
2016-09-23,16.49000,16.50000,16.13000,16.14000,96400
2016-09-26,15.92000,16.00000,15.67000,15.84000,139900
2016-09-27,15.94000,16.14000,15.79000,16.05000,109300
2016-09-28,16.07000,16.29000,15.82000,15.82000,194600
2016-09-29,15.81000,15.81000,15.35000,15.36000,125200
2016-09-30,15.46000,15.94000,15.36000,15.82000,160200
2016-10-03,15.67000,15.72000,15.43000,15.61000,105500
2016-10-04,16.24000,16.24000,15.65000,15.85000,166200
2016-10-05,15.85000,16.17000,15.85000,15.97000,129000
2016-10-06,15.94000,16.25000,15.78000,16.15000,762800
2016-10-07,16.22000,17.69000,15.55000,17.52000,413800
2016-10-10,17.74000,17.86000,17.14000,17.38000,303400
2016-10-11,17.40000,17.40000,16.48000,16.49000,273900
2016-10-12,16.56000,16.64000,16.30000,16.49000,176400
2016-10-13,16.37000,16.57000,16.08000,16.50000,130800
2016-10-14,16.50000,16.64000,16.30000,16.59000,191800
2016-10-17,16.60000,16.86000,16.43000,16.83000,267100
2016-10-18,17.00000,17.36000,16.81000,16.99000,243900
2016-10-19,16.98000,17.10000,16.70000,17.00000,290400
2016-10-20,16.99000,17.71000,16.98000,17.57000,162400
2016-10-21,17.38000,17.52000,17.15000,17.48000,211600
2016-10-24,17.67000,18.07000,17.35000,17.75000,507400
2016-10-25,17.80000,17.90000,17.21000,17.54000,207100
2016-10-26,17.56000,17.56000,16.27000,16.47000,727700
2016-10-27,16.45000,16.69000,15.15000,15.20000,482300
2016-10-28,18.75000,18.85000,17.29000,17.68000,1189100
2016-10-31,17.60000,18.33000,17.43000,18.24000,342400
2016-11-01,18.24000,18.33000,17.74000,17.95000,268900
2016-11-02,17.81000,18.39000,17.53000,17.64000,314800
2016-11-03,17.73000,17.89000,16.71000,16.75000,252300
2016-11-04,16.82000,17.29000,16.74000,17.25000,218900
2016-11-07,17.65000,17.91000,17.45000,17.50000,279200
2016-11-08,17.40000,17.62000,17.18000,17.52000,209900
2016-11-09,17.25000,18.20000,17.10000,18.17000,233000
2016-11-10,18.39000,19.44000,18.18000,19.40000,334600
2016-11-11,19.50000,20.25000,19.27000,19.95000,507000
2016-11-14,20.23000,20.35000,19.44000,19.65000,471300
2016-11-15,19.67000,20.40000,19.58000,20.06000,317900
2016-11-16,20.01000,20.22000,19.64000,19.65000,227300
2016-11-17,19.74000,19.85000,18.54000,19.31000,229700
2016-11-18,19.40000,20.10000,19.40000,19.99000,170300
2016-11-21,20.00000,20.12000,19.50000,19.58000,86300
2016-11-22,19.61000,19.71000,19.19000,19.38000,192600
2016-11-23,19.43000,19.46000,18.96000,19.42000,205500
2016-11-25,19.36000,19.47000,19.07000,19.36000,58000
2016-11-28,19.22000,19.26000,18.82000,18.85000,178200
2016-11-29,18.92000,18.96000,18.26000,18.29000,143400
2016-11-30,18.25000,18.43000,17.98000,17.99000,174300
2016-12-01,17.95000,18.35000,17.76000,18.32000,286900
2016-12-02,18.32000,18.96000,18.32000,18.81000,194600
2016-12-05,18.97000,19.25000,18.72000,18.98000,186200
2016-12-06,19.01000,19.20000,18.45000,18.56000,205000
2016-12-07,18.46000,18.94000,18.27000,18.44000,195300
2016-12-08,18.43000,18.81000,18.09000,18.27000,301500
2016-12-09,18.34000,18.99000,17.97000,18.55000,269000
2016-12-12,18.50000,18.87000,18.39000,18.81000,122600
2016-12-13,18.86000,19.22000,18.48000,18.50000,317500
2016-12-14,18.50000,18.86000,18.22000,18.32000,108100
2016-12-15,18.42000,18.85000,18.32000,18.49000,161200
2016-12-16,18.56000,18.94000,18.49000,18.54000,465500
2016-12-19,18.52000,19.00000,18.28000,18.55000,108500
2016-12-20,18.66000,18.91000,18.37000,18.68000,212100
2016-12-21,18.60000,18.85000,18.03000,18.80000,168000
2016-12-22,18.76000,18.95000,18.43000,18.83000,113000
2016-12-23,18.65000,19.25000,18.65000,19.23000,91800
2016-12-27,19.21000,19.61000,19.21000,19.41000,141300
2016-12-28,19.58000,19.58000,19.32000,19.47000,246400
2016-12-29,19.55000,19.81000,19.50000,19.70000,371100
2016-12-30,19.68000,19.73000,19.41000,19.57000,169200
2017-01-03,19.79000,19.79000,18.94000,19.20000,209700
2017-01-04,19.30000,19.47000,19.02000,19.19000,170200
2017-01-05,19.22000,19.42000,18.90000,18.92000,132000
2017-01-06,18.99000,19.09000,18.74000,18.93000,205400
2017-01-09,18.83000,18.83000,16.15000,16.59000,1340400
2017-01-10,16.72000,16.87000,16.37000,16.64000,469800
2017-01-11,16.64000,16.84000,16.39000,16.80000,333200
2017-01-12,16.80000,16.80000,16.19000,16.40000,358500
2017-01-13,16.50000,16.59000,15.96000,16.14000,338400
2017-01-17,15.97000,16.23000,15.41000,15.54000,354500
2017-01-18,15.64000,15.70000,15.16000,15.30000,263100
2017-01-19,15.21000,15.40000,15.01000,15.24000,277100
2017-01-20,15.31000,15.31000,15.08000,15.10000,385000
2017-01-23,15.05000,15.20000,14.78000,14.94000,241900
2017-01-24,15.08000,15.72000,15.08000,15.70000,415700
2017-01-25,15.75000,16.56000,15.75000,16.19000,394200
2017-01-26,16.14000,16.27000,15.81000,16.18000,289000
2017-01-27,16.20000,16.21000,15.77000,16.01000,175200
2017-01-30,15.93000,16.10000,15.90000,16.01000,176500
2017-01-31,15.94000,16.34000,15.83000,16.27000,311200
2017-02-01,16.36000,16.54000,16.06000,16.13000,183200
2017-02-02,16.08000,16.37000,15.98000,16.36000,228500
2017-02-03,16.46000,16.57000,16.26000,16.47000,178900
2017-02-06,16.47000,16.81000,16.34000,16.78000,369300
2017-02-07,16.80000,17.09000,16.76000,17.03000,198200
2017-02-08,16.99000,17.17000,16.84000,17.08000,181500
2017-02-09,17.09000,17.20000,16.89000,17.07000,142100
2017-02-10,17.18000,17.18000,16.96000,17.15000,155300
2017-02-13,17.28000,17.30000,16.73000,16.76000,216300
2017-02-14,16.78000,17.18000,16.78000,17.10000,123300
2017-02-15,16.99000,17.55000,16.86000,17.51000,135100
2017-02-16,17.49000,17.52000,17.16000,17.49000,282600
2017-02-17,17.50000,17.74000,17.15000,17.39000,201800
2017-02-21,17.43000,17.85000,17.43000,17.57000,172200
2017-02-22,17.55000,17.58000,17.09000,17.22000,124900
2017-02-23,17.20000,17.45000,17.10000,17.35000,151000
2017-02-24,17.22000,17.67000,17.08000,17.65000,139400
2017-02-27,17.60000,18.27000,17.57000,18.06000,345600
2017-02-28,17.97000,18.44000,17.89000,18.25000,350100
2017-03-01,18.03000,19.07000,17.62000,18.95000,456100
2017-03-02,18.88000,19.59000,18.52000,19.18000,692100
2017-03-03,19.00000,19.20000,18.70000,18.96000,297300
2017-03-06,18.30000,18.62000,16.92000,17.82000,377700
2017-03-07,17.71000,17.96000,17.49000,17.91000,207500
2017-03-08,17.84000,18.02000,17.72000,17.77000,209800
2017-03-09,17.75000,18.34000,17.75000,18.27000,209900
2017-03-10,18.47000,18.47000,18.11000,18.32000,107200
2017-03-13,18.28000,18.44000,18.07000,18.17000,89500
2017-03-14,17.96000,18.28000,17.79000,18.24000,121100
2017-03-15,18.35000,19.00000,18.35000,18.91000,138000
2017-03-16,18.96000,19.02000,18.68000,18.87000,132100
2017-03-17,18.71000,19.00000,18.64000,18.96000,292500
2017-03-20,19.07000,19.27000,18.87000,18.97000,184400
2017-03-21,19.12000,19.50000,18.48000,18.48000,127600
2017-03-22,18.45000,18.45000,18.12000,18.38000,92400
2017-03-23,18.32000,19.04000,18.02000,18.57000,148900
2017-03-24,18.59000,19.04000,18.59000,18.93000,182700
2017-03-27,18.68000,19.15000,18.62000,19.07000,198500
2017-03-28,18.90000,19.03000,18.70000,18.82000,113200
2017-03-29,18.73000,19.14000,18.73000,18.91000,115400
2017-03-30,18.98000,18.98000,18.75000,18.86000,77000
2017-03-31,18.87000,19.38000,18.86000,19.15000,204500
2017-04-03,19.15000,19.36000,18.82000,19.27000,175600
2017-04-04,19.27000,19.45000,18.76000,18.82000,113300
2017-04-05,18.90000,19.27000,18.50000,18.54000,134100
2017-04-06,18.53000,18.76000,18.33000,18.76000,78100
2017-04-07,18.69000,19.36000,18.68000,19.19000,122300
2017-04-10,19.23000,19.59000,18.76000,19.17000,372400
2017-04-11,19.17000,19.28000,19.02000,19.24000,61300
2017-04-12,19.26000,19.40000,19.07000,19.31000,81300
2017-04-13,19.27000,19.35000,18.98000,19.20000,79900
2017-04-17,19.27000,19.64000,19.22000,19.41000,110000
2017-04-18,19.31000,19.54000,19.19000,19.48000,127600
2017-04-19,19.58000,19.82000,19.48000,19.53000,86600
2017-04-20,19.60000,19.76000,19.48000,19.69000,93000
2017-04-21,19.69000,19.75000,19.47000,19.55000,59800
2017-04-24,19.85000,20.34000,19.77000,20.18000,123100
2017-04-25,20.32000,20.72000,20.03000,20.50000,121600
2017-04-26,20.47000,21.26000,20.47000,20.89000,201500
2017-04-27,20.95000,21.13000,20.88000,20.90000,82000
2017-04-28,20.96000,20.98000,20.48000,20.50000,112600
2017-05-01,20.62000,21.24000,20.53000,21.11000,124600
2017-05-02,21.18000,21.50000,21.03000,21.20000,126700
2017-05-03,21.10000,21.19000,20.77000,21.02000,123100
2017-05-04,21.03000,21.10000,20.64000,20.69000,183300
2017-05-05,22.00000,23.31000,21.23000,23.00000,699500
2017-05-08,22.95000,23.95000,21.92000,22.79000,254800
2017-05-09,22.75000,22.77000,22.16000,22.18000,234000
2017-05-10,22.15000,22.27000,21.68000,22.03000,395000
2017-05-11,22.03000,22.39000,21.45000,21.57000,133200
2017-05-12,21.56000,22.00000,21.32000,21.79000,178300
2017-05-15,21.78000,22.01000,21.71000,21.97000,202800
2017-05-16,22.00000,22.00000,21.40000,21.86000,112600
2017-05-17,21.57000,21.83000,21.21000,21.30000,139100
2017-05-18,21.33000,21.43000,21.04000,21.18000,226800
2017-05-19,21.20000,21.83000,21.16000,21.50000,224800
2017-05-22,21.48000,21.84000,21.47000,21.65000,140000
2017-05-23,21.66000,21.66000,21.28000,21.54000,225200
2017-05-24,21.55000,21.67000,21.14000,21.53000,244900
2017-05-25,21.56000,21.86000,21.05000,21.07000,177300
2017-05-26,21.10000,21.30000,20.70000,20.71000,116600
2017-05-30,20.93000,21.90000,20.61000,20.96000,173800
2017-05-31,21.02000,21.25000,20.53000,20.89000,169100
2017-06-01,20.93000,21.20000,20.26000,21.19000,198500
2017-06-02,21.17000,21.83000,21.17000,21.43000,216700
2017-06-05,21.36000,21.58000,20.77000,21.08000,181500
2017-06-06,20.91000,21.30000,20.65000,21.07000,218900
2017-06-07,21.08000,21.32000,20.89000,21.32000,104400
2017-06-08,21.28000,21.56000,21.09000,21.49000,130800
2017-06-09,21.46000,21.77000,21.17000,21.37000,149400
2017-06-12,21.30000,21.30000,20.85000,21.23000,133600
2017-06-13,21.43000,21.65000,21.08000,21.39000,182200
2017-06-14,21.37000,22.01000,21.37000,22.00000,214100
2017-06-15,21.74000,21.93000,21.60000,21.92000,133000
2017-06-16,21.73000,21.93000,21.59000,21.84000,283000
2017-06-19,21.99000,22.83000,21.89000,22.69000,149800
2017-06-20,22.61000,22.96000,22.38000,22.73000,137300
2017-06-21,22.86000,23.04000,22.63000,22.78000,78800
2017-06-22,22.68000,23.35000,22.68000,23.33000,123900
2017-06-23,23.33000,23.94000,23.11000,23.91000,424300
2017-06-26,23.94000,24.12000,23.78000,23.90000,152400
2017-06-27,23.94000,23.94000,23.27000,23.57000,102700
2017-06-28,23.76000,24.49000,23.65000,24.40000,122600
2017-06-29,24.46000,24.68000,24.08000,24.65000,144800
2017-06-30,24.85000,24.85000,24.08000,24.25000,136500
2017-07-03,24.47000,24.75000,24.03000,24.18000,49200
2017-07-05,24.21000,24.35000,23.98000,24.07000,124200
2017-07-06,23.86000,24.20000,23.42000,23.75000,160000
2017-07-07,23.76000,24.48000,23.76000,24.36000,70100
2017-07-10,24.40000,24.50000,24.03000,24.40000,137400
2017-07-11,24.39000,24.87000,24.31000,24.64000,96100
2017-07-12,24.75000,25.11000,24.68000,24.88000,129900
2017-07-13,24.68000,24.69000,24.09000,24.43000,199200
2017-07-14,24.36000,24.98000,24.35000,24.73000,121700
2017-07-17,24.80000,25.05000,24.62000,24.80000,147100
2017-07-18,24.80000,24.84000,24.34000,24.36000,112000
2017-07-19,24.38000,24.47000,23.87000,23.91000,127500
2017-07-20,23.98000,23.99000,23.56000,23.87000,128100
2017-07-21,23.97000,23.97000,23.49000,23.74000,230700
2017-07-24,23.69000,23.86000,23.32000,23.58000,143600
2017-07-25,23.59000,23.78000,23.43000,23.47000,155600
2017-07-26,23.49000,23.52000,23.05000,23.14000,168900
2017-07-27,23.07000,23.34000,22.52000,22.69000,281300
2017-07-28,22.73000,24.39000,21.95000,23.84000,523400
2017-07-31,23.83000,25.18000,23.80000,24.23000,421100
2017-08-01,24.25000,24.46000,22.95000,23.04000,183100
2017-08-02,22.96000,23.09000,22.33000,22.78000,281200
2017-08-03,22.82000,22.92000,22.40000,22.47000,93200
2017-08-04,22.53000,22.98000,22.39000,22.49000,161400
2017-08-07,22.51000,22.95000,22.29000,22.89000,191300
2017-08-08,22.75000,23.05000,22.55000,22.78000,140500
2017-08-09,22.64000,22.86000,22.52000,22.61000,156000
2017-08-10,22.51000,23.50000,22.51000,22.63000,243100
2017-08-11,22.66000,23.20000,22.55000,22.80000,207100
2017-08-14,22.92000,23.51000,22.92000,23.34000,299300
2017-08-15,23.39000,23.57000,23.30000,23.40000,237500
2017-08-16,23.39000,23.49000,22.66000,22.68000,220000
2017-08-17,22.60000,22.68000,22.16000,22.18000,179200
2017-08-18,21.99000,22.48000,21.99000,22.37000,182800
2017-08-21,22.40000,22.72000,22.04000,22.14000,130400
2017-08-22,22.15000,22.70000,22.15000,22.65000,316600
2017-08-23,22.44000,22.61000,21.82000,21.83000,127600
2017-08-24,21.92000,21.99000,21.42000,21.63000,170800
2017-08-25,21.70000,21.81000,21.32000,21.34000,121900
2017-08-28,21.50000,21.71000,21.44000,21.62000,63100
2017-08-29,21.51000,21.92000,21.42000,21.88000,143100
2017-08-30,21.77000,22.03000,21.77000,22.00000,106900
2017-08-31,22.03000,22.58000,22.03000,22.43000,142400
2017-09-01,22.56000,22.69000,22.25000,22.35000,94200
2017-09-05,22.36000,22.49000,21.58000,21.67000,171200
2017-09-06,21.69000,21.69000,20.58000,20.63000,199900
2017-09-07,20.65000,20.68000,20.11000,20.54000,359700
2017-09-08,20.54000,20.60000,20.25000,20.26000,144700
2017-09-11,20.22000,20.30000,19.88000,20.00000,235100
2017-09-12,19.96000,20.30000,19.90000,20.13000,311900
2017-09-13,20.00000,20.29000,19.86000,20.03000,293800
2017-09-14,20.00000,20.92000,19.85000,20.78000,319600
2017-09-15,20.85000,21.44000,20.58000,21.04000,342900
2017-09-18,21.13000,21.79000,21.04000,21.61000,158200
2017-09-19,21.55000,21.69000,21.26000,21.51000,151500
2017-09-20,21.57000,21.78000,21.41000,21.64000,128600
2017-09-21,21.64000,21.80000,21.44000,21.79000,136200
2017-09-22,21.87000,22.06000,21.79000,21.99000,113100
2017-09-25,22.00000,22.01000,21.70000,21.97000,81800
2017-09-26,22.00000,22.09000,21.86000,21.94000,85300
2017-09-27,22.10000,22.85000,21.97000,22.66000,385600
2017-09-28,22.66000,22.84000,22.36000,22.38000,655200
2017-09-29,22.37000,22.59000,22.27000,22.37000,111400
2017-10-02,22.53000,23.24000,22.43000,23.21000,104400
2017-10-03,23.35000,23.35000,22.61000,22.99000,331100
2017-10-04,23.07000,23.31000,22.89000,23.00000,134900
2017-10-05,23.01000,23.13000,22.90000,22.99000,124900
2017-10-06,23.04000,23.64000,22.91000,23.44000,227300
2017-10-09,23.44000,23.73000,22.45000,22.50000,215100
2017-10-10,22.50000,22.82000,22.38000,22.51000,91400
2017-10-11,22.70000,22.70000,22.22000,22.44000,117200
2017-10-12,22.45000,22.52000,22.23000,22.40000,75900
2017-10-13,22.34000,22.65000,22.23000,22.28000,205500
2017-10-16,22.26000,22.62000,22.24000,22.61000,201200
2017-10-17,22.48000,22.90000,22.36000,22.46000,130400
2017-10-18,22.59000,23.22000,22.45000,23.07000,231800
2017-10-19,23.07000,23.08000,22.77000,22.90000,110800
2017-10-20,23.12000,23.34000,22.69000,22.83000,70700
2017-10-23,22.81000,22.81000,22.24000,22.26000,85100
2017-10-24,22.28000,22.31000,21.74000,21.77000,90900
2017-10-25,21.68000,21.75000,21.21000,21.67000,119200
2017-10-26,21.66000,21.84000,21.28000,21.49000,135000
2017-10-27,21.50000,21.90000,21.28000,21.81000,99600
2017-10-30,21.63000,21.69000,20.84000,21.05000,111100
2017-10-31,21.17000,21.54000,20.86000,21.44000,246000
2017-11-01,21.43000,21.43000,20.61000,21.23000,174600
2017-11-02,17.58000,20.43000,16.88000,19.58000,609100
2017-11-03,19.50000,20.42000,19.50000,20.19000,215200
2017-11-06,20.09000,20.29000,18.79000,18.81000,260200
2017-11-07,18.90000,19.05000,17.92000,18.57000,624000
2017-11-08,18.63000,18.85000,18.10000,18.39000,154800
2017-11-09,18.30000,18.68000,18.14000,18.65000,131000
2017-11-10,18.66000,18.99000,18.49000,18.60000,214800
2017-11-13,18.45000,18.54000,18.23000,18.23000,86100
2017-11-14,18.15000,18.35000,17.65000,17.94000,153100
2017-11-15,17.86000,18.34000,16.41000,17.69000,144900
2017-11-16,17.71000,18.37000,17.62000,18.17000,321900
2017-11-17,18.04000,18.35000,18.02000,18.06000,105400
2017-11-20,18.12000,18.39000,18.01000,18.20000,64900
2017-11-21,18.37000,18.39000,18.06000,18.18000,144700
2017-11-22,18.21000,18.77000,18.00000,18.07000,204800
2017-11-24,18.14000,18.52000,18.07000,18.28000,54700
2017-11-27,18.29000,18.29000,17.91000,18.16000,234600
2017-11-28,18.21000,18.23000,17.84000,17.99000,164300
2017-11-29,18.02000,18.67000,18.02000,18.38000,121000
2017-11-30,18.44000,18.70000,18.31000,18.50000,156600
2017-12-01,18.49000,18.68000,18.12000,18.52000,165400
2017-12-04,18.71000,18.71000,18.09000,18.14000,108900
2017-12-05,18.15000,18.28000,17.90000,17.90000,74000
2017-12-06,17.94000,18.06000,17.74000,17.81000,88700
2017-12-07,17.24000,18.15000,17.24000,17.95000,123700
2017-12-08,17.95000,18.06000,17.59000,17.96000,230700
2017-12-11,18.01000,18.33000,17.46000,18.25000,180600
2017-12-12,18.27000,18.56000,16.18000,18.44000,239200
2017-12-13,18.45000,18.86000,18.23000,18.46000,161200
2017-12-14,18.46000,18.56000,18.00000,18.03000,188600
2017-12-15,18.03000,18.47000,17.80000,18.32000,231600
2017-12-18,18.40000,18.48000,18.15000,18.40000,114000
2017-12-19,18.40000,18.60000,17.74000,18.34000,175300
2017-12-20,18.39000,18.50000,18.07000,18.26000,201300
2017-12-21,18.23000,18.46000,18.19000,18.31000,148000
2017-12-22,18.32000,18.35000,17.90000,18.27000,206100
2017-12-26,18.22000,18.32000,18.00000,18.17000,152400
2017-12-27,18.21000,18.56000,18.07000,18.31000,131300
2017-12-28,18.36000,18.53000,18.24000,18.45000,123800
2017-12-29,18.52000,18.52000,18.16000,18.24000,158500
2018-01-02,18.25000,18.48000,18.08000,18.47000,211600
2018-01-03,18.48000,18.95000,18.33000,18.37000,318100
2018-01-04,18.49000,18.50000,18.18000,18.39000,146700
2018-01-05,18.43000,18.66000,17.83000,17.99000,314700
2018-01-08,17.99000,18.09000,17.71000,17.96000,361500
2018-01-09,17.99000,18.09000,17.86000,17.94000,229000
2018-01-10,17.87000,17.87000,17.61000,17.69000,100700
2018-01-11,17.75000,17.98000,17.59000,17.69000,116700
2018-01-12,17.68000,17.88000,17.53000,17.73000,152200
2018-01-16,17.93000,18.16000,17.68000,17.71000,129100
2018-01-17,17.76000,17.95000,17.55000,17.71000,179800
2018-01-18,17.68000,17.87000,17.43000,17.59000,110900
2018-01-19,17.58000,17.83000,17.44000,17.60000,142200
2018-01-22,17.64000,18.19000,17.54000,17.94000,213400
2018-01-23,17.93000,18.00000,17.69000,17.91000,103200
2018-01-24,17.93000,18.04000,17.55000,17.55000,131000
2018-01-25,17.65000,17.78000,17.01000,17.13000,146700
2018-01-26,17.13000,17.31000,16.61000,17.11000,325100
2018-01-29,17.08000,17.14000,16.50000,16.63000,136700
2018-01-30,16.45000,17.02000,16.09000,16.89000,93400
2018-01-31,16.97000,16.97000,16.29000,16.31000,117800
2018-02-01,16.21000,16.61000,16.04000,16.50000,146300
2018-02-02,16.40000,16.46000,16.19000,16.25000,159300
2018-02-05,16.17000,16.33000,15.25000,15.59000,168200
2018-02-06,15.38000,16.21000,15.06000,15.87000,262500
2018-02-07,15.81000,16.04000,15.68000,15.81000,168600
2018-02-08,15.86000,16.13000,15.04000,15.05000,188900
2018-02-09,15.19000,15.48000,14.88000,15.31000,249100
2018-02-12,15.37000,15.91000,15.14000,15.52000,479300
2018-02-13,15.41000,15.82000,15.40000,15.76000,210600
2018-02-14,15.58000,16.86000,15.58000,16.72000,329700
2018-02-15,16.88000,17.62000,16.54000,17.22000,258900
2018-02-16,17.39000,17.53000,16.83000,16.96000,165300
2018-02-20,16.90000,17.05000,16.81000,16.91000,134600
2018-02-21,16.96000,17.55000,16.96000,17.22000,204000
2018-02-22,17.29000,18.27000,17.26000,18.18000,267900
2018-02-23,18.33000,18.43000,17.59000,18.00000,142200
2018-02-26,18.12000,18.45000,17.83000,18.32000,162300
2018-02-27,18.32000,19.79000,18.13000,18.99000,295500
2018-02-28,18.99000,19.60000,17.55000,17.67000,1006800
2018-03-01,17.67000,17.92000,17.36000,17.71000,411200
2018-03-02,17.71000,18.64000,17.61000,18.34000,399200
2018-03-05,18.53000,18.86000,17.84000,18.26000,312800
2018-03-06,18.23000,18.98000,18.23000,18.85000,197700
2018-03-07,18.70000,19.50000,18.70000,19.45000,259200
2018-03-08,19.48000,19.69000,19.12000,19.40000,127200
2018-03-09,19.50000,20.08000,19.31000,19.65000,235400
2018-03-12,19.65000,20.20000,19.36000,20.12000,196500
2018-03-13,20.15000,20.25000,19.86000,19.99000,151000
2018-03-14,20.21000,20.24000,19.77000,20.19000,110500
2018-03-15,20.25000,20.34000,19.96000,20.31000,219600
2018-03-16,20.40000,21.21000,20.18000,21.03000,383900
2018-03-19,20.92000,20.92000,19.61000,19.83000,155700
2018-03-20,19.93000,19.98000,19.59000,19.81000,108500
2018-03-21,19.80000,20.16000,19.72000,20.07000,107000
2018-03-22,19.96000,20.22000,19.57000,19.77000,123900
2018-03-23,19.75000,20.11000,19.73000,20.04000,175300
2018-03-26,20.32000,20.36000,19.88000,20.00000,237000
2018-03-27,20.01000,20.43000,19.56000,20.09000,184700
2018-03-28,20.13000,20.21000,19.78000,20.02000,210000
2018-03-29,20.15000,20.80000,19.88000,20.52000,109300
2018-04-02,20.54000,20.64000,19.55000,20.10000,792000
2018-04-03,20.14000,20.45000,19.39000,20.10000,242100
2018-04-04,19.91000,20.42000,19.62000,20.30000,121800
2018-04-05,20.46000,20.46000,19.93000,20.06000,315400
2018-04-06,20.01000,20.38000,19.79000,19.93000,193900
2018-04-09,20.04000,20.04000,19.58000,19.65000,144500
2018-04-10,19.82000,19.96000,19.58000,19.65000,529500
2018-04-11,19.58000,20.27000,19.22000,20.19000,198100
2018-04-12,20.34000,20.97000,20.21000,20.87000,122700
2018-04-13,20.98000,21.02000,20.49000,21.01000,124200
2018-04-16,21.14000,21.25000,20.64000,21.09000,184500
2018-04-17,21.21000,21.57000,21.09000,21.53000,94300
2018-04-18,21.58000,21.75000,21.35000,21.53000,108400
2018-04-19,21.57000,21.57000,21.22000,21.33000,110600
2018-04-20,21.33000,21.54000,21.13000,21.21000,93200
2018-04-23,21.28000,21.28000,20.43000,20.57000,79100
2018-04-24,20.64000,20.68000,20.17000,20.44000,57400
2018-04-25,20.45000,20.53000,19.98000,20.44000,147500
2018-04-26,20.53000,20.76000,19.76000,20.62000,145100
2018-04-27,21.00000,23.69000,20.75000,22.38000,506400
2018-04-30,22.36000,22.41000,21.65000,22.23000,245400
2018-05-01,21.98000,22.29000,21.79000,22.04000,168200
2018-05-02,22.04000,22.55000,22.04000,22.16000,140900
2018-05-03,22.10000,22.27000,20.63000,22.25000,88000
2018-05-04,22.16000,23.01000,21.92000,22.88000,249600
2018-05-07,22.88000,23.07000,22.50000,22.95000,162000
2018-05-08,22.94000,22.99000,22.58000,22.87000,98500
2018-05-09,22.88000,23.04000,22.45000,23.00000,82600
2018-05-10,23.04000,23.59000,23.04000,23.55000,99800
2018-05-11,23.54000,23.83000,23.17000,23.74000,110100
2018-05-14,23.75000,23.87000,23.29000,23.44000,186300
2018-05-15,23.34000,23.88000,22.92000,23.37000,176000
2018-05-16,23.39000,24.02000,23.06000,23.91000,262200
2018-05-17,23.90000,24.12000,23.66000,24.00000,145700
2018-05-18,24.00000,24.25000,23.78000,24.08000,165600
2018-05-21,24.15000,24.34000,23.61000,24.06000,118200
2018-05-22,24.07000,24.17000,23.81000,23.94000,87500
2018-05-23,23.89000,24.38000,23.56000,24.05000,81800
2018-05-24,24.03000,24.15000,23.72000,23.83000,85900
2018-05-25,23.84000,24.31000,23.61000,24.16000,63200
2018-05-29,23.91000,24.30000,23.80000,24.27000,108600
2018-05-30,24.36000,24.97000,24.13000,24.54000,96800
2018-05-31,24.62000,24.76000,23.65000,23.71000,141500
2018-06-01,23.84000,24.29000,23.63000,24.22000,118300
2018-06-04,24.29000,24.63000,23.91000,24.44000,156500
2018-06-05,24.33000,24.94000,24.13000,24.93000,99100
2018-06-06,24.97000,25.16000,24.57000,25.00000,164000
2018-06-07,25.00000,25.08000,24.17000,24.33000,88400
2018-06-08,24.34000,24.49000,24.16000,24.24000,60300
2018-06-11,24.22000,24.37000,24.13000,24.26000,83300
2018-06-12,24.26000,24.66000,24.05000,24.62000,81400
2018-06-13,24.63000,24.95000,23.93000,24.88000,103200
2018-06-14,24.92000,25.10000,23.91000,25.05000,103300
2018-06-15,25.42000,27.22000,25.36000,26.99000,915100
2018-06-18,27.42000,28.90000,26.91000,28.66000,479100
2018-06-19,28.65000,30.46000,28.51000,30.28000,357600
2018-06-20,30.35000,30.96000,27.78000,27.91000,474600
2018-06-21,27.93000,28.76000,27.51000,27.94000,233600
2018-06-22,27.94000,28.09000,27.24000,27.75000,526600
2018-06-25,27.66000,28.06000,26.63000,26.97000,212900
2018-06-26,27.10000,28.00000,27.10000,27.99000,288400
2018-06-27,28.24000,29.11000,27.47000,27.47000,232800
2018-06-28,27.58000,27.80000,27.00000,27.07000,123800
2018-06-29,27.01000,27.32000,26.81000,27.05000,129900
2018-07-02,26.90000,28.28000,26.90000,28.24000,132400
2018-07-03,28.21000,28.58000,27.89000,28.14000,89400
2018-07-05,28.37000,28.57000,28.07000,28.53000,154100
2018-07-06,28.47000,28.95000,27.91000,27.95000,128400
2018-07-09,28.00000,28.53000,27.88000,28.48000,186800
2018-07-10,28.49000,28.75000,28.20000,28.71000,134400
2018-07-11,28.48000,29.26000,28.31000,28.68000,119500
2018-07-12,28.92000,29.28000,28.62000,28.93000,62700
2018-07-13,28.97000,29.16000,28.71000,28.98000,103300
2018-07-16,28.99000,28.99000,28.19000,28.77000,120500
2018-07-17,28.67000,29.35000,28.67000,29.28000,66400
2018-07-18,29.29000,29.84000,28.85000,29.01000,87400
2018-07-19,29.01000,29.56000,28.97000,29.32000,122100
2018-07-20,29.91000,30.83000,29.62000,29.70000,276200
2018-07-23,29.76000,30.40000,29.16000,29.48000,93800
2018-07-24,29.47000,29.47000,28.35000,28.49000,169400
2018-07-25,28.47000,29.09000,28.33000,28.78000,128800
2018-07-26,28.73000,28.96000,28.31000,28.67000,137200
2018-07-27,28.80000,28.80000,27.52000,27.80000,158900
2018-07-30,27.81000,28.02000,27.34000,27.62000,146300
2018-07-31,27.61000,28.74000,27.31000,28.65000,124800
2018-08-01,28.76000,29.50000,28.57000,29.30000,183400
2018-08-02,30.80000,33.01000,30.20000,31.85000,497000
2018-08-03,32.27000,32.83000,31.29000,32.10000,270600
2018-08-06,31.76000,32.05000,30.45000,30.71000,150500
2018-08-07,30.72000,31.12000,30.25000,30.74000,136800
2018-08-08,30.88000,31.09000,30.21000,30.47000,161700
2018-08-09,30.55000,31.00000,30.41000,30.91000,175900
2018-08-10,30.70000,31.65000,30.41000,31.19000,91300
2018-08-13,31.12000,31.38000,30.50000,30.80000,101700
2018-08-14,30.89000,31.09000,30.31000,30.88000,178800
2018-08-15,30.84000,30.84000,30.04000,30.26000,94800
2018-08-16,30.32000,30.82000,30.05000,30.72000,113700
2018-08-17,30.64000,31.20000,30.44000,31.09000,81100
2018-08-20,31.24000,31.35000,30.89000,31.07000,120000
2018-08-21,31.10000,32.15000,31.10000,31.85000,217500
2018-08-22,31.95000,33.61000,31.29000,32.91000,155300
2018-08-23,32.96000,33.99000,32.50000,33.44000,123600
2018-08-24,33.35000,34.22000,33.34000,34.14000,153700
2018-08-27,34.10000,34.67000,33.80000,34.28000,275300
2018-08-28,34.42000,34.42000,33.56000,33.89000,99900
2018-08-29,33.99000,34.50000,33.88000,33.92000,167800
2018-08-30,33.89000,34.75000,33.69000,34.50000,209300
2018-08-31,34.51000,34.70000,34.16000,34.55000,114000
2018-09-04,34.51000,35.17000,34.15000,34.61000,137000
2018-09-05,34.65000,34.66000,33.50000,34.14000,123300
2018-09-06,34.15000,34.45000,33.92000,34.28000,127000
2018-09-07,34.28000,34.94000,34.06000,34.20000,112400
2018-09-10,34.26000,34.26000,33.60000,33.73000,74500
2018-09-11,33.68000,34.63000,33.37000,34.18000,150900
2018-09-12,34.09000,34.36000,33.52000,33.93000,80200
2018-09-13,34.05000,34.98000,33.74000,34.78000,130500
2018-09-14,34.68000,34.94000,33.90000,33.96000,124200
2018-09-17,33.85000,33.85000,32.52000,33.27000,264000
2018-09-18,33.37000,34.43000,33.07000,34.35000,338500
2018-09-19,34.33000,35.51000,33.30000,35.44000,436700
2018-09-20,35.25000,36.14000,34.64000,35.58000,337100
2018-09-21,35.55000,35.66000,34.68000,35.25000,483000
2018-09-24,35.11000,35.50000,34.47000,35.45000,177800
2018-09-25,35.46000,35.71000,35.04000,35.20000,136000
2018-09-26,34.97000,35.25000,34.73000,34.75000,98700
2018-09-27,34.77000,34.88000,34.34000,34.73000,85800
2018-09-28,34.71000,35.08000,34.53000,35.03000,108400
2018-10-01,36.49000,36.49000,34.60000,34.85000,126300
2018-10-02,34.79000,34.84000,33.55000,33.66000,99300
2018-10-03,33.80000,34.00000,33.14000,33.69000,186800
2018-10-04,33.41000,33.41000,30.91000,30.93000,729600
2018-10-05,31.55000,33.45000,31.46000,33.02000,2088200
2018-10-08,32.56000,32.93000,31.52000,32.51000,291700
2018-10-09,32.65000,33.63000,32.14000,32.50000,233500
2018-10-10,32.50000,32.95000,30.38000,30.50000,405300
2018-10-11,30.49000,31.23000,29.83000,30.01000,370300
2018-10-12,30.99000,33.99000,30.60000,31.11000,471700
2018-10-15,30.73000,31.15000,30.02000,30.85000,179400
2018-10-16,31.13000,32.08000,30.69000,31.57000,574600
2018-10-17,31.58000,33.03000,31.37000,32.90000,308300
2018-10-18,32.90000,33.04000,31.51000,32.54000,231900
2018-10-19,32.46000,32.59000,30.24000,30.29000,261300
2018-10-22,30.35000,30.57000,29.65000,29.95000,260100
2018-10-23,29.44000,30.34000,28.82000,29.90000,318500
2018-10-24,29.74000,30.63000,28.65000,28.67000,149200
2018-10-25,29.00000,30.22000,28.55000,29.71000,216600
2018-10-26,29.35000,30.15000,28.87000,29.53000,340400
2018-10-29,29.92000,30.58000,29.62000,30.12000,155700
2018-10-30,30.03000,31.48000,29.88000,31.00000,274000
2018-10-31,31.44000,32.04000,31.37000,31.81000,335700
2018-11-01,31.90000,32.57000,31.89000,32.54000,254200
2018-11-02,32.00000,33.71000,29.66000,31.35000,503100
2018-11-05,31.32000,32.26000,30.92000,31.93000,233500
2018-11-06,31.94000,32.75000,31.83000,32.04000,237000
2018-11-07,32.20000,33.14000,31.89000,32.65000,203100
2018-11-08,32.67000,33.95000,32.67000,33.65000,256600
2018-11-09,33.52000,33.75000,32.25000,32.76000,151500
2018-11-12,32.73000,32.73000,30.63000,30.94000,183800
2018-11-13,30.98000,31.79000,30.32000,30.48000,111800
2018-11-14,30.69000,30.94000,30.38000,30.86000,144800
2018-11-15,30.73000,32.05000,30.55000,31.90000,110500
2018-11-16,31.67000,32.56000,31.28000,32.22000,130300
2018-11-19,32.27000,32.52000,30.49000,30.69000,214800
2018-11-20,30.23000,31.66000,30.16000,31.35000,225400
2018-11-21,31.52000,32.62000,31.31000,32.09000,189200
2018-11-23,31.78000,32.42000,31.68000,32.16000,43300
2018-11-26,32.51000,32.74000,31.89000,32.31000,277400
2018-11-27,31.95000,32.29000,31.73000,32.11000,164700
2018-11-28,32.32000,33.87000,32.15000,33.51000,390100
2018-11-29,33.55000,33.77000,33.06000,33.20000,232400
2018-11-30,33.20000,33.69000,32.94000,33.49000,207400
2018-12-03,33.79000,34.39000,32.82000,33.02000,242800
2018-12-04,32.97000,33.89000,31.83000,32.29000,190000
2018-12-06,31.91000,32.98000,31.58000,32.18000,179100
2018-12-07,32.14000,32.64000,31.05000,31.26000,161100
2018-12-10,31.62000,31.96000,30.56000,31.27000,131600
2018-12-11,31.82000,31.82000,30.51000,30.68000,166600
2018-12-12,31.09000,31.77000,30.78000,30.83000,129600
2018-12-13,30.95000,31.77000,29.93000,30.36000,174800
2018-12-14,30.15000,30.63000,29.26000,29.47000,109800
2018-12-17,29.40000,29.81000,28.69000,29.34000,226100
2018-12-18,29.67000,29.85000,28.88000,28.90000,259200
2018-12-19,29.05000,29.37000,28.07000,28.36000,204900
2018-12-20,28.10000,28.30000,26.70000,27.38000,232800
2018-12-21,27.53000,28.05000,26.41000,26.75000,730800
2018-12-24,26.64000,27.10000,26.64000,26.66000,119700
2018-12-26,26.82000,28.55000,26.82000,28.49000,224100
2018-12-27,28.06000,29.06000,27.09000,29.04000,237700
2018-12-28,29.12000,30.11000,28.78000,29.83000,216300
2018-12-31,30.13000,30.63000,29.87000,30.60000,279100
2019-01-02,30.09000,30.76000,29.73000,30.25000,293200
2019-01-03,30.03000,30.19000,29.09000,29.20000,262500
2019-01-04,29.60000,31.79000,29.58000,31.23000,559200
2019-01-07,31.22000,32.00000,29.75000,30.81000,349300
2019-01-08,31.30000,31.73000,30.31000,30.34000,296400
2019-01-09,30.57000,31.73000,30.11000,30.15000,127500
2019-01-10,30.00000,30.36000,29.58000,30.21000,241200
2019-01-11,30.01000,30.13000,29.65000,29.84000,117500
2019-01-14,29.83000,29.83000,28.92000,29.62000,180600
2019-01-15,29.66000,30.31000,29.60000,30.16000,150100
2019-01-16,30.01000,31.29000,30.01000,30.81000,294200
2019-01-17,30.79000,31.65000,30.30000,31.22000,232500
2019-01-18,31.30000,31.97000,31.30000,31.73000,173400
2019-01-22,31.58000,31.89000,30.90000,31.23000,98600
2019-01-23,31.50000,32.85000,30.72000,31.04000,136700
2019-01-24,31.01000,31.40000,30.89000,31.24000,115000
2019-01-25,31.34000,31.81000,31.05000,31.07000,147400
2019-01-28,31.10000,31.10000,29.67000,29.72000,155400
2019-01-29,29.90000,30.00000,29.37000,29.57000,258100
2019-01-30,29.58000,29.90000,29.40000,29.59000,305000
2019-01-31,29.69000,31.44000,29.69000,30.95000,183300
2019-02-01,30.82000,31.31000,30.06000,30.75000,218000
2019-02-04,30.62000,31.18000,30.55000,30.99000,141300
2019-02-05,31.03000,31.72000,30.21000,31.30000,111100
2019-02-06,31.26000,31.49000,30.70000,31.36000,67900
2019-02-07,31.09000,31.64000,30.85000,30.97000,74700
2019-02-08,30.81000,31.37000,30.65000,31.31000,131900
2019-02-11,31.46000,31.66000,31.18000,31.32000,73400
2019-02-12,31.68000,32.03000,31.04000,32.02000,130000
2019-02-13,32.08000,33.36000,31.83000,33.34000,215600
2019-02-14,33.35000,33.39000,32.77000,32.94000,124500
2019-02-15,33.14000,33.64000,32.74000,33.19000,153600
2019-02-19,33.14000,33.36000,32.44000,32.88000,166500
2019-02-20,32.74000,33.20000,31.91000,33.08000,209200
2019-02-21,33.07000,33.18000,32.56000,32.78000,96900
2019-02-22,32.96000,33.61000,32.64000,33.20000,208200
2019-02-25,33.22000,33.41000,32.74000,32.91000,172100
2019-02-26,32.85000,32.85000,32.25000,32.79000,153200
2019-02-27,32.68000,33.92000,32.52000,32.61000,108500
2019-02-28,32.62000,32.62000,31.86000,31.94000,195500
2019-03-01,30.94000,32.38000,30.55000,30.77000,336300
2019-03-04,30.66000,30.88000,28.50000,29.27000,609500
2019-03-05,29.27000,30.39000,28.95000,29.87000,425500
2019-03-06,29.94000,30.02000,29.12000,29.25000,269600
2019-03-07,29.20000,29.91000,28.63000,29.25000,185600
2019-03-08,29.13000,29.51000,28.60000,29.00000,122400
2019-03-11,29.09000,29.36000,28.58000,29.36000,126100
2019-03-12,29.36000,29.56000,29.06000,29.35000,192300
2019-03-13,29.51000,29.65000,29.21000,29.41000,133900
2019-03-14,29.37000,29.54000,28.72000,28.74000,107400
2019-03-15,28.78000,29.41000,28.55000,29.04000,814500
2019-03-18,29.04000,29.17000,27.86000,28.33000,200600
2019-03-19,28.35000,28.83000,27.67000,28.69000,164800
2019-03-20,28.68000,28.75000,28.00000,28.20000,152200
2019-03-21,28.05000,28.63000,27.97000,28.60000,200800
2019-03-22,28.50000,28.50000,27.52000,28.00000,296100
2019-03-25,28.01000,28.45000,27.67000,28.37000,220100
2019-03-26,28.56000,28.78000,26.88000,27.06000,402300
2019-03-27,26.90000,27.58000,26.40000,27.39000,356000
2019-03-28,27.46000,27.71000,26.11000,26.38000,249500
2019-03-29,26.45000,26.96000,26.42000,26.79000,358400
2019-04-01,27.09000,27.39000,26.89000,27.37000,291000
2019-04-02,28.46000,28.66000,27.30000,28.21000,313000
2019-04-03,28.30000,28.69000,28.02000,28.23000,245500
2019-04-04,28.24000,28.49000,28.04000,28.43000,128100
2019-04-05,28.43000,28.63000,28.05000,28.26000,280400
2019-04-08,28.20000,28.21000,27.72000,27.90000,229900
2019-04-09,27.66000,27.93000,26.84000,26.85000,359200
2019-04-10,26.86000,27.89000,26.86000,27.39000,394100
2019-04-11,27.65000,27.96000,27.16000,27.65000,314000
2019-04-12,28.08000,28.77000,27.61000,27.98000,561900
2019-04-15,27.97000,28.04000,27.33000,27.43000,463300
2019-04-16,27.57000,28.49000,27.25000,28.38000,410000
2019-04-17,28.39000,28.70000,26.85000,27.23000,369900
2019-04-18,27.06000,27.35000,26.43000,27.14000,251900
2019-04-22,27.02000,27.74000,27.02000,27.30000,331300
2019-04-23,27.31000,27.90000,26.97000,27.83000,539400
2019-04-24,27.77000,28.73000,27.77000,27.96000,195600
2019-04-25,27.95000,28.41000,27.60000,28.17000,189900
2019-04-26,29.96000,29.96000,28.50000,29.30000,483800
2019-04-29,29.10000,29.98000,28.94000,29.96000,324000
2019-04-30,30.00000,30.21000,29.61000,30.02000,452300
2019-05-01,30.01000,30.14000,29.50000,29.59000,269300
2019-05-02,29.63000,30.12000,29.63000,30.08000,232900
2019-05-03,30.21000,30.54000,29.88000,30.10000,250500
2019-05-06,30.02000,30.85000,29.89000,30.74000,272700
2019-05-07,30.49000,30.82000,30.15000,30.40000,237300
2019-05-08,30.32000,30.39000,29.67000,29.71000,136400
2019-05-09,29.49000,29.76000,28.99000,29.73000,133700
2019-05-10,29.56000,30.33000,28.80000,29.61000,127500
2019-05-13,29.08000,29.25000,28.80000,29.07000,167000
2019-05-14,29.14000,29.27000,29.00000,29.13000,105700
2019-05-15,28.91000,29.58000,28.87000,29.41000,89500
2019-05-16,29.39000,29.99000,29.37000,29.71000,81800
2019-05-17,29.53000,29.88000,29.25000,29.42000,149300
2019-05-20,29.19000,29.61000,28.94000,29.41000,114400
2019-05-21,29.58000,30.05000,29.57000,29.84000,207500
2019-05-22,29.75000,29.94000,29.55000,29.70000,158300
2019-05-23,29.45000,29.67000,28.99000,29.31000,114700
2019-05-24,29.37000,29.85000,29.28000,29.51000,51400
2019-05-28,29.59000,30.10000,29.59000,29.84000,162300
2019-05-29,29.54000,29.86000,29.18000,29.42000,177200
2019-05-30,29.35000,29.98000,29.35000,29.95000,113200
2019-05-31,29.65000,29.65000,28.92000,29.30000,125600
2019-06-03,29.29000,29.62000,29.07000,29.44000,174400
2019-06-04,29.60000,30.00000,29.51000,29.97000,172500
2019-06-05,30.00000,30.50000,29.26000,29.57000,132700
2019-06-06,29.54000,29.73000,29.05000,29.53000,99000
2019-06-07,29.69000,29.69000,29.20000,29.22000,102400
2019-06-10,29.35000,30.12000,29.35000,29.87000,180800
2019-06-11,30.10000,30.10000,29.50000,29.86000,120500
2019-06-12,29.81000,30.49000,29.80000,30.03000,97700
2019-06-13,30.18000,30.38000,29.79000,29.97000,120800
2019-06-14,29.99000,30.07000,29.51000,29.61000,98900
2019-06-17,29.69000,30.14000,29.62000,29.91000,171600
2019-06-18,30.05000,30.45000,29.83000,30.27000,163100
2019-06-19,30.30000,30.68000,30.06000,30.57000,137500
2019-06-20,30.74000,30.92000,30.17000,30.29000,167600
2019-06-21,30.00000,30.25000,29.53000,30.02000,743900
2019-06-24,30.01000,30.51000,30.01000,30.21000,199800
2019-06-25,30.25000,31.03000,30.04000,30.32000,298200
2019-06-26,30.38000,30.54000,29.22000,29.28000,131900
2019-06-27,29.41000,29.67000,29.00000,29.47000,150600
2019-06-28,29.46000,29.95000,29.41000,29.84000,338200
2019-07-01,30.11000,30.77000,30.08000,30.58000,202300
2019-07-02,30.68000,31.39000,30.43000,31.30000,227800
2019-07-03,31.54000,31.82000,31.40000,31.54000,135500
2019-07-05,31.44000,31.63000,31.17000,31.41000,190200
2019-07-08,31.30000,31.55000,31.12000,31.40000,188900
2019-07-09,31.23000,31.79000,30.99000,31.46000,112000
2019-07-10,31.47000,32.25000,31.47000,31.83000,208000
2019-07-11,32.01000,32.21000,31.50000,32.14000,157300
2019-07-12,32.18000,32.36000,31.28000,31.38000,175700
2019-07-15,31.38000,31.66000,31.07000,31.53000,153000
2019-07-16,31.63000,31.66000,30.65000,30.70000,182700
2019-07-17,30.77000,31.10000,30.65000,30.96000,115100
2019-07-18,31.05000,31.59000,30.83000,31.49000,107700
2019-07-19,31.39000,31.99000,31.12000,31.15000,129600
2019-07-22,31.18000,31.70000,31.06000,31.67000,199200
2019-07-23,31.76000,32.18000,31.49000,31.95000,196500
2019-07-24,31.95000,32.64000,31.56000,32.52000,123400
2019-07-25,32.50000,32.51000,31.93000,31.99000,109200
2019-07-26,32.21000,32.26000,31.45000,31.71000,179500
2019-07-29,31.86000,31.86000,31.17000,31.67000,188100
2019-07-30,31.50000,32.30000,31.12000,32.20000,164400
2019-07-31,32.58000,33.00000,31.03000,32.08000,477600
2019-08-01,32.06000,32.85000,32.00000,32.22000,235700
2019-08-02,32.25000,32.27000,31.13000,31.58000,163000
2019-08-05,30.86000,30.92000,29.89000,30.22000,216100
2019-08-06,30.32000,30.53000,29.67000,30.47000,274800
2019-08-07,30.21000,30.42000,29.92000,30.31000,165500
2019-08-08,30.44000,31.59000,30.23000,31.46000,281800
2019-08-09,31.48000,31.58000,31.19000,31.31000,125100
2019-08-12,30.78000,31.30000,29.49000,30.62000,827000
2019-08-13,29.50000,30.47000,27.68000,29.06000,432400
2019-08-14,28.60000,29.21000,27.77000,27.84000,460500
2019-08-15,27.78000,27.78000,26.61000,26.94000,265100
2019-08-16,27.06000,27.48000,27.06000,27.32000,149300
2019-08-19,27.63000,27.91000,27.45000,27.48000,126100
2019-08-20,27.34000,28.03000,27.03000,27.17000,112400
2019-08-21,27.42000,27.43000,27.02000,27.19000,193900
2019-08-22,27.26000,27.31000,26.38000,26.70000,112800
2019-08-23,26.57000,27.16000,26.35000,26.42000,322900
2019-08-26,26.69000,27.00000,26.46000,26.76000,145700
2019-08-27,26.94000,27.28000,26.30000,26.82000,265400
2019-08-28,26.76000,27.25000,26.48000,27.05000,272700
2019-08-29,27.29000,27.50000,27.18000,27.27000,206000
2019-08-30,27.51000,27.84000,27.30000,27.39000,457400
2019-09-03,27.30000,27.30000,25.89000,26.22000,244300
2019-09-04,26.44000,26.77000,25.74000,26.33000,271500
2019-09-05,26.66000,26.68000,23.49000,23.81000,1295500
2019-09-06,24.07000,25.83000,23.27000,24.58000,592900
2019-09-09,24.61000,24.61000,22.57000,23.99000,434800
2019-09-10,23.91000,24.70000,23.56000,23.88000,263400
2019-09-11,23.99000,24.88000,23.75000,24.73000,331800
2019-09-12,24.89000,25.26000,24.50000,25.04000,244100
2019-09-13,25.05000,25.68000,24.93000,25.51000,189700
2019-09-16,25.53000,25.95000,25.11000,25.74000,254500
2019-09-17,25.75000,26.12000,25.39000,26.00000,156400
2019-09-18,26.00000,26.28000,25.59000,25.79000,235400
2019-09-19,25.68000,26.13000,25.53000,26.00000,265500
2019-09-20,25.97000,26.00000,25.50000,25.61000,490600
2019-09-23,25.43000,25.85000,25.09000,25.15000,174700
2019-09-24,25.23000,25.36000,24.88000,24.93000,228100
2019-09-25,24.85000,25.44000,24.66000,25.26000,246000
2019-09-26,25.34000,25.51000,24.56000,24.89000,177300
2019-09-27,25.09000,25.10000,24.38000,24.58000,277700
2019-09-30,24.71000,25.34000,24.51000,24.94000,286300
2019-10-01,24.99000,25.57000,24.05000,24.08000,377700
2019-10-02,23.99000,24.38000,23.84000,24.06000,309800
2019-10-03,23.93000,24.56000,23.45000,24.53000,153600
2019-10-04,24.56000,25.19000,24.33000,25.16000,218000
2019-10-07,25.09000,25.82000,24.91000,25.62000,284300
2019-10-08,25.37000,25.67000,24.77000,24.99000,127000
2019-10-09,25.09000,25.46000,25.00000,25.11000,98000
2019-10-10,25.07000,25.35000,24.92000,25.22000,78600
2019-10-11,25.43000,26.28000,25.25000,26.02000,208100
2019-10-14,25.89000,26.03000,25.51000,25.76000,142600
2019-10-15,25.89000,26.39000,25.86000,26.35000,228900
2019-10-16,26.32000,26.79000,26.32000,26.65000,245300
2019-10-17,26.78000,27.35000,26.70000,27.31000,191000
2019-10-18,27.30000,27.64000,27.12000,27.26000,158900
2019-10-21,27.43000,27.43000,26.34000,26.46000,165800
2019-10-22,26.47000,26.76000,26.21000,26.26000,164300
2019-10-23,26.26000,26.62000,26.22000,26.27000,126900
2019-10-24,26.39000,26.61000,25.99000,26.22000,198800
2019-10-25,26.16000,26.81000,25.89000,26.59000,177600
2019-10-28,26.61000,27.28000,26.61000,27.03000,157500
2019-10-29,27.00000,27.40000,26.53000,27.37000,199800
2019-10-30,27.41000,27.41000,26.59000,27.15000,290000
2019-10-31,25.51000,27.13000,25.03000,26.59000,632600
2019-11-01,26.79000,28.15000,26.79000,27.91000,453100
2019-11-04,27.93000,29.15000,27.82000,28.58000,336100
2019-11-05,28.63000,29.38000,28.36000,29.05000,365800
2019-11-06,29.06000,29.09000,27.79000,28.21000,216800
2019-11-07,28.41000,28.54000,27.75000,27.85000,128500
2019-11-08,27.67000,28.10000,27.58000,28.05000,109900
2019-11-11,27.95000,28.18000,27.60000,27.89000,100200
2019-11-12,27.93000,28.38000,27.82000,28.08000,111100
2019-11-13,27.95000,28.29000,27.87000,28.13000,106000
2019-11-14,28.11000,28.46000,28.05000,28.09000,125600
2019-11-15,28.34000,28.99000,28.30000,28.93000,146300
2019-11-18,28.88000,28.89000,28.44000,28.47000,75600
2019-11-19,28.45000,29.05000,28.36000,28.89000,96300
2019-11-20,28.80000,29.45000,28.59000,28.90000,141000
2019-11-21,29.04000,29.07000,28.47000,28.68000,163200
2019-11-22,28.86000,28.98000,28.51000,28.83000,171500
2019-11-25,29.01000,30.01000,29.01000,29.85000,188900
2019-11-26,29.97000,30.33000,29.70000,29.84000,206300
2019-11-27,30.03000,30.05000,29.45000,29.93000,121700
2019-11-29,29.95000,30.03000,29.56000,29.75000,40600
2019-12-02,29.94000,30.07000,29.51000,29.61000,154700
2019-12-03,29.27000,29.76000,29.01000,29.65000,121400
2019-12-04,29.85000,29.85000,29.52000,29.65000,115200
2019-12-05,29.70000,29.82000,29.38000,29.68000,139400
2019-12-06,29.95000,31.12000,29.82000,31.01000,270500
2019-12-09,31.04000,31.04000,30.43000,30.44000,182100
2019-12-10,30.33000,31.21000,30.02000,31.20000,182500
2019-12-11,31.17000,31.27000,30.49000,30.79000,213300
2019-12-12,30.79000,31.29000,30.56000,30.78000,277200
2019-12-13,30.68000,30.95000,30.48000,30.49000,183900
2019-12-16,30.70000,30.95000,30.33000,30.56000,320600
2019-12-17,30.62000,30.93000,30.16000,30.47000,142800
2019-12-18,30.45000,30.81000,30.16000,30.60000,173300
2019-12-19,30.55000,30.76000,30.07000,30.71000,135500
2019-12-20,30.78000,31.10000,30.23000,31.10000,351700
2019-12-23,31.11000,31.72000,30.66000,31.69000,116400
2019-12-24,31.81000,31.94000,31.47000,31.84000,55500
2019-12-26,31.91000,32.22000,31.69000,32.14000,175800
2019-12-27,32.32000,32.33000,31.85000,32.04000,104600
2019-12-30,32.01000,32.62000,31.77000,32.33000,114300
2019-12-31,32.18000,32.80000,32.18000,32.51000,111800
2020-01-02,32.74000,33.10000,32.55000,33.07000,286200
2020-01-03,32.67000,32.96000,32.07000,32.46000,156700
2020-01-06,32.31000,32.96000,31.79000,32.73000,320600
2020-01-07,32.72000,32.76000,32.15000,32.58000,162300
2020-01-08,32.66000,32.91000,32.17000,32.66000,261100
2020-01-09,33.01000,33.88000,32.81000,33.71000,123400
2020-01-10,33.78000,33.93000,33.38000,33.81000,150500
2020-01-13,33.92000,33.92000,33.12000,33.49000,633600
2020-01-14,33.57000,34.39000,33.42000,33.88000,656700
2020-01-15,33.81000,35.34000,33.80000,35.30000,366700
2020-01-16,35.51000,36.75000,35.45000,36.74000,558100
2020-01-17,37.01000,38.26000,36.42000,38.25000,790600
2020-01-21,38.44000,38.88000,37.66000,38.65000,377900
2020-01-22,38.89000,39.25000,38.03000,38.18000,327900
2020-01-23,38.01000,38.44000,37.44000,37.50000,238400
2020-01-24,37.88000,38.53000,37.50000,37.57000,457600
2020-01-27,37.03000,38.10000,36.60000,37.90000,468200
2020-01-28,38.38000,39.35000,38.34000,39.11000,494100
2020-01-29,39.20000,40.23000,39.12000,39.98000,313400
2020-01-30,39.61000,40.86000,39.61000,40.35000,248200
2020-01-31,40.15000,40.61000,38.70000,38.90000,254700
2020-02-03,38.81000,39.25000,38.18000,38.66000,249800
2020-02-04,39.35000,39.55000,38.46000,39.50000,342400
2020-02-05,39.83000,39.95000,38.53000,38.63000,309500
2020-02-06,38.83000,39.60000,38.61000,39.27000,307700
2020-02-07,39.11000,40.75000,38.94000,40.60000,602000
2020-02-10,40.32000,41.59000,40.32000,41.59000,244700
2020-02-11,41.89000,42.08000,41.08000,42.04000,329600
2020-02-12,42.25000,42.92000,42.02000,42.66000,228400
2020-02-13,42.60000,43.58000,42.42000,43.04000,710900
2020-02-14,43.14000,44.32000,42.92000,43.84000,341100
2020-02-18,43.73000,44.51000,43.11000,43.16000,562800
2020-02-19,42.33000,43.04000,40.72000,42.17000,627200
2020-02-20,41.68000,41.98000,40.52000,40.70000,348000
2020-02-21,40.60000,40.60000,38.80000,39.41000,467000
2020-02-24,38.16000,38.98000,37.85000,38.43000,211400
2020-02-25,38.70000,38.99000,37.82000,38.78000,616700
2020-02-26,38.75000,40.03000,38.75000,39.95000,338500
2020-02-27,39.18000,40.90000,38.81000,40.01000,502300
2020-02-28,39.10000,39.58000,37.20000,38.42000,367900
2020-03-02,38.20000,39.54000,38.12000,39.11000,305300
2020-03-03,39.03000,39.80000,37.61000,38.22000,201500
2020-03-04,38.88000,39.76000,38.13000,38.99000,166300
2020-03-05,38.57000,38.90000,37.68000,38.04000,188700
2020-03-06,37.12000,37.58000,35.90000,36.97000,372700
2020-03-09,35.02000,37.36000,34.70000,35.60000,414400
2020-03-10,36.50000,37.43000,35.86000,37.21000,297300
2020-03-11,36.53000,36.61000,34.57000,35.28000,241200
2020-03-12,33.45000,34.16000,30.02000,30.57000,503300
2020-03-13,31.60000,31.99000,28.94000,30.43000,754900
2020-03-16,27.51000,28.34000,24.77000,25.34000,629800
2020-03-17,25.72000,27.26000,24.15000,27.02000,531500
2020-03-18,25.38000,27.20000,23.17000,24.49000,554500
2020-03-19,24.63000,27.60000,24.63000,27.23000,671200
2020-03-20,27.39000,28.53000,24.81000,25.07000,664400
2020-03-23,25.53000,26.46000,24.30000,26.27000,432600
2020-03-24,28.02000,30.39000,26.98000,28.77000,537100
2020-03-25,28.67000,30.76000,28.33000,29.44000,492200
2020-03-26,29.83000,30.85000,28.59000,30.39000,504400
2020-03-27,29.23000,31.67000,28.74000,30.63000,293400
2020-03-30,30.71000,33.09000,30.38000,32.72000,332800
2020-03-31,32.58000,33.80000,32.26000,33.59000,304600
2020-04-01,32.47000,33.34000,31.59000,32.38000,504700
2020-04-02,31.99000,33.82000,31.64000,32.99000,293300
2020-04-03,32.80000,33.38000,30.66000,31.78000,439000
2020-04-06,32.88000,34.45000,32.17000,34.17000,425100
2020-04-07,35.00000,37.19000,34.22000,36.73000,502700
2020-04-08,37.48000,38.15000,36.06000,36.34000,359600
2020-04-09,36.42000,36.46000,33.71000,36.25000,650900
2020-04-13,36.05000,37.58000,35.64000,37.35000,382700
2020-04-14,38.00000,38.92000,36.98000,38.12000,377000
2020-04-15,37.07000,37.95000,36.17000,36.84000,488300
2020-04-16,37.14000,37.82000,36.32000,37.02000,335100
2020-04-17,37.94000,40.26000,37.41000,39.83000,379100
2020-04-20,38.60000,40.67000,38.60000,40.43000,235900
2020-04-21,39.62000,40.76000,39.26000,40.00000,240800
2020-04-22,40.68000,40.69000,39.62000,39.76000,260400
2020-04-23,39.99000,40.08000,38.74000,38.74000,854300
2020-04-24,39.09000,39.62000,38.24000,38.24000,589200
2020-04-27,38.52000,39.11000,37.63000,38.79000,1346600
2020-04-28,39.34000,40.49000,37.90000,39.19000,773900
2020-04-29,39.96000,41.97000,39.75000,41.39000,918300
2020-04-30,42.00000,43.70000,41.43000,43.12000,1152400
2020-05-01,42.50000,43.86000,41.00000,43.56000,756800
2020-05-04,42.80000,44.04000,39.83000,41.03000,750600
2020-05-05,42.41000,42.89000,40.99000,41.07000,294400
2020-05-06,41.17000,42.11000,40.81000,41.06000,246200
2020-05-07,41.50000,41.96000,41.11000,41.84000,326100
2020-05-08,43.17000,45.84000,40.22000,45.06000,1018100
2020-05-11,45.00000,46.53000,44.32000,46.03000,821000
2020-05-12,46.00000,48.53000,45.00000,46.79000,3269000
2020-05-13,46.77000,49.37000,46.35000,48.80000,1321400
2020-05-14,48.28000,48.35000,46.59000,47.35000,632600
2020-05-15,47.48000,48.23000,46.67000,48.15000,509900
2020-05-18,49.25000,51.76000,49.25000,50.55000,505200
2020-05-19,50.54000,51.50000,49.92000,49.93000,491500
2020-05-20,50.73000,51.41000,50.23000,50.97000,288600
2020-05-21,50.75000,50.75000,48.95000,49.52000,351900
2020-05-22,49.65000,50.11000,48.91000,49.76000,163200
2020-05-26,51.00000,51.19000,49.12000,49.21000,403100
2020-05-27,49.75000,50.25000,47.06000,49.59000,361200
2020-05-28,49.93000,49.93000,48.31000,48.56000,404400
2020-05-29,48.85000,49.17000,47.27000,47.81000,428000
2020-06-01,48.14000,48.14000,46.85000,46.94000,482100
2020-06-02,46.97000,46.97000,44.73000,44.94000,428000
2020-06-03,45.01000,48.63000,45.01000,48.35000,526200
2020-06-04,47.82000,48.43000,46.72000,47.31000,456800
2020-06-05,48.05000,50.82000,47.80000,50.27000,428100
2020-06-08,49.89000,51.38000,49.28000,51.19000,415300
2020-06-09,50.37000,50.98000,48.35000,48.49000,328200
2020-06-10,48.64000,48.64000,47.02000,47.28000,161500
2020-06-11,45.97000,47.16000,44.21000,44.23000,341000
2020-06-12,45.39000,46.10000,43.70000,44.60000,265100
2020-06-15,43.85000,46.03000,43.44000,45.69000,229500
2020-06-16,46.86000,47.07000,45.90000,46.22000,157700
2020-06-17,46.47000,46.93000,46.02000,46.18000,177500
2020-06-18,46.01000,46.14000,44.83000,45.10000,216700
2020-06-19,45.54000,46.29000,44.33000,44.56000,565100
2020-06-22,44.60000,46.53000,43.66000,46.41000,457400
2020-06-23,46.79000,47.51000,45.89000,45.89000,287300
2020-06-24,45.49000,45.84000,43.64000,44.45000,554400
2020-06-25,44.21000,45.45000,43.87000,45.45000,347000
2020-06-26,45.29000,45.53000,43.76000,43.85000,679700
2020-06-29,44.19000,44.97000,43.83000,44.50000,348700
2020-06-30,44.29000,45.49000,44.04000,44.95000,456900
2020-07-01,44.90000,45.62000,44.37000,45.27000,358500
2020-07-02,45.90000,46.61000,45.31000,46.30000,237500
2020-07-06,47.67000,47.67000,46.02000,46.20000,226900
2020-07-07,45.73000,47.39000,43.08000,43.25000,358000
2020-07-08,43.16000,44.40000,43.05000,43.53000,451300
2020-07-09,43.45000,44.24000,42.54000,44.12000,331700
2020-07-10,44.29000,44.29000,43.12000,43.74000,202600
2020-07-13,44.12000,44.82000,42.89000,42.97000,306800
2020-07-14,43.08000,44.54000,42.15000,44.53000,271500
2020-07-15,45.25000,48.16000,45.25000,46.91000,467200
2020-07-16,46.60000,46.70000,44.48000,44.61000,223700
2020-07-17,44.58000,46.86000,44.51000,46.37000,221500
2020-07-20,46.25000,46.97000,45.01000,45.57000,336200
2020-07-21,45.94000,46.25000,45.27000,45.68000,180300
2020-07-22,45.47000,45.87000,45.06000,45.19000,176800
2020-07-23,45.15000,46.42000,44.70000,44.99000,163800
2020-07-24,44.84000,45.02000,43.81000,44.59000,220000
2020-07-27,44.62000,45.83000,44.22000,45.68000,203100
2020-07-28,45.36000,45.66000,44.44000,44.67000,274100
2020-07-29,44.66000,44.67000,41.28000,42.38000,945100
2020-07-30,41.64000,42.85000,41.64000,42.28000,519300
2020-07-31,42.02000,42.22000,40.18000,40.81000,318600
2020-08-03,40.94000,42.02000,40.37000,41.63000,308400
2020-08-04,41.31000,42.08000,40.79000,41.26000,357600
2020-08-05,41.58000,42.70000,41.16000,42.56000,343500
2020-08-06,42.43000,43.25000,42.05000,42.48000,262200
2020-08-07,41.90000,43.28000,41.81000,42.53000,285000
2020-08-10,42.48000,43.08000,42.12000,42.19000,272600
2020-08-11,42.29000,42.29000,40.70000,41.01000,362100
2020-08-12,41.50000,42.15000,40.66000,40.78000,227700
2020-08-13,40.77000,41.15000,40.10000,40.41000,349300
2020-08-14,40.17000,40.56000,39.51000,40.21000,263200
2020-08-17,40.57000,42.22000,40.24000,41.84000,706000
2020-08-18,41.91000,42.10000,41.34000,41.67000,235300
2020-08-19,41.68000,41.97000,40.85000,41.05000,209500
2020-08-20,40.80000,41.52000,40.37000,40.92000,173300
2020-08-21,40.84000,40.87000,39.67000,40.23000,251900
2020-08-24,40.66000,41.55000,40.18000,40.68000,273900
2020-08-25,40.71000,41.90000,40.71000,41.32000,266000
2020-08-26,41.16000,41.16000,39.13000,40.30000,302000
2020-08-27,40.43000,41.90000,40.29000,41.66000,285400
2020-08-28,41.95000,42.71000,41.59000,42.52000,304500
2020-08-31,42.64000,44.95000,42.38000,44.73000,490500
2020-09-01,44.62000,45.83000,43.83000,44.89000,281600
2020-09-02,45.16000,45.23000,44.56000,44.63000,297100
2020-09-03,44.44000,44.44000,42.55000,43.50000,229500
2020-09-04,43.92000,43.93000,41.92000,42.93000,270700
2020-09-08,42.51000,42.80000,41.66000,41.82000,244400
2020-09-09,42.25000,43.03000,41.93000,42.32000,146000
2020-09-10,42.54000,43.18000,41.81000,41.82000,184600
2020-09-11,41.92000,42.54000,40.08000,40.66000,169200
2020-09-14,41.02000,42.82000,40.99000,41.80000,259000
2020-09-15,42.21000,42.59000,41.69000,41.99000,275200
2020-09-16,42.35000,42.77000,41.08000,41.24000,239200
2020-09-17,40.65000,41.13000,38.51000,39.89000,330700
2020-09-18,40.40000,41.23000,39.59000,39.99000,801600
2020-09-21,39.17000,40.58000,37.81000,38.65000,329900
2020-09-22,38.60000,39.39000,37.66000,39.03000,320500
2020-09-23,38.79000,39.25000,37.55000,38.52000,297500
2020-09-24,38.44000,38.48000,37.19000,38.36000,251700
2020-09-25,38.44000,40.17000,38.03000,40.07000,293000
2020-09-28,40.68000,40.73000,39.80000,40.36000,336100
2020-09-29,40.54000,40.64000,39.53000,40.02000,205900
2020-09-30,36.68000,40.23000,34.12000,39.90000,1479400
2020-10-01,40.25000,40.33000,37.86000,38.26000,922800
2020-10-02,37.51000,38.73000,37.42000,37.86000,450100
2020-10-05,38.24000,39.17000,37.90000,39.16000,313100
2020-10-06,39.15000,40.15000,39.00000,39.60000,355500
2020-10-07,39.88000,40.92000,39.77000,40.18000,332200
2020-10-08,40.52000,40.88000,39.76000,39.94000,444200
2020-10-09,40.00000,41.36000,39.63000,41.35000,317700
2020-10-12,41.61000,41.80000,40.71000,40.96000,190400
2020-10-13,40.68000,41.36000,40.38000,40.79000,290900
2020-10-14,40.83000,41.10000,40.08000,40.40000,161600
2020-10-15,39.91000,40.24000,39.31000,39.94000,236900
2020-10-16,39.89000,40.97000,39.52000,40.69000,132300
2020-10-19,41.04000,41.98000,39.48000,39.58000,172600
2020-10-20,39.60000,39.92000,38.50000,38.80000,239600
2020-10-21,38.72000,38.80000,37.63000,37.97000,251900
2020-10-22,38.00000,38.96000,37.94000,38.28000,270200
2020-10-23,38.65000,39.45000,37.50000,37.96000,138300
2020-10-26,37.40000,37.67000,36.64000,37.24000,347800
2020-10-27,37.06000,37.99000,36.91000,37.69000,308600
2020-10-28,37.16000,37.71000,36.42000,36.51000,330600
2020-10-29,36.61000,37.22000,34.68000,35.50000,447400
2020-10-30,35.50000,36.15000,34.04000,34.56000,260600
2020-11-02,34.84000,36.63000,34.42000,34.97000,309800
2020-11-03,35.65000,37.36000,34.89000,37.00000,549000
2020-11-04,36.83000,37.75000,35.58000,36.65000,494600
2020-11-05,37.03000,37.74000,36.69000,37.12000,585200
2020-11-06,39.85000,39.85000,36.47000,36.71000,583000
2020-11-09,38.46000,40.98000,37.26000,38.60000,550600
2020-11-10,38.60000,39.59000,38.00000,39.15000,527300
2020-11-11,39.42000,39.89000,38.09000,38.84000,400300
2020-11-12,39.14000,39.68000,38.33000,38.99000,364100
2020-11-13,39.22000,39.88000,38.97000,39.45000,292800
2020-11-16,40.18000,40.70000,39.61000,40.70000,594000
2020-11-17,40.37000,40.74000,39.93000,40.34000,608500
2020-11-18,40.55000,41.35000,40.11000,40.80000,704600
2020-11-19,42.37000,43.79000,41.67000,42.84000,546600
2020-11-20,42.59000,43.09000,41.68000,42.46000,603600
2020-11-23,42.94000,43.84000,42.15000,43.24000,379600
2020-11-24,43.68000,43.71000,42.32000,43.27000,437700
2020-11-25,43.00000,43.83000,42.26000,43.63000,327700
2020-11-27,43.77000,44.14000,43.44000,43.84000,184500
2020-11-30,45.01000,45.01000,43.41000,43.48000,465300
2020-12-01,43.76000,43.89000,42.98000,43.23000,512500
2020-12-02,43.08000,43.72000,42.50000,43.58000,330700
2020-12-03,43.69000,44.18000,43.07000,44.02000,309700
2020-12-04,44.20000,46.21000,43.82000,46.09000,258900
2020-12-07,45.99000,46.25000,43.67000,45.35000,367500
2020-12-08,45.11000,47.29000,44.85000,47.19000,479900
2020-12-09,48.37000,48.37000,46.46000,47.35000,288700
2020-12-10,47.07000,48.31000,46.94000,48.01000,228700
2020-12-11,47.74000,48.47000,46.01000,46.87000,428000
2020-12-14,47.75000,49.39000,47.53000,48.13000,259800
2020-12-15,48.51000,48.59000,47.63000,47.83000,242200
2020-12-16,47.83000,49.23000,47.19000,48.94000,379800
2020-12-17,48.78000,52.90000,47.92000,52.24000,917200
2020-12-18,52.45000,55.00000,52.00000,54.89000,1162800
2020-12-21,54.28000,55.91000,53.80000,55.16000,542800
2020-12-22,55.57000,57.57000,54.75000,55.30000,518800
2020-12-23,56.13000,58.00000,55.77000,57.37000,310500
2020-12-24,57.44000,57.88000,56.66000,57.55000,204800
2020-12-28,58.00000,58.03000,56.80000,57.08000,322700
2020-12-29,57.13000,57.98000,55.06000,55.35000,242400
2020-12-30,55.52000,57.15000,54.31000,54.84000,410700
2020-12-31,54.85000,56.21000,54.20000,55.67000,244300
2021-01-04,55.65000,56.08000,52.54000,53.79000,276100
2021-01-05,53.89000,55.39000,53.55000,54.97000,244800
2021-01-06,55.55000,57.03000,54.99000,56.16000,242300
2021-01-07,56.31000,56.96000,55.89000,56.11000,248200
2021-01-08,56.07000,57.42000,56.07000,56.92000,258700
2021-01-11,55.91000,59.73000,55.36000,59.52000,560800
2021-01-12,59.15000,59.80000,58.41000,58.66000,342400
2021-01-13,58.96000,59.10000,58.02000,58.69000,259900
2021-01-14,58.42000,59.09000,56.89000,58.14000,558200
2021-01-15,57.37000,57.37000,52.81000,56.60000,625000
2021-01-19,55.77000,57.42000,55.77000,56.36000,304600
2021-01-20,56.85000,57.70000,55.98000,57.20000,336700
2021-01-21,57.87000,57.88000,56.82000,57.15000,185000
2021-01-22,57.15000,59.29000,57.07000,59.07000,351400
2021-01-25,58.73000,59.26000,57.52000,58.30000,344500
2021-01-26,58.55000,58.95000,57.85000,58.50000,214600
2021-01-27,57.50000,59.89000,56.57000,57.50000,511000
2021-01-28,57.72000,58.93000,56.21000,57.50000,393800
2021-01-29,57.87000,58.62000,56.69000,58.23000,407800
2021-02-01,58.06000,59.20000,58.03000,58.97000,192000
2021-02-02,59.61000,60.96000,59.47000,60.73000,434100
2021-02-03,60.59000,60.72000,58.08000,58.42000,214800
2021-02-04,58.43000,59.54000,57.11000,58.42000,173500
2021-02-05,59.00000,60.62000,58.03000,59.74000,250100
2021-02-08,60.42000,61.58000,60.02000,60.54000,286500
2021-02-09,60.83000,62.41000,60.77000,62.15000,275800
2021-02-10,62.32000,63.55000,61.74000,62.90000,246400
2021-02-11,63.39000,64.71000,63.21000,64.31000,737200
2021-02-12,64.43000,67.01000,63.38000,66.60000,474900
2021-02-16,66.77000,66.78000,64.14000,65.16000,601700
2021-02-17,64.78000,66.08000,63.69000,66.03000,470200
2021-02-18,65.94000,66.16000,63.87000,64.92000,601700
2021-02-19,64.93000,66.63000,63.71000,65.48000,318200
2021-02-22,64.98000,65.79000,63.65000,65.21000,329600
2021-02-23,64.37000,64.37000,61.35000,62.24000,714400
2021-02-24,60.33000,63.00000,58.41000,62.41000,918100
2021-02-25,62.41000,65.35000,62.41000,64.78000,543000
2021-02-26,65.03000,66.21000,63.93000,65.27000,494000
2021-03-01,66.67000,67.61000,65.24000,66.31000,397200
2021-03-02,66.13000,67.30000,65.02000,66.73000,421800
2021-03-03,65.97000,67.21000,65.23000,66.98000,369800
2021-03-04,66.64000,68.00000,61.03000,62.65000,549100
2021-03-05,63.01000,63.84000,59.76000,63.73000,362600
2021-03-08,64.31000,64.67000,62.24000,62.55000,271200
2021-03-09,63.65000,64.69000,62.77000,62.81000,387100
2021-03-10,63.80000,63.80000,62.15000,63.16000,504500
2021-03-11,63.75000,66.32000,63.75000,65.10000,390200
2021-03-12,65.05000,66.32000,63.97000,65.81000,271500
2021-03-15,65.25000,67.46000,65.25000,66.81000,213000
2021-03-16,66.64000,67.04000,64.98000,66.10000,226800
2021-03-17,66.29000,66.58000,64.39000,65.96000,473000
2021-03-18,65.21000,65.56000,61.08000,61.94000,537900
2021-03-19,61.66000,63.20000,60.44000,62.46000,701500
2021-03-22,62.56000,64.07000,62.20000,62.74000,404700
2021-03-23,62.14000,63.27000,62.01000,63.07000,478900
2021-03-24,63.33000,63.58000,60.96000,61.25000,296100
2021-03-25,60.45000,62.86000,59.73000,62.39000,292600
2021-03-26,62.68000,63.50000,62.06000,63.40000,223700
2021-03-29,63.42000,63.42000,58.47000,62.26000,279600
2021-03-30,62.26000,64.29000,61.17000,63.26000,311400
2021-03-31,63.79000,66.71000,63.01000,65.52000,684800
2021-04-01,65.58000,66.26000,63.35000,64.13000,219600
2021-04-05,64.22000,65.01000,62.67000,64.89000,172500
2021-04-06,64.96000,65.84000,64.76000,65.68000,374400
2021-04-07,65.92000,66.52000,64.49000,64.91000,232000
2021-04-08,65.63000,66.73000,64.91000,66.53000,272100
2021-04-09,66.63000,66.84000,64.60000,65.90000,215800
2021-04-12,66.24000,67.28000,65.37000,65.83000,418600
2021-04-13,66.07000,66.75000,64.73000,65.96000,366700
2021-04-14,66.24000,67.48000,65.38000,66.30000,197700
2021-04-15,66.88000,67.66000,66.37000,67.59000,311000
2021-04-16,67.40000,68.30000,65.97000,68.00000,254500
2021-04-19,67.51000,69.68000,67.51000,69.61000,446800
2021-04-20,69.79000,70.83000,67.79000,68.00000,407200
2021-04-21,67.79000,70.05000,66.93000,69.91000,413800
2021-04-22,69.79000,71.38000,69.73000,70.02000,377600
2021-04-23,70.55000,72.07000,68.94000,69.00000,362300
2021-04-26,68.70000,68.70000,65.52000,66.00000,843600
2021-04-27,66.90000,66.90000,64.38000,64.91000,966000
2021-04-28,65.54000,70.64000,63.34000,69.85000,640700
2021-04-29,71.90000,79.54000,71.64000,76.00000,1230700
2021-04-30,76.23000,77.51000,74.89000,77.07000,843900
2021-05-03,77.02000,78.99000,76.51000,77.43000,408400
2021-05-04,77.17000,79.16000,75.94000,77.33000,446000
2021-05-05,76.90000,77.99000,75.28000,77.03000,298300
2021-05-06,77.10000,77.73000,75.00000,77.71000,437500
2021-05-07,77.01000,80.44000,77.01000,77.67000,246600
2021-05-10,76.69000,77.53000,73.25000,73.46000,266300
2021-05-11,71.87000,74.51000,70.98000,73.91000,304300
2021-05-12,73.07000,73.14000,70.38000,70.58000,301300
2021-05-13,70.86000,72.45000,70.44000,70.46000,299400
2021-05-14,71.42000,72.06000,70.70000,72.00000,230200
2021-05-17,71.84000,74.81000,70.81000,72.60000,294200
2021-05-18,73.29000,75.16000,72.69000,72.71000,291900
2021-05-19,71.72000,72.26000,70.21000,71.13000,275100
2021-05-20,71.49000,71.77000,70.10000,71.44000,283300
2021-05-21,72.17000,72.91000,71.56000,72.05000,318600
2021-05-24,72.50000,72.78000,71.08000,72.43000,159300
2021-05-25,72.99000,72.99000,71.42000,71.58000,502800
2021-05-26,72.18000,74.01000,70.26000,72.95000,445300
2021-05-27,73.00000,74.13000,72.35000,73.62000,328600
2021-05-28,74.28000,75.80000,73.72000,74.73000,135900
2021-06-01,74.82000,76.51000,74.00000,75.40000,249100
2021-06-02,75.66000,75.66000,73.07000,73.39000,318500
2021-06-03,73.38000,74.64000,71.07000,74.05000,234600
2021-06-04,74.47000,75.45000,73.86000,74.58000,332700
2021-06-07,74.85000,75.89000,74.15000,74.77000,287000
2021-06-08,75.02000,75.64000,73.24000,73.77000,414800
2021-06-09,73.95000,76.31000,73.81000,73.96000,217700
2021-06-10,74.30000,75.54000,73.20000,75.30000,200800
2021-06-11,75.10000,76.11000,72.69000,75.92000,204500
2021-06-14,76.19000,76.99000,75.56000,76.86000,189000
2021-06-15,77.61000,79.20000,77.02000,77.93000,366500
2021-06-16,77.48000,77.48000,75.33000,75.88000,563600
2021-06-17,75.29000,77.86000,75.28000,77.38000,480000
2021-06-18,76.40000,77.03000,74.21000,74.54000,499000
2021-06-21,74.50000,77.13000,73.88000,76.53000,422900
2021-06-22,76.15000,76.82000,75.20000,76.12000,337400
2021-06-23,75.92000,77.75000,75.48000,77.45000,196800
2021-06-24,78.14000,78.75000,77.67000,78.57000,124000
2021-06-25,78.85000,80.67000,78.57000,80.18000,529900
2021-06-28,80.55000,80.98000,79.38000,79.83000,174500
2021-06-29,79.68000,79.68000,78.88000,79.30000,128800
2021-06-30,79.17000,80.00000,78.75000,79.33000,218500
2021-07-01,79.53000,81.21000,79.09000,81.03000,144000
2021-07-02,81.43000,81.55000,79.83000,81.10000,239000
2021-07-06,81.00000,81.32000,78.32000,79.82000,161300
2021-07-07,79.88000,81.57000,79.02000,81.42000,165000
2021-07-08,79.97000,81.94000,78.57000,81.50000,160000
2021-07-09,81.77000,83.05000,81.29000,82.24000,119600
2021-07-12,82.25000,84.43000,81.36000,83.92000,200500
2021-07-13,83.85000,83.85000,80.97000,81.80000,228200
2021-07-14,82.13000,82.95000,78.07000,79.06000,341700
2021-07-15,78.44000,79.05000,77.06000,77.39000,217700
2021-07-16,78.03000,78.49000,77.07000,77.58000,210600
2021-07-19,76.30000,78.26000,76.02000,77.22000,297800
2021-07-20,77.78000,80.35000,77.56000,79.41000,260000
2021-07-21,80.07000,80.93000,78.97000,79.98000,265600
2021-07-22,79.97000,80.27000,79.00000,80.25000,320000
2021-07-23,80.57000,80.57000,78.27000,80.17000,280900
2021-07-26,80.50000,81.44000,79.50000,80.68000,484100
2021-07-27,80.82000,81.27000,79.41000,79.99000,229400
2021-07-28,80.21000,83.14000,80.21000,82.22000,211800
2021-07-29,82.27000,84.36000,82.27000,83.64000,122600
2021-07-30,83.64000,85.27000,83.64000,84.46000,148300
2021-08-02,84.62000,85.37000,83.57000,84.25000,190200
2021-08-03,84.18000,84.47000,82.96000,83.52000,164300
2021-08-04,83.66000,84.16000,81.26000,81.88000,528600
2021-08-05,81.41000,85.50000,78.53000,81.47000,869800
2021-08-06,81.50000,83.79000,78.52000,83.75000,238300
2021-08-09,83.88000,83.92000,78.91000,79.00000,206700
2021-08-10,78.79000,79.57000,72.64000,73.10000,386500
2021-08-11,73.06000,73.77000,69.91000,72.10000,363900
2021-08-12,71.89000,74.22000,71.57000,73.56000,334800
2021-08-13,73.31000,73.98000,72.78000,73.24000,171300
2021-08-16,73.00000,73.77000,71.78000,72.82000,201700
2021-08-17,72.09000,74.51000,71.51000,73.61000,272500
2021-08-18,73.48000,74.35000,72.50000,72.97000,223500
2021-08-19,72.71000,74.22000,71.92000,72.61000,256300
2021-08-20,72.78000,75.07000,72.34000,74.76000,333900
2021-08-23,75.00000,76.58000,73.99000,75.29000,302900
2021-08-24,75.66000,76.43000,74.28000,75.92000,120500
2021-08-25,75.79000,76.18000,73.62000,74.09000,193500
2021-08-26,74.00000,74.50000,72.43000,72.55000,166700
2021-08-27,72.98000,75.19000,72.01000,74.48000,180400
2021-08-30,74.59000,75.12000,73.24000,73.83000,187300
2021-08-31,74.03000,74.43000,72.52000,73.62000,212000
2021-09-01,74.02000,75.03000,73.01000,74.90000,132600
2021-09-02,75.16000,76.32000,74.39000,75.81000,280900
2021-09-03,75.58000,76.66000,75.38000,76.36000,188200
2021-09-07,76.32000,76.32000,74.87000,75.39000,108300
2021-09-08,75.19000,77.27000,74.39000,77.12000,176600
2021-09-09,77.24000,77.66000,76.06000,76.50000,181200
2021-09-10,77.18000,77.18000,74.41000,74.68000,158800
2021-09-13,74.98000,76.12000,73.63000,75.62000,206300
2021-09-14,76.20000,77.46000,74.72000,75.40000,178400
2021-09-15,75.22000,75.53000,73.17000,74.87000,163300
2021-09-16,74.70000,75.97000,73.51000,75.80000,185900
2021-09-17,76.67000,77.36000,75.40000,76.71000,676300
2021-09-20,75.32000,75.60000,72.27000,72.59000,162100
2021-09-21,73.08000,73.77000,72.18000,73.35000,154800
2021-09-22,73.78000,75.56000,72.97000,74.67000,133400
2021-09-23,74.87000,75.30000,74.09000,74.35000,129300
2021-09-24,74.00000,74.00000,71.55000,71.75000,194400
2021-09-27,71.58000,73.23000,70.34000,72.59000,157200
2021-09-28,72.11000,72.11000,70.26000,70.45000,145600
2021-09-29,70.56000,71.21000,69.01000,69.28000,146000
2021-09-30,69.88000,71.11000,69.24000,69.55000,195900
2021-10-01,70.00000,70.23000,67.92000,69.77000,110300
2021-10-04,69.39000,69.39000,66.44000,67.21000,126100
2021-10-05,67.64000,69.42000,67.36000,69.34000,196800
2021-10-06,68.93000,70.36000,68.09000,70.29000,147000
2021-10-07,70.61000,72.94000,70.34000,71.94000,149100
2021-10-08,71.80000,72.12000,70.88000,70.88000,89200
2021-10-11,70.81000,71.73000,70.13000,70.32000,143700
2021-10-12,70.77000,72.20000,70.35000,71.11000,120500
2021-10-13,71.67000,71.67000,70.13000,70.96000,97000
2021-10-14,72.02000,72.52000,70.80000,71.38000,70000
2021-10-15,72.38000,72.38000,71.10000,71.37000,125500
2021-10-18,71.61000,71.75000,70.50000,71.22000,116200
2021-10-19,72.16000,72.91000,70.91000,71.97000,138500
2021-10-20,72.39000,72.89000,71.90000,72.39000,83500
2021-10-21,72.66000,73.03000,71.71000,72.31000,131000
2021-10-22,72.29000,73.71000,70.87000,73.13000,97000
2021-10-25,73.11000,74.36000,72.50000,73.60000,148800
2021-10-26,73.84000,75.31000,72.87000,75.21000,153000
2021-10-27,75.28000,76.53000,74.43000,75.54000,156700
2021-10-28,75.61000,76.62000,74.64000,75.38000,153300
2021-10-29,75.37000,75.58000,73.57000,75.06000,174700
2021-11-01,75.42000,78.28000,75.03000,77.50000,269700
2021-11-02,77.52000,78.11000,76.00000,77.64000,114200
2021-11-03,77.30000,78.84000,76.23000,78.42000,303200
2021-11-04,79.17000,85.78000,79.17000,85.40000,702400
2021-11-05,85.57000,89.18000,85.03000,87.14000,446100
2021-11-08,87.21000,87.52000,84.61000,84.80000,181300
2021-11-09,84.95000,84.95000,81.30000,81.50000,192700
2021-11-10,81.03000,82.31000,78.33000,78.48000,170500
2021-11-11,78.75000,79.42000,77.71000,78.33000,137700
2021-11-12,79.28000,79.28000,77.13000,77.21000,104400
2021-11-15,77.83000,77.83000,73.99000,75.00000,289500
2021-11-16,74.65000,77.26000,73.56000,76.58000,236800
2021-11-17,76.31000,78.57000,75.15000,78.31000,400900
2021-11-18,78.00000,78.21000,76.16000,76.77000,273800
2021-11-19,77.54000,78.11000,76.75000,77.64000,172200
2021-11-22,77.67000,79.63000,75.66000,75.95000,171500
2021-11-23,75.26000,76.40000,73.27000,75.39000,192800
2021-11-24,74.89000,76.88000,73.39000,76.72000,183400
2021-11-26,75.19000,77.00000,70.49000,71.01000,179000
2021-11-29,72.33000,73.51000,65.94000,66.00000,347600
2021-11-30,66.60000,67.44000,63.31000,63.40000,521200
2021-12-01,65.52000,72.16000,64.03000,65.53000,708800
2021-12-02,65.67000,68.32000,65.06000,67.94000,268100
2021-12-03,68.08000,68.87000,63.88000,65.20000,345600
2021-12-06,65.89000,68.38000,64.03000,67.59000,343800
2021-12-07,68.84000,71.88000,68.14000,71.08000,250800
2021-12-08,71.16000,74.19000,70.44000,73.35000,220400
2021-12-09,72.77000,74.84000,69.75000,70.31000,546800
2021-12-10,70.88000,72.58000,68.63000,68.68000,167000
2021-12-13,68.26000,71.39000,65.54000,69.35000,194400
2021-12-14,68.64000,70.07000,66.59000,67.28000,302200
2021-12-15,67.28000,69.83000,66.06000,69.57000,280300
2021-12-16,70.27000,70.94000,66.16000,66.56000,255600
2021-12-17,66.62000,68.86000,65.13000,67.82000,437200
2021-12-20,66.70000,66.99000,64.46000,65.68000,262400
2021-12-21,67.08000,69.94000,65.99000,69.21000,238400
2021-12-22,69.31000,71.63000,68.22000,71.45000,170300
2021-12-23,71.55000,73.78000,70.77000,73.36000,139300
2021-12-27,73.40000,74.85000,71.02000,73.01000,183900
2021-12-28,73.00000,73.60000,70.92000,71.56000,201400
2021-12-29,71.94000,72.76000,69.28000,69.81000,143700
2021-12-30,69.99000,70.00000,68.37000,68.52000,185400
2021-12-31,68.31000,70.00000,66.46000,69.53000,467000
2022-01-03,70.00000,71.58000,67.37000,71.39000,326200
2022-01-04,71.40000,71.41000,68.42000,69.28000,183800
2022-01-05,68.89000,70.25000,64.84000,64.93000,299700
2022-01-06,64.97000,66.27000,63.20000,64.94000,232000
2022-01-07,64.31000,65.83000,61.45000,61.62000,277500
2022-01-10,61.64000,66.53000,60.35000,66.39000,442900
2022-01-11,66.39000,70.94000,65.79000,70.57000,431100
2022-01-12,70.66000,71.57000,68.29000,68.40000,386800
2022-01-13,68.89000,68.89000,66.15000,66.93000,183000
2022-01-14,66.10000,66.71000,63.17000,65.44000,194800
2022-01-18,64.20000,66.05000,63.12000,64.23000,406900
2022-01-19,64.43000,66.90000,63.40000,63.63000,345800
2022-01-20,64.32000,65.19000,61.83000,61.99000,268700
2022-01-21,61.34000,63.75000,60.16000,61.45000,187800
2022-01-24,59.97000,63.71000,59.27000,63.45000,277400
2022-01-25,63.32000,63.32000,59.87000,60.76000,209700
2022-01-26,62.29000,62.83000,59.77000,61.19000,414700
2022-01-27,61.65000,63.82000,59.34000,59.39000,284300
2022-01-28,59.25000,61.06000,57.56000,61.06000,284700
2022-01-31,61.61000,65.67000,60.54000,65.64000,354900
2022-02-01,65.65000,66.44000,63.99000,66.03000,285500
2022-02-02,66.29000,66.52000,63.93000,65.20000,237100
2022-02-03,64.17000,65.79000,62.75000,63.26000,139900
2022-02-04,63.09000,65.14000,62.54000,64.46000,139100
2022-02-07,64.43000,65.75000,63.42000,64.62000,186800
2022-02-08,64.08000,66.43000,63.35000,66.08000,197200
2022-02-09,67.17000,69.35000,66.90000,68.50000,168800
2022-02-10,66.55000,69.92000,66.55000,67.60000,201600
2022-02-11,67.92000,69.08000,64.46000,65.15000,307600
2022-02-14,65.47000,66.08000,63.62000,64.20000,200300
2022-02-15,65.12000,66.44000,64.86000,65.50000,616000
2022-02-16,59.00000,68.36000,59.00000,67.92000,592600
2022-02-17,67.00000,67.75000,63.79000,63.91000,254000
2022-02-18,63.09000,63.94000,61.18000,61.73000,253800
2022-02-22,61.02000,64.40000,61.02000,62.78000,229600
2022-02-23,63.38000,64.51000,62.29000,62.39000,192400
2022-02-24,60.27000,67.34000,60.27000,67.15000,216300
2022-02-25,67.53000,68.92000,66.47000,68.56000,212400
2022-02-28,67.97000,69.95000,67.28000,69.45000,240900
2022-03-01,69.55000,72.31000,68.50000,69.59000,394300
2022-03-02,69.95000,71.66000,65.81000,71.15000,142900
2022-03-03,71.71000,72.18000,68.86000,69.48000,208300
2022-03-04,68.66000,69.42000,66.70000,67.45000,223400
2022-03-07,67.34000,67.37000,64.18000,64.46000,275100
2022-03-08,63.46000,64.84000,61.07000,63.90000,285500
2022-03-09,65.70000,65.72000,64.44000,64.79000,158900
2022-03-10,63.40000,64.40000,61.93000,64.09000,122800
2022-03-11,64.74000,64.74000,59.50000,59.70000,488400
2022-03-14,58.60000,60.98000,56.84000,57.43000,215200
2022-03-15,57.86000,60.45000,57.64000,59.03000,235900
2022-03-16,60.10000,62.89000,59.09000,62.77000,211500
2022-03-17,62.27000,66.25000,62.27000,65.59000,178300
2022-03-18,65.69000,66.52000,64.97000,66.36000,321500
2022-03-21,66.01000,66.35000,63.84000,64.50000,137000
2022-03-22,64.39000,65.82000,64.06000,64.99000,177800
2022-03-23,64.24000,64.24000,61.70000,62.31000,168800
2022-03-24,62.92000,63.37000,60.80000,63.23000,268500
2022-03-25,62.65000,63.90000,61.96000,62.52000,162200
2022-03-28,62.40000,63.07000,61.24000,62.55000,287300
2022-03-29,63.68000,65.51000,63.68000,64.60000,184900
2022-03-30,64.19000,65.33000,63.93000,64.24000,150800
2022-03-31,64.18000,66.30000,63.12000,65.67000,163800
2022-04-01,65.59000,68.58000,65.22000,66.01000,179800
2022-04-04,66.04000,66.15000,62.69000,64.50000,263400
2022-04-05,64.69000,65.10000,63.00000,63.46000,218300
2022-04-06,61.92000,62.85000,60.37000,62.04000,118000
2022-04-07,61.92000,62.93000,61.35000,62.02000,144900
2022-04-08,61.59000,62.43000,60.62000,61.11000,130200
2022-04-11,60.48000,61.54000,58.52000,59.10000,161900
2022-04-12,59.10000,60.56000,58.71000,59.06000,200400
2022-04-13,59.23000,59.99000,57.83000,58.76000,170700
2022-04-14,59.73000,59.86000,55.85000,57.05000,259300
2022-04-18,56.86000,57.41000,54.57000,55.90000,234200
2022-04-19,55.90000,60.33000,55.90000,59.99000,260500
2022-04-20,60.39000,62.31000,59.90000,60.86000,214000
2022-04-21,61.93000,62.19000,59.29000,59.73000,184900
2022-04-22,59.29000,59.48000,58.12000,58.28000,362200
2022-04-25,57.80000,59.81000,57.80000,59.21000,205000
2022-04-26,58.53000,58.76000,56.27000,56.38000,223300
2022-04-27,56.31000,56.94000,54.89000,55.41000,270200
2022-04-28,56.02000,58.83000,52.51000,54.00000,272500
2022-04-29,53.99000,54.88000,51.39000,51.93000,521800
2022-05-02,52.04000,55.40000,52.04000,54.75000,341000
2022-05-03,54.33000,56.18000,53.60000,54.63000,262600
2022-05-04,54.63000,54.94000,48.92000,53.33000,508700
2022-05-05,52.37000,53.10000,48.20000,49.51000,411700
2022-05-06,49.65000,49.65000,44.73000,44.98000,320500
2022-05-09,44.21000,44.98000,40.20000,40.53000,416300
2022-05-10,41.59000,42.50000,39.27000,40.49000,472900
2022-05-11,40.56000,43.97000,39.25000,39.59000,477000
2022-05-12,38.64000,42.62000,38.64000,41.68000,538200
2022-05-13,42.64000,43.75000,41.87000,42.89000,191700
2022-05-16,42.63000,43.41000,41.27000,41.44000,238400
2022-05-17,42.44000,43.12000,42.28000,43.08000,313800
2022-05-18,42.08000,42.75000,41.33000,41.77000,309200
2022-05-19,41.41000,43.16000,41.02000,42.39000,317700
2022-05-20,43.12000,43.82000,41.83000,43.67000,278200
2022-05-23,44.14000,44.51000,42.93000,43.38000,249300
2022-05-24,43.03000,43.71000,41.11000,41.34000,235400
2022-05-25,41.41000,42.84000,41.30000,42.08000,246000
2022-05-26,42.29000,42.73000,41.05000,41.33000,275000
2022-05-27,41.79000,42.82000,41.38000,42.08000,164100
2022-05-31,42.47000,42.59000,40.35000,40.63000,275000
2022-06-01,40.91000,41.63000,39.24000,39.94000,212600
2022-06-02,39.89000,43.08000,39.53000,43.02000,303800
2022-06-03,42.56000,43.56000,41.34000,42.05000,215700
2022-06-06,42.61000,42.81000,41.33000,41.76000,196600
2022-06-07,41.45000,42.75000,41.19000,42.09000,165400
2022-06-08,41.98000,43.03000,41.89000,42.09000,248600
2022-06-09,41.54000,41.54000,39.15000,39.20000,259700
2022-06-10,38.30000,39.46000,38.21000,38.86000,307600
2022-06-13,37.40000,39.03000,36.34000,36.78000,258000
2022-06-14,36.88000,36.88000,35.00000,35.16000,349600
2022-06-15,35.80000,36.62000,35.00000,35.90000,284500
2022-06-16,35.00000,35.30000,32.84000,35.10000,304300
2022-06-17,35.97000,37.30000,35.65000,36.23000,487300
2022-06-21,36.98000,37.87000,36.69000,37.28000,418800
2022-06-22,36.89000,39.00000,36.89000,38.54000,319100
2022-06-23,38.76000,40.12000,38.74000,39.44000,247800
2022-06-24,39.08000,41.24000,39.08000,40.92000,747300
2022-06-27,41.28000,41.34000,40.39000,40.71000,226800
2022-06-28,40.55000,41.10000,39.44000,39.66000,159600
2022-06-29,39.80000,40.97000,38.54000,40.78000,321700
2022-06-30,40.30000,40.99000,39.16000,40.86000,333200
2022-07-01,40.60000,41.77000,40.07000,41.01000,276400
2022-07-05,40.80000,42.78000,39.91000,42.50000,287500
2022-07-06,42.50000,43.28000,41.98000,42.61000,195400
2022-07-07,42.71000,44.05000,42.67000,44.02000,221500
2022-07-08,43.39000,44.46000,42.50000,43.78000,279600
2022-07-11,43.56000,44.25000,41.76000,42.08000,197900
2022-07-12,42.54000,42.82000,41.58000,42.70000,209200
2022-07-13,41.86000,42.97000,41.60000,42.56000,177200
2022-07-14,42.31000,44.13000,41.63000,42.46000,124100
2022-07-15,43.40000,44.15000,42.45000,43.75000,201200
2022-07-18,43.99000,44.78000,43.11000,43.29000,200800
2022-07-19,43.81000,44.89000,42.61000,43.91000,179900
2022-07-20,44.30000,46.95000,44.30000,46.91000,401500
2022-07-21,46.79000,47.92000,46.41000,47.82000,263600
2022-07-22,47.82000,48.64000,45.35000,46.08000,239300
2022-07-25,46.09000,47.59000,44.68000,44.85000,422000
2022-07-26,44.69000,45.88000,44.14000,45.28000,266300
2022-07-27,45.92000,48.16000,45.33000,47.97000,312700
2022-07-28,48.42000,49.07000,46.55000,48.75000,200400
2022-07-29,48.54000,49.55000,47.74000,49.41000,275600
2022-08-01,48.59000,50.02000,48.25000,48.85000,217000
2022-08-02,48.23000,49.76000,48.23000,49.69000,201600
2022-08-03,49.59000,50.14000,46.66000,49.38000,335400
2022-08-04,49.81000,51.17000,48.02000,48.90000,234000
2022-08-05,48.00000,51.06000,47.52000,50.94000,282600
2022-08-08,51.00000,52.26000,51.00000,51.44000,261400
2022-08-09,51.08000,51.21000,48.63000,48.92000,196700
2022-08-10,50.26000,50.85000,49.46000,50.80000,155200
2022-08-11,51.20000,52.48000,50.53000,50.73000,119100
2022-08-12,50.96000,52.90000,50.60000,51.98000,139800
2022-08-15,51.79000,52.92000,50.76000,52.62000,179300
2022-08-16,52.42000,52.96000,50.99000,52.61000,222300
2022-08-17,52.00000,52.48000,49.93000,50.55000,280400
2022-08-18,50.25000,50.87000,49.51000,50.43000,174800
2022-08-19,50.10000,50.26000,47.66000,48.62000,265400
2022-08-22,47.83000,49.12000,47.83000,48.38000,220900
2022-08-23,48.43000,48.43000,46.66000,47.55000,247000
2022-08-24,47.63000,48.67000,47.50000,48.53000,198000
2022-08-25,48.99000,49.97000,48.69000,49.35000,193300
2022-08-26,49.35000,49.62000,46.87000,47.04000,241200
2022-08-29,46.35000,46.83000,45.12000,45.86000,278300
2022-08-30,46.09000,46.48000,45.54000,45.73000,261600
2022-08-31,46.27000,47.11000,45.53000,45.62000,297700
2022-09-01,45.00000,46.43000,42.31000,43.03000,501600
2022-09-02,43.39000,43.74000,42.37000,42.82000,223800
2022-09-06,42.67000,43.17000,40.42000,42.82000,209000
2022-09-07,42.83000,44.20000,42.83000,44.07000,294100
2022-09-08,43.58000,45.48000,43.37000,45.25000,164600
2022-09-09,45.58000,47.03000,45.18000,46.45000,155400
2022-09-12,46.45000,47.50000,46.15000,47.32000,205800
2022-09-13,45.20000,46.76000,45.20000,46.40000,408900
2022-09-14,46.06000,46.38000,45.77000,46.37000,153500
2022-09-15,45.90000,47.27000,45.70000,45.90000,150200
2022-09-16,45.14000,45.14000,43.45000,44.99000,396800
2022-09-19,44.50000,44.56000,42.91000,44.19000,159100
2022-09-20,43.64000,43.73000,42.88000,43.45000,156100
2022-09-21,43.92000,44.26000,42.81000,42.97000,246900
2022-09-22,43.00000,43.26000,41.24000,41.72000,545400
2022-09-23,41.26000,41.73000,38.35000,38.56000,464500
2022-09-26,38.29000,39.67000,38.02000,38.93000,185300
2022-09-27,39.42000,39.65000,37.81000,38.25000,167200
2022-09-28,38.75000,39.97000,38.45000,39.53000,356000
2022-09-29,39.00000,39.88000,38.89000,39.54000,498400
2022-09-30,39.77000,41.06000,39.07000,39.10000,298100
2022-10-03,39.44000,40.35000,38.91000,40.01000,338200
2022-10-04,40.96000,41.57000,40.33000,40.52000,305500
2022-10-05,39.68000,40.35000,38.60000,40.16000,368100
2022-10-06,40.15000,40.72000,39.18000,39.59000,221800
2022-10-07,39.02000,39.30000,37.91000,38.35000,259500
2022-10-10,38.46000,38.75000,35.96000,35.98000,268700
2022-10-11,35.98000,36.29000,34.35000,34.86000,279300
2022-10-12,34.83000,34.83000,33.78000,34.07000,231800
2022-10-13,33.09000,35.45000,32.51000,35.14000,392300
2022-10-14,35.73000,35.99000,33.40000,33.48000,275300
2022-10-17,33.98000,36.56000,33.98000,36.17000,454400
2022-10-18,37.22000,38.80000,36.89000,37.40000,787000
2022-10-19,37.07000,37.24000,35.45000,36.41000,212800
2022-10-20,36.35000,38.01000,36.26000,36.44000,203400
2022-10-21,36.62000,36.91000,35.49000,36.73000,168700
2022-10-24,37.20000,37.36000,36.08000,36.60000,123200
2022-10-25,36.83000,39.02000,36.83000,38.79000,302100
2022-10-26,39.06000,42.36000,38.90000,41.54000,328400
2022-10-27,41.97000,42.01000,40.34000,40.51000,322200
2022-10-28,40.46000,42.07000,39.94000,41.91000,227200
2022-10-31,41.59000,42.75000,41.54000,42.12000,363900
2022-11-01,42.32000,44.40000,41.93000,42.94000,1099000
2022-11-02,41.78000,42.62000,39.65000,40.35000,931000
2022-11-03,40.15000,41.49000,39.15000,41.36000,447500
2022-11-04,42.16000,42.16000,38.63000,39.65000,272100
2022-11-07,40.23000,40.75000,39.32000,40.40000,211300
2022-11-08,40.50000,40.81000,39.01000,40.64000,200200
2022-11-09,40.22000,40.40000,38.63000,38.90000,222100
2022-11-10,41.34000,43.47000,40.66000,43.02000,352400
2022-11-11,43.44000,45.47000,43.40000,45.20000,257100
2022-11-14,44.87000,46.14000,44.29000,46.07000,292100
2022-11-15,47.08000,48.79000,46.45000,47.45000,287700
2022-11-16,47.10000,49.60000,45.76000,46.52000,259100
2022-11-17,45.43000,46.26000,44.91000,45.17000,224900
2022-11-18,46.23000,47.22000,45.02000,46.08000,181900
2022-11-21,45.86000,47.44000,45.76000,45.94000,220200
2022-11-22,46.17000,46.48000,43.52000,45.70000,261200
2022-11-23,45.83000,45.90000,44.83000,45.38000,173800
2022-11-25,45.12000,45.88000,45.01000,45.83000,77300
2022-11-28,45.38000,45.63000,43.34000,43.86000,203700
2022-11-29,43.73000,44.87000,43.37000,43.48000,140400
2022-11-30,43.76000,45.59000,42.82000,45.56000,212700
2022-12-01,45.85000,46.18000,44.13000,45.96000,364900
2022-12-02,45.09000,46.02000,43.80000,45.56000,132700
2022-12-05,45.00000,45.00000,43.30000,43.65000,178600
2022-12-06,43.65000,43.92000,42.04000,42.35000,301900
2022-12-07,42.34000,44.49000,41.63000,43.05000,232100
2022-12-08,43.39000,44.07000,42.74000,43.86000,269000
2022-12-09,43.71000,43.94000,42.51000,42.54000,199300
2022-12-12,42.80000,43.58000,41.96000,42.71000,412900
2022-12-13,44.68000,45.42000,43.87000,45.30000,273600
2022-12-14,45.19000,46.41000,43.79000,43.92000,233400
2022-12-15,43.34000,43.75000,42.04000,42.47000,207300
2022-12-16,41.69000,42.30000,40.85000,41.37000,383500
2022-12-19,41.70000,42.75000,40.73000,42.53000,289700
2022-12-20,42.17000,43.97000,42.17000,43.73000,236800
2022-12-21,44.39000,45.49000,43.72000,43.92000,218200
2022-12-22,43.60000,45.25000,42.79000,44.19000,163600
2022-12-23,44.05000,44.44000,43.21000,43.69000,175300
2022-12-27,43.75000,44.32000,41.33000,42.48000,210300
2022-12-28,42.61000,43.67000,42.28000,43.11000,150800
2022-12-29,43.65000,44.96000,43.09000,44.44000,144300
2022-12-30,43.85000,44.58000,42.96000,44.38000,131700
2023-01-03,45.00000,45.89000,43.87000,44.84000,392000
2023-01-04,45.36000,46.39000,44.55000,45.08000,391900
2023-01-05,44.64000,45.86000,43.90000,45.09000,208600
2023-01-06,45.34000,46.40000,44.11000,45.72000,249200
2023-01-09,46.02000,46.10000,43.49000,43.90000,317300
2023-01-10,43.79000,44.82000,42.18000,42.34000,395700
2023-01-11,42.47000,42.79000,40.49000,41.91000,251400
2023-01-12,42.21000,42.25000,40.72000,42.14000,179500
2023-01-13,41.98000,43.14000,41.98000,43.13000,191400
2023-01-17,43.12000,43.89000,42.63000,43.34000,187800
2023-01-18,44.32000,44.32000,42.28000,42.46000,179900
2023-01-19,41.94000,42.36000,40.77000,42.07000,249000
2023-01-20,42.65000,43.01000,41.69000,42.43000,237200
2023-01-23,42.50000,43.16000,41.65000,43.11000,356300
2023-01-24,43.00000,43.51000,41.74000,42.27000,225000
2023-01-25,41.76000,43.07000,41.46000,43.07000,173200
2023-01-26,43.62000,44.69000,42.75000,43.15000,193200
2023-01-27,43.07000,43.50000,42.59000,43.30000,589800
2023-01-30,43.02000,44.10000,42.35000,43.43000,233100
2023-01-31,43.86000,45.26000,43.12000,43.28000,251400
2023-02-01,43.36000,44.42000,42.72000,44.16000,481100
2023-02-02,44.82000,47.25000,44.78000,47.22000,382400
2023-02-03,46.59000,47.85000,46.00000,47.20000,186700
2023-02-06,47.41000,47.41000,44.06000,44.09000,296900
2023-02-07,43.74000,44.37000,42.16000,44.35000,439900
2023-02-08,44.04000,44.51000,42.50000,42.75000,324200
2023-02-09,43.07000,44.23000,42.35000,42.66000,619300
2023-02-10,42.53000,43.21000,42.13000,43.11000,217500
2023-02-13,43.25000,43.85000,42.32000,43.13000,197300
2023-02-14,42.90000,43.75000,42.52000,43.14000,192200
2023-02-15,42.89000,43.54000,42.35000,42.40000,342700
2023-02-16,41.60000,43.29000,40.72000,40.80000,461700
2023-02-17,40.84000,41.38000,39.97000,40.34000,530000
2023-02-21,39.50000,40.23000,38.21000,39.24000,681200
2023-02-22,39.71000,43.10000,39.03000,42.48000,972200
2023-02-23,42.77000,42.77000,40.56000,42.01000,416500
2023-02-24,41.17000,41.78000,39.74000,39.81000,362000
2023-02-27,40.17000,40.50000,39.32000,39.44000,310400
2023-02-28,39.38000,40.08000,38.37000,38.50000,426600
2023-03-01,38.43000,39.29000,38.25000,38.81000,285100
2023-03-02,38.26000,39.26000,37.91000,39.17000,284500
2023-03-03,39.40000,39.97000,39.20000,39.93000,227800
2023-03-06,40.10000,40.10000,38.07000,38.62000,392000
2023-03-07,38.66000,39.75000,37.40000,37.89000,405500
2023-03-08,38.06000,38.45000,37.65000,38.00000,306500
2023-03-09,38.13000,38.74000,37.40000,37.46000,225600
2023-03-10,37.19000,37.19000,35.28000,35.87000,316600
2023-03-13,35.70000,37.87000,35.20000,37.26000,344000
2023-03-14,38.32000,38.82000,37.26000,38.71000,500400
2023-03-15,37.83000,39.22000,37.26000,39.14000,438900
2023-03-16,38.73000,39.84000,38.62000,39.35000,383400
2023-03-17,39.39000,39.99000,38.73000,39.20000,663700
2023-03-20,39.35000,39.59000,38.28000,38.99000,427700
2023-03-21,39.35000,40.14000,39.12000,39.32000,352400
2023-03-22,39.40000,39.98000,38.69000,38.76000,472200
2023-03-23,39.14000,39.59000,37.90000,37.98000,284500
2023-03-24,37.69000,41.06000,37.52000,40.83000,818300
2023-03-27,41.14000,41.43000,40.18000,40.45000,228000
2023-03-28,40.39000,41.03000,40.02000,40.64000,189200
2023-03-29,40.94000,41.29000,40.26000,40.87000,264600
2023-03-30,41.18000,41.72000,40.69000,41.16000,185200
2023-03-31,41.47000,42.18000,41.34000,41.45000,277300
2023-04-03,41.45000,42.37000,41.05000,41.63000,248900
2023-04-04,41.70000,42.03000,41.00000,41.06000,315800
2023-04-05,41.07000,41.60000,40.63000,41.03000,289100
2023-04-06,41.22000,41.43000,40.20000,40.44000,447100
2023-04-10,40.28000,41.16000,39.03000,41.12000,396600
2023-04-11,41.15000,41.89000,41.15000,41.75000,208200
2023-04-12,42.25000,42.96000,41.62000,42.31000,219900
2023-04-13,42.51000,43.31000,42.21000,43.29000,115000
2023-04-14,43.21000,43.59000,42.15000,42.45000,156300
2023-04-17,42.61000,42.90000,42.16000,42.74000,157100
2023-04-18,42.99000,42.99000,41.38000,41.67000,291500
2023-04-19,41.59000,42.31000,41.20000,42.06000,287700
2023-04-20,41.93000,42.62000,41.40000,41.88000,244700
2023-04-21,42.20000,42.44000,41.60000,41.95000,192100
2023-04-24,42.09000,42.15000,41.28000,41.39000,217100
2023-04-25,41.06000,42.21000,41.01000,41.79000,203400
2023-04-26,41.54000,42.34000,41.35000,42.25000,228700
2023-04-27,42.33000,43.08000,41.95000,42.53000,335700
2023-04-28,42.50000,44.06000,42.38000,43.99000,363000
2023-05-01,44.31000,45.73000,44.30000,45.12000,536900
2023-05-02,44.68000,44.72000,43.09000,43.94000,462300
2023-05-03,47.12000,49.34000,45.96000,48.33000,782700
2023-05-04,47.98000,48.54000,47.00000,47.13000,355600
2023-05-05,47.75000,48.39000,46.16000,48.34000,401800
2023-05-08,48.22000,48.24000,45.48000,47.76000,274300
2023-05-09,47.35000,48.27000,46.99000,47.92000,194000
2023-05-10,48.65000,49.61000,47.89000,49.01000,241400
2023-05-11,48.77000,48.87000,47.99000,48.16000,200700
2023-05-12,48.16000,48.19000,47.18000,48.08000,193900
2023-05-15,48.25000,48.56000,47.37000,47.95000,305700
2023-05-16,47.52000,49.23000,46.95000,49.00000,344200
2023-05-17,49.21000,49.65000,47.82000,48.62000,229100
2023-05-18,48.38000,49.41000,47.81000,48.89000,258800
2023-05-19,49.36000,50.85000,48.14000,48.29000,305800
2023-05-22,48.24000,49.56000,48.24000,49.32000,218900
2023-05-23,49.17000,50.45000,48.00000,48.13000,329300
2023-05-24,47.95000,48.22000,47.35000,47.71000,252400
2023-05-25,47.66000,47.75000,46.59000,47.07000,201700
2023-05-26,47.01000,47.66000,46.58000,46.91000,170400
2023-05-30,46.86000,47.24000,45.61000,45.71000,179700
2023-05-31,45.78000,46.31000,43.64000,44.97000,400600
2023-06-01,44.99000,45.89000,44.26000,45.78000,153300
2023-06-02,46.31000,47.10000,45.85000,46.93000,176600
2023-06-05,46.64000,47.80000,46.34000,47.08000,246000
2023-06-06,47.03000,48.64000,46.90000,48.39000,384500
2023-06-07,48.56000,49.41000,47.81000,48.82000,251600
2023-06-08,48.63000,48.81000,47.09000,47.86000,189300
2023-06-09,47.92000,48.22000,47.12000,47.15000,140300
2023-06-12,47.03000,47.64000,46.67000,47.23000,208800
2023-06-13,47.34000,48.44000,47.34000,48.20000,214900
2023-06-14,48.60000,49.60000,48.06000,49.08000,304600
2023-06-15,49.00000,49.69000,48.72000,49.12000,236900
2023-06-16,49.90000,50.00000,47.97000,48.11000,386900
2023-06-20,47.58000,49.27000,47.26000,48.87000,272300
2023-06-21,48.65000,48.86000,47.63000,48.78000,216800
2023-06-22,48.76000,49.59000,48.30000,48.99000,175200
2023-06-23,48.60000,48.94000,47.64000,47.87000,445500
2023-06-26,47.68000,48.84000,47.52000,48.74000,201100
2023-06-27,48.87000,49.08000,47.60000,48.57000,211000
2023-06-28,48.69000,49.85000,48.48000,49.39000,262300
2023-06-29,49.47000,50.72000,48.87000,49.60000,195800
2023-06-30,49.97000,50.44000,49.33000,49.36000,242200
2023-07-03,48.78000,49.18000,48.31000,48.92000,78300
2023-07-05,48.72000,49.29000,48.30000,48.61000,215100
2023-07-06,47.98000,48.74000,47.57000,48.44000,457200
2023-07-07,48.55000,49.28000,48.02000,48.34000,233100
2023-07-10,48.25000,50.29000,48.25000,49.77000,247500
2023-07-11,49.85000,50.25000,48.96000,50.01000,135700
2023-07-12,51.08000,52.35000,50.87000,52.01000,418500
2023-07-13,52.36000,53.70000,52.30000,53.39000,423600
2023-07-14,53.21000,53.38000,52.17000,52.74000,174200
2023-07-17,52.88000,53.97000,52.36000,53.30000,382200
2023-07-18,53.44000,54.69000,52.81000,54.27000,377800
2023-07-19,54.36000,54.49000,53.28000,53.40000,351400
2023-07-20,53.50000,54.59000,53.08000,54.31000,335500
2023-07-21,54.49000,54.75000,53.47000,54.12000,330500
2023-07-24,53.93000,54.16000,52.39000,53.34000,417100
2023-07-25,52.97000,54.15000,52.91000,53.19000,401200
2023-07-26,56.75000,59.61000,54.59000,57.73000,1325100
2023-07-27,57.82000,58.00000,54.45000,54.74000,434600
2023-07-28,55.05000,55.57000,54.51000,55.35000,234200
2023-07-31,55.29000,55.60000,54.69000,55.35000,170400
2023-08-01,55.31000,56.31000,55.03000,56.25000,345400
2023-08-02,55.83000,57.77000,55.16000,56.90000,380200
2023-08-03,56.63000,57.56000,56.21000,56.86000,243100
2023-08-04,56.69000,57.40000,56.47000,57.23000,180500
2023-08-07,57.22000,57.22000,54.91000,55.06000,263100
2023-08-08,54.67000,54.67000,52.44000,52.44000,371700
2023-08-09,52.30000,52.73000,51.64000,51.86000,212400
2023-08-10,51.70000,52.00000,51.03000,51.28000,410400
2023-08-11,50.88000,52.04000,50.88000,51.72000,207400
2023-08-14,51.70000,52.19000,51.18000,51.68000,149400
2023-08-15,51.50000,52.34000,51.31000,51.90000,141100
2023-08-16,51.94000,52.12000,49.49000,49.65000,412300
2023-08-17,49.69000,50.23000,47.81000,47.96000,464400
2023-08-18,47.63000,48.26000,46.54000,46.60000,443900
2023-08-21,46.43000,47.66000,46.21000,47.19000,266400
2023-08-22,47.40000,48.56000,47.29000,48.09000,238300
2023-08-23,48.19000,48.27000,46.93000,46.97000,305500
2023-08-24,46.73000,46.74000,45.37000,45.56000,265900
2023-08-25,45.72000,46.23000,45.00000,46.00000,184100
2023-08-28,46.25000,46.62000,45.42000,46.33000,472700
2023-08-29,46.33000,46.58000,45.84000,46.48000,460300
2023-08-30,46.55000,47.13000,46.04000,46.09000,218800
2023-08-31,46.09000,46.49000,45.13000,45.15000,259600
2023-09-01,45.53000,46.22000,45.16000,45.71000,241500
2023-09-05,45.35000,45.59000,44.66000,45.23000,261200
2023-09-06,45.48000,45.80000,44.82000,44.85000,207200
2023-09-07,44.78000,44.78000,42.89000,43.51000,246200
2023-09-08,43.55000,43.77000,41.53000,41.61000,396600
2023-09-11,41.95000,44.06000,41.60000,43.09000,348600
2023-09-12,43.00000,43.63000,42.39000,43.45000,315500
2023-09-13,43.39000,44.57000,42.68000,44.22000,261000
2023-09-14,44.36000,44.92000,43.86000,44.38000,274600
2023-09-15,44.71000,44.85000,43.61000,44.65000,589900
2023-09-18,44.63000,44.63000,43.39000,43.46000,258500
2023-09-19,43.30000,43.68000,42.63000,43.41000,251700
2023-09-20,43.68000,43.71000,41.71000,41.73000,298300
2023-09-21,41.62000,42.18000,41.31000,41.74000,336900
2023-09-22,41.71000,42.10000,40.89000,41.12000,312400
2023-09-25,40.99000,41.81000,40.84000,41.70000,225900
2023-09-26,41.39000,42.52000,41.26000,42.35000,420500
2023-09-27,42.48000,43.28000,42.08000,42.94000,453100
2023-09-28,43.19000,44.23000,42.99000,43.91000,337600
2023-09-29,44.52000,44.64000,43.54000,43.80000,403800
2023-10-02,43.46000,43.50000,42.25000,43.25000,354900
2023-10-03,43.18000,43.54000,41.72000,41.81000,212900
2023-10-04,41.81000,42.08000,40.91000,41.05000,179700
2023-10-05,41.13000,42.03000,40.23000,41.08000,336800
2023-10-06,40.83000,42.08000,40.29000,41.79000,289300
2023-10-09,41.39000,41.78000,40.34000,40.42000,154100
2023-10-10,40.21000,41.76000,40.20000,40.92000,311400
2023-10-11,40.89000,40.89000,37.97000,38.76000,369600
2023-10-12,38.76000,40.52000,36.22000,36.46000,477400
2023-10-13,36.49000,37.05000,35.98000,36.59000,345800
2023-10-16,36.92000,37.14000,36.34000,36.89000,343400
2023-10-17,36.40000,37.60000,35.39000,35.56000,391700
2023-10-18,35.52000,36.27000,34.90000,35.87000,398600
2023-10-19,35.97000,36.30000,35.02000,35.29000,197800
2023-10-20,35.35000,36.30000,35.03000,35.56000,251000
2023-10-23,36.27000,37.30000,35.16000,35.42000,407600
2023-10-24,35.78000,36.37000,35.62000,35.92000,255700
2023-10-25,35.51000,35.51000,34.20000,34.33000,250700
2023-10-26,34.52000,34.68000,33.45000,33.89000,206100
2023-10-27,33.94000,34.00000,32.90000,33.34000,353300
2023-10-30,33.74000,34.27000,33.13000,33.52000,485700
2023-10-31,33.80000,35.15000,33.55000,34.64000,536300
2023-11-01,34.43000,35.37000,33.87000,35.01000,585900
2023-11-02,37.93000,38.77000,36.02000,36.58000,1140200
2023-11-03,37.38000,37.54000,36.07000,36.98000,651000
2023-11-06,36.98000,38.64000,36.92000,37.86000,449000
2023-11-07,37.78000,37.99000,37.21000,37.48000,189800
2023-11-08,37.71000,37.71000,36.44000,37.04000,189300
2023-11-09,37.04000,37.45000,34.99000,35.47000,370900
2023-11-10,35.55000,35.55000,34.27000,35.07000,420700
2023-11-13,35.88000,37.50000,35.24000,36.89000,603000
2023-11-14,38.20000,40.63000,38.20000,40.62000,752400
2023-11-15,40.61000,42.99000,40.24000,42.53000,735700
2023-11-16,42.47000,42.93000,41.73000,41.93000,310800
2023-11-17,42.10000,42.60000,41.21000,41.50000,302400
2023-11-20,41.76000,42.07000,41.20000,41.94000,195300
2023-11-21,41.66000,42.09000,40.51000,41.70000,294400
2023-11-22,42.26000,43.00000,41.66000,41.80000,384800
2023-11-24,41.49000,42.79000,41.01000,42.08000,166700
2023-11-27,41.80000,42.43000,41.30000,42.00000,305100
2023-11-28,41.63000,42.99000,32.27000,36.70000,2530100
2023-11-29,37.00000,37.66000,35.08000,35.49000,1292500
2023-11-30,35.50000,35.72000,32.89000,35.48000,1925700
2023-12-01,35.38000,37.63000,34.91000,36.57000,1025200
2023-12-04,36.70000,37.30000,35.70000,36.48000,382700
2023-12-05,36.28000,36.28000,33.51000,34.80000,588100
2023-12-06,35.14000,35.19000,32.87000,32.99000,801600
2023-12-07,32.98000,33.83000,32.45000,33.44000,529200
2023-12-08,33.43000,34.46000,32.95000,34.14000,600200
2023-12-11,34.15000,34.43000,33.58000,33.66000,302400
2023-12-12,33.47000,34.34000,32.50000,34.20000,637500
2023-12-13,34.23000,35.82000,33.40000,34.77000,688300
2023-12-14,35.54000,36.84000,35.07000,36.40000,667900
2023-12-15,36.59000,36.90000,34.84000,35.66000,991800
2023-12-18,36.10000,36.40000,35.22000,35.27000,444400
2023-12-19,35.56000,36.61000,35.14000,35.87000,367100
2023-12-20,35.87000,36.28000,34.42000,34.48000,407900
2023-12-21,35.20000,36.04000,34.94000,35.95000,343900
2023-12-22,36.15000,37.21000,35.93000,37.10000,507400
2023-12-26,37.31000,37.72000,36.55000,37.31000,205400
2023-12-27,37.19000,37.82000,36.64000,37.10000,193300
2023-12-28,36.90000,37.40000,36.60000,36.73000,195200
2023-12-29,36.63000,36.82000,35.50000,35.69000,250400
2024-01-02,35.41000,36.34000,34.94000,35.32000,406200
2024-01-03,35.07000,35.10000,33.14000,33.70000,599300
2024-01-04,33.77000,33.77000,32.41000,32.88000,561100
2024-01-05,32.52000,33.31000,32.17000,33.03000,356000
2024-01-08,35.79000,36.13000,33.60000,35.03000,953900
2024-01-09,34.23000,35.61000,33.88000,34.14000,547400
2024-01-10,34.19000,35.49000,34.13000,35.35000,479800
2024-01-11,35.14000,35.52000,34.37000,34.98000,543300
2024-01-12,35.46000,35.81000,34.65000,34.99000,400700
2024-01-16,34.48000,34.94000,33.73000,33.91000,698500
2024-01-17,33.34000,33.59000,32.60000,33.41000,518800
2024-01-18,33.61000,33.61000,32.44000,33.00000,353200
2024-01-19,33.12000,33.62000,32.30000,33.52000,352800
2024-01-22,34.28000,34.97000,33.84000,34.28000,492900
2024-01-23,34.77000,35.48000,33.62000,34.00000,853500
2024-01-24,34.41000,34.44000,33.50000,33.58000,356800
2024-01-25,34.23000,34.23000,33.11000,33.50000,325400
2024-01-26,33.79000,34.07000,32.87000,33.25000,441200
2024-01-29,33.13000,34.59000,33.06000,34.20000,526500
2024-01-30,33.99000,34.49000,33.55000,33.92000,413300
2024-01-31,34.05000,35.84000,33.92000,34.06000,541700
2024-02-01,34.15000,34.47000,33.45000,33.68000,606700
2024-02-02,33.09000,33.78000,32.57000,33.30000,530800
2024-02-05,32.97000,33.74000,32.86000,33.08000,521700
2024-02-06,32.91000,33.40000,32.84000,33.17000,513700
2024-02-07,33.17000,33.53000,32.85000,33.01000,432800
2024-02-08,32.83000,32.83000,30.74000,32.39000,656900
2024-02-09,32.37000,32.95000,32.15000,32.92000,532800
2024-02-12,32.88000,33.65000,32.41000,33.52000,483300
2024-02-13,32.04000,32.53000,31.48000,31.71000,460600
2024-02-14,32.09000,32.57000,31.76000,32.54000,567100
2024-02-15,32.93000,34.32000,32.50000,34.21000,1105400
2024-02-16,34.15000,34.38000,29.68000,32.72000,1650200
2024-02-20,32.37000,33.46000,32.28000,33.01000,639400
2024-02-21,32.83000,33.10000,32.16000,33.03000,379400
2024-02-22,32.89000,34.51000,32.89000,34.00000,511500
2024-02-23,33.83000,34.00000,32.91000,33.56000,418300
2024-02-26,33.32000,33.73000,33.00000,33.14000,708700
2024-02-27,33.12000,35.10000,33.08000,34.19000,713800
2024-02-28,33.80000,34.15000,33.51000,33.96000,1076500
2024-02-29,34.72000,35.26000,34.49000,34.97000,987900
2024-03-01,35.01000,36.32000,34.64000,36.28000,948200
2024-03-04,36.28000,37.56000,35.85000,37.52000,526100
2024-03-05,37.36000,37.86000,36.57000,37.78000,950400
2024-03-06,38.00000,38.65000,37.55000,37.76000,889200
2024-03-07,38.06000,39.05000,37.09000,37.17000,680400
2024-03-08,37.45000,38.12000,36.14000,36.15000,474000
2024-03-11,36.00000,37.31000,35.59000,36.92000,1186500
2024-03-12,36.72000,36.83000,34.61000,34.95000,623900
2024-03-13,34.63000,35.04000,33.68000,33.99000,636900
2024-03-14,33.82000,33.88000,32.42000,32.52000,1164900
2024-03-15,32.26000,32.66000,31.38000,32.14000,674700
2024-03-18,32.16000,32.53000,31.49000,31.94000,606100
2024-03-19,31.69000,32.08000,31.47000,31.51000,706600
2024-03-20,31.26000,31.26000,28.66000,30.47000,1233400
2024-03-21,30.67000,31.03000,29.66000,29.73000,664400
2024-03-22,29.91000,29.91000,28.21000,28.47000,965600
2024-03-25,28.62000,29.13000,27.92000,28.21000,746400
2024-03-26,28.54000,29.15000,28.07000,29.09000,602300
2024-03-27,29.54000,30.47000,29.09000,30.14000,841400
2024-03-28,30.00000,30.58000,29.61000,30.42000,542200
2024-04-01,30.39000,30.39000,28.77000,29.09000,569700
2024-04-02,28.65000,29.06000,26.92000,27.21000,549500
2024-04-03,26.85000,26.96000,26.15000,26.48000,989500
2024-04-04,26.80000,27.06000,25.83000,26.15000,784200
2024-04-05,26.07000,26.55000,25.95000,26.26000,510700
2024-04-08,26.41000,26.68000,26.12000,26.54000,751100
2024-04-09,26.63000,27.63000,26.50000,27.61000,1011100
2024-04-10,26.59000,27.25000,25.76000,25.90000,740500
2024-04-11,26.09000,26.27000,25.20000,25.31000,582100
2024-04-12,24.96000,24.97000,23.71000,24.09000,561600
2024-04-15,24.35000,24.52000,22.48000,22.90000,1315400
2024-04-16,22.75000,23.35000,22.42000,23.10000,1111400
2024-04-17,23.19000,24.01000,23.14000,23.45000,1057600
2024-04-18,23.37000,23.69000,22.87000,23.39000,976100
2024-04-19,23.30000,23.43000,22.87000,23.20000,470000
2024-04-22,23.21000,23.21000,22.27000,22.71000,684100
2024-04-23,23.92000,24.17000,23.12000,23.17000,947800
2024-04-24,23.08000,23.58000,22.90000,23.05000,420000
2024-04-25,22.62000,22.88000,22.07000,22.61000,326800
2024-04-26,22.70000,23.20000,22.57000,23.17000,380600
2024-04-29,23.21000,24.08000,23.01000,23.37000,708100
2024-04-30,23.09000,24.34000,22.63000,24.12000,965400
2024-05-01,24.09000,25.46000,23.71000,24.76000,1360900
2024-05-02,22.69000,23.56000,20.19000,22.22000,2753200
2024-05-03,22.83000,23.03000,20.78000,20.89000,961900
2024-05-06,21.18000,22.52000,20.94000,22.10000,1234900
2024-05-07,22.11000,22.11000,21.54000,21.87000,448400
2024-05-08,21.46000,21.77000,20.52000,20.69000,555100
2024-05-09,20.62000,22.05000,20.40000,22.00000,569500
2024-05-10,22.04000,22.32000,21.45000,22.30000,899400
2024-05-13,22.37000,23.51000,22.29000,22.47000,944900
2024-05-14,22.85000,23.24000,21.83000,21.89000,622700
2024-05-15,22.28000,22.99000,21.51000,22.12000,500500
2024-05-16,22.17000,22.67000,22.00000,22.63000,536200
2024-05-17,22.67000,23.16000,22.09000,23.14000,533700
2024-05-20,23.02000,24.02000,22.26000,22.31000,623800
2024-05-21,22.26000,22.51000,21.94000,22.45000,324100
2024-05-22,22.34000,22.85000,22.34000,22.74000,363200
2024-05-23,22.70000,22.70000,21.41000,22.46000,790100
2024-05-24,22.45000,23.52000,22.06000,23.19000,955800
2024-05-28,23.48000,23.48000,22.60000,22.67000,507000
2024-05-29,22.22000,22.44000,21.26000,21.61000,438900
2024-05-30,21.94000,22.89000,21.93000,22.26000,640100
2024-05-31,22.39000,23.55000,22.20000,22.54000,704100
2024-06-03,23.27000,23.49000,22.36000,22.42000,589300
2024-06-04,22.16000,22.64000,21.86000,22.51000,479700
2024-06-05,22.59000,22.68000,21.99000,22.20000,554600
2024-06-06,22.00000,22.69000,21.97000,22.58000,704400
2024-06-07,22.22000,22.94000,22.03000,22.42000,305600
2024-06-10,22.06000,22.46000,21.54000,21.85000,721000
2024-06-11,21.76000,22.27000,21.54000,21.92000,435500
2024-06-12,22.72000,22.91000,21.87000,22.06000,463700
2024-06-13,21.89000,22.06000,20.86000,20.97000,598700
2024-06-14,20.74000,21.26000,20.55000,20.76000,625700
2024-06-17,20.62000,20.90000,19.76000,19.86000,576800
2024-06-18,19.77000,23.26000,18.94000,21.20000,3498000
2024-06-20,21.41000,24.64000,21.14000,23.77000,2048800
2024-06-21,23.85000,24.03000,22.23000,22.94000,1382600
2024-06-24,22.80000,23.05000,21.86000,22.03000,764000
2024-06-25,21.96000,21.96000,21.07000,21.28000,693800
2024-06-26,21.10000,23.05000,21.08000,23.00000,883300
2024-06-27,22.99000,23.32000,22.69000,23.29000,857600
2024-06-28,23.48000,23.92000,22.40000,22.77000,2108600
2024-07-01,22.72000,23.03000,22.12000,22.50000,915000
2024-07-02,22.69000,22.69000,21.96000,22.39000,881100
2024-07-03,22.51000,22.54000,22.02000,22.45000,408300
2024-07-05,22.43000,23.81000,22.20000,23.67000,714900
2024-07-08,23.82000,23.84000,21.71000,21.84000,1178400
2024-07-09,21.77000,22.39000,21.51000,22.24000,932700
2024-07-10,22.35000,22.73000,21.79000,22.19000,792600
2024-07-11,22.68000,24.37000,22.53000,23.39000,1258500
2024-07-12,23.63000,23.95000,22.34000,23.19000,726300
2024-07-15,23.30000,24.27000,22.82000,23.78000,701400
2024-07-16,23.97000,25.74000,23.56000,25.30000,1343600
2024-07-17,25.03000,25.63000,24.82000,25.07000,1273200
2024-07-18,25.06000,26.80000,24.37000,24.67000,1719400
2024-07-19,24.89000,25.36000,23.71000,24.17000,865700
2024-07-22,24.20000,24.26000,23.39000,23.82000,848300
2024-07-23,23.50000,24.74000,23.45000,24.73000,592700
2024-07-24,24.75000,25.48000,23.99000,23.99000,494800
2024-07-25,23.83000,25.14000,23.49000,23.53000,1037500
2024-07-26,23.94000,24.10000,22.00000,22.10000,693900
2024-07-29,21.92000,22.79000,21.27000,21.96000,1512700
2024-07-30,22.04000,22.73000,21.65000,22.00000,1713200
2024-07-31,22.00000,23.93000,20.50000,21.57000,2043300
2024-08-01,21.34000,22.58000,20.75000,21.04000,1279300
2024-08-02,20.42000,22.14000,20.31000,22.05000,967200
2024-08-05,21.33000,22.02000,20.78000,21.43000,924700
2024-08-06,21.53000,21.89000,21.12000,21.56000,949800
2024-08-07,21.80000,21.80000,20.32000,20.34000,642300
2024-08-08,20.41000,21.66000,20.20000,21.49000,664800
2024-08-09,21.57000,21.84000,20.44000,20.91000,951400
2024-08-12,21.12000,21.55000,20.70000,21.11000,352900
2024-08-13,21.30000,22.63000,21.27000,22.49000,551800
2024-08-14,22.50000,23.41000,22.36000,22.53000,1142900
2024-08-15,22.81000,25.00000,22.81000,23.91000,695800
2024-08-16,23.79000,24.43000,23.47000,23.87000,709400
2024-08-19,23.58000,24.14000,23.36000,23.95000,488900
2024-08-20,23.81000,24.13000,23.44000,23.62000,534000
2024-08-21,23.82000,24.14000,23.27000,23.99000,386800
2024-08-22,23.97000,24.87000,23.97000,24.35000,476300
2024-08-23,24.59000,25.60000,24.48000,25.44000,494000
2024-08-26,25.44000,26.32000,25.24000,26.15000,556200
2024-08-27,26.14000,26.50000,25.53000,25.60000,547200
2024-08-28,25.54000,25.86000,25.24000,25.60000,304000
2024-08-29,25.79000,26.45000,25.26000,25.82000,347800
2024-08-30,25.99000,26.98000,25.69000,26.21000,488000
2024-09-03,25.83000,26.73000,25.50000,25.94000,585700
2024-09-04,25.74000,27.03000,25.74000,26.21000,444000
2024-09-05,26.30000,26.57000,25.58000,26.14000,458800
2024-09-06,26.16000,26.50000,25.50000,26.24000,430800
2024-09-09,26.45000,27.19000,25.94000,26.25000,804800
2024-09-10,26.23000,27.27000,26.13000,26.87000,547300
2024-09-11,26.58000,27.23000,25.95000,26.90000,625300
2024-09-12,26.96000,27.85000,26.85000,27.71000,637100
2024-09-13,27.99000,28.77000,27.56000,28.21000,794900
2024-09-16,28.27000,28.41000,27.28000,27.30000,526400
2024-09-17,27.40000,28.19000,27.29000,28.07000,885500
2024-09-18,27.87000,29.20000,27.60000,27.99000,794100
2024-09-19,28.60000,28.95000,28.21000,28.81000,473500
2024-09-20,28.68000,29.66000,28.25000,29.02000,924600
2024-09-23,28.94000,29.63000,28.83000,29.05000,610500
2024-09-24,29.09000,29.67000,28.82000,29.50000,527300
2024-09-25,29.67000,30.15000,28.28000,28.58000,780500
2024-09-26,28.86000,29.39000,28.20000,28.42000,379900
2024-09-27,28.50000,29.31000,27.96000,28.18000,357700
2024-09-30,28.18000,29.05000,27.93000,28.04000,410900
2024-10-01,28.27000,28.27000,27.12000,27.80000,565300
2024-10-02,27.72000,28.28000,27.12000,27.70000,363200
2024-10-03,27.49000,27.85000,27.24000,27.44000,317200
2024-10-04,27.73000,28.22000,27.51000,27.63000,431000
2024-10-07,27.77000,27.86000,26.95000,27.07000,500600
2024-10-08,27.08000,27.46000,26.74000,27.32000,422800
2024-10-09,27.25000,27.78000,27.02000,27.02000,552400
2024-10-10,26.68000,27.29000,25.57000,27.05000,336900
2024-10-11,27.01000,27.93000,26.92000,27.84000,489300
2024-10-14,27.93000,28.19000,27.55000,27.60000,217600
2024-10-15,27.56000,28.74000,27.32000,28.61000,363600
2024-10-16,28.90000,29.60000,28.79000,29.16000,359500
2024-10-17,29.17000,29.29000,28.11000,28.57000,425100
2024-10-18,28.68000,29.13000,28.47000,28.79000,342900
2024-10-21,28.81000,28.84000,28.16000,28.54000,323400
2024-10-22,28.65000,28.72000,28.19000,28.63000,273200
2024-10-23,28.38000,28.85000,28.07000,28.85000,354800
2024-10-24,28.92000,29.16000,28.66000,28.68000,393600
2024-10-25,28.67000,28.90000,27.64000,27.93000,571600
2024-10-28,28.25000,29.46000,27.71000,28.75000,1221800
2024-10-29,28.75000,29.59000,28.27000,29.43000,1168000
2024-10-30,34.40000,36.61000,33.72000,34.83000,2740600
2024-10-31,35.06000,35.19000,33.08000,33.18000,844400
2024-11-01,33.32000,34.30000,33.19000,33.51000,844200
2024-11-04,33.50000,34.08000,33.27000,33.66000,708500
2024-11-05,33.33000,35.76000,33.30000,35.47000,1077300
2024-11-06,36.89000,37.74000,35.85000,37.62000,785200
2024-11-07,37.44000,37.77000,36.95000,37.36000,414100
2024-11-08,37.32000,38.27000,37.07000,37.45000,366500
2024-11-11,37.66000,38.34000,37.42000,38.20000,277900
2024-11-12,38.02000,38.21000,36.37000,36.63000,366900
2024-11-13,37.10000,37.40000,36.16000,36.20000,754400
2024-11-14,36.18000,36.38000,35.18000,35.31000,485300
2024-11-15,35.44000,35.44000,34.68000,35.03000,601600
2024-11-18,34.91000,36.00000,34.66000,34.72000,514800
2024-11-19,34.25000,36.38000,34.15000,36.34000,424400
2024-11-20,36.21000,36.28000,35.25000,36.03000,353700
2024-11-21,36.33000,36.45000,35.67000,35.68000,311400
2024-11-22,35.78000,36.13000,34.93000,35.74000,459800
2024-11-25,36.15000,36.32000,35.43000,36.01000,551800
2024-11-26,35.95000,36.71000,35.56000,35.79000,333100
2024-11-27,36.14000,36.47000,35.92000,36.17000,294300
2024-11-29,36.23000,37.25000,35.87000,36.16000,333200
2024-12-02,36.52000,37.33000,36.00000,37.06000,476300
2024-12-03,36.67000,37.04000,35.76000,36.12000,484800
2024-12-04,36.12000,36.93000,35.67000,36.31000,263300
2024-12-05,36.15000,36.36000,34.03000,34.11000,393100
2024-12-06,34.21000,34.79000,33.94000,34.25000,353400
2024-12-09,34.56000,34.62000,33.80000,33.94000,279700
2024-12-10,34.20000,34.40000,33.49000,33.98000,386400
2024-12-11,34.49000,34.63000,33.29000,33.31000,323700
2024-12-12,33.20000,33.88000,32.60000,32.79000,270800
2024-12-13,32.73000,32.73000,31.23000,31.67000,494300
2024-12-16,31.65000,32.15000,31.24000,31.54000,362300
2024-12-17,31.67000,32.16000,31.36000,31.50000,442400
2024-12-18,31.62000,31.88000,30.10000,30.25000,512900
2024-12-19,30.48000,30.60000,29.92000,30.05000,463100
2024-12-20,30.00000,31.02000,29.56000,30.72000,768300
2024-12-23,30.83000,31.12000,30.30000,30.51000,333700
2024-12-24,30.48000,30.80000,30.14000,30.50000,122200
2024-12-26,30.28000,30.89000,30.03000,30.75000,265000
2024-12-27,30.48000,30.79000,30.07000,30.65000,235800
2024-12-30,30.34000,30.67000,29.80000,30.25000,305300
2024-12-31,30.54000,30.87000,30.30000,30.56000,231400
2025-01-02,30.75000,30.97000,29.92000,30.40000,338700
2025-01-03,30.58000,32.04000,30.39000,32.03000,440500
2025-01-06,32.12000,34.46000,32.12000,33.49000,746900
2025-01-07,33.68000,33.98000,32.03000,32.70000,487800
2025-01-08,32.61000,34.11000,32.08000,33.66000,527700
2025-01-10,32.92000,33.93000,31.00000,31.41000,1086400
2025-01-13,33.07000,34.65000,32.53000,34.39000,1003300
2025-01-14,34.65000,36.15000,33.87000,34.69000,609400
2025-01-15,35.38000,36.99000,34.78000,36.97000,610500
2025-01-16,36.74000,37.76000,35.81000,37.64000,726100
2025-01-17,37.98000,39.12000,37.22000,38.47000,903200
2025-01-21,38.97000,39.67000,38.54000,39.63000,538900
2025-01-22,39.82000,41.05000,39.45000,39.50000,782500
2025-01-23,39.24000,40.48000,38.99000,40.37000,565600
2025-01-24,40.13000,40.98000,39.54000,40.58000,576300
2025-01-27,40.52000,41.30000,39.40000,40.84000,423200
2025-01-28,40.95000,42.25000,39.30000,42.10000,489800
2025-01-29,42.10000,43.11000,41.77000,42.40000,640900
2025-01-30,42.87000,42.87000,39.71000,40.60000,769100
2025-01-31,40.71000,41.18000,39.81000,39.87000,418500
2025-02-03,39.01000,40.27000,38.90000,39.70000,373100
2025-02-04,39.61000,40.92000,39.11000,40.65000,491000
2025-02-05,40.71000,41.35000,40.13000,41.33000,358000
2025-02-06,41.43000,41.77000,40.49000,40.96000,435000
2025-02-07,40.94000,41.33000,40.32000,41.00000,480300
2025-02-10,41.48000,42.05000,40.93000,42.02000,488300
2025-02-11,41.93000,41.93000,40.98000,41.51000,518300
2025-02-12,40.67000,42.68000,40.37000,42.36000,535000
2025-02-13,42.00000,42.08000,38.10000,39.59000,1285000
2025-02-14,39.81000,41.13000,39.28000,40.94000,577600
2025-02-18,40.54000,40.77000,37.72000,38.22000,822000
2025-02-19,38.21000,39.18000,37.80000,39.01000,452300
2025-02-20,38.85000,39.64000,37.83000,39.16000,483400
2025-02-21,39.32000,39.91000,38.15000,38.39000,475400
2025-02-24,38.30000,39.52000,38.02000,39.19000,464700
2025-02-25,39.22000,39.93000,38.45000,39.43000,532800
2025-02-26,39.55000,40.67000,39.50000,39.93000,477900
2025-02-27,39.79000,39.79000,38.21000,38.50000,520300
2025-02-28,38.35000,38.93000,37.60000,38.74000,675000
2025-03-03,38.71000,39.71000,37.83000,38.96000,598500
2025-03-04,38.22000,38.67000,36.68000,38.16000,456000
2025-03-05,37.98000,38.60000,37.60000,37.85000,642900
2025-03-06,36.97000,38.20000,35.94000,36.25000,540000
2025-03-07,36.15000,36.15000,33.83000,34.52000,743600
2025-03-10,33.79000,34.23000,32.78000,33.54000,834200
2025-03-11,33.89000,34.28000,33.19000,33.94000,743400
2025-03-12,34.54000,34.54000,32.61000,32.69000,885600
2025-03-13,32.87000,33.69000,32.28000,32.76000,573600
2025-03-14,33.10000,33.76000,32.51000,33.31000,624300
2025-03-17,33.17000,33.82000,32.70000,33.78000,675700
2025-03-18,33.38000,34.50000,33.38000,33.93000,412500
2025-03-19,33.95000,35.17000,33.81000,34.82000,337800
2025-03-20,34.37000,35.35000,34.22000,34.82000,333800
2025-03-21,34.53000,35.24000,33.45000,33.54000,956500
2025-03-24,34.26000,35.59000,34.26000,35.09000,840000
2025-03-25,35.05000,35.19000,34.02000,34.85000,572900
2025-03-26,34.85000,35.63000,32.10000,33.62000,1072500
2025-03-27,33.83000,35.09000,33.13000,34.37000,616100
2025-03-28,33.83000,34.12000,31.52000,31.83000,538800
2025-03-31,31.40000,32.55000,31.02000,32.26000,474800
2025-04-01,32.08000,33.44000,31.35000,33.36000,642400
2025-04-02,32.52000,34.30000,32.33000,34.13000,467000
2025-04-03,32.13000,33.48000,31.54000,32.92000,464000
2025-04-04,31.50000,32.15000,30.56000,31.31000,529000
2025-04-07,29.87000,33.10000,29.48000,31.59000,691000
2025-04-08,33.03000,33.46000,30.05000,30.61000,541600
2025-04-09,30.19000,34.31000,30.19000,33.10000,677600
2025-04-10,32.95000,33.28000,30.96000,31.64000,333600
2025-04-11,31.72000,32.59000,31.14000,32.07000,331600
2025-04-14,32.80000,32.90000,32.10000,32.62000,252300
2025-04-15,32.43000,33.56000,31.96000,32.36000,398400
2025-04-16,31.95000,32.45000,31.34000,32.08000,286300
2025-04-17,32.73000,33.50000,31.17000,32.01000,450300
2025-04-21,31.60000,31.85000,30.78000,31.74000,543900
2025-04-22,31.70000,32.42000,31.55000,31.97000,687800
2025-04-23,32.97000,34.23000,32.16000,32.49000,449700
2025-04-24,32.60000,33.82000,32.60000,33.75000,526000
2025-04-25,33.53000,33.57000,32.63000,33.40000,426200
2025-04-28,33.49000,34.09000,33.16000,33.67000,719000
2025-04-29,33.47000,35.60000,33.47000,34.65000,1122800
2025-04-30,31.18000,31.98000,28.64000,29.91000,2416100
2025-05-01,29.92000,30.36000,28.29000,29.29000,1371500
2025-05-02,29.88000,30.63000,29.31000,30.02000,855100
2025-05-05,29.98000,30.12000,28.85000,29.07000,807000
2025-05-06,28.60000,30.24000,28.52000,29.85000,1117500
2025-05-07,29.95000,30.55000,29.62000,30.31000,521200
2025-05-08,30.85000,31.82000,30.14000,31.18000,1092800
2025-05-09,31.30000,31.59000,30.41000,30.99000,625200
2025-05-12,32.29000,32.91000,31.56000,31.81000,596100
2025-05-13,32.31000,32.90000,31.43000,31.48000,453600
2025-05-14,31.36000,32.58000,31.36000,32.25000,557800
2025-05-15,32.25000,32.59000,31.20000,32.30000,361400
2025-05-16,32.32000,32.97000,32.11000,32.71000,550100
2025-05-19,32.23000,32.68000,32.15000,32.40000,380900
2025-05-20,32.33000,34.09000,32.33000,34.05000,592400
2025-05-21,33.68000,34.22000,33.08000,33.26000,506800
2025-05-22,33.04000,33.50000,32.53000,32.81000,513400
2025-05-23,32.50000,33.09000,31.95000,32.71000,330100
2025-05-27,33.21000,34.08000,33.02000,33.99000,412600
2025-05-28,33.90000,34.06000,33.30000,33.54000,329300
2025-05-29,33.71000,34.16000,33.30000,34.08000,532000
2025-05-30,33.94000,34.76000,33.36000,34.57000,492000
2025-06-02,34.35000,34.52000,33.32000,34.00000,916700
2025-06-03,34.06000,34.87000,33.92000,34.73000,511000
2025-06-04,34.68000,35.04000,34.43000,34.92000,497800
2025-06-05,34.94000,35.05000,34.53000,34.87000,479900
2025-06-06,35.27000,35.33000,34.40000,34.94000,371200
2025-06-09,35.09000,35.24000,34.14000,34.18000,596600
2025-06-10,34.21000,34.38000,33.13000,33.39000,309900
2025-06-11,33.40000,34.49000,32.94000,33.02000,478000
2025-06-12,32.80000,33.26000,32.00000,32.33000,411700
2025-06-13,31.76000,32.30000,31.47000,31.62000,387600
2025-06-16,31.89000,32.45000,31.77000,32.31000,391100
2025-06-17,31.93000,33.10000,31.69000,32.60000,697000
2025-06-18,32.47000,32.47000,31.49000,31.61000,379700
2025-06-20,31.94000,31.94000,31.13000,31.40000,494700
2025-06-23,31.33000,32.02000,30.98000,31.90000,277700
2025-06-24,32.29000,32.80000,31.00000,32.74000,223500
2025-06-25,32.61000,33.00000,32.11000,32.27000,366700
2025-06-26,32.24000,32.94000,31.89000,32.88000,352500
2025-06-27,32.86000,32.94000,31.88000,32.28000,968000
2025-06-30,32.46000,32.85000,32.13000,32.77000,337600
2025-07-01,32.59000,33.15000,32.15000,32.20000,319900
2025-07-02,32.09000,32.24000,30.85000,31.39000,479200
2025-07-03,31.70000,32.03000,31.33000,31.76000,166100
2025-07-07,31.66000,31.90000,31.26000,31.54000,383500
2025-07-08,31.47000,32.09000,31.40000,31.63000,333100
2025-07-09,31.88000,32.00000,31.00000,31.92000,348000
2025-07-10,31.77000,32.44000,31.40000,32.06000,376100
2025-07-11,31.88000,31.89000,30.49000,30.72000,388100
2025-07-14,30.72000,31.67000,30.70000,31.30000,338200
2025-07-15,31.45000,32.33000,30.51000,30.54000,488400
2025-07-16,30.59000,30.66000,29.91000,30.38000,428100
2025-07-17,30.40000,30.69000,29.60000,29.75000,409800
2025-07-18,30.16000,30.16000,29.21000,29.26000,294900
2025-07-21,29.50000,30.12000,28.96000,29.24000,445100
2025-07-22,29.38000,30.01000,29.23000,29.37000,388600
2025-07-23,29.58000,30.86000,29.48000,30.82000,622100
2025-07-24,30.73000,31.06000,30.13000,30.17000,405000
2025-07-25,30.45000,31.57000,30.41000,31.50000,589200
2025-07-28,31.41000,33.40000,31.41000,33.22000,1339900
2025-07-29,33.27000,33.59000,31.55000,31.73000,841800
2025-07-30,37.70000,38.11000,34.40000,35.13000,2850100
2025-07-31,35.17000,35.78000,34.18000,35.10000,878200
2025-08-01,35.01000,35.23000,33.63000,34.41000,730300
2025-08-04,35.00000,36.43000,34.51000,36.35000,851800
2025-08-05,36.35000,37.57000,36.14000,37.54000,767700
2025-08-06,37.74000,37.80000,35.92000,36.52000,686400
2025-08-07,36.68000,36.98000,35.66000,35.90000,496400
2025-08-08,35.92000,36.44000,35.16000,35.31000,398400
2025-08-11,35.33000,35.99000,34.92000,35.49000,678300
2025-08-12,35.76000,36.08000,35.02000,35.84000,514200
2025-08-13,36.08000,36.96000,35.54000,36.70000,421800
2025-08-14,36.27000,36.61000,34.91000,35.41000,387700
2025-08-15,35.67000,35.70000,35.26000,35.45000,329400
2025-08-18,35.55000,36.06000,35.42000,35.62000,427700
2025-08-19,35.43000,36.20000,35.43000,35.84000,615900
2025-08-20,35.75000,36.19000,35.51000,36.07000,321500
2025-08-21,35.90000,36.24000,35.63000,35.73000,266600
2025-08-22,36.35000,37.71000,35.95000,37.66000,525400
2025-08-25,37.50000,38.24000,37.27000,37.84000,332500
2025-08-26,37.84000,38.33000,37.55000,37.87000,294500
2025-08-27,37.74000,38.06000,37.22000,37.30000,205600
2025-08-28,37.31000,37.41000,36.72000,37.22000,354700
2025-08-29,37.47000,37.59000,36.95000,36.99000,334400
2025-09-02,36.26000,36.85000,35.00000,36.29000,460700
2025-09-03,36.07000,36.32000,34.37000,34.77000,470800
2025-09-04,34.73000,35.92000,34.52000,35.66000,305400
2025-09-05,35.75000,36.08000,35.32000,35.38000,294300
2025-09-08,35.39000,36.20000,35.18000,36.00000,348500
2025-09-09,36.28000,36.80000,35.59000,36.11000,392500
2025-09-10,36.04000,36.04000,34.57000,35.15000,574800
2025-09-11,35.26000,37.66000,34.95000,37.56000,675200
2025-09-12,37.16000,38.08000,35.05000,35.07000,700800
2025-09-15,35.07000,35.92000,34.59000,34.63000,621600
2025-09-16,34.48000,36.04000,34.21000,35.96000,710000
2025-09-17,36.01000,36.04000,34.26000,35.01000,337700
2025-09-18,35.38000,36.69000,34.84000,36.66000,366500
2025-09-19,36.61000,36.61000,35.71000,36.43000,676000
2025-09-22,36.40000,38.33000,35.83000,37.52000,527300
2025-09-23,37.53000,37.53000,36.58000,36.64000,280500
2025-09-24,36.74000,37.05000,35.81000,36.09000,203100
2025-09-25,35.82000,35.82000,34.65000,35.03000,318600
2025-09-26,35.07000,35.43000,35.01000,35.20000,258500
2025-09-29,35.34000,35.69000,34.53000,34.87000,252500
2025-09-30,34.71000,35.46000,34.61000,35.25000,395500
2025-10-01,34.89000,35.24000,33.45000,34.23000,397000
2025-10-02,34.23000,35.00000,33.92000,34.29000,332800
2025-10-03,34.55000,35.76000,34.51000,34.81000,217300
2025-10-06,34.98000,35.75000,34.64000,34.73000,242600
2025-10-07,34.71000,34.88000,33.74000,34.12000,316200
2025-10-08,34.35000,35.15000,34.13000,35.08000,189300
2025-10-09,35.10000,36.80000,35.10000,36.47000,325500
2025-10-10,36.35000,37.31000,34.65000,36.18000,649500
2025-10-13,36.46000,36.83000,35.28000,35.60000,447200
2025-10-14,35.17000,36.00000,35.03000,35.39000,403000
2025-10-15,35.64000,37.28000,35.55000,37.03000,501400
2025-10-16,37.00000,37.83000,36.74000,37.24000,366400
2025-10-17,36.90000,37.69000,36.90000,37.16000,214700
2025-10-20,37.61000,38.11000,36.91000,37.46000,232300
2025-10-21,37.46000,37.72000,36.61000,37.00000,325400
2025-10-22,37.14000,37.73000,36.93000,37.11000,465600
2025-10-23,37.13000,37.75000,36.72000,37.39000,321300
2025-10-24,37.77000,37.83000,37.07000,37.54000,295700
2025-10-27,37.93000,38.42000,35.93000,36.47000,512000
2025-10-28,36.56000,37.16000,36.09000,36.45000,414800
2025-10-29,36.38000,37.28000,34.71000,35.44000,735700
2025-10-30,36.86000,36.86000,30.94000,34.09000,2518600
2025-10-31,34.19000,35.13000,33.76000,34.55000,730600
2025-11-03,34.55000,35.08000,33.00000,34.03000,923600
2025-11-04,33.83000,34.60000,32.72000,32.75000,748000
2025-11-05,32.77000,33.42000,31.96000,32.32000,544100
2025-11-06,32.04000,32.16000,31.43000,31.50000,559200
2025-11-07,31.10000,32.88000,31.10000,32.05000,422300
2025-11-10,32.17000,32.67000,31.64000,31.99000,510500
2025-11-11,32.16000,33.20000,32.16000,32.86000,466200
2025-11-12,32.92000,34.38000,32.57000,33.06000,525700
2025-11-13,32.79000,33.20000,31.62000,31.71000,374800
2025-11-14,31.44000,32.95000,31.12000,32.90000,520900
2025-11-17,32.60000,33.98000,32.14000,33.12000,689000
2025-11-18,33.30000,33.63000,32.48000,33.16000,528400
2025-11-19,33.31000,34.26000,32.95000,34.18000,588500
2025-11-20,34.77000,35.16000,33.20000,33.25000,355500
2025-11-21,33.31000,36.37000,33.30000,36.17000,571200
2025-11-24,36.49000,38.00000,36.17000,37.74000,515000
2025-11-25,37.16000,38.61000,37.16000,38.48000,463200
2025-11-26,38.35000,38.90000,35.51000,36.03000,677200
2025-11-28,36.00000,36.51000,35.58000,36.12000,325600
2025-12-01,35.10000,35.86000,34.94000,35.09000,519400
2025-12-02,35.47000,36.19000,34.88000,35.31000,783200
2025-12-03,35.31000,36.32000,34.99000,36.31000,535200
2025-12-04,36.38000,39.73000,36.38000,39.25000,1003700
2025-12-05,39.26000,41.12000,39.03000,39.86000,658600
2025-12-08,40.00000,40.23000,38.92000,38.94000,626600
2025-12-09,39.04000,39.84000,38.97000,39.72000,531300
2025-12-10,39.77000,41.53000,39.37000,41.18000,731300
2025-12-11,41.60000,42.42000,41.08000,41.41000,423400
2025-12-12,41.36000,42.44000,41.08000,42.38000,542000
2025-12-15,42.40000,42.60000,41.00000,41.04000,605300
2025-12-16,41.35000,41.99000,40.62000,41.08000,574600
2025-12-17,41.20000,41.95000,40.60000,40.81000,432300
2025-12-18,41.15000,41.52000,40.33000,40.40000,462200
2025-12-19,40.40000,41.17000,40.11000,40.95000,520900
2025-12-22,40.95000,41.92000,40.70000,41.65000,334000
2025-12-23,41.30000,41.54000,40.44000,40.54000,220600
2025-12-24,40.54000,41.01000,40.11000,40.55000,129000
2025-12-26,40.66000,40.87000,40.22000,40.33000,140000
2025-12-29,40.18000,41.33000,40.18000,40.43000,308500
2025-12-30,40.34000,40.65000,39.80000,40.18000,251700
2025-12-31,40.10000,40.24000,39.49000,39.56000,269500
2026-01-02,39.71000,39.80000,38.68000,39.27000,294500
2026-01-05,39.31000,41.07000,39.20000,40.52000,434300
2026-01-06,40.43000,41.54000,39.98000,41.44000,705600
2026-01-07,41.50000,42.08000,41.03000,41.77000,340200
2026-01-08,41.53000,43.18000,41.53000,42.41000,493100
2026-01-09,42.32000,42.70000,41.13000,41.46000,520500
2026-01-12,41.55000,41.96000,36.76000,37.64000,903100
2026-01-13,37.54000,37.95000,36.33000,36.40000,620500
2026-01-14,36.47000,37.89000,36.06000,37.37000,658300
2026-01-15,37.31000,41.79000,37.31000,41.46000,1026900
2026-01-16,41.19000,41.80000,38.93000,39.06000,737500
2026-01-20,38.08000,39.19000,37.26000,38.42000,525200
2026-01-21,38.46000,39.75000,38.46000,39.27000,556900
2026-01-22,39.30000,40.53000,39.07000,40.02000,391500
2026-01-23,40.02000,40.91000,39.03000,39.07000,375700
2026-01-26,39.06000,39.96000,38.50000,38.51000,442200
2026-01-27,38.13000,39.28000,37.35000,38.41000,471800
2026-01-28,38.33000,38.39000,37.34000,37.77000,346800
2026-01-29,37.61000,37.99000,36.47000,36.95000,488300
2026-01-30,36.95000,37.67000,36.26000,36.93000,361600
2026-02-02,37.10000,37.53000,36.74000,36.82000,433700
2026-02-03,37.00000,38.12000,36.83000,38.07000,798400
2026-02-04,38.07000,38.32000,36.52000,36.80000,531600
2026-02-05,36.68000,37.96000,36.11000,36.20000,446000
2026-02-06,36.71000,37.68000,36.22000,37.11000,398500
2026-02-09,37.16000,37.57000,36.22000,36.92000,312400
2026-02-10,37.03000,38.07000,36.75000,37.86000,464900
2026-02-11,34.00000,34.31000,30.47000,32.90000,2602900
2026-02-12,33.01000,33.22000,31.17000,31.80000,1714600
2026-02-13,32.24000,33.72000,32.00000,32.65000,1668400
2026-02-17,32.65000,33.50000,32.23000,32.97000,955800
2026-02-18,33.00000,33.69000,30.27000,32.26000,2222000
2026-02-19,32.21000,33.11000,32.00000,32.38000,847700
2026-02-20,32.38000,33.51000,32.05000,32.58000,695100
2026-02-23,32.25000,33.08000,31.53000,31.79000,568600
2026-02-24,31.95000,32.69000,30.80000,31.14000,897500
2026-02-25,31.43000,31.56000,30.67000,31.19000,388600
2026-02-26,31.48000,32.07000,31.15000,31.64000,509600
2026-02-27,31.17000,31.31000,30.66000,31.26000,508500
2026-03-02,30.42000,31.26000,30.24000,30.93000,712200
2026-03-03,30.21000,32.01000,29.58000,31.46000,612300
2026-03-04,31.45000,32.56000,30.86000,30.99000,545700
2026-03-05,30.41000,31.26000,29.92000,30.31000,499600
2026-03-06,29.56000,30.38000,29.07000,30.02000,454900
2026-03-09,29.81000,29.81000,28.41000,29.39000,572400
2026-03-10,29.63000,30.17000,28.97000,29.18000,508100
2026-03-11,28.82000,29.90000,28.68000,29.86000,566900
2026-03-12,29.81000,30.18000,29.30000,29.54000,700500
2026-03-13,29.66000,30.53000,29.00000,29.85000,972300
2026-03-16,30.19000,30.85000,29.88000,30.44000,459700
2026-03-17,30.48000,31.13000,29.56000,29.58000,945200
2026-03-18,29.20000,29.88000,28.80000,28.85000,740300
2026-03-19,29.03000,29.32000,28.66000,29.03000,750300
2026-03-20,29.30000,29.30000,28.42000,29.18000,933400
2026-03-23,30.25000,30.45000,29.63000,29.78000,505300
2026-03-24,29.52000,29.98000,29.02000,29.61000,415700
2026-03-25,29.91000,30.67000,29.07000,29.53000,334300
2026-03-26,29.35000,30.10000,29.01000,30.04000,445800
2026-03-27,29.72000,30.14000,28.83000,28.88000,304600
2026-03-30,28.88000,29.05000,28.16000,28.26000,534900
2026-03-31,28.49000,28.60000,27.45000,28.53000,470300
2026-04-01,28.69000,29.17000,28.20000,28.31000,549000
2026-04-02,27.84000,29.10000,27.31000,29.07000,512100
2026-04-06,29.43000,29.48000,28.79000,29.19000,381800
2026-04-07,29.10000,29.43000,28.55000,28.89000,399500
2026-04-08,30.03000,30.46000,27.79000,28.22000,1148900
2026-04-09,28.58000,28.58000,27.26000,28.05000,543400
2026-04-10,27.96000,28.46000,27.88000,28.23000,1147200
2026-04-13,28.19000,28.68000,27.49000,28.66000,643400
2026-04-14,28.95000,29.76000,28.88000,29.40000,415165
