date,open,high,low,close,volume
2016-02-04,54.08000,54.46000,53.81000,54.38000,6904000
2016-02-05,54.72000,54.85000,53.81000,53.98000,9159600
2016-02-08,53.24000,53.45000,52.23000,52.40000,11830600
2016-02-09,52.26000,53.02000,51.91000,52.63000,8588900
2016-02-10,53.00000,53.43000,52.28000,52.29000,7081900
2016-02-11,51.22000,51.59000,50.27000,51.11000,9214500
2016-02-12,51.88000,52.73000,51.64000,52.66000,6107700
2016-02-16,53.01000,53.48000,52.73000,53.18000,7163800
2016-02-17,53.50000,54.00000,53.30000,53.61000,8638900
2016-02-18,53.50000,54.35000,53.45000,54.15000,8502900
2016-02-19,54.25000,55.03000,54.03000,54.71000,6557000
2016-02-22,54.71000,55.63000,54.71000,55.63000,6537800
2016-02-23,55.52000,55.60000,54.96000,55.11000,5884100
2016-02-24,54.45000,54.87000,53.56000,54.64000,5596400
2016-02-25,54.78000,55.39000,54.30000,55.39000,4385900
2016-02-26,55.71000,55.90000,55.15000,55.38000,5886800
2016-02-29,55.30000,56.15000,54.81000,55.58000,10380500
2016-03-01,56.03000,56.84000,55.62000,56.80000,9160800
2016-03-02,56.88000,57.23000,56.57000,57.12000,7266200
2016-03-03,57.16000,58.18000,57.16000,58.09000,6848000
2016-03-04,58.44000,58.65000,57.81000,58.29000,5410000
2016-03-07,58.00000,59.48000,57.63000,59.00000,9373500
2016-03-08,58.84000,60.00000,58.71000,59.43000,10556900
2016-03-09,59.73000,59.79000,58.52000,59.05000,6469000
2016-03-10,59.29000,59.46000,58.05000,58.75000,6484100
2016-03-11,59.53000,59.91000,59.02000,59.46000,7837300
2016-03-14,59.51000,59.94000,59.01000,59.57000,4253400
2016-03-15,59.36000,59.40000,58.63000,59.23000,3881900
2016-03-16,58.91000,59.90000,58.72000,59.70000,4882600
2016-03-17,59.55000,60.50000,59.32000,60.08000,4609800
2016-03-18,60.31000,61.45000,60.03000,61.22000,8341300
2016-03-21,60.99000,61.38000,60.85000,61.21000,3665600
2016-03-22,60.77000,60.90000,59.91000,60.61000,4783200
2016-03-23,60.70000,60.91000,60.28000,60.63000,3605100
2016-03-24,60.22000,60.52000,59.60000,60.47000,3549900
2016-03-28,60.77000,60.79000,59.86000,60.28000,3261900
2016-03-29,60.11000,60.65000,59.46000,60.60000,4210300
2016-03-30,60.98000,61.00000,60.19000,60.29000,5103200
2016-03-31,60.51000,61.52000,60.28000,61.40000,6310200
2016-04-01,60.98000,61.66000,60.56000,61.10000,4167500
2016-04-04,61.01000,61.06000,60.46000,60.62000,3367300
2016-04-05,60.14000,60.44000,59.68000,60.19000,4640000
2016-04-06,59.84000,60.05000,59.42000,59.88000,4112100
2016-04-07,59.45000,59.52000,58.70000,58.86000,4051300
2016-04-08,59.00000,60.26000,58.99000,59.50000,4602800
2016-04-11,59.67000,60.08000,59.28000,59.80000,4033400
2016-04-12,60.00000,60.71000,59.80000,60.68000,4360300
2016-04-13,60.89000,62.43000,60.84000,62.16000,4689700
2016-04-14,62.16000,62.68000,61.97000,62.51000,4017900
2016-04-15,62.66000,62.84000,61.91000,62.14000,4395700
2016-04-18,61.81000,62.63000,61.73000,62.59000,3140100
2016-04-19,62.75000,63.61000,62.74000,63.57000,4798400
2016-04-20,64.12000,65.33000,63.92000,65.02000,8498700
2016-04-21,67.00000,67.34000,65.40000,65.61000,9466700
2016-04-22,65.05000,66.22000,65.05000,65.93000,5946300
2016-04-25,65.64000,65.85000,65.14000,65.70000,4201700
2016-04-26,65.98000,66.43000,65.63000,66.20000,3979600
2016-04-27,66.39000,66.67000,65.83000,66.23000,4539700
2016-04-28,65.73000,66.49000,65.56000,65.84000,3797800
2016-04-29,65.57000,65.79000,64.85000,65.43000,5051200
2016-05-02,65.58000,66.05000,65.18000,65.68000,4330000
2016-05-03,65.03000,65.05000,64.33000,64.85000,4745400
2016-05-04,64.13000,64.75000,63.83000,64.26000,4998000
2016-05-05,64.46000,64.72000,63.79000,63.92000,4037200
2016-05-06,63.76000,64.71000,63.45000,64.51000,3667700
2016-05-09,64.23000,64.58000,63.77000,63.98000,4261100
2016-05-10,64.34000,65.13000,63.99000,64.84000,4042300
2016-05-11,64.62000,65.32000,64.41000,64.59000,4959500
2016-05-12,65.07000,65.36000,64.07000,64.34000,3607800
2016-05-13,64.35000,64.98000,64.05000,64.12000,4524000
2016-05-16,64.02000,64.30000,63.67000,64.07000,4879500
2016-05-17,63.86000,64.10000,62.59000,62.76000,7977600
2016-05-18,62.53000,63.61000,62.53000,63.52000,5316800
2016-05-19,63.06000,63.53000,62.32000,62.74000,4587000
2016-05-20,63.16000,64.14000,62.95000,63.92000,5278200
2016-05-23,63.86000,64.10000,63.56000,63.59000,3074100
2016-05-24,63.79000,65.10000,63.79000,64.87000,3946100
2016-05-25,65.04000,65.76000,65.01000,65.31000,5755900
2016-05-26,65.29000,65.37000,64.95000,65.23000,3593500
2016-05-27,65.39000,65.70000,65.33000,65.52000,3957100
2016-05-31,65.70000,65.92000,65.40000,65.76000,5256000
2016-06-01,65.76000,65.96000,65.18000,65.91000,3816000
2016-06-02,65.86000,66.41000,65.60000,66.41000,3052200
2016-06-03,65.53000,65.82000,64.77000,65.49000,4352000
2016-06-06,65.55000,66.20000,65.50000,65.94000,3915200
2016-06-07,66.15000,66.60000,65.88000,65.89000,3779500
2016-06-08,65.94000,66.58000,65.94000,66.26000,2601100
2016-06-09,65.72000,65.78000,64.90000,65.71000,3883800
2016-06-10,65.26000,65.48000,64.71000,64.97000,3939100
2016-06-13,64.80000,64.89000,63.63000,63.67000,5883400
2016-06-14,63.59000,63.66000,60.38000,61.07000,12323200
2016-06-15,61.47000,62.16000,60.86000,61.42000,5979900
2016-06-16,60.94000,62.11000,60.66000,61.93000,5543600
2016-06-17,61.93000,62.43000,61.62000,61.86000,6521500
2016-06-20,62.65000,63.41000,62.23000,62.30000,4289100
2016-06-21,62.30000,62.48000,61.75000,62.29000,3360600
2016-06-22,62.29000,62.64000,61.88000,61.95000,3462800
2016-06-23,62.84000,63.27000,62.47000,63.25000,3624600
2016-06-24,60.48000,61.70000,60.00000,60.06000,10798700
2016-06-27,59.34000,59.34000,57.33000,57.67000,7567600
2016-06-28,58.25000,58.61000,57.15000,57.90000,8294300
2016-06-29,57.95000,59.70000,57.86000,59.63000,6281100
2016-06-30,59.87000,60.76000,58.82000,60.76000,8535400
2016-07-01,60.76000,61.52000,60.57000,60.69000,4166500
2016-07-05,60.22000,60.39000,58.96000,59.15000,4911800
2016-07-06,58.75000,59.73000,58.25000,59.48000,5484400
2016-07-07,59.48000,60.33000,59.38000,59.81000,5077400
2016-07-08,60.68000,61.60000,60.55000,61.49000,5768400
2016-07-11,61.95000,62.46000,61.86000,62.16000,3414400
2016-07-12,62.63000,63.33000,62.63000,63.00000,4531900
2016-07-13,62.98000,63.35000,62.64000,63.10000,3887600
2016-07-14,63.66000,64.00000,63.41000,63.61000,4417200
2016-07-15,63.95000,64.11000,63.31000,63.78000,3675600
2016-07-18,63.96000,64.12000,63.54000,63.99000,3260000
2016-07-19,63.69000,64.17000,63.50000,64.16000,3840500
2016-07-20,64.29000,64.80000,63.50000,64.48000,8315800
2016-07-21,63.80000,64.38000,62.88000,63.43000,9498600
2016-07-22,63.40000,64.34000,63.37000,64.28000,4063400
2016-07-25,64.20000,64.42000,64.04000,64.33000,3060300
2016-07-26,64.43000,64.55000,63.98000,64.37000,2745900
2016-07-27,64.27000,64.94000,64.21000,64.59000,3168500
2016-07-28,64.36000,64.97000,64.06000,64.79000,3044000
2016-07-29,64.70000,64.74000,64.17000,64.46000,3732700
2016-08-01,64.49000,64.74000,63.96000,64.13000,2913900
2016-08-02,63.96000,64.22000,63.20000,63.47000,2531000
2016-08-03,63.50000,64.02000,63.47000,63.83000,3034500
2016-08-04,63.88000,64.02000,63.51000,63.94000,3680000
2016-08-05,64.54000,65.71000,64.35000,65.52000,4863800
2016-08-08,65.83000,66.25000,65.61000,65.83000,3253700
2016-08-09,65.83000,66.01000,65.17000,65.39000,3701600
2016-08-10,65.43000,65.50000,64.58000,64.74000,2883000
2016-08-11,65.00000,65.66000,64.89000,65.48000,2450100
2016-08-12,65.16000,65.51000,65.01000,65.38000,2103800
2016-08-15,65.27000,65.82000,65.27000,65.63000,3136700
2016-08-16,65.61000,65.67000,65.28000,65.30000,2805600
2016-08-17,65.40000,65.85000,65.09000,65.68000,3054500
2016-08-18,65.52000,65.78000,65.27000,65.63000,2807500
2016-08-19,65.47000,65.68000,65.07000,65.53000,2783200
2016-08-22,65.53000,65.54000,64.96000,65.36000,3230700
2016-08-23,65.73000,66.28000,65.68000,65.68000,3551700
2016-08-24,65.85000,66.12000,65.05000,65.16000,4128200
2016-08-25,65.00000,65.15000,64.76000,65.00000,4243800
2016-08-26,65.27000,65.49000,64.52000,64.79000,3623600
2016-08-29,65.00000,65.77000,64.80000,65.52000,4173800
2016-08-30,65.77000,65.97000,65.10000,65.45000,3775800
2016-08-31,65.47000,65.72000,64.86000,65.58000,4783600
2016-09-01,65.55000,65.64000,64.42000,64.86000,3657700
2016-09-02,65.06000,65.67000,64.86000,65.19000,3131700
2016-09-06,65.16000,65.77000,65.05000,65.76000,3956400
2016-09-07,65.49000,66.20000,65.31000,66.19000,3200700
2016-09-08,66.15000,66.71000,66.05000,66.24000,4078900
2016-09-09,65.74000,66.02000,65.12000,65.12000,5144900
2016-09-12,64.72000,66.09000,64.14000,65.90000,4923200
2016-09-13,65.22000,65.32000,64.04000,64.36000,5620300
2016-09-14,64.36000,64.36000,63.34000,63.48000,5403300
2016-09-15,63.40000,64.17000,63.26000,63.83000,4634300
2016-09-16,63.37000,63.95000,63.16000,63.66000,10475800
2016-09-19,63.96000,64.58000,63.67000,64.06000,3388600
2016-09-20,64.52000,64.64000,63.70000,63.72000,2927600
2016-09-21,63.99000,64.50000,63.72000,64.28000,3849300
2016-09-22,64.35000,65.08000,64.33000,64.63000,3213700
2016-09-23,64.51000,64.83000,63.79000,63.85000,5083900
2016-09-26,63.44000,64.13000,62.85000,63.42000,6946600
2016-09-27,63.93000,64.42000,63.58000,64.28000,3916300
2016-09-28,64.27000,64.50000,63.73000,64.22000,3580100
2016-09-29,64.21000,64.81000,62.96000,63.37000,4132500
2016-09-30,63.78000,64.37000,63.63000,64.04000,4307000
2016-10-03,63.83000,64.05000,63.54000,63.81000,2770000
2016-10-04,63.84000,64.38000,63.71000,63.91000,3709400
2016-10-05,63.77000,64.53000,63.69000,64.36000,3345000
2016-10-06,63.56000,63.68000,61.76000,61.94000,7975900
2016-10-07,62.11000,62.27000,61.48000,61.76000,4217400
2016-10-10,62.15000,62.49000,61.87000,61.90000,2522900
2016-10-11,61.53000,61.70000,60.55000,60.86000,3926500
2016-10-12,60.82000,61.05000,60.58000,60.69000,3293800
2016-10-13,60.23000,60.56000,59.50000,60.41000,4220500
2016-10-14,61.01000,61.20000,60.10000,60.15000,4963800
2016-10-17,60.27000,60.42000,59.78000,59.90000,3903900
2016-10-18,60.52000,60.57000,59.88000,60.08000,3416600
2016-10-19,60.42000,61.68000,60.27000,61.25000,7888500
2016-10-20,65.34000,67.78000,64.75000,66.78000,25870700
2016-10-21,66.45000,67.59000,66.40000,67.36000,8561200
2016-10-24,67.69000,67.93000,67.07000,67.09000,5174000
2016-10-25,66.93000,67.38000,66.61000,66.74000,3882300
2016-10-26,66.50000,67.07000,66.14000,66.80000,3621800
2016-10-27,67.00000,67.22000,66.43000,66.93000,4751300
2016-10-28,67.15000,67.22000,66.30000,66.45000,4994500
2016-10-31,66.81000,66.83000,66.31000,66.42000,3233400
2016-11-01,66.77000,66.81000,65.73000,66.25000,3761600
2016-11-02,65.76000,66.03000,65.14000,65.45000,3659000
2016-11-03,65.53000,65.76000,65.04000,65.33000,3796500
2016-11-04,65.50000,66.08000,65.03000,65.51000,3429900
2016-11-07,66.85000,67.33000,66.65000,67.00000,4012100
2016-11-08,66.79000,67.26000,66.31000,67.07000,3956000
2016-11-09,67.16000,69.00000,67.06000,68.74000,9319100
2016-11-10,69.24000,70.40000,69.05000,70.11000,9418700
2016-11-11,69.97000,70.59000,69.65000,70.50000,4656100
2016-11-14,70.80000,72.68000,70.63000,72.42000,8084100
2016-11-15,72.13000,72.48000,71.24000,72.47000,4431200
2016-11-16,71.95000,72.40000,71.28000,71.68000,4663700
2016-11-17,71.36000,72.00000,71.32000,71.78000,3797400
2016-11-18,71.53000,71.60000,70.77000,71.00000,5430600
2016-11-21,71.31000,71.67000,70.96000,71.54000,3368200
2016-11-22,71.82000,71.88000,70.87000,71.72000,4086200
2016-11-23,71.94000,72.92000,71.51000,72.88000,4661400
2016-11-25,72.97000,73.18000,72.46000,72.86000,1900400
2016-11-28,72.53000,72.77000,71.97000,72.13000,4467700
2016-11-29,72.20000,72.26000,71.39000,71.49000,3814800
2016-11-30,72.00000,72.33000,71.78000,72.04000,4812500
2016-12-01,72.45000,72.77000,71.78000,72.53000,4298200
2016-12-02,72.52000,72.66000,71.43000,71.86000,2959100
2016-12-05,72.33000,72.64000,71.99000,72.03000,3929100
2016-12-06,72.47000,72.74000,72.08000,72.31000,3843900
2016-12-07,72.47000,74.72000,72.23000,74.29000,5801500
2016-12-08,74.80000,75.20000,73.99000,74.91000,3415800
2016-12-09,74.84000,74.91000,74.29000,74.77000,2566900
2016-12-12,74.70000,74.70000,73.15000,73.58000,3654900
2016-12-13,73.67000,74.23000,73.11000,73.84000,2892900
2016-12-14,73.53000,75.73000,73.24000,74.07000,5415800
2016-12-15,74.54000,75.74000,74.34000,74.94000,4061600
2016-12-16,75.29000,75.38000,74.58000,75.00000,8200600
2016-12-19,74.68000,75.13000,74.14000,74.55000,3076600
2016-12-20,75.00000,75.50000,74.53000,75.06000,3244900
2016-12-21,75.11000,75.57000,74.69000,75.32000,3244500
2016-12-22,75.00000,75.37000,74.50000,74.58000,2865200
2016-12-23,74.74000,75.24000,74.74000,74.97000,1957500
2016-12-27,75.10000,75.11000,74.79000,74.98000,2049400
2016-12-28,75.03000,75.38000,74.15000,74.37000,2517300
2016-12-29,74.27000,74.68000,73.50000,73.92000,2573700
2016-12-30,73.96000,74.34000,73.84000,74.08000,3378800
2017-01-03,74.89000,75.75000,74.74000,75.35000,5853900
2017-01-04,75.26000,76.55000,75.06000,76.26000,4635800
2017-01-05,76.00000,76.18000,74.82000,75.32000,3383000
2017-01-06,75.40000,75.92000,75.06000,75.47000,3089600
2017-01-09,76.14000,76.50000,75.53000,75.86000,4818700
2017-01-10,76.52000,78.00000,76.12000,76.65000,9561400
2017-01-11,76.67000,77.44000,76.10000,76.91000,4500200
2017-01-12,76.83000,76.95000,75.84000,76.88000,4056700
2017-01-13,76.93000,77.63000,76.41000,76.62000,3454300
2017-01-17,77.40000,77.70000,76.47000,76.60000,6450300
2017-01-18,77.11000,77.61000,76.51000,77.49000,5988400
2017-01-19,77.61000,77.78000,76.61000,76.69000,8111400
2017-01-20,75.99000,76.91000,75.39000,76.20000,8465900
2017-01-23,75.92000,76.48000,75.73000,75.97000,4444300
2017-01-24,76.33000,77.66000,76.09000,77.43000,4024300
2017-01-25,78.00000,78.02000,76.40000,76.89000,5278300
2017-01-26,76.95000,77.46000,76.63000,76.93000,3344900
2017-01-27,77.00000,77.30000,76.54000,76.85000,3530900
2017-01-30,76.83000,77.32000,76.54000,77.28000,5344500
2017-01-31,76.86000,77.25000,75.97000,76.38000,5568100
2017-02-01,76.85000,77.44000,76.58000,76.76000,3916800
2017-02-02,76.23000,76.89000,76.06000,76.51000,3655500
2017-02-03,77.14000,78.42000,76.91000,78.04000,5235800
2017-02-06,77.72000,78.41000,77.48000,77.82000,3229500
2017-02-07,78.06000,78.38000,77.52000,77.72000,2060200
2017-02-08,77.54000,77.94000,77.08000,77.80000,2223100
2017-02-09,77.80000,78.37000,77.67000,78.18000,3031800
2017-02-10,78.50000,78.69000,78.23000,78.48000,2191200
2017-02-13,78.82000,79.18000,78.48000,78.91000,3317100
2017-02-14,79.00000,79.45000,78.67000,79.41000,3511200
2017-02-15,79.79000,80.10000,78.67000,79.60000,5704100
2017-02-16,79.46000,79.60000,78.92000,79.51000,4295000
2017-02-17,79.22000,79.78000,78.90000,79.71000,2690300
2017-02-21,79.92000,80.45000,79.64000,79.97000,3505500
2017-02-22,79.83000,79.97000,79.39000,79.86000,2943000
2017-02-23,79.87000,80.45000,79.77000,80.05000,3339500
2017-02-24,79.76000,79.89000,79.26000,79.76000,3932300
2017-02-27,79.75000,80.31000,79.59000,80.17000,2619400
2017-02-28,80.12000,80.49000,79.77000,80.06000,4415300
2017-03-01,81.05000,82.00000,81.02000,81.92000,4746400
2017-03-02,81.66000,81.66000,80.06000,80.10000,4409800
2017-03-03,80.10000,80.66000,79.82000,79.88000,4579600
2017-03-06,79.50000,79.68000,79.09000,79.50000,3670300
2017-03-07,79.77000,80.02000,79.33000,79.58000,4433500
2017-03-08,80.00000,80.37000,78.97000,79.04000,4326800
2017-03-09,79.19000,79.70000,78.81000,79.30000,4573500
2017-03-10,79.38000,79.46000,78.88000,79.38000,3762800
2017-03-13,79.38000,79.54000,79.06000,79.21000,3664300
2017-03-14,78.96000,79.80000,78.83000,79.69000,3321400
2017-03-15,79.85000,79.89000,78.99000,79.23000,4337200
2017-03-16,79.47000,80.10000,79.39000,79.77000,3474800
2017-03-17,79.92000,79.96000,78.98000,79.25000,6672600
2017-03-20,79.15000,79.60000,78.83000,78.85000,3099500
2017-03-21,78.93000,79.13000,77.32000,77.53000,6804000
2017-03-22,77.43000,78.18000,77.06000,77.67000,4877300
2017-03-23,77.57000,78.40000,77.51000,77.84000,4082900
2017-03-24,78.11000,78.84000,77.87000,78.20000,4726800
2017-03-27,77.21000,77.82000,76.67000,77.60000,3835300
2017-03-28,77.51000,78.86000,77.39000,78.64000,4235900
2017-03-29,78.45000,79.34000,78.14000,78.25000,2913600
2017-03-30,78.20000,79.30000,78.09000,79.21000,2924100
2017-03-31,78.93000,79.43000,78.80000,79.11000,5228400
2017-04-03,79.17000,79.18000,77.97000,78.59000,3022700
2017-04-04,78.49000,78.61000,78.15000,78.26000,2563700
2017-04-05,78.59000,79.03000,77.66000,77.76000,2858400
2017-04-06,77.76000,78.30000,77.15000,77.92000,2914800
2017-04-07,77.48000,78.24000,77.37000,77.77000,2203000
2017-04-10,77.92000,78.11000,77.36000,77.49000,2217100
2017-04-11,77.53000,77.57000,76.69000,77.26000,4642300
2017-04-12,77.39000,77.48000,76.58000,76.68000,3055800
2017-04-13,76.33000,76.81000,75.70000,75.80000,3666600
2017-04-17,75.83000,76.71000,75.63000,76.67000,4160800
2017-04-18,76.45000,76.49000,75.53000,75.79000,3845900
2017-04-19,76.19000,76.29000,75.51000,75.55000,5283600
2017-04-20,77.50000,80.28000,77.46000,80.02000,11099300
2017-04-21,79.88000,80.47000,79.49000,79.59000,5837800
2017-04-24,80.64000,80.92000,80.24000,80.45000,3563200
2017-04-25,81.06000,81.40000,80.63000,80.63000,5061300
2017-04-26,80.62000,80.92000,80.15000,80.52000,3661600
2017-04-27,80.77000,80.87000,80.08000,80.33000,2922700
2017-04-28,79.94000,80.17000,79.05000,79.25000,5313200
2017-05-01,79.22000,79.49000,78.88000,79.23000,3458100
2017-05-02,79.15000,79.66000,79.15000,79.54000,3334900
2017-05-03,79.23000,79.51000,78.69000,78.83000,3800600
2017-05-04,79.23000,79.42000,77.99000,78.33000,3902200
2017-05-05,78.61000,78.73000,77.88000,78.32000,2936700
2017-05-08,78.50000,78.74000,77.95000,78.16000,2608600
2017-05-09,78.16000,78.74000,78.09000,78.44000,2570600
2017-05-10,78.28000,78.66000,78.14000,78.65000,2396900
2017-05-11,78.20000,78.45000,77.25000,77.92000,3780600
2017-05-12,77.70000,77.81000,77.22000,77.49000,2865800
2017-05-15,77.48000,78.62000,77.48000,78.33000,3327000
2017-05-16,78.60000,78.64000,77.84000,78.13000,2457500
2017-05-17,78.13000,78.13000,76.24000,76.37000,4441600
2017-05-18,76.27000,76.85000,75.97000,76.38000,3545700
2017-05-19,76.55000,77.35000,76.30000,76.80000,3283900
2017-05-22,76.95000,77.12000,76.50000,76.98000,2800000
2017-05-23,77.02000,77.42000,76.82000,77.20000,2239600
2017-05-24,77.46000,77.46000,76.93000,77.12000,2091300
2017-05-25,77.49000,77.92000,77.26000,77.44000,3185200
2017-05-26,77.17000,77.60000,77.02000,77.46000,1858800
2017-05-30,77.24000,77.42000,76.99000,77.09000,2073000
2017-05-31,77.09000,77.11000,75.98000,76.94000,3117100
2017-06-01,77.23000,78.38000,76.95000,78.28000,3553400
2017-06-02,77.77000,78.74000,77.77000,78.49000,3534800
2017-06-05,78.75000,79.20000,78.61000,78.97000,2738600
2017-06-06,78.46000,78.93000,78.29000,78.85000,2878000
2017-06-07,78.91000,80.09000,78.79000,79.81000,4284000
2017-06-08,79.81000,80.20000,79.67000,79.95000,4079800
2017-06-09,80.39000,80.73000,79.73000,80.31000,3849400
2017-06-12,80.35000,80.73000,80.07000,80.17000,3352300
2017-06-13,80.20000,80.74000,80.07000,80.59000,3174400
2017-06-14,80.11000,80.92000,79.62000,80.84000,4013100
2017-06-15,80.38000,81.24000,80.23000,80.70000,2773400
2017-06-16,80.86000,81.48000,80.77000,81.45000,5914700
2017-06-19,81.56000,81.94000,81.29000,81.88000,3076500
2017-06-20,81.98000,82.81000,81.80000,82.51000,3929100
2017-06-21,82.60000,82.80000,81.99000,82.21000,2683400
2017-06-22,82.11000,82.63000,82.06000,82.25000,2312100
2017-06-23,82.39000,82.70000,82.06000,82.22000,3785300
2017-06-26,82.50000,83.29000,82.44000,82.96000,2491600
2017-06-27,83.06000,83.52000,83.01000,83.08000,2994500
2017-06-28,83.51000,84.27000,83.40000,83.97000,3668500
2017-06-29,84.92000,85.39000,83.16000,83.63000,5092600
2017-06-30,84.09000,84.64000,83.59000,84.24000,3320800
2017-07-03,84.69000,85.74000,84.69000,85.10000,2306900
2017-07-05,85.22000,85.88000,84.81000,84.89000,3501200
2017-07-06,84.67000,84.84000,83.72000,83.74000,3213400
2017-07-07,83.93000,84.69000,83.77000,84.33000,2454600
2017-07-10,84.13000,84.57000,83.97000,84.30000,2147000
2017-07-11,84.23000,84.31000,83.54000,84.16000,2733200
2017-07-12,84.28000,84.98000,84.06000,84.82000,4629100
2017-07-13,84.93000,85.43000,84.74000,85.37000,3309400
2017-07-14,84.85000,85.56000,84.59000,85.28000,3354700
2017-07-17,85.13000,85.52000,84.78000,85.22000,2190500
2017-07-18,84.96000,85.56000,84.76000,85.52000,2816000
2017-07-19,85.76000,85.98000,85.30000,85.93000,5539700
2017-07-20,84.94000,85.45000,84.53000,85.35000,5386400
2017-07-21,85.79000,86.28000,85.43000,85.59000,3570400
2017-07-24,85.45000,85.67000,83.86000,85.00000,5389100
2017-07-25,85.84000,86.10000,85.08000,85.41000,3255200
2017-07-26,85.41000,85.72000,85.17000,85.30000,3038100
2017-07-27,85.18000,85.20000,83.33000,83.85000,6119300
2017-07-28,83.88000,85.10000,83.62000,84.80000,3321200
2017-07-31,85.17000,85.70000,84.84000,85.23000,3079800
2017-08-01,85.72000,85.84000,85.14000,85.24000,3148800
2017-08-02,85.15000,85.36000,84.97000,85.30000,3252300
2017-08-03,85.24000,85.88000,85.14000,85.54000,2381800
2017-08-04,85.99000,86.33000,85.84000,85.97000,2840200
2017-08-07,86.10000,86.19000,85.68000,85.85000,2089100
2017-08-08,85.43000,86.67000,85.41000,85.94000,2922800
2017-08-09,85.74000,85.97000,85.24000,85.69000,2961000
2017-08-10,85.44000,85.58000,84.55000,84.56000,3755200
2017-08-11,84.76000,84.86000,83.97000,84.29000,3078600
2017-08-14,84.74000,85.67000,84.72000,85.47000,2893600
2017-08-15,85.99000,86.97000,85.88000,86.79000,3774100
2017-08-16,87.00000,87.78000,86.99000,87.39000,3379600
2017-08-17,87.34000,87.63000,86.05000,86.09000,3870400
2017-08-18,85.99000,86.13000,85.21000,85.38000,4271200
2017-08-21,85.45000,85.64000,84.95000,85.30000,2505100
2017-08-22,85.47000,85.73000,84.91000,85.30000,2155300
2017-08-23,84.71000,85.51000,84.70000,85.28000,1960400
2017-08-24,85.49000,85.53000,85.04000,85.36000,2057900
2017-08-25,85.50000,85.96000,85.42000,85.47000,2302100
2017-08-28,85.66000,85.69000,85.21000,85.41000,2105500
2017-08-29,84.75000,85.51000,84.40000,85.42000,2779400
2017-08-30,85.38000,85.74000,85.22000,85.69000,2131700
2017-08-31,86.00000,86.28000,85.70000,86.10000,3792300
2017-09-01,86.31000,86.54000,86.05000,86.14000,2262700
2017-09-05,85.72000,85.91000,84.68000,85.31000,3089800
2017-09-06,85.57000,85.84000,85.00000,85.23000,2823300
2017-09-07,85.27000,85.52000,84.08000,84.41000,2905400
2017-09-08,84.18000,85.01000,84.02000,84.25000,3462100
2017-09-11,84.97000,86.12000,84.97000,85.69000,3397500
2017-09-12,85.97000,86.60000,85.81000,86.55000,3333300
2017-09-13,86.42000,86.77000,86.39000,86.64000,2396500
2017-09-14,86.54000,86.80000,86.16000,86.19000,2764900
2017-09-15,86.52000,86.99000,86.07000,86.99000,7791600
2017-09-18,87.08000,87.87000,86.95000,87.87000,3395100
2017-09-19,87.97000,89.23000,87.88000,89.00000,4043800
2017-09-20,89.25000,89.38000,88.27000,88.43000,4251000
2017-09-21,88.45000,88.80000,88.04000,88.42000,2877800
2017-09-22,88.30000,88.71000,88.10000,88.40000,2770100
2017-09-25,88.28000,88.64000,87.84000,88.21000,2863100
2017-09-26,88.47000,88.77000,88.20000,88.69000,2197800
2017-09-27,89.68000,89.74000,89.03000,89.49000,2888900
2017-09-28,89.23000,90.31000,89.23000,90.14000,2458800
2017-09-29,90.04000,90.77000,89.93000,90.46000,2996300
2017-10-02,90.44000,91.17000,90.10000,90.54000,4466400
2017-10-03,90.59000,91.64000,90.59000,91.43000,2912300
2017-10-04,91.60000,91.61000,90.91000,91.01000,3091700
2017-10-05,90.96000,91.62000,90.77000,91.16000,2991000
2017-10-06,91.25000,91.59000,91.09000,91.55000,1891800
2017-10-09,91.59000,91.96000,91.50000,91.69000,1653700
2017-10-10,91.88000,92.34000,91.78000,91.89000,2247200
2017-10-11,91.86000,92.65000,91.81000,91.96000,3051400
2017-10-12,91.63000,92.23000,91.42000,91.61000,3279000
2017-10-13,91.50000,92.92000,91.26000,92.86000,3224200
2017-10-16,93.04000,93.35000,90.81000,91.96000,4294000
2017-10-17,91.94000,92.10000,91.58000,91.69000,2939600
2017-10-18,91.80000,92.27000,91.68000,92.08000,4720200
2017-10-19,90.40000,92.95000,90.04000,91.90000,6512100
2017-10-20,92.84000,93.29000,91.97000,92.09000,4442200
2017-10-23,92.22000,93.09000,92.22000,92.38000,2963100
2017-10-24,92.60000,93.93000,92.33000,93.86000,4481500
2017-10-25,94.00000,94.24000,93.27000,93.53000,4266100
2017-10-26,93.99000,95.73000,93.98000,95.69000,4136800
2017-10-27,95.45000,96.02000,95.03000,95.79000,3212200
2017-10-30,95.73000,96.12000,94.84000,95.07000,3096500
2017-10-31,94.98000,95.61000,94.52000,95.52000,3146400
2017-11-01,96.29000,96.57000,95.44000,95.79000,2320000
2017-11-02,96.00000,96.24000,95.39000,95.98000,3013300
2017-11-03,96.28000,96.43000,95.78000,96.43000,2089500
2017-11-06,96.35000,96.73000,95.93000,96.29000,1848300
2017-11-07,96.42000,96.90000,95.18000,95.37000,3200900
2017-11-08,95.10000,95.28000,94.45000,95.13000,2163700
2017-11-09,94.34000,94.66000,93.28000,93.75000,3949800
2017-11-10,93.79000,94.15000,93.39000,93.52000,2714400
2017-11-13,93.00000,93.98000,92.78000,93.90000,2708500
2017-11-14,93.57000,93.79000,92.94000,93.76000,2843700
2017-11-15,93.27000,93.79000,92.80000,93.26000,3236600
2017-11-16,93.55000,94.04000,93.30000,93.56000,2586500
2017-11-17,93.31000,93.76000,92.92000,93.69000,3261200
2017-11-20,93.92000,94.34000,93.68000,93.95000,3456600
2017-11-21,94.42000,94.65000,94.12000,94.41000,2917000
2017-11-22,94.39000,94.71000,93.48000,93.82000,2159100
2017-11-24,93.97000,94.12000,93.47000,93.48000,837300
2017-11-27,93.57000,94.00000,93.36000,93.47000,2731300
2017-11-28,93.76000,95.28000,93.58000,95.28000,3536400
2017-11-29,95.96000,97.32000,95.60000,96.60000,4325500
2017-11-30,97.02000,98.49000,96.81000,97.71000,5328300
2017-12-01,98.08000,98.22000,95.85000,97.86000,3445200
2017-12-04,98.62000,99.17000,97.98000,98.59000,4562400
2017-12-05,99.20000,99.75000,98.58000,98.71000,3525600
2017-12-06,98.64000,98.82000,98.17000,98.21000,3081300
2017-12-07,97.76000,99.12000,97.48000,98.58000,3026100
2017-12-08,99.00000,99.00000,98.14000,98.55000,3850300
2017-12-11,98.60000,99.04000,98.24000,99.00000,2984100
2017-12-12,98.88000,99.66000,98.85000,99.37000,3455500
2017-12-13,99.12000,99.31000,97.76000,97.78000,3463900
2017-12-14,98.31000,98.65000,97.15000,97.15000,3464600
2017-12-15,97.78000,98.84000,97.44000,98.52000,7891800
2017-12-18,99.19000,100.53000,98.99000,99.68000,3485400
2017-12-19,100.21000,100.39000,99.12000,99.15000,3282600
2017-12-20,99.71000,99.94000,98.46000,98.51000,3091000
2017-12-21,99.05000,99.19000,98.37000,98.50000,2339500
2017-12-22,98.47000,99.04000,98.21000,98.74000,1980300
2017-12-26,98.80000,98.92000,98.13000,98.57000,1575200
2017-12-27,98.90000,99.25000,98.57000,99.13000,2569900
2017-12-28,99.64000,99.91000,99.36000,99.70000,1914900
2017-12-29,100.00000,100.25000,99.26000,99.31000,2056800
2018-01-02,99.73000,99.73000,98.22000,98.94000,2746700
2018-01-03,99.24000,99.76000,99.02000,99.55000,2976400
2018-01-04,100.03000,101.65000,99.91000,100.85000,3122000
2018-01-05,100.85000,101.08000,100.27000,101.08000,2550300
2018-01-08,101.00000,101.20000,100.12000,100.15000,1896500
2018-01-09,100.36000,100.80000,100.27000,100.52000,2978500
2018-01-10,100.39000,101.59000,100.33000,101.22000,2279200
2018-01-11,101.44000,101.44000,100.20000,100.73000,2745400
2018-01-12,100.86000,101.03000,99.93000,100.97000,3231500
2018-01-16,102.01000,102.39000,100.15000,100.34000,3814000
2018-01-17,100.99000,101.00000,99.24000,100.76000,4469700
2018-01-18,100.84000,100.84000,99.58000,99.86000,5290700
2018-01-19,97.01000,98.94000,96.35000,98.03000,12306000
2018-01-22,97.26000,98.34000,96.84000,98.32000,4983600
2018-01-23,98.16000,98.40000,97.44000,97.98000,4375200
2018-01-24,98.25000,99.51000,98.16000,99.30000,4949500
2018-01-25,99.43000,100.11000,99.20000,99.69000,3375200
2018-01-26,99.85000,99.95000,98.95000,99.63000,3668700
2018-01-29,99.75000,100.18000,99.23000,99.41000,3472100
2018-01-30,99.45000,100.10000,98.69000,98.71000,3466500
2018-01-31,98.74000,99.71000,98.50000,99.40000,3202900
2018-02-01,98.95000,100.04000,98.40000,100.00000,2952100
2018-02-02,99.53000,99.69000,96.64000,96.68000,4663300
2018-02-05,95.83000,96.72000,88.61000,92.01000,6421900
2018-02-06,89.75000,94.22000,88.51000,94.18000,7244000
2018-02-07,93.53000,94.85000,93.41000,93.61000,3796800
2018-02-08,93.75000,93.97000,88.28000,88.34000,5814900
2018-02-09,89.47000,92.52000,87.54000,91.72000,8017600
2018-02-12,92.58000,95.68000,92.42000,94.70000,7419200
2018-02-13,94.03000,94.81000,92.82000,94.56000,3366700
2018-02-14,93.97000,96.56000,93.67000,96.23000,3446800
2018-02-15,97.06000,97.21000,95.44000,96.56000,3057400
2018-02-16,96.37000,97.49000,96.25000,96.79000,3280700
2018-02-20,96.58000,97.71000,96.50000,97.19000,3514700
2018-02-21,96.92000,98.49000,96.75000,97.50000,4431500
2018-02-22,97.59000,98.07000,97.05000,97.35000,4270100
2018-02-23,97.78000,98.84000,97.55000,98.80000,2440600
2018-02-26,99.43000,101.68000,98.97000,101.64000,4953100
2018-02-27,101.66000,102.12000,99.58000,99.58000,5167300
2018-02-28,100.04000,100.36000,97.43000,97.51000,4053700
2018-03-01,97.82000,98.30000,94.53000,95.14000,4369800
2018-03-02,94.63000,95.75000,93.20000,95.60000,3584700
2018-03-05,95.09000,97.29000,94.70000,96.66000,2661400
2018-03-06,96.99000,96.99000,95.14000,96.07000,3221100
2018-03-07,95.21000,95.73000,94.28000,95.64000,3594900
2018-03-08,96.05000,96.68000,95.09000,96.59000,3760500
2018-03-09,97.58000,99.11000,97.06000,99.05000,3044300
2018-03-12,99.09000,99.70000,97.48000,97.67000,4020900
2018-03-13,98.12000,98.23000,95.08000,95.37000,4858700
2018-03-14,95.96000,96.17000,94.09000,94.53000,3013800
2018-03-15,95.06000,95.41000,93.96000,94.39000,3213000
2018-03-16,94.55000,96.39000,94.27000,95.61000,5124900
2018-03-19,95.44000,95.48000,93.80000,94.84000,2610400
2018-03-20,95.35000,95.65000,94.72000,94.95000,2501600
2018-03-21,94.62000,96.27000,94.40000,94.74000,2124000
2018-03-22,93.74000,93.96000,91.12000,91.41000,4113900
2018-03-23,91.82000,92.36000,90.41000,90.45000,5100400
2018-03-26,91.37000,92.99000,90.80000,92.62000,2769800
2018-03-27,92.81000,93.74000,90.87000,91.42000,4357300
2018-03-28,91.76000,93.54000,91.60000,92.21000,5509700
2018-03-29,92.39000,94.37000,92.29000,93.28000,4940600
2018-04-02,93.14000,93.55000,89.96000,91.00000,4998400
2018-04-03,91.55000,92.93000,91.18000,92.74000,2864500
2018-04-04,91.21000,93.92000,91.08000,93.58000,4619200
2018-04-05,94.20000,95.05000,93.80000,94.20000,2482300
2018-04-06,93.24000,93.81000,90.81000,91.91000,2968900
2018-04-09,92.70000,94.24000,91.96000,92.14000,3109700
2018-04-10,93.41000,93.69000,92.53000,93.00000,4584000
2018-04-11,91.94000,92.81000,91.36000,91.60000,4064900
2018-04-12,92.52000,93.94000,92.06000,93.35000,3137300
2018-04-13,94.13000,94.30000,92.54000,93.03000,2510300
2018-04-16,93.78000,94.20000,93.11000,93.60000,2811500
2018-04-17,93.96000,94.60000,93.59000,93.86000,2651700
2018-04-18,94.04000,95.24000,94.00000,95.15000,4981400
2018-04-19,99.36000,102.96000,99.05000,102.37000,11716900
2018-04-20,102.20000,102.67000,100.37000,100.79000,5614700
2018-04-23,100.78000,101.16000,99.91000,100.61000,3183300
2018-04-24,101.19000,101.71000,99.58000,100.44000,5048900
2018-04-25,100.00000,100.30000,97.90000,98.78000,5129200
2018-04-26,98.85000,100.51000,98.56000,100.23000,3021100
2018-04-27,99.99000,100.29000,98.93000,99.61000,2017000
2018-04-30,100.00000,100.37000,98.73000,98.75000,2567000
2018-05-01,98.82000,98.82000,97.29000,98.58000,2915200
2018-05-02,98.06000,99.37000,97.55000,97.63000,3542000
2018-05-03,97.17000,97.32000,95.51000,97.14000,3572300
2018-05-04,96.35000,98.95000,96.04000,98.35000,2363200
2018-05-07,98.53000,98.99000,98.29000,98.58000,2152100
2018-05-08,98.78000,100.37000,98.39000,99.74000,3199100
2018-05-09,100.22000,100.97000,99.49000,100.50000,2694300
2018-05-10,100.71000,101.87000,100.22000,101.38000,2847600
2018-05-11,101.49000,102.68000,101.27000,101.42000,2522100
2018-05-14,101.69000,102.15000,101.11000,101.29000,2234800
2018-05-15,100.82000,101.23000,99.97000,100.74000,3442300
2018-05-16,100.28000,101.24000,100.23000,100.59000,2135200
2018-05-17,100.65000,101.64000,100.30000,101.22000,2876100
2018-05-18,100.93000,101.33000,100.46000,100.99000,2927600
2018-05-21,101.57000,102.38000,101.35000,102.04000,2084000
2018-05-22,102.32000,103.24000,102.08000,102.70000,2910700
2018-05-23,101.82000,102.25000,100.91000,101.93000,2553900
2018-05-24,101.69000,102.31000,100.72000,102.01000,2230000
2018-05-25,101.35000,101.64000,100.47000,101.10000,1850800
2018-05-29,99.84000,99.84000,96.98000,97.72000,4377800
2018-05-30,98.85000,99.42000,97.96000,98.99000,3076800
2018-05-31,98.68000,99.36000,97.80000,98.30000,2780300
2018-06-01,99.34000,99.61000,98.22000,98.25000,2711200
2018-06-04,98.81000,99.51000,98.64000,99.45000,2417400
2018-06-05,99.12000,99.41000,98.43000,99.31000,1811500
2018-06-06,100.00000,101.00000,99.57000,100.97000,2872700
2018-06-07,101.44000,102.39000,100.89000,101.48000,4245700
2018-06-08,101.29000,101.30000,99.59000,101.00000,3580500
2018-06-11,101.18000,101.67000,100.79000,101.20000,3453000
2018-06-12,101.50000,101.50000,100.24000,100.73000,2426100
2018-06-13,100.87000,100.88000,99.96000,100.02000,3183800
2018-06-14,100.52000,101.10000,99.51000,99.76000,3285500
2018-06-15,99.22000,99.27000,97.31000,98.52000,6741200
2018-06-18,97.85000,98.55000,97.31000,98.47000,3621300
2018-06-19,97.14000,97.93000,96.62000,97.14000,3119600
2018-06-20,97.70000,97.89000,96.36000,96.42000,4495300
2018-06-21,96.16000,96.96000,95.76000,96.63000,3350700
2018-06-22,97.35000,97.96000,97.07000,97.23000,7235400
2018-06-25,97.05000,100.10000,95.65000,98.54000,7996700
2018-06-26,99.50000,99.83000,98.07000,98.21000,5166100
2018-06-27,98.43000,99.41000,96.93000,96.96000,3693700
2018-06-28,97.01000,97.45000,96.57000,96.97000,3142300
2018-06-29,98.13000,99.48000,97.65000,98.00000,4698500
2018-07-02,97.40000,99.04000,97.16000,99.00000,3148700
2018-07-03,99.31000,99.31000,97.72000,97.84000,2041200
2018-07-05,98.35000,98.63000,97.63000,98.53000,2385500
2018-07-06,98.46000,99.03000,98.20000,98.52000,1996600
2018-07-09,99.26000,100.01000,99.08000,99.91000,4991700
2018-07-10,99.91000,100.47000,99.57000,99.91000,4675500
2018-07-11,99.66000,100.80000,99.66000,100.30000,3469600
2018-07-12,101.03000,101.33000,100.60000,101.15000,3688800
2018-07-13,101.08000,101.15000,99.62000,100.50000,3456500
2018-07-16,100.60000,100.88000,100.07000,100.69000,3264800
2018-07-17,100.78000,101.46000,100.65000,101.15000,3092200
2018-07-18,101.55000,103.07000,101.42000,102.98000,5923800
2018-07-19,100.20000,101.37000,99.28000,100.17000,7171100
2018-07-20,100.13000,101.30000,99.98000,100.15000,3325500
2018-07-23,100.15000,101.40000,100.01000,101.22000,2617900
2018-07-24,101.46000,102.09000,101.17000,101.71000,3155100
2018-07-25,101.23000,102.78000,101.08000,102.63000,2549400
2018-07-26,102.84000,103.15000,102.36000,102.50000,2744000
2018-07-27,102.87000,104.24000,102.67000,103.85000,3815800
2018-07-30,102.73000,103.11000,100.35000,100.85000,4423000
2018-07-31,101.05000,101.20000,99.44000,99.52000,4330400
2018-08-01,99.90000,100.93000,99.17000,99.45000,3315400
2018-08-02,98.90000,99.93000,98.67000,99.73000,2481800
2018-08-03,99.96000,100.90000,99.70000,100.79000,1830400
2018-08-06,100.77000,101.32000,100.40000,100.92000,2004600
2018-08-07,101.49000,102.75000,101.37000,101.97000,1852800
2018-08-08,102.00000,102.95000,101.81000,102.78000,2228900
2018-08-09,102.44000,103.32000,102.28000,102.99000,2435500
2018-08-10,102.09000,102.20000,101.17000,101.58000,2473800
2018-08-13,101.48000,102.30000,101.40000,101.81000,3389200
2018-08-14,101.93000,102.60000,101.83000,102.18000,2327100
2018-08-15,101.57000,101.93000,100.84000,101.51000,2219600
2018-08-16,101.90000,103.14000,101.87000,102.65000,2290400
2018-08-17,102.63000,103.31000,102.06000,103.03000,1950800
2018-08-20,103.02000,103.97000,102.93000,103.83000,2267900
2018-08-21,103.92000,105.25000,103.76000,104.81000,3218400
2018-08-22,104.90000,106.26000,104.51000,105.83000,2761300
2018-08-23,105.54000,106.02000,105.16000,105.37000,1866800
2018-08-24,105.91000,106.34000,105.45000,105.76000,1844000
2018-08-27,106.79000,107.33000,106.28000,107.05000,1972000
2018-08-28,107.06000,107.43000,106.68000,107.28000,2275000
2018-08-29,107.04000,107.31000,105.89000,106.71000,1896200
2018-08-30,106.60000,106.67000,105.97000,106.23000,1868300
2018-08-31,105.52000,106.40000,105.30000,105.98000,2115500
2018-09-04,106.35000,107.27000,105.58000,107.01000,2941800
2018-09-05,107.00000,107.25000,104.88000,105.68000,5511800
2018-09-06,105.50000,105.87000,104.55000,105.40000,3623900
2018-09-07,105.64000,106.35000,105.35000,106.08000,2498400
2018-09-10,106.56000,107.80000,106.56000,107.29000,3337000
2018-09-11,106.71000,108.47000,106.47000,108.31000,2795800
2018-09-12,108.31000,108.69000,107.66000,107.88000,4103100
2018-09-13,108.20000,109.19000,107.93000,108.66000,3429600
2018-09-14,108.84000,110.01000,108.84000,109.56000,2999800
2018-09-17,110.21000,110.24000,108.94000,109.20000,2383100
2018-09-18,109.44000,109.87000,108.97000,109.64000,2173200
2018-09-19,110.00000,110.46000,109.73000,110.10000,2365700
2018-09-20,110.85000,111.77000,110.65000,111.11000,2844800
2018-09-21,111.29000,111.51000,110.76000,110.90000,5662900
2018-09-24,110.74000,110.84000,109.35000,109.85000,1871600
2018-09-25,110.24000,110.24000,109.38000,109.87000,1910600
2018-09-26,110.08000,110.11000,107.80000,108.01000,2944200
2018-09-27,108.01000,108.35000,107.34000,107.85000,2121700
2018-09-28,107.27000,107.87000,106.28000,106.49000,3931500
2018-10-01,107.81000,108.99000,107.61000,107.90000,3361300
2018-10-02,108.01000,108.47000,107.31000,108.39000,2223100
2018-10-03,109.25000,109.40000,108.25000,108.45000,2505100
2018-10-04,108.25000,108.85000,106.81000,107.74000,2478700
2018-10-05,108.06000,108.47000,106.72000,107.23000,2399800
2018-10-08,106.63000,107.23000,105.57000,106.99000,2723400
2018-10-09,106.30000,106.93000,105.94000,106.66000,2604400
2018-10-10,106.96000,107.01000,103.52000,103.57000,4555600
2018-10-11,103.22000,104.34000,101.55000,101.58000,6069300
2018-10-12,104.31000,104.92000,101.71000,103.00000,4855900
2018-10-15,102.85000,103.56000,102.21000,102.62000,2780900
2018-10-16,103.07000,104.47000,102.69000,104.27000,3121000
2018-10-17,104.33000,105.29000,103.92000,104.34000,3792400
2018-10-18,104.53000,104.76000,102.29000,102.84000,4538200
2018-10-19,104.06000,107.55000,104.06000,106.73000,5726300
2018-10-22,106.61000,106.96000,104.45000,104.51000,5003100
2018-10-23,102.41000,104.52000,101.84000,104.38000,4223800
2018-10-24,104.43000,104.95000,101.51000,101.84000,4056700
2018-10-25,102.48000,104.17000,101.80000,103.60000,3378900
2018-10-26,102.54000,102.66000,100.14000,101.25000,5395700
2018-10-29,102.47000,103.25000,100.04000,101.19000,4238700
2018-10-30,101.60000,102.39000,100.41000,102.08000,3778200
2018-10-31,103.06000,103.71000,102.55000,102.73000,4511300
2018-11-01,103.26000,104.27000,103.02000,104.04000,2786800
2018-11-02,104.93000,105.05000,102.89000,103.71000,4322200
2018-11-05,104.04000,105.40000,103.80000,105.21000,2697700
2018-11-06,104.98000,105.66000,104.37000,104.98000,2856000
2018-11-07,105.73000,107.48000,104.90000,107.31000,3606900
2018-11-08,107.03000,108.63000,107.03000,108.50000,2896700
2018-11-09,108.38000,109.33000,107.35000,108.28000,4444000
2018-11-12,108.16000,108.44000,106.30000,106.49000,3154600
2018-11-13,106.65000,108.20000,106.47000,107.86000,3021800
2018-11-14,108.61000,109.33000,106.89000,107.77000,4978100
2018-11-15,106.68000,109.70000,106.34000,109.60000,3742600
2018-11-16,108.58000,110.38000,108.58000,109.46000,3486200
2018-11-19,109.90000,110.02000,107.42000,108.25000,3161200
2018-11-20,107.55000,107.90000,105.46000,106.09000,3779000
2018-11-21,106.37000,107.67000,106.13000,106.50000,2791000
2018-11-23,105.88000,106.45000,105.31000,105.74000,938800
2018-11-26,107.15000,109.73000,106.83000,109.68000,4488500
2018-11-27,109.50000,110.36000,108.73000,110.11000,2837900
2018-11-28,110.33000,113.18000,110.33000,112.89000,3995900
2018-11-29,112.00000,112.26000,110.48000,111.31000,4249500
2018-11-30,110.37000,112.45000,110.37000,112.27000,3949500
2018-12-03,113.99000,114.55000,112.00000,112.36000,3399400
2018-12-04,111.86000,112.16000,107.54000,107.64000,5238400
2018-12-06,105.64000,108.39000,104.78000,108.25000,7455200
2018-12-07,108.20000,109.62000,105.76000,106.68000,4419400
2018-12-10,105.94000,106.72000,103.50000,105.79000,4110000
2018-12-11,107.39000,108.01000,104.51000,105.40000,3132200
2018-12-12,107.27000,108.73000,106.50000,107.48000,4183800
2018-12-13,107.77000,108.36000,106.33000,106.70000,3542600
2018-12-14,105.77000,106.45000,104.93000,105.70000,5245400
2018-12-17,105.46000,105.46000,100.78000,101.18000,7345500
2018-12-18,101.98000,102.57000,100.47000,101.02000,5220800
2018-12-19,99.76000,102.00000,98.20000,98.77000,6195600
2018-12-20,97.91000,98.87000,95.26000,95.77000,7110500
2018-12-21,95.20000,96.63000,91.15000,91.33000,11005300
2018-12-24,90.74000,91.55000,89.50000,89.50000,3190900
2018-12-26,89.85000,93.89000,89.05000,93.84000,5383700
2018-12-27,92.36000,94.68000,91.26000,94.68000,4226600
2018-12-28,95.40000,95.65000,93.95000,94.42000,3225100
2018-12-31,95.13000,95.61000,94.30000,95.32000,2821100
2019-01-02,93.91000,96.27000,93.77000,95.68000,4175400
2019-01-03,94.79000,95.18000,93.23000,93.43000,4776600
2019-01-04,95.37000,98.35000,94.90000,97.64000,4637200
2019-01-07,97.77000,98.92000,97.02000,98.17000,3289000
2019-01-08,98.69000,99.52000,97.52000,98.65000,3227200
2019-01-09,98.74000,99.59000,98.15000,98.83000,2954500
2019-01-10,98.45000,98.67000,97.82000,98.26000,3523800
2019-01-11,97.88000,98.68000,97.36000,98.55000,2770600
2019-01-14,97.76000,99.03000,97.62000,98.44000,4120500
2019-01-15,98.61000,98.87000,97.74000,97.99000,5795100
2019-01-16,98.94000,99.96000,98.51000,99.41000,4701900
2019-01-17,99.41000,100.24000,98.57000,99.49000,5693300
2019-01-18,98.19000,100.81000,96.37000,100.48000,9872500
2019-01-22,99.85000,100.68000,98.96000,99.83000,4699800
2019-01-23,99.93000,100.19000,98.46000,99.71000,3585100
2019-01-24,99.69000,100.54000,99.38000,99.72000,3415900
2019-01-25,100.43000,101.59000,100.09000,100.77000,3488300
2019-01-28,100.05000,100.41000,99.48000,100.38000,3185400
2019-01-29,100.94000,101.42000,100.54000,100.96000,2827400
2019-01-30,101.09000,102.85000,100.54000,102.67000,3501500
2019-01-31,102.00000,102.90000,101.70000,102.70000,4302100
2019-02-01,102.41000,103.53000,102.41000,103.06000,4727800
2019-02-04,103.04000,103.46000,102.52000,103.42000,2578300
2019-02-05,103.63000,104.18000,103.41000,103.90000,2231200
2019-02-06,103.85000,105.08000,103.43000,104.96000,3595700
2019-02-07,104.06000,104.78000,103.61000,104.39000,3857300
2019-02-08,103.73000,104.52000,103.43000,104.52000,2581900
2019-02-11,104.95000,105.56000,104.81000,105.41000,2653800
2019-02-12,106.27000,107.43000,106.26000,107.00000,3238600
2019-02-13,107.55000,108.47000,107.10000,107.56000,3182100
2019-02-14,107.00000,107.36000,106.24000,106.62000,2385900
2019-02-15,107.33000,108.09000,107.12000,107.38000,3882300
2019-02-19,107.05000,107.23000,106.46000,106.50000,3692800
2019-02-20,106.57000,107.18000,106.50000,106.78000,3840800
2019-02-21,106.74000,106.95000,106.32000,106.61000,2566500
2019-02-22,106.98000,107.55000,106.86000,107.44000,2256400
2019-02-25,108.20000,108.85000,106.76000,106.93000,3333500
2019-02-26,106.67000,107.62000,106.42000,106.94000,2548100
2019-02-27,106.86000,107.63000,106.60000,107.42000,2393500
2019-02-28,107.22000,108.45000,107.08000,107.74000,3295800
2019-03-01,108.40000,109.65000,108.20000,108.90000,2682000
2019-03-04,109.56000,110.09000,107.76000,109.00000,4053200
2019-03-05,109.03000,109.32000,108.32000,108.85000,2685700
2019-03-06,108.93000,109.45000,108.85000,108.98000,2616000
2019-03-07,108.56000,108.63000,107.40000,107.86000,3048200
2019-03-08,106.79000,108.07000,106.68000,107.98000,2077100
2019-03-11,109.01000,109.79000,108.71000,109.56000,3289200
2019-03-12,109.74000,111.28000,109.74000,110.43000,3917500
2019-03-13,110.18000,112.26000,110.09000,112.14000,4234100
2019-03-14,112.39000,112.78000,111.88000,112.35000,3538200
2019-03-15,112.71000,113.77000,112.53000,113.52000,4780400
2019-03-18,113.75000,114.25000,113.16000,113.55000,2918000
2019-03-19,114.22000,114.22000,112.36000,112.67000,3331300
2019-03-20,112.26000,112.46000,110.60000,110.77000,3309300
2019-03-21,109.96000,112.18000,109.81000,111.82000,3111000
2019-03-22,111.29000,111.32000,108.99000,109.46000,3737400
2019-03-25,109.28000,110.07000,108.19000,109.04000,3596200
2019-03-26,109.99000,110.40000,109.05000,109.50000,2844500
2019-03-27,109.68000,110.00000,108.33000,108.98000,3346600
2019-03-28,109.42000,109.88000,108.49000,109.16000,2693300
2019-03-29,110.20000,110.39000,109.14000,109.30000,4891000
2019-04-01,110.29000,112.04000,110.08000,111.70000,5125100
2019-04-02,111.21000,111.46000,110.37000,111.00000,3568900
2019-04-03,111.82000,112.00000,110.35000,110.56000,3719700
2019-04-04,110.33000,110.49000,109.50000,110.12000,3619600
2019-04-05,110.48000,111.21000,110.44000,110.96000,4553700
2019-04-08,110.62000,110.85000,109.92000,110.70000,4776600
2019-04-09,110.01000,110.31000,109.49000,109.85000,2869300
2019-04-10,110.48000,110.48000,109.52000,110.16000,2650100
2019-04-11,110.51000,110.83000,109.42000,109.85000,2320600
2019-04-12,110.82000,111.55000,110.45000,110.91000,2316900
2019-04-15,110.92000,110.97000,110.25000,110.53000,2285000
2019-04-16,111.09000,112.03000,110.94000,111.88000,2523400
2019-04-17,112.31000,112.50000,111.25000,111.76000,3799900
2019-04-18,112.25000,114.14000,111.32000,113.67000,6186800
2019-04-22,112.60000,113.40000,112.23000,112.33000,3174400
2019-04-23,112.19000,114.04000,111.90000,113.97000,3342800
2019-04-24,113.76000,114.36000,113.42000,114.02000,2318400
2019-04-25,115.23000,116.50000,114.75000,115.88000,4595200
2019-04-26,116.59000,117.73000,116.10000,117.60000,2990600
2019-04-29,117.24000,117.70000,116.55000,116.76000,3096200
2019-04-30,117.05000,117.35000,116.10000,117.23000,2387900
2019-05-01,117.47000,117.99000,116.93000,117.02000,2450500
2019-05-02,117.00000,117.65000,116.68000,117.25000,2538700
2019-05-03,117.91000,119.66000,117.63000,119.35000,2856200
2019-05-06,117.26000,119.61000,117.05000,119.34000,2924500
2019-05-07,118.37000,119.41000,117.65000,118.22000,6282300
2019-05-08,117.83000,118.11000,116.82000,117.49000,4037500
2019-05-09,116.15000,117.29000,115.38000,117.26000,3219600
2019-05-10,116.86000,118.93000,116.21000,118.46000,2435100
2019-05-13,116.42000,116.89000,115.62000,115.90000,3710600
2019-05-14,115.98000,117.73000,115.77000,117.01000,2460700
2019-05-15,116.18000,118.23000,115.90000,117.66000,2711400
2019-05-16,117.77000,120.35000,117.77000,119.84000,4143500
2019-05-17,118.60000,119.59000,118.51000,119.07000,5273600
2019-05-20,118.83000,120.32000,118.62000,119.84000,2765600
2019-05-21,120.47000,120.68000,119.34000,120.55000,3369100
2019-05-22,120.36000,120.88000,119.44000,120.01000,2941100
2019-05-23,119.27000,119.40000,117.85000,118.43000,3290200
2019-05-24,119.21000,119.63000,118.33000,119.51000,2240100
2019-05-28,119.36000,120.12000,118.17000,118.17000,2550300
2019-05-29,117.71000,117.81000,116.04000,117.01000,2553900
2019-05-30,117.21000,117.31000,116.11000,116.74000,1882400
2019-05-31,115.77000,115.98000,114.56000,114.71000,2969100
2019-06-03,114.56000,115.93000,113.89000,114.62000,2968500
2019-06-04,115.71000,117.00000,115.23000,116.85000,3043200
2019-06-05,117.18000,118.24000,117.01000,118.12000,2568100
2019-06-06,118.42000,119.64000,118.15000,119.43000,2209300
2019-06-07,119.87000,121.36000,119.56000,121.11000,2481800
2019-06-10,121.60000,123.45000,121.41000,122.66000,3453700
2019-06-11,123.55000,124.74000,123.08000,123.23000,3303800
2019-06-12,122.92000,123.19000,121.59000,122.03000,2685700
2019-06-13,122.09000,122.70000,121.42000,121.86000,2343900
2019-06-14,122.01000,122.61000,120.94000,122.00000,2483800
2019-06-17,122.24000,122.24000,121.30000,121.45000,2094200
2019-06-18,122.81000,125.05000,122.21000,123.43000,2729200
2019-06-19,124.24000,124.92000,123.68000,124.68000,2951700
2019-06-20,125.69000,126.40000,124.47000,124.92000,3303200
2019-06-21,125.20000,126.31000,124.56000,124.73000,5703800
2019-06-24,124.98000,125.42000,124.01000,124.14000,2680900
2019-06-25,124.27000,124.57000,123.04000,123.16000,2387800
2019-06-26,123.18000,124.00000,123.03000,123.59000,1902500
2019-06-27,123.69000,124.41000,123.56000,123.94000,1504300
2019-06-28,124.29000,124.55000,123.20000,123.44000,4338900
2019-07-01,125.30000,126.40000,124.55000,124.92000,4008800
2019-07-02,124.78000,125.33000,124.60000,125.10000,4076100
2019-07-03,125.21000,126.05000,124.94000,125.86000,3714300
2019-07-05,126.13000,126.19000,124.31000,125.40000,3731500
2019-07-08,124.99000,125.23000,124.64000,124.85000,3332000
2019-07-09,124.27000,126.04000,124.18000,125.90000,2237100
2019-07-10,126.70000,128.42000,126.70000,126.89000,2733800
2019-07-11,126.98000,127.69000,126.44000,127.28000,2928100
2019-07-12,127.55000,128.00000,126.87000,127.96000,1639400
2019-07-15,128.25000,128.67999,127.76000,128.57001,2355700
2019-07-16,129.22000,129.34000,127.80000,128.06000,2734000
2019-07-17,128.02000,128.64000,127.01000,127.08000,2248900
2019-07-18,126.69000,129.09000,126.66000,128.39999,3524500
2019-07-19,126.80000,128.00000,123.80000,124.82000,7819000
2019-07-22,124.75000,126.01000,124.70000,126.00000,4839700
2019-07-23,126.38000,128.98000,126.36000,128.20000,4055100
2019-07-24,127.71000,128.22000,126.79000,127.95000,3628300
2019-07-25,127.81000,128.19000,126.50000,127.15000,2663500
2019-07-26,127.09000,127.56000,126.30000,126.78000,4236200
2019-07-29,126.91000,127.46000,126.54000,127.19000,1829500
2019-07-30,126.57000,126.91000,126.30000,126.47000,1575400
2019-07-31,126.53000,126.59000,123.62000,124.37000,3221000
2019-08-01,123.77000,126.13000,123.52000,124.09000,4489800
2019-08-02,123.92000,124.91000,123.08000,124.31000,3268800
2019-08-05,122.46000,123.08000,120.16000,120.72000,5876200
2019-08-06,121.06000,122.85000,120.87000,122.55000,3497000
2019-08-07,120.92000,123.85000,120.22000,123.54000,3170800
2019-08-08,123.85000,125.70000,123.70000,125.29000,2976100
2019-08-09,125.58000,126.74000,124.72000,126.17000,2138300
2019-08-12,124.99000,125.71000,123.80000,123.95000,2918000
2019-08-13,123.86000,126.50000,122.51000,126.32000,3175700
2019-08-14,124.35000,125.33000,122.13000,122.65000,5626300
2019-08-15,122.65000,123.00000,121.14000,122.38000,3031700
2019-08-16,123.50000,124.75000,122.69000,124.63000,2343400
2019-08-19,126.10000,126.15000,124.34000,124.40000,3286700
2019-08-20,123.63000,123.78000,121.34000,121.42000,3641600
2019-08-21,122.50000,123.06000,121.99000,122.50000,2948300
2019-08-22,123.31000,123.71000,121.77000,122.27000,2322100
2019-08-23,122.00000,122.05000,117.06000,117.76000,4800400
2019-08-26,118.33000,118.94000,117.38000,118.53000,3170600
2019-08-27,119.09000,119.34000,116.85000,117.75000,3145800
2019-08-28,117.03000,119.31000,116.97000,119.09000,2327400
2019-08-29,120.46000,121.20000,119.96000,120.74000,1901300
2019-08-30,121.47000,121.66000,119.82000,120.37000,2366200
2019-09-03,119.86000,120.28000,117.52000,117.60000,3198700
2019-09-04,118.42000,118.73000,117.80000,118.40000,3746900
2019-09-05,119.50000,121.63000,119.50000,120.67000,5261100
2019-09-06,121.14000,121.19000,120.00000,120.19000,4552400
2019-09-09,121.21000,121.41000,119.52000,119.92000,5336000
2019-09-10,119.60000,119.61000,116.30000,117.31000,6196100
2019-09-11,117.12000,118.10000,116.75000,118.00000,3674400
2019-09-12,119.00000,120.43000,118.78000,119.02000,3733500
2019-09-13,119.24000,119.97000,118.29000,119.20000,3941100
2019-09-16,118.14000,118.44000,116.68000,117.64000,4280600
2019-09-17,117.90000,119.13000,117.50000,119.05000,3054700
2019-09-18,118.59000,118.80000,117.47000,118.74000,2844500
2019-09-19,118.61000,119.52000,117.60000,117.79000,1975800
2019-09-20,117.83000,118.24000,116.37000,116.80000,5301500
2019-09-23,116.36000,118.42000,116.10000,118.24000,5089400
2019-09-24,118.89000,120.20000,117.52000,118.17000,5128400
2019-09-25,117.86000,119.44000,117.06000,119.12000,2742900
2019-09-26,119.31000,120.03000,118.84000,118.91000,3411200
2019-09-27,119.13000,119.62000,117.98000,118.59000,2909200
2019-09-30,119.05000,119.24000,118.14000,118.28000,2345800
2019-10-01,118.70000,119.50000,116.61000,116.70000,2841300
2019-10-02,115.76000,115.81000,112.75000,112.86000,4908800
2019-10-03,112.20000,112.96000,111.06000,112.55000,3529300
2019-10-04,112.66000,114.53000,112.60000,114.41000,2728200
2019-10-07,113.91000,114.65000,113.60000,113.65000,2556000
2019-10-08,112.83000,113.65000,112.05000,112.54000,3757300
2019-10-09,113.25000,114.77000,113.23000,113.92000,2365600
2019-10-10,114.81000,115.79000,113.93000,115.02000,2384300
2019-10-11,116.74000,117.57000,116.19000,116.40000,2860400
2019-10-14,116.14000,117.00000,115.94000,116.39000,1864400
2019-10-15,117.03000,118.19000,116.73000,117.59000,2379700
2019-10-16,117.63000,117.99000,117.07000,117.41000,2136700
2019-10-17,118.01000,119.33000,117.96000,119.10000,3005500
2019-10-18,119.73000,119.98000,116.67000,116.76000,6188500
2019-10-21,117.55000,119.38000,117.49000,119.05000,4259500
2019-10-22,118.67000,119.35000,118.29000,118.61000,3912100
2019-10-23,118.42000,119.23000,115.51000,116.49000,3921100
2019-10-24,116.44000,116.90000,116.14000,116.41000,2551300
2019-10-25,116.36000,118.51000,116.27000,118.26000,2325000
2019-10-28,118.64000,119.30000,118.07000,118.58000,2552700
2019-10-29,118.09000,118.83000,117.08000,117.42000,2756300
2019-10-30,117.44000,118.17000,116.86000,118.07000,2264400
2019-10-31,117.79000,118.21000,116.89000,117.28000,2507400
2019-11-01,118.41000,119.45000,118.17000,119.14000,2036600
2019-11-04,119.62000,120.50000,119.01000,119.62000,1956400
2019-11-05,119.84000,119.96000,117.76000,118.77000,2630000
2019-11-06,118.89000,119.72000,118.89000,119.69000,2420700
2019-11-07,120.27000,122.43000,120.10000,121.28000,2845000
2019-11-08,121.01000,121.81000,120.89000,121.47000,1984600
2019-11-11,120.76000,121.81000,120.51000,120.90000,1704100
2019-11-12,120.87000,121.23000,120.41000,120.89000,2012400
2019-11-13,120.27000,120.97000,120.13000,120.26000,1807900
2019-11-14,120.00000,120.98000,119.80000,120.93000,1990600
2019-11-15,120.98000,121.33000,120.39000,120.76000,2341500
2019-11-18,120.56000,120.85000,119.40000,119.66000,2617900
2019-11-19,120.01000,120.45000,119.86000,120.00000,1891000
2019-11-20,119.83000,120.23000,118.93000,119.30000,2544100
2019-11-21,119.29000,119.47000,118.49000,118.80000,2783800
2019-11-22,119.21000,119.29000,118.41000,119.06000,1629700
2019-11-25,119.14000,120.60000,119.14000,120.60000,2285400
2019-11-26,120.91000,121.04000,119.60000,119.79000,4596200
2019-11-27,120.00000,120.36000,119.35000,120.33000,2629700
2019-11-29,120.07000,120.89000,119.78000,120.12000,1961500
2019-12-02,120.31000,120.36000,117.07000,117.26000,5538200
2019-12-03,116.04000,116.75000,114.65000,116.57000,3792300
2019-12-04,117.31000,118.54000,117.00000,117.94000,2444100
2019-12-05,117.91000,118.43000,117.59000,118.28000,3128300
2019-12-06,120.21000,121.44000,119.91000,120.61000,3287600
2019-12-09,120.44000,121.53000,120.11000,120.46000,2885200
2019-12-10,120.45000,121.47000,120.03000,120.90000,2518200
2019-12-11,120.88000,121.38000,120.10000,120.64000,2015300
2019-12-12,120.60000,123.07000,120.05000,122.64000,2933800
2019-12-13,122.47000,124.99000,122.08000,124.72000,3919000
2019-12-16,125.65000,126.33000,123.34000,123.68000,3416100
2019-12-17,123.99000,125.40000,123.25000,124.95000,4325200
2019-12-18,125.03000,125.07000,124.08000,124.26000,3154200
2019-12-19,124.18000,124.90000,123.88000,124.83000,2543600
2019-12-20,125.86000,126.28000,124.83000,125.77000,5828700
2019-12-23,125.74000,125.74000,123.70000,124.49000,3031400
2019-12-24,124.95000,125.33000,124.38000,124.74000,953500
2019-12-26,124.98000,125.44000,124.53000,125.41000,1486600
2019-12-27,125.84000,125.97000,125.11000,125.19000,1788600
2019-12-30,125.20000,125.46000,124.18000,124.30000,2306500
2019-12-31,124.29000,124.57000,123.78000,124.49000,2340400
2020-01-02,124.66000,126.27000,124.23000,125.85000,2708000
2020-01-03,124.32000,125.10000,123.94000,124.60000,2090600
2020-01-06,123.37000,124.16000,123.12000,124.06000,2855200
2020-01-07,123.47000,124.40000,123.36000,123.41000,2042300
2020-01-08,124.05000,126.36000,123.80000,125.54000,3458200
2020-01-09,126.49000,127.88000,126.39000,127.81000,2787100
2020-01-10,127.58000,128.17000,126.92000,127.28000,2789200
2020-01-13,127.84000,128.95000,127.63000,128.53999,3285700
2020-01-14,128.62000,130.09000,128.34000,128.80000,3836000
2020-01-15,128.69000,129.84000,128.45000,129.82001,3187200
2020-01-16,130.50000,130.92999,129.71001,130.55000,2424500
2020-01-17,131.45000,131.86000,130.78999,131.52000,3659400
2020-01-21,131.11000,131.82001,130.39000,130.53000,3102700
2020-01-22,130.92999,132.27000,130.92999,131.49001,2483800
2020-01-23,131.25999,131.57001,130.14000,131.37000,3841000
2020-01-24,136.36000,138.13000,133.85001,135.11000,8612500
2020-01-27,131.14999,131.98000,128.87000,130.64000,6432400
2020-01-28,132.00000,133.87000,131.14000,132.45000,3712700
2020-01-29,132.48000,133.13000,131.44000,131.67999,2518400
2020-01-30,130.75000,133.33000,130.44000,133.22000,2428500
2020-01-31,132.17000,132.25000,129.38000,129.87000,3522600
2020-02-03,130.55000,132.22000,130.45000,131.00000,2721900
2020-02-04,132.88000,133.34000,131.72000,131.85001,2547500
2020-02-05,133.42999,133.80000,131.28999,133.60001,4084500
2020-02-06,134.16000,134.35001,133.11000,133.25000,1708600
2020-02-07,132.57001,132.75000,131.34000,131.82001,2885600
2020-02-10,131.61000,132.50000,131.35001,132.24001,1816500
2020-02-11,133.03000,133.64999,132.32001,132.63000,1733300
2020-02-12,133.39000,133.72000,132.53000,133.24001,1715400
2020-02-13,133.14999,134.67000,133.06000,134.46001,3178300
2020-02-14,134.71001,136.37000,134.53000,135.87000,2360300
2020-02-18,135.87000,136.75000,134.94000,135.60001,2428200
2020-02-19,136.30000,137.42000,136.12000,136.92999,1785000
2020-02-20,136.41000,138.03999,134.89999,136.58000,2541700
2020-02-21,136.20000,136.27000,133.89000,134.89999,3106100
2020-02-24,129.42999,130.96001,127.23000,128.19000,6329300
2020-02-25,127.71000,127.99000,119.91000,120.90000,7628100
2020-02-26,121.27000,122.43000,118.47000,118.50000,5268000
2020-02-27,115.90000,117.48000,112.78000,112.81000,8279800
2020-02-28,109.05000,111.03000,107.00000,109.93000,11362100
2020-03-02,111.11000,113.99000,108.59000,113.87000,9851600
2020-03-03,115.02000,116.40000,107.00000,108.01000,9285000
2020-03-04,110.25000,115.79000,109.25000,115.70000,7470900
2020-03-05,111.62000,112.59000,109.70000,110.94000,12060600
2020-03-06,105.73000,108.77000,103.79000,108.24000,9897700
2020-03-09,100.87000,101.44000,96.94000,98.29000,12266300
2020-03-10,101.93000,103.37000,97.45000,103.30000,9793200
2020-03-11,100.30000,100.96000,93.87000,95.38000,8822900
2020-03-12,87.66000,89.61000,81.81000,83.53000,12206600
2020-03-13,90.38000,100.08000,84.30000,99.60000,12680400
2020-03-16,82.44000,93.18000,80.37000,85.87000,15072400
2020-03-17,87.61000,88.94000,83.22000,86.58000,10512200
2020-03-18,80.02000,81.52000,67.00000,73.75000,14359300
2020-03-19,72.54000,77.89000,69.79000,77.07000,12330400
2020-03-20,78.98000,82.44000,72.56000,74.12000,12208600
2020-03-23,72.82000,75.42000,68.12000,68.96000,8907600
2020-03-24,73.51000,84.77000,71.70000,84.05000,10593900
2020-03-25,87.61000,96.46000,85.32000,90.17000,11046500
2020-03-26,92.24000,99.69000,90.84000,93.29000,9459400
2020-03-27,87.94000,91.97000,85.82000,88.73000,6999800
2020-03-30,88.51000,91.39000,85.27000,90.27000,5565000
2020-03-31,89.94000,90.90000,85.07000,85.61000,6075900
2020-04-01,80.65000,81.31000,77.00000,77.84000,8313400
2020-04-02,77.06000,79.12000,75.83000,76.66000,8338100
2020-04-03,76.00000,76.66000,72.61000,73.60000,10023100
2020-04-06,80.22000,84.25000,78.74000,83.87000,11253000
2020-04-07,91.43000,93.30000,87.42000,87.58000,8693200
2020-04-08,89.21000,93.00000,88.12000,92.08000,6122800
2020-04-09,94.59000,97.85000,93.46000,94.82000,6902500
2020-04-13,93.29000,93.42000,87.94000,90.33000,5037700
2020-04-14,91.46000,92.50000,85.91000,88.39000,8703200
2020-04-15,83.43000,85.40000,80.68000,83.79000,10415600
2020-04-16,83.79000,83.94000,80.33000,81.35000,7526600
2020-04-17,85.32000,87.39000,84.28000,87.39000,8269000
2020-04-20,84.59000,85.27000,82.69000,84.01000,6140400
2020-04-21,80.73000,82.46000,79.47000,81.52000,7360300
2020-04-22,83.60000,83.66000,81.97000,82.54000,5130300
2020-04-23,83.24000,84.78000,81.71000,82.46000,5807200
2020-04-24,84.13000,84.78000,81.31000,83.17000,9125400
2020-04-27,83.47000,85.15000,82.34000,85.06000,7785000
2020-04-28,87.56000,88.96000,86.21000,88.19000,7165900
2020-04-29,91.75000,96.39000,90.89000,96.12000,9396500
2020-04-30,93.75000,94.31000,91.17000,91.25000,6553700
2020-05-01,88.10000,89.07000,87.16000,88.32000,4620200
2020-05-04,86.09000,87.37000,85.02000,86.38000,4875400
2020-05-05,88.00000,88.73000,86.36000,86.74000,4410300
2020-05-06,87.49000,87.76000,83.86000,84.00000,4723400
2020-05-07,85.30000,87.37000,84.93000,86.73000,4627600
2020-05-08,88.50000,89.66000,87.55000,89.50000,3913100
2020-05-11,87.50000,87.65000,85.30000,85.33000,5917600
2020-05-12,86.10000,87.26000,83.10000,83.14000,5504900
2020-05-13,82.00000,82.13000,77.40000,78.03000,10681600
2020-05-14,76.92000,83.90000,76.00000,83.81000,10625100
2020-05-15,82.47000,83.39000,81.22000,82.22000,6618600
2020-05-18,86.72000,89.00000,85.92000,88.41000,7781700
2020-05-19,88.42000,89.84000,86.61000,87.26000,4920600
2020-05-20,89.18000,91.34000,88.77000,90.73000,5218500
2020-05-21,90.11000,91.43000,89.12000,89.83000,6241900
2020-05-22,89.71000,89.95000,88.21000,89.33000,3734500
2020-05-26,93.94000,95.57000,92.89000,94.32000,6559400
2020-05-27,100.00000,101.69000,96.80000,101.23000,11007700
2020-05-28,101.54000,102.46000,98.01000,98.06000,9268200
2020-05-29,95.50000,97.11000,94.66000,95.07000,7710900
2020-06-01,95.56000,98.07000,94.56000,96.75000,4269500
2020-06-02,98.60000,100.49000,98.17000,99.07000,5433800
2020-06-03,102.78000,105.87000,101.63000,105.40000,7301000
2020-06-04,103.47000,107.43000,103.23000,106.54000,5841600
2020-06-05,114.11000,115.93000,108.07000,109.73000,10097600
2020-06-08,111.91000,113.71000,110.64000,113.67000,6795200
2020-06-09,110.08000,111.80000,108.67000,110.46000,5517400
2020-06-10,110.00000,110.33000,105.96000,106.16000,5747400
2020-06-11,100.87000,102.99000,98.13000,98.60000,8601200
2020-06-12,103.21000,103.50000,98.08000,101.68000,7251100
2020-06-15,100.00000,104.74000,97.62000,103.95000,6472400
2020-06-16,109.02000,109.06000,102.86000,105.62000,6706000
2020-06-17,105.67000,106.12000,103.83000,103.96000,4408200
2020-06-18,102.14000,103.49000,101.27000,102.16000,3645700
2020-06-19,104.23000,104.23000,99.32000,100.94000,7589500
2020-06-22,98.00000,100.50000,97.95000,99.44000,4799900
2020-06-23,100.94000,101.65000,99.25000,99.42000,4364800
2020-06-24,97.65000,98.27000,95.00000,95.48000,5958300
2020-06-25,94.61000,98.12000,93.76000,97.85000,5195400
2020-06-26,95.93000,96.30000,92.45000,93.42000,10489400
2020-06-29,94.44000,95.41000,93.34000,94.52000,4962400
2020-06-30,94.16000,95.60000,93.57000,95.20000,4367100
2020-07-01,95.25000,96.96000,93.64000,94.05000,3301000
2020-07-02,96.77000,97.29000,93.85000,94.33000,4239700
2020-07-06,96.51000,97.90000,95.84000,96.58000,4059600
2020-07-07,95.44000,95.52000,92.63000,93.01000,5564200
2020-07-08,91.97000,93.10000,90.71000,92.90000,6382100
2020-07-09,92.51000,93.21000,89.58000,90.57000,4484500
2020-07-10,90.32000,93.31000,89.82000,93.23000,4400900
2020-07-13,94.24000,95.76000,92.78000,93.56000,4819700
2020-07-14,93.19000,95.22000,92.29000,94.84000,4044400
2020-07-15,96.66000,97.78000,96.39000,97.36000,5405600
2020-07-16,96.50000,97.79000,95.67000,96.32000,2666000
2020-07-17,96.35000,96.53000,95.01000,95.18000,2861600
2020-07-20,94.80000,95.36000,93.58000,94.00000,3560100
2020-07-21,95.25000,97.46000,94.73000,96.33000,4227100
2020-07-22,95.81000,97.41000,95.38000,96.54000,4360300
2020-07-23,95.51000,97.78000,95.51000,96.67000,4239800
2020-07-24,95.30000,97.15000,93.30000,95.33000,4790300
2020-07-27,94.64000,95.98000,93.64000,95.79000,3501800
2020-07-28,95.76000,96.29000,94.18000,94.42000,3567400
2020-07-29,94.71000,96.75000,94.44000,96.69000,2791700
2020-07-30,94.68000,94.78000,92.50000,94.65000,3856300
2020-07-31,94.31000,94.45000,92.23000,93.32000,4088200
2020-08-03,93.31000,94.40000,92.44000,93.54000,2869000
2020-08-04,93.49000,93.80000,92.49000,93.19000,2415100
2020-08-05,93.82000,95.58000,93.81000,95.39000,2844900
2020-08-06,95.18000,96.27000,94.48000,95.92000,2698800
2020-08-07,95.29000,99.30000,94.95000,99.16000,4690700
2020-08-10,99.49000,102.65000,99.26000,101.62000,5254800
2020-08-11,103.99000,105.70000,102.96000,103.26000,4744000
2020-08-12,104.76000,104.80000,100.68000,101.68000,3407800
2020-08-13,100.53000,101.83000,99.50000,100.42000,3265400
2020-08-14,99.66000,101.29000,99.27000,100.41000,1956500
2020-08-17,99.92000,100.00000,97.44000,97.55000,7488500
2020-08-18,98.19000,98.83000,96.47000,96.67000,3337300
2020-08-19,96.82000,97.91000,95.89000,96.89000,3079600
2020-08-20,95.74000,97.58000,95.68000,96.72000,3102500
2020-08-21,96.49000,97.65000,95.96000,96.15000,2845100
2020-08-24,96.68000,99.37000,96.39000,99.33000,4141100
2020-08-25,100.62000,100.79000,98.03000,99.05000,2946600
2020-08-26,98.56000,99.14000,97.81000,98.40000,2936500
2020-08-27,98.76000,102.14000,98.53000,101.53000,3992100
2020-08-28,102.15000,102.90000,100.74000,102.54000,4382900
2020-08-31,102.90000,102.90000,101.36000,101.59000,4665800
2020-09-01,100.54000,102.78000,100.16000,102.47000,3142500
2020-09-02,102.58000,104.87000,102.29000,104.40000,3536900
2020-09-03,104.97000,109.03000,103.85000,104.46000,6747900
2020-09-04,106.35000,108.28000,104.48000,105.67000,5235100
2020-09-08,104.42000,105.08000,103.30000,103.67000,4517000
2020-09-09,104.57000,104.71000,102.69000,103.78000,2474700
2020-09-10,104.19000,105.11000,102.31000,102.77000,3288900
2020-09-11,102.91000,103.85000,102.01000,103.36000,2604400
2020-09-14,104.65000,107.69000,104.22000,107.27000,3620100
2020-09-15,107.84000,108.12000,106.24000,106.68000,3371500
2020-09-16,106.73000,107.49000,104.69000,105.98000,5798900
2020-09-17,104.27000,105.35000,103.32000,104.66000,3215300
2020-09-18,104.46000,106.12000,103.31000,103.44000,6630300
2020-09-21,100.60000,100.63000,96.22000,98.17000,8339900
2020-09-22,98.01000,99.78000,96.41000,98.48000,4884400
2020-09-23,95.76000,97.10000,95.09000,95.56000,9427200
2020-09-24,95.34000,96.90000,93.71000,95.45000,4249000
2020-09-25,94.68000,96.85000,94.46000,96.26000,2775600
2020-09-28,99.00000,99.73000,98.63000,98.82000,3930900
2020-09-29,98.74000,99.35000,97.23000,97.75000,3200400
2020-09-30,98.23000,101.52000,98.23000,100.25000,5060900
2020-10-01,100.33000,101.48000,99.37000,101.33000,4179300
2020-10-02,99.78000,103.14000,98.63000,101.61000,3783300
2020-10-05,103.33000,104.08000,102.27000,103.89000,2863200
2020-10-06,105.01000,105.29000,101.32000,101.76000,3309200
2020-10-07,102.81000,104.15000,102.39000,103.38000,3048400
2020-10-08,104.33000,106.14000,104.06000,106.06000,2922600
2020-10-09,105.99000,107.21000,105.24000,106.34000,3511300
2020-10-12,106.46000,107.01000,106.00000,106.61000,2626700
2020-10-13,105.89000,106.59000,104.76000,105.01000,2602600
2020-10-14,105.38000,106.27000,104.76000,104.81000,2826300
2020-10-15,103.44000,104.89000,103.02000,104.43000,2699300
2020-10-16,104.65000,105.68000,104.20000,104.91000,2394300
2020-10-19,105.13000,105.22000,102.25000,102.47000,3196500
2020-10-20,102.94000,104.61000,102.83000,103.14000,2954700
2020-10-21,103.17000,103.39000,101.36000,101.43000,2588400
2020-10-22,101.70000,104.86000,101.57000,104.79000,3748800
2020-10-23,100.63000,103.64000,100.00000,100.98000,8921200
2020-10-26,99.77000,100.10000,95.78000,96.88000,5731500
2020-10-27,97.62000,97.70000,94.90000,94.93000,3780300
2020-10-28,91.96000,93.57000,91.00000,91.60000,7037800
2020-10-29,91.41000,92.23000,90.13000,91.07000,5419500
2020-10-30,90.80000,91.32000,89.11000,91.24000,4736300
2020-11-02,92.96000,94.13000,92.27000,93.40000,3572900
2020-11-03,94.75000,96.85000,94.40000,96.29000,4004300
2020-11-04,94.00000,97.82000,92.86000,96.40000,4545500
2020-11-05,97.21000,98.32000,96.84000,98.11000,4197300
2020-11-06,98.52000,98.64000,96.27000,96.69000,3126300
2020-11-09,110.54000,119.81000,110.19000,117.37000,17261700
2020-11-10,118.59000,119.89000,115.12000,115.95000,7056800
2020-11-11,115.93000,116.00000,110.30000,111.12000,5642700
2020-11-12,109.82000,112.12000,109.55000,111.10000,4941200
2020-11-13,112.34000,115.64000,112.21000,114.99000,4811500
2020-11-16,119.10000,120.39000,116.75000,118.67000,5339100
2020-11-17,116.97000,117.79000,114.14000,116.48000,4023200
2020-11-18,116.94000,118.76000,114.19000,114.24000,3264300
2020-11-19,113.78000,114.80000,112.53000,114.14000,3249800
2020-11-20,113.74000,114.54000,111.90000,112.58000,3702300
2020-11-23,114.24000,116.78000,113.72000,116.09000,3022900
2020-11-24,119.00000,120.84000,117.89000,120.39000,6163400
2020-11-25,119.50000,120.98000,118.25000,120.58000,4646600
2020-11-27,120.53000,121.69000,119.79000,120.59000,2447700
2020-11-30,120.03000,121.48000,118.00000,118.59000,3517700
2020-12-01,120.32000,122.57000,119.85000,119.93000,3583400
2020-12-02,119.28000,122.85000,118.90000,122.33000,3271900
2020-12-03,122.85000,123.95000,122.12000,123.12000,4285100
2020-12-04,124.35000,125.32000,123.85000,125.04000,5048600
2020-12-07,124.51000,124.87000,122.63000,123.94000,4253700
2020-12-08,122.47000,124.55000,122.02000,123.52000,3623000
2020-12-09,123.28000,123.96000,121.01000,121.69000,3622800
2020-12-10,120.72000,122.13000,119.70000,121.84000,2818800
2020-12-11,120.11000,120.50000,118.84000,120.23000,2942800
2020-12-14,121.73000,121.79000,116.65000,117.36000,5336300
2020-12-15,118.79000,119.31000,115.56000,119.10000,4528900
2020-12-16,118.93000,119.59000,118.28000,119.00000,2943700
2020-12-17,119.41000,119.67000,118.46000,118.98000,3746700
2020-12-18,118.59000,119.36000,116.65000,117.51000,8394100
2020-12-21,115.77000,118.00000,113.72000,116.41000,4528300
2020-12-22,116.19000,116.26000,114.38000,114.55000,3632300
2020-12-23,115.78000,118.19000,115.78000,116.95000,2725200
2020-12-24,116.93000,117.44000,115.82000,117.35000,707000
2020-12-28,118.05000,119.35000,117.60000,118.36000,1878700
2020-12-29,119.24000,119.35000,118.00000,118.14000,1860400
2020-12-30,118.25000,119.95000,118.15000,119.43000,1954200
2020-12-31,119.71000,121.06000,119.16000,120.91000,1747800
2021-01-04,121.30000,121.80000,116.85000,118.04000,3472100
2021-01-05,118.26000,119.28000,117.10000,118.67000,2112700
2021-01-06,121.00000,124.73000,120.81000,123.06000,5861500
2021-01-07,124.10000,125.69000,117.35000,121.66000,8696600
2021-01-08,122.07000,122.20000,119.52000,121.78000,2934500
2021-01-11,120.42000,121.41000,119.39000,121.06000,3311000
2021-01-12,122.00000,122.32000,120.72000,121.62000,2671300
2021-01-13,121.60000,123.89000,121.16000,122.40000,3678300
2021-01-14,122.65000,124.50000,122.09000,123.78000,3404700
2021-01-15,122.48000,122.86000,121.71000,122.15000,3948200
2021-01-19,125.49000,128.06000,124.24000,126.75000,5818500
2021-01-20,127.19000,129.53999,127.07000,128.94000,4090200
2021-01-21,128.28999,128.89000,126.10000,127.43000,3654900
2021-01-22,125.74000,127.06000,124.88000,126.14000,2954800
2021-01-25,124.24000,125.00000,120.32000,121.15000,6156700
2021-01-26,118.75000,120.29000,115.72000,116.15000,8932500
2021-01-27,114.86000,116.80000,112.10000,114.09000,5816900
2021-01-28,117.43000,120.38000,116.60000,118.97000,5788500
2021-01-29,117.74000,118.39000,115.81000,116.26000,5059300
2021-02-01,117.70000,119.29000,117.00000,117.03000,3359800
2021-02-02,118.29000,122.42000,118.28000,120.70000,4036700
2021-02-03,120.08000,120.98000,119.56000,120.44000,2782500
2021-02-04,120.99000,125.41000,120.80000,124.90000,3915900
2021-02-05,126.62000,127.34000,125.63000,126.28000,3184200
2021-02-08,126.87000,128.39999,126.75000,127.99000,3360900
2021-02-09,127.65000,127.66000,126.20000,126.68000,2175000
2021-02-10,127.63000,128.70000,126.84000,128.23000,2929100
2021-02-11,127.45000,129.12000,126.98000,128.31000,3733000
2021-02-12,128.19000,130.46001,128.00000,129.62000,2873300
2021-02-16,128.91000,130.91000,128.25000,130.67999,2730600
2021-02-17,130.08000,131.16000,128.44000,128.56000,3088800
2021-02-18,127.49000,128.83000,126.08000,128.49001,2269700
2021-02-19,129.49001,133.36000,129.49001,131.71001,3419500
2021-02-22,131.50999,136.47000,131.37000,135.95000,3923100
2021-02-23,136.47000,138.31000,134.28000,136.94000,4814400
2021-02-24,137.20000,140.95000,136.81000,139.89000,4099500
2021-02-25,140.62000,140.64000,136.37000,137.08000,3607500
2021-02-26,137.10001,138.25000,133.78999,135.25999,3654800
2021-03-01,138.17999,139.77000,138.12000,138.71001,2972100
2021-03-02,138.24001,140.19000,138.08000,139.25000,2929100
2021-03-03,140.00000,144.25000,140.00000,142.59000,4393700
2021-03-04,142.14999,144.11000,139.95000,142.67999,4461700
2021-03-05,144.66000,147.96001,142.08000,147.33000,5048300
2021-03-08,147.28000,151.46001,146.72000,150.27000,4283400
2021-03-09,148.58000,149.08000,144.11000,145.10001,5806100
2021-03-10,145.70000,148.28999,145.44000,146.75000,3049800
2021-03-11,146.00000,147.82001,145.13000,147.75000,3147700
2021-03-12,149.10001,150.64000,148.02000,148.53999,2420100
2021-03-15,148.03999,148.92000,146.03000,146.99001,2586300
2021-03-16,147.25000,147.25999,142.82001,143.30000,4031000
2021-03-17,144.75999,144.82001,141.89999,144.67999,3278500
2021-03-18,145.49001,145.50000,142.07001,142.58000,3173600
2021-03-19,141.89999,141.94000,139.74001,140.71001,5098300
2021-03-22,139.49001,140.99001,138.81000,139.95000,2274100
2021-03-23,138.94000,139.50000,135.13000,136.08000,4905400
2021-03-24,137.97000,140.03999,137.61000,138.42000,2638900
2021-03-25,137.95000,142.53000,136.75999,142.28000,2766400
2021-03-26,143.74001,143.98000,141.05000,143.73000,2687500
2021-03-29,141.98000,143.07001,140.31000,142.37000,2220600
2021-03-30,142.89999,144.48000,142.61000,143.49001,2034500
2021-03-31,142.98000,143.25999,141.35001,141.44000,2957300
2021-04-01,142.34000,144.63000,142.21001,144.57001,2629200
2021-04-05,146.91000,147.48000,145.61000,146.06000,2960100
2021-04-06,145.98000,146.53000,144.38000,146.14999,2851200
2021-04-07,147.42000,148.36000,145.72000,147.13000,2399500
2021-04-08,146.80000,147.16000,144.67999,147.03999,2295600
2021-04-09,148.21001,148.44000,146.69000,147.78000,1783400
2021-04-12,147.25999,147.77000,146.41000,147.57001,1869000
2021-04-13,146.55000,146.60001,143.84000,145.99001,2132100
2021-04-14,145.81000,148.75000,145.70000,147.42000,2141800
2021-04-15,147.50999,148.59000,145.50000,148.53000,2901200
2021-04-16,149.71001,150.45000,148.69000,149.99001,3480000
2021-04-19,149.19000,149.50999,147.80000,148.53999,2259100
2021-04-20,147.21001,147.50000,144.50999,145.10001,2526700
2021-04-21,144.00000,147.38000,143.02000,147.17999,2161700
2021-04-22,147.57001,148.92000,145.87000,147.16000,3247300
2021-04-23,141.53999,144.98000,140.67999,144.33000,6395300
2021-04-26,146.80000,151.12000,145.56000,150.34000,4821100
2021-04-27,150.70000,150.88000,148.85001,150.36000,2692100
2021-04-28,150.67999,153.46001,149.44000,152.53999,2584500
2021-04-29,153.85001,155.08000,152.09000,154.63000,2636000
2021-04-30,153.60001,154.03999,152.48000,153.35001,2712700
2021-05-03,154.59000,156.05000,154.00999,154.80000,2726200
2021-05-04,154.48000,155.74001,152.84000,154.53000,3025100
2021-05-05,154.87000,156.73000,154.32001,156.39000,3001600
2021-05-06,156.86000,157.50999,154.02000,156.88000,2798800
2021-05-07,155.61000,159.25999,155.34000,158.98000,2617800
2021-05-10,159.75000,160.69000,158.50000,158.67999,2987600
2021-05-11,156.46001,157.78999,153.64999,154.42999,3900100
2021-05-12,154.72000,155.89999,152.07001,152.30000,3487400
2021-05-13,152.41000,154.81000,151.81000,154.08000,2269700
2021-05-14,155.39000,157.94000,154.53000,157.14999,1892700
2021-05-17,157.05000,157.38000,155.88000,156.86000,1541400
2021-05-18,157.36000,158.30000,154.86000,154.99001,2417800
2021-05-19,152.07001,154.78000,151.72000,154.73000,3526800
2021-05-20,155.47000,156.25000,153.92999,155.53000,3031100
2021-05-21,156.70000,158.81000,156.35001,156.87000,3424100
2021-05-24,157.70000,158.91000,156.95000,158.64000,1956900
2021-05-25,159.07001,160.08000,157.74001,158.00999,2484200
2021-05-26,158.16000,159.38000,157.37000,158.58000,3731600
2021-05-27,159.98000,160.28999,158.85001,159.74001,2828400
2021-05-28,160.25999,160.64000,158.86000,160.13000,2436400
2021-06-01,162.50999,164.11000,161.55000,163.75999,3827800
2021-06-02,164.61000,165.69000,163.32001,164.12000,3384600
2021-06-03,163.67999,165.42000,162.82001,164.52000,2454800
2021-06-04,165.00000,165.73000,163.32001,165.00000,3239300
2021-06-07,165.63000,166.64999,165.37000,165.92000,2516400
2021-06-08,164.86000,167.14000,163.63000,166.50999,2486300
2021-06-09,165.27000,166.14000,163.80000,164.09000,2700100
2021-06-10,165.17999,165.21001,162.12000,162.23000,3024500
2021-06-11,163.00000,164.53999,162.50999,164.50999,1630100
2021-06-14,164.30000,164.88000,163.11000,163.81000,2125700
2021-06-15,163.92999,166.89999,163.80000,166.27000,3726100
2021-06-16,165.78000,166.64999,164.27000,164.67999,3281300
2021-06-17,165.97000,166.00000,160.53000,162.13000,4194400
2021-06-18,158.70000,159.67000,157.25000,158.17000,6900200
2021-06-21,160.08000,165.21001,159.13000,164.89999,3681400
2021-06-22,163.42000,165.24001,162.46001,164.50000,2697600
2021-06-23,165.03000,166.86000,164.78999,166.02000,2327600
2021-06-24,167.06000,168.58000,166.41000,168.21001,2417100
2021-06-25,168.45000,170.41000,168.45000,169.45000,9186000
2021-06-28,168.62000,168.85001,163.20000,164.78000,3433400
2021-06-29,165.57001,166.32001,163.23000,164.25000,2785900
2021-06-30,163.70000,166.16000,163.70000,165.23000,2331800
2021-07-01,165.64999,167.37000,164.69000,166.94000,2685900
2021-07-02,167.70000,168.98000,167.00999,168.50000,2028700
2021-07-06,172.53999,172.53999,167.80000,169.56000,4688100
2021-07-07,169.60001,174.75999,169.38000,170.98000,3998900
2021-07-08,166.95000,170.03999,165.59000,167.50000,4628400
2021-07-09,170.00000,172.31000,169.21001,171.94000,3175200
2021-07-12,170.07001,174.10001,169.88000,173.60001,3154100
2021-07-13,174.00000,174.74001,172.42000,172.62000,2675000
2021-07-14,172.86000,174.55000,171.00999,172.52000,3123100
2021-07-15,171.14000,173.25999,171.10001,172.85001,3448200
2021-07-16,173.74001,173.78999,169.53999,170.00999,4359800
2021-07-19,165.64999,166.38000,161.48000,162.81000,6739800
2021-07-20,162.94000,169.58000,162.57001,168.87000,4243700
2021-07-21,170.74001,173.62000,169.74001,172.50999,3384500
2021-07-22,172.25000,173.21001,169.05000,170.89999,3335900
2021-07-23,176.53000,179.67000,172.95000,173.17999,6326600
2021-07-26,173.25000,175.42999,172.30000,172.61000,3115900
2021-07-27,170.46001,175.12000,169.96001,172.94000,7922600
2021-07-28,173.00000,173.45000,169.71001,170.02000,7961700
2021-07-29,171.39000,173.82001,171.00000,171.95000,3186900
2021-07-30,172.32001,173.24001,169.82001,170.53000,3441900
2021-08-02,171.14000,173.36000,168.75999,169.27000,2895700
2021-08-03,169.75000,170.28999,165.30000,169.03999,3642000
2021-08-04,168.30000,170.44000,167.32001,168.06000,3544400
2021-08-05,168.66000,170.53000,168.32001,169.63000,2535400
2021-08-06,170.53000,172.85001,169.74001,171.36000,2828700
2021-08-09,170.35001,171.12000,168.78999,170.78000,2560200
2021-08-10,170.73000,171.70000,168.67999,169.49001,3389500
2021-08-11,169.45000,170.73000,168.67000,170.67000,3843400
2021-08-12,170.02000,170.11000,167.97000,168.52000,3372800
2021-08-13,168.09000,168.30000,165.61000,166.08000,4157700
2021-08-16,164.77000,165.89999,162.63000,165.75000,3845400
2021-08-17,164.75999,166.35001,163.35001,164.64999,7631600
2021-08-18,163.83000,165.14000,162.06000,162.13000,3563700
2021-08-19,160.16000,161.09000,157.33000,159.03000,4256400
2021-08-20,158.85001,159.99001,158.06000,159.75000,3075000
2021-08-23,161.23000,161.85001,160.11000,160.45000,2006300
2021-08-24,160.60001,161.89999,160.19000,161.20000,2377600
2021-08-25,161.88000,167.23000,160.50000,166.17999,3579900
2021-08-26,165.97000,166.50000,164.38000,165.50999,3164700
2021-08-27,165.35001,168.89000,165.16000,168.64999,3002300
2021-08-30,168.16000,168.30000,164.21001,164.25999,2582100
2021-08-31,164.10001,166.42999,163.72000,165.96001,3536300
2021-09-01,166.34000,167.28000,164.13000,164.44000,2569000
2021-09-02,165.05000,165.08000,161.14000,162.05000,4350600
2021-09-03,160.75000,161.28000,158.17000,159.30000,4206500
2021-09-07,158.87000,160.66000,158.57001,159.72000,3779000
2021-09-08,159.19000,159.25999,156.80000,158.92999,3056700
2021-09-09,158.78000,162.14999,158.53999,159.39000,3295800
2021-09-10,161.17000,161.46001,158.39000,158.72000,2943700
2021-09-13,160.64000,161.80000,159.75000,161.45000,3192500
2021-09-14,162.67999,165.83000,158.78000,159.48000,4281500
2021-09-15,160.02000,162.31000,159.21001,161.34000,2933100
2021-09-16,163.10001,164.50000,162.20000,162.63000,2765000
2021-09-17,161.57001,164.25000,161.57001,163.92000,6390600
2021-09-20,159.36000,162.14000,157.95000,160.57001,5976900
2021-09-21,161.91000,165.35001,161.69000,163.27000,3480600
2021-09-22,165.62000,168.62000,164.89999,167.49001,3562800
2021-09-23,169.49001,174.10001,169.31000,173.36000,4399200
2021-09-24,173.37000,176.00000,173.30000,175.72000,2680400
2021-09-27,177.67000,178.80000,176.33000,176.77000,3703300
2021-09-28,175.49001,177.24001,172.69000,173.14000,3862200
2021-09-29,172.89000,172.98000,170.39999,171.53999,2726100
2021-09-30,172.17999,172.36000,167.41000,167.53000,3088200
2021-10-01,168.50000,175.12000,168.48000,173.94000,3956000
2021-10-04,173.88000,177.23000,171.88000,172.66000,3613900
2021-10-05,173.42999,176.06000,172.64000,174.75999,2629400
2021-10-06,172.55000,174.89999,169.89999,173.39999,2922200
2021-10-07,175.50000,176.87000,173.70000,174.28999,3578800
2021-10-08,173.85001,176.98000,173.53000,175.14999,2375300
2021-10-11,175.78999,176.78999,173.33000,173.46001,2499200
2021-10-12,173.61000,176.56000,173.10001,174.91000,3069500
2021-10-13,172.78000,174.09000,167.08000,168.72000,5608100
2021-10-14,171.00000,172.38000,169.81000,171.50999,3061900
2021-10-15,173.77000,177.77000,173.14999,175.81000,3043900
2021-10-18,175.58000,177.61000,174.33000,176.82001,2623300
2021-10-19,177.73000,178.00000,176.25999,177.31000,1400100
2021-10-20,176.95000,179.77000,176.21001,179.60001,2398500
2021-10-21,179.58000,179.78999,176.00999,177.47000,3313800
2021-10-22,185.00000,189.03000,182.20000,187.08000,6026100
2021-10-25,186.73000,187.21001,181.83000,182.31000,3889600
2021-10-26,183.42000,183.50000,177.52000,180.95000,3832200
2021-10-27,180.10001,183.73000,177.91000,178.03000,3309900
2021-10-28,178.39999,179.23000,173.02000,174.61000,4865700
2021-10-29,175.63000,176.67000,173.03999,173.78000,3455400
2021-11-01,174.58000,176.07001,173.34000,174.21001,2250400
2021-11-02,175.00000,175.20000,172.57001,173.17000,3252900
2021-11-03,172.70000,173.83000,171.75000,172.61000,3831200
2021-11-04,172.13000,174.02000,171.66000,172.53000,3315400
2021-11-05,176.17999,177.78999,175.35001,176.69000,3936000
2021-11-08,178.07001,182.09000,177.78999,180.05000,3392000
2021-11-09,179.75999,181.19000,178.42999,179.86000,3203300
2021-11-10,179.36000,183.48000,179.36000,181.39000,3296700
2021-11-11,181.99001,182.73000,180.74001,181.30000,2119700
2021-11-12,180.71001,182.38000,179.64999,181.89000,2390200
2021-11-15,182.53000,183.92999,182.03999,183.13000,1748300
2021-11-16,183.39999,183.39999,179.74001,180.92000,3299200
2021-11-17,181.17999,181.74001,178.20000,179.61000,3543500
2021-11-18,180.00000,180.37000,175.84000,176.21001,4011500
2021-11-19,173.73000,175.27000,171.84000,173.53999,4456500
2021-11-22,174.99001,175.25000,170.89000,170.89999,4651700
2021-11-23,171.30000,171.95000,167.83000,170.85001,5890300
2021-11-24,168.48000,171.98000,167.89999,171.61000,3590600
2021-11-26,165.09000,165.24001,154.50000,156.82001,6804200
2021-11-29,160.75000,161.41000,154.34000,157.86000,6258500
2021-11-30,155.09000,155.87000,151.70000,152.30000,7444900
2021-12-01,156.10001,157.07001,149.89000,150.06000,6145500
2021-12-02,151.67999,157.91000,151.46001,156.77000,6289300
2021-12-03,158.08000,158.33000,153.63000,155.94000,4069300
2021-12-06,159.07001,162.74001,158.05000,160.67999,4141900
2021-12-07,164.50000,169.16000,164.16000,166.95000,5124500
2021-12-08,167.98000,170.53999,167.28000,168.92999,4042400
2021-12-09,167.85001,168.83000,166.55000,168.02000,2245300
2021-12-10,169.38000,170.58000,165.96001,167.03000,2768500
2021-12-13,166.39999,166.39999,161.99001,163.30000,3477600
2021-12-14,162.14000,165.25999,161.06000,162.85001,2964200
2021-12-15,162.71001,163.05000,158.53000,162.24001,5013000
2021-12-16,164.00000,165.17999,161.89999,163.00000,4900100
2021-12-17,161.00000,161.32001,156.95000,160.00999,9576800
2021-12-20,157.00000,158.21001,153.78000,155.89000,3839600
2021-12-21,157.75000,161.05000,157.52000,160.91000,3722400
2021-12-22,160.53000,163.17000,160.45000,162.47000,2877700
2021-12-23,163.86000,166.39999,163.59000,164.19000,3140500
2021-12-27,165.00000,165.00000,162.53000,164.39000,1687300
2021-12-28,163.60001,166.13000,163.60001,164.41000,2035300
2021-12-29,164.62000,164.92999,163.25999,163.83000,2082200
2021-12-30,164.62000,165.80000,164.00000,164.16000,1632900
2021-12-31,164.10001,165.17000,163.25000,163.60001,1743600
2022-01-03,164.50999,168.39999,164.39999,168.21001,3236400
2022-01-04,169.72000,174.05000,169.60001,173.61000,4799500
2022-01-05,174.71001,176.31000,171.50000,171.75999,4491900
2022-01-06,172.53999,173.69000,169.75000,172.89999,2649400
2022-01-07,172.49001,175.36000,171.86000,174.38000,3043000
2022-01-10,176.21001,176.21001,170.50000,173.74001,4269400
2022-01-11,174.53999,175.72000,172.49001,175.38000,2762700
2022-01-12,176.23000,176.82001,174.17000,174.47000,3224300
2022-01-13,174.92000,176.38000,172.85001,173.28999,3808800
2022-01-14,168.71001,168.71001,164.71001,168.39999,6508500
2022-01-18,167.91000,168.94000,164.84000,166.17000,4336300
2022-01-19,166.73000,166.73000,161.17000,161.39000,3592000
2022-01-20,161.12000,164.57001,159.46001,160.92000,4205600
2022-01-21,159.95000,161.88000,157.67999,158.74001,3779100
2022-01-24,155.82001,159.45000,152.85001,158.92999,5405000
2022-01-25,166.14000,174.47000,159.66000,173.11000,13320800
2022-01-26,176.95000,179.22000,173.03000,175.32001,8257300
2022-01-27,176.70000,178.20000,170.63000,171.89999,3649900
2022-01-28,171.75999,177.21001,169.77000,177.06000,4271500
2022-01-31,175.91000,180.13000,175.22000,179.82001,5524300
2022-02-01,179.92000,184.03999,179.00000,183.53999,3471200
2022-02-02,182.50999,184.58000,181.64000,184.16000,2841400
2022-02-03,184.80000,185.80000,182.32001,184.03999,3380900
2022-02-04,184.91000,188.67999,184.17999,185.85001,4075800
2022-02-07,185.63000,188.91000,184.75000,187.87000,3260800
2022-02-08,188.08000,194.53000,187.61000,194.00000,5133900
2022-02-09,194.30000,198.72000,194.30000,196.39999,4614200
2022-02-10,196.36000,198.23000,194.61000,195.50999,4511100
2022-02-11,195.42999,197.20000,190.45000,191.81000,4834900
2022-02-14,192.25999,194.14999,190.92000,192.35001,3841300
2022-02-15,194.64999,198.36000,194.17999,197.98000,4134300
2022-02-16,197.50000,199.55000,197.24001,198.38000,4122600
2022-02-17,195.63000,197.38000,194.27000,195.71001,3051700
2022-02-18,194.92000,197.75000,194.20000,194.88000,2806300
2022-02-22,195.17999,196.14999,191.75000,192.44000,3420600
2022-02-23,194.35001,194.45000,188.55000,188.95000,3562100
2022-02-24,180.47000,188.50000,179.05000,188.35001,5886600
2022-02-25,189.66000,194.25000,189.46001,193.71001,5426200
2022-02-28,189.63000,195.13000,189.23000,194.53999,5787800
2022-03-01,194.67000,194.77000,176.77000,178.06000,8562500
2022-03-02,179.78999,182.24001,178.10001,180.31000,4058800
2022-03-03,182.11000,183.45000,178.73000,179.89000,3339900
2022-03-04,176.62000,176.83000,170.82001,172.95000,5348600
2022-03-07,170.13000,170.75999,159.08000,159.13000,7760400
2022-03-08,160.52000,166.28999,155.72000,160.05000,7058900
2022-03-09,168.02000,170.73000,166.71001,168.64999,4788200
2022-03-10,165.59000,170.96001,164.83000,169.60001,3840900
2022-03-11,171.75000,172.31000,167.63000,167.89999,3000000
2022-03-14,171.33000,174.71001,169.71001,172.78999,4614600
2022-03-15,173.59000,178.30000,173.37000,176.03999,3827300
2022-03-16,179.17999,182.75999,176.30000,180.61000,5239300
2022-03-17,180.17999,187.71001,180.06000,186.97000,6398900
2022-03-18,188.69000,191.00000,184.84000,190.72000,8744100
2022-03-21,190.77000,191.50000,187.56000,189.09000,3166200
2022-03-22,190.50000,194.35001,190.06000,191.33000,3007000
2022-03-23,188.83000,189.62000,185.17999,186.02000,3664600
2022-03-24,186.61000,189.37000,185.70000,188.89000,2424400
2022-03-25,190.41000,191.25999,189.00000,190.28000,1871900
2022-03-28,189.95000,189.95000,186.28999,189.70000,3043700
2022-03-29,192.33000,194.00000,190.36000,190.94000,2764100
2022-03-30,191.39000,192.10001,188.39999,189.75999,2278000
2022-03-31,189.53000,191.11000,186.94000,187.00000,3801600
2022-04-01,188.20000,189.42000,186.28000,187.17000,2647000
2022-04-04,187.62000,188.50000,185.59000,187.66000,2971400
2022-04-05,187.49001,190.84000,184.80000,185.39999,2974700
2022-04-06,184.49001,184.87000,181.73000,183.71001,3143300
2022-04-07,181.52000,183.27000,179.11000,182.39000,4062400
2022-04-08,183.00000,186.72000,181.92999,183.70000,3075600
2022-04-11,181.06000,182.44000,177.25000,177.57001,4816800
2022-04-12,176.57001,179.25000,174.71001,175.53999,4348900
2022-04-13,174.23000,180.02000,174.00000,179.59000,2980600
2022-04-14,179.27000,182.47000,178.67999,181.16000,2667100
2022-04-18,181.33000,185.89000,181.00000,184.48000,2182700
2022-04-19,185.00999,188.09000,184.71001,187.17000,2713800
2022-04-20,188.33000,190.14999,187.64000,188.46001,2256200
2022-04-21,190.94000,192.42000,184.58000,185.74001,3973200
2022-04-22,185.42999,185.55000,180.32001,180.53999,4373700
2022-04-25,179.98000,184.25999,177.99001,184.10001,4408900
2022-04-26,183.25000,183.91000,178.53999,178.64999,3728100
2022-04-27,177.66000,179.41000,175.50000,177.63000,4085800
2022-04-28,180.35001,183.89000,177.61000,181.98000,2703200
2022-04-29,180.09000,182.31000,174.33000,174.71001,3210100
2022-05-02,174.64999,174.88000,167.50999,171.62000,3881800
2022-05-03,173.00000,174.00000,170.33000,172.11000,3152300
2022-05-04,172.22000,178.17000,171.20000,177.82001,2930400
2022-05-05,176.64000,176.75999,169.33000,171.00999,2987100
2022-05-06,169.17000,169.99001,165.00999,167.14999,3129800
2022-05-09,165.03000,166.02000,160.38000,161.02000,4485200
2022-05-10,163.42000,164.73000,158.39000,161.83000,3014800
2022-05-11,161.73000,164.94000,159.03999,159.39000,2644300
2022-05-12,155.60001,157.16000,149.88000,153.27000,5314800
2022-05-13,155.96001,160.09000,155.88000,158.75000,3625100
2022-05-16,157.41000,158.74001,154.32001,156.42999,2811300
2022-05-17,161.07001,162.75999,158.39999,161.85001,2928100
2022-05-18,160.78999,160.85001,155.39999,156.10001,2697700
2022-05-19,153.57001,156.46001,153.25000,154.00000,2768300
2022-05-20,154.35001,154.80000,149.71001,153.24001,2982500
2022-05-23,156.61000,159.56000,156.02000,159.03999,2726600
2022-05-24,157.28999,157.97000,152.92000,155.63000,2817800
2022-05-25,157.14000,161.75999,156.07001,160.50999,4381000
2022-05-26,162.70000,166.77000,162.70000,165.37000,2463900
2022-05-27,167.08000,169.67999,166.03999,169.60001,2157500
2022-05-31,167.94000,170.78000,167.03999,168.82001,4123500
2022-06-01,168.70000,169.37000,163.84000,165.75999,2276400
2022-06-02,166.14000,169.19000,165.92999,169.14000,1707000
2022-06-03,166.89999,168.03999,165.98000,166.83000,1390700
2022-06-06,169.10001,170.25999,166.27000,167.02000,1486000
2022-06-07,164.64000,169.48000,164.45000,168.69000,2083100
2022-06-08,166.75000,168.64000,165.19000,165.96001,2313900
2022-06-09,166.22000,166.57001,160.92999,160.98000,2273800
2022-06-10,157.25999,157.88000,154.36000,154.42000,2733300
2022-06-13,149.86000,151.03000,145.38000,146.28999,4156500
2022-06-14,145.95000,147.39999,143.25000,144.60001,3574800
2022-06-15,146.69000,147.89000,143.44000,146.22000,3327800
2022-06-16,142.59000,142.60001,136.49001,137.50000,4815100
2022-06-17,138.00000,145.56000,137.59000,144.17999,10033600
2022-06-21,148.70000,148.70000,144.16000,144.75999,3518800
2022-06-22,142.23000,146.35001,141.34000,144.39000,3419000
2022-06-23,144.52000,144.63000,139.47000,141.64999,3915000
2022-06-24,141.63000,146.27000,141.00000,146.14999,8957200
2022-06-27,147.99001,148.77000,143.95000,144.28999,3151500
2022-06-28,146.08000,149.50999,141.85001,142.19000,2649300
2022-06-29,141.64999,141.67999,138.45000,139.47000,4164900
2022-06-30,136.70000,139.87000,134.30000,138.62000,4123500
2022-07-01,138.07001,140.89000,137.47000,140.39999,2625300
2022-07-05,137.22000,139.64999,135.64999,139.64999,4057000
2022-07-06,139.28999,140.50000,137.85001,138.14999,4401300
2022-07-07,140.17999,142.17000,139.14999,141.03000,4258000
2022-07-08,141.74001,143.11000,139.72000,141.75999,3631800
2022-07-11,140.47000,142.31000,139.84000,140.58000,2373600
2022-07-12,137.53000,141.89000,137.06000,139.17999,4047400
2022-07-13,136.84000,140.02000,136.36000,139.39999,2753800
2022-07-14,135.70000,137.24001,134.12000,136.48000,4600200
2022-07-15,139.71001,143.11000,138.87000,142.48000,3296600
2022-07-18,144.34000,146.05000,141.52000,142.33000,3330300
2022-07-19,144.39999,147.92999,144.39999,147.78000,3372300
2022-07-20,146.87000,149.10001,146.37000,148.92999,2802300
2022-07-21,148.21001,150.33000,146.45000,150.17999,4683000
2022-07-22,159.00999,160.88000,152.62000,153.00999,9298400
2022-07-25,154.25000,154.78000,151.21001,153.78999,4213800
2022-07-26,152.73000,153.50000,148.84000,149.83000,2812700
2022-07-27,151.60001,152.72000,147.27000,151.63000,5029100
2022-07-28,151.75999,152.64999,147.53999,152.14000,3587900
2022-07-29,152.37000,154.38000,151.28999,154.02000,3197900
2022-08-01,152.84000,154.77000,151.80000,153.33000,2295600
2022-08-02,152.02000,153.30000,150.84000,151.60001,2562900
2022-08-03,154.07001,156.03999,153.31000,155.42999,2609300
2022-08-04,156.02000,157.71001,155.25999,156.87000,3693300
2022-08-05,156.48000,158.03999,156.00000,157.50999,2513600
2022-08-08,159.00000,160.78999,156.94000,157.28000,3080700
2022-08-09,157.64000,158.94000,157.27000,158.80000,2997900
2022-08-10,161.77000,164.21001,161.64000,162.44000,3225400
2022-08-11,164.36000,164.92000,162.17999,162.99001,1968200
2022-08-12,164.47000,166.00000,163.28000,165.84000,1942600
2022-08-15,164.28000,166.06000,163.75999,165.39999,1852800
2022-08-16,165.00000,165.98000,163.96001,165.35001,1876000
2022-08-17,163.30000,164.48000,162.20000,163.89999,1804100
2022-08-18,163.92999,164.99001,163.34000,164.64999,1397700
2022-08-19,163.50000,163.92999,162.00999,162.24001,1895400
2022-08-22,158.98000,159.19000,156.98000,157.70000,1969300
2022-08-23,158.00000,159.60001,157.20000,157.33000,2885200
2022-08-24,157.03000,159.56000,156.28999,159.13000,2029200
2022-08-25,160.00000,162.33000,158.78000,162.23000,1936300
2022-08-26,163.21001,163.59000,157.19000,157.31000,2373700
2022-08-29,155.88000,156.50999,154.41000,154.53999,2693600
2022-08-30,155.64000,156.12000,152.89999,154.66000,2104500
2022-08-31,155.56000,156.37000,151.84000,152.00000,3271600
2022-09-01,150.82001,151.37000,147.64999,151.11000,2425200
2022-09-02,153.48000,153.98000,148.92999,149.78999,2028500
2022-09-06,150.00000,151.31000,146.55000,148.60001,2797600
2022-09-07,148.39999,152.70000,148.38000,152.25000,1766400
2022-09-08,150.92000,153.69000,149.50999,153.52000,3399200
2022-09-09,154.45000,158.59000,154.30000,158.44000,3543500
2022-09-12,159.50000,163.45000,159.34000,162.45000,4146300
2022-09-13,158.14000,159.81000,154.84000,155.35001,3519800
2022-09-14,156.17999,157.56000,153.50000,156.30000,2840200
2022-09-15,156.42999,158.78999,155.89999,156.13000,2371600
2022-09-16,154.08000,154.08000,150.50999,153.08000,6527200
2022-09-19,151.25000,155.48000,150.70000,155.36000,2472500
2022-09-20,153.58000,154.59000,152.13000,153.48000,1725900
2022-09-21,154.67000,154.81000,148.66000,148.71001,2599900
2022-09-22,148.82001,148.89000,142.47000,143.03000,3249400
2022-09-23,140.78000,141.96001,138.09000,140.25999,3035600
2022-09-26,140.03999,141.28999,136.70000,137.45000,3808700
2022-09-27,139.44000,140.38000,136.10001,137.49001,2828700
2022-09-28,138.50000,141.17999,136.52000,140.56000,5269500
2022-09-29,138.39000,138.95000,135.84000,137.78999,2280700
2022-09-30,137.39999,138.67000,134.62000,134.91000,3717200
2022-10-03,137.95000,140.77000,134.92000,140.02000,2677100
2022-10-04,143.03000,145.55000,143.03000,145.46001,2408800
2022-10-05,142.92000,145.28999,142.08000,144.37000,2073800
2022-10-06,143.05000,145.06000,142.13000,142.38000,2526000
2022-10-07,140.42000,141.28999,138.08000,139.00000,2579600
2022-10-10,140.00999,140.38000,136.64999,137.50999,2893400
2022-10-11,136.37000,139.21001,135.39000,137.35001,2588700
2022-10-12,137.31000,138.45000,136.11000,136.74001,2397400
2022-10-13,131.35001,142.55000,130.64999,141.55000,5232300
2022-10-14,142.96001,143.88000,136.14000,136.81000,3871900
2022-10-17,140.58000,142.22000,140.09000,141.53999,3139300
2022-10-18,146.13000,147.05000,143.55000,145.99001,3963300
2022-10-19,145.42999,147.07001,142.60001,143.97000,2803900
2022-10-20,144.00000,147.32001,142.14999,142.42000,4319300
2022-10-21,140.99001,141.32001,132.21001,140.03999,11755400
2022-10-24,141.30000,143.78999,140.37000,141.63000,4299600
2022-10-25,142.48000,147.44000,141.60001,147.02000,3889100
2022-10-26,147.56000,149.50000,146.47000,146.88000,3559100
2022-10-27,148.44000,149.71001,146.41000,146.97000,2101300
2022-10-28,146.56000,150.91000,146.05000,150.44000,3383100
2022-10-31,150.00000,150.30000,148.32001,148.45000,3042900
2022-11-01,149.96001,150.63000,146.63000,147.08000,2675500
2022-11-02,146.58000,149.03000,143.37000,143.50000,2851600
2022-11-03,141.09000,142.20000,138.77000,139.31000,3960500
2022-11-04,142.39999,146.36000,141.00000,144.72000,3322100
2022-11-07,146.20000,147.53999,143.75999,146.98000,2918000
2022-11-08,147.44000,151.34000,147.14000,150.20000,3846000
2022-11-09,149.47000,149.47000,145.66000,145.86000,2425500
2022-11-10,152.78999,155.78999,151.31000,154.75000,4701600
2022-11-11,156.49001,158.88000,154.70000,154.89000,3714600
2022-11-14,153.37000,156.50000,153.06000,154.13000,3666500
2022-11-15,156.96001,157.35001,152.32001,153.89000,2916900
2022-11-16,154.21001,155.91000,151.85001,152.57001,2635300
2022-11-17,150.00000,151.06000,149.22000,150.64000,2769600
2022-11-18,152.25000,153.75999,150.94000,152.50000,2631300
2022-11-21,152.25000,153.46001,151.89000,152.81000,2003500
2022-11-22,154.10001,155.14999,153.28999,154.58000,2124600
2022-11-23,153.83000,154.99001,152.88000,153.92999,1404400
2022-11-25,153.52000,154.47000,153.17000,154.14999,665800
2022-11-28,152.69000,153.78000,150.37000,150.87000,1782900
2022-11-29,150.96001,154.47000,150.53000,154.42000,2655700
2022-11-30,153.84000,157.59000,151.48000,157.59000,3914700
2022-12-01,157.72000,158.87000,154.75000,157.50000,2670300
2022-12-02,155.22000,157.28000,155.00000,156.75000,2285400
2022-12-05,155.96001,159.45000,155.55000,156.08000,3013100
2022-12-06,155.75000,158.34000,153.32001,154.70000,3285100
2022-12-07,154.56000,156.99001,154.31000,154.77000,2879800
2022-12-08,155.89000,156.42000,153.45000,154.12000,1632400
2022-12-09,153.99001,155.14000,152.62000,153.89999,1761200
2022-12-12,154.25999,157.75999,154.00000,157.31000,2773900
2022-12-13,160.62000,161.55000,156.16000,157.52000,3110500
2022-12-14,157.57001,158.62000,153.84000,154.11000,3556200
2022-12-15,151.64999,152.28000,146.47000,150.22000,4282200
2022-12-16,148.59000,148.59000,144.14999,146.30000,4510600
2022-12-19,146.03999,146.74001,143.66000,145.00999,2546000
2022-12-20,144.99001,146.50000,144.25000,145.70000,1607800
2022-12-21,147.06000,147.78000,146.37000,147.10001,2107100
2022-12-22,146.05000,146.70000,142.72000,145.31000,2901100
2022-12-23,145.23000,147.14000,144.52000,147.02000,1671800
2022-12-27,147.28999,147.86000,145.67000,146.39000,1858500
2022-12-28,146.21001,146.82001,143.94000,144.00999,1490200
2022-12-29,145.08000,147.62000,144.39999,147.32001,1758500
2022-12-30,146.00999,147.92999,145.73000,147.75000,2247200
2023-01-03,149.53999,150.45000,145.73000,147.12000,2762200
2023-01-04,148.56000,151.96001,148.56000,150.53999,2620400
2023-01-05,147.16000,148.72000,146.02000,146.42999,2505700
2023-01-06,147.74001,150.42999,145.48000,150.17000,3077400
2023-01-09,151.35001,152.45000,150.10001,150.39999,3219400
2023-01-10,150.50999,152.17999,149.28000,152.00000,2198400
2023-01-11,152.30000,154.11000,152.27000,153.92000,3113600
2023-01-12,154.75999,155.75000,152.39999,154.92000,3322400
2023-01-13,153.24001,156.25000,152.30000,155.75999,2391300
2023-01-17,155.53999,156.10001,153.37000,153.75000,3073400
2023-01-18,154.49001,154.75999,150.32001,150.42000,2762400
2023-01-19,146.61000,148.00000,144.20000,146.85001,3852300
2023-01-20,147.96001,151.78000,147.72000,151.60001,3954800
2023-01-23,152.00000,155.06000,151.55000,154.00000,3608700
2023-01-24,152.92000,156.67000,152.66000,155.33000,2348500
2023-01-25,153.49001,157.06000,153.37000,156.77000,2916500
2023-01-26,157.64999,158.23000,154.28999,155.88000,3640300
2023-01-27,166.80000,175.53999,165.50000,172.31000,13997300
2023-01-30,174.78999,177.86000,172.50999,172.66000,10240700
2023-01-31,172.91000,175.31000,171.89999,174.92999,5170900
2023-02-01,173.38000,175.12000,171.92999,173.61000,3725200
2023-02-02,174.16000,175.22000,171.08000,173.13000,6895500
2023-02-03,171.56000,180.39999,171.21001,178.86000,5305100
2023-02-06,176.74001,177.75000,175.69000,176.48000,3397800
2023-02-07,175.05000,179.03000,174.75000,178.70000,3526300
2023-02-08,179.75000,180.10001,177.88000,179.00000,2926500
2023-02-09,179.14999,182.08000,178.48000,179.37000,3557900
2023-02-10,178.57001,179.73000,176.49001,179.25000,2586200
2023-02-13,179.24001,181.38000,178.28000,181.33000,3102400
2023-02-14,180.31000,182.14999,178.78999,181.02000,2325900
2023-02-15,178.92000,180.74001,178.50000,180.67000,1501200
2023-02-16,179.48000,179.88000,177.67999,177.94000,1899100
2023-02-17,176.05000,177.61000,174.66000,177.30000,2355300
2023-02-21,175.12000,176.50000,173.32001,173.48000,2713300
2023-02-22,173.56000,176.02000,172.92999,174.70000,2468800
2023-02-23,175.24001,176.60001,172.86000,175.14000,2575300
2023-02-24,173.69000,174.94000,172.19000,174.25000,1667400
2023-02-27,175.53000,175.69000,173.08000,173.30000,1909000
2023-02-28,174.00999,175.34000,173.58000,173.99001,2301400
2023-03-01,173.50999,177.20000,173.00999,175.91000,2566500
2023-03-02,174.03999,175.83000,172.66000,175.34000,1795000
2023-03-03,176.00999,179.39000,175.23000,179.09000,2875600
2023-03-06,178.56000,180.52000,178.46001,179.06000,2730700
2023-03-07,178.67000,178.89999,175.08000,175.32001,2906400
2023-03-08,175.83000,176.22000,173.57001,174.83000,2101400
2023-03-09,179.60001,180.27000,171.96001,172.12000,4349400
2023-03-10,170.83000,170.83000,164.84000,165.70000,5104300
2023-03-13,161.49001,161.99001,157.42000,157.63000,6123200
2023-03-14,161.50000,164.32001,160.88000,163.91000,5284000
2023-03-15,157.91000,159.96001,155.92999,159.81000,6100800
2023-03-16,158.06000,161.92000,156.10001,160.73000,4737300
2023-03-17,158.22000,158.64999,154.89999,156.52000,7447200
2023-03-20,158.37000,160.69000,157.57001,158.74001,3054300
2023-03-21,162.94000,164.57001,161.70000,164.56000,3986800
2023-03-22,164.63000,166.77000,162.50000,162.75000,4367300
2023-03-23,162.67000,166.24001,160.82001,162.75999,3727500
2023-03-24,160.52000,160.71001,157.82001,159.78000,2588700
2023-03-27,163.95000,164.47000,161.83000,163.12000,3984300
2023-03-28,162.21001,162.59000,158.19000,159.21001,4883700
2023-03-29,161.70000,164.19000,161.08000,163.59000,3884800
2023-03-30,163.96001,164.96001,161.81000,162.41000,2644800
2023-03-31,163.67000,165.08000,161.75000,164.95000,3594300
2023-04-03,164.11000,165.24001,162.67999,163.78000,2704400
2023-04-04,165.00999,165.19000,160.83000,162.56000,2063500
2023-04-05,160.56000,161.60001,160.19000,161.08000,2346800
2023-04-06,160.63000,160.78999,158.23000,158.83000,3754500
2023-04-10,158.03999,161.17000,157.80000,161.14000,2372600
2023-04-11,161.67000,162.58000,160.32001,161.83000,2742300
2023-04-12,163.22000,163.22000,158.87000,159.28999,2817600
2023-04-13,159.80000,162.42000,158.98000,162.30000,2729000
2023-04-14,164.24001,164.77000,161.46001,163.22000,2618100
2023-04-17,161.94000,163.74001,160.89000,163.71001,2622300
2023-04-18,164.60001,165.05000,163.28000,164.39999,2444500
2023-04-19,164.37000,166.55000,163.74001,164.95000,3768600
2023-04-20,159.00000,163.75000,154.00999,163.28000,10832400
2023-04-21,163.02000,164.77000,161.23000,163.78000,3882500
2023-04-24,164.23000,164.30000,160.39999,160.59000,2473500
2023-04-25,158.91000,159.25000,155.97000,156.12000,3421300
2023-04-26,155.77000,157.25999,155.08000,155.72000,2789100
2023-04-27,156.53999,158.70000,155.91000,158.45000,2143500
2023-04-28,157.30000,161.38000,156.88000,161.34000,2380100
2023-05-01,161.85001,161.85001,158.67999,159.32001,1803600
2023-05-02,158.35001,158.35001,151.91000,153.25000,4925600
2023-05-03,153.25999,154.98000,151.84000,152.21001,2655300
2023-05-04,151.03000,151.25000,147.39999,148.81000,3997900
2023-05-05,151.28999,153.32001,151.12000,152.64999,2223200
2023-05-08,153.41000,154.58000,152.95000,153.03999,2271600
2023-05-09,152.00000,153.73000,151.88000,153.38000,2322700
2023-05-10,153.61000,154.67000,147.95000,148.67999,4602600
2023-05-11,147.97000,148.50000,146.28000,147.99001,2900300
2023-05-12,149.32001,149.32001,147.09000,147.92999,2320000
2023-05-15,148.17999,150.21001,147.92999,150.00000,2271900
2023-05-16,150.19000,152.41000,148.37000,148.41000,1960200
2023-05-17,149.82001,152.89000,149.30000,152.09000,2446500
2023-05-18,152.25000,154.12000,151.06000,153.48000,2629800
2023-05-19,154.57001,154.92000,152.14000,152.95000,2258600
2023-05-22,153.67000,155.89999,153.28000,155.50999,2483800
2023-05-23,154.47000,155.75999,152.50000,152.56000,2928400
2023-05-24,151.50000,151.70000,150.12000,150.72000,2308400
2023-05-25,149.60001,151.50000,149.37000,151.08000,3234300
2023-05-26,152.81000,158.25000,152.53000,157.24001,4015400
2023-05-30,157.14999,158.95000,156.66000,158.00999,3268200
2023-05-31,157.67000,159.60001,156.25999,158.56000,5588500
2023-06-01,159.06000,163.99001,158.23000,162.72000,4087200
2023-06-02,164.99001,169.85001,164.49001,168.56000,4820500
2023-06-05,168.24001,168.24001,165.83000,167.42999,2870900
2023-06-06,167.85001,172.64999,167.50000,171.82001,3631500
2023-06-07,173.64999,173.64999,170.70000,171.55000,2789000
2023-06-08,170.64999,171.53000,169.56000,171.14000,2354400
2023-06-09,171.94000,172.22000,170.94000,171.72000,2200900
2023-06-12,172.00999,173.92999,171.92999,173.64000,2609600
2023-06-13,174.41000,176.12000,174.21001,175.14000,2480400
2023-06-14,176.02000,177.03999,173.39000,174.47000,2326100
2023-06-15,171.41000,174.53000,169.57001,173.81000,2797600
2023-06-16,174.20000,174.58000,171.55000,172.21001,4616900
2023-06-20,171.00000,171.22000,168.33000,169.41000,2865700
2023-06-21,169.10001,169.10001,166.95000,167.92000,2813600
2023-06-22,167.28000,168.50000,165.23000,168.25999,2755900
2023-06-23,166.00000,168.60001,165.74001,168.07001,4214400
2023-06-26,168.53000,170.50000,167.06000,167.11000,2507100
2023-06-27,166.35001,168.38000,166.17999,168.19000,2433900
2023-06-28,167.25999,169.87000,167.20000,169.78000,2289000
2023-06-29,170.58000,172.31000,170.32001,172.08000,2899200
2023-06-30,174.24001,175.09000,173.33000,174.20000,3371300
2023-07-03,174.30000,176.33000,173.70000,175.44000,1700200
2023-07-05,174.38000,176.57001,174.03999,175.57001,2487800
2023-07-06,171.74001,172.31000,168.23000,170.94000,3157300
2023-07-07,169.13000,171.57001,168.67000,169.80000,2145300
2023-07-10,169.86000,171.83000,169.45000,171.71001,1865600
2023-07-11,172.50000,175.58000,172.32001,174.64000,2281900
2023-07-12,177.00000,177.91000,174.31000,174.33000,2305800
2023-07-13,175.42000,176.10001,173.89999,174.24001,2080400
2023-07-14,175.36000,175.66000,172.52000,173.39000,1829500
2023-07-17,172.94000,176.25999,172.84000,175.39000,2144100
2023-07-18,175.19000,178.44000,174.42999,178.03999,2685700
2023-07-19,178.25000,178.78999,176.31000,177.12000,2749100
2023-07-20,175.56000,177.22000,174.05000,177.11000,3940700
2023-07-21,172.17000,173.34000,167.42000,170.22000,9102100
2023-07-24,167.59000,169.00000,166.92999,167.78999,4979900
2023-07-25,167.35001,168.95000,166.42000,166.50000,3286700
2023-07-26,166.17000,168.42999,166.06000,167.75000,2352000
2023-07-27,168.53000,168.53999,163.17000,163.60001,3944200
2023-07-28,165.28999,166.58000,164.64000,165.42999,2925900
2023-07-31,166.50999,168.99001,166.50999,168.88000,3345900
2023-08-01,167.95000,169.81000,167.25999,169.64999,2340100
2023-08-02,167.28000,167.75000,166.05000,166.75000,2236200
2023-08-03,165.84000,166.66000,165.03000,166.41000,1708700
2023-08-04,166.53000,168.10001,165.06000,165.41000,2256000
2023-08-07,166.85001,167.33000,166.14000,166.96001,2027200
2023-08-08,164.89999,165.99001,163.59000,165.87000,2102900
2023-08-09,165.94000,166.28999,163.50000,163.82001,2445200
2023-08-10,164.71001,166.50000,162.72000,163.53999,2556000
2023-08-11,162.67000,165.78000,162.60001,165.27000,2102500
2023-08-14,164.33000,166.48000,163.77000,166.08000,1827300
2023-08-15,164.39000,164.81000,161.70000,161.91000,2447600
2023-08-16,161.27000,162.96001,160.64000,160.75999,1994900
2023-08-17,161.91000,162.61000,160.38000,160.58000,2473000
2023-08-18,159.23000,160.80000,158.94000,160.23000,2139500
2023-08-21,160.88000,161.64999,160.08000,160.88000,2070500
2023-08-22,160.75999,161.25999,158.61000,159.08000,2255500
2023-08-23,159.33000,160.08000,158.70000,159.44000,2042500
2023-08-24,159.00999,161.42000,157.74001,157.78999,2468600
2023-08-25,158.44000,159.64000,157.33000,158.32001,2969200
2023-08-28,158.98000,160.91000,158.75999,159.19000,2509900
2023-08-29,158.89000,160.78999,158.30000,160.24001,2175800
2023-08-30,160.27000,161.86000,160.12000,160.17000,3039900
2023-08-31,160.66000,160.94000,157.74001,157.99001,3653900
2023-09-01,159.07001,160.16000,158.71001,159.62000,2195500
2023-09-05,160.11000,161.86000,159.35001,160.00000,4151000
2023-09-06,159.07001,159.84000,156.86000,158.00000,2949200
2023-09-07,157.25999,157.63000,156.07001,156.78000,2617400
2023-09-08,157.02000,157.78999,156.71001,157.42999,1931300
2023-09-11,158.37000,159.16000,157.39999,157.83000,2611100
2023-09-12,157.64999,159.72000,157.45000,158.50000,2659000
2023-09-13,159.34000,160.70000,158.62000,159.14000,2976700
2023-09-14,160.57001,161.96001,160.00000,161.78000,3209900
2023-09-15,162.03000,164.33000,161.82001,163.75000,7273600
2023-09-18,163.78999,163.95000,159.35001,159.63000,2413400
2023-09-19,159.05000,159.87000,158.45000,159.35001,2230700
2023-09-20,160.00000,160.20000,156.88000,157.23000,1969700
2023-09-21,155.83000,156.87000,154.44000,154.71001,2712100
2023-09-22,155.00000,155.03999,152.92000,153.08000,2380600
2023-09-25,152.21001,153.31000,151.75000,153.23000,2434400
2023-09-26,151.75000,152.96001,150.16000,151.12000,2332100
2023-09-27,151.50000,151.50000,148.97000,149.89999,3705400
2023-09-28,149.77000,150.88000,149.02000,150.23000,3489800
2023-09-29,151.45000,151.69000,148.67000,149.19000,3579400
2023-10-02,148.42000,149.89999,148.07001,149.48000,2657600
2023-10-03,148.50000,149.17999,144.31000,145.05000,4184100
2023-10-04,145.89999,146.92000,144.39999,146.63000,3476700
2023-10-05,145.58000,147.53999,144.77000,147.09000,2706200
2023-10-06,146.71001,150.35001,146.14000,149.32001,3204600
2023-10-09,147.60001,149.45000,147.42000,148.82001,2279400
2023-10-10,149.50000,151.73000,149.00000,150.92999,2909100
2023-10-11,151.42999,152.81000,149.75999,151.50999,1727000
2023-10-12,152.50000,152.72000,150.11000,151.28000,2377200
2023-10-13,152.92000,154.14000,150.42999,151.10001,2951500
2023-10-16,152.37000,153.41000,151.21001,152.78999,2586300
2023-10-17,151.56000,154.73000,151.50000,154.39000,3919400
2023-10-18,153.12000,153.59000,151.13000,151.53000,2632200
2023-10-19,150.41000,156.05000,149.00999,149.62000,4642200
2023-10-20,144.70000,147.94000,141.44000,141.57001,8268100
2023-10-23,141.50000,145.85001,140.91000,144.59000,5313500
2023-10-24,145.85001,146.50999,143.53999,144.42000,3521100
2023-10-25,144.09000,144.84000,143.23000,143.52000,2841400
2023-10-26,143.37000,144.91000,142.99001,143.34000,3378000
2023-10-27,143.85001,143.96001,141.03000,141.31000,3442500
2023-10-30,142.72000,143.86000,141.73000,143.27000,3303300
2023-10-31,143.33000,146.67999,143.07001,146.03000,3737200
2023-11-01,146.49001,146.82001,145.14000,146.45000,2332600
2023-11-02,148.33000,150.91000,148.33000,150.85001,3108400
2023-11-03,152.58000,153.88000,152.39999,152.75999,2667700
2023-11-06,152.60001,153.07001,151.50999,152.99001,2490000
2023-11-07,152.97000,153.78999,152.35001,152.98000,1583300
2023-11-08,152.97000,153.80000,152.42999,153.00999,1804500
2023-11-09,153.67999,154.16000,152.05000,152.37000,2052900
2023-11-10,153.03999,154.48000,152.10001,154.38000,2088100
2023-11-13,154.08000,155.25999,153.50000,154.34000,1753600
2023-11-14,156.60001,157.92000,156.03000,156.91000,2968600
2023-11-15,157.53000,159.44000,157.00000,159.42999,3272600
2023-11-16,159.64999,160.10001,157.97000,159.05000,3749100
2023-11-17,159.91000,162.58000,159.91000,162.56000,2975800
2023-11-20,162.91000,164.64999,162.75999,163.85001,3242900
2023-11-21,163.64999,164.12000,161.73000,162.28999,2759700
2023-11-22,163.28000,164.67999,162.85001,163.78999,2527500
2023-11-24,164.56000,165.22000,163.97000,164.42000,950700
2023-11-27,163.75999,164.52000,163.32001,164.03999,2146400
2023-11-28,163.92000,165.98000,163.61000,165.66000,2117800
2023-11-29,166.39999,168.72000,166.39999,167.42999,2720200
2023-11-30,168.00000,171.17000,167.53000,170.77000,4253100
2023-12-01,170.67000,174.34000,170.31000,173.75999,3412000
2023-12-04,172.86000,175.31000,172.66000,173.25000,3631000
2023-12-05,172.10001,172.71001,165.92999,170.67999,6452500
2023-12-06,171.73000,172.38000,167.17999,167.50999,3890700
2023-12-07,168.46001,169.22000,167.74001,168.62000,2797100
2023-12-08,168.34000,169.13000,167.57001,168.42999,2681300
2023-12-11,168.39999,169.50999,167.86000,168.39000,2811400
2023-12-12,168.39000,171.08000,167.77000,171.03999,2946200
2023-12-13,171.21001,174.66000,170.14999,174.56000,3207700
2023-12-14,175.74001,179.89999,175.60001,178.86000,4548100
2023-12-15,177.53999,181.17999,177.50000,180.50999,7139200
2023-12-18,181.38000,182.84000,181.03000,182.75999,2814400
2023-12-19,183.21001,185.77000,183.19000,185.75000,3978300
2023-12-20,185.35001,185.64999,180.53999,180.64999,4020700
2023-12-21,181.83000,185.21001,181.83000,184.78999,3496800
2023-12-22,185.64000,186.37000,184.63000,185.57001,2782600
2023-12-26,185.96001,186.17999,185.13000,185.96001,1230000
2023-12-27,186.14000,187.13000,185.62000,187.06000,1825400
2023-12-28,187.12000,188.07001,187.00000,187.80000,1486100
2023-12-29,187.75000,188.30000,186.53000,187.34000,1915000
2024-01-02,186.49001,188.74001,186.07001,188.31000,2236600
2024-01-03,186.67999,187.49001,185.59000,186.32001,2720500
2024-01-04,186.00999,188.57001,185.75999,187.14000,2777500
2024-01-05,186.82001,189.50999,186.52000,189.06000,2243300
2024-01-08,188.22000,189.33000,186.38000,189.21001,3442100
2024-01-09,187.83000,187.99001,186.34000,186.77000,2055500
2024-01-10,185.03000,186.10001,183.67000,184.97000,2757800
2024-01-11,185.00999,185.36000,182.03999,185.03000,3493300
2024-01-12,185.83000,186.41000,181.95000,182.03999,3366300
2024-01-16,181.00999,181.14999,178.82001,180.97000,4142900
2024-01-17,179.45000,181.60001,179.00000,181.00000,2377600
2024-01-18,180.10001,180.19000,177.81000,179.78999,3215200
2024-01-19,181.00000,183.38000,179.41000,183.17000,3388900
2024-01-22,184.25999,186.77000,184.06000,185.00999,3145100
2024-01-23,185.67999,186.02000,184.81000,185.47000,2327600
2024-01-24,187.09000,188.42000,185.73000,185.82001,3052500
2024-01-25,186.44000,188.33000,186.42999,188.07001,3472500
2024-01-26,192.53999,204.77000,192.25999,201.42999,13555400
2024-01-29,201.91000,202.89999,199.07001,200.86000,4935500
2024-01-30,200.50000,204.44000,200.41000,204.14999,4284600
2024-01-31,202.39999,205.32001,200.66000,200.74001,3495000
2024-02-01,200.36000,203.47000,199.88000,203.22000,3028300
2024-02-02,203.39000,206.97000,203.00000,206.41000,3393000
2024-02-05,205.49001,206.72000,203.42000,205.94000,3099300
2024-02-06,205.44000,207.08000,204.00000,205.64999,3255300
2024-02-07,207.08000,209.14999,205.60001,209.08000,3272100
2024-02-08,208.25000,211.34000,207.95000,211.21001,4136600
2024-02-09,211.55000,214.25000,210.41000,212.47000,4785100
2024-02-12,212.25000,214.00999,211.61000,212.25999,4041400
2024-02-13,210.22000,210.97000,207.61000,209.67000,3381700
2024-02-14,211.14999,211.28999,208.82001,210.89999,2770800
2024-02-15,211.47000,213.12000,210.64999,212.53000,2644500
2024-02-16,212.53000,214.28999,211.87000,212.56000,2831300
2024-02-20,211.00000,213.75000,210.28000,212.49001,3341700
2024-02-21,211.60001,212.69000,209.10001,210.89000,2599400
2024-02-22,212.48000,215.55000,212.48000,213.99001,3027800
2024-02-23,215.00000,216.32001,214.25999,214.56000,2617000
2024-02-26,213.42000,217.53999,213.25000,216.96001,2684500
2024-02-27,217.42999,218.08000,216.30000,217.98000,2428100
2024-02-28,217.17999,219.20000,216.75999,218.03000,2599200
2024-02-29,218.99001,219.74001,217.64999,219.42000,5186500
2024-03-01,219.31000,220.38000,218.42999,219.66000,2342800
2024-03-04,219.07001,219.58000,217.24001,218.91000,2625300
2024-03-05,217.44000,218.89999,216.12000,217.20000,2672300
2024-03-06,217.62000,219.28999,217.27000,218.45000,2727900
2024-03-07,221.00999,224.69000,220.81000,223.42000,2974100
2024-03-08,223.03999,224.89999,222.84000,223.37000,2242800
2024-03-11,221.92000,222.36000,218.28999,220.19000,2808200
2024-03-12,221.24001,223.44000,219.64000,222.64999,2067700
2024-03-13,223.14000,223.49001,221.87000,222.81000,2693100
2024-03-14,224.28000,224.28999,219.10001,220.47000,2417900
2024-03-15,220.98000,221.60001,217.22000,218.46001,5267900
2024-03-18,219.89999,221.73000,218.99001,220.97000,1893000
2024-03-19,221.05000,221.95000,219.37000,221.69000,1817600
2024-03-20,221.49001,228.06000,221.23000,227.91000,2249700
2024-03-21,229.11000,231.69000,228.99001,229.12000,3523700
2024-03-22,229.05000,230.53999,225.91000,225.96001,2284700
2024-03-25,225.34000,226.99001,225.23000,226.03000,2119500
2024-03-26,226.62000,226.87000,224.32001,224.46001,2106400
2024-03-27,227.20000,228.00000,225.14000,227.75000,2153100
2024-03-28,228.46001,228.46001,226.34000,227.69000,2295800
2024-04-01,227.44000,228.57001,226.83000,227.61000,1616700
2024-04-02,226.37000,226.97000,224.59000,225.53000,1984500
2024-04-03,225.81000,227.25999,225.25000,226.63000,2070100
2024-04-04,229.14000,229.67999,219.21001,219.59000,3035300
2024-04-05,220.00000,223.12000,219.52000,222.46001,1827900
2024-04-08,223.46001,224.85001,223.13000,224.11000,1401200
2024-04-09,222.99001,223.92999,217.97000,219.84000,3503000
2024-04-10,217.50999,219.50000,215.52000,217.64999,3115000
2024-04-11,217.50000,219.17000,214.50999,218.20000,3139000
2024-04-12,217.00000,218.28000,216.12000,218.20000,2441200
2024-04-15,221.89000,222.73000,216.82001,218.39999,3459000
2024-04-16,217.70000,219.38000,216.50999,218.34000,4176700
2024-04-17,219.56000,220.28000,216.52000,217.67000,2256800
2024-04-18,218.25999,221.45000,217.17999,217.50000,3901500
2024-04-19,218.84000,231.60001,218.84000,231.03999,7573700
2024-04-22,232.03000,235.37000,227.69000,233.00000,5151300
2024-04-23,234.77000,239.42000,233.67000,238.96001,4684500
2024-04-24,238.27000,240.55000,237.97000,239.12000,4429200
2024-04-25,238.13000,238.45000,235.41000,237.10001,3329000
2024-04-26,236.00000,236.92000,234.42000,235.64000,2993300
2024-04-29,236.59000,239.12000,235.64000,238.92000,3696300
2024-04-30,237.88000,239.61000,233.77000,234.03000,3564300
2024-05-01,233.22000,235.14000,231.23000,231.46001,4176000
2024-05-02,233.58000,233.95000,230.91000,232.50000,2734900
2024-05-03,233.25999,233.35001,229.13000,230.77000,3203100
2024-05-06,232.30000,234.57001,231.32001,234.33000,2259600
2024-05-07,235.50000,236.00000,233.41000,234.66000,2084300
2024-05-08,234.39999,236.85001,233.52000,236.24001,2501900
2024-05-09,235.96001,239.38000,235.56000,239.14000,3166300
2024-05-10,240.50000,243.53999,240.31000,242.30000,2590800
2024-05-13,242.95000,243.53999,238.10001,238.64999,2768800
2024-05-14,238.14999,242.09000,238.10001,241.53000,2387300
2024-05-15,241.63000,242.87000,240.25000,241.70000,2013400
2024-05-16,241.72000,243.35001,240.85001,241.32001,2605900
2024-05-17,242.80000,243.19000,241.89999,242.82001,1848700
2024-05-20,243.11000,244.41000,242.10001,242.30000,1983200
2024-05-21,242.34000,243.58000,241.34000,243.08000,1825800
2024-05-22,242.91000,243.47000,239.53000,240.09000,2292700
2024-05-23,240.83000,240.83000,235.12000,235.46001,3272600
2024-05-24,236.86000,240.07001,236.69000,238.17999,1624200
2024-05-28,237.75000,238.47000,235.88000,237.25000,2315400
2024-05-29,235.45000,237.66000,234.67000,235.94000,2711300
2024-05-30,236.37000,237.32001,234.98000,237.22000,2386300
2024-05-31,238.00000,240.19000,235.91000,240.00000,5102500
2024-06-03,240.17999,241.36000,233.53000,236.88000,2677200
2024-06-04,236.39000,240.00000,235.73000,237.25000,2512100
2024-06-05,236.25000,237.70000,233.70000,234.69000,2925100
2024-06-06,234.78999,236.39999,232.70000,233.35001,2709600
2024-06-07,232.41000,234.12000,231.71001,232.67000,2212500
2024-06-10,231.95000,233.92000,230.60001,232.44000,2933500
2024-06-11,231.64000,231.64000,224.21001,224.53000,3168100
2024-06-12,227.42999,228.39999,222.83000,224.03999,3091100
2024-06-13,223.41000,223.75000,220.74001,222.19000,3011300
2024-06-14,221.38000,225.64000,221.34000,224.82001,2373800
2024-06-17,224.20000,228.47000,224.02000,228.27000,2426700
2024-06-18,227.58000,229.31000,226.77000,229.31000,2176500
2024-06-20,228.56000,231.67999,226.44000,230.21001,2968100
2024-06-21,231.11000,231.11000,227.50000,230.38000,5064300
2024-06-24,231.67999,233.89999,230.21001,231.47000,2152600
2024-06-25,230.86000,231.30000,228.53999,230.59000,3206800
2024-06-26,230.03999,232.49001,229.14000,230.67999,3151900
2024-06-27,229.78999,230.33000,227.37000,228.39999,2264200
2024-06-28,229.25000,233.60001,228.74001,231.55000,3901100
2024-07-01,232.33000,234.80000,231.55000,233.81000,2792700
2024-07-02,233.55000,236.19000,232.97000,235.97000,1871700
2024-07-03,236.50000,237.58000,235.19000,235.71001,1365900
2024-07-05,235.71001,236.70000,233.56000,235.63000,2488300
2024-07-08,236.23000,239.50000,233.75999,234.50999,2638600
2024-07-09,234.97000,239.20000,234.12000,237.75000,1943400
2024-07-10,236.57001,239.45000,235.62000,238.92999,2203000
2024-07-11,238.87000,239.95000,236.96001,238.75000,1868700
2024-07-12,238.97000,240.25999,237.23000,238.63000,2612200
2024-07-15,240.45000,244.66000,240.45000,244.00000,3054400
2024-07-16,244.14000,249.75999,243.80000,249.63000,3074600
2024-07-17,248.81000,250.84000,247.38000,249.96001,2471900
2024-07-18,250.80000,253.73000,247.75999,249.20000,4053300
2024-07-19,241.80000,243.38000,237.64999,242.38000,5750400
2024-07-22,243.00999,245.61000,239.89999,244.75000,2590000
2024-07-23,246.96001,248.99001,245.03999,246.89999,2564000
2024-07-24,245.00000,245.62000,240.67000,240.99001,2838100
2024-07-25,240.00000,244.96001,239.39000,240.17999,3828800
2024-07-26,241.92999,246.39000,241.88000,245.89000,2174400
2024-07-29,246.63000,247.96001,244.31000,247.89000,2059300
2024-07-30,249.46001,253.67999,249.23000,252.48000,2498800
2024-07-31,253.11000,256.23999,252.42999,253.03999,2180700
2024-08-01,253.85001,255.00000,246.41000,248.67999,3929700
2024-08-02,244.50999,244.64999,230.05000,232.28000,6902600
2024-08-05,226.64000,230.78000,222.03000,225.92000,4890700
2024-08-06,226.96001,233.17999,226.50000,231.12000,3148200
2024-08-07,234.02000,236.17000,228.50999,228.80000,2665300
2024-08-08,231.05000,234.50000,231.00999,233.53999,2239200
2024-08-09,233.52000,238.34000,233.09000,237.85001,1956400
2024-08-12,238.20000,238.99001,235.39999,237.05000,1747000
2024-08-13,238.71001,239.27000,236.47000,238.99001,1913200
2024-08-14,239.81000,244.09000,239.50999,243.75999,2132500
2024-08-15,247.77000,250.36000,245.35001,249.50000,2656800
2024-08-16,249.39000,251.75000,249.13000,251.71001,2149700
2024-08-19,252.00000,254.11000,251.84000,254.05000,1653400
2024-08-20,254.22000,254.62000,252.25999,253.08000,1659700
2024-08-21,249.64000,249.82001,243.35001,246.30000,3502500
2024-08-22,246.77000,248.92000,245.75999,247.75999,1981300
2024-08-23,248.00000,252.17000,248.00000,251.30000,1868200
2024-08-26,252.42000,256.16000,251.95000,253.88000,1931000
2024-08-27,253.70000,256.67999,253.70000,255.03000,2518100
2024-08-28,254.21001,258.63000,253.75000,257.09000,2557100
2024-08-29,258.00000,261.57001,256.82999,259.84000,2423500
2024-08-30,260.48999,261.75000,256.10001,258.64999,3442100
2024-09-03,255.77000,257.48001,252.78999,254.31000,2970300
2024-09-04,254.99001,256.57999,250.66000,251.74001,3062600
2024-09-05,252.71001,253.17000,248.37000,251.84000,2711200
2024-09-06,251.28999,253.57001,243.32001,244.06000,3653000
2024-09-09,248.25000,253.14999,247.53000,250.92000,3080800
2024-09-10,251.72000,252.50000,240.59000,245.42000,3630900
2024-09-11,244.39999,254.63000,243.50000,254.17999,3149900
2024-09-12,254.16000,257.00000,252.59000,255.14999,2279600
2024-09-13,256.23001,260.20999,255.75000,259.00000,2199200
2024-09-16,261.31000,262.85001,259.14999,261.09000,2170200
2024-09-17,261.51999,267.22000,261.35001,265.39999,2765700
2024-09-18,264.39999,266.35001,261.00000,262.17999,2577400
2024-09-19,267.82999,270.10001,266.35001,268.75000,2973300
2024-09-20,268.39999,271.48999,266.95001,268.98999,5847200
2024-09-23,271.35999,272.41000,267.04999,267.29999,2534900
2024-09-24,267.76999,268.50000,263.03000,266.20999,2340300
2024-09-25,267.09000,268.72000,265.54999,266.17001,2116300
2024-09-26,268.29001,268.98999,266.34000,268.14999,1430600
2024-09-27,268.00000,272.67999,267.42001,271.06000,2231900
2024-09-30,270.10001,271.48001,267.29001,271.20001,2113100
2024-10-01,271.28000,271.82999,266.51999,268.60001,2429500
2024-10-02,268.60001,271.39001,266.25000,270.92001,2009500
2024-10-03,269.64001,271.10001,267.64001,268.59000,1614500
2024-10-04,272.25000,276.79001,270.00000,275.97000,2239600
2024-10-07,274.35001,276.31000,271.54999,273.79001,3287500
2024-10-08,271.25000,272.50000,266.16000,269.10999,3332800
2024-10-09,268.81000,271.59000,268.42001,271.42001,2087000
2024-10-10,270.92999,272.89999,269.88000,270.47000,2052800
2024-10-11,271.38000,277.10999,271.00000,276.16000,1723200
2024-10-14,276.16000,277.70001,275.10999,276.51999,1399000
2024-10-15,280.57001,281.42001,276.89999,277.31000,2264600
2024-10-16,278.88000,281.87000,277.69000,281.67999,2243600
2024-10-17,284.00000,286.35999,282.48001,285.78000,3571900
2024-10-18,276.79999,279.20001,269.04999,276.79001,7884400
2024-10-21,275.00000,276.35999,269.53000,270.73999,4092700
2024-10-22,270.62000,272.82999,268.57999,272.39999,2595400
2024-10-23,272.00000,273.35001,268.95999,271.23001,2051100
2024-10-24,270.23001,271.23001,268.70999,269.98001,3490600
2024-10-25,271.64999,273.17001,266.35001,267.35001,2993300
2024-10-28,269.23999,271.97000,267.67999,271.47000,2336900
2024-10-29,270.29999,271.79999,269.57999,270.42999,1749000
2024-10-30,271.00000,275.07001,270.26999,274.07999,2152900
2024-10-31,273.70001,274.07999,268.64001,270.07999,2315400
2024-11-01,272.29999,274.75000,270.95001,272.69000,2508300
2024-11-04,272.32999,272.82001,269.70999,270.19000,1944000
2024-11-05,271.72000,276.17999,271.19000,275.94000,1859600
2024-11-06,288.00000,296.82999,286.81000,295.16000,5380500
2024-11-07,292.32001,293.04001,284.64999,286.82001,3876900
2024-11-08,286.67999,290.10001,285.95001,287.60001,1814400
2024-11-11,290.48999,294.17999,290.42999,292.97000,2299500
2024-11-12,292.00000,293.54999,287.57999,288.51001,2251400
2024-11-13,287.92001,290.60999,287.44000,287.64001,2118100
2024-11-14,288.34000,290.56000,287.35999,288.29999,2979400
2024-11-15,288.00000,290.54999,285.48999,286.87000,2614400
2024-11-18,286.94000,287.51999,283.60999,285.54001,2074400
2024-11-19,281.89001,286.62000,281.31000,285.54999,2512900
2024-11-20,286.14999,288.32999,285.09000,287.70999,2387400
2024-11-21,289.82001,294.07001,287.53000,293.00000,2410300
2024-11-22,293.39999,301.92001,292.51001,301.29999,3788900
2024-11-25,303.04999,305.79999,302.50000,305.20999,3478400
2024-11-26,305.60999,306.97000,302.00000,305.57001,2130500
2024-11-27,307.00000,307.82001,302.79001,304.25000,1697000
2024-11-29,307.25000,307.79001,304.67001,304.67999,1326600
2024-12-02,306.20999,306.85001,299.91000,302.26001,2166900
2024-12-03,303.84000,304.98999,301.14001,302.10999,2128700
2024-12-04,302.00000,303.53000,300.70999,302.60001,1561200
2024-12-05,302.28000,303.42999,300.32001,300.53000,2793600
2024-12-06,301.64001,304.73999,300.62000,303.98999,1797600
2024-12-09,304.07001,305.07001,296.16000,296.72000,2377900
2024-12-10,297.42999,304.98001,296.51001,302.10999,2967800
2024-12-11,303.37000,304.13000,299.54001,302.34000,2071200
2024-12-12,303.63000,304.45001,300.26001,300.29999,1668100
2024-12-13,302.45999,304.32001,301.25000,302.14001,1662000
2024-12-16,303.70001,304.20001,300.82999,303.57001,1813700
2024-12-17,302.32999,303.03000,299.70001,301.34000,3611500
2024-12-18,302.60001,303.59000,286.42999,287.78000,3541200
2024-12-19,293.01999,296.85999,291.20001,293.07999,3540200
2024-12-20,292.35001,302.72000,292.00000,298.64999,6232400
2024-12-23,296.48001,299.76001,295.19000,298.79999,1902400
2024-12-24,299.29001,303.62000,298.00000,303.45999,862900
2024-12-26,301.48001,304.89001,301.01001,303.98999,1228900
2024-12-27,300.85001,305.09000,298.70999,301.04999,1676000
2024-12-30,297.35001,299.70001,294.13000,297.32999,2392800
2024-12-31,298.04999,298.87000,295.67001,296.79001,1231300
2025-01-02,300.00000,300.34000,294.62000,298.42999,1930100
2025-01-03,300.67999,303.42999,297.53000,303.07999,1979600
2025-01-06,304.32001,305.14999,300.17001,301.88000,2714000
2025-01-07,304.00000,304.38000,296.85001,302.01999,2058800
2025-01-08,301.89999,304.20001,298.85001,302.85001,2061300
2025-01-10,300.42999,301.32001,293.16000,293.29999,2685500
2025-01-13,292.51999,297.70999,291.16000,297.01999,2202800
2025-01-14,299.60001,300.54001,296.73001,300.35999,2370900
2025-01-15,305.00000,313.95999,304.20999,312.32001,3099500
2025-01-16,312.70001,314.00000,310.13000,311.48001,2361000
2025-01-17,313.01999,315.39999,310.76999,312.56000,2183500
2025-01-21,316.94000,319.70001,315.00000,317.95001,2779100
2025-01-22,318.31000,322.82001,317.67999,322.25000,2927400
2025-01-23,323.54999,326.26999,321.98999,325.87000,3935800
2025-01-24,324.39999,324.47000,313.73001,321.34000,6260100
2025-01-27,318.13000,318.82999,311.84000,316.42001,3099100
2025-01-28,316.64001,317.87000,310.72000,317.04001,2431300
2025-01-29,316.63000,319.48001,314.14001,315.25000,2155400
2025-01-30,317.00000,321.89001,316.00000,318.95001,2517400
2025-01-31,320.91000,321.64001,315.51001,317.45001,2033400
2025-02-03,312.19000,317.00000,309.19000,316.53000,1997200
2025-02-04,315.25000,317.35999,313.10999,315.82999,1884100
2025-02-05,317.94000,320.70999,315.10001,320.53000,2065700
2025-02-06,323.10001,323.25000,317.20999,320.14999,1730400
2025-02-07,320.82999,321.39999,316.29001,316.76999,1607100
2025-02-10,318.45001,318.45001,306.01001,310.26001,3227000
2025-02-11,308.53000,310.51001,306.34000,309.57001,1856100
2025-02-12,306.85001,307.95999,303.91000,306.39999,2238400
2025-02-13,307.54999,309.63000,305.88000,307.50000,1975200
2025-02-14,307.42999,311.85001,307.42001,311.04001,1725500
2025-02-18,313.39001,313.69000,309.03000,312.85001,2024500
2025-02-19,310.38000,312.00000,306.87000,309.92001,2148200
2025-02-20,309.72000,309.95999,298.69000,303.85999,2830300
2025-02-21,304.94000,304.94000,293.85001,295.39999,3280200
2025-02-24,297.10999,298.98001,292.42001,295.53000,2450600
2025-02-25,296.98999,298.41000,289.53000,293.34000,2511700
2025-02-26,295.14001,299.34000,293.67001,296.10001,1899400
2025-02-27,296.00000,301.00000,293.04001,294.20001,2031800
2025-02-28,296.29001,301.07001,294.97000,300.95999,3336300
2025-03-03,301.42999,303.45999,293.10999,295.48999,2342500
2025-03-04,291.57001,291.76999,277.57999,283.47000,5901200
2025-03-05,283.00000,286.12000,280.63000,284.17999,2569200
2025-03-06,279.79999,282.16000,274.53000,275.64001,2944200
2025-03-07,273.66000,274.17001,264.70999,273.20999,3817000
2025-03-10,267.70999,268.59000,257.45001,261.32001,4284100
2025-03-11,257.45999,260.23999,253.53999,255.39000,4925600
2025-03-12,260.17999,262.82001,255.00000,260.75000,5514900
2025-03-13,259.64999,261.51001,253.52000,256.42999,4194000
2025-03-14,260.14999,266.66000,259.00000,265.63000,4336800
2025-03-17,265.19000,266.44000,261.26999,264.38000,2975800
2025-03-18,264.60001,265.50000,260.45999,262.72000,3251700
2025-03-19,263.03000,272.01001,261.26001,270.64999,2894200
2025-03-20,269.03000,274.54999,268.22000,270.82999,2129500
2025-03-21,267.85001,270.56000,265.16000,270.51001,4229700
2025-03-24,275.23001,278.25000,274.23001,277.85999,2651400
2025-03-25,278.89999,279.79001,276.20999,279.28000,2767600
2025-03-26,280.00000,282.13000,274.60001,276.00000,2578600
2025-03-27,274.85999,275.50000,270.54001,272.01999,2312000
2025-03-28,270.63000,272.64001,263.01001,265.48001,3261500
2025-03-31,262.48999,270.34000,259.00000,269.04999,3946000
2025-04-01,265.73999,270.87000,265.12000,270.48001,2881400
2025-04-02,266.89001,277.32001,266.57001,275.25000,2473700
2025-04-03,260.20001,261.00000,247.17999,247.82001,7736200
2025-04-04,237.92000,238.97000,228.62000,233.67999,9097500
2025-04-07,225.28999,241.94000,220.42999,234.28000,6283600
2025-04-08,245.83000,247.00000,227.36000,231.39000,4782100
2025-04-09,226.96001,264.76999,226.25999,262.35999,8640600
2025-04-10,255.02000,255.50000,238.52000,246.89000,4799900
2025-04-11,246.89000,252.77000,243.14000,251.13000,4413500
2025-04-14,256.51999,257.62000,252.16000,255.38000,3067000
2025-04-15,256.00000,260.63000,255.30000,257.85999,3509100
2025-04-16,255.16000,258.94000,249.63000,252.92000,4244900
2025-04-17,252.95000,255.62000,247.10001,251.31000,3907500
2025-04-21,248.85001,250.25999,239.27000,242.50999,4302900
2025-04-22,247.12000,253.24001,246.37000,252.42000,2324100
2025-04-23,261.87000,270.17001,259.26001,260.14001,3872900
2025-04-24,258.07001,268.00000,258.00000,267.32001,2696300
2025-04-25,267.00000,268.85999,264.00000,264.81000,1940100
2025-04-28,264.94000,268.00000,262.53000,264.95001,1561500
2025-04-29,265.42999,267.48001,261.82999,267.01999,1730800
2025-04-30,260.95999,267.42001,257.20999,266.41000,3522700
2025-05-01,268.00000,272.66000,266.51999,268.54001,2473800
2025-05-02,274.50000,278.10001,273.10001,276.85001,3099300
2025-05-05,275.45999,281.59000,274.07999,278.03000,2416300
2025-05-06,274.48001,278.12000,273.60999,275.37000,3064000
2025-05-07,277.34000,278.81000,273.89001,276.23999,2329200
2025-05-08,279.73001,285.50000,278.73001,283.66000,3418000
2025-05-09,285.00000,287.00000,282.97000,284.51001,2704600
2025-05-12,297.34000,299.17001,294.73001,298.92001,4089000
2025-05-13,300.00000,303.01999,298.82001,302.29999,3531700
2025-05-14,303.14999,303.62000,299.45001,300.10001,1954400
2025-05-15,298.04999,300.92999,297.00000,299.54999,1955000
2025-05-16,300.35999,301.64999,297.82999,299.72000,2962200
2025-05-19,297.01001,300.89001,295.69000,299.29999,2751300
2025-05-20,296.48999,298.20001,294.19000,296.17001,2706600
2025-05-21,293.04001,294.12000,285.10999,286.00000,3447500
2025-05-22,285.63000,289.04999,285.07001,287.17999,2051800
2025-05-23,281.82001,287.10001,281.45999,285.22000,1724200
2025-05-27,290.53000,293.85999,288.14999,293.76001,2604300
2025-05-28,293.45999,295.38000,292.38000,293.35999,1676900
2025-05-29,296.26001,296.60999,292.79999,295.38000,2362200
2025-05-30,294.97000,295.75000,291.63000,294.04999,5251700
2025-06-02,292.35001,295.75000,290.32999,295.32999,1751200
2025-06-03,295.20001,298.25000,292.64999,297.39001,2202400
2025-06-04,297.81000,298.64999,295.79999,295.92999,1842100
2025-06-05,296.50000,298.50000,294.14001,295.95999,1696900
2025-06-06,300.29001,303.50000,299.23001,302.47000,2099000
2025-06-09,303.79001,303.79001,299.57999,301.56000,2097800
2025-06-10,301.70001,301.78000,298.00000,299.51999,2045300
2025-06-11,300.17999,303.39001,298.64999,299.10001,2013500
2025-06-12,296.67001,298.57999,294.00000,297.98999,1604500
2025-06-13,292.54999,293.32999,286.14999,287.79001,3405600
2025-06-16,290.92999,296.45001,290.01999,294.22000,2307800
2025-06-17,292.09000,294.59000,290.95001,292.81000,2625800
2025-06-18,292.07999,299.23999,292.07999,296.42001,3691500
2025-06-20,297.57999,299.75000,296.64001,298.59000,5687000
2025-06-23,296.82001,299.87000,291.88000,299.63000,3101700
2025-06-24,303.10001,309.22000,302.14999,308.38000,2805900
2025-06-25,308.89001,310.76999,307.17999,308.59000,2467200
2025-06-26,309.57999,312.26999,308.17001,311.42001,3255200
2025-06-27,314.07999,320.12000,313.10001,317.19000,4605500
2025-06-30,318.57999,320.13000,317.59000,318.98001,3416600
2025-07-01,316.92999,324.38000,316.29999,322.53000,3836200
2025-07-02,322.98999,326.62000,321.34000,325.60999,3040200
2025-07-03,325.32999,329.14001,324.17999,328.13000,1541800
2025-07-07,327.51999,328.41000,320.26001,322.73001,2160300
2025-07-08,324.47000,324.47000,316.95001,316.98001,2643900
2025-07-09,318.66000,320.92999,317.31000,317.35001,2424200
2025-07-10,317.85001,326.10001,317.50000,325.23999,2844400
2025-07-11,322.98001,324.35001,319.20001,319.47000,2091200
2025-07-14,319.29001,321.76999,317.67999,320.92001,1890900
2025-07-15,318.60999,319.45001,310.42999,310.64999,3006500
2025-07-16,312.44000,312.48999,306.60999,311.89999,2921900
2025-07-17,310.92001,316.98001,310.57999,315.35001,3223300
2025-07-18,311.85999,311.85999,302.51001,307.95001,5481100
2025-07-21,307.95999,309.17001,302.97000,302.97000,2667200
2025-07-22,302.98001,306.16000,301.73001,304.14001,2296100
2025-07-23,308.00000,309.59000,305.23999,308.66000,2139100
2025-07-24,308.29999,310.50000,307.00000,308.25000,2288100
2025-07-25,309.42001,312.64999,307.51001,311.60999,2149300
2025-07-28,311.60001,313.50000,309.29001,310.73999,1653800
2025-07-29,312.91000,313.62000,307.85001,308.54001,1796400
2025-07-30,308.54999,308.75000,301.37000,303.41000,3132400
2025-07-31,301.89999,303.91000,298.07001,299.31000,2718200
2025-08-01,294.03000,294.91000,288.34000,294.26999,3012900
2025-08-04,295.54001,299.10001,295.53000,298.59000,1876000
2025-08-05,299.85001,300.35001,295.23001,296.64001,2181000
2025-08-06,297.20999,298.04999,294.44000,295.54001,3430500
2025-08-07,297.70001,298.29001,290.63000,294.73001,2842500
2025-08-08,297.00000,298.13000,294.54001,297.42999,1778100
2025-08-11,297.12000,297.44000,294.89001,296.23001,2316700
2025-08-12,298.89999,305.07001,298.48001,303.20999,2170500
2025-08-13,304.69000,307.60001,302.42999,306.87000,2586800
2025-08-14,305.54001,307.95001,302.51001,307.73001,2108300
2025-08-15,309.45999,309.81000,304.23999,305.47000,2728000
2025-08-18,304.26999,307.23999,302.79001,307.04999,2115100
2025-08-19,306.66000,308.57001,304.57001,306.10001,2215800
2025-08-20,305.73001,309.01999,303.87000,308.39999,2481700
2025-08-21,306.79001,308.51999,304.01999,308.17001,1848500
2025-08-22,310.22000,321.70999,310.14999,319.16000,2785200
2025-08-25,319.06000,319.95001,315.41000,315.79999,1599600
2025-08-26,315.01999,320.79001,314.12000,320.60001,1848600
2025-08-27,319.92001,323.51999,319.51001,322.45999,1970100
2025-08-28,323.98999,327.54001,322.00000,326.98999,2194800
2025-08-29,327.28000,332.06000,326.81000,331.28000,2981300
2025-09-02,326.66000,331.38000,322.70999,331.17999,3225100
2025-09-03,330.75000,332.07001,321.41000,323.70999,3439000
2025-09-04,325.00000,331.04001,322.82001,330.64999,2485100
2025-09-05,330.69000,332.45999,325.23001,326.22000,2971800
2025-09-08,326.51001,327.45001,324.00000,325.41000,2264400
2025-09-09,322.79001,326.59000,320.79999,324.34000,2056000
2025-09-10,322.98999,324.64999,321.23999,323.35001,1846600
2025-09-11,323.50000,330.69000,322.42001,329.32001,2825900
2025-09-12,329.60001,329.60001,324.04999,325.31000,2000300
2025-09-15,326.04999,330.26999,326.00000,327.26001,1646300
2025-09-16,327.79999,327.98999,323.70001,327.04001,1987600
2025-09-17,328.89999,337.50000,328.39999,336.00000,3586500
2025-09-18,338.50000,342.47000,335.00000,341.67001,3204000
2025-09-19,342.53000,344.35999,339.72000,341.12000,8632000
2025-09-22,339.51001,345.51001,338.38000,340.98001,3328000
2025-09-23,341.94000,349.19000,340.01001,341.47000,2697600
2025-09-24,342.97000,345.00000,338.51001,340.48001,2279100
2025-09-25,336.91000,340.76999,334.00000,340.17999,2223900
2025-09-26,341.45001,343.32999,339.01999,341.67999,1728600
2025-09-29,343.76001,344.85001,338.50000,342.31000,1658100
2025-09-30,341.60001,342.95999,328.14999,332.16000,3327300
2025-10-01,331.00000,335.76999,328.39999,328.56000,2598800
2025-10-02,328.45001,331.98001,326.28000,330.48001,1907600
2025-10-03,332.00000,332.04001,328.72000,330.23999,2404000
2025-10-06,332.00000,334.00000,326.25000,331.98999,2116200
2025-10-07,332.64999,334.94000,325.73999,327.97000,1708900
2025-10-08,328.67001,329.14999,323.57999,323.82001,2184300
2025-10-09,326.48001,328.31000,324.04999,324.44000,2094800
2025-10-10,325.20001,328.10001,315.95001,316.26001,2684700
2025-10-13,319.17001,324.35999,319.06000,323.12000,1693100
2025-10-14,321.60999,336.32999,320.50000,332.85001,2810400
2025-10-15,333.85999,336.92001,330.28000,330.66000,2186000
2025-10-16,331.01999,332.50000,320.00000,323.12000,3268000
2025-10-17,332.38000,348.70001,331.00000,346.62000,7025200
2025-10-20,347.39001,350.22000,342.64999,349.48001,3465400
2025-10-21,352.09000,356.67001,350.79001,355.22000,2658400
2025-10-22,355.28000,357.73001,349.17999,352.00000,2710000
2025-10-23,352.72000,356.17999,350.54999,354.92999,1892600
2025-10-24,358.39999,362.32001,356.87000,357.56000,2397500
2025-10-27,362.00000,362.84000,358.91000,361.67001,2179900
2025-10-28,361.22000,362.53000,359.44000,361.03000,1416800
2025-10-29,359.00000,362.00000,355.88000,358.22000,1840500
2025-10-30,358.59000,365.75000,357.95999,358.88000,2045100
2025-10-31,357.00000,361.98999,356.00000,360.73001,2155600
2025-11-03,361.00000,363.54001,358.85001,361.62000,1822900
2025-11-04,359.32001,362.54001,356.85001,360.48999,1887800
2025-11-05,359.69000,367.82001,356.41000,365.79999,2195800
2025-11-06,366.04001,369.26001,362.41000,365.73001,2354600
2025-11-07,364.14001,370.00000,361.00000,368.54001,2752200
2025-11-10,369.48001,371.79999,362.76001,367.88000,2876800
2025-11-11,367.89001,373.07999,366.26001,370.16000,2132900
2025-11-12,371.10999,377.23001,370.51001,372.76999,2961500
2025-11-13,371.09000,373.89001,363.34000,364.73001,2273500
2025-11-14,361.79999,362.20001,355.39999,357.17999,2943500
2025-11-17,356.22000,358.23001,339.39999,341.25000,3599000
2025-11-18,336.85001,343.73001,334.10001,340.66000,4216800
2025-11-19,341.70999,345.32001,340.73999,344.64001,2005000
2025-11-20,349.97000,353.13000,340.32001,343.79999,3095700
2025-11-21,345.60001,356.31000,344.29999,352.89001,3044100
2025-11-24,353.62000,356.39001,350.17999,355.92999,3330900
2025-11-25,357.04999,363.79001,355.31000,362.64001,2059400
2025-11-26,362.70999,366.73001,362.70999,363.97000,1679900
2025-11-28,365.69000,367.53000,364.01001,365.26999,872300
2025-12-01,363.85999,366.53000,360.14001,360.31000,2229100
2025-12-02,362.07999,363.66000,357.35001,360.70001,2135400
2025-12-03,361.01999,370.20001,360.79999,368.13000,2651800
2025-12-04,368.98999,373.06000,368.13000,371.14999,2027200
2025-12-05,369.45001,374.88000,369.06000,370.35001,1978700
2025-12-08,369.91000,370.00000,360.70001,362.28000,2581400
2025-12-09,363.03000,368.07001,362.50000,363.91000,2197600
2025-12-10,363.00000,377.98001,363.00000,375.57001,2804400
2025-12-11,376.50000,385.92001,375.60001,384.89001,2975800
2025-12-12,386.48999,387.48999,378.60001,382.56000,2477800
2025-12-15,384.39999,385.75000,379.87000,382.57001,2734700
2025-12-16,384.00000,384.78000,378.82001,380.75000,2584400
2025-12-17,381.54999,384.34000,374.54999,375.60999,2973900
2025-12-18,380.00000,380.54001,373.85001,375.51999,2884400
2025-12-19,375.54001,377.54999,372.76999,376.51001,7934300
2025-12-22,378.32999,382.42001,377.07999,380.85001,2747400
2025-12-23,380.75000,384.54999,380.10001,382.19000,1768200
2025-12-24,382.19000,384.73001,380.73999,383.10999,817100
2025-12-26,382.32999,382.67001,380.26999,381.04999,1114900
2025-12-29,381.00000,381.39001,374.97000,375.32001,1736800
2025-12-30,375.03000,375.42999,372.95001,373.39001,1319500
2025-12-31,373.26999,374.37000,369.87000,369.95001,1469300
2026-01-02,369.50000,372.87000,367.25000,372.73001,2076100
2026-01-05,372.29999,383.70001,372.25000,379.79999,2362000
2026-01-06,380.37000,386.26001,376.20999,383.56000,2544100
2026-01-07,383.89999,384.98999,376.51999,378.22000,2178600
2026-01-08,378.17001,385.13000,376.51001,382.98001,2707700
2026-01-09,383.00000,384.89001,373.82999,375.60999,2767700
2026-01-12,360.50000,362.04001,355.51001,359.59000,7015900
2026-01-13,359.60001,360.29001,355.95001,358.00000,3775000
2026-01-14,356.44000,358.39001,350.72000,358.26001,3583400
2026-01-15,358.37000,361.10001,355.73001,357.37000,2868300
2026-01-16,361.14999,369.39999,359.89999,364.79001,3555100
2026-01-20,356.00000,361.16000,351.35001,352.19000,3049600
2026-01-21,352.29999,362.63000,352.26999,359.60999,2780300
2026-01-22,362.73001,370.10001,362.73001,368.01999,2628500
2026-01-23,362.73001,363.75000,358.25000,361.69000,2801800
2026-01-26,362.19000,364.87000,360.66000,363.25000,2131200
2026-01-27,363.26001,363.42001,355.76999,359.45001,1916000
2026-01-28,359.23999,361.57001,356.54999,356.98999,2386500
2026-01-29,360.26999,362.29001,355.64999,358.50000,4217500
2026-01-30,355.00000,356.01001,344.50000,352.17001,5381200
2026-02-02,350.35001,355.29999,347.01001,352.82999,2603200
2026-02-03,353.92999,358.37000,346.89999,349.63000,2854600
2026-02-04,349.63000,357.32999,347.54001,353.67001,3241900
2026-02-05,350.54999,357.32001,348.35001,354.62000,4074900
2026-02-06,358.20001,361.39001,354.69000,359.14999,3301700
2026-02-09,359.00000,361.73999,355.67999,359.66000,2219700
2026-02-10,359.62000,369.50000,359.32999,363.20001,3506900
2026-02-11,367.56000,369.50000,353.95001,354.01001,3437100
2026-02-12,356.50000,359.06000,340.38000,342.88000,4141900
2026-02-13,342.60001,344.87000,336.20999,337.50000,3814400
2026-02-17,338.73001,346.63000,338.00000,344.53000,3186000
2026-02-18,346.09000,348.04999,345.00000,346.23999,1900600
2026-02-19,343.75000,344.62000,338.29001,342.64999,2786500
2026-02-20,341.54999,346.28000,338.50000,346.17999,2738900
2026-02-23,343.35001,345.82999,317.14999,321.23999,7092600
2026-02-24,320.48999,323.59000,316.07001,320.48001,7925900
2026-02-25,323.45999,329.13000,322.32001,327.09000,3843800
2026-02-26,329.84000,336.62000,329.75000,335.32001,3215500
2026-02-27,320.89999,321.51001,307.64999,308.89999,9817300
2026-03-02,303.20001,310.42001,301.28000,307.42999,6280000
2026-03-03,300.10999,309.41000,299.75000,307.82001,5673100
2026-03-04,309.10999,312.45999,307.00000,311.20999,4055200
2026-03-05,306.85999,309.50000,304.79999,307.20999,4601800
2026-03-06,300.67999,303.00000,294.51001,301.00000,5500100
2026-03-09,294.53000,306.29999,292.42999,305.38000,4695000
2026-03-10,305.95001,308.25000,301.01999,303.14999,3488800
2026-03-11,302.47000,306.85001,300.85001,305.98999,3512200
2026-03-12,300.54001,304.84000,298.73001,301.89001,3602400
2026-03-13,304.32001,305.70999,299.84000,299.95999,2645800
2026-03-16,301.01001,304.03000,295.82999,298.20001,3604200
2026-03-17,303.85999,306.29001,299.84000,300.26999,3616000
2026-03-18,299.14999,301.07001,293.35999,294.39001,3303100
2026-03-19,292.28000,297.62000,291.28000,294.92999,3027200
2026-03-20,294.97000,296.50000,290.97000,295.50000,7116500
2026-03-23,304.98001,304.98001,297.95999,301.91000,4319800
2026-03-24,298.81000,303.84000,297.95001,302.00000,3639100
2026-03-25,305.00000,306.38000,296.91000,300.23999,2823800
2026-03-26,298.57001,302.70001,295.85001,299.39001,2887500
2026-03-27,297.29001,297.95001,291.50000,292.26999,2751000
2026-03-30,294.67999,301.45999,293.70001,297.48999,3850300
2026-03-31,302.98001,304.47000,297.57999,302.48001,3516600
2026-04-01,306.76999,307.25000,299.63000,301.45001,3403300
2026-04-02,295.39999,302.75000,292.57999,300.17999,2105500
2026-04-06,298.76001,305.79001,298.41000,305.73001,2185200
2026-04-07,302.53000,307.12000,301.70999,307.03000,2265500
2026-04-08,317.25000,322.50000,314.94000,316.34000,3654200
2026-04-09,314.31000,318.14999,312.17999,317.76999,1996200
2026-04-10,317.37000,318.00000,313.13000,313.50000,1991300
2026-04-13,311.17999,324.22000,310.00000,323.82001,2581800
2026-04-14,325.00000,328.91000,323.74719,326.95999,2169815
