date,open,high,low,close,volume
2016-02-01,24.99000,25.44000,24.95000,25.18000,258200
2016-02-02,25.05000,25.11000,24.76000,24.96000,248700
2016-02-03,25.08000,25.38000,24.84000,24.98000,264200
2016-02-04,24.70000,24.80000,23.99000,24.00000,238600
2016-02-05,23.93000,24.05000,23.53000,23.53000,350400
2016-02-08,23.42000,24.29000,23.31000,24.25000,261500
2016-02-09,24.12000,24.58000,23.98000,24.55000,219900
2016-02-10,24.60000,25.12000,24.42000,24.83000,193900
2016-02-11,24.56000,25.00000,24.56000,24.88000,185300
2016-02-12,24.87000,25.25000,24.62000,25.09000,238300
2016-02-16,25.36000,25.50000,24.83000,25.47000,228800
2016-02-17,25.50000,25.83000,25.24000,25.58000,262000
2016-02-18,25.57000,25.86000,25.22000,25.69000,279400
2016-02-19,25.70000,25.86000,25.29000,25.36000,501700
2016-02-22,25.18000,25.18000,23.77000,24.73000,537700
2016-02-23,24.61000,24.96000,24.50000,24.72000,310200
2016-02-24,24.65000,25.07000,24.57000,24.88000,225300
2016-02-25,24.20000,25.03000,24.20000,24.97000,338900
2016-02-26,24.17000,24.66000,23.20000,23.63000,1087100
2016-02-29,24.58000,25.82000,24.50000,24.72000,1120200
2016-03-01,24.82000,25.23000,24.72000,25.17000,508300
2016-03-02,25.12000,25.95000,24.77000,25.93000,731200
2016-03-03,25.87000,26.29000,25.67000,26.15000,632100
2016-03-04,26.24000,26.48000,26.02000,26.25000,808800
2016-03-07,25.75000,26.22000,25.51000,26.05000,5972500
2016-03-08,26.53000,26.55000,26.03000,26.25000,596200
2016-03-09,26.31000,26.44000,26.09000,26.42000,628500
2016-03-10,26.44000,26.58000,26.04000,26.25000,316100
2016-03-11,26.38000,26.49000,25.86000,25.98000,551500
2016-03-14,25.89000,26.06000,25.85000,25.89000,436200
2016-03-15,25.88000,26.13000,25.87000,25.93000,423000
2016-03-16,25.90000,25.90000,25.24000,25.69000,541500
2016-03-17,25.63000,26.22000,25.60000,26.18000,390700
2016-03-18,26.29000,26.30000,25.80000,25.83000,708600
2016-03-21,25.71000,25.89000,25.42000,25.66000,318900
2016-03-22,25.61000,25.89000,25.53000,25.82000,285500
2016-03-23,25.84000,25.84000,25.58000,25.63000,303100
2016-03-24,25.64000,26.26000,25.55000,26.22000,356700
2016-03-28,26.20000,26.28000,25.68000,25.92000,680000
2016-03-29,25.91000,27.19000,25.91000,27.08000,372000
2016-03-30,27.08000,27.33000,26.86000,27.06000,328700
2016-03-31,27.03000,27.19000,26.71000,26.72000,326500
2016-04-01,26.69000,26.95000,26.25000,26.83000,298200
2016-04-04,26.38000,27.08000,26.22000,27.01000,308500
2016-04-05,26.94000,26.94000,26.58000,26.59000,255600
2016-04-06,26.62000,26.79000,26.44000,26.63000,218600
2016-04-07,26.52000,26.75000,26.52000,26.72000,208800
2016-04-08,26.81000,27.31000,26.81000,27.19000,272800
2016-04-11,27.29000,27.44000,27.11000,27.28000,155600
2016-04-12,27.26000,27.61000,27.20000,27.37000,144000
2016-04-13,27.55000,27.57000,27.22000,27.56000,279700
2016-04-14,27.53000,27.71000,27.35000,27.62000,198000
2016-04-15,27.57000,28.01000,27.47000,28.00000,181900
2016-04-18,27.99000,28.14000,27.78000,28.09000,275200
2016-04-19,27.53000,28.03000,27.16000,27.94000,305400
2016-04-20,27.90000,27.97000,27.57000,27.63000,180200
2016-04-21,27.61000,27.65000,27.24000,27.31000,250400
2016-04-22,27.27000,27.63000,27.27000,27.46000,944300
2016-04-25,27.44000,27.71000,27.34000,27.63000,240000
2016-04-26,27.63000,28.04000,27.44000,27.93000,413000
2016-04-27,27.93000,28.23000,27.90000,28.06000,358400
2016-04-28,27.60000,28.46000,27.58000,27.80000,294900
2016-04-29,27.70000,28.23000,27.43000,27.93000,282500
2016-05-02,28.01000,28.72000,27.90000,28.43000,455500
2016-05-03,28.40000,28.74000,28.31000,28.51000,236600
2016-05-04,28.52000,29.08000,28.25000,28.99000,334600
2016-05-05,28.82000,29.02000,28.23000,28.23000,356200
2016-05-06,28.17000,28.76000,28.00000,28.76000,355100
2016-05-09,28.76000,28.97000,28.47000,28.74000,230100
2016-05-10,28.88000,28.91000,28.65000,28.73000,161800
2016-05-11,28.77000,28.88000,28.51000,28.74000,125800
2016-05-12,28.79000,28.90000,28.48000,28.57000,256500
2016-05-13,28.59000,28.71000,28.28000,28.68000,169200
2016-05-16,28.81000,28.95000,28.55000,28.75000,235300
2016-05-17,28.73000,28.73000,27.53000,27.64000,244300
2016-05-18,27.49000,27.98000,27.05000,27.45000,179300
2016-05-19,27.42000,27.90000,27.19000,27.84000,159200
2016-05-20,27.97000,28.22000,27.75000,28.22000,333000
2016-05-23,28.21000,28.27000,27.86000,28.00000,175200
2016-05-24,28.17000,28.71000,28.17000,28.70000,220200
2016-05-25,28.73000,28.73000,28.25000,28.32000,115100
2016-05-26,28.46000,28.91000,28.45000,28.85000,115900
2016-05-27,28.60000,29.08000,28.60000,29.08000,151400
2016-05-31,29.16000,29.24000,28.96000,29.15000,190300
2016-06-01,29.24000,29.52000,29.14000,29.52000,222100
2016-06-02,29.53000,29.57000,29.17000,29.56000,147500
2016-06-03,29.73000,30.15000,29.61000,29.97000,209900
2016-06-06,30.00000,30.14000,29.54000,29.83000,237900
2016-06-07,29.88000,30.19000,29.81000,30.16000,127300
2016-06-08,30.21000,30.99000,30.02000,30.97000,177400
2016-06-09,30.97000,31.51000,30.81000,31.46000,178700
2016-06-10,31.39000,31.93000,31.17000,31.91000,197800
2016-06-13,31.90000,32.16000,31.81000,31.92000,180800
2016-06-14,31.84000,32.30000,31.67000,32.29000,265900
2016-06-15,32.39000,32.39000,31.46000,31.67000,248900
2016-06-16,31.64000,31.95000,31.57000,31.90000,248800
2016-06-17,31.98000,31.99000,31.52000,31.90000,705500
2016-06-20,32.11000,32.14000,31.70000,31.93000,164100
2016-06-21,31.95000,32.30000,31.72000,32.19000,145700
2016-06-22,32.17000,32.23000,31.77000,32.12000,300100
2016-06-23,32.14000,32.72000,32.00000,32.72000,269600
2016-06-24,31.62000,33.61000,31.62000,33.45000,1346900
2016-06-27,33.50000,34.15000,33.05000,34.04000,403600
2016-06-28,34.02000,34.15000,33.55000,34.08000,412700
2016-06-29,34.41000,34.59000,33.44000,33.54000,499800
2016-06-30,33.72000,34.95000,33.65000,34.93000,502100
2016-07-01,35.00000,35.15000,34.23000,34.48000,304100
2016-07-05,34.60000,35.45000,34.60000,35.44000,388000
2016-07-06,35.44000,35.62000,34.83000,34.96000,301200
2016-07-07,34.74000,34.87000,33.55000,33.73000,300400
2016-07-08,33.69000,34.12000,33.35000,34.10000,385500
2016-07-11,34.07000,34.07000,33.60000,34.00000,335900
2016-07-12,33.98000,34.05000,33.40000,33.48000,399200
2016-07-13,33.53000,33.89000,33.48000,33.65000,315700
2016-07-14,33.65000,33.65000,32.64000,32.65000,467700
2016-07-15,32.81000,33.09000,32.77000,33.01000,238200
2016-07-18,32.91000,33.19000,32.70000,32.83000,191300
2016-07-19,32.88000,33.03000,32.68000,32.93000,200800
2016-07-20,32.86000,33.07000,32.71000,33.04000,252300
2016-07-21,32.93000,33.12000,32.78000,33.07000,164500
2016-07-22,33.06000,33.62000,33.06000,33.47000,122800
2016-07-25,33.53000,33.56000,33.21000,33.56000,96500
2016-07-26,33.57000,33.73000,33.31000,33.42000,100700
2016-07-27,33.39000,33.39000,32.80000,33.06000,313000
2016-07-28,32.75000,33.50000,32.75000,33.15000,271600
2016-07-29,33.23000,34.37000,33.12000,33.73000,262100
2016-08-01,33.68000,34.22000,33.50000,33.97000,344700
2016-08-02,33.98000,33.98000,33.19000,33.20000,245600
2016-08-03,33.11000,33.11000,32.42000,32.56000,231400
2016-08-04,32.50000,32.71000,32.11000,32.33000,295200
2016-08-05,32.34000,32.47000,32.08000,32.18000,226100
2016-08-08,32.22000,32.29000,31.49000,31.60000,217100
2016-08-09,31.50000,31.61000,31.32000,31.43000,272500
2016-08-10,31.54000,31.55000,31.30000,31.50000,222000
2016-08-11,31.54000,31.68000,31.35000,31.68000,201700
2016-08-12,31.77000,32.02000,31.61000,31.69000,108900
2016-08-15,31.81000,32.03000,31.38000,31.39000,130000
2016-08-16,31.39000,31.39000,30.48000,30.91000,333400
2016-08-17,30.86000,31.41000,30.57000,31.27000,320000
2016-08-18,31.27000,31.66000,31.27000,31.56000,198900
2016-08-19,31.48000,31.67000,31.31000,31.65000,257300
2016-08-22,31.73000,31.81000,31.51000,31.74000,110000
2016-08-23,31.69000,31.96000,31.40000,31.40000,159400
2016-08-24,31.43000,31.43000,31.04000,31.36000,154100
2016-08-25,31.43000,31.71000,31.16000,31.58000,97500
2016-08-26,31.75000,31.98000,30.97000,31.01000,104500
2016-08-29,31.11000,31.38000,30.94000,31.09000,108800
2016-08-30,31.11000,31.14000,30.53000,30.73000,109700
2016-08-31,30.83000,30.83000,30.20000,30.49000,180100
2016-09-01,30.46000,30.56000,30.19000,30.34000,103800
2016-09-02,30.51000,31.04000,30.44000,31.04000,114900
2016-09-06,31.06000,31.28000,30.92000,31.17000,123700
2016-09-07,31.25000,31.98000,31.01000,31.98000,216100
2016-09-08,31.93000,32.24000,31.89000,32.02000,219700
2016-09-09,31.70000,31.80000,30.56000,30.57000,258200
2016-09-12,30.38000,30.81000,30.27000,30.72000,221500
2016-09-13,30.65000,30.76000,30.13000,30.14000,245000
2016-09-14,30.31000,30.38000,29.94000,30.05000,154900
2016-09-15,29.93000,30.54000,29.93000,30.53000,116200
2016-09-16,30.61000,31.04000,30.43000,31.03000,502000
2016-09-19,31.25000,31.93000,31.20000,31.93000,117500
2016-09-20,32.16000,32.35000,31.95000,32.20000,128900
2016-09-21,32.41000,33.01000,32.21000,32.93000,185400
2016-09-22,33.12000,33.87000,32.88000,33.68000,302600
2016-09-23,33.44000,33.73000,32.97000,33.11000,167600
2016-09-26,33.07000,33.20000,32.84000,32.89000,120000
2016-09-27,33.03000,33.07000,32.53000,32.65000,124000
2016-09-28,32.65000,32.74000,32.23000,32.56000,111700
2016-09-29,32.42000,32.42000,31.90000,32.13000,130200
2016-09-30,32.48000,32.48000,31.97000,32.09000,199600
2016-10-03,32.01000,32.01000,31.21000,31.76000,189900
2016-10-04,31.68000,31.83000,30.86000,30.96000,126600
2016-10-05,31.10000,31.18000,30.74000,30.84000,148900
2016-10-06,30.64000,30.98000,30.41000,30.49000,219000
2016-10-07,30.76000,31.05000,30.27000,30.28000,166900
2016-10-10,30.83000,32.19000,30.83000,31.75000,255400
2016-10-11,31.86000,31.98000,31.40000,31.96000,266300
2016-10-12,32.00000,32.51000,32.00000,32.38000,129000
2016-10-13,32.49000,32.83000,32.44000,32.53000,181300
2016-10-14,32.11000,32.52000,32.11000,32.21000,179500
2016-10-17,32.00000,32.30000,31.95000,32.11000,113000
2016-10-18,32.30000,32.65000,32.10000,32.45000,91500
2016-10-19,32.60000,32.70000,32.30000,32.50000,134000
2016-10-20,32.65000,32.78000,32.40000,32.50000,132000
2016-10-21,32.25000,32.60000,32.10000,32.25000,130900
2016-10-24,32.35000,32.94000,32.35000,32.70000,100800
2016-10-25,32.60000,32.85000,32.50000,32.85000,119600
2016-10-26,32.65000,33.10000,32.40000,32.43000,163100
2016-10-27,31.85000,32.85000,31.85000,32.20000,157500
2016-10-28,31.65000,31.70000,29.25000,30.40000,504600
2016-10-31,30.30000,31.10000,30.25000,31.00000,316600
2016-11-01,31.05000,31.50000,30.80000,31.00000,294900
2016-11-02,31.10000,31.10000,30.60000,30.85000,187200
2016-11-03,30.55000,30.95000,30.50000,30.70000,166400
2016-11-04,30.80000,31.15000,30.20000,30.30000,285000
2016-11-07,30.40000,30.90000,30.05000,30.65000,325100
2016-11-08,30.75000,31.50000,30.74000,31.25000,131000
2016-11-09,30.80000,31.50000,30.40000,31.35000,235900
2016-11-10,31.40000,31.65000,30.05000,31.10000,238400
2016-11-11,31.00000,32.80000,31.00000,32.55000,290800
2016-11-14,32.55000,33.15000,32.15000,33.05000,210000
2016-11-15,33.20000,33.60000,33.05000,33.50000,152300
2016-11-16,33.30000,34.45000,33.05000,34.45000,303800
2016-11-17,34.45000,34.85000,34.20000,34.30000,157000
2016-11-18,34.45000,34.88000,34.00000,34.55000,246300
2016-11-21,34.85000,35.00000,34.48000,34.86000,144600
2016-11-22,35.00000,36.85000,34.75000,36.80000,269000
2016-11-23,35.95000,36.00000,34.00000,34.20000,255300
2016-11-25,34.15000,35.40000,34.15000,35.40000,68200
2016-11-28,35.55000,36.20000,35.45000,36.00000,174100
2016-11-29,36.10000,36.55000,35.65000,36.10000,170900
2016-11-30,35.70000,36.10000,34.25000,34.55000,222000
2016-12-01,34.45000,35.00000,33.63000,34.35000,213200
2016-12-02,34.65000,35.05000,34.10000,34.35000,228100
2016-12-05,34.55000,34.95000,34.10000,34.80000,237500
2016-12-06,34.75000,35.00000,34.15000,34.45000,254900
2016-12-07,34.40000,34.80000,34.40000,34.50000,270800
2016-12-08,34.40000,35.20000,33.95000,34.85000,290900
2016-12-09,34.95000,35.10000,34.58000,34.90000,276500
2016-12-12,34.75000,35.30000,34.45000,34.95000,425700
2016-12-13,35.15000,35.50000,34.17000,34.75000,355500
2016-12-14,34.75000,35.10000,33.63000,33.75000,216500
2016-12-15,33.80000,34.45000,33.65000,33.95000,354300
2016-12-16,34.10000,34.60000,33.85000,34.10000,1694000
2016-12-19,34.30000,34.70000,34.15000,34.35000,413400
2016-12-20,34.40000,34.50000,34.00000,34.20000,298300
2016-12-21,34.25000,34.50000,34.00000,34.00000,196400
2016-12-22,34.05000,34.25000,33.30000,33.50000,216100
2016-12-23,33.70000,34.10000,33.20000,34.10000,215600
2016-12-27,33.90000,34.80000,33.85000,34.45000,217100
2016-12-28,34.75000,34.75000,33.85000,33.95000,129300
2016-12-29,33.95000,34.40000,33.95000,34.30000,138100
2016-12-30,34.30000,34.30000,33.80000,33.90000,141400
2017-01-03,34.00000,34.00000,33.45000,33.75000,225600
2017-01-04,33.60000,34.30000,33.60000,34.30000,288000
2017-01-05,34.25000,34.25000,33.80000,34.00000,167400
2017-01-06,33.95000,34.10000,33.40000,33.45000,165000
2017-01-09,33.50000,33.50000,32.45000,32.50000,162600
2017-01-10,32.60000,33.10000,32.45000,33.00000,177000
2017-01-11,32.90000,33.45000,32.90000,33.35000,184000
2017-01-12,33.25000,33.35000,32.55000,32.65000,109700
2017-01-13,32.75000,33.00000,32.65000,33.00000,146700
2017-01-17,32.90000,33.20000,32.85000,33.05000,91200
2017-01-18,32.95000,33.20000,32.78000,33.10000,119000
2017-01-19,32.90000,33.10000,32.67000,32.95000,134300
2017-01-20,32.90000,33.60000,32.90000,33.40000,170500
2017-01-23,33.45000,33.71000,33.30000,33.55000,107100
2017-01-24,33.55000,34.23000,33.40000,34.05000,147300
2017-01-25,34.30000,35.15000,34.05000,35.10000,243500
2017-01-26,35.20000,35.50000,34.75000,34.85000,162200
2017-01-27,35.00000,35.00000,34.45000,34.75000,113500
2017-01-30,34.70000,34.70000,33.90000,33.95000,144500
2017-01-31,34.00000,34.60000,33.75000,34.50000,159900
2017-02-01,34.45000,34.65000,33.55000,33.65000,160100
2017-02-02,33.50000,34.15000,33.50000,33.90000,132500
2017-02-03,34.05000,34.15000,33.70000,34.00000,140800
2017-02-06,34.00000,34.10000,33.63000,33.75000,196700
2017-02-07,33.75000,33.90000,33.40000,33.80000,101900
2017-02-08,33.60000,34.15000,33.55000,33.85000,93700
2017-02-09,33.85000,34.20000,33.70000,34.15000,100200
2017-02-10,34.25000,34.75000,34.10000,34.65000,93300
2017-02-13,34.55000,35.05000,34.40000,35.00000,135900
2017-02-14,35.15000,35.15000,34.35000,34.45000,180000
2017-02-15,34.10000,34.75000,33.92000,34.75000,127900
2017-02-16,34.65000,34.85000,34.25000,34.60000,147200
2017-02-17,34.70000,35.10000,34.25000,34.90000,523700
2017-02-21,34.90000,35.55000,34.73000,35.55000,139400
2017-02-22,35.60000,35.60000,35.15000,35.50000,107300
2017-02-23,35.60000,37.60000,35.30000,37.60000,238200
2017-02-24,36.25000,37.60000,35.05000,37.00000,366700
2017-02-27,36.95000,37.33000,36.70000,36.95000,232900
2017-02-28,36.90000,37.08000,36.60000,36.75000,229000
2017-03-01,36.80000,37.35000,36.60000,37.00000,313700
2017-03-02,36.95000,37.50000,36.37000,37.10000,174500
2017-03-03,37.15000,37.20000,36.20000,36.50000,156200
2017-03-06,36.35000,36.45000,36.00000,36.00000,122000
2017-03-07,36.00000,36.15000,35.65000,35.65000,146500
2017-03-08,35.65000,35.65000,34.50000,34.55000,138800
2017-03-09,34.45000,34.86000,34.30000,34.30000,121800
2017-03-10,34.55000,34.60000,34.15000,34.45000,161800
2017-03-13,34.45000,34.80000,34.30000,34.55000,135300
2017-03-14,34.50000,34.55000,34.25000,34.45000,130900
2017-03-15,34.55000,35.30000,34.55000,34.90000,441300
2017-03-16,34.95000,34.95000,34.30000,34.45000,301500
2017-03-17,34.45000,35.05000,34.35000,34.75000,655300
2017-03-20,34.90000,35.15000,34.60000,34.90000,166100
2017-03-21,34.90000,35.35000,34.55000,34.90000,166300
2017-03-22,35.05000,35.20000,34.50000,34.90000,141600
2017-03-23,34.90000,35.50000,34.60000,34.80000,164600
2017-03-24,34.80000,35.30000,34.70000,35.05000,147900
2017-03-27,35.05000,35.20000,34.45000,34.70000,150700
2017-03-28,34.55000,34.55000,34.05000,34.55000,287500
2017-03-29,34.55000,35.15000,34.33000,35.00000,122000
2017-03-30,35.00000,35.15000,34.60000,35.05000,157400
2017-03-31,35.00000,35.95000,35.00000,35.85000,290200
2017-04-03,36.00000,36.00000,34.80000,34.95000,212500
2017-04-04,35.00000,35.60000,35.00000,35.40000,159200
2017-04-05,35.25000,36.08000,35.20000,36.05000,222900
2017-04-06,35.95000,36.03000,35.25000,36.00000,173700
2017-04-07,36.05000,36.35000,35.90000,35.90000,159900
2017-04-10,35.95000,36.15000,35.75000,36.15000,107300
2017-04-11,36.10000,36.80000,35.95000,36.60000,133700
2017-04-12,36.70000,36.85000,36.20000,36.80000,96000
2017-04-13,36.85000,36.90000,36.35000,36.35000,113700
2017-04-17,36.60000,36.90000,36.40000,36.85000,130400
2017-04-18,36.85000,36.95000,36.55000,36.80000,156400
2017-04-19,36.95000,36.95000,36.60000,36.75000,151800
2017-04-20,36.75000,36.95000,36.50000,36.90000,136200
2017-04-21,36.85000,37.60000,36.85000,37.35000,179900
2017-04-24,37.60000,37.95000,37.40000,37.40000,193500
2017-04-25,37.45000,37.83000,37.40000,37.65000,124500
2017-04-26,37.70000,38.65000,37.25000,38.30000,189400
2017-04-27,37.30000,39.40000,37.15000,37.15000,226000
2017-04-28,37.00000,37.05000,35.50000,35.70000,229000
2017-05-01,35.90000,36.00000,35.15000,35.40000,131900
2017-05-02,35.45000,35.80000,35.35000,35.80000,242800
2017-05-03,35.75000,35.75000,34.90000,35.15000,160400
2017-05-04,34.95000,35.00000,34.15000,34.55000,121300
2017-05-05,34.60000,35.15000,34.60000,34.90000,159800
2017-05-08,34.90000,35.25000,34.05000,34.20000,135500
2017-05-09,34.10000,34.15000,32.75000,33.25000,302200
2017-05-10,33.25000,34.35000,33.25000,34.15000,146800
2017-05-11,34.05000,34.20000,33.55000,34.15000,104700
2017-05-12,34.20000,34.35000,33.85000,34.10000,83500
2017-05-15,34.30000,34.70000,34.20000,34.50000,146500
2017-05-16,34.65000,34.65000,34.05000,34.35000,138400
2017-05-17,34.35000,34.35000,33.50000,33.80000,162400
2017-05-18,33.80000,34.10000,33.30000,33.60000,161200
2017-05-19,33.70000,34.30000,33.45000,34.20000,194100
2017-05-22,34.20000,34.45000,33.85000,33.90000,182100
2017-05-23,34.10000,34.65000,33.93000,34.60000,179700
2017-05-24,34.65000,35.25000,34.30000,34.30000,87400
2017-05-25,34.40000,34.95000,34.25000,34.85000,159100
2017-05-26,34.85000,34.95000,34.40000,34.45000,69600
2017-05-30,34.40000,34.70000,34.15000,34.40000,65700
2017-05-31,34.55000,34.85000,34.22000,34.65000,79900
2017-06-01,34.60000,35.55000,34.50000,35.50000,121200
2017-06-02,35.70000,36.25000,35.50000,35.75000,143700
2017-06-05,35.65000,36.05000,35.40000,35.50000,74200
2017-06-06,35.35000,35.95000,35.15000,35.80000,130300
2017-06-07,35.80000,36.08000,35.70000,36.00000,85700
2017-06-08,36.05000,36.38000,35.55000,36.35000,120400
2017-06-09,36.40000,37.65000,36.05000,37.50000,175600
2017-06-12,37.45000,38.40000,36.80000,36.95000,161800
2017-06-13,37.00000,37.55000,36.80000,37.25000,87700
2017-06-14,37.45000,37.85000,37.35000,37.60000,96100
2017-06-15,37.35000,37.85000,37.33000,37.35000,154300
2017-06-16,37.15000,37.70000,36.45000,37.45000,438300
2017-06-19,37.65000,37.65000,36.95000,37.05000,108400
2017-06-20,36.95000,36.95000,36.20000,36.25000,157200
2017-06-21,36.30000,36.45000,35.80000,35.80000,81600
2017-06-22,35.85000,36.55000,35.65000,36.30000,122900
2017-06-23,36.35000,36.70000,36.25000,36.45000,214400
2017-06-26,36.35000,36.40000,35.90000,36.25000,102600
2017-06-27,36.05000,36.20000,35.35000,35.90000,172700
2017-06-28,36.15000,36.50000,35.95000,36.05000,157100
2017-06-29,35.95000,36.40000,35.65000,36.30000,139500
2017-06-30,36.40000,37.05000,36.40000,36.80000,275700
2017-07-03,37.05000,37.10000,36.65000,36.85000,95500
2017-07-05,36.70000,37.00000,36.50000,36.80000,183300
2017-07-06,36.65000,36.85000,36.40000,36.80000,204700
2017-07-07,36.90000,37.15000,36.60000,36.90000,94800
2017-07-10,36.90000,37.00000,36.65000,36.80000,134000
2017-07-11,36.90000,37.25000,36.60000,37.10000,163700
2017-07-12,37.35000,37.90000,37.15000,37.70000,145700
2017-07-13,37.75000,37.75000,36.80000,37.20000,132300
2017-07-14,37.25000,37.55000,37.00000,37.35000,134000
2017-07-17,37.20000,37.50000,37.00000,37.25000,114200
2017-07-18,37.15000,37.70000,36.90000,37.65000,83100
2017-07-19,37.65000,38.17000,37.60000,38.15000,83300
2017-07-20,38.25000,39.00000,38.20000,38.80000,105200
2017-07-21,39.60000,39.65000,38.80000,39.50000,222100
2017-07-24,39.45000,39.50000,38.10000,38.40000,128900
2017-07-25,38.45000,38.80000,38.33000,38.45000,161200
2017-07-26,38.40000,38.75000,38.20000,38.50000,117700
2017-07-27,38.50000,39.35000,37.45000,38.25000,188700
2017-07-28,38.20000,39.30000,38.00000,39.15000,137200
2017-07-31,39.25000,39.25000,38.65000,38.90000,136900
2017-08-01,39.10000,39.30000,38.75000,39.15000,102000
2017-08-02,38.95000,39.15000,38.30000,38.30000,133900
2017-08-03,38.10000,38.70000,38.10000,38.50000,99500
2017-08-04,38.50000,39.10000,38.50000,38.85000,118800
2017-08-07,38.90000,39.00000,38.45000,38.50000,131700
2017-08-08,38.45000,39.05000,38.30000,38.65000,185500
2017-08-09,38.50000,38.60000,38.25000,38.40000,160100
2017-08-10,38.25000,38.65000,38.20000,38.25000,117000
2017-08-11,38.00000,38.45000,37.33000,37.90000,165300
2017-08-14,37.90000,38.65000,37.89000,38.60000,92500
2017-08-15,38.50000,38.75000,38.20000,38.35000,71000
2017-08-16,38.45000,38.51000,37.85000,37.95000,79600
2017-08-17,37.85000,38.05000,37.05000,37.15000,120700
2017-08-18,36.85000,37.14000,36.65000,36.80000,213300
2017-08-21,36.85000,37.05000,36.70000,36.90000,184200
2017-08-22,37.00000,37.00000,36.40000,36.60000,215400
2017-08-23,36.50000,36.70000,36.30000,36.60000,173500
2017-08-24,36.65000,37.10000,36.65000,37.00000,91800
2017-08-25,37.10000,37.10000,36.55000,36.65000,108900
2017-08-28,36.75000,36.95000,36.35000,36.70000,275300
2017-08-29,36.70000,37.20000,36.67000,37.00000,134000
2017-08-30,36.90000,37.05000,36.59000,37.00000,100400
2017-08-31,36.95000,37.55000,36.65000,37.45000,181500
2017-09-01,37.55000,37.75000,37.07000,37.25000,67700
2017-09-05,37.20000,37.25000,36.75000,36.95000,142400
2017-09-06,37.00000,37.05000,36.70000,36.85000,106400
2017-09-07,36.80000,37.40000,36.65000,37.30000,142700
2017-09-08,37.25000,37.83000,37.05000,37.70000,154600
2017-09-11,37.80000,38.55000,37.80000,38.40000,94700
2017-09-12,38.45000,38.45000,36.90000,37.00000,114600
2017-09-13,36.95000,37.44000,36.80000,36.90000,82700
2017-09-14,36.95000,37.58000,36.65000,37.55000,73900
2017-09-15,37.65000,37.95000,37.30000,37.60000,390400
2017-09-18,37.60000,38.15000,37.50000,38.05000,115900
2017-09-19,37.95000,38.30000,37.85000,38.20000,122500
2017-09-20,38.30000,38.55000,37.75000,38.05000,114300
2017-09-21,38.15000,38.30000,37.70000,37.80000,96500
2017-09-22,38.00000,38.45000,37.80000,38.05000,71500
2017-09-25,37.95000,38.70000,37.90000,38.60000,123100
2017-09-26,38.60000,38.90000,38.35000,38.55000,86900
2017-09-27,38.50000,38.58000,37.55000,37.85000,241600
2017-09-28,37.85000,38.30000,37.35000,38.25000,123700
2017-09-29,38.35000,38.40000,38.00000,38.15000,188500
2017-10-02,38.25000,39.60000,38.15000,39.60000,133700
2017-10-03,39.50000,39.85000,39.10000,39.65000,160400
2017-10-04,39.75000,40.53000,39.60000,40.20000,109300
2017-10-05,40.30000,40.60000,39.90000,40.55000,80500
2017-10-06,40.35000,40.65000,40.15000,40.60000,111300
2017-10-09,40.60000,41.25000,40.60000,40.95000,120300
2017-10-10,41.15000,41.65000,40.78000,41.35000,179900
2017-10-11,41.35000,41.95000,41.35000,41.75000,121900
2017-10-12,41.85000,42.40000,41.50000,41.75000,144000
2017-10-13,41.90000,42.05000,41.25000,41.35000,130400
2017-10-16,41.60000,41.80000,41.25000,41.75000,118100
2017-10-17,41.75000,42.45000,41.75000,42.20000,71400
2017-10-18,42.20000,42.95000,42.10000,42.90000,82300
2017-10-19,42.85000,43.45000,42.85000,43.35000,102400
2017-10-20,43.55000,43.75000,42.80000,43.25000,165200
2017-10-23,43.15000,43.45000,42.85000,42.90000,74500
2017-10-24,43.00000,43.15000,41.75000,41.80000,148600
2017-10-25,41.75000,41.75000,41.10000,41.65000,224200
2017-10-26,41.95000,42.90000,41.32000,42.55000,194700
2017-10-27,42.80000,43.25000,42.65000,43.05000,253700
2017-10-30,43.10000,43.25000,41.95000,42.35000,179600
2017-10-31,42.50000,42.60000,41.80000,42.00000,279300
2017-11-01,42.20000,42.75000,42.10000,42.45000,119500
2017-11-02,42.50000,43.65000,42.40000,43.45000,99800
2017-11-03,43.20000,43.50000,42.95000,43.00000,90100
2017-11-06,43.00000,43.75000,42.80000,43.55000,150000
2017-11-07,43.75000,43.75000,42.70000,43.00000,288900
2017-11-08,42.85000,43.45000,42.30000,43.45000,115700
2017-11-09,43.15000,43.70000,42.69000,42.90000,82400
2017-11-10,42.90000,43.10000,42.70000,42.90000,91700
2017-11-13,42.95000,43.30000,42.63000,43.00000,225100
2017-11-14,43.00000,43.43000,43.00000,43.40000,223800
2017-11-15,43.35000,44.30000,43.35000,43.40000,248900
2017-11-16,43.40000,44.15000,43.10000,43.95000,131500
2017-11-17,43.60000,44.20000,43.45000,44.10000,348000
2017-11-20,44.40000,44.40000,43.35000,44.05000,234800
2017-11-21,44.30000,44.95000,44.10000,44.75000,195300
2017-11-22,44.75000,44.75000,44.20000,44.45000,121600
2017-11-24,44.50000,44.70000,43.90000,44.00000,64700
2017-11-27,44.00000,44.48000,44.00000,44.00000,143000
2017-11-28,44.20000,44.60000,44.05000,44.60000,145200
2017-11-29,44.60000,45.65000,44.40000,45.35000,173400
2017-11-30,45.55000,46.15000,45.48000,45.60000,170600
2017-12-01,45.75000,45.75000,44.13000,45.00000,243500
2017-12-04,45.40000,45.40000,44.55000,44.90000,141800
2017-12-05,44.80000,44.80000,43.50000,43.65000,127600
2017-12-06,43.65000,44.15000,43.65000,43.80000,95700
2017-12-07,43.70000,44.15000,43.35000,43.80000,236800
2017-12-08,44.00000,44.00000,43.50000,43.75000,96000
2017-12-11,43.70000,43.80000,43.05000,43.30000,154800
2017-12-12,43.25000,43.40000,42.50000,42.50000,239500
2017-12-13,42.50000,43.20000,42.50000,42.80000,179100
2017-12-14,42.65000,43.05000,42.20000,42.35000,180500
2017-12-15,42.40000,44.10000,42.40000,43.70000,878800
2017-12-18,43.95000,44.25000,43.15000,43.85000,298200
2017-12-19,43.65000,43.80000,42.50000,42.60000,124900
2017-12-20,42.75000,43.50000,42.70000,43.20000,108100
2017-12-21,43.20000,43.88000,43.05000,43.65000,132500
2017-12-22,43.85000,43.90000,43.40000,43.85000,115200
2017-12-26,43.85000,44.45000,43.85000,44.30000,158000
2017-12-27,44.50000,45.35000,44.38000,44.80000,171800
2017-12-28,44.90000,45.43000,44.35000,45.30000,241500
2017-12-29,45.50000,45.75000,45.25000,45.35000,189000
2018-01-02,45.70000,45.85000,44.45000,44.70000,346600
2018-01-03,44.50000,44.85000,43.70000,44.25000,203800
2018-01-04,43.90000,44.70000,43.75000,43.85000,152600
2018-01-05,43.85000,44.15000,43.00000,43.50000,195900
2018-01-08,43.45000,44.20000,43.35000,44.15000,226100
2018-01-09,44.15000,44.20000,43.60000,43.65000,150600
2018-01-10,43.50000,43.60000,42.55000,42.60000,225100
2018-01-11,42.55000,43.40000,42.50000,43.10000,197600
2018-01-12,43.20000,43.30000,42.55000,42.85000,235900
2018-01-16,43.15000,44.15000,43.00000,43.35000,281600
2018-01-17,42.95000,43.60000,42.50000,43.25000,393600
2018-01-18,43.15000,43.30000,42.50000,42.75000,258700
2018-01-19,42.70000,43.80000,42.70000,43.80000,256400
2018-01-22,43.95000,44.05000,43.55000,43.90000,278800
2018-01-23,43.90000,45.15000,43.90000,44.70000,325600
2018-01-24,44.90000,45.75000,44.45000,45.10000,445400
2018-01-25,45.40000,45.75000,42.50000,43.35000,624400
2018-01-26,43.30000,43.40000,41.45000,41.70000,382600
2018-01-29,41.60000,41.90000,41.20000,41.45000,299200
2018-01-30,41.25000,41.75000,40.95000,41.05000,337300
2018-01-31,41.30000,41.30000,40.50000,40.70000,3893200
2018-02-01,40.85000,42.25000,40.83000,41.45000,470300
2018-02-02,41.05000,41.90000,41.05000,41.55000,256100
2018-02-05,41.45000,41.80000,40.10000,40.15000,262900
2018-02-06,39.55000,40.03000,38.40000,39.75000,428700
2018-02-07,39.70000,40.28000,38.80000,38.95000,481400
2018-02-08,38.95000,39.25000,37.20000,37.25000,493000
2018-02-09,37.25000,38.35000,36.70000,37.85000,624500
2018-02-12,37.90000,38.45000,37.35000,38.20000,348200
2018-02-13,38.10000,38.25000,37.70000,38.10000,251600
2018-02-14,37.80000,38.45000,37.45000,38.15000,287400
2018-02-15,38.30000,38.90000,37.91000,38.80000,210300
2018-02-16,38.80000,39.90000,38.67000,39.50000,434000
2018-02-20,39.40000,39.55000,38.70000,39.05000,304800
2018-02-21,39.10000,39.80000,38.65000,38.90000,262500
2018-02-22,39.05000,39.67000,38.95000,39.20000,132100
2018-02-23,39.45000,40.15000,39.45000,40.15000,107800
2018-02-26,40.15000,40.50000,40.00000,40.45000,106000
2018-02-27,40.45000,40.65000,39.05000,39.10000,292700
2018-02-28,39.20000,39.30000,37.90000,37.95000,266900
2018-03-01,38.40000,38.85000,37.65000,37.95000,231000
2018-03-02,38.05000,38.13000,36.10000,36.40000,328000
2018-03-05,36.15000,36.95000,35.73000,36.70000,1115100
2018-03-06,36.95000,37.25000,35.25000,35.40000,707600
2018-03-07,35.35000,37.40000,35.35000,37.30000,372600
2018-03-08,37.10000,37.20000,36.35000,37.00000,291700
2018-03-09,37.30000,38.15000,36.90000,37.75000,427700
2018-03-12,37.80000,38.85000,37.65000,38.50000,281400
2018-03-13,38.60000,38.90000,37.45000,37.60000,242600
2018-03-14,37.80000,38.10000,36.80000,37.10000,725200
2018-03-15,37.20000,37.55000,36.45000,37.10000,610000
2018-03-16,37.20000,38.00000,36.45000,37.40000,1646100
2018-03-19,37.40000,38.05000,37.05000,37.60000,432600
2018-03-20,37.65000,38.65000,37.65000,38.50000,580600
2018-03-21,38.50000,38.60000,37.90000,38.10000,213500
2018-03-22,38.05000,38.35000,37.65000,37.70000,604500
2018-03-23,37.40000,37.85000,35.90000,35.95000,443600
2018-03-26,36.55000,36.98000,36.00000,36.90000,321800
2018-03-27,37.10000,37.50000,36.45000,36.80000,305000
2018-03-28,36.90000,37.21000,36.65000,36.90000,273100
2018-03-29,37.00000,37.75000,37.00000,37.25000,277600
2018-04-02,37.25000,37.38000,35.60000,35.65000,298400
2018-04-03,36.10000,36.70000,35.85000,36.50000,311200
2018-04-04,36.05000,36.95000,35.95000,36.75000,169600
2018-04-05,36.85000,37.60000,36.36000,37.50000,189400
2018-04-06,37.35000,37.65000,36.70000,37.00000,240600
2018-04-09,37.10000,37.30000,36.75000,36.85000,218800
2018-04-10,37.10000,37.45000,36.89000,37.20000,173400
2018-04-11,37.00000,37.75000,36.65000,37.55000,195300
2018-04-12,37.65000,37.65000,36.80000,37.10000,191000
2018-04-13,37.15000,37.75000,37.15000,37.65000,215200
2018-04-16,37.85000,38.45000,37.68000,38.35000,327200
2018-04-17,38.50000,39.45000,38.25000,39.25000,196400
2018-04-18,39.20000,39.60000,39.15000,39.30000,589300
2018-04-19,39.15000,39.55000,38.85000,39.45000,236200
2018-04-20,39.20000,39.55000,39.05000,39.55000,183200
2018-04-23,39.45000,40.20000,39.35000,39.95000,328200
2018-04-24,40.10000,40.30000,39.55000,39.85000,257100
2018-04-25,39.80000,40.10000,39.10000,39.25000,261200
2018-04-26,39.05000,39.90000,37.70000,39.80000,804400
2018-04-27,39.65000,40.00000,38.33000,38.60000,345700
2018-04-30,38.65000,39.25000,38.35000,38.75000,2412900
2018-05-01,38.65000,39.70000,38.65000,39.65000,383500
2018-05-02,39.40000,40.00000,38.80000,39.90000,629100
2018-05-03,39.70000,40.30000,38.95000,40.00000,364200
2018-05-04,39.70000,40.25000,39.40000,40.05000,287600
2018-05-07,40.10000,40.30000,39.60000,39.75000,189500
2018-05-08,39.60000,39.60000,38.75000,39.15000,221800
2018-05-09,39.20000,39.45000,38.85000,39.15000,267000
2018-05-10,39.25000,39.85000,39.10000,39.75000,192100
2018-05-11,39.70000,39.95000,39.50000,39.65000,179400
2018-05-14,39.65000,39.70000,38.80000,38.90000,165700
2018-05-15,38.75000,38.80000,38.30000,38.50000,164700
2018-05-16,38.55000,38.84000,38.15000,38.55000,233700
2018-05-17,38.55000,38.65000,38.25000,38.45000,143500
2018-05-18,38.55000,39.10000,38.55000,38.90000,446200
2018-05-21,39.10000,39.65000,39.00000,39.55000,224300
2018-05-22,39.60000,39.76000,39.30000,39.35000,137600
2018-05-23,39.35000,39.95000,39.25000,39.90000,158200
2018-05-24,39.95000,40.70000,39.80000,40.55000,333700
2018-05-25,40.55000,40.80000,39.80000,40.75000,145600
2018-05-29,40.50000,41.55000,40.50000,41.25000,366800
2018-05-30,41.50000,41.65000,41.20000,41.30000,257600
2018-05-31,41.20000,41.28000,40.20000,40.25000,193700
2018-06-01,40.55000,40.55000,39.90000,40.00000,216100
2018-06-04,40.20000,40.45000,39.53000,39.90000,329300
2018-06-05,39.75000,39.85000,39.45000,39.55000,163500
2018-06-06,39.55000,39.65000,38.60000,38.90000,175500
2018-06-07,39.00000,39.25000,38.70000,39.10000,147600
2018-06-08,39.15000,39.55000,38.80000,39.05000,181800
2018-06-11,39.00000,39.20000,38.45000,38.75000,153200
2018-06-12,38.80000,39.30000,38.80000,39.10000,160000
2018-06-13,39.05000,39.25000,38.60000,38.75000,147900
2018-06-14,38.80000,39.30000,38.65000,39.25000,150000
2018-06-15,39.25000,39.60000,39.00000,39.55000,301000
2018-06-18,39.55000,39.80000,39.25000,39.70000,164300
2018-06-19,39.50000,40.00000,39.50000,39.85000,180200
2018-06-20,39.90000,40.17000,39.70000,40.00000,169700
2018-06-21,40.05000,40.05000,39.60000,39.90000,137400
2018-06-22,40.05000,40.25000,39.68000,40.00000,417600
2018-06-25,40.00000,40.15000,39.70000,39.90000,240900
2018-06-26,39.85000,40.35000,39.55000,40.00000,168900
2018-06-27,39.90000,39.90000,39.25000,39.30000,198700
2018-06-28,39.30000,39.75000,38.95000,39.15000,163200
2018-06-29,39.15000,39.35000,38.75000,38.95000,166800
2018-07-02,38.85000,39.95000,38.85000,39.90000,192000
2018-07-03,39.95000,40.60000,39.75000,40.45000,121000
2018-07-05,40.50000,41.45000,40.30000,41.40000,240000
2018-07-06,41.50000,42.25000,41.25000,42.05000,138400
2018-07-09,42.15000,42.25000,40.80000,40.90000,204700
2018-07-10,40.80000,41.20000,40.65000,41.10000,209900
2018-07-11,41.10000,41.50000,40.90000,40.95000,131900
2018-07-12,41.05000,41.05000,40.41000,40.75000,126800
2018-07-13,40.71000,41.15000,40.65000,40.95000,99500
2018-07-16,41.00000,41.10000,40.55000,41.00000,135800
2018-07-17,40.95000,41.45000,40.65000,40.70000,100100
2018-07-18,40.60000,40.85000,40.30000,40.70000,96600
2018-07-19,40.50000,41.40000,40.50000,41.15000,121200
2018-07-20,41.20000,41.25000,40.63000,40.65000,95400
2018-07-23,40.55000,41.40000,40.45000,41.15000,176100
2018-07-24,41.00000,41.35000,40.65000,41.20000,177100
2018-07-25,41.10000,41.45000,40.67000,41.00000,228800
2018-07-26,40.60000,42.25000,40.50000,41.95000,271000
2018-07-27,41.85000,42.15000,40.95000,41.10000,243900
2018-07-30,41.00000,41.15000,40.33000,40.50000,231700
2018-07-31,40.65000,41.60000,40.45000,41.10000,1235200
2018-08-01,40.90000,40.90000,39.85000,40.20000,297600
2018-08-02,40.00000,41.08000,40.00000,40.90000,151700
2018-08-03,40.80000,41.00000,39.90000,39.95000,172900
2018-08-06,40.15000,40.60000,40.15000,40.50000,146500
2018-08-07,40.55000,40.55000,39.95000,40.15000,248200
2018-08-08,40.05000,40.75000,39.90000,40.60000,188400
2018-08-09,40.60000,40.85000,40.45000,40.70000,116500
2018-08-10,40.60000,40.95000,40.45000,40.50000,106000
2018-08-13,40.40000,40.40000,39.85000,40.05000,142600
2018-08-14,40.20000,40.70000,40.05000,40.70000,120300
2018-08-15,40.65000,40.78000,40.25000,40.35000,133400
2018-08-16,40.35000,40.75000,40.10000,40.65000,100800
2018-08-17,40.55000,41.20000,40.20000,41.05000,436400
2018-08-20,41.25000,41.48000,41.05000,41.45000,183300
2018-08-21,41.40000,41.80000,41.35000,41.45000,198900
2018-08-22,41.35000,41.65000,40.90000,41.10000,156700
2018-08-23,41.00000,41.25000,40.85000,40.95000,153100
2018-08-24,41.00000,41.30000,40.85000,41.10000,178200
2018-08-27,41.25000,41.40000,40.65000,40.85000,151300
2018-08-28,40.75000,41.00000,40.15000,40.25000,128200
2018-08-29,40.40000,40.75000,40.25000,40.65000,152500
2018-08-30,40.60000,41.10000,40.55000,40.90000,100500
2018-08-31,40.95000,41.20000,40.70000,41.15000,152100
2018-09-04,41.00000,41.35000,40.75000,41.15000,153800
2018-09-05,41.10000,41.85000,41.10000,41.70000,208200
2018-09-06,41.75000,42.20000,41.50000,42.00000,153600
2018-09-07,41.75000,42.00000,41.50000,41.75000,145800
2018-09-10,41.85000,42.10000,41.50000,41.65000,124000
2018-09-11,41.50000,41.70000,41.25000,41.50000,156200
2018-09-12,41.50000,41.65000,41.25000,41.25000,117800
2018-09-13,41.30000,42.00000,41.20000,42.00000,113700
2018-09-14,41.85000,42.70000,41.75000,42.50000,160200
2018-09-17,42.10000,42.15000,41.05000,41.40000,220900
2018-09-18,41.50000,41.55000,41.10000,41.25000,169000
2018-09-19,41.30000,41.30000,40.25000,40.80000,355400
2018-09-20,40.85000,41.35000,40.60000,41.00000,202900
2018-09-21,41.00000,41.60000,41.00000,41.45000,779000
2018-09-24,41.45000,41.80000,40.95000,41.75000,207700
2018-09-25,41.75000,41.75000,41.45000,41.65000,135500
2018-09-26,41.85000,41.95000,41.40000,41.50000,183300
2018-09-27,41.75000,42.30000,41.45000,41.55000,153500
2018-09-28,41.60000,42.95000,41.60000,42.90000,212200
2018-10-01,42.88000,42.88000,41.88000,42.09000,163100
2018-10-02,42.04000,42.40000,41.56000,41.93000,132700
2018-10-03,41.92000,42.45000,41.86000,42.39000,127400
2018-10-04,42.23000,42.32000,41.64000,41.81000,192400
2018-10-05,41.72000,42.20000,41.72000,42.03000,180500
2018-10-08,42.07000,42.54000,41.94000,42.33000,122300
2018-10-09,42.36000,42.91000,42.27000,42.59000,198700
2018-10-10,42.47000,43.30000,42.39000,42.51000,284600
2018-10-11,42.25000,42.46000,40.96000,40.97000,274000
2018-10-12,41.23000,41.41000,40.21000,40.48000,157100
2018-10-15,40.48000,40.74000,40.10000,40.47000,148500
2018-10-16,40.66000,41.97000,40.38000,41.89000,136000
2018-10-17,41.84000,41.95000,41.46000,41.72000,154300
2018-10-18,41.66000,42.14000,41.52000,41.97000,164200
2018-10-19,41.86000,42.65000,41.86000,42.31000,199300
2018-10-22,42.29000,42.72000,42.15000,42.58000,141900
2018-10-23,42.50000,42.50000,41.67000,41.90000,252500
2018-10-24,41.94000,42.33000,41.66000,41.67000,167800
2018-10-25,41.66000,42.47000,41.24000,42.08000,293800
2018-10-26,42.01000,42.22000,41.00000,41.74000,314700
2018-10-29,41.96000,42.87000,41.88000,42.25000,193900
2018-10-30,42.26000,43.16000,42.03000,43.11000,215900
2018-10-31,43.30000,43.55000,41.65000,42.00000,1309600
2018-11-01,41.85000,42.62000,41.61000,41.89000,224500
2018-11-02,41.96000,42.13000,41.32000,42.05000,329000
2018-11-05,42.13000,42.91000,42.13000,42.72000,207300
2018-11-06,42.62000,43.91000,42.62000,43.89000,189300
2018-11-07,44.16000,44.97000,44.16000,44.89000,215900
2018-11-08,44.68000,44.68000,43.56000,44.04000,126800
2018-11-09,43.90000,44.25000,43.75000,44.21000,149000
2018-11-12,44.00000,44.49000,43.91000,43.97000,154200
2018-11-13,44.12000,44.38000,43.66000,43.87000,130600
2018-11-14,43.85000,44.29000,43.40000,43.44000,114700
2018-11-15,43.27000,44.49000,42.91000,44.47000,183600
2018-11-16,44.44000,45.45000,44.37000,45.39000,324600
2018-11-19,45.48000,45.80000,45.04000,45.38000,138600
2018-11-20,45.30000,45.89000,45.30000,45.39000,141400
2018-11-21,45.46000,45.68000,45.11000,45.20000,95900
2018-11-23,45.18000,45.93000,44.87000,45.60000,111000
2018-11-26,45.83000,46.47000,45.50000,46.33000,116000
2018-11-27,46.20000,46.48000,46.11000,46.30000,148200
2018-11-28,46.36000,46.79000,46.03000,46.58000,177000
2018-11-29,46.52000,46.65000,45.63000,45.73000,160200
2018-11-30,45.70000,46.08000,45.37000,45.72000,341500
2018-12-03,45.86000,45.86000,44.85000,45.38000,352700
2018-12-04,45.23000,45.60000,43.38000,43.61000,356300
2018-12-06,43.90000,45.33000,43.89000,45.29000,343500
2018-12-07,45.29000,45.93000,45.25000,45.91000,288100
2018-12-10,45.94000,47.31000,45.28000,46.64000,319200
2018-12-11,46.88000,47.44000,46.44000,47.33000,175000
2018-12-12,47.68000,48.31000,47.39000,47.80000,182100
2018-12-13,47.87000,48.94000,47.73000,48.55000,266700
2018-12-14,48.38000,49.07000,48.38000,48.77000,375700
2018-12-17,48.70000,48.87000,46.82000,47.32000,440900
2018-12-18,47.62000,47.81000,46.97000,47.19000,207000
2018-12-19,47.20000,47.74000,46.55000,47.01000,238000
2018-12-20,46.92000,47.98000,46.51000,47.56000,273400
2018-12-21,47.61000,48.66000,46.72000,46.86000,716500
2018-12-24,46.77000,46.77000,44.52000,44.53000,114100
2018-12-26,44.72000,46.08000,44.45000,46.03000,214200
2018-12-27,45.66000,46.82000,45.28000,46.78000,195300
2018-12-28,46.79000,47.70000,46.75000,47.16000,199700
2018-12-31,47.31000,47.77000,46.68000,47.66000,191100
2019-01-02,47.34000,47.34000,45.78000,46.32000,240100
2019-01-03,46.19000,46.51000,45.77000,46.09000,181600
2019-01-04,46.10000,46.99000,45.65000,45.86000,226100
2019-01-07,45.55000,45.76000,44.60000,44.86000,268300
2019-01-08,44.95000,46.06000,44.92000,45.99000,216800
2019-01-09,46.02000,46.25000,45.42000,45.94000,183400
2019-01-10,45.77000,46.23000,45.65000,45.97000,189500
2019-01-11,45.87000,46.07000,45.50000,45.88000,133500
2019-01-14,45.67000,45.92000,45.06000,45.17000,130500
2019-01-15,45.17000,46.01000,45.17000,45.60000,149200
2019-01-16,45.51000,46.08000,45.25000,46.03000,142800
2019-01-17,45.86000,46.90000,45.86000,46.78000,199700
2019-01-18,46.82000,47.27000,46.82000,47.24000,193800
2019-01-22,47.17000,47.49000,46.16000,46.72000,166700
2019-01-23,46.72000,47.34000,46.60000,47.33000,156000
2019-01-24,47.26000,48.09000,46.73000,48.09000,155400
2019-01-25,48.17000,48.17000,46.74000,46.86000,121400
2019-01-28,46.73000,47.06000,46.24000,46.42000,190300
2019-01-29,46.72000,47.04000,46.29000,46.31000,95500
2019-01-30,46.35000,46.91000,46.33000,46.81000,149800
2019-01-31,47.84000,49.75000,47.09000,49.52000,990800
2019-02-01,49.43000,49.58000,48.19000,48.69000,228500
2019-02-04,48.84000,49.19000,48.32000,49.19000,225900
2019-02-05,49.55000,49.67000,48.88000,49.47000,154300
2019-02-06,49.55000,49.71000,49.09000,49.32000,121400
2019-02-07,49.30000,50.67000,49.22000,50.48000,179300
2019-02-08,50.15000,51.52000,50.08000,51.10000,214100
2019-02-11,51.11000,51.70000,51.07000,51.54000,237400
2019-02-12,51.60000,52.22000,51.60000,51.82000,158000
2019-02-13,51.82000,51.97000,50.78000,50.83000,212100
2019-02-14,50.92000,51.48000,50.55000,50.85000,282300
2019-02-15,51.11000,51.27000,50.70000,50.93000,190500
2019-02-19,50.75000,51.37000,50.75000,51.17000,199100
2019-02-20,51.02000,51.62000,50.78000,51.60000,171300
2019-02-21,51.50000,52.15000,51.17000,51.99000,106400
2019-02-22,51.95000,52.94000,51.90000,52.90000,190500
2019-02-25,52.98000,52.98000,52.11000,52.18000,146800
2019-02-26,52.50000,52.50000,51.42000,51.61000,115200
2019-02-27,51.44000,52.16000,51.33000,51.76000,103200
2019-02-28,51.76000,52.66000,51.15000,52.02000,190300
2019-03-01,52.58000,52.66000,51.68000,52.53000,211100
2019-03-04,52.46000,52.91000,52.20000,52.80000,227300
2019-03-05,52.95000,53.40000,52.62000,52.83000,145900
2019-03-06,52.96000,52.99000,51.94000,52.05000,122900
2019-03-07,52.11000,53.09000,52.02000,52.40000,161300
2019-03-08,52.51000,52.92000,52.13000,52.56000,125300
2019-03-11,53.27000,53.88000,52.70000,53.80000,154300
2019-03-12,53.84000,54.12000,53.59000,53.92000,149700
2019-03-13,53.93000,54.25000,53.84000,54.13000,171100
2019-03-14,54.07000,54.53000,53.66000,53.69000,110100
2019-03-15,53.86000,54.35000,53.73000,53.89000,428000
2019-03-18,53.99000,54.35000,53.57000,54.01000,209400
2019-03-19,54.00000,54.01000,52.94000,53.01000,209200
2019-03-20,53.03000,54.24000,52.84000,53.76000,202200
2019-03-21,53.73000,54.95000,53.73000,54.58000,207900
2019-03-22,54.55000,55.05000,53.72000,53.73000,148900
2019-03-25,53.66000,54.44000,53.49000,53.97000,239700
2019-03-26,54.09000,54.87000,54.01000,54.67000,146800
2019-03-27,53.90000,54.45000,53.83000,54.11000,207000
2019-03-28,54.12000,54.25000,53.56000,54.13000,150500
2019-03-29,54.29000,54.46000,53.88000,54.28000,307800
2019-04-01,54.56000,54.56000,52.42000,52.87000,251100
2019-04-02,52.88000,52.96000,52.13000,52.41000,174300
2019-04-03,52.57000,52.70000,51.95000,52.10000,127400
2019-04-04,52.15000,52.15000,51.29000,51.57000,237300
2019-04-05,51.53000,51.87000,51.17000,51.72000,253300
2019-04-08,51.42000,51.42000,50.39000,50.93000,274000
2019-04-09,50.86000,51.01000,50.62000,50.80000,213600
2019-04-10,51.05000,51.55000,50.70000,51.13000,233600
2019-04-11,51.21000,51.21000,50.15000,50.56000,249400
2019-04-12,50.46000,50.75000,49.81000,50.62000,198300
2019-04-15,50.58000,50.60000,50.05000,50.25000,162600
2019-04-16,50.33000,50.37000,49.35000,49.52000,196200
2019-04-17,49.72000,49.79000,49.06000,49.43000,254800
2019-04-18,49.41000,50.34000,49.22000,50.15000,205000
2019-04-22,49.85000,50.13000,49.29000,49.48000,234000
2019-04-23,49.48000,49.82000,49.16000,49.52000,249300
2019-04-24,49.42000,50.29000,49.34000,49.95000,256800
2019-04-25,48.51000,50.40000,48.00000,49.89000,627100
2019-04-26,50.10000,50.63000,49.63000,49.79000,359000
2019-04-29,49.75000,50.65000,49.55000,49.80000,438500
2019-04-30,49.75000,50.63000,49.36000,50.39000,402700
2019-05-01,50.39000,50.81000,49.71000,49.81000,558700
2019-05-02,49.80000,50.16000,49.54000,49.72000,163400
2019-05-03,49.72000,50.56000,49.54000,50.36000,243100
2019-05-06,50.15000,50.53000,50.02000,50.30000,177200
2019-05-07,50.03000,50.46000,49.76000,50.10000,289900
2019-05-08,50.03000,50.39000,49.26000,49.27000,194200
2019-05-09,49.19000,49.51000,48.81000,49.05000,158900
2019-05-10,49.05000,50.02000,48.93000,49.99000,259100
2019-05-13,49.67000,50.59000,49.67000,50.40000,252900
2019-05-14,50.52000,50.73000,50.13000,50.18000,300500
2019-05-15,50.08000,50.66000,50.08000,50.24000,104400
2019-05-16,50.17000,50.96000,50.17000,50.40000,264200
2019-05-17,50.23000,50.59000,50.12000,50.41000,205000
2019-05-20,50.43000,50.52000,50.07000,50.43000,285900
2019-05-21,50.69000,51.21000,50.60000,50.67000,234900
2019-05-22,50.76000,51.12000,50.59000,51.06000,181800
2019-05-23,50.97000,51.24000,50.48000,50.75000,164500
2019-05-24,50.83000,51.11000,50.62000,50.69000,172000
2019-05-28,50.66000,51.03000,50.19000,50.22000,152200
2019-05-29,50.17000,50.36000,49.08000,49.19000,274600
2019-05-30,49.26000,49.64000,48.79000,49.05000,148900
2019-05-31,49.04000,49.40000,48.77000,49.22000,334400
2019-06-03,49.22000,49.82000,49.17000,49.79000,249200
2019-06-04,49.97000,50.18000,48.89000,49.66000,149500
2019-06-05,49.58000,50.51000,49.49000,50.33000,200300
2019-06-06,50.47000,50.87000,50.30000,50.54000,127200
2019-06-07,50.93000,51.33000,50.20000,50.20000,168800
2019-06-10,49.93000,50.47000,49.22000,49.74000,198200
2019-06-11,49.80000,49.97000,49.23000,49.77000,246900
2019-06-12,49.84000,50.89000,49.60000,50.78000,158400
2019-06-13,50.93000,51.29000,50.07000,50.28000,183300
2019-06-14,50.15000,51.22000,50.15000,50.97000,168900
2019-06-17,51.03000,51.26000,49.83000,50.07000,147900
2019-06-18,50.39000,50.53000,49.38000,49.80000,330100
2019-06-19,49.72000,50.34000,49.47000,50.23000,244000
2019-06-20,50.30000,50.58000,49.72000,50.32000,136000
2019-06-21,50.09000,50.83000,49.99000,50.33000,340100
2019-06-24,50.40000,50.60000,49.94000,50.08000,222900
2019-06-25,50.10000,50.38000,49.95000,50.19000,226300
2019-06-26,50.21000,50.55000,49.32000,49.48000,206400
2019-06-27,49.49000,49.74000,49.22000,49.59000,197300
2019-06-28,49.56000,50.76000,49.56000,50.63000,1728600
2019-07-01,50.61000,50.76000,49.52000,49.99000,438100
2019-07-02,50.00000,51.24000,50.00000,51.05000,160700
2019-07-03,51.14000,51.86000,51.03000,51.37000,104800
2019-07-05,51.08000,51.39000,50.16000,51.37000,120900
2019-07-08,51.00000,51.49000,50.95000,51.47000,173500
2019-07-09,51.37000,51.40000,50.94000,51.38000,180100
2019-07-10,51.69000,51.73000,51.21000,51.59000,134400
2019-07-11,51.64000,51.88000,50.76000,50.94000,223600
2019-07-12,51.10000,51.43000,50.57000,50.94000,177500
2019-07-15,51.01000,51.09000,50.50000,50.75000,185600
2019-07-16,50.91000,51.43000,50.80000,51.43000,165200
2019-07-17,51.97000,52.46000,51.58000,52.16000,313600
2019-07-18,52.15000,53.51000,51.76000,53.51000,304800
2019-07-19,53.32000,53.75000,52.50000,52.60000,350800
2019-07-22,52.75000,52.83000,52.25000,52.80000,283900
2019-07-23,52.80000,53.12000,52.34000,53.03000,250800
2019-07-24,53.10000,53.43000,52.57000,53.37000,226300
2019-07-25,53.22000,53.58000,52.53000,52.66000,243100
2019-07-26,52.68000,53.38000,52.55000,53.02000,223200
2019-07-29,53.06000,53.16000,52.73000,53.03000,245000
2019-07-30,52.88000,53.61000,52.88000,53.18000,267700
2019-07-31,53.14000,54.23000,53.14000,53.39000,621300
2019-08-01,52.86000,53.78000,52.54000,53.32000,404500
2019-08-02,53.13000,54.06000,53.04000,53.58000,271400
2019-08-05,53.43000,53.53000,51.41000,51.78000,317000
2019-08-06,51.92000,52.39000,51.28000,52.27000,222000
2019-08-07,52.13000,52.83000,51.85000,52.40000,409300
2019-08-08,52.38000,54.11000,52.19000,53.81000,298700
2019-08-09,53.56000,54.54000,53.48000,54.19000,181300
2019-08-12,53.97000,54.51000,53.97000,54.07000,92500
2019-08-13,53.88000,54.58000,53.61000,53.83000,221500
2019-08-14,53.77000,54.42000,53.39000,53.65000,203500
2019-08-15,53.70000,55.24000,53.70000,55.08000,195900
2019-08-16,55.15000,55.97000,55.04000,55.84000,274400
2019-08-19,56.18000,56.50000,55.60000,55.63000,215600
2019-08-20,55.64000,55.92000,55.28000,55.55000,167700
2019-08-21,55.68000,55.92000,55.27000,55.70000,177600
2019-08-22,55.75000,55.97000,55.33000,55.69000,125700
2019-08-23,55.73000,56.29000,54.60000,54.73000,286000
2019-08-26,54.99000,55.41000,54.51000,55.34000,308900
2019-08-27,55.61000,56.11000,55.41000,55.45000,176800
2019-08-28,55.43000,55.90000,55.43000,55.80000,131100
2019-08-29,56.08000,56.47000,55.99000,56.25000,117300
2019-08-30,56.36000,56.72000,55.93000,56.44000,401800
2019-09-03,56.49000,57.43000,56.44000,56.92000,290000
2019-09-04,57.28000,57.48000,56.64000,57.02000,157500
2019-09-05,56.99000,57.21000,56.03000,56.18000,245700
2019-09-06,56.20000,56.35000,54.38000,54.69000,264800
2019-09-09,54.30000,54.32000,52.63000,53.60000,227500
2019-09-10,53.64000,53.64000,52.58000,53.01000,242900
2019-09-11,53.20000,54.68000,53.20000,54.39000,217300
2019-09-12,54.74000,55.10000,54.02000,54.31000,213100
2019-09-13,54.35000,54.62000,53.65000,54.10000,209200
2019-09-16,54.44000,54.55000,53.52000,53.65000,212100
2019-09-17,53.67000,54.70000,53.50000,54.37000,175900
2019-09-18,54.75000,54.79000,53.86000,54.14000,162200
2019-09-19,54.54000,54.96000,54.20000,54.55000,259400
2019-09-20,54.43000,54.50000,52.80000,53.08000,578100
2019-09-23,53.15000,53.74000,52.79000,52.82000,241900
2019-09-24,53.05000,53.86000,52.95000,53.34000,306900
2019-09-25,53.30000,54.01000,53.20000,53.71000,222300
2019-09-26,54.03000,54.26000,53.28000,53.53000,186300
2019-09-27,53.76000,53.86000,52.90000,53.19000,133500
2019-09-30,53.33000,53.49000,52.76000,52.93000,242400
2019-10-01,52.92000,53.39000,52.54000,52.74000,188700
2019-10-02,52.71000,53.24000,51.63000,51.71000,210200
2019-10-03,51.82000,52.37000,51.40000,52.20000,174300
2019-10-04,52.33000,52.72000,51.79000,52.63000,158600
2019-10-07,52.61000,52.99000,52.39000,52.72000,222800
2019-10-08,52.53000,52.63000,51.99000,52.14000,202200
2019-10-09,52.41000,52.80000,52.07000,52.56000,201600
2019-10-10,52.51000,53.27000,52.16000,53.04000,253000
2019-10-11,53.30000,55.03000,53.04000,54.53000,255500
2019-10-14,54.69000,54.85000,54.08000,54.51000,195000
2019-10-15,54.65000,54.73000,53.81000,53.91000,162100
2019-10-16,53.94000,54.68000,53.51000,54.64000,181100
2019-10-17,54.64000,55.56000,54.64000,55.51000,231200
2019-10-18,55.40000,55.43000,54.23000,54.94000,298800
2019-10-21,55.14000,55.42000,54.14000,54.87000,209100
2019-10-22,54.89000,55.24000,54.33000,55.07000,191500
2019-10-23,55.18000,55.87000,54.80000,55.06000,185000
2019-10-24,55.16000,55.96000,54.47000,54.68000,183700
2019-10-25,54.62000,54.78000,54.04000,54.35000,212800
2019-10-28,54.23000,54.49000,53.80000,53.90000,127000
2019-10-29,53.72000,54.35000,53.61000,54.20000,180600
2019-10-30,54.15000,54.91000,54.15000,54.72000,326400
2019-10-31,54.72000,56.44000,54.04000,55.97000,557400
2019-11-01,56.08000,56.49000,55.06000,56.10000,315600
2019-11-04,55.99000,56.08000,54.09000,54.56000,280200
2019-11-05,54.47000,54.71000,53.36000,53.56000,212600
2019-11-06,53.82000,54.26000,53.24000,53.34000,321000
2019-11-07,52.97000,53.10000,50.76000,51.46000,265100
2019-11-08,51.62000,51.65000,50.31000,50.55000,407100
2019-11-11,50.61000,50.93000,50.22000,50.49000,195700
2019-11-12,50.31000,50.92000,50.15000,50.39000,277700
2019-11-13,50.50000,50.71000,50.15000,50.46000,184800
2019-11-14,50.56000,50.62000,49.77000,49.92000,440300
2019-11-15,50.00000,50.26000,48.78000,50.25000,322300
2019-11-18,50.17000,50.78000,50.17000,50.42000,293000
2019-11-19,50.60000,51.01000,50.39000,50.88000,237900
2019-11-20,50.75000,51.73000,50.75000,51.18000,229500
2019-11-21,51.17000,51.17000,50.09000,50.19000,126600
2019-11-22,50.29000,50.29000,49.37000,49.85000,182400
2019-11-25,50.07000,50.36000,49.62000,50.26000,218300
2019-11-26,50.27000,51.37000,50.21000,51.09000,229700
2019-11-27,51.15000,51.41000,51.00000,51.16000,111300
2019-11-29,51.26000,51.51000,51.18000,51.40000,102300
2019-12-02,51.27000,51.27000,50.51000,50.72000,184200
2019-12-03,50.88000,51.38000,50.67000,51.01000,174900
2019-12-04,50.91000,51.88000,50.91000,51.65000,177600
2019-12-05,51.45000,52.13000,51.44000,52.05000,191500
2019-12-06,51.99000,52.58000,51.72000,51.89000,239300
2019-12-09,52.00000,52.00000,51.47000,51.47000,178000
2019-12-10,51.44000,51.66000,51.03000,51.19000,166500
2019-12-11,51.44000,51.53000,51.10000,51.35000,178300
2019-12-12,51.23000,51.59000,50.26000,50.32000,279100
2019-12-13,50.39000,50.47000,49.11000,49.33000,429700
2019-12-16,49.48000,51.07000,49.45000,51.03000,512800
2019-12-17,51.13000,51.68000,50.98000,51.16000,426300
2019-12-18,51.30000,51.49000,50.79000,51.27000,332500
2019-12-19,51.37000,51.67000,50.74000,50.80000,219700
2019-12-20,50.90000,51.05000,50.36000,50.91000,545800
2019-12-23,51.01000,51.13000,49.84000,50.39000,156300
2019-12-24,50.57000,50.82000,50.21000,50.69000,72300
2019-12-26,50.68000,51.20000,50.50000,50.86000,121100
2019-12-27,50.89000,51.61000,50.81000,51.52000,192100
2019-12-30,51.51000,52.13000,51.31000,51.52000,353300
2019-12-31,51.53000,51.90000,51.42000,51.56000,268600
2020-01-02,51.72000,51.72000,50.15000,50.63000,208600
2020-01-03,50.44000,51.64000,50.44000,51.00000,305500
2020-01-06,51.03000,51.32000,50.41000,50.48000,288400
2020-01-07,50.50000,50.60000,49.77000,49.93000,248600
2020-01-08,49.78000,50.10000,49.30000,49.42000,375800
2020-01-09,49.44000,50.00000,49.39000,49.73000,247100
2020-01-10,49.80000,50.01000,49.59000,49.74000,176100
2020-01-13,49.72000,50.63000,49.72000,50.22000,254100
2020-01-14,50.22000,50.32000,49.30000,49.50000,277600
2020-01-15,49.61000,50.55000,49.61000,50.31000,378900
2020-01-16,50.47000,51.22000,50.47000,51.01000,281300
2020-01-17,51.12000,51.98000,51.12000,51.72000,292400
2020-01-21,51.82000,52.42000,51.69000,52.33000,219900
2020-01-22,52.54000,53.40000,52.54000,53.03000,307400
2020-01-23,53.08000,53.63000,52.88000,53.54000,290100
2020-01-24,53.60000,53.99000,53.29000,53.55000,171300
2020-01-27,53.50000,53.82000,52.75000,52.86000,237100
2020-01-28,52.93000,53.32000,52.73000,53.19000,159700
2020-01-29,53.12000,53.59000,52.86000,53.46000,131800
2020-01-30,53.60000,53.99000,53.25000,53.89000,202500
2020-01-31,53.74000,54.24000,52.26000,52.56000,592200
2020-02-03,52.61000,53.55000,52.61000,53.49000,259400
2020-02-04,53.63000,54.17000,53.48000,53.50000,293900
2020-02-05,53.39000,54.21000,53.39000,53.86000,262700
2020-02-06,54.18000,54.29000,53.82000,54.02000,158300
2020-02-07,54.01000,54.67000,53.70000,54.29000,154400
2020-02-10,54.49000,55.05000,54.35000,54.97000,148600
2020-02-11,55.20000,55.69000,55.05000,55.05000,138900
2020-02-12,55.00000,55.21000,54.43000,55.07000,257800
2020-02-13,54.89000,56.00000,54.80000,55.91000,141600
2020-02-14,55.98000,56.87000,55.77000,56.77000,330500
2020-02-18,56.96000,57.36000,56.48000,56.80000,335900
2020-02-19,56.66000,56.78000,55.37000,55.52000,268500
2020-02-20,55.29000,55.36000,54.01000,54.48000,204700
2020-02-21,54.61000,54.84000,54.29000,54.50000,209700
2020-02-24,53.91000,54.49000,53.65000,54.27000,150800
2020-02-25,54.44000,54.44000,52.81000,52.89000,201500
2020-02-26,53.03000,53.72000,52.67000,52.67000,253500
2020-02-27,52.38000,52.49000,49.92000,49.92000,338200
2020-02-28,48.29000,48.51000,45.24000,47.96000,792700
2020-03-02,47.96000,50.51000,47.73000,50.34000,520900
2020-03-03,50.53000,52.71000,49.95000,51.41000,436900
2020-03-04,52.17000,54.59000,52.17000,54.55000,261700
2020-03-05,53.67000,54.16000,53.06000,53.99000,229900
2020-03-06,52.23000,54.45000,52.04000,54.37000,291300
2020-03-09,51.95000,53.04000,50.28000,52.15000,321200
2020-03-10,52.85000,53.77000,50.13000,52.38000,645200
2020-03-11,51.38000,51.38000,47.22000,48.41000,351600
2020-03-12,44.06000,47.34000,43.56000,44.62000,477000
2020-03-13,46.53000,46.53000,42.91000,45.79000,409700
2020-03-16,41.51000,44.10000,39.74000,42.85000,531400
2020-03-17,43.71000,56.64000,43.51000,55.43000,649800
2020-03-18,52.55000,56.31000,50.29000,54.12000,735200
2020-03-19,54.18000,56.68000,50.61000,55.45000,649400
2020-03-20,56.17000,57.30000,50.06000,53.00000,1158100
2020-03-23,51.75000,52.74000,43.14000,47.33000,848700
2020-03-24,49.28000,49.28000,44.33000,48.03000,459600
2020-03-25,47.67000,48.33000,45.02000,45.66000,550800
2020-03-26,45.28000,49.41000,43.45000,48.74000,532400
2020-03-27,47.44000,50.26000,45.45000,47.96000,303900
2020-03-30,48.80000,52.94000,48.01000,52.32000,465000
2020-03-31,51.79000,52.02000,48.82000,50.32000,290400
2020-04-01,48.57000,48.57000,44.28000,45.01000,262500
2020-04-02,44.14000,47.12000,44.14000,46.01000,208900
2020-04-03,45.83000,47.22000,44.76000,46.26000,262600
2020-04-06,47.83000,51.15000,47.61000,50.77000,260600
2020-04-07,51.68000,51.83000,48.60000,49.15000,282300
2020-04-08,49.96000,51.16000,49.11000,50.51000,276700
2020-04-09,51.50000,54.18000,50.57000,54.05000,181700
2020-04-13,53.19000,54.17000,51.98000,52.87000,215000
2020-04-14,54.27000,54.66000,52.66000,54.45000,271200
2020-04-15,52.63000,53.76000,51.28000,51.54000,261500
2020-04-16,52.11000,52.74000,50.82000,52.17000,270100
2020-04-17,53.05000,53.98000,52.55000,53.63000,190200
2020-04-20,52.55000,53.17000,49.33000,50.03000,233200
2020-04-21,48.81000,50.66000,48.76000,49.27000,183800
2020-04-22,50.42000,51.02000,49.07000,50.12000,176500
2020-04-23,50.14000,50.26000,48.86000,49.03000,270800
2020-04-24,49.46000,49.76000,48.74000,49.00000,348300
2020-04-27,49.41000,49.66000,48.61000,48.64000,230900
2020-04-28,49.83000,50.83000,49.41000,49.73000,256800
2020-04-29,50.90000,51.33000,48.54000,50.55000,347400
2020-04-30,50.14000,50.14000,44.92000,44.92000,1293100
2020-05-01,46.79000,47.72000,45.40000,46.28000,516400
2020-05-04,45.57000,46.31000,44.84000,45.62000,313500
2020-05-05,45.92000,47.12000,45.65000,46.39000,254800
2020-05-06,46.25000,46.29000,44.51000,44.63000,192600
2020-05-07,45.19000,45.70000,44.59000,45.12000,231000
2020-05-08,45.36000,45.77000,44.94000,45.36000,187700
2020-05-11,44.86000,45.81000,43.78000,45.24000,313600
2020-05-12,45.37000,45.55000,43.79000,43.85000,252300
2020-05-13,43.68000,44.00000,42.92000,43.87000,414500
2020-05-14,43.36000,43.60000,41.90000,43.39000,299200
2020-05-15,44.00000,44.00000,42.23000,43.14000,527800
2020-05-18,44.70000,45.64000,44.39000,45.24000,339000
2020-05-19,45.12000,45.31000,43.57000,43.58000,187500
2020-05-20,43.81000,44.54000,43.11000,44.24000,230800
2020-05-21,44.07000,45.33000,44.03000,45.10000,240500
2020-05-22,45.40000,45.42000,44.60000,45.17000,199000
2020-05-26,46.05000,46.32000,45.42000,45.53000,262200
2020-05-27,46.45000,46.46000,44.87000,45.86000,242600
2020-05-28,46.44000,47.29000,45.98000,46.52000,248400
2020-05-29,46.12000,47.30000,45.78000,47.00000,311000
2020-06-01,46.67000,47.29000,46.24000,46.24000,252400
2020-06-02,46.34000,46.83000,45.88000,46.69000,193800
2020-06-03,47.18000,47.90000,46.89000,47.31000,188200
2020-06-04,46.92000,47.41000,46.61000,47.30000,234700
2020-06-05,48.16000,49.20000,47.66000,48.45000,302100
2020-06-08,48.25000,48.62000,47.55000,48.01000,250200
2020-06-09,47.50000,47.97000,46.75000,47.50000,208700
2020-06-10,47.33000,48.02000,46.93000,47.58000,344700
2020-06-11,46.81000,47.21000,45.29000,45.49000,324700
2020-06-12,46.40000,46.40000,45.22000,45.95000,390600
2020-06-15,45.38000,47.91000,45.28000,47.31000,429800
2020-06-16,48.17000,48.75000,46.62000,47.02000,308700
2020-06-17,47.10000,47.36000,46.36000,46.76000,265500
2020-06-18,46.41000,47.29000,46.26000,46.90000,217100
2020-06-19,47.23000,47.75000,45.73000,45.83000,563500
2020-06-22,45.61000,46.87000,45.42000,46.43000,213000
2020-06-23,46.81000,47.05000,45.65000,45.90000,185200
2020-06-24,45.37000,45.96000,44.78000,45.57000,235000
2020-06-25,45.46000,45.58000,44.68000,45.38000,238100
2020-06-26,45.37000,46.40000,44.10000,44.28000,644100
2020-06-29,44.79000,46.66000,44.56000,46.39000,230500
2020-06-30,46.29000,47.89000,46.29000,47.70000,303200
2020-07-01,47.79000,48.64000,47.57000,48.03000,162900
2020-07-02,48.33000,48.98000,48.15000,48.35000,140800
2020-07-06,48.87000,49.56000,48.15000,48.19000,198000
2020-07-07,47.45000,47.82000,47.09000,47.79000,262600
2020-07-08,47.64000,48.04000,47.15000,47.69000,195300
2020-07-09,47.51000,47.51000,45.68000,46.71000,200300
2020-07-10,47.03000,48.03000,46.80000,47.99000,222600
2020-07-13,47.59000,48.04000,46.72000,46.95000,239600
2020-07-14,47.05000,47.83000,47.05000,47.47000,152400
2020-07-15,48.17000,48.99000,47.80000,48.00000,252400
2020-07-16,47.93000,48.60000,47.70000,48.28000,198300
2020-07-17,48.44000,49.39000,48.43000,49.32000,174200
2020-07-20,49.12000,49.33000,48.21000,48.55000,152300
2020-07-21,48.86000,49.70000,48.86000,49.67000,238600
2020-07-22,49.08000,50.27000,48.98000,50.02000,229800
2020-07-23,50.03000,50.84000,49.95000,50.54000,219000
2020-07-24,50.55000,50.78000,49.03000,49.72000,227700
2020-07-27,49.82000,50.06000,48.93000,49.25000,241200
2020-07-28,49.12000,49.57000,48.91000,48.95000,315900
2020-07-29,49.45000,50.29000,48.98000,49.38000,308400
2020-07-30,48.83000,50.19000,47.63000,48.04000,299100
2020-07-31,47.91000,48.52000,46.52000,46.87000,961100
2020-08-03,46.72000,47.01000,46.01000,46.98000,289000
2020-08-04,46.74000,46.84000,45.95000,46.65000,254400
2020-08-05,46.65000,46.98000,46.20000,46.91000,252000
2020-08-06,46.99000,47.14000,46.52000,46.96000,210000
2020-08-07,46.54000,48.90000,46.54000,48.82000,222800
2020-08-10,49.10000,49.93000,48.78000,48.98000,237600
2020-08-11,49.04000,49.36000,47.70000,47.93000,160100
2020-08-12,48.39000,49.38000,48.20000,48.63000,303500
2020-08-13,48.41000,48.74000,48.01000,48.37000,187500
2020-08-14,48.15000,48.64000,47.90000,48.44000,143200
2020-08-17,48.52000,48.66000,48.05000,48.24000,162300
2020-08-18,48.07000,48.34000,47.68000,48.16000,181100
2020-08-19,48.26000,48.32000,47.12000,47.20000,190400
2020-08-20,47.00000,47.45000,46.80000,47.11000,216200
2020-08-21,46.85000,47.36000,46.40000,46.63000,290900
2020-08-24,46.68000,47.21000,46.22000,47.12000,159800
2020-08-25,47.19000,47.68000,47.05000,47.41000,196100
2020-08-26,47.21000,47.21000,46.10000,46.25000,215600
2020-08-27,46.50000,47.20000,46.30000,46.70000,252000
2020-08-28,45.00000,46.20000,44.09000,46.05000,307200
2020-08-31,46.05000,46.34000,45.31000,45.34000,292300
2020-09-01,45.24000,45.24000,44.43000,44.86000,244600
2020-09-02,44.78000,46.26000,44.78000,45.96000,174600
2020-09-03,46.21000,46.88000,45.56000,45.95000,202800
2020-09-04,46.34000,46.55000,45.20000,45.88000,261800
2020-09-08,45.99000,45.99000,44.67000,45.16000,291100
2020-09-09,45.27000,45.85000,44.42000,44.92000,219700
2020-09-10,45.03000,45.04000,44.24000,44.26000,232100
2020-09-11,44.60000,44.65000,43.59000,43.71000,267000
2020-09-14,43.91000,44.06000,43.62000,43.75000,236600
2020-09-15,43.94000,44.05000,43.07000,43.19000,160200
2020-09-16,43.19000,43.77000,43.09000,43.19000,286300
2020-09-17,43.00000,43.00000,41.91000,42.27000,307300
2020-09-18,42.65000,42.65000,41.19000,41.85000,667500
2020-09-21,41.48000,42.92000,41.34000,42.79000,359200
2020-09-22,42.89000,43.25000,42.16000,42.87000,319800
2020-09-23,42.94000,43.07000,41.62000,41.66000,207100
2020-09-24,41.71000,42.56000,41.62000,42.23000,209000
2020-09-25,42.03000,42.78000,42.01000,42.73000,175300
2020-09-28,42.96000,43.98000,42.86000,43.55000,243200
2020-09-29,43.62000,43.85000,42.82000,43.44000,291300
2020-09-30,43.83000,43.94000,42.95000,43.45000,382300
2020-10-01,43.46000,44.65000,43.45000,44.64000,243300
2020-10-02,44.19000,45.12000,44.05000,44.90000,187400
2020-10-05,45.20000,45.20000,44.40000,44.83000,132000
2020-10-06,45.14000,45.70000,44.78000,45.02000,228300
2020-10-07,45.12000,45.14000,44.26000,44.63000,209100
2020-10-08,44.98000,45.56000,44.57000,45.01000,191800
2020-10-09,44.92000,45.19000,44.27000,44.93000,171300
2020-10-12,44.90000,46.59000,44.90000,46.43000,219600
2020-10-13,45.87000,46.36000,45.26000,45.72000,206600
2020-10-14,45.57000,46.04000,45.14000,45.36000,188000
2020-10-15,45.06000,45.79000,45.06000,45.71000,197800
2020-10-16,45.72000,46.46000,45.04000,46.27000,323300
2020-10-19,46.33000,46.63000,45.60000,45.66000,150800
2020-10-20,45.97000,46.27000,45.46000,46.16000,250100
2020-10-21,46.28000,46.96000,46.16000,46.69000,160600
2020-10-22,46.70000,47.70000,46.70000,47.55000,201600
2020-10-23,47.68000,48.22000,47.53000,48.18000,158200
2020-10-26,47.87000,48.10000,47.16000,47.34000,185200
2020-10-27,47.32000,47.89000,46.99000,47.30000,164300
2020-10-28,46.78000,47.06000,45.64000,45.72000,177400
2020-10-29,45.55000,46.46000,44.50000,45.38000,216000
2020-10-30,45.44000,45.67000,44.26000,44.57000,521100
2020-11-02,44.85000,45.88000,44.61000,45.73000,220100
2020-11-03,46.31000,46.76000,45.80000,46.54000,171400
2020-11-04,45.88000,46.85000,45.15000,45.48000,156200
2020-11-05,45.75000,46.83000,45.45000,46.01000,127700
2020-11-06,46.92000,47.21000,46.02000,46.66000,194400
2020-11-09,48.30000,51.43000,48.30000,50.63000,335500
2020-11-10,51.22000,53.67000,50.97000,53.35000,381100
2020-11-11,53.45000,53.45000,51.78000,53.17000,171700
2020-11-12,52.57000,52.57000,50.55000,51.53000,213100
2020-11-13,51.99000,52.45000,51.27000,52.38000,174800
2020-11-16,53.00000,53.55000,52.19000,53.52000,211400
2020-11-17,52.69000,52.74000,51.16000,51.98000,275000
2020-11-18,52.11000,52.17000,50.10000,50.23000,172800
2020-11-19,50.29000,50.29000,49.38000,50.04000,136500
2020-11-20,49.72000,50.74000,49.72000,50.34000,230900
2020-11-23,50.75000,50.96000,50.25000,50.53000,216100
2020-11-24,51.22000,51.85000,50.92000,51.16000,404500
2020-11-25,51.16000,51.35000,50.36000,50.98000,114200
2020-11-27,50.68000,50.77000,49.99000,50.36000,72200
2020-11-30,50.18000,50.18000,49.12000,49.48000,251500
2020-12-01,49.96000,50.33000,49.13000,49.46000,200000
2020-12-02,49.56000,49.91000,48.88000,49.62000,156500
2020-12-03,49.50000,50.14000,48.97000,49.10000,144100
2020-12-04,48.99000,49.57000,48.90000,49.46000,172400
2020-12-07,49.46000,49.90000,49.04000,49.82000,158200
2020-12-08,49.79000,50.12000,49.25000,49.92000,159000
2020-12-09,50.15000,50.89000,50.00000,50.84000,221900
2020-12-10,50.92000,51.31000,50.42000,51.20000,151400
2020-12-11,51.01000,52.41000,51.00000,52.28000,215300
2020-12-14,52.68000,53.62000,52.24000,52.25000,288100
2020-12-15,52.40000,53.96000,51.94000,53.69000,182300
2020-12-16,53.85000,54.37000,53.21000,53.36000,180700
2020-12-17,53.54000,54.68000,53.38000,54.29000,160000
2020-12-18,54.51000,55.24000,52.79000,53.29000,883900
2020-12-21,52.42000,52.62000,51.00000,51.64000,176900
2020-12-22,51.46000,52.37000,51.29000,52.31000,140500
2020-12-23,52.54000,53.16000,52.25000,52.74000,154700
2020-12-24,52.89000,53.10000,52.12000,53.01000,57300
2020-12-28,53.37000,54.33000,53.37000,54.21000,180300
2020-12-29,54.38000,54.69000,53.46000,53.96000,143800
2020-12-30,54.02000,54.47000,53.46000,53.97000,159300
2020-12-31,53.65000,54.24000,53.49000,54.03000,164700
2021-01-04,54.00000,54.41000,52.77000,53.45000,231400
2021-01-05,53.43000,54.04000,52.69000,53.71000,189000
2021-01-06,54.32000,57.20000,54.32000,56.95000,329600
2021-01-07,56.97000,57.22000,56.14000,56.31000,173100
2021-01-08,55.32000,55.94000,54.63000,55.80000,251200
2021-01-11,55.50000,56.01000,54.65000,55.36000,140800
2021-01-12,55.28000,56.25000,54.72000,55.76000,243700
2021-01-13,55.74000,56.31000,55.29000,55.37000,241400
2021-01-14,55.75000,55.87000,54.69000,54.71000,170200
2021-01-15,54.28000,54.82000,54.05000,54.53000,249800
2021-01-19,54.99000,55.02000,54.17000,54.42000,193500
2021-01-20,54.25000,55.14000,53.74000,54.81000,252500
2021-01-21,54.75000,54.75000,53.33000,53.96000,202000
2021-01-22,53.55000,54.43000,53.20000,54.34000,200700
2021-01-25,53.95000,56.13000,53.57000,55.43000,261400
2021-01-26,55.55000,56.21000,54.85000,55.75000,147700
2021-01-27,54.96000,55.47000,53.88000,54.36000,264700
2021-01-28,54.99000,56.47000,54.16000,54.56000,265500
2021-01-29,54.30000,55.57000,54.05000,54.64000,560000
2021-02-01,55.15000,55.54000,54.07000,55.20000,142800
2021-02-02,55.38000,56.57000,54.95000,56.43000,198900
2021-02-03,56.02000,56.51000,55.03000,55.85000,136500
2021-02-04,55.63000,56.31000,55.20000,56.01000,144000
2021-02-05,56.22000,57.48000,56.00000,57.48000,139900
2021-02-08,57.74000,58.10000,57.01000,57.83000,185500
2021-02-09,58.01000,59.49000,57.86000,59.43000,171800
2021-02-10,59.83000,60.42000,59.13000,59.81000,147900
2021-02-11,59.96000,60.50000,59.40000,60.27000,176800
2021-02-12,59.99000,60.22000,58.43000,58.96000,119600
2021-02-16,59.12000,59.12000,57.90000,58.11000,122400
2021-02-17,58.08000,58.47000,57.69000,58.33000,87500
2021-02-18,58.43000,59.19000,58.22000,58.42000,95900
2021-02-19,58.53000,59.20000,58.01000,58.45000,131900
2021-02-22,58.16000,58.60000,56.45000,57.26000,134500
2021-02-23,57.49000,59.02000,57.18000,57.27000,153300
2021-02-24,57.09000,57.20000,55.76000,55.84000,230600
2021-02-25,55.20000,57.15000,55.00000,55.21000,143100
2021-02-26,55.45000,56.02000,54.84000,54.95000,244600
2021-03-01,55.48000,55.84000,54.55000,55.16000,168700
2021-03-02,55.04000,55.04000,53.82000,53.96000,183400
2021-03-03,53.95000,53.95000,52.68000,53.21000,171700
2021-03-04,52.16000,53.83000,51.90000,52.59000,256100
2021-03-05,53.02000,53.33000,52.45000,52.96000,421900
2021-03-08,53.35000,53.91000,52.69000,53.35000,405300
2021-03-09,53.56000,53.75000,52.61000,52.78000,297200
2021-03-10,53.00000,53.65000,52.44000,52.88000,213800
2021-03-11,52.93000,53.43000,52.55000,53.08000,194600
2021-03-12,53.25000,54.26000,53.19000,53.96000,308400
2021-03-15,53.72000,53.87000,53.00000,53.78000,198700
2021-03-16,53.94000,54.25000,53.62000,54.15000,145100
2021-03-17,54.01000,54.01000,53.20000,53.50000,148100
2021-03-18,53.51000,53.80000,52.94000,53.57000,227000
2021-03-19,53.60000,53.73000,53.23000,53.60000,937700
2021-03-22,53.59000,53.59000,51.81000,53.31000,232200
2021-03-23,53.10000,55.25000,53.02000,54.92000,233300
2021-03-24,55.00000,55.57000,54.65000,54.95000,170300
2021-03-25,54.92000,55.63000,54.59000,55.39000,175600
2021-03-26,55.47000,56.18000,55.08000,56.06000,208000
2021-03-29,56.00000,56.98000,55.93000,56.17000,215100
2021-03-30,56.31000,56.46000,55.55000,55.73000,200200
2021-03-31,55.73000,56.72000,55.49000,56.34000,287000
2021-04-01,56.50000,56.87000,55.85000,56.21000,148800
2021-04-05,56.31000,57.36000,56.25000,57.17000,158000
2021-04-06,57.35000,58.42000,56.97000,57.86000,178300
2021-04-07,57.89000,58.01000,56.83000,57.49000,205800
2021-04-08,57.62000,57.62000,57.04000,57.30000,178900
2021-04-09,57.48000,57.73000,57.03000,57.50000,118700
2021-04-12,57.71000,58.64000,57.71000,58.32000,146200
2021-04-13,58.27000,58.91000,58.12000,58.83000,122600
2021-04-14,58.88000,59.57000,58.73000,59.30000,126500
2021-04-15,59.38000,60.57000,59.00000,60.55000,119800
2021-04-16,60.41000,60.93000,59.97000,60.31000,320900
2021-04-19,60.17000,60.17000,58.90000,59.33000,186300
2021-04-20,59.28000,60.53000,59.28000,60.44000,148700
2021-04-21,60.68000,61.39000,60.32000,61.22000,195400
2021-04-22,61.29000,61.91000,61.15000,61.35000,154900
2021-04-23,61.59000,61.98000,61.01000,61.18000,198600
2021-04-26,61.58000,61.86000,59.87000,60.36000,156600
2021-04-27,60.27000,60.33000,58.55000,58.89000,164000
2021-04-28,58.83000,59.83000,58.83000,59.32000,255700
2021-04-29,59.00000,60.09000,58.04000,58.47000,207200
2021-04-30,57.95000,59.25000,57.50000,58.75000,756700
2021-05-03,58.86000,59.67000,58.59000,59.00000,294600
2021-05-04,58.90000,59.19000,58.16000,58.89000,144800
2021-05-05,58.73000,58.73000,56.63000,57.78000,201900
2021-05-06,57.93000,58.26000,57.51000,57.92000,206300
2021-05-07,57.73000,57.97000,57.24000,57.83000,146000
2021-05-10,57.98000,58.40000,57.50000,57.67000,287100
2021-05-11,57.53000,57.65000,56.40000,57.16000,165800
2021-05-12,56.86000,57.06000,55.11000,55.26000,174800
2021-05-13,55.25000,56.94000,55.25000,56.70000,199600
2021-05-14,56.76000,57.05000,56.44000,56.64000,173600
2021-05-17,56.53000,56.78000,56.21000,56.29000,118900
2021-05-18,52.71000,55.91000,51.02000,55.67000,884500
2021-05-19,55.68000,56.12000,55.18000,55.60000,163500
2021-05-20,55.34000,56.25000,55.27000,56.01000,175600
2021-05-21,56.38000,56.82000,55.82000,56.45000,252400
2021-05-24,56.51000,57.04000,56.44000,56.94000,188300
2021-05-25,57.04000,57.30000,56.61000,56.68000,228500
2021-05-26,56.71000,58.00000,56.71000,57.68000,246900
2021-05-27,58.00000,58.00000,56.70000,56.72000,145500
2021-05-28,57.14000,57.59000,56.72000,56.84000,109600
2021-06-01,57.19000,57.23000,56.58000,56.83000,161100
2021-06-02,56.86000,57.27000,56.33000,56.78000,138700
2021-06-03,56.78000,57.12000,56.32000,56.94000,102300
2021-06-04,57.04000,57.29000,56.65000,56.66000,106000
2021-06-07,56.90000,57.14000,56.69000,56.82000,134500
2021-06-08,56.82000,57.03000,56.18000,56.72000,147300
2021-06-09,56.96000,57.28000,56.76000,57.11000,102000
2021-06-10,57.25000,57.91000,57.21000,57.87000,129100
2021-06-11,58.23000,58.87000,57.85000,58.83000,131200
2021-06-14,59.06000,59.28000,58.18000,58.85000,228300
2021-06-15,58.93000,59.17000,58.40000,58.91000,170800
2021-06-16,59.05000,59.34000,58.12000,58.25000,147800
2021-06-17,58.15000,59.08000,58.04000,58.43000,195600
2021-06-18,57.87000,58.05000,55.97000,56.06000,380300
2021-06-21,56.06000,57.22000,55.78000,56.95000,177400
2021-06-22,57.00000,57.00000,56.05000,56.67000,154000
2021-06-23,56.58000,56.87000,55.63000,55.74000,193200
2021-06-24,55.85000,56.25000,55.46000,55.98000,123000
2021-06-25,56.20000,56.51000,55.98000,56.50000,1899100
2021-06-28,56.72000,57.14000,56.09000,56.22000,175300
2021-06-29,56.18000,56.39000,55.32000,55.49000,124700
2021-06-30,55.21000,56.02000,55.21000,55.54000,203700
2021-07-01,55.59000,56.21000,55.57000,56.07000,125800
2021-07-02,56.37000,56.94000,56.11000,56.62000,116700
2021-07-06,56.79000,56.83000,55.62000,56.81000,144800
2021-07-07,56.70000,58.47000,56.70000,58.23000,181900
2021-07-08,57.90000,58.47000,57.21000,57.32000,186000
2021-07-09,57.54000,58.14000,57.22000,57.96000,134800
2021-07-12,57.94000,58.43000,57.33000,58.30000,146300
2021-07-13,58.26000,58.54000,57.78000,57.85000,139100
2021-07-14,58.06000,58.25000,57.48000,57.94000,138200
2021-07-15,57.88000,58.82000,57.63000,58.79000,133300
2021-07-16,59.09000,61.07000,59.09000,60.55000,191900
2021-07-19,60.13000,60.56000,58.86000,59.52000,224700
2021-07-20,59.87000,61.40000,59.87000,60.40000,269000
2021-07-21,60.40000,60.59000,59.52000,59.59000,167100
2021-07-22,59.34000,60.16000,59.34000,59.61000,134800
2021-07-23,59.75000,60.77000,59.26000,60.72000,161800
2021-07-26,60.70000,60.97000,60.42000,60.92000,152600
2021-07-27,60.90000,61.55000,60.66000,61.49000,130000
2021-07-28,61.70000,61.96000,61.13000,61.57000,160300
2021-07-29,61.22000,63.44000,61.22000,62.74000,185700
2021-07-30,63.41000,64.14000,62.40000,62.68000,448000
2021-08-02,62.61000,63.38000,62.42000,63.24000,178500
2021-08-03,63.38000,64.29000,63.38000,64.25000,235900
2021-08-04,63.84000,64.78000,63.54000,64.62000,144900
2021-08-05,64.98000,65.82000,64.80000,65.82000,116200
2021-08-06,65.58000,65.99000,64.58000,64.78000,189400
2021-08-09,64.80000,64.86000,63.35000,64.16000,131600
2021-08-10,64.38000,64.40000,63.82000,64.13000,126100
2021-08-11,64.42000,64.55000,63.40000,63.78000,87800
2021-08-12,63.50000,64.30000,63.41000,63.65000,111400
2021-08-13,63.89000,64.49000,63.63000,64.43000,164700
2021-08-16,64.43000,65.13000,64.26000,65.10000,127900
2021-08-17,64.84000,65.06000,63.91000,64.74000,107800
2021-08-18,64.87000,65.12000,63.78000,63.89000,110900
2021-08-19,63.85000,64.30000,63.65000,63.84000,198800
2021-08-20,63.89000,64.41000,63.66000,64.36000,238100
2021-08-23,64.60000,64.60000,63.70000,63.79000,116900
2021-08-24,63.64000,64.05000,62.87000,63.15000,122700
2021-08-25,63.37000,63.48000,62.75000,63.16000,134800
2021-08-26,63.04000,63.05000,62.47000,62.95000,138400
2021-08-27,63.06000,64.14000,62.72000,63.00000,328600
2021-08-30,63.19000,64.02000,63.19000,63.73000,164300
2021-08-31,63.79000,64.02000,63.03000,63.55000,148600
2021-09-01,63.68000,65.46000,63.47000,64.90000,153100
2021-09-02,65.13000,65.27000,64.79000,65.12000,139000
2021-09-03,65.14000,65.57000,64.46000,64.49000,114300
2021-09-07,64.51000,64.98000,63.43000,64.53000,268100
2021-09-08,64.28000,65.92000,64.10000,65.29000,258000
2021-09-09,65.02000,65.39000,63.82000,63.93000,190500
2021-09-10,64.10000,64.36000,61.68000,61.83000,181600
2021-09-13,62.15000,62.45000,60.21000,60.81000,184300
2021-09-14,61.05000,61.53000,60.00000,61.04000,598000
2021-09-15,61.07000,61.37000,59.65000,60.31000,235100
2021-09-16,60.30000,60.49000,58.99000,59.27000,174500
2021-09-17,59.25000,59.48000,58.48000,58.57000,568800
2021-09-20,58.34000,59.25000,58.29000,59.22000,244400
2021-09-21,59.44000,59.73000,59.04000,59.18000,148600
2021-09-22,59.61000,59.76000,58.82000,59.32000,165900
2021-09-23,59.53000,60.34000,59.45000,59.61000,142400
2021-09-24,59.67000,60.40000,59.55000,59.78000,169500
2021-09-27,59.78000,60.29000,58.93000,58.99000,137600
2021-09-28,58.86000,59.17000,58.36000,58.64000,125100
2021-09-29,58.79000,59.85000,58.65000,59.50000,146800
2021-09-30,59.91000,60.34000,58.90000,58.93000,224700
2021-10-01,59.03000,59.75000,58.47000,58.78000,213600
2021-10-04,58.69000,60.10000,58.68000,59.81000,173200
2021-10-05,59.86000,60.02000,59.34000,59.96000,180600
2021-10-06,59.54000,60.43000,58.83000,60.41000,166600
2021-10-07,60.80000,61.50000,60.46000,60.68000,195500
2021-10-08,60.53000,60.68000,59.70000,60.28000,121700
2021-10-11,60.23000,60.56000,59.65000,60.39000,101400
2021-10-12,60.33000,61.16000,60.22000,60.57000,140600
2021-10-13,60.60000,60.76000,60.04000,60.27000,151600
2021-10-14,60.47000,60.78000,60.38000,60.62000,118700
2021-10-15,61.15000,61.37000,60.72000,61.01000,263600
2021-10-18,60.77000,61.05000,59.82000,59.84000,158400
2021-10-19,60.12000,60.66000,59.54000,59.62000,177000
2021-10-20,59.61000,60.97000,59.61000,60.06000,186400
2021-10-21,60.00000,60.00000,57.32000,59.09000,340800
2021-10-22,59.01000,59.99000,59.01000,59.18000,175200
2021-10-25,59.16000,60.48000,59.09000,59.96000,189600
2021-10-26,59.85000,61.15000,59.85000,59.91000,221000
2021-10-27,60.27000,60.38000,59.26000,59.43000,141700
2021-10-28,59.03000,61.29000,59.03000,61.08000,282000
2021-10-29,61.23000,62.22000,60.61000,60.88000,638700
2021-11-01,60.99000,61.40000,59.75000,61.39000,214900
2021-11-02,61.77000,62.49000,61.11000,62.25000,183600
2021-11-03,62.23000,63.49000,61.00000,63.20000,905200
2021-11-04,63.20000,63.48000,62.16000,62.60000,222300
2021-11-05,62.80000,63.89000,62.71000,63.86000,199500
2021-11-08,63.95000,64.00000,62.16000,62.93000,214600
2021-11-09,62.99000,63.15000,62.21000,62.35000,200400
2021-11-10,62.28000,62.91000,62.27000,62.52000,210800
2021-11-11,62.64000,62.69000,61.88000,62.50000,175800
2021-11-12,62.64000,63.01000,62.08000,62.75000,125900
2021-11-15,63.10000,63.51000,62.58000,63.49000,261200
2021-11-16,63.67000,63.86000,63.12000,63.34000,214000
2021-11-17,63.15000,64.81000,63.01000,64.72000,271800
2021-11-18,65.00000,65.78000,64.74000,65.71000,184900
2021-11-19,65.87000,67.30000,65.31000,67.11000,319500
2021-11-22,67.16000,68.40000,66.04000,67.12000,319100
2021-11-23,66.93000,67.22000,66.11000,66.32000,189900
2021-11-24,66.29000,66.31000,64.98000,65.04000,177500
2021-11-26,64.24000,64.96000,62.13000,62.95000,193600
2021-11-29,63.53000,64.47000,62.87000,64.33000,240600
2021-11-30,64.45000,64.51000,63.01000,63.01000,302000
2021-12-01,63.68000,65.36000,63.45000,63.70000,232200
2021-12-02,64.18000,65.74000,64.13000,65.31000,239200
2021-12-03,65.56000,65.56000,64.40000,65.36000,220700
2021-12-06,66.23000,67.12000,65.48000,66.77000,233700
2021-12-07,66.93000,67.61000,66.36000,66.95000,153300
2021-12-08,67.32000,67.75000,66.81000,67.23000,156200
2021-12-09,66.93000,67.49000,66.15000,67.31000,205500
2021-12-10,67.54000,68.08000,67.36000,67.69000,193500
2021-12-13,67.41000,69.92000,67.39000,69.15000,341400
2021-12-14,68.95000,69.67000,68.05000,68.39000,391200
2021-12-15,68.61000,70.81000,68.61000,70.66000,456700
2021-12-16,70.52000,71.74000,70.13000,70.56000,237600
2021-12-17,70.12000,70.56000,69.22000,69.33000,817500
2021-12-20,68.78000,70.10000,68.27000,69.85000,206500
2021-12-21,70.21000,70.41000,69.04000,70.02000,159000
2021-12-22,69.87000,70.64000,69.58000,70.45000,212100
2021-12-23,70.59000,70.59000,69.35000,69.36000,209100
2021-12-27,69.78000,70.13000,69.05000,70.02000,89000
2021-12-28,69.96000,70.64000,69.77000,70.54000,84000
2021-12-29,70.68000,71.30000,70.22000,71.24000,91400
2021-12-30,71.49000,71.71000,70.86000,71.37000,115800
2021-12-31,71.47000,72.08000,70.76000,71.86000,121200
2022-01-03,71.96000,71.96000,70.63000,71.87000,232500
2022-01-04,71.77000,71.77000,69.63000,69.87000,206400
2022-01-05,69.63000,70.27000,69.07000,69.32000,132700
2022-01-06,69.10000,70.05000,68.40000,68.63000,164200
2022-01-07,68.11000,68.39000,67.57000,67.83000,137400
2022-01-10,67.54000,67.58000,66.05000,66.18000,157200
2022-01-11,66.19000,66.32000,64.30000,65.04000,180000
2022-01-12,64.99000,65.56000,64.52000,64.78000,138700
2022-01-13,64.88000,64.88000,63.51000,63.83000,234400
2022-01-14,63.46000,63.67000,61.97000,62.51000,174100
2022-01-18,61.96000,62.61000,61.46000,61.97000,301100
2022-01-19,61.99000,62.60000,61.54000,61.61000,221600
2022-01-20,61.79000,62.95000,61.17000,61.22000,224400
2022-01-21,61.38000,62.28000,60.89000,61.12000,244800
2022-01-24,61.25000,61.56000,59.07000,60.69000,315300
2022-01-25,60.40000,62.07000,60.22000,61.57000,246500
2022-01-26,61.44000,62.59000,60.14000,60.79000,215500
2022-01-27,61.28000,62.01000,59.92000,60.19000,301800
2022-01-28,60.33000,60.99000,59.20000,60.98000,190300
2022-01-31,60.46000,62.09000,60.42000,62.09000,441600
2022-02-01,62.33000,62.51000,60.12000,60.96000,235600
2022-02-02,60.84000,61.35000,60.40000,61.23000,241300
2022-02-03,60.93000,61.14000,60.16000,60.50000,164900
2022-02-04,61.20000,61.62000,58.80000,59.74000,227200
2022-02-07,59.51000,60.07000,59.10000,59.46000,161700
2022-02-08,59.56000,60.65000,59.25000,60.10000,373300
2022-02-09,60.54000,60.80000,59.41000,59.85000,235700
2022-02-10,59.25000,60.07000,57.98000,58.25000,263500
2022-02-11,58.57000,59.37000,58.08000,58.77000,190600
2022-02-14,58.97000,59.62000,57.56000,58.47000,288700
2022-02-15,58.91000,59.56000,58.13000,58.38000,133900
2022-02-16,56.43000,58.57000,56.27000,58.23000,323200
2022-02-17,58.03000,58.78000,57.63000,58.42000,162400
2022-02-18,58.16000,59.60000,58.12000,58.78000,212400
2022-02-22,58.55000,59.76000,58.28000,59.05000,184300
2022-02-23,59.29000,59.38000,57.44000,57.53000,187400
2022-02-24,55.00000,57.19000,52.81000,56.86000,417400
2022-02-25,56.88000,57.68000,55.71000,55.97000,300700
2022-02-28,56.12000,57.66000,56.12000,56.93000,370400
2022-03-01,57.34000,58.20000,55.98000,56.42000,211700
2022-03-02,56.90000,57.51000,56.56000,56.90000,194900
2022-03-03,57.14000,57.87000,56.78000,57.01000,216300
2022-03-04,57.11000,58.69000,56.31000,58.63000,364600
2022-03-07,59.36000,60.07000,58.17000,59.83000,237100
2022-03-08,59.84000,59.92000,57.75000,58.44000,289400
2022-03-09,58.51000,58.80000,58.14000,58.33000,250000
2022-03-10,57.83000,58.08000,56.43000,57.60000,154600
2022-03-11,57.57000,57.85000,56.20000,56.68000,175700
2022-03-14,56.78000,57.41000,56.60000,57.04000,173100
2022-03-15,57.43000,57.84000,57.00000,57.61000,228200
2022-03-16,57.78000,58.25000,57.21000,57.86000,211300
2022-03-17,57.63000,58.67000,57.63000,58.14000,136400
2022-03-18,58.57000,58.57000,57.52000,58.49000,455800
2022-03-21,58.28000,59.08000,57.89000,58.32000,103800
2022-03-22,58.39000,58.46000,57.41000,57.65000,188700
2022-03-23,57.90000,58.14000,57.00000,57.38000,175600
2022-03-24,57.69000,58.87000,57.50000,58.30000,286700
2022-03-25,58.38000,59.10000,57.80000,58.26000,231400
2022-03-28,58.16000,59.29000,58.07000,58.80000,219000
2022-03-29,59.18000,60.04000,59.04000,59.81000,281400
2022-03-30,59.92000,60.44000,59.48000,59.98000,239800
2022-03-31,59.88000,60.55000,59.15000,59.28000,293100
2022-04-01,59.53000,61.75000,59.49000,61.72000,485700
2022-04-04,61.30000,61.30000,58.59000,59.15000,290900
2022-04-05,59.25000,59.81000,58.62000,58.66000,253900
2022-04-06,58.56000,59.24000,58.20000,59.01000,228500
2022-04-07,58.91000,59.20000,58.40000,58.87000,286700
2022-04-08,59.10000,59.64000,58.62000,58.69000,247200
2022-04-11,58.81000,59.51000,57.68000,57.83000,268100
2022-04-12,57.90000,58.77000,57.73000,58.14000,247000
2022-04-13,58.32000,58.39000,57.19000,57.40000,154100
2022-04-14,57.62000,57.73000,55.69000,55.72000,157200
2022-04-18,55.73000,56.28000,54.20000,54.68000,228200
2022-04-19,55.00000,55.77000,54.75000,54.99000,221600
2022-04-20,55.67000,56.95000,55.67000,56.15000,256300
2022-04-21,56.20000,56.53000,54.86000,55.05000,210200
2022-04-22,55.04000,55.99000,54.48000,55.49000,402500
2022-04-25,55.53000,55.79000,53.73000,54.60000,424900
2022-04-26,54.26000,55.03000,53.95000,54.06000,283000
2022-04-27,53.58000,54.16000,51.88000,52.22000,384600
2022-04-28,52.38000,53.60000,51.62000,53.32000,337200
2022-04-29,52.62000,52.99000,51.65000,51.87000,1507200
2022-05-02,51.78000,52.20000,50.52000,51.04000,436600
2022-05-03,51.28000,52.33000,50.55000,51.50000,460400
2022-05-04,51.19000,52.00000,50.68000,51.85000,269000
2022-05-05,51.50000,51.97000,50.00000,50.67000,212400
2022-05-06,50.25000,50.68000,49.92000,50.54000,268900
2022-05-09,50.35000,51.10000,49.90000,50.69000,276300
2022-05-10,50.83000,51.36000,49.84000,50.60000,267900
2022-05-11,50.32000,51.33000,50.25000,50.33000,254200
2022-05-12,50.50000,52.19000,50.30000,52.09000,398800
2022-05-13,52.52000,53.10000,52.24000,53.04000,273500
2022-05-16,52.96000,53.85000,52.88000,53.04000,332100
2022-05-17,53.15000,53.45000,52.46000,53.22000,296900
2022-05-18,53.62000,55.10000,52.97000,53.25000,332000
2022-05-19,53.27000,54.51000,52.80000,54.40000,472500
2022-05-20,54.68000,54.88000,52.64000,53.88000,221900
2022-05-23,54.31000,55.01000,53.73000,53.98000,160900
2022-05-24,54.03000,54.45000,52.93000,54.31000,184200
2022-05-25,54.28000,54.61000,53.93000,54.06000,153600
2022-05-26,54.56000,54.56000,53.05000,53.29000,202600
2022-05-27,53.18000,54.11000,53.18000,53.73000,174900
2022-05-31,53.01000,53.69000,52.14000,53.67000,307300
2022-06-01,53.82000,54.24000,53.59000,53.90000,236400
2022-06-02,53.75000,55.43000,53.05000,55.21000,238300
2022-06-03,55.11000,55.50000,54.83000,54.96000,194400
2022-06-06,55.55000,55.55000,54.75000,54.97000,197200
2022-06-07,54.76000,55.33000,54.18000,55.23000,246700
2022-06-08,55.19000,55.41000,53.87000,54.15000,163300
2022-06-09,54.14000,54.71000,53.56000,53.88000,281800
2022-06-10,53.60000,54.56000,52.81000,54.04000,208400
2022-06-13,53.42000,53.83000,50.76000,50.97000,345700
2022-06-14,50.90000,50.90000,48.46000,49.19000,229000
2022-06-15,49.55000,50.47000,48.84000,49.68000,240400
2022-06-16,48.98000,49.41000,48.54000,48.76000,295600
2022-06-17,49.19000,50.09000,49.00000,49.83000,637900
2022-06-21,49.78000,49.98000,49.03000,49.30000,191800
2022-06-22,48.94000,51.11000,48.94000,50.56000,171700
2022-06-23,50.55000,53.09000,50.55000,53.06000,194400
2022-06-24,53.33000,54.04000,52.92000,53.89000,493200
2022-06-27,54.15000,54.52000,53.63000,54.24000,152400
2022-06-28,54.48000,54.99000,53.71000,53.83000,171000
2022-06-29,53.75000,54.66000,53.29000,54.35000,202900
2022-06-30,54.07000,55.74000,54.02000,55.55000,281100
2022-07-01,55.37000,57.07000,55.37000,57.00000,286100
2022-07-05,56.40000,56.73000,54.20000,55.86000,362800
2022-07-06,55.76000,56.76000,55.39000,56.43000,156800
2022-07-07,56.67000,56.78000,55.78000,55.97000,150000
2022-07-08,55.86000,56.09000,55.16000,55.44000,141900
2022-07-11,55.43000,55.92000,55.09000,55.85000,153000
2022-07-12,55.75000,56.26000,54.78000,55.16000,151100
2022-07-13,54.84000,55.71000,54.76000,55.55000,125800
2022-07-14,54.82000,56.08000,54.81000,55.90000,142400
2022-07-15,56.42000,57.15000,55.52000,56.83000,209500
2022-07-18,56.53000,56.53000,55.02000,55.28000,164000
2022-07-19,55.61000,56.50000,55.60000,56.47000,168800
2022-07-20,56.88000,56.88000,55.73000,56.02000,193800
2022-07-21,55.74000,56.87000,55.44000,56.83000,170100
2022-07-22,57.31000,57.92000,56.94000,57.69000,188800
2022-07-25,57.73000,58.26000,57.28000,58.12000,187800
2022-07-26,57.99000,58.75000,57.86000,58.68000,201700
2022-07-27,58.34000,58.86000,57.91000,58.39000,215100
2022-07-28,57.00000,59.53000,55.89000,59.43000,421000
2022-07-29,59.65000,60.47000,59.26000,60.08000,744500
2022-08-01,59.81000,61.83000,59.72000,61.36000,279400
2022-08-02,61.50000,61.51000,60.38000,60.55000,275500
2022-08-03,60.54000,61.60000,59.82000,61.34000,208500
2022-08-04,61.49000,61.70000,61.00000,61.34000,210800
2022-08-05,60.75000,61.17000,59.06000,59.78000,166800
2022-08-08,59.70000,60.72000,59.51000,59.90000,187400
2022-08-09,60.11000,61.08000,60.07000,60.97000,218600
2022-08-10,61.39000,61.69000,60.80000,61.55000,174100
2022-08-11,62.13000,62.39000,61.14000,61.17000,126800
2022-08-12,61.39000,62.62000,60.73000,62.61000,184800
2022-08-15,62.46000,63.00000,61.96000,62.98000,157300
2022-08-16,62.81000,63.39000,62.60000,63.24000,133000
2022-08-17,63.19000,63.81000,62.73000,63.52000,119100
2022-08-18,63.52000,63.75000,62.91000,63.14000,153700
2022-08-19,63.04000,63.21000,61.94000,62.17000,207100
2022-08-22,61.72000,62.46000,60.78000,61.21000,162600
2022-08-23,60.79000,60.85000,59.69000,60.06000,172600
2022-08-24,60.06000,60.25000,59.37000,60.22000,164800
2022-08-25,60.63000,61.64000,59.89000,61.44000,162000
2022-08-26,61.41000,61.76000,60.43000,60.64000,118300
2022-08-29,60.46000,60.65000,59.48000,60.23000,163100
2022-08-30,60.54000,60.54000,58.60000,58.73000,209700
2022-08-31,58.71000,59.20000,58.12000,58.53000,168900
2022-09-01,58.27000,59.48000,58.06000,59.28000,186900
2022-09-02,59.51000,59.87000,58.14000,58.44000,187700
2022-09-06,58.27000,58.59000,57.37000,57.87000,191600
2022-09-07,58.08000,58.84000,57.89000,58.80000,221000
2022-09-08,58.48000,58.99000,58.02000,58.55000,190600
2022-09-09,58.75000,59.06000,58.05000,58.68000,165600
2022-09-12,58.75000,60.01000,58.41000,59.83000,174200
2022-09-13,59.01000,59.99000,58.53000,59.42000,236800
2022-09-14,59.54000,61.54000,59.33000,61.37000,388300
2022-09-15,60.95000,61.35000,59.18000,59.49000,305400
2022-09-16,59.31000,60.57000,57.79000,58.27000,1151300
2022-09-19,58.59000,58.59000,57.01000,58.15000,453200
2022-09-20,57.77000,58.12000,57.19000,57.81000,297600
2022-09-21,58.35000,58.67000,56.78000,56.92000,259900
2022-09-22,56.75000,57.24000,55.83000,56.89000,210300
2022-09-23,56.40000,56.86000,55.57000,56.46000,194600
2022-09-26,56.02000,56.81000,55.50000,55.60000,219600
2022-09-27,55.75000,55.79000,53.86000,54.32000,206700
2022-09-28,54.80000,56.03000,54.27000,55.60000,190600
2022-09-29,55.19000,55.19000,53.77000,54.18000,183800
2022-09-30,54.57000,54.79000,52.69000,52.69000,409200
2022-10-03,53.40000,55.60000,53.19000,55.23000,345900
2022-10-04,55.16000,56.58000,55.16000,56.28000,288600
2022-10-05,55.63000,55.63000,54.22000,55.05000,212700
2022-10-06,54.96000,54.96000,53.99000,54.19000,144200
2022-10-07,54.08000,54.43000,52.80000,53.24000,185300
2022-10-10,53.47000,54.22000,53.34000,53.36000,155300
2022-10-11,53.39000,54.79000,53.22000,54.44000,279000
2022-10-12,54.61000,54.61000,53.45000,53.68000,248100
2022-10-13,53.12000,54.98000,52.64000,54.77000,295900
2022-10-14,55.21000,55.54000,54.29000,54.67000,175800
2022-10-17,55.16000,57.06000,55.16000,56.22000,352300
2022-10-18,56.97000,57.92000,56.01000,56.42000,295600
2022-10-19,55.61000,56.32000,55.19000,55.85000,230400
2022-10-20,55.59000,55.59000,51.47000,51.69000,327700
2022-10-21,52.31000,54.07000,51.48000,53.44000,1032700
2022-10-24,53.75000,54.64000,53.00000,54.62000,211800
2022-10-25,54.89000,56.54000,54.75000,56.44000,184100
2022-10-26,56.92000,57.61000,56.42000,56.81000,280500
2022-10-27,56.63000,59.46000,56.63000,58.50000,258500
2022-10-28,58.59000,60.97000,58.59000,60.94000,225200
2022-10-31,61.28000,62.33000,60.62000,62.06000,467900
2022-11-01,61.47000,61.75000,59.38000,59.82000,309800
2022-11-02,59.78000,60.58000,58.65000,58.73000,211900
2022-11-03,57.70000,58.91000,57.53000,58.73000,194900
2022-11-04,58.51000,60.22000,58.28000,59.81000,194400
2022-11-07,59.81000,60.47000,59.06000,60.46000,278600
2022-11-08,60.31000,60.60000,59.59000,59.92000,225200
2022-11-09,59.61000,60.36000,59.45000,59.81000,220900
2022-11-10,61.07000,62.64000,60.58000,62.55000,274800
2022-11-11,62.84000,62.84000,60.58000,61.53000,150500
2022-11-14,61.53000,63.51000,61.07000,62.85000,164000
2022-11-15,63.28000,63.55000,62.67000,63.13000,150800
2022-11-16,63.27000,63.71000,62.82000,63.14000,180100
2022-11-17,62.51000,62.83000,62.06000,62.77000,124400
2022-11-18,63.74000,64.22000,63.07000,63.26000,254300
2022-11-21,63.60000,64.34000,63.08000,63.60000,244500
2022-11-22,63.83000,64.43000,62.89000,63.99000,236800
2022-11-23,64.32000,65.21000,64.05000,65.12000,329300
2022-11-25,65.34000,66.12000,64.74000,65.53000,172200
2022-11-28,65.17000,65.72000,64.47000,64.56000,399800
2022-11-29,64.09000,64.09000,63.00000,63.15000,357000
2022-11-30,62.88000,65.00000,62.67000,64.93000,575100
2022-12-01,64.37000,65.25000,63.74000,64.39000,237200
2022-12-02,63.83000,64.35000,63.72000,64.30000,179000
2022-12-05,63.80000,63.96000,63.29000,63.88000,223200
2022-12-06,63.74000,63.74000,61.72000,62.57000,282500
2022-12-07,62.56000,62.94000,62.17000,62.78000,176500
2022-12-08,62.75000,63.49000,61.92000,63.46000,176500
2022-12-09,62.83000,63.72000,62.76000,63.65000,207000
2022-12-12,64.04000,64.04000,63.26000,63.70000,197000
2022-12-13,64.58000,65.44000,63.80000,63.97000,436500
2022-12-14,64.20000,64.63000,62.62000,62.94000,212800
2022-12-15,62.80000,62.80000,61.29000,61.44000,249000
2022-12-16,60.52000,61.18000,59.43000,60.43000,624700
2022-12-19,59.98000,61.21000,59.98000,60.57000,185300
2022-12-20,60.44000,60.95000,60.26000,60.59000,130900
2022-12-21,60.74000,61.67000,60.49000,61.33000,183000
2022-12-22,60.99000,60.99000,59.88000,60.84000,143100
2022-12-23,60.90000,61.83000,60.73000,61.78000,157800
2022-12-27,61.91000,62.00000,61.39000,61.88000,104200
2022-12-28,62.17000,62.39000,61.38000,61.40000,104800
2022-12-29,61.80000,62.33000,61.51000,62.22000,159900
2022-12-30,62.21000,62.21000,60.35000,60.64000,198000
2023-01-03,61.09000,62.03000,60.33000,61.80000,265900
2023-01-04,62.35000,63.75000,62.11000,62.84000,246200
2023-01-05,62.20000,62.97000,60.61000,60.78000,164100
2023-01-06,61.44000,62.36000,61.26000,61.91000,126900
2023-01-09,61.68000,62.53000,60.81000,61.04000,175500
2023-01-10,60.81000,61.81000,60.72000,61.81000,155500
2023-01-11,61.92000,62.59000,61.71000,62.28000,121600
2023-01-12,62.36000,62.57000,61.95000,62.28000,127100
2023-01-13,62.22000,62.81000,61.80000,62.39000,127400
2023-01-17,62.52000,63.10000,62.07000,62.53000,119500
2023-01-18,62.57000,62.57000,61.12000,61.64000,113900
2023-01-19,61.78000,61.84000,60.81000,60.84000,166000
2023-01-20,61.07000,61.07000,60.00000,60.73000,193700
2023-01-23,60.36000,62.00000,60.33000,61.22000,151100
2023-01-24,61.02000,62.62000,60.59000,62.35000,141200
2023-01-25,61.76000,62.86000,61.28000,62.73000,162300
2023-01-26,62.72000,62.83000,61.95000,62.29000,179600
2023-01-27,62.40000,62.54000,61.70000,61.92000,176200
2023-01-30,61.77000,62.17000,59.74000,59.89000,206300
2023-01-31,60.28000,61.64000,59.89000,61.17000,953000
2023-02-01,61.06000,63.24000,60.49000,62.63000,251600
2023-02-02,62.79000,63.92000,62.69000,63.92000,269800
2023-02-03,63.42000,63.44000,61.93000,62.67000,258400
2023-02-06,62.69000,63.11000,62.39000,63.03000,142800
2023-02-07,62.45000,62.45000,60.85000,62.27000,207900
2023-02-08,61.97000,62.21000,60.28000,60.56000,226800
2023-02-09,60.70000,61.03000,59.06000,59.45000,174000
2023-02-10,59.58000,60.21000,59.33000,60.05000,125100
2023-02-13,60.34000,61.06000,60.25000,60.92000,171300
2023-02-14,60.78000,60.97000,59.68000,59.95000,140700
2023-02-15,59.69000,60.18000,59.58000,60.09000,133100
2023-02-16,59.50000,59.74000,58.87000,59.39000,124700
2023-02-17,59.83000,60.87000,59.40000,60.73000,140300
2023-02-21,60.18000,60.32000,59.53000,59.64000,169500
2023-02-22,59.91000,60.70000,59.81000,59.86000,205000
2023-02-23,59.84000,60.17000,58.16000,59.06000,218900
2023-02-24,58.59000,58.85000,57.93000,58.64000,161600
2023-02-27,59.08000,59.89000,58.04000,58.09000,158700
2023-02-28,57.81000,58.08000,57.01000,57.24000,334500
2023-03-01,56.67000,56.95000,55.74000,55.90000,194500
2023-03-02,56.05000,57.16000,55.16000,56.76000,292700
2023-03-03,57.13000,57.27000,55.87000,56.84000,212400
2023-03-06,56.74000,57.64000,55.16000,55.63000,290200
2023-03-07,55.88000,56.04000,55.28000,55.46000,159700
2023-03-08,55.40000,56.42000,55.14000,56.34000,221500
2023-03-09,56.56000,56.56000,55.52000,55.62000,184600
2023-03-10,55.61000,55.61000,54.42000,54.67000,168000
2023-03-13,54.66000,56.62000,54.66000,55.04000,235800
2023-03-14,56.11000,56.60000,55.49000,56.13000,245700
2023-03-15,55.72000,57.09000,55.66000,56.73000,338900
2023-03-16,56.13000,57.68000,56.13000,57.53000,234300
2023-03-17,57.21000,57.99000,56.25000,56.81000,1093000
2023-03-20,57.33000,58.50000,57.19000,57.78000,329900
2023-03-21,58.01000,58.26000,55.13000,55.64000,296800
2023-03-22,55.71000,56.18000,54.77000,54.82000,284300
2023-03-23,54.93000,55.37000,54.10000,54.47000,197200
2023-03-24,54.39000,56.73000,54.39000,56.68000,205800
2023-03-27,57.18000,57.50000,56.72000,56.88000,179600
2023-03-28,56.56000,57.70000,56.56000,57.25000,158600
2023-03-29,57.68000,58.30000,57.17000,57.39000,145800
2023-03-30,57.55000,57.90000,56.94000,57.59000,149900
2023-03-31,57.95000,58.23000,57.47000,58.20000,294300
2023-04-03,58.13000,58.20000,57.35000,57.89000,234800
2023-04-04,58.09000,59.00000,57.90000,58.67000,156400
2023-04-05,58.85000,59.99000,58.85000,59.80000,233000
2023-04-06,60.28000,60.51000,59.72000,60.31000,130000
2023-04-10,59.96000,60.59000,59.54000,60.23000,208900
2023-04-11,60.20000,61.05000,60.01000,60.90000,125900
2023-04-12,61.11000,61.59000,60.35000,60.69000,100900
2023-04-13,60.51000,61.16000,60.00000,61.12000,179700
2023-04-14,60.70000,61.06000,58.56000,59.08000,226500
2023-04-17,59.08000,59.39000,58.15000,58.80000,227600
2023-04-18,58.81000,58.81000,57.23000,57.70000,161200
2023-04-19,57.70000,58.33000,57.58000,58.14000,179100
2023-04-20,58.13000,58.59000,57.77000,58.51000,204500
2023-04-21,59.08000,59.64000,58.08000,58.41000,488300
2023-04-24,58.37000,58.72000,57.90000,58.02000,138800
2023-04-25,57.74000,58.33000,57.54000,58.17000,185500
2023-04-26,57.37000,57.79000,56.57000,57.00000,224000
2023-04-27,55.72000,57.22000,55.30000,56.77000,318300
2023-04-28,56.49000,56.76000,55.87000,56.08000,623900
2023-05-01,56.05000,56.27000,55.13000,55.46000,254700
2023-05-02,55.42000,56.08000,54.62000,55.81000,275700
2023-05-03,56.03000,56.62000,55.60000,55.99000,249800
2023-05-04,55.70000,56.97000,55.40000,56.92000,222200
2023-05-05,56.78000,57.31000,56.59000,57.03000,189900
2023-05-08,56.86000,56.99000,55.00000,56.60000,843600
2023-05-09,56.92000,57.05000,56.32000,56.46000,350500
2023-05-10,57.00000,57.49000,56.45000,57.30000,208200
2023-05-11,57.25000,57.27000,56.13000,56.76000,194900
2023-05-12,56.89000,57.44000,56.32000,57.12000,270900
2023-05-15,57.36000,57.48000,56.36000,56.60000,227400
2023-05-16,56.61000,56.68000,55.51000,55.70000,286000
2023-05-17,55.68000,56.22000,55.05000,56.09000,268000
2023-05-18,55.78000,55.87000,55.19000,55.46000,252600
2023-05-19,55.84000,55.86000,54.51000,54.62000,595600
2023-05-22,54.84000,55.72000,54.26000,55.45000,236500
2023-05-23,55.13000,56.85000,55.13000,56.23000,283400
2023-05-24,56.44000,56.47000,55.80000,56.13000,196200
2023-05-25,55.75000,56.13000,54.76000,55.74000,204900
2023-05-26,55.92000,57.36000,55.64000,57.13000,285700
2023-05-30,57.21000,57.55000,56.31000,56.34000,252000
2023-05-31,56.53000,57.03000,55.79000,56.91000,367400
2023-06-01,57.07000,57.07000,55.57000,56.12000,187000
2023-06-02,56.44000,58.23000,55.99000,57.89000,250700
2023-06-05,56.75000,57.11000,56.00000,56.87000,345100
2023-06-06,56.85000,57.41000,56.25000,57.12000,225900
2023-06-07,57.15000,58.30000,56.85000,57.75000,910600
2023-06-08,57.51000,57.64000,56.99000,57.06000,243900
2023-06-09,56.81000,56.83000,56.06000,56.34000,279800
2023-06-12,56.33000,56.80000,53.02000,53.83000,591800
2023-06-13,53.82000,54.69000,53.40000,53.87000,321800
2023-06-14,52.49000,53.34000,51.55000,51.59000,485400
2023-06-15,51.69000,52.59000,51.39000,52.26000,314500
2023-06-16,52.60000,52.61000,52.00000,52.47000,848800
2023-06-20,52.58000,52.74000,51.80000,51.89000,328800
2023-06-21,51.77000,52.38000,50.92000,52.17000,285800
2023-06-22,52.34000,52.65000,51.60000,52.27000,308200
2023-06-23,52.08000,52.86000,50.18000,50.28000,593900
2023-06-26,50.26000,50.67000,49.84000,49.90000,237700
2023-06-27,49.90000,51.11000,49.63000,51.04000,302200
2023-06-28,51.75000,52.02000,50.89000,51.82000,321600
2023-06-29,51.52000,52.10000,51.45000,51.74000,321400
2023-06-30,51.94000,52.13000,50.96000,51.63000,318900
2023-07-03,51.36000,52.30000,51.36000,51.88000,156000
2023-07-05,51.50000,52.04000,50.98000,51.02000,390800
2023-07-06,50.55000,51.07000,50.07000,50.48000,455000
2023-07-07,50.00000,50.31000,49.00000,49.59000,768400
2023-07-10,49.48000,50.24000,49.18000,49.30000,396600
2023-07-11,49.49000,50.11000,49.36000,50.07000,265200
2023-07-12,50.67000,50.95000,49.97000,50.80000,239200
2023-07-13,50.73000,51.46000,50.52000,51.41000,242900
2023-07-14,51.19000,51.55000,50.67000,51.24000,295900
2023-07-17,51.25000,51.84000,50.75000,51.28000,238200
2023-07-18,51.03000,51.82000,50.84000,51.38000,209900
2023-07-19,51.62000,52.27000,51.38000,51.94000,209000
2023-07-20,51.74000,52.80000,51.47000,52.79000,342100
2023-07-21,52.98000,53.79000,52.60000,53.49000,608200
2023-07-24,53.41000,53.57000,52.40000,52.90000,314900
2023-07-25,52.53000,52.98000,52.36000,52.96000,315800
2023-07-26,52.74000,53.39000,52.40000,52.77000,284800
2023-07-27,52.50000,53.15000,49.70000,50.88000,629300
2023-07-28,51.66000,52.32000,51.20000,52.05000,396200
2023-07-31,51.99000,53.51000,51.91000,53.02000,2639800
2023-08-01,52.85000,53.10000,51.85000,52.05000,385400
2023-08-02,51.45000,52.18000,51.37000,52.15000,228000
2023-08-03,51.94000,51.94000,50.80000,51.01000,249800
2023-08-04,50.79000,51.97000,50.69000,51.46000,351400
2023-08-07,51.04000,52.45000,51.04000,52.04000,243000
2023-08-08,52.08000,52.25000,51.45000,52.06000,238800
2023-08-09,52.02000,52.55000,51.82000,52.51000,355600
2023-08-10,53.01000,53.38000,52.11000,52.25000,268200
2023-08-11,52.26000,53.09000,52.15000,52.85000,301600
2023-08-14,52.93000,52.93000,52.01000,52.41000,233900
2023-08-15,52.21000,52.36000,51.74000,51.89000,184700
2023-08-16,52.10000,52.39000,51.47000,51.70000,228400
2023-08-17,51.82000,52.04000,51.34000,51.41000,203600
2023-08-18,51.25000,51.97000,51.25000,51.64000,260500
2023-08-21,51.39000,51.43000,50.42000,50.73000,225100
2023-08-22,50.85000,51.59000,50.64000,51.45000,209800
2023-08-23,51.87000,51.87000,51.07000,51.42000,237500
2023-08-24,51.26000,51.83000,50.82000,50.89000,235200
2023-08-25,51.28000,51.87000,50.97000,51.58000,219800
2023-08-28,51.86000,52.10000,51.43000,51.58000,181800
2023-08-29,51.47000,51.47000,50.85000,51.15000,254700
2023-08-30,51.15000,51.41000,50.58000,50.66000,171400
2023-08-31,50.80000,51.08000,50.25000,50.25000,238600
2023-09-01,50.47000,50.93000,49.93000,50.10000,225200
2023-09-05,49.83000,49.83000,48.72000,49.01000,316000
2023-09-06,49.15000,49.15000,48.41000,48.49000,293900
2023-09-07,48.80000,49.04000,48.10000,48.88000,184300
2023-09-08,48.87000,48.94000,48.49000,48.51000,162800
2023-09-11,48.59000,49.39000,48.59000,48.94000,207300
2023-09-12,48.89000,49.10000,48.49000,48.65000,168300
2023-09-13,48.65000,49.52000,48.65000,49.45000,225200
2023-09-14,49.82000,50.58000,49.82000,50.26000,286100
2023-09-15,50.22000,50.50000,49.49000,49.89000,1381800
2023-09-18,49.83000,49.83000,49.13000,49.15000,209300
2023-09-19,49.02000,49.26000,48.81000,48.84000,230100
2023-09-20,49.02000,49.30000,48.44000,48.45000,193200
2023-09-21,48.28000,48.65000,47.87000,48.45000,310100
2023-09-22,48.34000,48.58000,48.09000,48.28000,240700
2023-09-25,47.99000,48.43000,47.81000,48.30000,206200
2023-09-26,48.12000,48.34000,46.96000,47.06000,261900
2023-09-27,47.12000,47.28000,46.65000,46.66000,251200
2023-09-28,46.83000,47.17000,46.31000,46.91000,526300
2023-09-29,47.31000,47.60000,46.88000,47.31000,443800
2023-10-02,47.07000,47.07000,45.83000,46.28000,452600
2023-10-03,46.00000,46.50000,45.44000,46.43000,369500
2023-10-04,46.76000,47.00000,46.05000,46.95000,249600
2023-10-05,46.95000,48.38000,46.70000,48.22000,437000
2023-10-06,47.67000,48.55000,47.37000,48.31000,217700
2023-10-09,48.08000,49.04000,48.08000,48.74000,200000
2023-10-10,48.76000,49.11000,48.46000,48.60000,165600
2023-10-11,48.78000,48.94000,48.35000,48.90000,174400
2023-10-12,48.89000,48.89000,47.59000,48.08000,244500
2023-10-13,48.38000,48.38000,47.68000,47.95000,266700
2023-10-16,48.20000,49.36000,47.93000,49.33000,371600
2023-10-17,49.10000,49.74000,48.86000,48.95000,317000
2023-10-18,48.73000,48.94000,47.73000,48.16000,196800
2023-10-19,47.87000,48.37000,47.57000,47.62000,225400
2023-10-20,47.70000,48.05000,47.07000,47.10000,462500
2023-10-23,46.68000,47.47000,46.58000,46.79000,291200
2023-10-24,47.18000,47.67000,47.06000,47.06000,270500
2023-10-25,46.01000,46.63000,46.01000,46.34000,304600
2023-10-26,48.30000,48.89000,46.41000,48.67000,338000
2023-10-27,48.78000,49.16000,48.07000,48.44000,394700
2023-10-30,48.83000,49.21000,48.32000,48.38000,356500
2023-10-31,48.60000,48.85000,47.94000,48.68000,347900
2023-11-01,48.61000,49.73000,48.42000,49.59000,310500
2023-11-02,49.90000,50.81000,49.75000,50.75000,291300
2023-11-03,51.45000,53.13000,50.98000,52.48000,342900
2023-11-06,52.20000,52.42000,51.55000,51.57000,196200
2023-11-07,51.66000,51.66000,50.79000,50.93000,119200
2023-11-08,50.87000,51.14000,49.33000,49.75000,230100
2023-11-09,49.96000,50.00000,49.17000,49.41000,187700
2023-11-10,49.83000,49.83000,48.97000,49.01000,186200
2023-11-13,48.80000,49.11000,48.49000,48.73000,217900
2023-11-14,50.31000,51.93000,49.87000,51.90000,403900
2023-11-15,51.75000,52.41000,51.19000,51.30000,291600
2023-11-16,51.70000,51.70000,51.01000,51.03000,165500
2023-11-17,51.41000,51.66000,51.11000,51.44000,283400
2023-11-20,51.29000,51.29000,50.23000,50.35000,182200
2023-11-21,50.24000,50.33000,49.59000,50.14000,139400
2023-11-22,50.54000,50.90000,50.23000,50.77000,126900
2023-11-24,50.78000,51.16000,50.68000,51.15000,69700
2023-11-27,51.11000,51.33000,50.45000,50.93000,140300
2023-11-28,50.70000,51.03000,50.29000,50.57000,130700
2023-11-29,50.88000,50.92000,49.97000,50.14000,146000
2023-11-30,50.21000,50.74000,49.92000,50.57000,247900
2023-12-01,50.32000,51.72000,49.87000,51.69000,206800
2023-12-04,51.29000,53.07000,51.29000,53.05000,220400
2023-12-05,53.06000,53.58000,52.45000,52.83000,189900
2023-12-06,53.27000,53.51000,52.70000,52.73000,211400
2023-12-07,52.58000,52.82000,52.02000,52.75000,158300
2023-12-08,52.82000,53.43000,52.08000,52.33000,151200
2023-12-11,52.09000,52.51000,51.79000,52.50000,201800
2023-12-12,52.67000,52.68000,51.81000,52.55000,138600
2023-12-13,52.46000,54.30000,52.10000,53.91000,412400
2023-12-14,54.60000,54.85000,53.65000,53.82000,334000
2023-12-15,53.55000,53.69000,52.40000,52.64000,1102000
2023-12-18,52.89000,52.99000,52.23000,52.25000,393200
2023-12-19,52.65000,53.79000,52.50000,53.59000,356400
2023-12-20,53.45000,53.95000,52.20000,52.21000,320400
2023-12-21,52.48000,52.76000,51.78000,52.13000,246800
2023-12-22,52.56000,53.00000,52.10000,52.29000,162800
2023-12-26,52.39000,52.83000,52.13000,52.55000,167500
2023-12-27,52.53000,52.77000,52.12000,52.35000,161200
2023-12-28,51.86000,52.55000,51.86000,52.51000,147400
2023-12-29,52.42000,52.42000,51.47000,51.87000,205700
2024-01-02,51.62000,52.34000,51.31000,51.89000,193200
2024-01-03,52.06000,52.14000,50.93000,51.23000,230900
2024-01-04,51.68000,51.68000,50.00000,50.04000,252200
2024-01-05,49.86000,50.16000,49.08000,49.17000,219300
2024-01-08,49.01000,49.59000,48.70000,49.59000,253600
2024-01-09,48.96000,49.76000,48.66000,49.23000,211500
2024-01-10,49.26000,49.77000,49.14000,49.70000,232000
2024-01-11,49.58000,49.58000,48.00000,48.33000,258000
2024-01-12,48.90000,49.01000,48.55000,48.71000,205200
2024-01-16,48.49000,48.94000,47.87000,47.91000,272900
2024-01-17,47.43000,47.80000,46.81000,47.12000,337800
2024-01-18,47.10000,47.64000,46.65000,47.58000,516600
2024-01-19,47.87000,47.87000,46.80000,47.30000,716500
2024-01-22,47.48000,48.25000,47.48000,47.76000,314100
2024-01-23,48.19000,48.49000,47.10000,47.25000,274200
2024-01-24,47.59000,47.66000,45.29000,45.34000,312300
2024-01-25,46.00000,46.43000,45.24000,45.82000,418000
2024-01-26,46.28000,46.33000,45.27000,45.38000,280100
2024-01-29,45.33000,46.06000,44.84000,45.86000,203900
2024-01-30,45.58000,45.93000,45.26000,45.76000,308700
2024-01-31,46.03000,46.58000,45.16000,45.27000,558900
2024-02-01,45.35000,45.99000,45.18000,45.93000,316200
2024-02-02,45.32000,45.88000,44.96000,45.54000,362900
2024-02-05,44.98000,45.33000,44.83000,45.09000,453200
2024-02-06,44.96000,46.17000,44.96000,46.17000,512000
2024-02-07,46.20000,46.75000,45.98000,46.23000,449100
2024-02-08,46.05000,46.68000,45.70000,46.66000,265600
2024-02-09,46.36000,47.34000,46.06000,46.99000,374700
2024-02-12,47.18000,48.11000,47.02000,47.82000,302600
2024-02-13,46.80000,47.27000,45.49000,45.92000,346100
2024-02-14,46.28000,46.28000,45.62000,45.91000,204700
2024-02-15,46.31000,47.51000,46.31000,47.44000,251400
2024-02-16,47.17000,47.53000,46.39000,47.52000,236200
2024-02-20,47.22000,48.18000,47.22000,47.62000,318800
2024-02-21,47.64000,47.91000,47.22000,47.37000,194300
2024-02-22,46.97000,46.97000,45.78000,46.73000,283500
2024-02-23,46.54000,46.62000,46.09000,46.10000,255800
2024-02-26,45.84000,46.05000,45.10000,45.44000,393300
2024-02-27,45.64000,46.01000,45.44000,45.95000,294000
2024-02-28,45.41000,46.31000,45.41000,45.92000,299200
2024-02-29,46.87000,47.45000,45.85000,45.89000,461700
2024-03-01,45.21000,45.90000,44.93000,45.53000,266700
2024-03-04,45.40000,46.26000,45.40000,46.08000,333400
2024-03-05,46.12000,46.69000,45.06000,45.37000,242400
2024-03-06,45.63000,46.05000,45.29000,45.60000,254300
2024-03-07,45.86000,46.40000,45.66000,46.24000,362000
2024-03-08,46.50000,46.57000,45.98000,46.30000,359300
2024-03-11,46.23000,48.56000,46.23000,47.87000,337700
2024-03-12,47.41000,47.68000,46.60000,47.05000,185700
2024-03-13,47.01000,47.80000,46.81000,47.04000,326000
2024-03-14,46.67000,46.82000,45.66000,46.62000,476200
2024-03-15,46.36000,47.15000,45.76000,46.32000,1115000
2024-03-18,46.19000,46.19000,45.29000,45.60000,349900
2024-03-19,45.72000,46.24000,45.56000,45.75000,317900
2024-03-20,45.55000,46.76000,45.44000,46.49000,267100
2024-03-21,46.62000,47.20000,46.60000,46.82000,319000
2024-03-22,47.15000,47.15000,46.02000,46.22000,265600
2024-03-25,46.26000,46.50000,45.20000,45.70000,317800
2024-03-26,45.87000,45.87000,45.05000,45.19000,318400
2024-03-27,45.41000,46.81000,45.41000,46.67000,258100
2024-03-28,46.81000,47.10000,46.43000,46.48000,256000
2024-04-01,46.71000,46.84000,45.81000,46.53000,292500
2024-04-02,46.07000,46.58000,45.71000,46.02000,396000
2024-04-03,45.88000,45.99000,45.24000,45.27000,241700
2024-04-04,45.99000,46.31000,45.62000,45.97000,421700
2024-04-05,45.75000,45.92000,44.76000,45.76000,302100
2024-04-08,45.96000,46.80000,45.75000,46.51000,623900
2024-04-09,46.72000,47.28000,46.47000,47.22000,374300
2024-04-10,45.91000,46.01000,45.00000,45.58000,438700
2024-04-11,45.58000,45.87000,44.93000,45.03000,252900
2024-04-12,44.88000,45.34000,44.11000,44.40000,402500
2024-04-15,44.50000,44.55000,43.74000,44.39000,381400
2024-04-16,44.04000,44.24000,43.50000,43.77000,304500
2024-04-17,43.89000,44.47000,43.84000,44.17000,258000
2024-04-18,44.37000,45.19000,44.37000,44.90000,337500
2024-04-19,44.81000,45.79000,44.81000,45.79000,710300
2024-04-22,45.77000,45.77000,45.20000,45.45000,397000
2024-04-23,45.59000,46.74000,45.49000,46.23000,584300
2024-04-24,45.78000,46.96000,45.59000,46.57000,1956500
2024-04-25,47.42000,48.33000,45.71000,48.05000,576700
2024-04-26,48.19000,48.37000,47.45000,47.93000,401400
2024-04-29,48.19000,48.47000,47.82000,48.42000,402800
2024-04-30,48.04000,49.29000,47.82000,49.12000,559500
2024-05-01,49.27000,50.36000,49.18000,49.83000,206500
2024-05-02,50.05000,50.49000,49.69000,50.45000,232400
2024-05-03,50.82000,50.86000,49.95000,50.57000,259300
2024-05-06,50.85000,50.94000,50.30000,50.74000,231900
2024-05-07,50.94000,51.26000,50.65000,51.23000,285300
2024-05-08,51.02000,51.48000,50.71000,51.34000,290700
2024-05-09,51.50000,52.73000,50.94000,52.68000,331000
2024-05-10,52.78000,53.16000,52.16000,53.15000,195800
2024-05-13,53.27000,53.79000,52.50000,52.62000,1288400
2024-05-14,53.21000,53.82000,52.66000,52.92000,352600
2024-05-15,53.50000,53.50000,52.52000,52.79000,381200
2024-05-16,52.76000,53.32000,52.63000,53.25000,262300
2024-05-17,53.37000,53.49000,52.94000,53.29000,277800
2024-05-20,53.27000,53.50000,52.38000,52.76000,251300
2024-05-21,52.71000,53.33000,52.30000,53.30000,295600
2024-05-22,53.66000,53.77000,52.44000,52.52000,381000
2024-05-23,52.43000,52.59000,50.86000,51.11000,292500
2024-05-24,51.24000,51.38000,50.24000,50.29000,272800
2024-05-28,50.13000,50.48000,48.77000,48.98000,390800
2024-05-29,48.65000,48.71000,48.01000,48.03000,257800
2024-05-30,48.43000,48.92000,48.32000,48.63000,428300
2024-05-31,48.82000,50.34000,48.82000,49.89000,448700
2024-06-03,50.07000,50.32000,49.45000,49.55000,318400
2024-06-04,49.58000,50.08000,49.31000,49.97000,516600
2024-06-05,49.98000,50.09000,49.60000,49.62000,161600
2024-06-06,49.24000,49.75000,49.10000,49.22000,162900
2024-06-07,48.70000,48.86000,47.56000,47.59000,235500
2024-06-10,47.16000,47.16000,46.22000,46.94000,440500
2024-06-11,46.53000,48.02000,46.29000,47.99000,514200
2024-06-12,49.12000,49.58000,47.76000,47.77000,278000
2024-06-13,47.66000,48.16000,47.22000,47.96000,239100
2024-06-14,47.42000,47.95000,47.30000,47.58000,167200
2024-06-17,47.25000,47.85000,46.88000,47.33000,195500
2024-06-18,47.16000,48.27000,47.16000,47.92000,210600
2024-06-20,47.68000,48.31000,47.68000,48.09000,187800
2024-06-21,48.29000,48.60000,47.75000,48.03000,720700
2024-06-24,48.19000,49.46000,48.07000,49.10000,175400
2024-06-25,49.13000,49.13000,48.07000,48.15000,278800
2024-06-26,47.69000,48.13000,47.30000,47.94000,275700
2024-06-27,48.25000,48.52000,48.00000,48.34000,216600
2024-06-28,48.76000,48.76000,48.10000,48.49000,618700
2024-07-01,48.57000,49.00000,47.81000,48.37000,244400
2024-07-02,48.41000,48.92000,48.31000,48.32000,168900
2024-07-03,48.50000,48.50000,47.60000,47.83000,91300
2024-07-05,47.72000,48.99000,47.61000,48.96000,185900
2024-07-08,49.19000,49.42000,48.32000,48.36000,230800
2024-07-09,48.19000,48.90000,47.90000,48.61000,147400
2024-07-10,48.80000,49.64000,48.37000,49.46000,169000
2024-07-11,50.07000,51.58000,50.07000,51.04000,239500
2024-07-12,51.30000,52.30000,51.28000,52.08000,279000
2024-07-15,52.09000,52.37000,51.48000,51.65000,401800
2024-07-16,52.28000,53.02000,52.17000,52.65000,553400
2024-07-17,52.73000,53.94000,52.68000,52.85000,503700
2024-07-18,52.39000,53.11000,51.93000,52.16000,289000
2024-07-19,52.15000,52.24000,51.40000,51.78000,368400
2024-07-22,51.90000,51.98000,51.09000,51.73000,308100
2024-07-23,51.52000,52.31000,51.47000,51.64000,349600
2024-07-24,51.80000,52.92000,51.23000,52.32000,265800
2024-07-25,52.66000,53.77000,52.61000,52.85000,286700
2024-07-26,53.33000,53.33000,52.38000,52.92000,204200
2024-07-29,53.01000,53.46000,52.16000,52.51000,243300
2024-07-30,52.76000,53.50000,52.42000,53.32000,188500
2024-07-31,54.00000,54.27000,53.35000,53.46000,607700
2024-08-01,54.06000,54.60000,52.56000,53.88000,689100
2024-08-02,53.56000,55.15000,53.56000,55.14000,299800
2024-08-05,54.29000,54.31000,52.47000,53.05000,321100
2024-08-06,53.05000,54.00000,52.77000,52.99000,390800
2024-08-07,53.05000,53.88000,52.86000,53.68000,215600
2024-08-08,53.48000,53.93000,53.12000,53.27000,258700
2024-08-09,53.36000,53.36000,52.12000,52.83000,232900
2024-08-12,52.47000,52.54000,51.61000,52.33000,221100
2024-08-13,52.67000,53.04000,52.30000,52.70000,270700
2024-08-14,52.60000,53.39000,52.29000,53.19000,281300
2024-08-15,53.78000,54.07000,53.50000,53.74000,238500
2024-08-16,53.85000,54.35000,53.60000,54.30000,727600
2024-08-19,54.34000,54.95000,54.04000,54.86000,233200
2024-08-20,54.77000,54.89000,54.29000,54.54000,193100
2024-08-21,54.72000,54.72000,54.19000,54.29000,154000
2024-08-22,54.17000,54.44000,53.88000,54.10000,205300
2024-08-23,54.39000,54.70000,53.06000,53.59000,456900
2024-08-26,53.97000,54.07000,53.61000,53.82000,276400
2024-08-27,53.69000,54.10000,53.37000,53.72000,158400
2024-08-28,53.76000,54.96000,53.49000,54.72000,272700
2024-08-29,54.82000,55.22000,54.25000,55.08000,248700
2024-08-30,55.25000,55.48000,54.81000,55.33000,207900
2024-09-03,55.05000,55.29000,54.75000,55.01000,201900
2024-09-04,55.09000,55.35000,54.87000,55.06000,168600
2024-09-05,55.52000,55.52000,54.93000,54.98000,137300
2024-09-06,55.12000,55.14000,54.23000,54.28000,150700
2024-09-09,54.02000,54.44000,53.45000,54.35000,262800
2024-09-10,54.39000,55.15000,54.16000,55.02000,237600
2024-09-11,54.67000,54.67000,53.12000,53.29000,250800
2024-09-12,53.26000,53.66000,53.01000,53.35000,172200
2024-09-13,53.73000,55.00000,53.52000,54.98000,232000
2024-09-16,55.24000,55.56000,54.98000,55.50000,370000
2024-09-17,55.78000,56.25000,54.78000,55.06000,270000
2024-09-18,55.16000,55.35000,54.26000,54.42000,267300
2024-09-19,54.45000,54.50000,53.72000,54.40000,293900
2024-09-20,54.25000,54.45000,53.65000,53.99000,1243600
2024-09-23,54.21000,54.47000,53.73000,53.85000,211900
2024-09-24,53.79000,54.21000,53.03000,53.15000,259300
2024-09-25,53.44000,53.48000,52.35000,52.63000,389200
2024-09-26,52.81000,53.39000,52.60000,52.65000,308100
2024-09-27,52.96000,53.75000,52.88000,53.49000,264200
2024-09-30,53.59000,54.24000,53.25000,54.22000,266500
2024-10-01,54.10000,54.17000,53.69000,53.71000,323100
2024-10-02,53.40000,54.15000,53.39000,53.67000,211500
2024-10-03,53.79000,53.79000,52.89000,52.92000,191100
2024-10-04,52.81000,53.11000,52.41000,53.08000,146500
2024-10-07,52.94000,52.94000,51.71000,51.87000,244700
2024-10-08,52.09000,52.09000,51.69000,51.76000,162000
2024-10-09,51.54000,52.31000,51.32000,51.91000,155100
2024-10-10,51.60000,51.80000,51.28000,51.42000,229600
2024-10-11,51.55000,52.44000,51.53000,52.38000,162400
2024-10-14,52.65000,54.08000,52.65000,53.22000,191000
2024-10-15,53.42000,54.57000,53.42000,53.78000,260100
2024-10-16,53.91000,54.75000,53.91000,54.62000,258700
2024-10-17,54.37000,54.37000,53.59000,53.68000,156900
2024-10-18,53.75000,53.87000,53.13000,53.63000,418400
2024-10-21,53.77000,54.09000,52.94000,53.33000,225100
2024-10-22,52.88000,53.20000,52.56000,52.85000,178500
2024-10-23,52.78000,53.28000,52.78000,52.98000,229900
2024-10-24,53.03000,53.06000,51.75000,52.14000,263800
2024-10-25,52.40000,52.52000,51.56000,51.62000,146200
2024-10-28,51.86000,52.48000,51.30000,51.62000,285100
2024-10-29,51.05000,51.58000,50.87000,51.30000,197400
2024-10-30,51.08000,51.73000,51.05000,51.29000,765200
2024-10-31,51.01000,52.83000,50.85000,51.96000,460000
2024-11-01,51.78000,51.89000,50.11000,50.14000,236800
2024-11-04,50.00000,50.04000,49.26000,49.73000,350000
2024-11-05,49.72000,51.11000,49.72000,51.09000,279300
2024-11-06,51.28000,52.71000,51.10000,52.31000,392400
2024-11-07,52.35000,52.35000,51.24000,51.59000,254500
2024-11-08,51.97000,52.61000,51.77000,52.11000,367200
2024-11-11,52.39000,52.60000,51.85000,51.86000,234400
2024-11-12,51.68000,52.01000,50.73000,50.83000,399700
2024-11-13,51.10000,51.31000,50.32000,50.40000,195200
2024-11-14,50.71000,50.93000,50.05000,50.18000,248900
2024-11-15,50.43000,51.19000,50.43000,50.97000,250900
2024-11-18,50.87000,51.40000,50.80000,50.89000,236900
2024-11-19,50.88000,51.49000,50.31000,51.48000,285400
2024-11-20,51.55000,51.97000,50.80000,51.08000,199000
2024-11-21,51.27000,51.49000,51.01000,51.37000,311000
2024-11-22,51.50000,52.24000,51.19000,51.60000,255400
2024-11-25,51.98000,52.34000,51.49000,51.98000,530800
2024-11-26,51.74000,52.21000,50.75000,50.96000,354700
2024-11-27,51.29000,51.78000,50.88000,51.19000,322500
2024-11-29,51.59000,51.59000,50.97000,51.19000,153300
2024-12-02,51.30000,51.30000,50.38000,50.54000,358000
2024-12-03,50.61000,50.75000,49.57000,49.65000,389100
2024-12-04,49.33000,49.63000,48.14000,48.53000,556400
2024-12-05,48.60000,49.68000,48.38000,49.11000,379300
2024-12-06,49.03000,49.03000,48.56000,48.70000,249200
2024-12-09,48.88000,49.26000,48.19000,48.30000,249000
2024-12-10,48.11000,48.69000,47.65000,48.64000,385800
2024-12-11,49.17000,49.17000,48.60000,48.83000,415400
2024-12-12,48.81000,48.89000,48.33000,48.44000,166400
2024-12-13,48.21000,48.52000,47.96000,48.50000,166700
2024-12-16,48.52000,48.91000,48.24000,48.37000,210300
2024-12-17,47.84000,48.69000,47.84000,47.91000,320600
2024-12-18,47.82000,48.08000,46.02000,46.09000,316200
2024-12-19,45.91000,46.42000,45.58000,45.92000,291200
2024-12-20,45.63000,46.60000,45.63000,46.00000,1453700
2024-12-23,45.74000,45.74000,45.11000,45.47000,246500
2024-12-24,45.35000,45.75000,45.22000,45.62000,98400
2024-12-26,45.39000,46.02000,45.27000,45.93000,252400
2024-12-27,45.63000,46.02000,45.40000,45.63000,205800
2024-12-30,45.53000,45.84000,45.13000,45.66000,188300
2024-12-31,45.89000,45.95000,45.11000,45.33000,207300
2025-01-02,45.69000,45.90000,44.71000,44.77000,192300
2025-01-03,44.83000,44.97000,44.39000,44.78000,198500
2025-01-06,44.52000,44.65000,43.72000,43.95000,376700
2025-01-07,44.26000,44.46000,43.70000,44.36000,414400
2025-01-08,44.06000,44.06000,42.31000,43.27000,476900
2025-01-10,42.72000,43.20000,41.82000,41.88000,391600
2025-01-13,41.86000,42.40000,41.64000,42.30000,425200
2025-01-14,42.50000,42.90000,42.29000,42.88000,318700
2025-01-15,43.63000,44.25000,43.56000,43.90000,331700
2025-01-16,43.74000,44.83000,43.74000,44.75000,500300
2025-01-17,44.92000,45.20000,44.36000,44.48000,392300
2025-01-21,44.84000,45.27000,44.18000,44.29000,245000
2025-01-22,44.00000,44.01000,42.87000,43.03000,417500
2025-01-23,42.93000,43.38000,42.89000,43.35000,337900
2025-01-24,43.35000,43.53000,42.89000,42.91000,294600
2025-01-27,43.31000,45.24000,43.25000,45.19000,384700
2025-01-28,45.00000,45.56000,44.96000,45.27000,237600
2025-01-29,45.15000,45.30000,44.12000,44.59000,436000
2025-01-30,45.11000,45.48000,44.51000,44.80000,300900
2025-01-31,44.65000,45.66000,44.20000,45.29000,716100
2025-02-03,44.80000,45.74000,44.39000,45.35000,457900
2025-02-04,45.01000,45.19000,44.52000,44.68000,287600
2025-02-05,45.00000,45.12000,44.29000,44.56000,260800
2025-02-06,44.58000,44.76000,44.01000,44.33000,235100
2025-02-07,44.20000,44.24000,43.70000,43.86000,288400
2025-02-10,43.86000,43.95000,43.31000,43.75000,594600
2025-02-11,43.86000,45.82000,43.72000,45.69000,694200
2025-02-12,45.03000,45.40000,44.65000,45.26000,314800
2025-02-13,45.27000,45.68000,45.04000,45.55000,221300
2025-02-14,45.56000,45.99000,44.62000,44.93000,529300
2025-02-18,44.93000,46.08000,44.85000,45.89000,392800
2025-02-19,45.70000,45.89000,45.35000,45.46000,260200
2025-02-20,45.62000,45.98000,45.15000,45.50000,254400
2025-02-21,45.73000,46.04000,45.35000,45.77000,296100
2025-02-24,45.98000,46.84000,45.29000,46.09000,416700
2025-02-25,46.19000,47.38000,45.95000,46.97000,372500
2025-02-26,46.58000,46.89000,45.79000,45.96000,385000
2025-02-27,45.19000,45.77000,43.60000,44.96000,539100
2025-02-28,45.52000,46.24000,44.75000,45.45000,435800
2025-03-03,45.09000,46.33000,44.75000,46.27000,418000
2025-03-04,46.03000,47.37000,45.47000,46.57000,406500
2025-03-05,46.25000,47.51000,45.95000,46.65000,288200
2025-03-06,46.68000,46.84000,45.82000,46.76000,316300
2025-03-07,46.89000,48.30000,46.68000,47.90000,285000
2025-03-10,48.14000,48.83000,47.90000,48.21000,358100
2025-03-11,48.47000,48.76000,47.36000,47.43000,403800
2025-03-12,46.90000,47.26000,46.25000,46.35000,391200
2025-03-13,46.37000,47.21000,46.24000,47.03000,269900
2025-03-14,47.09000,47.89000,46.98000,47.50000,309000
2025-03-17,47.12000,47.84000,46.77000,47.45000,331300
2025-03-18,47.28000,47.35000,46.66000,46.88000,229000
2025-03-19,46.92000,47.18000,45.80000,46.34000,368900
2025-03-20,46.36000,46.52000,46.06000,46.21000,296100
2025-03-21,46.30000,46.53000,45.46000,46.07000,1105300
2025-03-24,46.21000,46.59000,45.64000,45.87000,321900
2025-03-25,45.87000,45.87000,45.04000,45.57000,271000
2025-03-26,45.73000,46.59000,45.57000,46.40000,219900
2025-03-27,46.40000,47.07000,46.19000,46.51000,304200
2025-03-28,46.81000,48.34000,46.06000,48.25000,552900
2025-03-31,48.44000,49.35000,48.29000,48.46000,466400
2025-04-01,48.29000,49.13000,47.87000,48.71000,258700
2025-04-02,48.54000,48.92000,48.35000,48.50000,275500
2025-04-03,49.00000,50.23000,48.76000,49.55000,410200
2025-04-04,49.69000,50.39000,47.89000,48.47000,558200
2025-04-07,47.90000,48.97000,46.71000,47.50000,637200
2025-04-08,48.09000,48.20000,46.86000,47.24000,455700
2025-04-09,46.97000,49.22000,46.60000,47.81000,777800
2025-04-10,47.70000,49.12000,47.70000,48.50000,574000
2025-04-11,49.06000,50.55000,48.31000,50.34000,584200
2025-04-14,50.15000,51.08000,50.15000,51.01000,389400
2025-04-15,51.00000,51.24000,50.75000,50.75000,328900
2025-04-16,50.97000,51.20000,50.11000,50.22000,343000
2025-04-17,50.18000,51.07000,50.17000,50.89000,342800
2025-04-21,51.03000,51.63000,50.27000,50.73000,302800
2025-04-22,51.28000,51.54000,50.70000,51.36000,299900
2025-04-23,51.12000,51.21000,49.43000,50.49000,551700
2025-04-24,50.72000,50.72000,49.66000,50.05000,560400
2025-04-25,49.85000,49.88000,49.11000,49.77000,315600
2025-04-28,49.88000,49.96000,49.16000,49.55000,292700
2025-04-29,49.86000,50.60000,49.61000,50.47000,455800
2025-04-30,50.44000,51.02000,49.83000,50.65000,490900
2025-05-01,51.15000,51.15000,49.39000,50.22000,425100
2025-05-02,50.23000,50.23000,48.49000,48.77000,401400
2025-05-05,49.16000,49.21000,48.50000,48.99000,417800
2025-05-06,49.00000,50.14000,48.96000,49.83000,350000
2025-05-07,49.80000,50.18000,49.07000,49.07000,266500
2025-05-08,49.19000,49.45000,48.35000,48.53000,263100
2025-05-09,48.41000,48.71000,48.30000,48.61000,216400
2025-05-12,48.46000,48.46000,46.76000,47.02000,348100
2025-05-13,46.88000,47.20000,45.45000,45.63000,349600
2025-05-14,45.50000,45.53000,44.27000,44.67000,427000
2025-05-15,44.84000,46.23000,44.44000,46.20000,420000
2025-05-16,46.28000,47.73000,46.23000,47.70000,418600
2025-05-19,47.70000,48.21000,47.19000,48.15000,393600
2025-05-20,47.97000,48.19000,47.69000,47.98000,261600
2025-05-21,47.73000,47.92000,46.98000,47.41000,247500
2025-05-22,47.09000,47.15000,46.68000,46.89000,358600
2025-05-23,47.21000,47.44000,46.64000,47.02000,309500
2025-05-27,47.16000,47.57000,46.89000,47.05000,374700
2025-05-28,46.97000,47.24000,46.27000,46.43000,302200
2025-05-29,46.20000,46.94000,46.20000,46.87000,343800
2025-05-30,46.95000,47.53000,46.61000,47.25000,398900
2025-06-02,46.94000,47.50000,46.49000,46.76000,387100
2025-06-03,46.94000,47.09000,46.22000,46.61000,201500
2025-06-04,46.26000,46.53000,45.64000,45.72000,236100
2025-06-05,45.82000,46.00000,45.48000,45.85000,240700
2025-06-06,46.14000,46.42000,45.46000,45.62000,241800
2025-06-09,45.63000,46.25000,45.07000,46.14000,244400
2025-06-10,46.40000,47.17000,45.91000,47.14000,274900
2025-06-11,47.14000,47.66000,46.70000,46.71000,247300
2025-06-12,46.58000,46.77000,46.07000,46.68000,307100
2025-06-13,46.50000,47.06000,46.28000,46.33000,311600
2025-06-16,46.11000,46.55000,45.65000,46.04000,470400
2025-06-17,46.28000,46.28000,45.56000,45.89000,346800
2025-06-18,45.83000,46.31000,45.65000,46.08000,310500
2025-06-20,46.12000,46.65000,45.66000,46.45000,1093700
2025-06-23,46.70000,47.50000,46.70000,47.48000,294500
2025-06-24,47.27000,47.44000,46.59000,46.63000,289200
2025-06-25,46.20000,46.26000,45.44000,45.64000,319500
2025-06-26,45.90000,46.03000,44.93000,45.36000,492900
2025-06-27,45.38000,45.90000,45.10000,45.47000,882800
2025-06-30,45.45000,45.75000,44.94000,45.48000,266900
2025-07-01,45.29000,46.84000,45.16000,46.49000,283800
2025-07-02,46.49000,46.61000,45.85000,46.24000,223400
2025-07-03,46.41000,46.41000,45.56000,45.81000,163400
2025-07-07,46.00000,46.05000,45.25000,45.54000,302400
2025-07-08,45.28000,45.67000,44.71000,45.45000,235900
2025-07-09,45.36000,46.40000,44.97000,46.27000,290900
2025-07-10,45.66000,46.94000,45.66000,46.29000,257900
2025-07-11,46.12000,46.12000,45.54000,45.90000,275400
2025-07-14,45.90000,47.03000,45.90000,46.74000,254400
2025-07-15,46.55000,46.58000,45.48000,45.49000,328500
2025-07-16,45.51000,46.09000,45.51000,45.67000,323000
2025-07-17,45.60000,46.44000,45.22000,45.34000,349600
2025-07-18,45.55000,45.96000,45.08000,45.10000,433400
2025-07-21,45.01000,45.55000,44.90000,45.30000,339700
2025-07-22,45.27000,46.32000,45.27000,45.60000,348200
2025-07-23,45.60000,45.60000,44.81000,45.13000,443300
2025-07-24,45.13000,45.41000,44.85000,45.05000,304700
2025-07-25,45.01000,45.11000,44.64000,44.87000,367500
2025-07-28,44.66000,44.76000,43.96000,44.32000,280300
2025-07-29,44.46000,45.07000,44.13000,45.00000,437300
2025-07-30,44.97000,45.50000,44.72000,44.89000,357300
2025-07-31,45.32000,45.77000,44.37000,45.47000,567600
2025-08-01,46.39000,46.96000,45.76000,46.50000,633500
2025-08-04,46.59000,47.31000,45.80000,46.96000,314600
2025-08-05,46.92000,46.92000,46.26000,46.38000,438700
2025-08-06,46.51000,46.99000,46.21000,46.25000,303500
2025-08-07,46.25000,47.14000,46.19000,46.88000,318300
2025-08-08,46.89000,47.24000,46.45000,46.78000,243800
2025-08-11,46.50000,46.89000,46.32000,46.70000,357200
2025-08-12,46.90000,47.14000,46.09000,46.74000,376100
2025-08-13,46.92000,47.35000,46.53000,46.85000,435700
2025-08-14,46.94000,46.94000,46.21000,46.37000,256800
2025-08-15,46.34000,46.65000,46.11000,46.51000,227600
2025-08-18,46.65000,46.86000,46.05000,46.05000,178100
2025-08-19,46.04000,47.11000,46.04000,47.10000,271200
2025-08-20,47.49000,47.72000,46.65000,46.69000,244700
2025-08-21,46.67000,47.11000,46.66000,46.77000,230500
2025-08-22,47.10000,47.84000,46.88000,47.59000,290700
2025-08-25,47.41000,47.76000,46.67000,46.76000,242400
2025-08-26,46.66000,46.99000,46.44000,46.76000,374400
2025-08-27,46.63000,47.45000,46.63000,47.15000,165400
2025-08-28,47.15000,47.20000,46.78000,46.87000,181900
2025-08-29,47.02000,47.25000,46.72000,46.93000,250700
2025-09-02,46.62000,47.19000,45.92000,46.04000,412600
2025-09-03,45.98000,46.71000,45.93000,46.46000,356100
2025-09-04,46.84000,46.91000,46.27000,46.69000,274800
2025-09-05,46.84000,47.15000,46.68000,47.09000,260300
2025-09-08,46.94000,47.08000,46.21000,46.33000,213800
2025-09-09,46.20000,46.45000,45.96000,46.29000,226100
2025-09-10,46.20000,46.23000,45.30000,45.68000,329200
2025-09-11,45.57000,46.46000,45.45000,46.37000,289000
2025-09-12,45.99000,46.58000,45.94000,46.25000,223600
2025-09-15,46.42000,46.42000,45.03000,45.19000,311100
2025-09-16,45.12000,45.50000,44.92000,45.03000,318900
2025-09-17,45.34000,46.02000,45.08000,45.22000,261300
2025-09-18,45.01000,45.70000,44.88000,45.61000,305000
2025-09-19,45.73000,45.94000,45.29000,45.47000,945000
2025-09-22,45.73000,45.78000,45.27000,45.40000,272600
2025-09-23,45.29000,45.78000,44.96000,45.70000,405200
2025-09-24,45.61000,46.00000,45.35000,45.76000,373600
2025-09-25,46.08000,46.32000,45.20000,45.29000,267400
2025-09-26,45.17000,45.83000,45.00000,45.67000,328500
2025-09-29,45.57000,45.60000,45.04000,45.36000,308800
2025-09-30,45.50000,46.02000,45.50000,45.89000,430700
2025-10-01,46.04000,46.08000,44.51000,44.55000,337400
2025-10-02,44.50000,44.68000,43.94000,44.61000,442100
2025-10-03,44.78000,45.70000,44.68000,45.40000,345800
2025-10-06,45.18000,45.54000,44.83000,45.54000,313300
2025-10-07,45.62000,46.39000,45.46000,46.35000,302000
2025-10-08,46.44000,46.85000,45.89000,46.81000,452100
2025-10-09,46.89000,47.16000,46.47000,46.76000,311300
2025-10-10,46.94000,47.36000,46.54000,47.24000,329800
2025-10-13,47.05000,47.36000,46.01000,46.30000,321300
2025-10-14,46.49000,47.26000,46.49000,46.77000,363700
2025-10-15,46.65000,48.21000,46.59000,48.04000,339000
2025-10-16,48.03000,48.76000,47.95000,48.39000,356200
2025-10-17,48.42000,48.74000,48.20000,48.54000,460800
2025-10-20,48.56000,49.71000,48.21000,49.66000,330900
2025-10-21,49.43000,49.74000,48.67000,49.53000,388600
2025-10-22,49.60000,50.44000,49.08000,49.75000,356900
2025-10-23,49.79000,50.42000,49.06000,49.86000,444500
2025-10-24,50.13000,50.18000,49.32000,49.58000,264500
2025-10-27,49.27000,50.10000,48.69000,49.62000,403500
2025-10-28,49.35000,49.67000,48.60000,49.36000,405900
2025-10-29,49.34000,49.34000,47.20000,47.45000,420600
2025-10-30,46.77000,48.08000,44.79000,45.19000,721600
2025-10-31,44.77000,45.15000,44.00000,44.38000,844000
2025-11-03,44.00000,45.04000,42.87000,44.97000,537200
2025-11-04,45.04000,47.50000,44.65000,47.03000,1113200
2025-11-05,47.05000,47.79000,46.50000,46.51000,558000
2025-11-06,46.73000,47.32000,46.24000,46.35000,363300
2025-11-07,46.52000,47.05000,46.21000,46.61000,328900
2025-11-10,46.00000,46.16000,45.50000,45.75000,257500
2025-11-11,46.03000,46.89000,45.93000,46.43000,283900
2025-11-12,46.11000,46.42000,45.47000,45.47000,305800
2025-11-13,45.55000,45.98000,45.12000,45.79000,248400
2025-11-14,46.10000,46.52000,45.41000,45.85000,277600
2025-11-17,45.81000,46.24000,45.43000,45.47000,218600
2025-11-18,45.74000,45.88000,44.93000,45.00000,333600
2025-11-19,44.94000,44.94000,44.02000,44.13000,337500
2025-11-20,44.16000,44.79000,44.07000,44.38000,295200
2025-11-21,44.64000,46.11000,43.94000,45.52000,413700
2025-11-24,45.55000,45.59000,45.00000,45.39000,419400
2025-11-25,45.90000,46.32000,45.57000,45.70000,401500
2025-11-26,45.67000,46.22000,45.50000,45.50000,611700
2025-11-28,45.71000,45.71000,45.04000,45.37000,180700
2025-12-01,45.08000,45.55000,44.93000,45.21000,327600
2025-12-02,45.37000,45.55000,44.58000,44.75000,444400
2025-12-03,45.08000,45.59000,44.24000,44.51000,244600
2025-12-04,44.46000,45.00000,44.16000,44.29000,364700
2025-12-05,44.16000,45.26000,44.01000,44.88000,379400
2025-12-08,44.82000,44.82000,43.53000,43.60000,368000
2025-12-09,43.70000,44.07000,41.29000,42.31000,1169800
2025-12-10,42.34000,43.08000,42.04000,42.81000,513300
2025-12-11,43.19000,43.97000,43.08000,43.25000,314000
2025-12-12,43.70000,44.50000,43.25000,44.17000,463900
2025-12-15,44.32000,44.48000,42.99000,43.81000,1564100
2025-12-16,43.99000,44.15000,43.31000,43.90000,422900
2025-12-17,43.75000,44.26000,43.44000,43.96000,307100
2025-12-18,43.86000,44.30000,43.45000,43.86000,316700
2025-12-19,44.39000,44.42000,42.75000,42.88000,1267200
2025-12-22,42.67000,43.53000,42.64000,43.28000,381500
2025-12-23,43.21000,43.45000,42.90000,43.05000,333900
2025-12-24,43.13000,43.45000,43.11000,43.29000,166500
2025-12-26,43.36000,43.48000,43.18000,43.41000,272900
2025-12-29,43.38000,43.65000,43.38000,43.56000,205400
2025-12-30,43.56000,43.91000,43.46000,43.57000,211900
2025-12-31,43.62000,43.79000,43.15000,43.33000,230100
2026-01-02,43.20000,43.28000,42.76000,42.95000,256100
2026-01-05,42.95000,42.95000,42.10000,42.54000,345600
2026-01-06,42.54000,43.33000,42.49000,43.33000,338000
2026-01-07,43.47000,43.60000,42.90000,43.24000,315400
2026-01-08,43.07000,44.03000,43.07000,43.66000,212100
2026-01-09,43.69000,44.01000,43.19000,43.61000,261300
2026-01-12,43.62000,45.01000,43.62000,44.58000,311400
2026-01-13,44.52000,44.70000,43.93000,44.52000,288600
2026-01-14,44.55000,45.72000,44.49000,45.67000,376800
2026-01-15,45.67000,46.43000,45.65000,46.23000,389200
2026-01-16,45.90000,46.24000,45.57000,45.67000,483400
2026-01-20,45.32000,45.50000,44.61000,44.69000,300900
2026-01-21,44.93000,45.00000,44.15000,44.64000,395600
2026-01-22,44.56000,45.10000,44.35000,45.01000,302700
2026-01-23,44.86000,45.04000,43.92000,44.16000,372400
2026-01-26,44.43000,45.00000,44.22000,44.51000,235300
2026-01-27,44.38000,45.15000,44.20000,44.54000,274800
2026-01-28,44.47000,44.90000,43.52000,43.62000,456300
2026-01-29,44.19000,44.83000,44.04000,44.47000,525900
2026-01-30,44.42000,44.82000,44.14000,44.70000,490500
2026-02-02,44.84000,45.18000,44.32000,44.51000,331900
2026-02-03,44.57000,45.46000,44.29000,44.45000,280000
2026-02-04,45.05000,45.41000,44.58000,44.94000,272700
2026-02-05,45.45000,45.71000,44.94000,45.12000,324100
2026-02-06,45.12000,45.80000,44.46000,44.47000,441700
2026-02-09,44.16000,44.16000,43.50000,43.99000,295800
2026-02-10,44.22000,44.83000,44.08000,44.50000,441900
2026-02-11,44.73000,44.73000,43.80000,44.15000,332800
2026-02-12,44.21000,45.75000,44.21000,45.45000,494100
2026-02-13,45.63000,46.56000,45.45000,46.56000,246300
2026-02-17,46.75000,47.03000,46.27000,46.49000,304300
2026-02-18,46.41000,46.47000,45.74000,45.76000,346700
2026-02-19,45.99000,46.38000,45.66000,46.20000,458200
2026-02-20,46.46000,46.70000,45.51000,45.75000,292900
2026-02-23,45.83000,46.43000,45.73000,46.41000,384700
2026-02-24,46.61000,46.79000,46.25000,46.37000,290200
2026-02-25,46.38000,46.75000,45.41000,46.64000,302200
2026-02-26,44.70000,46.03000,44.52000,44.59000,751600
2026-02-27,44.77000,45.56000,44.77000,45.08000,506900
2026-03-02,44.84000,45.48000,44.62000,45.39000,454400
2026-03-03,45.38000,47.15000,44.92000,46.95000,463800
2026-03-04,46.83000,47.33000,46.07000,46.99000,362800
2026-03-05,46.57000,46.57000,45.72000,45.78000,304200
2026-03-06,45.65000,45.65000,44.74000,45.59000,365400
2026-03-09,45.40000,45.75000,44.85000,45.68000,385200
2026-03-10,45.00000,45.35000,43.83000,43.95000,459800
2026-03-11,44.00000,44.13000,42.75000,44.06000,852300
2026-03-12,43.70000,45.26000,43.70000,44.37000,551800
2026-03-13,44.84000,45.22000,44.30000,45.20000,273700
2026-03-16,45.53000,45.53000,44.72000,45.03000,359500
2026-03-17,45.34000,45.58000,44.05000,44.34000,396400
2026-03-18,43.70000,44.26000,43.22000,43.27000,455600
2026-03-19,43.05000,44.29000,42.98000,44.24000,586200
2026-03-20,44.54000,44.54000,43.78000,43.91000,1648600
2026-03-23,44.32000,45.03000,43.95000,44.45000,497100
2026-03-24,44.27000,45.25000,44.21000,44.27000,380900
2026-03-25,44.44000,44.60000,43.57000,43.94000,588900
2026-03-26,44.20000,45.10000,44.18000,45.08000,256400
2026-03-27,45.05000,45.45000,44.71000,45.01000,231200
2026-03-30,45.43000,46.16000,45.01000,46.05000,386500
2026-03-31,46.25000,46.25000,45.10000,45.34000,263100
2026-04-01,44.94000,45.75000,44.93000,45.51000,231100
2026-04-02,46.04000,46.26000,45.55000,46.25000,211300
2026-04-06,45.84000,46.20000,45.43000,45.67000,255700
2026-04-07,45.77000,46.12000,45.50000,45.71000,378700
2026-04-08,45.26000,45.96000,44.66000,45.77000,443000
2026-04-09,45.61000,47.29000,45.39000,47.08000,512700
2026-04-10,47.25000,47.27000,46.84000,46.94000,284200
2026-04-13,46.61000,46.83000,44.34000,45.11000,748400
2026-04-14,44.78000,45.33000,44.33000,45.13000,337270
2026-04-15,44.80000,45.04000,44.27000,44.60000,137781
