date,open,high,low,close,volume
2016-02-04,8.94000,8.99000,8.72000,8.83000,110000
2016-02-05,8.83000,8.84000,8.40000,8.56000,108400
2016-02-08,8.46000,8.62000,8.26000,8.48000,132400
2016-02-09,8.39000,8.56000,8.21000,8.29000,80300
2016-02-10,8.35000,8.58000,8.28000,8.29000,55500
2016-02-11,8.17000,8.18000,7.87000,7.88000,135400
2016-02-12,8.11000,8.28000,7.70000,8.27000,117700
2016-02-16,8.32000,8.60000,8.27000,8.47000,115400
2016-02-17,8.51000,8.70000,8.43000,8.56000,84600
2016-02-18,8.61000,8.73000,8.53000,8.59000,80400
2016-02-19,8.57000,8.69000,8.50000,8.59000,68700
2016-02-22,8.61000,8.77000,8.48000,8.50000,178300
2016-02-23,8.50000,8.57000,8.37000,8.47000,161700
2016-02-24,8.38000,8.49000,8.24000,8.41000,135000
2016-02-25,8.40000,8.60000,8.39000,8.49000,83800
2016-02-26,8.56000,8.69000,8.48000,8.58000,80700
2016-02-29,8.54000,8.73000,8.47000,8.49000,97100
2016-03-01,8.58000,8.69000,8.49000,8.69000,113500
2016-03-02,8.66000,8.85000,8.63000,8.75000,93100
2016-03-03,8.72000,8.81000,8.59000,8.67000,59500
2016-03-04,8.66000,8.76000,8.63000,8.65000,51000
2016-03-07,8.59000,8.82000,8.59000,8.82000,86000
2016-03-08,8.75000,8.91000,8.64000,8.82000,105400
2016-03-09,8.85000,8.96000,8.69000,8.75000,155000
2016-03-10,8.78000,8.81000,8.48000,8.55000,120100
2016-03-11,8.60000,8.73000,8.52000,8.66000,65100
2016-03-14,8.63000,8.74000,8.48000,8.64000,40000
2016-03-15,8.61000,8.61000,8.34000,8.36000,67600
2016-03-16,8.37000,8.50000,8.33000,8.49000,59300
2016-03-17,8.49000,9.05000,8.39000,8.94000,130900
2016-03-18,9.00000,9.17000,8.70000,8.73000,318400
2016-03-21,8.76000,9.35000,8.76000,9.30000,114400
2016-03-22,9.25000,9.25000,8.78000,8.85000,120000
2016-03-23,8.83000,9.05000,8.70000,8.80000,108800
2016-03-24,8.73000,8.98000,8.70000,8.85000,78800
2016-03-28,8.90000,8.90000,8.52000,8.66000,43700
2016-03-29,8.57000,8.99000,8.55000,8.95000,97200
2016-03-30,9.00000,9.00000,8.79000,8.85000,62500
2016-03-31,8.85000,9.45000,8.82000,9.43000,258100
2016-04-01,9.38000,9.38000,8.82000,8.89000,110800
2016-04-04,8.86000,8.96000,8.78000,8.81000,73100
2016-04-05,8.77000,8.95000,8.66000,8.77000,95000
2016-04-06,8.69000,8.83000,8.62000,8.67000,52700
2016-04-07,8.59000,8.69000,8.37000,8.46000,378800
2016-04-08,8.56000,8.75000,8.54000,8.69000,47600
2016-04-11,8.76000,8.92000,8.54000,8.87000,110300
2016-04-12,8.94000,9.05000,8.79000,9.00000,167900
2016-04-13,9.03000,9.23000,9.00000,9.17000,79700
2016-04-14,9.21000,9.24000,8.95000,9.04000,51600
2016-04-15,8.98000,9.02000,8.90000,8.92000,31600
2016-04-18,8.90000,9.13000,8.83000,9.10000,85600
2016-04-19,9.11000,9.19000,8.99000,9.09000,46300
2016-04-20,9.10000,9.18000,8.97000,9.17000,108100
2016-04-21,9.12000,9.25000,9.02000,9.21000,92900
2016-04-22,9.19000,9.42000,9.18000,9.40000,95100
2016-04-25,9.34000,9.38000,9.15000,9.21000,66900
2016-04-26,9.21000,9.38000,9.15000,9.24000,49700
2016-04-27,9.26000,9.42000,9.20000,9.31000,95400
2016-04-28,9.30000,9.49000,9.19000,9.26000,73400
2016-04-29,9.51000,11.01000,9.51000,10.57000,223000
2016-05-02,10.57000,10.84000,10.32000,10.78000,139600
2016-05-03,10.65000,10.71000,10.22000,10.52000,80700
2016-05-04,10.50000,10.73000,10.42000,10.55000,89200
2016-05-05,10.62000,10.71000,10.24000,10.28000,103500
2016-05-06,10.28000,11.00000,10.21000,10.81000,169900
2016-05-09,10.88000,11.04000,10.60000,11.01000,83900
2016-05-10,11.00000,11.40000,10.99000,11.29000,125800
2016-05-11,11.28000,11.28000,11.19000,11.20000,55100
2016-05-12,11.22000,11.40000,11.15000,11.19000,61100
2016-05-13,11.17000,11.27000,11.01000,11.09000,82200
2016-05-16,11.08000,11.16000,10.53000,11.12000,46300
2016-05-17,11.10000,11.10000,10.54000,10.60000,74700
2016-05-18,10.58000,10.97000,10.54000,10.83000,56600
2016-05-19,10.79000,10.81000,10.50000,10.59000,32800
2016-05-20,10.61000,11.04000,10.31000,11.01000,88600
2016-05-23,10.99000,11.12000,10.76000,10.80000,45000
2016-05-24,10.84000,11.25000,10.84000,11.17000,61600
2016-05-25,11.21000,11.62000,11.09000,11.21000,76400
2016-05-26,11.30000,11.45000,11.08000,11.15000,29900
2016-05-27,11.14000,11.23000,10.93000,11.09000,67300
2016-05-31,11.09000,11.15000,10.85000,11.04000,111300
2016-06-01,10.95000,11.27000,10.93000,11.19000,60800
2016-06-02,11.27000,11.69000,11.12000,11.58000,79700
2016-06-03,11.41000,11.46000,11.14000,11.30000,59000
2016-06-06,11.24000,11.49000,10.95000,11.42000,55300
2016-06-07,11.39000,11.59000,11.18000,11.25000,36100
2016-06-08,11.28000,11.36000,10.59000,11.27000,26100
2016-06-09,11.26000,11.26000,10.51000,11.08000,39900
2016-06-10,11.02000,11.22000,10.86000,11.04000,52400
2016-06-13,11.03000,11.31000,10.83000,11.02000,45300
2016-06-14,11.02000,11.22000,10.35000,11.12000,37700
2016-06-15,11.19000,11.19000,10.93000,10.95000,32100
2016-06-16,11.12000,11.14000,10.75000,11.10000,35600
2016-06-17,11.10000,11.14000,10.78000,10.81000,140800
2016-06-20,10.95000,11.35000,10.95000,11.15000,79200
2016-06-21,11.19000,11.28000,10.92000,11.07000,52700
2016-06-22,11.09000,11.22000,10.85000,10.97000,52400
2016-06-23,11.11000,11.26000,10.96000,11.12000,55900
2016-06-24,10.60000,10.76000,10.32000,10.40000,296400
2016-06-27,10.29000,10.32000,9.69000,9.71000,158000
2016-06-28,9.80000,10.20000,9.75000,10.05000,99600
2016-06-29,10.13000,10.34000,9.46000,10.34000,71400
2016-06-30,10.30000,10.74000,10.08000,10.73000,83500
2016-07-01,10.67000,10.69000,10.17000,10.37000,59000
2016-07-05,10.36000,10.58000,10.10000,10.22000,63700
2016-07-06,10.14000,10.30000,10.02000,10.22000,44700
2016-07-07,10.22000,11.00000,10.02000,10.23000,47400
2016-07-08,10.39000,10.39000,9.79000,10.30000,80700
2016-07-11,10.40000,10.67000,10.35000,10.52000,53100
2016-07-12,10.57000,10.88000,10.02000,10.81000,94700
2016-07-13,10.83000,10.99000,10.76000,10.97000,75100
2016-07-14,11.04000,11.09000,10.88000,10.93000,42200
2016-07-15,11.05000,11.08000,10.90000,11.03000,44000
2016-07-18,11.07000,11.07000,10.28000,10.89000,67900
2016-07-19,10.90000,11.05000,10.85000,10.86000,36100
2016-07-20,10.92000,11.03000,10.77000,10.92000,44400
2016-07-21,10.92000,10.95000,10.83000,10.90000,33100
2016-07-22,10.95000,11.03000,10.84000,10.92000,27000
2016-07-25,10.92000,11.00000,10.88000,10.92000,21500
2016-07-26,10.95000,11.08000,10.73000,11.05000,27600
2016-07-27,11.07000,11.33000,10.83000,11.30000,50300
2016-07-28,11.29000,11.48000,11.11000,11.32000,53000
2016-07-29,11.95000,11.95000,10.81000,11.11000,143500
2016-08-01,11.12000,11.31000,10.97000,11.00000,62400
2016-08-02,11.00000,11.03000,10.72000,10.96000,70300
2016-08-03,10.91000,11.26000,10.80000,11.16000,55400
2016-08-04,11.07000,11.42000,11.04000,11.33000,55500
2016-08-05,11.46000,11.69000,11.13000,11.60000,58300
2016-08-08,11.60000,11.77000,11.57000,11.72000,43700
2016-08-09,11.77000,11.83000,11.70000,11.76000,51900
2016-08-10,11.74000,11.81000,11.64000,11.76000,57400
2016-08-11,11.73000,11.89000,11.72000,11.81000,62500
2016-08-12,11.79000,11.81000,11.34000,11.64000,39900
2016-08-15,11.64000,11.83000,11.64000,11.72000,44700
2016-08-16,11.73000,11.85000,11.70000,11.83000,33800
2016-08-17,11.81000,11.84000,11.57000,11.63000,68200
2016-08-18,11.58000,11.86000,11.26000,11.77000,41300
2016-08-19,11.77000,12.45000,11.77000,12.33000,139500
2016-08-22,12.37000,12.45000,12.01000,12.20000,110600
2016-08-23,12.26000,12.49000,12.24000,12.38000,40600
2016-08-24,12.40000,12.41000,12.01000,12.09000,107000
2016-08-25,11.99000,12.04000,11.65000,11.70000,82900
2016-08-26,11.72000,11.85000,11.59000,11.72000,48500
2016-08-29,11.66000,11.81000,11.54000,11.66000,38700
2016-08-30,11.68000,11.81000,11.68000,11.72000,36000
2016-08-31,11.73000,11.73000,11.47000,11.47000,107600
2016-09-01,11.40000,11.49000,11.34000,11.47000,113700
2016-09-02,11.47000,12.02000,11.47000,11.95000,95900
2016-09-06,12.08000,12.16000,11.94000,12.05000,57900
2016-09-07,12.07000,12.10000,11.91000,11.99000,37800
2016-09-08,11.99000,12.00000,11.82000,11.96000,38700
2016-09-09,11.82000,11.88000,11.28000,11.29000,51400
2016-09-12,11.16000,11.49000,11.16000,11.48000,49400
2016-09-13,11.42000,11.49000,11.13000,11.13000,39800
2016-09-14,11.18000,11.23000,11.03000,11.12000,24800
2016-09-15,11.18000,11.50000,11.17000,11.46000,59400
2016-09-16,11.45000,11.72000,11.31000,11.70000,253000
2016-09-19,11.72000,11.80000,11.46000,11.47000,55000
2016-09-20,11.57000,11.60000,10.97000,11.04000,74600
2016-09-21,11.16000,11.47000,11.09000,11.39000,119500
2016-09-22,11.55000,11.99000,11.46000,11.94000,78500
2016-09-23,11.87000,12.02000,11.55000,11.64000,72600
2016-09-26,11.61000,11.73000,11.47000,11.48000,45500
2016-09-27,11.47000,11.62000,11.38000,11.49000,65600
2016-09-28,11.49000,11.71000,11.33000,11.67000,97300
2016-09-29,11.63000,11.74000,11.55000,11.57000,80400
2016-09-30,11.66000,11.68000,11.33000,11.40000,121200
2016-10-03,11.30000,11.69000,11.30000,11.69000,97700
2016-10-04,11.68000,11.73000,11.55000,11.61000,59100
2016-10-05,11.64000,11.71000,11.57000,11.66000,57900
2016-10-06,11.65000,11.71000,11.46000,11.65000,48000
2016-10-07,11.69000,11.69000,11.45000,11.53000,50400
2016-10-10,11.53000,11.63000,11.39000,11.40000,75600
2016-10-11,11.38000,11.48000,11.07000,11.08000,78500
2016-10-12,11.14000,11.14000,10.94000,11.02000,85400
2016-10-13,10.86000,11.00000,10.64000,10.66000,86600
2016-10-14,10.74000,11.00000,10.70000,10.74000,128700
2016-10-17,10.86000,10.95000,10.77000,10.83000,74300
2016-10-18,10.96000,11.00000,10.75000,10.77000,53400
2016-10-19,10.83000,11.05000,10.78000,10.97000,111600
2016-10-20,11.00000,11.05000,10.85000,10.88000,58100
2016-10-21,10.80000,10.90000,10.78000,10.85000,50800
2016-10-24,10.90000,11.28000,10.90000,11.00000,75700
2016-10-25,11.07000,11.07000,10.83000,10.95000,40200
2016-10-26,10.90000,11.06000,10.84000,10.85000,45000
2016-10-27,11.00000,11.00000,10.41000,10.45000,86300
2016-10-28,10.00000,10.05000,9.40000,9.70000,301800
2016-10-31,9.20000,9.63000,9.00000,9.15000,198400
2016-11-01,9.10000,9.80000,9.05000,9.75000,197500
2016-11-02,9.75000,9.75000,9.15000,9.20000,148600
2016-11-03,9.35000,9.70000,9.20000,9.65000,75600
2016-11-04,9.60000,9.70000,9.35000,9.50000,96600
2016-11-07,9.80000,10.05000,9.75000,9.95000,110100
2016-11-08,10.05000,10.25000,9.85000,10.20000,67800
2016-11-09,10.15000,10.80000,9.36000,10.75000,101100
2016-11-10,10.80000,11.05000,10.40000,11.05000,200600
2016-11-11,11.05000,11.70000,10.80000,11.65000,222200
2016-11-14,13.85000,13.85000,12.65000,13.40000,955300
2016-11-15,13.40000,13.74000,13.35000,13.50000,304800
2016-11-16,13.45000,13.55000,13.40000,13.45000,452800
2016-11-17,13.45000,13.55000,13.45000,13.50000,444100
2016-11-18,13.55000,13.55000,13.45000,13.50000,177800
2016-11-21,13.50000,13.50000,13.40000,13.50000,135700
2016-11-22,13.45000,13.50000,13.45000,13.50000,160300
2016-11-23,13.50000,13.50000,13.45000,13.50000,92900
2016-11-25,13.40000,13.55000,13.40000,13.55000,118600
2016-11-28,13.50000,14.00000,13.50000,14.00000,209900
2016-11-29,14.00000,14.15000,13.80000,13.80000,149800
2016-11-30,13.95000,13.95000,13.40000,13.40000,153800
2016-12-01,13.35000,13.65000,13.35000,13.40000,134300
2016-12-02,13.40000,13.60000,13.40000,13.55000,107300
2016-12-05,13.75000,13.75000,13.55000,13.65000,92800
2016-12-06,13.75000,13.80000,13.35000,13.65000,248300
2016-12-07,13.55000,13.78000,13.40000,13.45000,132600
2016-12-08,13.45000,13.65000,13.45000,13.55000,100100
2016-12-09,13.65000,13.75000,13.45000,13.65000,74400
2016-12-12,13.60000,13.75000,13.60000,13.65000,98300
2016-12-13,13.65000,13.70000,13.50000,13.60000,69600
2016-12-14,13.60000,13.75000,13.50000,13.60000,111600
2016-12-15,13.65000,13.85000,13.60000,13.70000,119700
2016-12-16,13.70000,13.80000,13.55000,13.70000,873300
2016-12-19,13.80000,14.10000,13.55000,14.10000,130200
2016-12-20,14.00000,14.10000,13.80000,13.95000,100700
2016-12-21,13.90000,14.00000,13.85000,13.95000,54400
2016-12-22,14.00000,14.00000,13.76000,13.85000,82900
2016-12-23,13.90000,13.95000,13.85000,13.95000,38900
2016-12-27,13.85000,14.05000,13.85000,13.90000,63200
2016-12-28,13.90000,13.95000,13.75000,13.85000,84900
2016-12-29,13.85000,13.95000,13.85000,13.95000,48400
2016-12-30,13.95000,13.95000,13.75000,13.75000,44100
2017-01-03,13.95000,13.95000,13.75000,13.85000,102900
2017-01-04,13.85000,13.95000,13.83000,13.95000,162500
2017-01-05,13.80000,13.95000,13.80000,13.90000,86800
2017-01-06,13.95000,13.95000,13.75000,13.80000,70100
2017-01-09,13.75000,13.75000,13.56000,13.70000,56100
2017-01-10,13.75000,13.75000,13.65000,13.70000,115000
2017-01-11,13.68000,13.80000,13.60000,13.75000,100000
2017-01-12,13.70000,13.75000,13.60000,13.60000,76700
2017-01-13,13.65000,13.75000,13.55000,13.60000,101800
2017-01-17,13.55000,13.65000,13.35000,13.35000,84300
2017-01-18,13.45000,13.50000,13.27000,13.50000,102000
2017-01-19,13.40000,13.50000,13.35000,13.40000,94700
2017-01-20,13.35000,13.50000,13.30000,13.50000,97600
2017-01-23,13.60000,13.60000,13.43000,13.50000,106100
2017-01-24,13.55000,13.73000,13.55000,13.65000,99700
2017-01-25,13.70000,13.70000,13.50000,13.60000,108800
2017-01-26,13.55000,13.60000,13.50000,13.60000,70800
2017-01-27,13.70000,14.00000,13.45000,13.45000,165300
2017-01-30,13.45000,13.50000,12.85000,12.85000,222200
2017-01-31,13.00000,13.40000,12.95000,13.05000,106400
2017-02-01,13.05000,13.35000,12.80000,13.00000,123700
2017-02-02,12.90000,12.95000,12.45000,12.55000,93500
2017-02-03,12.55000,12.70000,12.38000,12.55000,69800
2017-02-06,12.40000,12.58000,12.40000,12.50000,78800
2017-02-07,12.45000,12.55000,12.33000,12.50000,78300
2017-02-08,12.45000,12.45000,12.13000,12.15000,93300
2017-02-09,12.15000,12.45000,12.10000,12.35000,70200
2017-02-10,12.45000,12.75000,12.35000,12.70000,86600
2017-02-13,12.85000,12.95000,12.60000,12.80000,51100
2017-02-14,12.80000,12.95000,12.55000,12.70000,48500
2017-02-15,12.65000,13.10000,12.65000,13.00000,60600
2017-02-16,12.90000,13.10000,12.75000,13.00000,68700
2017-02-17,13.05000,13.10000,12.75000,13.05000,73300
2017-02-21,13.15000,13.35000,12.85000,12.95000,65200
2017-02-22,12.85000,13.00000,12.53000,12.70000,40500
2017-02-23,12.75000,12.90000,12.50000,12.85000,56400
2017-02-24,12.75000,12.95000,12.70000,12.90000,33700
2017-02-27,12.80000,12.90000,12.70000,12.75000,56300
2017-02-28,12.75000,12.75000,12.15000,12.30000,76300
2017-03-01,12.20000,12.70000,12.20000,12.60000,59400
2017-03-02,12.60000,12.80000,12.53000,12.65000,43500
2017-03-03,12.75000,12.75000,12.35000,12.65000,38000
2017-03-06,12.55000,12.60000,12.30000,12.40000,77300
2017-03-07,12.45000,12.80000,12.20000,12.55000,94100
2017-03-08,12.60000,12.70000,12.35000,12.35000,59700
2017-03-09,12.40000,12.60000,12.40000,12.45000,39000
2017-03-10,12.50000,12.75000,12.40000,12.45000,72800
2017-03-13,12.50000,12.95000,12.48000,12.85000,87200
2017-03-14,12.80000,12.85000,12.50000,12.60000,39400
2017-03-15,12.55000,12.55000,12.35000,12.45000,80700
2017-03-16,12.50000,12.85000,12.50000,12.75000,54200
2017-03-17,12.60000,12.90000,12.60000,12.80000,218800
2017-03-20,12.75000,12.80000,12.50000,12.55000,42100
2017-03-21,12.55000,12.70000,12.00000,12.05000,124100
2017-03-22,12.00000,12.15000,11.80000,11.95000,117900
2017-03-23,11.90000,12.00000,11.80000,11.85000,85300
2017-03-24,11.85000,11.97000,11.70000,11.75000,101100
2017-03-27,11.75000,12.10000,11.68000,12.05000,87600
2017-03-28,12.00000,12.15000,11.85000,11.85000,76500
2017-03-29,11.80000,11.85000,11.65000,11.75000,51800
2017-03-30,11.70000,11.90000,11.60000,11.80000,106200
2017-03-31,11.80000,12.10000,11.75000,11.90000,152800
2017-04-03,12.00000,12.00000,11.65000,11.65000,100800
2017-04-04,11.65000,11.85000,11.45000,11.55000,98600
2017-04-05,11.55000,11.75000,11.55000,11.70000,95000
2017-04-06,11.65000,11.95000,11.55000,11.70000,76400
2017-04-07,11.65000,11.81000,11.60000,11.65000,101300
2017-04-10,11.60000,12.03000,11.60000,11.75000,61300
2017-04-11,11.70000,12.15000,11.70000,12.05000,48800
2017-04-12,12.05000,12.05000,11.80000,11.90000,41300
2017-04-13,11.85000,11.90000,11.70000,11.80000,47500
2017-04-17,11.90000,12.10000,11.80000,12.10000,38700
2017-04-18,12.10000,12.25000,11.93000,12.05000,41300
2017-04-19,12.15000,12.30000,12.03000,12.20000,59000
2017-04-20,12.20000,12.40000,12.10000,12.35000,75200
2017-04-21,12.30000,12.35000,11.95000,12.00000,58900
2017-04-24,12.25000,12.25000,11.95000,12.00000,84600
2017-04-25,12.20000,12.50000,12.20000,12.40000,61600
2017-04-26,12.35000,12.45000,12.20000,12.25000,104300
2017-04-27,12.25000,12.41000,12.25000,12.35000,45500
2017-04-28,12.40000,12.45000,12.25000,12.40000,63000
2017-05-01,12.45000,12.53000,12.28000,12.35000,93000
2017-05-02,12.30000,12.50000,12.28000,12.40000,67500
2017-05-03,12.30000,12.40000,12.25000,12.30000,54400
2017-05-04,12.30000,12.35000,12.20000,12.30000,31600
2017-05-05,11.45000,11.45000,10.33000,10.70000,190600
2017-05-08,10.45000,10.49000,9.50000,9.95000,211600
2017-05-09,10.30000,10.30000,9.95000,9.98000,124200
2017-05-10,9.90000,10.05000,9.85000,9.95000,76500
2017-05-11,9.90000,10.10000,9.90000,10.00000,117500
2017-05-12,9.95000,10.05000,9.90000,10.00000,100500
2017-05-15,9.95000,10.05000,9.95000,10.05000,68700
2017-05-16,10.05000,10.20000,9.95000,10.15000,138200
2017-05-17,10.00000,10.10000,9.57000,9.60000,154500
2017-05-18,9.50000,9.70000,9.50000,9.60000,87500
2017-05-19,9.60000,9.60000,9.25000,9.30000,217600
2017-05-22,9.30000,9.75000,9.20000,9.70000,98100
2017-05-23,9.70000,10.20000,9.55000,10.05000,238500
2017-05-24,10.10000,10.10000,9.25000,9.38000,149800
2017-05-25,9.40000,9.55000,9.15000,9.28000,125900
2017-05-26,9.25000,9.25000,9.05000,9.25000,165600
2017-05-30,9.25000,9.30000,9.10000,9.25000,145800
2017-05-31,9.25000,9.65000,9.00000,9.55000,178200
2017-06-01,9.60000,9.80000,9.35000,9.65000,101400
2017-06-02,9.70000,9.90000,9.65000,9.90000,116600
2017-06-05,9.95000,9.95000,9.65000,9.75000,69400
2017-06-06,9.70000,9.98000,9.65000,9.85000,59000
2017-06-07,9.85000,9.95000,9.75000,9.78000,55300
2017-06-08,9.80000,10.00000,9.75000,9.95000,65200
2017-06-09,10.00000,10.00000,9.80000,9.95000,87700
2017-06-12,9.95000,10.00000,9.80000,9.80000,69500
2017-06-13,9.80000,9.95000,9.70000,9.75000,87000
2017-06-14,9.75000,9.80000,9.60000,9.65000,56600
2017-06-15,9.60000,9.85000,9.50000,9.65000,51700
2017-06-16,9.60000,9.85000,9.55000,9.65000,125100
2017-06-19,9.70000,9.75000,9.53000,9.70000,51100
2017-06-20,9.65000,9.90000,9.60000,9.70000,54200
2017-06-21,9.70000,9.75000,9.55000,9.55000,47400
2017-06-22,9.60000,9.75000,9.50000,9.65000,38000
2017-06-23,9.70000,10.05000,9.55000,9.90000,240000
2017-06-26,9.90000,10.00000,9.75000,9.95000,117600
2017-06-27,9.95000,10.15000,9.85000,9.85000,110600
2017-06-28,9.95000,10.18000,9.95000,10.15000,113200
2017-06-29,10.15000,10.15000,9.88000,10.00000,53900
2017-06-30,10.05000,10.15000,9.88000,10.15000,82200
2017-07-03,10.15000,10.15000,9.81000,9.90000,40000
2017-07-05,9.90000,10.10000,9.85000,10.00000,63400
2017-07-06,9.95000,10.10000,9.80000,9.95000,80500
2017-07-07,10.00000,10.10000,9.87000,10.05000,84100
2017-07-10,9.95000,10.10000,9.95000,10.00000,92600
2017-07-11,10.00000,10.10000,9.93000,10.10000,113600
2017-07-12,10.05000,10.18000,10.00000,10.05000,139300
2017-07-13,10.10000,10.13000,9.66000,10.05000,65200
2017-07-14,10.00000,10.15000,9.95000,10.15000,48300
2017-07-17,10.15000,10.15000,9.95000,10.03000,57400
2017-07-18,9.95000,10.05000,9.95000,10.00000,43000
2017-07-19,10.05000,10.15000,9.95000,10.15000,61500
2017-07-20,10.05000,10.15000,10.00000,10.05000,43500
2017-07-21,10.15000,10.15000,9.90000,10.05000,83200
2017-07-24,10.00000,10.15000,9.95000,10.10000,48900
2017-07-25,10.15000,10.16000,10.10000,10.10000,68500
2017-07-26,10.10000,10.15000,9.98000,10.00000,42800
2017-07-27,10.10000,10.15000,9.80000,10.05000,59000
2017-07-28,10.00000,10.10000,9.80000,9.90000,115800
2017-07-31,9.90000,10.65000,9.90000,10.45000,351700
2017-08-01,10.45000,10.45000,10.15000,10.25000,76300
2017-08-02,10.25000,10.25000,9.93000,9.95000,112200
2017-08-03,10.00000,10.05000,9.20000,9.45000,106600
2017-08-04,9.40000,9.65000,9.35000,9.55000,56900
2017-08-07,9.45000,9.50000,9.25000,9.35000,52300
2017-08-08,9.30000,9.65000,9.25000,9.35000,48100
2017-08-09,9.20000,9.45000,9.20000,9.25000,61300
2017-08-10,9.15000,9.20000,9.05000,9.20000,46500
2017-08-11,9.25000,9.25000,8.95000,9.05000,94700
2017-08-14,9.10000,9.35000,9.05000,9.20000,89400
2017-08-15,9.25000,9.35000,8.95000,9.05000,70100
2017-08-16,9.05000,9.55000,8.90000,8.90000,134500
2017-08-17,8.90000,9.30000,8.80000,8.85000,99800
2017-08-18,8.70000,8.90000,8.50000,8.60000,169000
2017-08-21,8.55000,9.00000,8.55000,8.85000,84800
2017-08-22,8.80000,9.00000,8.80000,8.90000,56400
2017-08-23,8.80000,9.25000,8.80000,9.03000,65800
2017-08-24,9.05000,9.25000,8.98000,9.20000,72600
2017-08-25,9.20000,9.35000,9.05000,9.28000,36300
2017-08-28,9.25000,9.30000,8.95000,9.10000,71400
2017-08-29,9.05000,9.30000,9.05000,9.20000,58800
2017-08-30,9.20000,9.20000,9.10000,9.10000,26700
2017-08-31,9.10000,9.25000,9.10000,9.20000,42700
2017-09-01,9.15000,9.30000,9.15000,9.25000,39400
2017-09-05,9.15000,9.25000,8.99000,9.20000,52100
2017-09-06,9.20000,9.30000,9.15000,9.25000,23700
2017-09-07,9.25000,9.30000,9.15000,9.20000,19500
2017-09-08,9.15000,9.25000,9.05000,9.15000,38500
2017-09-11,9.20000,9.30000,9.05000,9.15000,33500
2017-09-12,9.20000,9.30000,9.20000,9.30000,37200
2017-09-13,9.30000,9.35000,9.25000,9.30000,48500
2017-09-14,9.25000,9.35000,9.15000,9.25000,60900
2017-09-15,9.30000,9.35000,9.20000,9.35000,152200
2017-09-18,9.30000,9.50000,9.30000,9.45000,94300
2017-09-19,9.45000,9.85000,9.40000,9.85000,106300
2017-09-20,9.95000,9.95000,9.55000,9.70000,131400
2017-09-21,9.70000,9.82000,9.50000,9.70000,155600
2017-09-22,9.75000,10.00000,9.70000,9.95000,98200
2017-09-25,9.95000,10.00000,9.60000,9.95000,168000
2017-09-26,9.95000,10.35000,9.95000,10.20000,93400
2017-09-27,10.35000,10.90000,10.27000,10.90000,117300
2017-09-28,10.85000,11.05000,10.40000,10.95000,81500
2017-09-29,10.95000,11.00000,10.55000,10.60000,95000
2017-10-02,10.65000,10.75000,10.40000,10.70000,90600
2017-10-03,10.70000,10.90000,10.70000,10.85000,99500
2017-10-04,10.90000,10.95000,10.75000,10.80000,43400
2017-10-05,10.75000,11.00000,10.51000,11.00000,63500
2017-10-06,10.92000,11.01000,10.75000,10.95000,86100
2017-10-09,11.05000,11.18000,10.95000,11.10000,32000
2017-10-10,11.20000,11.25000,11.05000,11.20000,83000
2017-10-11,11.15000,11.35000,11.15000,11.25000,41000
2017-10-12,11.25000,11.50000,11.23000,11.45000,50000
2017-10-13,11.40000,11.55000,11.35000,11.50000,60500
2017-10-16,11.25000,11.25000,10.70000,11.05000,157800
2017-10-17,11.00000,11.10000,10.75000,10.85000,39400
2017-10-18,10.95000,10.95000,10.65000,10.80000,63400
2017-10-19,10.70000,10.71000,10.53000,10.60000,53300
2017-10-20,10.75000,10.80000,10.60000,10.75000,54800
2017-10-23,10.80000,10.90000,10.45000,10.45000,115900
2017-10-24,10.55000,10.65000,10.25000,10.40000,61600
2017-10-25,10.25000,10.50000,10.10000,10.35000,81400
2017-10-26,10.35000,10.40000,10.05000,10.20000,40600
2017-10-27,10.80000,10.80000,10.15000,10.50000,85600
2017-10-30,10.35000,10.55000,10.25000,10.50000,99000
2017-10-31,10.45000,10.55000,10.35000,10.40000,99800
2017-11-01,10.50000,10.53000,9.90000,10.00000,41500
2017-11-02,10.00000,10.03000,9.75000,9.75000,60000
2017-11-03,9.80000,9.95000,9.70000,9.80000,126600
2017-11-06,9.85000,10.30000,9.70000,10.25000,76700
2017-11-07,10.30000,10.35000,10.00000,10.15000,79500
2017-11-08,10.15000,10.20000,9.90000,10.10000,139300
2017-11-09,10.00000,10.25000,9.90000,10.10000,37400
2017-11-10,10.00000,10.20000,9.95000,10.00000,60000
2017-11-13,10.00000,10.03000,9.73000,9.75000,75300
2017-11-14,9.75000,9.80000,9.50000,9.70000,64200
2017-11-15,9.60000,9.80000,9.21000,9.70000,54700
2017-11-16,9.75000,10.00000,9.75000,9.85000,55700
2017-11-17,9.80000,9.85000,9.70000,9.75000,55400
2017-11-20,9.60000,10.20000,9.60000,10.15000,45900
2017-11-21,10.20000,10.40000,9.95000,10.05000,98800
2017-11-22,10.10000,10.45000,10.10000,10.35000,181200
2017-11-24,10.45000,10.45000,10.20000,10.40000,24700
2017-11-27,10.35000,10.70000,10.25000,10.30000,83800
2017-11-28,10.00000,10.50000,9.91000,10.33000,112300
2017-11-29,10.30000,10.50000,10.00000,10.45000,82200
2017-11-30,10.40000,10.45000,10.10000,10.25000,95200
2017-12-01,10.25000,10.25000,9.75000,9.95000,61800
2017-12-04,10.10000,10.25000,9.75000,9.80000,104300
2017-12-05,9.80000,9.95000,9.55000,9.65000,52000
2017-12-06,9.60000,9.75000,9.50000,9.70000,97600
2017-12-07,9.65000,9.80000,9.60000,9.70000,54600
2017-12-08,9.65000,9.68000,9.29000,9.45000,80300
2017-12-11,9.50000,10.30000,9.50000,10.00000,214800
2017-12-12,10.10000,10.15000,9.95000,10.07000,71100
2017-12-13,10.15000,10.20000,9.95000,9.95000,88000
2017-12-14,9.95000,10.00000,9.70000,9.80000,82600
2017-12-15,9.80000,10.20000,9.75000,9.80000,419500
2017-12-18,9.90000,10.15000,9.85000,9.90000,103600
2017-12-19,9.85000,10.00000,9.66000,9.75000,120100
2017-12-20,9.85000,9.90000,9.75000,9.80000,52700
2017-12-21,9.80000,9.90000,9.75000,9.85000,94000
2017-12-22,9.80000,9.90000,9.75000,9.75000,66900
2017-12-26,9.80000,9.85000,9.55000,9.65000,69200
2017-12-27,9.70000,10.00000,9.55000,9.65000,103300
2017-12-28,9.65000,9.75000,9.50000,9.60000,65200
2017-12-29,9.55000,9.73000,9.50000,9.55000,90200
2018-01-02,9.60000,10.10000,9.45000,9.90000,105000
2018-01-03,10.00000,10.60000,9.75000,10.55000,135300
2018-01-04,10.55000,10.55000,10.00000,10.00000,88900
2018-01-05,10.00000,10.13000,9.85000,10.10000,76400
2018-01-08,10.05000,10.30000,9.85000,10.20000,62500
2018-01-09,10.20000,10.20000,9.60000,9.60000,68300
2018-01-10,9.70000,9.95000,9.50000,9.85000,66100
2018-01-11,9.85000,10.06000,9.70000,9.95000,77800
2018-01-12,10.05000,10.30000,9.90000,10.25000,60000
2018-01-16,10.25000,10.30000,10.13000,10.15000,93100
2018-01-17,10.20000,10.20000,10.05000,10.20000,66700
2018-01-18,10.15000,10.15000,9.90000,9.90000,29500
2018-01-19,9.90000,10.25000,9.85000,10.15000,64600
2018-01-22,10.15000,10.15000,9.93000,10.00000,48000
2018-01-23,10.10000,10.20000,9.85000,10.15000,85900
2018-01-24,10.15000,10.45000,10.15000,10.30000,273400
2018-01-25,10.45000,10.55000,10.23000,10.40000,136700
2018-01-26,9.80000,10.45000,9.45000,10.40000,245000
2018-01-29,10.30000,10.45000,10.30000,10.40000,133200
2018-01-30,10.30000,10.45000,10.25000,10.35000,77700
2018-01-31,10.15000,10.40000,10.06000,10.35000,95600
2018-02-01,10.25000,10.40000,10.20000,10.40000,65000
2018-02-02,10.35000,10.85000,10.25000,10.70000,183000
2018-02-05,10.65000,10.70000,10.25000,10.25000,151400
2018-02-06,10.25000,10.50000,10.25000,10.35000,185000
2018-02-07,10.30000,10.58000,10.30000,10.35000,144800
2018-02-08,10.40000,10.43000,10.20000,10.20000,143400
2018-02-09,10.35000,10.50000,10.25000,10.40000,113900
2018-02-12,10.35000,10.50000,10.07000,10.15000,88700
2018-02-13,10.10000,10.20000,10.10000,10.15000,81700
2018-02-14,10.10000,10.40000,10.10000,10.35000,68200
2018-02-15,10.40000,10.70000,10.35000,10.50000,58600
2018-02-16,10.45000,10.85000,10.35000,10.55000,142900
2018-02-20,10.40000,10.55000,10.20000,10.30000,87100
2018-02-21,10.35000,10.45000,10.30000,10.35000,65500
2018-02-22,10.35000,10.60000,10.25000,10.30000,104100
2018-02-23,10.35000,10.55000,10.30000,10.55000,60700
2018-02-26,10.50000,10.70000,10.50000,10.65000,86700
2018-02-27,10.60000,10.80000,10.60000,10.65000,71700
2018-02-28,10.70000,10.80000,10.45000,10.45000,123300
2018-03-01,10.50000,10.50000,10.15000,10.25000,179200
2018-03-02,10.25000,10.35000,10.15000,10.33000,72100
2018-03-05,10.35000,10.53000,10.30000,10.50000,81700
2018-03-06,10.50000,10.70000,10.30000,10.65000,62500
2018-03-07,10.50000,10.90000,10.45000,10.80000,58000
2018-03-08,10.90000,11.10000,10.60000,11.05000,130700
2018-03-09,11.25000,11.30000,11.00000,11.25000,86600
2018-03-12,11.25000,11.40000,10.98000,11.05000,79900
2018-03-13,11.05000,11.35000,10.65000,10.75000,113700
2018-03-14,10.85000,10.85000,10.58000,10.65000,100900
2018-03-15,10.75000,10.80000,10.50000,10.50000,145700
2018-03-16,10.45000,10.90000,10.40000,10.75000,290000
2018-03-19,10.75000,10.75000,10.45000,10.50000,149400
2018-03-20,10.50000,10.65000,10.45000,10.55000,107900
2018-03-21,10.50000,10.80000,10.45000,10.60000,101700
2018-03-22,10.50000,10.60000,10.35000,10.40000,87200
2018-03-23,10.40000,10.50000,10.25000,10.30000,95600
2018-03-26,10.50000,10.50000,10.20000,10.30000,91400
2018-03-27,10.45000,10.80000,10.45000,10.65000,160800
2018-03-28,10.65000,10.75000,10.35000,10.55000,150000
2018-03-29,10.50000,10.75000,10.25000,10.30000,222900
2018-04-02,10.20000,10.40000,10.10000,10.20000,100000
2018-04-03,10.30000,10.30000,10.05000,10.25000,91100
2018-04-04,10.25000,10.55000,10.10000,10.50000,76300
2018-04-05,10.60000,10.75000,10.45000,10.65000,63900
2018-04-06,10.60000,10.70000,10.50000,10.60000,77800
2018-04-09,10.65000,10.75000,10.55000,10.55000,60500
2018-04-10,10.65000,10.90000,10.60000,10.90000,59200
2018-04-11,10.85000,10.90000,10.75000,10.80000,42900
2018-04-12,10.85000,10.85000,10.65000,10.65000,44300
2018-04-13,10.70000,10.80000,10.60000,10.65000,44000
2018-04-16,10.75000,10.80000,10.55000,10.75000,45800
2018-04-17,10.80000,11.28000,10.80000,11.20000,57500
2018-04-18,11.20000,11.70000,11.16000,11.50000,109800
2018-04-19,11.50000,11.65000,11.35000,11.50000,52900
2018-04-20,11.45000,12.00000,11.45000,11.95000,103800
2018-04-23,11.90000,12.00000,11.75000,11.90000,99700
2018-04-24,11.95000,12.05000,11.70000,11.90000,97600
2018-04-25,11.85000,11.95000,11.43000,11.45000,53400
2018-04-26,11.50000,11.53000,11.15000,11.15000,48800
2018-04-27,11.25000,11.90000,11.15000,11.30000,96300
2018-04-30,11.35000,11.55000,11.28000,11.50000,161000
2018-05-01,11.45000,11.60000,10.31000,11.60000,73700
2018-05-02,11.55000,11.70000,11.50000,11.70000,49200
2018-05-03,11.65000,11.90000,11.55000,11.65000,79700
2018-05-04,11.60000,12.09000,11.50000,12.00000,69200
2018-05-07,11.95000,12.30000,11.65000,12.20000,87900
2018-05-08,12.15000,12.45000,12.10000,12.30000,65200
2018-05-09,12.35000,12.50000,12.10000,12.40000,70000
2018-05-10,12.40000,12.50000,12.25000,12.35000,100300
2018-05-11,12.35000,12.37000,12.00000,12.15000,29700
2018-05-14,12.10000,12.15000,11.85000,11.90000,40900
2018-05-15,11.90000,12.02000,11.80000,11.90000,33300
2018-05-16,11.95000,12.00000,11.80000,11.80000,65800
2018-05-17,11.80000,11.95000,11.75000,11.95000,38300
2018-05-18,11.95000,12.05000,10.26000,11.90000,53400
2018-05-21,11.95000,12.00000,11.90000,12.00000,42200
2018-05-22,11.95000,12.15000,11.90000,11.95000,77000
2018-05-23,12.00000,12.25000,11.90000,12.25000,39800
2018-05-24,12.15000,12.40000,12.01000,12.35000,49200
2018-05-25,12.40000,12.48000,11.80000,12.00000,107200
2018-05-29,11.95000,12.33000,11.95000,12.15000,107000
2018-05-30,12.10000,12.30000,11.86000,11.90000,85400
2018-05-31,11.85000,12.00000,11.70000,11.70000,51500
2018-06-01,11.85000,11.95000,11.75000,11.85000,90100
2018-06-04,11.90000,12.10000,11.83000,12.05000,48600
2018-06-05,12.05000,12.23000,11.95000,12.15000,58600
2018-06-06,12.05000,12.25000,12.05000,12.20000,70000
2018-06-07,12.25000,12.30000,12.00000,12.10000,47900
2018-06-08,12.05000,12.15000,12.00000,12.05000,41900
2018-06-11,12.10000,12.20000,11.90000,12.08000,49900
2018-06-12,12.05000,12.20000,11.90000,12.00000,48700
2018-06-13,12.05000,12.10000,11.75000,11.90000,54200
2018-06-14,11.90000,12.25000,11.90000,12.20000,98500
2018-06-15,12.15000,12.23000,12.05000,12.20000,115900
2018-06-18,12.20000,12.70000,11.95000,12.70000,91400
2018-06-19,12.65000,13.00000,12.50000,12.90000,94800
2018-06-20,13.05000,14.70000,12.95000,13.90000,420300
2018-06-21,14.45000,14.45000,13.60000,14.00000,189300
2018-06-22,14.15000,14.15000,13.65000,13.80000,234100
2018-06-25,13.90000,13.90000,13.35000,13.45000,79300
2018-06-26,13.45000,13.95000,13.40000,13.80000,83100
2018-06-27,13.85000,13.85000,13.40000,13.40000,50600
2018-06-28,13.40000,13.50000,13.25000,13.40000,49400
2018-06-29,13.45000,13.45000,13.00000,13.20000,78600
2018-07-02,13.60000,14.10000,13.30000,14.10000,177900
2018-07-03,14.10000,14.15000,13.85000,13.90000,95700
2018-07-05,14.10000,14.10000,13.75000,13.85000,81500
2018-07-06,13.80000,13.95000,13.65000,13.90000,105000
2018-07-09,14.00000,14.00000,13.65000,13.80000,35600
2018-07-10,13.80000,13.90000,13.60000,13.80000,47200
2018-07-11,13.80000,13.80000,13.60000,13.70000,35200
2018-07-12,13.75000,13.85000,13.60000,13.70000,61800
2018-07-13,13.70000,13.75000,13.40000,13.45000,36700
2018-07-16,13.60000,13.62000,13.45000,13.50000,36600
2018-07-17,13.50000,13.70000,13.45000,13.55000,28400
2018-07-18,13.60000,13.70000,13.45000,13.65000,30200
2018-07-19,13.65000,13.78000,13.60000,13.70000,87200
2018-07-20,13.75000,13.90000,13.65000,13.70000,77900
2018-07-23,13.70000,13.80000,13.60000,13.65000,62900
2018-07-24,13.70000,13.75000,13.15000,13.15000,85900
2018-07-25,13.20000,13.55000,12.95000,13.45000,88700
2018-07-26,13.50000,13.65000,13.25000,13.50000,49000
2018-07-27,14.45000,14.45000,13.20000,13.55000,329400
2018-07-30,13.85000,13.90000,13.30000,13.55000,158100
2018-07-31,13.45000,13.85000,13.40000,13.50000,148300
2018-08-01,13.55000,13.65000,13.15000,13.20000,126300
2018-08-02,13.10000,13.50000,13.10000,13.45000,59100
2018-08-03,13.10000,13.55000,12.94000,12.95000,161300
2018-08-06,12.95000,13.25000,12.95000,13.20000,69100
2018-08-07,13.25000,13.45000,13.18000,13.25000,103000
2018-08-08,13.25000,13.50000,13.10000,13.20000,49400
2018-08-09,13.15000,13.29000,13.05000,13.10000,77400
2018-08-10,13.10000,13.20000,12.99000,13.10000,38900
2018-08-13,13.15000,13.23000,12.95000,13.00000,58000
2018-08-14,13.00000,13.05000,12.75000,12.95000,98700
2018-08-15,13.00000,13.00000,12.63000,12.70000,55400
2018-08-16,12.70000,12.83000,12.60000,12.65000,65700
2018-08-17,12.55000,12.85000,12.55000,12.70000,76300
2018-08-20,12.75000,12.95000,12.56000,12.90000,54200
2018-08-21,13.00000,13.05000,12.88000,13.00000,100300
2018-08-22,13.10000,13.25000,12.97000,13.20000,73700
2018-08-23,13.25000,13.38000,13.00000,13.20000,86700
2018-08-24,13.10000,13.35000,13.05000,13.20000,85800
2018-08-27,13.25000,13.40000,13.15000,13.30000,60800
2018-08-28,13.30000,13.38000,13.20000,13.30000,49100
2018-08-29,13.35000,13.45000,13.15000,13.25000,38500
2018-08-30,13.25000,13.30000,13.15000,13.25000,58200
2018-08-31,13.20000,13.46000,13.15000,13.45000,46800
2018-09-04,13.50000,13.50000,13.10000,13.35000,54200
2018-09-05,13.35000,13.35000,13.10000,13.25000,23600
2018-09-06,13.25000,13.30000,13.05000,13.05000,43200
2018-09-07,13.00000,13.13000,12.90000,13.00000,48500
2018-09-10,13.05000,13.05000,12.65000,12.75000,45500
2018-09-11,12.70000,12.81000,12.51000,12.70000,49500
2018-09-12,12.70000,12.70000,12.26000,12.35000,44300
2018-09-13,12.35000,12.80000,12.35000,12.70000,59500
2018-09-14,12.70000,12.85000,12.65000,12.80000,48800
2018-09-17,12.95000,13.15000,12.95000,13.05000,63300
2018-09-18,13.10000,13.40000,13.05000,13.40000,51800
2018-09-19,13.45000,13.65000,13.15000,13.15000,105400
2018-09-20,13.25000,13.40000,13.08000,13.40000,36500
2018-09-21,13.35000,13.53000,13.15000,13.25000,222500
2018-09-24,13.30000,13.50000,13.15000,13.25000,51600
2018-09-25,13.30000,13.55000,13.30000,13.45000,61000
2018-09-26,13.45000,13.50000,13.30000,13.45000,39000
2018-09-27,13.55000,13.55000,13.20000,13.35000,26300
2018-09-28,13.30000,13.60000,13.10000,13.45000,80000
2018-10-01,13.48000,13.70000,13.07000,13.09000,68600
2018-10-02,13.09000,13.31000,12.66000,12.93000,94600
2018-10-03,12.94000,13.30000,12.80000,13.26000,37500
2018-10-04,13.21000,13.22000,13.00000,13.05000,66900
2018-10-05,13.03000,13.16000,12.58000,12.82000,44500
2018-10-08,11.88000,12.71000,11.88000,12.42000,88700
2018-10-09,12.41000,12.78000,12.30000,12.59000,70700
2018-10-10,12.58000,12.65000,12.12000,12.13000,65700
2018-10-11,12.06000,12.39000,11.82000,11.82000,70100
2018-10-12,12.08000,12.37000,11.76000,11.95000,77900
2018-10-15,11.95000,12.38000,11.78000,11.90000,45100
2018-10-16,12.00000,12.31000,11.89000,12.28000,120000
2018-10-17,12.22000,12.54000,12.15000,12.51000,40900
2018-10-18,12.50000,12.50000,11.97000,11.98000,56300
2018-10-19,11.96000,12.25000,11.83000,11.99000,47000
2018-10-22,12.05000,12.05000,11.85000,11.99000,36000
2018-10-23,11.80000,12.01000,11.61000,11.85000,63100
2018-10-24,11.79000,11.85000,11.31000,11.35000,39800
2018-10-25,11.42000,11.80000,11.42000,11.48000,91100
2018-10-26,11.28000,11.66000,11.08000,11.49000,59000
2018-10-29,11.60000,12.05000,11.49000,11.72000,50400
2018-10-30,11.73000,11.96000,11.73000,11.93000,109600
2018-10-31,12.08000,12.21000,11.58000,11.60000,133400
2018-11-01,11.78000,12.00000,11.50000,11.72000,74800
2018-11-02,11.73000,12.13000,11.63000,11.66000,77000
2018-11-05,11.66000,11.98000,11.48000,11.66000,86600
2018-11-06,11.70000,11.85000,11.60000,11.70000,101700
2018-11-07,11.69000,11.98000,11.65000,11.82000,129000
2018-11-08,11.74000,11.89000,11.66000,11.86000,44700
2018-11-09,11.79000,11.94000,11.59000,11.60000,156100
2018-11-12,11.60000,11.69000,11.37000,11.49000,98000
2018-11-13,11.49000,11.77000,11.49000,11.61000,64300
2018-11-14,11.74000,11.86000,11.16000,11.19000,106900
2018-11-15,11.00000,11.61000,10.95000,11.59000,90200
2018-11-16,11.73000,12.77000,11.63000,12.70000,173300
2018-11-19,12.60000,12.99000,11.79000,11.94000,150000
2018-11-20,11.73000,12.05000,11.31000,11.87000,87000
2018-11-21,11.84000,12.14000,11.69000,11.73000,82000
2018-11-23,11.60000,11.99000,11.53000,11.62000,48100
2018-11-26,11.65000,11.81000,11.50000,11.74000,67200
2018-11-27,11.63000,11.73000,11.46000,11.62000,45100
2018-11-28,11.71000,11.76000,11.50000,11.72000,89700
2018-11-29,11.69000,11.84000,11.65000,11.70000,69300
2018-11-30,11.71000,11.95000,11.65000,11.84000,133800
2018-12-03,12.05000,12.05000,11.63000,11.85000,92300
2018-12-04,11.79000,11.84000,11.03000,11.08000,98700
2018-12-06,10.96000,11.25000,10.96000,11.23000,83200
2018-12-07,11.29000,11.41000,10.70000,10.76000,129200
2018-12-10,10.77000,11.09000,10.70000,11.02000,96100
2018-12-11,11.25000,11.25000,10.78000,11.10000,77800
2018-12-12,11.23000,11.85000,11.23000,11.58000,88300
2018-12-13,11.61000,11.78000,11.47000,11.57000,73500
2018-12-14,10.78000,11.52000,10.78000,11.24000,80200
2018-12-17,11.26000,11.34000,10.83000,10.90000,160500
2018-12-18,11.07000,11.07000,10.61000,10.61000,165200
2018-12-19,10.56000,10.81000,10.12000,10.29000,105200
2018-12-20,10.27000,10.55000,9.97000,9.99000,148200
2018-12-21,10.02000,10.17000,9.64000,9.73000,426200
2018-12-24,9.71000,9.71000,9.28000,9.29000,111500
2018-12-26,9.31000,9.70000,9.31000,9.63000,188100
2018-12-27,9.54000,9.97000,9.52000,9.97000,162700
2018-12-28,10.04000,10.35000,10.02000,10.12000,122000
2018-12-31,10.23000,10.24000,9.89000,10.09000,94600
2019-01-02,9.99000,10.49000,9.95000,10.39000,114700
2019-01-03,10.30000,10.41000,10.02000,10.07000,87400
2019-01-04,10.14000,10.70000,10.11000,10.67000,112800
2019-01-07,10.70000,10.96000,10.69000,10.88000,61500
2019-01-08,11.28000,11.99000,11.27000,11.70000,211300
2019-01-09,11.82000,11.84000,11.25000,11.54000,158800
2019-01-10,11.53000,11.67000,11.38000,11.56000,102000
2019-01-11,11.56000,11.92000,11.43000,11.72000,331900
2019-01-14,11.71000,11.97000,11.48000,11.51000,480500
2019-01-15,11.25000,11.56000,11.00000,11.40000,202700
2019-01-16,11.46000,11.55000,11.26000,11.42000,213900
2019-01-17,11.33000,11.69000,11.29000,11.57000,212600
2019-01-18,11.66000,11.81000,11.47000,11.74000,315400
2019-01-22,11.71000,11.82000,11.34000,11.40000,306500
2019-01-23,11.39000,11.54000,10.67000,11.09000,112600
2019-01-24,11.13000,11.24000,11.03000,11.04000,97300
2019-01-25,11.15000,11.61000,11.02000,11.40000,204000
2019-01-28,11.31000,11.50000,11.11000,11.36000,231600
2019-01-29,11.35000,11.67000,11.27000,11.53000,133500
2019-01-30,11.58000,11.68000,11.32000,11.42000,142600
2019-01-31,11.42000,11.93000,11.34000,11.86000,209400
2019-02-01,12.65000,14.20000,12.36000,13.50000,920200
2019-02-04,13.50000,14.44000,13.38000,14.08000,384700
2019-02-05,14.00000,14.11000,13.40000,13.44000,410400
2019-02-06,13.44000,13.77000,13.20000,13.53000,600000
2019-02-07,13.52000,13.63000,13.34000,13.41000,197600
2019-02-08,13.41000,13.54000,13.25000,13.28000,129200
2019-02-11,13.40000,13.42000,13.14000,13.15000,153600
2019-02-12,13.20000,13.33000,13.04000,13.19000,226300
2019-02-13,13.25000,13.39000,13.08000,13.26000,341000
2019-02-14,13.25000,13.40000,13.23000,13.33000,246200
2019-02-15,13.44000,13.55000,13.37000,13.49000,199500
2019-02-19,13.50000,13.66000,13.36000,13.38000,142500
2019-02-20,13.33000,13.53000,13.33000,13.52000,252700
2019-02-21,13.47000,13.66000,13.47000,13.56000,136600
2019-02-22,13.65000,13.74000,13.63000,13.67000,160400
2019-02-25,13.84000,13.86000,13.51000,13.64000,155900
2019-02-26,13.64000,13.67000,13.40000,13.40000,131700
2019-02-27,13.35000,13.39000,13.16000,13.21000,84100
2019-02-28,13.21000,13.26000,13.11000,13.20000,168200
2019-03-01,13.24000,13.31000,13.01000,13.02000,205700
2019-03-04,13.03000,13.15000,12.96000,13.05000,141500
2019-03-05,13.01000,13.13000,12.89000,12.95000,128800
2019-03-06,12.96000,12.96000,12.51000,12.71000,213600
2019-03-07,12.68000,12.75000,12.57000,12.67000,99200
2019-03-08,12.57000,12.72000,12.52000,12.59000,101700
2019-03-11,12.67000,13.16000,12.65000,13.09000,220000
2019-03-12,13.11000,13.14000,12.91000,13.10000,84200
2019-03-13,13.15000,13.16000,12.84000,12.84000,110000
2019-03-14,12.87000,13.14000,12.87000,13.05000,90500
2019-03-15,13.09000,13.14000,12.64000,12.68000,318300
2019-03-18,12.68000,13.04000,12.65000,12.93000,316600
2019-03-19,12.98000,13.07000,12.81000,12.88000,140800
2019-03-20,12.84000,13.22000,12.79000,13.04000,149800
2019-03-21,13.01000,13.29000,13.01000,13.13000,112800
2019-03-22,13.06000,13.11000,12.37000,12.39000,193000
2019-03-25,12.35000,12.51000,12.23000,12.36000,104600
2019-03-26,12.40000,12.68000,12.40000,12.51000,85400
2019-03-27,12.46000,12.71000,12.23000,12.47000,70700
2019-03-28,12.45000,12.85000,12.40000,12.78000,164500
2019-03-29,12.86000,12.86000,12.54000,12.67000,156100
2019-04-01,12.82000,12.91000,12.62000,12.68000,136500
2019-04-02,12.70000,12.79000,12.49000,12.53000,103100
2019-04-03,12.72000,12.78000,12.49000,12.55000,175800
2019-04-04,12.60000,12.74000,12.40000,12.50000,106300
2019-04-05,12.57000,12.68000,12.46000,12.54000,151300
2019-04-08,12.54000,12.65000,12.40000,12.47000,129300
2019-04-09,12.45000,12.51000,12.33000,12.33000,98700
2019-04-10,12.33000,12.63000,12.28000,12.58000,153700
2019-04-11,12.61000,12.61000,12.46000,12.48000,72300
2019-04-12,12.55000,12.55000,12.41000,12.49000,67700
2019-04-15,12.50000,12.56000,12.35000,12.54000,114300
2019-04-16,12.59000,13.03000,12.48000,12.78000,242900
2019-04-17,12.86000,13.01000,12.47000,12.60000,106200
2019-04-18,12.59000,12.67000,12.47000,12.50000,73300
2019-04-22,12.58000,12.71000,12.52000,12.69000,78900
2019-04-23,12.76000,13.06000,12.60000,13.04000,130500
2019-04-24,13.10000,13.23000,13.02000,13.03000,97900
2019-04-25,13.01000,13.05000,12.70000,12.82000,84900
2019-04-26,12.79000,12.86000,12.69000,12.81000,79000
2019-04-29,12.77000,13.06000,12.77000,12.97000,91500
2019-04-30,13.00000,13.09000,12.76000,12.87000,198200
2019-05-01,13.00000,13.06000,12.82000,12.92000,207100
2019-05-02,12.95000,13.16000,12.87000,13.10000,118600
2019-05-03,12.80000,12.85000,12.33000,12.75000,211300
2019-05-06,12.46000,12.92000,12.44000,12.82000,151300
2019-05-07,12.60000,12.79000,12.38000,12.48000,121600
2019-05-08,12.56000,12.56000,12.32000,12.34000,71100
2019-05-09,12.31000,12.35000,12.10000,12.20000,95500
2019-05-10,12.12000,12.24000,11.99000,12.14000,85800
2019-05-13,11.80000,11.93000,11.58000,11.67000,185800
2019-05-14,11.70000,11.95000,11.70000,11.88000,78800
2019-05-15,11.80000,11.93000,11.78000,11.83000,82300
2019-05-16,11.89000,12.06000,11.87000,11.99000,177000
2019-05-17,11.87000,12.11000,11.87000,11.90000,56000
2019-05-20,11.81000,11.91000,11.73000,11.88000,60700
2019-05-21,11.99000,12.09000,11.85000,12.01000,59400
2019-05-22,11.96000,12.05000,11.87000,11.94000,64100
2019-05-23,11.82000,11.86000,11.43000,11.50000,88300
2019-05-24,11.56000,11.79000,11.54000,11.75000,186800
2019-05-28,11.76000,11.89000,11.75000,11.79000,61000
2019-05-29,11.21000,11.66000,11.21000,11.48000,210000
2019-05-30,11.49000,11.83000,11.49000,11.74000,114500
2019-05-31,11.57000,11.63000,10.88000,10.89000,130800
2019-06-03,10.90000,11.05000,10.84000,10.97000,131200
2019-06-04,11.09000,11.45000,11.09000,11.44000,133600
2019-06-05,11.50000,11.50000,11.30000,11.42000,116600
2019-06-06,11.47000,11.56000,11.24000,11.44000,118200
2019-06-07,11.42000,11.59000,11.33000,11.52000,73100
2019-06-10,11.57000,11.82000,11.47000,11.51000,61600
2019-06-11,11.64000,11.75000,11.32000,11.46000,93600
2019-06-12,11.45000,11.48000,11.23000,11.45000,71800
2019-06-13,11.47000,11.79000,11.41000,11.49000,71000
2019-06-14,12.00000,12.47000,11.83000,11.83000,177400
2019-06-17,11.90000,11.90000,11.55000,11.61000,98300
2019-06-18,11.66000,12.02000,11.60000,11.83000,90300
2019-06-19,11.91000,11.91000,11.72000,11.86000,58900
2019-06-20,12.00000,12.12000,11.92000,12.04000,130300
2019-06-21,12.03000,12.14000,11.85000,11.88000,237800
2019-06-24,11.88000,11.92000,11.67000,11.70000,163200
2019-06-25,11.71000,12.10000,11.65000,12.06000,233800
2019-06-26,12.10000,12.45000,12.10000,12.17000,158100
2019-06-27,12.23000,12.34000,12.20000,12.32000,147000
2019-06-28,12.31000,12.72000,12.31000,12.68000,295600
2019-07-01,12.81000,12.97000,12.67000,12.80000,120700
2019-07-02,12.84000,12.90000,12.51000,12.69000,121300
2019-07-03,12.75000,13.14000,12.71000,12.93000,123900
2019-07-05,12.87000,12.98000,12.61000,12.66000,133900
2019-07-08,12.66000,12.73000,12.49000,12.61000,148100
2019-07-09,12.56000,12.66000,12.43000,12.63000,109400
2019-07-10,12.72000,12.86000,12.55000,12.58000,128900
2019-07-11,12.65000,12.87000,12.61000,12.85000,94800
2019-07-12,12.85000,12.95000,12.80000,12.89000,101200
2019-07-15,12.91000,12.99000,12.65000,12.83000,118900
2019-07-16,12.81000,13.05000,12.81000,12.87000,91800
2019-07-17,12.85000,12.89000,12.74000,12.86000,126800
2019-07-18,12.85000,12.94000,12.80000,12.87000,73300
2019-07-19,12.82000,13.04000,12.82000,13.01000,110800
2019-07-22,13.03000,13.07000,12.81000,12.83000,175000
2019-07-23,12.90000,12.98000,12.81000,12.88000,160400
2019-07-24,12.88000,13.32000,12.86000,13.29000,104700
2019-07-25,13.36000,13.39000,12.98000,13.07000,89000
2019-07-26,13.15000,13.31000,13.06000,13.25000,57900
2019-07-29,13.30000,13.30000,13.13000,13.24000,47400
2019-07-30,13.16000,13.38000,13.15000,13.30000,89100
2019-07-31,13.31000,13.49000,13.10000,13.13000,121600
2019-08-01,13.19000,13.42000,13.08000,13.12000,77400
2019-08-02,13.03000,13.12000,12.81000,12.84000,75500
2019-08-05,12.80000,12.82000,12.30000,12.53000,112500
2019-08-06,12.63000,12.69000,12.32000,12.51000,106200
2019-08-07,12.34000,12.57000,12.22000,12.49000,55600
2019-08-08,12.55000,13.07000,12.55000,12.83000,138600
2019-08-09,13.38000,13.38000,12.37000,13.09000,251800
2019-08-12,13.06000,13.67000,13.06000,13.65000,181700
2019-08-13,13.46000,13.80000,13.30000,13.76000,261900
2019-08-14,13.24000,13.66000,13.03000,13.59000,196200
2019-08-15,13.59000,13.67000,13.02000,13.04000,137000
2019-08-16,13.15000,13.28000,13.06000,13.14000,138800
2019-08-19,13.33000,13.44000,13.17000,13.19000,67000
2019-08-20,13.15000,13.29000,13.10000,13.18000,92000
2019-08-21,13.33000,13.60000,13.30000,13.50000,90800
2019-08-22,13.50000,13.71000,13.38000,13.47000,129500
2019-08-23,13.43000,13.47000,12.94000,12.95000,95000
2019-08-26,13.07000,13.14000,12.86000,12.91000,63000
2019-08-27,12.97000,13.04000,12.52000,12.54000,91000
2019-08-28,12.51000,12.75000,12.51000,12.58000,62700
2019-08-29,12.68000,13.01000,12.68000,12.93000,66100
2019-08-30,12.97000,13.03000,12.73000,12.78000,56300
2019-09-03,12.67000,12.80000,12.49000,12.55000,80100
2019-09-04,12.72000,12.96000,12.60000,12.72000,64600
2019-09-05,12.89000,13.29000,12.82000,12.99000,72500
2019-09-06,13.06000,13.14000,12.75000,13.04000,62000
2019-09-09,13.06000,13.26000,12.93000,13.19000,57300
2019-09-10,13.17000,13.48000,12.92000,13.30000,76900
2019-09-11,13.44000,14.18000,13.39000,14.13000,162800
2019-09-12,14.30000,14.58000,13.94000,14.52000,155100
2019-09-13,14.54000,14.71000,14.32000,14.37000,108700
2019-09-16,14.31000,14.54000,14.18000,14.24000,76000
2019-09-17,14.17000,14.39000,14.09000,14.24000,73000
2019-09-18,14.25000,14.40000,13.91000,13.95000,82900
2019-09-19,14.03000,14.18000,13.70000,13.71000,55600
2019-09-20,13.74000,13.91000,13.55000,13.60000,247600
2019-09-23,13.62000,13.70000,13.55000,13.66000,45900
2019-09-24,13.70000,13.85000,13.56000,13.63000,103700
2019-09-25,13.57000,13.87000,13.54000,13.85000,89700
2019-09-26,13.83000,13.83000,13.59000,13.72000,48800
2019-09-27,13.78000,13.87000,13.66000,13.75000,107800
2019-09-30,13.79000,13.80000,13.61000,13.62000,75400
2019-10-01,13.70000,13.97000,13.28000,13.32000,85600
2019-10-02,13.24000,13.37000,13.06000,13.29000,79800
2019-10-03,13.25000,13.38000,13.00000,13.05000,63600
2019-10-04,13.10000,13.54000,13.10000,13.52000,82100
2019-10-07,13.46000,13.72000,13.41000,13.62000,63700
2019-10-08,13.55000,13.57000,13.29000,13.34000,79200
2019-10-09,13.38000,13.48000,13.17000,13.31000,53600
2019-10-10,13.35000,13.44000,13.25000,13.39000,59200
2019-10-11,13.57000,13.88000,13.46000,13.62000,67100
2019-10-14,13.63000,13.73000,13.55000,13.72000,46500
2019-10-15,13.66000,14.22000,13.66000,13.89000,77300
2019-10-16,13.89000,14.18000,13.89000,14.09000,56000
2019-10-17,14.18000,14.44000,14.17000,14.28000,110300
2019-10-18,14.20000,14.34000,13.85000,14.28000,100000
2019-10-21,14.40000,14.54000,14.18000,14.30000,57800
2019-10-22,14.28000,14.44000,14.19000,14.32000,30100
2019-10-23,14.29000,14.39000,14.19000,14.29000,43400
2019-10-24,14.29000,14.36000,13.80000,13.81000,63400
2019-10-25,13.81000,13.94000,13.75000,13.79000,25500
2019-10-28,13.79000,14.10000,13.77000,13.99000,51500
2019-10-29,13.97000,14.64000,13.87000,14.40000,181600
2019-10-30,14.46000,14.48000,14.19000,14.35000,86900
2019-10-31,14.38000,14.46000,14.14000,14.42000,74500
2019-11-01,14.54000,14.76000,14.44000,14.64000,106300
2019-11-04,14.83000,14.84000,14.44000,14.47000,86400
2019-11-05,14.60000,14.60000,14.33000,14.34000,64200
2019-11-06,14.37000,14.50000,14.01000,14.10000,105900
2019-11-07,14.23000,14.33000,14.06000,14.16000,64000
2019-11-08,14.86000,15.87000,14.50000,14.94000,214900
2019-11-11,14.95000,14.95000,14.56000,14.85000,122900
2019-11-12,14.96000,15.10000,14.86000,14.89000,155000
2019-11-13,14.81000,14.91000,14.52000,14.77000,129300
2019-11-14,14.73000,15.27000,14.43000,15.10000,317600
2019-11-15,16.88000,17.45000,16.08000,17.36000,612200
2019-11-18,17.59000,18.51000,17.49000,18.22000,445100
2019-11-19,17.56000,18.29000,17.56000,18.20000,580800
2019-11-20,18.21000,18.99000,18.20000,18.48000,400300
2019-11-21,18.53000,18.58000,17.81000,18.16000,161500
2019-11-22,18.12000,18.53000,17.94000,18.43000,294300
2019-11-25,18.04000,18.77000,17.77000,18.09000,319600
2019-11-26,17.92000,18.21000,17.55000,17.78000,191300
2019-11-27,17.75000,18.10000,17.68000,17.94000,121300
2019-11-29,17.88000,18.01000,17.69000,17.84000,67700
2019-12-02,17.94000,18.05000,17.27000,17.47000,174500
2019-12-03,17.48000,17.95000,17.35000,17.85000,243500
2019-12-04,17.93000,18.15000,17.35000,17.42000,285400
2019-12-05,17.42000,17.70000,17.19000,17.53000,248200
2019-12-06,17.51000,17.80000,17.05000,17.32000,340700
2019-12-09,17.32000,17.46000,17.07000,17.10000,194300
2019-12-10,17.10000,17.33000,16.79000,17.20000,133400
2019-12-11,17.31000,17.37000,17.11000,17.22000,152900
2019-12-12,17.27000,17.48000,17.14000,17.18000,168700
2019-12-13,17.11000,17.40000,16.93000,17.00000,124700
2019-12-16,17.07000,17.86000,16.85000,17.49000,394000
2019-12-17,17.60000,18.28000,17.60000,18.22000,267100
2019-12-18,18.39000,18.68000,18.32000,18.60000,300700
2019-12-19,18.95000,18.95000,18.33000,18.68000,295700
2019-12-20,18.72000,18.74000,17.73000,18.12000,1146000
2019-12-23,18.08000,18.15000,17.80000,17.83000,114000
2019-12-24,17.82000,17.83000,17.61000,17.78000,51500
2019-12-26,17.90000,17.98000,17.44000,17.54000,86300
2019-12-27,17.56000,17.60000,17.22000,17.36000,100400
2019-12-30,17.48000,18.14000,17.11000,18.06000,819500
2019-12-31,18.16000,18.29000,17.57000,17.72000,202500
2020-01-02,17.93000,17.93000,17.41000,17.63000,94700
2020-01-03,17.39000,17.66000,17.26000,17.66000,169400
2020-01-06,17.49000,17.60000,16.99000,17.55000,186300
2020-01-07,17.52000,17.53000,17.31000,17.40000,187200
2020-01-08,17.49000,17.75000,17.40000,17.57000,144400
2020-01-09,17.57000,17.88000,17.26000,17.31000,529900
2020-01-10,17.33000,17.55000,17.18000,17.36000,165500
2020-01-13,17.35000,17.79000,17.33000,17.70000,123600
2020-01-14,17.70000,17.77000,17.22000,17.45000,247500
2020-01-15,17.49000,17.75000,17.43000,17.54000,130900
2020-01-16,17.64000,17.93000,17.55000,17.65000,96200
2020-01-17,17.76000,17.78000,17.37000,17.49000,174200
2020-01-21,17.56000,17.56000,16.86000,16.90000,162800
2020-01-22,16.91000,17.03000,16.48000,16.52000,197800
2020-01-23,16.47000,16.87000,16.24000,16.83000,257400
2020-01-24,16.87000,16.87000,16.14000,16.36000,160100
2020-01-27,16.11000,16.34000,15.86000,16.02000,151600
2020-01-28,16.16000,16.57000,16.05000,16.53000,196900
2020-01-29,16.64000,16.70000,16.19000,16.41000,239000
2020-01-30,16.30000,16.73000,16.21000,16.73000,320100
2020-01-31,16.05000,16.93000,14.89000,15.80000,1369500
2020-02-03,15.94000,16.12000,14.29000,14.36000,841100
2020-02-04,14.52000,14.60000,13.58000,13.92000,993300
2020-02-05,13.98000,14.32000,13.67000,14.19000,495200
2020-02-06,14.27000,14.52000,14.00000,14.38000,269000
2020-02-07,14.45000,14.74000,14.35000,14.66000,412300
2020-02-10,15.24000,15.34000,14.64000,14.94000,565900
2020-02-11,14.98000,15.25000,14.87000,15.13000,211000
2020-02-12,15.12000,15.12000,14.63000,14.81000,209000
2020-02-13,14.55000,14.84000,14.46000,14.73000,180000
2020-02-14,14.71000,14.91000,14.54000,14.82000,138900
2020-02-18,14.75000,14.85000,14.50000,14.70000,187200
2020-02-19,14.70000,15.03000,14.70000,14.79000,197300
2020-02-20,14.79000,15.07000,14.73000,14.96000,239700
2020-02-21,14.91000,15.05000,14.67000,15.02000,198900
2020-02-24,14.52000,14.78000,14.35000,14.63000,195900
2020-02-25,14.64000,14.64000,13.93000,14.16000,326900
2020-02-26,14.17000,14.38000,13.92000,14.10000,251400
2020-02-27,13.81000,13.94000,13.18000,13.40000,524400
2020-02-28,12.91000,13.31000,12.51000,13.24000,532500
2020-03-02,13.20000,13.44000,12.84000,13.32000,296600
2020-03-03,13.32000,13.59000,13.00000,13.27000,199300
2020-03-04,13.41000,14.07000,13.30000,14.02000,278900
2020-03-05,13.72000,13.86000,13.12000,13.45000,181500
2020-03-06,13.23000,13.36000,12.51000,12.86000,183300
2020-03-09,12.16000,12.16000,11.19000,11.62000,327000
2020-03-10,11.87000,12.27000,11.33000,12.27000,336500
2020-03-11,11.93000,12.06000,11.00000,11.29000,285800
2020-03-12,10.51000,10.65000,9.67000,9.81000,320300
2020-03-13,10.18000,10.28000,9.20000,10.19000,250700
2020-03-16,10.00000,10.00000,9.02000,9.12000,243800
2020-03-17,9.16000,9.52000,8.47000,9.44000,380300
2020-03-18,8.99000,9.13000,6.86000,6.87000,259200
2020-03-19,6.95000,7.35000,6.18000,6.40000,497900
2020-03-20,6.41000,8.15000,6.41000,7.74000,441000
2020-03-23,7.77000,8.55000,7.52000,8.46000,223100
2020-03-24,8.93000,9.09000,8.11000,8.47000,400600
2020-03-25,8.50000,8.80000,8.11000,8.21000,328900
2020-03-26,8.31000,9.68000,8.07000,9.68000,560300
2020-03-27,9.45000,9.52000,9.10000,9.12000,213200
2020-03-30,9.30000,9.81000,8.79000,9.76000,323100
2020-03-31,9.70000,9.94000,9.14000,9.54000,271800
2020-04-01,9.27000,9.27000,8.52000,8.74000,224500
2020-04-02,8.71000,9.20000,8.53000,9.07000,201700
2020-04-03,9.03000,9.03000,7.87000,8.13000,177400
2020-04-06,8.42000,9.66000,8.42000,9.14000,322000
2020-04-07,9.32000,10.04000,8.99000,9.02000,336500
2020-04-08,9.19000,9.74000,9.07000,9.60000,151400
2020-04-09,9.91000,10.47000,9.61000,9.97000,269600
2020-04-13,10.05000,10.05000,9.63000,9.93000,184400
2020-04-14,10.18000,10.37000,9.42000,9.57000,218400
2020-04-15,9.50000,9.62000,9.02000,9.40000,150800
2020-04-16,9.41000,9.64000,9.03000,9.42000,184100
2020-04-17,9.61000,10.27000,9.61000,10.18000,140600
2020-04-20,9.91000,11.20000,9.91000,10.41000,228400
2020-04-21,10.05000,10.19000,9.38000,9.51000,162100
2020-04-22,9.77000,10.16000,9.58000,10.07000,131800
2020-04-23,10.12000,10.60000,10.10000,10.25000,104400
2020-04-24,10.25000,10.39000,9.95000,10.34000,108500
2020-04-27,10.42000,10.71000,10.22000,10.65000,111200
2020-04-28,10.98000,11.84000,10.98000,11.40000,229000
2020-04-29,11.74000,12.18000,11.65000,12.04000,258600
2020-04-30,11.82000,11.88000,11.21000,11.35000,125300
2020-05-01,10.97000,11.38000,10.38000,10.63000,215200
2020-05-04,10.48000,10.91000,10.20000,10.79000,129500
2020-05-05,11.00000,11.23000,10.60000,10.67000,115000
2020-05-06,10.63000,10.73000,10.40000,10.56000,89600
2020-05-07,10.75000,11.10000,10.57000,11.04000,128500
2020-05-08,11.50000,12.34000,11.00000,12.09000,303500
2020-05-11,12.01000,12.29000,11.64000,11.81000,181000
2020-05-12,11.86000,11.90000,11.06000,11.18000,278100
2020-05-13,11.02000,11.16000,9.63000,10.27000,247700
2020-05-14,10.05000,10.30000,9.72000,10.25000,147000
2020-05-15,10.18000,10.49000,9.99000,10.43000,170200
2020-05-18,10.80000,11.06000,10.71000,10.95000,192700
2020-05-19,10.86000,11.36000,10.78000,10.97000,143000
2020-05-20,11.12000,11.58000,11.04000,11.41000,121100
2020-05-21,11.37000,11.55000,11.14000,11.19000,103100
2020-05-22,11.25000,11.25000,10.87000,11.00000,63400
2020-05-26,11.40000,11.54000,11.30000,11.37000,128200
2020-05-27,11.53000,11.74000,11.23000,11.64000,162900
2020-05-28,11.88000,11.88000,11.03000,11.10000,129600
2020-05-29,10.98000,11.16000,10.55000,11.13000,142500
2020-06-01,11.16000,11.50000,11.16000,11.25000,147100
2020-06-02,11.30000,11.43000,11.10000,11.21000,137100
2020-06-03,11.35000,11.83000,11.35000,11.57000,188400
2020-06-04,11.46000,11.66000,11.20000,11.43000,126900
2020-06-05,11.88000,12.10000,11.64000,11.69000,246900
2020-06-08,11.97000,12.49000,11.91000,12.40000,163300
2020-06-09,12.18000,12.39000,12.01000,12.16000,108400
2020-06-10,12.18000,12.18000,11.53000,11.58000,106700
2020-06-11,11.16000,11.16000,10.09000,10.12000,163500
2020-06-12,10.56000,11.05000,10.42000,10.90000,134200
2020-06-15,10.53000,11.16000,10.40000,11.05000,142100
2020-06-16,11.50000,11.50000,11.06000,11.31000,168800
2020-06-17,11.31000,11.31000,10.75000,10.79000,99300
2020-06-18,10.85000,10.98000,10.50000,10.79000,224800
2020-06-19,10.62000,11.10000,10.31000,10.31000,372900
2020-06-22,10.34000,11.00000,10.34000,10.79000,347900
2020-06-23,11.02000,11.09000,10.69000,10.74000,122500
2020-06-24,10.55000,10.65000,10.16000,10.39000,187000
2020-06-25,10.36000,10.78000,10.34000,10.69000,130700
2020-06-26,10.53000,10.88000,10.48000,10.79000,402300
2020-06-29,11.01000,11.26000,10.79000,11.18000,281200
2020-06-30,11.18000,11.66000,11.12000,11.65000,274600
2020-07-01,11.62000,11.75000,11.17000,11.18000,171800
2020-07-02,11.44000,11.56000,11.12000,11.19000,207500
2020-07-06,11.51000,11.61000,11.26000,11.38000,158000
2020-07-07,11.25000,11.25000,10.52000,10.57000,186700
2020-07-08,10.62000,10.99000,10.61000,10.84000,176700
2020-07-09,10.85000,10.97000,10.47000,10.70000,202500
2020-07-10,10.73000,10.90000,10.65000,10.80000,121500
2020-07-13,10.87000,11.06000,10.69000,10.70000,149000
2020-07-14,10.64000,10.88000,10.55000,10.74000,165500
2020-07-15,10.99000,11.41000,10.91000,11.27000,131500
2020-07-16,11.15000,11.33000,10.82000,11.08000,103600
2020-07-17,11.15000,11.47000,11.09000,11.37000,98200
2020-07-20,11.35000,11.42000,11.09000,11.28000,95200
2020-07-21,11.43000,11.63000,11.31000,11.54000,90700
2020-07-22,11.44000,11.57000,11.22000,11.28000,66300
2020-07-23,11.24000,11.67000,11.24000,11.63000,136400
2020-07-24,11.52000,11.59000,11.27000,11.30000,89800
2020-07-27,11.35000,11.97000,11.31000,11.86000,101400
2020-07-28,11.75000,11.90000,11.51000,11.62000,135100
2020-07-29,11.62000,12.20000,11.62000,12.12000,121100
2020-07-30,11.89000,12.22000,11.75000,12.18000,87900
2020-07-31,12.09000,12.14000,11.73000,12.12000,121500
2020-08-03,12.21000,12.64000,12.07000,12.59000,124400
2020-08-04,12.62000,12.62000,12.28000,12.32000,88800
2020-08-05,12.53000,12.77000,12.28000,12.73000,120800
2020-08-06,12.67000,12.80000,12.48000,12.76000,109900
2020-08-07,13.18000,14.64000,13.18000,14.30000,359900
2020-08-10,14.42000,14.61000,13.78000,13.82000,135300
2020-08-11,14.74000,14.95000,13.68000,13.82000,319900
2020-08-12,13.86000,14.18000,13.55000,13.76000,143600
2020-08-13,13.80000,13.85000,13.45000,13.56000,114800
2020-08-14,13.47000,13.91000,13.40000,13.83000,195800
2020-08-17,13.99000,14.62000,13.79000,14.46000,295000
2020-08-18,14.52000,14.61000,13.93000,14.00000,112000
2020-08-19,13.94000,14.18000,13.68000,13.82000,172300
2020-08-20,13.62000,13.96000,13.49000,13.61000,121700
2020-08-21,13.61000,13.61000,13.16000,13.28000,106800
2020-08-24,13.46000,13.61000,13.25000,13.43000,73100
2020-08-25,13.56000,13.66000,13.16000,13.59000,124700
2020-08-26,13.56000,13.97000,13.35000,13.90000,332100
2020-08-27,13.83000,13.99000,13.48000,13.58000,207400
2020-08-28,13.73000,13.73000,13.49000,13.70000,118400
2020-08-31,13.83000,13.83000,13.52000,13.62000,170400
2020-09-01,13.52000,14.01000,13.40000,13.93000,163000
2020-09-02,14.03000,14.18000,13.65000,14.13000,102100
2020-09-03,14.12000,14.12000,13.36000,13.57000,277900
2020-09-04,13.70000,13.70000,13.12000,13.58000,168700
2020-09-08,13.38000,13.56000,13.02000,13.40000,139900
2020-09-09,13.42000,13.77000,13.42000,13.54000,171000
2020-09-10,13.62000,14.34000,13.59000,14.27000,308900
2020-09-11,14.51000,15.04000,14.39000,14.88000,292700
2020-09-14,15.03000,15.03000,14.33000,14.75000,213600
2020-09-15,14.88000,15.01000,14.46000,14.68000,141200
2020-09-16,14.76000,14.97000,14.60000,14.62000,127400
2020-09-17,14.36000,14.72000,14.19000,14.50000,116700
2020-09-18,14.77000,15.67000,14.67000,15.39000,501400
2020-09-21,15.15000,15.16000,14.45000,14.81000,230500
2020-09-22,14.96000,15.11000,14.49000,15.03000,186000
2020-09-23,14.95000,15.11000,14.59000,14.62000,188700
2020-09-24,14.62000,15.05000,14.55000,14.71000,184600
2020-09-25,14.61000,14.77000,14.36000,14.58000,142400
2020-09-28,14.66000,15.42000,14.66000,15.24000,179100
2020-09-29,15.46000,16.10000,15.40000,15.99000,267800
2020-09-30,16.03000,16.06000,15.53000,15.63000,173400
2020-10-01,15.80000,15.89000,15.29000,15.65000,126600
2020-10-02,15.34000,15.77000,15.34000,15.65000,105500
2020-10-05,15.81000,16.30000,15.81000,16.19000,111300
2020-10-06,16.25000,16.62000,15.77000,16.09000,136000
2020-10-07,16.24000,16.49000,16.00000,16.21000,109900
2020-10-08,16.41000,16.59000,16.21000,16.37000,99400
2020-10-09,16.59000,16.76000,16.36000,16.68000,89300
2020-10-12,16.73000,16.99000,16.65000,16.91000,91600
2020-10-13,16.68000,16.97000,16.50000,16.72000,94000
2020-10-14,16.70000,16.91000,16.57000,16.61000,47200
2020-10-15,16.33000,17.00000,16.09000,16.98000,124700
2020-10-16,16.93000,17.11000,16.70000,16.72000,120500
2020-10-19,16.80000,17.07000,16.44000,16.64000,67600
2020-10-20,16.75000,17.81000,16.73000,17.13000,190900
2020-10-21,17.07000,17.41000,15.80000,15.84000,215700
2020-10-22,15.92000,16.18000,15.70000,15.89000,91600
2020-10-23,15.96000,16.10000,15.58000,15.86000,122900
2020-10-26,15.52000,15.89000,15.22000,15.38000,113700
2020-10-27,15.36000,15.75000,15.21000,15.45000,66600
2020-10-28,15.00000,15.22000,14.62000,14.74000,94200
2020-10-29,14.62000,15.28000,14.50000,15.03000,71300
2020-10-30,15.07000,15.07000,14.54000,14.73000,61800
2020-11-02,14.89000,15.30000,14.76000,15.13000,63200
2020-11-03,15.48000,16.01000,15.42000,15.76000,108600
2020-11-04,15.43000,16.05000,15.26000,15.58000,91700
2020-11-05,15.63000,16.45000,15.63000,16.36000,99900
2020-11-06,16.35000,16.46000,15.82000,16.12000,63100
2020-11-09,16.98000,17.61000,16.69000,16.76000,127400
2020-11-10,17.00000,17.37000,16.59000,17.17000,257900
2020-11-11,17.37000,17.73000,17.11000,17.66000,157400
2020-11-12,17.44000,17.80000,17.19000,17.50000,132300
2020-11-13,18.48000,18.61000,16.12000,16.70000,346900
2020-11-16,16.90000,17.98000,16.85000,17.95000,272800
2020-11-17,17.12000,17.69000,16.93000,17.53000,388100
2020-11-18,17.25000,17.88000,16.81000,16.90000,259900
2020-11-19,16.81000,17.11000,16.54000,16.92000,169000
2020-11-20,16.71000,17.08000,16.67000,16.82000,160500
2020-11-23,17.05000,17.40000,16.64000,16.68000,140000
2020-11-24,16.77000,17.06000,16.46000,16.75000,155600
2020-11-25,16.61000,17.23000,16.55000,17.01000,122600
2020-11-27,17.11000,18.09000,17.11000,17.80000,247800
2020-11-30,17.54000,18.03000,17.06000,17.16000,614600
2020-12-01,17.50000,17.81000,17.10000,17.41000,214800
2020-12-02,17.20000,17.34000,16.66000,16.97000,160800
2020-12-03,17.09000,17.26000,16.89000,17.10000,56300
2020-12-04,17.17000,17.54000,17.04000,17.45000,143100
2020-12-07,17.50000,17.66000,17.14000,17.39000,206700
2020-12-08,17.23000,17.59000,17.07000,17.44000,127800
2020-12-09,18.31000,18.31000,17.04000,17.71000,299700
2020-12-10,17.66000,19.38000,17.61000,19.11000,787500
2020-12-11,19.33000,19.69000,18.59000,18.79000,211200
2020-12-14,19.08000,19.31000,18.66000,18.67000,165800
2020-12-15,18.81000,19.45000,18.64000,19.36000,202600
2020-12-16,19.30000,19.65000,19.19000,19.50000,125900
2020-12-17,19.65000,19.85000,19.29000,19.51000,135200
2020-12-18,19.56000,19.94000,18.82000,18.93000,649200
2020-12-21,18.50000,18.64000,18.11000,18.60000,216300
2020-12-22,18.76000,19.14000,18.57000,18.73000,107800
2020-12-23,18.99000,19.27000,18.77000,19.11000,142000
2020-12-24,19.27000,19.73000,19.04000,19.70000,99600
2020-12-28,19.80000,19.92000,19.26000,19.30000,131100
2020-12-29,19.37000,19.37000,18.46000,18.82000,141900
2020-12-30,18.82000,19.17000,18.82000,18.97000,111700
2020-12-31,19.00000,19.02000,18.68000,18.90000,104100
2021-01-04,19.06000,19.06000,18.45000,18.78000,152000
2021-01-05,18.78000,19.19000,18.78000,19.10000,174200
2021-01-06,19.37000,20.12000,19.33000,19.84000,335900
2021-01-07,19.22000,20.35000,19.22000,19.65000,245500
2021-01-08,19.60000,19.73000,18.63000,19.00000,213500
2021-01-11,18.74000,19.16000,18.50000,19.10000,168900
2021-01-12,19.15000,19.43000,18.90000,19.38000,122900
2021-01-13,19.39000,19.42000,18.71000,18.72000,75000
2021-01-14,18.85000,19.57000,18.72000,19.34000,165200
2021-01-15,19.08000,19.33000,18.68000,19.08000,90000
2021-01-19,19.29000,19.74000,19.23000,19.50000,170700
2021-01-20,19.58000,19.95000,19.26000,19.69000,163400
2021-01-21,19.78000,19.78000,19.29000,19.56000,150000
2021-01-22,19.31000,20.11000,18.80000,19.98000,156900
2021-01-25,20.15000,20.33000,19.52000,19.88000,144000
2021-01-26,20.09000,20.39000,19.75000,20.11000,135100
2021-01-27,19.65000,20.07000,19.18000,19.39000,160900
2021-01-28,19.61000,19.62000,18.77000,19.01000,161000
2021-01-29,19.29000,19.37000,18.47000,18.47000,169100
2021-02-01,18.77000,19.61000,18.52000,19.53000,155200
2021-02-02,19.66000,19.89000,19.12000,19.60000,152200
2021-02-03,19.55000,20.24000,19.24000,19.91000,226200
2021-02-04,21.47000,23.73000,20.69000,23.00000,493400
2021-02-05,23.45000,24.94000,22.83000,24.51000,533200
2021-02-08,23.38000,25.28000,22.87000,25.15000,720900
2021-02-09,25.00000,25.61000,24.35000,25.41000,258700
2021-02-10,25.55000,25.55000,24.00000,24.13000,242600
2021-02-11,24.19000,24.50000,23.50000,23.75000,302200
2021-02-12,23.73000,24.52000,23.45000,24.37000,187600
2021-02-16,24.43000,24.68000,23.74000,23.99000,87300
2021-02-17,23.69000,23.75000,23.07000,23.66000,73700
2021-02-18,23.58000,23.79000,22.93000,23.27000,143000
2021-02-19,23.36000,24.11000,23.36000,23.71000,117100
2021-02-22,23.64000,24.17000,23.52000,23.76000,135700
2021-02-23,23.29000,23.66000,22.67000,23.27000,126400
2021-02-24,23.47000,24.10000,23.39000,23.75000,142900
2021-02-25,23.84000,24.35000,22.86000,23.09000,132800
2021-02-26,23.00000,23.68000,22.64000,23.36000,145100
2021-03-01,23.94000,24.48000,23.86000,24.44000,97200
2021-03-02,24.60000,24.90000,23.39000,23.46000,102500
2021-03-03,22.66000,22.82000,20.70000,20.93000,393100
2021-03-04,19.55000,19.55000,17.68000,17.72000,1834300
2021-03-05,18.14000,18.14000,16.33000,17.77000,964000
2021-03-08,17.77000,18.86000,17.51000,18.48000,527100
2021-03-09,19.21000,19.84000,19.11000,19.37000,551000
2021-03-10,19.60000,20.00000,18.96000,19.23000,404600
2021-03-11,19.56000,19.95000,19.36000,19.88000,489100
2021-03-12,19.79000,20.00000,19.25000,19.83000,391200
2021-03-15,19.91000,20.03000,19.19000,19.50000,285700
2021-03-16,19.52000,20.62000,19.46000,20.21000,440200
2021-03-17,20.14000,21.38000,19.80000,21.21000,353600
2021-03-18,20.95000,21.58000,20.60000,20.61000,320000
2021-03-19,20.82000,20.97000,19.80000,20.72000,1182600
2021-03-22,20.79000,21.14000,19.81000,19.97000,204700
2021-03-23,19.66000,19.91000,18.96000,19.10000,185100
2021-03-24,19.34000,19.45000,18.28000,18.29000,357100
2021-03-25,18.06000,19.06000,17.97000,18.95000,316800
2021-03-26,19.12000,19.72000,18.82000,19.48000,158000
2021-03-29,19.34000,19.59000,18.50000,18.58000,197800
2021-03-30,18.72000,19.34000,18.49000,18.91000,169500
2021-03-31,19.00000,19.26000,18.74000,18.99000,241100
2021-04-01,19.18000,19.50000,19.00000,19.36000,223300
2021-04-05,19.77000,19.77000,19.11000,19.48000,148900
2021-04-06,19.39000,19.48000,18.89000,18.98000,162200
2021-04-07,19.14000,19.30000,18.48000,18.70000,194200
2021-04-08,18.68000,18.78000,18.43000,18.62000,207500
2021-04-09,18.63000,18.85000,18.39000,18.74000,135000
2021-04-12,18.75000,18.91000,18.30000,18.75000,102200
2021-04-13,18.80000,18.98000,18.60000,18.84000,160800
2021-04-14,18.79000,19.16000,18.57000,18.66000,99400
2021-04-15,18.92000,18.92000,18.31000,18.71000,131900
2021-04-16,18.70000,18.70000,18.16000,18.34000,286100
2021-04-19,18.17000,18.34000,17.50000,17.96000,186000
2021-04-20,17.96000,17.96000,17.30000,17.55000,122200
2021-04-21,17.50000,18.03000,17.47000,17.90000,78600
2021-04-22,17.89000,18.15000,17.55000,17.64000,132400
2021-04-23,17.76000,18.58000,17.76000,18.43000,210500
2021-04-26,18.59000,18.87000,18.46000,18.63000,85600
2021-04-27,18.72000,18.72000,18.26000,18.35000,85700
2021-04-28,18.31000,18.56000,18.10000,18.46000,83300
2021-04-29,18.63000,18.63000,18.16000,18.34000,70500
2021-04-30,18.15000,18.26000,17.79000,17.87000,130300
2021-05-03,18.16000,18.24000,17.80000,18.20000,251400
2021-05-04,18.02000,18.02000,17.43000,17.87000,126300
2021-05-05,18.01000,18.18000,17.63000,17.87000,327700
2021-05-06,18.00000,18.50000,16.70000,17.51000,447500
2021-05-07,17.66000,18.12000,17.32000,17.87000,506100
2021-05-10,17.75000,17.99000,17.17000,17.52000,403500
2021-05-11,16.93000,17.72000,16.86000,17.58000,142900
2021-05-12,17.34000,17.52000,16.93000,17.21000,225600
2021-05-13,17.38000,17.74000,17.14000,17.63000,198500
2021-05-14,17.84000,18.24000,17.07000,18.17000,186200
2021-05-17,17.99000,18.29000,17.92000,18.24000,139900
2021-05-18,18.35000,18.79000,18.15000,18.15000,168800
2021-05-19,17.99000,18.52000,17.89000,18.44000,172000
2021-05-20,18.44000,18.83000,17.90000,18.83000,166700
2021-05-21,19.00000,19.17000,18.74000,18.78000,120100
2021-05-24,18.82000,19.00000,18.72000,18.81000,129300
2021-05-25,18.88000,19.04000,18.61000,18.73000,160500
2021-05-26,18.93000,19.05000,18.76000,18.89000,136300
2021-05-27,19.02000,19.66000,18.89000,19.57000,539000
2021-05-28,19.63000,19.67000,18.79000,18.96000,144400
2021-06-01,19.10000,19.24000,18.75000,19.08000,193400
2021-06-02,19.15000,19.15000,18.81000,18.95000,141300
2021-06-03,18.88000,19.02000,18.70000,18.83000,164400
2021-06-04,18.83000,18.97000,18.73000,18.86000,126700
2021-06-07,18.94000,19.30000,18.88000,19.20000,167100
2021-06-08,19.30000,19.65000,19.30000,19.61000,127600
2021-06-09,19.75000,19.75000,19.48000,19.60000,137300
2021-06-10,19.74000,19.75000,19.36000,19.44000,121900
2021-06-11,19.56000,19.73000,19.49000,19.66000,102300
2021-06-14,19.75000,19.93000,19.66000,19.86000,165400
2021-06-15,19.89000,20.00000,19.75000,19.91000,129300
2021-06-16,19.91000,20.07000,19.67000,20.02000,172500
2021-06-17,20.02000,20.32000,19.56000,19.57000,197000
2021-06-18,19.18000,19.54000,18.82000,19.08000,321900
2021-06-21,19.23000,19.53000,19.00000,19.34000,125500
2021-06-22,19.34000,19.38000,18.89000,19.35000,85200
2021-06-23,19.37000,19.67000,19.35000,19.49000,123000
2021-06-24,19.60000,20.13000,19.60000,20.06000,157100
2021-06-25,20.18000,20.32000,19.89000,19.96000,601900
2021-06-28,19.95000,20.24000,19.88000,20.21000,124800
2021-06-29,20.28000,20.38000,19.98000,20.05000,110000
2021-06-30,19.95000,20.14000,19.82000,20.11000,80900
2021-07-01,20.15000,20.32000,20.00000,20.20000,86400
2021-07-02,20.23000,20.23000,19.90000,20.02000,73700
2021-07-06,20.02000,20.02000,19.57000,19.82000,95100
2021-07-07,19.82000,20.04000,19.34000,19.58000,122300
2021-07-08,19.25000,19.55000,18.97000,19.44000,80000
2021-07-09,19.75000,20.07000,19.52000,20.02000,88100
2021-07-12,19.95000,20.02000,19.74000,19.94000,58200
2021-07-13,19.88000,20.47000,19.26000,19.65000,83000
2021-07-14,19.83000,19.91000,19.57000,19.69000,120500
2021-07-15,19.56000,19.76000,19.22000,19.50000,84800
2021-07-16,19.75000,19.90000,19.31000,19.37000,90300
2021-07-19,18.96000,19.27000,18.81000,18.95000,88800
2021-07-20,19.08000,19.88000,19.00000,19.64000,169800
2021-07-21,19.82000,20.29000,19.62000,20.28000,134300
2021-07-22,20.17000,20.17000,19.43000,19.57000,98700
2021-07-23,19.74000,19.98000,19.44000,19.83000,124200
2021-07-26,19.96000,20.23000,19.86000,20.12000,69800
2021-07-27,19.77000,20.07000,19.70000,19.96000,105300
2021-07-28,20.15000,20.49000,19.53000,20.36000,82100
2021-07-29,20.67000,20.92000,20.64000,20.77000,110600
2021-07-30,20.64000,21.10000,20.55000,20.68000,112900
2021-08-02,20.87000,21.73000,20.57000,20.92000,147700
2021-08-03,20.63000,21.70000,20.40000,20.71000,218000
2021-08-04,20.59000,20.77000,20.36000,20.70000,116700
2021-08-05,20.95000,20.95000,19.93000,20.23000,172700
2021-08-06,20.45000,20.95000,20.35000,20.76000,92400
2021-08-09,20.63000,20.89000,20.55000,20.69000,111400
2021-08-10,20.75000,20.75000,20.46000,20.49000,143100
2021-08-11,20.54000,20.55000,20.26000,20.49000,73700
2021-08-12,20.53000,20.53000,20.18000,20.36000,75600
2021-08-13,20.34000,20.34000,19.97000,20.14000,60100
2021-08-16,20.04000,20.26000,19.87000,20.19000,132200
2021-08-17,20.10000,20.32000,19.87000,20.18000,156400
2021-08-18,20.11000,20.55000,19.98000,20.17000,115900
2021-08-19,20.07000,20.24000,19.65000,20.10000,102400
2021-08-20,20.02000,20.46000,20.02000,20.38000,145600
2021-08-23,20.41000,20.95000,20.41000,20.78000,110500
2021-08-24,20.77000,21.32000,20.77000,21.23000,142500
2021-08-25,21.12000,21.51000,21.02000,21.27000,187900
2021-08-26,21.22000,21.55000,21.18000,21.35000,163600
2021-08-27,21.32000,22.37000,21.32000,22.10000,185100
2021-08-30,22.06000,22.10000,21.68000,21.93000,170000
2021-08-31,21.94000,22.03000,21.73000,21.98000,149100
2021-09-01,21.99000,22.04000,21.61000,21.99000,99200
2021-09-02,22.01000,22.29000,21.99000,22.17000,170700
2021-09-03,22.17000,22.28000,21.82000,21.90000,103000
2021-09-07,21.88000,22.01000,21.56000,21.67000,109500
2021-09-08,21.53000,21.76000,20.99000,21.68000,219900
2021-09-09,21.68000,22.13000,21.65000,21.70000,108000
2021-09-10,21.90000,21.97000,21.48000,21.85000,218700
2021-09-13,21.96000,22.01000,21.79000,21.95000,105700
2021-09-14,22.03000,22.17000,21.35000,21.41000,110100
2021-09-15,21.45000,21.45000,20.82000,20.98000,135600
2021-09-16,21.09000,21.12000,20.66000,21.10000,110800
2021-09-17,21.12000,21.36000,20.78000,21.28000,384000
2021-09-20,20.83000,20.83000,20.05000,20.31000,142100
2021-09-21,20.35000,21.26000,20.32000,21.13000,249100
2021-09-22,21.26000,21.41000,21.04000,21.25000,84100
2021-09-23,21.28000,21.73000,21.00000,21.69000,57400
2021-09-24,21.57000,21.74000,21.31000,21.52000,90600
2021-09-27,21.60000,21.83000,21.44000,21.63000,59000
2021-09-28,21.56000,21.56000,20.92000,20.95000,92500
2021-09-29,21.10000,21.32000,20.82000,21.07000,75800
2021-09-30,21.24000,21.37000,21.00000,21.02000,56500
2021-10-01,21.08000,21.42000,20.77000,21.32000,143300
2021-10-04,21.38000,21.38000,20.70000,20.77000,101400
2021-10-05,20.89000,21.24000,20.80000,21.10000,126200
2021-10-06,20.84000,21.22000,20.64000,21.16000,122900
2021-10-07,21.25000,21.66000,21.25000,21.30000,87900
2021-10-08,21.34000,21.38000,21.10000,21.12000,30800
2021-10-11,21.07000,21.37000,21.00000,21.01000,44900
2021-10-12,21.10000,21.25000,20.89000,21.09000,67300
2021-10-13,21.08000,21.29000,21.06000,21.26000,64200
2021-10-14,21.46000,21.59000,21.38000,21.55000,80500
2021-10-15,21.74000,21.75000,21.25000,21.30000,106900
2021-10-18,21.21000,21.35000,21.15000,21.25000,72800
2021-10-19,21.29000,21.62000,21.19000,21.51000,100400
2021-10-20,21.52000,21.93000,21.40000,21.79000,129900
2021-10-21,21.82000,21.95000,21.59000,21.69000,86200
2021-10-22,21.68000,21.70000,21.16000,21.20000,57900
2021-10-25,21.16000,21.55000,20.97000,21.29000,87700
2021-10-26,21.41000,21.62000,20.97000,21.03000,129400
2021-10-27,21.02000,21.22000,20.70000,20.71000,82800
2021-10-28,20.77000,21.35000,20.77000,21.30000,73900
2021-10-29,21.23000,21.75000,21.01000,21.55000,142500
2021-11-01,21.68000,22.50000,21.64000,22.41000,168200
2021-11-02,22.61000,23.87000,22.51000,23.01000,169400
2021-11-03,22.93000,23.29000,22.81000,23.13000,163800
2021-11-04,23.31000,23.31000,22.64000,22.99000,98800
2021-11-05,23.29000,23.49000,22.93000,23.11000,138900
2021-11-08,23.35000,23.40000,22.75000,22.88000,114500
2021-11-09,22.89000,23.03000,22.62000,22.68000,87000
2021-11-10,22.60000,22.98000,22.36000,22.53000,94800
2021-11-11,23.00000,25.63000,23.00000,25.00000,242100
2021-11-12,25.00000,25.15000,24.56000,24.98000,116700
2021-11-15,24.90000,24.90000,23.93000,24.18000,381300
2021-11-16,24.18000,24.61000,24.05000,24.47000,130600
2021-11-17,24.37000,24.52000,23.84000,23.94000,105100
2021-11-18,23.93000,24.10000,23.42000,24.05000,141000
2021-11-19,23.94000,24.22000,23.74000,23.78000,87900
2021-11-22,23.96000,24.24000,23.48000,23.48000,90500
2021-11-23,23.06000,23.60000,23.06000,23.46000,101800
2021-11-24,23.42000,23.77000,23.02000,23.58000,79500
2021-11-26,22.93000,22.97000,22.31000,22.59000,74600
2021-11-29,23.03000,23.49000,22.35000,22.40000,102400
2021-11-30,22.28000,22.55000,21.48000,21.53000,413300
2021-12-01,22.17000,22.87000,21.92000,21.95000,167400
2021-12-02,21.95000,22.43000,21.88000,22.36000,116700
2021-12-03,22.38000,22.40000,21.88000,22.22000,109000
2021-12-06,22.36000,23.02000,22.02000,22.76000,138400
2021-12-07,22.96000,23.71000,22.96000,23.45000,130100
2021-12-08,23.54000,23.80000,23.42000,23.65000,57800
2021-12-09,23.48000,24.56000,23.48000,23.92000,135700
2021-12-10,24.15000,24.50000,23.38000,24.43000,139000
2021-12-13,24.39000,24.72000,24.03000,24.40000,149000
2021-12-14,24.31000,24.59000,24.05000,24.43000,71000
2021-12-15,24.43000,25.19000,24.06000,25.16000,132500
2021-12-16,25.25000,25.48000,24.01000,24.12000,121800
2021-12-17,23.99000,25.27000,23.39000,23.97000,412600
2021-12-20,23.57000,24.02000,23.10000,23.95000,116600
2021-12-21,24.20000,24.46000,23.99000,24.30000,116200
2021-12-22,24.26000,24.62000,24.19000,24.61000,183200
2021-12-23,24.80000,24.98000,24.63000,24.83000,89000
2021-12-27,24.65000,25.52000,24.65000,25.49000,93900
2021-12-28,25.42000,25.45000,24.86000,24.92000,57800
2021-12-29,24.93000,25.12000,24.57000,24.87000,67600
2021-12-30,24.85000,25.31000,24.74000,24.97000,69400
2021-12-31,24.89000,25.13000,24.52000,24.57000,81200
2022-01-03,24.74000,25.49000,24.74000,25.38000,103700
2022-01-04,25.52000,25.53000,24.91000,25.17000,88800
2022-01-05,25.07000,25.35000,24.48000,24.53000,87000
2022-01-06,24.80000,25.05000,24.25000,24.69000,99600
2022-01-07,24.64000,24.79000,23.92000,24.28000,72100
2022-01-10,24.20000,24.34000,23.66000,24.29000,148500
2022-01-11,24.24000,24.71000,23.90000,24.64000,128400
2022-01-12,24.85000,25.24000,24.40000,24.40000,91000
2022-01-13,24.55000,24.70000,24.16000,24.25000,63200
2022-01-14,24.04000,24.60000,24.04000,24.44000,99100
2022-01-18,24.10000,24.30000,23.58000,23.63000,145800
2022-01-19,23.66000,23.79000,22.79000,22.90000,104300
2022-01-20,23.12000,23.41000,22.43000,22.44000,73300
2022-01-21,22.18000,22.95000,22.12000,22.14000,112000
2022-01-24,21.68000,22.64000,21.31000,22.62000,152000
2022-01-25,22.36000,22.46000,21.51000,22.13000,83000
2022-01-26,22.46000,22.98000,21.66000,21.99000,90200
2022-01-27,22.09000,22.44000,21.40000,21.50000,68100
2022-01-28,21.53000,21.84000,21.13000,21.83000,68500
2022-01-31,21.84000,22.40000,21.84000,22.34000,190500
2022-02-01,22.39000,22.53000,21.83000,22.11000,164500
2022-02-02,22.25000,22.41000,21.74000,22.17000,218500
2022-02-03,21.80000,22.49000,20.61000,20.62000,223400
2022-02-04,20.77000,20.95000,19.75000,20.31000,211900
2022-02-07,20.30000,20.79000,19.99000,20.02000,118000
2022-02-08,20.10000,20.43000,19.84000,20.40000,130500
2022-02-09,20.47000,20.69000,20.40000,20.64000,126600
2022-02-10,20.27000,20.71000,20.20000,20.48000,271700
2022-02-11,20.48000,20.74000,20.05000,20.19000,148300
2022-02-14,20.17000,20.45000,19.93000,20.02000,120500
2022-02-15,20.15000,20.74000,20.15000,20.57000,93100
2022-02-16,20.39000,20.52000,20.13000,20.45000,99600
2022-02-17,20.25000,20.84000,20.02000,20.06000,104500
2022-02-18,19.96000,20.31000,19.67000,20.14000,108600
2022-02-22,20.02000,20.18000,19.55000,19.56000,153800
2022-02-23,19.68000,19.75000,18.90000,18.94000,121500
2022-02-24,18.66000,19.49000,18.58000,19.49000,550900
2022-02-25,19.68000,20.24000,19.67000,20.10000,117300
2022-02-28,19.82000,20.20000,19.68000,20.08000,160600
2022-03-01,20.00000,20.20000,19.22000,19.35000,144800
2022-03-02,19.43000,20.26000,19.26000,20.09000,169700
2022-03-03,20.09000,20.20000,19.62000,19.78000,77700
2022-03-04,19.48000,19.98000,19.33000,19.95000,149700
2022-03-07,20.03000,20.15000,19.48000,19.50000,135500
2022-03-08,19.53000,20.08000,19.43000,19.52000,100900
2022-03-09,20.19000,20.52000,20.10000,20.26000,126300
2022-03-10,19.94000,20.33000,19.61000,20.23000,72600
2022-03-11,20.40000,20.72000,19.98000,19.98000,86100
2022-03-14,20.04000,20.17000,19.42000,19.50000,103800
2022-03-15,19.50000,19.87000,19.36000,19.84000,111200
2022-03-16,20.04000,20.37000,19.80000,20.33000,98300
2022-03-17,20.21000,20.72000,19.66000,20.59000,75200
2022-03-18,20.63000,20.73000,20.31000,20.35000,465100
2022-03-21,20.52000,20.70000,20.26000,20.37000,128800
2022-03-22,20.40000,20.85000,20.40000,20.78000,101400
2022-03-23,20.62000,20.93000,20.57000,20.81000,119700
2022-03-24,21.01000,21.15000,20.62000,20.84000,118800
2022-03-25,20.94000,21.28000,20.77000,21.12000,95500
2022-03-28,20.98000,21.20000,20.89000,21.11000,63000
2022-03-29,21.36000,21.72000,21.34000,21.51000,174400
2022-03-30,21.61000,21.89000,21.47000,21.64000,172300
2022-03-31,21.57000,21.72000,21.38000,21.52000,179900
2022-04-01,21.68000,21.77000,21.30000,21.58000,128300
2022-04-04,21.65000,21.96000,21.53000,21.81000,162800
2022-04-05,21.72000,21.95000,21.17000,21.25000,140000
2022-04-06,21.02000,21.23000,20.48000,20.50000,169900
2022-04-07,20.47000,20.71000,20.08000,20.56000,131200
2022-04-08,20.57000,20.57000,20.15000,20.34000,159800
2022-04-11,20.18000,20.47000,20.03000,20.03000,132600
2022-04-12,20.21000,20.56000,20.15000,20.23000,79400
2022-04-13,20.31000,20.88000,20.27000,20.70000,130600
2022-04-14,20.76000,20.76000,19.97000,20.13000,175000
2022-04-18,19.97000,20.40000,19.97000,20.12000,107600
2022-04-19,19.84000,20.52000,19.67000,20.33000,101000
2022-04-20,20.56000,20.75000,20.32000,20.34000,87200
2022-04-21,20.50000,20.70000,19.52000,19.59000,138200
2022-04-22,19.52000,19.81000,19.06000,19.13000,138700
2022-04-25,19.00000,19.83000,18.87000,19.75000,185300
2022-04-26,19.54000,19.65000,19.12000,19.34000,417900
2022-04-27,19.35000,19.78000,18.54000,18.59000,179900
2022-04-28,18.82000,19.42000,18.80000,19.29000,122100
2022-04-29,19.09000,19.50000,18.87000,18.92000,117500
2022-05-02,18.87000,19.25000,18.64000,18.98000,120400
2022-05-03,18.93000,19.24000,18.73000,19.18000,117800
2022-05-04,19.16000,19.67000,18.89000,19.66000,95100
2022-05-05,19.76000,20.37000,19.27000,19.99000,211800
2022-05-06,19.79000,20.42000,19.20000,19.29000,190400
2022-05-09,19.05000,20.01000,18.92000,19.78000,185400
2022-05-10,19.92000,20.31000,19.56000,20.15000,194200
2022-05-11,19.92000,20.50000,19.60000,19.69000,167600
2022-05-12,19.60000,20.55000,19.59000,20.39000,211300
2022-05-13,20.49000,21.81000,20.49000,21.74000,214400
2022-05-16,21.56000,22.00000,21.46000,21.56000,162500
2022-05-17,21.95000,22.20000,21.64000,22.08000,128700
2022-05-18,21.91000,22.16000,21.43000,21.81000,221000
2022-05-19,21.45000,22.13000,21.40000,21.87000,229300
2022-05-20,22.13000,22.66000,21.40000,21.86000,194400
2022-05-23,21.96000,22.87000,21.90000,22.55000,267200
2022-05-24,22.32000,23.00000,21.86000,22.61000,124500
2022-05-25,21.58000,22.03000,20.42000,21.74000,272100
2022-05-26,21.74000,22.27000,21.22000,21.96000,146100
2022-05-27,22.13000,22.57000,21.99000,22.53000,122400
2022-05-31,22.19000,22.26000,21.68000,22.10000,263900
2022-06-01,22.20000,23.14000,22.20000,23.08000,229000
2022-06-02,23.46000,23.97000,23.13000,23.91000,397400
2022-06-03,23.79000,26.03000,23.51000,25.72000,545800
2022-06-06,25.75000,26.00000,24.97000,25.11000,579700
2022-06-07,25.00000,25.67000,24.69000,25.66000,354700
2022-06-08,25.35000,25.37000,24.41000,24.53000,184300
2022-06-09,24.42000,24.74000,24.20000,24.23000,155600
2022-06-10,23.81000,23.93000,23.30000,23.55000,161800
2022-06-13,23.07000,23.44000,22.61000,22.79000,312300
2022-06-14,22.80000,22.93000,22.48000,22.52000,148100
2022-06-15,22.73000,23.83000,22.62000,23.64000,244200
2022-06-16,23.06000,23.42000,22.65000,22.83000,183600
2022-06-17,22.95000,22.99000,22.38000,22.74000,309400
2022-06-21,22.75000,23.56000,22.10000,23.26000,210100
2022-06-22,23.22000,23.79000,23.09000,23.61000,132600
2022-06-23,23.59000,23.80000,23.06000,23.08000,137800
2022-06-24,23.20000,24.15000,23.16000,24.12000,530300
2022-06-27,24.34000,24.47000,23.89000,24.28000,119700
2022-06-28,24.34000,24.50000,23.22000,23.30000,136800
2022-06-29,23.27000,23.59000,22.98000,23.52000,127400
2022-06-30,23.32000,24.33000,23.11000,24.22000,255800
2022-07-01,24.16000,24.16000,23.39000,23.73000,141900
2022-07-05,23.27000,23.76000,22.64000,23.71000,247500
2022-07-06,23.70000,24.08000,23.44000,23.91000,104400
2022-07-07,24.17000,24.53000,23.04000,24.46000,144700
2022-07-08,24.48000,24.61000,24.09000,24.31000,104900
2022-07-11,24.30000,24.32000,23.71000,23.74000,104400
2022-07-12,23.74000,23.89000,23.41000,23.57000,111400
2022-07-13,23.20000,24.61000,23.15000,24.43000,143900
2022-07-14,24.05000,24.21000,23.50000,24.16000,84900
2022-07-15,24.53000,24.89000,24.03000,24.85000,99700
2022-07-18,25.08000,25.47000,24.84000,25.31000,270000
2022-07-19,25.36000,27.09000,24.99000,26.23000,553200
2022-07-20,26.38000,26.97000,26.00000,26.87000,257100
2022-07-21,26.81000,26.89000,26.36000,26.85000,153300
2022-07-22,26.85000,26.93000,26.05000,26.37000,127500
2022-07-25,26.45000,26.45000,25.92000,26.27000,117500
2022-07-26,26.12000,26.79000,26.12000,26.45000,134100
2022-07-27,26.53000,27.90000,26.53000,27.79000,517900
2022-07-28,27.90000,28.81000,27.49000,28.65000,274800
2022-07-29,28.61000,28.97000,27.88000,28.49000,247200
2022-08-01,28.49000,29.58000,27.80000,29.54000,246300
2022-08-02,29.36000,29.44000,28.42000,29.14000,251800
2022-08-03,29.32000,30.44000,28.01000,30.07000,334500
2022-08-04,31.75000,35.19000,31.15000,34.78000,1133900
2022-08-05,34.91000,35.71000,32.86000,34.11000,595500
2022-08-08,33.80000,34.11000,32.73000,33.53000,416100
2022-08-09,32.96000,33.48000,32.38000,32.81000,306000
2022-08-10,33.27000,33.80000,32.60000,33.74000,392600
2022-08-11,33.49000,34.32000,33.13000,33.36000,222000
2022-08-12,33.39000,34.14000,32.72000,33.92000,257900
2022-08-15,33.72000,35.50000,33.28000,34.57000,422600
2022-08-16,34.50000,34.52000,33.82000,33.97000,238700
2022-08-17,33.79000,34.15000,33.06000,33.84000,210400
2022-08-18,33.91000,36.23000,33.91000,35.85000,500500
2022-08-19,35.56000,35.60000,34.10000,34.44000,353300
2022-08-22,33.98000,35.23000,33.27000,34.32000,254400
2022-08-23,34.26000,34.48000,33.79000,33.96000,206300
2022-08-24,33.95000,34.88000,33.72000,34.21000,334100
2022-08-25,34.40000,35.67000,34.25000,34.67000,279100
2022-08-26,34.56000,34.85000,32.79000,33.04000,393100
2022-08-29,32.89000,33.58000,31.27000,33.34000,612500
2022-08-30,33.63000,34.10000,33.36000,33.49000,184000
2022-08-31,33.82000,34.31000,33.03000,33.11000,352200
2022-09-01,32.66000,32.88000,31.72000,32.23000,438800
2022-09-02,32.39000,32.95000,31.72000,32.42000,243400
2022-09-06,32.31000,32.31000,31.61000,31.89000,250000
2022-09-07,31.92000,32.88000,31.92000,32.81000,272600
2022-09-08,33.18000,33.42000,32.41000,33.19000,337900
2022-09-09,33.67000,35.42000,33.30000,35.41000,560000
2022-09-12,35.49000,37.44000,35.49000,36.60000,651200
2022-09-13,35.87000,35.87000,34.41000,34.72000,319200
2022-09-14,34.91000,35.32000,34.26000,34.60000,240700
2022-09-15,34.20000,35.16000,34.02000,34.86000,311800
2022-09-16,34.53000,34.95000,34.06000,34.66000,797600
2022-09-19,33.88000,34.73000,32.30000,34.66000,581000
2022-09-20,34.42000,34.95000,33.80000,34.11000,196300
2022-09-21,34.36000,35.15000,33.69000,33.89000,220600
2022-09-22,33.84000,33.84000,32.49000,32.65000,199500
2022-09-23,32.45000,32.45000,31.55000,31.92000,258900
2022-09-26,31.90000,32.80000,31.90000,32.14000,189100
2022-09-27,32.55000,33.16000,32.31000,32.78000,191800
2022-09-28,32.90000,34.79000,32.80000,34.75000,408000
2022-09-29,34.17000,34.45000,32.88000,33.54000,263200
2022-09-30,33.49000,35.18000,33.31000,34.57000,648200
2022-10-03,35.08000,36.96000,34.63000,36.85000,873300
2022-10-04,37.74000,38.60000,36.37000,36.81000,749000
2022-10-05,36.34000,38.43000,35.65000,37.67000,1176200
2022-10-06,37.46000,38.95000,37.45000,37.65000,555600
2022-10-07,37.19000,37.56000,35.27000,36.74000,625800
2022-10-10,36.50000,36.73000,34.42000,35.62000,634000
2022-10-11,35.81000,36.40000,35.01000,35.73000,321100
2022-10-12,35.83000,35.89000,34.54000,34.80000,231500
2022-10-13,34.06000,34.88000,31.72000,34.75000,759600
2022-10-14,34.89000,35.22000,32.40000,32.47000,486600
2022-10-17,33.54000,34.94000,33.35000,34.86000,255600
2022-10-18,35.58000,36.09000,34.94000,35.53000,280200
2022-10-19,35.32000,36.46000,35.14000,36.44000,259900
2022-10-20,36.38000,37.50000,36.09000,36.63000,397900
2022-10-21,36.88000,37.98000,36.35000,37.84000,286000
2022-10-24,38.12000,38.20000,36.68000,38.05000,249100
2022-10-25,38.33000,40.33000,38.28000,39.41000,471200
2022-10-26,39.49000,39.84000,38.63000,38.86000,265700
2022-10-27,39.35000,39.95000,38.73000,39.28000,202800
2022-10-28,39.29000,40.17000,38.93000,39.77000,271400
2022-10-31,39.80000,40.86000,39.04000,40.33000,359800
2022-11-01,40.33000,40.33000,37.09000,37.91000,508600
2022-11-02,37.99000,39.02000,37.15000,37.31000,348900
2022-11-03,36.97000,38.29000,36.34000,36.97000,265800
2022-11-04,37.27000,37.68000,36.11000,37.15000,339900
2022-11-07,37.31000,37.50000,36.37000,36.92000,248300
2022-11-08,37.40000,38.90000,37.13000,37.69000,267100
2022-11-09,37.36000,37.36000,35.96000,36.43000,403500
2022-11-10,39.31000,42.04000,37.59000,39.23000,792000
2022-11-11,40.33000,40.41000,38.28000,39.89000,611900
2022-11-14,39.47000,41.88000,39.46000,41.16000,435300
2022-11-15,41.73000,41.73000,40.23000,41.37000,409800
2022-11-16,40.94000,41.77000,40.57000,41.36000,239000
2022-11-17,40.72000,41.09000,39.25000,39.50000,330900
2022-11-18,40.25000,41.67000,39.99000,41.53000,320700
2022-11-21,41.63000,43.36000,41.27000,41.74000,604700
2022-11-22,41.83000,42.61000,40.78000,42.48000,320100
2022-11-23,42.50000,43.68000,42.06000,42.16000,237000
2022-11-25,42.03000,42.91000,41.93000,42.39000,98200
2022-11-28,41.45000,42.19000,40.78000,41.01000,231000
2022-11-29,40.85000,41.19000,39.26000,40.66000,295200
2022-11-30,40.47000,42.54000,40.47000,42.47000,419200
2022-12-01,42.70000,42.70000,40.92000,41.13000,238000
2022-12-02,40.20000,42.56000,40.01000,41.07000,271600
2022-12-05,41.22000,41.32000,40.27000,40.72000,293400
2022-12-06,40.56000,40.67000,39.68000,40.16000,242000
2022-12-07,40.14000,40.23000,38.80000,39.13000,322100
2022-12-08,39.55000,40.71000,39.38000,40.12000,161600
2022-12-09,39.99000,40.75000,39.14000,39.40000,312200
2022-12-12,39.94000,40.42000,39.78000,40.00000,230700
2022-12-13,41.61000,42.03000,39.97000,40.53000,257700
2022-12-14,40.80000,40.93000,39.21000,39.57000,235200
2022-12-15,39.01000,40.05000,38.18000,39.16000,440700
2022-12-16,38.80000,39.00000,36.78000,37.44000,1248300
2022-12-19,37.40000,37.65000,36.76000,37.04000,250400
2022-12-20,36.92000,37.76000,36.73000,37.45000,170300
2022-12-21,37.57000,38.50000,37.28000,38.11000,165500
2022-12-22,37.87000,37.88000,36.60000,37.11000,168200
2022-12-23,37.14000,37.74000,36.68000,37.19000,124500
2022-12-27,37.07000,37.45000,36.31000,37.15000,157600
2022-12-28,36.96000,37.31000,35.83000,36.00000,202600
2022-12-29,36.38000,37.18000,36.25000,36.81000,154800
2022-12-30,36.48000,36.83000,36.14000,36.55000,177000
2023-01-03,36.79000,37.12000,35.34000,35.83000,319700
2023-01-04,35.89000,36.16000,34.73000,35.21000,505600
2023-01-05,35.05000,35.05000,33.78000,34.39000,469600
2023-01-06,34.80000,35.34000,34.50000,35.13000,207000
2023-01-09,36.32000,37.05000,35.80000,36.38000,303300
2023-01-10,36.62000,36.65000,35.50000,36.18000,214200
2023-01-11,36.18000,36.50000,35.93000,36.40000,157400
2023-01-12,36.77000,37.03000,35.96000,36.92000,207800
2023-01-13,36.71000,36.98000,36.33000,36.92000,190300
2023-01-17,36.80000,37.83000,36.80000,37.46000,189800
2023-01-18,37.64000,38.10000,36.04000,36.20000,254500
2023-01-19,35.89000,36.13000,33.49000,33.55000,343100
2023-01-20,33.89000,34.48000,33.35000,33.94000,274600
2023-01-23,34.06000,35.53000,33.99000,35.04000,258200
2023-01-24,35.04000,35.14000,34.34000,34.53000,208300
2023-01-25,34.21000,34.72000,33.46000,34.66000,179300
2023-01-26,35.00000,35.34000,34.43000,34.74000,155500
2023-01-27,34.68000,34.72000,33.52000,33.53000,204800
2023-01-30,33.13000,34.11000,32.71000,33.37000,283000
2023-01-31,33.36000,34.08000,33.20000,33.99000,264100
2023-02-01,33.99000,35.38000,33.81000,34.93000,372800
2023-02-02,36.32000,36.89000,34.52000,36.45000,617400
2023-02-03,35.89000,36.73000,35.01000,35.21000,299500
2023-02-06,35.12000,36.15000,34.81000,35.84000,332300
2023-02-07,35.66000,36.18000,35.05000,35.86000,301900
2023-02-08,35.64000,35.88000,34.70000,34.74000,214400
2023-02-09,35.04000,35.09000,33.53000,33.92000,355400
2023-02-10,33.90000,34.44000,33.79000,34.26000,249700
2023-02-13,34.18000,34.95000,33.88000,34.93000,188700
2023-02-14,34.80000,35.07000,34.26000,34.53000,292000
2023-02-15,34.40000,35.09000,34.31000,35.06000,215400
2023-02-16,34.73000,34.92000,33.93000,34.22000,344300
2023-02-17,34.30000,34.66000,33.83000,34.50000,203100
2023-02-21,34.00000,34.26000,33.19000,33.27000,191300
2023-02-22,33.30000,33.56000,33.07000,33.22000,233000
2023-02-23,33.51000,33.87000,33.21000,33.57000,194500
2023-02-24,33.00000,33.14000,32.41000,33.05000,246400
2023-02-27,33.40000,33.61000,32.84000,33.13000,174300
2023-02-28,33.09000,33.56000,32.81000,33.37000,390100
2023-03-01,33.36000,33.96000,33.27000,33.88000,248500
2023-03-02,33.59000,34.13000,33.25000,33.85000,262300
2023-03-03,34.06000,34.17000,33.63000,34.06000,224400
2023-03-06,33.99000,34.36000,33.63000,33.92000,330700
2023-03-07,33.87000,34.00000,33.26000,33.62000,397800
2023-03-08,33.64000,34.08000,33.32000,33.98000,236000
2023-03-09,33.95000,34.00000,33.30000,33.31000,270000
2023-03-10,33.14000,33.30000,32.13000,32.40000,373300
2023-03-13,31.79000,32.55000,30.50000,32.48000,608100
2023-03-14,33.33000,33.99000,32.98000,33.69000,375800
2023-03-15,32.93000,33.59000,32.51000,33.53000,515400
2023-03-16,33.13000,33.16000,32.26000,32.64000,329600
2023-03-17,32.52000,32.62000,31.68000,31.77000,447800
2023-03-20,31.97000,32.49000,31.85000,32.34000,393100
2023-03-21,32.78000,33.25000,32.10000,32.59000,284100
2023-03-22,32.36000,32.95000,32.16000,32.19000,233600
2023-03-23,32.29000,32.92000,32.05000,32.27000,197000
2023-03-24,32.00000,32.67000,31.63000,32.58000,169200
2023-03-27,32.74000,33.07000,32.56000,32.92000,214600
2023-03-28,32.84000,32.84000,32.28000,32.75000,187200
2023-03-29,33.11000,33.31000,32.67000,33.20000,204400
2023-03-30,33.55000,33.56000,32.63000,32.85000,216000
2023-03-31,33.05000,33.81000,33.04000,33.68000,460400
2023-04-03,33.62000,34.23000,33.20000,33.86000,227300
2023-04-04,33.94000,34.08000,32.54000,32.74000,219000
2023-04-05,32.57000,32.96000,32.27000,32.75000,175200
2023-04-06,32.65000,33.09000,32.28000,33.08000,161400
2023-04-10,32.95000,33.65000,32.67000,33.59000,345100
2023-04-11,33.56000,33.65000,33.27000,33.55000,200600
2023-04-12,33.85000,34.35000,33.34000,33.51000,109000
2023-04-13,33.69000,33.91000,32.38000,33.80000,137700
2023-04-14,33.62000,34.00000,33.52000,33.65000,121200
2023-04-17,33.53000,33.78000,33.42000,33.66000,113400
2023-04-18,33.68000,34.15000,33.39000,33.50000,135400
2023-04-19,33.21000,33.21000,32.12000,32.33000,347900
2023-04-20,32.00000,32.66000,31.86000,32.51000,176900
2023-04-21,32.46000,32.54000,32.12000,32.47000,157600
2023-04-24,32.37000,32.64000,32.07000,32.09000,216800
2023-04-25,31.77000,32.42000,31.42000,31.48000,309400
2023-04-26,31.35000,31.51000,29.69000,29.71000,352400
2023-04-27,29.85000,30.09000,29.55000,29.99000,243400
2023-04-28,29.89000,30.46000,29.57000,30.16000,213500
2023-05-01,29.90000,30.04000,28.86000,29.13000,409800
2023-05-02,29.10000,29.37000,28.67000,28.94000,353200
2023-05-03,28.87000,29.50000,28.73000,28.93000,356500
2023-05-04,28.87000,32.17000,28.67000,32.11000,786500
2023-05-05,32.86000,32.86000,31.18000,31.49000,326600
2023-05-08,31.43000,31.50000,31.13000,31.25000,301400
2023-05-09,31.23000,31.78000,30.97000,31.54000,353400
2023-05-10,31.84000,32.07000,31.11000,31.40000,171600
2023-05-11,31.41000,31.92000,31.02000,31.90000,203800
2023-05-12,31.98000,32.50000,31.84000,32.10000,155200
2023-05-15,32.11000,32.68000,31.84000,32.44000,148600
2023-05-16,32.15000,32.64000,32.12000,32.28000,237700
2023-05-17,32.49000,32.67000,32.21000,32.47000,276800
2023-05-18,32.37000,33.14000,32.37000,33.11000,236900
2023-05-19,33.76000,33.91000,33.26000,33.87000,235400
2023-05-22,33.97000,34.44000,33.89000,34.43000,181200
2023-05-23,34.41000,34.98000,34.17000,34.63000,218900
2023-05-24,34.52000,34.55000,33.39000,34.43000,239200
2023-05-25,34.65000,35.00000,34.33000,34.76000,175100
2023-05-26,34.70000,35.94000,34.70000,35.75000,160500
2023-05-30,36.13000,36.24000,35.60000,36.09000,177300
2023-05-31,36.02000,36.51000,35.46000,35.95000,791000
2023-06-01,35.72000,36.18000,35.42000,35.67000,268400
2023-06-02,35.98000,36.59000,35.65000,36.53000,280500
2023-06-05,36.26000,36.51000,35.38000,36.40000,265800
2023-06-06,36.16000,37.00000,36.15000,36.93000,237700
2023-06-07,37.00000,37.70000,36.97000,37.31000,351300
2023-06-08,37.19000,37.58000,37.00000,37.31000,157600
2023-06-09,37.41000,37.64000,37.24000,37.43000,142700
2023-06-12,37.54000,37.90000,37.31000,37.75000,127500
2023-06-13,38.16000,38.16000,37.71000,38.02000,198700
2023-06-14,37.88000,38.14000,37.67000,38.01000,360800
2023-06-15,37.90000,38.60000,37.85000,38.14000,401200
2023-06-16,38.55000,38.55000,37.62000,38.00000,523200
2023-06-20,37.87000,38.07000,37.55000,37.89000,174000
2023-06-21,37.66000,39.10000,37.63000,39.06000,468000
2023-06-22,38.89000,39.08000,38.35000,38.71000,293400
2023-06-23,38.27000,38.92000,37.88000,38.25000,1558700
2023-06-26,38.19000,38.99000,37.76000,37.91000,525900
2023-06-27,37.99000,38.51000,37.71000,38.22000,267000
2023-06-28,38.10000,39.30000,37.41000,39.11000,541600
2023-06-29,39.55000,39.98000,39.20000,39.66000,247400
2023-06-30,39.93000,40.02000,39.35000,39.39000,266000
2023-07-03,39.24000,39.58000,38.77000,39.45000,116600
2023-07-05,39.22000,39.22000,38.49000,38.75000,254300
2023-07-06,38.42000,38.73000,38.31000,38.60000,165000
2023-07-07,38.72000,39.19000,38.66000,38.81000,184400
2023-07-10,38.81000,39.60000,38.73000,39.40000,206400
2023-07-11,39.64000,39.65000,39.07000,39.53000,184200
2023-07-12,39.99000,40.74000,39.74000,40.60000,259100
2023-07-13,40.67000,41.80000,40.67000,41.62000,238200
2023-07-14,41.52000,41.69000,41.01000,41.62000,234800
2023-07-17,41.62000,42.35000,41.48000,42.25000,189500
2023-07-18,42.27000,42.40000,41.47000,42.06000,214700
2023-07-19,42.06000,42.23000,41.26000,41.34000,216000
2023-07-20,41.17000,41.29000,40.77000,40.94000,160400
2023-07-21,41.32000,41.32000,40.53000,40.91000,188700
2023-07-24,40.96000,41.42000,40.48000,41.09000,145600
2023-07-25,40.97000,41.60000,40.60000,41.49000,183300
2023-07-26,41.29000,41.67000,41.14000,41.60000,147900
2023-07-27,41.84000,41.98000,41.30000,41.64000,147000
2023-07-28,41.74000,41.99000,41.30000,41.56000,205900
2023-07-31,41.65000,42.12000,41.65000,41.93000,252100
2023-08-01,41.74000,42.95000,41.44000,42.94000,301400
2023-08-02,42.38000,42.71000,41.07000,41.75000,418900
2023-08-03,40.08000,40.58000,34.31000,35.67000,834900
2023-08-04,35.59000,35.60000,31.94000,32.02000,502500
2023-08-07,32.23000,32.87000,32.05000,32.11000,300200
2023-08-08,31.84000,32.86000,31.84000,32.41000,255600
2023-08-09,32.45000,32.45000,30.78000,31.01000,252100
2023-08-10,31.09000,31.14000,30.21000,30.32000,242400
2023-08-11,30.16000,30.35000,29.73000,30.32000,282700
2023-08-14,30.46000,30.98000,30.19000,30.66000,257100
2023-08-15,30.66000,31.07000,30.35000,30.37000,425800
2023-08-16,30.43000,31.01000,30.23000,30.44000,272200
2023-08-17,30.46000,31.62000,30.46000,30.76000,502700
2023-08-18,30.28000,31.23000,30.28000,30.66000,237500
2023-08-21,30.77000,31.26000,30.57000,30.67000,299000
2023-08-22,30.80000,31.29000,30.62000,30.77000,163100
2023-08-23,30.86000,31.47000,30.76000,31.12000,172200
2023-08-24,31.22000,31.22000,30.27000,30.65000,254000
2023-08-25,30.77000,31.79000,30.55000,31.74000,368700
2023-08-28,31.81000,32.39000,31.81000,32.22000,207700
2023-08-29,32.20000,32.53000,32.00000,32.24000,150700
2023-08-30,32.14000,33.37000,32.14000,33.18000,198400
2023-08-31,33.23000,33.80000,33.17000,33.38000,357700
2023-09-01,33.06000,33.32000,32.66000,33.14000,272700
2023-09-05,32.87000,32.87000,32.26000,32.67000,260900
2023-09-06,32.67000,32.87000,32.10000,32.59000,270200
2023-09-07,32.20000,32.20000,31.34000,31.72000,247900
2023-09-08,31.61000,31.64000,31.22000,31.54000,216900
2023-09-11,31.78000,31.78000,30.68000,30.78000,245800
2023-09-12,30.53000,31.07000,30.53000,31.04000,185500
2023-09-13,31.02000,31.07000,30.38000,30.65000,207000
2023-09-14,30.91000,31.76000,30.29000,31.68000,156700
2023-09-15,31.68000,31.75000,31.01000,31.25000,849900
2023-09-18,31.21000,31.35000,30.56000,30.90000,272400
2023-09-19,30.73000,30.92000,29.84000,29.87000,221500
2023-09-20,30.16000,30.26000,29.19000,29.22000,231400
2023-09-21,28.89000,29.02000,28.45000,28.45000,206200
2023-09-22,28.52000,28.83000,28.45000,28.58000,224300
2023-09-25,28.48000,29.18000,28.32000,28.47000,181500
2023-09-26,28.38000,28.51000,27.76000,27.84000,171600
2023-09-27,28.08000,28.35000,27.69000,27.82000,133400
2023-09-28,27.74000,28.17000,27.64000,27.65000,334200
2023-09-29,27.92000,28.07000,26.98000,27.00000,442000
2023-10-02,26.98000,27.50000,26.78000,26.90000,360600
2023-10-03,26.73000,26.77000,25.67000,25.70000,241400
2023-10-04,25.79000,26.51000,25.63000,26.46000,304100
2023-10-05,26.37000,26.41000,24.98000,25.32000,389900
2023-10-06,25.22000,26.07000,25.06000,25.72000,278800
2023-10-09,25.44000,25.53000,25.17000,25.40000,203800
2023-10-10,25.45000,26.25000,25.35000,25.74000,220900
2023-10-11,25.74000,25.92000,25.15000,25.28000,238800
2023-10-12,25.30000,25.30000,24.67000,24.70000,209700
2023-10-13,24.75000,24.80000,24.03000,24.17000,399600
2023-10-16,24.41000,25.43000,24.41000,25.38000,295700
2023-10-17,25.02000,25.51000,24.94000,25.07000,209600
2023-10-18,24.92000,24.92000,24.58000,24.84000,152700
2023-10-19,24.75000,24.97000,24.37000,24.90000,231500
2023-10-20,24.98000,25.60000,24.91000,25.26000,364900
2023-10-23,25.18000,25.47000,24.61000,25.38000,354200
2023-10-24,25.52000,25.81000,24.95000,25.57000,351200
2023-10-25,25.41000,25.54000,24.90000,25.30000,198200
2023-10-26,25.35000,25.64000,25.16000,25.48000,183700
2023-10-27,25.49000,25.56000,25.09000,25.27000,192800
2023-10-30,25.48000,25.51000,24.96000,25.35000,158800
2023-10-31,25.21000,25.30000,24.47000,25.18000,275400
2023-11-01,24.60000,24.60000,23.23000,23.40000,549000
2023-11-02,23.77000,24.55000,23.77000,24.41000,537900
2023-11-03,24.85000,25.67000,24.68000,25.18000,316600
2023-11-06,25.66000,25.68000,24.77000,24.95000,227500
2023-11-07,24.90000,24.98000,24.28000,24.30000,230700
2023-11-08,24.32000,24.55000,23.89000,23.97000,244000
2023-11-09,23.03000,23.49000,21.25000,22.07000,614700
2023-11-10,22.06000,22.69000,22.06000,22.26000,352600
2023-11-13,22.00000,22.75000,21.96000,22.54000,221500
2023-11-14,23.31000,23.94000,23.21000,23.74000,240000
2023-11-15,24.55000,25.63000,24.38000,25.00000,277300
2023-11-16,24.64000,25.02000,24.27000,24.42000,363000
2023-11-17,24.72000,24.72000,24.29000,24.50000,157500
2023-11-20,24.55000,25.36000,24.53000,25.29000,231700
2023-11-21,25.29000,25.33000,24.38000,24.45000,186900
2023-11-22,24.70000,25.09000,24.28000,24.59000,107100
2023-11-24,24.45000,24.74000,24.40000,24.50000,47800
2023-11-27,24.37000,24.72000,24.23000,24.68000,158900
2023-11-28,24.66000,24.78000,24.05000,24.29000,137800
2023-11-29,24.56000,24.90000,23.87000,23.95000,255400
2023-11-30,24.06000,24.06000,23.44000,23.54000,239200
2023-12-01,23.39000,23.97000,23.14000,23.80000,193400
2023-12-04,23.78000,24.04000,23.57000,23.95000,228700
2023-12-05,23.97000,24.12000,22.72000,22.78000,232600
2023-12-06,22.95000,24.46000,22.89000,24.12000,443900
2023-12-07,24.20000,24.77000,23.75000,23.84000,1056600
2023-12-08,23.74000,24.49000,23.74000,24.26000,295700
2023-12-11,24.24000,24.65000,23.90000,24.56000,238900
2023-12-12,24.62000,24.62000,23.63000,23.79000,210400
2023-12-13,23.74000,24.66000,23.27000,24.66000,253000
2023-12-14,25.32000,26.12000,25.03000,25.44000,256500
2023-12-15,26.04000,26.04000,24.79000,24.80000,1325600
2023-12-18,25.15000,25.49000,24.77000,24.85000,203500
2023-12-19,25.15000,25.70000,25.00000,25.50000,226900
2023-12-20,25.50000,26.18000,24.89000,24.91000,282200
2023-12-21,25.24000,25.75000,25.13000,25.72000,220900
2023-12-22,25.75000,26.30000,25.68000,26.16000,234800
2023-12-26,26.19000,26.62000,26.00000,26.49000,191500
2023-12-27,26.71000,26.88000,26.19000,26.28000,167000
2023-12-28,26.18000,26.86000,26.18000,26.83000,214100
2023-12-29,26.82000,26.87000,25.92000,26.00000,236300
2024-01-02,25.80000,26.14000,25.39000,25.69000,195000
2024-01-03,25.48000,25.53000,24.39000,24.58000,209200
2024-01-04,24.64000,24.73000,24.31000,24.35000,169200
2024-01-05,24.09000,24.81000,23.94000,24.55000,239500
2024-01-08,24.59000,25.08000,24.40000,25.00000,163800
2024-01-09,24.62000,24.95000,24.46000,24.66000,126200
2024-01-10,24.58000,24.68000,24.01000,24.14000,159600
2024-01-11,24.02000,24.23000,23.58000,23.84000,197800
2024-01-12,24.22000,24.65000,23.77000,23.89000,235000
2024-01-16,23.75000,24.08000,23.23000,23.27000,232900
2024-01-17,22.90000,23.12000,22.55000,22.94000,205100
2024-01-18,23.15000,23.64000,22.97000,23.56000,138700
2024-01-19,23.78000,23.78000,23.13000,23.66000,159200
2024-01-22,23.95000,25.02000,23.95000,24.85000,230500
2024-01-23,25.23000,25.44000,24.79000,25.32000,205100
2024-01-24,25.51000,25.59000,25.02000,25.32000,170000
2024-01-25,25.85000,25.85000,25.16000,25.58000,173300
2024-01-26,25.81000,25.90000,25.27000,25.41000,134800
2024-01-29,25.30000,25.83000,25.30000,25.75000,149200
2024-01-30,25.48000,25.51000,25.00000,25.17000,177500
2024-01-31,24.97000,25.15000,24.05000,24.31000,444500
2024-02-01,26.50000,28.26000,26.10000,27.68000,716100
2024-02-02,27.68000,29.28000,27.33000,28.85000,383900
2024-02-05,28.56000,28.91000,27.78000,28.52000,454400
2024-02-06,28.52000,29.12000,28.41000,28.68000,237600
2024-02-07,28.72000,29.24000,28.58000,28.76000,204400
2024-02-08,28.50000,29.62000,28.50000,29.27000,249800
2024-02-09,29.35000,29.76000,28.92000,29.62000,208200
2024-02-12,29.69000,30.50000,29.69000,30.26000,213100
2024-02-13,28.88000,29.67000,28.42000,28.67000,292300
2024-02-14,29.05000,29.70000,28.90000,29.61000,141600
2024-02-15,29.72000,30.84000,29.63000,30.57000,237900
2024-02-16,30.32000,30.46000,30.01000,30.42000,145000
2024-02-20,30.00000,30.51000,29.73000,30.48000,142200
2024-02-21,30.24000,30.39000,29.63000,30.00000,119000
2024-02-22,29.97000,30.37000,29.42000,29.73000,219800
2024-02-23,29.65000,29.85000,29.03000,29.43000,133000
2024-02-26,29.41000,30.23000,29.41000,29.98000,140100
2024-02-27,30.13000,30.29000,29.57000,29.60000,105700
2024-02-28,29.30000,29.46000,29.03000,29.15000,101500
2024-02-29,29.62000,29.89000,29.26000,29.56000,277200
2024-03-01,29.53000,29.86000,29.34000,29.86000,133100
2024-03-04,29.77000,29.89000,29.24000,29.29000,95500
2024-03-05,29.08000,29.69000,28.55000,29.04000,146000
2024-03-06,29.20000,29.73000,29.09000,29.24000,127400
2024-03-07,29.39000,30.10000,29.37000,29.67000,105800
2024-03-08,29.98000,30.72000,29.66000,29.72000,150100
2024-03-11,29.54000,30.08000,29.54000,29.93000,74600
2024-03-12,30.10000,30.27000,29.75000,30.16000,88300
2024-03-13,30.00000,30.43000,29.76000,29.83000,110500
2024-03-14,29.71000,29.71000,29.03000,29.17000,110900
2024-03-15,28.99000,29.41000,27.94000,29.14000,286200
2024-03-18,29.44000,29.74000,29.07000,29.12000,121400
2024-03-19,29.07000,29.63000,29.04000,29.45000,79700
2024-03-20,29.30000,29.90000,29.09000,29.70000,92900
2024-03-21,29.99000,30.22000,29.96000,30.10000,180300
2024-03-22,30.16000,30.56000,30.16000,30.33000,88100
2024-03-25,30.49000,30.80000,30.42000,30.61000,100100
2024-03-26,30.85000,31.08000,30.58000,30.64000,103200
2024-03-27,30.99000,31.76000,30.95000,31.75000,111900
2024-03-28,31.64000,32.15000,31.51000,31.93000,177400
2024-04-01,31.87000,31.89000,31.07000,31.35000,107600
2024-04-02,31.00000,31.33000,30.89000,31.08000,182700
2024-04-03,31.00000,32.18000,31.00000,32.03000,188500
2024-04-04,32.30000,32.90000,30.50000,30.62000,207100
2024-04-05,30.45000,31.06000,30.19000,30.89000,83500
2024-04-08,31.21000,32.28000,31.11000,32.24000,179700
2024-04-09,32.22000,32.85000,32.21000,32.82000,185000
2024-04-10,31.81000,31.89000,30.76000,31.00000,146100
2024-04-11,31.26000,31.46000,30.94000,31.34000,78500
2024-04-12,31.15000,31.37000,30.35000,30.91000,122300
2024-04-15,30.86000,31.32000,30.01000,30.40000,144000
2024-04-16,30.00000,30.41000,29.70000,30.32000,171600
2024-04-17,30.70000,30.76000,30.15000,30.16000,215500
2024-04-18,30.15000,30.25000,29.52000,29.60000,144000
2024-04-19,29.36000,29.91000,29.25000,29.31000,165300
2024-04-22,29.51000,29.76000,29.24000,29.49000,98700
2024-04-23,29.56000,30.58000,29.56000,30.40000,101800
2024-04-24,30.57000,31.00000,30.07000,30.73000,167100
2024-04-25,30.31000,30.77000,30.02000,30.59000,149300
2024-04-26,30.81000,31.03000,30.64000,30.95000,91000
2024-04-29,31.05000,31.80000,30.83000,30.97000,145100
2024-04-30,30.56000,30.99000,30.51000,30.66000,184100
2024-05-01,30.59000,31.37000,30.49000,30.72000,209000
2024-05-02,30.67000,30.73000,24.44000,25.50000,545200
2024-05-03,25.92000,27.08000,25.10000,25.73000,522000
2024-05-06,25.75000,27.04000,25.75000,27.01000,218800
2024-05-07,27.17000,27.17000,26.49000,26.60000,264100
2024-05-08,26.60000,26.77000,26.25000,26.39000,158900
2024-05-09,26.54000,27.20000,26.39000,27.00000,133600
2024-05-10,27.15000,27.45000,26.86000,27.39000,159000
2024-05-13,27.67000,27.99000,26.84000,27.05000,171200
2024-05-14,27.39000,27.48000,27.01000,27.14000,115800
2024-05-15,27.46000,27.46000,26.97000,27.03000,124100
2024-05-16,27.07000,27.17000,26.76000,26.90000,174000
2024-05-17,27.03000,27.03000,26.65000,26.94000,152600
2024-05-20,26.94000,26.94000,26.53000,26.70000,106100
2024-05-21,26.60000,26.60000,26.21000,26.35000,90400
2024-05-22,25.53000,26.56000,25.53000,25.91000,283600
2024-05-23,25.82000,25.85000,24.57000,24.83000,394000
2024-05-24,25.06000,25.14000,24.65000,24.87000,214600
2024-05-28,25.19000,25.97000,25.19000,25.34000,209300
2024-05-29,24.93000,25.23000,24.80000,24.86000,156400
2024-05-30,25.11000,25.29000,24.63000,24.75000,187800
2024-05-31,24.98000,25.17000,23.67000,24.36000,297800
2024-06-03,24.72000,24.72000,23.83000,23.85000,213900
2024-06-04,23.60000,24.04000,23.43000,23.67000,217000
2024-06-05,23.90000,23.90000,23.40000,23.78000,253100
2024-06-06,23.61000,23.95000,23.32000,23.42000,249000
2024-06-07,23.19000,23.19000,22.63000,22.68000,165100
2024-06-10,22.50000,22.70000,22.34000,22.45000,160300
2024-06-11,22.31000,22.52000,22.11000,22.32000,186800
2024-06-12,23.04000,23.24000,22.67000,22.78000,195300
2024-06-13,22.71000,22.77000,22.05000,22.40000,140400
2024-06-14,22.15000,22.58000,21.87000,22.34000,157300
2024-06-17,22.16000,22.51000,21.99000,22.44000,108600
2024-06-18,22.55000,22.74000,22.12000,22.24000,302500
2024-06-20,22.29000,22.66000,22.10000,22.14000,188800
2024-06-21,22.28000,22.91000,21.95000,22.84000,593500
2024-06-24,22.84000,23.11000,22.43000,22.44000,164200
2024-06-25,22.40000,22.40000,21.95000,22.22000,116300
2024-06-26,22.00000,22.46000,21.90000,22.27000,143000
2024-06-27,22.36000,22.72000,22.26000,22.68000,159700
2024-06-28,22.97000,23.43000,22.88000,22.93000,1437600
2024-07-01,23.04000,23.17000,22.70000,22.91000,192500
2024-07-02,22.86000,23.08000,22.82000,22.98000,95100
2024-07-03,23.09000,23.11000,22.70000,22.70000,80500
2024-07-05,22.70000,22.95000,22.61000,22.94000,125800
2024-07-08,23.03000,23.17000,22.73000,22.75000,166400
2024-07-09,22.60000,22.61000,22.18000,22.44000,120600
2024-07-10,22.58000,22.94000,22.41000,22.88000,102600
2024-07-11,23.20000,23.57000,23.10000,23.35000,198700
2024-07-12,23.64000,23.92000,23.47000,23.63000,151600
2024-07-15,23.75000,23.96000,23.47000,23.57000,231100
2024-07-16,23.74000,25.06000,23.74000,24.99000,264700
2024-07-17,24.85000,25.74000,24.80000,25.47000,278300
2024-07-18,25.31000,26.06000,25.09000,25.43000,217600
2024-07-19,25.41000,25.41000,24.65000,25.30000,291000
2024-07-22,25.26000,26.23000,24.96000,26.04000,139800
2024-07-23,25.90000,26.41000,25.63000,26.31000,151100
2024-07-24,26.05000,26.67000,25.63000,25.76000,229800
2024-07-25,25.40000,26.08000,24.64000,25.57000,270600
2024-07-26,26.00000,26.50000,25.89000,26.40000,132600
2024-07-29,26.48000,26.84000,26.11000,26.16000,104700
2024-07-30,26.39000,26.77000,26.27000,26.66000,112300
2024-07-31,26.72000,27.96000,26.71000,27.30000,218900
2024-08-01,27.34000,27.50000,24.82000,25.11000,315900
2024-08-02,24.18000,24.74000,23.91000,24.30000,232800
2024-08-05,22.27000,22.95000,20.17000,22.92000,423900
2024-08-06,22.89000,23.88000,22.70000,23.39000,216700
2024-08-07,23.89000,24.42000,23.15000,23.20000,199400
2024-08-08,25.23000,28.01000,24.24000,27.58000,435100
2024-08-09,27.54000,27.54000,26.50000,27.22000,333000
2024-08-12,27.00000,27.53000,26.84000,27.35000,369600
2024-08-13,27.41000,27.95000,26.85000,27.80000,308300
2024-08-14,27.80000,28.03000,27.40000,27.49000,262200
2024-08-15,28.25000,29.29000,28.11000,29.03000,253600
2024-08-16,28.86000,29.15000,28.64000,29.04000,174100
2024-08-19,29.20000,29.69000,28.78000,29.17000,134600
2024-08-20,29.17000,29.42000,28.98000,29.26000,211700
2024-08-21,29.28000,29.28000,28.50000,28.87000,123200
2024-08-22,28.86000,29.24000,28.35000,28.46000,98000
2024-08-23,28.74000,29.61000,28.60000,29.47000,123600
2024-08-26,29.51000,29.92000,29.39000,29.62000,163600
2024-08-27,29.56000,29.56000,28.99000,29.14000,84000
2024-08-28,28.89000,29.01000,28.10000,28.28000,133600
2024-08-29,28.56000,29.21000,28.53000,29.07000,102800
2024-08-30,29.22000,29.54000,28.97000,29.46000,180500
2024-09-03,29.00000,29.24000,28.22000,28.27000,176600
2024-09-04,28.07000,28.69000,28.07000,28.40000,76700
2024-09-05,28.29000,28.49000,28.00000,28.13000,107600
2024-09-06,28.15000,28.15000,27.12000,27.13000,229000
2024-09-09,27.13000,27.61000,26.92000,27.20000,137700
2024-09-10,27.20000,27.20000,26.43000,26.77000,142200
2024-09-11,26.61000,26.64000,25.32000,25.94000,281000
2024-09-12,26.23000,26.52000,25.83000,25.91000,295700
2024-09-13,26.28000,26.64000,25.85000,26.60000,380800
2024-09-16,26.62000,26.82000,26.13000,26.51000,159000
2024-09-17,26.86000,27.25000,26.60000,26.64000,175100
2024-09-18,26.67000,27.76000,25.80000,26.63000,140100
2024-09-19,27.58000,27.67000,27.03000,27.32000,100400
2024-09-20,27.11000,27.48000,26.79000,26.93000,517200
2024-09-23,27.01000,27.38000,26.87000,26.93000,102100
2024-09-24,27.09000,27.44000,26.94000,27.25000,108900
2024-09-25,27.28000,27.46000,26.55000,26.59000,198200
2024-09-26,26.95000,26.97000,26.41000,26.74000,101600
2024-09-27,27.03000,27.44000,26.70000,27.26000,124700
2024-09-30,27.16000,27.63000,26.93000,27.53000,187000
2024-10-01,27.53000,27.83000,26.71000,27.66000,272200
2024-10-02,27.70000,29.14000,27.65000,28.64000,265500
2024-10-03,28.34000,29.20000,28.34000,29.03000,295200
2024-10-04,29.50000,29.62000,28.88000,29.38000,152100
2024-10-07,29.15000,29.63000,28.90000,29.35000,138800
2024-10-08,29.40000,30.14000,29.02000,29.85000,196700
2024-10-09,29.75000,30.32000,29.39000,29.42000,103800
2024-10-10,28.91000,29.27000,28.10000,28.45000,155500
2024-10-11,28.45000,29.63000,28.11000,29.56000,147300
2024-10-14,29.60000,29.87000,29.27000,29.41000,67600
2024-10-15,29.40000,30.06000,29.35000,29.67000,148100
2024-10-16,30.03000,30.57000,29.95000,30.56000,109700
2024-10-17,30.51000,30.83000,29.85000,30.75000,114300
2024-10-18,30.87000,31.00000,30.53000,30.70000,128300
2024-10-21,30.70000,30.79000,30.26000,30.67000,196500
2024-10-22,30.52000,30.67000,30.04000,30.17000,82100
2024-10-23,30.05000,30.24000,29.75000,30.00000,123100
2024-10-24,30.08000,30.15000,29.60000,29.97000,85800
2024-10-25,30.26000,30.85000,29.82000,29.86000,212500
2024-10-28,30.21000,30.57000,30.03000,30.51000,92300
2024-10-29,30.28000,30.60000,30.02000,30.59000,99900
2024-10-30,30.42000,30.90000,29.82000,29.83000,88000
2024-10-31,29.87000,29.99000,28.85000,28.97000,183400
2024-11-01,29.09000,29.63000,28.96000,29.05000,107300
2024-11-04,29.10000,29.78000,29.10000,29.34000,94700
2024-11-05,29.09000,29.72000,29.09000,29.37000,111300
2024-11-06,31.36000,32.83000,31.01000,32.21000,289600
2024-11-07,32.37000,32.55000,31.58000,32.00000,171900
2024-11-08,31.98000,32.38000,31.46000,32.34000,198100
2024-11-11,32.69000,33.33000,32.58000,33.22000,194500
2024-11-12,32.95000,33.15000,32.41000,32.62000,190600
2024-11-13,32.89000,33.19000,31.66000,31.97000,403500
2024-11-14,32.67000,34.09000,30.54000,31.68000,412400
2024-11-15,31.83000,31.83000,30.42000,31.41000,294100
2024-11-18,31.40000,31.69000,30.57000,31.00000,265000
2024-11-19,30.15000,31.54000,30.15000,31.18000,195900
2024-11-20,31.18000,31.74000,30.68000,31.55000,309500
2024-11-21,31.42000,32.06000,31.32000,31.48000,283600
2024-11-22,31.73000,33.20000,31.60000,32.95000,554400
2024-11-25,33.09000,34.44000,32.95000,33.64000,309000
2024-11-26,33.46000,33.47000,32.62000,32.64000,152300
2024-11-27,32.69000,32.99000,32.09000,32.67000,206200
2024-11-29,32.83000,33.66000,32.71000,33.22000,142900
2024-12-02,33.14000,33.53000,32.55000,33.48000,274500
2024-12-03,33.30000,33.40000,32.62000,33.24000,202100
2024-12-04,33.02000,33.39000,32.38000,32.95000,198400
2024-12-05,32.93000,32.95000,32.21000,32.46000,238000
2024-12-06,32.65000,32.67000,32.11000,32.49000,179600
2024-12-09,32.65000,33.45000,32.53000,33.00000,162500
2024-12-10,32.95000,33.67000,32.49000,33.57000,178500
2024-12-11,33.80000,34.30000,33.05000,33.88000,194600
2024-12-12,33.87000,34.82000,33.24000,33.33000,145000
2024-12-13,33.41000,33.64000,32.84000,33.16000,206300
2024-12-16,33.15000,33.97000,32.88000,33.71000,200200
2024-12-17,33.58000,33.66000,32.91000,33.11000,224300
2024-12-18,33.48000,33.78000,31.29000,31.63000,322700
2024-12-19,32.11000,32.38000,31.78000,32.25000,261300
2024-12-20,31.88000,32.53000,30.69000,30.74000,1273500
2024-12-23,30.82000,31.35000,30.38000,30.39000,194800
2024-12-24,30.32000,30.81000,30.03000,30.76000,87300
2024-12-26,30.54000,31.10000,30.22000,30.79000,105800
2024-12-27,30.73000,31.06000,30.02000,30.40000,144900
2024-12-30,30.24000,30.41000,29.59000,30.22000,164200
2024-12-31,30.41000,30.54000,30.10000,30.23000,127000
2025-01-02,30.48000,30.51000,29.17000,29.31000,106000
2025-01-03,29.49000,30.14000,29.15000,29.92000,226000
2025-01-06,30.00000,30.39000,29.53000,29.63000,241300
2025-01-07,29.68000,29.88000,28.89000,29.18000,188000
2025-01-08,28.88000,29.30000,28.35000,29.19000,140300
2025-01-10,28.56000,28.86000,28.09000,28.38000,226400
2025-01-13,28.00000,28.65000,27.92000,28.42000,217700
2025-01-14,28.73000,29.50000,28.72000,29.50000,239900
2025-01-15,30.34000,30.37000,29.60000,30.20000,185100
2025-01-16,30.14000,30.50000,29.92000,30.47000,189800
2025-01-17,30.55000,30.75000,29.96000,30.49000,218600
2025-01-21,29.85000,32.28000,29.85000,32.06000,265600
2025-01-22,32.19000,32.47000,31.70000,32.44000,253900
2025-01-23,32.18000,33.23000,31.96000,32.99000,188200
2025-01-24,32.81000,32.81000,31.65000,32.02000,197700
2025-01-27,31.56000,31.96000,30.67000,30.79000,214900
2025-01-28,30.89000,31.17000,30.52000,30.67000,149800
2025-01-29,30.65000,31.30000,30.60000,30.72000,177600
2025-01-30,31.29000,31.62000,30.82000,30.99000,132700
2025-01-31,31.09000,31.78000,30.90000,31.25000,240100
2025-02-03,30.24000,30.57000,29.73000,29.94000,223000
2025-02-04,29.89000,30.46000,29.51000,30.39000,135700
2025-02-05,30.05000,30.62000,29.99000,30.41000,301900
2025-02-06,30.40000,37.07000,30.40000,35.68000,948700
2025-02-07,36.04000,36.15000,34.13000,35.11000,319400
2025-02-10,35.09000,35.86000,34.47000,35.64000,329900
2025-02-11,34.92000,35.83000,34.87000,35.13000,211900
2025-02-12,34.25000,34.92000,34.21000,34.43000,199300
2025-02-13,34.80000,34.84000,34.27000,34.79000,115200
2025-02-14,34.87000,34.90000,34.31000,34.50000,143600
2025-02-18,34.60000,35.01000,34.32000,34.83000,148600
2025-02-19,34.39000,34.87000,34.02000,34.79000,207300
2025-02-20,34.68000,35.05000,34.20000,35.04000,229700
2025-02-21,35.44000,35.87000,33.64000,33.66000,265700
2025-02-24,33.70000,33.75000,32.80000,33.05000,187000
2025-02-25,33.20000,33.28000,32.12000,32.13000,253900
2025-02-26,32.34000,32.67000,31.89000,32.00000,231300
2025-02-27,31.93000,32.22000,30.63000,30.70000,182800
2025-02-28,30.98000,31.25000,30.00000,30.54000,379800
2025-03-03,30.72000,30.72000,29.14000,29.29000,251200
2025-03-04,28.76000,29.97000,28.34000,29.08000,262800
2025-03-05,29.11000,29.43000,28.68000,29.36000,212700
2025-03-06,29.09000,29.37000,28.71000,28.95000,162400
2025-03-07,28.99000,29.16000,28.35000,28.91000,187600
2025-03-10,28.35000,28.44000,27.68000,27.98000,222700
2025-03-11,28.13000,28.94000,27.73000,28.44000,255700
2025-03-12,28.96000,29.63000,28.87000,29.40000,257900
2025-03-13,29.33000,29.33000,28.07000,28.45000,258600
2025-03-14,28.96000,29.28000,28.71000,29.03000,129500
2025-03-17,29.31000,29.82000,28.80000,29.58000,149100
2025-03-18,29.17000,29.47000,28.60000,29.12000,160000
2025-03-19,29.14000,30.22000,28.99000,29.88000,144000
2025-03-20,29.43000,29.99000,29.19000,29.23000,138800
2025-03-21,28.66000,29.20000,28.52000,28.91000,682700
2025-03-24,29.54000,29.85000,29.36000,29.53000,122600
2025-03-25,29.46000,30.13000,28.86000,29.80000,259300
2025-03-26,29.70000,30.22000,29.54000,29.55000,136200
2025-03-27,29.53000,29.62000,28.91000,29.17000,108700
2025-03-28,29.03000,29.37000,28.33000,28.49000,148500
2025-03-31,27.94000,28.13000,27.09000,27.83000,168700
2025-04-01,27.61000,28.26000,27.58000,27.72000,143200
2025-04-02,27.23000,28.05000,27.19000,27.75000,137800
2025-04-03,26.09000,26.40000,24.87000,25.15000,239300
2025-04-04,24.03000,24.41000,23.41000,24.12000,311000
2025-04-07,23.03000,25.35000,22.39000,24.16000,401400
2025-04-08,24.40000,25.10000,22.66000,23.13000,262200
2025-04-09,22.95000,27.26000,22.95000,26.47000,429800
2025-04-10,25.49000,25.65000,24.52000,25.15000,277400
2025-04-11,25.15000,26.00000,24.43000,25.83000,235100
2025-04-14,27.30000,27.30000,25.36000,25.81000,151800
2025-04-15,25.87000,26.60000,25.83000,26.57000,181200
2025-04-16,26.07000,26.58000,26.00000,26.47000,227300
2025-04-17,26.46000,26.72000,23.93000,26.30000,200800
2025-04-21,25.95000,26.31000,25.40000,26.08000,211000
2025-04-22,26.53000,26.65000,25.98000,26.49000,191600
2025-04-23,27.61000,27.89000,26.74000,26.83000,211700
2025-04-24,26.83000,27.57000,26.72000,27.51000,130300
2025-04-25,27.29000,27.67000,27.13000,27.66000,98100
2025-04-28,27.73000,27.98000,27.26000,27.71000,118400
2025-04-29,27.49000,27.97000,27.49000,27.78000,115500
2025-04-30,27.30000,27.32000,26.69000,27.20000,180300
2025-05-01,27.43000,28.04000,26.97000,27.83000,175800
2025-05-02,28.18000,28.95000,27.93000,28.41000,275200
2025-05-05,28.44000,28.64000,27.61000,28.03000,123600
2025-05-06,27.55000,28.14000,27.55000,27.99000,130200
2025-05-07,28.22000,28.25000,27.71000,28.07000,203100
2025-05-08,30.30000,33.33000,30.20000,32.02000,448300
2025-05-09,31.92000,32.87000,31.57000,32.77000,163800
2025-05-12,34.43000,34.43000,33.21000,33.92000,232400
2025-05-13,33.98000,34.39000,33.71000,34.08000,187300
2025-05-14,33.92000,34.03000,33.27000,33.27000,145800
2025-05-15,33.24000,33.57000,33.05000,33.25000,105200
2025-05-16,33.25000,33.50000,33.01000,33.29000,194100
2025-05-19,32.77000,33.35000,32.77000,33.30000,140100
2025-05-20,33.13000,33.33000,32.87000,32.89000,119300
2025-05-21,32.39000,33.06000,32.03000,32.24000,136400
2025-05-22,32.04000,32.53000,31.78000,32.37000,193400
2025-05-23,31.56000,32.21000,31.25000,32.16000,173500
2025-05-27,32.68000,33.16000,32.54000,32.85000,132300
2025-05-28,32.83000,32.95000,32.51000,32.90000,149400
2025-05-29,33.10000,33.18000,32.81000,32.92000,154200
2025-05-30,32.64000,32.64000,32.06000,32.41000,179700
2025-06-02,32.27000,32.64000,31.76000,32.42000,143600
2025-06-03,32.44000,33.36000,32.20000,33.25000,158700
2025-06-04,33.31000,33.67000,33.24000,33.55000,146600
2025-06-05,33.70000,33.78000,33.34000,33.41000,96700
2025-06-06,34.00000,34.22000,33.61000,34.18000,133600
2025-06-09,34.57000,35.00000,34.33000,34.92000,181100
2025-06-10,34.92000,35.12000,34.59000,34.82000,171700
2025-06-11,34.91000,35.17000,34.20000,34.45000,183400
2025-06-12,34.10000,34.55000,33.95000,34.06000,138900
2025-06-13,33.40000,33.92000,32.84000,33.05000,154200
2025-06-16,33.37000,33.74000,33.20000,33.31000,97800
2025-06-17,32.87000,33.46000,32.87000,33.18000,88900
2025-06-18,33.16000,33.61000,33.05000,33.31000,174800
2025-06-20,33.59000,33.59000,32.89000,32.92000,207600
2025-06-23,32.93000,34.00000,32.74000,34.00000,139100
2025-06-24,34.00000,34.50000,33.76000,34.36000,129800
2025-06-25,34.50000,34.50000,34.02000,34.29000,98000
2025-06-26,34.36000,34.83000,34.16000,34.73000,152300
2025-06-27,34.62000,35.30000,34.43000,34.89000,265000
2025-06-30,35.28000,35.44000,34.83000,34.86000,145200
2025-07-01,34.63000,35.58000,34.45000,35.23000,114600
2025-07-02,35.25000,35.60000,34.80000,35.56000,133300
2025-07-03,35.75000,36.14000,35.56000,35.94000,97900
2025-07-07,35.59000,36.19000,35.03000,35.10000,165400
2025-07-08,35.30000,35.80000,34.72000,35.33000,283800
2025-07-09,35.38000,35.53000,34.73000,35.30000,146500
2025-07-10,35.28000,35.57000,34.53000,35.01000,119000
2025-07-11,34.72000,34.87000,33.58000,33.71000,136500
2025-07-14,33.60000,33.66000,32.52000,32.65000,166300
2025-07-15,32.98000,33.21000,32.67000,32.86000,192500
2025-07-16,33.12000,34.36000,32.31000,33.14000,139200
2025-07-17,33.10000,33.91000,33.10000,33.58000,154000
2025-07-18,33.90000,34.09000,32.87000,33.09000,132500
2025-07-21,33.30000,33.57000,32.96000,33.22000,105900
2025-07-22,33.20000,33.46000,32.95000,33.25000,133000
2025-07-23,33.58000,33.72000,33.17000,33.68000,117300
2025-07-24,33.51000,33.53000,33.01000,33.25000,186200
2025-07-25,33.45000,33.85000,33.15000,33.54000,111800
2025-07-28,33.65000,34.47000,33.15000,34.31000,134500
2025-07-29,34.62000,34.83000,33.37000,33.63000,151800
2025-07-30,33.66000,33.77000,33.04000,33.23000,138100
2025-07-31,33.23000,33.25000,32.44000,32.61000,259900
2025-08-01,31.82000,32.12000,30.91000,31.14000,243700
2025-08-04,31.36000,32.02000,31.16000,31.70000,248400
2025-08-05,31.90000,32.10000,31.33000,31.56000,131500
2025-08-06,31.77000,32.23000,31.60000,31.95000,134700
2025-08-07,32.58000,32.86000,30.69000,32.10000,201500
2025-08-08,32.48000,32.73000,31.71000,31.85000,196200
2025-08-11,32.00000,32.95000,31.70000,32.50000,436600
2025-08-12,32.81000,34.33000,32.20000,34.26000,196500
2025-08-13,34.48000,34.86000,34.12000,34.75000,144800
2025-08-14,34.15000,34.35000,32.80000,32.86000,177900
2025-08-15,33.00000,33.10000,32.07000,32.24000,240300
2025-08-18,32.25000,33.50000,32.25000,33.46000,186400
2025-08-19,33.91000,35.34000,33.86000,34.93000,225200
2025-08-20,34.93000,34.93000,33.35000,33.39000,196500
2025-08-21,33.28000,33.41000,32.76000,32.92000,144700
2025-08-22,33.05000,34.71000,33.05000,34.46000,316600
2025-08-25,34.43000,34.57000,33.44000,33.50000,167900
2025-08-26,33.65000,34.73000,33.53000,34.05000,186500
2025-08-27,33.92000,34.33000,33.64000,34.27000,133800
2025-08-28,34.47000,35.04000,33.96000,34.82000,196300
2025-08-29,34.99000,35.10000,34.33000,34.72000,205700
2025-09-02,34.02000,34.32000,33.65000,33.74000,177400
2025-09-03,33.71000,33.93000,33.41000,33.88000,130500
2025-09-04,33.90000,34.39000,33.86000,34.10000,270300
2025-09-05,34.29000,34.95000,34.04000,34.69000,190200
2025-09-08,35.24000,35.29000,33.89000,34.60000,245900
2025-09-09,34.53000,34.58000,33.90000,34.55000,136900
2025-09-10,34.42000,35.23000,33.74000,34.15000,146400
2025-09-11,34.36000,36.94000,34.24000,36.46000,315300
2025-09-12,36.08000,36.60000,35.24000,35.72000,349100
2025-09-15,35.92000,36.29000,35.43000,35.70000,143300
2025-09-16,35.79000,35.98000,35.01000,35.92000,213900
2025-09-17,36.04000,36.88000,35.71000,36.30000,224800
2025-09-18,36.72000,38.64000,36.55000,38.11000,348700
2025-09-19,38.15000,38.15000,37.42000,37.57000,545600
2025-09-22,37.45000,37.61000,36.78000,37.31000,161100
2025-09-23,37.31000,37.76000,37.25000,37.59000,169600
2025-09-24,37.59000,37.83000,36.79000,37.06000,198000
2025-09-25,36.71000,36.98000,35.72000,36.94000,141300
2025-09-26,36.91000,37.53000,36.33000,37.19000,183000
2025-09-29,37.43000,37.49000,36.90000,37.08000,172100
2025-09-30,37.03000,37.39000,36.16000,36.46000,183700
2025-10-01,36.09000,36.55000,35.82000,36.33000,127900
2025-10-02,36.27000,36.96000,35.98000,36.89000,199000
2025-10-03,36.88000,37.48000,36.33000,36.42000,172800
2025-10-06,36.50000,36.91000,36.26000,36.76000,205100
2025-10-07,36.82000,37.18000,35.43000,35.49000,301400
2025-10-08,35.76000,36.58000,35.47000,36.56000,137400
2025-10-09,36.36000,36.81000,35.69000,36.62000,124100
2025-10-10,36.62000,36.91000,35.31000,35.37000,139200
2025-10-13,36.02000,36.50000,35.79000,36.34000,122600
2025-10-14,35.69000,37.11000,35.69000,36.66000,124600
2025-10-15,36.99000,38.18000,36.99000,38.11000,137500
2025-10-16,38.08000,38.43000,37.88000,38.20000,121800
2025-10-17,37.97000,38.22000,37.25000,37.91000,130200
2025-10-20,38.26000,39.27000,37.80000,39.06000,102800
2025-10-21,38.78000,39.29000,38.56000,38.91000,105100
2025-10-22,38.91000,39.20000,38.45000,38.59000,134300
2025-10-23,38.52000,39.61000,38.33000,39.15000,139300
2025-10-24,39.62000,39.62000,38.75000,38.82000,69400
2025-10-27,38.97000,39.36000,38.20000,38.30000,108500
2025-10-28,38.00000,38.78000,37.46000,38.68000,123800
2025-10-29,38.71000,38.95000,37.66000,38.14000,149600
2025-10-30,38.11000,38.56000,37.82000,37.99000,125700
2025-10-31,37.89000,38.23000,36.57000,36.68000,173000
2025-11-03,36.84000,36.84000,35.83000,36.15000,241500
2025-11-04,35.55000,35.97000,35.00000,35.57000,169600
2025-11-05,35.68000,36.99000,35.68000,36.27000,142200
2025-11-06,36.11000,36.11000,35.49000,35.55000,110200
2025-11-07,35.35000,37.02000,34.41000,35.40000,191400
2025-11-10,35.99000,36.59000,35.15000,35.55000,116200
2025-11-11,35.60000,36.01000,35.16000,35.69000,120400
2025-11-12,36.03000,36.60000,35.15000,35.97000,257200
2025-11-13,42.95000,44.79000,38.25000,38.53000,429200
2025-11-14,37.74000,39.17000,37.12000,38.38000,239200
2025-11-17,38.38000,38.86000,37.51000,37.77000,368200
2025-11-18,37.51000,38.59000,37.37000,38.53000,239300
2025-11-19,38.61000,39.84000,38.50000,39.81000,291600
2025-11-20,40.11000,40.59000,37.22000,38.21000,380400
2025-11-21,37.99000,40.24000,36.89000,40.02000,315600
2025-11-24,40.00000,40.92000,38.16000,40.90000,315500
2025-11-25,40.83000,42.15000,40.53000,41.84000,246600
2025-11-26,41.84000,43.58000,41.67000,42.36000,562600
2025-11-28,42.29000,42.61000,40.65000,41.83000,117500
2025-12-01,41.65000,41.88000,40.64000,41.59000,283600
2025-12-02,41.70000,42.63000,41.56000,42.45000,227200
2025-12-03,42.57000,43.07000,42.00000,42.92000,191000
2025-12-04,42.83000,43.72000,42.57000,43.71000,301400
2025-12-05,43.69000,45.64000,43.53000,45.09000,443200
2025-12-08,45.21000,46.11000,44.80000,45.91000,356300
2025-12-09,45.78000,46.50000,45.39000,46.30000,249100
2025-12-10,46.10000,48.00000,45.97000,47.00000,338100
2025-12-11,47.30000,47.67000,46.53000,47.21000,229500
2025-12-12,47.34000,47.34000,45.24000,45.51000,228900
2025-12-15,45.93000,46.01000,45.06000,45.19000,237500
2025-12-16,45.20000,45.88000,43.93000,43.94000,361900
2025-12-17,44.10000,44.32000,43.30000,43.56000,182800
2025-12-18,44.05000,44.13000,43.38000,43.57000,342900
2025-12-19,43.33000,44.66000,43.28000,43.86000,1305500
2025-12-22,44.14000,45.35000,43.87000,44.72000,266600
2025-12-23,44.50000,44.55000,43.97000,44.03000,176100
2025-12-24,43.98000,44.59000,43.70000,44.15000,127900
2025-12-26,44.21000,44.56000,43.60000,44.49000,239100
2025-12-29,44.49000,44.61000,43.64000,44.26000,335700
2025-12-30,44.25000,44.38000,43.86000,44.15000,169100
2025-12-31,44.47000,45.13000,43.27000,43.29000,152600
2026-01-02,43.48000,44.91000,42.48000,43.16000,320900
2026-01-05,43.31000,44.73000,43.28000,44.14000,212100
2026-01-06,44.17000,44.72000,43.75000,44.43000,273500
2026-01-07,44.59000,44.59000,42.65000,42.84000,253400
2026-01-08,42.48000,43.02000,42.28000,42.37000,259400
2026-01-09,42.37000,42.58000,40.65000,40.84000,314700
2026-01-12,40.83000,42.02000,40.47000,41.82000,216100
2026-01-13,41.92000,42.99000,41.29000,42.68000,256400
2026-01-14,42.54000,42.88000,41.96000,42.73000,191000
2026-01-15,43.02000,43.83000,42.97000,43.20000,172000
2026-01-16,43.11000,44.17000,42.36000,44.05000,331000
2026-01-20,43.32000,44.50000,42.53000,42.68000,195100
2026-01-21,43.10000,43.96000,42.21000,43.19000,253900
2026-01-22,43.54000,44.19000,43.42000,43.70000,149800
2026-01-23,43.58000,43.69000,42.32000,42.34000,284400
2026-01-26,42.44000,43.24000,42.10000,42.86000,415000
2026-01-27,42.82000,43.71000,42.82000,43.59000,136700
2026-01-28,44.83000,45.84000,43.88000,44.90000,422600
2026-01-29,45.02000,45.40000,43.80000,45.29000,305500
2026-01-30,44.80000,45.39000,42.32000,43.07000,489000
2026-02-02,43.07000,45.18000,42.98000,45.00000,307200
2026-02-03,45.01000,45.71000,44.14000,44.90000,292600
2026-02-04,45.72000,46.62000,44.39000,46.55000,452400
2026-02-05,39.56000,47.73000,38.90000,44.72000,851600
2026-02-06,44.79000,45.68000,43.61000,44.16000,427200
2026-02-09,44.03000,45.33000,43.60000,44.98000,265000
2026-02-10,44.95000,46.27000,44.51000,46.05000,259000
2026-02-11,46.50000,46.94000,45.25000,46.41000,250100
2026-02-12,46.50000,47.12000,44.88000,46.29000,313700
2026-02-13,46.54000,48.33000,46.35000,48.26000,340400
2026-02-17,47.96000,49.32000,47.12000,48.94000,603900
2026-02-18,48.90000,49.81000,48.11000,49.64000,389000
2026-02-19,49.53000,51.26000,48.87000,51.22000,454300
2026-02-20,50.76000,51.78000,49.60000,50.20000,371200
2026-02-23,50.18000,50.47000,47.38000,47.90000,392400
2026-02-24,48.17000,49.30000,48.05000,48.50000,341500
2026-02-25,48.60000,50.41000,48.43000,49.91000,249800
2026-02-26,50.27000,50.83000,49.15000,49.93000,290200
2026-02-27,49.19000,49.20000,47.00000,48.82000,275500
2026-03-02,48.27000,50.79000,48.03000,50.62000,207000
2026-03-03,49.21000,50.43000,48.63000,49.88000,233700
2026-03-04,50.29000,50.96000,49.14000,50.52000,175200
2026-03-05,50.00000,50.55000,49.21000,50.10000,167200
2026-03-06,48.78000,49.15000,48.01000,48.84000,225800
2026-03-09,48.11000,49.95000,47.35000,49.66000,208900
2026-03-10,49.63000,51.53000,49.63000,50.31000,393000
2026-03-11,49.97000,50.86000,49.84000,50.50000,161400
2026-03-12,49.62000,50.47000,48.83000,49.34000,300400
2026-03-13,49.68000,51.01000,48.71000,49.12000,201600
2026-03-16,49.79000,51.17000,48.00000,50.40000,288300
2026-03-17,50.48000,51.71000,50.14000,50.22000,277200
2026-03-18,49.94000,50.86000,49.10000,49.65000,306000
2026-03-19,49.05000,50.35000,48.89000,49.07000,304400
2026-03-20,49.23000,49.23000,47.19000,47.79000,987100
2026-03-23,48.83000,50.46000,48.83000,49.60000,232000
2026-03-24,49.07000,50.89000,49.07000,49.60000,259800
2026-03-25,50.48000,51.34000,50.48000,50.66000,314600
2026-03-26,49.96000,50.44000,48.52000,48.64000,232100
2026-03-27,48.08000,48.23000,47.00000,47.47000,240900
2026-03-30,48.05000,48.05000,46.20000,46.82000,247900
2026-03-31,47.69000,48.74000,46.94000,48.20000,551200
2026-04-01,48.78000,49.86000,48.64000,49.08000,275100
2026-04-02,47.66000,50.07000,47.66000,49.96000,167800
2026-04-06,49.74000,50.76000,49.41000,50.56000,143700
2026-04-07,50.24000,52.32000,49.88000,52.22000,340100
2026-04-08,54.83000,55.60000,53.74000,54.16000,379500
2026-04-09,53.61000,54.67000,53.26000,54.43000,248800
2026-04-10,54.60000,54.62000,53.28000,53.85000,206200
2026-04-13,53.48000,55.24000,53.43000,55.12000,323700
2026-04-14,55.10000,56.03000,54.61000,55.07000,249937
2026-04-15,54.76000,55.04000,53.02000,53.48000,66817
