date,open,high,low,close,volume
2016-02-04,15.66500,15.99500,15.13000,15.90000,11200
2016-02-05,15.68000,15.92500,15.37500,15.37500,26200
2016-02-08,15.01500,15.74000,15.00000,15.56000,13000
2016-02-09,15.31000,15.75000,15.31000,15.45000,19000
2016-02-10,15.60000,15.60000,15.30000,15.35000,3600
2016-02-11,15.05000,15.50000,15.05000,15.08000,5800
2016-02-12,15.36500,15.44500,15.25500,15.44500,7200
2016-02-16,15.53000,15.82000,15.53000,15.78500,6200
2016-02-17,15.97500,15.97500,15.54000,15.74500,18200
2016-02-18,15.72500,15.85000,15.24000,15.74500,18400
2016-02-19,15.67500,15.99500,15.35000,15.52500,15600
2016-02-22,15.82500,16.46500,15.50000,16.35000,39000
2016-02-23,15.90000,16.56000,15.80000,16.07500,14400
2016-02-24,15.90000,16.83000,15.90000,16.14000,8200
2016-02-25,16.09000,16.55500,15.63500,16.20000,11000
2016-02-26,16.24500,16.34500,15.83000,16.15500,21400
2016-02-29,16.22000,17.26000,16.20000,16.97000,21200
2016-03-01,17.01000,17.60000,16.35000,16.94500,25400
2016-03-02,17.10500,17.10500,16.71500,16.97000,6400
2016-03-03,16.73500,17.27500,16.26000,16.73500,16800
2016-03-04,16.55500,17.05000,16.50000,16.60000,39800
2016-03-07,16.56500,16.96500,16.50000,16.79000,7200
2016-03-08,17.12000,17.12000,16.74000,16.93000,27600
2016-03-09,17.07500,17.25000,16.90000,17.24000,16200
2016-03-10,17.24500,17.24500,16.93000,17.01500,7600
2016-03-11,17.08500,17.13500,16.93500,17.11500,11600
2016-03-14,17.00000,17.12000,16.85000,16.85000,5800
2016-03-15,17.10000,17.10500,16.77500,16.93000,12600
2016-03-16,16.98000,17.19000,16.88500,17.14500,36000
2016-03-17,17.03000,17.31000,17.00000,17.14500,23800
2016-03-18,17.25000,18.25500,17.00500,17.53500,38800
2016-03-21,17.56500,18.15000,17.50000,17.61000,10800
2016-03-22,17.61000,17.63000,17.08000,17.28000,3200
2016-03-23,17.22500,17.65000,16.93000,17.22500,24800
2016-03-24,17.47500,17.47500,17.00000,17.11500,4400
2016-03-28,17.25000,17.47500,17.15500,17.44000,15200
2016-03-29,17.38000,17.94000,17.10000,17.80000,24600
2016-03-30,17.78000,18.10500,17.49000,18.00000,22000
2016-03-31,17.96000,18.53000,17.25500,17.80000,22600
2016-04-01,17.81500,18.27500,17.56000,17.56000,14200
2016-04-04,17.71000,18.05000,17.47500,17.86000,13400
2016-04-05,17.73500,17.94500,17.60500,17.69000,18400
2016-04-06,17.49000,17.95000,17.01000,17.86500,11000
2016-04-07,17.82000,18.38500,17.74500,17.92000,19800
2016-04-08,17.92000,17.97500,17.80000,17.80000,5000
2016-04-11,18.15000,18.43500,17.77000,17.93000,15800
2016-04-12,17.95000,18.36000,17.95000,18.21000,5400
2016-04-13,18.00500,18.85000,17.95000,18.50000,13200
2016-04-14,18.35000,18.35000,18.15500,18.15500,9800
2016-04-15,18.16500,18.16500,17.77000,18.00000,12600
2016-04-18,18.03000,18.41000,17.76000,18.41000,9400
2016-04-19,18.37500,18.59500,17.98500,18.33500,11000
2016-04-20,18.30000,18.73000,18.26500,18.30500,13800
2016-04-21,18.37000,18.50500,17.94000,18.50500,16400
2016-04-22,18.61000,19.19000,18.61000,19.05500,18600
2016-04-25,18.76500,18.93500,18.35000,18.93500,20000
2016-04-26,18.92000,19.37000,17.64500,19.00000,45400
2016-04-27,19.01000,19.01000,18.19000,18.57500,19000
2016-04-28,18.81000,19.12500,18.26500,18.26500,28600
2016-04-29,18.41000,18.43000,17.63000,18.24000,13200
2016-05-02,18.13500,18.37500,17.52000,18.12000,29400
2016-05-03,17.97500,17.97500,16.91500,17.17500,38400
2016-05-04,17.25000,17.25000,16.87500,16.87500,16000
2016-05-05,16.97000,17.24000,16.47500,16.87500,6600
2016-05-06,16.87500,17.24500,16.40000,16.99000,22800
2016-05-09,16.90500,17.20000,16.40000,16.77000,8600
2016-05-10,15.91500,16.91000,15.91500,16.84000,16800
2016-05-11,16.72000,16.87500,16.49000,16.60500,11800
2016-05-12,16.48500,17.00000,16.48500,16.65500,3200
2016-05-13,16.66500,16.66500,16.45500,16.45500,5000
2016-05-16,16.21500,16.45500,15.97500,16.09500,15600
2016-05-17,16.00000,16.21500,15.55500,15.55500,20000
2016-05-18,15.56000,16.01500,15.39500,15.56500,30400
2016-05-19,15.52500,15.75000,15.25500,15.36000,17200
2016-05-20,15.41000,16.03000,15.25500,15.46500,14200
2016-05-23,15.50000,16.07500,15.37500,15.49500,18400
2016-05-24,15.60000,16.00000,15.40500,15.50000,12800
2016-05-25,15.43500,15.93500,15.43500,15.64500,8600
2016-05-26,15.55500,15.55500,15.55500,15.55500,1600
2016-05-27,15.30000,15.79000,15.30000,15.60000,10600
2016-05-31,15.16000,15.52500,15.11000,15.30000,12800
2016-06-01,15.26000,15.40000,15.17500,15.25000,30000
2016-06-02,15.40500,15.45000,15.14000,15.25000,13000
2016-06-03,15.25000,15.62500,14.90000,14.98000,50800
2016-06-06,15.03500,15.03500,14.68000,14.97500,96800
2016-06-07,15.27000,15.47000,15.15500,15.34000,37200
2016-06-08,15.07500,16.15500,15.05500,16.01500,69000
2016-06-09,16.00000,16.65500,15.76000,16.50000,16000
2016-06-10,16.36500,16.47500,16.32000,16.32000,13200
2016-06-13,16.37500,16.50000,15.74500,15.76000,26000
2016-06-14,15.37500,15.81000,15.37500,15.60500,6400
2016-06-15,15.65500,16.50500,15.65500,16.45000,17000
2016-06-16,16.08000,16.15500,15.87500,16.15000,4200
2016-06-17,16.17500,16.85000,16.17500,16.60000,36000
2016-06-20,16.40000,17.06500,16.40000,16.85000,16400
2016-06-21,16.30500,16.30500,16.00500,16.20500,3200
2016-06-22,16.26000,16.80000,16.26000,16.38000,9600
2016-06-23,16.50000,16.75000,16.13000,16.74500,12400
2016-06-24,16.48500,16.94500,16.19500,16.76000,97000
2016-06-27,16.53000,16.71500,16.37000,16.54000,19600
2016-06-28,16.91500,16.93000,16.25000,16.61000,10800
2016-06-29,16.32500,16.90500,16.32500,16.90500,14000
2016-06-30,16.94000,17.25000,16.87000,17.25000,13600
2016-07-01,17.20000,17.49500,16.54500,17.33000,18800
2016-07-05,16.83000,17.99500,16.57500,17.62000,13200
2016-07-06,17.56000,17.99500,17.17000,17.77500,8800
2016-07-07,17.88000,17.88000,16.69500,17.02500,19400
2016-07-08,17.07500,17.70000,16.76000,17.70000,17000
2016-07-11,17.67500,17.67500,17.25000,17.45000,6000
2016-07-12,17.43500,17.50000,16.95500,17.30000,22000
2016-07-13,17.35500,18.04500,17.22000,17.95000,14200
2016-07-14,17.99500,18.09500,17.69000,17.69000,5800
2016-07-15,17.87000,18.16000,16.99000,18.01000,8200
2016-07-18,17.99500,18.41500,17.89000,18.39500,17000
2016-07-19,17.80000,18.62500,17.80000,18.27500,9800
2016-07-20,18.30000,18.31500,17.85000,18.16000,3400
2016-07-21,18.11500,18.11500,17.60000,17.65000,3800
2016-07-22,17.70500,17.71000,17.36500,17.49500,5000
2016-07-25,17.44500,17.44500,17.16500,17.16500,18200
2016-07-26,17.51500,17.72500,17.49000,17.72500,4400
2016-07-27,17.84000,18.35000,17.63000,17.73500,7200
2016-07-28,17.76500,18.17000,17.63500,18.00000,3400
2016-07-29,17.85000,18.25000,17.85000,18.19000,9800
2016-08-01,18.09000,18.41500,17.44500,17.48500,16800
2016-08-02,17.50000,17.68000,17.47500,17.49000,18000
2016-08-03,17.23000,17.65000,17.23000,17.65000,17000
2016-08-04,17.67000,17.67000,17.49000,17.53000,12800
2016-08-05,17.47500,17.62000,17.47500,17.58500,28200
2016-08-08,17.51000,17.61500,17.45000,17.46500,9000
2016-08-09,17.41500,17.41500,17.25000,17.34000,5600
2016-08-10,17.36000,17.37500,17.25500,17.25500,4000
2016-08-11,17.35500,17.37000,17.25000,17.35000,7800
2016-08-12,17.27500,17.27500,17.02000,17.15000,7600
2016-08-15,17.08500,17.08500,16.38500,16.65000,9200
2016-08-16,16.86000,16.86000,16.39500,16.41500,6000
2016-08-17,16.45500,16.45500,16.09000,16.13500,5400
2016-08-18,16.25000,16.54000,15.83500,16.40000,5000
2016-08-19,16.39000,16.82500,16.35500,16.35500,13600
2016-08-22,15.50500,17.10000,15.50500,17.10000,43800
2016-08-23,17.10500,17.39000,17.10500,17.25000,15200
2016-08-24,17.36500,17.36500,16.00500,17.01000,29200
2016-08-25,17.12000,17.23500,16.99500,17.13500,3800
2016-08-26,17.12500,17.12500,16.57500,16.90000,4400
2016-08-29,16.95000,17.24000,16.55500,17.10000,5400
2016-08-30,16.70000,16.95000,16.65000,16.70500,9000
2016-08-31,17.00000,17.00000,16.75000,16.83000,21400
2016-09-01,16.65000,16.95000,16.57000,16.84500,41600
2016-09-02,16.99500,16.99500,16.33000,16.64000,12800
2016-09-06,16.69500,16.69500,16.25000,16.43000,10800
2016-09-07,16.40500,16.98000,16.21500,16.29000,22000
2016-09-08,16.31000,16.31000,16.00500,16.13500,11200
2016-09-09,16.01000,16.06000,15.75500,15.75500,19600
2016-09-12,15.84500,15.84500,15.67000,15.77500,8000
2016-09-13,15.51000,15.58000,15.51000,15.58000,10600
2016-09-14,15.53000,15.53000,15.38500,15.46000,17600
2016-09-15,15.38000,15.52000,15.37500,15.52000,5000
2016-09-16,15.69000,16.87000,15.68500,16.02500,45600
2016-09-19,15.59500,16.08000,15.57500,16.00000,8800
2016-09-20,15.92500,15.92500,15.61000,15.84500,16800
2016-09-21,15.87500,16.16000,15.58000,15.81500,20200
2016-09-22,15.79000,15.90000,15.68000,15.80500,13600
2016-09-23,15.75500,16.01500,15.71500,15.76500,10000
2016-09-26,15.70500,15.70500,15.50500,15.50500,5000
2016-09-27,15.56000,15.68000,15.44000,15.53000,18600
2016-09-28,15.74000,16.32000,15.74000,15.76500,11200
2016-09-29,15.80500,15.80500,15.50500,15.54500,10000
2016-09-30,15.32500,15.66500,15.25500,15.53500,21600
2016-10-03,15.48500,15.87000,15.34500,15.69500,21400
2016-10-04,15.69500,15.82000,15.60500,15.62500,8800
2016-10-05,15.60000,15.78500,15.45500,15.60000,19000
2016-10-06,15.30000,15.64500,15.28500,15.57000,22000
2016-10-07,15.51500,15.64500,15.51000,15.55500,6600
2016-10-10,15.97500,15.97500,15.77500,15.85000,28600
2016-10-11,15.95000,15.95000,15.67500,15.67500,9600
2016-10-12,15.67500,15.95000,15.67500,15.82500,40200
2016-10-13,15.75000,15.85000,15.62500,15.62500,14600
2016-10-14,15.70000,15.77500,15.70000,15.70000,16600
2016-10-17,15.70000,15.70000,15.60000,15.60000,1800
2016-10-18,15.55000,15.57500,15.52500,15.52500,20800
2016-10-19,14.45000,15.62500,14.45000,15.62500,4000
2016-10-20,15.65000,15.65000,15.65000,15.65000,1800
2016-10-21,15.55000,15.70000,15.55000,15.70000,2200
2016-10-24,15.72000,15.90000,15.52500,15.90000,5800
2016-10-25,15.87500,15.87500,15.70000,15.82500,4800
2016-10-26,15.98500,16.00000,15.77500,15.95000,12800
2016-10-27,15.97500,16.00000,15.82500,15.90000,22200
2016-10-28,15.54000,15.97500,15.54000,15.97500,3800
2016-10-31,15.90000,15.92500,15.80000,15.90000,11000
2016-11-01,15.97500,15.97500,15.70000,15.90000,16200
2016-11-02,15.75000,15.77500,15.70000,15.75000,7400
2016-11-03,15.72500,15.75000,15.72500,15.75000,2800
2016-11-04,16.12500,16.17500,15.85000,15.85000,8200
2016-11-07,16.36500,16.36500,16.00000,16.12500,11400
2016-11-08,16.05000,16.17500,15.87500,16.07500,4600
2016-11-09,16.35000,16.45000,16.02500,16.42500,10800
2016-11-10,16.45000,17.60000,16.45000,16.92500,7400
2016-11-11,17.00000,20.00000,17.00000,20.00000,74600
2016-11-14,20.55000,20.55000,18.87500,19.02500,62800
2016-11-15,18.20000,18.85000,18.20000,18.72500,6200
2016-11-16,19.00000,20.02500,18.50000,19.47500,21800
2016-11-17,19.65000,19.65000,19.20000,19.35000,4400
2016-11-18,19.30000,19.45000,18.80000,19.07500,16800
2016-11-21,19.25000,19.72500,18.92500,18.92500,15400
2016-11-22,18.62500,19.80000,18.62500,19.80000,36200
2016-11-23,19.72500,19.72500,18.78000,19.27500,24200
2016-11-25,19.65000,19.65000,19.65000,19.65000,1600
2016-11-28,19.67500,19.67500,18.82500,19.05000,24200
2016-11-29,18.97500,19.52500,18.92500,19.30000,16200
2016-11-30,19.37500,19.42500,18.82500,18.97500,10800
2016-12-01,19.22500,19.22500,18.67500,18.70000,16800
2016-12-02,18.72500,18.92500,18.12500,18.92500,9600
2016-12-05,18.65000,19.30000,18.65000,19.27500,16400
2016-12-06,19.30000,19.55000,19.30000,19.42500,17400
2016-12-07,18.50000,19.77500,18.50000,19.50000,11000
2016-12-08,19.75000,19.77500,19.50000,19.75000,19800
2016-12-09,19.70000,19.77500,19.50000,19.55000,30600
2016-12-12,19.50000,19.52500,19.30000,19.32500,11600
2016-12-13,19.40000,19.52500,19.32500,19.47500,16400
2016-12-14,19.20500,19.52500,19.20000,19.20000,3200
2016-12-15,18.90000,19.75000,18.90000,19.30000,18000
2016-12-16,19.45000,19.77500,18.90000,19.70000,49400
2016-12-19,19.52500,19.77500,19.49000,19.62500,28600
2016-12-20,19.55000,19.77500,19.37500,19.72500,13600
2016-12-21,19.55000,19.77500,19.52500,19.72500,9600
2016-12-22,19.67500,19.67500,19.55000,19.55000,4000
2016-12-23,19.62500,19.67500,19.62500,19.67500,2600
2016-12-27,19.75000,19.87500,19.67500,19.87500,5600
2016-12-28,19.82500,19.89000,19.55000,19.55000,6200
2016-12-29,19.25000,19.25000,18.90000,19.07500,13600
2016-12-30,18.79500,19.30000,18.79500,18.85000,12600
2017-01-03,18.87500,18.87500,18.25000,18.67500,11400
2017-01-04,18.77500,19.61500,18.77500,19.47500,8400
2017-01-05,19.35000,19.47500,18.67500,18.67500,6800
2017-01-06,18.85500,19.50000,18.85500,19.05000,5400
2017-01-09,18.27500,19.30000,18.27500,18.77500,2000
2017-01-10,18.72500,18.90000,18.37500,18.82500,11600
2017-01-11,18.75000,19.10000,18.75000,18.80000,3800
2017-01-12,18.77500,18.85000,18.65000,18.65000,5400
2017-01-13,18.72500,19.42500,18.72500,19.17500,6200
2017-01-17,19.12500,19.12500,18.40000,18.42500,6600
2017-01-18,18.50000,18.92500,18.50000,18.60000,7000
2017-01-19,18.70000,19.02500,18.70000,18.80000,7600
2017-01-20,18.77500,18.87500,18.75000,18.87500,6800
2017-01-23,18.99500,18.99500,18.75000,18.75000,3200
2017-01-24,18.82500,19.02500,18.45000,19.02500,3800
2017-01-25,19.00000,19.00000,19.00000,19.00000,2200
2017-01-26,18.82500,18.82500,18.82500,18.82500,2000
2017-01-27,18.87500,19.22500,18.87500,18.90000,5800
2017-01-30,19.02500,19.05000,18.67500,18.92500,23400
2017-01-31,18.97500,19.57500,18.97500,19.50000,14800
2017-02-01,18.99000,21.90000,18.98500,21.20000,50600
2017-02-02,20.90000,22.75000,20.90000,21.62500,27200
2017-02-03,21.75000,22.32500,21.52500,22.20000,28200
2017-02-06,22.05000,22.05000,20.73000,20.92500,15400
2017-02-07,20.95000,20.95000,20.25000,20.72500,3800
2017-02-08,21.40000,21.40000,21.00000,21.00000,2200
2017-02-09,21.12500,21.20000,20.50000,20.92500,29000
2017-02-10,20.82500,21.02500,20.47500,20.90000,31800
2017-02-13,20.05000,20.60000,19.73500,20.47500,22200
2017-02-14,20.52500,20.76500,20.32500,20.47500,26600
2017-02-15,20.47500,20.60000,20.20000,20.60000,16600
2017-02-16,20.75000,20.75000,19.70000,19.87500,25800
2017-02-17,19.95000,20.35500,19.52500,19.77500,36200
2017-02-21,20.17500,20.25000,19.47500,19.75000,37400
2017-02-22,19.50000,19.60000,19.50000,19.57500,13800
2017-02-23,19.37500,19.50000,19.25000,19.32500,27400
2017-02-24,19.16000,19.55000,19.16000,19.45000,19800
2017-02-27,19.82500,20.37500,19.17500,19.25000,44000
2017-02-28,19.75000,19.75000,18.77500,18.80000,41200
2017-03-01,19.05000,19.50000,18.92500,19.10000,35800
2017-03-02,19.33000,19.33000,18.75000,18.75000,34400
2017-03-03,18.75000,18.81500,18.45000,18.50000,76600
2017-03-06,18.62500,18.65000,17.90000,18.00000,48400
2017-03-07,18.37500,18.65000,18.30000,18.60000,16800
2017-03-08,18.75000,18.75000,18.75000,18.75000,3600
2017-03-09,18.75000,18.77500,18.50000,18.55000,19000
2017-03-10,18.77500,18.97500,18.52500,18.70000,13600
2017-03-13,18.75000,18.90000,18.52500,18.77500,3800
2017-03-14,18.50000,18.61500,18.50000,18.55000,14800
2017-03-15,18.65000,19.02500,18.65000,18.92500,12000
2017-03-16,19.00000,20.57500,18.82500,20.47500,14800
2017-03-17,20.27500,20.96500,19.75000,20.75000,57800
2017-03-20,20.60000,20.92500,19.89500,20.75000,10000
2017-03-21,20.60000,21.22500,19.85000,19.87500,15200
2017-03-22,19.92500,19.92500,19.00000,19.30000,11600
2017-03-23,20.15000,20.15000,19.45000,19.90000,4000
2017-03-24,20.32500,20.75000,19.85000,20.25000,3600
2017-03-27,19.75000,20.40000,19.50000,19.95000,5000
2017-03-28,20.25000,20.25000,19.65000,20.05000,8200
2017-03-29,19.95000,19.95000,19.02500,19.35000,16200
2017-03-30,19.30000,19.90000,19.30000,19.70000,11400
2017-03-31,19.25000,20.07500,19.25000,20.00000,13800
2017-04-03,19.97500,20.32500,19.06000,19.87500,12800
2017-04-04,19.90000,20.45000,19.50000,20.07500,6800
2017-04-05,18.45000,19.95000,18.41500,18.90000,21200
2017-04-06,18.97500,20.05000,18.75000,18.97500,26800
2017-04-07,20.07500,20.07500,19.27500,19.35000,4800
2017-04-10,20.00000,20.00000,19.07500,19.35000,5200
2017-04-11,19.42500,19.77500,19.42500,19.52500,4400
2017-04-12,20.11500,20.11500,19.57500,19.57500,7800
2017-04-13,19.20000,19.82500,19.14000,19.30000,13200
2017-04-17,19.47500,19.95000,19.47500,19.60000,17200
2017-04-18,19.72500,20.00000,19.50000,19.87500,21200
2017-04-19,19.92500,20.40000,19.50000,20.12500,8600
2017-04-20,20.25000,20.70000,19.94000,20.55000,11800
2017-04-21,20.47500,20.87500,19.97500,20.75000,17600
2017-04-24,20.97500,20.97500,20.65000,20.65000,3600
2017-04-25,20.82500,21.00000,20.82500,20.90000,8600
2017-04-26,20.94000,21.47500,20.67500,21.30000,18400
2017-04-27,21.25000,21.42500,21.12500,21.30000,12600
2017-04-28,21.30000,21.72500,21.30000,21.35000,17200
2017-05-01,21.59000,22.75000,21.59000,22.57500,33000
2017-05-02,22.55000,22.71500,22.27500,22.32500,21800
2017-05-03,22.35000,22.35000,22.00000,22.07500,15200
2017-05-04,22.00000,22.44500,22.00000,22.42500,12800
2017-05-05,22.42500,22.42500,22.12500,22.15000,10000
2017-05-08,22.15000,22.15000,21.95000,22.05000,11400
2017-05-09,22.00000,22.07500,21.90000,22.05000,9800
2017-05-10,22.05000,22.05000,21.17500,21.30000,9000
2017-05-11,21.82500,21.82500,21.65000,21.65000,1200
2017-05-12,21.67500,21.90000,21.12500,21.22500,19000
2017-05-15,21.35000,21.37500,20.80000,21.37500,5000
2017-05-16,21.24000,21.25000,21.02500,21.20000,10800
2017-05-17,21.12500,21.89500,21.12500,21.17500,9200
2017-05-18,21.02500,21.25000,20.55000,21.25000,6800
2017-05-19,21.25000,21.25000,19.69000,20.95000,20200
2017-05-22,21.40000,21.55000,21.10000,21.40000,11400
2017-05-23,21.42500,21.62500,21.42500,21.45000,5000
2017-05-24,21.62500,21.62500,21.10000,21.50000,8400
2017-05-25,21.70000,21.75000,21.45000,21.45000,7600
2017-05-26,21.52500,21.60000,21.50000,21.60000,2800
2017-05-30,21.90000,21.90000,21.32500,21.32500,11000
2017-05-31,21.02500,21.25000,20.97500,21.05000,5800
2017-06-01,21.92500,22.00000,21.60000,21.85000,10200
2017-06-02,21.85000,21.90000,21.17500,21.82500,22600
2017-06-05,21.77500,21.80000,21.02500,21.55000,6800
2017-06-06,21.12500,21.67500,21.10000,21.57500,9000
2017-06-07,21.60000,21.85000,21.57500,21.77500,22000
2017-06-08,21.75000,21.95000,21.27500,21.72500,63200
2017-06-09,21.72500,22.72500,21.65000,22.37500,49600
2017-06-12,22.60000,23.50000,22.35000,23.45000,25000
2017-06-13,23.67500,23.67500,23.22500,23.22500,17200
2017-06-14,22.20000,23.40500,22.20000,23.15000,6200
2017-06-15,23.25000,23.25000,22.77500,22.90000,28200
2017-06-16,22.42500,23.72500,22.42500,23.17500,75200
2017-06-19,23.42500,23.42500,22.40000,22.72500,9000
2017-06-20,22.47500,22.50000,21.30000,22.40000,16200
2017-06-21,22.57500,22.70000,22.30000,22.55000,14800
2017-06-22,22.47500,22.75000,22.25000,22.55000,15000
2017-06-23,22.50000,23.25000,22.50000,23.22500,98200
2017-06-26,23.20000,23.97500,22.97500,23.25000,27800
2017-06-27,23.02500,23.37500,22.85000,23.27500,28000
2017-06-28,22.62500,23.47500,22.62500,23.35000,9400
2017-06-29,23.37500,23.49000,22.97500,23.15000,36200
2017-06-30,22.99000,23.25000,22.82500,23.07500,23800
2017-07-03,22.85000,23.52500,22.82500,23.52500,6200
2017-07-05,23.52500,23.52500,22.62500,23.37500,22800
2017-07-06,23.25000,23.25000,22.84000,23.02500,12200
2017-07-07,23.20000,23.20000,22.25000,23.07500,6400
2017-07-10,22.87500,22.87500,22.50000,22.55000,7400
2017-07-11,22.50000,22.65000,21.85000,22.57500,16600
2017-07-12,22.55000,22.75000,22.47500,22.75000,5000
2017-07-13,22.75000,22.75000,22.25000,22.60000,7200
2017-07-14,22.40000,22.90000,22.40000,22.80000,9000
2017-07-17,22.76500,22.97500,22.75000,22.90000,11000
2017-07-18,22.95000,23.45000,22.57500,23.15000,13800
2017-07-19,23.25500,23.25500,23.12500,23.12500,3000
2017-07-20,23.22500,23.22500,23.22500,23.22500,800
2017-07-21,23.35000,24.67500,22.33500,23.45000,28200
2017-07-24,23.40000,23.72500,23.00000,23.25000,4800
2017-07-25,23.62500,23.70000,22.62500,23.27500,15600
2017-07-26,23.00000,23.60000,23.00000,23.57500,9400
2017-07-27,23.55000,23.87500,22.87500,23.50000,15000
2017-07-28,23.57500,24.22500,23.12500,23.25000,37400
2017-07-31,22.54000,23.42500,22.54000,23.07500,6200
2017-08-01,23.62500,24.35000,22.86500,23.10000,9400
2017-08-02,23.40000,23.45000,22.75000,22.75000,8200
2017-08-03,23.35000,23.35000,22.55000,22.55000,6600
2017-08-04,22.50000,22.50000,21.45000,22.50000,22200
2017-08-07,23.12500,23.20000,22.07500,22.42500,63600
2017-08-08,22.80000,22.85000,22.70000,22.70000,7800
2017-08-09,22.80000,22.80000,22.10000,22.42500,6400
2017-08-10,22.27500,22.46500,22.14500,22.37500,62800
2017-08-11,22.40000,22.42500,22.02500,22.22500,16600
2017-08-14,22.25000,22.37500,21.89000,22.25000,12200
2017-08-15,22.22500,22.22500,21.70000,22.05000,9000
2017-08-16,21.90000,21.95000,21.62500,21.62500,10600
2017-08-17,21.82500,21.82500,21.45000,21.55000,28200
2017-08-18,21.32500,21.91500,21.30000,21.52500,36600
2017-08-21,21.72500,21.97500,21.50000,21.77500,16800
2017-08-22,21.85000,22.17500,21.85000,22.05000,5000
2017-08-23,21.97500,22.07500,21.85000,22.05000,19000
2017-08-24,22.12500,22.22500,22.00000,22.22500,7200
2017-08-25,22.05000,22.05000,21.85000,22.02500,21800
2017-08-28,22.00000,22.05000,21.67500,21.72500,6400
2017-08-29,21.62500,21.80000,21.62500,21.80000,5400
2017-08-30,21.92500,21.92500,21.62500,21.70000,7400
2017-08-31,21.87500,22.05000,21.73500,21.95000,35200
2017-09-01,23.00000,23.00000,22.12500,22.50000,3400
2017-09-05,22.35000,22.97500,22.20000,22.50000,51800
2017-09-06,23.06500,23.22500,22.55000,22.65000,23800
2017-09-07,22.55000,23.11500,22.25000,22.45000,16600
2017-09-08,22.80000,22.85000,22.50000,22.60000,8200
2017-09-11,22.52500,23.00000,22.52500,22.82500,31000
2017-09-12,22.75000,22.92500,22.72500,22.87500,23200
2017-09-13,22.67500,23.12500,22.67500,23.00000,49800
2017-09-14,23.02500,23.10000,22.75000,22.80000,25200
2017-09-15,22.90000,22.97500,22.60000,22.97500,60400
2017-09-18,22.92500,23.00000,22.62500,22.85000,12200
2017-09-19,22.95000,22.95000,22.70000,22.77500,12400
2017-09-20,22.75000,22.85000,22.30000,22.60000,11800
2017-09-21,22.75000,22.75000,22.31500,22.40000,11200
2017-09-22,22.33500,22.55000,22.25000,22.45000,8400
2017-09-25,22.87500,22.87500,22.12500,22.12500,4600
2017-09-26,22.20000,22.60000,22.09000,22.30000,15400
2017-09-27,22.50000,22.87500,22.50000,22.87500,63200
2017-09-28,22.87500,22.87500,22.50000,22.70000,32600
2017-09-29,22.32500,22.87500,22.32500,22.62500,29000
2017-10-02,22.72500,22.72500,22.00000,22.32500,26000
2017-10-03,22.27500,22.47500,21.85000,22.17500,16400
2017-10-04,22.47500,22.47500,22.05000,22.30000,13200
2017-10-05,22.50000,22.52500,22.32500,22.32500,6400
2017-10-06,22.17500,22.45000,21.62500,21.77500,45800
2017-10-09,21.70000,21.82500,21.45000,21.62500,25000
2017-10-10,21.90000,22.17500,21.80000,21.80000,16200
2017-10-11,22.20000,22.25000,22.03000,22.05000,16200
2017-10-12,22.10000,22.82500,22.10000,22.77500,14000
2017-10-13,22.85000,23.10000,22.37500,23.00000,24400
2017-10-16,22.92500,23.05000,22.32500,23.02500,5800
2017-10-17,22.59000,23.10000,22.50000,23.05000,29800
2017-10-18,23.20000,24.10000,23.20000,23.82500,23800
2017-10-19,24.05000,24.05000,23.40000,23.70000,11200
2017-10-20,23.85000,23.85000,22.82500,22.92500,30000
2017-10-23,23.00000,23.15000,22.65000,22.65000,12400
2017-10-24,22.72500,22.90000,22.00000,22.00000,23600
2017-10-25,21.97500,22.27500,21.75000,21.82500,27800
2017-10-26,22.10000,22.10000,21.52500,21.90000,22000
2017-10-27,22.02500,22.20000,21.95000,22.17500,10400
2017-10-30,22.27500,22.27500,22.00000,22.10000,16800
2017-10-31,22.06500,22.37500,21.95000,22.17500,26000
2017-11-01,22.25000,22.37500,21.82500,21.85000,19800
2017-11-02,22.00000,22.24000,21.92500,22.05000,20200
2017-11-03,22.02500,22.40000,22.02500,22.22500,12000
2017-11-06,21.75000,22.15000,21.75000,22.00000,8000
2017-11-07,21.85000,22.00000,21.80000,21.87500,16400
2017-11-08,21.80000,22.00000,21.80000,22.00000,12400
2017-11-09,22.00000,22.77500,22.00000,22.32500,25400
2017-11-10,22.70000,22.97500,22.70000,22.82500,9800
2017-11-13,23.75000,23.75000,22.55000,22.60000,3400
2017-11-14,22.23500,22.55000,22.23500,22.42500,4600
2017-11-15,22.27500,22.27500,22.07500,22.12500,8400
2017-11-16,22.25000,22.50000,22.07500,22.45000,19800
2017-11-17,22.27500,22.70000,22.25000,22.50000,13200
2017-11-20,22.50000,22.50000,22.37500,22.37500,12600
2017-11-21,22.50000,22.67500,22.37500,22.65000,12400
2017-11-22,22.60000,22.95000,22.60000,22.62500,8000
2017-11-24,22.32500,22.52500,22.32500,22.52500,3600
2017-11-27,22.47500,22.62500,22.37500,22.37500,7400
2017-11-28,22.30000,22.82500,22.30000,22.67500,7600
2017-11-29,22.35000,23.55000,22.35000,23.45000,13800
2017-11-30,23.35000,23.35000,22.82500,22.82500,21800
2017-12-01,22.57500,22.65000,22.22500,22.42500,11000
2017-12-04,22.50000,23.02500,22.37500,22.65000,8000
2017-12-05,22.45000,22.78500,22.45000,22.60000,8000
2017-12-06,22.45000,22.45000,22.25000,22.25000,5800
2017-12-07,22.47500,22.47500,22.16000,22.35000,11000
2017-12-08,22.07500,22.22500,20.95000,21.17500,29400
2017-12-11,21.05000,21.92500,21.05000,21.85000,22800
2017-12-12,21.97500,22.26500,21.90000,21.95000,8600
2017-12-13,22.00000,22.55000,21.87500,22.55000,10400
2017-12-14,22.40000,22.40000,21.85000,21.85000,25400
2017-12-15,21.80000,22.27500,21.80000,22.17500,53000
2017-12-18,22.17500,22.30000,21.90000,22.30000,27600
2017-12-19,22.50000,22.50000,21.26000,21.90000,19800
2017-12-20,22.00000,22.47500,21.97500,21.97500,8800
2017-12-21,21.97500,22.42500,21.97500,22.25000,11800
2017-12-22,22.30000,22.30000,22.10000,22.10000,6000
2017-12-26,22.20000,22.20000,21.67500,22.00000,6800
2017-12-27,22.25000,22.25000,21.90000,22.05000,2400
2017-12-28,22.17500,22.20000,21.97500,22.07500,5800
2017-12-29,22.32500,22.32500,22.00000,22.12500,18000
2018-01-02,22.12500,22.42500,21.92500,21.92500,12600
2018-01-03,21.90000,22.15000,21.90000,22.12500,12000
2018-01-04,22.15000,22.20000,21.85000,21.85000,11800
2018-01-05,21.97500,22.20000,21.95000,22.05000,7200
2018-01-08,22.12500,22.22500,21.95000,22.22500,8800
2018-01-09,22.10000,22.25000,21.67500,22.25000,5200
2018-01-10,22.15000,22.22500,21.90500,22.22500,6800
2018-01-11,22.20000,22.75000,22.15000,22.75000,16200
2018-01-12,22.77500,23.27500,22.77500,23.27500,10800
2018-01-16,23.25000,23.55000,22.86000,23.12500,15400
2018-01-17,23.17500,23.47500,22.75000,23.47500,8800
2018-01-18,23.12500,23.22500,22.67500,22.75000,19000
2018-01-19,22.65000,23.60000,22.65000,23.60000,16400
2018-01-22,23.22500,23.45000,23.15000,23.45000,16600
2018-01-23,23.80500,23.80500,23.25000,23.37500,13000
2018-01-24,23.47500,23.65000,23.47500,23.57500,5800
2018-01-25,23.47500,23.80000,22.97500,23.80000,5200
2018-01-26,23.77500,24.85000,23.56500,24.62500,22200
2018-01-29,24.37500,25.02500,24.25000,24.25000,37800
2018-01-30,24.02500,24.85000,24.00000,24.70000,32800
2018-01-31,24.70000,25.15000,24.55500,24.97500,21400
2018-02-01,25.22500,25.22500,24.60000,25.00000,30600
2018-02-02,24.75000,25.00000,24.35500,24.90000,43000
2018-02-05,24.67500,25.13500,24.05000,24.07500,47400
2018-02-06,23.92500,24.40000,23.70000,24.15000,44800
2018-02-07,23.95000,25.17000,23.95000,24.40000,26800
2018-02-08,24.30000,24.95000,24.30000,24.50000,42800
2018-02-09,24.87500,25.02500,24.57500,24.95000,51200
2018-02-12,23.32500,25.22500,23.32500,24.45000,87600
2018-02-13,24.22500,24.80000,24.05000,24.40000,36200
2018-02-14,24.10000,24.92500,24.10000,24.65000,33400
2018-02-15,24.27500,25.20000,24.27500,25.02500,35600
2018-02-16,24.87500,25.85000,24.87500,25.50000,32600
2018-02-20,25.75000,25.85000,24.72500,24.82500,18600
2018-02-21,24.90000,25.58500,24.67500,24.80000,25000
2018-02-22,24.82500,25.75000,24.82500,25.45000,28000
2018-02-23,25.01500,25.62500,24.97500,25.52500,25400
2018-02-26,25.70000,26.80000,25.42500,26.67500,129000
2018-02-27,26.80000,27.52500,26.77500,27.02500,48800
2018-02-28,27.12500,27.12500,25.87500,26.12500,65400
2018-03-01,25.95000,26.42500,25.40000,26.35000,43000
2018-03-02,26.12500,27.40000,25.85000,27.05000,100400
2018-03-05,26.97500,27.85000,26.97500,27.57500,36200
2018-03-06,27.60000,28.26500,27.27500,27.65000,24000
2018-03-07,27.60000,29.25000,27.50000,28.05000,95000
2018-03-08,27.87500,28.35000,27.41000,28.00000,63800
2018-03-09,28.17500,28.95000,27.65000,28.65000,66600
2018-03-12,28.50000,28.65000,27.82500,28.32500,62000
2018-03-13,28.40000,28.45000,27.77500,28.35000,44200
2018-03-14,28.35000,28.35000,27.91500,27.95000,50000
2018-03-15,28.15000,28.22500,27.90000,28.10000,17000
2018-03-16,28.02500,28.69000,25.28000,28.35000,205000
2018-03-19,28.30000,28.35000,27.30000,27.87500,80600
2018-03-20,28.00000,28.37500,27.55000,28.10000,85800
2018-03-21,28.05000,28.20000,27.94000,28.00000,28200
2018-03-22,27.75000,28.57500,27.47500,27.97500,38600
2018-03-23,27.95000,28.20000,27.67500,27.67500,193600
2018-03-26,28.00000,28.61000,27.55000,27.82500,145000
2018-03-27,27.82500,28.47500,27.67500,27.75000,89400
2018-03-28,27.87500,28.25000,27.75000,27.80000,47400
2018-03-29,27.82500,28.50000,26.97500,28.00000,67400
2018-04-02,27.97500,27.97500,27.26500,27.65000,43600
2018-04-03,27.67500,28.42500,27.65000,27.92500,108400
2018-04-04,27.72500,28.30000,27.72500,28.02500,39600
2018-04-05,28.05000,28.25000,27.92500,28.02500,26800
2018-04-06,28.00000,28.32500,27.92500,28.07500,32600
2018-04-09,28.10000,28.35000,28.00000,28.05000,29600
2018-04-10,28.15000,28.30000,28.02500,28.12500,49800
2018-04-11,28.12500,28.50000,28.12500,28.42500,22600
2018-04-12,28.17500,28.67500,28.17500,28.52500,40600
2018-04-13,28.50000,28.72500,28.25000,28.37500,31000
2018-04-16,28.42500,28.75000,27.92500,28.67500,50000
2018-04-17,28.70000,29.40000,28.70000,29.37500,100000
2018-04-18,29.25000,29.72500,28.92500,29.05000,31000
2018-04-19,29.07500,29.45000,28.86500,29.10000,22000
2018-04-20,28.97500,29.30000,28.27500,28.30000,37600
2018-04-23,28.45000,29.26500,28.45000,29.05000,43400
2018-04-24,29.07500,29.37500,28.75000,29.30000,97000
2018-04-25,29.25000,29.26500,28.42500,28.50000,36000
2018-04-26,28.55000,29.02500,28.35000,28.70000,31800
2018-04-27,28.70000,28.89500,28.27500,28.62500,42800
2018-04-30,28.65000,28.97000,27.84000,28.75000,40800
2018-05-01,28.72500,29.00000,28.35000,29.00000,34800
2018-05-02,28.95000,29.27500,28.62500,28.85000,72600
2018-05-03,29.02500,29.05000,28.57500,28.80000,12400
2018-05-04,28.77500,29.25000,28.60000,29.20000,40600
2018-05-07,29.15000,29.84000,28.97500,29.65000,47000
2018-05-08,28.95000,29.87500,28.95000,29.45000,126200
2018-05-09,29.55000,29.72500,28.57500,29.25000,35400
2018-05-10,29.12500,29.67500,29.12500,29.50000,12800
2018-05-11,29.50000,29.70000,28.65000,28.80000,44600
2018-05-14,28.80000,29.15000,28.40000,28.45000,42600
2018-05-15,28.45000,28.77500,28.26000,28.75000,81400
2018-05-16,28.82500,28.82500,28.65000,28.75000,36200
2018-05-17,28.75000,29.22500,28.60000,28.75000,56600
2018-05-18,28.92500,29.10000,28.57500,28.70000,39600
2018-05-21,28.50000,29.12500,28.18000,28.67500,39800
2018-05-22,28.67500,29.00000,28.54500,28.77500,78400
2018-05-23,28.65000,29.22500,28.57500,28.95000,51400
2018-05-24,28.92500,29.47500,28.80000,28.87500,14800
2018-05-25,29.05000,29.05000,28.64500,28.95000,28400
2018-05-29,28.82500,29.05000,28.57500,28.87500,65000
2018-05-30,28.97500,29.77500,28.97500,29.60000,42400
2018-05-31,29.07500,29.47500,28.17500,28.40000,164800
2018-06-01,28.47500,29.37500,28.30000,28.67500,82000
2018-06-04,28.65000,28.89000,28.25000,28.62500,56800
2018-06-05,28.82500,29.29000,28.52500,28.82500,100000
2018-06-06,28.80000,29.72500,28.67500,29.52500,35400
2018-06-07,29.47500,29.77500,29.47500,29.55000,19000
2018-06-08,29.52500,29.77500,29.20000,29.22500,39200
2018-06-11,29.20000,29.70000,29.20000,29.35000,29400
2018-06-12,29.37500,29.80000,29.27500,29.72500,77400
2018-06-13,29.80000,29.94000,29.27500,29.42500,45800
2018-06-14,29.60000,29.71500,29.25000,29.65000,44000
2018-06-15,29.50000,30.15000,29.12500,30.02500,84000
2018-06-18,30.00000,31.20000,29.80000,31.02500,77400
2018-06-19,30.77500,31.80000,30.50000,31.55000,126400
2018-06-20,31.30000,32.07500,30.90000,31.72500,69000
2018-06-21,31.82500,31.82500,30.95000,31.12500,27600
2018-06-22,31.22500,31.70000,30.57500,31.55000,183400
2018-06-25,31.42500,31.77500,30.90000,31.12500,31200
2018-06-26,31.15000,32.40000,31.07500,32.20000,61800
2018-06-27,32.12500,32.45000,31.62500,31.77500,49600
2018-06-28,31.92500,32.25000,31.69000,31.97500,31600
2018-06-29,32.00000,32.95000,31.97500,32.37500,45000
2018-07-02,32.35000,32.40000,31.52500,32.30000,33000
2018-07-03,32.27500,32.85000,32.02500,32.35000,11600
2018-07-05,32.87500,32.92500,32.30000,32.55000,28600
2018-07-06,32.57500,33.12500,32.26500,32.97500,24400
2018-07-09,33.31500,33.35000,32.62500,32.90000,19200
2018-07-10,33.02500,33.12500,32.07500,32.25000,88600
2018-07-11,32.25000,32.37500,32.05000,32.12500,28600
2018-07-12,32.22500,32.50000,31.90000,32.20000,20000
2018-07-13,32.17500,32.35000,31.75000,32.00000,19800
2018-07-16,31.97500,32.12500,31.67500,32.07500,32600
2018-07-17,32.05000,32.57500,31.90000,32.42500,72200
2018-07-18,32.42500,32.80500,32.17500,32.35000,51600
2018-07-19,32.32500,32.92500,32.07500,32.80000,42200
2018-07-20,32.72500,32.87500,31.97500,32.15000,28600
2018-07-23,31.97500,32.17500,31.52500,31.90000,19000
2018-07-24,31.90000,31.90000,31.24000,31.45000,84600
2018-07-25,31.45000,31.50000,30.80000,31.02500,34800
2018-07-26,30.97500,31.60000,30.87500,31.22500,29600
2018-07-27,31.62500,31.70000,30.75000,30.87500,23000
2018-07-30,32.45000,32.45000,31.32500,31.80000,23600
2018-07-31,31.85000,32.80000,31.32500,32.50000,47800
2018-08-01,32.50000,32.61500,32.14000,32.27500,12000
2018-08-02,32.45000,33.85000,32.11000,33.67500,47200
2018-08-03,33.62500,33.77500,32.32500,33.05000,26800
2018-08-06,33.14000,33.32500,32.87500,33.30000,20200
2018-08-07,33.05000,33.41500,31.57500,31.80000,79800
2018-08-08,31.72500,32.02500,31.72500,31.90000,28400
2018-08-09,32.25000,33.15000,32.07500,33.02500,28000
2018-08-10,32.85000,32.92500,32.40000,32.40000,12200
2018-08-13,32.47500,32.47500,31.87500,31.87500,23000
2018-08-14,31.97500,32.80000,31.97500,32.50000,25600
2018-08-15,32.20000,32.77500,32.00000,32.22500,43200
2018-08-16,32.30000,33.20000,32.12500,32.37500,56600
2018-08-17,32.27500,32.53000,31.67500,32.15000,22000
2018-08-20,32.17500,32.37500,31.75000,32.05000,27000
2018-08-21,32.12500,32.40000,31.55000,31.72500,43000
2018-08-22,31.82500,32.07500,31.60000,31.85000,35600
2018-08-23,31.77500,31.77500,31.17500,31.47500,19200
2018-08-24,31.62500,32.42500,31.40000,31.82500,29600
2018-08-27,31.62500,32.37500,31.62500,31.92500,19000
2018-08-28,31.90000,32.67500,31.90000,32.45000,24000
2018-08-29,32.45000,32.72500,32.45000,32.57500,13000
2018-08-30,32.62500,32.62500,31.37500,31.67500,56000
2018-08-31,31.85000,32.85000,31.50000,32.65000,54000
2018-09-04,32.50000,32.70000,32.15000,32.22500,15000
2018-09-05,32.15000,32.52500,30.85500,32.12500,16600
2018-09-06,31.80000,32.40000,31.72500,31.82500,42800
2018-09-07,31.85000,32.69000,31.67500,32.17500,25000
2018-09-10,32.20000,32.40000,31.90000,32.30000,22800
2018-09-11,32.12500,32.35000,31.77500,31.92500,17400
2018-09-12,31.77500,32.05000,31.77500,32.05000,9000
2018-09-13,31.70000,32.50000,31.67500,32.40000,13200
2018-09-14,32.25000,32.47500,32.22500,32.35000,22200
2018-09-17,32.30000,32.40000,31.40000,32.20000,24200
2018-09-18,32.17500,32.67500,31.95000,32.17500,27200
2018-09-19,32.22500,32.25000,31.35500,31.70000,24800
2018-09-20,31.77500,32.67500,31.67500,31.95000,34200
2018-09-21,31.92500,32.25000,31.62500,32.25000,93400
2018-09-24,32.17500,32.50000,31.75500,32.20000,37400
2018-09-25,31.55500,32.45000,31.55500,32.20000,25400
2018-09-26,32.35000,32.35000,31.10000,31.65000,37200
2018-09-27,31.55000,31.75000,31.25000,31.37500,34800
2018-09-28,31.15000,33.53500,31.05000,31.05000,45000
2018-10-01,30.94500,31.25000,26.60000,30.71500,36800
2018-10-02,30.55000,30.55000,30.04500,30.19000,25600
2018-10-03,30.17500,30.61500,29.86000,29.89500,22600
2018-10-04,29.96500,29.96500,29.08000,29.45000,20000
2018-10-05,29.49500,29.93000,29.07500,29.70000,7800
2018-10-08,29.23500,29.70000,29.02500,29.21500,28600
2018-10-09,29.00500,29.65000,29.00500,29.01000,18800
2018-10-10,29.00000,29.00000,27.81000,27.83500,40200
2018-10-11,27.73500,27.77000,26.73500,26.78500,18000
2018-10-12,26.80000,27.05500,26.33000,26.81500,21600
2018-10-15,26.62500,27.14500,26.40000,26.57500,18800
2018-10-16,26.50000,27.19500,26.27500,26.55000,36200
2018-10-17,26.49000,26.67500,25.62000,25.83500,62000
2018-10-18,25.67500,26.20500,25.11500,25.25500,50800
2018-10-19,25.25000,25.61500,24.76000,24.99000,32000
2018-10-22,24.96000,25.67500,24.25000,24.36000,119800
2018-10-23,24.12500,24.66500,23.92000,24.45000,75200
2018-10-24,24.40500,25.00000,23.92000,24.02000,17000
2018-10-25,24.02000,25.00500,24.02000,24.47000,45600
2018-10-26,24.20500,24.65000,24.08500,24.34500,20800
2018-10-29,24.56000,24.80000,24.38500,24.71500,14600
2018-10-30,24.99500,25.12500,24.83500,25.00000,11400
2018-10-31,25.11500,25.50000,23.80500,24.23500,29600
2018-11-01,24.41500,25.29500,24.41500,24.94500,113600
2018-11-02,24.93000,25.90000,24.75000,24.95500,17600
2018-11-05,25.02500,25.95500,24.77000,25.04500,27600
2018-11-06,24.95000,26.31500,24.93000,25.10000,30800
2018-11-07,24.96500,25.66000,24.58000,24.96000,76800
2018-11-08,24.80500,25.82500,24.75000,24.91500,24400
2018-11-09,24.82000,25.41000,24.62500,24.87500,46600
2018-11-12,24.97000,25.50000,24.97000,25.22500,25000
2018-11-13,25.18000,25.64000,24.79000,25.12000,32800
2018-11-14,25.21000,25.23500,24.06500,24.25000,51000
2018-11-15,24.10000,24.72000,24.03500,24.25000,53600
2018-11-16,24.14000,25.40000,24.03500,25.08500,34600
2018-11-19,25.06000,25.06000,24.17000,24.78000,22800
2018-11-20,24.58000,24.76000,24.20500,24.35500,35400
2018-11-21,24.49000,25.02000,24.40000,24.43500,21800
2018-11-23,24.33500,24.83500,24.31000,24.75000,10600
2018-11-26,24.87000,25.20500,24.36000,24.65500,37200
2018-11-27,24.50500,24.59500,24.17000,24.23000,26200
2018-11-28,24.03000,24.68500,24.03000,24.25000,80800
2018-11-29,24.11500,24.50000,23.80000,24.05500,34000
2018-11-30,24.08000,24.22000,23.40000,23.41000,89000
2018-12-03,23.61000,24.00000,22.98000,23.22500,43000
2018-12-04,23.22000,23.43000,22.54000,22.98500,64800
2018-12-06,22.88500,24.39500,22.52500,22.82000,83600
2018-12-07,22.72000,23.49500,22.06000,22.48000,67000
2018-12-10,22.64000,23.00000,22.39000,22.90000,34000
2018-12-11,23.03000,23.76500,22.90000,23.24500,20000
2018-12-12,23.26500,24.55500,23.26500,24.03500,47200
2018-12-13,24.04000,24.24500,23.67000,24.13000,36800
2018-12-14,23.90000,23.90000,23.11000,23.23000,10800
2018-12-17,23.22500,23.96500,22.95000,23.79000,74800
2018-12-18,24.03500,24.03500,22.15000,23.36000,38400
2018-12-19,23.38000,23.75000,20.75500,22.23000,36400
2018-12-20,22.38500,22.90000,22.37000,22.50500,43400
2018-12-21,22.47000,22.51000,21.26000,21.50000,90200
2018-12-24,21.45000,21.95500,21.45000,21.48500,20200
2018-12-26,21.61000,22.24000,21.60500,22.00500,91200
2018-12-27,21.75000,23.69000,21.50500,23.69000,59200
2018-12-28,23.68500,23.68500,23.07500,23.49000,20600
2018-12-31,23.50000,23.50000,21.81500,23.00500,38600
2019-01-02,22.82500,23.87000,22.82500,23.57000,28800
2019-01-03,23.56500,24.10500,23.50500,23.76000,24200
2019-01-04,23.98500,24.12500,23.67000,24.00000,30000
2019-01-07,23.99500,24.66000,23.38500,23.52500,73200
2019-01-08,23.68000,24.85500,23.64000,24.51000,41200
2019-01-09,24.50500,24.75500,23.85000,24.17500,26800
2019-01-10,23.97000,24.50500,23.97000,24.30500,16200
2019-01-11,24.30000,24.43000,24.05000,24.30000,21600
2019-01-14,24.17000,26.00500,23.76500,23.76500,25400
2019-01-15,23.77000,24.09000,23.30500,23.48000,20000
2019-01-16,23.50000,24.47000,23.50000,24.44000,27400
2019-01-17,24.37500,25.24000,24.37500,25.24000,45400
2019-01-18,25.23000,25.65000,24.91500,25.05000,37600
2019-01-22,25.00000,25.32500,24.20000,24.42000,30600
2019-01-23,24.60500,24.66000,23.62500,23.77500,28200
2019-01-24,23.66000,23.99000,23.63000,23.75000,45400
2019-01-25,23.73500,24.59500,23.73500,24.33500,53200
2019-01-28,24.12000,24.36500,24.00000,24.36500,26000
2019-01-29,24.51000,25.15000,24.37000,24.70000,39400
2019-01-30,24.90000,25.27000,24.41000,25.25500,25200
2019-01-31,25.11000,25.47500,24.77500,25.36000,19600
2019-02-01,25.30500,25.44000,25.03000,25.26500,43400
2019-02-04,25.36000,25.62500,25.35000,25.62500,12200
2019-02-05,25.72000,26.50000,25.44500,25.78000,27600
2019-02-06,25.82000,25.87000,25.32500,25.66000,20400
2019-02-07,25.59000,25.92000,25.14500,25.81000,25200
2019-02-08,26.00000,26.00000,25.15000,25.38000,28200
2019-02-11,25.34500,25.76500,25.15500,25.60500,7000
2019-02-12,25.75500,26.04000,25.55000,25.89000,19000
2019-02-13,25.90000,25.99000,25.66000,25.90000,10000
2019-02-14,25.75000,26.39000,25.67000,25.67000,25400
2019-02-15,25.77000,26.40000,25.66000,25.72000,26200
2019-02-19,25.65000,26.40000,25.65000,26.32000,42800
2019-02-20,26.29500,26.70500,26.29500,26.59000,29400
2019-02-21,26.38500,26.78000,26.30000,26.56500,19800
2019-02-22,26.61000,26.94500,26.61000,26.89000,18800
2019-02-25,26.92000,27.11500,25.84500,26.07500,33000
2019-02-26,26.10500,26.49500,25.95500,26.38500,23400
2019-02-27,26.25000,26.46500,25.84500,25.85000,23000
2019-02-28,25.94000,26.06000,25.60000,25.62500,34600
2019-03-01,25.69000,26.10000,25.27500,25.79000,64400
2019-03-04,25.74500,25.88500,25.22000,25.77500,42400
2019-03-05,25.80000,26.21500,25.46000,25.56000,23000
2019-03-06,25.50000,25.50000,24.79000,24.89000,22000
2019-03-07,24.74500,25.90500,24.12000,25.05500,34000
2019-03-08,24.95500,25.59000,24.65500,24.97500,40600
2019-03-11,24.97500,25.97500,24.36000,25.35000,47000
2019-03-12,25.33500,25.90000,24.36500,24.70000,44400
2019-03-13,24.99000,25.73000,24.68000,25.27000,47800
2019-03-14,25.18000,25.42500,24.70500,24.92000,28400
2019-03-15,24.97000,25.34500,24.55000,24.77000,90800
2019-03-18,24.62500,24.83000,24.41500,24.58000,22200
2019-03-19,24.57500,24.72000,23.92500,23.95000,19200
2019-03-20,23.99000,24.09500,22.82500,22.87500,49800
2019-03-21,22.85000,23.89000,22.85000,23.89000,15600
2019-03-22,23.75500,24.22500,23.11500,23.16000,46200
2019-03-25,23.21000,24.20000,23.20000,23.84500,36000
2019-03-26,23.94000,24.52500,23.79500,23.94500,19400
2019-03-27,23.91000,23.91000,23.54500,23.66500,44400
2019-03-28,23.60000,23.92500,23.45000,23.80500,18800
2019-03-29,23.80500,24.23500,23.53000,23.78500,45800
2019-04-01,24.02500,24.83000,24.02500,24.43000,18200
2019-04-02,24.12000,24.85500,24.02500,24.82500,30800
2019-04-03,25.35000,25.37500,24.73000,24.76000,17400
2019-04-04,24.86000,25.09500,24.45000,24.81500,9200
2019-04-05,24.57500,25.31000,24.50500,25.21000,40000
2019-04-08,25.00000,25.50000,25.00000,25.29500,13600
2019-04-09,25.02500,25.38000,25.00000,25.00000,5800
2019-04-10,25.14000,25.61000,24.80500,25.49000,18800
2019-04-11,25.85000,25.85000,25.39000,25.39000,9200
2019-04-12,25.56000,26.26500,25.18500,26.15000,37600
2019-04-15,26.11500,26.11500,25.77500,25.87000,12400
2019-04-16,26.00000,26.48500,25.88500,26.00000,24400
2019-04-17,26.10500,26.45000,25.81000,25.81000,12600
2019-04-18,25.67500,26.28000,25.67500,26.21500,31400
2019-04-22,26.30500,26.30500,26.00000,26.09500,21600
2019-04-23,26.19000,26.82000,26.10500,26.70500,18000
2019-04-24,26.31500,26.48000,26.00000,26.17500,15000
2019-04-25,26.18000,26.87500,26.18000,26.28500,14400
2019-04-26,26.43000,26.50500,26.25000,26.50500,5000
2019-04-29,26.00500,26.50000,25.58500,26.05000,22200
2019-04-30,26.00000,26.24500,25.16500,25.34500,29400
2019-05-01,25.53000,25.53000,24.52500,24.60000,15000
2019-05-02,24.52000,25.06500,23.73500,24.81500,25400
2019-05-03,25.06500,25.18000,24.70500,24.92500,14600
2019-05-06,24.63000,25.22000,24.40000,24.75500,31000
2019-05-07,24.54000,24.82500,23.63000,23.63000,27200
2019-05-08,23.74500,25.02500,23.74500,23.89000,19200
2019-05-09,23.62500,24.11500,23.62500,24.04500,31400
2019-05-10,24.04500,26.06000,24.00000,24.00000,17800
2019-05-13,23.80000,24.14500,23.50500,23.60500,65400
2019-05-14,23.71000,24.25500,23.71000,23.80000,58000
2019-05-15,23.80000,24.12500,23.70500,23.86000,19600
2019-05-16,23.75500,24.32000,23.71500,24.12500,28400
2019-05-17,23.97500,24.89500,23.78000,24.05500,27200
2019-05-20,23.91500,24.07000,23.83000,23.96500,4600
2019-05-21,24.06000,26.00500,24.06000,24.19500,16400
2019-05-22,24.19000,24.47000,23.88000,24.19500,8600
2019-05-23,23.92500,24.15000,23.27000,23.35000,38600
2019-05-24,23.50000,24.44000,23.50000,23.84000,15400
2019-05-28,23.74500,24.24500,23.64500,24.10000,21400
2019-05-29,24.23000,24.34500,23.73000,23.77500,28600
2019-05-30,23.77500,23.98500,23.58500,23.70000,61800
2019-05-31,23.48000,23.98000,23.10500,23.26000,23400
2019-06-03,23.27000,23.54000,23.00000,23.15000,48200
2019-06-04,23.25000,24.64000,23.19500,24.35500,26600
2019-06-05,24.40000,24.61500,23.75000,23.75000,21800
2019-06-06,23.80000,24.27500,23.37500,24.25000,32200
2019-06-07,24.27500,25.12500,24.17500,24.17500,33400
2019-06-10,24.51500,24.90000,24.05500,24.36500,34200
2019-06-11,24.48000,24.55000,23.58500,23.82500,28400
2019-06-12,23.78000,23.78000,23.25000,23.33500,79000
2019-06-13,23.37500,23.83000,23.25000,23.68500,65800
2019-06-14,23.37000,23.79000,23.36500,23.64000,19600
2019-06-17,23.56500,24.04000,23.45000,23.80000,31000
2019-06-18,23.92500,24.19000,23.72500,24.09500,27800
2019-06-19,23.94500,24.60500,23.90500,24.43000,12000
2019-06-20,24.87000,25.07000,24.47000,24.99000,22600
2019-06-21,24.81000,25.55000,24.51000,25.24500,56200
2019-06-24,25.09500,25.44000,24.49500,24.79000,19800
2019-06-25,24.94500,24.94500,24.35000,24.65000,32200
2019-06-26,24.34500,24.34500,23.73500,23.73500,36000
2019-06-27,23.97000,25.11500,23.97000,25.11000,38800
2019-06-28,25.11000,30.44500,25.11000,27.88500,132800
2019-07-01,27.64000,28.25000,26.27000,26.66500,38600
2019-07-02,26.59500,26.80500,25.96000,26.79500,23400
2019-07-03,27.25000,27.25000,27.01000,27.01000,11000
2019-07-05,26.92500,27.16000,26.58500,26.95000,9800
2019-07-08,26.90000,27.13000,26.14000,26.50000,12000
2019-07-09,26.40000,26.69500,25.96500,26.17500,10200
2019-07-10,26.32500,26.66500,25.83000,25.99500,11200
2019-07-11,26.08500,26.08500,25.15500,25.22000,16400
2019-07-12,25.22000,26.68500,25.13000,25.29500,45400
2019-07-15,25.73500,25.74000,24.74000,24.94000,32600
2019-07-16,24.75000,24.90000,24.41500,24.90000,40400
2019-07-17,24.90000,25.13500,24.75000,24.75500,18200
2019-07-18,24.85500,25.11000,24.07000,25.00000,27200
2019-07-19,24.84500,25.50000,24.55500,24.81000,16600
2019-07-22,24.77000,25.24000,24.37500,24.64500,17000
2019-07-23,24.94000,25.08500,24.53000,24.53000,9800
2019-07-24,25.00000,25.75000,24.85000,25.59500,23200
2019-07-25,25.60500,25.75500,24.98500,25.30000,9000
2019-07-26,25.38000,25.38000,25.02000,25.02000,16800
2019-07-29,25.04500,25.29500,24.90000,24.90000,7400
2019-07-30,25.06000,25.59500,25.06000,25.30000,27200
2019-07-31,25.28500,25.70500,24.79000,24.79000,24400
2019-08-01,24.82500,25.08000,24.15500,24.21500,20000
2019-08-02,24.30000,24.30000,24.30000,24.30000,3200
2019-08-05,23.35000,24.27000,23.30500,23.87500,18400
2019-08-06,24.38500,24.91500,24.17500,24.33000,8600
2019-08-07,24.05500,25.24000,23.92500,24.38000,30800
2019-08-08,24.73500,25.32500,24.73500,24.92500,24200
2019-08-09,25.00500,25.13000,24.51500,24.63000,20000
2019-08-12,24.99500,24.99500,24.13500,24.13500,7400
2019-08-13,23.95000,24.63000,23.95000,24.63000,11600
2019-08-14,24.15000,24.15000,23.65500,23.85500,26400
2019-08-15,23.81500,24.36500,23.61500,23.95000,16000
2019-08-16,24.10500,24.82000,23.98000,24.71000,24000
2019-08-19,24.98500,25.15000,24.79000,25.05000,11200
2019-08-20,24.92500,25.18000,24.92500,25.18000,4600
2019-08-21,25.32500,25.53500,25.07000,25.40000,33200
2019-08-22,25.45000,25.45000,25.02500,25.02500,16600
2019-08-23,25.15500,25.15500,24.12500,24.12500,13000
2019-08-26,24.50500,24.95000,24.47000,24.92000,12400
2019-08-27,25.19000,25.29500,23.75500,23.94500,50600
2019-08-28,23.89500,24.49000,23.89500,24.49000,19400
2019-08-29,24.72000,24.99500,24.30000,24.30000,7800
2019-08-30,24.63500,24.75000,24.37500,24.59500,16400
2019-09-03,24.59500,24.71000,23.82500,24.24500,18000
2019-09-04,24.21500,24.55000,24.21500,24.54000,13800
2019-09-05,24.68000,25.00000,24.52500,24.74500,25400
2019-09-06,24.50000,24.79500,24.45000,24.45000,16400
2019-09-09,24.50000,24.79500,24.33500,24.55000,24800
2019-09-10,24.55000,24.60500,24.36000,24.43000,51400
2019-09-11,24.60500,24.75000,24.43500,24.70000,53600
2019-09-12,24.70000,25.25000,24.70000,25.25000,38000
2019-09-13,25.32500,25.62000,25.10000,25.37000,21600
2019-09-16,25.18000,25.25000,24.99500,25.06000,18200
2019-09-17,25.06500,25.64000,25.06500,25.46500,27400
2019-09-18,25.45000,25.75500,24.42500,24.95000,33000
2019-09-19,24.95500,25.63000,24.95500,25.43000,35600
2019-09-20,25.38000,25.90500,25.00000,25.41000,58400
2019-09-23,25.36500,25.60000,25.09000,25.46000,15000
2019-09-24,25.43500,25.43500,24.72000,24.72000,10000
2019-09-25,24.74500,25.00500,24.42500,24.88500,20400
2019-09-26,24.44000,25.00000,24.44000,24.52500,11800
2019-09-27,25.05500,25.05500,24.06500,24.08000,12200
2019-09-30,24.15000,24.43500,23.99000,24.01000,18000
2019-10-01,24.13500,24.17000,23.65000,24.01000,14400
2019-10-02,23.86500,23.98500,23.75500,23.81500,13200
2019-10-03,23.89500,24.09500,23.89500,24.08000,19600
2019-10-04,23.89000,24.43500,23.89000,24.40000,7400
2019-10-07,24.25500,24.25500,23.82000,24.00000,8600
2019-10-08,23.81500,24.12500,23.64000,23.75000,11000
2019-10-09,23.86500,24.30000,23.86500,24.15000,11000
2019-10-10,24.22000,24.22000,23.95000,23.95000,5200
2019-10-11,24.25500,24.55500,24.23000,24.34500,13600
2019-10-14,24.30500,24.79500,24.18500,24.79500,9600
2019-10-15,24.49500,24.99500,24.49500,24.85000,6200
2019-10-16,24.77500,24.90500,24.44500,24.70000,11800
2019-10-17,24.68000,24.79500,24.26500,24.26500,11200
2019-10-18,24.13500,24.56000,24.10000,24.50000,54000
2019-10-21,24.56000,24.71500,24.15500,24.29000,49200
2019-10-22,24.29000,24.61000,24.29000,24.29000,22600
2019-10-23,24.37000,24.75000,24.37000,24.75000,4400
2019-10-24,24.75000,25.17500,24.50000,25.04000,26400
2019-10-25,24.96500,25.57000,24.96500,25.26500,6000
2019-10-28,25.75000,26.51500,25.53000,25.97500,10400
2019-10-29,25.77000,25.84500,25.25000,25.25500,14200
2019-10-30,25.29500,25.95000,24.97500,25.95000,16200
2019-10-31,25.65000,25.89000,25.39000,25.89000,15600
2019-11-01,25.89500,26.59500,25.89500,26.59500,7000
2019-11-04,26.55000,26.87500,26.55000,26.85000,5000
2019-11-05,26.71500,26.71500,26.25500,26.68500,6800
2019-11-06,27.00000,27.00000,25.73500,25.95000,13600
2019-11-07,26.28000,26.32500,26.28000,26.32500,4400
2019-11-08,26.35000,26.38000,25.31500,25.45000,17600
2019-11-11,25.48000,25.84500,25.42000,25.75000,5200
2019-11-12,25.56000,26.13000,25.51000,25.59500,4800
2019-11-13,25.57500,25.57500,25.20500,25.51000,15400
2019-11-14,25.34500,25.56000,25.16500,25.26000,9000
2019-11-15,25.40000,25.64000,25.02500,25.36500,11600
2019-11-18,25.29000,25.29000,24.65000,25.03500,14800
2019-11-19,25.04000,25.88500,25.04000,25.50000,15800
2019-11-20,25.96000,26.39000,25.50000,25.52000,33000
2019-11-21,25.70000,26.69500,25.55500,25.55500,8400
2019-11-22,25.66000,25.66000,25.10000,25.10000,11600
2019-11-25,25.23500,26.25000,25.23500,26.08500,24200
2019-11-26,25.85000,25.85000,25.25000,25.25500,38000
2019-11-27,25.41500,25.86500,24.91000,24.91000,17400
2019-11-29,24.88500,24.95000,24.82500,24.95000,5400
2019-12-02,24.92500,24.92500,24.69000,24.76000,13200
2019-12-03,24.91000,24.91000,24.75000,24.75000,2600
2019-12-04,24.93000,25.29500,24.93000,25.15000,7800
2019-12-05,25.30000,25.93000,25.30000,25.51500,13000
2019-12-06,25.91500,26.35000,25.71000,26.18000,30800
2019-12-09,26.11000,26.44000,25.63500,25.63500,18000
2019-12-10,25.25000,25.70000,25.05000,25.47000,29800
2019-12-11,25.10500,25.70000,25.10500,25.37000,10600
2019-12-12,24.85500,25.47500,24.85500,25.30500,8800
2019-12-13,24.85500,25.59000,24.85500,25.59000,22600
2019-12-16,25.52500,25.52500,25.05000,25.25000,64400
2019-12-17,25.22500,25.42000,25.10500,25.36500,33000
2019-12-18,25.10000,25.58500,25.05500,25.58500,57000
2019-12-19,25.48000,25.48000,25.01000,25.01000,175800
2019-12-20,25.11500,25.11500,24.52500,24.85500,75400
2019-12-23,24.63000,25.01000,24.48000,24.82500,24400
2019-12-24,24.54500,24.91500,24.53000,24.75000,6200
2019-12-26,24.87500,24.87500,24.87500,24.87500,1400
2019-12-27,24.65000,25.12500,24.65000,25.09500,36600
2019-12-30,25.47000,25.47000,24.92500,25.21500,6400
2019-12-31,25.09000,25.25000,24.90500,24.90500,35400
2020-01-02,25.10000,25.51500,24.98000,25.48500,15800
2020-01-03,25.24500,25.60500,25.23500,25.50000,9800
2020-01-06,25.36000,26.10000,25.32000,25.85000,19400
2020-01-07,25.90500,25.90500,25.76000,25.80000,6400
2020-01-08,25.77500,26.03500,25.57000,25.57000,9000
2020-01-09,25.40000,25.74000,25.31500,25.68000,8600
2020-01-10,25.36000,25.95500,25.28500,25.57500,15200
2020-01-13,25.24000,25.99000,24.94500,25.96500,22200
2020-01-14,26.06500,26.07000,25.75000,25.93000,16600
2020-01-15,25.82500,25.89500,25.60000,25.70000,21800
2020-01-16,25.79000,26.12000,25.55500,26.01500,16600
2020-01-17,26.14500,26.29500,25.35500,25.35500,18000
2020-01-21,25.35000,25.55000,25.05500,25.24000,21600
2020-01-22,25.25000,25.62000,25.12500,25.21000,7400
2020-01-23,25.42500,25.58500,25.23000,25.23000,18000
2020-01-24,25.38500,25.38500,25.06500,25.06500,27000
2020-01-27,24.63000,25.00000,24.63000,24.75000,9400
2020-01-28,24.83000,25.01500,24.65500,25.01500,9600
2020-01-29,25.08000,25.13000,24.77500,24.80000,34400
2020-01-30,24.66500,24.66500,24.50000,24.50000,11000
2020-01-31,24.27500,24.36000,23.67000,23.67000,24000
2020-02-03,24.09500,24.37500,23.91500,24.16500,51000
2020-02-04,24.27000,24.80000,24.16500,24.50000,10800
2020-02-05,24.89000,25.01000,24.73500,24.90000,17800
2020-02-06,24.87000,25.31000,24.87000,24.90000,9400
2020-02-07,24.97500,25.12500,24.20000,24.57500,9800
2020-02-10,25.11500,25.11500,24.50000,24.85000,5200
2020-02-11,24.75000,24.75000,24.54000,24.54000,4400
2020-02-12,24.74000,25.05500,24.70000,24.70000,10000
2020-02-13,24.70000,25.00000,24.65500,24.90000,9200
2020-02-14,24.98000,24.98000,24.95000,24.95000,7600
2020-02-18,24.90000,25.37500,24.90000,24.95000,6000
2020-02-19,25.07000,25.13500,24.98500,25.01000,5200
2020-02-20,24.96000,25.13500,24.90500,25.13500,10200
2020-02-21,25.16500,25.21000,24.93000,24.93000,11800
2020-02-24,24.22000,24.59500,24.22000,24.59500,9800
2020-02-25,24.53500,24.59500,24.53500,24.59500,7400
2020-02-26,24.31000,24.79500,24.07000,24.07000,17200
2020-02-27,23.75000,24.38000,22.81000,22.81000,48600
2020-02-28,22.54000,22.92000,22.03000,22.61500,65200
2020-03-02,22.74500,23.01500,22.54000,22.94500,24000
2020-03-03,22.94500,22.94500,21.82000,22.39000,17800
2020-03-04,22.49500,23.56500,22.49500,23.15000,59600
2020-03-05,22.82500,23.07000,22.32000,22.90000,21800
2020-03-06,22.77000,23.14000,22.32500,22.32500,20800
2020-03-09,21.43500,22.45000,20.05000,20.79000,56200
2020-03-10,21.14000,21.14000,20.63000,20.92000,42800
2020-03-11,20.00500,20.35500,19.87500,20.02500,31600
2020-03-12,19.33500,19.95000,18.10500,18.41500,60400
2020-03-13,19.02500,20.08000,18.72500,18.94000,68000
2020-03-16,15.00000,18.12500,15.00000,15.50000,99000
2020-03-17,15.72000,17.23500,15.72000,17.23500,72800
2020-03-18,16.16000,17.70000,15.87500,16.70000,55400
2020-03-19,16.41000,17.87500,15.84500,17.44500,75600
2020-03-20,17.36500,18.54000,17.04500,17.53000,78600
2020-03-23,17.80000,19.87500,17.80000,19.23500,52400
2020-03-24,19.73500,21.65000,19.63000,21.65000,73400
2020-03-25,21.44500,21.55500,19.25000,20.34000,38800
2020-03-26,19.97000,22.49500,19.97000,22.49500,39800
2020-03-27,21.83000,21.83000,19.47500,19.48500,40800
2020-03-30,19.68000,21.50000,19.20500,21.50000,34600
2020-03-31,21.33500,21.50000,20.05000,21.50000,80200
2020-04-01,20.40000,20.70500,19.10500,19.24000,63600
2020-04-02,19.32500,20.56000,19.32000,20.55500,35600
2020-04-03,20.37500,20.37500,18.92500,19.16500,51800
2020-04-06,19.50000,20.78000,19.50000,20.63500,95400
2020-04-07,21.05000,21.05000,20.01000,20.25000,41200
2020-04-08,20.25000,21.30000,20.25000,21.27500,89400
2020-04-09,21.55000,22.49500,21.11000,21.87500,64000
2020-04-13,21.53500,21.53500,20.90500,21.10000,59000
2020-04-14,21.69500,22.63000,21.31500,22.41000,44000
2020-04-15,22.10500,22.10500,20.78500,21.27500,63800
2020-04-16,21.33000,22.04500,20.13000,21.06500,88800
2020-04-17,21.60000,21.92000,21.43500,21.43500,61800
2020-04-20,20.86000,21.24000,20.70000,20.98500,27800
2020-04-21,20.63500,21.31500,20.41500,20.77000,47000
2020-04-22,21.15000,21.15000,20.87500,21.06500,21400
2020-04-23,21.04000,21.45000,20.87500,21.16000,35800
2020-04-24,21.87500,21.87500,20.87500,21.20000,56400
2020-04-27,21.32000,22.17000,21.30000,22.05500,36800
2020-04-28,22.42500,22.70000,21.63000,22.41500,71400
2020-04-29,22.50000,23.38500,22.50000,23.17500,71200
2020-04-30,22.68000,22.68000,21.33000,21.74500,37800
2020-05-01,21.16500,21.83000,20.69500,21.50000,41400
2020-05-04,21.25500,22.50000,20.93500,21.82500,38200
2020-05-05,22.46500,22.46500,21.43500,21.61000,44600
2020-05-06,21.76000,21.83500,20.30000,20.75000,43000
2020-05-07,21.10000,21.35500,20.75000,21.35500,28600
2020-05-08,21.79500,21.95000,21.70500,21.95000,26800
2020-05-11,21.63000,21.94000,21.05500,21.05500,38600
2020-05-12,21.21500,21.73500,20.94000,21.24500,117600
2020-05-13,21.04500,21.10000,19.51000,20.04000,114200
2020-05-14,19.59000,19.86500,18.84000,19.69000,75600
2020-05-15,19.78000,20.00500,19.50500,19.88500,68800
2020-05-18,20.10500,20.90000,20.07500,20.45000,127600
2020-05-19,20.20500,20.42500,19.76000,19.78500,78400
2020-05-20,19.97000,20.02500,19.18500,19.36000,112400
2020-05-21,19.12500,19.90000,19.10000,19.58000,88200
2020-05-22,19.63500,20.12000,19.05500,19.59000,147600
2020-05-26,20.31000,20.44500,19.73000,20.00000,107400
2020-05-27,20.49500,20.49500,19.55500,20.06000,131200
2020-05-28,20.15000,20.70000,19.62000,20.18500,85600
2020-05-29,20.02500,21.15000,19.41000,19.77500,1181000
2020-06-01,19.73500,20.62000,19.57000,20.19000,131800
2020-06-02,20.37500,20.66500,19.85500,20.22500,195400
2020-06-03,20.52000,21.67000,20.52000,21.49500,150800
2020-06-04,21.41000,21.80000,21.41000,21.62000,100600
2020-06-05,22.43500,22.50500,21.51000,21.96000,113800
2020-06-08,22.26500,22.47000,21.96500,22.35000,46400
2020-06-09,21.92000,22.49000,21.11500,21.95000,80000
2020-06-10,21.96000,21.96000,21.02000,21.17000,76400
2020-06-11,20.36500,20.37000,19.65000,19.79000,112200
2020-06-12,20.44500,20.44500,19.61000,20.02000,69200
2020-06-15,19.57000,20.69000,19.57000,20.19000,65600
2020-06-16,20.89500,21.10500,20.38000,20.72500,53000
2020-06-17,20.61000,20.61000,20.04500,20.10500,38400
2020-06-18,19.88000,20.14000,19.78500,19.91000,53400
2020-06-19,20.14000,20.14000,19.56000,19.97000,140200
2020-06-22,19.72500,19.93500,19.62000,19.70500,58800
2020-06-23,19.87500,19.87500,19.34000,19.60000,57800
2020-06-24,19.46500,19.58000,18.92500,19.22000,59000
2020-06-25,19.06500,19.58000,19.06500,19.50500,62800
2020-06-26,19.33500,19.61500,19.19000,19.47500,163800
2020-06-29,19.57000,20.50000,19.45000,20.24000,73000
2020-06-30,20.29000,20.58000,20.01000,20.29000,48600
2020-07-01,20.20500,20.47500,19.93500,20.34000,65000
2020-07-02,20.66000,20.66500,19.99000,20.12500,42000
2020-07-06,20.48000,20.50000,20.15500,20.36000,55600
2020-07-07,20.21500,20.40000,19.98000,19.98000,76000
2020-07-08,19.90500,20.45000,19.61500,19.96000,62000
2020-07-09,19.93000,20.15500,19.76500,20.00500,85800
2020-07-10,19.78000,20.20500,19.78000,20.13500,57200
2020-07-13,20.26500,20.49000,19.88000,19.94500,76800
2020-07-14,20.00000,20.35500,19.88000,20.14000,49000
2020-07-15,20.42500,21.08000,20.40500,20.70000,82200
2020-07-16,20.67500,20.67500,20.17000,20.36000,22000
2020-07-17,20.28500,20.75500,20.28500,20.68000,35600
2020-07-20,20.58500,20.58500,20.13500,20.23500,18400
2020-07-21,20.35000,20.42000,20.15000,20.39500,42800
2020-07-22,20.41500,20.50000,20.20000,20.42000,20200
2020-07-23,20.39000,20.44500,20.24500,20.31000,28200
2020-07-24,20.31000,20.38000,20.00000,20.00000,21400
2020-07-27,20.01500,20.12000,19.83500,20.00000,27800
2020-07-28,19.91500,20.04000,19.62500,19.63000,21200
2020-07-29,19.76000,20.14000,19.66500,20.05000,33800
2020-07-30,19.68000,20.05500,19.63500,19.81500,13000
2020-07-31,19.92000,19.92000,19.53000,19.56000,60600
2020-08-03,19.62000,20.68500,19.49000,19.81500,51400
2020-08-04,19.76500,20.34500,19.76500,20.24500,36600
2020-08-05,20.49000,20.49000,19.75000,20.34000,27400
2020-08-06,20.37500,20.84500,20.37500,20.64000,20400
2020-08-07,20.58000,21.40000,20.58000,21.36500,64400
2020-08-10,21.49500,21.54500,21.28000,21.44000,29200
2020-08-11,21.55000,21.90000,21.24500,21.41000,39200
2020-08-12,21.70500,22.08000,21.70500,21.90000,20400
2020-08-13,21.64000,21.64000,21.18000,21.25500,19200
2020-08-14,21.14500,21.27000,20.84000,21.22000,6400
2020-08-17,21.21000,21.21000,20.90500,21.10500,13000
2020-08-18,21.01500,21.29000,20.47500,20.78500,16600
2020-08-19,20.95000,21.05000,20.68000,20.85000,15800
2020-08-20,20.59500,20.84500,20.59500,20.78500,9200
2020-08-21,20.63500,20.63500,20.29000,20.48500,25000
2020-08-24,20.30500,20.41000,19.82000,20.03500,61800
2020-08-25,20.21500,20.50000,19.76500,20.41000,36000
2020-08-26,20.35000,20.35000,20.01500,20.01500,10400
2020-08-27,20.39000,20.50000,20.08500,20.39000,50800
2020-08-28,20.50000,20.95500,20.27000,20.88500,32400
2020-08-31,20.98500,20.98500,20.46000,20.54000,40600
2020-09-01,20.50000,21.21500,20.50000,20.73500,21400
2020-09-02,20.69000,21.12500,20.69000,21.10000,20600
2020-09-03,21.07000,21.07000,20.79500,20.92500,19600
2020-09-04,20.97000,20.97000,20.62500,20.70000,21600
2020-09-08,20.71000,20.97500,20.43000,20.88500,57200
2020-09-09,20.90000,20.95000,20.62500,20.71000,38200
2020-09-10,20.75000,20.75000,20.50500,20.50500,19600
2020-09-11,20.68500,20.69000,20.48000,20.69000,25600
2020-09-14,20.84500,20.92000,20.74000,20.88500,21000
2020-09-15,20.90500,20.94500,20.71000,20.71000,17600
2020-09-16,20.83500,20.95500,20.70500,20.72500,35200
2020-09-17,20.62000,20.80500,20.47000,20.47000,35200
2020-09-18,20.69000,21.08500,20.32000,21.02000,204200
2020-09-21,20.66000,20.98000,20.25000,20.25000,85000
2020-09-22,20.40500,20.47500,20.02500,20.23000,89000
2020-09-23,20.31500,20.38500,19.78000,19.87500,93200
2020-09-24,19.77500,20.37000,19.74500,20.27500,42000
2020-09-25,20.17500,20.69500,20.17500,20.61000,54600
2020-09-28,20.74500,21.12500,20.72500,20.93000,63200
2020-09-29,20.83500,21.00000,20.83500,20.97500,18600
2020-09-30,20.89000,21.13500,20.83500,20.83500,27400
2020-10-01,20.89500,21.03500,20.70000,20.75500,26000
2020-10-02,20.47500,21.33500,20.15000,21.22000,21800
2020-10-05,21.28500,21.69500,20.60000,21.66500,21600
2020-10-06,21.67500,21.98000,21.32500,21.76500,34800
2020-10-07,21.95500,22.24000,21.77500,21.78500,29400
2020-10-08,21.95000,22.30000,21.63500,22.12500,46200
2020-10-09,22.01000,22.11000,21.39500,21.65000,48200
2020-10-12,21.76500,21.76500,21.47500,21.51000,14800
2020-10-13,21.35000,21.50000,21.12000,21.12000,15800
2020-10-14,21.12000,21.15000,20.85000,21.15000,14800
2020-10-15,20.87500,21.08000,20.87500,20.97500,68400
2020-10-16,20.87500,21.01500,20.20500,20.31000,39000
2020-10-19,20.45000,20.45500,20.00000,20.31500,44000
2020-10-20,20.53000,20.72000,20.26000,20.65000,60600
2020-10-21,20.62500,20.80500,20.47000,20.75000,39600
2020-10-22,20.75000,20.78500,20.43000,20.44500,35000
2020-10-23,20.85000,20.86000,20.65500,20.65500,51000
2020-10-26,20.59000,20.59000,20.26000,20.31000,27600
2020-10-27,20.11500,20.11500,20.00000,20.00000,19600
2020-10-28,19.77500,20.54000,19.30000,20.45000,109600
2020-10-29,20.36000,20.85500,20.13000,20.77500,23600
2020-10-30,20.75000,20.91000,19.94000,20.23000,70800
2020-11-02,20.53500,21.69000,20.20000,21.69000,77000
2020-11-03,21.93000,23.11500,21.93000,22.95500,96400
2020-11-04,22.43000,22.62500,21.61500,22.37500,34000
2020-11-05,22.36500,22.87000,21.78500,22.18500,24800
2020-11-06,21.83000,22.04000,21.78000,21.90000,32200
2020-11-09,22.42000,23.75000,22.37000,22.66000,118800
2020-11-10,22.89500,23.81500,22.89000,23.37500,71000
2020-11-11,23.09500,23.26500,22.50000,22.70000,27000
2020-11-12,22.40000,22.40000,21.48000,21.70000,48800
2020-11-13,21.95000,22.47500,21.86500,22.01500,41600
2020-11-16,22.50500,22.52500,21.91500,22.17000,38200
2020-11-17,21.76500,22.40500,21.76500,22.13000,46200
2020-11-18,22.30000,22.50000,21.61000,21.61000,45600
2020-11-19,21.40000,22.80500,21.39500,22.51500,124600
2020-11-20,22.22500,23.04500,20.93000,22.70000,110600
2020-11-23,22.77500,23.24000,22.48500,22.51000,76400
2020-11-24,22.84000,23.14000,22.27500,22.77500,65800
2020-11-25,22.57500,22.78500,22.48500,22.50500,79800
2020-11-27,22.84000,23.32500,22.35000,23.25500,62800
2020-11-30,23.09500,23.97000,22.59500,22.89500,549600
2020-12-01,23.25000,23.25000,21.81000,22.04000,59200
2020-12-02,22.12000,22.57500,21.47000,21.60000,127200
2020-12-03,21.30500,22.51000,21.22000,22.14000,73000
2020-12-04,22.13500,22.88000,22.02500,22.68000,43600
2020-12-07,22.43000,22.62500,22.43000,22.52500,16400
2020-12-08,22.71000,22.73500,22.53500,22.71500,12600
2020-12-09,22.70000,22.70000,22.39000,22.52000,30400
2020-12-10,22.50500,22.75000,21.90500,22.66500,17800
2020-12-11,22.70000,22.88500,22.20500,22.34500,21200
2020-12-14,22.50500,22.51000,22.21500,22.41500,26400
2020-12-15,22.50000,23.30500,22.50000,22.87000,20000
2020-12-16,23.12000,23.12000,22.57500,22.65000,48400
2020-12-17,22.87500,23.07500,22.65500,22.87500,20200
2020-12-18,23.04000,23.29000,22.70500,22.99500,119800
2020-12-21,22.89500,22.89500,22.20000,22.37500,15000
2020-12-22,22.55000,22.63500,22.44500,22.50500,13000
2020-12-23,22.67500,22.67500,22.24000,22.28000,19000
2020-12-24,22.24000,22.63500,22.17000,22.45500,22000
2020-12-28,22.47500,22.70500,22.39500,22.48000,21400
2020-12-29,22.48500,22.56000,22.40500,22.50000,26400
2020-12-30,22.45500,22.69500,22.42500,22.65000,28200
2020-12-31,22.45500,22.88000,22.45500,22.77500,17400
2021-01-04,22.95000,22.97500,22.50500,22.71500,27200
2021-01-05,22.67000,22.99000,22.50000,22.65000,48600
2021-01-06,22.92500,23.24500,22.79500,22.86500,81800
2021-01-07,22.91000,22.97500,22.44500,22.57000,85000
2021-01-08,22.75000,23.17000,22.53500,23.16500,27200
2021-01-11,22.78500,23.32500,22.64500,22.67000,27800
2021-01-12,22.80000,23.12500,22.76500,22.95000,20800
2021-01-13,22.91000,23.35000,22.51000,22.51000,23200
2021-01-14,22.50000,22.86000,22.31500,22.65000,33800
2021-01-15,22.40500,22.75000,22.40500,22.72000,11800
2021-01-19,22.91000,22.94500,22.49500,22.82500,24000
2021-01-20,22.32500,23.12000,22.32500,23.04500,28200
2021-01-21,22.95000,23.32000,22.82000,23.13500,55800
2021-01-22,23.10500,23.70000,23.04000,23.62000,33000
2021-01-25,23.37000,23.50500,23.06500,23.23000,37800
2021-01-26,23.29000,23.29000,22.72500,22.79500,12800
2021-01-27,22.45500,22.45500,21.98000,22.13500,34000
2021-01-28,22.42500,22.43500,21.76500,21.98000,24000
2021-01-29,21.83500,21.96000,21.52500,21.59500,52000
2021-02-01,21.68500,22.11500,21.50000,22.08000,10600
2021-02-02,22.11000,22.94000,22.11000,22.26500,17400
2021-02-03,22.42000,22.42000,21.70000,22.40000,22000
2021-02-04,22.34000,22.76500,22.00500,22.45000,10800
2021-02-05,22.50000,22.55000,22.18500,22.49500,10400
2021-02-08,22.34500,23.30500,22.31000,23.19500,25800
2021-02-09,23.01000,23.46000,22.95500,23.15000,16400
2021-02-10,23.40000,23.66000,23.12000,23.31000,19800
2021-02-11,23.54500,23.87500,23.12500,23.60000,23000
2021-02-12,23.58500,23.65500,23.30000,23.44000,14600
2021-02-16,23.61500,23.67000,23.05500,23.05500,14600
2021-02-17,22.96000,22.97000,22.76000,22.80500,8600
2021-02-18,22.55000,22.98500,22.31500,22.60000,11600
2021-02-19,22.60000,23.40000,22.41500,23.40000,17200
2021-02-22,23.02500,23.10500,22.66000,22.82000,19600
2021-02-23,23.30000,23.41500,22.70000,23.00500,33000
2021-02-24,23.15000,23.97000,23.14500,23.73500,18000
2021-02-25,23.85000,23.85000,23.06500,23.10000,19600
2021-02-26,23.20000,23.66000,22.57000,22.57000,53400
2021-03-01,22.90500,23.99000,22.90500,23.95000,25800
2021-03-02,23.98500,24.60500,23.39500,23.50000,48000
2021-03-03,23.85000,24.35000,23.62500,23.93000,42600
2021-03-04,24.18000,24.95000,24.17000,24.80000,40800
2021-03-05,25.10500,26.18000,25.00500,25.83500,51400
2021-03-08,26.22000,26.49000,25.71500,25.97500,33800
2021-03-09,26.15000,26.15000,25.32500,25.38500,29000
2021-03-10,25.40000,25.84000,25.13500,25.40500,30000
2021-03-11,25.72000,25.72000,25.00500,25.25000,33600
2021-03-12,25.47500,26.05000,24.97500,25.46000,18800
2021-03-15,25.27000,25.53000,25.08500,25.23500,22600
2021-03-16,25.30000,25.36000,25.05500,25.25000,15000
2021-03-17,25.18000,26.15000,24.99500,25.18500,15600
2021-03-18,25.00000,25.34500,24.95000,24.98500,14200
2021-03-19,24.88000,25.75000,24.58000,25.68500,131800
2021-03-22,25.37500,25.37500,24.56000,24.86000,35200
2021-03-23,24.76500,25.01000,24.12000,24.12000,34600
2021-03-24,24.51000,25.25000,23.97500,24.00000,56000
2021-03-25,23.76000,24.07500,23.22000,24.03000,32600
2021-03-26,24.48500,24.93000,24.36000,24.50000,19400
2021-03-29,24.23000,24.82000,24.08000,24.11000,15800
2021-03-30,22.50000,24.45000,22.50000,24.34000,20600
2021-03-31,24.21500,25.03000,24.05500,24.61000,49200
2021-04-01,24.19000,24.96000,23.82500,24.58000,22600
2021-04-05,24.49500,25.10000,24.49500,24.80500,9800
2021-04-06,25.28500,25.28500,24.39000,24.55000,9800
2021-04-07,24.50000,24.57500,24.00000,24.03000,24000
2021-04-08,24.23000,24.55000,23.84000,24.03000,26200
2021-04-09,23.85000,24.40000,23.85000,23.98500,12800
2021-04-12,24.09500,25.16000,24.09500,24.71000,79600
2021-04-13,24.51000,24.99500,24.29000,24.78500,19400
2021-04-14,25.20000,25.49000,24.96000,24.96000,20800
2021-04-15,25.36000,25.67000,25.27000,25.50500,19800
2021-04-16,25.77500,26.00000,25.36500,25.51000,17000
2021-04-19,25.68000,25.77000,25.12000,25.62500,18200
2021-04-20,25.62500,25.99000,25.13000,25.99000,25400
2021-04-21,25.94000,25.97500,25.52500,25.85000,22000
2021-04-22,25.93500,26.40500,25.74000,25.90500,31800
2021-04-23,26.04000,26.08000,25.90500,25.94000,12400
2021-04-26,26.24500,26.24500,25.84000,26.13000,13800
2021-04-27,26.24000,26.27500,25.52500,25.54500,11200
2021-04-28,25.50000,25.58000,24.95000,24.95000,16600
2021-04-29,24.98000,25.35000,24.38500,25.13000,19200
2021-04-30,25.00000,25.67000,25.00000,25.38000,24400
2021-05-03,26.00000,27.45000,25.16000,27.45000,43000
2021-05-04,27.01000,27.55000,27.01000,27.50000,35800
2021-05-05,27.06000,27.06000,26.90500,27.01000,11400
2021-05-06,27.02000,27.74500,27.02000,27.50000,18400
2021-05-07,27.49500,28.87500,27.35000,28.87500,38000
2021-05-10,28.90000,29.00000,28.34500,28.57500,23400
2021-05-11,28.40000,28.40000,27.90000,28.35500,10400
2021-05-12,27.71000,28.05000,27.50000,27.75000,33200
2021-05-13,27.74500,28.96500,27.72000,28.77500,23400
2021-05-14,27.99000,29.35000,27.99000,29.30000,25800
2021-05-17,29.15000,29.38000,28.75000,29.07500,16200
2021-05-18,29.09000,29.09000,27.75500,28.03000,47600
2021-05-19,27.80000,28.00000,27.23500,27.55000,29000
2021-05-20,27.65000,28.36500,27.38500,28.32500,44200
2021-05-21,28.63000,28.63000,27.85000,27.90500,33800
2021-05-24,28.35000,29.06500,28.24500,28.75000,46400
2021-05-25,28.75000,29.00000,27.64500,27.64500,38000
2021-05-26,28.12000,29.00000,28.03500,28.50000,38000
2021-05-27,28.33500,28.62500,28.16000,28.49500,45600
2021-05-28,28.50000,28.68000,28.04500,28.66500,12600
2021-06-01,28.63000,29.66500,28.63000,29.63500,21000
2021-06-02,29.25000,29.85500,29.25000,29.46000,25600
2021-06-03,29.83000,29.83000,29.60000,29.74500,12600
2021-06-04,26.77500,29.89000,26.77500,29.63000,20000
2021-06-07,30.28500,30.51000,29.97500,30.44000,54400
2021-06-08,30.45000,30.45000,29.53000,30.00000,37200
2021-06-09,29.52500,29.73000,29.37500,29.48000,14000
2021-06-10,29.14000,29.39500,29.14000,29.39500,8800
2021-06-11,29.27500,29.43500,29.11000,29.17500,13000
2021-06-14,29.13000,29.69000,28.73500,29.52000,26000
2021-06-15,29.28000,29.77500,29.15000,29.65000,25800
2021-06-16,29.47500,29.47500,29.17000,29.17500,9800
2021-06-17,29.32000,29.46500,29.00000,29.36000,21200
2021-06-18,28.90000,29.59500,28.58500,29.59500,50200
2021-06-21,29.67000,30.20500,29.53500,29.87000,14800
2021-06-22,29.86500,29.97000,29.52500,29.81500,9000
2021-06-23,29.98500,29.99000,29.09500,29.78500,14800
2021-06-24,29.86500,30.59000,29.75000,30.51000,16800
2021-06-25,30.50000,31.25000,30.25000,31.22500,64000
2021-06-28,30.84500,30.84500,29.25500,29.42000,25000
2021-06-29,29.28000,29.36000,28.29000,28.48000,32400
2021-06-30,28.88000,28.88000,27.81000,27.84000,35400
2021-07-01,28.22500,28.58000,27.89000,28.18000,56000
2021-07-02,28.14500,28.22500,27.65500,27.75000,21200
2021-07-06,27.53000,27.96500,27.18500,27.66000,12000
2021-07-07,27.81500,28.08000,27.16000,27.92000,17400
2021-07-08,27.25000,27.92000,27.25000,27.92000,13000
2021-07-09,28.09500,28.49500,27.95000,28.29000,13000
2021-07-12,28.45000,28.96500,28.01000,28.96500,20200
2021-07-13,28.65000,28.99000,27.97500,28.19500,26000
2021-07-14,28.40000,28.49000,27.93000,28.02500,14400
2021-07-15,27.92000,28.26500,27.78500,28.07000,439000
2021-07-16,28.34500,29.80500,28.34500,29.25000,32000
2021-07-19,28.82500,28.89500,28.25000,28.89500,21600
2021-07-20,29.20000,30.09000,29.09500,29.09500,39000
2021-07-21,29.51000,29.89000,28.92000,28.92000,14000
2021-07-22,28.54500,28.96500,28.37000,28.69500,13400
2021-07-23,28.60500,29.05000,28.47500,28.97500,14600
2021-07-26,28.95000,29.70000,28.95000,29.70000,7800
2021-07-27,29.51000,29.86000,28.93500,29.70500,8600
2021-07-28,29.50000,29.77000,29.50000,29.75500,9600
2021-07-29,30.14000,30.22000,30.00000,30.10000,22800
2021-07-30,30.22000,30.22000,30.00000,30.06500,20400
2021-08-02,30.06000,30.50000,28.50000,28.59500,16600
2021-08-03,29.54500,29.63000,28.79500,29.35000,31800
2021-08-04,29.30000,29.85000,29.30000,29.35000,9400
2021-08-05,30.15000,30.15000,29.75000,29.95000,4800
2021-08-06,30.05500,30.48000,29.93500,29.93500,8000
2021-08-09,29.75000,30.00000,29.60000,29.65500,11600
2021-08-10,29.78500,30.33000,29.16500,29.60000,16200
2021-08-11,29.85000,30.25000,29.85000,30.10500,4200
2021-08-12,30.12500,30.25000,29.65000,29.94500,12800
2021-08-13,29.67500,30.25000,29.62500,30.07500,9000
2021-08-16,30.04500,30.24000,28.87500,28.87500,129000
2021-08-17,29.00000,29.19500,28.28000,28.62500,15800
2021-08-18,28.62000,28.62000,28.13500,28.31000,8000
2021-08-19,28.25000,28.76000,28.22000,28.62000,15200
2021-08-20,28.41000,29.34500,28.41000,29.20000,16000
2021-08-23,29.06000,29.35000,28.64500,29.20000,29000
2021-08-24,29.59000,29.59000,28.65000,28.65000,19600
2021-08-25,28.62500,28.91000,28.37500,28.46000,12600
2021-08-26,29.64000,29.64000,28.54000,28.78500,10800
2021-08-27,29.47500,29.47500,28.86500,29.00000,22400
2021-08-30,29.11500,29.49500,28.84500,28.84500,37600
2021-08-31,29.05000,29.28500,28.66500,28.85000,22000
2021-09-01,28.92000,29.06000,28.86000,28.97500,36800
2021-09-02,29.20000,29.37000,28.82500,29.30000,54200
2021-09-03,29.23500,29.31500,28.75500,28.78000,24800
2021-09-07,28.73000,29.13000,28.69500,28.78500,20000
2021-09-08,28.93500,29.01500,28.51000,28.91500,21600
2021-09-09,28.73000,28.76000,28.45000,28.55500,30600
2021-09-10,28.57500,28.57500,27.58000,27.58000,14800
2021-09-13,27.62000,27.84000,27.26500,27.74000,11400
2021-09-14,27.99000,27.99000,27.45500,27.45500,11000
2021-09-15,27.37500,27.49000,27.00000,27.45500,21200
2021-09-16,27.10500,28.25000,27.10500,28.17000,14800
2021-09-17,28.45500,28.74500,27.98500,28.13000,84600
2021-09-20,27.69500,28.05000,26.65000,27.23500,43200
2021-09-21,27.29000,27.49500,27.19000,27.37500,12000
2021-09-22,27.77000,27.90000,27.61000,27.63500,8000
2021-09-23,27.82000,28.05500,27.42000,27.82000,14400
2021-09-24,27.55000,27.97000,27.55000,27.94500,9400
2021-09-27,27.76000,29.14500,27.76000,28.82500,30600
2021-09-28,28.82000,29.16000,28.72000,28.81500,140000
2021-09-29,28.99500,29.00000,28.52500,28.72500,9800
2021-09-30,28.38500,29.39500,27.83000,27.96000,12400
2021-10-01,28.01000,28.57000,28.00000,28.00000,36600
2021-10-04,28.06000,28.12500,27.65500,27.80000,38200
2021-10-05,28.00000,28.00000,27.80000,27.80000,25200
2021-10-06,27.90500,27.92000,27.79500,27.92000,5800
2021-10-07,27.80000,28.33000,27.69500,27.79500,12200
2021-10-08,27.45000,28.04500,27.45000,27.70000,7400
2021-10-11,27.76500,27.80000,27.41000,27.41000,10000
2021-10-12,27.91000,28.18000,27.71500,27.95000,34600
2021-10-13,27.92500,28.20000,27.70000,28.20000,13600
2021-10-14,28.30500,28.77500,28.30500,28.38500,7400
2021-10-15,28.91500,29.03500,28.04000,28.04000,42000
2021-10-18,28.07000,28.07500,28.07000,28.07500,3400
2021-10-19,27.82500,28.07000,27.82500,28.07000,2200
2021-10-20,28.23000,28.34000,28.23000,28.23000,4800
2021-10-21,28.07000,28.57500,28.07000,28.14000,13600
2021-10-22,28.10500,28.38000,27.99500,27.99500,15400
2021-10-25,28.16500,28.17500,27.40500,27.74000,12000
2021-10-26,28.10500,28.46000,28.10500,28.16500,8400
2021-10-27,28.58500,28.73000,28.19000,28.20500,6000
2021-10-28,28.51500,29.07000,28.51500,29.02500,8800
2021-10-29,29.00000,29.11500,28.45000,28.60000,19800
2021-11-01,28.20000,28.41000,27.36500,27.59500,23600
2021-11-02,27.62500,27.90000,27.52500,27.90000,11400
2021-11-03,28.78000,29.54500,28.78000,29.17500,10200
2021-11-04,29.30500,29.89000,29.11500,29.89000,9600
2021-11-05,30.18000,32.50000,30.17500,32.50000,29200
2021-11-08,32.25000,32.25000,31.05000,31.25000,16200
2021-11-09,31.20000,31.20000,29.75500,29.75500,13000
2021-11-10,30.03000,30.29000,29.40500,29.40500,12400
2021-11-11,29.51000,30.17500,29.50000,29.75000,5600
2021-11-12,29.81000,30.13500,29.81000,29.95000,3200
2021-11-15,29.84500,32.09000,29.84500,30.30500,14600
2021-11-16,30.33000,30.33000,29.62000,29.82500,10600
2021-11-17,30.01000,31.00000,29.87500,30.58000,25000
2021-11-18,30.45000,30.80000,30.45000,30.64500,22800
2021-11-19,30.49500,30.70000,29.83000,29.95000,27800
2021-11-22,30.42000,30.42000,30.15000,30.25000,11400
2021-11-23,30.25000,31.53000,30.25000,30.25500,11200
2021-11-24,30.48500,30.90000,30.39000,30.80000,18400
2021-11-26,30.25000,30.25000,28.86000,28.86000,7200
2021-11-29,29.20000,29.20000,28.61500,28.61500,12800
2021-11-30,28.75000,29.38500,28.52500,29.32000,54200
2021-12-01,29.58000,29.92000,27.58000,27.58000,26400
2021-12-02,27.77000,28.77000,27.77000,28.77000,12000
2021-12-03,28.50500,28.50500,26.80000,27.94000,60000
2021-12-06,28.20000,28.53500,28.00000,28.23000,17200
2021-12-07,28.33500,28.84000,27.66000,27.66000,19200
2021-12-08,27.64000,28.40500,27.26500,28.40500,28800
2021-12-09,28.03000,28.37000,27.70000,28.09500,22400
2021-12-10,27.20000,28.59500,27.07500,28.25000,12000
2021-12-13,27.97000,28.72500,27.09500,27.74500,12800
2021-12-14,27.09500,28.19500,27.09500,27.97500,18600
2021-12-15,27.98000,28.93500,27.98000,28.75000,16800
2021-12-16,28.79000,28.79000,27.69500,28.14000,29800
2021-12-17,28.10000,28.72500,27.67000,28.40500,89600
2021-12-20,28.40000,28.47000,27.59000,27.67500,37800
2021-12-21,28.18500,28.19000,27.55000,28.19000,8200
2021-12-22,28.75000,28.94500,28.57000,28.94500,14400
2021-12-23,28.71500,28.84500,28.19500,28.73500,15800
2021-12-27,27.50000,28.75000,27.50000,28.69500,7000
2021-12-28,28.91000,29.45000,28.91000,29.06000,9800
2021-12-29,29.07500,29.50000,28.73500,29.35000,14600
2021-12-30,29.56000,29.56000,28.54500,28.69000,23000
2021-12-31,28.54500,29.07500,28.54500,28.90000,15600
2022-01-03,29.36000,29.73000,29.15000,29.59500,12400
2022-01-04,29.91000,30.21500,29.65000,29.76000,9600
2022-01-05,29.75000,29.78000,29.75000,29.75500,13200
2022-01-06,29.50500,30.01500,29.50500,29.56500,8200
2022-01-07,29.59000,29.59000,29.06000,29.06000,10000
2022-01-10,29.25000,29.40000,28.67000,29.15000,10800
2022-01-11,29.10000,29.16000,29.06500,29.08500,9600
2022-01-12,29.19000,29.30000,28.82500,28.82500,29000
2022-01-13,28.87500,29.17500,28.59000,28.59000,17200
2022-01-14,28.50000,28.93500,28.47000,28.93500,9800
2022-01-18,28.78000,28.90000,28.36500,28.36500,14000
2022-01-19,28.50000,28.50000,28.01500,28.05000,23000
2022-01-20,28.35000,28.62500,27.75000,27.75000,19000
2022-01-21,27.69000,28.06500,27.50500,27.50500,33800
2022-01-24,27.25000,27.99000,27.25000,27.89000,24600
2022-01-25,27.34500,27.96000,27.34500,27.80000,13200
2022-01-26,28.31500,28.73500,27.82500,27.89000,26400
2022-01-27,27.97500,27.97500,27.53000,27.60000,8000
2022-01-28,27.73500,28.12500,27.41500,27.96000,26200
2022-01-31,28.00000,28.24000,27.88500,28.24000,24600
2022-02-01,28.00000,28.19500,27.72500,28.01500,24800
2022-02-02,27.75000,27.99500,27.52000,27.67000,32000
2022-02-03,27.53000,27.73000,27.50000,27.51000,13400
2022-02-04,27.38500,27.80000,27.38500,27.43000,18400
2022-02-07,27.63000,27.75000,27.49500,27.57500,24000
2022-02-08,27.58000,27.90500,27.38000,27.73000,9200
2022-02-09,27.44000,27.99000,27.44000,27.70000,16000
2022-02-10,27.53000,27.95500,27.53000,27.78000,19600
2022-02-11,28.00000,28.00000,27.55500,27.67500,14000
2022-02-14,27.73000,27.73000,27.27500,27.27500,11600
2022-02-15,27.61000,28.10000,27.55500,27.99000,14400
2022-02-16,27.80000,28.03500,27.80000,27.83500,11000
2022-02-17,27.83500,27.83500,27.52000,27.62500,20400
2022-02-18,27.48000,27.87000,27.42000,27.64000,20600
2022-02-22,27.87500,28.32000,27.77000,28.12500,17600
2022-02-23,28.43000,28.43000,28.26500,28.31500,17200
2022-02-24,27.86000,28.29000,27.86000,28.19500,25600
2022-02-25,28.40000,28.91500,28.40000,28.77000,17800
2022-02-28,29.10000,29.15000,28.75500,28.96500,26800
2022-03-01,28.75500,28.99500,28.02000,28.15500,27800
2022-03-02,28.19000,29.05500,28.19000,29.03000,19000
2022-03-03,29.01000,29.27000,29.01000,29.10000,7200
2022-03-04,28.79500,29.26500,28.65500,28.65500,16200
2022-03-07,28.55000,28.77500,28.47500,28.63000,33600
2022-03-08,28.60000,28.62000,27.88000,27.88000,26000
2022-03-09,28.40500,28.70500,28.36500,28.70500,12000
2022-03-10,28.60500,29.12000,28.49000,28.53500,14200
2022-03-11,28.85000,28.85000,28.28000,28.28000,9000
2022-03-14,28.70000,28.70000,28.25000,28.27000,19200
2022-03-15,28.52000,28.52000,28.12000,28.20500,18400
2022-03-16,28.35000,28.76500,28.12000,28.59000,20800
2022-03-17,28.82500,29.25000,28.71500,29.22000,23800
2022-03-18,29.11000,29.29000,28.87000,29.11500,75600
2022-03-21,28.95000,29.64000,28.95000,29.51000,39600
2022-03-22,29.57500,29.93000,29.33500,29.43000,25400
2022-03-23,29.45500,29.67500,28.82500,28.82500,12200
2022-03-24,28.76500,28.99000,28.57000,28.74000,11000
2022-03-25,28.58000,29.20000,28.58000,28.81000,11600
2022-03-28,28.67000,28.91500,28.57000,28.91500,10200
2022-03-29,29.08500,29.46000,28.99500,29.25500,22000
2022-03-30,29.18500,29.20000,28.84500,28.90000,12600
2022-03-31,28.84000,29.30500,28.75000,28.90000,45400
2022-04-01,28.95500,29.53000,28.90000,29.35500,23000
2022-04-04,29.25000,29.97000,29.17000,29.85000,40000
2022-04-05,29.96000,29.96000,29.08000,29.50000,25800
2022-04-06,29.26500,29.74500,29.26500,29.53500,15800
2022-04-07,29.54500,29.58000,29.35000,29.42000,11400
2022-04-08,29.45500,29.53000,29.26500,29.44500,13600
2022-04-11,29.35500,29.51500,29.22500,29.37000,23200
2022-04-12,29.43500,29.70500,29.37500,29.67500,9800
2022-04-13,29.45000,29.83500,29.45000,29.58000,10800
2022-04-14,29.73000,29.73000,29.37500,29.55000,8800
2022-04-18,29.71000,29.74500,29.32500,29.35500,8000
2022-04-19,29.27500,29.66500,29.27500,29.53000,8000
2022-04-20,29.72000,29.81000,29.45500,29.80000,11800
2022-04-21,30.00000,30.00500,29.54500,29.65000,22400
2022-04-22,29.81000,29.98000,29.61000,29.61000,23000
2022-04-25,29.61000,29.76000,29.31000,29.58000,26400
2022-04-26,29.65000,29.74000,29.08000,29.11500,23200
2022-04-27,29.17000,29.34500,28.15000,28.28000,20200
2022-04-28,28.57000,28.99500,28.49500,28.99500,17000
2022-04-29,28.56000,28.56000,27.88500,28.25500,15800
2022-05-02,28.04000,28.43000,27.19000,27.52000,44800
2022-05-03,27.59500,27.89500,27.27000,27.46000,20000
2022-05-04,27.45000,27.65000,26.85500,27.60000,20600
2022-05-05,27.07500,27.80500,26.75000,27.56000,52200
2022-05-06,28.22000,28.22000,27.66500,27.97500,28000
2022-05-09,27.94000,28.58000,27.81500,28.58000,41000
2022-05-10,28.79500,28.79500,28.24500,28.39000,19400
2022-05-11,28.72000,29.79500,28.72000,28.93000,18800
2022-05-12,29.51500,29.80000,28.79000,28.92500,22000
2022-05-13,28.95000,28.95000,28.26500,28.26500,21000
2022-05-16,28.27500,28.43000,28.27500,28.29000,12000
2022-05-17,28.45500,28.51500,28.18500,28.51500,19200
2022-05-18,27.64500,28.34000,27.61000,28.03000,39200
2022-05-19,28.00000,28.10000,27.77000,27.87000,33000
2022-05-20,28.10000,28.33500,27.76500,28.24500,24000
2022-05-23,28.25500,29.00000,28.23500,29.00000,22800
2022-05-24,28.75000,29.79000,28.54000,29.66000,31200
2022-05-25,29.80000,30.55500,29.80000,30.44000,20000
2022-05-26,30.37500,31.17500,30.00000,30.42500,50600
2022-05-27,30.70500,31.33000,30.48000,30.65000,19800
2022-05-31,30.64500,30.85000,30.01000,30.01000,61800
2022-06-01,30.04500,30.14000,29.76000,30.14000,14600
2022-06-02,29.95000,30.19000,29.70000,30.15000,16800
2022-06-03,29.87000,29.87000,29.60000,29.60000,8000
2022-06-06,29.89000,29.89000,29.37500,29.54500,15400
2022-06-07,30.01500,30.29500,30.01500,30.21000,13200
2022-06-08,30.42000,30.42000,29.51000,29.77500,17800
2022-06-09,29.75000,29.75000,29.00000,29.00000,16400
2022-06-10,29.00000,29.38500,28.77500,28.92000,35600
2022-06-13,28.75500,28.90500,28.04000,28.04000,38800
2022-06-14,28.10000,28.10000,27.70500,27.80000,22200
2022-06-15,28.08000,28.58000,27.89500,28.45000,18800
2022-06-16,28.12000,28.36500,27.80500,28.36500,26200
2022-06-17,28.36500,28.80500,28.36500,28.73000,37400
2022-06-21,29.04500,29.82500,29.04500,29.68000,23200
2022-06-22,29.51000,30.02500,29.51000,30.01500,14000
2022-06-23,30.25000,30.46000,30.16500,30.32500,25800
2022-06-24,30.22500,30.75000,29.70000,29.96000,59600
2022-06-27,29.91000,30.14000,29.63000,29.76000,13400
2022-06-28,29.66500,29.99500,28.15500,29.26000,13600
2022-06-29,29.38000,29.78000,29.38000,29.78000,14000
2022-06-30,29.63500,30.24000,29.51500,30.17500,14600
2022-07-01,30.35500,31.06500,30.35500,31.06500,9200
2022-07-05,30.67000,31.28500,30.34500,31.28500,23600
2022-07-06,31.50500,31.76000,31.21500,31.27500,20400
2022-07-07,31.61500,31.68000,30.75500,30.98000,25000
2022-07-08,31.00000,31.21000,30.50000,30.57500,20000
2022-07-11,30.65000,30.65000,30.07500,30.40000,20400
2022-07-12,30.40000,30.40000,30.11500,30.27000,11600
2022-07-13,30.25000,30.31500,30.10000,30.18500,18000
2022-07-14,29.99500,30.11500,29.57500,29.98500,17200
2022-07-15,30.42000,30.42000,29.84000,30.00000,36200
2022-07-18,30.15000,30.25000,29.70500,29.70500,10000
2022-07-19,29.82000,30.47500,29.64500,30.32500,33400
2022-07-20,30.08500,30.46500,29.87500,30.00000,29000
2022-07-21,29.79000,29.95000,29.64500,29.92000,13600
2022-07-22,29.75000,30.05000,29.75000,29.85000,11200
2022-07-25,29.92000,30.09000,29.83500,29.83500,24800
2022-07-26,29.83500,30.11000,29.66500,29.92000,16800
2022-07-27,29.95000,30.15500,29.82000,29.88000,13400
2022-07-28,29.87500,30.22500,29.60000,29.93000,13000
2022-07-29,29.77000,29.77500,29.41500,29.50000,27400
2022-08-01,29.11000,29.29000,28.75000,28.75000,23400
2022-08-02,28.50000,28.93500,28.50000,28.59500,14800
2022-08-03,28.70000,28.94000,28.56500,28.91000,15600
2022-08-04,29.50000,30.22000,28.40000,28.45500,10800
2022-08-05,28.50000,28.84000,28.34000,28.67500,16600
2022-08-08,28.80000,28.98000,28.50500,28.77500,67000
2022-08-09,28.97000,30.06500,28.80000,29.00500,29800
2022-08-10,29.11000,29.39000,29.01500,29.28500,28800
2022-08-11,29.04000,29.53000,28.97500,29.41000,23400
2022-08-12,29.80500,30.33500,29.74000,29.99500,18800
2022-08-15,29.97500,30.04000,29.90500,29.99000,15800
2022-08-16,30.03000,30.03500,29.75000,29.81500,16200
2022-08-17,29.98500,30.00000,29.76500,29.85000,22800
2022-08-18,29.94000,30.02000,29.80500,29.89500,17800
2022-08-19,29.75500,29.83000,29.53500,29.53500,26000
2022-08-22,29.47500,29.57500,29.06000,29.06000,16400
2022-08-23,29.09500,29.09500,28.67000,28.75500,16800
2022-08-24,28.88000,28.98500,28.70000,28.98500,11000
2022-08-25,29.21000,29.33000,29.14500,29.33000,10000
2022-08-26,29.30000,29.30000,28.68000,28.84500,16000
2022-08-29,28.75000,28.91500,28.59000,28.59000,11600
2022-08-30,28.41000,28.41000,28.15000,28.35500,18000
2022-08-31,28.60500,28.96500,28.59500,28.76000,28000
2022-09-01,28.87000,29.30000,28.75000,28.79000,15800
2022-09-02,28.87500,29.07500,28.64000,28.69000,19800
2022-09-06,28.64000,29.06500,28.50000,28.90000,15600
2022-09-07,28.98000,29.48500,28.98000,29.34500,14600
2022-09-08,29.00500,29.20000,28.90000,29.13500,14600
2022-09-09,29.15500,29.43000,29.02500,29.02500,13200
2022-09-12,29.25000,29.54500,29.25000,29.54500,7000
2022-09-13,29.00000,29.05000,28.50000,28.50500,15400
2022-09-14,28.75000,28.75000,28.20500,28.48000,32600
2022-09-15,28.51000,28.51000,28.05500,28.05500,14000
2022-09-16,28.07500,28.37000,27.78500,28.35500,35600
2022-09-19,28.06000,28.17500,27.74000,28.10000,9200
2022-09-20,27.87500,27.90000,27.72500,27.89500,10600
2022-09-21,28.14500,28.22000,27.97000,28.05000,22000
2022-09-22,27.82000,28.05000,27.52000,27.76500,36800
2022-09-23,27.38500,27.38500,26.67000,26.86000,32000
2022-09-26,27.00500,27.31000,26.54000,26.62000,18800
2022-09-27,26.75000,27.33000,26.75000,27.01500,55400
2022-09-28,26.92000,27.37500,26.81500,27.21000,37200
2022-09-29,27.21000,27.21000,26.60000,26.87000,20000
2022-09-30,26.99500,27.56000,26.94500,27.18000,32600
2022-10-03,27.48500,27.77500,27.12000,27.49500,27000
2022-10-04,27.74500,28.25000,27.70000,28.06000,20000
2022-10-05,27.96500,28.05000,27.61000,27.77000,23800
2022-10-06,27.82500,27.82500,27.50000,27.53500,14200
2022-10-07,27.53500,27.53500,27.09000,27.43000,22400
2022-10-10,27.58000,27.71000,26.60500,27.10000,43800
2022-10-11,27.27000,27.62000,27.04500,27.20500,13600
2022-10-12,27.23000,27.23000,26.86000,27.12500,12000
2022-10-13,26.75500,27.75500,26.75500,27.72500,23800
2022-10-14,27.78000,27.78000,27.41500,27.41500,11400
2022-10-17,27.71000,28.17000,27.69000,28.07500,17800
2022-10-18,28.13500,28.37000,27.75500,28.18000,13600
2022-10-19,27.86000,28.20000,27.86000,28.16000,8800
2022-10-20,28.00000,28.05000,27.95500,28.05000,11600
2022-10-21,28.21500,29.05000,28.20500,29.05000,13400
2022-10-24,28.91000,29.07000,28.65000,28.95000,13400
2022-10-25,28.78500,29.59500,28.78500,29.44500,17800
2022-10-26,29.54500,29.54500,29.06000,29.06000,9800
2022-10-27,29.25000,29.74500,29.25000,29.41500,11200
2022-10-28,29.87500,30.90500,29.87500,30.90500,27400
2022-10-31,30.75000,30.75000,29.95500,30.31500,15400
2022-11-01,30.68000,30.68000,29.85000,29.95000,9000
2022-11-02,30.31500,30.50000,29.50500,29.50500,18400
2022-11-03,29.50000,30.01000,29.00000,29.33500,17000
2022-11-04,29.32500,29.63000,28.15000,28.17500,24600
2022-11-07,28.59500,29.62500,28.21000,28.29000,29400
2022-11-08,28.57500,29.00000,28.00000,28.19500,19000
2022-11-09,28.19500,28.19500,27.23000,27.80500,14400
2022-11-10,28.41000,30.00000,28.30000,29.83000,38000
2022-11-11,29.72500,29.82500,29.03000,29.03000,17200
2022-11-14,29.18000,29.20000,28.73000,28.80000,13600
2022-11-15,29.03500,29.69000,29.03500,29.35000,17000
2022-11-16,29.31500,29.80000,28.90500,29.19500,14400
2022-11-17,28.96000,29.45500,28.96000,29.38500,10800
2022-11-18,29.89000,29.90500,29.22000,29.22000,21600
2022-11-21,29.34000,29.50500,27.15500,27.20000,49800
2022-11-22,27.25500,27.53000,26.63000,27.24500,43400
2022-11-23,27.13500,27.62000,26.88500,27.03000,24400
2022-11-25,26.92500,27.28000,26.85500,26.85500,18400
2022-11-28,27.02500,28.54000,26.75000,28.25500,44800
2022-11-29,28.45500,29.76000,28.37500,29.50000,29400
2022-11-30,29.81500,30.55500,29.17500,30.45000,49400
2022-12-01,30.77500,30.77500,29.29000,29.78500,19800
2022-12-02,29.60000,30.10000,29.14500,30.05000,20400
2022-12-05,29.80500,30.51500,29.26000,29.66000,25600
2022-12-06,29.78000,30.11500,29.01000,29.65500,16800
2022-12-07,30.11000,30.11000,29.54500,29.70000,12200
2022-12-08,29.71000,29.71000,29.35500,29.35500,13000
2022-12-09,29.41500,29.93000,29.41500,29.67000,18800
2022-12-12,29.55500,29.61000,29.16500,29.31500,17800
2022-12-13,29.81500,29.81500,29.30000,29.30000,41200
2022-12-14,29.91500,29.91500,28.85000,28.85000,20200
2022-12-15,28.26000,28.82000,28.15500,28.35500,36000
2022-12-16,28.11000,28.79000,27.69000,28.62000,67200
2022-12-19,28.26500,28.63500,28.16000,28.16000,21800
2022-12-20,28.00500,28.49000,27.89000,28.01000,23000
2022-12-21,27.98000,28.46500,27.98000,28.10000,15800
2022-12-22,27.80000,27.85000,27.50000,27.57000,22600
2022-12-23,27.50000,27.98000,27.00500,27.82000,13800
2022-12-27,27.82500,27.82500,27.08500,27.11000,16600
2022-12-28,27.10000,27.50500,26.75000,26.75000,9000
2022-12-29,27.02000,27.41500,26.98000,27.24500,23600
2022-12-30,27.17500,27.66500,26.75000,26.93000,18200
2023-01-03,26.98000,27.30500,26.75000,27.12000,45600
2023-01-04,27.12500,27.45000,27.12500,27.45000,11200
2023-01-05,27.49500,27.61500,27.39000,27.55500,6800
2023-01-06,28.01500,28.13000,27.87500,28.13000,9200
2023-01-09,27.75000,27.79500,27.13000,27.27500,14800
2023-01-10,27.34000,27.34000,27.10000,27.10000,9600
2023-01-11,27.16000,27.62500,27.10000,27.50000,13400
2023-01-12,27.95500,28.02000,27.56500,27.85000,14200
2023-01-13,27.94500,28.05000,27.90000,27.90000,9000
2023-01-17,28.10000,28.48000,28.03000,28.12500,17400
2023-01-18,29.02500,29.02500,27.87500,27.88000,11800
2023-01-19,27.62500,28.02500,27.59000,27.88000,20000
2023-01-20,28.12500,28.12500,27.75000,28.12000,28600
2023-01-23,28.15500,28.20000,27.39000,27.50000,22400
2023-01-24,27.50000,27.77500,27.46500,27.77500,11600
2023-01-25,27.25000,27.74500,27.25000,27.74500,7000
2023-01-26,27.62500,28.00000,27.62500,28.00000,5200
2023-01-27,27.99500,28.04000,27.25500,27.50000,14400
2023-01-30,27.72500,27.72500,27.28000,27.51000,8200
2023-01-31,27.62500,28.63500,27.62500,28.08500,24000
2023-02-01,28.08500,28.77500,27.98500,28.40000,32000
2023-02-02,28.70000,29.19500,28.55000,28.84500,26000
2023-02-03,28.75000,28.98500,28.55000,28.88000,19200
2023-02-06,28.75500,28.96000,28.70000,28.90000,15200
2023-02-07,28.98000,29.25000,28.98000,29.10000,10200
2023-02-08,29.02500,29.09500,28.57000,28.97500,15800
2023-02-09,29.00000,29.00000,28.82500,28.82500,11200
2023-02-10,28.99500,29.38500,28.85500,28.86500,7600
2023-02-13,29.00000,29.47000,28.85500,29.15000,14000
2023-02-14,28.96500,28.96500,28.96500,28.96500,4000
2023-02-15,28.87500,29.18000,28.87500,28.89000,8800
2023-02-16,28.75000,29.00500,28.68500,28.87000,12000
2023-02-17,28.98000,29.15000,28.75500,29.15000,22000
2023-02-21,28.65500,28.70500,28.17000,28.17000,20200
2023-02-22,28.25000,28.72500,28.00000,28.31000,24600
2023-02-23,28.35000,28.85000,28.35000,28.85000,10400
2023-02-24,28.38000,28.38000,27.58500,27.80500,13800
2023-02-27,27.84500,27.87000,27.62500,27.75000,10800
2023-02-28,27.97000,28.00000,27.32500,27.32500,27400
2023-03-01,27.27000,27.27000,26.87500,26.95500,14400
2023-03-02,26.97000,27.35500,26.75000,27.16000,20800
2023-03-03,27.15000,27.15000,26.90000,26.96000,12400
2023-03-06,26.75500,27.00000,26.72000,26.88500,18600
2023-03-07,27.18500,28.23500,27.01000,28.06500,38800
2023-03-08,28.49500,29.49500,28.44500,29.49500,18600
2023-03-09,29.49500,29.93500,28.62500,28.62500,14400
2023-03-10,28.98500,28.98500,27.87000,28.00000,30800
2023-03-13,27.62500,28.27000,27.30000,28.11000,28800
2023-03-14,28.00000,28.44000,27.75500,28.00000,43200
2023-03-15,27.90000,28.34500,27.90000,28.30000,17400
2023-03-16,28.10500,29.18500,28.10500,29.18500,11800
2023-03-17,29.02500,29.17500,28.55500,28.92500,45000
2023-03-20,28.87500,29.57500,28.76000,29.03000,23800
2023-03-21,29.27000,29.41000,29.01500,29.01500,10800
2023-03-22,29.02500,29.02500,28.04000,28.05000,15400
2023-03-23,28.19500,28.46500,27.70500,27.70500,14200
2023-03-24,27.51000,28.64500,27.51000,28.45000,19200
2023-03-27,27.97500,28.85000,27.97500,28.60000,7400
2023-03-28,28.56500,28.63500,28.22000,28.63500,7000
2023-03-29,28.59000,28.63000,28.59000,28.63000,8400
2023-03-30,28.62500,28.68000,28.39000,28.68000,7600
2023-03-31,28.99000,28.99000,28.68000,28.94000,24600
2023-04-03,28.75000,29.03500,28.35000,28.90500,17200
2023-04-04,28.65500,28.90000,28.62000,28.90000,12000
2023-04-05,28.04000,28.73000,28.04000,28.73000,10000
2023-04-06,28.40500,28.70500,28.40500,28.70500,7400
2023-04-10,28.73000,29.73500,28.62500,29.39000,50000
2023-04-11,30.21500,30.21500,28.96000,28.96000,11800
2023-04-12,29.28000,29.78500,29.21500,29.66000,26200
2023-04-13,29.64000,29.89500,29.55000,29.70500,11200
2023-04-14,29.75000,29.75000,29.60000,29.75000,26800
2023-04-17,29.75500,30.01500,29.52500,30.01500,9000
2023-04-18,29.95000,30.14500,29.24000,29.71500,34800
2023-04-19,29.97000,29.97000,29.41000,29.41000,6000
2023-04-20,29.21000,29.56000,29.21000,29.54000,7200
2023-04-21,29.36000,29.36000,28.71000,28.84000,15800
2023-04-24,29.56500,29.56500,29.06500,29.06500,6200
2023-04-25,29.22500,29.22500,28.53000,28.60000,14800
2023-04-26,28.55500,28.99000,28.44000,28.69000,13600
2023-04-27,28.69500,29.40000,28.69500,29.40000,6600
2023-04-28,29.00000,29.00000,29.00000,29.00000,6200
2023-05-01,29.00000,29.32500,27.93000,28.25000,26400
2023-05-02,28.25000,28.90000,27.91000,28.82500,15800
2023-05-03,28.85000,29.28500,28.85000,28.91000,11000
2023-05-04,28.97000,28.97000,28.23500,28.32500,13400
2023-05-05,28.44000,28.76000,28.36000,28.47500,15000
2023-05-08,28.43500,28.43500,27.80000,27.95000,12400
2023-05-09,27.70500,28.12000,27.52500,28.12000,19000
2023-05-10,28.38000,28.97000,28.38000,28.90000,18800
2023-05-11,28.46000,28.95500,28.38500,28.80500,18200
2023-05-12,28.52500,28.71000,27.01000,27.54000,49400
2023-05-15,27.50000,27.50000,26.89000,27.06500,44800
2023-05-16,27.07000,27.37500,26.78000,26.78500,54200
2023-05-17,27.01500,27.28500,26.50000,27.05000,46000
2023-05-18,27.06500,27.42000,26.79000,27.17500,39200
2023-05-19,27.30000,27.38000,26.72500,27.15000,47400
2023-05-22,26.89000,27.83000,26.89000,27.58500,45600
2023-05-23,27.29500,28.25000,27.29500,28.04000,43800
2023-05-24,27.56000,27.85000,27.47500,27.52500,56800
2023-05-25,27.51000,27.60500,26.64000,26.94500,67000
2023-05-26,27.01500,27.27000,26.57500,27.25000,80000
2023-05-30,27.17000,27.60500,26.59500,26.99000,99600
2023-05-31,26.85000,26.94500,26.22500,26.40500,874200
2023-06-01,26.76500,28.00500,26.62500,27.84000,51000
2023-06-02,27.63500,29.44500,27.63500,29.22000,75800
2023-06-05,29.11500,29.62500,28.16000,28.60500,59200
2023-06-06,29.10500,29.74000,29.10500,29.56000,43200
2023-06-07,29.68500,30.71000,29.68500,30.51500,73000
2023-06-08,29.64500,30.38000,29.64500,30.31500,33600
2023-06-09,30.31500,30.31500,29.61000,29.98000,18400
2023-06-12,30.01500,30.50000,29.77000,29.95000,33400
2023-06-13,30.00000,30.01000,29.72000,29.78000,23800
2023-06-14,30.07000,30.07000,29.34500,29.37000,22400
2023-06-15,28.75000,29.87500,28.75000,29.80500,25600
2023-06-16,30.00000,30.00000,29.26000,29.40000,44400
2023-06-20,29.05000,29.46000,28.79500,28.99000,16600
2023-06-21,28.77500,28.78500,28.41000,28.43500,15000
2023-06-22,28.35000,28.54000,28.14000,28.28000,20600
2023-06-23,27.87000,28.29000,27.74000,27.99500,89800
2023-06-26,28.49000,28.49000,27.95500,28.13000,19800
2023-06-27,28.56500,28.79500,28.52500,28.59500,15800
2023-06-28,28.56500,28.93500,28.56500,28.73500,15600
2023-06-29,28.69000,29.22000,28.53500,28.99000,14200
2023-06-30,29.24000,29.24000,28.72000,28.78500,18200
2023-07-03,28.52000,28.52000,28.25000,28.40000,14400
2023-07-05,28.26500,28.32000,28.01000,28.19500,23800
2023-07-06,27.84000,27.84000,27.31500,27.41000,41600
2023-07-07,27.23000,28.32000,27.23000,27.82000,30000
2023-07-10,27.90000,28.07000,27.75500,27.81500,20200
2023-07-11,27.83000,28.64000,27.83000,28.57500,25800
2023-07-12,28.89500,28.89500,28.57500,28.60000,11000
2023-07-13,28.61000,28.80000,28.45000,28.80000,13800
2023-07-14,28.61000,28.67500,28.35000,28.56500,30400
2023-07-17,28.85000,29.18000,28.51500,28.51500,14800
2023-07-18,28.63000,29.55000,28.30500,29.34000,52000
2023-07-19,29.54500,29.54500,29.08000,29.27000,15600
2023-07-20,29.24500,29.37500,28.86500,29.00000,14400
2023-07-21,29.20000,29.50000,29.15000,29.15000,27400
2023-07-24,29.09000,29.09000,28.50000,28.50000,12200
2023-07-25,28.60000,28.86500,28.46500,28.70500,14400
2023-07-26,28.57500,28.81000,28.44500,28.59000,24400
2023-07-27,28.59500,28.59500,27.75000,28.20000,26200
2023-07-28,28.45000,28.45000,28.27000,28.41500,11200
2023-07-31,28.40000,28.80500,28.03000,28.68500,21200
2023-08-01,28.42000,28.84000,28.08500,28.20000,10800
2023-08-02,28.12000,28.44500,28.03000,28.12000,11800
2023-08-03,28.13500,28.41500,27.93000,28.16000,20600
2023-08-04,28.09500,28.40000,28.09500,28.26500,12600
2023-08-07,28.17500,28.68000,28.17500,28.67500,16600
2023-08-08,28.51500,28.70500,28.32000,28.65000,17800
2023-08-09,28.40500,28.40500,28.02500,28.25500,18800
2023-08-10,28.05500,28.50000,28.05500,28.35500,20200
2023-08-11,28.50000,28.63500,28.13000,28.49000,46000
2023-08-14,28.27000,28.30000,27.85500,27.88500,40200
2023-08-15,27.79000,27.91000,27.50000,27.79000,60800
2023-08-16,27.77000,28.17500,27.77000,27.85000,29200
2023-08-17,28.15000,28.62500,27.84000,28.05500,27800
2023-08-18,27.79500,28.40500,27.79500,28.24000,19000
2023-08-21,28.24000,28.37000,27.99000,28.31000,24000
2023-08-22,28.32500,28.50000,27.76000,27.77000,16800
2023-08-23,28.10000,28.19500,27.99500,28.19000,16400
2023-08-24,28.02000,28.16500,28.02000,28.16500,14800
2023-08-25,27.92000,27.92500,27.84500,27.92500,11600
2023-08-28,28.04000,28.04000,27.71000,27.79000,23400
2023-08-29,27.98500,28.20000,27.93000,28.20000,14400
2023-08-30,28.01000,28.49000,28.01000,28.43000,24000
2023-08-31,28.37000,28.70000,28.37000,28.48500,25000
2023-09-01,28.59000,28.75000,28.46500,28.51000,14800
2023-09-05,28.26500,28.26500,27.70500,27.75000,17000
2023-09-06,27.75000,27.75000,27.49000,27.50500,15200
2023-09-07,27.65000,28.21500,27.47500,27.93000,34800
2023-09-08,27.88000,28.12500,27.70500,27.78000,17400
2023-09-11,28.30000,28.30000,27.88500,27.88500,18000
2023-09-12,27.94000,28.39000,27.89500,28.04000,16600
2023-09-13,28.35500,28.42500,28.25000,28.28000,27800
2023-09-14,28.50000,29.11000,28.44500,28.59000,30600
2023-09-15,28.60000,28.73500,28.14500,28.73000,77000
2023-09-18,28.55500,28.74500,28.03000,28.03000,15200
2023-09-19,28.18000,28.25500,27.71500,27.75500,24800
2023-09-20,27.80500,28.18000,27.75500,27.80000,11400
2023-09-21,27.98500,27.98500,27.29500,27.96000,27600
2023-09-22,27.80500,28.91000,27.70000,27.73000,14600
2023-09-25,27.98000,28.00000,27.35500,27.78000,14800
2023-09-26,27.35500,27.59500,27.16000,27.41000,21800
2023-09-27,27.52500,27.73500,27.14000,27.15000,21200
2023-09-28,27.32000,27.32000,27.05000,27.26500,11000
2023-09-29,27.11000,27.11000,26.80500,26.98500,16400
2023-10-02,26.77000,27.28000,26.75000,26.82500,20400
2023-10-03,27.00000,27.00000,26.59500,26.59500,23800
2023-10-04,26.72500,27.04000,26.72500,27.01500,12600
2023-10-05,27.06000,27.54000,27.06000,27.42500,30800
2023-10-06,27.25500,27.87000,27.25500,27.51000,12800
2023-10-09,27.31500,28.20000,27.31500,27.49500,21800
2023-10-10,27.57500,28.30000,27.57500,27.70000,24800
2023-10-11,28.63000,28.63000,27.74500,27.95000,13400
2023-10-12,27.85000,27.85000,27.35500,27.59000,17000
2023-10-13,27.89500,27.89500,27.36000,27.64000,18600
2023-10-16,27.63500,27.99000,27.45500,27.91500,13000
2023-10-17,27.83000,28.48000,27.83000,27.86000,23600
2023-10-18,27.91500,27.91500,26.84500,26.98000,17200
2023-10-19,26.91000,27.61500,26.88500,27.00000,35400
2023-10-20,27.15500,27.15500,26.76000,27.06000,21400
2023-10-23,27.77500,27.77500,26.76500,26.88500,13800
2023-10-24,26.98500,27.25000,26.98500,27.09500,12600
2023-10-25,27.00000,27.15500,26.99500,27.05000,20400
2023-10-26,27.00000,27.37000,27.00000,27.37000,11200
2023-10-27,27.21500,27.21500,26.75000,27.02000,22600
2023-10-30,27.12500,27.12500,26.92500,26.97500,15800
2023-10-31,26.76000,26.89500,26.76000,26.89500,10000
2023-11-01,26.76000,27.24500,26.75000,27.12500,14800
2023-11-02,27.14000,27.40500,26.89000,27.30500,19400
2023-11-03,27.80500,28.52000,27.48500,27.48500,26600
2023-11-06,26.95000,26.95000,26.95000,26.95000,8800
2023-11-07,26.85000,27.18500,26.85000,27.18500,14400
2023-11-08,27.21500,27.43000,26.75000,26.87000,25600
2023-11-09,27.12500,27.54500,26.75000,27.54000,34000
2023-11-10,27.74500,28.70000,27.51000,28.35000,22000
2023-11-13,28.25000,28.32500,28.00000,28.20000,12600
2023-11-14,28.77500,29.80000,28.74500,29.75000,31000
2023-11-15,29.82500,29.94000,29.20000,29.58000,20400
2023-11-16,29.83000,29.83000,29.22000,29.49000,15200
2023-11-17,29.73500,29.73500,28.85000,29.00500,41600
2023-11-20,28.66000,28.98000,28.59000,28.98000,28000
2023-11-21,28.80000,28.80000,28.71000,28.71000,6000
2023-11-22,28.80000,29.30000,28.80000,29.17500,10800
2023-11-24,29.26500,29.37500,29.10000,29.10000,6800
2023-11-27,28.83500,29.14000,28.83500,29.10500,16800
2023-11-28,29.13000,29.13000,29.00000,29.00000,9000
2023-11-29,29.25000,29.25000,28.87500,28.87500,12600
2023-11-30,28.87500,28.87500,27.37500,27.57500,43000
2023-12-01,27.69000,28.99000,27.69000,28.98500,31600
2023-12-04,29.00000,29.39500,28.87000,29.36000,11800
2023-12-05,29.49500,29.49500,28.74000,28.74000,12400
2023-12-06,29.41500,29.41500,28.38000,28.46000,9800
2023-12-07,28.75000,29.21000,28.50500,29.21000,36200
2023-12-08,28.68500,29.45500,28.68500,29.35000,13200
2023-12-11,29.69500,29.69500,29.35000,29.40000,14400
2023-12-12,29.38500,30.04000,29.22000,29.76500,16800
2023-12-13,30.04000,31.96500,30.04000,31.85500,41000
2023-12-14,31.50000,32.00000,30.82500,31.54000,75400
2023-12-15,31.86000,31.86000,30.76000,31.34500,64800
2023-12-18,31.62000,32.00000,31.51000,31.67000,25000
2023-12-19,31.73500,31.96000,31.40000,31.40000,26000
2023-12-20,31.22000,32.00000,30.93000,31.25000,31800
2023-12-21,31.04000,31.81500,30.86000,31.81500,14400
2023-12-22,32.13000,32.42500,32.13000,32.29500,20200
2023-12-26,32.45500,32.50000,32.17000,32.34000,19600
2023-12-27,32.44500,32.50000,32.02500,32.28500,22600
2023-12-28,32.00000,32.00000,31.77000,31.97000,12400
2023-12-29,31.58500,31.74000,31.44000,31.44000,19200
2024-01-02,31.50000,31.94000,31.41000,31.77500,17800
2024-01-03,31.75000,31.75000,30.55000,30.57500,23000
2024-01-04,30.83000,31.32500,30.08000,30.08000,19400
2024-01-05,29.88500,30.33500,29.51000,29.56000,21000
2024-01-08,29.30000,30.21500,29.30000,30.21500,9200
2024-01-09,29.94000,29.94000,29.75500,29.75500,8800
2024-01-10,29.81500,29.96500,29.74500,29.74500,17600
2024-01-11,29.63000,29.63000,29.25000,29.50000,18400
2024-01-12,29.84500,29.84500,29.50500,29.62000,9800
2024-01-16,29.17500,29.17500,28.63000,28.64000,22000
2024-01-17,28.32500,29.44000,28.01000,28.95000,17400
2024-01-18,28.82000,29.15500,28.51500,29.06000,12400
2024-01-19,29.40000,29.69500,29.05000,29.46500,18000
2024-01-22,29.48000,30.00000,29.48000,29.77000,18400
2024-01-23,30.16500,30.16500,29.00000,29.00000,25800
2024-01-24,29.05500,29.23000,28.79500,29.22500,15800
2024-01-25,29.61000,30.36500,28.62000,30.36500,23800
2024-01-26,30.62000,30.62000,29.77500,29.77500,11000
2024-01-29,29.46500,30.78000,29.46500,30.65000,14200
2024-01-30,30.37500,30.40000,30.05000,30.33000,8600
2024-01-31,29.70000,30.25000,29.05000,29.05000,22600
2024-02-01,28.98500,30.44000,28.98500,30.05000,20000
2024-02-02,30.00000,30.05000,29.54500,29.55000,23600
2024-02-05,29.47500,29.50000,29.05500,29.11000,19000
2024-02-06,29.21000,29.83500,29.10500,29.65500,9200
2024-02-07,29.72500,29.80500,29.23000,29.50500,13600
2024-02-08,29.61500,30.49000,29.61500,30.06000,30800
2024-02-09,30.24000,30.90000,30.24000,30.50000,22200
2024-02-12,30.81000,31.32000,30.62500,30.62500,32000
2024-02-13,29.82500,29.84000,28.80000,28.98000,39600
2024-02-14,29.67500,30.01500,29.35000,29.63000,25000
2024-02-15,30.00000,30.87500,29.97000,30.70000,23200
2024-02-16,30.62500,30.62500,30.00000,30.29000,21200
2024-02-20,30.11500,30.28500,29.66500,29.66500,18400
2024-02-21,29.76000,30.06500,29.56500,29.80500,18000
2024-02-22,30.02500,30.14500,29.98000,30.14500,31000
2024-02-23,30.00000,30.28000,30.00000,30.00000,11200
2024-02-26,30.00500,30.18000,30.00000,30.18000,12000
2024-02-27,30.02000,30.12500,30.00000,30.05000,13200
2024-02-28,30.00000,30.67000,30.00000,30.00500,16400
2024-02-29,30.37500,30.37500,30.06000,30.10000,12600
2024-03-01,30.02500,30.13000,30.00000,30.00000,10600
2024-03-04,30.05000,30.37500,30.00000,30.10000,27400
2024-03-05,30.15500,30.20000,30.00000,30.01500,25200
2024-03-06,30.15500,30.62000,30.00500,30.25500,23400
2024-03-07,30.62500,30.62500,30.56500,30.60000,13000
2024-03-08,30.94000,31.29000,30.22500,30.68500,13400
2024-03-11,30.52000,30.66000,30.25000,30.34000,9000
2024-03-12,30.25500,30.38000,30.00000,30.38000,19000
2024-03-13,30.45000,31.25000,30.40000,31.15000,32400
2024-03-14,31.05000,31.13500,30.05500,30.20000,22000
2024-03-15,29.96000,30.50000,29.83000,30.49000,83600
2024-03-18,30.28000,30.28000,29.59500,29.59500,25200
2024-03-19,29.61500,30.00000,29.58500,29.85500,15000
2024-03-20,29.86000,30.39000,29.52500,30.39000,15400
2024-03-21,30.68000,30.99000,30.49000,30.60000,25200
2024-03-22,30.28500,30.30000,29.83500,29.97500,15800
2024-03-25,29.95000,29.95000,29.62500,29.62500,12800
2024-03-26,29.94500,30.20500,29.22500,29.22500,21600
2024-03-27,29.45000,30.20000,29.45000,30.00500,18400
2024-03-28,30.49500,30.85000,30.40500,30.70000,15600
2024-04-01,30.84500,30.84500,29.88500,29.88500,11400
2024-04-02,29.50000,29.63500,29.19000,29.52500,19400
2024-04-03,29.56000,30.50500,29.56000,29.93000,14200
2024-04-04,30.32000,30.88000,30.03000,30.08500,19200
2024-04-05,30.18000,30.35500,30.18000,30.30000,21600
2024-04-08,30.48000,30.55000,30.26000,30.26000,10000
2024-04-09,30.25500,30.61000,30.25500,30.25500,9600
2024-04-10,30.25000,30.66500,30.17500,30.48000,50000
2024-04-11,30.70000,30.70000,30.02000,30.10500,15800
2024-04-12,29.88000,29.88000,29.64500,29.84500,17000
2024-04-15,30.41000,30.70000,29.50000,30.17000,26000
2024-04-16,30.00000,30.00000,29.23000,29.23000,17700
2024-04-17,29.50000,29.61000,29.00000,29.33000,22600
2024-04-18,29.35000,29.68000,29.35000,29.38000,27500
2024-04-19,29.35000,30.51000,29.35000,30.36000,19700
2024-04-22,30.60000,30.99000,30.13000,30.13000,24400
2024-04-23,30.81000,30.81000,30.17000,30.42000,14600
2024-04-24,30.04000,30.77000,30.04000,30.70000,21400
2024-04-25,30.68000,30.82000,30.05000,30.36000,19100
2024-04-26,30.45000,30.48000,30.38000,30.43000,11400
2024-04-29,30.73000,30.84000,30.47000,30.74000,10600
2024-04-30,30.80000,30.80000,30.24000,30.31000,15300
2024-05-01,30.51000,31.00000,30.25000,30.60000,21500
2024-05-02,30.60000,31.04000,30.39000,30.53000,21900
2024-05-03,31.07000,31.37000,30.59000,31.00000,14700
2024-05-06,31.36000,31.77000,30.84000,31.07000,12200
2024-05-07,30.88000,31.00000,30.55000,30.56000,30500
2024-05-08,30.20000,31.00000,30.20000,31.00000,22600
2024-05-09,31.00000,31.00000,30.40000,30.92000,19300
2024-05-10,30.87000,30.87000,30.45000,30.62000,18300
2024-05-13,30.55000,30.73000,30.02000,30.02000,17300
2024-05-14,30.54000,30.54000,29.84000,30.03000,16600
2024-05-15,30.31000,30.81000,30.10000,30.13000,27600
2024-05-16,30.13000,30.13000,29.82000,30.02000,17400
2024-05-17,30.20000,30.42000,29.91000,30.08000,21000
2024-05-20,29.91000,29.92000,29.33000,29.33000,26400
2024-05-21,29.73000,29.73000,29.05000,29.25000,21700
2024-05-22,29.39000,29.77000,29.31000,29.42000,15400
2024-05-23,29.57000,30.05000,28.93000,29.01000,24800
2024-05-24,29.33000,30.67000,28.93000,30.54000,43000
2024-05-28,30.72000,31.46000,30.60000,30.97000,32000
2024-05-29,30.75000,31.00000,30.25000,30.27000,17500
2024-05-30,30.58000,31.17000,30.50000,30.90000,17300
2024-05-31,30.90000,31.50000,30.46000,30.60000,28700
2024-06-03,30.96000,30.96000,30.46000,30.49000,15600
2024-06-04,30.12000,30.33000,29.78000,29.94000,14100
2024-06-05,30.00000,30.43000,30.00000,30.41000,11100
2024-06-06,30.29000,30.35000,30.09000,30.10000,8300
2024-06-07,30.02000,30.34000,29.77000,29.87000,11600
2024-06-10,29.90000,30.12000,29.56000,29.92000,15800
2024-06-11,29.62000,29.92000,29.62000,29.81000,16100
2024-06-12,30.50000,30.50000,29.60000,30.07000,25900
2024-06-13,29.95000,29.95000,29.11000,29.59000,16400
2024-06-14,29.50000,29.59000,29.03000,29.22000,17300
2024-06-17,29.15000,29.44000,29.15000,29.39000,9400
2024-06-18,29.55000,29.55000,29.11000,29.13000,18400
2024-06-20,29.05000,29.50000,29.05000,29.17000,13200
2024-06-21,29.06000,29.37000,27.75000,27.84000,118800
2024-06-24,28.00000,28.84000,27.84000,27.84000,41200
2024-06-25,28.24000,28.25000,27.75000,27.88000,18200
2024-06-26,27.78000,28.42000,27.60000,28.17000,25000
2024-06-27,28.39000,28.66000,28.23000,28.50000,15500
2024-06-28,29.14000,29.14000,27.79000,28.52000,109300
2024-07-01,28.38000,28.64000,27.87000,28.09000,23200
2024-07-02,27.93000,28.25000,27.78000,27.79000,18300
2024-07-03,27.98000,28.09000,27.50000,27.94000,12400
2024-07-05,28.00000,28.07000,27.60000,27.71000,14100
2024-07-08,27.97000,28.15000,27.75000,27.86000,11500
2024-07-09,27.84000,27.84000,27.41000,27.48000,9800
2024-07-10,27.63000,27.81000,27.12000,27.81000,18500
2024-07-11,28.49000,29.50000,28.40000,29.37000,48800
2024-07-12,29.50000,29.60000,28.77000,29.13000,34800
2024-07-15,29.20000,29.50000,28.95000,29.16000,33200
2024-07-16,29.25000,29.61000,29.25000,29.61000,68700
2024-07-17,29.47000,30.71000,29.47000,30.48000,35100
2024-07-18,30.31000,30.99000,29.79000,29.84000,28900
2024-07-19,29.89000,30.26000,28.94000,29.02000,19400
2024-07-22,29.23000,30.23000,28.99000,29.85000,16600
2024-07-23,29.69000,30.59000,29.69000,30.30000,29200
2024-07-24,30.10000,30.52000,29.55000,29.56000,16600
2024-07-25,29.76000,30.88000,29.40000,30.16000,29000
2024-07-26,30.58000,30.58000,29.64000,30.27000,32400
2024-07-29,30.25000,30.25000,29.30000,29.48000,19200
2024-07-30,29.70000,29.92000,29.28000,29.65000,24700
2024-07-31,29.40000,30.47000,29.38000,30.09000,49700
2024-08-01,29.27000,29.30000,28.97000,29.18000,23100
2024-08-02,28.28000,28.67000,28.11000,28.32000,24100
2024-08-05,27.30000,28.17000,26.99000,28.04000,57500
2024-08-06,27.94000,28.33000,27.61000,28.29000,20100
2024-08-07,28.51000,28.60000,28.00000,28.25000,29600
2024-08-08,28.99000,29.62000,28.84000,29.62000,18000
2024-08-09,29.56000,29.56000,29.03000,29.35000,14900
2024-08-12,29.00000,29.00000,28.54000,28.78000,32400
2024-08-13,29.06000,29.29000,28.64000,29.26000,11100
2024-08-14,29.00000,29.00000,28.80000,28.91000,12400
2024-08-15,29.52000,29.73000,28.93000,29.46000,26500
2024-08-16,29.46000,29.58000,29.10000,29.45000,14400
2024-08-19,29.50000,29.64000,29.30000,29.55000,9600
2024-08-20,28.98000,29.08000,28.55000,28.86000,35300
2024-08-21,28.66000,28.99000,28.42000,28.88000,28700
2024-08-22,28.74000,29.03000,28.46000,28.79000,15400
2024-08-23,29.00000,29.66000,29.00000,29.64000,28000
2024-08-26,29.65000,29.88000,29.33000,29.34000,23300
2024-08-27,29.60000,30.16000,29.60000,29.98000,33000
2024-08-28,29.93000,30.11000,29.80000,29.90000,17800
2024-08-29,30.19000,30.19000,29.69000,29.69000,16800
2024-08-30,29.83000,29.83000,29.60000,29.62000,52600
2024-09-03,29.26000,29.61000,29.26000,29.35000,23400
2024-09-04,29.30000,30.11000,29.15000,29.23000,16200
2024-09-05,29.31000,29.60000,28.76000,28.77000,14900
2024-09-06,28.89000,28.92000,28.38000,28.45000,15500
2024-09-09,28.41000,28.90000,28.41000,28.53000,22700
2024-09-10,28.41000,28.74000,28.37000,28.67000,11600
2024-09-11,28.51000,28.66000,28.25000,28.59000,14900
2024-09-12,28.85000,29.16000,28.70000,29.01000,17900
2024-09-13,29.42000,29.76000,29.37000,29.61000,12900
2024-09-16,29.81000,29.92000,29.12000,29.73000,16800
2024-09-17,30.00000,30.49000,29.57000,29.57000,15900
2024-09-18,29.43000,30.45000,29.37000,29.59000,28100
2024-09-19,30.06000,30.66000,30.00000,30.24000,20300
2024-09-20,29.91000,29.91000,29.20000,29.44000,98500
2024-09-23,29.66000,29.72000,29.20000,29.36000,16400
2024-09-24,29.62000,29.97000,29.35000,29.47000,17200
2024-09-25,29.68000,29.68000,29.11000,29.45000,11400
2024-09-26,29.50000,29.91000,29.40000,29.62000,22400
2024-09-27,29.92000,30.04000,29.51000,29.97000,13900
2024-09-30,29.89000,30.10000,29.52000,29.86000,16800
2024-10-01,29.45000,29.45000,29.13000,29.28000,12900
2024-10-02,29.28000,29.67000,29.28000,29.46000,12400
2024-10-03,29.32000,29.70000,29.20000,29.51000,13200
2024-10-04,29.87000,30.30000,29.68000,30.13000,13700
2024-10-07,29.92000,30.00000,29.37000,29.39000,21200
2024-10-08,29.60000,29.85000,29.19000,29.70000,10000
2024-10-09,29.88000,30.01000,29.75000,29.80000,17500
2024-10-10,29.46000,29.83000,29.46000,29.74000,13600
2024-10-11,29.74000,30.09000,29.69000,29.94000,20400
2024-10-14,29.82000,29.86000,29.35000,29.80000,17700
2024-10-15,29.94000,30.16000,29.63000,29.66000,24100
2024-10-16,29.98000,30.21000,29.63000,30.18000,34200
2024-10-17,30.19000,30.44000,30.01000,30.44000,19700
2024-10-18,30.46000,30.50000,30.20000,30.20000,15100
2024-10-21,30.04000,30.07000,29.45000,29.47000,20700
2024-10-22,29.41000,29.85000,29.31000,29.84000,12400
2024-10-23,29.88000,29.88000,29.50000,29.80000,13500
2024-10-24,29.85000,29.85000,29.38000,29.60000,9100
2024-10-25,29.46000,29.46000,29.20000,29.20000,9900
2024-10-28,29.46000,29.72000,29.41000,29.41000,11900
2024-10-29,29.40000,29.67000,29.34000,29.46000,16800
2024-10-30,29.30000,29.50000,29.16000,29.16000,10800
2024-10-31,29.25000,29.42000,29.00000,29.00000,13400
2024-11-01,29.18000,29.36000,28.96000,29.00000,16400
2024-11-04,28.70000,29.46000,28.70000,29.44000,14900
2024-11-05,29.49000,30.18000,29.49000,30.18000,15500
2024-11-06,31.00000,31.21000,30.50000,30.84000,68500
2024-11-07,30.84000,31.23000,30.32000,30.57000,34000
2024-11-08,30.68000,31.23000,30.31000,31.13000,30900
2024-11-11,31.42000,31.70000,31.00000,31.41000,21400
2024-11-12,31.28000,31.46000,30.59000,30.84000,29100
2024-11-13,31.14000,31.23000,30.62000,30.65000,27200
2024-11-14,30.65000,30.91000,30.45000,30.69000,31300
2024-11-15,30.89000,31.21000,30.60000,31.17000,29000
2024-11-18,31.12000,31.74000,31.12000,31.57000,37700
2024-11-19,31.27000,31.96000,31.25000,31.90000,24900
2024-11-20,31.71000,31.80000,30.95000,31.43000,41500
2024-11-21,31.23000,31.87000,31.23000,31.70000,73800
2024-11-22,31.88000,32.50000,31.75000,32.48000,73400
2024-11-25,33.00000,33.00000,31.94000,32.01000,42500
2024-11-26,31.76000,31.99000,31.51000,31.78000,26200
2024-11-27,31.90000,32.18000,31.83000,32.03000,11600
2024-11-29,32.33000,32.33000,31.88000,31.88000,19100
2024-12-02,31.78000,32.00000,31.31000,31.91000,35400
2024-12-03,31.99000,32.00000,31.61000,31.80000,22800
2024-12-04,31.82000,32.00000,31.58000,31.93000,21400
2024-12-05,31.93000,31.93000,31.50000,31.87000,14500
2024-12-06,31.85000,31.87000,31.48000,31.80000,14700
2024-12-09,31.76000,32.26000,31.75000,31.98000,15200
2024-12-10,32.00000,32.12000,31.61000,31.72000,28600
2024-12-11,32.02000,32.27000,31.76000,32.13000,26100
2024-12-12,32.20000,32.27000,31.95000,31.95000,14700
2024-12-13,31.88000,31.88000,31.34000,31.39000,16400
2024-12-16,31.83000,31.84000,31.15000,31.48000,11600
2024-12-17,31.50000,31.54000,31.21000,31.35000,15400
2024-12-18,31.34000,31.62000,29.96000,30.12000,33800
2024-12-19,30.18000,30.33000,29.88000,29.88000,26000
2024-12-20,29.54000,30.40000,29.54000,30.05000,77000
2024-12-23,30.04000,30.19000,29.74000,29.82000,18500
2024-12-24,29.82000,30.19000,29.70000,30.19000,12500
2024-12-26,30.02000,30.23000,29.72000,30.12000,14800
2024-12-27,30.20000,30.27000,29.53000,29.75000,19500
2024-12-30,29.68000,30.29000,29.66000,30.26000,18400
2024-12-31,30.52000,30.80000,30.02000,30.63000,18300
2025-01-02,30.57000,30.68000,29.91000,29.94000,17500
2025-01-03,30.18000,30.32000,29.75000,30.08000,15700
2025-01-06,30.01000,30.47000,29.68000,29.68000,25800
2025-01-07,29.90000,30.00000,29.55000,29.59000,31400
2025-01-08,29.59000,30.02000,29.30000,29.49000,17300
2025-01-10,29.38000,29.41000,28.65000,28.74000,36600
2025-01-13,28.65000,29.41000,28.58000,29.26000,27200
2025-01-14,29.38000,29.76000,29.38000,29.71000,17300
2025-01-15,30.27000,30.38000,29.61000,29.95000,22100
2025-01-16,30.08000,30.54000,30.02000,30.27000,40300
2025-01-17,30.57000,30.57000,30.07000,30.44000,36300
2025-01-21,30.70000,30.88000,30.21000,30.21000,36000
2025-01-22,30.10000,30.45000,29.68000,29.77000,31400
2025-01-23,29.80000,30.56000,29.77000,30.56000,50100
2025-01-24,30.43000,30.82000,30.20000,30.57000,18600
2025-01-27,30.54000,31.23000,30.54000,30.90000,31900
2025-01-28,31.00000,31.08000,30.79000,30.88000,11700
2025-01-29,30.82000,30.94000,30.50000,30.77000,15500
2025-01-30,30.83000,31.39000,30.81000,30.81000,10500
2025-01-31,30.78000,30.79000,30.38000,30.54000,40200
2025-02-03,30.06000,30.92000,30.02000,30.78000,24800
2025-02-04,30.78000,30.84000,30.45000,30.50000,54300
2025-02-05,30.67000,30.78000,30.42000,30.50000,30000
2025-02-06,30.54000,31.26000,30.40000,31.26000,36100
2025-02-07,31.26000,31.30000,30.77000,31.12000,44600
2025-02-10,31.27000,31.35000,30.87000,31.16000,25700
2025-02-11,31.01000,31.62000,31.01000,31.52000,16100
2025-02-12,31.13000,31.17000,30.83000,31.00000,25000
2025-02-13,31.15000,31.62000,30.96000,31.47000,22600
2025-02-14,31.66000,31.94000,31.08000,31.24000,30800
2025-02-18,31.13000,31.56000,31.07000,31.46000,23500
2025-02-19,31.23000,31.66000,31.23000,31.51000,15700
2025-02-20,31.39000,31.39000,30.89000,31.00000,18200
2025-02-21,31.28000,31.38000,30.47000,30.75000,28800
2025-02-24,30.98000,31.34000,30.86000,30.99000,33100
2025-02-25,31.13000,31.48000,30.91000,31.18000,36700
2025-02-26,31.12000,31.57000,30.96000,31.50000,42900
2025-02-27,31.35000,31.64000,30.95000,31.38000,25800
2025-02-28,31.63000,31.63000,31.16000,31.38000,26600
2025-03-03,31.50000,31.83000,31.34000,31.50000,24900
2025-03-04,31.22000,31.47000,30.91000,30.99000,42200
2025-03-05,30.90000,31.99000,30.51000,31.00000,42300
2025-03-06,30.49000,30.98000,29.24000,29.88000,86000
2025-03-07,29.75000,30.35000,29.38000,29.77000,62700
2025-03-10,29.70000,29.86000,28.10000,28.19000,54400
2025-03-11,28.42000,28.87000,28.00000,28.15000,38300
2025-03-12,28.20000,29.04000,28.00000,28.63000,50500
2025-03-13,28.75000,28.75000,27.55000,27.55000,28800
2025-03-14,27.85000,28.03000,27.20000,27.87000,68500
2025-03-17,27.72000,28.02000,27.64000,27.82000,41400
2025-03-18,27.84000,28.33000,27.49000,28.06000,43400
2025-03-19,28.15000,29.10000,28.01000,28.76000,34600
2025-03-20,28.76000,28.91000,28.12000,28.47000,22600
2025-03-21,28.21000,28.70000,27.84000,28.24000,87200
2025-03-24,28.56000,28.94000,28.43000,28.66000,28100
2025-03-25,28.74000,28.95000,28.19000,28.34000,47500
2025-03-26,28.66000,28.96000,28.31000,28.73000,23100
2025-03-27,28.75000,28.99000,28.50000,28.86000,24700
2025-03-28,29.07000,29.07000,28.43000,28.67000,31000
2025-03-31,28.37000,29.07000,28.37000,28.57000,62500
2025-04-01,28.76000,29.18000,28.45000,28.90000,48200
2025-04-02,29.13000,29.69000,28.62000,28.95000,68800
2025-04-03,28.11000,28.77000,27.71000,28.19000,80900
2025-04-04,27.70000,28.68000,27.25000,27.94000,118200
2025-04-07,27.37000,28.01000,26.50000,27.05000,60600
2025-04-08,27.40000,27.82000,26.35000,26.55000,56500
2025-04-09,26.22000,27.63000,25.37000,27.21000,119700
2025-04-10,27.18000,27.55000,26.16000,26.41000,83600
2025-04-11,26.29000,26.73000,25.59000,26.62000,43900
2025-04-14,27.96000,27.96000,26.27000,26.77000,64300
2025-04-15,26.70000,26.83000,26.51000,26.51000,37600
2025-04-16,26.76000,27.04000,26.46000,26.87000,47700
2025-04-17,26.86000,27.55000,26.70000,26.88000,53700
2025-04-21,26.61000,26.82000,26.30000,26.68000,43900
2025-04-22,27.50000,28.37000,26.90000,26.95000,66300
2025-04-23,27.55000,27.55000,26.59000,26.71000,57600
2025-04-24,26.54000,27.41000,26.30000,26.57000,41800
2025-04-25,26.33000,26.87000,26.21000,26.74000,37500
2025-04-28,26.56000,27.01000,26.34000,26.77000,38100
2025-04-29,26.75000,27.27000,26.60000,26.88000,33400
2025-04-30,27.19000,27.32000,26.37000,26.59000,47300
2025-05-01,27.15000,27.43000,26.58000,27.04000,50400
2025-05-02,27.96000,28.18000,27.47000,27.91000,50600
2025-05-05,27.78000,27.89000,27.48000,27.54000,24700
2025-05-06,27.57000,28.45000,27.28000,27.80000,45500
2025-05-07,27.85000,28.13000,27.44000,27.61000,40100
2025-05-08,27.61000,28.38000,27.50000,27.55000,35900
2025-05-09,27.74000,27.77000,27.31000,27.35000,26600
2025-05-12,27.91000,27.98000,27.18000,27.40000,61200
2025-05-13,27.93000,28.02000,26.46000,26.60000,45700
2025-05-14,26.73000,27.00000,25.92000,26.30000,61000
2025-05-15,26.57000,26.57000,26.00000,26.31000,33000
2025-05-16,26.24000,26.73000,26.01000,26.58000,56200
2025-05-19,26.57000,27.35000,26.16000,26.92000,38000
2025-05-20,26.69000,27.67000,26.69000,27.58000,56300
2025-05-21,27.24000,27.55000,26.56000,26.63000,44100
2025-05-22,26.45000,26.91000,26.20000,26.59000,74400
2025-05-23,26.50000,26.79000,26.25000,26.47000,61100
2025-05-27,26.74000,28.35000,26.70000,28.17000,81800
2025-05-28,27.99000,28.24000,27.00000,27.10000,59600
2025-05-29,27.14000,27.40000,26.94000,27.26000,40200
2025-05-30,27.36000,27.46000,27.01000,27.12000,72900
2025-06-02,27.19000,27.77000,26.95000,27.07000,47200
2025-06-03,26.99000,27.48000,26.92000,27.22000,32100
2025-06-04,27.04000,27.51000,26.98000,27.15000,57600
2025-06-05,27.05000,27.36000,26.81000,26.99000,43100
2025-06-06,27.27000,27.48000,26.75000,26.86000,30900
2025-06-09,27.06000,27.41000,26.98000,27.15000,48000
2025-06-10,27.25000,27.77000,27.23000,27.62000,28000
2025-06-11,27.54000,27.98000,27.14000,27.35000,54900
2025-06-12,27.34000,27.57000,26.95000,27.53000,31400
2025-06-13,27.26000,27.27000,26.81000,26.87000,31800
2025-06-16,27.06000,27.14000,26.74000,26.95000,69800
2025-06-17,26.83000,27.39000,26.83000,26.85000,30200
2025-06-18,26.77000,27.45000,26.77000,27.09000,42700
2025-06-20,27.32000,27.48000,26.71000,26.76000,54100
2025-06-23,26.79000,27.49000,26.79000,27.46000,43800
2025-06-24,27.48000,27.69000,27.33000,27.62000,24700
2025-06-25,27.50000,27.71000,26.73000,26.86000,36400
2025-06-26,27.04000,27.26000,26.79000,27.02000,34400
2025-06-27,27.16000,27.65000,27.04000,27.54000,237200
2025-06-30,27.51000,27.51000,26.78000,26.89000,58000
2025-07-01,27.00000,27.56000,26.94000,26.96000,34700
2025-07-02,27.00000,27.46000,26.84000,26.96000,55000
2025-07-03,26.98000,27.24000,26.80000,27.24000,26400
2025-07-07,27.08000,27.23000,26.68000,26.77000,43400
2025-07-08,26.73000,27.27000,26.68000,26.82000,49200
2025-07-09,26.88000,27.20000,26.60000,26.69000,23900
2025-07-10,26.60000,27.36000,26.60000,27.06000,36300
2025-07-11,27.10000,27.11000,26.73000,27.03000,28400
2025-07-14,26.89000,27.26000,26.88000,26.97000,36000
2025-07-15,26.90000,27.13000,26.54000,26.63000,57900
2025-07-16,26.70000,27.34000,26.70000,27.17000,88000
2025-07-17,27.19000,27.45000,26.94000,27.22000,63500
2025-07-18,27.41000,27.45000,26.88000,26.94000,42500
2025-07-21,26.93000,27.50000,26.93000,27.39000,35900
2025-07-22,27.44000,27.50000,27.25000,27.27000,47300
2025-07-23,27.27000,27.50000,27.20000,27.49000,36400
2025-07-24,27.46000,27.50000,27.25000,27.25000,22200
2025-07-25,27.25000,27.25000,26.93000,27.22000,24900
2025-07-28,27.20000,27.40000,26.89000,27.14000,22300
2025-07-29,27.33000,27.33000,27.05000,27.12000,20400
2025-07-30,27.24000,27.32000,26.57000,26.66000,35100
2025-07-31,26.66000,26.70000,26.38000,26.40000,39300
2025-08-01,26.33000,26.60000,25.89000,25.95000,52700
2025-08-04,26.11000,26.53000,26.11000,26.32000,28100
2025-08-05,26.40000,26.63000,26.15000,26.41000,31100
2025-08-06,26.25000,26.78000,26.25000,26.60000,59100
2025-08-07,26.60000,26.60000,24.72000,24.75000,68800
2025-08-08,24.88000,26.07000,24.75000,25.99000,59400
2025-08-11,26.10000,26.68000,25.88000,25.88000,46100
2025-08-12,26.10000,26.73000,25.77000,26.69000,54700
2025-08-13,26.54000,26.99000,25.94000,26.61000,39000
2025-08-14,26.99000,26.99000,25.77000,26.01000,31200
2025-08-15,26.14000,26.75000,25.60000,25.84000,44800
2025-08-18,25.93000,26.08000,25.61000,25.62000,30000
2025-08-19,25.60000,26.22000,25.60000,25.80000,38700
2025-08-20,26.00000,26.15000,25.62000,25.69000,36600
2025-08-21,25.89000,25.89000,25.41000,25.61000,23800
2025-08-22,26.05000,26.49000,25.41000,26.22000,46400
2025-08-25,26.08000,26.18000,25.33000,25.35000,19400
2025-08-26,25.45000,26.21000,25.45000,26.03000,47400
2025-08-27,26.03000,26.23000,25.60000,25.83000,56400
2025-08-28,25.96000,26.32000,25.67000,25.83000,48500
2025-08-29,25.76000,26.01000,25.64000,25.70000,27600
2025-09-02,25.60000,25.81000,25.45000,25.45000,46900
2025-09-03,25.37000,25.60000,25.12000,25.22000,35800
2025-09-04,25.30000,25.50000,25.23000,25.50000,34800
2025-09-05,25.54000,25.77000,25.26000,25.47000,36500
2025-09-08,25.54000,25.58000,25.24000,25.58000,48500
2025-09-09,25.51000,25.58000,25.31000,25.37000,32700
2025-09-10,25.37000,25.57000,24.96000,24.98000,30500
2025-09-11,24.99000,25.52000,24.99000,25.39000,58300
2025-09-12,25.35000,25.46000,25.00000,25.25000,30300
2025-09-15,25.18000,25.28000,24.84000,24.85000,29200
2025-09-16,24.80000,25.06000,24.80000,25.01000,46800
2025-09-17,25.05000,25.49000,24.75000,24.87000,78500
2025-09-18,25.02000,25.28000,24.85000,25.02000,50200
2025-09-19,24.98000,25.12000,24.42000,24.50000,176400
2025-09-22,24.64000,25.01000,24.49000,24.87000,65900
2025-09-23,24.87000,25.04000,24.47000,24.52000,66500
2025-09-24,24.51000,24.66000,24.34000,24.57000,65800
2025-09-25,24.50000,24.66000,24.10000,24.31000,65500
2025-09-26,24.25000,24.65000,23.97000,24.56000,91000
2025-09-29,24.55000,24.55000,24.15000,24.30000,60500
2025-09-30,24.44000,24.55000,24.12000,24.36000,40400
2025-10-01,24.23000,24.23000,24.00000,24.05000,50900
2025-10-02,24.05000,24.09000,23.52000,24.08000,52600
2025-10-03,24.21000,24.48000,24.15000,24.20000,46600
2025-10-06,24.37000,24.37000,23.95000,24.15000,59400
2025-10-07,24.15000,24.21000,23.74000,23.88000,56100
2025-10-08,23.91000,24.00000,23.76000,23.97000,38400
2025-10-09,23.91000,24.41000,23.71000,24.36000,60100
2025-10-10,24.34000,24.55000,23.94000,24.04000,70200
2025-10-13,24.15000,24.47000,23.79000,24.42000,58900
2025-10-14,24.23000,24.85000,24.07000,24.67000,76600
2025-10-15,24.72000,25.28000,24.70000,24.92000,42900
2025-10-16,25.00000,25.11000,24.57000,24.81000,50600
2025-10-17,24.69000,25.29000,24.68000,25.27000,60600
2025-10-20,25.35000,25.55000,24.75000,25.47000,64200
2025-10-21,25.46000,25.50000,25.25000,25.33000,45200
2025-10-22,25.24000,25.41000,24.97000,25.17000,58400
2025-10-23,25.12000,25.14000,24.67000,24.67000,25800
2025-10-24,24.84000,25.07000,24.62000,24.99000,47300
2025-10-27,24.99000,25.04000,24.51000,24.53000,41200
2025-10-28,24.50000,24.55000,23.91000,23.96000,76100
2025-10-29,23.86000,24.80000,22.95000,23.15000,87800
2025-10-30,23.05000,23.62000,23.05000,23.59000,90600
2025-10-31,23.45000,23.70000,23.34000,23.70000,43400
2025-11-03,23.75000,23.90000,23.22000,23.30000,69200
2025-11-04,23.28000,23.48000,23.19000,23.27000,63700
2025-11-05,23.11000,24.03000,23.05000,24.03000,112100
2025-11-06,23.25000,23.25000,21.68000,22.90000,163700
2025-11-07,22.89000,23.81000,22.89000,23.29000,109700
2025-11-10,23.30000,23.96000,23.30000,23.48000,106800
2025-11-11,23.60000,23.94000,23.51000,23.69000,64900
2025-11-12,23.61000,24.00000,23.61000,23.87000,62300
2025-11-13,23.97000,24.26000,23.77000,23.99000,89700
2025-11-14,24.10000,24.56000,23.55000,24.55000,84600
2025-11-17,24.40000,24.68000,23.26000,23.32000,61400
2025-11-18,23.44000,23.71000,23.12000,23.34000,78700
2025-11-19,23.29000,23.29000,22.75000,23.00000,53500
2025-11-20,23.00000,23.28000,22.80000,22.96000,69800
2025-11-21,23.04000,23.43000,23.04000,23.25000,65300
2025-11-24,23.17000,23.20000,22.69000,22.90000,325200
2025-11-25,23.13000,23.94000,23.00000,23.70000,114400
2025-11-26,23.89000,23.89000,23.04000,23.07000,67800
2025-11-28,23.05000,23.34000,22.89000,23.31000,29300
2025-12-01,23.40000,24.66000,22.97000,22.99000,83100
2025-12-02,23.14000,23.14000,22.68000,22.77000,78900
2025-12-03,22.92000,24.78000,22.87000,23.22000,64200
2025-12-04,23.17000,23.35000,22.96000,23.14000,50400
2025-12-05,23.09000,23.27000,22.95000,23.21000,58500
2025-12-08,23.21000,23.34000,23.03000,23.23000,116200
2025-12-09,23.38000,23.75000,23.33000,23.43000,73900
2025-12-10,23.30000,23.70000,23.30000,23.48000,78400
2025-12-11,23.54000,23.58000,23.36000,23.47000,54600
2025-12-12,23.55000,23.71000,23.31000,23.40000,47600
2025-12-15,23.50000,23.50000,23.05000,23.10000,108900
2025-12-16,23.18000,23.49000,23.04000,23.44000,77400
2025-12-17,23.47000,23.70000,22.70000,22.76000,60700
2025-12-18,22.80000,23.04000,22.79000,22.97000,54900
2025-12-19,22.85000,23.07000,22.17000,22.33000,141600
2025-12-22,22.32000,23.03000,22.22000,22.57000,109400
2025-12-23,22.54000,22.83000,22.45000,22.49000,73900
2025-12-24,22.50000,22.80000,22.50000,22.74000,21800
2025-12-26,22.76000,22.86000,22.64000,22.75000,75700
2025-12-29,22.70000,23.03000,22.63000,22.95000,120100
2025-12-30,22.97000,23.03000,22.82000,22.83000,43500
2025-12-31,22.86000,22.86000,22.61000,22.79000,85800
2026-01-02,22.80000,23.16000,22.51000,22.77000,79500
2026-01-05,22.77000,23.37000,22.77000,23.13000,56300
2026-01-06,23.01000,23.19000,22.89000,23.14000,45600
2026-01-07,23.17000,23.40000,22.97000,23.20000,49200
2026-01-08,23.20000,23.62000,23.20000,23.45000,52400
2026-01-09,23.40000,23.61000,23.10000,23.30000,60800
2026-01-12,23.14000,23.98000,23.14000,23.83000,55000
2026-01-13,23.87000,24.22000,23.63000,23.94000,58900
2026-01-14,24.05000,24.38000,23.85000,24.30000,72100
2026-01-15,24.37000,24.62000,24.22000,24.42000,56900
2026-01-16,24.36000,24.49000,23.98000,24.07000,60200
2026-01-20,23.83000,24.00000,23.42000,23.52000,30500
2026-01-21,23.53000,24.04000,23.53000,23.92000,36800
2026-01-22,23.95000,24.19000,23.75000,23.86000,29100
2026-01-23,23.81000,23.86000,23.50000,23.61000,35100
2026-01-26,23.58000,23.80000,23.39000,23.40000,30900
2026-01-27,23.31000,23.65000,23.28000,23.56000,39700
2026-01-28,23.39000,23.39000,23.00000,23.07000,50600
2026-01-29,23.25000,23.82000,23.18000,23.82000,47700
2026-01-30,23.82000,24.00000,23.46000,23.91000,53600
2026-02-02,23.95000,24.19000,23.84000,23.92000,39900
2026-02-03,23.90000,24.22000,23.36000,23.49000,80400
2026-02-04,23.56000,24.22000,23.52000,24.03000,141300
2026-02-05,24.05000,24.38000,23.88000,24.00000,90600
2026-02-06,24.05000,24.27000,23.85000,23.96000,82300
2026-02-09,23.92000,23.92000,23.60000,23.82000,43500
2026-02-10,23.81000,24.22000,23.74000,24.15000,43900
2026-02-11,24.27000,24.35000,23.71000,23.88000,65000
2026-02-12,23.98000,23.98000,23.33000,23.69000,44100
2026-02-13,23.66000,23.91000,23.54000,23.80000,50300
2026-02-17,23.82000,24.13000,23.71000,24.06000,48500
2026-02-18,24.08000,24.08000,23.70000,23.82000,31500
2026-02-19,23.52000,24.01000,23.52000,23.95000,33100
2026-02-20,23.94000,24.25000,23.52000,24.19000,59800
2026-02-23,24.05000,24.05000,23.66000,23.89000,45400
2026-02-24,24.01000,24.01000,23.71000,23.83000,42200
2026-02-25,23.93000,24.25000,23.71000,24.06000,36400
2026-02-26,24.01000,24.22000,23.72000,23.98000,39500
2026-02-27,23.83000,24.19000,23.80000,23.94000,42200
2026-03-02,23.73000,24.38000,23.73000,24.35000,55800
2026-03-03,24.08000,24.40000,23.85000,24.34000,43100
2026-03-04,24.48000,24.48000,23.98000,24.17000,40500
2026-03-05,23.83000,23.99000,23.27000,23.65000,47300
2026-03-06,23.37000,23.40000,23.01000,23.32000,59300
2026-03-09,23.20000,23.20000,22.52000,22.89000,88300
2026-03-10,22.87000,23.33000,22.69000,22.83000,46900
2026-03-11,22.80000,22.98000,22.52000,22.75000,54400
2026-03-12,22.50000,22.72000,22.45000,22.52000,49800
2026-03-13,22.66000,22.69000,22.24000,22.57000,78500
2026-03-16,22.78000,23.09000,22.60000,22.83000,79400
2026-03-17,23.10000,23.30000,22.03000,22.30000,255500
2026-03-18,22.30000,22.66000,21.23000,21.29000,100200
2026-03-19,21.40000,21.43000,20.96000,21.13000,78600
2026-03-20,21.30000,21.70000,20.61000,20.79000,117200
2026-03-23,21.19000,21.68000,20.90000,21.45000,92600
2026-03-24,21.25000,21.44000,20.66000,20.97000,70500
2026-03-25,21.11000,21.11000,20.53000,20.72000,70800
2026-03-26,21.36000,22.11000,21.04000,21.74000,99300
2026-03-27,21.54000,21.74000,21.28000,21.60000,86300
2026-03-30,21.75000,22.46000,21.75000,22.28000,78400
2026-03-31,22.52000,22.57000,21.76000,21.88000,56100
2026-04-01,21.76000,22.14000,21.61000,22.00000,45300
2026-04-02,21.78000,22.34000,21.61000,22.06000,58900
2026-04-06,21.95000,22.25000,21.91000,22.18000,66500
2026-04-07,22.08000,22.25000,22.06000,22.13000,42600
2026-04-08,22.49000,22.88000,22.44000,22.63000,35400
2026-04-09,22.45000,23.00000,22.45000,22.72000,55700
2026-04-10,22.60000,23.09000,22.37000,22.53000,39600
2026-04-13,22.19000,22.58000,21.68000,22.40000,80100
2026-04-14,22.33000,22.52000,22.07000,22.07000,31400
2026-04-15,21.88000,22.03000,21.69000,22.03000,18040
