date,open,high,low,close,volume
2016-07-05,31.15216,34.26737,30.51839,30.64767,9880426
2016-07-06,29.68283,30.64767,29.19096,30.11165,10634933
2016-07-07,30.02967,30.26930,29.85625,30.10534,8700775
2016-07-08,30.24408,31.91520,29.97292,31.65664,6729194
2016-07-11,31.03234,32.30618,30.88730,32.23681,9581668
2016-07-12,32.16113,32.19897,31.69448,31.88997,8805594
2016-07-13,31.88997,32.22419,31.42332,31.92150,7714271
2016-07-14,31.73862,32.62778,31.49899,32.52058,5520999
2016-07-15,32.65301,32.73499,31.91520,32.30618,5851156
2016-07-18,32.01609,32.52689,31.85213,32.34401,2469829
2016-07-19,32.18636,32.51427,31.80799,32.50797,3099695
2016-07-20,32.69085,32.74129,31.53683,31.74493,5315009
2016-07-21,31.78277,31.92150,31.52422,31.68187,4804709
2016-07-22,31.53052,31.71340,31.08279,31.15216,3886076
2016-07-25,31.03865,31.18369,30.18102,30.88730,4828337
2016-07-26,30.62244,31.16477,30.44587,31.07648,2491871
2016-07-27,30.95036,31.21522,30.72019,30.84946,2582577
2016-07-28,30.73595,30.95667,30.48686,30.67920,4635350
2016-07-29,30.55938,30.77379,30.27561,30.40173,7110729
2016-08-01,30.33867,30.59091,30.01075,30.14318,4727165
2016-08-02,29.95400,30.28191,29.75220,29.95400,5181170
2016-08-03,29.95400,31.20261,29.85941,31.07648,7468795
2016-08-04,31.27197,31.59989,31.20261,31.54944,4831509
2016-08-05,31.69448,32.14852,31.69448,31.89628,4227491
2016-08-08,31.92781,32.07915,31.49269,31.56205,3356272
2016-08-09,30.72965,31.86475,30.53479,31.82060,1709296
2016-08-10,31.82691,32.03501,31.59358,31.81430,1875009
2016-08-11,31.99087,33.23948,31.97195,33.13858,3159954
2016-08-12,32.79174,33.34037,32.66562,33.23948,2042148
2016-08-15,33.39082,33.90792,33.33407,33.83856,2311887
2016-08-16,33.78811,34.02143,33.59262,33.76919,1589412
2016-08-17,33.84486,33.88270,33.63676,33.68090,1636668
2016-08-18,33.56109,33.75027,33.37821,33.52325,1387069
2016-08-19,33.39082,33.39082,32.60887,32.74129,1896734
2016-08-22,32.74129,32.81697,32.21158,32.32509,1715322
2016-08-23,32.38815,32.85480,32.24942,32.72868,3985979
2016-08-24,32.32509,32.65301,31.91141,32.39446,1098618
2016-08-25,32.27464,32.72238,32.14852,32.55211,2196126
2016-08-26,32.56472,33.00615,32.49536,32.70977,1486813
2016-08-29,32.65301,33.28992,32.51427,33.05029,1656807
2016-08-30,32.91156,33.71874,32.91156,33.17641,1509807
2016-08-31,33.08813,33.30885,32.79174,33.21425,2622221
2016-09-01,33.39713,33.49172,32.88003,33.18903,1521383
2016-09-02,33.43497,33.71874,33.30254,33.66199,1333311
2016-09-06,33.73766,33.76919,32.97462,33.25209,2051663
2016-09-07,33.06291,33.49803,32.80436,33.38452,2764306
2016-09-08,33.22056,33.39713,32.96201,32.99985,1740853
2016-09-09,32.64671,32.79805,31.87736,31.87736,3442220
2016-09-12,31.54313,32.43860,31.44224,32.29356,2953329
2016-09-13,32.07285,32.41338,31.51160,31.55575,2548483
2016-09-14,31.56205,31.84583,31.30350,31.54313,1827277
2016-09-15,31.51791,31.90889,31.21522,31.83952,2236087
2016-09-16,31.59989,31.77646,31.16477,31.69448,3729561
2016-09-19,31.78907,32.41653,31.77015,32.02240,1546597
2016-09-20,32.02240,32.21158,31.66295,31.68818,1697403
2016-09-21,31.82691,32.16744,31.66926,32.14852,1349169
2016-09-22,32.38185,32.78544,32.34401,32.56472,2615244
2016-09-23,32.35032,32.52689,31.94042,32.08546,1280030
2016-09-26,31.94673,32.47013,31.71971,32.29987,1690901
2016-09-27,32.22419,32.65301,32.19267,32.54581,1897209
2016-09-28,32.62778,32.64671,32.38185,32.61517,1436227
2016-09-29,32.21789,32.54581,31.92781,31.97195,2312204
2016-09-30,32.23681,32.33140,31.70709,32.09807,3096048
2016-10-03,31.91520,32.57734,31.91520,32.40707,2157750
2016-10-04,32.32509,32.44491,31.88367,32.04132,1923216
2016-10-05,32.17374,32.34716,31.90889,32.12330,1402609
2016-10-06,32.05393,32.14222,31.84583,31.97195,1211524
2016-10-07,31.84583,32.04132,31.44854,31.48638,1673934
2016-10-10,31.67556,31.73232,31.46746,31.49899,1619383
2016-10-11,31.48007,31.63142,30.91253,31.03865,2223084
2016-10-12,31.15216,31.15216,30.67920,30.89361,2568939
2016-10-13,30.66659,31.32873,30.26930,30.78640,1918141
2016-10-14,30.94406,31.48953,30.78010,31.18999,1383263
2016-10-17,31.25306,31.27197,30.84316,30.93775,1770507
2016-10-18,31.30981,31.73232,30.89991,30.95667,1827753
2016-10-19,31.07018,31.40188,30.55938,31.14585,1205023
2016-10-20,30.98820,31.01342,30.54677,30.71073,2250676
2016-10-21,30.40804,30.83055,30.35128,30.69181,2706901
2016-10-24,30.81793,31.06387,30.49632,30.61614,2013287
2016-10-25,30.58461,30.58461,30.18102,30.21885,2028828
2016-10-26,30.14318,30.34497,29.97922,30.12426,2497104
2016-10-27,30.07381,30.07381,29.51888,29.94769,4985962
2016-10-28,31.67556,32.59626,31.36026,31.66295,6309442
2016-10-31,31.66295,32.38185,31.55575,32.19267,2476489
2016-11-01,32.12330,32.17374,31.52422,31.83952,2816001
2016-11-02,31.81430,32.25573,31.70709,31.73232,1374224
2016-11-03,31.71340,32.28725,31.52422,32.14852,1816811
2016-11-04,32.17374,32.57734,31.87105,32.23050,2486797
2016-11-07,32.52058,32.83589,32.18320,32.65932,2242113
2016-11-08,32.71607,33.29623,32.39446,33.20164,1848843
2016-11-09,32.78544,34.00882,32.73120,33.71244,2654412
2016-11-10,34.02143,34.89798,33.86063,34.17909,2848351
2016-11-11,34.10972,34.51962,33.59893,33.67460,2269864
2016-11-14,33.83856,34.09080,33.73135,33.93945,4171196
2016-11-15,34.01513,34.33674,33.85748,34.12864,2701192
2016-11-16,33.92054,34.33989,33.87009,34.33043,2431771
2016-11-17,34.29260,34.46917,34.00252,34.36827,1478567
2016-11-18,34.35566,34.52592,34.10972,34.45025,1926546
2016-11-21,34.21062,34.78447,34.05296,34.57637,2206275
2016-11-22,34.51962,35.16914,34.40611,34.91690,2114142
2016-11-23,35.06825,35.27004,34.85384,35.18806,1562137
2016-11-25,35.36464,35.40878,34.96735,35.29527,775915
2016-11-28,35.36464,35.46553,34.88537,35.05564,1671555
2016-11-29,34.91059,35.30157,34.81601,34.86015,1709455
2016-11-30,35.09347,35.41193,34.55745,34.67727,7483066
2016-12-01,34.77186,34.81601,34.05296,34.17278,5273144
2016-12-02,34.23584,34.70250,34.05927,34.35566,4036406
2016-12-05,34.53854,34.61421,33.78180,33.99621,2253055
2016-12-06,34.03405,34.12864,33.76288,34.05296,3617606
2016-12-07,34.05296,34.30836,33.68090,34.20431,5210348
2016-12-08,34.28629,34.34304,33.69667,33.85117,3493757
2016-12-09,33.74397,34.15386,33.62415,34.05296,2285722
2016-12-12,33.97729,34.28629,33.88901,34.04666,2431295
2016-12-13,34.22953,34.33674,33.58001,33.95837,4364025
2016-12-14,33.98360,34.89483,33.97099,34.21062,2473318
2016-12-15,34.18539,34.86645,34.00882,34.56376,2502496
2016-12-16,34.59529,34.69619,34.30521,34.57637,4196093
2016-12-19,34.56376,34.70250,34.29890,34.65835,1854235
2016-12-20,34.83492,34.97366,34.56376,34.71511,1883730
2016-12-21,34.66466,34.66466,34.00252,34.12864,2330757
2016-12-22,34.12864,34.67096,33.85748,34.10972,2447311
2016-12-23,34.26107,34.53223,33.90792,34.37458,811753
2016-12-27,34.52592,34.58268,34.12233,34.34304,1451609
2016-12-28,34.46917,34.46917,33.71874,33.89531,955741
2016-12-29,34.04666,34.14125,33.79441,34.05927,788442
2016-12-30,34.17909,34.35566,33.66829,33.81964,1118123
2017-01-03,33.98360,34.16900,33.41605,33.88270,2561169
2017-01-04,34.12864,34.38719,34.03405,34.21062,2358191
2017-01-05,34.26107,34.49439,33.87009,34.01513,2267644
2017-01-06,33.98990,34.17909,33.66829,33.97099,1998064
2017-01-09,34.06558,34.17909,33.79441,33.88270,1178699
2017-01-10,33.88270,34.10341,33.72505,33.92684,2079889
2017-01-11,33.91423,33.97729,33.58631,33.83856,5854169
2017-01-12,33.71874,33.98360,33.64937,33.84486,3219420
2017-01-13,34.30521,34.78447,34.30521,34.53223,2282550
2017-01-17,34.33043,34.38719,33.84486,34.13494,1958261
2017-01-18,34.12233,34.30521,33.95837,34.14125,2134598
2017-01-19,34.19801,34.48178,34.05296,34.22323,1302072
2017-01-20,34.31782,34.48178,34.18539,34.38088,2890691
2017-01-23,34.25476,34.56376,33.79441,34.12233,2176938
2017-01-24,34.24846,34.67727,34.10909,34.49439,2712451
2017-01-25,34.64574,34.89798,34.49439,34.79078,2784445
2017-01-26,34.68357,35.30157,34.53223,35.11870,3645039
2017-01-27,35.14392,35.31419,35.03041,35.27004,2487590
2017-01-30,35.27004,35.27004,34.52592,34.96104,2490603
2017-01-31,34.83492,35.02411,34.62682,34.87907,2842959
2017-02-01,34.97996,35.09347,34.56060,34.76556,1839012
2017-02-02,34.55745,34.99888,34.36827,34.81601,3005342
2017-02-03,35.03672,35.72408,34.72772,35.32680,2295236
2017-02-06,35.12500,35.27635,35.00519,35.19437,1394839
2017-02-07,35.31419,35.38986,35.03672,35.08717,3009782
2017-02-08,34.66466,35.56012,34.61042,35.42770,7339238
2017-02-09,35.41508,36.03939,35.41508,35.95741,1789219
2017-02-10,36.06461,36.20965,35.74300,36.03939,1983475
2017-02-13,36.23488,36.60063,36.18443,36.27902,1883572
2017-02-14,36.26010,36.27902,35.89435,36.12767,1599403
2017-02-15,36.09614,36.41776,35.99588,36.31055,1620652
2017-02-16,36.36100,36.72675,35.81867,36.19073,1776691
2017-02-17,36.20335,36.39883,36.02678,36.37992,1430360
2017-02-21,36.37992,36.73306,36.27902,36.65739,2463010
2017-02-22,36.43037,36.68261,36.29163,36.37992,1489985
2017-02-23,36.58171,36.67000,36.02047,36.10875,1616370
2017-02-24,36.00155,36.51234,35.77453,36.44298,2928432
2017-02-27,36.34839,36.49973,36.24118,36.35469,1413868
2017-02-28,36.36731,36.50604,36.14029,36.35469,2614451
2017-03-01,36.71414,37.35736,36.62585,37.14926,2277476
2017-03-02,37.14926,37.21232,36.77720,36.97269,3082093
2017-03-03,36.96008,37.13034,36.80873,37.03575,2280964
2017-03-06,36.77720,36.99161,36.57856,36.78351,2485211
2017-03-07,36.80873,36.92224,36.58171,36.70153,2639664
2017-03-08,36.70784,36.87180,36.58802,36.68261,2046430
2017-03-09,36.62585,36.87180,36.46820,36.58802,2074339
2017-03-10,36.75198,36.92224,36.56279,36.77090,1933206
2017-03-13,36.85918,37.18710,36.63216,37.06098,2495360
2017-03-14,36.87810,36.98531,36.73306,36.92224,1508063
2017-03-15,37.06728,37.76096,37.06728,37.64745,2828846
2017-03-16,37.66636,37.78618,37.45826,37.52763,2264631
2017-03-17,37.66636,37.71997,37.48349,37.57177,3058148
2017-03-20,37.58438,37.74203,37.18079,37.20602,2327586
2017-03-21,37.38259,37.50240,36.78981,36.89702,2943973
2017-03-22,36.89702,37.09251,36.75829,36.88441,2634114
2017-03-23,36.77090,37.10512,36.75829,36.90963,1672189
2017-03-24,37.95014,37.95014,37.16818,37.40151,2872138
2017-03-27,37.02945,37.39520,36.67000,37.25647,1495694
2017-03-28,37.23124,37.69159,37.04837,37.57808,1296997
2017-03-29,37.74834,38.09518,37.52763,37.61591,2182488
2017-03-30,37.66006,37.83032,37.48979,37.59700,1832193
2017-03-31,37.56546,38.08887,37.44565,37.97536,1935743
2017-04-03,37.97536,38.24652,37.54655,37.91861,3041497
2017-04-04,37.91230,38.02581,37.71366,37.84924,2401483
2017-04-05,38.00059,38.33481,37.87446,37.99428,2204055
2017-04-06,38.00689,38.32850,37.93122,38.19608,1141592
2017-04-07,38.20238,38.27805,38.05734,38.13301,826818
2017-04-10,38.15193,38.53661,38.13301,38.46724,1941928
2017-04-11,38.25283,38.44832,38.09518,38.32220,3928574
2017-04-12,38.33481,38.42940,37.98167,38.15193,2451751
2017-04-13,38.15193,38.41679,38.01950,38.04473,1927339
2017-04-17,38.15193,38.19608,37.87762,38.13932,1551354
2017-04-18,37.91230,38.14184,37.83347,38.00689,2478551
2017-04-19,38.01950,38.27175,37.76096,37.84293,3113332
2017-04-20,38.00059,38.37265,37.76096,38.22130,2382929
2017-04-21,38.20869,38.27805,37.82086,37.84293,2204055
2017-04-24,38.33481,38.80777,38.26544,38.73840,2012812
2017-04-25,38.96542,39.43838,38.90866,39.30595,2334246
2017-04-26,39.28703,39.55819,39.16722,39.25550,2067203
2017-04-27,39.24920,39.73476,39.14199,39.29964,3085423
2017-04-28,39.70324,40.52934,39.41315,39.89242,3810593
2017-05-01,40.11313,40.13836,39.16722,39.31226,2789519
2017-05-02,38.99065,39.29964,38.53030,39.21136,2386893
2017-05-03,39.06632,39.55189,38.95911,39.52036,1548975
2017-05-04,39.49513,39.79782,39.45099,39.61495,1300169
2017-05-05,39.64017,39.82936,39.40054,39.81675,944164
2017-05-08,39.78521,39.95548,39.56135,39.65909,2840898
2017-05-09,39.69062,39.99962,39.38793,39.53928,1309842
2017-05-10,39.43207,39.60864,39.24920,39.45730,1662675
2017-05-11,39.21136,39.53928,39.14830,39.48883,937663
2017-05-12,39.37532,39.43081,39.09785,39.21136,1593852
2017-05-15,39.28703,39.50144,39.21767,39.23658,1556428
2017-05-16,39.38162,39.38162,39.12938,39.30595,1410379
2017-05-17,39.30595,39.30595,38.54922,38.59336,1959847
2017-05-18,38.30959,38.83930,38.08887,38.56813,2184867
2017-05-19,38.76993,39.11046,38.46408,38.99695,2961575
2017-05-22,39.15461,39.41315,39.03479,39.35009,1223735
2017-05-23,39.34379,39.53928,39.17983,39.48252,1220246
2017-05-24,39.56450,39.86719,39.49513,39.77891,2153310
2017-05-25,39.80413,40.27709,39.57081,40.13205,1647768
2017-05-26,40.15727,40.29601,39.96809,40.05007,1865177
2017-05-30,39.87981,40.22664,39.74738,39.94917,2816001
2017-05-31,39.99332,40.08160,38.97173,39.38162,6226665
2017-06-01,39.55819,39.99962,39.39739,39.72215,1753063
2017-06-02,39.66540,40.25187,39.63071,39.98701,1883413
2017-06-05,39.87981,40.08160,39.86719,39.93026,1331250
2017-06-06,39.87981,40.01223,39.75368,39.85458,2183281
2017-06-07,39.88611,40.20772,39.77260,39.95548,1246411
2017-06-08,39.95548,40.20142,39.60864,40.16989,1565150
2017-06-09,40.35907,40.35907,39.45099,39.78521,1628739
2017-06-12,39.75368,39.94602,39.22271,39.38793,1804918
2017-06-13,39.52666,39.91133,39.36901,39.89872,1607490
2017-06-14,39.90503,40.03115,39.68431,39.69693,2186453
2017-06-15,39.51405,39.89242,39.33748,39.75368,1858517
2017-06-16,39.83566,40.39691,39.64648,40.39060,2658852
2017-06-19,40.55456,40.88248,40.47889,40.85725,2178207
2017-06-20,40.67437,41.12211,40.54825,40.65546,2792215
2017-06-21,40.68699,40.80050,40.53564,40.59240,2319181
2017-06-22,40.57348,40.69329,40.30231,40.42213,1654746
2017-06-23,40.32754,40.45997,40.15097,40.42213,11596699
2017-06-26,40.54825,40.81311,40.32123,40.42844,1600830
2017-06-27,40.22664,40.41582,39.96178,39.96178,1106547
2017-06-28,40.22664,40.70591,40.10367,40.61762,1316502
2017-06-29,40.59240,40.59240,39.57081,39.64017,2047540
2017-06-30,39.67801,40.15727,39.66540,39.94917,1866287
2017-07-03,40.13836,40.18880,39.84827,39.93656,1034870
2017-07-05,40.12574,40.34646,39.84512,40.11313,1414820
2017-07-06,39.98070,40.22033,39.86719,39.93656,2340113
2017-07-07,40.11313,40.35907,40.01854,40.26448,1766701
2017-07-10,40.24556,40.95499,40.20772,40.73743,3132044
2017-07-11,40.78788,40.78788,39.96809,40.34015,1751953
2017-07-12,40.51041,40.92662,40.48519,40.80050,1773678
2017-07-13,40.83203,40.90139,40.55456,40.60501,1378664
2017-07-14,40.62392,40.85725,40.56086,40.71221,1765591
2017-07-17,40.71852,40.71852,40.22033,40.44735,2201359
2017-07-18,40.37799,40.49780,40.12574,40.20142,1633179
2017-07-19,40.32123,40.35276,40.09421,40.34015,2221022
2017-07-20,40.36538,40.45366,39.62125,40.04376,2470780
2017-07-21,39.87981,40.03746,39.77891,39.88611,2036439
2017-07-24,39.93656,39.98070,39.75999,39.91133,1908468
2017-07-25,40.08791,40.18880,39.70954,39.77260,2722283
2017-07-26,39.79782,39.86719,39.18613,39.21136,2760658
2017-07-27,39.19875,39.59603,39.12938,39.46360,2918125
2017-07-28,40.04376,40.87617,39.50081,40.65546,3505651
2017-07-31,40.83833,40.93293,40.49150,40.82572,3149329
2017-08-01,40.85725,41.45003,40.52303,41.11580,2933190
2017-08-02,41.18517,41.96082,41.17886,41.79686,2875468
2017-08-03,41.84100,41.96082,41.65813,41.95451,1748782
2017-08-04,42.04911,42.37702,41.94821,42.35810,1772410
2017-08-07,42.25090,42.55359,42.07433,42.38963,2325524
2017-08-08,42.23198,42.37702,42.15631,42.20045,1859627
2017-08-09,42.16262,42.23829,41.96397,42.13739,1506318
2017-08-10,41.96712,42.07433,41.31129,41.32390,1645548
2017-08-11,41.38066,41.67074,41.24192,41.36805,1118440
2017-08-14,41.68335,41.85992,41.60768,41.77794,784319
2017-08-15,41.74641,41.85992,41.56984,41.69596,944323
2017-08-16,41.81578,42.01757,41.62029,41.71488,1023136
2017-08-17,41.53831,41.65056,41.05905,41.09058,865352
2017-08-18,40.95815,41.23562,40.78788,41.00860,1527885
2017-08-21,40.98968,41.31760,40.76266,41.25454,1126845
2017-08-22,41.36174,41.62029,41.36174,41.53201,1233567
2017-08-23,41.39327,41.43111,40.97707,41.00860,1016793
2017-08-24,41.06535,41.20409,40.75636,40.91401,1851063
2017-08-25,41.02121,41.14733,40.42213,40.79419,2232440
2017-08-28,40.95815,41.02752,40.51357,40.66807,1105595
2017-08-29,40.52303,40.71852,40.34078,40.64915,2874675
2017-08-30,40.62392,40.95184,40.57978,40.86356,2515182
2017-08-31,40.89509,41.07796,40.79419,40.97076,2050870
2017-09-01,41.14733,41.24192,40.93923,41.05274,1291130
2017-09-05,40.98338,41.45633,40.89509,41.04644,1653953
2017-09-06,41.30499,41.61398,40.76518,40.81942,3025322
2017-09-07,40.95184,41.39327,40.75005,41.34913,1294936
2017-09-08,41.32390,42.30766,41.29237,41.92299,1768287
2017-09-11,42.23829,42.63557,42.01127,42.57882,2318706
2017-09-12,42.63557,42.93196,42.63557,42.79953,1341399
2017-09-13,42.71125,43.32925,42.58512,43.31663,3005342
2017-09-14,43.10223,43.63824,42.84998,43.63194,2879908
2017-09-15,44.18687,44.27516,43.54365,43.73914,4300119
2017-09-18,43.82112,44.44542,43.71392,44.33822,2095747
2017-09-19,44.33822,44.47696,44.14904,44.19318,1525347
2017-09-20,44.28147,44.55893,44.10490,44.24994,3216407
2017-09-21,44.26885,44.40128,44.02291,44.09859,1692328
2017-09-22,44.05445,44.22156,43.88418,44.16165,3663593
2017-09-25,44.19318,44.30038,43.88418,44.16165,1558331
2017-09-26,44.16796,44.36975,44.01661,44.04814,1877070
2017-09-27,44.04814,44.31300,43.94094,44.27516,1437337
2017-09-28,44.12381,44.31930,43.95355,44.09229,2100346
2017-09-29,44.07336,44.81749,43.98508,44.64091,1682338
2017-10-02,44.79226,45.12018,44.71028,45.12018,1417357
2017-10-03,45.23999,45.34720,44.94991,45.07603,1436227
2017-10-04,45.04451,45.36612,44.98775,45.34720,1677105
2017-10-05,45.41026,45.41026,44.86163,45.13279,2012177
2017-10-06,45.06342,45.32828,44.95622,45.12018,1666322
2017-10-09,45.25261,45.46701,45.07603,45.34089,1029320
2017-10-10,45.56161,45.59944,45.02559,45.35350,1548817
2017-10-11,45.44179,45.75079,45.30936,45.62467,1568322
2017-10-12,45.71295,46.04087,45.57422,45.96520,1551512
2017-10-13,46.14808,46.16699,45.52377,45.62467,1143654
2017-10-16,45.68142,45.84538,45.34089,45.41656,1739901
2017-10-17,45.45440,45.58052,45.07603,45.08234,2090355
2017-10-18,45.08865,45.37242,45.01297,45.16432,1357098
2017-10-19,45.01297,45.14225,44.77650,44.83640,1762736
2017-10-20,45.08865,45.44936,44.93730,45.41026,2481405
2017-10-23,45.41026,45.59944,45.05081,45.46071,1633655
2017-10-24,45.59944,46.24897,45.59944,46.23005,2042148
2017-10-25,46.00303,46.26789,45.43549,45.70034,2744483
2017-10-26,46.09763,46.51383,45.76340,46.33095,2799985
2017-10-27,45.53008,46.90480,44.14904,46.72823,3189925
2017-10-30,46.50752,46.59581,45.64359,45.69403,2510900
2017-10-31,45.78863,45.88952,45.53954,45.56791,1958261
2017-11-01,45.86430,46.07870,45.56161,45.94628,1937329
2017-11-02,45.97150,46.34672,45.80754,46.23005,1565467
2017-11-03,46.22375,46.65256,46.22375,46.43815,1601305
2017-11-06,46.34987,46.40662,45.88322,45.94628,1326651
2017-11-07,45.90844,46.33095,45.82646,46.33095,1700733
2017-11-08,46.16699,46.19221,45.83277,45.88952,1792390
2017-11-09,45.68773,45.93997,45.46764,45.80124,1610662
2017-11-10,45.58052,45.90529,45.34089,45.81385,2894338
2017-11-13,45.56791,45.84538,45.43549,45.78232,1321577
2017-11-14,45.54899,45.84223,45.49224,45.82646,1940976
2017-11-15,45.77601,45.85169,45.19585,45.30936,2737030
2017-11-16,45.52377,45.99042,45.42287,45.68142,1558331
2017-11-17,45.46071,45.85106,45.24630,45.56161,4670712
2017-11-20,45.64359,46.13546,45.56161,45.91475,1384849
2017-11-21,45.96520,46.13546,45.66250,45.68773,2003773
2017-11-22,45.64359,45.73818,45.25008,45.40395,3064967
2017-11-24,45.44810,45.65620,45.44179,45.48593,575633
2017-11-27,45.61206,46.05664,45.53954,45.88322,1520590
2017-11-28,46.07240,46.55797,45.77601,46.21744,2068789
2017-11-29,46.27420,46.33726,45.82646,46.29942,1458904
2017-11-30,46.34356,47.13813,46.30573,47.07507,2491237
2017-12-01,47.64262,47.73091,46.38140,47.03093,2096857
2017-12-04,47.33993,47.63631,46.81021,46.81021,1704380
2017-12-05,46.93634,47.00570,45.95889,46.00303,1808248
2017-12-06,46.02826,46.45077,45.83592,46.21744,1775422
2017-12-07,46.38140,46.81021,46.16069,46.41293,1425761
2017-12-08,46.63995,46.81652,46.21114,46.46968,1586716
2017-12-11,46.55797,46.65887,45.94628,46.04087,1523762
2017-12-12,46.00303,46.00303,45.56791,45.73187,1216440
2017-12-13,45.70034,46.05348,45.51746,45.66250,1496011
2017-12-14,45.80124,45.90214,45.00667,45.02559,1735461
2017-12-15,45.29675,45.60575,45.22108,45.44179,4144397
2017-12-18,45.64359,46.11024,45.46701,45.86430,1718494
2017-12-19,45.99042,46.09763,45.41026,45.86430,1497279
2017-12-20,46.17960,46.31203,45.97150,46.02826,1216599
2017-12-21,46.20483,46.23005,45.79493,45.90844,1317454
2017-12-22,45.93367,45.93367,45.49855,45.70034,1556746
2017-12-26,45.83907,45.88322,45.55530,45.79493,661740
2017-12-27,45.73818,45.96520,45.54899,45.63728,1237848
2017-12-28,45.71926,45.82016,45.42918,45.71926,1265599
2017-12-29,45.88952,46.03456,45.62467,45.62467,1336800
2018-01-02,46.02826,46.14808,45.29990,45.64359,1726105
2018-01-03,45.55530,45.76340,44.94361,45.66881,2484735
2018-01-04,45.85799,46.88589,45.67512,46.82283,2423366
2018-01-05,46.93003,47.04985,45.95258,46.28681,3384498
2018-01-08,46.13546,46.34987,46.07240,46.19221,1602257
2018-01-09,46.17330,46.96156,46.16069,46.52644,1806345
2018-01-10,46.29311,46.55797,45.73818,46.04718,1409904
2018-01-11,46.11654,46.54536,46.04087,46.48230,1870410
2018-01-12,46.62734,47.15705,46.51383,46.96156,2034854
2018-01-16,47.18227,47.69307,46.48860,46.65887,2123974
2018-01-17,46.96156,47.44713,46.67779,47.13182,2418450
2018-01-18,47.20750,47.44713,46.82283,46.95525,1370577
2018-01-19,47.06246,47.26110,46.66517,47.01831,2872930
2018-01-22,47.01201,47.33993,46.57058,46.79129,2164252
2018-01-23,46.94264,47.45344,46.52644,47.33362,2522952
2018-01-24,47.59848,48.35521,47.33362,47.52280,2500434
2018-01-25,47.79397,47.86018,47.01831,47.17597,2284453
2018-01-26,47.42821,48.29845,47.02462,48.28584,3496929
2018-01-29,48.05252,48.34890,47.92640,48.16603,2577820
2018-01-30,47.86333,48.19756,47.69307,47.94531,2114618
2018-01-31,48.13450,48.26062,47.68676,47.93901,2041197
2018-02-01,47.62370,48.28584,47.42506,47.64262,2284294
2018-02-02,47.51019,48.10927,47.29578,47.51650,2230061
2018-02-05,47.32101,47.55749,45.18324,45.18954,3143145
2018-02-06,44.35083,45.77601,43.79590,45.47332,4524029
2018-02-07,45.35350,46.06609,45.20216,45.20847,4017218
2018-02-08,45.22108,45.59314,43.53104,43.60041,3754616
2018-02-09,47.80658,47.80658,43.83373,45.68773,6564591
2018-02-12,45.90844,47.28317,45.90844,46.85436,5497689
2018-02-13,46.72193,47.13813,46.53905,46.75346,4992940
2018-02-14,46.50752,46.93003,46.33410,46.78499,2836458
2018-02-15,47.20750,47.35254,46.72823,47.34623,2799034
2018-02-16,47.34623,47.91378,47.17597,47.70568,3302356
2018-02-20,47.51019,48.05882,47.46289,47.83180,2612072
2018-02-21,47.99576,48.69574,47.92009,47.93270,2013446
2018-02-22,48.14080,48.67051,47.99576,48.35521,1677898
2018-02-23,48.65160,48.70205,48.19945,48.64529,2058482
2018-02-26,48.73988,49.26960,48.54124,49.16239,2317596
2018-02-27,49.23806,49.71102,49.02366,49.03627,1606697
2018-02-28,49.21284,49.35157,48.42458,48.43089,2853267
2018-03-01,48.59484,48.63898,46.80391,47.10660,2574014
2018-03-02,46.67148,46.96787,46.21744,46.65887,3070358
2018-03-05,46.36879,47.04985,46.10393,46.82913,2030255
2018-03-06,47.08768,47.60478,46.73454,47.37146,2227048
2018-03-07,47.23272,49.24437,46.29311,49.16239,4650414
2018-03-08,49.33266,49.47770,48.79664,49.41463,3572570
2018-03-09,49.70472,50.64433,49.26960,50.61910,3343268
2018-03-12,50.57496,50.58442,49.18131,49.52184,1928766
2018-03-13,49.65427,49.95381,49.06780,49.18131,2567195
2018-03-14,49.47139,49.75517,48.82186,48.94168,1871520
2018-03-15,49.04258,49.45247,48.69574,49.25068,1149362
2018-03-16,49.20023,49.45878,48.94168,49.33266,3200074
2018-03-19,49.30743,49.30743,48.56331,49.04888,1485862
2018-03-20,49.25068,49.49031,49.04888,49.28851,2053566
2018-03-21,49.32005,49.94561,48.89123,49.40833,1822044
2018-03-22,48.91015,49.33266,48.25431,48.36152,2445725
2018-03-23,48.39935,48.98582,47.90748,47.93901,3344378
2018-03-26,48.75249,49.30743,48.33314,49.24437,2743215
2018-03-27,49.26329,49.48400,48.22278,48.43089,2490603
2018-03-28,48.55070,48.62007,47.78766,48.33629,2875943
2018-03-29,48.56962,49.16239,48.30476,48.88492,2180268
2018-04-02,48.67682,48.80547,47.01831,47.57325,2666781
2018-04-03,47.71829,48.14711,47.19489,48.11558,2544677
2018-04-04,47.30209,48.34890,46.91742,48.32368,2845814
2018-04-05,48.76511,49.23806,48.48133,48.82186,2078621
2018-04-06,48.36152,48.56331,46.58950,47.11921,2567512
2018-04-09,47.25795,47.66154,46.62734,46.73454,3303941
2018-04-10,47.38407,47.90748,47.27687,47.80027,2522318
2018-04-11,47.37777,47.52911,46.89219,46.94895,1788901
2018-04-12,47.29578,47.53542,47.06246,47.13813,2107957
2018-04-13,47.52280,47.81604,46.76607,47.10660,3927940
2018-04-16,47.54803,47.66154,47.22642,47.45974,2270974
2018-04-17,47.80658,48.90699,47.74352,48.38674,3338987
2018-04-18,48.70205,49.05519,48.34575,48.64529,1513930
2018-04-19,48.63268,48.84078,48.15342,48.41196,1724202
2018-04-20,48.52547,48.61376,48.03360,48.39305,2098601
2018-04-23,48.52547,48.55701,47.97684,48.11558,1797465
2018-04-24,48.34890,48.51223,45.56791,46.06609,2883714
2018-04-25,45.92105,46.10141,45.39765,45.53008,2785238
2018-04-26,45.68773,45.85484,45.21477,45.57422,4235737
2018-04-27,45.18324,45.29359,43.56257,44.96883,5854327
2018-04-30,45.18324,45.34720,44.33822,44.33822,2646166
2018-05-01,44.35083,45.44179,44.05445,45.42918,3132996
2018-05-02,45.40395,45.63097,44.90262,45.10126,3155672
2018-05-03,44.70398,45.87061,44.51479,45.72557,3009782
2018-05-04,45.39765,46.28050,45.26522,46.21744,1987598
2018-05-07,46.28050,46.60211,46.13546,46.37509,2087501
2018-05-08,46.37509,46.83544,46.25528,46.82283,1790646
2018-05-09,46.82913,47.49128,46.66517,47.43452,1984109
2018-05-10,47.60478,47.69938,47.36515,47.63631,1458269
2018-05-11,47.68676,47.90748,47.42191,47.68676,1600671
2018-05-14,47.76874,48.38044,47.74352,48.11558,2780005
2018-05-15,47.93901,48.09666,47.61740,48.08405,1814274
2018-05-16,48.02729,48.50025,48.00837,48.41827,1565943
2018-05-17,48.38044,48.86600,48.17864,48.77772,1977132
2018-05-18,48.77141,49.16239,48.57592,49.10564,3249708
2018-05-21,49.27590,49.57544,48.74619,48.94168,1879607
2018-05-22,48.94168,49.02996,47.98315,47.99576,2465865
2018-05-23,47.76244,48.10927,47.42821,48.03991,1943989
2018-05-24,47.74982,48.26062,47.61740,48.02729,2314424
2018-05-25,47.93901,48.21017,47.28948,47.61740,1296521
2018-05-29,47.24533,47.42821,46.36248,46.67779,2396249
2018-05-30,46.68409,47.08768,46.57689,46.78499,2078304
2018-05-31,46.75346,46.76544,45.71295,45.83907,3610787
2018-06-01,46.29942,46.83544,46.05348,46.54536,1876436
2018-06-04,46.81021,47.16966,46.46338,46.82283,2537700
2018-06-05,46.96156,47.12552,46.67148,46.85436,1358525
2018-06-06,46.95525,47.27056,46.74715,47.27056,2133964
2018-06-07,48.75880,49.29482,48.53809,49.17500,4201326
2018-06-08,49.16239,49.43986,48.89123,49.31374,2295871
2018-06-11,49.31374,49.53445,49.14978,49.42094,1744976
2018-06-12,49.42725,49.61013,49.14978,49.37049,1713895
2018-06-13,49.46508,49.79931,49.21915,49.24437,1829497
2018-06-14,49.37680,50.73261,49.37680,50.53082,4041164
2018-06-15,50.22812,51.40106,50.04525,51.12359,5336258
2018-06-18,50.68847,50.85873,50.09570,50.68216,3074798
2018-06-19,50.12723,50.19029,49.39572,49.82453,2966649
2018-06-20,49.88129,49.95066,49.43356,49.69210,1780973
2018-06-21,49.50923,49.69210,48.85339,49.25068,2010909
2018-06-22,49.71102,49.72364,49.04258,49.08672,3320750
2018-06-25,48.82817,49.09303,48.40566,48.95429,3016284
2018-06-26,48.71466,48.71466,47.37777,47.42191,9532668
2018-06-27,47.61109,47.93586,47.12552,47.16336,8489710
2018-06-28,47.33993,48.02729,46.79129,47.80027,5515766
2018-06-29,48.06513,48.94168,48.06513,48.62637,5450274
2018-07-02,48.24800,48.42458,47.71829,48.40566,2342333
2018-07-03,48.62637,49.04888,48.21017,48.26693,1264330
2018-07-05,48.58223,48.75249,48.30476,48.64529,2130634
2018-07-06,48.68313,48.97952,48.46241,48.69574,1459538
2018-07-09,48.65160,49.25068,48.63268,49.12455,2732749
2018-07-10,49.05519,49.22545,48.32999,48.59484,1947161
2018-07-11,48.43719,48.59484,48.05252,48.07774,2040087
2018-07-12,48.29845,48.68313,48.00837,48.52547,2519781
2018-07-13,48.59484,48.80925,48.42458,48.69574,1590681
2018-07-16,48.57592,48.60745,48.06513,48.21648,1696134
2018-07-17,48.28584,48.98582,48.17864,48.91645,1527885
2018-07-18,49.18761,49.18761,48.72096,48.88492,2191052
2018-07-19,48.86600,49.09303,48.47503,48.94798,2073388
2018-07-20,48.63268,49.31374,48.53178,48.96059,2969504
2018-07-23,48.82817,48.91015,48.00207,48.03991,2288576
2018-07-24,48.24170,48.84709,48.24170,48.81556,3291097
2018-07-25,48.86600,49.87498,48.71466,49.83715,3365152
2018-07-26,50.13353,51.27494,49.66058,51.21188,4742072
2018-07-27,50.92179,51.06053,49.66688,50.32902,3541489
2018-07-30,50.44884,51.49565,50.14299,50.29118,4087468
2018-07-31,50.78306,51.86771,50.54343,51.76051,4371796
2018-08-01,51.88663,52.10734,51.00377,51.04161,3541489
2018-08-02,50.76414,51.16773,50.43623,51.03531,2357081
2018-08-03,50.76414,51.38214,50.76414,51.21188,1602416
2018-08-06,51.12989,51.23710,50.95963,51.05422,2039452
2018-08-07,51.18665,51.48304,51.07945,51.25602,1320625
2018-08-08,51.18665,51.25602,50.68216,50.94071,1416722
2018-08-09,50.90288,51.11098,50.57496,50.60019,1183774
2018-08-10,50.47406,50.59388,50.08939,50.25965,3140290
2018-08-13,50.20290,50.70739,49.82453,50.01372,2369926
2018-08-14,49.93174,50.43244,49.82579,50.17137,1727057
2018-08-15,50.05786,50.32902,49.69841,50.25335,2073863
2018-08-16,50.54974,51.09206,50.40469,50.66325,2025498
2018-08-17,50.81459,50.81459,50.55604,50.60649,3868315
2018-08-20,50.82090,51.07314,50.58757,50.82720,2878798
2018-08-21,50.86504,50.94702,50.51190,50.69477,2577502
2018-08-22,50.69477,50.69477,50.27857,50.39839,1632862
2018-08-23,50.48668,50.53712,50.20921,50.46145,2089404
2018-08-24,50.58757,50.61910,50.38578,50.53082,1075149
2018-08-27,50.78306,51.57763,50.78306,51.50826,3302831
2018-08-28,51.71006,51.95600,51.52718,51.75420,6228251
2018-08-29,51.83618,53.10371,51.71637,52.89561,7456267
2018-08-30,52.97128,53.67756,52.64967,52.80732,5502763
2018-08-31,52.68120,53.26136,52.65598,52.95867,5750777
2018-09-04,52.65598,52.84516,52.02851,52.63075,7919628
2018-09-05,52.44157,53.45054,52.35959,53.18568,10458913
2018-09-06,53.19830,53.41270,52.80101,53.07218,6365102
2018-09-07,52.99650,53.58928,52.76318,53.34334,5930920
2018-09-10,53.60189,53.77216,53.29919,53.40640,7983058
2018-09-11,53.46315,53.67756,53.20461,53.61450,11074666
2018-09-12,53.65234,53.99287,53.39379,53.79738,9568189
2018-09-13,54.13160,54.69915,53.98026,54.54781,9382813
2018-09-14,54.46582,55.26670,54.42168,54.85050,18591985
2018-09-17,54.86311,55.31715,54.63609,54.93878,21155691
2018-09-18,54.93878,55.40543,54.42168,55.10274,21007263
2018-09-19,55.22256,55.35498,53.97395,54.22619,24782653
2018-09-20,54.69915,55.34237,54.38385,55.09644,28444660
2018-09-21,55.46219,55.70813,54.70546,54.85050,62910152
2018-09-24,54.73068,55.07121,54.30187,54.44060,28169688
2018-09-25,54.52889,54.80005,53.93611,54.23250,25278521
2018-09-26,54.12530,54.62978,53.28658,53.62081,57321757
2018-09-27,53.79738,53.92350,53.22352,53.37487,6092351
2018-09-28,53.38748,53.41270,52.76948,53.09740,7957527
2018-10-01,53.42532,53.59558,53.05956,53.24244,28739295
2018-10-02,53.17938,53.17938,52.71904,52.73165,41216887
2018-10-03,53.10371,53.24244,52.73165,52.80732,9247547
2018-10-04,52.80101,53.16046,52.58661,52.93975,10377088
2018-10-05,52.85146,53.22983,52.37851,52.95867,9314466
2018-10-08,52.77579,53.11001,52.43841,52.75056,6958495
2018-10-09,52.50463,52.51093,51.79204,51.83618,9039971
2018-10-10,51.60916,51.77943,50.58757,50.58757,8007003
2018-10-11,50.46775,50.72000,49.45247,49.55337,8289587
2018-10-12,50.34163,50.49929,49.30743,49.94435,3590013
2018-10-15,49.80561,50.19659,49.31374,49.78039,3090656
2018-10-16,50.15876,50.49298,49.81823,50.31010,3990419
2018-10-17,50.24073,50.64433,49.83715,50.58757,4155973
2018-10-18,50.39839,50.98486,50.28488,50.46775,4151533
2018-10-19,50.48037,51.01638,50.03894,50.31641,5913159
2018-10-22,50.49298,50.55919,48.96690,48.99213,5641518
2018-10-23,48.13450,48.71151,47.63001,48.58854,4497230
2018-10-24,48.68943,48.79033,46.66517,46.71562,4447119
2018-10-25,46.99309,48.36467,46.98679,48.13450,6423141
2018-10-26,46.17330,47.60478,43.61302,46.07240,16365412
2018-10-29,46.57058,46.79760,45.12648,45.53008,8744701
2018-10-30,45.53008,45.78232,44.64722,45.20216,8134182
2018-10-31,45.79493,47.38407,45.71295,46.82283,5496896
2018-11-01,47.00570,47.39668,46.48860,47.17597,3322019
2018-11-02,47.64893,48.10297,46.98048,47.20750,2840739
2018-11-05,47.28317,47.52911,46.72823,47.35884,2277634
2018-11-06,47.35254,47.98315,46.69040,47.85072,2021692
2018-11-07,48.31107,48.31107,47.57956,48.00837,2211984
2018-11-08,47.99576,49.05519,47.81289,48.48764,2752571
2018-11-09,48.22278,48.34890,47.20750,47.43452,2329013
2018-11-12,47.41560,47.66154,47.04670,47.27056,2415754
2018-11-13,47.22642,48.50656,47.22642,47.42821,3224495
2018-11-14,47.52911,47.84442,46.28050,46.41293,3707994
2018-11-15,46.14808,47.80658,45.87061,47.75613,3717667
2018-11-16,47.45974,48.16603,47.37461,47.57956,3042766
2018-11-19,47.61740,47.65523,46.29942,46.51383,2190734
2018-11-20,46.07870,46.39401,45.59314,45.77601,2221498
2018-11-21,46.12285,46.86066,45.95258,46.57689,2186611
2018-11-23,46.11024,46.36879,45.87061,45.90844,1438447
2018-11-26,46.33095,46.66517,45.62467,46.16069,3197219
2018-11-27,45.87061,46.63364,45.34089,46.51383,3085423
2018-11-28,46.66517,47.30840,45.82016,47.28948,2810768
2018-11-29,47.19489,47.30524,46.29942,46.74715,3139973
2018-11-30,46.65256,48.21017,46.55797,47.97054,4789169
2018-12-03,48.61376,48.88492,47.63001,47.90117,3268737
2018-12-04,47.89486,48.00207,45.83907,45.93997,5248565
2018-12-06,45.22738,45.59314,44.42651,45.49224,4726531
2018-12-07,45.51116,45.87691,43.86526,44.10490,3694357
2018-12-10,43.96616,44.77334,43.64455,44.59677,3241621
2018-12-11,45.25261,45.45440,43.96616,44.18057,2061019
2018-12-12,44.88055,45.59314,44.59677,44.62830,2217375
2018-12-13,44.75443,44.89946,43.98508,44.11120,2497897
2018-12-14,43.75806,44.16165,43.23465,43.42384,2429233
2018-12-17,43.12114,43.59410,42.53468,42.84998,5027192
2018-12-18,43.35447,43.35447,42.45270,42.94457,3967584
2018-12-19,42.88151,43.49951,41.75272,41.98605,3157100
2018-12-20,41.58876,41.99235,40.16989,41.09058,4686094
2018-12-21,41.09058,42.01127,40.67437,41.30499,9564383
2018-12-24,40.88248,40.96445,39.70954,40.13205,2422732
2018-12-26,40.25817,41.46894,39.65909,41.43111,2497263
2018-12-27,40.92662,42.18153,40.58609,42.18153,2043100
2018-12-28,42.37072,42.55359,41.49417,42.06172,2299994
2018-12-31,42.19415,42.69864,42.11217,42.66710,1937805
2019-01-02,42.01127,42.53468,41.82209,42.47161,1841390
2019-01-03,41.77164,41.89145,40.60501,40.75636,3055452
2019-01-04,41.45633,42.54729,41.27976,42.54098,2619525
2019-01-07,42.47161,43.02655,42.39909,42.75539,2468085
2019-01-08,43.30402,43.35447,42.42117,42.95088,2413059
2019-01-09,42.95088,43.79590,42.93196,43.65716,2221022
2019-01-10,43.35447,44.13012,43.20943,44.06706,1908785
2019-01-11,43.65716,43.87157,43.43014,43.83373,1748623
2019-01-14,43.57518,44.07336,43.52473,43.90941,1782241
2019-01-15,43.96616,44.14273,43.51212,44.13643,1943514
2019-01-16,44.06075,44.43912,43.95985,44.15535,1803015
2019-01-17,43.92833,45.12018,43.92833,45.01297,1826326
2019-01-18,45.27783,46.17960,45.27783,46.05348,2872930
2019-01-22,45.68142,45.68142,44.89631,45.19585,1894989
2019-01-23,45.37873,45.80754,44.55893,44.86163,1659186
2019-01-24,44.88055,45.15802,44.71659,44.76704,1869934
2019-01-25,45.26522,45.61836,45.06973,45.56161,2321877
2019-01-28,44.90577,45.34720,44.62830,45.33459,1333470
2019-01-29,45.44810,46.71562,45.44810,46.46968,2836141
2019-01-30,46.78499,47.41560,46.19221,47.12552,1661247
2019-01-31,47.11291,47.41560,46.61472,47.28948,1748940
2019-02-01,47.36515,47.59217,46.74085,46.87328,2038184
2019-02-04,47.01201,47.01201,46.47599,46.85436,2674551
2019-02-05,46.96156,47.27687,46.69670,46.99940,3553541
2019-02-06,46.82283,47.42506,46.77868,47.26426,2694849
2019-02-07,46.79129,47.02462,46.39401,46.93003,3075591
2019-02-08,47.54803,48.86600,46.91742,48.44350,4824056
2019-02-11,48.40566,48.72727,47.86333,48.65790,3222116
2019-02-12,48.99213,49.88759,48.74619,49.70472,3470288
2019-02-13,49.88129,50.75784,49.74255,50.72631,4263329
2019-02-14,50.56235,51.07314,50.25965,50.73261,3374349
2019-02-15,51.26863,51.60286,51.04792,51.58393,2937154
2019-02-19,51.18665,51.41367,50.53082,50.75153,3524363
2019-02-20,50.86504,51.53349,50.86504,51.11728,4724470
2019-02-21,50.98486,51.19296,50.48352,50.83351,2827895
2019-02-22,51.11728,51.33800,50.88396,51.31277,1429409
2019-02-25,51.62808,51.88032,51.16773,51.45781,2798875
2019-02-26,51.31908,51.72898,51.25602,51.54610,2880066
2019-02-27,51.48304,51.59024,51.15197,51.52718,1914653
2019-02-28,51.45151,51.75420,51.12359,51.43890,3027384
2019-03-01,51.74789,52.20824,51.63754,52.06320,2071802
2019-03-04,52.27130,52.67489,51.67853,52.07581,2790946
2019-03-05,52.15779,52.36589,51.86771,51.86771,1718018
2019-03-06,51.89294,52.16095,51.67853,51.73528,1666798
2019-03-07,51.70375,51.70375,50.87765,51.11728,2441444
2019-03-08,50.60019,51.08575,50.19029,50.70108,2448738
2019-03-11,50.78306,51.84249,50.78306,51.82357,2335356
2019-03-12,51.92447,52.08905,51.57763,51.78573,2215789
2019-03-13,52.10104,52.78210,51.98122,52.45418,2442712
2019-03-14,52.27130,52.55823,52.05059,52.11365,2123815
2019-03-15,52.07581,52.43526,51.98122,52.05059,2932714
2019-03-18,52.09473,52.75687,52.03798,52.59922,1636985
2019-03-19,52.70012,52.83570,52.18302,52.37220,2679784
2019-03-20,52.44787,52.70012,51.89294,52.33436,2188673
2019-03-21,52.25869,53.25505,52.20193,53.11001,1440350
2019-03-22,52.84516,52.95236,51.84249,51.85510,1803491
2019-03-25,51.85510,52.30283,51.71006,52.08842,1048508
2019-03-26,52.34697,52.93975,52.21455,52.70642,2255751
2019-03-27,52.87038,52.93344,51.84879,51.92447,2051821
2019-03-28,52.06320,52.60553,51.95600,52.30283,1910847
2019-03-29,52.71904,53.00281,52.51724,52.90191,1979352
2019-04-01,53.37487,53.72801,53.16046,53.64603,1850429
2019-04-02,53.84783,54.11268,53.60189,54.03070,1198521
2019-04-03,54.40907,54.83158,54.27664,54.56042,1422114
2019-04-04,54.64240,54.95770,54.35862,54.42168,1441460
2019-04-05,54.62348,54.82528,54.43430,54.69284,2510900
2019-04-08,54.54150,54.82843,54.18205,54.81897,2101614
2019-04-09,54.44691,54.62348,54.12530,54.30817,1187262
2019-04-10,54.39015,54.40907,54.11268,54.25142,2291906
2019-04-11,54.41538,54.90725,54.11268,54.76852,3053708
2019-04-12,55.06491,55.38652,54.98923,55.27931,1436545
2019-04-15,55.39282,55.72074,55.00815,55.38021,1151741
2019-04-16,55.49372,55.61984,55.09644,55.26670,1649671
2019-04-17,55.72705,55.88470,55.24148,55.24778,1606221
2019-04-18,55.51894,55.93515,55.33607,55.80902,2328062
2019-04-22,55.44958,55.81849,55.24148,55.72074,1949857
2019-04-23,55.72705,56.27568,55.60093,56.09911,1633814
2019-04-24,56.28198,56.42702,56.01082,56.16217,1646183
2019-04-25,55.77750,56.13064,55.00815,55.36129,3326301
2019-04-26,51.30647,53.96891,51.02269,53.74693,5174193
2019-04-29,53.96764,54.50555,53.80999,54.13791,3365469
2019-04-30,54.15683,54.56672,53.88567,54.44691,2643629
2019-05-01,54.49736,54.71807,53.77846,53.84152,1583069
2019-05-02,53.82891,54.21989,53.48207,54.12530,1306195
2019-05-03,54.32709,54.64870,54.18836,54.59195,1084822
2019-05-06,53.66495,53.72171,53.19830,53.56405,1556904
2019-05-07,52.88930,53.03434,52.41634,52.64336,2470305
2019-05-08,52.08212,52.36589,51.77312,52.01275,3175653
2019-05-09,51.49565,51.91185,51.24340,51.87402,1583862
2019-05-10,51.55241,52.15779,50.86504,52.10734,1487606
2019-05-13,50.93441,51.06683,50.42992,50.76414,3274922
2019-05-14,50.91549,51.58393,50.74522,50.77045,2176780
2019-05-15,50.57496,51.58393,50.38136,51.30647,1607649
2019-05-16,51.80465,51.85510,51.26233,51.30016,1652526
2019-05-17,50.79567,51.28124,50.41100,50.77675,2117155
2019-05-20,50.29749,50.42361,49.90021,50.03263,2027718
2019-05-21,50.39208,50.60019,50.29118,50.38578,1757662
2019-05-22,50.33533,50.60334,50.12723,50.19029,2735920
2019-05-23,49.67319,49.96327,49.29482,49.50292,2818697
2019-05-24,49.79931,49.98219,49.19392,49.21284,1831241
2019-05-28,49.28221,49.42725,48.42458,48.43089,2555777
2019-05-29,48.02729,48.50656,47.73721,48.30476,4370527
2019-05-30,48.35521,48.77772,48.09666,48.45611,3686586
2019-05-31,47.94531,48.17864,47.85072,48.02099,3160588
2019-06-03,47.08138,47.98946,46.41293,47.77505,4070659
2019-06-04,48.28584,49.09303,48.02729,49.04258,3095572
2019-06-05,49.33266,49.73625,48.92907,49.71102,2634590
2019-06-06,49.77408,50.21551,49.50923,50.05786,1710565
2019-06-07,50.34163,50.41478,49.73625,49.79931,1747672
2019-06-10,49.98849,50.06416,49.61013,49.76778,1785571
2019-06-11,50.24073,50.48037,49.67319,49.91912,2071009
2019-06-12,49.81823,49.88129,49.17500,49.30112,1813639
2019-06-13,49.51553,49.65112,49.30112,49.50923,1601623
2019-06-14,49.40833,49.43356,48.44980,48.76511,2618257
2019-06-17,48.70835,48.86600,48.21017,48.33629,2538175
2019-06-18,48.72096,49.56598,48.72096,49.40202,2808707
2019-06-19,49.43356,49.77093,49.24437,49.71733,2189624
2019-06-20,50.33533,51.00377,50.11650,50.96594,1999015
2019-06-21,50.82720,51.02269,50.43938,50.71369,3125860
2019-06-24,50.72000,51.01638,50.55604,50.86504,1588778
2019-06-25,50.90288,51.22449,50.63171,50.84612,2864050
2019-06-26,50.81459,51.07314,50.28488,50.36055,3371336
2019-06-27,50.54343,50.76414,50.35424,50.69477,2709280
2019-06-28,50.78937,51.66592,50.56235,51.40736,7661465
2019-07-01,52.05059,52.45418,51.66592,52.13257,2325049
2019-07-02,52.24608,52.24608,51.47673,51.68483,1484117
2019-07-03,51.71637,52.07581,51.46412,52.07581,1310635
2019-07-05,51.59024,51.64700,50.38578,51.06683,1677739
2019-07-08,50.94071,51.25602,50.54974,50.73261,1754015
2019-07-09,50.60019,50.75153,50.40469,50.61910,2225780
2019-07-10,50.69477,51.09206,50.02948,50.06416,1734827
2019-07-11,50.06416,50.32902,49.88129,50.25965,2527868
2019-07-12,50.60649,51.28755,50.60649,51.27494,1351072
2019-07-15,51.33169,51.35691,50.68847,50.92179,1219295
2019-07-16,50.89026,51.43890,50.82405,51.33800,1517260
2019-07-17,51.24340,51.36322,50.20290,50.25965,1854076
2019-07-18,50.14614,50.41100,49.65427,49.88129,2947144
2019-07-19,50.07678,50.27857,49.47770,49.50923,4544802
2019-07-22,49.43986,49.93804,49.43986,49.81192,2401165
2019-07-23,50.12723,51.47673,50.12092,51.35061,2887678
2019-07-24,51.15512,52.20824,51.03531,51.86771,2080365
2019-07-25,51.89294,52.03167,51.34430,51.58393,2618732
2019-07-26,46.78499,50.13984,46.78499,49.47139,8283878
2019-07-29,49.30112,49.40202,48.05882,48.44980,4821201
2019-07-30,48.16603,48.44350,47.92640,48.43089,2921296
2019-07-31,48.33629,48.47503,47.49758,47.95793,3336925
2019-08-01,47.85072,47.94847,46.18024,46.50752,3163601
2019-08-02,46.47599,46.53905,45.30936,46.43815,3335340
2019-08-05,44.67875,45.10757,44.22471,44.40128,3959972
2019-08-06,44.60308,45.08865,44.14273,45.03820,3134265
2019-08-07,44.37606,44.89316,43.92202,44.86163,3080190
2019-08-08,45.13279,45.42918,44.85532,45.30305,2321243
2019-08-09,45.18954,45.19585,44.29408,44.45804,2083695
2019-08-12,44.11751,44.29408,43.53104,43.53735,1800795
2019-08-13,43.72653,44.89316,43.44906,44.14904,1827118
2019-08-14,43.43014,43.54365,42.24459,42.45900,3561311
2019-08-15,42.57882,42.65765,42.04911,42.45900,2146174
2019-08-16,42.85629,43.64455,42.74593,43.46798,3814399
2019-08-19,44.08598,44.39182,43.90310,44.19318,1714371
2019-08-20,44.06075,44.40759,43.72653,44.14904,2855646
2019-08-21,44.69136,44.74181,44.19949,44.30038,2095588
2019-08-22,44.54632,44.68506,43.95985,43.98508,1837902
2019-08-23,43.72653,44.17426,42.90043,43.11484,2603826
2019-08-26,43.52473,43.61933,42.79322,43.60041,3176604
2019-08-27,43.97247,44.21210,43.45537,43.53104,1870727
2019-08-28,43.23465,43.94094,43.15268,43.91571,2356447
2019-08-29,44.44542,44.65983,43.99769,44.57785,1712468
2019-08-30,44.92469,45.13279,44.62830,44.71028,2554192
2019-09-03,44.23732,44.41389,43.47429,43.52473,2348042
2019-09-04,43.49320,43.66977,41.31760,42.22568,11710240
2019-09-05,42.71125,43.24096,42.56621,42.94457,6762971
2019-09-06,43.19682,43.54996,43.02024,43.17790,4826117
2019-09-09,43.17790,43.41122,42.74908,42.88782,5295504
2019-09-10,42.94457,43.54996,42.88782,43.26619,3955056
2019-09-11,43.43014,44.51479,43.02655,44.51479,3683256
2019-09-12,44.61569,44.75443,43.76121,44.13012,2526599
2019-09-13,44.13012,44.36975,44.03553,44.15535,2467450
2019-09-16,43.96616,44.25940,43.79590,43.82743,2395139
2019-09-17,43.72022,43.95355,43.32925,43.54996,2148236
2019-09-18,43.30402,43.97247,43.03917,43.94724,2257178
2019-09-19,43.94094,44.28777,43.37970,43.37970,2369450
2019-09-20,43.41753,43.61933,42.83737,42.99502,9485095
2019-09-23,42.75539,43.16529,42.66080,42.84998,3137436
2019-09-24,42.82476,43.02655,41.92929,42.21306,4799001
2019-09-25,42.25090,42.88151,42.14370,42.78061,3593819
2019-09-26,42.77431,43.40492,42.42747,42.86890,3920011
2019-09-27,43.13375,43.50582,42.77431,43.25988,3397660
2019-09-30,43.49320,43.60671,43.03286,43.23465,3535939
2019-10-01,43.48690,43.65716,41.74641,41.79686,5057956
2019-10-02,41.27346,41.58245,40.15097,40.63023,6914253
2019-10-03,40.49780,41.57930,40.05007,41.41850,3906849
2019-10-04,41.43111,41.96082,41.13472,41.93560,2265900
2019-10-07,41.77794,41.91668,41.36174,41.39327,2228000
2019-10-08,40.88878,40.98968,40.42213,40.51041,2318388
2019-10-09,40.99599,40.99599,40.30862,40.90770,2647435
2019-10-10,40.79419,41.45633,40.79419,41.26084,2035647
2019-10-11,41.78425,43.17159,41.78425,42.84998,5101565
2019-10-14,42.62296,42.91935,42.42747,42.85629,2412107
2019-10-15,42.82476,43.90941,42.78061,43.83373,3666923
2019-10-16,43.73284,44.23102,43.56888,43.73284,3364993
2019-10-17,44.00400,44.81749,43.88103,44.71659,2689933
2019-10-18,44.42020,44.99406,44.33822,44.73550,2665037
2019-10-21,45.02559,45.64359,44.86794,45.35350,2809183
2019-10-22,45.15171,45.96204,44.79226,45.56791,2135550
2019-10-23,45.51746,45.68773,45.17378,45.61836,2391334
2019-10-24,45.60575,45.60575,44.43281,45.09496,3351831
2019-10-25,44.99406,44.99406,42.57251,43.10853,6602650
2019-10-28,43.12114,44.40128,43.12114,43.28510,4959639
2019-10-29,43.14006,43.48059,42.62927,43.19051,7069340
2019-10-30,43.07700,44.00400,42.90043,43.77698,2773820
2019-10-31,43.64455,43.77698,43.09592,43.51212,2149980
2019-11-01,43.90941,45.28414,43.78328,45.27783,3375142
2019-11-04,45.59314,46.65256,45.27783,46.49491,3873390
2019-11-05,46.60842,46.88589,46.02195,46.35617,2492664
2019-11-06,46.27420,46.28050,45.82331,46.15438,2020423
2019-11-07,46.38140,46.46338,45.50485,45.58683,2167106
2019-11-08,45.54899,45.99042,45.35035,45.95889,1364868
2019-11-11,45.54269,45.92105,45.35981,45.45440,1913067
2019-11-12,45.41656,45.81385,45.25261,45.46701,2499007
2019-11-13,45.07603,45.31567,44.74181,44.76073,1992672
2019-11-14,44.99406,45.23999,44.74812,44.85532,2271291
2019-11-15,45.06342,45.87376,44.98145,45.17063,3004549
2019-11-18,45.04451,45.14540,44.74181,44.86794,1941452
2019-11-19,44.99406,45.15171,44.60308,44.83640,2536590
2019-11-20,44.65983,44.84271,44.19949,44.20579,4170245
2019-11-21,44.31930,44.98775,43.98508,44.72920,2862782
2019-11-22,44.94991,45.05081,44.36975,44.58416,2091307
2019-11-25,44.60308,45.22108,44.47065,45.07603,2904011
2019-11-26,45.18324,45.53008,45.13279,45.49855,1761943
2019-11-27,45.46701,45.68457,45.24630,45.63097,1535655
2019-11-29,45.63097,45.63097,45.36612,45.51116,1208353
2019-12-02,45.80754,46.02195,45.24630,45.26522,3134265
2019-12-03,44.83010,44.94991,44.33192,44.84271,3003597
2019-12-04,45.01297,45.80754,45.01297,45.03189,3184850
2019-12-05,45.05712,45.83907,44.98145,45.59314,3167883
2019-12-06,46.00934,46.38140,45.93997,45.95258,2713561
2019-12-09,47.34623,48.00837,46.53905,46.75346,4660088
2019-12-10,46.75977,46.89850,46.51383,46.56428,2816477
2019-12-11,47.11291,47.77505,46.84174,47.27687,4021341
2019-12-12,47.27687,48.11558,46.98048,48.03360,3523570
2019-12-13,47.96423,48.41701,47.40929,47.41560,2437321
2019-12-16,47.81919,48.36782,47.52280,48.02729,2895607
2019-12-17,47.97684,48.43719,47.71199,48.39305,2731797
2019-12-18,48.32999,48.45611,48.00207,48.32999,3099695
2019-12-19,48.38674,48.54439,48.19756,48.33629,2515816
2019-12-20,48.73988,48.73988,47.75613,47.76244,5684809
2019-12-23,47.88225,48.47503,47.53542,48.46241,2384673
2019-12-24,48.60115,48.74619,48.05252,48.17233,428315
2019-12-26,48.32999,48.47187,47.87595,48.10927,1317136
2019-12-27,48.23539,48.34890,48.03991,48.29215,1238958
2019-12-30,48.32368,48.46872,47.93901,48.10297,1025831
2019-12-31,48.05252,48.26693,47.91378,48.17233,1372480
2020-01-02,48.55701,48.91015,48.25431,48.90384,2573062
2020-01-03,48.05252,48.77772,47.94531,48.70205,1813322
2020-01-06,48.12188,48.55133,47.90748,48.44980,3149488
2020-01-07,48.44350,48.62007,48.03991,48.60745,2659645
2020-01-08,48.59484,48.74619,48.17864,48.56331,3626962
2020-01-09,48.83447,49.60382,48.83447,49.17500,4416514
2020-01-10,49.25698,49.58490,48.96690,49.18761,3349136
2020-01-13,49.18761,49.74255,49.07410,49.69210,3727499
2020-01-14,49.69210,50.06732,49.32005,49.40202,3040070
2020-01-15,49.55337,49.81192,48.94798,49.18761,1891342
2020-01-16,49.48400,49.78039,48.87231,49.35157,1698830
2020-01-17,49.28851,49.93174,49.28851,49.67949,2301262
2020-01-21,49.42725,49.47139,48.85970,49.30112,2347408
2020-01-22,49.59751,49.75832,48.94168,48.97321,2225145
2020-01-23,48.78402,49.09933,48.44350,48.92907,1485703
2020-01-24,49.05519,49.14978,48.08405,48.50025,1829180
2020-01-27,47.60478,47.82235,47.03724,47.05615,2216424
2020-01-28,47.11291,47.68676,46.94264,47.31470,2892753
2020-01-29,47.66154,47.90748,47.40299,47.49128,2214521
2020-01-30,47.25795,48.10297,47.11291,48.05252,2550069
2020-01-31,47.80027,47.88856,47.01831,47.25164,3178666
2020-02-03,47.59848,47.99576,47.02840,47.15705,2566719
2020-02-04,47.71829,48.37098,47.71199,48.23539,3322336
2020-02-05,48.90384,48.98582,48.51601,48.91015,1847733
2020-02-06,49.03627,49.20654,48.48133,49.08041,3138546
2020-02-07,48.65790,50.83351,48.62007,49.83084,5830699
2020-02-10,49.54707,50.05155,49.29482,50.03263,2402275
2020-02-11,50.11461,50.39208,49.88129,50.07047,2917332
2020-02-12,50.44884,50.51190,49.58175,49.81823,2769539
2020-02-13,49.47770,49.61643,48.58854,48.70835,3319799
2020-02-14,48.79033,49.10564,48.69574,49.06780,1853284
2020-02-18,48.91015,49.18131,48.43089,48.96690,1760199
2020-02-19,49.16870,49.17500,48.38674,48.46872,2103517
2020-02-20,48.40566,48.77141,48.08405,48.42458,2247663
2020-02-21,48.09666,48.24800,47.71829,47.80658,1789377
2020-02-24,46.51383,46.52644,45.54269,45.75079,2867539
2020-02-25,45.95889,46.04087,44.11751,44.31930,4151850
2020-02-26,44.74812,45.34720,44.32561,44.61569,5026558
2020-02-27,43.85896,45.64989,43.61365,44.32561,6438047
2020-02-28,43.06439,43.71707,42.54098,43.61302,6098376
2020-03-02,43.66977,44.60938,42.88151,44.55263,4040846
2020-03-03,44.33822,45.81385,43.51843,43.75175,3538317
2020-03-04,44.19949,45.49855,43.70131,45.44810,8547432
2020-03-05,44.32561,44.46750,42.62296,42.98241,3992798
2020-03-06,41.70858,42.52837,41.45633,42.13108,4324857
2020-03-09,39.79152,40.14466,37.22494,39.16722,5234610
2020-03-10,40.03115,40.35907,37.40151,39.38793,9280214
2020-03-11,38.15824,38.63120,37.13665,37.47718,5600763
2020-03-12,35.09347,36.48712,33.04714,35.14392,8242965
2020-03-13,36.61324,37.67897,34.63943,37.66636,5296772
2020-03-16,33.63676,35.35202,32.03501,32.69085,4827227
2020-03-17,33.33407,33.76919,31.16477,33.20795,5724929
2020-03-18,30.99450,30.99450,23.52808,28.41531,9436888
2020-03-19,28.16937,29.70806,26.80095,29.03961,7178917
2020-03-20,29.79634,30.01075,27.68380,28.74323,6487840
2020-03-23,27.96127,28.40269,25.62675,26.49195,5830858
2020-03-24,27.97388,31.66295,27.61948,31.48007,5305177
2020-03-25,31.80799,32.76022,30.53416,31.46116,6162600
2020-03-26,31.99087,33.06921,31.06387,32.58364,6337034
2020-03-27,31.08910,32.12330,30.08012,31.30981,6256319
2020-03-30,30.89991,33.16380,30.88099,32.85480,5873198
2020-03-31,32.52058,35.21329,32.52058,34.80339,5024179
2020-04-01,33.69982,35.05564,33.13858,34.66466,6056195
2020-04-02,34.48809,35.61688,34.26737,35.31419,3739075
2020-04-03,35.44661,36.77090,33.68090,34.22953,3685318
2020-04-06,35.18176,36.56279,34.61736,36.10245,4255242
2020-04-07,37.67897,38.47985,36.78351,36.85918,3743515
2020-04-08,36.89702,38.77624,36.58802,38.24022,3679926
2020-04-09,38.68795,39.69693,38.10779,38.49246,2251152
2020-04-13,38.41679,38.48616,36.95377,37.47087,2578612
2020-04-14,38.20238,38.94713,38.09518,38.47355,3313615
2020-04-15,37.47718,37.72942,36.19073,36.25380,4279663
2020-04-16,35.86282,35.94480,35.00519,35.80606,3401149
2020-04-17,36.77090,38.12671,36.72675,38.06365,2891167
2020-04-20,37.51501,37.65060,36.56910,37.01683,3188815
2020-04-21,35.78084,36.65108,35.14644,35.21329,3437463
2020-04-22,36.05200,36.73306,35.42139,36.41145,1944782
2020-04-23,36.72675,37.48979,36.48712,36.95377,2946193
2020-04-24,37.20602,38.33481,36.93486,38.05104,2609852
2020-04-27,38.37265,40.51672,38.15193,40.34646,2725454
2020-04-28,41.09058,41.59507,40.35907,40.80680,3095096
2020-04-29,41.87254,42.23198,41.15995,41.33652,3128397
2020-04-30,40.56717,40.67437,39.72215,40.35907,2727516
2020-05-01,40.20142,40.35907,37.84293,38.30959,4629324
2020-05-04,37.56546,38.47355,37.43304,38.46724,4275698
2020-05-05,37.91230,38.06365,36.69522,36.78351,7203179
2020-05-06,36.81504,37.09251,36.23488,36.43037,3134582
2020-05-07,36.99792,37.16818,36.40199,36.53127,3916681
2020-05-08,36.92224,37.53394,36.65108,37.37628,4891451
2020-05-11,36.94747,37.65375,36.46190,37.09251,3467117
2020-05-12,37.25647,37.57177,35.40878,35.41508,3348184
2020-05-13,35.31419,35.70517,33.91423,34.34304,3289987
2020-05-14,33.84486,35.20068,33.08183,35.16284,3402735
2020-05-15,34.79708,35.47184,34.63943,34.84123,3026115
2020-05-18,35.83129,37.66006,35.83129,37.32583,4697512
2020-05-19,37.25647,38.37895,37.02314,37.27538,3972658
2020-05-20,37.21232,37.66006,37.14926,37.26908,4600621
2020-05-21,37.20602,37.24385,36.52496,36.75198,3057672
2020-05-22,36.85918,37.01683,36.19073,36.90963,2467609
2020-05-26,38.06365,39.01587,38.00374,38.70057,2488700
2020-05-27,39.67170,40.40952,39.49198,40.14466,2749717
2020-05-28,40.40952,40.44735,38.73209,38.80777,2922723
2020-05-29,38.61858,38.69426,38.09833,38.45462,3811862
2020-06-01,38.45462,39.41315,38.06365,39.20505,3649638
2020-06-02,39.57711,40.42213,39.24289,40.37799,3481547
2020-06-03,40.98968,42.38963,40.85094,42.30135,4500718
2020-06-04,41.84731,42.66710,41.79055,42.54098,3184692
2020-06-05,44.30669,46.12915,44.21210,44.52740,6160063
2020-06-08,45.17063,45.48593,43.75806,44.38236,5867172
2020-06-09,43.65716,44.14904,43.05178,43.87788,4847842
2020-06-10,43.72653,43.87472,42.11847,42.16262,2575282
2020-06-11,40.42213,40.64285,39.49387,39.63387,4314549
2020-06-12,41.10319,41.10319,39.04110,40.13836,3282534
2020-06-15,39.00326,40.77527,38.58706,40.60501,3159002
2020-06-16,42.13739,43.11484,40.93293,42.76170,5435685
2020-06-17,43.24726,43.32925,42.65449,42.81845,4926179
2020-06-18,42.33288,43.41753,42.33288,42.99502,4034186
2020-06-19,44.03553,44.07336,42.74908,42.78692,7472600
2020-06-22,42.39594,43.43014,42.12478,43.13375,3676438
2020-06-23,43.66347,43.85896,43.03286,43.06439,3023420
2020-06-24,42.38333,42.77746,41.23562,41.62660,3979319
2020-06-25,41.72749,42.79953,41.18201,42.66710,2960148
2020-06-26,42.50945,42.50945,41.48156,41.85361,4905088
2020-06-29,42.15631,43.07700,42.04280,42.83106,2739885
2020-06-30,42.36441,42.96980,42.13739,42.66710,4745085
2020-07-01,42.72386,43.07700,42.48423,42.54098,4248740
2020-07-02,43.17790,43.78328,42.82791,42.97610,2265741
2020-07-06,43.73284,43.88418,43.33240,43.60671,1939866
2020-07-07,43.34186,43.47429,42.88782,42.91935,1563089
2020-07-08,42.81215,43.09592,42.33919,43.05808,1952552
2020-07-09,42.86890,43.27249,42.17523,42.42747,1888170
2020-07-10,42.49684,42.64188,42.20676,42.41486,2735762
2020-07-13,42.67341,43.29771,42.52837,42.64819,2044210
2020-07-14,42.73647,43.72022,42.26982,43.61302,3066870
2020-07-15,44.28147,45.14540,44.09229,44.89316,2844545
2020-07-16,44.78595,45.49855,44.28777,45.22108,3238291
2020-07-17,45.44810,45.72557,45.18954,45.46071,1937646
2020-07-20,45.36612,45.40395,44.46434,44.61569,1814591
2020-07-21,44.74181,45.27153,44.74181,44.89946,2101614
2020-07-22,44.79226,45.23999,44.69136,45.10757,3130142
2020-07-23,45.30305,46.04718,45.29359,45.73818,2106847
2020-07-24,45.80124,45.80124,44.68506,44.77334,2934141
2020-07-27,44.91208,45.49224,44.78911,45.34089,3370226
2020-07-28,45.17063,45.25261,44.74812,44.79226,3352783
2020-07-29,46.24897,46.64626,45.87691,46.41293,5995777
2020-07-30,45.71926,45.87691,45.16432,45.50485,4405731
2020-07-31,45.31567,45.31567,43.99139,44.26255,4610929
2020-08-03,44.46434,44.54002,43.71392,43.86526,5946936
2020-08-04,43.78959,44.13643,43.57518,43.80851,4929509
2020-08-05,44.15535,44.61569,43.73284,44.15535,6313406
2020-08-06,44.01661,44.77965,43.98823,44.58416,5068581
2020-08-07,44.57155,45.59629,44.36975,45.54899,3580182
2020-08-10,45.62467,45.73818,45.21792,45.31567,6980696
2020-08-11,45.92736,46.46968,45.78863,46.32465,13009140
2020-08-12,46.66517,47.29578,45.99042,47.25795,4660722
2020-08-13,46.76607,46.90355,46.16699,46.52013,2617781
2020-08-14,46.34987,46.93634,46.25843,46.40032,1530580
2020-08-17,46.38140,46.63995,46.00934,46.33726,2910037
2020-08-18,46.17330,46.29942,45.35981,45.45440,2815367
2020-08-19,45.59314,45.61836,44.92469,45.03189,3274763
2020-08-20,44.55263,45.39134,44.50218,45.33459,2307447
2020-08-21,45.44810,45.61836,44.72920,45.22738,2503447
2020-08-24,45.51116,45.71295,45.06973,45.40395,2589713
2020-08-25,45.49224,45.59944,44.37606,44.48957,6897443
2020-08-26,44.55263,44.96694,44.09859,44.77334,5237940
2020-08-27,44.98775,45.24630,44.65038,44.67244,5391442
2020-08-28,44.74812,46.00934,44.36345,45.92736,4699573
2020-08-31,45.75079,45.99042,45.28098,45.47332,2602399
2020-09-01,45.21477,46.78562,45.18954,46.40662,4477249
2020-09-02,46.50122,47.09399,46.13546,46.87328,3386401
2020-09-03,47.03093,47.18858,45.88322,46.22375,3786807
2020-09-04,46.85436,47.32732,46.52644,46.79760,5455824
2020-09-08,46.65256,47.08768,46.02826,46.44446,6526692
2020-09-09,46.89219,48.05252,46.44446,47.71199,7322111
2020-09-10,48.05252,48.75249,47.92009,48.21017,7825433
2020-09-11,48.38674,49.11194,48.10297,48.79033,5302798
2020-09-14,49.18761,49.61643,48.82186,48.95429,4622029
2020-09-15,49.09303,49.54076,48.52547,48.68313,3633463
2020-09-16,48.85339,49.24752,48.24800,48.49395,8043952
2020-09-17,47.94531,49.25068,47.70568,48.84078,7615478
2020-09-18,48.65160,49.17500,47.56064,47.79397,17022553
2020-09-21,46.86066,47.24533,44.91208,45.63728,6220956
2020-09-22,45.58052,46.02826,45.25891,45.89583,5249834
2020-09-23,45.76971,46.40662,45.18324,45.21477,3264773
2020-09-24,45.07603,46.24266,44.75443,45.87061,4513087
2020-09-25,45.49855,46.81021,45.30936,46.77238,3828512
2020-09-28,47.79397,48.28584,47.33047,47.75613,3048475
2020-09-29,47.78136,48.51917,47.47235,48.05882,5058273
2020-09-30,48.36782,48.77141,47.66469,48.05882,4127588
2020-10-01,48.45611,48.57592,47.16336,47.51019,3485194
2020-10-02,47.00570,49.54707,46.96787,48.80925,3129349
2020-10-05,49.64165,49.90966,49.08041,49.85606,5048917
2020-10-06,50.38578,50.85558,49.44617,49.59751,3991529
2020-10-07,49.97588,51.38214,49.97588,51.10467,5320717
2020-10-08,51.37584,51.78573,50.94387,51.57763,4899221
2020-10-09,52.75056,53.51921,52.22306,52.61492,18120981
2020-10-12,52.56217,52.74303,50.91183,51.01733,5608167
2020-10-13,50.32404,51.08516,49.86436,50.05275,3798139
2020-10-14,49.90957,50.58026,49.75132,50.48983,3066962
2020-10-15,50.03768,50.97965,49.78900,50.80633,1877572
2020-10-16,51.01733,51.12283,50.50490,50.59533,2602512
2020-10-19,50.56519,50.67445,49.38206,49.56292,2167787
2020-10-20,49.96232,50.22984,49.39714,49.65335,2844557
2020-10-21,49.85682,50.17332,49.44235,49.60060,2728843
2020-10-22,49.94725,50.34665,49.72118,50.12811,2992518
2020-10-23,50.45968,50.74604,49.99246,50.11304,3681098
2020-10-26,49.57800,49.60060,48.07084,48.62095,2254838
2020-10-27,48.50791,48.53806,47.64883,47.96534,2479367
2020-10-28,47.50565,47.60136,46.03617,46.57875,4543913
2020-10-29,46.33007,47.34740,45.83271,46.92540,2489983
2020-10-30,46.88772,47.05350,45.88169,46.42050,3559279
2020-11-02,47.12886,47.91259,47.01582,47.71666,3813002
2020-11-03,48.31198,49.43481,47.75433,48.97513,2129039
2020-11-04,48.59834,49.09570,47.50565,48.69631,2414742
2020-11-05,49.75132,51.67295,49.49510,51.20573,4233263
2020-11-06,51.23587,51.85381,50.81010,51.52223,2425756
2020-11-09,54.35569,55.95705,52.95026,52.99924,2543063
2020-11-10,53.22532,53.43632,52.53203,52.59985,3323472
2020-11-11,53.13489,53.27053,51.97815,52.75056,2364979
2020-11-12,52.18538,52.79578,51.98568,52.38131,1858331
2020-11-13,52.86360,53.70761,52.81839,53.46646,2243692
2020-11-16,54.26526,54.45366,53.37604,54.37830,3275965
2020-11-17,53.80558,54.25019,52.88621,53.99397,1745536
2020-11-18,54.06933,54.37830,53.48907,53.49661,1526581
2020-11-19,53.46646,53.79050,52.61492,53.75283,1530695
2020-11-20,53.92615,54.08440,53.47400,53.74529,2056585
2020-11-23,54.24265,54.46119,53.85079,54.01658,1564400
2020-11-24,54.58176,55.08666,54.14846,55.01130,2907324
2020-11-25,54.92088,54.92088,53.93369,54.15976,2091883
2020-11-27,54.25019,54.34062,53.69254,53.82818,892806
2020-11-30,52.42653,53.16504,52.16654,52.84853,3007646
2020-12-01,53.33082,54.02788,53.08214,53.16504,3070413
2020-12-02,52.93896,53.08968,52.08741,52.48681,2228829
2020-12-03,52.38131,53.07460,51.74830,51.86888,4208315
2020-12-04,52.75810,54.03165,52.58478,53.71515,5034505
2020-12-07,53.89601,53.92992,52.23059,52.29088,2777146
2020-12-08,51.93670,52.15524,51.51469,51.54484,4569923
2020-12-09,51.78598,52.58478,51.55238,52.47928,4463895
2020-12-10,51.95177,52.86360,51.71816,51.94424,1912738
2020-12-11,51.52977,52.04974,51.46948,51.65788,1873857
2020-12-14,52.18538,52.43406,51.41673,51.43934,2338572
2020-12-15,51.88395,52.60738,51.22080,52.29842,2222592
2020-12-16,52.43406,52.55463,51.75584,51.93670,1938349
2020-12-17,52.26074,52.55463,51.82366,52.24567,1973647
2020-12-18,52.38885,52.82592,52.13263,52.62246,3822556
2020-12-21,51.65788,52.76564,51.64280,52.60738,2273018
2020-12-22,52.29088,52.69028,51.43934,51.59005,3366466
2020-12-23,52.04220,52.48681,51.38659,52.26074,2898832
2020-12-24,52.60738,52.62246,51.92163,52.47928,546857
2020-12-28,52.84853,53.21778,51.79352,51.97438,1356592
2020-12-29,52.27581,52.41899,51.20573,51.52223,1112822
2020-12-30,51.71816,52.58478,51.71816,52.42653,1310280
2020-12-31,52.29088,53.45139,52.02713,53.36850,1863904
2021-01-04,53.50415,53.63979,51.74077,51.85381,2963191
2021-01-05,51.89902,52.40769,51.31123,51.62020,3439319
2021-01-06,52.20799,53.79050,52.00452,53.55690,4883891
2021-01-07,53.91108,54.89073,53.44386,54.67219,2814169
2021-01-08,54.86812,55.32027,54.29540,54.69480,2295843
2021-01-11,54.10701,54.47626,53.43632,53.57197,1660210
2021-01-12,53.66993,53.91861,53.05200,53.57197,1919373
2021-01-13,53.66240,54.01658,52.69781,52.90128,1671489
2021-01-14,53.21025,53.57950,52.53956,53.14996,2692350
2021-01-15,52.86360,53.16127,52.24567,52.91635,1702674
2021-01-19,53.38357,53.59457,52.75810,53.03693,3479129
2021-01-20,53.00678,53.42879,52.75056,52.90128,2968897
2021-01-21,52.90128,53.29314,52.59985,52.79578,1973913
2021-01-22,52.69781,52.78824,51.76337,52.23813,2148678
2021-01-25,51.84627,51.99699,51.05501,51.13791,2209853
2021-01-26,51.24340,51.54484,50.45215,50.48983,2896576
2021-01-27,49.84175,50.02261,48.66616,49.84175,4638130
2021-01-28,50.55011,51.10776,49.88696,50.33157,2144432
2021-01-29,50.09797,50.56519,49.32178,49.79654,2276469
2021-02-01,50.09797,50.42200,49.81160,50.21100,2034291
2021-02-02,50.51997,50.76865,49.79654,50.16579,3040024
2021-02-03,50.10550,50.36172,49.64582,49.92464,2953106
2021-02-04,49.87189,50.24115,49.73625,49.79654,4427668
2021-02-05,51.02487,52.77317,51.02487,51.92163,8187192
2021-02-08,52.02713,52.24567,50.48229,51.00226,5966988
2021-02-09,51.05501,51.69555,50.73851,51.42427,2630512
2021-02-10,51.99699,53.33082,51.60513,52.93142,3569630
2021-02-11,53.21025,53.82818,52.44160,53.14996,3155341
2021-02-12,52.97664,53.98643,52.80331,53.89601,1992756
2021-02-16,53.70007,54.17483,52.49435,52.59985,2887021
2021-02-17,51.79352,52.11002,50.36926,50.94197,4438550
2021-02-18,50.64054,51.00980,49.79277,50.25622,4235121
2021-02-19,50.51997,51.13791,50.48983,50.63301,2309776
2021-02-22,50.14318,51.19819,49.95478,50.55765,2891533
2021-02-23,50.66315,50.91183,49.73625,50.82140,3799599
2021-02-24,50.86662,51.55991,50.63301,50.97212,3210677
2021-02-25,50.77619,51.03994,49.63074,49.96986,2707478
2021-02-26,50.13564,50.20346,49.43481,49.60060,2986015
2021-03-01,50.29390,51.76714,50.20346,51.22834,2098651
2021-03-02,51.15298,51.39412,50.69103,51.31123,1898539
2021-03-03,51.20573,51.57498,51.00980,51.03994,2160621
2021-03-04,51.03241,51.29616,49.48757,50.07536,1912605
2021-03-05,50.53504,50.68576,48.98267,50.58026,3123227
2021-03-08,50.95705,52.75056,50.47475,51.87641,2888083
2021-03-09,52.17031,52.81085,51.71816,52.14770,6048068
2021-03-10,52.26074,52.77317,51.99699,52.34363,2791875
2021-03-11,52.38885,52.71289,51.13037,51.37905,4595799
2021-03-12,51.25848,51.39412,50.44461,50.93444,4686168
2021-03-15,50.85154,51.84627,49.86436,51.80106,3785798
2021-03-16,51.82366,51.95177,50.36172,50.40693,2869107
2021-03-17,50.43708,51.28109,50.04522,50.85154,2400941
2021-03-18,50.88923,51.71816,50.85154,51.34891,2356089
2021-03-19,51.09269,51.38659,50.82140,51.00226,4162136
2021-03-22,50.90430,51.46948,50.09043,51.40166,2614057
2021-03-23,51.13037,51.95177,50.73851,51.01733,2310307
2021-03-24,51.40919,52.62999,51.29993,52.19292,2045836
2021-03-25,52.40392,53.08968,51.62095,52.92389,2436637
2021-03-26,53.16504,53.79804,52.83346,53.70007,2884235
2021-03-29,53.51168,53.73022,52.77317,53.06707,2004434
2021-03-30,53.05953,54.30294,53.05953,53.81311,3157995
2021-03-31,53.65486,54.06933,53.21025,53.23286,3940128
2021-04-01,53.82818,53.82818,52.31349,53.42879,2573053
2021-04-05,53.92615,54.61191,53.70007,54.21251,2754852
2021-04-06,54.11454,54.49133,53.41372,53.65486,2904272
2021-04-07,53.61718,54.25019,53.45139,53.80558,2405188
2021-04-08,53.70761,53.84325,52.92389,52.93896,3975294
2021-04-09,53.07460,53.56443,52.71289,53.47400,3976621
2021-04-12,53.66993,55.50113,53.46646,55.43331,2723933
2021-04-13,55.20723,55.35041,54.70234,54.98870,2601318
2021-04-14,54.93595,55.16956,54.30294,54.53655,1767299
2021-04-15,54.58930,54.83798,54.16729,54.41598,2420846
2021-04-16,54.93595,55.20723,54.21628,54.54408,3070943
2021-04-19,54.35569,54.59307,54.03165,54.52148,1846255
2021-04-20,54.67219,54.98116,54.15222,54.67973,2074897
2021-04-21,54.71741,55.90806,54.67219,55.69706,3149767
2021-04-22,55.56142,56.07611,55.07159,55.40316,4046687
2021-04-23,55.63678,55.84778,55.45592,55.73474,2884633
2021-04-26,55.84024,55.99096,55.41824,55.52374,2131427
2021-04-27,55.46345,56.08139,55.15825,55.91560,2786302
2021-04-28,55.92313,56.39035,55.70460,55.93821,2070916
2021-04-29,56.28485,56.51846,55.70460,56.41296,1802995
2021-04-30,54.62321,55.54634,53.28561,53.36850,6373714
2021-05-03,53.76790,54.54408,53.39111,53.69254,2539347
2021-05-04,53.60965,54.23512,53.45139,54.13715,1948434
2021-05-05,54.18990,54.34062,53.60211,54.02412,1734389
2021-05-06,54.34062,54.67973,54.01658,54.59684,1477880
2021-05-07,54.65712,55.27506,54.35569,54.87566,1855677
2021-05-10,55.21477,55.70837,53.95629,53.97890,4648879
2021-05-11,53.83572,53.92238,52.72796,52.86360,7630781
2021-05-12,52.75056,53.13489,51.46194,51.52977,3171132
2021-05-13,51.65788,52.66767,51.40919,52.35117,1993419
2021-05-14,52.62246,53.35720,52.53203,53.21025,2233208
2021-05-17,52.98418,53.41372,52.66767,53.18764,2416998
2021-05-18,53.21778,53.51921,52.15524,52.17785,2458400
2021-05-19,51.34891,52.13263,50.82894,52.08741,4225035
2021-05-20,52.82592,53.52675,52.78071,53.12735,2820140
2021-05-21,53.51168,54.07687,53.42125,53.93369,3538976
2021-05-24,54.25772,54.61191,53.75283,54.22758,2473528
2021-05-25,54.16729,54.50640,53.92992,53.97890,2273018
2021-05-26,54.03918,54.38583,53.83572,54.22004,2203351
2021-05-27,54.58176,54.82668,54.23888,54.46119,7870437
2021-05-28,54.44612,54.87566,54.35569,54.64959,2189948
2021-06-01,55.06405,55.37302,54.01281,54.40091,3568170
2021-06-02,54.37830,55.43256,54.23512,55.34288,3577327
2021-06-03,55.03391,55.68199,54.65712,55.42577,2905334
2021-06-04,55.59156,55.74981,55.08666,55.35795,2061893
2021-06-07,55.41824,55.53881,54.33308,54.81537,3358239
2021-06-08,54.79277,54.80784,54.12962,54.28033,2919002
2021-06-09,54.18990,54.21251,53.51921,53.55690,3037768
2021-06-10,53.67747,53.85079,52.90882,53.10475,3890366
2021-06-11,53.45139,53.87340,52.99548,53.83572,3836755
2021-06-14,53.83572,53.83572,52.97664,53.58704,3977948
2021-06-15,53.59457,54.03165,53.34589,53.89601,4561695
2021-06-16,53.87340,53.87340,52.84100,52.88621,5158845
2021-06-17,52.78071,52.99171,51.83120,52.37378,6139631
2021-06-18,51.66541,52.39262,51.60513,51.95931,8395266
2021-06-21,52.03466,52.57724,51.93670,52.38885,4524937
2021-06-22,52.35870,52.59231,51.86737,52.44160,4320049
2021-06-23,52.47174,52.66014,51.99699,52.04974,3550256
2021-06-24,52.18538,52.41899,51.85381,52.35870,3827333
2021-06-25,52.67521,53.03693,52.35870,52.69781,6614299
2021-06-28,52.87114,53.19894,51.96307,52.90882,5627409
2021-06-29,52.99171,53.21025,52.47174,52.87867,3625364
2021-06-30,52.70535,53.11982,52.41145,52.55463,5461401
2021-07-01,52.66767,53.36473,52.66767,53.19518,4091937
2021-07-02,53.33836,53.44386,53.08214,53.29314,3285121
2021-07-06,53.27807,53.27807,52.04974,52.55463,5344758
2021-07-07,52.44160,53.48907,52.29842,53.27807,6301127
2021-07-08,52.61115,52.89375,52.18538,52.42653,4204334
2021-07-09,53.05953,53.59457,52.82215,53.26300,2210251
2021-07-12,53.48154,53.54936,52.80331,53.08968,3174715
2021-07-13,53.55690,53.93369,53.04446,53.18764,4800024
2021-07-14,53.49661,53.51168,52.66014,53.33082,2070120
2021-07-15,53.06707,53.39864,52.90882,53.05200,3019589
2021-07-16,53.21778,53.39111,52.62999,52.68274,2325700
2021-07-19,51.83120,52.10249,50.84401,51.52223,4369148
2021-07-20,51.76337,52.77317,51.65788,52.59985,2842965
2021-07-21,52.66014,53.00678,52.39638,52.41899,3059000
2021-07-22,52.56217,52.56217,51.80106,52.11756,3558218
2021-07-23,52.44160,52.50565,51.94047,52.23059,3481252
2021-07-26,52.27581,52.41522,51.56744,51.97438,2948727
2021-07-27,51.62773,52.01206,51.20573,51.82366,6323819
2021-07-28,51.95931,52.18538,51.53730,51.87641,4031426
2021-07-29,52.07988,52.40392,51.64280,52.02713,5542348
2021-07-30,54.19744,54.85305,53.05200,54.75509,7304472
2021-08-02,55.23738,56.43557,54.98870,55.38809,7286026
2021-08-03,55.51620,56.35268,55.33534,56.19442,3345898
2021-08-04,55.87792,56.13791,55.40316,55.46345,2605432
2021-08-05,55.75735,55.90053,55.20346,55.39563,2689166
2021-08-06,55.53881,56.22457,55.29013,56.13414,2405851
2021-08-09,55.96082,56.12660,55.65185,55.87792,1625575
2021-08-10,55.90053,56.38282,55.70837,56.14921,2107541
2021-08-11,56.24717,56.67672,55.90806,56.50339,2826908
2021-08-12,56.51846,57.14017,56.38282,56.97815,2693545
2021-08-13,57.24190,57.43783,56.72193,57.24190,1792114
2021-08-16,57.15147,57.15147,56.72193,57.01582,2016377
2021-08-17,56.85004,56.85004,55.87792,56.33760,2260810
2021-08-18,55.99849,56.40543,55.63678,55.70460,2467424
2021-08-19,55.28259,55.56142,54.88319,55.35795,3763107
2021-08-20,55.36549,55.71590,55.12434,55.33534,2577830
2021-08-23,55.62924,55.76488,55.04145,55.09420,1788663
2021-08-24,55.23738,55.79502,55.19970,55.53881,1610182
2021-08-25,55.61417,56.08139,55.22231,56.03617,1549405
2021-08-26,55.82517,55.89299,55.29013,55.35795,2801695
2021-08-27,55.64431,56.19442,55.56895,55.81763,2307520
2021-08-30,55.96082,56.30746,55.74981,55.85531,1615755
2021-08-31,55.81763,55.93067,55.44085,55.66692,2413150
2021-09-01,55.77996,55.96082,55.22984,55.69706,1928529
2021-09-02,56.03617,56.48832,55.93821,56.48079,1905705
2021-09-03,56.40543,57.02336,56.26978,56.89525,2892727
2021-09-07,56.91032,57.15147,55.55765,55.59156,2932272
2021-09-08,55.41070,56.02864,55.19970,55.88546,2302876
2021-09-09,55.99849,57.35493,55.87415,57.10625,6139100
2021-09-10,57.40015,57.65637,56.66918,56.75207,3751827
2021-09-13,57.17408,57.45290,55.95328,56.42050,3034584
2021-09-14,56.80482,56.80482,55.83271,56.50339,4023729
2021-09-15,56.46571,56.84853,56.05501,56.29239,4188277
2021-09-16,56.17182,56.55614,55.83271,55.92313,3811675
2021-09-17,55.44085,56.27732,54.64205,54.81537,9208982
2021-09-20,53.79804,54.31801,53.34589,54.05426,3058602
2021-09-21,54.13715,54.72118,53.68501,54.43105,4838906
2021-09-22,55.01130,55.50113,54.78523,55.16202,2983229
2021-09-23,55.30520,55.90731,55.23738,55.47099,2200299
2021-09-24,55.44838,55.82517,55.18463,55.20723,1656494
2021-09-27,55.07912,55.82140,55.05652,55.22984,2166726
2021-09-28,54.97363,55.19970,54.46119,54.63451,3201786
2021-09-29,54.73248,54.93595,54.46873,54.50640,1996206
2021-09-30,54.60437,54.82291,53.17257,53.18011,2443140
2021-10-01,53.45893,53.84325,52.77317,53.51921,2044774
2021-10-04,53.64732,53.94876,52.99924,53.57197,2672313
2021-10-05,53.66240,54.24265,53.27053,53.45893,3194089
2021-10-06,52.83346,53.27053,52.24190,53.06707,4134269
2021-10-07,53.54182,54.15222,53.41899,53.82818,1702806
2021-10-08,53.56443,53.72268,53.07460,53.32328,1629821
2021-10-11,53.57197,53.93369,53.08968,53.10475,2049817
2021-10-12,53.11228,53.42125,52.43406,52.71289,2691156
2021-10-13,52.71289,53.65486,52.56217,53.55690,2666739
2021-10-14,54.05426,54.53278,53.82818,54.49133,2574115
2021-10-15,54.92088,55.17709,54.35569,54.75509,6569977
2021-10-18,54.31801,54.84552,53.98643,54.72494,1927998
2021-10-19,55.09420,55.74228,54.95102,55.65185,2835534
2021-10-20,55.82517,56.49209,55.58402,56.08139,1798749
2021-10-21,55.75735,56.42803,55.52751,56.40543,1480932
2021-10-22,56.50339,56.50339,55.98342,56.06631,1274849
2021-10-25,56.06631,56.60136,55.68953,56.05124,1689006
2021-10-26,56.17182,56.49585,55.83271,56.12660,1416440
2021-10-27,56.23210,56.52600,55.79578,55.81763,2721412
2021-10-28,56.00603,56.51093,55.93067,56.48832,2857031
2021-10-29,54.41221,57.34740,54.41221,57.05350,4749466
2021-11-01,57.06104,58.05576,56.88018,57.72419,4365565
2021-11-02,58.02562,58.59005,57.77016,58.01809,4217339
2021-11-03,57.72419,58.20648,57.40015,57.82215,2602247
2021-11-04,57.94273,59.15599,57.94273,58.82442,2107409
2021-11-05,59.31424,59.52525,58.88470,59.31424,2237455
2021-11-08,59.63828,59.96986,58.85456,58.86209,2031770
2021-11-09,58.90731,59.26149,58.63602,59.25396,1551263
2021-11-10,59.31424,59.44235,58.81688,59.22381,1328858
2021-11-11,59.17860,59.23135,58.26300,58.49284,1230925
2021-11-12,58.76413,59.06556,58.46270,58.96759,1144272
2021-11-15,59.14092,59.42728,58.67370,58.80181,2354894
2021-11-16,58.92992,59.67596,58.90731,59.20121,1426525
2021-11-17,59.14092,59.66843,58.74152,59.58553,2096527
2021-11-18,59.64582,59.69857,58.87717,59.35946,1859392
2021-11-19,59.47249,59.95478,59.23135,59.63074,1211949
2021-11-22,59.73625,60.18840,59.15599,59.27657,1734124
2021-11-23,59.50264,59.57046,58.86963,59.05803,1808170
2021-11-24,58.68124,58.91484,58.16880,58.80181,2415538
2021-11-26,57.56594,58.12962,56.85004,57.06104,1628494
2021-11-29,57.54333,57.78448,56.81989,57.44537,2224052
2021-11-30,57.05350,57.60060,55.63678,55.66692,6124769
2021-12-01,56.40543,57.06104,55.38809,55.41824,3039626
2021-12-02,55.59156,56.21703,55.02637,55.95328,5404075
2021-12-03,56.08892,57.97287,55.35041,56.16428,3259377
2021-12-06,56.61643,56.84778,56.06631,56.15675,2773297
2021-12-07,56.71439,57.35493,56.40543,56.59382,2010405
2021-12-08,56.72947,57.18161,56.37528,57.00829,2211446
2021-12-09,56.90279,57.13263,56.56368,56.62396,1252555
2021-12-10,56.85757,57.08365,56.31499,56.63903,1531756
2021-12-13,56.60136,56.94800,56.27732,56.45818,2220071
2021-12-14,56.27732,56.75961,55.53504,55.77242,1504287
2021-12-15,55.97588,56.85004,55.81010,56.73700,1970728
2021-12-16,57.03090,57.45516,56.37528,56.77468,1694977
2021-12-17,56.58628,56.58628,54.79277,54.92841,3641952
2021-12-20,54.43105,54.52901,53.23286,53.88094,2023808
2021-12-21,54.25019,54.78523,53.83572,54.70234,2577830
2021-12-22,54.74001,55.03391,54.28033,54.74755,1957590
2021-12-23,54.93595,56.48832,54.86059,56.14167,2096395
2021-12-27,56.35268,56.83496,56.26225,56.79729,1092519
2021-12-28,56.89525,57.27958,56.84250,56.99322,1017676
2021-12-29,57.08365,57.16654,56.64657,57.12886,1618675
2021-12-30,57.33986,57.64883,57.22683,57.29465,1135912
2021-12-31,57.23436,57.73926,57.15373,57.49058,1149447
2022-01-03,57.01582,57.67144,55.14318,55.44085,3696093
2022-01-04,55.71967,56.11153,55.41824,55.66692,3027683
2022-01-05,55.92313,56.35268,54.28033,54.49133,3690652
2022-01-06,54.70987,55.04898,54.31801,54.59684,1824492
2022-01-07,54.52148,54.84552,54.06933,54.22004,2417794
2022-01-10,53.89601,54.41598,53.09721,54.32555,3302505
2022-01-11,54.54408,55.41070,54.09947,55.32781,3305159
2022-01-12,55.56142,55.84778,55.11681,55.57649,2723004
2022-01-13,55.79502,56.05878,55.22231,55.41070,3576132
2022-01-14,54.80030,55.07912,53.83572,54.63451,4220258
2022-01-18,53.88847,55.16202,53.48531,54.83044,4961388
2022-01-19,55.02637,55.17709,54.11454,54.43858,3347490
2022-01-20,54.65712,54.95026,53.65486,53.73775,2916613
2022-01-21,53.55690,54.28033,53.04446,54.07687,9691877
2022-01-24,53.45893,54.37076,52.59231,54.22758,3687468
2022-01-25,53.39864,53.48154,52.13263,52.66014,3450996
2022-01-26,53.17257,53.82818,52.00603,52.47174,2819212
2022-01-27,52.72042,53.07460,51.29616,51.74077,3427508
2022-01-28,51.47702,52.57347,50.92690,52.53203,3123227
2022-01-31,52.34363,53.30068,52.02562,53.15750,3728074
2022-02-01,52.90128,53.44537,52.53203,53.22532,3570957
2022-02-02,53.19518,54.09194,53.01432,53.97136,3839675
2022-02-03,52.16277,52.51696,49.76639,49.77393,11355803
2022-02-04,49.10324,49.46496,47.50565,48.52298,7929621
2022-02-07,48.42502,48.60588,47.92765,48.13866,4766186
2022-02-08,48.13866,49.48003,47.95026,49.41221,4289528
2022-02-09,50.02261,50.64054,49.89450,50.09797,3497972
2022-02-10,49.05803,50.18086,48.80935,49.55539,4327745
2022-02-11,49.56669,49.94725,48.74906,49.17860,6929196
2022-02-14,49.11077,49.58553,48.77920,49.02035,3873380
2022-02-15,49.72118,49.89450,49.20874,49.50264,2645109
2022-02-16,49.12585,49.50264,48.52675,49.25396,2517319
2022-02-17,48.85456,48.86963,47.59608,47.75433,7171639
2022-02-18,48.01809,48.83195,47.76639,48.04069,4011123
2022-02-22,47.49812,48.24039,47.45290,48.00301,5222674
2022-02-23,48.13112,48.17634,47.03843,47.14393,4027445
2022-02-24,46.28485,48.55313,45.93821,48.50791,5039681
2022-02-25,48.32705,49.60814,48.21402,49.35192,3508057
2022-02-28,48.55313,49.00528,48.25170,48.79427,3803182
2022-03-01,48.68124,48.86209,47.38885,47.74680,4061814
2022-03-02,48.05576,48.70384,47.87490,48.37980,3450067
2022-03-03,48.55313,48.57573,46.94047,47.38508,6733994
2022-03-04,46.49585,47.01582,45.49360,45.66692,6064788
2022-03-07,45.66692,45.68953,43.48907,43.54182,8261902
2022-03-08,43.54936,43.84325,42.41145,42.41899,9701564
2022-03-09,43.54936,44.92464,43.48907,44.07687,7721548
2022-03-10,43.31575,43.54936,42.24567,42.56217,9990452
2022-03-11,42.93896,43.41372,42.32103,42.38131,8625235
2022-03-14,43.66993,44.12962,42.83195,42.92389,5834023
2022-03-15,43.18011,43.94876,42.65260,42.94650,3885987
2022-03-16,43.33082,45.28259,43.33082,44.89827,5146504
2022-03-17,45.21477,45.98342,44.74755,45.96835,4729561
2022-03-18,45.98342,46.91786,45.85531,46.64657,5863482
2022-03-21,46.41296,46.79729,46.01733,46.25471,2763478
2022-03-22,46.42050,46.97815,46.25471,46.28485,2070518
2022-03-23,45.87792,46.11906,45.41824,45.44838,3374428
2022-03-24,45.62924,46.30746,45.44838,46.20950,2979115
2022-03-25,46.33007,46.57875,46.08139,46.38282,2345340
2022-03-28,46.28485,46.81236,46.09646,46.78222,2284165
2022-03-29,47.52826,48.17634,47.18915,47.68651,2391652
2022-03-30,47.23436,47.63376,46.64657,46.81989,2205474
2022-03-31,46.63150,46.90279,45.91560,45.91560,3159852
2022-04-01,46.25471,46.38659,45.35041,45.68953,4421299
2022-04-04,45.75735,46.16428,45.19970,45.90053,5056799
2022-04-05,45.90053,46.07385,44.89073,45.10173,2981504
2022-04-06,44.41598,44.82291,43.82818,44.67219,3102261
2022-04-07,44.46119,45.24265,44.07687,45.02637,2999153
2022-04-08,45.07912,45.25622,44.53655,44.80784,3595639
2022-04-11,44.72494,44.92841,44.21251,44.34815,3058735
2022-04-12,44.50640,45.10173,43.91108,44.16729,2981238
2022-04-13,44.02412,44.60437,43.91108,44.57423,3019058
2022-04-14,44.70987,44.84552,43.73022,43.84325,3319623
2022-04-18,43.51168,43.99020,43.30821,43.60211,2154385
2022-04-19,43.71515,44.65335,43.71515,44.52148,2445396
2022-04-20,44.98870,45.62924,44.89073,45.18463,2068926
2022-04-21,45.70460,45.70460,44.75509,44.98870,4324826
2022-04-22,44.60437,44.70610,43.46646,43.55690,2418325
2022-04-25,43.22532,43.61718,42.40392,43.59457,2493566
2022-04-26,43.08968,43.51921,42.63376,42.88621,4488047
2022-04-27,42.81839,43.74529,42.81839,43.50415,4336636
2022-04-28,43.70761,44.46873,42.44913,44.18990,6978428
2022-04-29,43.78297,44.31801,43.21025,43.33082,5726005
2022-05-02,43.30821,44.63828,42.98945,44.28787,5046183
2022-05-03,44.12208,45.38809,44.02788,44.90580,4605486
2022-05-04,45.30520,47.43783,45.06405,47.25697,6773008
2022-05-05,46.47325,47.63376,45.71213,46.02864,6992096
2022-05-06,45.74981,45.96082,44.72494,45.80256,3773590
2022-05-09,45.10927,45.74981,44.44235,44.63451,4922507
2022-05-10,44.98116,45.35795,43.21025,44.01658,5458747
2022-05-11,43.92615,44.64205,43.33082,43.39111,3176573
2022-05-12,43.08968,43.88094,42.51696,43.35343,3462143
2022-05-13,43.62472,44.51394,43.48154,44.08440,4000242
2022-05-16,43.70007,44.14469,43.33082,43.79804,2553944
2022-05-17,44.49887,45.12434,44.34062,44.91334,2180394
2022-05-18,44.37830,44.70987,43.35343,43.54936,3435736
2022-05-19,43.23286,44.68350,43.23286,44.14469,3732984
2022-05-20,44.53655,44.63451,42.48681,43.91108,3643411
2022-05-23,44.38583,44.58930,43.57950,44.21251,3047721
2022-05-24,44.10701,44.60437,43.60211,44.43858,3785931
2022-05-25,43.97890,44.87566,43.88847,44.56669,2791875
2022-05-26,45.21477,46.04371,44.84552,45.66692,2873486
2022-05-27,46.11153,46.72947,45.98342,46.72193,2618436
2022-05-31,46.03617,46.80859,45.71967,46.54861,8322015
2022-06-01,46.89525,46.95554,45.55765,46.24717,2496485
2022-06-02,46.48079,47.59608,46.03617,47.58101,2647896
2022-06-03,47.07611,47.30972,46.81236,47.15900,2202157
2022-06-06,47.74680,47.88998,47.37001,47.47551,1790787
2022-06-07,47.15900,48.00301,46.98568,47.98041,2079807
2022-06-08,47.56594,48.22155,47.33986,47.45290,1690863
2022-06-09,47.27204,47.30219,45.94574,46.06631,3964014
2022-06-10,45.25999,45.35041,44.13715,44.58176,3765363
2022-06-13,43.51921,44.24265,42.72419,43.01432,4511402
2022-06-14,43.01432,43.33082,41.73323,42.25320,3464930
2022-06-15,42.61492,43.25546,42.02336,42.68274,3450864
2022-06-16,41.72570,41.83120,40.09043,40.50490,4575761
2022-06-17,40.42954,40.93821,39.97739,40.36172,7068664
2022-06-21,41.02487,41.10776,40.35418,40.74604,3564853
2022-06-22,40.14318,41.37151,40.14318,41.10023,2823458
2022-06-23,41.03241,41.43180,40.48983,41.27355,3029806
2022-06-24,41.64280,42.44160,41.56744,42.41145,4844346
2022-06-27,42.53956,42.68274,41.89148,41.97438,2176015
2022-06-28,42.14770,42.55463,41.36775,41.39412,1340403
2022-06-29,41.38659,41.38659,40.52751,41.09269,1900662
2022-06-30,40.53504,41.37151,40.11304,40.97965,2433718
2022-07-01,41.34137,41.56744,40.62547,41.34891,2279255
2022-07-05,40.53504,41.46194,40.09043,41.38659,2150669
2022-07-06,41.43180,41.88395,41.06631,41.50716,2702701
2022-07-07,41.71816,42.23813,41.46948,42.14017,1680513
2022-07-08,42.01206,42.56217,41.65788,42.20799,2236526
2022-07-11,41.98191,42.33610,41.78975,41.81613,2253777
2022-07-12,41.73323,42.41899,41.16051,41.26601,2666474
2022-07-13,40.54258,41.13791,40.27129,40.90430,1173333
2022-07-14,40.18840,40.54258,39.54032,40.43708,1453330
2022-07-15,41.25094,41.46194,40.73851,41.37151,1518088
2022-07-18,41.59005,41.76413,40.70083,40.89676,997108
2022-07-19,41.46194,42.70535,41.32781,42.65260,1886596
2022-07-20,42.84100,43.25546,42.66767,43.09721,1489956
2022-07-21,43.18011,44.36322,43.11982,44.30294,2347994
2022-07-22,44.34062,44.58930,43.63225,44.02412,1568514
2022-07-25,43.98643,44.05426,43.51921,43.94122,2146157
2022-07-26,43.79050,44.12208,43.64732,43.87340,1915657
2022-07-27,44.00904,45.14695,43.99397,44.83798,3307680
2022-07-28,45.43331,47.33986,45.21477,47.07611,4921710
2022-07-29,47.25697,48.82442,47.25697,48.56820,7120815
2022-08-01,48.07084,48.72645,47.90505,48.55313,4244011
2022-08-02,48.34212,48.90731,48.16880,48.35720,2198441
2022-08-03,48.65109,49.35946,48.48531,49.19367,2641394
2022-08-04,49.28410,49.81914,49.19367,49.42728,2249663
2022-08-05,48.74152,49.23135,48.50791,49.18613,1243664
2022-08-08,49.54032,49.83421,49.17860,49.32932,2176147
2022-08-09,49.12585,49.28410,48.59834,48.93745,1684627
2022-08-10,50.06782,50.56744,49.90957,50.22607,2277132
2022-08-11,50.65561,51.21100,50.59533,50.70083,2413946
2022-08-12,50.93444,51.65034,50.82894,51.62773,1756417
2022-08-15,51.24340,51.71062,50.99472,51.61266,1879297
2022-08-16,51.41673,52.04974,51.40919,51.74077,2996101
2022-08-17,51.06255,51.52223,51.03994,51.27355,1801403
2022-08-18,51.43180,51.52977,51.00226,51.49209,1298337
2022-08-19,50.99472,51.10776,50.53504,50.91183,4071767
2022-08-22,50.12811,50.22607,49.41221,49.48757,2231218
2022-08-23,49.48003,50.08289,49.43481,49.57800,1947771
2022-08-24,49.43481,49.80407,49.38960,49.69103,1552457
2022-08-25,49.97739,50.48229,49.84175,50.47475,1330318
2022-08-26,50.64054,50.64054,48.66240,48.78674,1515434
2022-08-29,48.44762,48.79427,48.26677,48.38734,1390298
2022-08-30,48.41748,48.47023,47.67144,47.94273,1752038
2022-08-31,48.34966,48.47023,47.60286,47.72419,2206668
2022-09-01,47.61115,47.70535,46.78975,47.67897,1940207
2022-09-02,48.30445,48.42502,46.89148,47.15147,1523396
2022-09-06,47.20422,47.61115,46.78975,47.52826,1580059
2022-09-07,47.62622,48.89977,47.45215,48.86209,1829535
2022-09-08,48.65109,49.26149,48.44009,49.18613,2743440
2022-09-09,49.54032,49.85305,49.38960,49.75132,1851298
2022-09-12,50.08289,50.44461,49.78146,50.42954,2379709
2022-09-13,49.14846,49.53278,48.14619,48.36473,2861012
2022-09-14,48.38734,48.54182,47.77694,48.28938,2591764
2022-09-15,48.38734,49.02788,48.15298,48.44009,3476740
2022-09-16,47.95780,48.04069,46.55614,47.26451,4034345
2022-09-19,47.02336,48.21778,46.85757,48.16127,1564002
2022-09-20,47.67897,47.87867,47.11002,47.67897,3089123
2022-09-21,48.03316,48.60588,46.85757,46.88772,2452296
2022-09-22,46.78222,46.92163,45.68199,45.88546,1497918
2022-09-23,45.44838,45.57649,44.45366,45.11681,2404922
2022-09-26,44.97363,45.55388,44.47626,44.61944,1484117
2022-09-27,45.09420,45.15448,43.72268,44.17483,1856208
2022-09-28,44.54408,45.73097,44.16729,45.50867,1962633
2022-09-29,45.01130,45.07912,44.21251,44.61944,1324081
2022-09-30,44.64959,45.08666,43.87717,43.93369,3169805
2022-10-03,44.55162,46.11153,44.37830,45.68953,2567347
2022-10-04,46.57121,47.04220,46.54861,46.92540,3720112
2022-10-05,46.23210,47.02336,46.10399,46.64657,2658512
2022-10-06,46.58628,46.87265,46.18689,46.29993,2458002
2022-10-07,45.66692,45.86285,44.93595,45.25999,2045969
2022-10-10,45.79502,45.79502,44.44989,44.89827,1810559
2022-10-11,44.44612,45.21477,44.28787,44.53655,2409434
2022-10-12,45.18463,45.36549,44.43105,44.46873,2714379
2022-10-13,43.54182,45.77242,43.27807,45.44085,2296772
2022-10-14,45.67445,45.97588,44.22758,44.36322,1448288
2022-10-17,45.29013,45.81010,45.19216,45.62924,3816717
2022-10-18,46.75961,47.00452,45.88546,46.46571,2093077
2022-10-19,46.01357,46.23210,45.35041,45.71967,1707186
2022-10-20,45.72720,46.05878,44.84552,44.89827,2033495
2022-10-21,45.04145,46.36775,44.68726,46.30746,1597045
2022-10-24,46.72947,47.66390,46.58628,47.29465,2247805
2022-10-25,47.28711,48.23663,47.21176,48.16127,6280426
2022-10-26,47.88998,48.66616,47.02336,47.20422,5620907
2022-10-27,47.66390,47.92012,47.07611,47.15147,3943446
2022-10-28,47.42276,48.64356,47.29465,48.38734,3973702
2022-10-31,48.22909,48.72645,47.95026,48.15373,2722075
2022-11-01,48.78674,48.80935,47.78071,48.18387,2234933
2022-11-02,47.92012,48.72645,46.88018,46.91032,2052604
2022-11-03,46.39789,47.78448,46.25471,47.04597,2325966
2022-11-04,47.84476,48.78674,47.23436,48.67370,4199026
2022-11-07,48.90731,48.97513,48.33459,48.63602,3833570
2022-11-08,48.80935,49.11831,48.25170,48.68124,2619233
2022-11-09,48.44009,49.18613,48.23663,48.48531,4290589
2022-11-10,50.22607,51.28109,50.22607,51.16805,3545611
2022-11-11,51.49209,52.31349,51.33384,51.59759,3375888
2022-11-14,51.33384,51.68802,50.38809,50.42200,2690625
2022-11-15,51.12283,51.25094,50.06782,50.29390,2538418
2022-11-16,50.24115,50.83271,49.96986,50.52751,2009078
2022-11-17,49.84929,50.07536,49.36699,50.03768,1696968
2022-11-18,50.60286,50.85154,49.90957,50.19593,2092546
2022-11-21,50.15825,50.80633,50.15825,50.64808,2131826
2022-11-22,50.99472,51.12283,50.56519,51.06255,1625973
2022-11-23,51.18312,51.45064,51.01357,51.16051,2098518
2022-11-25,51.33384,51.52977,51.13414,51.29616,688448
2022-11-28,50.82894,50.91937,49.33685,49.47249,1721650
2022-11-29,49.40467,49.61567,48.98267,49.43481,1786407
2022-11-30,49.47249,50.91937,48.74152,50.90430,4878450
2022-12-01,51.25094,51.54484,50.82894,51.16051,2026727
2022-12-02,50.51997,51.57498,50.40015,51.42427,1801933
2022-12-05,50.72343,50.94197,50.26225,50.65561,2007486
2022-12-06,50.54258,50.76112,49.72118,50.13564,1768228
2022-12-07,50.13564,50.45592,49.87943,50.04522,1740891
2022-12-08,50.23361,50.41447,49.82668,50.15825,1481330
2022-12-09,50.27129,50.48983,49.51771,49.52525,2372145
2022-12-12,49.76639,50.64054,49.56669,50.51243,1485311
2022-12-13,51.99699,51.99699,50.67068,51.06255,2397889
2022-12-14,51.04748,51.51469,50.14318,50.38433,2467424
2022-12-15,49.64582,50.05275,48.22909,48.50791,3216913
2022-12-16,47.96534,48.41748,47.82969,48.10852,2930016
2022-12-19,47.98794,48.56066,47.72419,47.93519,2461983
2022-12-20,47.93519,48.21402,47.76941,48.09344,1623319
2022-12-21,48.43256,49.13338,48.34439,49.03542,1647603
2022-12-22,48.62095,48.73022,47.26451,48.18387,1232783
2022-12-23,48.11605,48.44009,47.75433,48.34212,1274318
2022-12-27,48.52298,48.72645,48.12585,48.47023,971762
2022-12-28,48.64356,48.71891,47.79955,47.81462,977203
2022-12-29,48.25170,49.09570,47.85230,48.79427,1226015
2022-12-30,48.44762,48.82442,47.98794,48.41748,1276972
2023-01-03,48.79427,49.03918,47.92765,48.43256,2154915
2023-01-04,48.90731,49.48757,48.55313,49.14846,2068262
2023-01-05,48.80935,49.05049,48.08591,48.17634,2130631
2023-01-06,48.75660,49.53278,48.64356,49.38960,1758806
2023-01-09,49.66089,50.30897,49.35192,49.59307,2008016
2023-01-10,49.44989,49.94725,49.37453,49.82668,1464875
2023-01-11,50.12057,50.52751,49.76262,50.49736,1577007
2023-01-12,50.76865,50.76865,50.12811,50.55011,1182755
2023-01-13,50.20346,51.06255,50.20346,50.81387,1461292
2023-01-17,50.97212,51.22834,50.73097,50.73851,2132489
2023-01-18,50.90430,51.22080,49.93218,49.99246,2175882
2023-01-19,50.33157,50.36172,49.04672,49.07310,2946205
2023-01-20,49.32932,49.88696,47.51319,49.32178,5178352
2023-01-23,49.44989,50.51243,49.17106,50.39186,2181455
2023-01-24,50.39186,50.85908,49.22381,50.67068,1644418
2023-01-25,50.09043,50.45968,49.25772,50.30897,1876643
2023-01-26,50.72343,50.82140,49.90580,50.42954,1436079
2023-01-27,50.22607,50.88169,50.08666,50.49736,1466335
2023-01-30,50.33911,50.48606,49.77468,49.90957,2314155
2023-01-31,50.13564,51.28109,49.88696,51.26601,4188277
2023-02-01,51.25094,51.98945,48.74152,49.63828,6399988
2023-02-02,50.30143,51.66541,49.65411,51.10023,4989918
2023-02-03,50.70083,52.14770,50.48983,52.05727,5227053
2023-02-06,51.65034,52.35870,51.62773,51.95177,3615942
2023-02-07,51.75584,52.36247,51.43180,52.24567,2775022
2023-02-08,51.89148,52.44160,51.49962,52.07235,2900159
2023-02-09,52.50188,52.58704,51.14544,51.40919,2062954
2023-02-10,51.31123,51.41673,50.82894,51.34137,1429312
2023-02-13,51.36398,52.17860,51.18312,52.13263,2066272
2023-02-14,51.99699,52.14017,51.29616,52.01206,1442980
2023-02-15,51.74830,52.54710,51.74830,52.40392,1669764
2023-02-16,51.57498,52.27581,51.54484,51.77091,1507339
2023-02-17,51.74830,52.31349,51.35644,52.26827,2176944
2023-02-21,51.84627,51.84627,50.31650,50.45968,2000983
2023-02-22,50.56519,50.91937,49.50264,49.83421,3154146
2023-02-23,50.03014,50.61040,49.72871,50.56519,2375330
2023-02-24,50.06782,50.55011,49.57046,50.49736,2275407
2023-02-27,51.05501,51.19819,50.11304,50.20346,1993950
2023-02-28,50.26375,50.75358,50.15071,50.23361,2453888
2023-03-01,50.01507,50.47852,49.95478,50.32404,2140451
2023-03-02,50.20346,51.01733,49.82668,51.00980,2366041
2023-03-03,49.92464,51.43934,49.90203,51.35644,3054754
2023-03-06,51.31876,51.75584,51.09646,51.16051,1785213
2023-03-07,51.19819,51.40166,50.60286,50.61794,1778711
2023-03-08,50.59533,50.88169,50.24868,50.60286,1441786
2023-03-09,50.84401,51.03994,49.78900,49.84929,2557793
2023-03-10,49.90203,49.90203,48.25546,48.54559,2263729
2023-03-13,48.01055,48.66616,47.65637,48.19894,2364847
2023-03-14,49.08063,50.18463,49.00528,49.90203,3441044
2023-03-15,48.92238,49.13338,47.48304,48.51545,3406542
2023-03-16,48.25170,49.67973,47.99171,49.37453,4302532
2023-03-17,49.05049,49.26903,47.75433,48.17634,4947056
2023-03-20,48.50791,49.40467,48.42125,49.30671,2917277
2023-03-21,49.97739,50.22984,49.26149,49.69103,2446855
2023-03-22,49.56292,50.43708,49.03542,49.04295,2366041
2023-03-23,48.99774,49.78523,48.19894,48.62849,2903609
2023-03-24,48.22909,49.19367,47.93142,49.17860,3501953
2023-03-27,50.12057,50.38433,49.32178,49.69857,3044271
2023-03-28,49.71364,50.11304,49.48757,49.93971,2069987
2023-03-29,50.43708,50.72720,50.12811,50.69329,1913932
2023-03-30,51.01733,51.13791,50.58779,50.74604,2226573
2023-03-31,50.95705,51.43180,50.88923,51.37151,2945542
2023-04-03,51.32630,51.54484,50.79879,51.09269,2129835
2023-04-04,51.07762,51.13037,48.98643,49.37453,2790150
2023-04-05,49.06556,49.13338,48.51545,48.76413,3175644
2023-04-06,48.58327,48.80935,48.22532,48.50038,2146157
2023-04-10,48.20648,49.00528,48.09344,48.96759,1556704
2023-04-11,49.22381,49.42728,48.89224,49.02035,2288942
2023-04-12,50.51997,50.89676,50.18840,50.36172,5452510
2023-04-13,50.33911,50.74981,49.61567,50.66315,3887579
2023-04-14,50.63301,51.41673,50.41447,50.61794,2122669
2023-04-17,50.81387,50.81387,50.46722,50.73851,2525414
2023-04-18,50.98719,51.20950,50.50867,50.62547,1950292
2023-04-19,50.38433,50.62547,49.75509,50.13564,1805914
2023-04-20,49.80407,50.16579,49.65335,49.96986,3120441
2023-04-21,50.06782,50.42200,49.71364,50.33157,2927627
2023-04-24,50.13564,50.48229,49.85682,50.39186,2441149
2023-04-25,50.21100,50.33911,49.14846,49.22381,2357946
2023-04-26,48.68124,50.00000,47.24944,47.52072,7306197
2023-04-27,48.04069,48.12359,47.30219,47.92765,3401897
2023-04-28,47.75433,48.23663,47.39638,47.54333,3865020
2023-05-01,47.49058,48.32705,47.45290,48.13866,3592720
2023-05-02,48.10852,48.26677,47.53579,48.12359,2899230
2023-05-03,48.44762,49.29163,48.04823,48.22909,3199795
2023-05-04,48.19141,48.56820,47.87490,48.03316,3291624
2023-05-05,48.62095,49.07310,48.62095,48.77166,3221558
2023-05-08,49.08063,49.18613,48.67370,48.83195,2480428
2023-05-09,48.59834,49.10701,48.47023,48.62849,2437832
2023-05-10,48.92992,49.09570,48.14619,48.64356,2926168
2023-05-11,48.34212,48.62849,48.02562,48.33459,2623479
2023-05-12,48.65863,48.87717,48.10098,48.61341,2740653
2023-05-15,48.61341,49.51017,48.48531,49.48757,3143000
2023-05-16,49.13338,49.18689,48.45516,48.61341,1746067
2023-05-17,48.92238,49.34439,48.66616,49.06556,1959183
2023-05-18,49.20121,49.79578,49.00528,49.65335,2807269
2023-05-19,50.02261,50.11304,49.18613,49.51017,2318136
2023-05-22,49.58553,50.21477,49.51771,50.05275,2853581
2023-05-23,49.86436,50.03014,48.95252,49.00528,2532314
2023-05-24,48.60588,48.63602,47.82215,48.07837,2999020
2023-05-25,48.28184,49.37076,48.10098,49.07310,4036999
2023-05-26,49.65335,51.47702,49.43858,51.10776,4955549
2023-05-30,51.14544,51.50716,50.58779,50.67068,3297595
2023-05-31,50.45215,50.49360,48.76413,49.06556,10482106
2023-06-01,48.99020,49.39714,48.71891,49.33685,4042307
2023-06-02,49.77393,50.91183,49.75132,50.69329,3164364
2023-06-05,50.76112,50.80633,50.01055,50.40693,2069855
2023-06-06,50.17332,50.82894,50.17332,50.66315,1279626
2023-06-07,50.85154,51.98945,50.61794,51.86134,2478969
2023-06-08,51.77845,51.96684,51.48079,51.54484,2120546
2023-06-09,51.68802,51.74077,50.96458,51.35644,1609386
2023-06-12,51.35644,51.79352,51.08516,51.58252,1635926
2023-06-13,51.65788,52.60738,51.65788,52.55463,2055125
2023-06-14,52.73549,53.02185,52.20045,52.37378,2015846
2023-06-15,52.52449,54.54408,52.44913,54.23512,4955814
2023-06-16,54.61191,54.89073,54.11454,54.12208,4897294
2023-06-20,53.65486,54.03165,53.32328,53.88094,2000054
2023-06-21,53.59457,53.94876,53.28184,53.66993,1933572
2023-06-22,53.71515,53.85833,53.16504,53.45893,1643490
2023-06-23,52.89375,53.57197,52.75810,53.52675,2345207
2023-06-26,53.57197,54.45366,53.57197,54.28033,2151598
2023-06-27,54.53655,55.23738,54.39337,55.05652,2231881
2023-06-28,55.13941,55.28259,54.79277,54.93595,2192071
2023-06-29,54.49887,55.44838,54.49887,55.41824,1928529
2023-06-30,55.90053,56.42050,55.73474,56.34514,2103560
2023-07-03,55.79502,56.26225,55.53127,55.70460,1026036
2023-07-05,55.13941,55.59909,54.94348,55.04145,2250725
2023-07-06,54.81537,54.87490,53.98643,54.42351,2665943
2023-07-07,54.35569,55.32027,54.28033,54.52148,1542239
2023-07-10,54.92841,55.87038,54.76262,55.77996,2077551
2023-07-11,55.92313,56.35268,55.79502,56.22457,1564400
2023-07-12,56.51846,56.78222,56.29616,56.55614,1489823
2023-07-13,56.54107,56.87265,56.35268,56.41296,1479605
2023-07-14,56.20950,56.38885,55.78598,55.89299,1580590
2023-07-17,55.77242,56.40543,55.77242,56.32253,1785346
2023-07-18,56.15675,56.42427,55.97588,56.18689,2320392
2023-07-19,55.81763,56.20196,55.53127,56.03617,2210782
2023-07-20,56.23964,56.42050,55.77242,56.02110,2105418
2023-07-21,56.10399,56.22080,55.81010,55.96835,1898539
2023-07-24,56.02864,56.38282,55.59533,55.78749,2131958
2023-07-25,55.37302,55.98342,55.19970,55.88546,3461612
2023-07-26,55.93067,57.98041,55.12434,57.82969,4246400
2023-07-27,58.27430,58.50038,57.28711,57.53579,3229387
2023-07-28,57.97287,58.11605,57.49435,58.02562,2445130
2023-07-31,58.17634,59.05049,57.79955,59.04295,4436294
2023-08-01,58.61341,59.26903,58.58704,59.01281,2826245
2023-08-02,58.74906,59.31424,58.39487,58.99020,3090318
2023-08-03,58.72645,59.01281,58.26300,58.89977,2883438
2023-08-04,59.09570,59.24642,58.21402,58.31198,2267180
2023-08-07,58.68877,59.60814,58.68877,59.11077,2958945
2023-08-08,58.62849,59.44989,58.35720,59.32932,2406249
2023-08-09,59.32932,59.64959,59.06556,59.46496,2402932
2023-08-10,59.54785,60.21100,59.20121,59.80407,3884793
2023-08-11,59.56292,59.88696,59.28787,59.84175,2734947
2023-08-14,59.82668,60.14318,59.63074,60.12811,2338572
2023-08-15,59.75885,59.90957,59.30671,59.61567,2327823
2023-08-16,59.41974,59.80407,59.20121,59.32178,2364581
2023-08-17,59.53278,59.62924,58.29691,58.31198,2589773
2023-08-18,57.64883,57.76187,56.76714,57.33233,4644633
2023-08-21,57.33233,57.73926,57.08365,57.63376,1887127
2023-08-22,57.88998,58.12585,57.39262,57.66390,1815867
2023-08-23,57.84476,58.81688,57.62622,58.62095,1740228
2023-08-24,58.34212,58.78674,57.24944,57.30972,2926035
2023-08-25,57.68651,58.28561,57.21929,58.04069,4116752
2023-08-28,58.22155,58.73323,58.10098,58.40995,1210888
2023-08-29,58.35720,59.28033,58.27807,59.22381,1547149
2023-08-30,59.47249,59.81160,59.31424,59.67596,1916984
2023-08-31,59.62321,59.84175,59.41974,59.41974,2518115
2023-09-01,59.81914,59.90957,59.32932,59.54785,1609253
2023-09-05,59.57800,59.57800,58.31198,58.32705,1966216
2023-09-06,58.15373,58.71138,57.85983,58.53806,1415644
2023-09-07,58.22155,59.32178,57.89375,59.26903,3796149
2023-09-08,59.15599,59.38960,58.34212,58.44762,1883013
2023-09-11,58.46270,59.24642,58.31198,59.16353,2111522
2023-09-12,58.85456,59.53278,57.55840,57.62622,2593091
2023-09-13,57.33986,57.88244,56.86511,57.13640,2368164
2023-09-14,57.52826,57.72419,57.03090,57.43783,1930122
2023-09-15,57.21176,57.59608,56.93293,57.26451,3168876
2023-09-18,57.32479,57.98794,57.19593,57.61869,1496325
2023-09-19,57.37754,57.53579,56.50716,57.02336,2530324
2023-09-20,57.37001,57.70686,56.53354,56.55614,1837497
2023-09-21,56.34514,56.34514,55.67445,55.70460,1269276
2023-09-22,55.59156,56.24717,55.59156,55.97588,1523131
2023-09-25,55.87038,56.61643,55.87038,56.38282,1435681
2023-09-26,55.90053,56.36775,55.03391,55.20723,2485604
2023-09-27,55.59909,55.83271,55.16202,55.45592,1825952
2023-09-28,55.58402,56.57875,55.27506,56.04371,1545557
2023-09-29,56.44310,56.57121,55.78749,55.88546,2397226
2023-10-02,55.72720,56.42050,55.27506,55.53881,2232147
2023-10-03,55.32027,55.71967,54.90580,55.28259,2009609
2023-10-04,55.28259,55.93067,54.86059,55.71967,2112319
2023-10-05,56.15675,56.36775,55.69706,56.21703,1992491
2023-10-06,55.79502,57.21929,55.53127,56.86511,2262004
2023-10-09,56.48079,57.11228,56.13791,56.85757,1160063
2023-10-10,56.99322,58.09344,56.85004,57.62622,2649621
2023-10-11,57.64130,58.16880,57.54333,58.14619,1734389
2023-10-12,58.28184,58.28184,56.82743,57.26451,1934501
2023-10-13,57.21176,57.37001,55.54634,55.85531,2181057
2023-10-16,56.45064,56.74454,55.94574,56.26225,1992358
2023-10-17,55.94574,56.85004,55.83271,56.62396,2031902
2023-10-18,55.99849,55.99849,54.31047,54.31801,2578892
2023-10-19,54.27280,54.70234,53.39864,53.57950,2624010
2023-10-20,53.73775,53.80935,52.81839,52.93142,2531783
2023-10-23,53.14243,53.57197,52.64507,52.75810,3174317
2023-10-24,53.28561,53.42879,52.70535,52.93896,2525546
2023-10-25,49.32178,50.08289,47.51319,48.68124,10768207
2023-10-26,48.06330,49.86436,47.85230,49.05803,4204201
2023-10-27,49.08817,49.35946,48.68350,49.00528,3401765
2023-10-30,49.52525,49.69103,48.43632,49.01281,3818044
2023-10-31,48.85456,49.32932,48.64356,49.19367,4087691
2023-11-01,49.22381,49.40467,48.56066,49.12585,3595905
2023-11-02,49.69103,50.09043,49.09947,49.28410,4588501
2023-11-03,50.14318,50.67068,49.61191,49.69857,5284910
2023-11-06,49.73625,49.85682,49.14092,49.42728,3332628
2023-11-07,49.29917,49.49133,48.74906,48.95252,3799599
2023-11-08,49.03542,49.65335,48.89224,49.28410,3001276
2023-11-09,49.61567,49.71364,49.14092,49.23888,2393908
2023-11-10,49.55539,49.75132,48.97136,49.60814,2757108
2023-11-13,49.43481,49.55539,49.09194,49.22381,2576769
2023-11-14,50.17332,50.72720,50.03768,50.44461,5906742
2023-11-15,50.50490,51.29993,50.39186,50.82140,3302372
2023-11-16,50.78372,51.30369,50.55765,50.96458,3016006
2023-11-17,51.17558,51.36398,50.78372,51.31876,1896283
2023-11-20,51.24340,51.24340,50.78372,51.00226,1969135
2023-11-21,50.94197,51.10023,50.69405,50.79879,1885534
2023-11-22,50.82894,51.27355,50.69329,51.11530,1362431
2023-11-24,51.11530,51.24340,50.82894,50.90430,963269
2023-11-27,50.64054,51.08516,50.49736,50.82140,2489054
2023-11-28,50.73097,51.30369,50.55011,50.86662,2943684
2023-11-29,51.32630,51.52977,50.96082,51.02487,1484250
2023-11-30,51.20573,52.02713,50.94197,51.98191,4950241
2023-12-01,51.92163,52.35117,51.62773,52.22306,3419414
2023-12-04,51.80859,52.41899,51.59759,52.39638,1917250
2023-12-05,52.24567,52.36624,51.35268,51.46948,2162877
2023-12-06,51.83120,52.25697,51.65788,51.75584,1334829
2023-12-07,51.97438,52.29842,51.89148,52.04220,1465141
2023-12-08,52.12510,52.45667,51.71062,51.91409,2614455
2023-12-11,52.06481,53.33836,51.99699,53.25546,2673905
2023-12-12,53.25546,53.80558,53.14996,53.52675,1700683
2023-12-13,53.63979,53.94122,53.30821,53.64732,4378038
2023-12-14,54.38583,55.87038,54.38583,55.06405,5370900
2023-12-15,54.57423,54.66466,53.70007,54.31801,7552753
2023-12-18,54.48380,54.48380,53.66240,54.39337,1840284
2023-12-19,54.59684,54.88319,54.36322,54.85305,1845724
2023-12-20,54.68726,54.77769,53.85833,53.95629,1752702
2023-12-21,54.36322,54.71364,54.09194,54.69480,1467397
2023-12-22,54.92088,55.16202,54.60437,54.92841,1335891
2023-12-26,54.86812,55.38809,54.82291,55.34288,1427852
2023-12-27,55.35041,55.73474,55.22607,55.53127,1944851
2023-12-28,55.47852,55.66692,55.32027,55.44838,1537595
2023-12-29,55.35795,55.75885,55.23738,55.48606,1160063
2024-01-02,54.64205,55.16202,54.28033,54.46119,2733885
2024-01-03,54.34815,54.34815,53.38357,53.53429,2758302
2024-01-04,53.61718,54.48380,53.49661,53.89601,2563631
2024-01-05,53.80558,54.10701,53.41372,53.83572,1681973
2024-01-08,53.75283,54.41974,53.52675,54.34815,1940472
2024-01-09,54.00904,54.34815,53.74529,54.15976,1312270
2024-01-10,54.17483,54.39563,53.88094,54.12208,1478543
2024-01-11,54.14469,54.29540,53.62472,54.06179,1751773
2024-01-12,54.47626,54.74755,53.85079,54.16729,1156746
2024-01-16,53.88847,54.18237,53.30068,53.78297,1362564
2024-01-17,53.23286,53.75660,53.12735,53.42879,2095466
2024-01-18,53.59457,54.02412,53.36850,53.94122,1350886
2024-01-19,54.16729,54.55539,53.57197,54.46119,1706124
2024-01-22,54.75509,55.61417,54.70987,55.54634,2482419
2024-01-23,55.76488,56.11153,55.29766,56.00603,2431595
2024-01-24,57.06104,57.12886,55.54634,55.56895,2968499
2024-01-25,56.02110,56.20950,55.60663,55.98342,1537197
2024-01-26,56.20196,56.29540,55.56895,55.74228,1751109
2024-01-29,55.49360,56.32253,55.41070,56.28485,1551794
2024-01-30,56.05878,56.34514,55.81763,56.29239,3639165
2024-01-31,59.76639,61.92163,57.92765,58.91484,6031348
2024-02-01,59.31424,62.06481,58.78674,61.96684,5445212
2024-02-02,62.06481,62.89375,61.37151,62.56217,4238305
2024-02-05,62.06481,62.34363,61.50716,62.00452,3548531
2024-02-06,62.14770,62.14770,61.12283,61.45441,2975399
2024-02-07,61.70309,62.62246,61.66541,62.04220,3438522
2024-02-08,62.21552,62.21552,61.52223,61.97438,1900264
2024-02-09,61.93670,62.34363,61.69555,62.32103,1624115
2024-02-12,62.28334,62.88998,62.17785,62.65260,1565727
2024-02-13,61.86134,62.28334,61.62773,62.18538,1882482
2024-02-14,62.56971,63.05953,62.07235,62.98418,1653973
2024-02-15,63.17257,63.82818,63.13112,63.76036,1907297
2024-02-16,63.87340,64.31048,63.51168,63.54182,1682105
2024-02-20,63.06707,63.34212,62.76564,63.10475,1776588
2024-02-21,63.15750,63.60965,62.75056,63.60965,2228829
2024-02-22,64.01658,64.76262,63.45893,64.57423,1258129
2024-02-23,64.74001,65.13941,64.59683,64.89073,1012501
2024-02-26,64.80784,64.95855,64.48003,64.82291,1212347
2024-02-27,65.03391,65.06406,64.48003,64.89827,1030681
2024-02-28,64.58176,65.26752,64.47626,65.02637,1495794
2024-02-29,65.09420,65.09420,63.84325,64.15222,4779589
2024-03-01,64.07687,64.70234,63.91108,64.53655,1533747
2024-03-04,64.43105,64.56669,63.87490,63.89601,2149077
2024-03-05,63.73022,63.98643,63.07460,63.40618,1476420
2024-03-06,63.64732,64.35569,63.39864,63.47400,1728683
2024-03-07,63.94122,64.26526,63.66993,64.06179,1440724
2024-03-08,64.12208,64.58176,63.77242,64.09193,1093713
2024-03-11,63.83572,64.02035,63.36097,63.95629,1357786
2024-03-12,64.05426,65.10550,63.65486,64.95855,2107409
2024-03-13,64.98116,65.37302,64.12962,64.40090,1819848
2024-03-14,64.92841,65.17709,64.06933,64.64205,1940074
2024-03-15,63.90354,64.60437,63.43783,64.31801,2864993
2024-03-18,64.62698,64.80030,64.18237,64.22005,1465539
2024-03-19,64.26526,64.59683,64.06179,64.32555,2763212
2024-03-20,64.26526,64.87566,64.26526,64.71741,2122006
2024-03-21,64.91334,65.25999,64.43858,64.95855,4936573
2024-03-22,65.56142,65.63677,64.47626,64.55162,2367633
2024-03-25,64.39337,64.67973,63.59457,63.62472,2150536
2024-03-26,63.76790,64.45365,63.21778,63.97136,2241170
2024-03-27,64.33308,64.90204,64.28033,64.82291,1624381
2024-03-28,64.67220,64.96609,64.55312,64.82291,1651319
2024-04-01,64.75509,64.75509,63.63979,63.76790,2905467
2024-04-02,63.91108,64.24265,63.54182,63.91861,1879165
2024-04-03,63.76036,64.58930,63.70761,63.85833,1949230
2024-04-04,64.40844,64.64959,62.78824,63.12735,1458240
2024-04-05,63.33836,63.73022,63.11228,63.50415,1661139
2024-04-08,63.74529,64.02412,63.28561,63.46646,1625973
2024-04-09,63.68501,63.82065,63.07460,63.44386,1699489
2024-04-10,62.54710,63.27430,62.32103,62.72042,1931183
2024-04-11,62.64507,63.32328,62.44160,62.91635,1547547
2024-04-12,62.33610,62.53203,61.75735,62.10249,1714749
2024-04-15,62.72796,63.04446,61.23210,61.49209,2061362
2024-04-16,61.49209,61.49209,60.88169,61.07008,1343588
2024-04-17,60.82140,61.00226,60.03768,60.43708,2476182
2024-04-18,60.66315,61.16051,60.32404,60.42200,2015050
2024-04-19,60.42954,60.68576,59.76639,59.90203,3238544
2024-04-22,60.15071,61.08516,60.10550,60.55765,1999922
2024-04-23,60.91183,61.15675,60.60286,60.81387,2245151
2024-04-24,56.25471,59.20498,54.64959,57.30972,8458033
2024-04-25,57.12133,57.52072,56.35644,57.43029,3149900
2024-04-26,57.28711,57.61869,56.95554,57.24944,2546248
2024-04-29,57.23436,58.10852,57.23436,58.02562,2760027
2024-04-30,58.03316,58.10475,56.68425,56.72193,3126810
2024-05-01,56.92540,57.48304,56.62396,56.85004,2689564
2024-05-02,57.14393,57.62622,56.85757,57.34740,2291729
2024-05-03,57.62622,57.78448,56.98568,57.33233,3060726
2024-05-06,57.65637,58.07084,57.57347,58.01055,2675232
2024-05-07,58.34966,58.40241,58.01055,58.05576,1990500
2024-05-08,57.81462,57.99548,57.49435,57.67144,1846521
2024-05-09,57.72419,58.46194,57.62849,58.38734,1425994
2024-05-10,58.71891,58.85456,57.88998,57.93519,2012130
2024-05-13,58.11605,58.42502,57.86737,57.89751,1282147
2024-05-14,58.01055,58.59081,57.77694,58.37980,1623850
2024-05-15,58.73399,59.02185,58.48531,58.62095,1621594
2024-05-16,58.56066,58.67370,58.07460,58.27430,1204783
2024-05-17,58.53052,58.53052,58.05576,58.14619,1386715
2024-05-20,58.18387,58.53052,58.04069,58.13112,1681707
2024-05-21,57.97287,58.13866,57.70158,58.10098,2406382
2024-05-22,58.12359,58.31198,57.86737,58.07837,1483321
2024-05-23,58.09344,58.10098,56.91032,56.95554,1624513
2024-05-24,57.18161,57.33233,56.85757,57.18915,1579130
2024-05-28,57.12133,57.15900,56.04371,56.18689,1888719
2024-05-29,55.63678,55.72720,54.95855,55.04898,1439264
2024-05-30,55.27506,55.64431,55.05652,55.44838,1878899
2024-05-31,55.44085,56.13037,55.16956,56.09646,3390883
2024-06-03,56.21703,56.39789,54.57423,54.97363,2423367
2024-06-04,54.88319,55.29013,54.65712,54.84552,1495794
2024-06-05,55.09420,55.56519,54.87566,55.50113,2188090
2024-06-06,55.35795,55.74228,54.74001,55.19970,1761460
2024-06-07,55.09420,55.16956,54.64205,54.82291,1190186
2024-06-10,54.80030,55.15448,54.50640,55.12434,1455719
2024-06-11,54.95855,55.18463,54.51771,54.89073,1299664
2024-06-12,55.43331,56.20950,55.22231,55.65185,1598239
2024-06-13,55.33534,55.49360,54.64959,54.98870,1912871
2024-06-14,54.38583,54.91334,53.83572,54.80784,2327823
2024-06-17,54.63451,55.31274,54.39337,55.16956,1376364
2024-06-18,55.15448,55.45592,54.81537,55.24491,1399720
2024-06-20,55.07159,55.44085,54.70987,54.98870,1885667
2024-06-21,55.16202,55.56142,54.78523,55.46345,4427270
2024-06-24,55.59909,56.49962,55.12434,55.94574,2475386
2024-06-25,55.63678,55.74228,54.64959,54.98116,2195654
2024-06-26,54.62698,55.35418,54.08440,55.06405,4021075
2024-06-27,55.02637,55.44838,54.80030,55.44085,2458666
2024-06-28,55.49360,56.41296,55.16202,55.84024,4340882
2024-07-01,56.21703,56.21703,54.33308,54.34815,2681602
2024-07-02,54.05426,54.61567,54.05426,54.48380,2575044
2024-07-03,54.64959,54.66466,54.30294,54.46873,1082832
2024-07-05,54.36322,54.65712,53.99397,54.56669,1433027
2024-07-08,56.27732,56.37528,55.01130,55.41824,2135541
2024-07-09,55.13188,55.30520,54.70234,54.74001,1524458
2024-07-10,54.61191,55.55388,54.61191,55.50867,1744740
2024-07-11,55.73474,56.92540,55.59909,56.48079,1876643
2024-07-12,57.16654,57.62622,56.89525,56.96307,1749384
2024-07-15,56.86511,57.67897,56.83496,57.44537,1721650
2024-07-16,57.69405,59.81160,57.38508,59.47249,2986944
2024-07-17,59.29917,59.52525,58.67370,58.68877,1628096
2024-07-18,58.31952,59.32178,58.02562,58.09344,1718598
2024-07-19,58.19894,58.19894,56.90656,56.96307,1735849
2024-07-22,57.40769,57.76941,56.85004,57.73926,1679319
2024-07-23,57.60362,58.13866,57.51319,57.78448,2859022
2024-07-24,53.50415,55.58402,51.17558,53.05200,7661567
2024-07-25,52.88621,53.92615,52.36624,52.74303,5030922
2024-07-26,53.27053,53.95629,52.62999,53.49661,3481517
2024-07-29,53.51921,54.50640,53.50339,53.73022,2558191
2024-07-30,53.94876,54.29540,53.31801,53.65486,2063220
2024-07-31,54.03165,54.53655,53.69254,54.14469,3511507
2024-08-01,53.94122,54.49887,52.75056,53.09721,3333159
2024-08-02,52.59231,52.69781,51.54484,51.57498,3861437
2024-08-05,50.33911,51.75207,49.84929,50.97212,4648481
2024-08-06,51.14544,52.01206,50.84401,51.03994,4195974
2024-08-07,51.58252,52.23059,50.42954,50.49736,2336714
2024-08-08,50.79879,51.97438,50.63301,51.91409,2653469
2024-08-09,51.80859,52.01959,51.03241,51.90656,2352240
2024-08-12,51.95177,52.11002,51.31876,51.49209,1794900
2024-08-13,51.74830,52.40392,51.19819,52.25320,1889250
2024-08-14,52.41145,52.41145,51.65034,51.79352,3334884
2024-08-15,52.56217,52.82592,52.12510,52.59231,2400145
2024-08-16,52.61492,52.91635,52.24567,52.43406,3943579
2024-08-19,52.62999,53.54182,52.27581,53.17257,3409196
2024-08-20,53.12735,53.30068,52.92389,53.05953,3088725
2024-08-21,53.35343,54.57423,53.34589,54.55162,3029010
2024-08-22,54.61191,54.94348,54.33308,54.58176,2802491
2024-08-23,54.92841,55.43708,54.64959,55.30520,1766901
2024-08-26,55.51620,55.61417,55.10927,55.28259,2225512
2024-08-27,55.19216,55.69329,55.08666,55.63678,2352506
2024-08-28,55.71213,56.07385,54.99623,55.04145,2684521
2024-08-29,55.39563,56.12660,55.10927,55.54634,1342659
2024-08-30,55.74228,56.20196,55.50867,56.06631,3946763
2024-09-03,55.80256,55.85531,54.47626,54.84552,3442636
2024-09-04,54.70234,54.96609,53.82818,54.02412,3617800
2024-09-05,54.64959,55.50867,54.41598,54.86059,7869774
2024-09-06,54.61191,54.93595,53.11228,53.25546,5871312
2024-09-09,53.79804,54.89073,53.49661,54.49133,6213014
2024-09-10,54.59684,54.63451,53.97136,54.34062,6334169
2024-09-11,54.32555,54.73248,52.92389,54.64205,4519364
2024-09-12,54.77016,55.34288,53.87340,55.31274,3326524
2024-09-13,55.50867,55.89299,55.32404,55.46345,2201095
2024-09-16,55.85531,56.07385,55.53127,55.55388,2014651
2024-09-17,55.78749,56.42803,55.65486,56.31499,2546380
2024-09-18,56.53354,57.61869,56.16428,57.05350,3635449
2024-09-19,58.02562,58.53806,57.34740,58.24416,4210969
2024-09-20,57.70912,57.85983,56.98191,57.52826,4907644
2024-09-23,57.83723,58.13866,57.10625,57.40769,1772739
2024-09-24,58.34966,58.50791,57.82215,58.22909,2649754
2024-09-25,58.50791,58.59834,57.30219,57.40015,1402506
2024-09-26,58.68124,59.35192,58.45893,59.21628,2450438
2024-09-27,59.57800,60.19593,59.37754,59.68350,2371880
2024-09-30,59.40467,59.63074,58.94122,59.48003,2124792
2024-10-01,59.63074,59.81160,58.34966,58.47777,2736141
2024-10-02,58.50038,58.99774,58.29691,58.51545,2530191
2024-10-03,58.10852,58.28184,57.63376,57.82969,1851430
2024-10-04,58.69631,58.71891,57.64883,57.95780,2082594
2024-10-07,57.36247,58.00301,57.21176,57.51319,2284298
2024-10-08,57.35493,57.79955,57.14017,57.60362,1828075
2024-10-09,57.66390,58.12359,57.50565,57.88998,1157277
2024-10-10,58.37227,58.52298,57.89751,58.20648,2142309
2024-10-11,58.22909,59.20121,58.20648,58.79427,1707716
2024-10-14,58.85456,59.14092,58.41748,59.11831,2328487
2024-10-15,59.29917,59.66843,58.14619,58.25170,3361822
2024-10-16,58.36473,58.72645,58.12359,58.19894,1780834
2024-10-17,58.44762,58.54559,57.84476,58.22909,2278592
2024-10-18,58.47777,58.52298,57.95403,58.37980,4091805
2024-10-21,58.32705,58.58327,57.75433,58.11605,2238649
2024-10-22,57.89751,57.96534,57.10625,57.16654,2658114
2024-10-23,56.94800,57.35493,56.54107,56.90279,6459173
2024-10-24,57.02336,57.06481,56.47325,56.53354,3070413
2024-10-25,57.03843,57.09118,56.04371,56.49585,3620587
2024-10-28,56.82743,57.21929,56.48832,56.63903,3380931
2024-10-29,56.43557,56.68425,55.83949,56.21703,5033444
2024-10-30,55.19216,56.12660,54.18990,54.32555,4930070
2024-10-31,54.15222,54.68726,53.69254,53.82818,4213623
2024-11-01,53.80558,54.39337,53.64732,53.76036,4424749
2024-11-04,53.78297,54.06179,53.36097,53.62472,4397147
2024-11-05,53.63225,54.33308,53.50415,53.79804,4955682
2024-11-06,55.41824,56.16051,55.04145,55.98342,5670935
2024-11-07,55.87792,56.07762,55.23361,55.77242,4908971
2024-11-08,55.66692,56.74454,55.59156,56.66918,4985804
2024-11-11,56.94800,57.80708,56.83120,57.39262,4573506
2024-11-12,57.26451,57.66390,56.26601,56.55614,3469309
2024-11-13,56.39789,57.76941,56.39789,57.41522,3698614
2024-11-14,57.30972,57.70158,56.97061,56.97815,4096582
2024-11-15,56.73700,56.94800,56.18689,56.38282,4581468
2024-11-18,55.96835,56.43557,55.87038,56.22457,3022641
2024-11-19,55.62170,56.34137,55.62170,56.14167,3036840
2024-11-20,56.38282,57.09872,56.20196,57.08365,4399403
2024-11-21,57.29465,58.04446,56.92540,57.98794,5210864
2024-11-22,58.09344,59.22004,58.01055,59.09570,4258741
2024-11-25,59.53278,60.40693,59.23888,60.04522,4738186
2024-11-26,59.78146,59.84929,59.14092,59.50264,3435338
2024-11-27,59.61567,60.09797,59.51771,59.83421,2327956
2024-11-29,59.82668,60.13564,59.70384,59.78146,1638580
2024-12-02,59.82668,59.84929,59.03542,59.50264,2616313
2024-12-03,59.44235,59.50264,58.58327,59.20874,2743440
2024-12-04,59.18613,59.59307,58.96759,59.40467,1655433
2024-12-05,59.47249,59.68350,59.22381,59.63828,2316146
2024-12-06,59.89450,60.08289,59.17860,59.44989,3925266
2024-12-09,59.17860,59.74604,59.07310,59.11831,3254335
2024-12-10,59.06556,59.42728,58.13866,59.02035,1857004
2024-12-11,59.42728,59.44989,58.70384,58.99020,1821971
2024-12-12,58.92992,59.17860,57.67897,57.89751,2948329
2024-12-13,57.87490,57.99548,57.31726,57.92012,2622683
2024-12-16,57.95026,58.28184,57.63376,57.91259,2716634
2024-12-17,57.60362,58.19894,56.88772,57.06858,3926726
2024-12-18,57.13640,57.42276,55.48606,55.50867,4998411
2024-12-19,55.65938,56.09269,54.80784,55.19216,4076809
2024-12-20,54.94348,56.17182,54.94348,56.10399,11499384
2024-12-23,55.68953,56.35644,55.44838,56.11153,3976886
2024-12-24,56.08892,56.60889,55.95328,56.51846,869185
2024-12-26,56.29993,57.19669,56.16428,57.12133,2616181
2024-12-27,56.89525,57.37001,56.66541,57.00829,3118583
2024-12-30,56.40543,56.69932,55.80256,56.54861,2260014
2024-12-31,56.75961,57.15900,56.38282,56.51846,1629556
2025-01-02,56.86511,57.03843,55.97588,56.07385,2481888
2025-01-03,56.11906,57.26451,56.02487,57.19669,2290402
2025-01-06,57.45290,57.96534,57.19669,57.66390,3719448
2025-01-07,57.68651,58.14619,57.43029,57.76187,3246107
2025-01-08,57.60362,58.07837,56.91786,57.83723,3041484
2025-01-10,57.17408,57.26451,56.35268,56.72947,3228724
2025-01-13,56.51846,57.47551,56.38282,57.33986,2843496
2025-01-14,57.67144,58.47023,57.53579,58.28938,1858464
2025-01-15,59.08063,59.15599,58.28184,58.68877,3649117
2025-01-16,59.15599,59.31424,58.74906,59.30671,3136232
2025-01-17,59.75885,59.90957,59.34062,59.46496,3529555
2025-01-21,60.07536,60.91183,59.90203,60.83647,3254866
2025-01-22,60.89676,61.03994,60.11304,60.43708,3001674
2025-01-23,60.55011,60.79879,60.05275,60.46722,2935855
2025-01-24,60.51243,60.81010,60.44461,60.67822,1970595
2025-01-27,60.14318,60.67822,59.60437,60.11304,3246771
2025-01-28,60.08289,60.66315,59.62321,60.58026,2514134
2025-01-29,60.45215,60.97965,60.32404,60.77619,2279255
2025-01-30,61.03994,61.76337,60.97965,61.51469,1815203
2025-01-31,61.73323,62.17031,61.22834,61.28862,2496751
2025-02-03,60.03768,61.07762,59.77393,60.46722,3311661
2025-02-04,60.39186,60.78372,60.17332,60.36926,2618967
2025-02-05,60.24115,60.37679,59.34062,59.90203,5506785
2025-02-06,60.02261,60.19593,59.54785,60.16579,4640386
2025-02-07,60.28636,60.54258,58.59834,59.60060,5647049
2025-02-10,60.57272,61.14544,60.09043,60.66315,4753181
2025-02-11,60.30897,60.66315,59.85682,60.42200,3188914
2025-02-12,59.59307,60.44461,59.50640,60.41447,2508694
2025-02-13,60.58779,61.61266,60.33157,61.54484,3039626
2025-02-14,61.79352,62.00452,60.67822,60.73851,3600815
2025-02-18,61.00226,61.78598,60.65938,61.61266,3311661
2025-02-19,61.54484,62.65260,61.48455,62.53203,3840869
2025-02-20,62.59231,62.78824,61.67295,61.67295,3100005
2025-02-21,61.68802,61.68802,60.06782,60.30897,4313281
2025-02-24,60.36926,60.80633,60.22607,60.36172,3322012
2025-02-25,60.36172,60.76865,59.32178,59.98493,5556547
2025-02-26,60.27882,60.84401,59.84175,60.21854,3864224
2025-02-27,60.28636,60.93444,59.95478,59.98493,2883704
2025-02-28,60.12057,60.28636,59.20121,59.93971,5600869
2025-03-03,60.27882,60.84401,59.18613,59.53278,4721997
2025-03-04,59.02788,59.20121,57.80708,58.18387,3501024
2025-03-05,58.35720,59.32178,58.23059,58.86209,5470558
2025-03-06,58.40241,58.62095,57.68651,58.17634,3144857
2025-03-07,57.52072,58.08591,56.94800,57.72419,4330797
2025-03-10,56.89525,57.14393,56.02864,56.45818,3901911
2025-03-11,56.51846,56.65034,55.47852,55.91560,3906821
2025-03-12,56.26225,56.63150,55.46345,55.67445,3196212
2025-03-13,55.48606,55.53881,54.08440,54.12208,4216144
2025-03-14,55.01130,55.65185,54.48380,55.54634,2864728
2025-03-17,55.46345,56.55614,55.24868,56.32253,2310174
2025-03-18,56.11906,56.25471,55.73474,56.05124,2471272
2025-03-19,56.05878,57.01959,55.97588,56.70686,2261341
2025-03-20,56.26978,56.72570,55.88546,56.26225,2772368
2025-03-21,55.67445,56.42050,55.22607,56.36021,6281753
2025-03-24,56.88018,57.44537,56.76714,57.20422,2695270
2025-03-25,57.42276,57.52449,56.78222,57.24944,2510419
2025-03-26,57.23436,57.67897,56.44310,56.66164,1622788
2025-03-27,56.46571,56.90279,55.98719,56.20950,1765308
2025-03-28,56.03617,56.23210,54.63451,54.73248,1981078
2025-03-31,54.12962,55.32027,53.84325,55.14695,4085833
2025-04-01,55.01130,55.50867,54.60437,55.38809,2758170
2025-04-02,54.81537,56.15298,54.77016,55.98342,1522865
2025-04-03,53.69254,54.05803,50.86662,50.95705,5585343
2025-04-04,49.45742,49.64582,47.66767,48.32705,6453865
2025-04-07,47.33233,50.27882,46.53354,48.71891,6884609
2025-04-08,49.54785,50.24115,46.49585,47.15900,6885936
2025-04-09,46.05878,51.42427,45.50490,51.06255,9864387
2025-04-10,50.14318,50.38056,46.88772,48.05576,7405191
2025-04-11,47.92012,49.35946,46.83496,48.96759,5662973
2025-04-14,49.55539,50.08666,49.20121,49.74378,3002338
2025-04-15,49.80407,50.21100,49.30671,49.57800,2950585
2025-04-16,49.51017,49.91334,48.20648,48.98267,3408798
2025-04-17,49.15599,49.62321,49.07310,49.31424,2035883
2025-04-21,48.70384,48.89601,47.56594,48.22909,3476740
2025-04-22,48.91484,49.80407,48.67747,49.72871,2883571
2025-04-23,51.28862,52.07235,50.38433,50.53504,2426021
2025-04-24,50.48983,52.03466,50.36926,51.93670,2066272
2025-04-25,51.73323,52.49435,51.43934,51.93670,2835534
2025-04-28,51.95177,52.47174,51.19065,51.85381,2316146
2025-04-29,51.81613,52.27581,51.53730,52.06481,2658379
2025-04-30,51.98191,52.63753,51.07385,52.51696,3718121
2025-05-01,49.19367,50.61040,48.97513,50.32404,14350045
2025-05-02,51.28109,51.63527,50.38433,50.90430,7449247
2025-05-05,50.67822,51.29616,50.42954,50.93444,4948118
2025-05-06,50.20346,51.41673,50.20346,50.67822,4621012
2025-05-07,51.04748,51.83120,50.90430,51.26601,5373819
2025-05-08,51.71816,53.08214,51.71816,52.62246,4459118
2025-05-09,52.82592,53.34589,52.64657,53.14243,4586908
2025-05-12,55.07159,55.98342,55.07159,55.56895,5561324
2025-05-13,55.50113,56.26978,55.39563,55.50113,4503705
2025-05-14,55.29013,55.62170,54.77016,54.78523,3661193
2025-05-15,54.66466,54.99623,54.39714,54.61944,5356966
2025-05-16,54.53655,55.22231,54.30294,55.15448,4280106
2025-05-19,54.28033,54.85305,54.28033,54.72494,5534917
2025-05-20,54.47626,54.70987,54.09344,54.22004,4786091
2025-05-21,53.82818,54.05426,52.80331,52.82592,4222647
2025-05-22,52.65260,53.27053,52.57724,52.86360,3277425
2025-05-23,51.95931,52.81688,51.95931,52.50188,4596993
2025-05-27,53.18011,53.40618,52.72796,53.39864,7068796
2025-05-28,54.37830,54.67219,53.65486,53.88847,7102369
2025-05-29,54.26526,54.28787,53.20271,53.55690,3221558
2025-05-30,53.33836,53.48907,52.49058,52.89375,5682479
2025-06-02,52.55463,53.04446,51.67672,52.94650,4266969
2025-06-03,53.10475,55.22231,53.10475,54.36322,6049262
2025-06-04,54.49887,54.64205,54.16805,54.19744,2644578
2025-06-05,54.43858,54.54408,53.84702,54.07687,2530722
2025-06-06,54.89073,55.42577,54.79277,55.03391,2810851
2025-06-09,55.19216,55.59156,55.04898,55.16956,3799865
2025-06-10,55.01130,55.32027,53.35343,54.75509,5016060
2025-06-11,54.80030,55.10927,53.57197,53.73022,3931238
2025-06-12,53.27807,53.67370,52.94650,53.45893,2574115
2025-06-13,52.70535,53.07460,51.99699,52.32103,5475467
2025-06-16,53.07460,53.70007,52.85607,53.32328,2596408
2025-06-17,52.93896,53.28561,52.34363,52.44913,2648692
2025-06-18,52.45667,53.18764,52.39864,52.62246,2433055
2025-06-20,52.96157,53.24039,52.29465,52.48681,4334247
2025-06-23,52.36624,53.00301,51.89902,52.99171,3949948
2025-06-24,53.23286,53.50415,52.99171,53.25546,3721173
2025-06-25,53.31575,53.32328,52.67521,52.81085,3552512
2025-06-26,53.11982,53.79804,52.80331,53.66993,2323179
2025-06-27,53.79050,54.14469,53.61718,53.95629,3958839
2025-06-30,52.05000,52.39000,50.00000,52.13000,10876800
2025-07-01,52.07000,54.24000,51.25000,53.16000,6551200
2025-07-02,53.26000,53.56000,52.94500,53.34000,5891000
2025-07-03,53.50000,53.75000,52.83000,53.05000,2484800
2025-07-07,52.79000,53.28000,52.61000,53.00000,6797700
2025-07-08,53.17000,53.51000,52.68000,52.80000,3623600
2025-07-09,52.80000,53.03000,52.40000,52.99000,3079500
2025-07-10,53.13000,53.50000,52.83100,53.06000,4938300
2025-07-11,52.59000,52.81000,52.40000,52.69000,3543700
2025-07-14,52.27000,52.50000,51.86000,52.17000,2607600
2025-07-15,51.76000,52.32000,51.09000,51.15000,4430700
2025-07-16,51.17000,51.44000,50.06500,50.32000,5005600
2025-07-17,50.50000,51.30500,50.34000,51.27000,4665000
2025-07-18,51.47000,51.50000,50.23000,50.53000,2749200
2025-07-21,50.72000,50.91000,50.06000,50.14000,3630700
2025-07-22,50.13000,51.10000,50.01500,51.08000,2760400
2025-07-23,51.43000,51.43000,50.95000,51.11000,2928900
2025-07-24,51.00000,51.47000,49.66300,51.06000,2452200
2025-07-25,51.15000,51.54000,50.82000,51.52000,2939400
2025-07-28,51.56000,51.90000,51.09000,51.26000,3206000
2025-07-29,51.41000,51.54000,50.50000,50.92000,3950400
2025-07-30,52.86000,52.86000,49.26000,49.65000,9711900
2025-07-31,48.99000,49.31000,47.83100,47.93000,4957200
2025-08-01,47.03000,47.30000,46.47000,46.55000,4974300
2025-08-04,46.73000,47.31000,46.34500,47.22000,5443900
2025-08-05,48.21500,48.96000,47.85000,48.40000,8108300
2025-08-06,48.53000,48.66000,47.46000,47.59000,5499500
2025-08-07,48.15000,48.28000,47.33000,47.45000,3207700
2025-08-08,47.46000,47.71000,46.99000,47.10000,3774300
2025-08-11,47.19000,47.41000,46.34000,46.72000,3920200
2025-08-12,47.05000,47.79500,46.90000,47.65000,5818100
2025-08-13,47.86000,48.86500,47.61000,48.73000,6250900
2025-08-14,47.94000,48.22000,47.58500,47.80000,4464300
2025-08-15,48.01000,48.37000,47.77500,48.16000,5626800
2025-08-18,48.13000,48.42000,47.75000,47.75000,3454200
2025-08-19,47.97000,48.73000,47.79500,48.16000,2665800
2025-08-20,48.20000,48.50500,47.68000,48.04000,7630300
2025-08-21,48.00000,48.71000,47.62000,47.76000,4113600
2025-08-22,48.18000,49.52000,47.98000,49.31000,3749700
2025-08-25,49.13000,49.25000,48.47000,48.51000,2753700
2025-08-26,48.48000,48.65000,48.11000,48.51000,5215400
2025-08-27,48.39000,48.93000,48.28000,48.57000,2315600
2025-08-28,48.80000,48.80000,47.68000,48.01000,4023200
2025-08-29,47.98000,48.41000,47.69000,47.86000,2948700
2025-09-02,47.12000,47.36000,46.54000,47.36000,4128200
2025-09-03,47.22000,47.44000,46.65500,47.03000,2848600
2025-09-04,47.06000,47.60500,46.75000,47.58000,2766600
2025-09-05,47.77000,48.39500,47.41000,47.87000,3314800
2025-09-08,47.70000,48.04000,47.03000,47.98000,3201600
2025-09-09,47.80000,47.90500,47.01000,47.71000,3538200
2025-09-10,47.50000,48.18200,47.42500,47.75000,4051400
2025-09-11,47.94000,49.74500,47.70000,49.57000,6155300
2025-09-12,49.31000,49.41000,48.78000,48.83000,4988400
2025-09-15,49.04000,49.10500,48.48000,48.56000,3455200
2025-09-16,48.43000,49.00500,48.06500,48.75000,2968700
2025-09-17,48.94000,49.74500,47.85000,48.03000,4800200
2025-09-18,48.42000,49.39000,48.32000,48.83000,2886800
2025-09-19,49.06000,49.06000,48.12000,48.63000,9949900
2025-09-22,47.93000,48.56000,47.88000,48.32000,2731800
2025-09-23,48.46500,49.26000,48.11000,48.44000,2940200
2025-09-24,48.39000,48.81000,47.67000,48.16000,2802300
2025-09-25,47.94000,47.94000,47.31000,47.67000,3422100
2025-09-26,48.00000,48.56000,47.76500,48.53000,2141200
2025-09-29,48.78000,49.26000,48.54500,48.91000,3322600
2025-09-30,48.81000,49.01000,48.17500,48.99000,3202600
2025-10-01,48.90000,50.22000,48.69000,50.08000,4234600
2025-10-02,50.08000,50.79000,49.55000,49.78000,3007700
2025-10-03,49.82000,50.71500,49.79500,50.41000,3436000
2025-10-06,50.59000,50.84000,50.02000,50.03000,2622300
2025-10-07,50.25000,50.29000,49.31000,49.61000,1829100
2025-10-08,49.91000,50.15000,49.32200,49.84000,1852400
2025-10-09,50.02000,50.02000,49.16000,49.30000,1958000
2025-10-10,49.51000,49.64000,47.71000,47.80000,2453300
2025-10-13,48.24000,48.86000,48.03000,48.58000,1888500
2025-10-14,47.95000,49.31000,47.95000,49.03000,1375400
2025-10-15,48.44000,49.55000,48.10000,48.49000,3537500
2025-10-16,48.89000,48.94000,48.28000,48.69000,1810000
2025-10-17,48.39000,48.86000,48.29000,48.66000,1797000
2025-10-20,48.97000,49.50000,48.77000,49.28000,1504200
2025-10-21,49.17000,50.16000,49.10500,49.78000,1503500
2025-10-22,49.74000,49.94000,48.99500,49.08000,1966700
2025-10-23,49.18000,49.75000,48.88000,49.62000,1467700
2025-10-24,49.98000,50.05000,49.16000,49.47000,1679300
2025-10-27,49.81000,49.95000,49.26000,49.47000,2263800
2025-10-28,49.53000,49.58000,48.97500,49.16000,4205200
2025-10-29,54.92000,55.93000,49.77000,50.34000,9478700
2025-10-30,50.71000,52.83000,50.24000,51.25000,4907700
2025-10-31,50.86000,50.97000,49.95000,50.34000,3578900
2025-11-03,50.16000,50.16000,49.03000,50.10000,3374400
2025-11-04,49.82000,50.39000,49.63000,50.34000,2569700
2025-11-05,50.36000,50.94000,50.05500,50.23000,2853000
2025-11-06,50.71000,51.36000,50.52000,51.08000,3692600
2025-11-07,50.89000,51.54200,49.98500,51.23000,3262900
2025-11-10,51.35000,51.58000,50.87000,51.33000,2547900
2025-11-11,51.33000,51.91000,51.10000,51.88000,2213700
2025-11-12,51.85000,52.52500,51.80000,52.03000,2894400
2025-11-13,52.05000,52.65500,51.87000,51.96000,3905500
2025-11-14,51.48000,51.96500,51.47000,51.59000,4473400
2025-11-17,51.49000,51.83000,50.44000,50.52000,4358500
2025-11-18,50.31000,50.81000,50.10000,50.38000,2638300
2025-11-19,50.34000,50.99000,50.09000,50.42000,2716900
2025-11-20,50.91000,51.66000,50.37000,50.84000,3644500
2025-11-21,50.99000,53.32500,50.92000,52.82000,4152300
2025-11-24,52.86000,53.15000,52.45000,52.46000,4210500
2025-11-25,53.14000,53.52500,52.70000,53.28000,3143700
2025-11-26,53.11000,53.54500,53.00000,53.23000,2171900
2025-11-28,53.36000,53.54000,53.01000,53.48000,1317200
2025-12-01,53.06000,53.52000,52.74000,52.77000,2493100
2025-12-02,52.77000,53.35500,52.57000,53.14000,1912000
2025-12-03,53.25000,53.60000,53.05000,53.45000,2063600
2025-12-04,53.26000,53.82000,53.10000,53.38000,2570400
2025-12-05,53.24000,54.09000,53.13000,53.75000,2461500
2025-12-08,53.61000,54.15000,53.38000,54.13000,3674300
2025-12-09,54.06000,54.38000,53.62000,53.67000,2119100
2025-12-10,53.72000,55.03500,53.66000,54.80000,2106500
2025-12-11,54.70000,55.52500,54.64000,55.46000,2410400
2025-12-12,55.69000,55.75000,54.69200,54.93000,3049400
2025-12-15,55.30000,55.47500,54.76000,55.35000,3388500
2025-12-16,55.55000,55.67000,54.57000,54.66000,2821800
2025-12-17,54.53000,55.73000,54.46500,55.24000,3801500
2025-12-18,55.44000,55.67000,54.48000,54.67000,3477100
2025-12-19,54.49000,55.01000,54.44000,54.91000,12085500
2025-12-22,55.00000,55.76500,54.78000,55.68000,2599500
2025-12-23,55.77000,55.91400,55.28500,55.64000,1612700
2025-12-24,55.50000,55.74000,55.44000,55.46000,972600
2025-12-26,55.40000,55.74000,55.39000,55.69000,1380200
2025-12-29,55.58000,56.18000,55.47000,56.15000,2452300
2025-12-30,56.08000,56.19000,55.89000,55.94000,2068800
2025-12-31,55.94000,56.12000,55.18000,55.21000,1612500
2026-01-02,55.33000,55.69500,55.00300,55.39000,2691300
2026-01-05,54.72500,55.05000,52.65000,53.81000,6408600
2026-01-06,53.48000,55.55500,53.41000,55.45000,5328000
2026-01-07,55.41000,55.63000,54.08500,54.14000,2793900
2026-01-08,53.88000,55.89000,53.88000,55.21000,3740400
2026-01-09,55.24000,55.65000,54.27000,55.00000,2916800
2026-01-12,54.87000,55.64000,54.65500,55.51000,2348100
2026-01-13,55.67000,55.91000,54.13000,54.68000,3537000
2026-01-14,54.70000,55.77000,54.70000,55.76000,2828300
2026-01-15,55.98000,56.03000,55.32000,55.51000,2666000
2026-01-16,54.78000,55.19000,54.34500,54.96000,3207900
2026-01-20,54.37000,54.59000,52.63000,52.70000,3501900
2026-01-21,53.23000,54.94000,52.74000,54.44000,4564600
2026-01-22,54.93000,55.08000,54.36000,54.72000,2076600
2026-01-23,54.60000,54.80000,53.93000,54.59000,3540800
2026-01-26,54.78000,55.13000,54.47000,54.75000,2135300
2026-01-27,54.65000,54.65000,53.08000,53.15000,4674500
2026-01-28,53.12000,53.53000,52.78500,52.80000,2910200
2026-01-29,53.35000,53.71000,52.53000,53.08000,2670600
2026-01-30,52.78000,53.29000,52.43000,52.81000,4330000
2026-02-02,52.75000,53.90000,52.75000,53.70000,3170100
2026-02-03,53.87000,54.74000,53.13000,54.35000,5669600
2026-02-04,54.50000,61.15000,54.50000,60.13000,12979200
2026-02-05,60.73000,61.15000,58.56000,60.20000,5890200
2026-02-06,61.00000,61.00000,58.44000,60.12000,6733600
2026-02-09,60.14000,60.71500,59.69000,60.70000,3345500
2026-02-10,60.80000,61.96000,60.58000,61.92000,3182200
2026-02-11,62.00000,62.42000,57.71000,58.71000,8939600
2026-02-12,59.00000,59.67000,54.97000,56.00000,12572700
2026-02-13,56.10000,57.37000,56.03000,56.90000,5692000
2026-02-17,56.98000,57.65000,56.28000,56.81000,4194800
2026-02-18,56.99000,58.79000,56.79000,58.33000,3760900
2026-02-19,57.98000,58.46000,57.48000,57.86000,2361200
2026-02-20,57.65000,58.76500,57.44000,58.28000,2946800
2026-02-23,58.10000,58.53000,56.49000,57.18000,3531400
2026-02-24,57.29000,58.79000,57.18000,57.68000,2498800
2026-02-25,57.82000,58.65500,57.21000,58.32000,2983300
2026-02-26,58.72000,60.37000,58.39000,59.80000,4306600
2026-02-27,59.12000,59.72000,58.35000,59.20000,4964100
2026-03-02,58.43000,58.92000,57.94000,58.58000,2503400
2026-03-03,57.62000,58.49000,56.82000,58.03000,2582100
2026-03-04,58.19000,58.39500,57.58000,58.00000,1903800
2026-03-05,57.50000,58.22000,57.01000,58.03000,4120900
2026-03-06,57.25000,57.40000,55.60000,57.39000,4415000
2026-03-09,56.43000,56.91500,55.41000,56.35000,4668400
2026-03-10,56.57000,56.66000,55.69000,55.82000,2506100
2026-03-11,55.60000,56.55000,55.31000,56.31000,3074700
2026-03-12,55.86000,56.45000,54.31000,54.89000,6102000
2026-03-13,54.51000,55.40500,54.01000,54.27000,2678100
2026-03-16,54.63000,54.79000,53.73000,53.76000,3269700
2026-03-17,54.35000,56.36000,53.57000,55.84000,4912100
2026-03-18,55.55000,55.69000,54.50500,54.84000,3972500
2026-03-19,54.29000,55.87000,54.05000,55.55000,4136900
2026-03-20,55.50000,56.14000,54.73000,55.22000,4696300
2026-03-23,56.14000,56.78000,55.32000,55.39000,2649700
2026-03-24,54.68000,55.44000,54.49000,54.90000,2757900
2026-03-25,55.49000,55.83000,53.86000,54.78000,2011100
2026-03-26,54.42000,55.40500,54.37000,54.81000,1959600
2026-03-27,54.51000,54.60000,53.80500,53.92000,1804400
2026-03-30,54.54000,54.70000,53.48000,53.62000,1845000
2026-03-31,54.50000,55.91000,54.20000,55.28000,2341300
2026-04-01,55.53000,56.17000,55.27000,55.90000,2498000
2026-04-02,55.28000,56.60500,54.77000,56.08000,1927700
2026-04-06,55.88000,56.78500,55.70500,56.71000,2133200
2026-04-07,56.56000,57.20000,56.39000,56.87000,2171800
2026-04-08,58.04000,59.42500,57.91500,59.38000,2805400
2026-04-09,59.10000,60.64500,58.93000,60.23000,2877500
2026-04-10,60.30000,60.50000,57.95000,58.36000,3795900
2026-04-13,58.12000,60.01500,58.12000,59.82000,3557700
2026-04-14,58.53500,60.31000,58.53500,59.71000,2394600
2026-04-15,59.63000,59.76500,58.72000,58.93000,936359
