date,open,high,low,close,volume
2016-02-04,25.31000,25.42000,25.25000,25.30000,4100
2016-02-05,25.39000,25.49000,24.91000,25.00000,10700
2016-02-08,24.67000,25.70000,23.76000,24.50000,5200
2016-02-09,24.95000,25.07000,24.21000,24.46000,3600
2016-02-10,24.64000,24.71000,24.12000,24.50000,4700
2016-02-11,24.15000,24.40000,23.95000,24.25000,8200
2016-02-12,24.33000,24.49000,23.90000,24.12000,8300
2016-02-16,24.41000,24.81000,24.08000,24.54000,8400
2016-02-17,25.00000,25.13000,24.28000,24.84000,6900
2016-02-18,24.30000,24.72000,24.30000,24.52000,5500
2016-02-19,24.26000,24.99000,24.25000,24.48000,3000
2016-02-22,24.73000,24.90000,24.35000,24.79000,6700
2016-02-23,24.63000,24.93000,24.57000,24.85000,4800
2016-02-24,24.79000,25.00000,24.62000,24.75000,6400
2016-02-25,25.00000,25.00000,25.00000,25.00000,2600
2016-02-26,25.21000,25.25000,24.69000,24.85000,7900
2016-02-29,25.05000,25.15000,24.41000,24.85000,8200
2016-03-01,24.80000,25.25000,24.80000,25.15000,9400
2016-03-02,25.04000,25.20000,25.04000,25.20000,2800
2016-03-03,25.06000,25.35000,25.06000,25.35000,16700
2016-03-04,25.25000,25.35000,24.96000,25.28000,18100
2016-03-07,25.35000,25.73000,25.19000,25.36000,7000
2016-03-08,25.40000,25.97000,25.26000,25.39000,17900
2016-03-09,25.37000,26.00000,25.37000,26.00000,10700
2016-03-10,26.19000,26.50000,25.90000,26.48000,6000
2016-03-11,26.50000,26.74000,26.46000,26.46000,7900
2016-03-14,26.30000,26.89000,26.30000,26.85000,4300
2016-03-15,26.84000,26.90000,26.53000,26.90000,7200
2016-03-16,26.95000,26.98000,26.95000,26.98000,900
2016-03-17,26.99000,27.00000,26.90000,27.00000,1500
2016-03-18,26.95000,27.10000,26.69000,26.69000,8600
2016-03-21,26.69000,27.09000,26.54000,26.54000,6600
2016-03-22,26.81000,27.00000,26.58000,26.70000,7200
2016-03-23,26.95000,27.03000,26.85000,26.85000,3400
2016-03-24,26.99000,27.25000,26.84000,26.99000,11800
2016-03-28,27.00000,27.10000,27.00000,27.03000,1500
2016-03-29,26.94000,27.10000,26.63000,26.82000,7200
2016-03-30,26.94000,27.07000,26.88000,26.99000,9200
2016-03-31,26.94000,27.00000,26.77000,26.81000,6000
2016-04-01,26.75000,27.00000,26.51000,26.60000,10300
2016-04-04,27.45000,27.45000,25.95000,26.85000,11100
2016-04-05,26.70000,26.93000,26.49000,26.83000,6000
2016-04-06,26.87000,26.90000,26.81000,26.87000,5600
2016-04-07,26.79000,27.00000,26.65000,27.00000,15300
2016-04-08,27.00000,27.08000,26.87000,26.95000,4200
2016-04-11,26.90000,27.13000,26.81000,27.03000,5000
2016-04-12,27.17000,27.25000,26.61000,27.10000,18500
2016-04-13,27.13000,27.23000,27.00000,27.09000,14600
2016-04-14,26.97000,27.12000,26.81000,27.09000,12700
2016-04-15,27.25000,27.46000,27.01000,27.01000,7800
2016-04-18,27.00000,27.40000,27.00000,27.06000,10000
2016-04-19,27.10000,27.21000,27.08000,27.14000,7500
2016-04-20,27.15000,27.28000,26.87000,27.21000,18000
2016-04-21,27.09000,27.50000,26.94000,27.48000,12900
2016-04-22,27.48000,27.50000,27.37000,27.43000,18000
2016-04-25,27.54000,27.65000,27.27000,27.58000,13600
2016-04-26,27.56000,27.99000,27.52000,27.88000,20300
2016-04-27,27.88000,28.00000,27.71000,28.00000,28700
2016-04-28,28.00000,28.00000,27.92000,27.99000,5800
2016-04-29,28.00000,28.00000,27.52000,27.90000,13500
2016-05-02,27.89000,28.13000,27.79000,27.99000,25600
2016-05-03,27.96000,28.95000,27.72000,28.23000,13000
2016-05-04,28.37000,28.55000,28.23000,28.40000,18900
2016-05-05,28.23000,28.49000,28.12000,28.34000,13100
2016-05-06,28.25000,28.48000,28.03000,28.19000,13500
2016-05-09,28.15000,28.35000,27.86000,28.20000,12600
2016-05-10,28.10000,28.30000,27.71000,27.95000,28000
2016-05-11,27.97000,28.24000,27.63000,27.96000,12200
2016-05-12,27.96000,27.96000,27.41000,27.87000,8300
2016-05-13,28.00000,28.00000,27.41000,27.85000,10800
2016-05-16,28.00000,28.00000,27.91000,28.00000,7400
2016-05-17,27.84000,28.00000,27.79000,27.97000,13000
2016-05-18,27.92000,28.00000,27.81000,28.00000,14700
2016-05-19,27.88000,28.47000,27.88000,28.31000,14900
2016-05-20,28.26000,28.59000,28.15000,28.15000,14300
2016-05-23,28.25000,28.31000,28.00000,28.00000,6500
2016-05-24,28.09000,28.43000,28.06000,28.18000,14000
2016-05-25,28.19000,28.46000,28.06000,28.21000,19000
2016-05-26,28.24000,28.49000,28.12000,28.19000,5900
2016-05-27,28.25000,28.38000,28.00000,28.20000,16100
2016-05-31,28.11000,28.33000,27.69000,27.73000,12600
2016-06-01,27.75000,27.92000,27.50000,27.70000,4700
2016-06-02,28.13000,28.13000,27.60000,27.74000,4100
2016-06-03,27.75000,27.75000,27.16000,27.18000,8900
2016-06-06,27.26000,27.60000,27.26000,27.26000,10000
2016-06-07,27.36000,27.74000,27.36000,27.43000,10200
2016-06-08,27.58000,27.74000,27.26000,27.67000,12800
2016-06-09,27.64000,27.72000,27.31000,27.55000,5000
2016-06-10,27.49000,27.75000,27.48000,27.54000,5300
2016-06-13,27.99000,27.99000,26.50000,26.89000,20200
2016-06-14,27.71000,27.71000,25.43000,26.61000,25300
2016-06-15,26.67000,27.27000,25.64000,26.54000,17900
2016-06-16,26.84000,26.86000,26.33000,26.66000,14900
2016-06-17,26.78000,26.80000,25.96000,26.12000,23700
2016-06-20,26.31000,26.82000,25.94000,26.04000,28700
2016-06-21,26.30000,26.81000,25.90000,26.73000,27100
2016-06-22,26.74000,27.50000,26.70000,27.50000,28500
2016-06-23,27.71000,28.12000,27.59000,28.00000,46300
2016-06-24,27.68000,28.59000,26.59000,26.89000,565800
2016-06-27,26.97000,26.97000,24.76000,24.99000,41400
2016-06-28,25.33000,26.22000,25.12000,26.08000,34100
2016-06-29,28.01000,28.01000,26.22000,26.65000,17100
2016-06-30,26.99000,28.54000,26.37000,27.47000,22000
2016-07-01,27.47000,28.00000,27.30000,27.96000,16700
2016-07-05,27.76000,28.28000,27.11000,27.50000,23300
2016-07-06,27.26000,28.51000,26.62000,28.39000,32200
2016-07-07,28.25000,28.50000,27.70000,27.88000,12700
2016-07-08,28.18000,28.57000,27.72000,28.19000,39000
2016-07-11,27.73000,28.50000,27.73000,28.15000,21400
2016-07-12,28.37000,28.48000,28.10000,28.23000,29400
2016-07-13,28.21000,28.38000,28.04000,28.13000,8500
2016-07-14,28.30000,28.33000,27.91000,28.24000,14400
2016-07-15,28.25000,28.25000,27.21000,28.25000,10300
2016-07-18,28.17000,28.25000,27.68000,28.20000,6400
2016-07-19,27.92000,28.24000,27.43000,27.73000,13600
2016-07-20,27.66000,28.03000,27.42000,27.85000,10200
2016-07-21,27.88000,28.03000,27.39000,27.90000,13800
2016-07-22,27.76000,28.21000,27.76000,28.18000,7300
2016-07-25,28.20000,28.56000,28.14000,28.27000,19700
2016-07-26,28.06000,29.00000,28.06000,28.75000,15500
2016-07-27,28.54000,28.77000,27.75000,28.71000,13400
2016-07-28,28.60000,28.81000,28.60000,28.74000,8800
2016-07-29,29.36000,29.37000,28.93000,28.94000,14700
2016-08-01,28.85000,29.08000,28.48000,28.60000,10200
2016-08-02,28.66000,28.78000,28.20000,28.20000,7300
2016-08-03,28.25000,28.66000,28.14000,28.35000,4400
2016-08-04,28.06000,28.42000,28.00000,28.08000,5400
2016-08-05,28.14000,28.99000,27.98000,28.57000,11400
2016-08-08,28.72000,28.83000,28.41000,28.83000,3500
2016-08-09,28.64000,29.05000,28.61000,29.05000,4600
2016-08-10,28.81000,29.00000,28.40000,28.61000,6000
2016-08-11,28.68000,28.88000,28.25000,28.55000,6200
2016-08-12,28.53000,28.80000,28.15000,28.64000,26300
2016-08-15,28.75000,29.00000,28.67000,28.88000,6200
2016-08-16,28.56000,28.76000,28.43000,28.48000,3700
2016-08-17,28.15000,28.59000,28.15000,28.33000,3000
2016-08-18,28.38000,28.73000,28.38000,28.58000,5700
2016-08-19,28.67000,28.72000,28.47000,28.59000,10800
2016-08-22,28.45000,28.74000,28.33000,28.59000,6700
2016-08-23,28.53000,29.02000,28.53000,28.74000,7200
2016-08-24,28.70000,28.87000,28.68000,28.68000,2000
2016-08-25,28.70000,28.97000,28.66000,28.93000,5900
2016-08-26,29.00000,29.14000,28.20000,28.60000,5200
2016-08-29,28.85000,28.99000,28.80000,28.80000,3100
2016-08-30,29.00000,29.05000,28.92000,28.92000,3900
2016-08-31,27.79000,28.94000,27.79000,28.84000,5500
2016-09-01,28.82000,29.02000,28.80000,29.01000,7000
2016-09-02,29.19000,29.20000,29.15000,29.15000,7400
2016-09-06,29.31000,29.78000,28.97000,29.14000,11400
2016-09-07,29.08000,29.36000,29.02000,29.09000,7300
2016-09-08,29.00000,29.25000,29.00000,29.17000,7700
2016-09-09,28.96000,29.00000,28.64000,28.64000,4700
2016-09-12,28.64000,28.94000,28.27000,28.84000,5600
2016-09-13,28.59000,28.63000,28.06000,28.12000,6100
2016-09-14,28.68000,28.68000,28.05000,28.05000,1400
2016-09-15,28.13000,28.44000,27.52000,28.20000,4000
2016-09-16,28.31000,28.40000,28.15000,28.27000,16100
2016-09-19,28.42000,28.42000,27.44000,27.90000,45600
2016-09-20,28.05000,28.05000,27.69000,27.80000,3200
2016-09-21,27.56000,27.96000,27.56000,27.95000,3800
2016-09-22,28.07000,28.07000,27.50000,28.03000,4200
2016-09-23,27.74000,27.87000,27.71000,27.71000,2100
2016-09-26,27.65000,27.99000,27.11000,27.31000,16800
2016-09-27,27.49000,27.59000,27.19000,27.30000,8300
2016-09-28,27.23000,27.96000,27.23000,27.55000,6800
2016-09-29,27.55000,27.55000,27.00000,27.36000,4500
2016-09-30,27.50000,28.60000,27.13000,28.00000,8600
2016-10-03,27.88000,28.01000,27.85000,27.88000,8100
2016-10-04,27.00000,27.92000,27.00000,27.72000,3500
2016-10-05,27.77000,27.77000,27.23000,27.63000,3300
2016-10-06,28.35000,28.35000,27.61000,27.90000,3700
2016-10-07,27.77000,27.83000,27.04000,27.42000,4300
2016-10-10,27.57000,27.60000,27.21000,27.54000,5000
2016-10-11,27.60000,28.52000,27.42000,27.55000,56300
2016-10-12,27.64000,27.91000,27.52000,27.77000,4000
2016-10-13,27.65000,27.79000,27.56000,27.56000,3900
2016-10-14,27.71000,27.95000,27.31000,27.40000,2100
2016-10-17,27.65000,27.65000,27.19000,27.62000,3000
2016-10-18,27.89000,27.95000,27.69000,27.82000,3100
2016-10-19,27.95000,27.95000,27.45000,27.69000,3600
2016-10-20,27.87000,27.95000,27.80000,27.80000,1500
2016-10-21,27.83000,27.83000,27.26000,27.60000,6400
2016-10-24,27.76000,27.80000,27.60000,27.80000,2400
2016-10-25,27.25000,28.75000,27.25000,28.40000,4600
2016-10-26,28.25000,28.25000,27.91000,27.91000,2500
2016-10-27,28.53000,29.00000,28.23000,28.51000,4800
2016-10-28,28.61000,28.88000,28.03000,28.88000,1900
2016-10-31,28.86000,29.00000,28.60000,28.71000,13500
2016-11-01,28.74000,28.74000,28.21000,28.28000,3200
2016-11-02,28.41000,28.65000,28.30000,28.36000,4300
2016-11-03,28.44000,28.56000,27.86000,28.28000,4900
2016-11-04,28.01000,28.63000,27.92000,27.95000,8400
2016-11-07,28.38000,28.39000,27.50000,28.00000,9300
2016-11-08,28.04000,28.29000,27.90000,27.97000,7100
2016-11-09,27.95000,29.45000,27.53000,29.44000,14000
2016-11-10,29.61000,30.15000,28.65000,29.99000,14800
2016-11-11,29.86000,33.00000,29.86000,32.50000,85200
2016-11-14,32.50000,32.70000,32.25000,32.60000,17800
2016-11-15,32.53000,32.81000,32.17000,32.63000,6300
2016-11-16,32.75000,33.19000,32.52000,33.19000,18200
2016-11-17,33.20000,33.20000,32.60000,32.61000,17800
2016-11-18,32.78000,33.00000,32.72000,32.94000,12200
2016-11-21,33.00000,33.15000,32.63000,33.00000,7400
2016-11-22,33.66000,33.66000,32.96000,33.59000,7300
2016-11-23,33.48000,34.52000,32.77000,33.75000,10100
2016-11-25,33.22000,33.86000,33.22000,33.86000,2700
2016-11-28,33.83000,33.85000,33.59000,33.69000,6900
2016-11-29,33.87000,33.87000,32.84000,33.59000,6700
2016-11-30,33.86000,34.47000,33.25000,33.70000,8700
2016-12-01,33.79000,34.10000,33.36000,33.64000,12500
2016-12-02,33.64000,33.84000,33.15000,33.17000,21600
2016-12-05,33.30000,33.84000,33.30000,33.80000,6700
2016-12-06,33.78000,34.49000,33.74000,34.35000,21900
2016-12-07,34.41000,34.45000,33.96000,34.31000,12300
2016-12-08,34.46000,34.70000,34.26000,34.44000,20000
2016-12-09,34.34000,35.75000,34.34000,35.15000,29300
2016-12-12,34.90000,35.74000,34.77000,35.49000,30300
2016-12-13,35.60000,35.60000,35.04000,35.53000,10600
2016-12-14,35.84000,36.93000,35.55000,36.65000,9300
2016-12-15,36.72000,38.37000,36.65000,37.77000,21300
2016-12-16,38.05000,38.05000,37.07000,37.75000,41800
2016-12-19,37.72000,39.75000,37.19000,38.81000,13500
2016-12-20,39.10000,39.64000,38.13000,39.29000,9800
2016-12-21,39.20000,39.50000,38.90000,39.32000,21200
2016-12-22,39.08000,39.65000,39.06000,39.14000,6100
2016-12-23,39.12000,39.65000,39.05000,39.29000,4500
2016-12-27,39.03000,39.59000,37.73000,39.00000,16300
2016-12-28,39.03000,39.38000,38.52000,38.52000,4600
2016-12-29,38.62000,38.99000,38.42000,38.74000,3900
2016-12-30,39.25000,39.35000,38.61000,38.61000,2800
2017-01-03,38.90000,38.90000,38.00000,38.12000,13000
2017-01-04,38.75000,38.75000,38.01000,38.20000,7700
2017-01-05,38.19000,38.25000,36.52000,36.73000,20700
2017-01-06,36.69000,36.69000,35.62000,36.28000,13800
2017-01-09,35.96000,35.96000,35.03000,35.86000,19000
2017-01-10,37.77000,37.77000,35.18000,36.57000,10400
2017-01-11,36.57000,37.18000,35.56000,37.01000,21400
2017-01-12,36.57000,37.05000,35.82000,35.82000,10700
2017-01-13,35.82000,36.49000,35.32000,35.78000,8800
2017-01-17,35.95000,36.46000,35.20000,35.43000,6600
2017-01-18,35.53000,36.82000,35.41000,35.71000,3900
2017-01-19,35.79000,35.79000,35.41000,35.59000,3000
2017-01-20,35.43000,37.10000,35.42000,35.42000,5800
2017-01-23,36.80000,36.80000,35.49000,35.49000,4100
2017-01-24,35.89000,36.90000,35.20000,36.49000,6900
2017-01-25,36.62000,37.00000,36.50000,37.00000,6800
2017-01-26,36.82000,37.03000,36.82000,36.83000,4500
2017-01-27,36.63000,36.99000,36.53000,36.71000,2600
2017-01-30,36.53000,36.82000,36.08000,36.08000,3700
2017-01-31,36.20000,36.20000,35.20000,35.57000,4100
2017-02-01,35.87000,36.21000,35.58000,35.83000,3200
2017-02-02,35.70000,36.10000,35.16000,35.32000,1800
2017-02-03,35.47000,35.69000,35.10000,35.69000,3200
2017-02-06,35.40000,36.14000,35.00000,35.15000,22700
2017-02-07,35.51000,35.51000,35.03000,35.14000,3200
2017-02-08,35.42000,35.42000,34.99000,35.14000,7900
2017-02-09,35.10000,35.57000,34.96000,35.37000,7500
2017-02-10,35.59000,35.59000,35.42000,35.42000,1800
2017-02-13,35.30000,35.55000,35.25000,35.53000,6800
2017-02-14,35.45000,35.90000,35.39000,35.70000,6300
2017-02-15,35.57000,36.37000,35.57000,36.09000,3200
2017-02-16,36.98000,36.98000,35.28000,36.10000,3300
2017-02-17,36.25000,36.74000,36.01000,36.70000,7200
2017-02-21,36.70000,36.90000,36.26000,36.54000,5900
2017-02-22,36.59000,36.89000,36.45000,36.45000,2700
2017-02-23,36.27000,36.75000,36.25000,36.40000,3800
2017-02-24,36.25000,36.50000,36.12000,36.25000,16700
2017-02-27,36.59000,36.59000,35.76000,36.16000,6400
2017-02-28,36.19000,36.27000,36.00000,36.00000,20900
2017-03-01,36.17000,36.48000,36.10000,36.45000,16900
2017-03-02,36.45000,36.50000,36.13000,36.13000,8800
2017-03-03,36.20000,36.20000,35.93000,35.93000,5100
2017-03-06,35.63000,35.64000,35.42000,35.62000,2800
2017-03-07,35.46000,35.75000,35.45000,35.61000,4800
2017-03-08,35.75000,35.75000,35.00000,35.03000,14100
2017-03-09,35.95000,35.99000,35.01000,35.37000,5400
2017-03-10,34.50000,35.74000,34.47000,34.47000,9800
2017-03-13,35.00000,35.20000,34.54000,35.00000,3700
2017-03-14,34.65000,34.84000,33.90000,33.90000,8100
2017-03-15,33.93000,35.75000,33.92000,35.20000,4000
2017-03-16,34.00000,34.97000,34.00000,34.60000,4200
2017-03-17,34.50000,35.00000,34.36000,34.84000,14400
2017-03-20,34.85000,34.91000,34.24000,34.24000,3700
2017-03-21,34.07000,34.20000,33.81000,34.00000,21100
2017-03-22,33.85000,34.33000,32.77000,33.20000,30100
2017-03-23,33.26000,33.91000,33.26000,33.61000,3800
2017-03-24,33.62000,34.00000,33.42000,33.44000,5500
2017-03-27,33.15000,33.55000,32.69000,33.40000,49200
2017-03-28,33.53000,34.74000,33.53000,34.13000,62000
2017-03-29,34.65000,34.65000,34.25000,34.33000,900
2017-03-30,34.11000,34.37000,33.60000,33.99000,23600
2017-03-31,33.99000,34.25000,32.60000,33.75000,78000
2017-04-03,33.86000,34.23000,33.55000,33.69000,61900
2017-04-04,33.65000,33.79000,33.01000,33.35000,34200
2017-04-05,33.50000,34.54000,32.80000,33.00000,62000
2017-04-06,33.11000,33.34000,32.58000,33.25000,10800
2017-04-07,33.24000,33.70000,33.09000,33.49000,21500
2017-04-10,33.50000,33.50000,33.00000,33.22000,8000
2017-04-11,33.22000,33.50000,33.10000,33.22000,5500
2017-04-12,33.99000,33.99000,33.00000,33.30000,4100
2017-04-13,34.17000,34.17000,32.58000,32.60000,9500
2017-04-17,32.53000,33.19000,32.52000,32.96000,8100
2017-04-18,32.81000,33.72000,32.81000,33.55000,13900
2017-04-19,32.97000,34.00000,32.97000,33.57000,8100
2017-04-20,33.95000,34.11000,33.31000,34.00000,16700
2017-04-21,34.00000,34.77000,34.00000,34.32000,15800
2017-04-24,34.64000,34.91000,34.17000,34.23000,14500
2017-04-25,34.81000,34.81000,33.74000,33.91000,27800
2017-04-26,34.09000,35.11000,34.09000,35.09000,30800
2017-04-27,35.50000,37.74000,35.20000,36.97000,36500
2017-04-28,36.95000,37.84000,36.95000,37.14000,18300
2017-05-01,37.44000,38.18000,37.44000,37.95000,24900
2017-05-02,37.93000,38.22000,37.93000,38.13000,6900
2017-05-03,37.82000,38.07000,37.73000,37.93000,9300
2017-05-04,38.92000,38.92000,35.58000,36.03000,17100
2017-05-05,35.89000,37.01000,35.61000,36.85000,12100
2017-05-08,37.00000,37.43000,36.90000,37.09000,13900
2017-05-09,37.99000,37.99000,36.55000,36.99000,18100
2017-05-10,36.31000,36.89000,36.31000,36.72000,9700
2017-05-11,36.20000,36.78000,36.09000,36.43000,13900
2017-05-12,36.01000,36.01000,35.25000,35.26000,6100
2017-05-15,35.86000,36.34000,35.63000,36.06000,16200
2017-05-16,36.57000,36.57000,35.96000,36.40000,7000
2017-05-17,35.92000,36.13000,35.67000,35.72000,11200
2017-05-18,35.44000,35.94000,34.85000,35.11000,10300
2017-05-19,35.02000,35.53000,34.40000,35.33000,18200
2017-05-22,35.07000,35.68000,34.75000,34.80000,10600
2017-05-23,34.62000,35.40000,34.62000,35.30000,7100
2017-05-24,35.30000,35.81000,35.30000,35.65000,7100
2017-05-25,36.08000,36.08000,34.88000,35.68000,24300
2017-05-26,35.55000,35.95000,35.50000,35.64000,11500
2017-05-30,35.17000,35.20000,34.70000,34.76000,6600
2017-05-31,34.27000,35.05000,34.27000,34.80000,18300
2017-06-01,34.97000,35.10000,34.60000,34.84000,7000
2017-06-02,34.94000,36.71000,34.56000,36.37000,18300
2017-06-05,36.79000,36.79000,35.00000,35.34000,14100
2017-06-06,35.04000,35.94000,35.04000,35.72000,3200
2017-06-07,35.01000,36.05000,35.01000,35.76000,6500
2017-06-08,35.14000,37.00000,35.14000,36.97000,12900
2017-06-09,37.00000,38.90000,36.98000,38.68000,10600
2017-06-12,38.94000,40.71000,37.01000,39.32000,24800
2017-06-13,39.32000,39.93000,39.20000,39.38000,21700
2017-06-14,39.35000,39.54000,39.00000,39.40000,13200
2017-06-15,39.22000,40.10000,39.22000,40.10000,9000
2017-06-16,39.46000,41.02000,39.25000,40.81000,65600
2017-06-19,42.32000,42.32000,39.73000,40.46000,25500
2017-06-20,40.46000,40.60000,38.44000,39.52000,25400
2017-06-21,39.69000,40.06000,38.98000,39.09000,18100
2017-06-22,40.50000,41.63000,39.34000,39.34000,8500
2017-06-23,40.34000,40.83000,39.09000,40.51000,82200
2017-06-26,40.34000,43.46000,40.34000,41.18000,36100
2017-06-27,42.50000,42.50000,41.04000,41.99000,15900
2017-06-28,42.18000,47.20000,41.96000,43.63000,22700
2017-06-29,44.19000,44.83000,41.74000,42.91000,11700
2017-06-30,42.93000,42.93000,40.96000,42.52000,15600
2017-07-03,42.55000,43.38000,42.50000,42.90000,10500
2017-07-05,42.91000,43.00000,41.72000,42.68000,13200
2017-07-06,42.67000,43.40000,41.90000,42.88000,42700
2017-07-07,42.87000,43.60000,42.36000,43.19000,8500
2017-07-10,42.27000,43.17000,42.27000,42.74000,5300
2017-07-11,41.16000,42.89000,41.16000,42.89000,8600
2017-07-12,42.89000,43.00000,42.01000,42.69000,18200
2017-07-13,41.96000,42.75000,41.81000,42.60000,18900
2017-07-14,42.36000,43.02000,41.48000,42.22000,16400
2017-07-17,42.12000,42.49000,42.10000,42.21000,8100
2017-07-18,41.96000,42.25000,41.61000,42.15000,12200
2017-07-19,42.30000,42.49000,42.05000,42.28000,16600
2017-07-20,42.02000,42.29000,42.02000,42.20000,4900
2017-07-21,42.37000,43.88000,41.61000,41.97000,20300
2017-07-24,42.36000,42.36000,41.22000,41.53000,7200
2017-07-25,42.28000,43.02000,41.96000,42.42000,39800
2017-07-26,41.63000,41.70000,40.85000,41.10000,14800
2017-07-27,41.00000,41.06000,39.82000,39.92000,16500
2017-07-28,40.14000,40.85000,39.49000,40.19000,16900
2017-07-31,40.64000,41.12000,39.37000,40.52000,11200
2017-08-01,40.65000,40.75000,39.73000,40.15000,22100
2017-08-02,39.37000,40.23000,39.37000,39.53000,5400
2017-08-03,39.58000,39.79000,38.51000,39.40000,14800
2017-08-04,38.60000,39.66000,38.60000,39.50000,15900
2017-08-07,39.25000,39.96000,38.58000,39.09000,13900
2017-08-08,39.66000,40.15000,39.40000,40.15000,15500
2017-08-09,39.91000,40.13000,39.11000,39.33000,15200
2017-08-10,39.18000,40.00000,38.86000,39.57000,17700
2017-08-11,39.47000,39.92000,38.36000,38.58000,17200
2017-08-14,38.91000,39.47000,38.75000,39.47000,11700
2017-08-15,39.66000,40.82000,39.66000,40.26000,11100
2017-08-16,40.15000,40.68000,39.84000,39.84000,9300
2017-08-17,39.70000,40.13000,39.33000,39.54000,21200
2017-08-18,39.03000,39.03000,38.21000,38.30000,12900
2017-08-21,38.33000,38.50000,37.27000,38.21000,14900
2017-08-22,38.54000,39.28000,38.22000,38.37000,11600
2017-08-23,38.34000,38.35000,37.94000,38.15000,14400
2017-08-24,39.21000,41.40000,39.15000,40.40000,17600
2017-08-25,40.24000,41.51000,39.85000,41.20000,10200
2017-08-28,40.80000,41.31000,40.32000,40.32000,15400
2017-08-29,40.44000,41.00000,40.25000,40.68000,5000
2017-08-30,40.91000,40.91000,40.24000,40.34000,9500
2017-08-31,40.79000,40.79000,40.17000,40.38000,11600
2017-09-01,39.90000,40.75000,39.90000,40.52000,15300
2017-09-05,40.61000,40.85000,39.75000,40.21000,13400
2017-09-06,40.19000,40.19000,39.76000,39.98000,8800
2017-09-07,39.80000,39.92000,39.51000,39.69000,8400
2017-09-08,39.52000,40.91000,39.30000,40.29000,21100
2017-09-11,40.41000,42.31000,40.41000,41.96000,25600
2017-09-12,42.05000,43.00000,41.43000,42.16000,29000
2017-09-13,41.99000,42.64000,41.57000,42.53000,30300
2017-09-14,42.63000,42.75000,42.42000,42.74000,29000
2017-09-15,42.84000,42.98000,41.83000,42.01000,66500
2017-09-18,42.15000,42.46000,41.67000,42.44000,7900
2017-09-19,41.29000,42.68000,41.29000,42.34000,4100
2017-09-20,41.60000,42.24000,41.58000,42.00000,21600
2017-09-21,41.28000,42.16000,41.28000,41.91000,9400
2017-09-22,41.61000,42.20000,41.61000,41.79000,14500
2017-09-25,41.98000,42.26000,41.03000,42.03000,16600
2017-09-26,41.86000,42.37000,41.43000,41.44000,30600
2017-09-27,41.97000,42.39000,41.50000,42.02000,69200
2017-09-28,41.72000,42.75000,41.72000,42.28000,43700
2017-09-29,42.20000,42.30000,41.66000,41.82000,16900
2017-10-02,41.83000,42.27000,41.75000,42.06000,29600
2017-10-03,42.06000,42.40000,41.43000,42.00000,87800
2017-10-04,42.00000,42.61000,41.76000,41.95000,31000
2017-10-05,42.02000,42.19000,41.75000,42.06000,37900
2017-10-06,42.05000,42.29000,41.67000,41.90000,30200
2017-10-09,41.85000,42.32000,41.82000,41.96000,29600
2017-10-10,42.00000,42.37000,41.92000,42.06000,60400
2017-10-11,41.88000,42.68000,41.88000,42.05000,45100
2017-10-12,42.76000,43.00000,42.40000,42.56000,79200
2017-10-13,42.57000,43.45000,42.19000,42.20000,38500
2017-10-16,42.38000,42.38000,41.84000,42.00000,39100
2017-10-17,42.40000,42.41000,41.55000,41.74000,31600
2017-10-18,41.95000,42.56000,41.75000,42.16000,33900
2017-10-19,41.97000,42.38000,41.64000,42.00000,34000
2017-10-20,42.33000,42.33000,41.55000,42.00000,34900
2017-10-23,42.15000,42.28000,41.47000,41.85000,32400
2017-10-24,41.87000,43.25000,41.12000,43.22000,108200
2017-10-25,43.22000,44.27000,41.90000,43.71000,39300
2017-10-26,43.98000,44.94000,43.51000,44.67000,26000
2017-10-27,44.60000,44.60000,43.36000,43.51000,34800
2017-10-30,43.31000,43.33000,42.32000,42.46000,32200
2017-10-31,42.46000,43.24000,42.21000,42.84000,25700
2017-11-01,43.06000,43.06000,41.28000,41.82000,15000
2017-11-02,41.81000,42.00000,41.42000,41.81000,20200
2017-11-03,41.68000,41.68000,40.91000,40.97000,21100
2017-11-06,40.79000,41.43000,40.70000,41.12000,17100
2017-11-07,41.50000,41.85000,39.79000,39.99000,38600
2017-11-08,39.00000,39.80000,39.00000,39.63000,14000
2017-11-09,39.39000,40.21000,39.16000,39.67000,14200
2017-11-10,39.68000,40.48000,39.68000,39.75000,9600
2017-11-13,39.52000,40.58000,38.55000,40.38000,27700
2017-11-14,40.29000,40.55000,39.65000,40.48000,34400
2017-11-15,40.14000,40.94000,39.51000,40.20000,41400
2017-11-16,40.40000,42.00000,40.15000,40.43000,20000
2017-11-17,40.44000,41.03000,40.19000,40.95000,20600
2017-11-20,40.97000,41.47000,40.44000,41.24000,26800
2017-11-21,40.74000,41.88000,40.74000,41.61000,17900
2017-11-22,41.60000,42.50000,40.19000,41.54000,21100
2017-11-24,41.75000,41.75000,40.95000,41.37000,23300
2017-11-27,41.09000,42.34000,41.09000,42.04000,23900
2017-11-28,42.05000,42.75000,41.89000,42.74000,15000
2017-11-29,42.75000,43.71000,41.52000,43.48000,21900
2017-11-30,43.69000,43.69000,41.09000,42.80000,60900
2017-12-01,41.55000,42.54000,41.55000,42.24000,20300
2017-12-04,42.73000,43.45000,42.18000,42.91000,14000
2017-12-05,42.92000,42.92000,42.60000,42.75000,16200
2017-12-06,43.24000,43.24000,42.73000,42.86000,12100
2017-12-07,42.84000,43.70000,42.84000,43.58000,38500
2017-12-08,43.68000,43.68000,42.01000,42.09000,23700
2017-12-11,42.20000,42.85000,41.62000,42.34000,38500
2017-12-12,43.42000,43.85000,42.93000,43.09000,13600
2017-12-13,43.08000,43.65000,42.62000,43.19000,15300
2017-12-14,43.12000,43.60000,42.15000,42.28000,15300
2017-12-15,42.17000,44.19000,42.17000,43.95000,45400
2017-12-18,44.35000,44.68000,43.97000,44.24000,6800
2017-12-19,44.24000,44.24000,43.67000,43.68000,10900
2017-12-20,43.80000,43.80000,43.24000,43.24000,14800
2017-12-21,43.55000,44.32000,43.55000,43.88000,6500
2017-12-22,43.87000,44.14000,43.14000,43.19000,6200
2017-12-26,43.07000,43.99000,42.93000,43.28000,11200
2017-12-27,43.26000,43.89000,42.78000,42.93000,7500
2017-12-28,43.15000,43.15000,42.15000,42.50000,3900
2017-12-29,42.61000,43.53000,42.55000,43.22000,22400
2018-01-02,43.15000,45.00000,42.02000,42.11000,14800
2018-01-03,42.03000,43.56000,41.52000,43.28000,15600
2018-01-04,43.43000,43.47000,41.90000,42.22000,14500
2018-01-05,42.21000,42.57000,41.36000,42.10000,17000
2018-01-08,42.31000,42.31000,41.56000,42.19000,12700
2018-01-09,42.04000,42.91000,41.91000,41.91000,10400
2018-01-10,42.69000,42.99000,42.25000,42.66000,3500
2018-01-11,42.76000,43.84000,42.10000,43.12000,10900
2018-01-12,43.85000,43.85000,43.06000,43.56000,6000
2018-01-16,43.56000,44.39000,43.05000,43.05000,10500
2018-01-17,43.15000,43.89000,43.05000,43.76000,3900
2018-01-18,43.82000,43.82000,42.28000,42.94000,17400
2018-01-19,42.74000,44.13000,42.74000,43.39000,29400
2018-01-22,44.47000,44.47000,42.62000,43.22000,8500
2018-01-23,43.20000,43.59000,43.20000,43.59000,2100
2018-01-24,43.66000,44.22000,41.89000,42.26000,27500
2018-01-25,42.42000,42.47000,42.03000,42.33000,9800
2018-01-26,42.68000,42.81000,42.10000,42.14000,4900
2018-01-29,41.93000,42.17000,41.62000,41.62000,16000
2018-01-30,41.62000,42.39000,41.11000,42.33000,6400
2018-01-31,42.32000,43.04000,42.32000,42.86000,15800
2018-02-01,42.72000,43.00000,42.10000,42.86000,12400
2018-02-02,42.46000,42.46000,42.02000,42.05000,9600
2018-02-05,41.90000,42.70000,40.08000,40.08000,49100
2018-02-06,39.95000,42.00000,34.12000,40.05000,24100
2018-02-07,41.14000,41.49000,40.67000,40.72000,68200
2018-02-08,40.50000,40.80000,39.67000,39.74000,14800
2018-02-09,39.93000,40.66000,39.48000,40.25000,12100
2018-02-12,40.77000,40.81000,39.97000,40.15000,10500
2018-02-13,39.89000,40.83000,39.42000,40.63000,13200
2018-02-14,40.30000,40.72000,39.71000,39.80000,13100
2018-02-15,39.99000,40.48000,39.98000,40.48000,12600
2018-02-16,40.23000,41.00000,40.23000,40.68000,18700
2018-02-20,40.47000,41.25000,39.90000,40.01000,11200
2018-02-21,40.05000,40.98000,40.05000,40.43000,9300
2018-02-22,40.43000,40.87000,40.30000,40.50000,29200
2018-02-23,40.50000,41.16000,40.19000,40.50000,189000
2018-02-26,40.62000,42.00000,40.50000,41.84000,29300
2018-02-27,41.85000,43.00000,41.34000,41.70000,19300
2018-02-28,41.75000,42.23000,41.32000,41.50000,23300
2018-03-01,41.51000,42.64000,41.51000,41.93000,16600
2018-03-02,42.60000,42.60000,41.47000,41.79000,12300
2018-03-05,41.51000,43.92000,41.51000,43.31000,23400
2018-03-06,42.85000,43.81000,41.81000,42.84000,25900
2018-03-07,42.61000,43.88000,42.48000,43.40000,20900
2018-03-08,43.36000,43.84000,42.36000,43.41000,20900
2018-03-09,43.56000,44.00000,43.21000,43.99000,54400
2018-03-12,43.98000,44.08000,43.40000,43.76000,10900
2018-03-13,43.80000,44.17000,43.26000,43.66000,19600
2018-03-14,43.77000,44.06000,42.83000,43.05000,33000
2018-03-15,43.15000,43.96000,42.97000,43.49000,35800
2018-03-16,43.54000,44.17000,42.55000,42.55000,92100
2018-03-19,42.55000,43.34000,42.39000,42.77000,21700
2018-03-20,42.91000,43.60000,42.20000,42.59000,20900
2018-03-21,42.62000,43.20000,42.40000,42.59000,17100
2018-03-22,42.26000,43.07000,41.37000,41.51000,29800
2018-03-23,41.72000,42.48000,40.60000,40.78000,28100
2018-03-26,41.43000,44.24000,41.43000,42.79000,21000
2018-03-27,42.85000,42.98000,41.78000,42.16000,20500
2018-03-28,43.75000,43.75000,41.78000,43.22000,20500
2018-03-29,43.36000,43.84000,42.61000,43.17000,39600
2018-04-02,43.04000,43.10000,41.74000,42.30000,15100
2018-04-03,44.14000,44.14000,41.85000,42.69000,12900
2018-04-04,42.31000,44.21000,42.31000,43.43000,15700
2018-04-05,43.20000,43.68000,42.35000,43.55000,28000
2018-04-06,43.17000,44.04000,42.76000,42.77000,21600
2018-04-09,43.08000,43.70000,42.29000,43.27000,13400
2018-04-10,43.50000,44.24000,42.31000,44.12000,24400
2018-04-11,43.75000,44.02000,43.20000,43.32000,34700
2018-04-12,43.31000,44.25000,42.36000,44.04000,46300
2018-04-13,44.20000,44.20000,42.52000,43.91000,14400
2018-04-16,44.14000,44.25000,42.83000,43.41000,21500
2018-04-17,43.57000,44.23000,43.06000,43.43000,17900
2018-04-18,43.50000,43.64000,42.40000,43.50000,44100
2018-04-19,43.46000,44.07000,43.04000,43.82000,48100
2018-04-20,43.66000,44.12000,43.46000,43.92000,13100
2018-04-23,43.90000,44.34000,42.33000,44.19000,12700
2018-04-24,44.38000,44.50000,43.80000,43.88000,27600
2018-04-25,43.87000,44.25000,42.38000,43.96000,19100
2018-04-26,43.97000,44.45000,43.78000,44.00000,10500
2018-04-27,44.00000,44.22000,43.57000,43.71000,19800
2018-04-30,43.60000,44.19000,43.25000,43.35000,24200
2018-05-01,43.32000,44.14000,43.25000,43.30000,20500
2018-05-02,43.31000,43.79000,43.31000,43.44000,6900
2018-05-03,43.29000,43.65000,42.85000,43.22000,16900
2018-05-04,42.95000,43.85000,42.36000,43.65000,18100
2018-05-07,43.65000,44.28000,43.57000,43.88000,29800
2018-05-08,43.95000,43.95000,42.97000,43.68000,31800
2018-05-09,43.75000,44.06000,43.29000,43.90000,36200
2018-05-10,43.91000,44.45000,43.76000,44.20000,23300
2018-05-11,44.13000,44.43000,44.05000,44.21000,26800
2018-05-14,44.25000,44.45000,44.05000,44.15000,11600
2018-05-15,44.03000,44.41000,43.81000,44.30000,17000
2018-05-16,44.28000,44.42000,43.98000,44.23000,21400
2018-05-17,44.40000,44.50000,44.24000,44.50000,21300
2018-05-18,44.65000,44.70000,44.44000,44.53000,14500
2018-05-21,44.55000,44.69000,44.16000,44.50000,35400
2018-05-22,44.60000,44.99000,44.58000,44.81000,40000
2018-05-23,44.64000,45.63000,44.64000,45.12000,26300
2018-05-24,45.01000,45.23000,44.38000,44.79000,11000
2018-05-25,44.68000,45.25000,44.51000,44.57000,23600
2018-05-29,44.37000,44.74000,43.48000,43.65000,16300
2018-05-30,43.90000,44.49000,43.51000,43.61000,27500
2018-05-31,43.73000,44.23000,43.60000,44.02000,27400
2018-06-01,44.21000,44.92000,44.09000,44.88000,14100
2018-06-04,44.87000,45.00000,44.30000,44.87000,7400
2018-06-05,44.80000,45.25000,44.70000,44.91000,15200
2018-06-06,44.50000,45.25000,44.46000,45.25000,21800
2018-06-07,45.25000,45.87000,44.73000,45.32000,6800
2018-06-08,45.25000,46.24000,45.25000,46.02000,21600
2018-06-11,46.06000,46.06000,45.32000,45.69000,24100
2018-06-12,45.64000,45.64000,44.85000,45.24000,24600
2018-06-13,45.27000,45.80000,44.80000,44.99000,10900
2018-06-14,45.13000,45.38000,44.03000,45.16000,16800
2018-06-15,44.89000,46.19000,44.40000,46.15000,91100
2018-06-18,45.99000,47.98000,44.71000,47.44000,50700
2018-06-19,47.09000,47.67000,46.58000,47.33000,23100
2018-06-20,47.50000,48.47000,46.56000,48.11000,21500
2018-06-21,48.12000,48.18000,47.00000,47.37000,52700
2018-06-22,47.88000,48.16000,46.70000,47.85000,212200
2018-06-25,47.47000,48.14000,47.29000,47.81000,26000
2018-06-26,47.85000,48.06000,47.15000,47.97000,14700
2018-06-27,47.95000,47.95000,46.82000,47.05000,35900
2018-06-28,47.12000,47.25000,46.19000,47.00000,15800
2018-06-29,47.09000,47.44000,46.47000,46.55000,27300
2018-07-02,46.40000,47.73000,46.21000,47.32000,32600
2018-07-03,47.45000,47.71000,46.99000,47.50000,4200
2018-07-05,47.65000,47.97000,46.85000,47.84000,22900
2018-07-06,47.85000,47.99000,46.90000,47.90000,26300
2018-07-09,47.95000,48.24000,47.72000,48.10000,29300
2018-07-10,48.12000,48.12000,47.12000,47.17000,15500
2018-07-11,47.08000,47.23000,46.61000,46.74000,21900
2018-07-12,46.94000,46.94000,46.31000,46.41000,10700
2018-07-13,46.41000,46.48000,45.94000,46.01000,17400
2018-07-16,46.05000,46.30000,45.56000,45.93000,22200
2018-07-17,45.93000,46.14000,45.40000,45.41000,31900
2018-07-18,45.56000,46.08000,45.40000,45.93000,24400
2018-07-19,45.90000,46.94000,45.65000,46.10000,9800
2018-07-20,46.18000,46.94000,46.09000,46.80000,12400
2018-07-23,45.80000,46.60000,45.79000,46.31000,14300
2018-07-24,46.51000,47.04000,46.25000,46.59000,9200
2018-07-25,46.58000,46.58000,45.87000,45.90000,5700
2018-07-26,45.87000,46.90000,45.87000,46.61000,9400
2018-07-27,46.73000,46.73000,45.53000,45.68000,11700
2018-07-30,45.71000,46.22000,45.65000,45.70000,6700
2018-07-31,45.94000,45.94000,44.81000,45.59000,12300
2018-08-01,45.54000,46.04000,45.50000,45.97000,13000
2018-08-02,45.87000,46.59000,45.75000,46.54000,11300
2018-08-03,46.36000,46.54000,45.54000,45.85000,9600
2018-08-06,45.71000,45.71000,44.63000,45.24000,11500
2018-08-07,45.39000,46.06000,44.97000,45.68000,9300
2018-08-08,45.72000,46.00000,44.93000,45.00000,25800
2018-08-09,44.99000,45.34000,42.82000,45.15000,15000
2018-08-10,44.92000,45.48000,44.37000,44.95000,6500
2018-08-13,44.99000,45.50000,44.46000,44.66000,6600
2018-08-14,44.85000,45.50000,44.27000,45.32000,14800
2018-08-15,45.34000,46.50000,44.88000,45.31000,11200
2018-08-16,45.67000,46.58000,43.97000,45.75000,10900
2018-08-17,45.65000,46.24000,45.64000,45.94000,19000
2018-08-20,46.08000,46.20000,45.05000,45.98000,12100
2018-08-21,45.91000,46.25000,45.42000,46.22000,6400
2018-08-22,46.32000,46.32000,45.49000,45.92000,12900
2018-08-23,45.86000,46.10000,45.12000,45.84000,10600
2018-08-24,45.90000,45.90000,44.90000,45.59000,19600
2018-08-27,45.71000,45.87000,45.00000,45.52000,10500
2018-08-28,45.72000,45.99000,45.01000,45.41000,9600
2018-08-29,45.42000,45.92000,44.63000,45.24000,15200
2018-08-30,45.09000,45.66000,44.83000,45.49000,7300
2018-08-31,45.40000,46.06000,45.35000,45.75000,9400
2018-09-04,45.80000,45.95000,45.30000,45.86000,11000
2018-09-05,45.28000,45.59000,45.28000,45.59000,3800
2018-09-06,45.66000,45.66000,44.61000,44.82000,27200
2018-09-07,44.58000,45.39000,44.58000,45.05000,14400
2018-09-10,45.03000,45.10000,44.80000,45.10000,12600
2018-09-11,45.05000,45.24000,44.68000,44.90000,6400
2018-09-12,44.78000,44.92000,43.68000,44.05000,9300
2018-09-13,44.25000,44.82000,43.48000,43.81000,9500
2018-09-14,43.85000,43.94000,41.63000,43.42000,14600
2018-09-17,43.15000,43.50000,42.88000,43.48000,7400
2018-09-18,43.52000,43.52000,41.46000,43.18000,6000
2018-09-19,42.44000,43.79000,42.26000,43.43000,18900
2018-09-20,43.48000,44.50000,42.69000,44.50000,9700
2018-09-21,44.47000,44.47000,43.71000,44.35000,35200
2018-09-24,44.33000,44.33000,43.16000,43.67000,17000
2018-09-25,43.22000,43.64000,42.64000,43.40000,15600
2018-09-26,43.34000,43.63000,42.75000,43.25000,8600
2018-09-27,43.35000,43.62000,43.20000,43.21000,8300
2018-09-28,43.31000,43.48000,43.01000,43.48000,6500
2018-10-01,43.50000,43.81000,42.33000,42.44000,9900
2018-10-02,42.45000,42.57000,41.63000,42.21000,15000
2018-10-03,42.36000,43.66000,41.12000,43.23000,11000
2018-10-04,43.22000,43.56000,42.90000,43.22000,11500
2018-10-05,42.92000,43.20000,41.84000,42.86000,9200
2018-10-08,42.92000,43.00000,42.07000,42.86000,15800
2018-10-09,42.82000,43.64000,42.82000,43.10000,9300
2018-10-10,43.08000,43.37000,42.24000,42.54000,17100
2018-10-11,42.57000,43.70000,41.23000,41.71000,4500
2018-10-12,42.13000,42.62000,40.02000,40.77000,16300
2018-10-15,40.83000,43.02000,40.45000,41.08000,9100
2018-10-16,41.75000,42.49000,40.79000,42.15000,16700
2018-10-17,42.08000,43.13000,41.78000,42.12000,7800
2018-10-18,41.91000,41.91000,41.02000,41.18000,7600
2018-10-19,41.06000,42.00000,40.94000,40.98000,6900
2018-10-22,41.15000,41.44000,39.42000,40.53000,19600
2018-10-23,40.27000,41.70000,39.64000,40.98000,11700
2018-10-24,41.45000,41.50000,39.15000,39.15000,10700
2018-10-25,39.49000,40.42000,39.04000,39.36000,16900
2018-10-26,38.93000,40.27000,38.93000,39.33000,9700
2018-10-29,39.79000,39.79000,36.90000,39.57000,16100
2018-10-30,39.57000,39.89000,39.24000,39.65000,4600
2018-10-31,40.00000,40.15000,38.31000,39.74000,23600
2018-11-01,39.79000,40.27000,39.31000,39.71000,5800
2018-11-02,39.55000,39.99000,39.55000,39.74000,6300
2018-11-05,39.72000,40.13000,39.44000,39.56000,9800
2018-11-06,39.36000,40.44000,39.36000,40.15000,5300
2018-11-07,40.31000,41.03000,38.82000,39.58000,10600
2018-11-08,39.00000,39.85000,39.00000,39.72000,4600
2018-11-09,39.72000,40.18000,39.50000,39.87000,6300
2018-11-12,39.45000,39.60000,38.89000,38.89000,6600
2018-11-13,36.51000,39.50000,36.51000,39.38000,4200
2018-11-14,39.52000,39.81000,37.68000,38.51000,10800
2018-11-15,38.31000,39.28000,37.69000,38.70000,9500
2018-11-16,38.51000,39.05000,37.63000,38.07000,13500
2018-11-19,37.96000,39.30000,37.26000,38.38000,12100
2018-11-20,37.97000,37.97000,36.23000,36.99000,19000
2018-11-21,37.06000,37.49000,36.53000,37.31000,5400
2018-11-23,36.97000,37.84000,36.61000,37.40000,10600
2018-11-26,37.45000,37.72000,36.72000,37.39000,13800
2018-11-27,36.66000,37.78000,35.63000,37.21000,10900
2018-11-28,37.30000,38.05000,35.00000,37.76000,14200
2018-11-29,37.52000,38.50000,37.52000,37.98000,9500
2018-11-30,37.86000,38.41000,37.33000,37.98000,15800
2018-12-03,38.35000,38.99000,37.60000,38.15000,10700
2018-12-04,38.10000,38.12000,36.50000,36.50000,17300
2018-12-06,36.15000,36.87000,36.10000,36.60000,10600
2018-12-07,36.41000,37.75000,36.40000,36.61000,8200
2018-12-10,36.50000,37.25000,36.48000,36.48000,11600
2018-12-11,36.73000,36.73000,35.77000,35.87000,6500
2018-12-12,36.10000,36.20000,32.59000,35.85000,4900
2018-12-13,35.89000,36.90000,35.37000,35.80000,18200
2018-12-14,35.64000,35.80000,35.16000,35.16000,8900
2018-12-17,36.38000,36.38000,34.76000,35.08000,16400
2018-12-18,35.45000,36.03000,34.55000,34.85000,15300
2018-12-19,35.40000,36.17000,34.75000,34.97000,11700
2018-12-20,34.91000,36.44000,34.85000,36.19000,15800
2018-12-21,36.25000,36.74000,35.00000,35.01000,39000
2018-12-24,35.00000,36.00000,35.00000,35.41000,5200
2018-12-26,34.88000,36.19000,33.72000,34.43000,24000
2018-12-27,34.07000,35.71000,33.29000,33.71000,26200
2018-12-28,33.87000,35.40000,33.59000,34.75000,15100
2018-12-31,35.02000,35.97000,34.50000,35.40000,11200
2019-01-02,35.16000,35.92000,34.75000,35.92000,23200
2019-01-03,35.98000,36.30000,34.64000,35.39000,9900
2019-01-04,35.74000,36.49000,34.59000,36.11000,14100
2019-01-07,36.05000,36.40000,34.50000,36.40000,13200
2019-01-08,36.45000,36.45000,35.43000,36.18000,6800
2019-01-09,36.20000,37.72000,35.96000,37.72000,4600
2019-01-10,37.42000,37.68000,36.51000,36.91000,13300
2019-01-11,36.80000,36.80000,35.52000,35.84000,18200
2019-01-14,35.66000,36.18000,35.37000,35.45000,9200
2019-01-15,35.46000,35.85000,35.46000,35.70000,3700
2019-01-16,35.80000,36.87000,35.54000,36.39000,11100
2019-01-17,36.15000,36.67000,36.06000,36.17000,10800
2019-01-18,36.25000,37.00000,36.18000,36.51000,10400
2019-01-22,36.53000,37.40000,35.81000,36.20000,13300
2019-01-23,36.48000,36.92000,36.05000,36.38000,14100
2019-01-24,36.30000,36.45000,35.79000,35.90000,7800
2019-01-25,35.98000,36.35000,35.88000,36.20000,6600
2019-01-28,35.99000,36.10000,35.58000,36.10000,9800
2019-01-29,35.64000,37.09000,35.50000,35.50000,9100
2019-01-30,36.29000,36.30000,35.00000,35.72000,13500
2019-01-31,35.49000,36.50000,35.15000,35.36000,9300
2019-02-01,35.39000,35.91000,35.39000,35.42000,9900
2019-02-04,35.27000,35.59000,35.22000,35.43000,9100
2019-02-05,35.31000,35.87000,35.23000,35.43000,8700
2019-02-06,35.34000,35.72000,35.01000,35.33000,4800
2019-02-07,35.40000,35.97000,35.08000,35.20000,9400
2019-02-08,34.87000,35.23000,34.80000,34.82000,7200
2019-02-11,34.99000,35.36000,34.34000,34.72000,12700
2019-02-12,34.91000,35.45000,34.49000,35.25000,15900
2019-02-13,35.35000,35.65000,34.94000,35.28000,14900
2019-02-14,35.36000,35.89000,35.04000,35.16000,13300
2019-02-15,35.29000,36.17000,35.05000,35.24000,28500
2019-02-19,35.23000,35.50000,34.61000,35.07000,28100
2019-02-20,35.09000,35.76000,35.00000,35.08000,21400
2019-02-21,35.24000,35.56000,35.07000,35.12000,9200
2019-02-22,35.15000,35.68000,35.15000,35.53000,14500
2019-02-25,35.75000,35.75000,35.10000,35.10000,13700
2019-02-26,35.14000,35.53000,35.14000,35.15000,10800
2019-02-27,35.15000,35.45000,35.15000,35.35000,6700
2019-02-28,35.48000,35.84000,35.36000,35.37000,9700
2019-03-01,35.60000,35.90000,35.10000,35.76000,11600
2019-03-04,35.80000,36.24000,35.66000,35.73000,8700
2019-03-05,36.06000,36.60000,35.73000,35.94000,9900
2019-03-06,35.79000,35.94000,35.03000,35.10000,12300
2019-03-07,35.15000,35.29000,34.12000,34.44000,13300
2019-03-08,34.43000,35.16000,34.43000,34.69000,11100
2019-03-11,34.61000,35.57000,34.61000,35.30000,8900
2019-03-12,35.00000,35.42000,34.72000,35.07000,6200
2019-03-13,35.20000,35.65000,35.02000,35.02000,4900
2019-03-14,35.08000,35.57000,35.05000,35.35000,6100
2019-03-15,35.48000,36.13000,35.48000,36.13000,49800
2019-03-18,35.99000,36.50000,35.99000,36.20000,5600
2019-03-19,36.21000,36.21000,35.36000,35.52000,8100
2019-03-20,35.50000,36.19000,34.99000,35.37000,8800
2019-03-21,35.28000,35.85000,33.35000,34.78000,19900
2019-03-22,34.64000,35.13000,34.15000,34.40000,15900
2019-03-25,34.79000,35.00000,34.50000,34.78000,8300
2019-03-26,35.00000,35.29000,34.72000,34.97000,2900
2019-03-27,35.00000,35.00000,34.03000,34.36000,29100
2019-03-28,34.43000,35.05000,34.18000,34.79000,10300
2019-03-29,34.80000,34.80000,33.20000,33.25000,52500
2019-04-01,33.48000,35.11000,33.39000,34.80000,19200
2019-04-02,34.37000,35.09000,34.36000,35.09000,5100
2019-04-03,35.24000,35.24000,34.14000,34.75000,22100
2019-04-04,34.60000,35.23000,34.55000,35.23000,8800
2019-04-05,35.24000,35.74000,34.75000,35.64000,53100
2019-04-08,35.42000,36.35000,34.67000,36.10000,17500
2019-04-09,35.90000,36.25000,35.67000,35.82000,9300
2019-04-10,35.50000,35.85000,35.06000,35.77000,14400
2019-04-11,35.40000,36.00000,35.38000,35.68000,9900
2019-04-12,35.92000,36.27000,35.25000,36.24000,10100
2019-04-15,36.12000,36.12000,36.12000,36.12000,2200
2019-04-16,36.14000,36.26000,35.71000,36.00000,10200
2019-04-17,36.22000,36.60000,36.13000,36.44000,10400
2019-04-18,36.25000,37.09000,36.06000,37.09000,13900
2019-04-22,37.00000,37.00000,35.82000,36.11000,17900
2019-04-23,36.49000,36.61000,36.11000,36.49000,8200
2019-04-24,36.55000,36.55000,36.07000,36.31000,2700
2019-04-25,36.20000,36.25000,35.72000,36.00000,8800
2019-04-26,35.75000,36.65000,35.23000,35.86000,7200
2019-04-29,35.80000,37.24000,35.66000,36.65000,7800
2019-04-30,36.70000,36.82000,35.52000,36.64000,17200
2019-05-01,36.72000,36.73000,36.27000,36.41000,8700
2019-05-02,36.06000,36.57000,35.68000,36.21000,15100
2019-05-03,36.05000,36.74000,36.05000,36.74000,7900
2019-05-06,36.40000,36.55000,36.22000,36.26000,6400
2019-05-07,36.27000,36.27000,35.85000,36.08000,9300
2019-05-08,36.18000,36.39000,36.18000,36.39000,7400
2019-05-09,36.28000,36.33000,36.25000,36.30000,7200
2019-05-10,36.29000,36.35000,36.19000,36.35000,8300
2019-05-13,36.01000,36.42000,36.01000,36.16000,12300
2019-05-14,36.49000,36.49000,36.45000,36.45000,3100
2019-05-15,36.27000,36.74000,36.16000,36.51000,11300
2019-05-16,36.84000,36.94000,36.60000,36.69000,10500
2019-05-17,36.65000,36.88000,36.30000,36.70000,7200
2019-05-20,36.70000,36.88000,36.60000,36.84000,5300
2019-05-21,36.89000,37.08000,36.56000,36.97000,4500
2019-05-22,36.99000,37.21000,36.50000,36.62000,9300
2019-05-23,36.50000,36.79000,35.75000,35.85000,20100
2019-05-24,35.85000,36.15000,35.85000,36.11000,13200
2019-05-28,36.35000,36.35000,35.86000,35.95000,8300
2019-05-29,35.95000,36.20000,35.95000,36.03000,11000
2019-05-30,36.44000,36.44000,35.64000,36.00000,13400
2019-05-31,35.98000,35.99000,35.64000,35.65000,9000
2019-06-03,35.71000,36.27000,35.60000,36.19000,19000
2019-06-04,36.45000,36.56000,36.00000,36.32000,8500
2019-06-05,36.25000,36.74000,35.77000,35.77000,13100
2019-06-06,35.85000,35.85000,35.53000,35.67000,3400
2019-06-07,35.71000,36.30000,35.71000,35.93000,9900
2019-06-10,35.94000,36.60000,35.85000,36.35000,6900
2019-06-11,36.52000,36.52000,36.03000,36.52000,4400
2019-06-12,36.30000,36.45000,35.89000,36.05000,7300
2019-06-13,36.36000,36.36000,36.07000,36.19000,2600
2019-06-14,36.00000,36.45000,35.86000,35.88000,7700
2019-06-17,36.37000,36.37000,35.90000,35.90000,2700
2019-06-18,35.99000,36.41000,35.72000,36.07000,6700
2019-06-19,36.01000,36.11000,35.75000,35.91000,17000
2019-06-20,35.91000,35.91000,35.66000,35.89000,6300
2019-06-21,35.76000,36.79000,35.76000,36.75000,24800
2019-06-24,36.37000,36.65000,35.97000,35.97000,11400
2019-06-25,35.80000,36.14000,35.76000,35.98000,7200
2019-06-26,35.80000,36.27000,35.77000,35.77000,3700
2019-06-27,36.18000,36.45000,35.75000,36.40000,9000
2019-06-28,36.39000,38.73000,36.08000,38.48000,56700
2019-07-01,38.24000,38.24000,37.33000,37.51000,11000
2019-07-02,37.20000,37.42000,36.97000,36.97000,5500
2019-07-03,37.37000,37.40000,37.37000,37.40000,1200
2019-07-05,37.50000,37.81000,36.76000,37.81000,17200
2019-07-08,37.70000,37.70000,37.03000,37.26000,7200
2019-07-09,37.25000,37.76000,36.85000,37.04000,7800
2019-07-10,36.77000,37.82000,36.77000,36.98000,9600
2019-07-11,36.98000,37.31000,36.65000,36.93000,11600
2019-07-12,36.70000,37.26000,36.70000,36.87000,12900
2019-07-15,37.02000,37.23000,36.50000,36.74000,11200
2019-07-16,36.79000,36.94000,36.66000,36.83000,7800
2019-07-17,36.49000,36.88000,36.00000,36.12000,15800
2019-07-18,35.95000,36.54000,35.95000,36.36000,12300
2019-07-19,36.14000,36.38000,35.75000,35.77000,14400
2019-07-22,36.50000,36.50000,35.68000,35.98000,6800
2019-07-23,35.97000,36.63000,35.75000,36.11000,12300
2019-07-24,36.59000,37.39000,36.47000,36.99000,43700
2019-07-25,37.19000,37.38000,36.83000,36.90000,18000
2019-07-26,36.65000,37.74000,36.65000,37.48000,27800
2019-07-29,37.71000,37.74000,37.00000,37.01000,24300
2019-07-30,36.81000,37.72000,36.81000,37.47000,25800
2019-07-31,37.65000,38.00000,37.35000,37.36000,29100
2019-08-01,37.02000,37.91000,36.55000,36.55000,14800
2019-08-02,36.28000,36.97000,36.20000,36.33000,15600
2019-08-05,35.98000,36.37000,35.49000,35.75000,19300
2019-08-06,36.18000,36.46000,35.81000,36.13000,8600
2019-08-07,35.76000,36.07000,35.51000,35.81000,7600
2019-08-08,36.11000,36.69000,35.94000,36.21000,17100
2019-08-09,36.32000,36.87000,35.58000,36.41000,13700
2019-08-12,36.38000,36.90000,35.79000,36.45000,7800
2019-08-13,36.45000,36.77000,36.10000,36.48000,13800
2019-08-14,36.05000,36.19000,35.06000,35.56000,12900
2019-08-15,35.80000,35.87000,35.17000,35.28000,13600
2019-08-16,35.43000,36.36000,35.43000,36.35000,15700
2019-08-19,36.51000,36.69000,36.11000,36.68000,7100
2019-08-20,36.48000,36.68000,36.04000,36.59000,12400
2019-08-21,36.63000,37.05000,36.63000,37.05000,14000
2019-08-22,36.86000,37.27000,36.21000,36.77000,15900
2019-08-23,36.42000,36.42000,35.35000,35.69000,11900
2019-08-26,35.69000,36.75000,35.62000,36.57000,16900
2019-08-27,36.70000,36.73000,35.35000,35.40000,16000
2019-08-28,35.44000,36.29000,35.25000,35.85000,8700
2019-08-29,36.37000,37.21000,36.37000,36.97000,14900
2019-08-30,36.91000,37.28000,36.65000,37.28000,15800
2019-09-03,37.12000,37.45000,36.84000,37.39000,17500
2019-09-04,37.67000,37.67000,36.87000,37.25000,16100
2019-09-05,37.21000,38.10000,37.21000,37.68000,15700
2019-09-06,37.42000,37.62000,37.20000,37.25000,8500
2019-09-09,36.98000,38.44000,36.98000,38.22000,11600
2019-09-10,38.12000,39.85000,38.12000,38.88000,13500
2019-09-11,38.87000,39.78000,38.79000,39.72000,13100
2019-09-12,39.50000,40.14000,39.00000,39.89000,26000
2019-09-13,39.79000,40.80000,39.75000,40.16000,24700
2019-09-16,40.04000,40.28000,39.61000,40.28000,15900
2019-09-17,39.17000,40.30000,39.17000,40.02000,12600
2019-09-18,39.48000,40.19000,39.45000,39.89000,18300
2019-09-19,40.00000,40.30000,39.88000,39.94000,20400
2019-09-20,39.88000,40.15000,39.59000,40.15000,35200
2019-09-23,39.85000,40.15000,39.52000,39.83000,10000
2019-09-24,39.70000,39.75000,39.07000,39.15000,14900
2019-09-25,39.70000,39.98000,39.70000,39.96000,7400
2019-09-26,39.56000,39.70000,39.27000,39.27000,5700
2019-09-27,39.31000,39.42000,39.09000,39.09000,4600
2019-09-30,39.36000,39.55000,38.95000,38.99000,10200
2019-10-01,39.24000,39.28000,38.61000,38.64000,15300
2019-10-02,38.51000,38.71000,38.20000,38.56000,11500
2019-10-03,38.30000,38.85000,36.63000,38.80000,13900
2019-10-04,39.00000,39.00000,38.57000,38.80000,8100
2019-10-07,38.85000,38.85000,38.40000,38.40000,16500
2019-10-08,38.33000,38.33000,37.62000,37.93000,18500
2019-10-09,38.30000,38.45000,37.94000,37.94000,17300
2019-10-10,38.16000,38.40000,37.71000,37.90000,29300
2019-10-11,38.39000,38.87000,37.87000,38.52000,37200
2019-10-14,38.05000,38.45000,37.99000,38.30000,10700
2019-10-15,38.49000,38.55000,38.41000,38.50000,23300
2019-10-16,38.53000,38.75000,38.04000,38.68000,17300
2019-10-17,38.60000,38.69000,38.48000,38.66000,30200
2019-10-18,38.40000,38.73000,38.19000,38.58000,29300
2019-10-21,38.69000,38.82000,37.80000,38.60000,41900
2019-10-22,38.51000,39.29000,38.40000,38.95000,25200
2019-10-23,38.72000,39.51000,38.56000,39.12000,16100
2019-10-24,38.91000,39.26000,38.74000,38.99000,23800
2019-10-25,38.91000,39.55000,38.77000,39.06000,8600
2019-10-28,37.85000,39.47000,37.85000,39.11000,11100
2019-10-29,38.92000,39.70000,38.09000,38.97000,17000
2019-10-30,38.61000,39.71000,38.22000,39.71000,13400
2019-10-31,39.32000,39.32000,37.93000,38.16000,23300
2019-11-01,38.14000,38.94000,38.02000,38.85000,14900
2019-11-04,39.17000,39.69000,39.03000,39.44000,11000
2019-11-05,39.52000,39.52000,39.24000,39.35000,4000
2019-11-06,39.12000,39.24000,38.79000,39.18000,6400
2019-11-07,39.40000,39.40000,38.25000,38.70000,7300
2019-11-08,38.28000,39.27000,38.24000,38.73000,15000
2019-11-11,38.70000,39.03000,38.17000,38.26000,16600
2019-11-12,38.55000,38.97000,38.48000,38.66000,12700
2019-11-13,38.43000,39.12000,38.43000,38.93000,10600
2019-11-14,38.52000,38.98000,38.39000,38.40000,9900
2019-11-15,38.59000,38.78000,38.25000,38.33000,13900
2019-11-18,38.35000,38.67000,37.99000,38.39000,14000
2019-11-19,37.91000,38.85000,37.91000,38.50000,8500
2019-11-20,38.70000,38.74000,38.05000,38.05000,16900
2019-11-21,38.36000,38.36000,37.88000,37.95000,9700
2019-11-22,38.19000,38.84000,37.88000,38.72000,13300
2019-11-25,38.84000,39.34000,38.75000,39.11000,11100
2019-11-26,39.10000,39.31000,38.95000,39.20000,25200
2019-11-27,38.61000,39.65000,38.61000,39.13000,9200
2019-11-29,39.03000,39.03000,38.25000,38.58000,4800
2019-12-02,38.68000,39.01000,38.45000,38.73000,19500
2019-12-03,38.50000,38.63000,38.24000,38.30000,8200
2019-12-04,38.58000,39.02000,38.42000,38.49000,12900
2019-12-05,38.73000,39.09000,38.55000,38.72000,11200
2019-12-06,39.01000,39.28000,38.74000,38.74000,16000
2019-12-09,38.64000,38.80000,38.44000,38.47000,12100
2019-12-10,38.45000,38.85000,38.45000,38.81000,8300
2019-12-11,38.31000,39.05000,38.31000,39.00000,11600
2019-12-12,38.80000,39.64000,38.57000,39.50000,14600
2019-12-13,39.12000,39.68000,39.10000,39.68000,9300
2019-12-16,39.64000,39.90000,39.13000,39.60000,13600
2019-12-17,39.45000,39.66000,39.27000,39.40000,9800
2019-12-18,39.19000,39.64000,39.07000,39.27000,11200
2019-12-19,39.28000,39.82000,38.71000,39.16000,13900
2019-12-20,39.33000,40.00000,39.00000,40.00000,54600
2019-12-23,39.78000,39.90000,39.19000,39.21000,14800
2019-12-24,39.43000,39.49000,39.00000,39.40000,5600
2019-12-26,39.40000,39.87000,39.01000,39.12000,9400
2019-12-27,39.14000,39.14000,38.55000,38.82000,13000
2019-12-30,38.90000,39.14000,38.53000,39.12000,9300
2019-12-31,38.88000,39.44000,38.62000,39.19000,48400
2020-01-02,39.13000,39.34000,38.70000,39.26000,16100
2020-01-03,38.91000,39.30000,38.77000,39.05000,11300
2020-01-06,38.92000,39.15000,38.52000,38.92000,12400
2020-01-07,38.90000,39.00000,38.41000,38.45000,8100
2020-01-08,38.53000,38.61000,37.78000,38.38000,9400
2020-01-09,38.58000,38.86000,38.21000,38.30000,10200
2020-01-10,38.15000,38.54000,38.00000,38.22000,13800
2020-01-13,38.15000,38.79000,38.13000,38.79000,10800
2020-01-14,38.70000,38.75000,38.25000,38.25000,10000
2020-01-15,38.12000,38.44000,37.77000,38.09000,12300
2020-01-16,38.21000,38.46000,37.97000,38.11000,18500
2020-01-17,38.35000,38.72000,37.94000,38.35000,14400
2020-01-21,38.15000,38.36000,37.92000,38.06000,12800
2020-01-22,38.01000,38.46000,37.93000,38.21000,12700
2020-01-23,38.16000,38.50000,38.10000,38.17000,11400
2020-01-24,38.16000,38.16000,37.61000,37.62000,9400
2020-01-27,37.33000,37.80000,37.21000,37.21000,5200
2020-01-28,37.61000,37.61000,37.11000,37.29000,9900
2020-01-29,37.29000,37.43000,34.62000,36.49000,15900
2020-01-30,35.77000,37.14000,35.77000,36.89000,12100
2020-01-31,36.50000,36.84000,35.53000,35.56000,18400
2020-02-03,35.96000,36.44000,35.96000,36.22000,15100
2020-02-04,35.94000,37.16000,35.94000,36.06000,9700
2020-02-05,36.44000,37.15000,36.26000,36.95000,31200
2020-02-06,36.97000,37.05000,36.39000,36.68000,14400
2020-02-07,36.38000,36.51000,36.16000,36.26000,9000
2020-02-10,36.11000,36.12000,35.98000,36.06000,7300
2020-02-11,36.24000,36.37000,35.96000,36.02000,5700
2020-02-12,36.25000,36.34000,36.04000,36.33000,5800
2020-02-13,36.40000,36.80000,36.40000,36.74000,8700
2020-02-14,36.64000,36.83000,36.46000,36.52000,10900
2020-02-18,36.11000,36.31000,36.01000,36.01000,13400
2020-02-19,36.19000,36.74000,36.16000,36.16000,11700
2020-02-20,36.35000,36.60000,36.35000,36.48000,10300
2020-02-21,36.56000,36.83000,36.41000,36.45000,10300
2020-02-24,35.56000,36.25000,35.56000,36.20000,19500
2020-02-25,36.44000,36.44000,35.85000,36.09000,30200
2020-02-26,35.91000,36.17000,35.88000,36.17000,19200
2020-02-27,35.73000,36.34000,34.11000,34.20000,15100
2020-03-02,32.72000,33.61000,32.72000,33.61000,33900
2020-03-03,33.41000,33.68000,32.40000,33.30000,20300
2020-03-04,33.42000,33.98000,32.94000,33.80000,22400
2020-03-05,33.73000,33.88000,32.62000,32.81000,38800
2020-03-06,32.24000,33.18000,32.00000,32.31000,17300
2020-03-09,30.59000,31.71000,24.51000,25.08000,89700
2020-03-10,26.10000,27.73000,24.37000,25.05000,69700
2020-03-11,24.50000,25.45000,23.81000,24.25000,43600
2020-03-12,23.23000,23.99000,21.57000,21.99000,32500
2020-03-13,23.06000,24.37000,21.75000,23.88000,29700
2020-03-16,21.36000,23.41000,20.56000,21.82000,52100
2020-03-17,23.15000,24.48000,22.25000,24.25000,127600
2020-03-18,23.43000,25.22000,21.01000,21.01000,56400
2020-03-19,21.50000,23.79000,21.49000,22.58000,51200
2020-03-20,22.43000,23.54000,19.98000,20.22000,63700
2020-03-23,20.37000,21.11000,18.57000,19.31000,21700
2020-03-24,20.64000,23.09000,20.55000,23.02000,33100
2020-03-25,22.77000,24.22000,21.83000,22.85000,40400
2020-03-26,22.38000,24.58000,22.38000,24.56000,37000
2020-03-27,23.42000,24.06000,22.81000,22.95000,34300
2020-03-30,22.75000,24.24000,22.47000,24.24000,19800
2020-03-31,24.22000,27.36000,23.30000,24.42000,65900
2020-04-01,23.04000,24.64000,23.04000,23.67000,45900
2020-04-02,23.75000,25.84000,22.66000,24.68000,37600
2020-04-03,24.24000,24.33000,23.21000,23.85000,44500
2020-04-06,24.70000,26.48000,24.70000,25.97000,44200
2020-04-07,26.62000,27.39000,23.71000,24.68000,33100
2020-04-08,24.90000,26.48000,24.40000,25.96000,37500
2020-04-09,26.25000,28.22000,26.23000,28.20000,43600
2020-04-13,28.05000,28.05000,26.25000,26.63000,31000
2020-04-14,27.21000,27.99000,25.72000,26.13000,27200
2020-04-15,25.00000,26.15000,23.87000,24.18000,17500
2020-04-16,23.86000,25.00000,21.12000,22.85000,25400
2020-04-17,23.51000,25.75000,23.51000,24.79000,20000
2020-04-20,23.87000,25.30000,22.74000,23.85000,16300
2020-04-21,22.77000,24.40000,22.23000,23.00000,28400
2020-04-22,23.70000,24.46000,22.51000,23.88000,13200
2020-04-23,23.57000,23.94000,22.16000,22.90000,15800
2020-04-24,22.90000,23.89000,22.90000,23.41000,33600
2020-04-27,23.99000,26.22000,23.28000,26.05000,33700
2020-04-28,26.21000,26.60000,25.00000,26.60000,19500
2020-04-29,27.60000,28.78000,24.23000,26.56000,78400
2020-04-30,25.65000,26.17000,24.58000,25.40000,18200
2020-05-01,24.71000,25.67000,24.00000,25.17000,22900
2020-05-04,25.05000,25.05000,23.99000,24.81000,9900
2020-05-05,25.18000,25.18000,22.78000,23.23000,20800
2020-05-06,23.52000,23.94000,21.82000,21.82000,17700
2020-05-07,22.52000,23.14000,21.95000,22.31000,20400
2020-05-08,22.82000,24.42000,22.82000,24.39000,16600
2020-05-11,23.79000,23.79000,22.46000,22.52000,17700
2020-05-12,22.85000,22.85000,21.00000,21.00000,29400
2020-05-13,21.00000,21.30000,20.46000,20.92000,13500
2020-05-14,20.18000,20.20000,18.77000,19.99000,26100
2020-05-15,20.04000,21.44000,20.02000,21.26000,19700
2020-05-18,21.70000,23.79000,21.70000,23.66000,27300
2020-05-19,23.20000,23.20000,21.22000,21.26000,9700
2020-05-20,22.02000,24.22000,22.00000,24.19000,25200
2020-05-21,24.05000,24.05000,23.16000,23.61000,19600
2020-05-22,23.96000,24.00000,23.20000,23.71000,20100
2020-05-26,24.59000,25.75000,23.99000,24.54000,26500
2020-05-27,25.24000,27.49000,25.00000,27.01000,23300
2020-05-28,27.56000,27.56000,25.15000,25.43000,11400
2020-05-29,25.19000,25.71000,23.41000,23.76000,15900
2020-06-01,23.25000,23.90000,23.07000,23.42000,11300
2020-06-02,23.52000,23.52000,22.43000,22.60000,5600
2020-06-03,23.30000,25.35000,23.30000,25.10000,10900
2020-06-04,24.80000,25.41000,24.78000,25.26000,16500
2020-06-05,26.90000,27.48000,26.88000,27.24000,17100
2020-06-08,27.60000,27.60000,26.53000,27.16000,6900
2020-06-09,26.52000,27.01000,26.11000,26.11000,36800
2020-06-10,25.83000,25.85000,24.71000,24.71000,7100
2020-06-11,23.69000,23.84000,22.70000,22.94000,25400
2020-06-12,24.10000,25.50000,24.10000,25.07000,33400
2020-06-15,24.20000,25.95000,24.20000,25.78000,14900
2020-06-16,26.50000,26.50000,25.58000,25.91000,9600
2020-06-17,25.55000,25.55000,24.76000,24.95000,9900
2020-06-18,25.08000,25.25000,24.59000,24.59000,10100
2020-06-19,25.12000,25.79000,24.66000,25.31000,44700
2020-06-22,24.95000,25.47000,24.95000,25.25000,15000
2020-06-23,25.63000,25.63000,25.05000,25.05000,8100
2020-06-24,24.62000,25.21000,24.25000,24.31000,19700
2020-06-25,23.74000,25.19000,23.74000,25.19000,14000
2020-06-26,24.74000,25.58000,24.20000,25.14000,47600
2020-06-29,25.00000,26.72000,25.00000,26.37000,13200
2020-06-30,26.61000,27.00000,26.20000,26.75000,12000
2020-07-01,26.09000,26.19000,25.65000,25.85000,12800
2020-07-02,26.54000,27.40000,26.00000,26.21000,9000
2020-07-06,26.02000,26.12000,25.79000,26.10000,10500
2020-07-07,25.92000,25.93000,25.34000,25.35000,9200
2020-07-08,25.33000,25.99000,24.98000,24.98000,43600
2020-07-09,25.08000,25.18000,24.40000,24.72000,19800
2020-07-10,24.52000,25.21000,24.40000,25.21000,15800
2020-07-13,25.50000,25.50000,25.15000,25.40000,10600
2020-07-14,25.14000,25.50000,25.14000,25.39000,10400
2020-07-15,25.75000,26.10000,25.63000,25.85000,32900
2020-07-16,25.98000,26.07000,25.50000,25.62000,11500
2020-07-17,25.59000,25.59000,25.14000,25.14000,4700
2020-07-20,24.99000,25.54000,24.84000,25.03000,7800
2020-07-21,25.17000,25.98000,25.17000,25.98000,7500
2020-07-22,25.69000,25.75000,25.48000,25.57000,11700
2020-07-23,25.47000,25.68000,25.12000,25.31000,10300
2020-07-24,25.51000,25.70000,25.50000,25.50000,6200
2020-07-27,25.53000,25.64000,25.00000,25.25000,11300
2020-07-28,24.88000,25.56000,24.61000,24.62000,20300
2020-07-29,24.62000,25.24000,24.62000,25.03000,11500
2020-07-30,24.65000,25.43000,24.65000,25.00000,17100
2020-07-31,24.84000,24.84000,23.36000,23.38000,18800
2020-08-03,23.36000,23.43000,22.91000,23.02000,15700
2020-08-04,22.88000,23.15000,22.88000,23.15000,7800
2020-08-05,23.29000,23.62000,23.25000,23.60000,12200
2020-08-06,23.59000,23.81000,23.40000,23.48000,5500
2020-08-07,23.38000,24.35000,23.38000,24.10000,8600
2020-08-10,24.33000,24.67000,23.92000,24.03000,15400
2020-08-11,24.42000,25.00000,24.36000,24.42000,26200
2020-08-12,24.88000,25.23000,24.85000,25.20000,12700
2020-08-13,24.86000,25.10000,24.71000,24.71000,7000
2020-08-14,24.50000,25.12000,24.23000,25.03000,10100
2020-08-17,24.73000,24.73000,24.56000,24.57000,14400
2020-08-18,24.72000,24.72000,23.96000,23.96000,11600
2020-08-19,24.23000,24.75000,24.20000,24.20000,12000
2020-08-20,24.11000,24.30000,24.11000,24.15000,10000
2020-08-21,24.33000,24.77000,23.43000,23.43000,37000
2020-08-24,23.78000,24.65000,23.64000,24.31000,15600
2020-08-25,24.40000,24.67000,24.40000,24.53000,4800
2020-08-26,24.45000,24.61000,24.45000,24.50000,12900
2020-08-27,24.66000,24.75000,24.45000,24.46000,8200
2020-08-28,24.60000,24.78000,24.56000,24.57000,20000
2020-08-31,24.40000,24.51000,24.16000,24.16000,18100
2020-09-01,24.30000,25.06000,24.30000,24.88000,17300
2020-09-02,24.79000,25.31000,24.79000,25.26000,7100
2020-09-03,25.24000,25.65000,25.11000,25.36000,29700
2020-09-04,25.65000,25.90000,25.41000,25.47000,15200
2020-09-08,25.24000,25.61000,25.10000,25.21000,17000
2020-09-09,25.55000,26.20000,25.50000,26.00000,35400
2020-09-10,25.86000,25.95000,25.75000,25.75000,13000
2020-09-11,26.07000,26.10000,25.41000,25.75000,13900
2020-09-14,25.94000,26.58000,25.94000,26.42000,8600
2020-09-15,26.35000,26.35000,25.69000,25.69000,6800
2020-09-16,25.93000,26.56000,25.39000,25.87000,15200
2020-09-17,25.73000,26.11000,25.73000,26.10000,4000
2020-09-18,26.34000,26.50000,24.39000,24.46000,51100
2020-09-21,24.35000,24.35000,23.52000,23.67000,21800
2020-09-22,23.65000,23.82000,23.30000,23.47000,10100
2020-09-23,23.77000,23.77000,22.71000,22.71000,15600
2020-09-24,22.79000,23.34000,22.79000,23.06000,8100
2020-09-25,23.15000,23.90000,23.15000,23.68000,8900
2020-09-28,24.01000,24.92000,24.01000,24.80000,10100
2020-09-29,25.22000,25.65000,24.20000,24.48000,4400
2020-09-30,24.60000,24.89000,24.15000,24.15000,4600
2020-10-01,24.05000,24.55000,24.05000,24.38000,11800
2020-10-02,24.10000,25.30000,24.10000,25.16000,5900
2020-10-05,25.02000,26.16000,25.02000,25.66000,8000
2020-10-06,26.11000,27.10000,25.67000,25.67000,13100
2020-10-07,26.46000,26.46000,26.06000,26.23000,13100
2020-10-08,26.03000,26.44000,24.96000,25.85000,16400
2020-10-09,25.61000,26.12000,25.61000,25.98000,6900
2020-10-12,25.67000,25.99000,25.21000,25.61000,23900
2020-10-13,25.65000,25.65000,25.22000,25.29000,12200
2020-10-14,25.46000,25.85000,25.39000,25.62000,13900
2020-10-15,25.17000,26.08000,25.17000,26.08000,34500
2020-10-16,25.81000,26.15000,25.76000,25.98000,8900
2020-10-19,25.91000,25.92000,25.48000,25.52000,30600
2020-10-20,25.75000,26.12000,25.75000,25.82000,12200
2020-10-21,25.81000,26.02000,25.65000,25.91000,13000
2020-10-22,25.88000,26.67000,25.66000,25.66000,13200
2020-10-23,25.34000,26.57000,25.34000,26.57000,11500
2020-10-26,26.01000,26.45000,25.47000,26.04000,14000
2020-10-27,26.26000,26.52000,25.57000,25.91000,11000
2020-10-28,25.85000,25.85000,24.82000,24.82000,12800
2020-10-29,24.75000,25.42000,24.51000,25.24000,10400
2020-10-30,24.95000,26.44000,24.95000,25.24000,10500
2020-11-02,25.52000,26.22000,25.52000,26.22000,11600
2020-11-03,26.51000,26.98000,26.16000,26.93000,9900
2020-11-04,26.51000,26.51000,25.55000,26.18000,9700
2020-11-05,26.30000,26.93000,26.26000,26.82000,8600
2020-11-06,26.10000,26.35000,25.76000,25.90000,9900
2020-11-09,27.09000,29.45000,25.65000,26.91000,32000
2020-11-10,27.46000,29.68000,27.46000,29.67000,23700
2020-11-11,29.29000,29.29000,28.79000,29.15000,9800
2020-11-12,28.71000,28.76000,27.93000,27.93000,8000
2020-11-13,27.93000,28.74000,27.93000,28.56000,5900
2020-11-16,29.22000,29.73000,29.22000,29.65000,11500
2020-11-17,29.30000,29.65000,28.37000,29.44000,10600
2020-11-18,29.94000,29.98000,28.86000,28.86000,7000
2020-11-19,29.04000,29.26000,28.67000,29.20000,5900
2020-11-20,28.90000,29.91000,28.90000,29.70000,8900
2020-11-23,29.30000,29.43000,28.78000,28.78000,14200
2020-11-24,29.35000,30.64000,29.24000,30.58000,18400
2020-11-25,30.40000,30.40000,29.00000,29.98000,8000
2020-11-27,29.18000,29.58000,28.87000,29.58000,3300
2020-11-30,29.16000,29.16000,27.65000,28.05000,12200
2020-12-01,28.70000,29.05000,28.19000,28.21000,12300
2020-12-02,27.19000,28.25000,27.19000,27.93000,8700
2020-12-03,27.63000,27.90000,27.14000,27.78000,5500
2020-12-04,27.52000,27.88000,27.48000,27.88000,6400
2020-12-07,27.60000,28.45000,27.50000,27.61000,6500
2020-12-08,27.46000,28.15000,27.46000,28.15000,8700
2020-12-09,28.37000,28.66000,28.22000,28.29000,12400
2020-12-10,28.30000,28.57000,28.14000,28.57000,5400
2020-12-11,28.20000,28.88000,28.20000,28.61000,11600
2020-12-14,28.71000,28.71000,27.74000,27.74000,10200
2020-12-15,27.96000,29.18000,27.75000,28.92000,16700
2020-12-16,29.14000,29.71000,29.14000,29.36000,16000
2020-12-17,29.50000,29.50000,28.98000,29.40000,9100
2020-12-18,29.50000,29.50000,28.52000,28.86000,54500
2020-12-21,28.50000,28.71000,27.84000,27.91000,12300
2020-12-22,27.91000,28.02000,27.91000,28.02000,7400
2020-12-23,27.95000,28.76000,27.95000,28.65000,9000
2020-12-24,28.49000,28.89000,28.49000,28.75000,2700
2020-12-28,28.50000,29.33000,28.50000,29.10000,5700
2020-12-29,28.76000,28.76000,28.04000,28.50000,6700
2020-12-30,28.50000,28.60000,27.77000,27.86000,8500
2020-12-31,28.18000,28.39000,27.99000,27.99000,5100
2021-01-04,28.25000,28.36000,27.60000,27.85000,39900
2021-01-05,27.74000,28.98000,27.73000,28.13000,16300
2021-01-06,28.89000,30.79000,28.89000,30.10000,25900
2021-01-07,30.14000,30.73000,29.78000,30.28000,19200
2021-01-08,30.67000,30.67000,29.66000,30.35000,15800
2021-01-11,29.72000,30.12000,29.72000,30.05000,4800
2021-01-12,29.81000,30.60000,29.81000,30.60000,9800
2021-01-13,30.54000,30.59000,30.27000,30.27000,9000
2021-01-14,30.41000,30.70000,30.00000,30.30000,8300
2021-01-15,29.95000,30.48000,29.95000,30.05000,10700
2021-01-19,30.50000,30.50000,29.37000,29.78000,12000
2021-01-20,29.76000,29.85000,29.38000,29.65000,15700
2021-01-21,29.56000,29.56000,29.19000,29.25000,11700
2021-01-22,29.00000,29.82000,28.99000,29.79000,14500
2021-01-25,29.47000,29.53000,29.11000,29.34000,9400
2021-01-26,29.85000,30.16000,29.75000,30.07000,22300
2021-01-27,29.53000,30.13000,28.74000,28.74000,18400
2021-01-28,29.24000,29.52000,28.65000,28.65000,15000
2021-01-29,28.95000,29.03000,28.11000,28.16000,19900
2021-02-01,28.51000,30.83000,28.51000,30.67000,32700
2021-02-02,30.81000,31.00000,29.94000,30.71000,18600
2021-02-03,30.97000,31.48000,30.94000,31.35000,18900
2021-02-04,31.35000,31.50000,31.35000,31.50000,16500
2021-02-05,31.55000,31.55000,30.59000,31.11000,9300
2021-02-08,31.36000,31.98000,31.12000,31.82000,22800
2021-02-09,32.00000,32.49000,31.70000,32.46000,24600
2021-02-10,32.49000,32.49000,32.13000,32.38000,15100
2021-02-11,32.49000,32.49000,31.73000,31.73000,9200
2021-02-12,32.32000,32.32000,31.42000,32.31000,7100
2021-02-16,32.25000,32.30000,31.34000,31.95000,13900
2021-02-17,31.76000,32.40000,31.55000,32.05000,12200
2021-02-18,32.20000,32.40000,31.68000,32.21000,14000
2021-02-19,32.10000,32.48000,31.78000,32.47000,14200
2021-02-22,32.13000,33.65000,32.13000,33.14000,32600
2021-02-23,33.11000,33.74000,32.75000,33.17000,15100
2021-02-24,33.27000,33.97000,33.27000,33.65000,11700
2021-02-25,33.87000,33.92000,33.13000,33.14000,9200
2021-02-26,33.21000,33.75000,32.35000,32.35000,14900
2021-03-01,33.21000,34.00000,33.21000,33.98000,23600
2021-03-02,34.00000,34.00000,33.71000,33.71000,14100
2021-03-03,33.90000,34.97000,33.77000,34.00000,37600
2021-03-04,34.32000,34.97000,33.63000,34.66000,23200
2021-03-05,34.85000,35.00000,34.77000,34.95000,26400
2021-03-08,34.95000,35.44000,34.85000,35.43000,48500
2021-03-09,35.44000,35.99000,35.20000,35.97000,24600
2021-03-10,36.00000,36.99000,35.73000,36.98000,51800
2021-03-11,37.00000,38.53000,36.82000,38.53000,49000
2021-03-12,38.97000,39.24000,37.25000,37.85000,36800
2021-03-15,38.19000,38.30000,35.95000,36.89000,38900
2021-03-16,36.89000,36.89000,35.18000,36.38000,25100
2021-03-17,36.41000,36.81000,35.60000,36.17000,14400
2021-03-18,36.19000,37.39000,36.19000,36.92000,22900
2021-03-19,36.64000,38.50000,35.91000,38.50000,118800
2021-03-22,38.10000,38.10000,36.68000,36.94000,22900
2021-03-23,35.30000,37.30000,35.30000,36.33000,24000
2021-03-24,37.32000,37.97000,35.67000,35.71000,16300
2021-03-25,35.70000,37.84000,35.35000,36.52000,14500
2021-03-26,36.60000,36.82000,35.90000,36.72000,17100
2021-03-29,35.67000,36.77000,35.67000,36.45000,22000
2021-03-30,36.33000,36.85000,36.31000,36.55000,9100
2021-03-31,36.25000,36.84000,36.02000,36.05000,49600
2021-04-01,35.94000,36.94000,35.94000,36.94000,14000
2021-04-05,37.12000,37.63000,36.55000,37.02000,9800
2021-04-06,37.50000,38.01000,37.14000,37.38000,28200
2021-04-07,37.54000,37.54000,36.46000,36.46000,31200
2021-04-08,36.68000,37.16000,36.52000,36.98000,18400
2021-04-09,36.99000,37.32000,36.62000,36.95000,8700
2021-04-12,36.91000,37.76000,36.91000,37.76000,10200
2021-04-13,37.34000,37.51000,37.07000,37.07000,8800
2021-04-14,37.30000,37.94000,37.20000,37.46000,7300
2021-04-15,37.31000,37.55000,37.31000,37.55000,3700
2021-04-16,37.89000,37.90000,37.43000,37.58000,11200
2021-04-19,37.67000,37.71000,36.96000,37.31000,9100
2021-04-20,37.25000,37.63000,36.72000,37.08000,22300
2021-04-21,36.99000,37.51000,36.75000,37.26000,8900
2021-04-22,37.16000,37.20000,36.85000,37.05000,9600
2021-04-23,36.99000,37.70000,36.02000,37.30000,7000
2021-04-26,37.10000,37.50000,37.01000,37.25000,13900
2021-04-27,37.70000,37.81000,36.40000,37.14000,14400
2021-04-28,37.22000,37.41000,36.70000,37.30000,9700
2021-04-29,37.31000,37.79000,37.28000,37.77000,6300
2021-04-30,37.33000,38.03000,37.25000,37.94000,23000
2021-05-03,38.04000,39.74000,38.04000,39.68000,22800
2021-05-04,39.54000,39.55000,38.74000,38.97000,10000
2021-05-05,39.32000,39.50000,38.92000,39.25000,8400
2021-05-06,39.07000,39.22000,38.78000,38.85000,7800
2021-05-07,38.68000,39.00000,38.40000,38.68000,5700
2021-05-10,38.95000,38.99000,38.13000,38.79000,13300
2021-05-11,38.28000,38.97000,38.04000,38.25000,10700
2021-05-12,38.22000,38.23000,36.77000,36.77000,13200
2021-05-13,36.94000,37.55000,36.61000,36.91000,29800
2021-05-14,37.07000,38.94000,37.07000,38.84000,18200
2021-05-17,38.69000,38.69000,37.38000,38.14000,18500
2021-05-18,37.48000,38.66000,37.48000,38.52000,15400
2021-05-19,38.12000,38.23000,37.50000,38.23000,8400
2021-05-20,37.84000,38.68000,37.84000,38.68000,21700
2021-05-21,39.00000,39.24000,38.57000,39.23000,14600
2021-05-24,39.24000,39.49000,39.03000,39.49000,12500
2021-05-25,39.40000,39.84000,38.71000,39.41000,32400
2021-05-26,38.63000,39.73000,38.63000,39.39000,12900
2021-05-27,39.44000,39.44000,38.84000,39.00000,30600
2021-05-28,39.00000,39.00000,38.67000,38.85000,8900
2021-06-01,38.95000,39.50000,38.95000,39.50000,16000
2021-06-02,38.38000,39.38000,38.38000,39.29000,15700
2021-06-03,38.10000,39.49000,38.10000,39.22000,7700
2021-06-04,39.05000,39.35000,38.99000,39.22000,6900
2021-06-07,39.10000,39.50000,38.94000,39.50000,30700
2021-06-08,38.97000,39.62000,38.97000,39.34000,16500
2021-06-09,39.06000,39.64000,38.69000,39.09000,16500
2021-06-10,39.09000,39.20000,38.15000,38.23000,7100
2021-06-11,38.52000,38.52000,38.09000,38.25000,9300
2021-06-14,38.48000,38.49000,37.79000,37.85000,8200
2021-06-15,37.84000,38.22000,37.50000,37.85000,23400
2021-06-16,37.51000,38.15000,37.51000,37.98000,20400
2021-06-17,37.98000,38.30000,37.85000,38.00000,21600
2021-06-18,37.87000,38.83000,37.75000,38.40000,53700
2021-06-21,38.37000,39.00000,38.02000,38.87000,19300
2021-06-22,38.71000,38.71000,38.25000,38.53000,20300
2021-06-23,39.07000,39.07000,38.50000,38.65000,25000
2021-06-24,38.50000,39.47000,38.50000,39.35000,19900
2021-06-25,39.25000,39.25000,38.44000,38.51000,58600
2021-06-28,38.69000,38.69000,38.20000,38.58000,22800
2021-06-29,38.76000,38.99000,38.16000,38.17000,23800
2021-06-30,38.17000,38.57000,38.11000,38.11000,30900
2021-07-01,38.44000,38.54000,38.20000,38.36000,39700
2021-07-02,38.37000,38.99000,38.35000,38.68000,17700
2021-07-06,38.64000,38.78000,37.84000,37.89000,25200
2021-07-07,37.95000,38.29000,37.74000,37.74000,28100
2021-07-08,37.64000,37.82000,36.75000,37.04000,33500
2021-07-09,37.59000,38.17000,37.30000,37.74000,23800
2021-07-12,37.46000,38.40000,37.46000,38.18000,7800
2021-07-13,38.06000,38.48000,37.45000,37.59000,24500
2021-07-14,37.65000,38.34000,37.44000,37.53000,27600
2021-07-15,37.69000,38.24000,37.23000,38.02000,22200
2021-07-16,38.06000,38.30000,37.50000,37.50000,13100
2021-07-19,37.02000,37.48000,36.39000,36.61000,15200
2021-07-20,37.20000,38.28000,37.02000,37.05000,30000
2021-07-21,37.42000,38.02000,37.30000,37.53000,7500
2021-07-22,37.60000,37.60000,36.45000,36.73000,7200
2021-07-23,36.86000,37.06000,36.61000,36.62000,9200
2021-07-26,36.45000,37.17000,36.45000,37.07000,6000
2021-07-27,36.82000,36.82000,35.34000,35.86000,5900
2021-07-28,35.60000,35.97000,35.40000,35.70000,14400
2021-07-29,35.99000,36.03000,35.45000,35.50000,14000
2021-07-30,35.44000,35.51000,35.12000,35.12000,11200
2021-08-02,35.46000,35.85000,35.05000,35.17000,12200
2021-08-03,35.29000,35.62000,35.21000,35.29000,16400
2021-08-04,35.07000,35.78000,35.07000,35.48000,15900
2021-08-05,35.51000,36.42000,35.51000,36.17000,13800
2021-08-06,36.03000,37.40000,35.96000,36.97000,18900
2021-08-09,36.83000,37.50000,36.73000,37.01000,22600
2021-08-10,37.20000,37.35000,37.02000,37.08000,11000
2021-08-11,37.25000,37.50000,37.16000,37.44000,10800
2021-08-12,37.44000,37.44000,37.22000,37.41000,9100
2021-08-13,37.45000,37.67000,37.30000,37.35000,13600
2021-08-16,37.25000,37.46000,37.23000,37.25000,11100
2021-08-17,37.40000,37.40000,37.13000,37.20000,12800
2021-08-18,37.10000,37.63000,37.00000,37.00000,18100
2021-08-19,37.06000,37.11000,36.82000,37.03000,17400
2021-08-20,37.10000,38.13000,36.05000,36.62000,37000
2021-08-23,36.90000,38.00000,36.90000,37.50000,26600
2021-08-24,37.53000,37.88000,37.43000,37.65000,14300
2021-08-25,37.50000,38.32000,36.78000,37.03000,36400
2021-08-26,37.40000,37.48000,36.60000,36.75000,15800
2021-08-27,37.04000,37.60000,37.04000,37.37000,26200
2021-08-30,37.40000,37.40000,37.11000,37.11000,15900
2021-08-31,37.38000,37.73000,37.13000,37.42000,23700
2021-09-01,37.32000,37.61000,37.22000,37.49000,21300
2021-09-02,37.51000,37.69000,37.45000,37.61000,12600
2021-09-03,37.45000,37.50000,37.31000,37.49000,16300
2021-09-07,37.29000,37.56000,37.03000,37.05000,23300
2021-09-08,37.33000,37.35000,36.90000,36.90000,17300
2021-09-09,37.04000,37.15000,36.74000,36.85000,24300
2021-09-10,36.99000,37.00000,36.75000,36.75000,28500
2021-09-13,36.90000,37.06000,36.59000,36.90000,19400
2021-09-14,37.05000,37.05000,36.70000,36.72000,21300
2021-09-15,36.80000,37.25000,36.75000,37.14000,24700
2021-09-16,37.23000,37.49000,36.87000,37.00000,20300
2021-09-17,37.02000,37.86000,37.02000,37.73000,93700
2021-09-20,37.38000,37.38000,36.86000,37.18000,23200
2021-09-21,37.40000,37.44000,37.10000,37.35000,11900
2021-09-22,37.54000,37.96000,37.54000,37.57000,12200
2021-09-23,37.76000,38.36000,37.75000,38.09000,15800
2021-09-24,38.25000,38.32000,38.07000,38.09000,15600
2021-09-27,38.15000,39.38000,38.15000,39.13000,37700
2021-09-28,39.23000,39.23000,38.50000,38.55000,12400
2021-09-29,39.18000,39.25000,38.31000,39.01000,9800
2021-09-30,39.08000,39.08000,36.13000,38.68000,15600
2021-10-01,38.72000,39.33000,38.26000,39.11000,22000
2021-10-04,38.86000,39.03000,38.49000,38.83000,10200
2021-10-05,39.18000,39.32000,38.86000,39.18000,13300
2021-10-06,38.28000,39.26000,38.28000,39.26000,11000
2021-10-07,39.39000,39.71000,39.39000,39.69000,16800
2021-10-08,39.75000,39.85000,39.60000,39.84000,11600
2021-10-11,39.68000,39.87000,39.45000,39.45000,12300
2021-10-12,39.45000,39.62000,39.45000,39.55000,5200
2021-10-13,39.50000,39.57000,39.28000,39.37000,15800
2021-10-14,39.38000,39.73000,39.38000,39.70000,12800
2021-10-15,39.94000,39.97000,39.43000,39.50000,13800
2021-10-18,38.12000,39.60000,38.12000,39.27000,10400
2021-10-19,39.50000,39.50000,38.84000,39.36000,11500
2021-10-20,39.16000,39.20000,38.56000,38.92000,9300
2021-10-21,38.68000,39.19000,38.66000,39.01000,6500
2021-10-22,38.75000,39.58000,38.75000,39.20000,9500
2021-10-25,38.64000,39.67000,38.64000,39.45000,9100
2021-10-26,39.70000,39.97000,39.03000,39.03000,14400
2021-10-27,39.18000,40.00000,39.18000,39.89000,26200
2021-10-28,40.00000,42.37000,39.95000,42.10000,35500
2021-10-29,42.10000,42.10000,41.60000,41.75000,9000
2021-11-01,42.13000,42.25000,41.60000,41.60000,16800
2021-11-02,41.56000,41.56000,41.18000,41.38000,7700
2021-11-03,41.25000,42.17000,40.69000,41.95000,21900
2021-11-04,41.76000,42.50000,41.59000,42.50000,13400
2021-11-05,42.55000,43.60000,42.54000,43.40000,27600
2021-11-08,43.65000,43.70000,43.36000,43.64000,9500
2021-11-09,43.39000,43.40000,43.04000,43.04000,6700
2021-11-10,41.02000,43.74000,41.02000,43.39000,24900
2021-11-11,43.84000,43.84000,42.99000,42.99000,7100
2021-11-12,43.29000,43.29000,42.55000,42.96000,6600
2021-11-15,42.85000,43.15000,42.46000,42.58000,8600
2021-11-16,41.50000,43.02000,41.50000,42.56000,12000
2021-11-17,42.48000,42.85000,42.19000,42.66000,7600
2021-11-18,42.60000,43.04000,42.17000,42.94000,8700
2021-11-19,42.90000,43.04000,42.18000,42.36000,8100
2021-11-22,42.37000,43.30000,42.37000,42.88000,13000
2021-11-23,42.36000,43.10000,42.03000,42.99000,10900
2021-11-24,43.24000,43.24000,42.40000,43.13000,6900
2021-11-26,42.26000,42.26000,40.31000,40.60000,11700
2021-11-29,40.84000,41.75000,40.49000,40.70000,26500
2021-11-30,40.68000,41.33000,40.17000,40.44000,14200
2021-12-01,41.17000,42.53000,40.51000,40.51000,17600
2021-12-02,40.80000,42.72000,40.64000,42.28000,25300
2021-12-03,42.03000,42.04000,40.92000,40.92000,11600
2021-12-06,41.30000,41.72000,41.03000,41.28000,16400
2021-12-07,41.49000,42.01000,41.31000,41.31000,7100
2021-12-08,41.11000,41.57000,40.57000,40.99000,8700
2021-12-09,40.57000,41.12000,40.30000,40.30000,7900
2021-12-10,40.59000,40.72000,38.34000,40.39000,11600
2021-12-13,39.17000,40.44000,39.17000,40.44000,12700
2021-12-14,39.55000,42.01000,39.55000,41.98000,52000
2021-12-15,41.03000,42.99000,40.52000,42.00000,33500
2021-12-16,42.37000,42.41000,40.48000,40.64000,29100
2021-12-17,40.82000,41.09000,39.96000,40.62000,46600
2021-12-20,40.15000,40.76000,39.17000,40.02000,19500
2021-12-21,40.73000,41.50000,40.70000,40.70000,22000
2021-12-22,41.01000,41.96000,41.01000,41.69000,15100
2021-12-23,41.69000,42.09000,41.06000,41.85000,8000
2021-12-27,41.52000,42.00000,41.35000,41.70000,14500
2021-12-28,42.05000,42.05000,40.79000,41.16000,21200
2021-12-29,41.42000,42.16000,41.42000,41.86000,8400
2021-12-30,41.84000,41.99000,41.53000,41.54000,5200
2021-12-31,41.85000,42.05000,41.31000,41.51000,8500
2022-01-03,41.61000,42.42000,41.61000,41.92000,15100
2022-01-04,42.25000,42.72000,42.09000,42.56000,25600
2022-01-05,42.44000,42.92000,42.13000,42.46000,21100
2022-01-06,42.33000,44.39000,42.33000,43.96000,33200
2022-01-07,44.31000,45.73000,43.85000,45.20000,38300
2022-01-10,45.19000,45.42000,44.75000,45.11000,12000
2022-01-11,45.27000,45.45000,44.30000,44.31000,11400
2022-01-12,44.60000,44.60000,43.35000,43.47000,18500
2022-01-13,43.80000,44.74000,43.65000,44.22000,8000
2022-01-14,44.16000,44.25000,43.19000,44.20000,6500
2022-01-18,43.96000,44.50000,43.75000,44.03000,14500
2022-01-19,44.43000,44.87000,43.35000,43.60000,10100
2022-01-20,43.52000,45.20000,42.79000,43.11000,12800
2022-01-21,42.64000,43.50000,42.00000,42.66000,23400
2022-01-24,42.36000,43.77000,42.36000,43.77000,20000
2022-01-25,43.15000,43.19000,42.20000,42.94000,15900
2022-01-26,43.48000,43.73000,40.27000,41.14000,41000
2022-01-27,41.17000,41.57000,39.53000,39.96000,13200
2022-01-28,39.70000,39.70000,38.05000,38.90000,14800
2022-01-31,37.37000,40.00000,37.37000,38.85000,27900
2022-02-01,39.00000,40.08000,38.67000,40.02000,20600
2022-02-02,39.55000,39.69000,38.59000,39.33000,17000
2022-02-03,39.13000,40.39000,38.96000,40.27000,21000
2022-02-04,40.20000,40.77000,40.05000,40.25000,12100
2022-02-07,39.99000,40.31000,39.96000,40.18000,11100
2022-02-08,40.10000,41.27000,40.00000,40.68000,13300
2022-02-09,41.28000,42.39000,40.81000,41.03000,18600
2022-02-10,40.64000,41.46000,40.07000,40.37000,23900
2022-02-11,40.46000,41.17000,40.26000,40.32000,12200
2022-02-14,40.78000,41.20000,39.63000,39.86000,15200
2022-02-15,40.29000,40.68000,39.86000,40.50000,11300
2022-02-16,40.69000,41.22000,40.57000,40.81000,10300
2022-02-17,40.69000,40.85000,39.74000,39.89000,16300
2022-02-18,39.86000,40.71000,39.86000,40.23000,17000
2022-02-22,40.53000,40.70000,40.09000,40.38000,12800
2022-02-23,40.34000,40.84000,39.88000,39.88000,9400
2022-02-24,39.50000,39.50000,37.76000,38.77000,13500
2022-02-25,39.53000,40.26000,39.26000,39.71000,11100
2022-02-28,39.66000,39.85000,39.16000,39.21000,21400
2022-03-01,38.88000,38.88000,37.79000,38.02000,23300
2022-03-02,38.29000,39.52000,38.29000,39.47000,12600
2022-03-03,39.30000,40.13000,39.01000,39.88000,15300
2022-03-04,40.03000,40.03000,39.16000,39.61000,16600
2022-03-07,39.73000,39.86000,38.45000,38.65000,13100
2022-03-08,39.07000,39.17000,38.50000,38.50000,8600
2022-03-09,39.18000,39.19000,38.56000,38.63000,12200
2022-03-10,38.50000,39.10000,38.37000,38.65000,12800
2022-03-11,39.10000,39.29000,38.88000,38.96000,8000
2022-03-14,39.14000,39.78000,38.85000,39.16000,9100
2022-03-15,39.02000,39.56000,39.02000,39.26000,9900
2022-03-16,40.23000,40.23000,39.37000,39.40000,14500
2022-03-17,39.50000,39.99000,39.04000,39.70000,12900
2022-03-18,39.70000,40.23000,38.87000,39.90000,42100
2022-03-21,39.90000,39.90000,39.16000,39.19000,6700
2022-03-22,40.26000,40.26000,39.75000,39.98000,14100
2022-03-23,39.79000,39.82000,39.50000,39.58000,22200
2022-03-24,39.96000,40.00000,39.70000,39.98000,11600
2022-03-25,40.18000,40.75000,39.91000,40.47000,22200
2022-03-28,40.23000,40.75000,40.19000,40.50000,31800
2022-03-29,40.90000,41.01000,40.85000,40.92000,15100
2022-03-30,40.81000,41.40000,40.70000,40.71000,20600
2022-03-31,40.77000,40.99000,40.75000,40.79000,18900
2022-04-01,41.00000,41.04000,40.81000,40.91000,28500
2022-04-04,40.60000,40.90000,40.50000,40.51000,19000
2022-04-05,40.50000,40.50000,40.01000,40.21000,55500
2022-04-06,40.00000,40.85000,40.00000,40.28000,26400
2022-04-07,40.38000,40.48000,39.60000,39.80000,20300
2022-04-08,40.14000,40.24000,39.60000,39.69000,22100
2022-04-11,39.83000,40.26000,39.83000,39.96000,16000
2022-04-12,40.00000,40.57000,39.90000,40.05000,9700
2022-04-13,40.32000,40.32000,39.73000,39.84000,18300
2022-04-14,39.92000,40.17000,39.90000,40.14000,22800
2022-04-18,40.14000,40.33000,40.10000,40.16000,11500
2022-04-19,40.38000,41.31000,40.38000,40.89000,23500
2022-04-20,41.18000,41.63000,41.11000,41.39000,16100
2022-04-21,41.77000,42.33000,41.25000,41.25000,12200
2022-04-22,41.35000,41.48000,40.82000,40.88000,13500
2022-04-25,40.55000,41.02000,40.30000,40.92000,29500
2022-04-26,40.62000,40.98000,40.03000,40.16000,21100
2022-04-27,40.17000,40.27000,39.20000,39.21000,23000
2022-04-28,39.53000,39.81000,39.03000,39.60000,10800
2022-04-29,39.55000,39.97000,38.23000,38.33000,17300
2022-05-02,38.71000,38.71000,36.32000,36.83000,32800
2022-05-03,36.73000,36.75000,36.21000,36.33000,9300
2022-05-04,36.05000,37.18000,36.05000,37.03000,13400
2022-05-05,36.82000,36.82000,35.71000,35.90000,11600
2022-05-06,35.75000,36.03000,35.03000,35.24000,12000
2022-05-09,35.13000,35.59000,34.66000,35.58000,18800
2022-05-10,35.46000,35.51000,34.59000,34.94000,8400
2022-05-11,35.06000,35.81000,34.62000,35.69000,28200
2022-05-12,35.38000,35.40000,34.44000,34.86000,25200
2022-05-13,34.92000,34.96000,34.15000,34.51000,24900
2022-05-16,34.50000,34.56000,33.92000,34.46000,6400
2022-05-17,34.82000,35.31000,34.82000,35.25000,7400
2022-05-18,34.91000,35.10000,33.96000,34.35000,11700
2022-05-19,34.49000,34.49000,33.29000,33.45000,18800
2022-05-20,33.80000,34.74000,33.16000,33.52000,13400
2022-05-23,33.71000,34.35000,33.71000,34.01000,10300
2022-05-24,33.82000,34.24000,33.31000,33.95000,9800
2022-05-25,34.19000,34.37000,33.92000,33.99000,12000
2022-05-26,33.95000,34.49000,33.82000,34.26000,16300
2022-05-27,34.61000,35.02000,34.58000,34.88000,7100
2022-05-31,34.80000,34.80000,34.38000,34.39000,11600
2022-06-01,34.99000,35.66000,34.68000,35.60000,22600
2022-06-02,35.34000,36.25000,34.97000,36.19000,12800
2022-06-03,35.63000,35.92000,35.42000,35.43000,6900
2022-06-06,35.68000,35.75000,34.72000,35.00000,28800
2022-06-07,34.90000,35.99000,34.90000,35.51000,10900
2022-06-08,35.47000,35.85000,35.40000,35.68000,16900
2022-06-09,35.48000,35.56000,35.30000,35.32000,14200
2022-06-10,35.10000,35.26000,34.72000,34.87000,17600
2022-06-13,34.36000,34.61000,34.01000,34.25000,11700
2022-06-14,33.93000,34.41000,33.79000,34.20000,14100
2022-06-15,34.04000,35.10000,33.97000,34.46000,12800
2022-06-16,34.23000,34.32000,33.75000,33.84000,14100
2022-06-17,33.84000,34.24000,33.84000,34.04000,20200
2022-06-21,34.82000,35.18000,34.74000,35.02000,8100
2022-06-22,33.83000,35.18000,33.83000,34.94000,10500
2022-06-23,34.85000,34.97000,34.21000,34.81000,10500
2022-06-24,34.50000,35.20000,34.33000,34.98000,45800
2022-06-27,34.95000,34.98000,34.49000,34.75000,9400
2022-06-28,34.80000,35.05000,34.28000,34.39000,9600
2022-06-29,34.00000,34.28000,33.82000,34.04000,7000
2022-06-30,33.98000,34.29000,33.87000,34.13000,16800
2022-07-01,34.47000,35.16000,34.26000,34.87000,16800
2022-07-05,34.52000,35.53000,34.52000,35.53000,11400
2022-07-06,35.39000,35.77000,35.35000,35.54000,5900
2022-07-07,35.50000,35.98000,35.44000,35.70000,10700
2022-07-08,35.70000,35.94000,35.65000,35.83000,22100
2022-07-11,35.43000,35.62000,35.40000,35.40000,8000
2022-07-12,35.50000,35.72000,35.40000,35.40000,7100
2022-07-13,35.35000,35.35000,34.85000,35.09000,11300
2022-07-14,34.99000,34.99000,34.65000,34.75000,13400
2022-07-15,35.05000,35.75000,35.05000,35.67000,15200
2022-07-18,35.65000,35.94000,35.57000,35.67000,7600
2022-07-19,36.43000,36.63000,36.43000,36.47000,5700
2022-07-20,36.73000,37.01000,36.49000,36.93000,7500
2022-07-21,37.02000,37.25000,36.76000,37.01000,9600
2022-07-22,37.25000,37.38000,36.99000,37.00000,19100
2022-07-25,37.36000,37.84000,37.36000,37.45000,9900
2022-07-26,38.17000,38.25000,37.50000,37.50000,5900
2022-07-27,37.89000,38.28000,37.89000,38.28000,8300
2022-07-28,38.28000,39.06000,37.66000,37.91000,8000
2022-07-29,38.01000,38.38000,37.51000,37.67000,18700
2022-08-01,37.75000,38.56000,37.06000,38.24000,9400
2022-08-02,38.06000,38.13000,37.75000,38.10000,4200
2022-08-03,38.37000,38.92000,37.85000,38.85000,14400
2022-08-04,38.75000,38.90000,38.65000,38.90000,11100
2022-08-05,38.67000,39.43000,38.67000,39.32000,11700
2022-08-08,39.35000,40.27000,39.13000,39.95000,17500
2022-08-09,40.48000,40.48000,39.77000,40.13000,6200
2022-08-10,40.23000,40.89000,40.23000,40.89000,15500
2022-08-11,40.95000,41.80000,40.79000,41.58000,28300
2022-08-12,41.93000,42.02000,40.89000,41.98000,16200
2022-08-15,41.61000,42.39000,41.32000,42.39000,12700
2022-08-16,42.09000,42.62000,42.09000,42.56000,5800
2022-08-17,42.80000,43.24000,42.44000,42.83000,17300
2022-08-18,42.82000,43.17000,42.65000,43.17000,9600
2022-08-19,42.77000,43.20000,41.81000,41.93000,20600
2022-08-22,41.67000,42.45000,39.56000,41.13000,20800
2022-08-23,42.20000,42.20000,40.67000,40.82000,12900
2022-08-24,40.63000,41.00000,40.05000,40.07000,10200
2022-08-25,41.14000,41.28000,40.50000,41.09000,7800
2022-08-26,41.10000,41.10000,40.11000,40.20000,6300
2022-08-29,39.73000,40.29000,39.73000,39.82000,5300
2022-08-30,40.23000,40.27000,39.48000,39.53000,5900
2022-08-31,39.79000,39.98000,39.04000,39.04000,7500
2022-09-01,39.00000,39.00000,38.26000,38.58000,7400
2022-09-02,38.57000,38.57000,37.93000,37.93000,5800
2022-09-06,38.32000,38.40000,37.02000,37.60000,10400
2022-09-07,38.70000,38.74000,37.55000,38.05000,8100
2022-09-08,37.11000,37.77000,37.11000,37.70000,6100
2022-09-09,37.73000,38.04000,37.33000,37.90000,9100
2022-09-12,37.23000,38.33000,37.23000,38.33000,13600
2022-09-13,37.75000,37.75000,36.59000,36.77000,10900
2022-09-14,37.03000,37.44000,36.85000,37.18000,22800
2022-09-15,37.27000,37.66000,37.16000,37.52000,18500
2022-09-16,37.25000,38.29000,37.25000,38.05000,33600
2022-09-19,39.38000,39.38000,38.32000,38.45000,7800
2022-09-20,38.71000,39.11000,38.56000,38.83000,15700
2022-09-21,39.43000,39.70000,39.01000,39.01000,9400
2022-09-22,38.99000,39.00000,38.50000,38.84000,17000
2022-09-23,38.45000,39.13000,38.45000,38.75000,14000
2022-09-26,38.95000,39.09000,38.65000,39.09000,15000
2022-09-27,39.07000,39.43000,38.60000,38.75000,16300
2022-09-28,39.25000,39.74000,39.20000,39.20000,9500
2022-09-29,39.00000,39.30000,38.90000,39.03000,11700
2022-09-30,39.21000,39.48000,38.99000,38.99000,25100
2022-10-03,39.21000,39.76000,39.21000,39.48000,7800
2022-10-04,39.66000,40.35000,39.66000,39.82000,16300
2022-10-05,39.70000,40.88000,39.55000,40.02000,15100
2022-10-06,40.24000,40.50000,39.98000,40.11000,8200
2022-10-07,40.30000,40.30000,38.89000,39.10000,7700
2022-10-10,39.10000,39.38000,39.02000,39.27000,3700
2022-10-11,39.24000,39.55000,39.00000,39.33000,8800
2022-10-12,39.74000,39.74000,39.35000,39.53000,6000
2022-10-13,39.40000,40.83000,39.23000,40.78000,13000
2022-10-14,40.97000,41.18000,40.05000,40.96000,7200
2022-10-17,39.75000,41.85000,39.75000,41.73000,11300
2022-10-18,42.23000,42.30000,40.35000,41.56000,6200
2022-10-19,40.75000,41.32000,40.70000,41.25000,15000
2022-10-20,40.98000,40.98000,39.67000,40.25000,5400
2022-10-21,40.31000,40.50000,39.72000,40.27000,11400
2022-10-24,40.40000,40.45000,39.61000,40.44000,39500
2022-10-25,40.19000,41.70000,40.19000,41.70000,10200
2022-10-26,41.60000,42.21000,41.17000,41.71000,9700
2022-10-27,41.88000,42.76000,41.88000,41.92000,8400
2022-10-28,41.79000,42.79000,41.53000,42.68000,10500
2022-10-31,42.34000,43.17000,42.34000,42.75000,8600
2022-11-01,43.06000,43.06000,42.35000,42.35000,4800
2022-11-02,41.74000,42.99000,41.74000,41.76000,11200
2022-11-03,41.73000,41.73000,39.70000,41.62000,12600
2022-11-04,42.04000,42.34000,41.01000,42.11000,14200
2022-11-07,42.22000,42.45000,41.94000,42.45000,10200
2022-11-08,42.80000,42.94000,41.70000,41.70000,7500
2022-11-09,41.65000,41.87000,41.35000,41.60000,7100
2022-11-10,42.51000,43.45000,42.51000,43.06000,16900
2022-11-11,42.91000,43.00000,42.33000,42.33000,12700
2022-11-14,42.50000,42.63000,41.89000,42.11000,9900
2022-11-15,42.74000,42.74000,41.70000,41.81000,6200
2022-11-16,41.02000,41.72000,41.02000,41.72000,3400
2022-11-17,41.70000,42.29000,41.12000,42.28000,10600
2022-11-18,42.75000,42.86000,42.16000,42.63000,11500
2022-11-21,42.76000,42.91000,42.65000,42.65000,4100
2022-11-22,42.25000,43.26000,42.25000,42.90000,8300
2022-11-23,42.30000,43.32000,42.30000,42.96000,5100
2022-11-25,43.04000,43.08000,42.60000,42.64000,2000
2022-11-28,42.60000,42.80000,41.75000,42.20000,10000
2022-11-29,42.44000,42.44000,41.82000,42.12000,5100
2022-11-30,42.30000,42.98000,41.68000,42.98000,9000
2022-12-01,42.61000,43.35000,42.57000,43.29000,8400
2022-12-02,42.90000,43.10000,42.30000,42.98000,5500
2022-12-05,42.28000,42.28000,40.41000,41.77000,12000
2022-12-06,41.95000,42.90000,41.95000,42.85000,38700
2022-12-07,42.60000,43.14000,42.29000,42.29000,5500
2022-12-08,42.59000,42.60000,42.50000,42.50000,4300
2022-12-09,42.20000,42.20000,41.79000,41.79000,7400
2022-12-12,41.65000,42.47000,41.45000,42.31000,8000
2022-12-13,42.99000,42.99000,41.90000,42.73000,25900
2022-12-14,42.67000,42.67000,41.28000,41.28000,16100
2022-12-15,41.26000,41.26000,40.28000,40.53000,6600
2022-12-16,39.90000,40.97000,39.55000,40.96000,41800
2022-12-19,40.66000,41.22000,40.60000,40.60000,7300
2022-12-20,40.57000,40.78000,40.56000,40.56000,4400
2022-12-21,40.85000,41.74000,40.83000,40.85000,10400
2022-12-22,40.71000,40.85000,40.60000,40.60000,5800
2022-12-23,40.80000,40.80000,40.80000,40.80000,2300
2022-12-27,40.65000,40.75000,40.19000,40.56000,3200
2022-12-28,40.24000,40.24000,39.78000,40.01000,3900
2022-12-29,40.32000,40.70000,40.10000,40.67000,4300
2022-12-30,40.26000,40.52000,40.03000,40.03000,8300
2023-01-03,40.19000,40.47000,39.71000,40.10000,8700
2023-01-04,40.29000,40.29000,39.78000,39.86000,5300
2023-01-05,39.81000,39.84000,39.28000,39.69000,7800
2023-01-06,39.82000,40.20000,39.82000,40.18000,13900
2023-01-09,40.10000,40.12000,39.44000,39.54000,7200
2023-01-10,39.50000,40.45000,39.21000,39.95000,12700
2023-01-11,40.00000,40.00000,39.25000,39.25000,8700
2023-01-12,39.46000,40.06000,39.44000,39.87000,8900
2023-01-13,39.70000,40.69000,39.70000,40.50000,5800
2023-01-17,40.07000,40.10000,40.06000,40.10000,3800
2023-01-18,40.23000,40.23000,39.04000,39.04000,4600
2023-01-19,38.95000,38.95000,38.42000,38.63000,6700
2023-01-20,38.80000,39.28000,38.80000,39.28000,8700
2023-01-23,38.86000,39.21000,38.48000,39.20000,11400
2023-01-24,39.25000,39.25000,38.86000,39.07000,5400
2023-01-25,39.00000,39.71000,39.00000,39.00000,5200
2023-01-26,38.78000,38.80000,37.56000,38.80000,13200
2023-01-27,38.80000,38.80000,37.71000,37.99000,10700
2023-01-30,37.99000,38.30000,37.46000,37.57000,10500
2023-01-31,37.67000,38.99000,37.67000,38.40000,12700
2023-02-01,38.47000,38.98000,38.25000,38.67000,22700
2023-02-02,38.71000,39.71000,38.67000,39.48000,10200
2023-02-03,39.20000,40.19000,39.20000,40.02000,7700
2023-02-06,40.02000,40.19000,39.16000,39.67000,7800
2023-02-07,39.90000,40.26000,39.89000,40.26000,10000
2023-02-08,40.26000,40.43000,39.87000,40.11000,9700
2023-02-09,40.20000,40.20000,39.54000,39.54000,3700
2023-02-10,39.42000,39.70000,39.40000,39.65000,7200
2023-02-13,39.60000,39.63000,39.41000,39.52000,6600
2023-02-14,39.86000,39.91000,39.28000,39.45000,11800
2023-02-15,39.40000,39.68000,39.06000,39.26000,10000
2023-02-16,39.23000,39.49000,38.83000,39.30000,11800
2023-02-17,39.34000,40.50000,39.11000,39.85000,17300
2023-02-21,39.53000,39.64000,39.35000,39.35000,8400
2023-02-22,39.55000,39.58000,38.95000,39.12000,10200
2023-02-23,39.11000,39.62000,39.11000,39.48000,5100
2023-02-24,39.06000,39.24000,38.85000,39.04000,4500
2023-02-27,38.46000,39.09000,38.46000,39.09000,4000
2023-02-28,39.59000,40.00000,39.37000,39.55000,8100
2023-03-01,39.71000,39.89000,39.28000,39.36000,7800
2023-03-02,38.74000,39.33000,38.74000,39.10000,5800
2023-03-03,39.08000,39.08000,39.08000,39.08000,2300
2023-03-06,39.14000,39.14000,37.48000,38.45000,34800
2023-03-07,38.44000,38.44000,37.31000,37.70000,11800
2023-03-08,37.22000,37.30000,36.30000,37.20000,8700
2023-03-09,36.78000,36.78000,35.95000,36.15000,31500
2023-03-10,35.89000,36.14000,35.22000,35.67000,11800
2023-03-13,35.19000,35.19000,32.67000,32.98000,10900
2023-03-14,34.23000,34.67000,32.90000,32.95000,20300
2023-03-15,33.77000,33.77000,32.00000,32.19000,6200
2023-03-16,32.06000,34.80000,31.88000,34.80000,11600
2023-03-17,34.03000,34.03000,31.86000,31.86000,35800
2023-03-20,32.44000,33.10000,31.99000,32.65000,23400
2023-03-21,34.50000,34.79000,33.78000,34.30000,16600
2023-03-22,34.50000,35.00000,33.92000,34.30000,23600
2023-03-23,34.90000,34.90000,33.50000,33.97000,27800
2023-03-24,33.55000,34.84000,33.55000,34.58000,12300
2023-03-27,35.00000,35.33000,34.30000,34.30000,7500
2023-03-28,34.33000,35.13000,34.00000,34.19000,72200
2023-03-29,34.23000,34.35000,33.54000,33.69000,9800
2023-03-30,34.44000,34.44000,32.86000,32.86000,9700
2023-03-31,33.29000,33.41000,32.69000,33.03000,16000
2023-04-03,33.16000,33.28000,33.00000,33.23000,13900
2023-04-04,32.82000,33.02000,32.65000,32.83000,12700
2023-04-05,32.50000,32.96000,32.26000,32.40000,21000
2023-04-06,32.38000,32.92000,32.34000,32.50000,14800
2023-04-10,32.44000,32.82000,32.44000,32.68000,11500
2023-04-11,32.59000,33.74000,32.59000,33.15000,18900
2023-04-12,33.20000,33.20000,32.58000,32.72000,6800
2023-04-13,32.80000,33.65000,32.80000,32.85000,8200
2023-04-14,32.98000,33.28000,31.73000,31.73000,14700
2023-04-17,31.48000,32.43000,31.45000,32.29000,6400
2023-04-18,32.00000,32.34000,32.00000,32.25000,8400
2023-04-19,32.96000,33.42000,32.89000,33.27000,7800
2023-04-20,32.90000,33.24000,32.73000,33.24000,4000
2023-04-21,33.11000,33.14000,32.51000,32.51000,8500
2023-04-24,32.57000,32.81000,32.20000,32.20000,4700
2023-04-25,32.00000,32.00000,31.04000,31.19000,4600
2023-04-26,31.04000,31.40000,30.51000,30.84000,9700
2023-04-27,31.00000,31.70000,30.95000,31.70000,7800
2023-04-28,31.20000,31.33000,31.00000,31.33000,11900
2023-05-01,31.05000,31.59000,30.10000,30.81000,19600
2023-05-02,30.65000,30.80000,28.66000,29.20000,18900
2023-05-03,29.35000,30.13000,28.62000,28.62000,13900
2023-05-04,28.24000,28.43000,27.75000,28.32000,14600
2023-05-05,28.85000,30.23000,28.84000,30.00000,19700
2023-05-08,30.39000,30.39000,29.25000,29.41000,9500
2023-05-09,29.00000,29.67000,28.99000,29.05000,2900
2023-05-10,29.42000,30.09000,29.20000,30.09000,16300
2023-05-11,29.60000,30.70000,29.60000,29.88000,9900
2023-05-12,30.05000,33.06000,30.05000,30.05000,15200
2023-05-15,29.85000,31.01000,29.85000,30.39000,11100
2023-05-16,30.24000,30.36000,29.49000,29.60000,14500
2023-05-17,30.01000,31.67000,30.01000,31.55000,15300
2023-05-18,31.55000,32.45000,31.16000,31.98000,16100
2023-05-19,32.34000,32.34000,31.55000,31.55000,11900
2023-05-22,31.65000,32.68000,31.41000,31.43000,17300
2023-05-23,31.73000,32.67000,31.73000,32.18000,16600
2023-05-24,32.07000,32.77000,31.00000,31.05000,20500
2023-05-25,31.04000,31.47000,30.97000,31.30000,14700
2023-05-26,31.12000,32.06000,31.12000,31.91000,10000
2023-05-30,31.87000,32.48000,31.51000,31.51000,16400
2023-05-31,31.46000,31.46000,30.79000,30.79000,12100
2023-06-01,31.00000,31.73000,30.82000,31.15000,8300
2023-06-02,31.70000,32.91000,31.30000,32.73000,24900
2023-06-05,32.64000,32.80000,32.06000,32.28000,17600
2023-06-06,31.98000,34.00000,31.98000,33.70000,16500
2023-06-07,34.00000,35.53000,34.00000,35.29000,24900
2023-06-08,34.51000,35.47000,34.51000,35.47000,11500
2023-06-09,34.83000,35.10000,34.55000,34.66000,12100
2023-06-12,34.85000,34.85000,34.12000,34.42000,6900
2023-06-13,34.45000,35.11000,34.40000,34.66000,14500
2023-06-14,34.96000,34.96000,34.30000,34.30000,6900
2023-06-15,33.82000,35.67000,33.82000,35.56000,27700
2023-06-16,35.75000,35.75000,33.19000,33.49000,29200
2023-06-20,33.81000,33.81000,33.06000,33.70000,12200
2023-06-21,33.48000,33.75000,33.22000,33.22000,6300
2023-06-22,33.01000,33.22000,32.70000,32.90000,15500
2023-06-23,32.60000,34.20000,32.60000,34.07000,77200
2023-06-26,33.83000,34.17000,33.51000,33.51000,10400
2023-06-27,33.29000,33.29000,33.06000,33.26000,3900
2023-06-28,33.06000,33.77000,33.02000,33.26000,8000
2023-06-29,33.48000,33.90000,33.48000,33.90000,6700
2023-06-30,33.90000,33.90000,33.00000,33.21000,8500
2023-07-03,33.06000,33.17000,32.91000,32.92000,5200
2023-07-05,32.89000,33.32000,32.89000,32.92000,9000
2023-07-06,32.71000,33.27000,32.42000,32.70000,28500
2023-07-07,33.15000,33.28000,33.00000,33.20000,28200
2023-07-10,33.49000,33.83000,33.49000,33.68000,7300
2023-07-11,33.33000,33.75000,33.33000,33.75000,9400
2023-07-12,34.01000,35.10000,34.01000,34.10000,14000
2023-07-13,34.02000,34.80000,34.02000,34.80000,5000
2023-07-14,34.97000,34.97000,34.00000,34.45000,10500
2023-07-17,34.69000,35.38000,33.70000,34.20000,18700
2023-07-18,34.12000,35.60000,34.00000,35.54000,18900
2023-07-19,35.41000,36.57000,35.41000,36.06000,26500
2023-07-20,36.11000,36.11000,34.81000,35.28000,23300
2023-07-21,35.34000,35.34000,34.17000,34.17000,16900
2023-07-24,34.17000,35.13000,34.15000,35.00000,30600
2023-07-25,34.55000,35.45000,34.18000,34.55000,16700
2023-07-26,35.05000,35.63000,35.05000,35.60000,15100
2023-07-27,35.79000,36.04000,35.43000,35.84000,20700
2023-07-28,36.20000,36.70000,35.92000,36.46000,19700
2023-07-31,36.70000,36.90000,35.62000,35.62000,8700
2023-08-01,35.82000,35.82000,35.32000,35.41000,12100
2023-08-02,35.55000,35.60000,34.87000,34.87000,15600
2023-08-03,34.92000,35.40000,34.78000,35.33000,10200
2023-08-04,35.89000,35.89000,35.29000,35.29000,6900
2023-08-07,35.66000,36.15000,35.50000,35.92000,13300
2023-08-08,35.33000,35.38000,34.70000,35.38000,9200
2023-08-09,35.51000,35.51000,34.54000,34.60000,8000
2023-08-10,34.55000,34.81000,34.26000,34.81000,10600
2023-08-11,34.65000,35.66000,34.61000,35.02000,9000
2023-08-14,34.98000,34.98000,34.05000,34.05000,7600
2023-08-15,33.97000,33.97000,33.13000,33.38000,11800
2023-08-16,33.40000,33.45000,33.01000,33.19000,9100
2023-08-17,33.46000,33.46000,32.85000,33.00000,6600
2023-08-18,32.68000,33.19000,32.68000,33.19000,5300
2023-08-21,32.57000,32.78000,32.37000,32.50000,3300
2023-08-22,32.25000,32.27000,32.00000,32.05000,8800
2023-08-23,32.28000,32.53000,32.27000,32.34000,6900
2023-08-24,32.46000,33.19000,32.46000,32.58000,8700
2023-08-25,32.79000,32.79000,32.23000,32.59000,6400
2023-08-28,32.60000,33.42000,32.60000,33.01000,7100
2023-08-29,32.87000,33.65000,32.87000,33.45000,9400
2023-08-30,33.25000,33.72000,33.13000,33.26000,10400
2023-08-31,33.07000,33.30000,32.59000,32.66000,9800
2023-09-01,33.01000,33.61000,33.01000,33.61000,9600
2023-09-05,33.29000,33.49000,32.96000,33.04000,7800
2023-09-06,33.14000,33.33000,32.50000,32.50000,10100
2023-09-07,32.50000,33.10000,32.40000,32.62000,34100
2023-09-08,32.90000,33.31000,32.78000,32.88000,7200
2023-09-11,32.90000,33.22000,32.90000,33.21000,7500
2023-09-12,33.33000,33.81000,33.00000,33.10000,7600
2023-09-13,32.90000,33.18000,32.71000,32.71000,10000
2023-09-14,33.42000,33.42000,33.00000,33.28000,7600
2023-09-15,33.31000,33.92000,33.03000,33.18000,20600
2023-09-18,33.14000,33.14000,32.72000,32.72000,3200
2023-09-19,32.74000,33.17000,32.55000,32.56000,6800
2023-09-20,32.56000,32.81000,32.51000,32.53000,5000
2023-09-21,32.40000,32.90000,31.74000,31.76000,41500
2023-09-22,31.99000,32.39000,31.93000,32.14000,11300
2023-09-25,32.16000,32.16000,32.16000,32.16000,3800
2023-09-26,32.78000,32.95000,31.93000,31.93000,12200
2023-09-27,32.18000,32.21000,31.90000,31.90000,6300
2023-09-28,31.97000,32.14000,31.81000,31.81000,15100
2023-09-29,32.13000,32.28000,31.87000,31.87000,8800
2023-10-02,32.15000,32.39000,32.05000,32.06000,12400
2023-10-03,32.00000,32.17000,31.47000,31.47000,12200
2023-10-04,31.69000,32.08000,31.69000,31.90000,12600
2023-10-05,32.01000,32.29000,31.83000,32.28000,10300
2023-10-06,32.02000,32.20000,31.79000,32.00000,8800
2023-10-09,31.70000,32.48000,31.70000,32.10000,14300
2023-10-10,32.53000,33.07000,32.25000,32.46000,12300
2023-10-11,32.68000,33.00000,32.68000,32.89000,9100
2023-10-12,32.66000,32.68000,32.44000,32.57000,11200
2023-10-13,32.69000,32.84000,32.43000,32.57000,7800
2023-10-16,33.27000,33.40000,32.50000,32.50000,13100
2023-10-17,32.72000,33.44000,32.72000,32.92000,14200
2023-10-18,32.40000,32.40000,32.13000,32.26000,7100
2023-10-19,33.15000,33.95000,33.01000,33.03000,17200
2023-10-20,33.33000,33.85000,33.04000,33.55000,13400
2023-10-23,33.58000,34.43000,33.42000,33.68000,12200
2023-10-24,33.62000,33.95000,33.28000,33.80000,11000
2023-10-25,33.62000,34.40000,33.62000,33.80000,7900
2023-10-26,33.28000,34.70000,33.28000,34.01000,16700
2023-10-27,33.25000,33.39000,33.01000,33.16000,5700
2023-10-30,33.65000,34.32000,33.28000,34.27000,22200
2023-10-31,33.00000,34.27000,33.00000,34.27000,6700
2023-11-01,34.30000,34.52000,34.20000,34.20000,5600
2023-11-02,34.60000,35.40000,34.60000,35.40000,15100
2023-11-03,36.08000,36.77000,35.95000,36.57000,15100
2023-11-06,36.39000,36.39000,36.08000,36.16000,12500
2023-11-07,36.35000,36.63000,36.16000,36.38000,5600
2023-11-08,36.55000,36.55000,35.74000,35.86000,8300
2023-11-09,36.00000,36.00000,34.02000,35.68000,10700
2023-11-10,35.66000,36.24000,35.66000,36.15000,9800
2023-11-13,36.17000,36.31000,35.89000,35.89000,10100
2023-11-14,36.70000,38.85000,36.26000,38.60000,17800
2023-11-15,38.49000,38.49000,37.91000,38.03000,8500
2023-11-16,38.00000,38.00000,37.80000,37.80000,4300
2023-11-17,38.26000,38.33000,37.98000,38.20000,11200
2023-11-20,38.11000,38.11000,37.51000,37.51000,3500
2023-11-21,37.54000,38.03000,35.61000,36.15000,19400
2023-11-22,36.59000,36.59000,36.14000,36.45000,5200
2023-11-24,36.87000,36.87000,36.60000,36.83000,3000
2023-11-27,36.83000,37.34000,36.64000,36.68000,7100
2023-11-28,36.29000,36.89000,36.29000,36.56000,8700
2023-11-29,37.06000,37.69000,37.06000,37.40000,10200
2023-11-30,37.29000,37.37000,36.41000,36.45000,9600
2023-12-01,37.18000,37.51000,36.60000,37.10000,32300
2023-12-04,37.08000,38.00000,37.08000,37.99000,6500
2023-12-05,38.00000,38.00000,37.51000,37.51000,6800
2023-12-06,37.56000,38.70000,37.56000,37.82000,16500
2023-12-07,37.75000,38.65000,37.55000,38.63000,14700
2023-12-08,38.65000,39.66000,38.33000,39.13000,13600
2023-12-11,38.56000,39.26000,38.56000,38.99000,13900
2023-12-12,39.20000,39.20000,38.51000,38.51000,7500
2023-12-13,38.52000,40.40000,38.28000,38.76000,68000
2023-12-14,39.87000,41.08000,39.23000,40.75000,31300
2023-12-15,41.02000,43.41000,40.45000,42.93000,77600
2023-12-18,43.19000,43.77000,41.55000,42.00000,41400
2023-12-19,41.23000,42.95000,41.23000,42.40000,22000
2023-12-20,42.08000,44.00000,42.08000,42.32000,30100
2023-12-21,42.02000,42.50000,41.39000,42.23000,16100
2023-12-22,42.22000,42.75000,42.22000,42.67000,9500
2023-12-26,42.70000,43.50000,42.70000,42.96000,11500
2023-12-27,42.75000,43.37000,42.70000,43.21000,8000
2023-12-28,43.01000,43.51000,42.95000,43.21000,9000
2023-12-29,43.06000,43.06000,41.74000,42.01000,9500
2024-01-02,41.63000,42.58000,41.39000,42.25000,9000
2024-01-03,42.19000,42.19000,40.72000,40.72000,10200
2024-01-04,40.89000,41.99000,40.45000,40.79000,10000
2024-01-05,40.62000,41.77000,40.62000,41.30000,28900
2024-01-08,41.34000,41.34000,40.22000,41.10000,7300
2024-01-09,40.54000,40.71000,40.54000,40.71000,5500
2024-01-10,40.71000,40.94000,39.85000,40.94000,11100
2024-01-11,41.18000,41.19000,40.60000,40.73000,11000
2024-01-12,41.10000,41.35000,40.77000,41.10000,9800
2024-01-16,41.18000,41.21000,38.38000,38.55000,22500
2024-01-17,38.55000,39.84000,38.26000,39.55000,18300
2024-01-18,39.26000,39.50000,39.10000,39.47000,5300
2024-01-19,39.77000,40.27000,38.64000,40.27000,7500
2024-01-22,40.74000,41.30000,40.71000,40.92000,7800
2024-01-23,41.31000,41.80000,41.24000,41.61000,20200
2024-01-24,42.00000,42.00000,40.51000,41.30000,11300
2024-01-25,41.87000,42.28000,40.90000,42.28000,14400
2024-01-26,42.37000,42.37000,41.26000,41.39000,6900
2024-01-29,40.18000,42.98000,40.18000,42.93000,21800
2024-01-30,42.75000,43.20000,41.57000,42.16000,6200
2024-01-31,42.03000,42.03000,39.82000,39.82000,10400
2024-02-01,39.74000,39.74000,38.27000,39.40000,10400
2024-02-02,38.51000,39.20000,38.30000,38.39000,12000
2024-02-05,38.38000,38.38000,35.83000,37.11000,27100
2024-02-06,36.90000,37.45000,35.26000,36.49000,15800
2024-02-07,36.49000,36.49000,34.65000,35.69000,18000
2024-02-08,35.80000,37.25000,35.80000,37.06000,14300
2024-02-09,36.87000,38.95000,36.87000,37.32000,15000
2024-02-12,38.12000,38.85000,38.00000,38.33000,12700
2024-02-13,37.10000,37.10000,34.96000,35.21000,14400
2024-02-14,35.42000,37.42000,34.83000,37.22000,20000
2024-02-15,37.22000,39.28000,37.22000,38.47000,15800
2024-02-16,38.41000,39.02000,37.62000,37.62000,14000
2024-02-20,37.04000,37.57000,37.04000,37.22000,7500
2024-02-21,37.08000,38.61000,36.52000,37.00000,11000
2024-02-22,37.10000,38.64000,35.79000,36.49000,10300
2024-02-23,36.12000,36.70000,36.12000,36.70000,3800
2024-02-26,36.40000,37.04000,36.00000,36.32000,4600
2024-02-27,37.23000,37.23000,36.12000,36.12000,4700
2024-02-28,36.05000,36.49000,35.83000,35.83000,7000
2024-02-29,36.24000,36.75000,36.24000,36.75000,5100
2024-03-01,36.12000,36.12000,36.05000,36.05000,4000
2024-03-04,36.00000,36.26000,35.09000,35.61000,5500
2024-03-05,35.31000,35.53000,35.27000,35.45000,3800
2024-03-06,35.30000,35.77000,34.91000,35.77000,6500
2024-03-07,36.47000,36.48000,35.78000,35.78000,6800
2024-03-08,36.19000,36.19000,35.28000,35.52000,3800
2024-03-11,35.15000,35.25000,34.94000,35.04000,6900
2024-03-12,35.00000,35.08000,34.91000,34.99000,3900
2024-03-13,34.92000,35.83000,34.55000,35.22000,6800
2024-03-14,35.22000,35.51000,34.15000,34.15000,10900
2024-03-15,34.15000,35.13000,34.15000,35.10000,22500
2024-03-18,34.67000,35.35000,34.30000,34.34000,13900
2024-03-19,34.68000,34.90000,34.55000,34.81000,8900
2024-03-20,34.74000,35.42000,34.74000,35.40000,24400
2024-03-21,35.40000,36.43000,35.40000,36.28000,19800
2024-03-22,36.00000,36.42000,35.58000,36.08000,19000
2024-03-25,35.97000,36.20000,35.56000,36.07000,4800
2024-03-26,36.02000,36.54000,35.80000,36.15000,15500
2024-03-27,36.23000,37.70000,36.23000,37.53000,9800
2024-03-28,37.50000,38.37000,36.59000,38.31000,30600
2024-04-01,38.32000,38.32000,37.02000,37.09000,6800
2024-04-02,36.77000,37.23000,36.77000,36.80000,16600
2024-04-03,36.80000,37.49000,36.80000,37.01000,7300
2024-04-04,38.00000,38.00000,37.00000,37.00000,11000
2024-04-05,37.00000,37.19000,36.91000,36.91000,15000
2024-04-08,38.25000,38.25000,37.00000,37.00000,8100
2024-04-09,37.29000,37.29000,36.99000,37.02000,7300
2024-04-10,36.37000,36.45000,35.51000,35.70000,14400
2024-04-11,35.61000,35.80000,35.38000,35.39000,8200
2024-04-12,35.02000,35.02000,34.24000,34.70000,5300
2024-04-15,34.21000,34.64000,34.00000,34.57000,5700
2024-04-16,34.45000,34.45000,33.69000,34.16000,8200
2024-04-17,33.78000,33.78000,33.70000,33.70000,6300
2024-04-18,34.10000,34.83000,33.42000,33.60000,15200
2024-04-19,33.30000,36.24000,33.30000,36.09000,13900
2024-04-22,36.29000,37.20000,34.85000,35.15000,30800
2024-04-23,35.55000,36.36000,35.30000,35.98000,9700
2024-04-24,35.87000,36.48000,35.75000,36.48000,9500
2024-04-25,36.01000,36.33000,34.96000,35.50000,9200
2024-04-26,35.25000,36.00000,34.97000,35.58000,6100
2024-04-29,35.43000,36.03000,35.43000,35.57000,6700
2024-04-30,35.75000,35.77000,34.51000,35.00000,18800
2024-05-01,36.06000,36.96000,36.00000,36.02000,10600
2024-05-02,36.99000,37.12000,36.61000,36.74000,10600
2024-05-03,36.78000,36.95000,36.78000,36.95000,3000
2024-05-06,37.04000,37.87000,37.04000,37.78000,24500
2024-05-07,37.25000,37.70000,36.91000,36.91000,11000
2024-05-08,36.99000,38.09000,36.99000,37.60000,8300
2024-05-09,38.30000,38.32000,37.86000,37.88000,11000
2024-05-10,38.08000,38.50000,37.44000,37.49000,9600
2024-05-13,37.32000,37.45000,37.06000,37.11000,5100
2024-05-14,37.34000,37.65000,36.90000,37.65000,8900
2024-05-15,38.17000,38.17000,37.65000,37.82000,6700
2024-05-16,37.51000,37.55000,37.28000,37.54000,9100
2024-05-17,37.77000,38.11000,37.77000,38.02000,6000
2024-05-20,37.77000,38.27000,37.00000,37.00000,10500
2024-05-21,37.48000,37.80000,37.20000,37.20000,4800
2024-05-22,37.21000,37.56000,37.21000,37.50000,8500
2024-05-23,37.83000,37.99000,36.03000,36.60000,24500
2024-05-24,36.70000,37.41000,36.58000,36.79000,30000
2024-05-28,37.15000,37.15000,36.23000,36.47000,5700
2024-05-29,35.88000,36.90000,35.35000,36.20000,34200
2024-05-30,36.64000,36.64000,36.20000,36.52000,6400
2024-05-31,36.37000,36.73000,36.16000,36.17000,7000
2024-06-03,36.62000,36.62000,35.60000,35.90000,8100
2024-06-04,35.95000,35.95000,35.16000,35.59000,22800
2024-06-05,36.19000,36.19000,35.98000,36.12000,4100
2024-06-06,36.16000,36.34000,36.00000,36.20000,9200
2024-06-07,36.25000,36.41000,36.23000,36.23000,15600
2024-06-10,36.50000,36.64000,36.25000,36.59000,13600
2024-06-11,36.49000,36.89000,36.47000,36.77000,11600
2024-06-12,37.00000,39.06000,36.85000,38.10000,42500
2024-06-13,37.53000,37.88000,36.51000,36.60000,8900
2024-06-14,36.50000,36.66000,35.95000,36.43000,9500
2024-06-17,36.75000,37.05000,36.66000,36.82000,35100
2024-06-18,37.13000,37.76000,37.00000,37.49000,12300
2024-06-20,37.10000,37.56000,37.02000,37.20000,17400
2024-06-21,37.28000,37.44000,37.06000,37.35000,32100
2024-06-24,37.80000,38.20000,37.80000,38.01000,8800
2024-06-25,38.02000,38.31000,37.83000,37.83000,12500
2024-06-26,38.04000,38.85000,38.04000,38.27000,16000
2024-06-27,38.75000,38.75000,38.15000,38.49000,21300
2024-06-28,38.90000,40.47000,38.83000,40.01000,89000
2024-07-01,39.44000,39.44000,38.50000,38.97000,12100
2024-07-02,39.23000,39.23000,38.55000,38.63000,6000
2024-07-03,38.84000,38.84000,38.40000,38.45000,11400
2024-07-05,38.67000,38.67000,38.00000,38.00000,53600
2024-07-08,38.01000,38.88000,38.01000,38.68000,12700
2024-07-09,39.00000,39.00000,38.55000,38.65000,6800
2024-07-10,38.50000,39.14000,38.50000,39.14000,5900
2024-07-11,39.88000,42.15000,39.88000,41.77000,42500
2024-07-12,42.46000,42.65000,41.45000,41.69000,21100
2024-07-15,42.09000,42.75000,42.09000,42.21000,17500
2024-07-16,42.25000,44.44000,42.25000,44.38000,49200
2024-07-17,44.21000,45.41000,44.21000,45.18000,31300
2024-07-18,45.19000,45.19000,40.61000,41.84000,24300
2024-07-19,41.83000,42.22000,41.61000,41.85000,17600
2024-07-22,41.60000,43.15000,41.05000,42.92000,23200
2024-07-23,43.10000,44.45000,43.10000,44.01000,27400
2024-07-24,43.74000,44.50000,42.17000,42.66000,13800
2024-07-25,42.89000,44.88000,42.89000,44.32000,29700
2024-07-26,44.59000,45.44000,44.12000,45.41000,36200
2024-07-29,44.37000,44.60000,42.38000,42.81000,28600
2024-07-30,43.16000,44.10000,42.64000,43.95000,14000
2024-07-31,43.95000,45.00000,43.70000,44.12000,16500
2024-08-01,44.30000,44.30000,41.30000,41.63000,22200
2024-08-02,39.72000,40.73000,39.72000,40.29000,15300
2024-08-05,37.77000,38.89000,37.35000,38.67000,21600
2024-08-06,38.50000,39.20000,38.40000,38.70000,10500
2024-08-07,38.78000,39.48000,38.45000,38.74000,17300
2024-08-08,39.09000,39.86000,39.00000,39.86000,9500
2024-08-09,40.07000,42.38000,39.00000,39.21000,14100
2024-08-12,39.19000,39.26000,38.50000,39.12000,8600
2024-08-13,39.16000,39.53000,39.16000,39.53000,5800
2024-08-14,39.03000,39.40000,39.03000,39.40000,6100
2024-08-15,40.56000,41.50000,40.56000,41.50000,14600
2024-08-16,41.52000,42.01000,41.07000,42.01000,10700
2024-08-19,41.85000,42.35000,41.62000,41.76000,7600
2024-08-20,40.90000,41.47000,40.90000,41.01000,5200
2024-08-21,40.51000,41.62000,40.51000,41.44000,4900
2024-08-22,41.09000,41.30000,41.09000,41.30000,5300
2024-08-23,42.00000,44.34000,42.00000,44.00000,23600
2024-08-26,44.09000,44.64000,43.63000,43.73000,13000
2024-08-27,43.00000,43.38000,42.55000,43.38000,7300
2024-08-28,43.27000,44.63000,43.27000,44.20000,21000
2024-08-29,44.35000,45.21000,43.88000,43.88000,28600
2024-08-30,44.00000,44.93000,43.97000,44.66000,12200
2024-09-03,44.10000,44.10000,42.49000,42.80000,10300
2024-09-04,42.77000,42.78000,42.51000,42.51000,6200
2024-09-05,42.51000,42.63000,41.76000,42.50000,15100
2024-09-06,41.45000,41.97000,41.31000,41.31000,8100
2024-09-09,41.75000,41.83000,41.28000,41.46000,9700
2024-09-10,41.13000,42.02000,41.13000,41.98000,6400
2024-09-11,41.41000,41.83000,40.73000,41.10000,8200
2024-09-12,41.71000,41.71000,41.40000,41.43000,5500
2024-09-13,41.88000,42.95000,41.02000,42.95000,11500
2024-09-16,43.00000,44.22000,42.78000,43.45000,7300
2024-09-17,43.94000,45.00000,43.80000,44.20000,14000
2024-09-18,44.30000,45.00000,43.25000,44.30000,16300
2024-09-19,45.00000,45.00000,44.47000,44.98000,10800
2024-09-20,44.23000,44.23000,43.12000,43.53000,44300
2024-09-23,43.10000,43.80000,43.10000,43.22000,8100
2024-09-24,43.00000,43.02000,42.97000,42.97000,6300
2024-09-25,42.53000,42.73000,41.79000,42.73000,5300
2024-09-26,42.78000,43.50000,42.50000,42.98000,15900
2024-09-27,43.00000,43.42000,42.47000,43.30000,9400
2024-09-30,43.50000,44.95000,43.47000,44.58000,16000
2024-10-01,42.62000,43.23000,41.72000,41.72000,9200
2024-10-02,42.50000,42.50000,41.19000,41.19000,6000
2024-10-03,40.85000,40.85000,40.53000,40.67000,6700
2024-10-04,40.97000,42.08000,40.97000,41.22000,4200
2024-10-07,40.65000,42.23000,40.63000,42.04000,30900
2024-10-08,42.33000,43.31000,42.24000,42.24000,12400
2024-10-09,42.35000,43.12000,42.35000,42.92000,6700
2024-10-10,42.40000,42.57000,41.95000,42.57000,5700
2024-10-11,42.77000,44.17000,42.77000,44.17000,16300
2024-10-14,44.22000,44.22000,43.97000,43.97000,5500
2024-10-15,43.90000,45.00000,43.90000,43.94000,17200
2024-10-16,44.69000,44.71000,44.05000,44.43000,16900
2024-10-17,43.81000,45.00000,43.53000,45.00000,18400
2024-10-18,45.00000,45.00000,42.04000,44.90000,18700
2024-10-21,45.00000,48.96000,43.57000,45.59000,110000
2024-10-22,45.87000,47.41000,45.71000,47.12000,19400
2024-10-23,47.20000,47.20000,45.95000,46.52000,12900
2024-10-24,46.85000,47.11000,46.00000,46.47000,18400
2024-10-25,46.99000,47.29000,45.20000,45.55000,29700
2024-10-28,46.05000,47.59000,45.82000,47.54000,25600
2024-10-29,47.54000,48.89000,47.54000,48.21000,19400
2024-10-30,47.56000,49.70000,47.56000,48.67000,13300
2024-10-31,48.65000,49.06000,47.15000,47.15000,11600
2024-11-01,47.41000,47.94000,46.10000,46.40000,18500
2024-11-04,46.02000,46.77000,45.27000,46.16000,15400
2024-11-05,46.67000,47.32000,46.25000,46.25000,40600
2024-11-06,49.00000,52.39000,48.62000,50.00000,143000
2024-11-07,50.04000,51.25000,48.37000,49.33000,33500
2024-11-08,49.72000,50.50000,49.39000,49.98000,23800
2024-11-11,50.79000,51.83000,50.47000,51.55000,14300
2024-11-12,51.59000,51.93000,50.18000,50.69000,21400
2024-11-13,51.46000,52.02000,50.20000,50.23000,18600
2024-11-14,50.96000,50.96000,49.39000,49.88000,17000
2024-11-15,50.31000,50.75000,48.81000,49.38000,14200
2024-11-18,50.33000,50.33000,48.35000,48.35000,13800
2024-11-19,48.12000,48.73000,47.59000,48.43000,11800
2024-11-20,47.80000,48.10000,47.31000,48.08000,11800
2024-11-21,48.62000,49.19000,48.62000,48.91000,12900
2024-11-22,48.88000,50.25000,48.88000,50.14000,16100
2024-11-25,51.41000,51.76000,50.63000,51.24000,36000
2024-11-26,50.75000,51.62000,50.56000,51.12000,15900
2024-11-27,52.00000,52.05000,50.57000,50.78000,14500
2024-11-29,50.92000,51.62000,50.61000,50.73000,9900
2024-12-02,50.25000,51.39000,50.25000,51.09000,12700
2024-12-03,50.76000,50.76000,49.67000,49.99000,12800
2024-12-04,50.18000,50.53000,49.44000,50.13000,11100
2024-12-05,50.25000,50.25000,49.32000,49.68000,13600
2024-12-06,49.43000,50.14000,49.11000,50.14000,11300
2024-12-09,49.77000,50.02000,49.23000,49.23000,9000
2024-12-10,48.90000,50.48000,48.90000,49.51000,14500
2024-12-11,49.98000,50.92000,49.98000,50.34000,12700
2024-12-12,49.45000,49.92000,49.08000,49.60000,11600
2024-12-13,49.32000,49.37000,48.57000,49.37000,6700
2024-12-16,49.78000,49.89000,49.24000,49.32000,11900
2024-12-17,48.92000,49.49000,48.54000,48.80000,15700
2024-12-18,48.88000,49.50000,44.92000,45.73000,22400
2024-12-19,47.34000,47.49000,45.55000,46.37000,26000
2024-12-20,46.49000,47.90000,46.32000,46.32000,52600
2024-12-23,46.46000,46.68000,45.76000,46.25000,12100
2024-12-24,46.30000,46.45000,46.10000,46.45000,5700
2024-12-26,46.45000,47.41000,46.09000,46.79000,60500
2024-12-27,46.82000,47.00000,45.28000,46.13000,16300
2024-12-30,45.75000,46.40000,45.46000,45.97000,18200
2024-12-31,46.00000,47.08000,46.00000,46.21000,13300
2025-01-02,46.88000,46.88000,44.61000,45.11000,14300
2025-01-03,45.41000,46.29000,44.51000,46.29000,48700
2025-01-06,46.23000,46.92000,44.81000,44.87000,63200
2025-01-07,44.73000,44.73000,43.57000,44.27000,27300
2025-01-08,44.21000,44.70000,43.81000,44.32000,8600
2025-01-10,43.23000,43.28000,41.74000,42.32000,17400
2025-01-13,41.81000,43.09000,41.48000,43.09000,22500
2025-01-14,43.62000,44.54000,43.49000,44.52000,16100
2025-01-15,45.24000,46.33000,45.20000,45.78000,15500
2025-01-16,45.40000,45.73000,44.75000,45.41000,21300
2025-01-17,45.66000,46.54000,45.66000,46.51000,25000
2025-01-21,46.93000,47.32000,46.93000,47.12000,10700
2025-01-22,46.81000,47.18000,46.15000,46.30000,17900
2025-01-23,46.37000,47.71000,46.37000,47.38000,36000
2025-01-24,47.03000,47.82000,47.01000,47.57000,11400
2025-01-27,47.15000,48.90000,46.57000,48.37000,19600
2025-01-28,48.01000,50.66000,47.41000,50.48000,21500
2025-01-29,50.09000,50.09000,48.51000,49.58000,30100
2025-01-30,50.10000,51.00000,49.75000,50.00000,20200
2025-01-31,50.00000,50.30000,49.08000,50.20000,21000
2025-02-03,49.05000,50.50000,48.97000,50.11000,48800
2025-02-04,49.71000,51.81000,49.71000,51.66000,29300
2025-02-05,51.83000,52.22000,51.55000,52.22000,12400
2025-02-06,52.40000,52.77000,52.00000,52.49000,19800
2025-02-07,52.11000,52.25000,50.99000,51.83000,16500
2025-02-10,51.17000,52.00000,50.39000,50.62000,61700
2025-02-11,50.48000,51.75000,50.45000,50.87000,33300
2025-02-12,50.08000,50.08000,49.47000,49.64000,15900
2025-02-13,49.59000,50.05000,48.93000,49.85000,10100
2025-02-14,50.00000,50.00000,49.17000,49.48000,9000
2025-02-18,49.24000,49.81000,49.07000,49.59000,14100
2025-02-19,49.00000,49.47000,48.71000,49.20000,10000
2025-02-20,48.75000,48.85000,48.31000,48.72000,8900
2025-02-21,49.47000,50.06000,47.75000,47.75000,23500
2025-02-24,48.20000,48.27000,47.42000,47.42000,10300
2025-02-25,47.70000,48.02000,47.17000,47.50000,23700
2025-02-26,47.21000,48.20000,47.06000,47.15000,30000
2025-02-27,47.01000,47.55000,46.84000,47.16000,19300
2025-02-28,47.52000,47.75000,47.00000,47.00000,41600
2025-03-03,47.35000,48.11000,46.64000,46.65000,18000
2025-03-04,45.89000,46.96000,45.18000,45.77000,19400
2025-03-05,46.44000,46.45000,45.14000,45.50000,22900
2025-03-06,45.52000,45.52000,44.64000,45.20000,12700
2025-03-07,44.85000,45.92000,44.37000,45.35000,18600
2025-03-10,45.60000,45.60000,43.51000,43.54000,16200
2025-03-11,44.11000,44.32000,43.36000,43.96000,19100
2025-03-12,43.68000,44.76000,43.27000,43.82000,25700
2025-03-13,43.50000,44.92000,43.50000,43.50000,19200
2025-03-14,44.49000,44.80000,43.90000,44.61000,41600
2025-03-17,44.44000,44.87000,44.44000,44.70000,54500
2025-03-18,44.06000,45.64000,44.06000,45.45000,15800
2025-03-19,45.79000,46.24000,45.60000,45.93000,11700
2025-03-20,45.66000,46.33000,45.66000,45.90000,9400
2025-03-21,45.26000,46.35000,44.03000,44.41000,86200
2025-03-24,45.24000,46.55000,44.62000,45.99000,80000
2025-03-25,45.69000,46.33000,45.63000,45.75000,14300
2025-03-26,46.04000,46.06000,45.70000,46.06000,11800
2025-03-27,46.24000,46.58000,46.16000,46.38000,13500
2025-03-28,45.13000,45.75000,45.13000,45.30000,11500
2025-03-31,44.95000,45.81000,44.42000,44.80000,72800
2025-04-01,44.65000,45.28000,44.33000,45.22000,13500
2025-04-02,44.72000,45.35000,44.72000,45.09000,16000
2025-04-03,42.64000,43.33000,41.77000,41.99000,23000
2025-04-04,39.59000,42.23000,39.59000,42.11000,36300
2025-04-07,40.43000,42.73000,40.43000,41.95000,20400
2025-04-08,43.14000,43.14000,41.02000,41.98000,24600
2025-04-09,41.28000,44.62000,40.90000,43.90000,26000
2025-04-10,43.06000,43.11000,40.74000,42.17000,33200
2025-04-11,42.02000,42.02000,41.23000,41.61000,59900
2025-04-14,42.28000,43.01000,41.48000,42.24000,15600
2025-04-15,41.72000,43.52000,41.64000,43.45000,18900
2025-04-16,43.04000,43.29000,42.71000,43.13000,18600
2025-04-17,43.11000,43.96000,43.07000,43.56000,52900
2025-04-21,43.53000,43.82000,42.87000,43.15000,19000
2025-04-22,45.44000,48.52000,43.80000,47.75000,30300
2025-04-23,47.60000,49.79000,47.60000,49.48000,23400
2025-04-24,49.82000,50.43000,48.99000,50.39000,29300
2025-04-25,50.04000,50.04000,48.26000,49.42000,17100
2025-04-28,49.81000,51.43000,48.50000,49.46000,16200
2025-04-29,49.13000,50.63000,48.69000,50.56000,42900
2025-04-30,49.67000,50.81000,49.35000,50.34000,20100
2025-05-01,49.93000,50.31000,49.37000,49.66000,16100
2025-05-02,50.43000,51.15000,50.33000,50.85000,9800
2025-05-05,50.59000,50.97000,49.78000,49.78000,14500
2025-05-06,49.52000,50.09000,49.42000,49.70000,16500
2025-05-07,50.18000,51.08000,49.92000,49.98000,18700
2025-05-08,50.41000,51.42000,49.42000,50.87000,13400
2025-05-09,50.73000,50.97000,50.54000,50.94000,11800
2025-05-12,52.00000,52.76000,51.25000,51.32000,19200
2025-05-13,51.62000,52.00000,50.07000,51.47000,16600
2025-05-14,51.50000,52.00000,50.59000,51.16000,16100
2025-05-15,51.39000,51.88000,51.21000,51.88000,13700
2025-05-16,51.88000,52.44000,51.05000,51.27000,23300
2025-05-19,51.00000,51.40000,49.90000,51.06000,10500
2025-05-20,50.30000,51.16000,49.95000,50.34000,23800
2025-05-21,50.17000,50.69000,48.69000,49.57000,46200
2025-05-22,49.30000,50.09000,48.84000,49.66000,67200
2025-05-23,48.65000,49.44000,47.96000,49.09000,29300
2025-05-27,49.95000,50.66000,49.39000,50.57000,86600
2025-05-28,50.25000,51.43000,49.76000,50.89000,75000
2025-05-29,50.81000,50.97000,49.90000,50.60000,63300
2025-05-30,50.75000,51.00000,50.13000,50.40000,100400
2025-06-02,50.22000,50.95000,49.42000,49.66000,33300
2025-06-03,49.82000,50.67000,49.65000,50.00000,58900
2025-06-04,49.34000,49.53000,49.10000,49.50000,31400
2025-06-05,49.41000,49.91000,49.03000,49.58000,57800
2025-06-06,50.17000,50.80000,50.17000,50.78000,20100
2025-06-09,50.69000,51.45000,50.69000,50.87000,35900
2025-06-10,51.17000,51.73000,50.87000,51.00000,52200
2025-06-11,51.91000,51.91000,50.41000,50.69000,115400
2025-06-12,49.85000,50.81000,49.85000,50.81000,50500
2025-06-13,50.11000,50.11000,48.75000,48.98000,26100
2025-06-16,49.23000,50.04000,48.67000,48.99000,33300
2025-06-17,49.30000,49.30000,48.30000,48.36000,80600
2025-06-18,48.36000,50.15000,48.36000,49.32000,98600
2025-06-20,49.75000,50.00000,48.85000,49.48000,75400
2025-06-23,50.00000,51.02000,49.52000,50.12000,96000
2025-06-24,50.65000,51.95000,50.65000,50.82000,99300
2025-06-25,51.13000,51.13000,50.18000,50.58000,53900
2025-06-26,51.61000,51.96000,50.79000,51.53000,158900
2025-06-27,51.78000,52.69000,51.64000,51.75000,232700
2025-06-30,52.28000,52.36000,51.44000,51.78000,54700
2025-07-01,51.39000,53.90000,51.26000,53.24000,94600
2025-07-02,53.67000,55.32000,53.35000,55.21000,56500
2025-07-03,55.57000,56.38000,55.50000,56.23000,20700
2025-07-07,55.73000,56.28000,54.75000,55.32000,47500
2025-07-08,56.14000,56.64000,55.62000,56.06000,56000
2025-07-09,56.52000,56.55000,55.42000,56.18000,41400
2025-07-10,56.11000,56.80000,56.09000,56.20000,28100
2025-07-11,56.04000,56.04000,55.21000,55.31000,70000
2025-07-14,55.01000,56.72000,55.01000,56.72000,50700
2025-07-15,56.53000,56.94000,55.08000,55.69000,65900
2025-07-16,55.67000,56.48000,55.04000,56.08000,41600
2025-07-17,56.45000,57.09000,56.21000,56.67000,50500
2025-07-18,57.11000,57.31000,55.89000,56.08000,36700
2025-07-21,55.62000,56.95000,55.62000,56.47000,38100
2025-07-22,59.30000,61.07000,56.80000,56.82000,46000
2025-07-23,57.37000,57.37000,56.04000,56.97000,45300
2025-07-24,56.62000,56.62000,55.31000,55.42000,35100
2025-07-25,55.28000,55.28000,54.42000,54.49000,27400
2025-07-28,54.69000,55.12000,54.48000,55.00000,26100
2025-07-29,55.45000,55.51000,54.17000,54.31000,40900
2025-07-30,54.62000,54.81000,53.05000,53.23000,29500
2025-07-31,52.71000,53.42000,52.14000,52.29000,35700
2025-08-01,51.39000,51.62000,50.78000,50.93000,36300
2025-08-04,50.59000,52.48000,50.59000,51.86000,69200
2025-08-05,51.77000,52.29000,50.75000,50.96000,41900
2025-08-06,51.05000,51.32000,50.68000,51.11000,22100
2025-08-07,51.32000,51.32000,49.99000,50.06000,32500
2025-08-08,49.77000,51.92000,49.49000,50.62000,23000
2025-08-11,50.94000,51.14000,50.53000,50.79000,23400
2025-08-12,51.31000,53.02000,51.31000,52.87000,30900
2025-08-13,53.19000,53.77000,53.06000,53.32000,36400
2025-08-14,52.94000,53.56000,52.78000,53.50000,23700
2025-08-15,53.68000,54.59000,51.98000,52.56000,61800
2025-08-18,52.33000,52.87000,51.54000,52.87000,25200
2025-08-19,53.15000,53.86000,52.59000,52.90000,30200
2025-08-20,52.96000,53.32000,52.51000,53.25000,38700
2025-08-21,53.45000,54.92000,52.86000,53.28000,61900
2025-08-22,54.32000,56.22000,54.32000,56.12000,37800
2025-08-25,55.76000,56.20000,54.72000,55.59000,24100
2025-08-26,55.84000,56.74000,55.17000,56.19000,18900
2025-08-27,55.99000,57.07000,55.99000,56.76000,22800
2025-08-28,57.10000,57.10000,56.25000,56.70000,22400
2025-08-29,56.70000,56.89000,56.20000,56.27000,25600
2025-09-02,55.75000,56.13000,55.05000,55.98000,22600
2025-09-03,55.63000,56.48000,54.94000,55.82000,34600
2025-09-04,56.15000,56.79000,55.63000,56.71000,21800
2025-09-05,57.07000,57.57000,55.38000,56.25000,28200
2025-09-08,56.60000,56.76000,55.65000,56.50000,29300
2025-09-09,56.21000,56.54000,55.85000,56.06000,21200
2025-09-10,56.39000,56.39000,55.70000,55.82000,14400
2025-09-11,55.89000,56.56000,55.29000,56.36000,39200
2025-09-12,56.08000,56.27000,55.30000,55.38000,19700
2025-09-15,55.96000,55.96000,55.05000,55.20000,16000
2025-09-16,54.67000,54.68000,54.18000,54.38000,24700
2025-09-17,54.25000,56.45000,54.05000,54.98000,40900
2025-09-18,55.41000,57.10000,54.62000,56.93000,35900
2025-09-19,56.93000,56.93000,55.38000,56.07000,78700
2025-09-22,55.48000,55.89000,55.07000,55.53000,19600
2025-09-23,55.95000,56.43000,54.90000,55.00000,23700
2025-09-24,55.25000,55.52000,54.75000,55.16000,19100
2025-09-25,54.71000,55.43000,54.71000,55.22000,21700
2025-09-26,55.25000,56.24000,54.90000,55.98000,53900
2025-09-29,55.98000,55.98000,54.53000,54.71000,28600
2025-09-30,54.54000,54.58000,53.60000,54.33000,22400
2025-10-01,54.30000,54.55000,53.51000,54.21000,29700
2025-10-02,53.56000,54.22000,53.32000,54.05000,18000
2025-10-03,54.57000,55.12000,54.03000,54.50000,14700
2025-10-06,54.91000,55.58000,54.32000,55.15000,31200
2025-10-07,54.56000,55.13000,54.40000,54.44000,31000
2025-10-08,54.16000,54.75000,54.08000,54.45000,14200
2025-10-09,54.30000,54.45000,53.53000,53.79000,17300
2025-10-10,53.92000,54.48000,51.85000,51.89000,26400
2025-10-13,51.79000,53.06000,51.79000,52.83000,21200
2025-10-14,52.79000,54.74000,51.23000,54.40000,33000
2025-10-15,53.62000,54.35000,53.25000,54.03000,26100
2025-10-16,53.61000,53.65000,50.54000,51.26000,36500
2025-10-17,51.32000,51.78000,51.05000,51.19000,26400
2025-10-20,52.20000,53.97000,52.08000,53.97000,33600
2025-10-21,57.50000,57.50000,54.60000,55.25000,34900
2025-10-22,54.77000,55.79000,54.25000,54.75000,31900
2025-10-23,54.42000,55.62000,53.73000,54.50000,39700
2025-10-24,54.97000,55.74000,54.52000,55.74000,14900
2025-10-27,55.83000,58.06000,54.31000,54.40000,28100
2025-10-28,54.04000,55.51000,53.03000,53.48000,23900
2025-10-29,53.11000,54.80000,52.60000,53.32000,43700
2025-10-30,53.09000,54.01000,53.09000,53.79000,18700
2025-10-31,53.32000,53.72000,52.74000,53.15000,13900
2025-11-03,52.90000,53.25000,52.56000,53.11000,19700
2025-11-04,52.62000,53.25000,52.62000,53.21000,13400
2025-11-05,53.56000,54.00000,53.08000,53.92000,23400
2025-11-06,53.59000,53.90000,53.42000,53.43000,14300
2025-11-07,53.51000,54.00000,53.14000,53.83000,18500
2025-11-10,54.05000,54.90000,53.50000,54.41000,25700
2025-11-11,54.66000,55.08000,54.18000,54.94000,28900
2025-11-12,55.45000,55.45000,54.35000,54.51000,14800
2025-11-13,54.55000,55.55000,54.20000,54.75000,39600
2025-11-14,54.45000,54.99000,53.69000,54.46000,25100
2025-11-17,54.05000,54.34000,52.10000,52.43000,29200
2025-11-18,52.73000,53.33000,52.48000,52.50000,21300
2025-11-19,53.92000,53.92000,52.07000,53.15000,18100
2025-11-20,53.17000,54.32000,52.66000,52.99000,43700
2025-11-21,53.05000,55.47000,53.05000,54.91000,27700
2025-11-24,54.85000,54.86000,53.82000,54.46000,35200
2025-11-25,55.54000,56.24000,55.54000,55.98000,33700
2025-11-26,55.50000,55.99000,55.39000,55.76000,14100
2025-11-28,55.41000,55.79000,55.37000,55.47000,7700
2025-12-01,55.41000,56.37000,55.41000,55.99000,9300
2025-12-02,55.96000,56.46000,55.20000,56.05000,20500
2025-12-03,56.67000,57.31000,56.67000,57.17000,12200
2025-12-04,57.07000,57.25000,56.48000,57.08000,12000
2025-12-05,56.79000,56.84000,56.41000,56.84000,13100
2025-12-08,56.90000,57.17000,56.75000,56.84000,11400
2025-12-09,57.67000,57.77000,57.18000,57.43000,14200
2025-12-10,57.86000,60.46000,57.86000,60.01000,36300
2025-12-11,59.86000,60.72000,58.87000,59.97000,27300
2025-12-12,59.78000,60.59000,59.61000,60.31000,42500
2025-12-15,60.75000,61.45000,60.49000,60.78000,22200
2025-12-16,60.48000,61.05000,60.40000,60.75000,22400
2025-12-17,61.15000,61.15000,60.57000,61.08000,19000
2025-12-18,61.69000,62.15000,61.38000,61.39000,20700
2025-12-19,61.80000,61.80000,60.33000,60.92000,48700
2025-12-22,60.76000,60.85000,59.53000,59.73000,22400
2025-12-23,60.00000,60.10000,59.29000,59.48000,22500
2025-12-24,59.48000,59.96000,59.06000,59.44000,13600
2025-12-26,59.01000,59.38000,58.91000,59.38000,10300
2025-12-29,60.21000,60.21000,58.49000,58.91000,22300
2025-12-30,58.61000,59.34000,58.10000,58.31000,23700
2025-12-31,58.01000,58.69000,57.78000,57.80000,16600
2026-01-02,58.01000,58.01000,56.79000,57.44000,18600
2026-01-05,58.30000,59.37000,57.87000,58.03000,19300
2026-01-06,58.03000,58.48000,57.38000,58.31000,24000
2026-01-07,58.81000,58.97000,57.39000,58.20000,29100
2026-01-08,58.00000,60.56000,58.00000,60.32000,28500
2026-01-09,59.92000,60.25000,59.10000,59.20000,30500
2026-01-12,59.27000,59.62000,58.05000,59.38000,34700
2026-01-13,59.69000,59.90000,58.99000,59.38000,19000
2026-01-14,59.60000,60.28000,59.45000,59.92000,20100
2026-01-15,61.00000,62.02000,60.79000,61.45000,23300
2026-01-16,61.28000,61.79000,60.83000,60.83000,18100
2026-01-20,60.04000,61.06000,59.54000,60.17000,27700
2026-01-21,60.75000,63.67000,60.75000,63.33000,35200
2026-01-22,63.38000,64.17000,62.67000,63.08000,54300
2026-01-23,62.53000,62.91000,60.17000,60.32000,28300
2026-01-26,60.60000,61.81000,59.71000,60.47000,35800
2026-01-27,59.80000,60.42000,57.00000,58.50000,33300
2026-01-28,58.54000,59.02000,57.94000,58.41000,29400
2026-01-29,58.27000,59.68000,58.10000,59.53000,26400
2026-01-30,59.38000,60.39000,58.82000,59.69000,43800
2026-02-02,59.41000,61.75000,59.41000,61.03000,55500
2026-02-03,61.32000,62.82000,60.25000,61.57000,63700
2026-02-04,62.15000,63.37000,61.97000,62.01000,37000
2026-02-05,62.49000,62.91000,61.56000,62.36000,94400
2026-02-06,63.00000,64.07000,62.10000,63.04000,45200
2026-02-09,62.21000,62.96000,62.07000,62.07000,45200
2026-02-10,61.82000,62.75000,61.05000,61.70000,53800
2026-02-11,62.11000,62.39000,60.38000,60.74000,63000
2026-02-12,61.32000,61.32000,59.23000,60.82000,63500
2026-02-13,60.70000,61.68000,59.98000,61.17000,98100
2026-02-17,62.05000,62.30000,61.10000,61.66000,30800
2026-02-18,61.54000,62.62000,60.28000,60.76000,42400
2026-02-19,60.69000,61.01000,59.31000,60.46000,55100
2026-02-20,60.64000,62.61000,59.99000,62.03000,65300
2026-02-23,61.91000,62.10000,59.00000,59.30000,50500
2026-02-24,58.80000,59.74000,58.61000,59.26000,46300
2026-02-25,59.85000,61.30000,59.50000,61.24000,48200
2026-02-26,61.52000,62.57000,60.75000,61.54000,85000
2026-02-27,60.68000,61.38000,59.00000,59.10000,88500
2026-03-02,58.02000,61.20000,58.02000,60.51000,133900
2026-03-03,59.46000,61.17000,58.61000,60.54000,202000
2026-03-04,60.81000,61.51000,60.45000,60.90000,115500
2026-03-05,60.20000,60.60000,59.16000,59.94000,106600
2026-03-06,59.00000,59.42000,57.27000,58.63000,44900
2026-03-09,57.69000,58.93000,56.14000,58.43000,76200
2026-03-10,58.25000,59.55000,58.12000,58.96000,81100
2026-03-11,58.53000,58.76000,57.59000,58.11000,50700
2026-03-12,57.15000,59.30000,56.43000,59.23000,121600
2026-03-13,59.36000,59.94000,57.27000,57.90000,63000
2026-03-16,58.62000,59.89000,58.18000,59.23000,185600
2026-03-17,59.52000,60.18000,58.42000,58.67000,162600
2026-03-18,58.21000,58.87000,57.65000,58.74000,164800
2026-03-19,58.35000,59.69000,58.00000,59.27000,99500
2026-03-20,59.36000,59.83000,58.61000,59.56000,151500
2026-03-23,60.74000,62.48000,60.46000,60.47000,110300
2026-03-24,59.93000,61.93000,58.58000,61.40000,185700
2026-03-25,61.70000,62.70000,60.21000,60.54000,130900
2026-03-26,59.81000,61.51000,59.56000,60.73000,190400
2026-03-27,60.51000,60.99000,59.82000,60.09000,84400
2026-03-30,60.73000,61.20000,59.93000,60.25000,133900
2026-03-31,60.94000,61.62000,60.05000,60.58000,226800
2026-04-01,61.10000,62.88000,60.22000,61.77000,102700
2026-04-02,61.26000,62.22000,60.66000,61.39000,224300
2026-04-06,61.18000,62.74000,60.40000,61.55000,173000
2026-04-07,61.28000,62.88000,60.45000,62.68000,165700
2026-04-08,64.06000,65.00000,63.77000,64.15000,158300
2026-04-09,64.03000,65.95000,63.59000,65.35000,280800
2026-04-10,65.39000,65.39000,63.92000,64.88000,161800
2026-04-13,64.48000,65.05000,62.91000,64.64000,91700
2026-04-14,64.60000,65.14000,63.49000,64.55000,104800
2026-04-15,64.70000,64.70000,63.37000,64.09500,62990
