date,open,high,low,close,volume
2016-02-04,7.98000,8.23000,7.87250,7.91000,2622400
2016-02-05,7.83000,7.95000,7.69250,7.74750,3052400
2016-02-08,7.60750,7.66500,7.44250,7.52000,3148800
2016-02-09,7.40500,7.72500,7.37500,7.66750,3391600
2016-02-10,7.79500,7.89000,7.72750,7.74000,3577600
2016-02-11,7.52500,7.71750,7.40250,7.60750,3310000
2016-02-12,7.82250,7.86250,7.56000,7.70000,3509200
2016-02-16,7.87750,8.02250,7.82750,7.95750,2171600
2016-02-17,8.03250,8.31250,8.00500,8.25500,4054800
2016-02-18,8.31250,8.37000,8.17000,8.21750,2716400
2016-02-19,8.14750,8.40000,8.12750,8.35750,2363200
2016-02-22,8.42500,8.54750,8.39250,8.48750,2085600
2016-02-23,8.48500,8.55250,8.30750,8.41250,2444000
2016-02-24,8.26750,8.39500,8.10000,8.36250,2167200
2016-02-25,8.37000,8.58250,8.34750,8.57750,1689600
2016-02-26,8.62500,8.79750,8.61500,8.73750,2629600
2016-02-29,8.74750,8.74750,8.49250,8.54250,2168400
2016-03-01,8.53750,8.91500,8.53250,8.91500,3980000
2016-03-02,8.83750,8.92750,8.78500,8.90500,2487200
2016-03-03,8.93000,9.28500,8.88500,9.28250,3571600
2016-03-04,9.39250,9.72250,9.32500,9.49000,7313600
2016-03-07,9.42250,9.71750,9.32750,9.69750,3405200
2016-03-08,9.64500,9.64750,9.54000,9.57250,3642800
2016-03-09,9.62750,9.63250,9.42000,9.45750,3456000
2016-03-10,9.56250,9.64250,9.29750,9.52500,2150800
2016-03-11,9.62250,9.76500,9.57750,9.76250,2359600
2016-03-14,9.69500,9.76250,9.35000,9.71500,1517200
2016-03-15,9.65000,9.65000,9.30250,9.49750,2089200
2016-03-16,9.42000,9.66000,9.38750,9.47500,1458400
2016-03-17,9.43750,9.62000,9.29250,9.54000,2030000
2016-03-18,9.56250,9.79750,9.56250,9.76000,1824000
2016-03-21,9.74500,9.85000,9.54250,9.67500,2526800
2016-03-22,9.58250,9.81500,9.53250,9.71000,1422800
2016-03-23,9.68500,9.74750,9.44750,9.53500,1700400
2016-03-24,9.47000,9.61000,9.37750,9.60500,1489200
2016-03-28,9.61750,9.67250,9.49250,9.65000,1035600
2016-03-29,9.58500,9.79500,9.51000,9.77000,1526800
2016-03-30,9.78000,9.87750,9.72750,9.80500,1892400
2016-03-31,9.76500,9.90250,9.72750,9.83000,1594000
2016-04-01,9.77250,10.02000,9.66250,10.00000,2721600
2016-04-04,9.97000,10.05000,9.71500,9.81500,1674000
2016-04-05,9.75500,9.75500,9.52500,9.61250,2069200
2016-04-06,9.64000,9.84500,9.62750,9.79250,2119600
2016-04-07,9.73250,9.76750,9.34250,9.46000,2450400
2016-04-08,9.53750,9.61250,9.34750,9.40750,1293200
2016-04-11,9.48750,9.71500,9.48750,9.53750,1676400
2016-04-12,9.57250,9.67250,9.52250,9.64250,1397600
2016-04-13,9.71750,10.01000,9.67250,10.01000,2941600
2016-04-14,10.00000,10.02750,9.86500,9.89500,1897600
2016-04-15,9.93500,9.94500,9.79000,9.84750,1500800
2016-04-18,9.86750,10.08250,9.83250,10.04000,2475200
2016-04-19,10.03250,10.08750,9.81000,9.98500,3011200
2016-04-20,10.25000,10.35000,9.87750,10.06250,4023200
2016-04-21,10.00000,10.03750,9.92000,10.01000,2321600
2016-04-22,9.98000,10.10000,9.95500,10.04250,2773600
2016-04-25,9.98000,10.00000,9.81750,9.86500,1508400
2016-04-26,9.88000,10.00500,9.80500,9.99750,2438800
2016-04-27,9.95250,10.01500,9.89500,9.94250,950800
2016-04-28,9.83500,9.86250,9.60750,9.65250,1496800
2016-04-29,9.60500,9.62000,9.43000,9.50000,1582400
2016-05-02,9.50500,9.69750,9.45250,9.69250,1880400
2016-05-03,9.64500,9.69000,9.33500,9.41250,1098000
2016-05-04,9.33500,9.45750,9.18250,9.23250,1254800
2016-05-05,9.28000,9.33750,9.15750,9.19250,849600
2016-05-06,9.16750,9.24750,9.05750,9.23000,1341600
2016-05-09,9.23750,9.28500,9.11750,9.20500,1032000
2016-05-10,9.23250,9.39500,9.23250,9.33250,978800
2016-05-11,9.28500,9.41500,9.24000,9.24000,829600
2016-05-12,9.26500,9.37750,9.15250,9.20750,1676800
2016-05-13,9.20250,9.28750,8.97500,8.98500,1526400
2016-05-16,8.98500,9.12000,8.91000,8.97000,1280800
2016-05-17,8.96250,9.08500,8.90750,8.98000,1438800
2016-05-18,8.97250,9.36500,8.96500,9.34500,3237200
2016-05-19,9.29500,9.44750,9.08250,9.18000,1312400
2016-05-20,9.24750,9.42000,9.24500,9.41000,1816400
2016-05-23,9.41500,9.45250,9.30750,9.41000,1863600
2016-05-24,9.46250,9.76000,9.45000,9.75000,2131600
2016-05-25,9.80000,10.00750,9.80000,9.94750,4020400
2016-05-26,9.95000,9.95750,9.82250,9.86250,1700800
2016-05-27,9.82750,10.01500,9.82750,10.00250,13742400
2016-05-31,10.00750,10.07750,9.96500,10.04500,4088800
2016-06-01,9.93500,10.02250,9.89500,9.99750,4051200
2016-06-02,9.97500,10.03000,9.90500,10.02500,7254000
2016-06-03,9.89000,9.91750,9.66500,9.79500,4400800
2016-06-06,9.79500,10.07250,9.79500,10.04500,5141600
2016-06-07,10.04750,10.09500,9.97250,10.05500,2458400
2016-06-08,10.05000,10.06250,9.96500,10.06250,6420400
2016-06-09,10.01500,10.03000,9.91000,9.99750,3935600
2016-06-10,9.87500,10.01750,9.71750,9.75500,5356000
2016-06-13,9.66500,9.76750,9.45500,9.45500,1570000
2016-06-14,9.43250,9.47000,9.17750,9.22500,2581200
2016-06-15,9.24000,9.44000,9.23750,9.31500,2872400
2016-06-16,9.22250,9.28000,9.10000,9.18000,2602400
2016-06-17,9.19750,9.25000,9.08750,9.10500,1628400
2016-06-20,9.27000,9.33500,9.15000,9.17250,1355600
2016-06-21,9.18000,9.20750,9.06250,9.08750,1172800
2016-06-22,9.08000,9.18250,9.05000,9.16500,1972800
2016-06-23,9.27250,9.44000,9.25000,9.40750,1466800
2016-06-24,9.00000,9.14750,8.89000,8.89000,6760000
2016-06-27,8.80000,8.87750,8.43750,8.44750,5748000
2016-06-28,8.63750,8.65750,8.45000,8.57500,3086400
2016-06-29,8.79000,8.83250,8.66250,8.81500,2032000
2016-06-30,8.82250,8.88750,8.66750,8.85000,3681200
2016-07-01,8.80750,8.85750,8.68750,8.76250,2136400
2016-07-05,8.75000,8.77500,8.48750,8.51250,2769200
2016-07-06,8.51250,8.60500,8.41500,8.52000,2250000
2016-07-07,8.57750,8.71500,8.56750,8.70750,2751600
2016-07-08,8.85000,8.90500,8.76250,8.84750,1676400
2016-07-11,8.93500,8.99250,8.88500,8.97250,1955600
2016-07-12,9.07250,9.21500,9.03000,9.17250,2669200
2016-07-13,9.15500,9.16250,9.02250,9.08250,1990400
2016-07-14,9.17250,9.29750,9.11250,9.13250,1118400
2016-07-15,9.19750,9.26750,9.07500,9.18750,2000800
2016-07-18,9.20750,9.26250,9.19500,9.23000,1826000
2016-07-19,9.18500,9.34750,9.12500,9.32500,2622800
2016-07-20,8.93750,8.95000,8.57500,8.69250,8170000
2016-07-21,8.63500,8.68000,8.48250,8.63000,4382400
2016-07-22,8.67750,8.72750,8.55500,8.72000,4422800
2016-07-25,8.72250,8.73500,8.65250,8.69250,1303600
2016-07-26,8.68500,8.71000,8.62500,8.68750,2752000
2016-07-27,8.68000,8.77500,8.68000,8.75250,2968000
2016-07-28,8.71250,8.81000,8.66500,8.78500,1539600
2016-07-29,8.71750,8.80250,8.70250,8.71000,1652800
2016-08-01,8.74750,8.80000,8.70500,8.78250,1639200
2016-08-02,8.79000,8.80500,8.53000,8.56000,1276000
2016-08-03,8.53250,8.70750,8.53000,8.70500,1037600
2016-08-04,8.67250,8.71500,8.60750,8.70500,818800
2016-08-05,8.78250,9.12000,8.78000,9.03250,3397200
2016-08-08,9.00000,9.04500,8.93000,8.95250,1799200
2016-08-09,8.96250,8.96500,8.84000,8.87000,1613600
2016-08-10,8.87500,8.90000,8.73250,8.74500,1234800
2016-08-11,8.78750,8.87000,8.77000,8.81750,906800
2016-08-12,8.78750,8.88750,8.71000,8.88250,1060000
2016-08-15,8.89000,9.01000,8.89000,8.96750,1232800
2016-08-16,8.93750,8.98500,8.86250,8.87000,1641600
2016-08-17,8.85750,8.92000,8.81750,8.85250,1514000
2016-08-18,8.82750,8.88500,8.76750,8.81250,1636400
2016-08-19,8.77000,8.81000,8.71000,8.80250,3374400
2016-08-22,8.78750,8.78750,8.69250,8.73500,1706400
2016-08-23,8.72000,8.84250,8.72000,8.80250,957200
2016-08-24,8.80250,8.82250,8.74750,8.76500,991200
2016-08-25,8.76500,8.80000,8.64250,8.65750,1910000
2016-08-26,8.67000,8.84000,8.67000,8.82750,1538800
2016-08-29,8.86000,9.03000,8.85000,8.97000,2296400
2016-08-30,8.98250,9.05000,8.94500,9.04500,1429200
2016-08-31,9.03750,9.06750,8.87500,8.97000,1883600
2016-09-01,9.00500,9.03000,8.73000,8.78500,1855600
2016-09-02,8.77750,8.83750,8.70000,8.83250,1588400
2016-09-06,8.86500,8.90250,8.70500,8.79500,1707600
2016-09-07,8.75500,8.86250,8.73000,8.84750,1767600
2016-09-08,8.85000,8.95000,8.79000,8.87750,1681200
2016-09-09,8.85500,8.89500,8.76000,8.83250,1789200
2016-09-12,8.77500,8.97500,8.72250,8.94750,1372400
2016-09-13,8.87250,8.87250,8.70250,8.77000,1333600
2016-09-14,8.79250,8.85250,8.70750,8.79000,1484000
2016-09-15,8.79750,8.94750,8.77750,8.89750,1382400
2016-09-16,8.80500,8.83750,8.70000,8.79250,5334800
2016-09-19,8.80000,8.99250,8.79000,8.90250,1551600
2016-09-20,8.94500,8.97000,8.89500,8.91250,1077200
2016-09-21,8.97000,9.09750,8.91750,9.01000,1980400
2016-09-22,9.06000,9.10750,9.03250,9.09500,1105600
2016-09-23,9.09000,9.11500,9.00500,9.05500,1305200
2016-09-26,8.99000,9.01500,8.80500,8.84000,1021200
2016-09-27,8.80750,8.87500,8.76500,8.86250,809600
2016-09-28,8.90250,8.95250,8.78250,8.94750,949600
2016-09-29,9.00250,9.00250,8.72000,8.76500,1608000
2016-09-30,8.80250,8.86750,8.68750,8.81750,2111200
2016-10-03,8.73750,8.90750,8.73750,8.90500,2124800
2016-10-04,8.93250,9.10000,8.91500,9.06750,1967200
2016-10-05,9.12500,9.37750,9.11000,9.35250,2899600
2016-10-06,9.36000,9.37000,9.20250,9.30500,1250400
2016-10-07,9.32250,9.32250,9.17250,9.26500,1052000
2016-10-10,9.31000,9.41500,9.30250,9.31500,677200
2016-10-11,9.28000,9.32000,9.11000,9.20250,993600
2016-10-12,9.21500,9.25500,9.11750,9.17000,1629600
2016-10-13,9.07250,9.16250,8.89750,9.03000,1151600
2016-10-14,9.11000,9.16000,8.95750,8.98000,1135200
2016-10-17,8.97250,8.98250,8.77750,8.80250,1330000
2016-10-18,8.90750,8.96000,8.78500,8.92000,2048000
2016-10-19,8.75250,8.86000,8.55750,8.60250,3805600
2016-10-20,8.57000,8.62250,8.50250,8.50750,2190400
2016-10-21,8.48250,8.62000,8.42500,8.53750,1707600
2016-10-24,8.57250,8.61500,8.48250,8.50250,1156000
2016-10-25,8.46500,8.52000,8.39750,8.40500,1560000
2016-10-26,8.34000,8.38500,8.27000,8.36250,2123200
2016-10-27,8.41750,8.41750,8.33500,8.33500,991200
2016-10-28,8.30250,8.40500,8.28750,8.33500,1325200
2016-10-31,8.33250,8.43000,8.25250,8.29750,1625200
2016-11-01,8.30750,8.33000,8.08500,8.16250,1669600
2016-11-02,8.15000,8.18250,8.03250,8.07250,1504000
2016-11-03,8.05250,8.17500,8.02500,8.04500,895200
2016-11-04,8.03750,8.17000,7.99250,8.05500,973600
2016-11-07,8.22250,8.32250,8.11500,8.30500,1189600
2016-11-08,8.26250,8.37000,8.20000,8.31000,931600
2016-11-09,8.36500,8.68500,8.36500,8.62000,2184400
2016-11-10,8.71750,9.09000,8.67250,9.07250,3979600
2016-11-11,9.05250,9.24750,8.91250,9.22250,2806000
2016-11-14,9.26250,9.58000,9.25500,9.52000,2636800
2016-11-15,9.45500,9.53750,9.36250,9.52750,2057200
2016-11-16,9.46750,9.63750,9.45500,9.50250,2711600
2016-11-17,9.52000,9.65000,9.50250,9.60250,959600
2016-11-18,9.59750,9.64500,9.46250,9.50750,1482800
2016-11-21,9.52500,9.56250,9.41000,9.46250,1120000
2016-11-22,9.50000,9.51000,9.37750,9.43250,1088000
2016-11-23,9.45750,9.53250,9.40250,9.49000,1667600
2016-11-25,9.49500,9.53500,9.41500,9.44000,931600
2016-11-28,9.39750,9.46250,9.18000,9.19250,1634400
2016-11-29,9.20750,9.25250,9.08000,9.17750,1261600
2016-11-30,9.31250,9.31250,9.10250,9.18000,1723600
2016-12-01,9.24500,9.33750,9.18000,9.23250,1738000
2016-12-02,9.25250,9.32750,9.13250,9.29750,2792000
2016-12-05,9.38000,9.50500,9.31500,9.37000,1885200
2016-12-06,9.41250,9.53000,9.29750,9.51000,1656800
2016-12-07,9.49750,9.62750,9.43000,9.62500,1808400
2016-12-08,9.77250,9.88500,9.68750,9.79750,2282800
2016-12-09,9.80750,9.90250,9.70000,9.90000,1532400
2016-12-12,9.87250,9.92000,9.61500,9.76500,1724000
2016-12-13,9.82750,9.82750,9.64250,9.67750,1517200
2016-12-14,9.58000,9.75250,9.56000,9.72750,1614000
2016-12-15,9.74500,9.87500,9.69000,9.73250,1574400
2016-12-16,9.65500,9.67250,9.43750,9.49500,6976000
2016-12-19,9.51250,9.64000,9.45250,9.52250,1784000
2016-12-20,9.59250,9.68000,9.52250,9.54250,1506800
2016-12-21,9.56250,9.56250,9.45750,9.45750,1474000
2016-12-22,9.46750,9.48750,9.39500,9.41000,1194000
2016-12-23,9.40250,9.43250,9.34000,9.39750,1204400
2016-12-27,9.40250,9.45500,9.37000,9.38500,837600
2016-12-28,9.40000,9.40500,9.21250,9.21750,1183200
2016-12-29,9.19750,9.26750,9.04250,9.05000,1599600
2016-12-30,9.08000,9.16750,9.01750,9.12750,1039600
2017-01-03,9.27250,9.30500,9.04750,9.27250,2118000
2017-01-04,9.27750,9.65250,9.27500,9.59750,2838000
2017-01-05,9.56750,9.58500,9.33250,9.40000,2227600
2017-01-06,9.43500,9.67250,9.35250,9.64500,2670800
2017-01-09,9.64500,9.68750,9.54250,9.61750,1838800
2017-01-10,9.70500,9.87250,9.65500,9.78000,2030000
2017-01-11,9.80250,9.83000,9.68750,9.81750,2167600
2017-01-12,9.63000,9.77750,9.60500,9.67000,1731600
2017-01-13,9.73750,9.82500,9.65000,9.69500,1378800
2017-01-17,9.62500,9.67000,9.46500,9.50500,1997600
2017-01-18,9.18750,9.33500,9.06500,9.27750,5020800
2017-01-19,9.25500,9.27250,9.16000,9.22250,2973200
2017-01-20,9.19000,9.29000,9.13000,9.21250,2660400
2017-01-23,9.18750,9.21750,9.07000,9.13500,1888400
2017-01-24,9.19250,9.24750,9.09000,9.17250,1895200
2017-01-25,9.19000,9.32250,9.12750,9.26250,1714400
2017-01-26,9.25000,9.32000,9.20500,9.28000,1355200
2017-01-27,9.29500,9.29750,9.19750,9.28250,1059600
2017-01-30,9.21250,9.29750,9.13250,9.28750,1736400
2017-01-31,9.25250,9.34750,9.22250,9.33500,1647200
2017-02-01,9.40000,9.46750,9.36750,9.40000,2286000
2017-02-02,9.24000,9.29500,9.12000,9.21750,3328400
2017-02-03,9.32250,9.48750,9.29750,9.47750,1703600
2017-02-06,9.44250,9.52000,9.39500,9.47750,1615200
2017-02-07,9.47250,9.53500,9.43250,9.52000,1584000
2017-02-08,9.48000,9.49250,9.37250,9.43750,1379200
2017-02-09,9.49250,9.57500,9.45000,9.56500,1142400
2017-02-10,9.62500,9.65000,9.53250,9.55500,996800
2017-02-13,9.63250,9.69000,9.60000,9.65000,891200
2017-02-14,9.62500,9.72000,9.61500,9.72000,778800
2017-02-15,9.72750,9.87750,9.70750,9.80750,2747200
2017-02-16,9.84750,9.84750,9.68250,9.70500,2630000
2017-02-17,9.71250,9.72000,9.58000,9.67250,1377600
2017-02-21,9.68750,9.72750,9.55000,9.56500,1056800
2017-02-22,9.52250,9.58500,9.50250,9.53500,1370000
2017-02-23,9.54000,9.57000,9.39750,9.49250,1374400
2017-02-24,9.39250,9.43250,9.33000,9.37750,968000
2017-02-27,9.35250,9.43500,9.26500,9.42250,1834400
2017-02-28,9.24500,9.35000,9.12500,9.17750,2271200
2017-03-01,9.30000,9.60750,9.30000,9.60000,2561600
2017-03-02,9.62500,9.62500,9.36250,9.37250,1247600
2017-03-03,9.36250,9.50250,9.34000,9.39500,958400
2017-03-06,9.36250,9.38750,9.28750,9.35000,863200
2017-03-07,9.32750,9.33500,9.26750,9.32500,758400
2017-03-08,9.39250,9.46750,9.33500,9.37250,1470400
2017-03-09,9.36000,9.39000,9.17250,9.20000,1678400
2017-03-10,9.24750,9.30500,9.19000,9.24250,1120000
2017-03-13,9.26750,9.34500,9.23000,9.29750,966400
2017-03-14,9.23500,9.25750,9.11750,9.19250,1686800
2017-03-15,9.19750,9.24750,9.08500,9.10750,1979200
2017-03-16,9.12500,9.24500,9.12250,9.19500,1441200
2017-03-17,9.23750,9.23750,9.04000,9.08750,2448000
2017-03-20,9.04000,9.06750,8.95500,9.01250,1700000
2017-03-21,9.07500,9.07500,8.77500,8.81250,3048000
2017-03-22,8.78500,8.82750,8.65750,8.74750,3180800
2017-03-23,8.71750,8.85250,8.71750,8.76000,2065600
2017-03-24,8.76500,8.82000,8.65500,8.67250,2348000
2017-03-27,8.53000,8.64500,8.52750,8.63000,1714000
2017-03-28,8.57750,8.74000,8.57750,8.69250,1756800
2017-03-29,8.67500,8.71750,8.62500,8.63000,2303600
2017-03-30,8.62500,8.75000,8.58250,8.71000,3609200
2017-03-31,8.66250,8.77000,8.64750,8.68000,2270800
2017-04-03,8.42250,8.57750,8.33250,8.51750,7668000
2017-04-04,8.51000,8.69500,8.49250,8.66000,2920800
2017-04-05,8.70750,8.87750,8.64500,8.65750,6664800
2017-04-06,8.71750,8.72000,8.55750,8.61750,3968400
2017-04-07,8.60250,8.74750,8.53250,8.67500,2056800
2017-04-10,8.71250,8.73000,8.60500,8.64000,1457200
2017-04-11,8.61500,8.63500,8.45750,8.58250,4124000
2017-04-12,8.55000,8.57750,8.46250,8.51250,2352400
2017-04-13,8.49750,8.55000,8.43750,8.49500,3175200
2017-04-17,8.50250,8.64500,8.50250,8.62500,2090000
2017-04-18,8.60750,8.72250,8.53500,8.69750,3540400
2017-04-19,8.41250,8.62500,8.25250,8.47000,8923600
2017-04-20,8.50500,8.61750,8.47750,8.58250,2932000
2017-04-21,8.58250,8.61000,8.42750,8.50750,2269200
2017-04-24,8.62750,8.66250,8.52750,8.56000,2274000
2017-04-25,8.59750,8.67000,8.59250,8.63500,1238800
2017-04-26,8.60750,8.80000,8.60750,8.75250,2717600
2017-04-27,8.71500,8.78750,8.60500,8.74750,5305200
2017-04-28,8.73500,8.80000,8.68500,8.70750,3535200
2017-05-01,8.75000,8.84500,8.69500,8.82500,1828800
2017-05-02,8.81500,8.90500,8.80500,8.90000,1264000
2017-05-03,8.85250,9.00250,8.83000,8.99000,2302400
2017-05-04,9.03250,9.06000,8.94500,8.99500,3066400
2017-05-05,9.00500,9.05000,8.98500,9.03250,1314400
2017-05-08,9.05250,9.07000,8.99250,9.01000,1225600
2017-05-09,9.01250,9.07500,8.94250,8.95000,2268800
2017-05-10,8.93000,8.97500,8.75750,8.76500,3181200
2017-05-11,8.75000,8.78500,8.65500,8.75250,2180400
2017-05-12,8.73000,8.76750,8.65750,8.74750,1535200
2017-05-15,8.76750,8.82250,8.74000,8.81500,1529600
2017-05-16,8.81500,8.82250,8.69000,8.74500,2506000
2017-05-17,8.63500,8.69750,8.56500,8.58500,3223200
2017-05-18,8.59500,8.74000,8.59500,8.67250,1318400
2017-05-19,8.70000,8.80000,8.63750,8.73250,1811200
2017-05-22,8.76500,8.78000,8.72500,8.74250,1211200
2017-05-23,8.75750,8.77250,8.66500,8.72750,1300000
2017-05-24,8.75000,8.79500,8.67750,8.71250,2057200
2017-05-25,8.75500,8.84000,8.72250,8.81250,1377200
2017-05-26,8.80750,8.83000,8.73500,8.81500,1106800
2017-05-30,8.78750,8.83250,8.74000,8.77750,847600
2017-05-31,8.79000,8.79000,8.62750,8.72000,1510800
2017-06-01,8.76000,8.82250,8.69000,8.80750,2688400
2017-06-02,8.80000,8.98000,8.76000,8.94500,2713600
2017-06-05,8.96500,9.07500,8.96500,9.02750,2560000
2017-06-06,8.94750,9.01000,8.86000,8.97750,1962800
2017-06-07,9.00000,9.11250,8.94500,9.08750,1580000
2017-06-08,9.00000,9.17750,8.95000,9.09250,1662400
2017-06-09,9.15000,9.21000,9.08500,9.18500,1655600
2017-06-12,9.20750,9.33500,9.06500,9.25250,1899600
2017-06-13,9.27000,9.34750,9.19500,9.24250,2286800
2017-06-14,9.13750,9.25500,9.09250,9.25250,1941200
2017-06-15,9.21000,9.28500,9.17000,9.22750,1520000
2017-06-16,9.23750,9.23750,9.08500,9.14500,1500000
2017-06-19,9.17000,9.23500,9.11000,9.18500,1498800
2017-06-20,9.19250,9.25000,9.12750,9.19750,1672400
2017-06-21,9.21500,9.23000,9.13750,9.15000,1610000
2017-06-22,9.15000,9.24500,9.13750,9.22500,1589200
2017-06-23,9.23250,9.25500,9.17750,9.22750,2666400
2017-06-26,9.23000,9.32000,9.21250,9.27500,1464800
2017-06-27,9.30000,9.36500,9.24750,9.31750,2392800
2017-06-28,9.33500,9.47750,9.25500,9.40750,3498400
2017-06-29,9.49750,9.55750,9.24000,9.27500,2135200
2017-06-30,9.31500,9.39250,9.25750,9.35500,1856000
2017-07-03,9.38500,9.56000,9.38500,9.55500,1068400
2017-07-05,9.57250,9.59750,9.42250,9.55500,3077200
2017-07-06,9.55500,9.59500,9.40000,9.41250,2826400
2017-07-07,9.43500,9.46750,9.32000,9.36000,1298800
2017-07-10,9.36750,9.40750,9.31250,9.39500,1379200
2017-07-11,9.38750,9.40000,9.32000,9.38500,1518400
2017-07-12,9.37250,9.43500,9.35000,9.41750,931200
2017-07-13,9.45000,9.50750,9.37500,9.49250,1487600
2017-07-14,9.45250,9.49750,9.41250,9.47500,1588400
2017-07-17,9.47750,9.55000,9.42250,9.44250,1932000
2017-07-18,9.43250,9.47750,9.30500,9.40000,2828000
2017-07-19,9.24750,9.31750,9.06500,9.30250,5439600
2017-07-20,9.09750,9.40000,9.05750,9.38250,3042400
2017-07-21,9.33500,9.70250,9.26000,9.69000,4894000
2017-07-24,9.64750,9.78250,9.64250,9.75250,3082800
2017-07-25,9.73000,9.78750,9.71000,9.75250,2189200
2017-07-26,9.75000,9.78500,9.68000,9.77250,1294800
2017-07-27,9.74750,9.81500,9.67500,9.81000,2060400
2017-07-28,9.78000,10.02500,9.75500,9.99500,3885600
2017-07-31,10.00750,10.02750,9.94250,10.01250,2270800
2017-08-01,10.06250,10.11250,9.96250,10.09750,1983200
2017-08-02,10.10500,10.11500,10.03250,10.08750,2568000
2017-08-03,10.08250,10.17750,10.00250,10.17250,1526000
2017-08-04,10.25000,10.25000,10.13250,10.13500,1573200
2017-08-07,10.15750,10.18500,10.06250,10.09250,1137600
2017-08-08,10.08000,10.18000,10.05000,10.08250,992400
2017-08-09,10.02000,10.16250,9.96500,10.16250,1352400
2017-08-10,10.13750,10.20500,10.10750,10.17250,1796800
2017-08-11,10.14750,10.19750,10.11500,10.17000,1794400
2017-08-14,10.25000,10.39750,10.19000,10.28750,2114000
2017-08-15,10.35500,10.36000,10.18250,10.32000,1640400
2017-08-16,10.37000,10.44500,10.29750,10.31500,1861600
2017-08-17,10.29500,10.31250,10.14500,10.17500,1634000
2017-08-18,10.13250,10.26250,10.08250,10.24500,4146400
2017-08-21,10.24000,10.24500,10.12250,10.22250,1547200
2017-08-22,10.08500,10.34750,9.92500,10.32000,1684400
2017-08-23,10.27000,10.43750,10.23250,10.39750,1563600
2017-08-24,10.44250,10.56250,10.35250,10.53750,2543200
2017-08-25,10.58250,10.64250,10.52500,10.61250,1576400
2017-08-28,10.62500,10.63500,10.46250,10.47250,1602400
2017-08-29,10.41250,10.50500,10.35750,10.44750,1838800
2017-08-30,10.41750,10.43250,10.31000,10.42250,2364400
2017-08-31,10.44750,10.49500,10.33750,10.48250,1697200
2017-09-01,10.49500,10.68500,10.38500,10.66750,1920400
2017-09-05,10.59000,10.67750,10.40000,10.43000,2273600
2017-09-06,10.40750,10.48000,10.31500,10.41500,1758800
2017-09-07,10.43250,10.43250,10.27250,10.32500,1353200
2017-09-08,10.31500,10.44250,10.25750,10.36250,1607200
2017-09-11,10.45750,10.54250,10.27000,10.43000,1612000
2017-09-12,10.49000,10.54000,10.38000,10.48500,1197200
2017-09-13,10.49250,10.51750,10.40500,10.49500,1376400
2017-09-14,10.49500,10.57250,10.40000,10.50500,1159600
2017-09-15,10.50000,10.56750,10.40250,10.47000,2096000
2017-09-18,10.48000,10.72000,10.45000,10.71750,2087200
2017-09-19,10.71750,10.89000,10.68750,10.86000,2270800
2017-09-20,10.87500,11.01500,10.79000,10.99000,1771600
2017-09-21,10.99750,11.00750,10.78750,10.90000,1084000
2017-09-22,10.65500,11.06750,10.39250,11.03750,1839200
2017-09-25,11.03000,11.07250,10.91750,11.03250,1489200
2017-09-26,11.00250,11.04000,10.87500,10.93750,1416400
2017-09-27,11.05500,11.13500,10.94000,11.10750,2219200
2017-09-28,11.14000,11.24500,11.08500,11.20750,2013200
2017-09-29,11.18500,11.27000,11.09750,11.26000,2015600
2017-10-02,11.24500,11.60500,11.20000,11.60250,2580400
2017-10-03,11.62750,11.84500,11.55750,11.79500,3175600
2017-10-04,11.81000,11.89500,11.73000,11.82500,1899200
2017-10-05,11.88750,11.98500,11.82000,11.91750,1509200
2017-10-06,11.78250,12.03750,11.72500,11.86250,2480400
2017-10-09,11.90000,11.94750,11.84750,11.89000,1418400
2017-10-10,11.88750,11.91750,11.76250,11.83500,1695200
2017-10-11,11.88750,11.96750,11.78750,11.94750,1985600
2017-10-12,11.94750,12.00000,11.90250,11.91000,1475600
2017-10-13,11.89750,11.95500,11.83750,11.91000,1250000
2017-10-16,11.90250,11.94500,11.84000,11.93000,1416800
2017-10-17,11.87500,11.87500,11.78250,11.85000,2119600
2017-10-18,12.24750,12.68250,12.03000,12.44000,6750800
2017-10-19,12.19250,12.50000,12.09000,12.35500,5844800
2017-10-20,12.30500,12.46250,12.23750,12.34750,3487200
2017-10-23,12.43750,12.65000,12.28250,12.63750,3267600
2017-10-24,12.71250,12.82250,12.65750,12.78250,2498400
2017-10-25,12.78250,12.89250,12.57500,12.86500,2568400
2017-10-26,12.87750,13.27250,12.83500,13.13000,3584400
2017-10-27,13.09500,13.42750,13.07000,13.39750,2972400
2017-10-30,13.32000,13.40250,13.20750,13.29500,2340000
2017-10-31,13.34000,13.54000,13.34000,13.50500,3712400
2017-11-01,13.59250,13.62500,13.39000,13.46250,2335600
2017-11-02,13.50000,13.91500,13.50000,13.74750,3056000
2017-11-03,13.79500,13.79500,13.37500,13.48250,3088400
2017-11-06,13.48250,13.61750,13.48250,13.59000,1471600
2017-11-07,13.64500,13.65500,13.48500,13.52250,1249600
2017-11-08,13.50000,13.55000,13.43500,13.49750,2176800
2017-11-09,13.42500,13.53750,13.33500,13.42250,1817200
2017-11-10,13.47250,13.53250,13.44250,13.47000,1080800
2017-11-13,13.40750,13.52000,13.35750,13.47500,1456400
2017-11-14,13.43500,13.53750,13.40750,13.51250,841200
2017-11-15,13.39500,13.54500,13.28500,13.52000,1339600
2017-11-16,13.54000,13.68000,13.54000,13.59750,1074000
2017-11-17,13.57750,13.69500,13.48250,13.63000,919200
2017-11-20,13.69250,13.92250,13.65500,13.82750,1056800
2017-11-21,13.87000,14.00250,13.81250,13.88000,1380800
2017-11-22,13.90500,13.95500,13.72000,13.81500,1180800
2017-11-24,13.81500,13.92000,13.75750,13.90250,452800
2017-11-27,13.90500,13.97750,13.75500,13.89250,2354400
2017-11-28,13.88250,14.06500,13.84250,14.05250,1571200
2017-11-29,14.10000,14.32500,14.10000,14.28000,2268000
2017-11-30,14.36250,14.41250,14.22000,14.26500,1745600
2017-12-01,14.25250,14.53250,13.80250,14.52000,2201600
2017-12-04,14.69500,15.03000,14.66500,14.72750,2622400
2017-12-05,14.73000,14.86750,14.68500,14.71250,1380400
2017-12-06,14.66250,14.80500,14.60250,14.76250,1407200
2017-12-07,14.76250,15.23750,14.74750,15.05000,3226400
2017-12-08,15.17000,15.29250,15.07250,15.28500,2352000
2017-12-11,15.32750,15.37250,15.01250,15.16750,2602000
2017-12-12,15.20000,15.58250,15.15250,15.47000,3023200
2017-12-13,15.49000,15.50000,15.20750,15.22250,1659600
2017-12-14,15.24500,15.30500,14.97500,15.01250,2202000
2017-12-15,15.06500,15.19250,15.01500,15.10000,8132000
2017-12-18,15.17000,15.33500,15.04750,15.08500,2534000
2017-12-19,15.15000,15.18000,14.93750,14.99500,2134000
2017-12-20,15.08250,15.10750,14.85750,14.87500,1644400
2017-12-21,15.00750,15.21750,14.95250,14.97750,2744800
2017-12-22,15.01000,15.11750,15.00500,15.08000,1818400
2017-12-26,15.08250,15.12250,15.03250,15.04000,736400
2017-12-27,15.03500,15.09000,14.88250,14.94250,2020400
2017-12-28,14.94000,15.02000,14.87750,15.00500,1770400
2017-12-29,15.01500,15.03250,14.77750,14.80250,44133200
2018-01-02,14.75750,15.03000,14.75750,14.88500,4624400
2018-01-03,14.87750,15.03750,14.73000,14.78500,3767200
2018-01-04,14.89000,15.00250,14.75000,14.88750,4879200
2018-01-05,14.96500,15.11500,14.90750,15.08500,3556400
2018-01-08,14.85500,15.29500,14.81250,15.23000,3517200
2018-01-09,15.26500,15.71250,15.26500,15.65250,3753600
2018-01-10,15.62250,15.71250,15.50000,15.53750,2607200
2018-01-11,15.62750,15.65250,15.51250,15.61000,1052800
2018-01-12,15.65500,15.79000,15.57500,15.77500,2310000
2018-01-16,15.95000,16.00750,15.53500,15.61250,6050000
2018-01-17,15.33750,15.89250,15.26250,15.65250,5502400
2018-01-18,15.61000,15.64500,15.43250,15.44500,3731600
2018-01-19,15.43750,15.64250,15.35500,15.62000,4477200
2018-01-22,15.60000,15.91750,15.58750,15.91750,4287600
2018-01-23,15.99500,16.30000,15.94250,16.27500,4271200
2018-01-24,16.32500,16.39500,15.90500,16.08500,2284400
2018-01-25,16.10500,16.13000,15.69500,15.77000,2972000
2018-01-26,15.80750,16.06500,15.72000,16.05000,2801600
2018-01-29,16.05000,16.20000,15.92500,15.98250,2363200
2018-01-30,15.84750,16.09750,15.75500,15.90000,1847200
2018-01-31,15.97500,16.10250,15.88000,15.99750,1406400
2018-02-01,15.97250,16.72750,15.92250,16.70000,3832400
2018-02-02,16.69750,16.85500,16.34750,16.34750,2584400
2018-02-05,16.17750,16.54250,15.21250,15.54000,4058000
2018-02-06,15.28750,15.90750,14.97500,15.84750,6218400
2018-02-07,15.81000,16.34500,15.75750,16.18750,3682800
2018-02-08,16.27500,16.36500,15.43000,15.43500,3602400
2018-02-09,15.58750,15.79500,14.83250,15.50500,4462400
2018-02-12,15.65750,16.04750,15.62500,15.92000,1952000
2018-02-13,15.81000,16.00000,15.78000,15.96750,1492400
2018-02-14,15.93250,16.69250,15.89750,16.65750,2498000
2018-02-15,16.77250,17.03750,16.54500,16.97000,2646000
2018-02-16,16.95750,17.14500,16.80750,16.84250,4258800
2018-02-20,16.82500,17.19750,16.82500,16.96750,2013600
2018-02-21,17.01500,17.41500,17.01500,17.12250,3191200
2018-02-22,17.16250,17.29000,16.84750,16.88000,1941200
2018-02-23,16.99750,17.31000,16.97500,17.30750,1990400
2018-02-26,17.29000,17.56500,17.20000,17.50000,2829200
2018-02-27,17.50000,17.80750,17.50000,17.55000,2663600
2018-02-28,17.64750,17.76250,17.35000,17.35000,2616800
2018-03-01,17.41750,17.41750,16.41500,16.61500,4347200
2018-03-02,16.55750,17.00000,16.25250,16.95500,2725600
2018-03-05,16.88750,17.49250,16.74250,17.37500,2779200
2018-03-06,17.50250,17.82500,17.22750,17.81250,3271600
2018-03-07,17.56000,17.86750,17.42750,17.70500,2593200
2018-03-08,17.83750,17.91500,17.59000,17.86500,1565200
2018-03-09,17.97000,18.46250,17.97000,18.44000,2316800
2018-03-12,18.51250,18.52750,18.15250,18.33000,1815600
2018-03-13,18.33250,18.38500,18.04000,18.11500,2176400
2018-03-14,18.07250,18.19250,17.87500,17.96000,1962400
2018-03-15,18.00500,18.07750,17.54500,17.66750,2618000
2018-03-16,17.71250,17.89500,17.64250,17.76750,2970400
2018-03-19,17.75000,17.86500,17.35000,17.62500,1814800
2018-03-20,17.72500,18.06250,17.72500,17.93750,1484800
2018-03-21,17.93750,18.27750,17.87750,18.05500,2124000
2018-03-22,17.80000,17.80000,17.01000,17.01500,3256400
2018-03-23,17.08750,17.16250,16.55250,16.55250,2738000
2018-03-26,16.85750,17.34250,16.84000,17.31250,1870800
2018-03-27,17.39500,17.40000,16.52250,16.67500,2350800
2018-03-28,16.63000,16.76750,16.07250,16.43000,2507200
2018-03-29,16.46250,16.88750,16.28250,16.81000,2386400
2018-04-02,16.72750,16.81000,15.96250,16.19750,3241600
2018-04-03,16.25000,17.06500,16.22500,16.91500,3634000
2018-04-04,16.57750,17.33250,16.34500,17.27250,3301600
2018-04-05,17.42750,17.78500,17.16250,17.67500,5006800
2018-04-06,17.47000,17.56750,17.05250,17.27750,2828400
2018-04-09,17.47500,17.62000,17.17750,17.25500,1764400
2018-04-10,17.56750,17.86250,17.41250,17.76750,2208800
2018-04-11,17.64000,17.98250,17.51000,17.77250,2938400
2018-04-12,18.05250,18.21250,17.97250,18.08500,2271600
2018-04-13,18.33500,18.33500,17.65250,17.79250,1889600
2018-04-16,17.98000,18.11500,17.82750,18.09000,2072800
2018-04-17,18.33250,18.68750,18.12500,18.60000,6074000
2018-04-18,18.74500,18.81750,17.71250,17.98000,6726800
2018-04-19,17.99750,18.34750,17.98250,18.16500,3114000
2018-04-20,18.16500,18.52250,18.07500,18.45000,3455600
2018-04-23,18.53250,18.73000,18.37750,18.49000,3066000
2018-04-24,18.52750,18.70000,17.95750,18.19250,2201200
2018-04-25,18.15250,18.26500,17.91500,18.00250,2366000
2018-04-26,18.00500,18.52500,17.81500,18.42500,1966800
2018-04-27,18.31000,18.65500,18.17500,18.47500,2262400
2018-04-30,18.55250,18.88250,18.50500,18.55000,2832400
2018-05-01,18.44500,18.54500,18.18000,18.51250,2087200
2018-05-02,18.51750,18.65250,18.35000,18.39250,1484800
2018-05-03,18.29750,18.41250,17.95250,18.33500,1767600
2018-05-04,18.32500,18.87000,18.16750,18.73750,2750000
2018-05-07,18.77250,19.34250,18.75250,19.19500,2798000
2018-05-08,19.35500,19.50000,19.17500,19.45250,1876400
2018-05-09,19.56750,20.08000,19.48000,19.81000,3133200
2018-05-10,19.77500,20.07750,19.73750,19.89500,2102800
2018-05-11,19.91750,20.05000,19.82000,19.92500,2150800
2018-05-14,19.88250,19.98000,19.47250,19.62500,2727200
2018-05-15,19.51500,19.75250,19.41500,19.64250,2104800
2018-05-16,19.58250,19.84750,19.50250,19.53500,2312800
2018-05-17,19.53750,19.69750,19.31250,19.51250,2430000
2018-05-18,19.50000,19.61000,19.39750,19.40000,3490000
2018-05-21,19.57500,20.00000,19.57500,19.75250,2245200
2018-05-22,19.82500,19.85250,19.66000,19.68250,1551600
2018-05-23,19.60000,19.63750,19.20250,19.63000,1562400
2018-05-24,19.55000,19.65000,19.33500,19.59000,1870000
2018-05-25,19.52500,19.52500,19.25000,19.44500,4166400
2018-05-29,19.23500,19.29500,18.42500,18.51750,5812000
2018-05-30,18.60000,18.96500,18.53750,18.63000,4061600
2018-05-31,18.60000,18.71500,18.15750,18.19500,2577200
2018-06-01,18.37500,18.49750,17.98500,18.08500,3366000
2018-06-04,18.10500,18.21250,17.00000,17.55500,12917200
2018-06-05,17.62750,17.73250,17.45000,17.60500,4334000
2018-06-06,17.60500,17.67250,17.25000,17.59750,5280400
2018-06-07,17.74000,17.78750,17.24750,17.54500,3820000
2018-06-08,17.55750,17.91250,17.44500,17.84500,4524400
2018-06-11,17.82250,17.99500,17.70250,17.77500,2656800
2018-06-12,17.84750,18.03750,17.76750,18.01500,4844400
2018-06-13,18.07000,18.21000,17.64750,17.77250,6108000
2018-06-14,17.79500,17.83000,17.44500,17.53750,4919200
2018-06-15,17.50000,17.64250,17.30750,17.41250,7183600
2018-06-18,17.32250,17.38750,17.08000,17.16250,7565200
2018-06-19,16.94500,17.02250,16.73500,16.95250,6136800
2018-06-20,16.99000,17.08250,16.72250,16.73750,3707600
2018-06-21,16.80000,16.82500,16.32250,16.61000,3200800
2018-06-22,16.70500,16.73750,16.33500,16.48000,8316400
2018-06-25,16.42750,16.42750,15.85750,16.17250,4964400
2018-06-26,16.17500,16.49750,16.13000,16.24750,3034800
2018-06-27,16.26750,16.45500,16.09000,16.10250,3212000
2018-06-28,16.08250,16.30000,15.94000,16.20000,3116800
2018-06-29,16.29750,16.46500,16.10000,16.10250,3095600
2018-07-02,15.97000,16.28500,15.92750,16.23000,3273200
2018-07-03,16.25500,16.33250,15.81000,15.84250,2340000
2018-07-05,15.88750,15.92250,15.00750,15.19750,9578000
2018-07-06,15.17250,15.40000,15.08250,15.19750,3434000
2018-07-09,15.22750,15.65500,15.22750,15.51500,4760400
2018-07-10,15.62250,15.66000,15.45000,15.64500,3533600
2018-07-11,15.54000,15.69250,15.40000,15.42250,2687200
2018-07-12,15.42250,15.47500,15.06750,15.31750,4174000
2018-07-13,15.29250,15.46000,15.17500,15.37500,2168400
2018-07-16,15.44500,15.73750,15.44500,15.67250,2910400
2018-07-17,15.77250,16.21250,15.67500,16.17250,5129200
2018-07-18,16.28000,16.72000,15.86750,16.33500,6894800
2018-07-19,16.07000,16.22500,15.63750,15.66750,3954800
2018-07-20,15.59750,15.80250,15.51250,15.66500,2129600
2018-07-23,15.61500,15.93500,15.58500,15.89250,3495600
2018-07-24,15.99250,16.03500,15.58000,15.64250,1740800
2018-07-25,15.61000,15.66750,15.45750,15.62250,1892400
2018-07-26,15.62500,15.66750,15.47000,15.54750,2461200
2018-07-27,15.50000,15.65500,15.27000,15.34250,2544400
2018-07-30,15.46250,15.46750,14.92750,14.95750,4033600
2018-07-31,14.97000,15.03500,14.70250,14.96500,2287600
2018-08-01,15.05750,15.38250,15.02250,15.12500,2628800
2018-08-02,15.00750,15.25500,15.00000,15.07000,1731200
2018-08-03,15.07000,15.11750,14.81500,15.02750,2395600
2018-08-06,15.07250,15.34250,15.03000,15.11250,1959200
2018-08-07,15.13750,15.41500,15.13750,15.24500,1816400
2018-08-08,15.26500,15.39000,15.18500,15.34750,1739200
2018-08-09,15.31250,15.52500,15.31250,15.42500,4106000
2018-08-10,15.28750,15.55250,15.12500,15.50500,2508000
2018-08-13,15.50750,15.54000,15.31750,15.32500,2192000
2018-08-14,15.36500,15.47000,15.34000,15.45000,1439600
2018-08-15,15.30750,15.33000,14.90750,15.00000,2667600
2018-08-16,15.17250,15.39250,15.04250,15.21250,2197600
2018-08-17,15.19500,15.33250,15.04250,15.30000,1475600
2018-08-20,15.29750,15.64250,15.29750,15.48750,2960400
2018-08-21,15.17000,15.61000,15.08250,15.10000,5700400
2018-08-22,15.02000,15.40250,15.02000,15.26750,1689200
2018-08-23,15.22500,15.40250,14.99500,15.21500,2572000
2018-08-24,15.26000,15.35750,15.14500,15.27000,3348000
2018-08-27,15.38750,15.57000,15.37250,15.55000,1484000
2018-08-28,15.58500,15.69750,15.43750,15.59750,2110000
2018-08-29,15.56000,15.57750,15.38500,15.52000,1729200
2018-08-30,15.46750,15.50750,15.36000,15.39000,1104000
2018-08-31,15.37500,15.57750,15.26500,15.54000,1828400
2018-09-04,15.47750,15.75000,15.42500,15.67500,2178000
2018-09-05,15.67250,15.73750,15.23750,15.28000,3759200
2018-09-06,15.20000,15.29500,14.75250,14.85750,2336000
2018-09-07,14.85500,15.20000,14.77750,15.18750,2825600
2018-09-10,15.21500,15.24250,14.43250,14.51000,4523200
2018-09-11,14.44250,14.56250,14.36500,14.47000,2978000
2018-09-12,14.47000,14.47000,14.13500,14.16250,3536800
2018-09-13,14.24250,14.68750,14.19750,14.51750,3586000
2018-09-14,14.52500,14.76250,14.48000,14.65750,2891600
2018-09-17,14.75000,14.77000,14.20500,14.35750,2260000
2018-09-18,14.36250,14.52750,14.24750,14.50500,2742800
2018-09-19,14.50000,14.74500,14.47750,14.55750,2015600
2018-09-20,14.67000,14.90500,14.62250,14.67000,2060000
2018-09-21,14.73500,14.82750,14.33750,14.35750,3477200
2018-09-24,14.40250,14.43750,14.22750,14.39500,1911600
2018-09-25,14.40500,14.40500,14.12500,14.34250,2270000
2018-09-26,14.34000,14.34000,14.02500,14.05000,1498800
2018-09-27,14.12000,14.17250,13.85250,13.90250,1640000
2018-09-28,13.79250,13.92750,13.75750,13.82750,2088800
2018-10-01,13.91250,13.99750,13.74250,13.82500,1464000
2018-10-02,13.87500,14.03250,13.78000,13.89750,2477200
2018-10-03,13.96500,14.04250,13.85500,13.96250,3351200
2018-10-04,14.00750,14.24250,13.90750,13.94500,2953600
2018-10-05,13.97500,14.21000,13.75250,13.89500,1738800
2018-10-08,13.87500,13.99750,13.62500,13.95500,2072000
2018-10-09,13.96250,14.13250,13.79250,13.87000,2170800
2018-10-10,13.76250,13.80750,13.25000,13.41250,2504400
2018-10-11,13.08250,13.37250,12.56250,12.65500,3401600
2018-10-12,12.99000,13.02500,12.62500,13.00000,2898000
2018-10-15,13.00000,13.27500,12.80250,13.21250,2364000
2018-10-16,13.24750,13.80250,13.17250,13.65250,3414800
2018-10-17,13.25000,13.56500,13.02500,13.46000,4152400
2018-10-18,13.42500,13.47500,12.67250,12.73750,3857200
2018-10-19,12.86500,13.19750,12.68000,12.76250,2873200
2018-10-22,12.75750,13.02750,12.40250,12.53250,2508000
2018-10-23,12.35000,12.53250,12.02750,12.38750,3635600
2018-10-24,12.42250,12.55250,12.03500,12.05500,2740000
2018-10-25,12.08750,12.42250,12.03750,12.31000,1497600
2018-10-26,11.98000,12.13250,11.79250,11.94250,3153600
2018-10-29,11.86750,12.35000,11.60000,11.78000,4629200
2018-10-30,11.81000,12.17000,11.70500,12.07500,2594800
2018-10-31,12.42500,12.56000,12.08500,12.35250,2868400
2018-11-01,12.37500,12.97250,12.27750,12.95000,3117600
2018-11-02,13.25000,13.78250,13.00000,13.72000,3723200
2018-11-05,13.75500,13.82750,13.59000,13.65750,2946800
2018-11-06,13.58750,13.94750,13.58750,13.86250,2189200
2018-11-07,13.96250,14.45000,13.94250,14.34250,2107600
2018-11-08,14.17750,14.41000,14.02250,14.08500,1556800
2018-11-09,13.93750,14.07250,13.65500,13.84250,2050800
2018-11-12,13.75000,13.98250,13.27250,13.55250,1514800
2018-11-13,13.62500,14.06250,13.51000,13.81250,1770000
2018-11-14,13.75000,14.07000,13.46500,13.49750,2460000
2018-11-15,13.25000,13.60500,13.13250,13.58000,1857600
2018-11-16,13.41250,13.68000,13.32750,13.52500,1260400
2018-11-19,13.52250,13.81250,13.21500,13.39750,2798000
2018-11-20,13.29750,13.29750,12.65000,12.79750,1980400
2018-11-21,12.80250,13.17000,12.75000,12.93000,1937600
2018-11-23,12.84000,13.10500,12.75000,12.97750,552400
2018-11-26,13.14250,13.65500,13.14250,13.22250,999600
2018-11-27,13.12000,13.51250,13.12000,13.31500,1445600
2018-11-28,13.34500,14.12500,13.34500,14.02500,2327600
2018-11-29,13.92500,14.27250,13.87250,13.96000,1544000
2018-11-30,13.92500,14.65750,13.89250,14.46250,2855600
2018-12-03,14.79000,15.63250,14.11000,14.54000,3825200
2018-12-04,14.72000,14.72000,14.00750,14.16500,2915200
2018-12-06,13.79750,14.05000,13.06500,14.01000,4745600
2018-12-07,13.93500,14.22500,13.05500,13.26500,2822800
2018-12-10,13.09000,13.25000,12.66500,13.12750,4131600
2018-12-11,13.15000,13.49750,12.99250,13.09750,3536800
2018-12-12,13.30500,13.40000,13.13750,13.19500,1522400
2018-12-13,13.40000,13.63250,12.78000,13.01500,1969600
2018-12-14,12.84000,13.23000,12.64000,13.01000,1798400
2018-12-17,12.95250,13.72250,12.80750,13.28750,3003200
2018-12-18,13.64750,14.13250,13.36750,13.66500,3901200
2018-12-19,13.61250,13.92500,13.42750,13.48750,1966400
2018-12-20,13.44500,13.73500,13.05750,13.50250,2575200
2018-12-21,12.74000,13.65250,12.74000,13.10000,4476000
2018-12-24,13.21250,13.21250,12.70500,12.86500,1562800
2018-12-26,12.70750,13.53250,12.70750,13.48750,2150400
2018-12-27,13.08000,13.57500,12.91750,13.18750,4936000
2018-12-28,13.21250,13.48750,13.16250,13.32250,1554400
2018-12-31,13.30000,13.66250,13.19750,13.66250,2242800
2019-01-02,13.23250,13.89250,13.20500,13.29250,4474400
2019-01-03,13.22750,13.48250,12.88500,13.11500,2988400
2019-01-04,12.75000,13.99750,12.75000,13.62500,3846000
2019-01-07,13.62500,13.88500,13.02250,13.11750,3510400
2019-01-08,12.98000,13.37250,12.85000,13.12500,2622000
2019-01-09,13.24750,13.40750,12.67500,12.93250,4161200
2019-01-10,12.98750,13.05000,12.54250,13.02500,2415200
2019-01-11,12.87500,12.94000,12.51000,12.86000,4126400
2019-01-14,13.00000,13.00000,12.55000,12.80250,2316800
2019-01-15,12.76000,13.00750,12.63500,12.95000,2428800
2019-01-16,13.00000,13.25000,12.91750,13.08500,1807200
2019-01-17,12.97250,13.50000,12.97250,13.32500,2174800
2019-01-18,13.55000,13.69750,13.33750,13.65750,1674400
2019-01-22,13.76250,13.87500,12.74500,12.98750,4289600
2019-01-23,12.81250,13.11000,12.25000,12.58250,5608400
2019-01-24,12.78000,12.78000,12.29000,12.41250,4012800
2019-01-25,12.39250,12.75000,12.33500,12.64000,1597200
2019-01-28,12.69750,12.69750,12.43250,12.50250,1652800
2019-01-29,12.43000,12.86000,12.43000,12.75000,2100400
2019-01-30,12.82500,12.87500,12.50250,12.68000,1896800
2019-01-31,12.75000,13.05250,12.60000,12.60000,2827200
2019-02-01,12.62500,12.94500,12.13000,12.40250,5534800
2019-02-04,12.47000,12.78750,12.32500,12.54750,3750000
2019-02-05,12.47750,12.79250,12.47750,12.75500,2348800
2019-02-06,12.68250,12.91750,12.63000,12.70250,1991200
2019-02-07,12.66250,12.85000,12.45500,12.55250,1954800
2019-02-08,12.56000,12.78500,12.42250,12.61500,1854400
2019-02-11,12.75000,12.87250,12.62750,12.77000,1963200
2019-02-12,12.98250,13.02000,12.79000,12.85500,1705600
2019-02-13,12.99500,13.30750,12.94750,13.19750,1663200
2019-02-14,13.21250,13.44250,13.03750,13.22750,2817200
2019-02-15,13.33250,13.49500,13.27500,13.29250,1040000
2019-02-19,13.43750,13.74500,13.29750,13.64750,2077200
2019-02-20,13.64500,13.87500,13.53000,13.60500,1384000
2019-02-21,13.59750,13.93750,13.43750,13.88250,1773200
2019-02-22,13.96750,14.12500,13.88000,14.07250,1258400
2019-02-25,14.28000,14.53500,14.19500,14.31500,2053600
2019-02-26,14.25000,14.31250,13.95750,13.95750,2176400
2019-02-27,13.87250,14.05250,13.78250,13.89250,1476800
2019-02-28,13.76750,13.96250,13.70500,13.80750,1476800
2019-03-01,14.08750,14.12500,13.85500,13.88750,2677600
2019-03-04,13.98750,14.10750,13.47750,13.62000,2236400
2019-03-05,13.56000,13.87500,13.37500,13.41750,1715600
2019-03-06,13.36250,13.94250,13.18750,13.44750,2432000
2019-03-07,13.56000,13.56000,13.21750,13.40250,1770400
2019-03-08,13.25750,13.34250,12.98250,13.00250,1480400
2019-03-11,13.00250,13.47250,13.00250,13.42000,1237200
2019-03-12,13.48000,13.55000,13.32250,13.50250,1986800
2019-03-13,13.75000,13.75000,13.48750,13.49000,1424400
2019-03-14,13.69000,13.69000,13.45750,13.57500,892000
2019-03-15,13.79500,13.79500,13.49250,13.53000,1568800
2019-03-18,13.61000,13.77000,13.59000,13.73000,1245200
2019-03-19,13.81750,13.88750,13.47500,13.50750,1084000
2019-03-20,13.71750,13.71750,13.14750,13.23500,1560400
2019-03-21,13.18750,13.33250,12.87250,12.88500,1571200
2019-03-22,12.85500,12.96500,12.46750,12.54000,1746000
2019-03-25,12.76250,12.79750,12.30250,12.46250,1606400
2019-03-26,12.76250,12.83250,12.55500,12.66750,2283200
2019-03-27,12.69250,12.75000,12.40750,12.68750,1033200
2019-03-28,12.84000,12.99250,12.65500,12.95500,1223600
2019-03-29,13.00000,13.12250,12.97000,12.97000,1612000
2019-04-01,13.17500,13.50000,13.09000,13.45000,2238800
2019-04-02,13.50000,13.67500,13.24000,13.59750,1965200
2019-04-03,13.96750,13.96750,13.02500,13.17500,3098800
2019-04-04,13.36750,13.69250,13.19000,13.41250,1917600
2019-04-05,13.37750,13.57250,13.25000,13.43750,654400
2019-04-08,13.47250,13.56250,13.22500,13.47000,968400
2019-04-09,13.52250,13.52250,13.18500,13.34500,1102000
2019-04-10,13.27500,13.43750,13.07250,13.25000,1118400
2019-04-11,13.43500,13.43500,13.08750,13.25000,1118000
2019-04-12,13.13000,13.60750,13.13000,13.53500,1783200
2019-04-15,13.72500,13.72500,13.50500,13.61000,1550400
2019-04-16,13.72500,13.90000,13.50500,13.83250,2211200
2019-04-17,13.98750,14.12500,13.46250,13.54000,3228400
2019-04-18,13.70250,13.79500,13.51500,13.72000,1868400
2019-04-22,13.44250,13.85750,13.44250,13.71250,1421200
2019-04-23,13.75000,13.81250,13.59500,13.74750,1331600
2019-04-24,13.81250,13.81250,13.50250,13.56000,1279600
2019-04-25,13.45500,13.71750,13.36750,13.64750,1165600
2019-04-26,13.37500,13.67500,13.37500,13.54500,955600
2019-04-29,13.50000,13.71500,13.49750,13.67000,1051200
2019-04-30,13.56750,13.61500,13.43750,13.56000,1343600
2019-05-01,13.68750,13.84250,13.59500,13.81750,1741600
2019-05-02,13.86000,14.05250,13.79250,13.97500,1572400
2019-05-03,14.06250,14.18000,13.90000,14.17750,1140800
2019-05-06,13.51750,14.70000,13.51750,14.63750,3178800
2019-05-07,14.68500,14.83000,14.17000,14.23750,2144800
2019-05-08,14.25000,14.44250,14.04000,14.07500,926400
2019-05-09,13.74750,14.16500,13.74750,13.99250,1311200
2019-05-10,13.90250,14.11750,13.64000,14.11750,1712000
2019-05-13,13.55000,13.87250,13.55000,13.71250,1796400
2019-05-14,13.66250,13.93000,13.64750,13.81250,1336800
2019-05-15,13.74000,13.87500,13.52500,13.56000,1035200
2019-05-16,13.68250,14.03000,13.63500,13.93750,1344800
2019-05-17,13.73500,14.01500,13.69250,13.85750,1037600
2019-05-20,14.05500,14.11750,13.49250,13.49250,2381600
2019-05-21,13.64750,14.00000,13.48500,13.48500,1519600
2019-05-22,13.44750,13.61250,13.37500,13.52500,878400
2019-05-23,13.43250,13.53250,13.35500,13.46500,1602800
2019-05-24,13.48000,13.61500,13.36500,13.36500,865600
2019-05-28,13.19750,13.54250,13.18250,13.26250,1221600
2019-05-29,13.08500,13.24750,12.93000,13.07500,1556000
2019-05-30,13.11000,13.34250,12.89500,13.09500,1347600
2019-05-31,12.87500,13.04750,12.54000,12.70000,2865600
2019-06-03,12.70000,12.88250,12.34500,12.61500,3476400
2019-06-04,12.75500,13.13500,12.62500,13.13250,1934800
2019-06-05,12.97750,13.28250,12.89250,13.16750,1492800
2019-06-06,13.32250,13.57750,13.02500,13.55500,1722400
2019-06-07,13.42750,13.66250,13.27000,13.64250,2051600
2019-06-10,13.75000,13.93000,13.55000,13.65250,2912000
2019-06-11,13.84500,13.85000,13.50000,13.62250,1332000
2019-06-12,13.64750,13.75000,13.24750,13.31500,2491600
2019-06-13,13.38000,13.63500,12.94250,13.63500,1383200
2019-06-14,13.63750,13.79500,13.40500,13.77750,1731200
2019-06-17,13.72750,13.92500,13.62250,13.71500,1400000
2019-06-18,13.75750,13.89500,13.71000,13.79750,918000
2019-06-19,13.77250,13.94250,13.64500,13.67500,1254400
2019-06-20,13.66500,13.89250,13.57000,13.69250,1674800
2019-06-21,13.55000,13.75750,13.32250,13.32250,1972800
2019-06-24,13.47500,13.53000,13.05000,13.12000,2300800
2019-06-25,13.16500,13.38750,13.00000,13.21750,2281600
2019-06-26,13.08000,13.29250,13.08000,13.08750,1691600
2019-06-27,13.03750,13.31250,12.95000,13.25250,1600000
2019-06-28,13.32750,13.74750,13.29500,13.55000,5052000
2019-07-01,13.65000,13.79750,13.28750,13.43000,4006800
2019-07-02,13.13500,13.33000,13.10000,13.22750,2143600
2019-07-03,13.37000,13.51250,13.13250,13.44000,1547600
2019-07-05,13.47500,13.75000,13.34250,13.72250,2223200
2019-07-08,13.73750,13.84750,13.21500,13.23500,2200800
2019-07-09,13.26750,13.46250,13.20500,13.43500,1322800
2019-07-10,13.32500,13.47250,13.11750,13.15000,2158400
2019-07-11,13.16750,13.38750,13.16750,13.23000,1505200
2019-07-12,13.21250,13.26000,12.93250,13.05500,2077600
2019-07-15,13.06250,13.15250,12.75250,12.77250,2107200
2019-07-16,12.75000,13.02000,12.58000,12.58000,2698800
2019-07-17,12.50000,12.77500,12.08000,12.27500,8332000
2019-07-18,11.83250,12.61500,11.81250,12.50000,4370400
2019-07-19,12.30500,12.54750,12.30500,12.38750,2731200
2019-07-22,12.46750,12.48250,12.31500,12.32750,2704400
2019-07-23,12.22000,12.54500,12.22000,12.52250,1793200
2019-07-24,12.42000,12.53500,12.36500,12.46750,1116400
2019-07-25,12.50000,12.74750,12.43750,12.52500,2154400
2019-07-26,12.50500,12.74750,12.38250,12.67000,1445200
2019-07-29,12.67000,12.85500,12.54250,12.61250,1654800
2019-07-30,12.56000,12.80250,12.50000,12.74500,922400
2019-07-31,12.98750,12.98750,12.72250,12.81500,1664000
2019-08-01,12.81500,12.95250,12.52000,12.73750,2388400
2019-08-02,12.66500,12.70750,12.49000,12.53250,1791200
2019-08-05,12.27000,12.52500,12.15250,12.22000,2224000
2019-08-06,12.22500,12.30750,12.00250,12.18500,1620000
2019-08-07,12.00500,12.25000,11.87500,12.00000,2044800
2019-08-08,12.25000,12.25000,12.00500,12.11750,1520000
2019-08-09,11.91750,12.11250,11.45750,11.90500,3454000
2019-08-12,11.89500,11.99250,11.42500,11.46500,1316400
2019-08-13,11.36750,11.83500,11.36750,11.62250,1505600
2019-08-14,11.22750,11.57250,11.17500,11.35750,2012800
2019-08-15,11.30250,11.60750,11.17250,11.38250,1578800
2019-08-16,11.30750,11.76500,11.28500,11.69000,2163600
2019-08-19,11.97000,11.97000,11.71250,11.90750,1379600
2019-08-20,11.88250,11.97000,11.65750,11.68250,977600
2019-08-21,11.68250,11.82000,11.60250,11.69000,1238800
2019-08-22,11.85250,11.87250,11.50250,11.64750,1098400
2019-08-23,11.58000,11.75250,11.35000,11.35000,1342000
2019-08-26,11.55250,11.69000,11.12500,11.14750,1905200
2019-08-27,11.16250,11.32000,11.16250,11.26250,1136400
2019-08-28,11.14000,11.48750,11.14000,11.36500,1557600
2019-08-29,11.50750,11.69250,11.48000,11.51000,906000
2019-08-30,11.50750,11.80500,11.50000,11.80000,1142000
2019-09-03,11.80000,11.88250,11.60750,11.82750,2670000
2019-09-04,11.88750,12.07000,11.79250,11.82250,1515200
2019-09-05,11.99750,12.15250,11.87750,12.05250,1007600
2019-09-06,11.89000,12.28750,11.62000,12.25000,1821200
2019-09-09,12.25000,12.26500,12.04500,12.24250,970000
2019-09-10,12.27750,12.45250,12.10250,12.38750,1128800
2019-09-11,12.39500,12.73000,12.21250,12.72250,1600400
2019-09-12,12.56500,12.86500,12.50750,12.83750,1175200
2019-09-13,13.00000,13.09000,12.82250,12.93500,1162000
2019-09-16,13.06500,13.13500,12.79000,13.04250,931200
2019-09-17,13.04250,13.04250,12.87500,12.99750,960800
2019-09-18,12.64750,12.95500,12.59250,12.92500,1149200
2019-09-19,12.59750,13.11250,12.59750,12.94000,812000
2019-09-20,12.94000,13.14750,12.82250,13.03750,2238800
2019-09-23,12.59500,13.12000,12.55000,13.01000,800000
2019-09-24,13.13000,13.13000,12.51750,12.59750,1368000
2019-09-25,12.57750,12.98750,12.54500,12.93250,1608800
2019-09-26,12.73000,13.07000,12.34000,12.87750,3031200
2019-09-27,13.00500,13.34750,12.88500,13.34750,1904000
2019-09-30,13.28750,13.46750,13.07000,13.44500,1357600
2019-10-01,12.98500,12.98500,12.08250,12.18000,8978400
2019-10-02,12.25000,12.25250,11.47500,11.82750,5902800
2019-10-03,11.75000,11.98750,11.54750,11.72250,3403600
2019-10-04,11.88500,11.91000,11.46500,11.89750,1655600
2019-10-09,11.49250,11.50250,11.31250,11.36250,2369200
2019-10-10,11.40250,11.95000,11.40000,11.82750,2210000
2019-10-11,12.00250,12.10250,11.86500,11.98000,1520400
2019-10-14,11.86500,12.07250,11.69000,11.76000,1891200
2019-10-15,11.83000,11.98250,11.72250,11.86000,3649200
2019-10-16,11.53250,11.87250,11.22000,11.52500,5376000
2019-10-17,11.62250,11.81000,11.40500,11.44000,1680400
2019-10-18,11.44750,11.49500,11.13750,11.25000,2353200
2019-10-21,11.40000,11.45500,11.26500,11.29500,1211200
2019-10-22,11.33750,11.61500,11.20000,11.48000,1760400
2019-10-23,11.49500,11.53500,11.22500,11.31250,1370400
2019-10-24,11.34750,11.49000,11.23000,11.40500,1534800
2019-10-25,11.36750,11.71000,11.36000,11.63000,982800
2019-10-28,11.65250,11.98500,11.65250,11.92250,1122800
2019-10-29,11.88000,12.04500,11.85000,12.01750,1449600
2019-10-30,12.00250,12.20250,11.93000,12.07500,1796000
2019-10-31,12.06000,12.09250,11.80000,11.89250,1352000
2019-11-01,12.00000,12.17000,11.68500,11.74750,1800400
2019-11-04,11.81500,11.90500,11.34000,11.61000,2635200
2019-11-05,11.61250,11.67500,11.46000,11.58000,1318400
2019-11-06,11.59250,11.59250,11.28500,11.48750,1189600
2019-11-07,11.59250,11.78000,11.56000,11.63750,1227200
2019-11-08,11.64000,11.75500,11.46000,11.74000,953200
2019-11-11,11.64500,11.79250,11.46750,11.47500,1112000
2019-11-12,11.52250,11.74500,11.46750,11.56750,1470400
2019-11-13,11.47750,11.68000,11.44250,11.63000,1305200
2019-11-14,11.59750,11.72000,11.50750,11.65500,948400
2019-11-15,11.69000,11.79000,11.57250,11.62500,1266800
2019-11-18,11.60750,11.62000,11.43250,11.48500,1462800
2019-11-19,11.50250,11.78000,11.50250,11.72000,1405200
2019-11-20,11.70000,11.95000,11.68250,11.81000,2248400
2019-11-21,12.01250,12.06750,11.65000,11.70750,2310800
2019-11-22,11.72250,12.03000,11.72250,11.98500,1856400
2019-11-25,11.99750,12.43000,11.97500,12.34750,2138800
2019-11-26,12.27250,12.43250,12.16250,12.23500,1370400
2019-11-27,12.20750,12.40250,12.11750,12.31000,1145200
2019-11-29,12.32750,12.32750,12.08250,12.10500,623600
2019-12-02,12.25000,12.30250,11.69000,11.70750,2470000
2019-12-03,11.57000,11.62750,11.30500,11.56000,1812800
2019-12-04,11.57000,11.91750,11.57000,11.81000,2030800
2019-12-05,11.86250,11.89250,11.68000,11.89250,934400
2019-12-06,11.99750,12.09500,11.72250,11.80000,2205200
2019-12-09,11.79500,11.81250,11.52250,11.56750,2127600
2019-12-10,11.58750,11.73250,11.53500,11.61500,1264400
2019-12-11,11.61000,11.91750,11.61000,11.68750,1860000
2019-12-12,11.68750,12.10750,11.68250,12.02250,1235600
2019-12-13,12.00250,12.13250,11.64250,11.71500,1900000
2019-12-16,11.76500,11.88500,11.63000,11.66000,2014800
2019-12-17,11.73000,11.79250,11.64000,11.73000,2242800
2019-12-18,11.74500,11.85750,11.71000,11.74750,1982800
2019-12-19,11.69750,11.90000,11.69500,11.84750,2618800
2019-12-20,11.83750,12.02250,11.78250,11.82500,6592800
2019-12-23,11.81000,11.83000,11.66250,11.74000,1100000
2019-12-24,11.73250,11.84250,11.65750,11.67500,661200
2019-12-26,11.71250,11.86500,11.67500,11.82000,872000
2019-12-27,11.83750,11.88750,11.72000,11.78500,787600
2019-12-30,11.82750,11.91750,11.63500,11.64250,1013200
2019-12-31,11.64250,11.77000,11.48000,11.65500,1857200
2020-01-02,11.72250,12.01250,11.62500,11.95000,2277600
2020-01-03,11.79750,11.86750,11.62500,11.80500,2188800
2020-01-06,11.66500,11.87750,11.52500,11.85750,2723200
2020-01-07,11.88750,11.89750,11.76000,11.79250,1559600
2020-01-08,11.78000,12.04500,11.75750,12.02000,1436000
2020-01-09,12.11250,12.20750,12.00000,12.15250,972400
2020-01-10,12.20750,12.20750,11.98750,12.13000,1100000
2020-01-13,12.14250,12.31000,12.03750,12.26000,1398800
2020-01-14,12.27750,12.47250,12.19750,12.26000,1617600
2020-01-15,12.24500,12.34500,12.02500,12.14000,1321600
2020-01-16,12.25250,12.69250,12.24000,12.44750,2138000
2020-01-17,12.52750,12.68000,12.44250,12.53750,1934800
2020-01-21,12.53750,12.86000,12.47750,12.70750,2652000
2020-01-22,12.49250,12.62500,12.14000,12.29750,3945200
2020-01-23,12.19500,12.29250,12.04500,12.06000,2924400
2020-01-24,12.04500,12.09250,11.82750,11.91250,2685600
2020-01-27,11.71500,11.90500,11.57500,11.73750,2610400
2020-01-28,11.76250,11.91500,11.62000,11.73750,2004400
2020-01-29,11.77250,12.12250,11.74000,11.98750,1538000
2020-01-30,11.86750,12.14750,11.86750,12.14500,1220000
2020-01-31,12.05500,12.06000,11.64000,11.75000,2467600
2020-02-03,11.85250,12.81000,11.84500,12.79250,4438000
2020-02-04,12.86500,13.64250,12.86500,13.34000,4367200
2020-02-05,13.57500,13.57500,12.93750,13.03500,2232800
2020-02-06,13.07000,13.27000,12.86000,12.93250,2115600
2020-02-07,12.88500,12.97750,12.78250,12.93750,791200
2020-02-10,12.90750,13.36750,12.87500,13.36250,1825600
2020-02-11,13.52000,13.82250,13.38000,13.81000,3425200
2020-02-12,13.89000,13.89000,13.56500,13.80000,1455600
2020-02-13,13.77250,13.83000,13.62750,13.81750,1166800
2020-02-14,13.82000,13.86750,13.73500,13.78500,1048000
2020-02-18,13.72250,13.88500,13.60500,13.70500,1390800
2020-02-19,13.72750,14.04500,13.72750,13.96750,1573200
2020-02-20,14.40000,14.62500,14.09500,14.25000,4123600
2020-02-21,14.18500,14.18500,13.59500,13.76000,2444400
2020-02-24,13.25000,13.59250,13.06500,13.48750,2629200
2020-02-25,13.50000,13.53500,12.86250,13.07000,2344800
2020-02-26,13.16750,13.60500,13.15500,13.51500,3415200
2020-02-27,13.15250,13.85250,12.89500,12.91000,4248000
2020-02-28,12.57500,12.99750,12.26750,12.77500,5729200
2020-03-02,12.85000,13.66000,12.59500,13.55750,5248400
2020-03-03,13.56750,13.74750,12.86750,12.91500,4074800
2020-03-04,13.00250,13.02000,12.41500,12.64750,5710000
2020-03-05,12.30000,12.51750,11.89250,12.05750,4064000
2020-03-06,11.63500,12.06500,11.43250,12.00000,6570400
2020-03-09,11.04000,11.17750,10.17500,10.97750,4027600
2020-03-10,11.28000,11.74250,11.24000,11.66500,3598000
2020-03-11,11.30250,11.39500,11.00750,11.16500,4072000
2020-03-12,10.42500,10.98250,10.25000,10.35750,5460000
2020-03-13,10.85250,11.03250,9.95500,11.03000,6064400
2020-03-16,9.28000,10.48250,9.25500,9.97750,4292400
2020-03-17,10.27750,10.71250,9.90750,10.66500,4436800
2020-03-18,9.84000,10.67250,9.28500,9.56000,6306000
2020-03-19,9.32000,10.23250,9.11750,10.16750,3869200
2020-03-20,10.07250,10.71000,9.36000,9.47500,4162000
2020-03-23,9.49250,9.49250,8.42500,8.82000,4753600
2020-03-24,9.31250,10.24750,9.11500,10.18500,3966400
2020-03-25,10.25000,11.19500,10.21250,10.87250,3745200
2020-03-26,10.85000,11.23000,10.44250,10.78000,2312800
2020-03-27,10.55250,10.65000,10.13000,10.35500,2826800
2020-03-30,10.43000,10.73750,10.26250,10.55000,2526400
2020-03-31,10.41250,10.96000,10.32000,10.79250,3310800
2020-04-01,10.61250,10.94250,10.45750,10.81250,4350000
2020-04-02,10.80000,11.29000,10.66750,11.11000,3056000
2020-04-03,11.19750,11.35250,10.60250,10.67250,2300400
2020-04-06,11.01250,11.34500,10.97750,11.31250,2552000
2020-04-07,11.71500,11.79750,10.94000,10.99000,2168400
2020-04-08,11.07250,11.35250,10.92250,11.30000,1354400
2020-04-09,11.66250,11.83750,11.20750,11.38250,1842800
2020-04-13,11.33250,11.40500,11.02750,11.12250,1323600
2020-04-14,11.09500,11.42750,11.09500,11.33000,1393600
2020-04-15,11.02500,11.34500,11.00000,11.18500,1191600
2020-04-16,11.20250,11.40000,10.91500,11.38000,3022000
2020-04-17,11.72000,11.79000,11.34500,11.48250,1793600
2020-04-20,11.23500,11.65000,11.08500,11.09250,3318400
2020-04-21,11.08500,11.16250,10.48500,10.79750,3828400
2020-04-22,9.93750,10.04750,9.60250,9.84750,14296400
2020-04-23,10.04500,10.06000,9.62500,9.80250,4958000
2020-04-24,9.80500,9.81500,9.51250,9.65500,3576000
2020-04-27,9.73750,10.09250,9.56500,10.03000,4816000
2020-04-28,10.27500,10.27750,9.78750,9.87750,4723600
2020-04-29,10.03500,10.51000,9.97000,10.41250,4873600
2020-04-30,10.30000,10.30500,10.08500,10.25000,2574000
2020-05-01,10.22000,10.31000,9.98500,10.25750,2193200
2020-05-04,10.13250,10.26250,10.04250,10.14750,1694400
2020-05-05,10.32750,10.34250,10.03500,10.06500,1584400
2020-05-06,10.16000,10.25250,10.00250,10.04250,2126000
2020-05-07,10.15000,10.27000,10.07500,10.11750,1847200
2020-05-08,10.19000,10.34250,10.08750,10.28250,2680800
2020-05-11,10.21500,10.34750,10.05250,10.05750,2280000
2020-05-12,10.08500,10.16000,9.63250,9.65250,2343200
2020-05-13,9.58500,9.61750,9.22750,9.28000,2687600
2020-05-14,9.15500,9.43750,9.06250,9.42000,2452400
2020-05-15,9.37000,9.39500,9.25250,9.31000,2199200
2020-05-18,9.44750,9.84750,9.44750,9.77500,2494800
2020-05-19,9.75250,9.81000,9.60000,9.61250,2315600
2020-05-20,9.97500,9.99250,9.69750,9.79750,2625200
2020-05-21,9.73500,9.79250,9.64000,9.74000,2393200
2020-05-22,9.75500,9.81750,9.55750,9.70500,1418000
2020-05-26,9.96000,10.22250,9.94250,10.13250,2330400
2020-05-27,10.36000,10.87750,10.29000,10.87500,3322400
2020-05-28,10.93250,10.96500,10.64750,10.71500,1536000
2020-05-29,10.55250,10.74250,10.36250,10.58750,2252000
2020-06-01,10.61750,10.72500,10.54500,10.67250,3124400
2020-06-02,10.82250,10.91250,10.60750,10.72500,2357200
2020-06-03,10.95750,11.12250,10.77500,10.98000,2698800
2020-06-04,10.85250,11.00000,10.61250,10.86250,5280000
2020-06-05,11.30250,11.37000,10.86750,10.87000,3425200
2020-06-08,11.07750,11.30750,10.89500,11.26250,3759200
2020-06-09,11.06500,11.23750,10.67500,11.03250,3481600
2020-06-10,11.07000,11.12250,10.47750,10.57750,3834000
2020-06-11,10.20000,10.53750,10.13250,10.31250,3645600
2020-06-12,10.71250,10.71250,10.13250,10.38500,2917200
2020-06-15,10.11750,10.69000,10.11750,10.61250,2689600
2020-06-16,10.64500,10.90750,10.60500,10.81500,2763200
2020-06-17,10.87750,10.87750,10.56750,10.60000,2078400
2020-06-18,10.50250,10.71500,10.50250,10.58000,2335200
2020-06-19,10.74500,10.79250,10.36000,10.39000,3663600
2020-06-22,10.29500,10.52750,10.23500,10.32250,2955600
2020-06-23,10.58750,10.77500,10.48250,10.50000,4013600
2020-06-24,10.39250,10.46250,10.23250,10.24500,1855200
2020-06-25,10.24500,10.56500,10.21500,10.49000,2573600
2020-06-26,10.37250,10.37250,9.97250,10.05750,4139200
2020-06-29,10.12750,10.34500,10.04750,10.33250,1960000
2020-06-30,10.31250,10.48750,10.29500,10.44250,2221600
2020-07-01,10.36750,10.84500,10.30250,10.56250,4529600
2020-07-02,10.76750,10.92000,10.63500,10.75250,3562000
2020-07-06,11.08750,11.50750,11.02000,11.25750,5397600
2020-07-07,11.21000,11.75500,11.14750,11.71750,5535600
2020-07-08,11.81000,12.19000,11.80750,12.17500,4260800
2020-07-09,12.20500,12.25500,11.94500,12.21250,2872000
2020-07-10,12.16250,12.32250,12.02250,12.30750,2630000
2020-07-13,12.42500,12.76250,12.37500,12.39500,3403600
2020-07-14,12.35750,12.80000,12.32000,12.76250,3694000
2020-07-15,12.93250,13.38750,12.92000,13.30500,3290000
2020-07-16,12.53250,13.16750,12.53000,12.98250,3556800
2020-07-17,13.03250,13.17000,12.81000,12.84250,2102000
2020-07-20,13.03000,13.06250,12.81500,12.87250,2460400
2020-07-21,12.89500,13.08250,12.53000,12.83750,4606000
2020-07-22,12.35000,13.06250,12.34750,12.89000,5152800
2020-07-23,12.60250,12.78750,12.22000,12.49250,3322800
2020-07-24,12.39250,12.52500,12.28750,12.34500,2067200
2020-07-27,12.30000,12.55000,12.21750,12.51500,1868400
2020-07-28,12.45500,12.53750,12.37000,12.38250,2529200
2020-07-29,12.44500,12.65750,12.28750,12.57250,2679600
2020-07-30,12.35000,12.54500,12.23250,12.43250,1618000
2020-07-31,12.43000,12.47500,12.24000,12.40000,2868400
2020-08-03,12.50000,12.80250,12.43250,12.67250,2306000
2020-08-04,12.68750,12.78250,12.58750,12.73250,1954000
2020-08-05,12.83250,13.03500,12.73500,12.96250,1628000
2020-08-06,12.97000,12.99250,12.66250,12.70500,1146000
2020-08-07,12.69750,12.81500,12.59250,12.80250,1068400
2020-08-10,12.86750,12.86750,12.37000,12.38750,2663200
2020-08-11,12.45500,12.68500,12.41750,12.44500,1702000
2020-08-12,12.60250,12.87500,12.60250,12.79500,1486000
2020-08-13,12.74500,12.78500,12.61000,12.68750,1000000
2020-08-14,12.72750,13.09250,12.61250,13.04000,2411200
2020-08-17,13.03750,13.18000,12.90250,12.98250,1785200
2020-08-18,12.97000,13.10000,12.75500,12.97500,1363600
2020-08-19,13.03000,13.28500,13.00750,13.12250,1468000
2020-08-20,12.98250,13.15000,12.89000,13.06750,1452400
2020-08-21,12.98250,13.06750,12.76500,12.87500,1528000
2020-08-24,12.94250,13.03750,12.89750,12.98500,1342400
2020-08-25,13.08250,13.08250,12.89250,12.95000,1404800
2020-08-26,12.96750,13.20750,12.88250,13.16750,2101200
2020-08-27,13.21000,13.30500,13.11250,13.26250,2160000
2020-08-28,13.33000,13.33000,13.19750,13.32000,2223600
2020-08-31,13.32000,13.36000,13.22750,13.25500,1864400
2020-09-01,13.21500,13.32750,13.07000,13.32500,1867200
2020-09-02,13.34000,13.41250,13.28000,13.32000,2374000
2020-09-03,13.32500,13.36750,13.06250,13.21000,3157200
2020-09-04,13.42250,13.42250,12.85000,12.97250,1853200
2020-09-08,12.81750,12.81750,12.08250,12.10000,2760000
2020-09-09,12.18000,12.23750,11.95250,11.97250,3044000
2020-09-10,11.97750,12.02250,11.75250,11.77500,2358400
2020-09-11,11.90000,12.02250,11.80500,11.84000,2841600
2020-09-14,11.86250,12.03750,11.84500,11.91750,1643600
2020-09-15,11.91750,11.93000,11.75000,11.80500,2616000
2020-09-16,11.81500,11.99500,11.73250,11.91250,2078400
2020-09-17,11.72750,11.97000,11.67250,11.92250,1750400
2020-09-18,11.88500,12.05500,11.88500,12.01500,5449200
2020-09-21,11.94500,11.98000,11.73250,11.97500,2409200
2020-09-22,11.96500,12.23750,11.91250,12.19000,3718400
2020-09-23,12.20750,12.25000,11.74000,11.76750,1743200
2020-09-24,11.73750,11.91250,11.64500,11.72500,1345200
2020-09-25,11.63250,11.90750,11.60750,11.86750,1003600
2020-09-28,12.00500,12.18500,12.00500,12.09250,1786800
2020-09-29,12.12500,12.12500,11.99750,12.02500,2109600
2020-09-30,12.07750,12.23750,11.96750,12.08250,2164400
2020-10-01,12.12750,12.24500,12.06250,12.14500,1992000
2020-10-02,11.98250,12.39000,11.98250,12.23250,2927200
2020-10-05,12.29000,12.42250,12.26750,12.40000,1602400
2020-10-06,12.37500,12.75000,12.37500,12.51750,2007200
2020-10-07,12.64000,12.77500,12.53750,12.65250,1207600
2020-10-08,12.77000,12.88000,12.65000,12.85750,1554800
2020-10-09,12.80000,12.93250,12.64500,12.66500,1267600
2020-10-12,12.81000,13.01750,12.75000,12.86250,1506000
2020-10-13,12.86250,12.97000,12.68250,12.69250,1457200
2020-10-14,12.69750,12.74750,12.38750,12.39500,2019200
2020-10-15,12.29250,12.57500,12.29250,12.52250,1404000
2020-10-16,12.52000,12.70250,12.51000,12.61000,1244800
2020-10-19,12.60750,12.66250,12.32000,12.33500,1296000
2020-10-20,12.40250,12.70000,12.30000,12.45000,3168000
2020-10-21,12.06250,12.65750,12.06250,12.37750,3656400
2020-10-22,12.34750,12.49750,12.03000,12.42000,1740000
2020-10-23,12.42000,12.44000,12.26500,12.35250,1225600
2020-10-26,12.25750,12.25750,11.91250,12.06750,1518800
2020-10-27,12.00000,12.14500,11.99000,12.00750,1221200
2020-10-28,11.84500,12.10250,11.74250,12.01500,2841600
2020-10-29,11.83000,12.05750,11.75500,11.94000,1643200
2020-10-30,11.87000,11.96500,11.67750,11.89250,2012000
2020-11-02,11.97750,12.31250,11.86250,11.95500,2439200
2020-11-03,12.11250,12.31000,12.08500,12.19000,1857600
2020-11-04,12.13250,12.22500,11.87500,12.06750,1534000
2020-11-05,12.08500,12.39250,12.08500,12.31250,1605200
2020-11-06,12.36500,12.36500,12.14500,12.17500,1166800
2020-11-09,12.64000,12.87250,12.27000,12.37250,2588400
2020-11-10,12.36000,12.74750,12.23250,12.74000,2612000
2020-11-11,12.71250,12.95250,12.70500,12.88000,2148400
2020-11-12,12.78500,12.96250,12.60250,12.94000,2686000
2020-11-13,12.97500,13.42500,12.93250,13.39500,3020800
2020-11-16,13.50500,13.73500,13.32000,13.67000,2671600
2020-11-17,13.55250,13.93750,13.46750,13.81000,2617600
2020-11-18,13.90750,13.90750,13.14750,13.19000,2810000
2020-11-19,13.24000,13.42500,13.15500,13.34750,1648000
2020-11-20,13.35500,13.41500,13.19250,13.24500,5377200
2020-11-23,13.27250,13.47500,13.14000,13.16000,2296000
2020-11-24,13.22250,13.29000,13.03250,13.19250,2300800
2020-11-25,13.20000,13.23250,13.09000,13.16000,1737600
2020-11-27,13.15500,13.65500,13.01500,13.52750,1845600
2020-11-30,13.50250,13.53250,13.04500,13.19000,3544400
2020-12-01,13.41250,13.65000,13.27750,13.49500,4195600
2020-12-02,13.65750,13.85250,13.46750,13.70250,2760400
2020-12-03,13.73500,13.73500,13.59000,13.68000,1944400
2020-12-04,13.76500,13.97250,13.67500,13.76750,1786800
2020-12-07,13.56250,13.72000,13.26500,13.36750,3834400
2020-12-08,13.30000,13.54500,13.23000,13.53500,3305200
2020-12-09,13.74250,14.10000,13.54750,13.93000,2999200
2020-12-10,13.83250,14.00000,13.67500,13.98500,2779200
2020-12-11,13.90500,13.91000,13.56750,13.77250,1611600
2020-12-14,13.89500,13.96000,13.50000,13.59750,2890800
2020-12-15,13.78500,14.18000,13.65000,14.18000,2908000
2020-12-16,14.23000,14.58000,14.14000,14.56250,2300800
2020-12-17,14.65250,15.05000,14.52000,15.04500,3736800
2020-12-18,15.07250,15.09250,14.70500,14.78750,8962000
2020-12-21,14.68500,14.73250,14.30750,14.73000,2421600
2020-12-22,14.74750,15.20000,14.67250,15.11000,3004800
2020-12-23,15.06250,15.33750,15.04750,15.21500,2534000
2020-12-24,15.30500,15.30500,15.10250,15.27000,1014000
2020-12-28,15.40000,15.62000,15.34250,15.57750,2382800
2020-12-29,15.65750,15.73750,15.25500,15.39000,2954400
2020-12-30,15.40750,15.49250,15.01500,15.03000,2058800
2020-12-31,15.07000,15.29750,14.94500,15.23000,1351600
2021-01-04,15.37250,15.50000,14.99750,15.30750,2736800
2021-01-05,15.32750,15.84000,15.27500,15.79000,4374400
2021-01-06,15.84750,17.13250,15.84500,16.72750,7665600
2021-01-07,16.88750,17.65500,16.77000,17.29500,6076400
2021-01-08,17.33250,17.96750,17.25000,17.47000,4040800
2021-01-11,17.29000,17.31500,16.98250,17.21250,2581600
2021-01-12,17.38000,17.44500,17.21750,17.35000,2971600
2021-01-13,17.34000,17.66250,17.30750,17.40250,2629200
2021-01-14,17.57000,17.60750,17.13500,17.17500,2054800
2021-01-15,17.07250,17.36750,16.80750,17.25500,2531600
2021-01-19,17.37500,17.72500,17.22250,17.42500,4898400
2021-01-20,17.47500,17.54500,16.84500,17.02000,4699600
2021-01-21,16.97500,17.30500,16.76250,17.28500,3190400
2021-01-22,17.02750,17.46250,17.02750,17.21250,3082800
2021-01-25,17.47000,17.50000,16.65500,16.87500,4978800
2021-01-26,16.78250,16.92000,16.23250,16.48000,3862400
2021-01-27,16.14250,16.24750,15.71250,15.78250,6226400
2021-01-28,15.87250,16.01000,15.53000,15.87750,6026400
2021-01-29,15.82500,15.96500,14.77000,15.29750,11842400
2021-02-01,15.47500,16.54000,15.37250,16.38000,10354800
2021-02-02,16.71250,17.48500,16.45000,17.08250,6559200
2021-02-03,17.02250,17.24500,16.87250,17.20750,5122800
2021-02-04,17.32250,17.44250,17.07250,17.41500,2138800
2021-02-05,17.43000,18.13500,17.32000,17.98000,4919200
2021-02-08,18.11500,18.11500,17.56500,17.99500,3462400
2021-02-09,18.05000,18.46750,17.89000,18.20000,3162400
2021-02-10,18.24000,18.36250,17.87000,17.96750,2258800
2021-02-11,17.89750,17.99750,17.56250,17.86250,2578000
2021-02-12,17.68250,18.22250,17.67500,18.16750,1884000
2021-02-16,18.24500,18.96750,18.15250,18.66250,3027600
2021-02-17,18.57000,18.64250,18.08250,18.56000,2335600
2021-02-18,18.30500,18.75750,18.30500,18.64000,2170000
2021-02-19,18.96500,19.04000,18.48750,18.63250,3074400
2021-02-22,18.63750,18.72250,18.31250,18.38000,1944800
2021-02-23,18.18500,18.23500,17.70250,18.12000,2965600
2021-02-24,18.19500,18.79750,18.06250,18.79000,2393200
2021-02-25,18.91750,19.16750,18.45250,18.52500,2702800
2021-02-26,18.43250,18.60500,17.66250,18.09750,4302000
2021-03-01,18.47500,19.41250,18.40500,19.19250,3889200
2021-03-02,19.13500,19.38500,18.68250,18.94500,3258000
2021-03-03,18.97250,19.37750,18.69250,19.00750,3611200
2021-03-04,19.00250,19.07500,18.28750,18.70000,4248000
2021-03-05,19.03500,19.15000,17.87250,18.80000,3907600
2021-03-08,18.96000,19.23500,18.74000,18.96500,1962400
2021-03-09,19.15500,19.89500,18.87500,19.72000,4118400
2021-03-10,19.99250,20.14250,19.47500,19.60000,2779600
2021-03-11,19.64250,19.89250,19.34500,19.70250,1652800
2021-03-12,19.77000,19.88000,19.49250,19.72000,1982400
2021-03-15,19.83500,19.83500,19.35250,19.66000,1966000
2021-03-16,19.67500,19.74500,19.03000,19.18000,2980400
2021-03-17,19.13750,19.60000,19.07750,19.37000,2502400
2021-03-18,19.38000,19.74750,19.29750,19.50750,2332800
2021-03-19,19.47500,19.78500,19.27750,19.61500,3333600
2021-03-22,19.55000,19.87500,19.36000,19.50250,3891200
2021-03-23,19.45500,19.62500,18.98000,19.06000,1895600
2021-03-24,19.12500,19.43250,18.61500,18.66250,5691600
2021-03-25,18.52000,18.64500,17.91250,18.45500,4866800
2021-03-26,18.72000,18.75250,18.08250,18.25000,5031600
2021-03-29,18.07250,18.24500,17.80750,18.13500,5146800
2021-03-30,18.19750,18.29000,17.89500,18.08000,2538800
2021-03-31,18.07500,18.45750,18.07500,18.26000,2672800
2021-04-01,18.28750,18.68500,18.26000,18.41750,3231600
2021-04-05,18.65750,19.12750,18.58750,18.78000,3404400
2021-04-06,18.77000,18.92500,18.60000,18.68500,2136800
2021-04-07,18.65750,18.70250,18.25000,18.50250,3615200
2021-04-08,18.55750,18.61750,18.29750,18.40750,2398000
2021-04-09,18.42250,18.70000,18.26000,18.61750,3018800
2021-04-12,18.65000,18.72500,18.41000,18.51750,1968800
2021-04-13,18.57500,18.71750,18.30250,18.34750,2706400
2021-04-14,18.43750,18.91250,18.37750,18.81000,4181600
2021-04-15,18.84000,19.39250,18.61000,19.16500,5596400
2021-04-16,19.19750,19.36750,19.01500,19.13750,2003600
2021-04-19,19.10250,19.40000,19.09750,19.34000,2945200
2021-04-20,19.23750,19.36000,18.36750,18.56250,3261200
2021-04-21,18.58000,19.06500,18.04250,18.35750,7444000
2021-04-22,18.36500,18.42000,17.70250,17.72250,6025200
2021-04-23,17.74500,18.48750,17.52750,18.32500,4681200
2021-04-26,18.39000,18.46250,18.04750,18.08750,2394000
2021-04-27,18.08500,18.20750,18.01750,18.10000,1538800
2021-04-28,18.11000,18.28750,17.90500,17.98750,2727600
2021-04-29,18.15750,18.33500,17.97250,18.31250,2437200
2021-04-30,18.17500,18.21250,17.80000,17.88000,2120400
2021-05-03,18.11750,18.14750,17.55500,17.60750,2650400
2021-05-04,17.62500,17.68000,17.20750,17.60000,5110400
2021-05-05,17.70000,17.74250,17.36750,17.50500,3279600
2021-05-06,17.53250,17.64250,17.16750,17.40500,2248400
2021-05-07,17.30250,17.64500,17.26250,17.40000,3474400
2021-05-10,17.50000,17.55500,16.94000,16.98000,4309600
2021-05-11,16.72750,17.08000,16.59750,16.78750,3436000
2021-05-12,16.89000,16.96250,16.40250,16.45750,3924800
2021-05-13,16.46500,16.96750,16.46500,16.84500,4568000
2021-05-14,16.93500,17.42500,16.87500,17.26000,2072400
2021-05-17,17.18000,17.21500,16.94500,17.16500,1733200
2021-05-18,17.17250,17.20750,16.81500,16.83250,1465600
2021-05-19,16.65750,16.70500,16.36500,16.63750,3720400
2021-05-20,16.61000,16.81250,16.48500,16.69000,3792800
2021-05-21,16.75500,16.97250,16.71500,16.79000,2871600
2021-05-24,16.52250,16.99750,16.52250,16.72000,2394000
2021-05-25,16.79000,16.99250,16.69500,16.72750,2238400
2021-05-26,16.73250,16.98500,16.67500,16.81500,2853200
2021-05-27,16.92750,17.05250,16.70750,16.72500,3194400
2021-05-28,16.75000,16.95500,16.65750,16.81500,3755600
2021-06-01,16.93250,17.03500,16.73000,16.92500,8758400
2021-06-02,16.88500,16.91500,16.57250,16.77250,8090400
2021-06-03,16.77250,17.35000,16.63250,17.31500,15974000
2021-06-04,17.31500,17.47500,17.01500,17.05750,8145600
2021-06-07,17.14750,17.14750,16.71500,16.72000,5377200
2021-06-08,16.73000,16.90000,16.52500,16.73500,4341600
2021-06-09,16.69750,17.03750,16.29000,16.31000,8833200
2021-06-10,16.43000,16.53500,16.16750,16.38500,2963600
2021-06-11,16.41500,16.52250,16.20750,16.36750,4044800
2021-06-14,16.53500,16.53500,16.08250,16.13250,2954000
2021-06-15,16.13500,16.32250,16.06500,16.19750,2001200
2021-06-16,16.16500,16.40500,16.00750,16.38250,3466800
2021-06-17,16.38250,16.60000,16.15500,16.25000,4670800
2021-06-18,16.04000,16.20500,15.77000,15.81500,4212400
2021-06-21,15.94250,16.05250,15.77000,16.02250,3001200
2021-06-22,15.97250,16.16000,15.85750,16.03750,2540800
2021-06-23,16.06500,16.35250,16.05000,16.27000,2421200
2021-06-24,16.28000,16.41000,16.20000,16.39250,2179200
2021-06-25,16.45750,16.77500,16.41000,16.65500,4212400
2021-06-28,16.66250,16.71250,16.23750,16.34250,2174000
2021-06-29,16.49250,16.59750,16.34750,16.55250,2559200
2021-06-30,16.48250,16.53500,16.29250,16.43250,2401600
2021-07-01,16.54000,16.77500,16.45250,16.54500,4778400
2021-07-02,16.51500,16.59000,16.29500,16.38750,4770800
2021-07-06,16.34500,16.34500,15.91750,16.12750,2160800
2021-07-07,16.19750,16.27000,15.92250,16.09750,1880400
2021-07-08,15.76000,16.00250,15.63500,15.85000,2684000
2021-07-09,16.04750,16.38250,15.93750,16.32500,2402000
2021-07-12,16.24500,16.44750,16.16750,16.23750,1898000
2021-07-13,16.26000,16.26000,15.91250,16.09500,2334400
2021-07-14,16.12250,16.30000,15.85750,15.95500,2103600
2021-07-15,15.88500,16.09250,15.81500,15.96750,1852000
2021-07-16,15.93000,16.00500,15.72500,15.74250,2392400
2021-07-19,15.59750,15.79250,15.40250,15.50750,3170400
2021-07-20,15.57250,15.96000,15.51250,15.70500,3224400
2021-07-21,15.42250,15.89250,15.38250,15.78500,3161600
2021-07-22,15.72250,15.77750,15.29500,15.32000,5355600
2021-07-23,15.33500,15.46750,15.18500,15.20750,2380800
2021-07-26,15.16750,15.32000,15.07250,15.16250,3304400
2021-07-27,15.03750,15.18250,14.94250,15.11250,2447200
2021-07-28,15.12250,15.50750,15.03250,15.41250,2210800
2021-07-29,15.47250,15.61500,15.28000,15.57750,1984000
2021-07-30,15.50000,15.82000,15.39750,15.46500,2269600
2021-08-02,15.51500,15.81750,15.51500,15.71500,3505200
2021-08-03,15.77750,15.77750,15.24250,15.33000,2129200
2021-08-04,15.26500,15.62000,15.13000,15.49000,1940000
2021-08-05,15.58250,15.72000,15.44250,15.61250,1903200
2021-08-06,15.69500,15.89500,15.57750,15.87750,1910400
2021-08-09,15.91750,16.07750,15.75750,15.95500,1419600
2021-08-10,15.97500,16.05500,15.73500,15.94750,2991600
2021-08-11,15.95000,16.07000,15.82250,15.98000,1976400
2021-08-12,15.98500,15.99500,15.76750,15.86750,1787600
2021-08-13,15.84500,15.89250,15.61250,15.80250,2126800
2021-08-16,15.68250,15.68250,15.41500,15.63500,1517200
2021-08-17,15.54500,15.54500,15.27000,15.43250,1765200
2021-08-18,15.40750,15.63500,15.31250,15.40000,1984400
2021-08-19,15.32250,15.41250,15.05250,15.21750,1770400
2021-08-20,15.20750,15.51000,15.09250,15.49000,3322000
2021-08-23,15.61750,15.69000,15.50500,15.58750,2025600
2021-08-24,15.58000,15.80750,15.50750,15.76250,1582400
2021-08-25,15.85250,16.04000,15.76750,16.00750,1880400
2021-08-26,16.00000,16.03250,15.92500,15.93750,1910800
2021-08-27,15.96500,16.32250,15.96250,16.31000,2127200
2021-08-30,16.31250,16.33500,16.05750,16.10750,2492800
2021-08-31,16.12500,16.20250,16.03750,16.16000,2699600
2021-09-01,16.23000,16.42250,16.06500,16.33500,3239200
2021-09-02,16.37500,16.37500,16.03500,16.15750,2329200
2021-09-03,16.19500,16.32250,16.12000,16.12500,1840800
2021-09-07,16.18000,16.27750,16.10250,16.15750,3552400
2021-09-08,16.15000,16.15750,15.73500,15.76250,2018800
2021-09-09,15.73500,16.01000,15.69500,15.79000,1899600
2021-09-10,15.82500,15.84750,15.63750,15.70000,2006000
2021-09-13,15.75750,15.82500,15.48250,15.54500,2752400
2021-09-14,15.56750,15.60250,15.25250,15.35000,2632400
2021-09-15,15.31750,15.59000,15.27750,15.41500,2828400
2021-09-16,15.41500,15.53250,15.24000,15.36500,2751600
2021-09-17,15.42250,15.51000,15.26250,15.38500,7181200
2021-09-20,15.17500,15.18500,14.71000,14.91500,3893600
2021-09-21,14.96500,15.10500,14.82500,14.84750,2499200
2021-09-22,14.88000,15.12750,14.88000,15.06250,1802000
2021-09-23,15.11500,15.58000,15.08750,15.54750,2236400
2021-09-24,15.45500,15.70750,15.45000,15.68250,1674800
2021-09-27,15.76250,16.43250,15.72500,16.42250,3992800
2021-09-28,16.41750,16.52000,16.29750,16.30250,4629600
2021-09-29,16.25000,16.33250,16.08500,16.18750,4959200
2021-09-30,16.24000,16.34750,15.57750,15.58500,7296800
2021-10-01,15.62500,16.26250,15.59000,16.13000,2930400
2021-10-04,16.16000,16.26250,15.91500,15.97500,3573200
2021-10-05,16.05000,16.77750,15.97500,16.77500,4421200
2021-10-06,16.61250,17.34000,16.61250,17.30500,5369600
2021-10-07,17.34000,17.92750,17.33750,17.65250,4060000
2021-10-08,17.64750,18.01250,17.53000,17.91500,2434400
2021-10-11,17.96750,18.06250,17.89000,17.97750,2514000
2021-10-12,17.97500,18.32750,17.85750,17.94000,3049600
2021-10-13,17.90750,18.07000,17.65250,17.75500,3744800
2021-10-14,17.93500,17.93500,17.42000,17.71000,3704800
2021-10-15,17.81750,18.09000,17.76500,17.77250,2689600
2021-10-18,17.67750,18.21750,17.57500,17.90500,5344800
2021-10-19,18.00500,18.45000,17.86750,18.43250,3658800
2021-10-20,18.13750,18.77750,18.11250,18.75000,5157600
2021-10-21,18.48250,18.78000,18.33250,18.52500,3218800
2021-10-22,18.56500,18.64250,18.33500,18.62000,2386800
2021-10-25,18.64250,18.81250,18.47750,18.48250,1995200
2021-10-26,18.52750,18.65250,18.18000,18.18250,2579200
2021-10-27,18.07750,18.22750,17.81500,17.93750,2038000
2021-10-28,17.91500,17.94750,17.47250,17.65000,3555200
2021-10-29,17.44500,17.76000,17.44500,17.71250,1936400
2021-11-01,17.84750,18.62750,17.72000,18.60000,7484000
2021-11-02,18.64000,18.64000,18.27750,18.56500,5466400
2021-11-03,18.57750,19.07250,18.51250,18.88000,3008000
2021-11-04,18.95250,18.95250,18.48750,18.64250,1993200
2021-11-05,18.75000,18.89500,18.39250,18.45500,2419200
2021-11-08,18.48000,18.67750,18.29750,18.41250,1804800
2021-11-09,18.09500,18.39500,18.00000,18.24750,1404000
2021-11-10,18.18250,18.44500,18.08750,18.31000,1943600
2021-11-11,18.20500,18.52500,18.20500,18.29750,1641600
2021-11-12,18.25250,18.38750,18.13250,18.35250,1555600
2021-11-15,18.43250,18.79000,18.34750,18.50750,2657600
2021-11-16,18.50750,18.71500,18.38500,18.58500,1942400
2021-11-17,18.58500,18.58500,18.35000,18.48250,2152400
2021-11-18,18.50000,18.68500,18.32500,18.66250,2432000
2021-11-19,18.55750,18.93750,18.50750,18.64000,3620400
2021-11-22,18.75250,19.22000,18.75000,19.02750,3676400
2021-11-23,19.00000,19.20750,18.67250,19.17500,4473600
2021-11-24,19.18500,19.63250,18.98000,19.34500,4525200
2021-11-26,18.78000,18.85250,18.45000,18.58250,2456800
2021-11-29,18.78500,18.97500,18.57000,18.83750,2523200
2021-11-30,18.58500,18.71250,18.41000,18.45500,4969600
2021-12-01,18.67750,19.22000,18.64750,18.75250,5562800
2021-12-02,18.84000,19.19750,18.56500,19.12750,4923200
2021-12-03,19.21250,19.22500,18.50000,18.72750,4193200
2021-12-06,18.78250,19.08500,18.61500,18.87500,2800400
2021-12-07,19.12250,19.38250,19.05250,19.19250,2663200
2021-12-08,19.14750,19.36500,19.02500,19.28750,2873200
2021-12-09,19.20250,19.24500,19.00250,19.09750,3384000
2021-12-10,19.10500,19.18750,18.80250,19.05750,2905600
2021-12-13,18.95250,19.06000,18.75750,18.79500,2807200
2021-12-14,18.71000,19.06000,18.65750,18.99000,2844000
2021-12-15,19.04250,19.19750,18.72250,19.12750,2424800
2021-12-16,19.56000,20.27250,19.45000,19.65250,5260400
2021-12-17,19.60750,19.63750,19.17250,19.28500,5963600
2021-12-20,19.00500,19.07750,18.53000,18.76750,3005600
2021-12-21,19.08750,19.40250,19.03250,19.33500,2217200
2021-12-22,19.29500,19.70500,19.04500,19.69000,1905200
2021-12-23,19.79750,20.08000,19.72000,20.00000,1964800
2021-12-27,20.04500,20.33250,19.91750,20.32000,1668800
2021-12-28,20.39000,20.70750,20.31000,20.36000,2580000
2021-12-29,20.36000,20.40750,20.18750,20.24000,1371200
2021-12-30,20.29000,20.38500,20.00500,20.02000,1702400
2021-12-31,19.98750,20.01500,19.82750,19.85500,1670800
2022-01-03,20.00000,20.22000,19.19250,19.57000,5826000
2022-01-04,19.62750,20.24000,19.62000,19.76500,4455600
2022-01-05,19.87750,19.90500,19.10250,19.11000,3515200
2022-01-06,19.21500,19.37250,19.07000,19.32500,3650000
2022-01-07,19.36000,19.40750,19.18250,19.30750,2376000
2022-01-10,19.12250,19.21500,18.76250,18.98750,3701200
2022-01-11,19.06250,19.36000,18.90000,19.35250,2639600
2022-01-12,19.33250,19.51500,19.25250,19.33750,2412400
2022-01-13,19.36750,19.38250,18.89000,18.91750,2834800
2022-01-14,18.67500,18.73500,18.32750,18.68750,2884800
2022-01-18,18.47500,18.64500,17.94750,17.98250,5366400
2022-01-19,18.45750,18.78750,17.96000,18.03750,6250800
2022-01-20,18.12500,18.67250,18.00500,18.06000,4921200
2022-01-21,17.89500,17.89750,17.24250,17.32750,4828400
2022-01-24,17.00250,17.05750,16.20500,17.00000,5710000
2022-01-25,16.67000,16.81750,16.37000,16.43250,5163600
2022-01-26,16.66250,16.93750,16.34250,16.50000,5436000
2022-01-27,16.63250,16.73750,16.07500,16.21000,5158800
2022-01-28,16.05750,16.47000,15.95750,16.46750,2724400
2022-01-31,16.45500,17.06250,16.33750,17.04750,5084000
2022-02-01,17.03750,17.58250,16.83000,17.55750,4023600
2022-02-02,17.61000,17.95000,17.58500,17.75750,3698000
2022-02-03,17.50000,17.81500,17.49750,17.55250,3407200
2022-02-04,17.44000,18.36250,17.38500,18.24250,2972800
2022-02-07,18.25000,18.53500,18.16500,18.21000,2689600
2022-02-08,18.24000,18.52750,18.23500,18.41000,2456400
2022-02-09,18.62000,18.78250,18.50000,18.59250,1733200
2022-02-10,18.42500,19.17500,18.36750,18.59000,3513600
2022-02-11,18.62250,18.83500,18.17250,18.27750,3032800
2022-02-14,18.16500,18.34000,17.92000,18.05000,2077200
2022-02-15,18.28750,18.50000,18.22250,18.47500,2473600
2022-02-16,18.40000,18.75000,18.35500,18.69500,2013200
2022-02-17,18.55000,18.55000,17.64500,17.79000,2898400
2022-02-18,17.75250,17.84500,17.41500,17.54000,2291600
2022-02-22,17.32500,17.59500,16.99250,17.06750,3399600
2022-02-23,17.16500,17.28500,16.40500,16.45250,3331600
2022-02-24,15.75000,16.73750,15.46000,16.69500,4972800
2022-02-25,16.85750,17.19500,16.70000,17.13500,3417200
2022-02-28,16.68750,16.84000,16.35750,16.54500,3280800
2022-03-01,16.42500,16.57250,15.51250,15.56750,5272800
2022-03-02,15.77250,16.06000,15.65250,15.94000,3041200
2022-03-03,15.99500,16.06500,15.16750,15.30750,3837200
2022-03-04,15.00500,15.06000,14.53000,14.67000,6228000
2022-03-07,14.59000,14.84000,14.23750,14.28250,5322400
2022-03-08,14.41500,15.23250,14.24500,14.72250,3767200
2022-03-09,15.18500,15.54500,15.08750,15.38500,3229200
2022-03-10,15.17500,15.41000,15.09250,15.35750,2521200
2022-03-11,15.52500,15.68250,15.20000,15.23000,2480000
2022-03-14,15.41000,15.91250,15.32750,15.44750,3695600
2022-03-15,15.50750,15.80000,15.35750,15.43000,5024000
2022-03-16,15.74500,16.48750,15.61500,16.44500,5770000
2022-03-17,16.25000,16.33750,15.99750,16.18000,5366000
2022-03-18,16.14500,16.72250,16.02250,16.67750,3769200
2022-03-21,16.65250,16.66500,16.29250,16.35500,3864800
2022-03-22,16.55250,17.07000,16.54750,16.98750,3012800
2022-03-23,16.84250,16.98250,16.44250,16.47250,2669200
2022-03-24,16.57500,16.69750,16.34750,16.59250,4196800
2022-03-25,16.62250,16.73750,16.43000,16.50000,6105200
2022-03-28,16.60000,16.69250,16.46750,16.66750,3486400
2022-03-29,17.00500,17.19250,16.63500,16.99000,2981200
2022-03-30,16.88750,17.11750,16.75000,16.83000,2784800
2022-03-31,16.72750,16.88750,16.46750,16.47750,3520000
2022-04-01,16.65500,16.76750,16.41750,16.69250,3019200
2022-04-04,16.68750,16.99500,16.66250,16.80750,2162800
2022-04-05,16.70500,16.79000,16.36000,16.53250,3165600
2022-04-06,16.35000,16.50000,15.99750,16.09750,2872800
2022-04-07,16.09750,16.10750,15.59250,15.98250,2146400
2022-04-08,16.00250,16.35000,15.97000,16.21750,2137200
2022-04-11,16.15500,16.39750,16.03750,16.22250,1542000
2022-04-12,16.27750,16.48250,16.14250,16.25750,2358000
2022-04-13,16.16250,16.51000,16.16250,16.41750,2007200
2022-04-14,16.37500,16.51250,16.25500,16.32250,1752000
2022-04-18,16.02000,16.19500,15.78750,15.98500,3672800
2022-04-19,15.98250,16.40500,15.87750,16.36750,5318000
2022-04-20,16.25000,16.91000,16.13750,16.60500,5380800
2022-04-21,16.71250,16.90000,15.76750,15.95000,5013200
2022-04-22,15.81000,15.92500,15.20750,15.25000,3752400
2022-04-25,15.13750,15.65500,14.91750,15.64750,2658800
2022-04-26,15.75250,16.10750,15.23000,15.33750,4558000
2022-04-27,15.23250,15.60750,15.23250,15.29000,2486000
2022-04-28,15.45500,15.59250,15.00250,15.46000,2477200
2022-04-29,15.35500,15.55250,14.85500,14.89000,2596400
2022-05-02,14.94250,15.26000,14.69500,14.97500,5178000
2022-05-03,15.00000,15.05500,14.60250,14.68000,3680800
2022-05-04,14.65250,14.98250,14.36750,14.96250,4178800
2022-05-05,14.74750,14.74750,14.13750,14.35500,7172400
2022-05-06,14.19500,14.28750,13.56750,13.73750,4967600
2022-05-09,13.52750,13.56500,13.05750,13.15500,4568000
2022-05-10,13.56000,13.70250,13.16500,13.57000,4434800
2022-05-11,13.49000,14.09500,13.40000,13.48500,3882000
2022-05-12,13.33250,13.43000,13.04500,13.36000,3778400
2022-05-13,13.64500,14.03750,13.59000,13.78000,3720800
2022-05-16,13.63750,13.87500,13.54250,13.62000,2352000
2022-05-17,13.86000,14.03000,13.72000,13.99500,3996800
2022-05-18,13.90000,14.01000,13.33000,13.51000,6099200
2022-05-19,13.34000,13.83250,13.34000,13.74250,3120800
2022-05-20,13.79250,14.17000,13.75250,14.14750,4370000
2022-05-23,14.38000,14.53250,14.14750,14.38750,4325600
2022-05-24,14.31000,14.34750,13.97500,14.12750,3346400
2022-05-25,14.00000,14.40500,13.94250,14.35000,3021200
2022-05-26,14.40750,15.03000,14.32500,14.87250,2178800
2022-05-27,14.91000,15.30250,14.91000,15.29750,2756000
2022-05-31,15.24250,15.58750,15.11000,15.38500,3590400
2022-06-01,15.33750,15.50250,14.94000,15.01000,3800800
2022-06-02,14.99500,15.31000,14.88750,15.29250,2866000
2022-06-03,15.13500,15.23000,14.97000,15.03000,3281200
2022-06-06,15.29250,15.46250,15.04000,15.16000,3552000
2022-06-07,14.98750,15.15750,14.83250,15.14500,2617600
2022-06-08,15.00250,15.05500,14.57750,14.72250,3759200
2022-06-09,14.66000,14.70500,14.46250,14.46250,2891200
2022-06-10,14.12250,14.29000,13.97000,14.11500,3180800
2022-06-13,13.87500,13.87500,13.39000,13.60750,4178800
2022-06-14,13.78000,14.00250,13.63000,13.89750,2427200
2022-06-15,14.03000,14.37750,13.94000,14.13750,2226800
2022-06-16,13.76500,13.95250,13.53000,13.76750,3712800
2022-06-17,13.84750,14.34250,13.84750,13.97250,4442800
2022-06-21,14.13500,14.57500,14.13500,14.43500,3366400
2022-06-22,14.18250,14.38000,14.14500,14.24250,2267200
2022-06-23,14.25000,14.38500,14.02000,14.15750,2131200
2022-06-24,14.30750,14.60500,14.27000,14.57750,5087600
2022-06-27,14.68000,14.68000,14.42750,14.53250,1864800
2022-06-28,14.70250,14.79500,14.31000,14.37500,3020800
2022-06-29,14.34250,14.40000,14.12500,14.25250,3411600
2022-06-30,13.96250,14.00000,13.60250,13.75250,3262000
2022-07-01,13.61500,14.04750,13.36750,13.95250,3178000
2022-07-05,13.74250,14.19000,13.59000,14.18500,2790000
2022-07-06,14.09500,14.28000,13.81250,13.92750,3291200
2022-07-07,14.08750,14.25750,14.01250,14.22000,2301200
2022-07-08,14.27250,14.27250,14.03500,14.06500,1636800
2022-07-11,13.84500,13.90750,13.48500,13.52250,3529600
2022-07-12,13.47250,13.81000,13.42000,13.53500,2420000
2022-07-13,13.44750,13.66500,13.29000,13.58000,7464800
2022-07-14,13.36750,13.38750,13.10750,13.34750,4311600
2022-07-15,13.56250,13.76750,13.35500,13.70250,3152800
2022-07-18,13.96250,14.14500,13.71500,13.79000,4874800
2022-07-19,13.94000,14.39000,13.90500,14.31500,4248000
2022-07-20,14.24000,14.37500,13.87500,14.16000,6024400
2022-07-21,14.00000,14.23750,13.87750,14.21000,4303600
2022-07-22,14.15500,14.31000,13.97500,14.11000,2675600
2022-07-25,14.21500,14.29750,14.04000,14.27000,2633200
2022-07-26,14.18750,14.24250,13.95500,14.05250,1789600
2022-07-27,14.08250,14.50750,14.05250,14.36750,2201200
2022-07-28,14.39000,14.56250,14.20750,14.56000,2676000
2022-07-29,14.55000,14.77250,14.50250,14.67250,3649200
2022-08-01,14.56000,14.62000,13.85500,14.08000,3964000
2022-08-02,14.00250,14.54750,13.94750,14.43250,12610400
2022-08-03,14.54500,14.95250,14.52250,14.80250,3573200
2022-08-04,14.88750,15.26500,14.79500,15.23750,9032800
2022-08-05,15.04500,15.36750,15.04500,15.35500,4466000
2022-08-08,15.45500,15.54250,15.19500,15.30750,4182800
2022-08-09,15.17750,15.28250,15.00500,15.24000,11794400
2022-08-10,15.42000,15.60500,15.36750,15.53500,2159200
2022-08-11,15.63250,15.97500,15.63250,15.88500,3332000
2022-08-12,16.09500,16.31250,15.92750,16.29750,2661200
2022-08-15,16.16750,16.52250,16.10500,16.38250,2590000
2022-08-16,16.34500,16.53000,16.30500,16.45250,2000400
2022-08-17,16.28500,16.34000,16.16750,16.29500,1494400
2022-08-18,16.26250,16.26250,15.93250,15.98750,3365200
2022-08-19,15.77500,15.78500,15.59500,15.67250,1797600
2022-08-22,15.42750,15.70250,15.36250,15.61500,9938000
2022-08-23,15.66750,15.69500,15.40500,15.49750,1992000
2022-08-24,15.52250,15.72500,15.48750,15.64750,1621600
2022-08-25,15.68250,15.90250,15.68250,15.90000,1420400
2022-08-26,15.95500,15.97000,15.39000,15.40250,1656400
2022-08-29,15.26750,15.41500,15.16750,15.27750,2041600
2022-08-30,15.39750,15.40250,15.02250,15.18500,2089200
2022-08-31,15.39000,15.74500,15.21250,15.39750,3063200
2022-09-01,15.23250,15.73750,14.89000,15.72250,4238800
2022-09-02,15.96250,15.99500,15.36750,15.45500,2507600
2022-09-06,15.57750,16.23000,15.57750,16.21750,7543600
2022-09-07,16.12750,16.68500,16.11500,16.60750,8708800
2022-09-08,16.48000,16.81750,16.44250,16.79750,4373600
2022-09-09,16.91000,17.35500,16.90250,17.27250,5164000
2022-09-12,17.40250,17.67250,17.35750,17.44750,6369600
2022-09-13,17.11750,17.52500,17.09250,17.17000,4998800
2022-09-14,17.22250,17.67000,17.22250,17.56000,5963200
2022-09-15,17.48500,17.69000,17.30750,17.43500,4556000
2022-09-16,17.34000,17.34500,16.76250,16.93000,19581600
2022-09-19,16.67000,17.22750,16.64000,17.20500,4073200
2022-09-20,17.07500,17.23750,16.82000,16.84750,3520000
2022-09-21,16.95000,17.19500,16.73500,16.73500,2382400
2022-09-22,16.90250,16.93500,16.43750,16.49500,4344000
2022-09-23,16.22000,16.33250,15.94750,16.16250,4424400
2022-09-26,16.05750,16.32250,15.94000,15.95500,3185200
2022-09-27,16.14000,16.26750,15.67500,15.93500,3382800
2022-09-28,15.95250,16.44750,15.90500,16.31500,2959600
2022-09-29,16.15500,16.24250,15.92750,16.09000,2957600
2022-09-30,16.02000,16.33500,15.92000,15.97750,4418800
2022-10-03,16.12000,16.27000,15.67500,15.92500,5742400
2022-10-04,16.16250,16.86250,16.15000,16.85500,5294800
2022-10-05,16.75750,17.09000,16.66750,17.03750,3428400
2022-10-06,16.97000,17.62750,16.95500,17.55250,5444400
2022-10-07,17.44000,17.69500,17.10250,17.42250,6831200
2022-10-10,17.61250,17.64000,17.21500,17.36000,4528800
2022-10-11,17.16250,17.25250,16.80000,17.00750,5152800
2022-10-12,17.13250,17.27250,16.99000,17.17000,3838000
2022-10-13,16.80500,17.76000,16.72250,17.66250,4235600
2022-10-14,17.85250,17.94500,17.08250,17.10500,5580400
2022-10-17,17.48000,17.60250,17.00750,17.17750,4868400
2022-10-18,17.83500,18.30000,17.67000,17.79250,9031200
2022-10-19,18.18750,19.16500,18.18750,19.02250,7824400
2022-10-20,18.89500,18.98000,18.54250,18.94750,6138000
2022-10-21,19.00000,19.32250,18.73250,19.16750,5761200
2022-10-24,19.23750,19.31000,18.81000,19.04000,4090000
2022-10-25,19.08500,19.72750,19.00250,19.68750,4243600
2022-10-26,19.64750,19.92000,19.37250,19.52500,5321200
2022-10-27,19.68250,20.16750,19.60250,20.03750,5026400
2022-10-28,19.98500,20.15000,19.82250,20.03000,5911600
2022-10-31,20.02000,20.24000,19.90750,20.03750,5253600
2022-11-01,20.17500,20.23000,19.66000,20.07500,4254000
2022-11-02,19.97500,20.33750,19.91500,20.05750,4277600
2022-11-03,19.82250,20.23750,19.79250,20.16750,5026800
2022-11-04,20.27250,20.36500,19.73750,19.89750,4809200
2022-11-07,19.95250,20.11000,19.75000,19.98000,2869600
2022-11-08,19.94500,20.26250,19.77250,20.02500,2444000
2022-11-09,19.90500,19.98250,19.40000,19.53500,2932400
2022-11-10,20.27000,20.27000,19.40250,19.63500,7764400
2022-11-11,19.66000,19.75500,18.24750,18.38750,8225200
2022-11-14,18.40750,18.70750,18.11000,18.42750,6129600
2022-11-15,18.64500,19.21500,18.64500,19.06250,5701600
2022-11-16,18.84750,18.87000,18.52500,18.62750,3498000
2022-11-17,18.34750,18.98000,18.28750,18.74750,3585600
2022-11-18,18.94000,18.98750,18.49750,18.76500,3194800
2022-11-21,18.75750,19.03750,18.70000,18.78500,4490400
2022-11-22,18.82000,19.48500,18.77500,19.44000,3269600
2022-11-23,19.37500,19.88250,19.33000,19.54000,3365600
2022-11-25,19.61750,19.64000,19.30750,19.42250,1372800
2022-11-28,19.26500,19.65750,19.25000,19.62750,2730000
2022-11-29,19.66250,19.96000,19.66250,19.95000,4147200
2022-11-30,20.00000,20.21250,19.86500,20.07500,5311200
2022-12-01,20.08000,20.09750,19.21000,19.66250,4836400
2022-12-02,19.62000,19.92250,19.48500,19.67750,3320400
2022-12-05,19.65750,19.65750,19.31500,19.41500,2633200
2022-12-06,19.38250,19.69750,19.32250,19.68000,3811600
2022-12-07,19.60500,19.66250,19.01750,19.02750,2917200
2022-12-08,19.19750,19.20750,18.83000,19.07250,2706000
2022-12-09,19.01500,19.15500,18.82000,18.86500,2419600
2022-12-12,18.84500,18.84750,18.33750,18.55000,4064400
2022-12-13,19.00500,19.00500,17.50000,18.00500,7900400
2022-12-14,17.95250,18.09500,17.76000,17.81750,3484000
2022-12-15,17.64500,17.70000,17.21500,17.44750,3787200
2022-12-16,17.30000,17.39500,17.14250,17.37250,5292800
2022-12-19,17.44250,17.47000,17.05750,17.33500,2631600
2022-12-20,17.39500,17.95250,17.36750,17.71500,4281600
2022-12-21,17.88000,18.04500,17.72000,18.03250,2190000
2022-12-22,17.99000,18.08250,17.81000,17.95000,2304800
2022-12-23,18.04750,18.52750,17.92500,18.43500,3161600
2022-12-27,18.53500,18.58500,18.18250,18.26250,5281200
2022-12-28,18.26750,18.42000,18.11500,18.18000,2648000
2022-12-29,18.32250,18.36750,18.15250,18.23500,1903600
2022-12-30,18.14500,18.24250,17.91000,18.08750,2079600
2023-01-03,18.15250,18.22500,17.83250,17.84500,4064800
2023-01-04,17.87500,18.07750,17.86750,18.03000,3870800
2023-01-05,17.90500,18.07500,17.74750,17.96000,2110800
2023-01-06,18.06750,18.46750,17.95750,18.41250,2010800
2023-01-09,18.59500,19.26250,18.42250,18.70750,4505200
2023-01-10,18.65000,19.01000,18.65000,18.97500,2859600
2023-01-11,18.95250,19.14500,18.59250,18.65250,3602800
2023-01-12,18.59750,18.77000,18.37500,18.71250,4045200
2023-01-13,18.60250,19.31500,18.60250,19.30250,3136400
2023-01-17,19.42500,19.60750,19.01750,19.29750,7436400
2023-01-18,20.20500,20.85000,18.95250,20.23250,18495600
2023-01-19,20.28500,20.28500,19.56000,19.71250,7030000
2023-01-20,19.72000,19.75750,19.22500,19.73000,6385200
2023-01-23,19.70750,20.00750,19.45500,19.99500,5436800
2023-01-24,19.99500,20.24750,19.67500,19.73000,3164400
2023-01-25,19.67000,19.75000,19.36500,19.66250,3293200
2023-01-26,19.83750,19.94750,19.54500,19.72500,2827200
2023-01-27,19.74000,19.74000,19.13750,19.37750,4024400
2023-01-30,19.40750,19.61500,19.28000,19.43500,3965200
2023-01-31,19.44250,19.98750,19.36000,19.98500,2894800
2023-02-01,19.93000,20.77500,19.89500,20.56750,7121600
2023-02-02,20.81250,21.19250,19.95500,20.23500,7246400
2023-02-03,20.22500,21.35250,20.15250,21.04500,6842400
2023-02-06,21.00500,21.60750,20.99750,21.13750,5411600
2023-02-07,21.13250,21.56500,21.06750,21.48750,4424000
2023-02-08,21.43750,21.90750,21.42000,21.59250,3466800
2023-02-09,21.63250,21.82750,21.48000,21.58750,3460800
2023-02-10,21.36750,21.61000,21.11750,21.55250,3895600
2023-02-13,21.61750,21.88500,21.58000,21.61750,4541200
2023-02-14,21.48000,22.24250,21.41000,21.58000,4260800
2023-02-15,21.52500,21.89250,21.44500,21.76000,2873600
2023-02-16,21.71250,22.22000,21.68500,21.86250,6117200
2023-02-17,21.72500,21.84000,21.35250,21.68000,5662400
2023-02-21,21.65500,21.96250,21.44250,21.76250,5007200
2023-02-22,21.77000,21.79750,21.42000,21.52500,2897200
2023-02-23,21.63000,21.72500,21.23250,21.51500,5754400
2023-02-24,21.27500,21.71750,21.15000,21.59500,2335600
2023-02-27,21.66750,21.80000,21.43500,21.57750,3086400
2023-02-28,21.67000,21.80000,21.48250,21.52750,2566800
2023-03-01,21.52500,21.91250,21.40250,21.83000,3906400
2023-03-02,21.78500,22.32000,21.64000,22.16500,3878400
2023-03-03,22.11000,22.34000,21.91750,22.30750,3091600
2023-03-06,22.33500,22.54750,22.01500,22.04250,4573600
2023-03-07,22.08500,22.30250,21.94750,22.14000,2576400
2023-03-08,22.13250,22.36250,22.05000,22.29000,4812400
2023-03-09,22.12500,22.25250,21.30000,21.38250,5310000
2023-03-10,21.16250,21.16250,20.00500,20.07250,9502000
2023-03-13,19.48750,19.95750,19.01250,19.09750,11627200
2023-03-14,19.84750,20.30750,19.79000,19.99500,7688000
2023-03-15,19.10500,19.21750,18.50250,19.00250,9163200
2023-03-16,18.87000,19.56750,18.78000,19.47500,6277200
2023-03-17,19.35250,19.43500,18.69500,18.94750,7612800
2023-03-20,19.13250,19.82000,19.13250,19.65750,5570800
2023-03-21,20.15000,20.71250,20.10500,20.58500,5906800
2023-03-22,20.73500,20.77000,19.87250,19.88500,6437600
2023-03-23,19.96500,20.17750,19.60500,19.89750,5893600
2023-03-24,19.75000,19.76750,18.73500,19.24750,7450800
2023-03-27,19.69500,19.99500,19.63000,19.89000,3876400
2023-03-28,19.92750,20.14750,19.82750,20.00250,2473200
2023-03-29,20.12250,20.29750,19.92750,20.28000,3742800
2023-03-30,20.35000,20.55000,20.21000,20.27750,4162400
2023-03-31,20.47750,20.65750,20.30500,20.64000,3423200
2023-04-03,20.75000,21.08500,20.57750,20.60750,4686000
2023-04-04,20.60750,20.72250,20.13500,20.23500,2896000
2023-04-05,20.07500,20.14000,19.79000,20.01250,3290400
2023-04-06,20.04250,20.04500,19.78500,19.85000,2409600
2023-04-10,19.85000,20.15500,19.79500,20.01500,2374800
2023-04-11,20.00000,20.25000,19.93500,20.07000,2338400
2023-04-12,20.17500,20.56250,20.00000,20.34750,3008400
2023-04-13,20.35750,20.61750,20.16250,20.51000,3664800
2023-04-14,20.54250,20.92500,20.52250,20.80000,4070400
2023-04-17,20.67250,20.99500,20.47750,20.94750,3985600
2023-04-18,20.97500,21.27500,20.76000,21.18500,7594000
2023-04-19,20.62500,21.55750,20.30000,21.02500,8462000
2023-04-20,20.84000,20.98250,20.19500,20.46750,5383200
2023-04-21,20.43000,20.56500,20.11750,20.28250,4022400
2023-04-24,20.28750,20.38750,20.07500,20.23250,2586800
2023-04-25,19.90250,20.20500,19.71250,19.74250,4629200
2023-04-26,19.68000,19.68000,19.22750,19.24500,3806400
2023-04-27,19.38750,19.57000,19.22500,19.48250,3110000
2023-04-28,19.30500,19.58500,19.28500,19.46250,2581200
2023-05-01,19.52000,19.71250,19.12750,19.29500,4423200
2023-05-02,19.19500,19.27250,18.48750,18.53250,3654400
2023-05-03,18.55000,18.80250,18.03750,18.13750,4781200
2023-05-04,18.04750,18.15000,17.70750,17.85250,4281600
2023-05-05,18.21500,19.26000,18.17750,19.13750,6241200
2023-05-08,19.30500,19.58500,19.30500,19.52750,3984400
2023-05-09,19.47500,19.58250,19.21000,19.49750,2273600
2023-05-10,19.66000,19.72000,18.92000,19.18250,3300400
2023-05-11,19.01500,19.12250,18.85750,18.96500,2074000
2023-05-12,19.09000,19.22750,18.83000,18.94250,2450800
2023-05-15,19.05500,19.24250,18.90750,19.15250,2198400
2023-05-16,19.15250,19.20500,18.71250,18.71750,3527200
2023-05-17,18.89750,18.89750,18.59250,18.63000,3148800
2023-05-18,18.61750,19.01500,18.57250,18.93250,3767200
2023-05-19,19.02250,19.14500,18.84750,18.85500,2526800
2023-05-22,18.88500,19.02750,18.78750,18.92500,2613600
2023-05-23,18.88750,19.02500,18.67500,18.68750,2138000
2023-05-24,18.54000,19.08250,18.42500,18.95000,3275600
2023-05-25,18.93500,19.42000,18.88000,19.30250,3670000
2023-05-26,19.30500,19.67750,19.30500,19.58500,3540800
2023-05-30,19.66500,19.84000,19.59000,19.73500,2550400
2023-05-31,19.61000,19.65250,19.29500,19.30750,3572800
2023-06-01,19.32750,19.74000,19.27500,19.61750,2558000
2023-06-02,19.94250,20.23500,19.85250,20.12250,2392000
2023-06-05,20.13000,20.19750,19.86000,20.11000,2189600
2023-06-06,20.11000,20.37750,20.05250,20.29500,2547200
2023-06-07,20.37500,20.45000,20.11000,20.15250,2414000
2023-06-08,20.06750,20.15000,19.83500,19.86250,3041600
2023-06-09,19.85250,20.00000,19.80250,19.95000,2636800
2023-06-12,19.92000,19.92000,19.22250,19.24750,3783200
2023-06-13,19.26250,19.74750,19.17250,19.69500,2996800
2023-06-14,19.70500,20.14250,19.50500,19.94500,3800000
2023-06-15,19.82250,20.25250,19.73750,20.23500,2670400
2023-06-16,20.33750,20.40750,20.00250,20.07000,3850400
2023-06-20,20.04000,20.13500,19.69750,20.07750,2467600
2023-06-21,20.04750,20.15500,19.94250,19.96750,1728400
2023-06-22,19.92750,19.92750,19.53750,19.89000,2124800
2023-06-23,19.71500,20.06250,19.67000,20.00250,4784000
2023-06-26,20.00000,20.12250,19.85500,19.86750,2313600
2023-06-27,19.89000,20.22250,19.87250,20.22250,2395600
2023-06-28,20.19250,20.25750,19.87750,20.04000,4118400
2023-06-29,20.09250,20.71500,20.07750,20.70250,4906800
2023-06-30,20.87500,21.07250,20.76250,20.76750,4349600
2023-07-03,20.75500,21.02000,20.61000,20.92250,1495600
2023-07-05,20.83000,21.11250,20.65250,21.07250,2883200
2023-07-06,21.00250,21.16500,20.80250,21.14250,2900800
2023-07-07,21.23250,21.75750,21.23000,21.52750,4417600
2023-07-10,21.48750,21.51250,21.18250,21.38000,2216800
2023-07-11,21.46000,21.55000,21.30750,21.50000,2226800
2023-07-12,21.58750,21.59750,21.19000,21.28500,4600000
2023-07-13,21.44000,21.77250,21.40750,21.43750,4331200
2023-07-14,21.50250,21.59500,21.07500,21.15750,3938400
2023-07-17,21.15000,21.30000,20.90750,20.95000,3675200
2023-07-18,21.17500,21.62750,21.17500,21.56750,9868800
2023-07-19,20.62500,21.24000,20.46750,20.49250,15626800
2023-07-20,20.32250,21.11250,20.29000,20.88500,7188800
2023-07-21,20.90000,20.97750,20.66000,20.86250,4251600
2023-07-24,20.86250,20.95250,20.61750,20.78000,3277600
2023-07-25,20.78750,20.89750,20.66500,20.72500,3092000
2023-07-26,20.70250,21.45000,20.69000,21.38000,5934400
2023-07-27,21.43250,21.85750,21.36750,21.71250,7445200
2023-07-28,21.71250,21.92250,21.62000,21.74750,4190000
2023-07-31,21.90000,22.23250,21.67750,21.83250,4129600
2023-08-01,21.83750,22.26250,21.79000,22.19750,3801600
2023-08-02,22.13750,22.43000,22.09000,22.25250,3150800
2023-08-03,22.25250,23.07750,22.25250,22.76000,5347600
2023-08-04,22.77500,22.77750,22.03500,22.32500,3200400
2023-08-07,22.50000,22.62250,22.42250,22.52500,1984000
2023-08-08,22.20500,22.37250,21.96250,22.22500,2819600
2023-08-09,22.28500,22.61750,22.10000,22.47500,3076000
2023-08-10,22.61750,22.76250,22.49000,22.61250,2167600
2023-08-11,22.57750,23.06250,22.52500,22.90500,2776400
2023-08-14,22.81500,23.33250,22.81500,23.27750,3526800
2023-08-15,23.17000,23.22500,22.79750,22.89500,2964400
2023-08-16,22.90000,23.07500,22.81750,22.82000,3214800
2023-08-17,22.82000,23.05000,22.64500,22.64750,2934400
2023-08-18,22.34500,22.92750,22.22750,22.88000,3248800
2023-08-21,22.87000,23.32500,22.83000,23.26000,2678400
2023-08-22,23.29250,23.37250,22.77500,22.83750,2413200
2023-08-23,22.81000,23.04000,22.75750,22.98750,2565600
2023-08-24,22.98750,23.21250,22.85250,22.95250,1554400
2023-08-25,23.03500,23.31000,22.79250,23.15500,2066800
2023-08-28,23.20500,23.57000,23.19250,23.33000,2663600
2023-08-29,23.33000,23.33750,22.34500,22.89000,4892000
2023-08-30,22.87500,22.96000,22.55250,22.56250,3908800
2023-08-31,22.55750,22.84750,22.45500,22.77000,4071200
2023-09-01,22.85000,23.26250,22.72250,23.13250,3412400
2023-09-05,23.11750,23.14750,22.90500,23.02250,2828400
2023-09-06,22.99000,23.40500,22.99000,23.33750,2819600
2023-09-07,23.30250,23.41250,23.01250,23.24250,2684400
2023-09-08,23.27000,23.64500,23.24500,23.61500,2572800
2023-09-11,23.68750,23.89750,23.53750,23.61750,3078400
2023-09-12,23.53500,23.66750,23.45500,23.49750,3756800
2023-09-13,23.55750,23.60750,22.78750,23.02000,3316000
2023-09-14,23.13250,23.24750,22.98750,23.17500,3096400
2023-09-15,23.00000,23.14750,22.82000,22.93500,7551200
2023-09-18,22.90250,22.93000,22.54500,22.65750,4318400
2023-09-19,22.77000,22.77000,22.15000,22.39500,4700000
2023-09-20,22.38000,22.72500,22.22750,22.66750,4513600
2023-09-21,22.60000,22.69000,22.16250,22.26500,4552800
2023-09-22,22.29250,22.38500,21.85250,21.96750,2730800
2023-09-25,21.90750,22.01750,21.86250,21.98250,2359600
2023-09-26,21.77500,21.84250,21.38250,21.57500,4072000
2023-09-27,21.68750,22.43750,21.62250,22.02750,4455200
2023-09-28,22.06250,22.10500,21.85750,21.96000,2943600
2023-09-29,22.03500,22.04500,21.51500,21.64000,4164000
2023-10-02,21.69250,21.77500,21.31000,21.41750,3166800
2023-10-03,21.53750,21.95000,21.49500,21.72250,4436400
2023-10-04,21.81500,21.95000,21.45000,21.61750,3115600
2023-10-05,21.41750,22.01250,21.37500,21.97750,2901200
2023-10-06,22.03250,22.52500,21.94500,22.41750,3161200
2023-10-09,22.40000,22.41000,21.97750,21.99750,2692400
2023-10-10,22.27000,22.31500,22.05250,22.08250,2584400
2023-10-11,22.03750,22.08250,21.72250,21.85500,3093600
2023-10-12,21.86250,21.89500,21.25500,21.36750,3786000
2023-10-13,21.33500,21.46250,21.18750,21.27250,2499200
2023-10-16,21.54250,21.79500,21.44250,21.48250,3457200
2023-10-17,21.44500,21.76500,21.42250,21.61250,7900800
2023-10-18,20.73000,20.85750,20.30500,20.72250,16425600
2023-10-19,20.59750,20.80500,20.22000,20.30000,4802000
2023-10-20,20.26250,20.35250,19.97500,20.04750,4380400
2023-10-23,20.00000,20.29500,19.95750,20.03750,3496000
2023-10-24,20.10250,20.23250,19.94000,20.09750,3242000
2023-10-25,20.05500,20.12500,19.77750,19.93250,2442400
2023-10-26,19.92000,20.26000,19.90000,20.03750,2841200
2023-10-27,19.99000,20.07000,19.67250,19.80750,3571200
2023-10-30,19.94500,20.03500,19.86000,19.98000,2422000
2023-10-31,20.02500,20.08000,19.89000,20.01750,2888800
2023-11-01,20.08000,20.19500,19.54750,19.64000,5392800
2023-11-02,19.77500,20.11750,19.73750,20.08750,4191200
2023-11-03,20.25250,20.25250,19.53500,19.87500,6106400
2023-11-06,20.01500,20.20750,19.83000,20.20750,3141600
2023-11-07,20.16250,20.45750,20.06500,20.40250,2640400
2023-11-08,20.45000,20.62500,20.07250,20.07750,2823600
2023-11-09,20.21000,20.62000,20.11750,20.50500,3513200
2023-11-10,20.52500,20.65000,20.25500,20.59250,2233200
2023-11-13,20.52000,20.62250,20.38000,20.40250,1796400
2023-11-14,20.55500,20.55500,19.78000,19.90750,6961600
2023-11-15,19.93750,20.05500,19.75250,20.04500,6135200
2023-11-16,19.98500,20.08750,19.49250,19.62500,4184000
2023-11-17,19.67500,19.81250,19.54000,19.79750,4159600
2023-11-20,19.86500,19.91000,19.73500,19.76500,3535200
2023-11-21,19.67000,20.17000,19.63250,20.00500,3423200
2023-11-22,20.05750,20.33750,20.03000,20.16250,2391600
2023-11-24,20.13250,20.45750,20.09750,20.45000,1742000
2023-11-27,20.38750,20.40750,20.05500,20.21250,3265200
2023-11-28,20.20000,20.21500,19.08750,19.10250,10702800
2023-11-29,19.15500,19.32000,18.15000,19.19500,9678000
2023-11-30,19.29000,19.54750,19.22250,19.46000,4556000
2023-12-01,19.55750,19.83500,19.38250,19.53500,5718400
2023-12-04,19.47000,19.88500,19.43750,19.81000,5225600
2023-12-05,19.71500,19.80750,19.53500,19.71750,4723600
2023-12-06,19.82500,20.13250,19.82500,20.02250,6213200
2023-12-07,20.01500,20.22250,19.78000,20.20250,5225200
2023-12-08,20.28750,20.97750,20.28750,20.78750,7310000
2023-12-11,20.90750,21.06000,20.69000,20.99000,5562800
2023-12-12,21.00250,21.24250,20.86250,20.93750,3688400
2023-12-13,20.93750,21.05500,20.04250,20.30000,7854400
2023-12-14,20.32500,20.50500,20.03000,20.33250,7881200
2023-12-15,20.13000,20.20250,19.73250,19.94750,9998000
2023-12-18,20.01500,20.31750,20.00000,20.28250,6866400
2023-12-19,20.27000,20.64000,20.20750,20.62500,4707200
2023-12-20,20.61000,20.80000,20.36500,20.36500,3042400
2023-12-21,20.37500,20.55250,20.23000,20.52750,3054000
2023-12-22,20.57000,20.73250,20.48000,20.52750,2923200
2023-12-26,20.58500,20.82500,20.51750,20.78000,1745200
2023-12-27,20.77750,20.77750,20.56250,20.65500,1670800
2023-12-28,20.65500,20.92500,20.57750,20.78750,2914000
2023-12-29,20.75000,20.84750,20.61000,20.72500,2391600
2024-01-02,20.78500,21.15500,20.56500,21.13750,4473200
2024-01-03,21.13750,21.87250,21.09000,21.65750,9136000
2024-01-04,21.78250,22.19500,21.66250,21.80000,10236400
2024-01-05,21.84500,22.43000,21.78000,21.98000,7671200
2024-01-08,21.96000,22.04750,21.44250,21.91250,5615600
2024-01-09,22.13750,22.18250,21.75250,21.93000,5305600
2024-01-10,21.75000,21.81250,21.63250,21.75250,4839200
2024-01-11,21.94250,22.21000,21.73750,21.96000,4927600
2024-01-12,21.95000,22.25000,21.93750,22.09000,6253200
2024-01-16,22.21500,22.21500,21.68000,21.79500,10452800
2024-01-17,21.03750,22.60000,20.96500,22.29750,14947600
2024-01-18,22.32500,22.32500,22.07000,22.20500,5528800
2024-01-19,22.24000,22.47250,22.12500,22.44750,5985600
2024-01-22,22.50000,22.83500,22.43000,22.77500,8457600
2024-01-23,22.86000,23.15500,22.75250,22.85250,5866400
2024-01-24,22.95000,22.99750,22.65750,22.95250,4209200
2024-01-25,22.95250,22.99750,22.54750,22.61500,4357200
2024-01-26,22.62500,22.98500,22.58000,22.93500,4321600
2024-01-29,22.96250,22.96250,22.53500,22.58750,5283200
2024-01-30,22.61750,22.71750,22.36000,22.43000,4423600
2024-01-31,22.34750,22.46000,22.05500,22.18750,4528400
2024-02-01,22.12000,22.74500,22.08000,22.71750,5747600
2024-02-02,22.85750,24.28000,22.83750,24.03250,10883600
2024-02-05,24.00000,24.19750,23.76500,23.76500,4843600
2024-02-06,23.76500,23.78000,23.18000,23.25500,3153600
2024-02-07,23.31250,23.67750,23.15250,23.61000,2855200
2024-02-08,23.64500,23.89500,23.61250,23.84250,2086800
2024-02-09,23.90250,24.62000,23.79500,24.51500,5552000
2024-02-12,24.61000,24.62250,24.44000,24.54000,2556400
2024-02-13,24.51750,25.48500,24.51750,25.24250,6282000
2024-02-14,25.40000,25.57750,25.19750,25.26250,4729200
2024-02-15,25.44000,26.29250,25.34250,26.14750,8397600
2024-02-16,26.26000,26.60750,26.04500,26.13250,4021600
2024-02-20,26.13500,26.22500,25.56750,25.83500,4126000
2024-02-21,26.10500,26.30750,25.75500,26.26500,5714000
2024-02-22,26.55750,26.83500,26.28750,26.69000,5428400
2024-02-23,26.69750,26.92750,26.49000,26.68000,2542000
2024-02-26,26.64000,27.15250,26.59000,26.94750,2744800
2024-02-27,26.93750,27.09250,26.66000,26.77250,2972000
2024-02-28,26.78000,27.29750,26.72500,27.14750,3076800
2024-02-29,27.25000,27.30750,26.76500,27.18000,4569200
2024-03-01,27.25500,27.67000,27.18000,27.62000,2846800
2024-03-04,27.88250,28.12500,27.62000,27.76500,2912400
2024-03-05,27.68750,28.05000,27.21750,27.40250,3350800
2024-03-06,27.36500,27.64000,26.95000,27.50000,4230000
2024-03-07,27.50000,27.64500,27.27000,27.30250,3351200
2024-03-08,27.37250,27.44000,26.91500,26.97750,4014800
2024-03-11,26.87500,27.01500,26.66250,26.93250,5032400
2024-03-12,27.02500,27.44750,26.92000,27.27500,3940800
2024-03-13,27.27500,27.39000,26.99000,27.11500,2483200
2024-03-14,27.21500,27.21500,26.74000,26.95750,3145200
2024-03-15,26.84250,27.09500,26.75000,26.86000,7277600
2024-03-18,26.79500,27.21000,26.78000,26.98500,4080400
2024-03-19,27.00000,27.08750,26.81250,26.86750,2840800
2024-03-20,26.75000,27.20250,26.62750,27.20000,4289600
2024-03-21,27.25500,27.64500,27.24250,27.48750,3437600
2024-03-22,27.31250,27.38750,27.01000,27.11750,2808800
2024-03-25,27.02750,27.31000,26.95500,27.28000,2182400
2024-03-26,27.38250,27.60500,27.33750,27.56000,2076000
2024-03-27,27.63500,27.88250,27.50750,27.85750,2536800
2024-03-28,27.97750,28.12000,27.83250,27.92750,2580000
2024-04-01,27.92750,28.16000,27.73000,28.01250,2701200
2024-04-02,28.13000,28.70000,28.10750,28.61750,4365600
2024-04-03,28.72750,29.23000,28.56250,28.69000,4476000
2024-04-04,28.81750,28.85500,27.71750,27.75750,3682400
2024-04-05,27.91750,28.32750,27.88750,28.16750,3814000
2024-04-08,28.43750,28.64500,28.22750,28.59250,1950000
2024-04-09,28.46000,28.55000,27.66250,27.77500,2527600
2024-04-10,27.83250,28.61750,27.83000,28.37500,3771200
2024-04-11,28.27500,28.27500,27.95750,28.04000,2621200
2024-04-12,28.00000,28.03000,27.50000,27.59750,3144000
2024-04-15,27.99500,28.03000,27.15000,27.29000,3698000
2024-04-16,27.29500,27.39250,26.70000,26.84750,9014000
2024-04-17,27.37500,28.54250,27.13250,27.30750,9964400
2024-04-18,27.65750,27.93750,27.21250,27.65000,3843600
2024-04-19,27.65000,28.09000,27.65000,27.88750,4045600
2024-04-22,28.11750,28.44250,27.96250,28.28000,3738400
2024-04-23,28.28000,29.01500,28.10500,28.67250,4165200
2024-04-24,28.68750,29.08250,28.58500,28.91000,2669200
2024-04-25,28.85250,29.49250,28.71000,29.33500,3764400
2024-04-26,29.37250,29.41750,28.88000,29.03750,2868800
2024-04-29,28.92750,29.43500,28.84250,29.18250,3070800
2024-04-30,29.21500,29.28750,28.76250,28.78000,3654000
2024-05-01,28.83750,29.48250,28.72750,29.22500,4420000
2024-05-02,29.40250,30.09750,29.35750,29.95000,6709200
2024-05-03,29.85750,30.09250,29.17500,30.03000,5837600
2024-05-06,30.19000,30.51000,30.14000,30.50250,3045200
2024-05-07,30.56000,30.72000,30.08500,30.13500,3738400
2024-05-08,30.28750,30.39750,29.74000,29.93000,2807200
2024-05-09,29.93000,30.12250,29.63750,29.78250,3361200
2024-05-10,29.80000,30.15500,29.78750,30.02750,2267600
2024-05-13,30.03000,30.24250,29.92750,30.06250,2088400
2024-05-14,30.00000,30.46750,29.97000,30.45000,2452400
2024-05-15,30.41500,30.56500,30.16250,30.50250,2711200
2024-05-16,30.55750,30.65250,30.29500,30.45500,2233200
2024-05-17,30.70750,30.98500,30.50250,30.95500,2418000
2024-05-20,30.98750,31.44000,30.97500,31.38750,2803600
2024-05-21,31.37500,31.70750,31.25750,31.65000,2638000
2024-05-22,31.59750,31.65500,31.25000,31.26500,2770000
2024-05-23,31.41500,31.75000,30.81000,31.10500,3566800
2024-05-24,31.32500,32.04500,31.27000,32.00000,2640800
2024-05-28,32.00000,32.29750,31.81500,32.15000,2762400
2024-05-29,31.91750,32.23750,31.80500,31.98750,2695600
2024-05-30,32.06250,32.15250,31.66000,31.88500,2211600
2024-05-31,31.87750,31.93000,30.53500,31.43000,6855600
2024-06-03,31.58000,31.81000,31.04000,31.64750,3973600
2024-06-04,31.64250,31.85250,31.08250,31.17500,4393600
2024-06-05,31.30000,31.54250,31.04250,31.36500,2698800
2024-06-06,31.33250,31.45000,30.64250,30.65250,2898000
2024-06-07,30.87500,31.37750,30.76500,30.93500,3485600
2024-06-10,30.79500,31.46500,30.67500,31.36500,2690800
2024-06-11,31.16500,31.19250,30.40750,30.83750,2585600
2024-06-12,30.79750,30.83750,29.90250,30.42750,4196400
2024-06-13,30.35250,30.46750,30.02500,30.31750,2888400
2024-06-14,30.00000,30.27000,29.72500,30.03500,3054400
2024-06-17,30.00000,30.31250,29.83000,30.26500,1849200
2024-06-18,30.22500,30.26000,29.88750,29.93500,2306800
2024-06-20,30.03250,30.19250,29.92500,30.06250,3755200
2024-06-21,30.09000,30.16750,29.54000,30.04500,4255200
2024-06-24,30.02000,30.76750,30.01750,30.26500,3010400
2024-06-25,30.28750,30.60500,30.21000,30.52750,2197200
2024-06-26,30.48500,30.76250,30.28250,30.75000,2281600
2024-06-27,30.82000,31.04250,30.68500,30.74750,2168800
2024-06-28,30.81500,30.84750,30.37500,30.65000,3506400
2024-07-01,31.02000,31.78500,30.62000,31.68750,3292000
2024-07-02,31.75000,31.99000,31.67500,31.92500,2808400
2024-07-03,32.00000,32.25000,31.03000,31.38250,1865200
2024-07-05,31.06250,31.18000,30.37750,30.99500,3610000
2024-07-08,31.27500,31.40750,30.78250,30.86750,2009600
2024-07-09,31.03250,31.58000,30.89000,31.31250,2416000
2024-07-10,31.35250,31.62750,31.18250,31.20500,3103200
2024-07-11,30.46500,30.82250,29.85250,30.26250,4988000
2024-07-12,30.44250,30.62500,30.30000,30.40250,4124400
2024-07-15,30.54000,31.29500,30.53500,31.16500,4508000
2024-07-16,31.19750,31.26500,30.65000,30.91500,9560000
2024-07-17,30.34000,30.95750,29.15500,30.84250,11575200
2024-07-18,30.68750,30.69000,29.68250,29.90000,5996000
2024-07-19,29.85000,30.29250,29.66750,30.16250,4558400
2024-07-22,30.16250,30.72750,30.05250,30.57500,3509600
2024-07-23,30.61500,30.67250,30.33250,30.51750,3314000
2024-07-24,30.39750,30.42250,29.49750,29.53000,3845600
2024-07-25,29.70750,29.76500,29.07000,29.64250,4695200
2024-07-26,29.66000,29.81000,29.38000,29.70000,3358400
2024-07-29,29.71250,29.94750,29.37750,29.90750,3594400
2024-07-30,30.06250,30.44500,29.73500,29.74000,2937200
2024-07-31,29.98500,30.32000,29.78500,29.81750,2688400
2024-08-01,30.00000,30.40000,29.13000,29.75250,3851600
2024-08-02,29.04500,29.29000,27.80000,28.13250,6149600
2024-08-05,26.69250,27.38000,25.92250,27.16250,6465200
2024-08-06,27.31250,27.93500,27.17750,27.63000,3512800
2024-08-07,28.08750,28.61250,28.05250,28.19250,6403200
2024-08-08,28.55500,28.97750,28.40000,28.87000,4203200
2024-08-09,28.75000,29.24250,28.62500,29.13750,2165200
2024-08-12,29.38250,29.58250,29.08250,29.48250,2751200
2024-08-13,29.52750,29.71500,29.32000,29.39500,2432400
2024-08-14,29.68500,29.95000,29.40500,29.51500,3242000
2024-08-15,30.02250,30.26500,29.87250,30.06500,2832800
2024-08-16,30.08250,30.27000,30.04250,30.21500,2423600
2024-08-19,30.24750,30.51000,30.20500,30.48750,2266400
2024-08-20,30.47500,30.52500,30.10250,30.19000,1842800
2024-08-21,30.24000,30.87500,30.20750,30.83750,2752400
2024-08-22,30.84250,31.09750,30.70500,31.02500,3854400
2024-08-23,31.17250,31.17250,30.27000,30.85000,4283200
2024-08-26,30.95000,31.30000,30.86250,31.07500,2276400
2024-08-27,31.12500,31.81000,31.07500,31.78000,3301200
2024-08-28,31.64750,31.69000,31.38000,31.58000,2982000
2024-08-29,31.69000,32.08500,31.58750,31.76750,2193600
2024-08-30,31.78250,32.24500,31.67250,32.22250,2814000
2024-09-03,32.03000,32.23750,31.69750,31.85000,3041200
2024-09-04,31.78250,31.84500,31.35250,31.38000,3215200
2024-09-05,31.50250,31.56750,31.12750,31.51500,2524000
2024-09-06,31.47750,31.59500,30.34750,30.63500,3154000
2024-09-09,30.91250,31.30250,30.86500,31.05500,2306400
2024-09-10,30.86250,30.96000,30.11500,30.51250,1989600
2024-09-11,30.56000,30.78750,30.01000,30.69250,2645600
2024-09-12,30.78750,30.98250,30.60000,30.90000,2891600
2024-09-13,31.24750,32.52500,31.06750,32.01750,6476800
2024-09-16,32.00000,32.72750,32.00000,32.14750,4610800
2024-09-17,32.33750,33.29000,32.12500,32.95250,5188800
2024-09-18,32.95750,33.35500,32.31500,32.54500,4373200
2024-09-19,33.09250,33.22250,32.65500,33.11250,3540400
2024-09-20,33.10000,33.31750,32.92750,33.25500,5073600
2024-09-23,33.42500,33.89750,33.42500,33.79750,3198000
2024-09-24,33.87500,34.14000,33.70750,34.02750,2840800
2024-09-25,34.02750,34.27750,33.84750,34.05000,2907200
2024-09-26,34.30500,34.68750,34.07500,34.18000,3544400
2024-09-27,34.04750,34.49750,33.87500,34.38250,3592000
2024-09-30,34.47000,34.85500,34.35000,34.84000,4120800
2024-10-01,34.74000,34.99500,33.91000,34.56750,4792800
2024-10-02,34.69750,35.70000,34.69000,35.65500,4364800
2024-10-03,35.62500,36.28250,35.37250,36.19500,4686800
2024-10-04,36.65750,36.96250,36.34750,36.96250,2658400
2024-10-07,37.19000,37.33750,36.93500,37.14250,4020400
2024-10-08,36.96250,37.27750,36.79750,36.89750,3590400
2024-10-09,37.00000,37.49250,36.88500,37.38250,4693200
2024-10-10,37.25000,37.40750,36.95750,37.15750,2829200
2024-10-11,37.31250,37.84000,37.23750,37.78500,3417200
2024-10-14,38.00250,38.06250,37.70500,37.82500,3222000
2024-10-15,38.25000,38.68750,38.00250,38.24500,6946400
2024-10-16,37.05750,37.74750,35.14000,36.69500,11470000
2024-10-17,36.71250,37.53250,36.47500,37.35750,4925200
2024-10-18,37.38250,37.57500,37.18500,37.20250,3114800
2024-10-21,37.24500,37.50500,37.00500,37.41000,2913200
2024-10-22,37.13500,37.31500,36.67250,37.16500,2514000
2024-10-23,36.99500,37.13250,36.61500,36.86000,2538800
2024-10-24,36.92000,37.28500,36.80250,37.05000,2768800
2024-10-25,37.08750,37.18500,36.37500,36.79250,3166000
2024-10-28,37.16000,37.77500,36.99500,37.74750,2616000
2024-10-29,37.81250,38.48250,37.77500,38.21000,2784000
2024-10-30,38.27500,38.66250,38.23750,38.56000,2611200
2024-10-31,38.50000,38.57750,37.83250,38.14500,3078000
2024-11-01,38.18750,38.64500,38.01250,38.44500,2959200
2024-11-04,38.49500,38.78250,38.34500,38.48250,2118400
2024-11-05,38.50750,39.24750,38.39500,38.72750,2766400
2024-11-06,41.24500,43.27250,41.02500,42.92250,9616800
2024-11-07,42.50000,42.84500,41.66250,41.66750,4656400
2024-11-08,41.82500,42.85000,41.31750,42.43500,3415200
2024-11-11,43.10250,44.92000,43.04500,44.87250,8576800
2024-11-12,44.62250,45.30250,44.34250,44.88750,4213200
2024-11-13,44.80250,45.07000,44.57500,44.66250,3162800
2024-11-14,44.75000,44.94000,44.12500,44.47500,3350400
2024-11-15,44.44500,45.08750,44.32500,45.05250,5049200
2024-11-18,45.25000,45.75500,45.05000,45.65250,3950000
2024-11-19,45.25500,46.44250,45.13750,46.37750,3694400
2024-11-20,47.21750,47.25000,46.29500,46.96500,4978800
2024-11-21,47.74750,48.06250,47.13250,47.92750,5143200
2024-11-22,48.17500,48.30250,46.87750,47.90500,6354800
2024-11-25,47.97750,48.35500,47.16500,47.74500,6534400
2024-11-26,47.91500,48.29250,47.43000,48.23750,3789200
2024-11-27,48.28500,48.31250,47.60500,47.82750,3138400
2024-11-29,48.05750,48.23750,47.56250,47.77250,2306800
2024-12-02,47.91250,48.35250,46.38500,46.42000,6153200
2024-12-03,46.84750,47.43500,46.40250,46.72250,5651600
2024-12-04,46.59500,47.25750,46.13000,46.49250,5312800
2024-12-05,46.65250,46.96250,46.25000,46.72500,4834800
2024-12-06,46.69500,46.82250,46.05500,46.74000,3858800
2024-12-09,46.74000,47.06250,44.57500,45.04250,6477600
2024-12-10,44.89000,45.04500,43.92750,44.00000,6217200
2024-12-11,44.50000,45.28500,44.29000,45.19500,4447600
2024-12-12,45.29500,45.63250,44.79250,45.07750,2878400
2024-12-13,45.25000,45.31250,44.38750,44.87250,3188000
2024-12-16,44.87250,45.42750,44.80250,45.05000,3077600
2024-12-17,44.57000,44.75750,43.58000,44.72500,4517200
2024-12-18,44.89000,44.89000,43.08250,43.44750,3792800
2024-12-19,44.29500,44.66250,43.40750,43.44750,3626400
2024-12-20,42.89000,44.49750,42.77250,43.98000,11456400
2024-12-23,44.43250,44.93000,43.97250,44.40000,3997200
2024-12-24,44.49000,45.32000,44.47250,45.12500,1283200
2024-12-26,45.12500,45.41500,44.95000,45.27750,1680400
2024-12-27,44.82000,45.27750,44.50250,44.75000,1964800
2024-12-30,44.36500,44.94500,44.15500,44.73750,2602800
2024-12-31,44.90250,44.90250,44.05000,44.16750,2982000
2025-01-02,44.39500,45.82250,43.39750,45.62500,5014000
2025-01-03,45.75000,46.53000,45.45000,45.93000,4291600
2025-01-06,46.52000,47.53000,46.25500,47.51750,4371200
2025-01-07,47.92500,48.35250,46.17250,47.79250,7040400
2025-01-08,47.71750,47.95500,47.17500,47.72250,3756400
2025-01-10,47.34750,47.37750,45.38750,46.30250,5291600
2025-01-13,45.78250,46.30750,45.28250,45.81500,5305600
2025-01-14,46.10500,46.37500,45.14250,45.66000,3600400
2025-01-15,46.44250,46.84500,46.15500,46.46250,4824000
2025-01-16,46.52250,47.56250,46.51500,47.04000,4147600
2025-01-17,47.25000,47.82750,46.86750,47.52250,5032400
2025-01-21,48.16000,48.71750,47.66500,48.20750,7929600
2025-01-22,51.75000,52.78500,50.60750,52.44500,11788400
2025-01-23,52.50000,53.21000,50.99750,52.13750,9166800
2025-01-24,52.25000,55.16500,52.22250,54.74750,12555200
2025-01-27,53.17500,53.50000,50.30250,50.96750,9715200
2025-01-28,51.39500,52.15500,51.00000,51.93750,7441600
2025-01-29,51.87750,53.02500,51.67500,52.81250,6513200
2025-01-30,53.23000,55.27250,53.23000,54.79250,10483200
2025-01-31,55.05000,55.06250,53.87500,54.36000,7226400
2025-02-03,52.60750,56.24000,52.47000,55.87000,9092400
2025-02-04,55.88000,56.10000,55.05500,55.37000,6685600
2025-02-05,55.87000,58.66250,55.55000,58.36250,11281600
2025-02-06,58.74500,58.82500,56.58750,57.05750,6990800
2025-02-07,57.28750,57.99250,56.99750,57.78500,8024000
2025-02-10,57.96000,58.15250,56.18000,56.54750,6965200
2025-02-11,56.54750,56.54750,54.75000,55.36750,5737200
2025-02-12,55.67250,57.61750,55.31000,57.55000,7232400
2025-02-13,57.96750,58.96500,57.08500,58.71250,7685200
2025-02-14,58.56000,59.13250,57.10500,58.53000,6692400
2025-02-18,58.97000,59.12500,57.97500,58.88250,4697200
2025-02-19,58.87500,59.12500,57.51000,58.16250,5576800
2025-02-20,58.05000,58.05000,55.20000,56.50000,9383600
2025-02-21,56.87250,56.98750,54.32250,54.68250,8411600
2025-02-24,54.83250,55.52250,52.68250,53.65250,9196400
2025-02-25,53.34000,53.49750,49.72250,50.23500,11353600
2025-02-26,50.91750,52.46750,50.64750,51.66500,6804400
2025-02-27,52.52500,52.79000,50.69000,50.87500,5276000
2025-02-28,50.62750,51.74000,50.35250,51.10000,31178800
2025-03-03,52.28750,52.90750,50.16750,50.38250,7155600
2025-03-04,49.07250,49.98250,46.50000,49.00750,11927600
2025-03-05,48.92750,49.44250,48.31500,49.17250,8185600
2025-03-06,48.16500,48.64000,46.30500,47.42500,11940400
2025-03-07,47.00250,48.11000,45.57750,48.04250,13196400
2025-03-10,46.06250,46.25000,41.35000,41.79000,19729600
2025-03-11,42.34250,43.40500,41.67250,42.58500,11024400
2025-03-12,44.23000,44.36250,42.58750,42.78500,10930800
2025-03-13,42.90000,42.90000,39.76000,40.25750,13859600
2025-03-14,41.30500,42.35500,40.87500,42.02750,8918000
2025-03-17,41.94250,43.92750,41.94250,43.60000,7474000
2025-03-18,42.87750,43.39500,42.30500,43.17250,6201600
2025-03-19,43.26000,45.23500,42.80500,44.53750,6514800
2025-03-20,43.84750,44.50000,43.62000,43.96500,7316800
2025-03-21,43.28250,43.47250,42.61250,43.34000,14297200
2025-03-24,44.56000,45.47250,44.27750,44.98500,7204800
2025-03-25,45.33750,45.93250,44.50000,44.85000,8203600
2025-03-26,44.89750,44.94500,43.30750,43.48500,8208800
2025-03-27,43.12750,43.25000,41.59500,42.25000,13220400
2025-03-28,41.60250,42.25500,40.62000,41.18000,9490800
2025-03-31,39.82250,41.66000,39.30250,41.39750,7049600
2025-04-01,41.35000,43.35750,40.81750,43.27000,8852800
2025-04-02,42.59750,44.39500,42.23500,43.57750,5506800
2025-04-03,40.33500,41.28000,39.71000,39.87000,8550800
2025-04-04,37.86750,38.07500,35.36250,36.52000,11909600
2025-04-07,34.27500,37.67250,32.82000,36.07250,18885600
2025-04-08,38.39250,38.78500,36.02500,36.75500,12812400
2025-04-09,36.46250,43.28250,36.22500,42.68000,18881600
2025-04-10,40.94250,42.80250,40.02500,41.07750,13294400
2025-04-11,41.07750,43.14000,40.76250,42.83750,9916400
2025-04-14,44.23500,44.29750,42.73000,43.24750,6736000
2025-04-15,43.31250,44.32500,43.31250,43.35750,10005600
2025-04-16,39.85000,40.82250,38.30000,39.47500,28485200
2025-04-17,39.75000,40.42500,39.13000,39.88000,9123200
2025-04-21,39.31250,39.45000,38.09750,38.37750,6314000
2025-04-22,38.73250,39.90000,38.52750,39.37000,7394800
2025-04-23,41.31500,42.27750,40.18750,40.42750,7564000
2025-04-24,40.62500,42.48250,40.57500,42.26250,5206400
2025-04-25,42.13000,42.60000,41.87500,42.32000,4029600
2025-04-28,42.73500,43.25000,41.76250,42.33750,4662800
2025-04-29,42.02500,43.18500,41.89500,42.94500,3956800
2025-04-30,41.69000,43.05500,41.42750,42.96250,4774000
2025-05-01,43.18750,44.27250,43.10000,43.58500,8007200
2025-05-02,44.56500,45.61500,44.30500,45.38750,5773600
2025-05-05,44.84750,45.56500,44.47250,44.88500,4022000
2025-05-06,44.05250,44.84750,43.77750,44.58000,4218000
2025-05-07,44.50000,45.34500,44.44500,44.94750,5633600
2025-05-08,46.14750,46.73750,45.68750,46.12250,5271600
2025-05-09,46.17250,46.74250,46.09750,46.40000,2972000
2025-05-12,48.95500,49.37500,48.22500,49.31000,7312800
2025-05-13,49.47500,51.30500,49.36250,50.69500,5504800
2025-05-14,50.76000,51.37250,50.44250,50.87500,4325200
2025-05-15,50.53000,51.78750,50.36250,51.74750,4218000
2025-05-16,51.72500,52.61500,51.72500,52.28750,4639600
2025-05-19,51.16000,52.31500,50.78000,52.00000,5797600
2025-05-20,51.94750,52.61250,51.82250,52.58500,3446800
2025-05-21,51.99500,52.55750,51.04000,51.31750,4792800
2025-05-22,51.53250,52.12500,51.23000,51.68000,4625200
2025-05-23,50.54250,52.07500,50.10000,51.65250,3871600
2025-05-27,52.30750,53.22500,51.84000,53.13250,5056800
2025-05-28,53.13250,53.37500,52.65000,52.70250,2746400
2025-05-29,53.44000,53.53500,51.94500,52.32500,3860000
2025-05-30,51.96250,52.55500,51.13500,52.42000,7512800
2025-06-02,52.23750,52.70000,51.00000,52.05000,4780000
2025-06-03,51.91750,52.33500,51.22250,51.97750,4966400
2025-06-04,52.00750,52.41250,51.50250,51.50750,4560800
2025-06-05,51.56250,52.16000,51.05000,51.70500,5034000
2025-06-06,52.65000,53.47750,52.17750,52.95750,6523600
2025-06-09,52.31250,52.31250,49.15000,51.16750,8046400
2025-06-10,50.90000,51.62000,50.13500,51.26250,4836400
2025-06-11,51.32000,51.74500,50.60500,51.12750,4220800
2025-06-12,50.42500,51.37500,50.17750,51.24500,2906000
2025-06-13,51.16750,51.19250,50.18500,50.54000,3406000
2025-06-16,51.16500,52.74500,51.09750,52.41500,4000400
2025-06-17,52.01750,52.71750,51.65500,52.04250,3683600
2025-06-18,52.09000,52.85000,51.70000,52.60000,4461800
2025-06-20,52.66000,53.30000,51.20000,51.34000,6912800
2025-06-23,51.23000,51.73000,49.30000,50.53000,5656200
2025-06-24,51.58000,51.87000,50.83000,51.64000,3353800
2025-06-25,52.32000,53.15000,51.83000,52.26000,4457000
2025-06-26,52.39000,53.95000,51.95000,53.41000,5889300
2025-06-27,53.86000,54.60000,52.96000,53.96000,11180300
2025-06-30,55.18000,55.62000,54.30000,55.41000,5775500
2025-07-01,55.57000,56.62000,53.14000,56.32000,8968700
2025-07-02,56.96000,58.29000,56.50000,58.22000,6904900
2025-07-03,58.41000,58.48000,57.29000,57.98000,4499800
2025-07-07,58.11000,58.70000,57.45000,57.78000,4166100
2025-07-08,58.26000,58.38000,56.33000,56.62000,4832700
2025-07-09,56.95000,58.74000,56.93000,57.84000,5163500
2025-07-10,58.26000,59.21000,57.62000,58.92000,3706300
2025-07-11,58.69000,59.62000,58.38000,58.60000,4434700
2025-07-14,59.28000,59.74000,58.70000,59.60000,4432900
2025-07-15,59.31000,60.35000,58.50000,59.63000,6061100
2025-07-16,60.03000,60.38000,58.18000,59.45000,5991900
2025-07-17,59.26000,60.37000,58.80000,59.43000,8101600
2025-07-18,63.81000,65.74000,62.53000,64.05000,15014000
2025-07-21,62.80000,63.33000,61.71000,62.00000,7994600
2025-07-22,61.80000,62.47000,59.63000,62.25000,7216900
2025-07-23,62.59000,63.34000,62.27000,63.32000,4678500
2025-07-24,63.45000,64.79000,63.24000,64.70000,6355900
2025-07-25,64.96000,65.96000,64.36000,65.50000,5152500
2025-07-28,66.31000,66.61000,65.15000,65.39000,3616000
2025-07-29,65.68000,66.09000,64.95000,65.20000,4651700
2025-07-30,65.57000,66.82000,65.25000,66.22000,3832700
2025-07-31,66.58000,66.76000,65.47000,65.56000,4059100
2025-08-01,63.71000,66.18000,62.22000,63.61000,7976400
2025-08-04,64.33000,64.94000,63.77000,64.90000,3006700
2025-08-05,65.03000,65.50000,63.21000,63.71000,4161400
2025-08-06,63.64000,64.35000,63.07000,63.82000,2898500
2025-08-07,64.30000,64.50000,63.24000,64.25000,3357900
2025-08-08,64.69000,66.06000,64.45000,65.91000,3529100
2025-08-11,66.61000,66.63000,65.41000,66.18000,2660700
2025-08-12,67.08000,68.07000,66.70000,67.63000,3890300
2025-08-13,67.80000,67.86000,62.03000,63.49000,9351100
2025-08-14,63.35000,64.59000,62.80000,63.92000,3688200
2025-08-15,63.80000,64.20000,62.75000,63.31000,2786700
2025-08-18,63.23000,63.96000,62.73000,63.64000,3732300
2025-08-19,63.78000,63.97000,62.17000,62.41000,3856000
2025-08-20,62.14000,62.56000,60.06000,62.46000,5595500
2025-08-21,62.38000,62.80000,61.94000,62.47000,2660200
2025-08-22,62.60000,63.38000,61.39000,62.40000,3867500
2025-08-25,62.39000,63.23000,62.15000,62.76000,5090200
2025-08-26,64.50000,64.50000,61.85000,63.30000,12322400
2025-08-27,62.58000,62.75000,61.16000,61.79000,98998600
2025-08-28,62.48000,62.96000,62.01000,62.78000,8207000
2025-08-29,62.48000,62.81000,61.64000,62.24000,6085000
2025-09-02,61.30000,63.91000,60.79000,63.90000,7413900
2025-09-03,63.95000,64.27000,63.17000,63.95000,5778600
2025-09-04,64.10000,64.77000,63.87000,64.28000,5551800
2025-09-05,64.10000,64.22000,59.94000,60.16000,11597800
2025-09-08,60.83000,61.67000,60.78000,61.11000,5544900
2025-09-09,60.86000,62.44000,60.66000,62.21000,4619700
2025-09-10,62.43000,62.95000,62.00000,62.51000,3824700
2025-09-11,62.53000,63.79000,62.28000,63.34000,3946400
2025-09-12,63.30000,64.43000,63.03000,63.70000,3396700
2025-09-15,63.82000,64.33000,62.21000,62.25000,4073800
2025-09-16,62.25000,62.72000,61.56000,62.48000,4098800
2025-09-17,62.56000,63.09000,61.26000,62.34000,5261700
2025-09-18,62.70000,65.54000,62.61000,64.92000,6262000
2025-09-19,65.44000,65.47000,64.15000,65.03000,8102900
2025-09-22,64.19000,64.76000,63.48000,64.22000,4777000
2025-09-23,64.30000,66.11000,64.11000,65.49000,5352900
2025-09-24,66.12000,66.35000,64.25000,64.46000,3783300
2025-09-25,63.51000,65.50000,62.86000,64.97000,3126800
2025-09-26,65.58000,66.32000,65.10000,66.12000,3881100
2025-09-29,66.80000,68.83000,66.62000,68.80000,5912500
2025-09-30,68.70000,70.27000,67.87000,68.81000,4920000
2025-10-01,67.86000,70.49000,67.05000,68.78000,7265500
2025-10-02,69.48000,71.63000,69.19000,70.95000,5379200
2025-10-03,71.77000,71.78000,69.54000,70.36000,3740600
2025-10-06,70.97000,71.44000,69.52000,69.61000,3723400
2025-10-07,70.13000,70.41000,68.56000,69.35000,3242100
2025-10-08,70.00000,72.30000,69.35000,72.05000,4341000
2025-10-09,71.64000,72.72000,71.45000,72.62000,3013900
2025-10-10,72.49000,73.35000,68.80000,69.01000,5043700
2025-10-13,70.78000,70.94000,69.76000,70.52000,2899200
2025-10-14,69.32000,71.14000,68.11000,69.36000,4746700
2025-10-15,70.63000,70.96000,68.79000,69.77000,4912500
2025-10-16,70.81000,71.09000,67.88000,68.52000,10050100
2025-10-17,66.69000,69.02000,65.21000,66.23000,9231400
2025-10-20,67.38000,68.33000,66.04000,66.94000,5249700
2025-10-21,66.75000,67.59000,65.88000,66.27000,3765400
2025-10-22,66.56000,66.95000,64.15000,64.77000,5747000
2025-10-23,65.03000,67.96000,65.01000,67.17000,8459300
2025-10-24,68.16000,69.49000,67.78000,68.75000,4238500
2025-10-27,69.94000,70.26000,69.15000,69.49000,3154500
2025-10-28,70.00000,70.00000,68.57000,68.65000,2595300
2025-10-29,68.71000,69.63000,68.14000,69.19000,2903400
2025-10-30,68.66000,70.56000,68.32000,68.51000,3071200
2025-10-31,69.03000,70.90000,68.28000,70.36000,3834500
2025-11-03,70.89000,73.27000,70.16000,73.08000,6430500
2025-11-04,70.91000,72.09000,69.30000,70.69000,4801700
2025-11-05,71.20000,72.19000,70.05000,71.62000,2769000
2025-11-06,71.05000,71.23000,68.72000,69.86000,3574600
2025-11-07,69.01000,70.85000,67.60000,70.54000,4294900
2025-11-10,71.84000,72.30000,70.38000,71.13000,3255200
2025-11-11,70.49000,71.49000,70.49000,70.87000,2780400
2025-11-12,71.39000,72.98000,71.00000,72.70000,4300200
2025-11-13,72.52000,72.52000,66.74000,67.04000,6274100
2025-11-14,65.41000,67.23000,64.42000,66.03000,5337100
2025-11-17,65.76000,66.48000,62.96000,63.41000,4918000
2025-11-18,62.72000,64.26000,62.09000,63.27000,4146700
2025-11-19,63.52000,64.96000,63.43000,64.56000,3073600
2025-11-20,66.25000,67.33000,61.27000,61.56000,5978600
2025-11-21,61.54000,61.75000,58.95000,61.05000,6901300
2025-11-24,61.52000,62.71000,61.16000,62.43000,4423000
2025-11-25,62.34000,63.46000,61.03000,63.17000,3034900
2025-11-26,63.91000,64.69000,63.47000,64.19000,3547700
2025-11-28,65.00000,65.28000,64.41000,65.02000,2725000
2025-12-01,64.23000,65.33000,62.15000,63.54000,5982500
2025-12-02,64.23000,64.30000,63.15000,63.59000,5651000
2025-12-03,63.77000,65.09000,63.59000,64.96000,2400100
2025-12-04,64.99000,66.19000,64.83000,65.95000,3100500
2025-12-05,65.75000,66.05000,64.40000,64.50000,3154500
2025-12-08,64.65000,65.87000,64.20000,65.81000,2583500
2025-12-09,65.48000,66.25000,65.24000,65.56000,3147500
2025-12-10,65.75000,67.13000,65.38000,66.67000,3101600
2025-12-11,66.14000,66.62000,64.80000,66.06000,4002300
2025-12-12,66.00000,66.00000,62.58000,64.15000,5181100
2025-12-15,64.54000,64.55000,62.66000,62.87000,4701400
2025-12-16,62.87000,63.30000,62.31000,63.06000,3552300
2025-12-17,63.50000,64.70000,62.10000,62.45000,3907100
2025-12-18,63.69000,64.00000,62.55000,62.94000,3709200
2025-12-19,63.25000,64.72000,63.25000,64.26000,4757900
2025-12-22,65.27000,65.92000,64.40000,65.80000,3119400
2025-12-23,65.80000,66.34000,65.46000,65.96000,3085400
2025-12-24,65.84000,66.13000,65.47000,65.98000,1344500
2025-12-26,65.98000,66.24000,65.70000,66.16000,1918300
2025-12-29,65.70000,65.80000,64.90000,65.35000,2442200
2025-12-30,65.65000,66.40000,64.88000,65.00000,2106700
2025-12-31,65.04000,65.19000,64.24000,64.31000,2300800
2026-01-02,65.41000,67.56000,65.05000,67.23000,4881600
2026-01-05,67.95000,71.69000,67.85000,71.57000,5283100
2026-01-06,71.94000,72.96000,71.27000,72.88000,4603800
2026-01-07,72.34000,72.72000,71.24000,71.34000,4163200
2026-01-08,71.33000,71.54000,69.54000,70.16000,4124100
2026-01-09,70.80000,71.26000,69.98000,70.47000,3796900
2026-01-12,70.38000,71.44000,70.10000,70.79000,2831400
2026-01-13,71.00000,71.59000,69.97000,70.59000,3637300
2026-01-14,70.38000,71.40000,69.33000,71.35000,5180500
2026-01-15,71.90000,75.64000,71.90000,73.68000,6760400
2026-01-16,74.05000,74.07000,72.06000,73.36000,4127400
2026-01-20,72.00000,73.03000,70.79000,71.51000,9304900
2026-01-21,72.00000,76.97000,70.89000,75.80000,10541600
2026-01-22,77.12000,77.77000,76.28000,77.21000,5989500
2026-01-23,76.91000,78.56000,76.91000,77.58000,8053400
2026-01-26,77.37000,78.80000,75.29000,75.35000,6292800
2026-01-27,75.42000,76.01000,74.51000,75.48000,4948800
2026-01-28,75.93000,76.38000,74.70000,75.45000,4695700
2026-01-29,76.44000,77.55000,73.53000,75.66000,3984800
2026-01-30,75.05000,76.09000,74.49000,74.88000,3412800
2026-02-02,74.69000,77.98000,73.10000,75.27000,6897600
2026-02-03,76.52000,76.71000,73.80000,74.93000,5481700
2026-02-04,74.95000,75.05000,71.71000,73.44000,8126300
2026-02-05,71.61000,72.33000,69.01000,69.49000,8775700
2026-02-06,71.89000,74.86000,71.00000,74.59000,4891400
2026-02-09,74.72000,78.62000,74.35000,78.42000,3909300
2026-02-10,77.88000,79.18000,76.06000,77.20000,5564600
2026-02-11,77.63000,77.85000,74.80000,76.35000,3569200
2026-02-12,76.66000,77.67000,72.24000,73.06000,6887600
2026-02-13,73.00000,75.26000,71.51000,74.75000,4385100
2026-02-17,73.85000,74.15000,71.55000,73.29000,5587200
2026-02-18,73.47000,75.49000,73.29000,74.90000,4592200
2026-02-19,73.94000,74.23000,72.81000,73.99000,2459500
2026-02-20,73.64000,74.75000,73.16000,74.40000,2766800
2026-02-23,73.94000,74.64000,70.65000,71.54000,3814100
2026-02-24,71.05000,72.78000,70.15000,71.92000,3447100
2026-02-25,73.11000,73.75000,72.40000,73.65000,2898900
2026-02-26,73.68000,74.59000,72.33000,74.56000,3705500
2026-02-27,72.66000,73.05000,69.65000,71.19000,6182100
2026-03-02,69.22000,73.38000,68.57000,71.67000,5363800
2026-03-03,68.97000,70.38000,67.53000,69.40000,6824400
2026-03-04,70.60000,71.07000,68.44000,69.15000,4587300
2026-03-05,68.47000,69.39000,66.68000,68.05000,4681300
2026-03-06,66.30000,67.42000,65.27000,66.70000,5378700
2026-03-09,65.34000,67.50000,63.49000,67.49000,4969300
2026-03-10,67.68000,69.99000,66.68000,68.50000,4928600
2026-03-11,68.23000,69.04000,67.04000,68.39000,3177400
2026-03-12,66.81000,67.29000,65.89000,66.92000,3988200
2026-03-13,67.24000,68.17000,65.87000,66.19000,3384300
2026-03-16,67.25000,69.31000,67.07000,68.28000,4185200
2026-03-17,68.91000,69.93000,68.32000,68.63000,2742200
2026-03-18,68.50000,69.49000,68.24000,68.45000,4464700
2026-03-19,67.48000,68.20000,66.92000,67.69000,5189400
2026-03-20,67.68000,67.92000,65.00000,65.47000,8997200
2026-03-23,67.30000,69.32000,66.81000,67.84000,7274300
2026-03-24,66.90000,67.62000,64.49000,66.12000,7816600
2026-03-25,67.15000,69.82000,66.94000,68.68000,5456600
2026-03-26,68.09000,68.80000,65.69000,66.20000,3518600
2026-03-27,65.50000,66.15000,64.04000,64.20000,3882200
2026-03-30,64.70000,65.25000,63.02000,63.69000,4262600
2026-03-31,64.80000,67.37000,64.30000,67.07000,4618900
2026-04-01,68.38000,70.00000,67.79000,67.91000,5917500
2026-04-02,66.13000,68.88000,65.40000,67.74000,3054100
2026-04-06,68.09000,68.85000,67.75000,68.62000,2540100
2026-04-07,68.06000,68.30000,66.72000,68.11000,3579400
2026-04-08,72.64000,73.48000,71.15000,72.31000,5096000
2026-04-09,71.76000,73.09000,71.54000,71.93000,4768800
2026-04-10,72.14000,72.28000,70.12000,71.21000,3698500
2026-04-13,70.51000,74.73000,70.51000,74.55000,4787200
2026-04-14,76.00000,77.25000,74.35000,77.10000,5608300
2026-04-15,78.39000,79.71000,78.02000,79.14610,2758459
