date,open,high,low,close,volume
2016-02-04,31.03000,31.83000,30.96000,31.76000,544500
2016-02-05,31.44000,31.88000,30.90000,31.40000,626900
2016-02-08,30.50000,31.49000,30.29000,31.24000,323300
2016-02-09,30.76000,31.06000,30.10000,30.58000,581900
2016-02-10,30.30000,30.66000,29.68000,29.73000,335700
2016-02-11,29.13000,29.75000,28.47000,29.12000,379100
2016-02-12,29.60000,30.17000,29.19000,29.67000,397600
2016-02-16,30.30000,30.37000,29.24000,29.60000,299900
2016-02-17,30.16000,30.96000,29.81000,30.93000,354600
2016-02-18,31.35000,31.37000,30.36000,30.72000,246100
2016-02-19,30.13000,30.97000,29.95000,30.82000,364100
2016-02-22,31.32000,31.80000,31.08000,31.27000,357700
2016-02-23,30.95000,31.24000,30.19000,30.90000,301200
2016-02-24,29.87000,31.45000,29.79000,31.30000,335700
2016-02-25,31.22000,31.63000,30.70000,31.50000,206800
2016-02-26,32.14000,32.34000,31.28000,31.57000,241300
2016-02-29,31.69000,32.30000,31.51000,31.86000,240500
2016-03-01,32.11000,32.40000,31.69000,32.15000,238500
2016-03-02,31.81000,32.40000,31.19000,32.35000,289000
2016-03-03,32.28000,33.04000,32.18000,32.67000,296200
2016-03-04,32.82000,33.21000,32.61000,33.14000,272500
2016-03-07,33.20000,34.00000,33.12000,33.57000,337500
2016-03-08,33.42000,33.53000,32.73000,33.11000,265600
2016-03-09,33.53000,34.00000,33.23000,33.32000,275900
2016-03-10,33.25000,33.51000,32.35000,32.70000,306600
2016-03-11,33.42000,33.64000,33.15000,33.56000,206400
2016-03-14,33.21000,33.57000,33.03000,33.40000,243500
2016-03-15,33.06000,34.40000,33.05000,34.26000,347300
2016-03-16,34.49000,34.67000,33.86000,34.54000,1222600
2016-03-17,34.99000,35.27000,34.61000,35.10000,432900
2016-03-18,35.35000,35.48000,34.40000,34.40000,498400
2016-03-21,34.29000,34.54000,33.95000,34.17000,294700
2016-03-22,33.95000,34.60000,33.82000,34.14000,426500
2016-03-23,34.07000,34.07000,32.39000,32.67000,1213000
2016-03-24,32.03000,33.18000,32.01000,32.98000,450900
2016-03-28,32.98000,33.25000,32.77000,33.21000,272300
2016-03-29,32.67000,33.32000,32.46000,33.12000,289700
2016-03-30,33.48000,33.93000,33.14000,33.34000,321200
2016-03-31,33.24000,33.89000,33.24000,33.40000,269300
2016-04-01,32.80000,32.86000,32.23000,32.64000,353700
2016-04-04,32.50000,32.74000,31.39000,31.51000,382300
2016-04-05,30.90000,31.40000,30.79000,30.91000,444300
2016-04-06,31.01000,31.56000,30.86000,31.47000,442100
2016-04-07,31.21000,31.22000,30.82000,30.92000,469700
2016-04-08,31.92000,32.07000,31.34000,31.43000,450000
2016-04-11,31.72000,32.06000,30.52000,30.95000,1106700
2016-04-12,31.16000,32.16000,31.11000,31.90000,1009800
2016-04-13,31.95000,32.10000,31.39000,31.51000,276800
2016-04-14,31.58000,31.88000,31.43000,31.58000,299700
2016-04-15,31.19000,31.48000,31.06000,31.12000,218300
2016-04-18,30.54000,31.75000,30.51000,31.61000,187500
2016-04-19,31.88000,32.53000,31.69000,32.34000,223500
2016-04-20,32.18000,33.04000,31.89000,32.51000,283300
2016-04-21,32.57000,32.65000,31.69000,31.84000,223200
2016-04-22,32.02000,32.62000,31.79000,32.05000,183100
2016-04-25,31.86000,32.48000,31.70000,32.45000,218700
2016-04-26,32.71000,33.37000,32.64000,33.10000,372800
2016-04-27,33.31000,33.61000,32.90000,33.11000,279100
2016-04-28,33.09000,34.06000,32.60000,33.50000,363300
2016-04-29,33.57000,33.88000,32.98000,32.98000,300500
2016-05-02,33.15000,33.17000,32.08000,32.38000,389300
2016-05-03,31.88000,31.95000,31.41000,31.67000,375800
2016-05-04,31.81000,31.99000,31.19000,31.42000,322200
2016-05-05,32.35000,32.37000,31.07000,31.15000,428600
2016-05-06,30.95000,32.10000,30.87000,31.93000,338800
2016-05-09,31.72000,31.72000,30.94000,31.21000,342300
2016-05-10,31.42000,32.19000,31.33000,32.03000,209700
2016-05-11,31.81000,32.15000,31.22000,31.61000,261600
2016-05-12,31.88000,32.20000,31.18000,31.34000,277900
2016-05-13,31.27000,31.43000,30.94000,30.99000,166400
2016-05-16,31.36000,31.93000,31.36000,31.89000,204500
2016-05-17,31.79000,32.31000,31.68000,31.81000,286000
2016-05-18,31.67000,31.93000,31.39000,31.56000,311500
2016-05-19,31.27000,31.27000,30.63000,31.10000,289700
2016-05-20,31.19000,31.51000,31.06000,31.24000,242700
2016-05-23,31.05000,31.22000,30.87000,30.88000,86600
2016-05-24,31.32000,31.87000,31.31000,31.50000,211900
2016-05-25,31.77000,32.27000,31.66000,32.20000,116600
2016-05-26,32.45000,32.82000,32.21000,32.38000,130300
2016-05-27,32.18000,32.50000,31.93000,32.40000,166700
2016-05-31,32.26000,32.47000,31.64000,31.83000,180500
2016-06-01,31.72000,31.82000,31.30000,31.82000,192100
2016-06-02,31.46000,31.72000,31.16000,31.60000,139700
2016-06-03,31.83000,32.18000,31.72000,32.11000,131500
2016-06-06,32.28000,32.78000,32.26000,32.78000,156600
2016-06-07,32.78000,33.59000,32.78000,33.52000,253800
2016-06-08,33.93000,34.11000,32.34000,32.50000,246400
2016-06-09,32.05000,32.62000,31.84000,31.89000,180300
2016-06-10,31.69000,31.98000,31.19000,31.26000,214100
2016-06-13,31.10000,31.46000,30.85000,31.02000,161400
2016-06-14,30.89000,31.43000,30.89000,30.91000,218200
2016-06-15,30.70000,31.22000,30.66000,30.72000,163700
2016-06-16,30.34000,30.82000,30.03000,30.60000,123500
2016-06-17,30.88000,31.09000,30.71000,30.89000,171300
2016-06-20,31.43000,31.66000,31.20000,31.44000,132900
2016-06-21,31.27000,31.69000,31.10000,31.47000,306200
2016-06-22,31.62000,31.62000,30.83000,31.06000,122600
2016-06-23,31.45000,31.83000,31.28000,31.69000,118900
2016-06-24,30.17000,30.82000,30.14000,30.38000,220400
2016-06-27,30.00000,30.29000,29.54000,29.66000,155900
2016-06-28,30.22000,30.57000,29.83000,30.17000,108200
2016-06-29,30.41000,31.12000,30.41000,30.99000,143700
2016-06-30,30.87000,31.70000,30.85000,31.56000,200800
2016-07-01,31.72000,31.92000,31.52000,31.74000,117500
2016-07-05,31.45000,31.97000,31.41000,31.59000,146100
2016-07-06,31.51000,31.75000,31.06000,31.69000,121800
2016-07-07,32.00000,32.13000,31.44000,31.49000,217800
2016-07-08,31.68000,31.88000,31.24000,31.30000,127200
2016-07-11,31.35000,31.70000,31.30000,31.52000,119200
2016-07-12,31.94000,32.35000,31.93000,32.14000,133100
2016-07-13,32.01000,32.32000,31.82000,31.87000,137800
2016-07-14,32.15000,32.41000,32.01000,32.18000,139400
2016-07-15,32.20000,32.31000,32.02000,32.08000,113400
2016-07-18,31.98000,32.42000,31.70000,32.38000,77700
2016-07-19,32.24000,32.24000,31.60000,31.80000,138600
2016-07-20,31.65000,32.09000,31.56000,31.90000,106100
2016-07-21,31.84000,32.05000,31.69000,31.75000,61800
2016-07-22,31.79000,31.90000,31.43000,31.79000,65600
2016-07-25,31.51000,31.51000,30.66000,30.73000,124400
2016-07-26,30.53000,31.02000,30.41000,30.74000,97700
2016-07-27,30.73000,31.04000,30.41000,30.51000,119900
2016-07-28,30.54000,30.79000,30.37000,30.65000,133000
2016-07-29,30.45000,31.01000,30.30000,30.69000,130800
2016-08-01,30.20000,30.53000,29.26000,29.39000,238700
2016-08-02,30.20000,30.67000,29.29000,29.72000,289600
2016-08-03,29.72000,30.38000,29.52000,30.33000,118600
2016-08-04,30.21000,30.81000,30.21000,30.51000,131500
2016-08-05,30.37000,30.37000,30.04000,30.32000,78200
2016-08-08,30.52000,30.97000,30.48000,30.74000,141300
2016-08-09,30.92000,31.24000,30.85000,30.99000,88500
2016-08-10,31.16000,31.40000,30.79000,31.01000,89400
2016-08-11,31.05000,31.70000,31.03000,31.53000,102800
2016-08-12,31.57000,31.93000,31.52000,31.78000,74700
2016-08-15,32.00000,32.04000,31.29000,31.67000,114000
2016-08-16,31.64000,31.96000,31.38000,31.64000,118300
2016-08-17,31.42000,31.50000,31.11000,31.38000,96300
2016-08-18,31.57000,31.91000,31.49000,31.77000,78200
2016-08-19,31.33000,31.65000,31.27000,31.51000,91400
2016-08-22,31.20000,31.52000,30.96000,31.44000,126900
2016-08-23,31.33000,31.85000,31.28000,31.73000,197700
2016-08-24,31.45000,31.90000,31.45000,31.78000,83800
2016-08-25,31.72000,31.72000,31.15000,31.20000,94500
2016-08-26,31.51000,31.51000,30.58000,30.82000,202000
2016-08-29,30.83000,31.07000,30.69000,30.75000,150100
2016-08-30,30.72000,30.99000,30.71000,30.96000,136200
2016-08-31,30.65000,30.75000,30.19000,30.46000,134300
2016-09-01,30.29000,30.62000,30.13000,30.58000,85600
2016-09-02,30.71000,31.47000,30.71000,31.42000,121900
2016-09-06,31.52000,31.73000,31.50000,31.64000,68700
2016-09-07,31.76000,31.79000,31.24000,31.55000,53500
2016-09-08,31.60000,31.95000,31.33000,31.42000,173400
2016-09-09,30.95000,31.04000,30.33000,30.59000,149400
2016-09-12,30.36000,30.76000,30.07000,30.43000,159900
2016-09-13,30.02000,30.07000,29.34000,29.66000,140800
2016-09-14,29.61000,30.19000,29.38000,29.72000,163800
2016-09-15,29.89000,30.02000,29.67000,29.93000,71400
2016-09-16,29.50000,29.91000,29.49000,29.88000,254200
2016-09-19,30.15000,30.20000,29.93000,30.03000,147900
2016-09-20,29.95000,30.33000,29.83000,29.83000,181000
2016-09-21,30.06000,30.09000,29.44000,29.97000,308100
2016-09-22,30.50000,30.93000,30.40000,30.69000,767500
2016-09-23,30.47000,30.74000,29.88000,30.10000,166700
2016-09-26,30.31000,30.57000,29.99000,30.06000,254300
2016-09-27,29.77000,30.21000,29.74000,29.82000,207400
2016-09-28,30.08000,31.18000,30.06000,31.00000,540200
2016-09-29,31.07000,32.16000,30.76000,31.55000,652100
2016-09-30,31.80000,31.89000,31.28000,31.32000,378600
2016-10-03,31.35000,31.60000,31.07000,31.54000,125000
2016-10-04,31.59000,31.89000,31.17000,31.29000,95300
2016-10-05,31.68000,32.25000,31.49000,32.15000,153300
2016-10-06,32.26000,32.82000,31.98000,32.60000,177300
2016-10-07,32.55000,32.60000,31.73000,32.17000,131900
2016-10-10,32.48000,32.82000,32.40000,32.77000,61200
2016-10-11,32.47000,32.82000,32.47000,32.55000,117700
2016-10-12,32.35000,32.77000,32.13000,32.48000,80200
2016-10-13,32.23000,32.98000,32.05000,32.86000,176800
2016-10-14,33.00000,33.00000,32.37000,32.41000,173500
2016-10-17,32.39000,32.53000,32.17000,32.38000,114900
2016-10-18,32.57000,32.67000,32.39000,32.51000,72600
2016-10-19,32.82000,33.11000,32.69000,32.77000,137400
2016-10-20,32.60000,32.84000,32.27000,32.65000,83300
2016-10-21,32.36000,32.90000,32.10000,32.74000,84100
2016-10-24,33.11000,33.50000,32.69000,33.08000,346300
2016-10-25,33.10000,33.49000,32.82000,32.86000,175800
2016-10-26,32.55000,32.90000,32.41000,32.63000,156300
2016-10-27,32.87000,33.79000,32.72000,33.50000,213200
2016-10-28,33.16000,33.29000,32.31000,32.40000,180100
2016-10-31,32.34000,32.91000,32.34000,32.48000,242700
2016-11-01,32.79000,33.05000,32.63000,32.99000,234100
2016-11-02,32.68000,33.04000,32.52000,32.60000,124400
2016-11-03,32.58000,32.81000,32.47000,32.66000,104600
2016-11-04,32.40000,32.65000,32.14000,32.27000,254200
2016-11-07,32.36000,32.79000,32.36000,32.66000,102800
2016-11-08,32.58000,33.04000,32.46000,32.70000,151200
2016-11-09,32.46000,32.88000,32.27000,32.83000,78700
2016-11-10,32.49000,32.77000,32.30000,32.43000,181400
2016-11-11,32.18000,32.18000,31.60000,31.77000,108400
2016-11-14,31.77000,32.13000,31.35000,31.99000,149200
2016-11-15,32.35000,33.19000,32.16000,33.09000,108900
2016-11-16,32.94000,33.32000,32.70000,33.02000,171700
2016-11-17,33.37000,33.52000,32.92000,32.94000,180400
2016-11-18,32.91000,33.24000,32.84000,33.11000,91900
2016-11-21,33.72000,33.92000,33.40000,33.92000,162600
2016-11-22,34.00000,34.23000,33.76000,34.12000,138800
2016-11-23,33.81000,33.84000,33.59000,33.67000,87800
2016-11-25,33.55000,33.77000,33.12000,33.37000,40500
2016-11-28,33.54000,33.85000,33.08000,33.16000,154500
2016-11-29,32.70000,32.96000,32.37000,32.91000,145200
2016-11-30,33.84000,34.68000,33.84000,34.32000,276000
2016-12-01,34.91000,34.93000,33.93000,34.02000,153900
2016-12-02,33.96000,34.06000,33.56000,33.69000,151000
2016-12-05,33.95000,34.23000,33.69000,34.08000,136500
2016-12-06,33.81000,34.97000,33.81000,34.77000,216400
2016-12-07,34.78000,35.03000,34.57000,34.95000,126400
2016-12-08,34.99000,35.08000,34.49000,35.06000,127700
2016-12-09,35.06000,35.38000,35.04000,35.22000,186300
2016-12-12,35.85000,36.67000,35.85000,36.37000,223400
2016-12-13,36.60000,36.85000,36.41000,36.55000,162000
2016-12-14,36.56000,36.65000,35.38000,35.47000,156000
2016-12-15,35.18000,35.70000,35.01000,35.57000,113200
2016-12-16,35.77000,36.32000,35.65000,36.04000,202100
2016-12-19,36.18000,36.18000,35.52000,35.61000,152500
2016-12-20,35.60000,36.00000,35.58000,35.84000,166000
2016-12-21,35.63000,36.39000,35.63000,35.90000,121300
2016-12-22,35.80000,35.91000,35.55000,35.67000,145600
2016-12-23,35.41000,35.59000,34.93000,35.02000,166700
2016-12-27,33.99000,35.46000,33.72000,34.88000,62100
2016-12-28,34.78000,35.19000,34.78000,34.84000,87700
2016-12-29,34.79000,35.15000,34.77000,34.94000,86700
2016-12-30,34.82000,35.36000,34.68000,34.76000,115400
2017-01-03,35.15000,35.42000,34.78000,35.03000,170300
2017-01-04,35.11000,35.25000,34.97000,35.23000,79000
2017-01-05,34.80000,35.17000,34.71000,34.88000,127900
2017-01-06,34.76000,35.09000,34.64000,34.96000,163700
2017-01-09,34.81000,34.94000,34.49000,34.65000,133600
2017-01-10,34.84000,34.98000,34.45000,34.49000,122100
2017-01-11,34.62000,34.68000,34.13000,34.60000,136800
2017-01-12,34.79000,34.79000,34.31000,34.43000,84500
2017-01-13,34.46000,34.53000,34.30000,34.37000,68700
2017-01-17,34.53000,34.77000,34.39000,34.55000,121500
2017-01-18,34.46000,34.62000,33.60000,33.65000,138000
2017-01-19,33.48000,33.74000,33.10000,33.28000,148000
2017-01-20,33.51000,33.77000,33.28000,33.34000,154500
2017-01-23,33.43000,33.43000,32.82000,33.02000,290800
2017-01-24,32.63000,33.48000,32.63000,33.47000,298800
2017-01-25,33.57000,33.89000,33.45000,33.81000,305000
2017-01-26,33.96000,33.96000,33.19000,33.38000,212500
2017-01-27,33.43000,33.60000,33.06000,33.17000,194000
2017-01-30,33.33000,33.33000,32.57000,32.61000,378500
2017-01-31,33.09000,33.09000,32.53000,32.88000,413600
2017-02-01,33.06000,33.11000,32.68000,33.02000,420900
2017-02-02,33.16000,33.24000,32.69000,32.95000,168400
2017-02-03,33.12000,33.34000,32.65000,32.93000,172900
2017-02-06,33.03000,33.08000,32.29000,32.45000,147300
2017-02-07,32.28000,32.36000,31.88000,32.04000,205100
2017-02-08,31.92000,32.27000,31.67000,32.13000,134900
2017-02-09,32.52000,32.63000,32.21000,32.31000,144000
2017-02-10,32.61000,32.79000,32.48000,32.62000,159300
2017-02-13,32.70000,32.70000,32.16000,32.43000,182800
2017-02-14,32.47000,32.52000,32.12000,32.49000,107500
2017-02-15,32.51000,32.67000,32.34000,32.67000,265300
2017-02-16,32.56000,32.88000,32.52000,32.80000,233000
2017-02-17,32.43000,32.92000,32.34000,32.72000,161000
2017-02-21,32.82000,32.86000,32.59000,32.86000,176100
2017-02-22,32.35000,32.53000,32.13000,32.48000,242600
2017-02-23,32.92000,32.94000,32.48000,32.64000,254000
2017-02-24,32.72000,32.72000,31.31000,31.54000,398600
2017-02-27,31.73000,31.93000,31.40000,31.93000,311200
2017-02-28,31.69000,31.69000,31.24000,31.28000,283800
2017-03-01,31.39000,31.39000,30.70000,30.91000,633100
2017-03-02,30.71000,30.98000,30.62000,30.85000,277400
2017-03-03,30.80000,30.92000,30.59000,30.75000,374800
2017-03-06,30.60000,30.88000,30.52000,30.85000,198800
2017-03-07,30.99000,31.00000,30.68000,30.93000,256600
2017-03-08,30.75000,31.03000,30.21000,30.24000,258800
2017-03-09,30.16000,30.78000,30.05000,30.62000,328200
2017-03-10,31.00000,31.00000,30.17000,30.53000,425100
2017-03-13,30.59000,30.60000,30.21000,30.58000,231100
2017-03-14,30.37000,30.44000,30.04000,30.16000,190700
2017-03-15,30.22000,30.81000,30.15000,30.73000,470000
2017-03-16,30.72000,31.14000,30.72000,31.02000,305400
2017-03-17,31.11000,31.35000,30.81000,30.92000,249100
2017-03-20,30.87000,30.96000,30.58000,30.75000,264400
2017-03-21,31.08000,31.26000,30.53000,30.62000,267500
2017-03-22,30.56000,31.08000,30.27000,31.04000,201700
2017-03-23,30.99000,31.04000,30.59000,30.82000,213700
2017-03-24,31.01000,31.06000,30.71000,30.87000,151700
2017-03-27,30.71000,30.94000,30.65000,30.69000,173400
2017-03-28,30.83000,31.44000,30.59000,31.35000,206600
2017-03-29,31.23000,31.25000,30.75000,31.16000,353400
2017-03-30,31.20000,31.27000,30.47000,30.56000,342700
2017-03-31,30.64000,30.71000,30.42000,30.50000,382500
2017-04-03,30.38000,30.52000,30.13000,30.33000,433000
2017-04-04,30.29000,30.78000,30.09000,30.74000,249300
2017-04-05,30.33000,30.65000,30.05000,30.27000,546800
2017-04-06,30.43000,30.63000,30.27000,30.39000,276100
2017-04-07,30.56000,30.56000,30.19000,30.33000,237700
2017-04-10,30.62000,31.14000,30.44000,30.95000,451200
2017-04-11,30.85000,31.03000,30.57000,30.86000,250000
2017-04-12,30.88000,31.13000,30.67000,30.85000,192800
2017-04-13,30.92000,30.92000,30.00000,30.04000,220500
2017-04-17,30.09000,30.66000,30.09000,30.48000,210700
2017-04-18,30.31000,30.55000,30.07000,30.23000,149200
2017-04-19,30.21000,30.33000,29.62000,29.69000,225400
2017-04-20,29.87000,29.95000,29.57000,29.74000,289800
2017-04-21,29.73000,30.01000,29.51000,29.98000,241900
2017-04-24,30.39000,30.39000,30.03000,30.04000,216700
2017-04-25,30.04000,30.57000,29.98000,30.52000,246600
2017-04-26,30.60000,30.72000,30.13000,30.14000,318600
2017-04-27,30.13000,30.13000,29.10000,29.42000,407900
2017-04-28,29.67000,29.67000,29.02000,29.07000,420800
2017-05-01,29.42000,29.42000,28.82000,28.93000,322500
2017-05-02,29.06000,29.20000,28.60000,28.78000,259000
2017-05-03,28.80000,29.20000,28.70000,28.90000,259600
2017-05-04,28.82000,28.82000,28.18000,28.38000,349100
2017-05-05,28.43000,28.86000,28.19000,28.81000,282800
2017-05-08,28.70000,28.98000,28.65000,28.85000,243800
2017-05-09,28.92000,28.92000,28.40000,28.74000,265600
2017-05-10,29.03000,29.22000,28.67000,29.06000,404900
2017-05-11,28.92000,29.05000,28.77000,28.84000,246900
2017-05-12,28.91000,29.11000,28.73000,28.98000,263200
2017-05-15,29.38000,29.52000,29.23000,29.25000,267700
2017-05-16,29.43000,29.51000,28.82000,28.89000,227300
2017-05-17,28.88000,28.91000,28.31000,28.35000,210700
2017-05-18,28.32000,28.64000,28.11000,28.32000,217100
2017-05-19,28.37000,29.09000,28.37000,28.99000,180100
2017-05-22,29.21000,29.21000,28.84000,29.03000,81700
2017-05-23,29.17000,29.34000,29.00000,29.05000,189900
2017-05-24,28.66000,28.94000,28.36000,28.93000,377000
2017-05-25,28.82000,29.10000,28.45000,28.58000,281500
2017-05-26,28.61000,28.85000,28.53000,28.81000,300000
2017-05-30,28.68000,28.81000,28.55000,28.72000,269100
2017-05-31,28.34000,28.57000,28.21000,28.27000,281800
2017-06-01,28.37000,28.74000,28.21000,28.32000,268700
2017-06-02,28.06000,28.19000,27.97000,28.06000,155900
2017-06-05,28.06000,28.15000,27.81000,27.95000,196800
2017-06-06,27.97000,28.28000,27.91000,28.21000,179800
2017-06-07,28.22000,28.37000,27.59000,27.68000,315000
2017-06-08,27.79000,27.99000,27.67000,27.93000,253300
2017-06-09,28.04000,28.27000,27.90000,28.23000,343800
2017-06-12,28.37000,28.84000,28.15000,28.81000,418300
2017-06-13,28.97000,29.22000,28.84000,29.05000,434300
2017-06-14,29.06000,29.23000,28.88000,28.94000,445800
2017-06-15,28.72000,29.06000,28.71000,28.98000,306100
2017-06-16,29.12000,29.95000,28.91000,29.95000,424300
2017-06-19,29.68000,30.02000,29.62000,29.70000,238600
2017-06-20,29.25000,29.35000,28.87000,29.11000,187300
2017-06-21,29.13000,29.38000,28.68000,28.95000,270800
2017-06-22,29.08000,29.34000,28.89000,28.99000,553300
2017-06-23,29.11000,29.54000,28.83000,29.52000,380300
2017-06-26,29.64000,29.66000,29.06000,29.11000,256200
2017-06-27,29.31000,29.40000,29.05000,29.31000,369100
2017-06-28,29.50000,29.89000,29.31000,29.77000,198500
2017-06-29,29.78000,29.81000,29.18000,29.39000,286200
2017-06-30,29.54000,29.54000,29.01000,29.18000,269200
2017-07-03,29.35000,29.64000,29.30000,29.60000,64700
2017-07-05,28.95000,29.00000,28.03000,28.52000,314300
2017-07-06,28.80000,28.80000,28.16000,28.24000,327700
2017-07-07,28.16000,28.29000,27.83000,28.09000,223500
2017-07-10,27.94000,28.12000,27.81000,28.06000,175500
2017-07-11,28.41000,28.63000,28.05000,28.58000,317900
2017-07-12,28.69000,29.43000,28.69000,29.32000,389000
2017-07-13,29.40000,29.40000,29.05000,29.20000,210900
2017-07-14,29.26000,29.31000,28.97000,29.20000,181500
2017-07-17,29.01000,29.44000,29.01000,29.14000,102500
2017-07-18,29.33000,29.33000,28.97000,29.23000,144900
2017-07-19,29.33000,30.00000,29.33000,29.92000,178100
2017-07-20,30.04000,30.16000,29.61000,29.72000,173000
2017-07-21,29.72000,29.72000,29.07000,29.31000,280400
2017-07-24,29.47000,29.47000,29.23000,29.41000,99300
2017-07-25,29.69000,29.82000,29.27000,29.60000,218400
2017-07-26,29.81000,29.98000,29.57000,29.68000,148800
2017-07-27,29.76000,29.76000,29.30000,29.65000,170900
2017-07-28,29.29000,30.08000,28.89000,28.99000,392200
2017-07-31,28.76000,28.95000,28.41000,28.64000,227700
2017-08-01,28.62000,28.82000,28.09000,28.57000,254400
2017-08-02,28.50000,29.47000,28.37000,29.25000,366000
2017-08-03,29.09000,29.34000,28.75000,28.96000,334200
2017-08-04,28.80000,29.30000,28.80000,29.19000,243000
2017-08-07,28.99000,29.19000,28.92000,29.11000,95700
2017-08-08,28.95000,29.40000,28.88000,29.28000,254600
2017-08-09,29.22000,29.49000,29.08000,29.21000,306800
2017-08-10,29.22000,29.37000,28.68000,28.69000,367000
2017-08-11,28.89000,28.99000,28.73000,28.76000,232500
2017-08-14,28.87000,28.96000,28.36000,28.42000,167700
2017-08-15,28.28000,28.36000,28.04000,28.26000,178800
2017-08-16,28.31000,28.64000,28.23000,28.49000,230800
2017-08-17,28.31000,28.65000,28.31000,28.37000,163700
2017-08-18,28.45000,28.77000,28.38000,28.68000,182400
2017-08-21,28.54000,28.68000,28.22000,28.36000,241200
2017-08-22,28.36000,28.76000,28.36000,28.67000,154000
2017-08-23,28.15000,29.04000,28.15000,28.87000,338200
2017-08-24,28.68000,29.20000,28.68000,29.06000,129000
2017-08-25,29.25000,29.37000,29.06000,29.26000,126500
2017-08-28,29.48000,29.48000,29.15000,29.18000,282000
2017-08-29,29.09000,29.26000,28.94000,29.24000,150700
2017-08-30,29.00000,29.46000,28.83000,29.23000,232300
2017-08-31,29.34000,29.63000,29.07000,29.55000,284900
2017-09-01,29.66000,30.24000,29.66000,30.20000,208500
2017-09-05,30.25000,30.36000,29.97000,30.14000,234500
2017-09-06,30.28000,30.78000,29.91000,30.61000,174500
2017-09-07,30.57000,30.84000,30.57000,30.80000,180700
2017-09-08,30.65000,30.88000,30.63000,30.66000,201100
2017-09-11,30.71000,31.06000,30.56000,31.00000,353000
2017-09-12,30.92000,31.27000,30.82000,31.14000,105200
2017-09-13,31.26000,31.27000,31.04000,31.20000,280500
2017-09-14,30.65000,31.14000,30.61000,31.11000,414800
2017-09-15,31.24000,31.30000,30.92000,31.15000,330900
2017-09-18,31.13000,31.34000,30.97000,31.22000,204400
2017-09-19,31.30000,31.49000,31.21000,31.44000,121600
2017-09-20,31.44000,31.56000,31.08000,31.24000,167000
2017-09-21,31.09000,31.74000,31.09000,31.63000,245800
2017-09-22,31.71000,31.91000,31.50000,31.64000,218300
2017-09-25,31.89000,32.15000,31.73000,32.01000,214000
2017-09-26,31.80000,32.05000,31.50000,31.86000,163200
2017-09-27,31.77000,32.04000,31.77000,31.99000,193500
2017-09-28,31.89000,32.14000,31.76000,31.79000,175400
2017-09-29,31.62000,32.14000,31.62000,31.94000,209400
2017-10-02,31.58000,31.88000,31.58000,31.86000,161600
2017-10-03,32.00000,32.17000,31.80000,32.04000,162800
2017-10-04,31.95000,31.95000,31.62000,31.71000,126300
2017-10-05,31.57000,31.71000,31.40000,31.48000,123100
2017-10-06,31.29000,31.33000,31.08000,31.33000,163500
2017-10-09,31.45000,31.49000,31.13000,31.19000,54700
2017-10-10,31.59000,32.00000,31.56000,31.71000,213900
2017-10-11,31.54000,32.01000,31.53000,31.64000,119500
2017-10-12,31.44000,31.44000,30.99000,31.07000,166100
2017-10-13,31.44000,31.55000,31.19000,31.45000,146600
2017-10-16,31.27000,31.65000,31.25000,31.53000,116500
2017-10-17,31.39000,31.94000,31.37000,31.90000,160000
2017-10-18,31.53000,32.09000,31.53000,31.77000,162500
2017-10-19,31.46000,31.87000,31.46000,31.70000,186200
2017-10-20,31.63000,31.69000,31.05000,31.30000,246400
2017-10-23,31.38000,31.38000,30.95000,30.98000,124800
2017-10-24,31.01000,31.08000,30.87000,31.00000,157700
2017-10-25,30.96000,31.11000,30.75000,30.92000,154300
2017-10-26,31.00000,31.25000,30.89000,31.03000,562000
2017-10-27,30.00000,31.99000,30.00000,31.91000,507600
2017-10-30,30.00000,32.38000,30.00000,32.23000,199800
2017-10-31,32.19000,32.55000,32.11000,32.38000,278300
2017-11-01,32.43000,32.75000,31.98000,32.23000,293200
2017-11-02,30.35000,31.14000,30.35000,30.57000,809300
2017-11-03,30.83000,31.24000,30.83000,31.22000,356500
2017-11-06,31.43000,31.50000,30.86000,31.38000,415400
2017-11-07,31.39000,31.43000,31.11000,31.34000,242100
2017-11-08,31.44000,31.77000,31.31000,31.56000,237800
2017-11-09,31.56000,32.13000,31.34000,32.00000,199600
2017-11-10,31.92000,32.17000,31.65000,32.03000,127600
2017-11-13,31.93000,31.94000,31.45000,31.62000,142400
2017-11-14,31.79000,31.79000,31.24000,31.32000,146500
2017-11-15,31.07000,31.31000,31.04000,31.15000,119600
2017-11-16,31.17000,31.40000,31.10000,31.21000,192000
2017-11-17,31.37000,31.41000,31.00000,31.24000,131800
2017-11-20,31.20000,31.22000,30.74000,30.79000,156400
2017-11-21,30.81000,31.11000,30.81000,30.94000,143000
2017-11-22,31.01000,31.31000,31.01000,31.23000,111800
2017-11-24,31.33000,31.33000,31.12000,31.16000,42900
2017-11-27,30.90000,31.07000,30.74000,30.81000,121400
2017-11-28,30.77000,31.22000,30.65000,30.97000,159900
2017-11-29,30.90000,30.98000,30.56000,30.76000,166500
2017-11-30,30.81000,31.20000,30.75000,30.93000,175500
2017-12-01,31.17000,31.86000,31.17000,31.19000,230400
2017-12-04,31.32000,31.50000,31.08000,31.14000,216700
2017-12-05,31.00000,31.46000,31.00000,31.22000,185800
2017-12-06,31.10000,31.45000,30.97000,31.02000,182300
2017-12-07,30.95000,31.14000,30.76000,30.88000,107800
2017-12-08,31.05000,31.05000,30.65000,30.73000,555100
2017-12-11,30.60000,30.91000,30.47000,30.56000,172900
2017-12-12,30.53000,30.84000,30.41000,30.55000,226600
2017-12-13,30.51000,30.85000,29.94000,30.01000,446100
2017-12-14,30.12000,30.12000,29.55000,29.72000,341500
2017-12-15,29.97000,30.06000,29.41000,29.51000,249700
2017-12-18,29.55000,30.11000,29.52000,29.68000,181600
2017-12-19,29.62000,30.14000,29.62000,29.96000,311200
2017-12-20,29.86000,29.89000,29.50000,29.70000,240400
2017-12-21,29.65000,30.13000,29.65000,29.99000,215600
2017-12-22,30.09000,30.31000,29.80000,30.19000,294200
2017-12-26,30.17000,30.60000,30.15000,30.43000,124800
2017-12-27,30.34000,30.76000,30.34000,30.74000,138100
2017-12-28,30.84000,31.15000,30.75000,31.10000,167200
2017-12-29,31.15000,31.33000,31.08000,31.19000,109200
2018-01-02,31.25000,31.59000,31.14000,31.58000,396600
2018-01-03,31.58000,31.75000,31.37000,31.62000,368900
2018-01-04,31.72000,31.91000,31.54000,31.83000,230900
2018-01-05,31.87000,32.08000,31.61000,31.67000,184700
2018-01-08,32.39000,32.39000,31.76000,31.80000,345500
2018-01-09,31.97000,32.00000,31.70000,31.74000,198500
2018-01-10,31.89000,31.89000,31.54000,31.66000,175600
2018-01-11,31.50000,31.90000,31.33000,31.40000,346400
2018-01-12,31.26000,31.47000,31.04000,31.17000,224900
2018-01-16,31.43000,31.65000,31.26000,31.45000,457600
2018-01-17,31.63000,32.28000,31.40000,32.15000,333400
2018-01-18,32.17000,32.17000,31.69000,31.78000,554800
2018-01-19,31.79000,31.79000,31.35000,31.61000,402400
2018-01-22,31.21000,32.14000,31.21000,32.14000,235300
2018-01-23,32.24000,32.67000,32.09000,32.53000,421600
2018-01-24,32.69000,32.81000,32.18000,32.54000,573000
2018-01-25,32.69000,32.81000,31.56000,31.66000,388600
2018-01-26,31.61000,31.98000,31.61000,31.70000,219700
2018-01-29,31.56000,31.88000,31.43000,31.79000,707400
2018-01-30,31.54000,31.75000,30.78000,30.80000,240100
2018-01-31,31.19000,31.70000,31.19000,31.44000,418600
2018-02-01,31.24000,31.68000,31.24000,31.53000,579700
2018-02-02,30.46000,31.05000,29.86000,29.90000,702400
2018-02-05,29.40000,29.58000,28.28000,28.40000,817400
2018-02-06,28.16000,28.82000,28.11000,28.79000,734900
2018-02-07,28.76000,28.76000,28.16000,28.25000,485700
2018-02-08,28.18000,28.33000,27.75000,27.83000,1008300
2018-02-09,28.03000,28.23000,27.49000,27.94000,958700
2018-02-12,27.94000,28.28000,27.83000,28.04000,626500
2018-02-13,27.70000,28.00000,27.15000,27.32000,513800
2018-02-14,27.00000,27.89000,27.00000,27.74000,776100
2018-02-15,27.88000,27.88000,27.29000,27.42000,856900
2018-02-16,27.20000,27.71000,27.17000,27.51000,342400
2018-02-20,27.40000,27.55000,27.05000,27.11000,298600
2018-02-21,27.14000,27.44000,26.92000,26.96000,406600
2018-02-22,27.16000,27.57000,26.93000,27.07000,370600
2018-02-23,27.18000,27.39000,27.08000,27.32000,295500
2018-02-26,27.27000,27.79000,27.25000,27.70000,286100
2018-02-27,27.53000,27.99000,27.51000,27.60000,431200
2018-02-28,27.75000,27.75000,27.02000,27.07000,466600
2018-03-01,27.00000,27.04000,26.52000,26.74000,266900
2018-03-02,26.71000,26.80000,26.39000,26.57000,342300
2018-03-05,26.38000,27.08000,26.15000,27.02000,290100
2018-03-06,27.25000,27.54000,27.20000,27.35000,328800
2018-03-07,27.04000,27.45000,27.00000,27.21000,443000
2018-03-08,27.37000,27.37000,26.78000,26.96000,266700
2018-03-09,27.23000,27.57000,26.96000,27.34000,430600
2018-03-12,27.13000,27.54000,27.02000,27.18000,286200
2018-03-13,27.28000,27.28000,26.51000,26.59000,417500
2018-03-14,26.79000,27.07000,26.38000,26.40000,493600
2018-03-15,26.54000,26.54000,26.03000,26.14000,564300
2018-03-16,26.26000,26.52000,26.18000,26.45000,904900
2018-03-19,26.38000,26.38000,26.04000,26.26000,321200
2018-03-20,26.31000,26.71000,26.31000,26.50000,694200
2018-03-21,26.50000,27.67000,26.50000,27.57000,549800
2018-03-22,27.29000,27.36000,26.72000,26.77000,376500
2018-03-23,26.91000,27.11000,26.30000,26.33000,331000
2018-03-26,26.58000,26.64000,26.31000,26.57000,247700
2018-03-27,26.62000,26.72000,26.24000,26.32000,378200
2018-03-28,26.17000,26.42000,26.10000,26.16000,308100
2018-03-29,26.29000,26.50000,25.91000,26.50000,509700
2018-04-02,26.43000,26.50000,25.91000,26.16000,319400
2018-04-03,26.38000,26.71000,26.13000,26.71000,504200
2018-04-04,26.42000,27.30000,26.34000,27.23000,729600
2018-04-05,27.01000,28.50000,26.73000,28.50000,1692500
2018-04-06,28.41000,28.49000,27.67000,27.92000,524200
2018-04-09,28.22000,28.22000,27.63000,27.96000,412800
2018-04-10,28.46000,28.64000,28.21000,28.41000,352400
2018-04-11,28.45000,28.66000,28.28000,28.60000,292300
2018-04-12,28.72000,29.25000,28.51000,29.11000,288300
2018-04-13,29.36000,29.59000,29.16000,29.42000,223200
2018-04-16,29.56000,29.64000,29.35000,29.43000,240000
2018-04-17,29.35000,29.54000,29.35000,29.44000,241400
2018-04-18,29.82000,29.89000,29.47000,29.81000,260000
2018-04-19,29.65000,29.97000,29.56000,29.70000,258000
2018-04-20,29.61000,29.66000,29.35000,29.44000,189100
2018-04-23,29.39000,29.88000,29.15000,29.68000,216100
2018-04-24,28.80000,29.60000,28.80000,29.25000,273100
2018-04-25,29.07000,29.93000,28.94000,29.91000,364800
2018-04-26,29.91000,30.15000,29.78000,30.10000,383800
2018-04-27,30.90000,31.45000,30.46000,30.75000,526600
2018-04-30,31.25000,31.50000,30.75000,31.13000,415300
2018-05-01,31.32000,31.32000,30.26000,30.60000,468700
2018-05-02,30.59000,31.26000,30.59000,31.03000,203600
2018-05-03,30.83000,31.18000,30.62000,30.65000,189700
2018-05-04,30.65000,31.12000,30.36000,31.03000,225100
2018-05-07,31.39000,32.25000,31.16000,31.31000,349000
2018-05-08,31.27000,31.52000,30.49000,31.46000,223800
2018-05-09,31.90000,32.29000,31.72000,31.90000,268300
2018-05-10,32.21000,32.50000,32.08000,32.44000,194800
2018-05-11,32.50000,32.69000,32.34000,32.46000,156600
2018-05-14,32.55000,33.11000,32.55000,32.99000,198400
2018-05-15,32.91000,32.91000,32.51000,32.72000,139100
2018-05-16,32.48000,32.86000,32.48000,32.63000,251000
2018-05-17,32.84000,32.89000,32.50000,32.75000,406800
2018-05-18,32.61000,32.79000,32.47000,32.70000,174700
2018-05-21,32.71000,33.05000,32.71000,32.93000,46100
2018-05-22,32.80000,33.55000,32.69000,32.79000,246800
2018-05-23,32.83000,32.83000,32.30000,32.42000,556200
2018-05-24,32.23000,32.57000,31.87000,32.26000,211600
2018-05-25,31.75000,31.81000,31.48000,31.59000,135800
2018-05-29,31.41000,32.38000,31.41000,32.25000,273800
2018-05-30,32.24000,33.34000,32.24000,33.17000,215700
2018-05-31,32.59000,33.06000,32.26000,32.67000,380100
2018-06-01,32.63000,32.95000,32.52000,32.67000,197000
2018-06-04,32.69000,33.07000,32.21000,32.34000,208900
2018-06-05,32.07000,32.34000,31.84000,32.08000,230300
2018-06-06,32.23000,32.47000,31.71000,31.80000,508800
2018-06-07,31.86000,32.92000,31.86000,32.86000,382400
2018-06-08,32.79000,32.98000,32.60000,32.84000,267900
2018-06-11,32.70000,33.49000,32.57000,33.29000,282400
2018-06-12,33.20000,33.38000,32.91000,32.91000,1167000
2018-06-13,32.86000,33.37000,32.75000,33.01000,330600
2018-06-14,32.99000,33.31000,32.89000,32.92000,290500
2018-06-15,32.78000,32.92000,32.46000,32.92000,544200
2018-06-18,32.56000,33.33000,32.56000,33.14000,222800
2018-06-19,32.92000,32.92000,32.22000,32.23000,342400
2018-06-20,32.52000,32.68000,32.21000,32.58000,213200
2018-06-21,32.40000,32.86000,32.21000,32.25000,210800
2018-06-22,32.91000,33.07000,32.31000,32.57000,349700
2018-06-25,32.50000,32.50000,31.97000,32.08000,417500
2018-06-26,32.25000,33.04000,32.24000,32.72000,289500
2018-06-27,32.66000,33.08000,32.46000,32.46000,272900
2018-06-28,32.48000,32.83000,32.44000,32.62000,147600
2018-06-29,32.89000,33.32000,32.82000,33.25000,229500
2018-07-02,33.08000,33.08000,32.39000,32.67000,128400
2018-07-03,33.02000,33.42000,32.60000,33.00000,259200
2018-07-05,33.45000,33.45000,32.96000,33.09000,178000
2018-07-06,32.75000,33.54000,32.55000,33.44000,330300
2018-07-09,33.89000,33.89000,33.40000,33.50000,290200
2018-07-10,33.71000,33.86000,33.37000,33.60000,256300
2018-07-11,33.95000,34.20000,33.24000,33.36000,448900
2018-07-12,33.35000,33.84000,33.35000,33.73000,199300
2018-07-13,33.81000,34.12000,33.79000,33.98000,182900
2018-07-16,33.86000,34.01000,33.19000,33.76000,273600
2018-07-17,33.79000,33.79000,33.32000,33.36000,277100
2018-07-18,33.17000,33.44000,32.91000,33.25000,227900
2018-07-19,32.94000,33.25000,32.07000,32.57000,414400
2018-07-20,32.76000,32.92000,32.43000,32.55000,322300
2018-07-23,32.56000,32.69000,32.14000,32.27000,375900
2018-07-24,32.18000,32.70000,32.18000,32.46000,254700
2018-07-25,32.78000,33.25000,32.40000,33.18000,194500
2018-07-26,32.93000,33.92000,32.84000,33.85000,446500
2018-07-27,32.59000,33.61000,32.54000,33.46000,426700
2018-07-30,33.39000,34.25000,33.39000,33.84000,209500
2018-07-31,33.84000,34.20000,33.69000,34.16000,286900
2018-08-01,33.76000,34.29000,33.64000,33.64000,213100
2018-08-02,33.49000,33.50000,32.82000,33.09000,299800
2018-08-03,33.19000,33.23000,32.99000,33.12000,195600
2018-08-06,33.24000,33.83000,32.95000,33.10000,95200
2018-08-07,33.54000,33.56000,32.69000,32.69000,257900
2018-08-08,32.65000,32.68000,32.24000,32.64000,201600
2018-08-09,32.76000,32.83000,32.37000,32.47000,226200
2018-08-10,32.52000,32.52000,31.84000,31.93000,298400
2018-08-13,31.97000,32.13000,31.45000,31.75000,210000
2018-08-14,31.82000,32.35000,31.82000,32.27000,174500
2018-08-15,32.02000,32.02000,31.03000,31.09000,183500
2018-08-16,31.13000,31.48000,30.82000,30.88000,318700
2018-08-17,31.20000,31.20000,30.75000,30.96000,142900
2018-08-20,31.00000,31.23000,30.94000,31.11000,87500
2018-08-21,31.15000,31.49000,31.04000,31.05000,216600
2018-08-22,31.41000,31.88000,31.19000,31.67000,254200
2018-08-23,31.44000,31.92000,31.39000,31.63000,132900
2018-08-24,31.70000,32.41000,31.70000,32.08000,225400
2018-08-27,32.11000,32.30000,31.92000,32.11000,176500
2018-08-28,32.37000,32.39000,31.59000,31.59000,178300
2018-08-29,31.91000,32.33000,31.51000,32.25000,133100
2018-08-30,32.04000,32.34000,31.50000,31.85000,184500
2018-08-31,31.79000,31.79000,31.09000,31.21000,242200
2018-09-04,31.36000,31.36000,30.57000,30.57000,277200
2018-09-05,30.65000,30.65000,30.10000,30.58000,230000
2018-09-06,30.65000,30.67000,30.13000,30.38000,399100
2018-09-07,30.01000,30.16000,29.27000,29.79000,255200
2018-09-10,29.78000,30.06000,29.36000,29.42000,165700
2018-09-11,29.34000,29.34000,28.96000,28.97000,257200
2018-09-12,29.31000,29.57000,29.06000,29.52000,173300
2018-09-13,29.61000,29.88000,29.43000,29.67000,203900
2018-09-14,29.90000,30.15000,29.72000,29.88000,170600
2018-09-17,29.87000,30.32000,29.86000,29.90000,332200
2018-09-18,29.91000,30.46000,29.91000,30.35000,158800
2018-09-19,30.56000,30.58000,30.27000,30.43000,240100
2018-09-20,30.74000,30.85000,30.17000,30.78000,294000
2018-09-21,30.90000,31.67000,30.87000,31.65000,319900
2018-09-24,31.68000,32.82000,31.68000,32.65000,355500
2018-09-25,32.61000,33.17000,32.45000,32.49000,176600
2018-09-26,32.53000,32.79000,32.18000,32.23000,280700
2018-09-27,32.63000,32.81000,32.03000,32.69000,265300
2018-09-28,32.78000,32.78000,32.29000,32.37000,244700
2018-10-01,32.57000,33.60000,32.57000,33.53000,183200
2018-10-02,33.53000,33.61000,32.80000,33.28000,132800
2018-10-03,33.26000,34.15000,33.26000,34.02000,190000
2018-10-04,34.04000,34.13000,33.38000,33.62000,209400
2018-10-05,33.12000,33.73000,33.12000,33.68000,211900
2018-10-08,33.49000,34.18000,33.25000,33.88000,317500
2018-10-09,34.22000,34.22000,33.40000,34.09000,344800
2018-10-10,34.11000,34.11000,32.79000,32.85000,315400
2018-10-11,33.26000,33.27000,32.19000,32.54000,459300
2018-10-12,32.72000,33.10000,32.39000,32.80000,417500
2018-10-15,33.02000,33.79000,32.77000,33.55000,419400
2018-10-16,34.14000,34.56000,33.87000,34.00000,369800
2018-10-17,34.11000,34.11000,33.31000,33.84000,175100
2018-10-18,33.64000,33.64000,32.96000,33.03000,436400
2018-10-19,34.19000,34.19000,33.36000,33.44000,607400
2018-10-22,33.22000,33.58000,33.18000,33.49000,426200
2018-10-23,32.90000,32.93000,32.22000,32.63000,343500
2018-10-24,32.88000,33.12000,31.43000,31.51000,474100
2018-10-25,31.56000,32.30000,31.56000,32.03000,391100
2018-10-26,31.49000,31.99000,31.23000,31.74000,252700
2018-10-29,31.70000,32.06000,31.03000,31.23000,329600
2018-10-30,30.93000,31.49000,30.88000,31.46000,293000
2018-10-31,31.76000,32.15000,31.18000,31.24000,373300
2018-11-01,31.66000,31.99000,31.28000,31.69000,501800
2018-11-02,32.79000,33.53000,31.70000,32.17000,465100
2018-11-05,32.00000,32.82000,32.00000,32.25000,372200
2018-11-06,32.37000,32.42000,31.81000,32.16000,226500
2018-11-07,32.69000,32.80000,31.62000,31.70000,330600
2018-11-08,32.49000,32.49000,31.45000,31.73000,514000
2018-11-09,31.26000,31.48000,30.84000,31.05000,249000
2018-11-12,32.41000,32.41000,31.31000,31.34000,419600
2018-11-13,31.42000,31.64000,30.38000,30.66000,416800
2018-11-14,30.90000,31.55000,30.90000,31.43000,437700
2018-11-15,31.00000,31.91000,31.00000,31.87000,332200
2018-11-16,32.04000,32.36000,31.84000,31.89000,457300
2018-11-19,31.33000,31.70000,31.17000,31.49000,299000
2018-11-20,30.90000,31.02000,29.53000,29.84000,282900
2018-11-21,30.06000,30.61000,29.84000,30.41000,340700
2018-11-23,30.08000,30.08000,29.36000,29.93000,115000
2018-11-26,30.28000,30.44000,30.00000,30.15000,241500
2018-11-27,30.00000,30.21000,29.78000,29.99000,199400
2018-11-28,30.59000,31.02000,29.97000,30.89000,347000
2018-11-29,30.78000,31.28000,30.52000,30.56000,572400
2018-11-30,30.11000,30.35000,29.61000,29.84000,663200
2018-12-03,30.01000,30.80000,28.51000,28.80000,871000
2018-12-04,28.58000,29.34000,28.58000,28.91000,516600
2018-12-06,28.38000,28.88000,28.05000,28.29000,390600
2018-12-07,28.28000,29.15000,28.00000,28.19000,449500
2018-12-10,27.84000,27.89000,27.00000,27.24000,342000
2018-12-11,27.54000,27.81000,26.57000,26.72000,270100
2018-12-12,27.07000,27.77000,27.07000,27.14000,439300
2018-12-13,26.91000,27.31000,26.49000,26.62000,427900
2018-12-14,26.36000,26.63000,25.89000,25.96000,331300
2018-12-17,26.26000,26.64000,25.93000,26.20000,465400
2018-12-18,26.11000,26.48000,25.91000,25.98000,376900
2018-12-19,25.97000,26.49000,25.80000,25.92000,341800
2018-12-20,25.46000,26.47000,25.42000,25.51000,702800
2018-12-21,25.41000,25.81000,25.36000,25.46000,737300
2018-12-24,25.69000,25.74000,24.66000,24.68000,183800
2018-12-26,25.06000,25.79000,24.29000,25.69000,170400
2018-12-27,25.52000,25.52000,24.80000,25.48000,319800
2018-12-28,25.52000,26.01000,25.51000,25.60000,375500
2018-12-31,25.82000,25.90000,25.31000,25.32000,245800
2019-01-02,24.91000,25.70000,24.91000,25.55000,386100
2019-01-03,25.57000,25.57000,25.10000,25.26000,574800
2019-01-04,26.36000,26.48000,25.64000,26.15000,525500
2019-01-07,25.90000,26.28000,25.67000,26.18000,532400
2019-01-08,26.35000,26.59000,25.82000,26.53000,470000
2019-01-09,26.78000,26.94000,26.48000,26.71000,311300
2019-01-10,26.25000,27.08000,26.25000,26.78000,442800
2019-01-11,26.67000,26.71000,26.35000,26.65000,525700
2019-01-14,26.38000,27.15000,26.38000,26.96000,414200
2019-01-15,27.15000,27.40000,26.95000,27.38000,501300
2019-01-16,27.36000,27.89000,27.36000,27.60000,356800
2019-01-17,27.48000,27.88000,27.19000,27.82000,391800
2019-01-18,28.02000,28.28000,27.91000,28.03000,442100
2019-01-22,27.64000,27.74000,26.65000,27.33000,318600
2019-01-23,27.52000,27.56000,26.97000,27.31000,258100
2019-01-24,27.18000,27.53000,27.14000,27.40000,405600
2019-01-25,27.55000,28.26000,27.55000,27.89000,452800
2019-01-28,27.11000,27.73000,27.11000,27.73000,384200
2019-01-29,27.72000,28.05000,27.51000,27.56000,435900
2019-01-30,27.88000,28.60000,27.66000,28.33000,493400
2019-01-31,28.71000,28.74000,28.16000,28.49000,381500
2019-02-01,28.28000,28.84000,26.87000,27.23000,521800
2019-02-04,26.94000,27.79000,26.94000,27.79000,767700
2019-02-05,27.82000,27.94000,27.39000,27.55000,541500
2019-02-06,27.40000,27.64000,27.25000,27.40000,496700
2019-02-07,27.26000,27.32000,26.91000,27.11000,374300
2019-02-08,27.01000,27.19000,26.54000,26.75000,379700
2019-02-11,26.61000,26.89000,26.39000,26.74000,290200
2019-02-12,27.13000,27.19000,26.89000,27.03000,211000
2019-02-13,26.97000,27.37000,26.90000,26.95000,252700
2019-02-14,26.62000,26.94000,26.62000,26.71000,470900
2019-02-15,26.94000,27.43000,26.89000,27.33000,409600
2019-02-19,27.11000,27.96000,27.11000,27.82000,210200
2019-02-20,27.83000,27.91000,27.59000,27.67000,229800
2019-02-21,27.41000,27.65000,27.22000,27.25000,152700
2019-02-22,27.41000,27.64000,27.37000,27.37000,182200
2019-02-25,27.28000,27.56000,27.16000,27.22000,194800
2019-02-26,27.01000,27.31000,26.92000,27.06000,227200
2019-02-27,27.25000,27.56000,27.02000,27.34000,116300
2019-02-28,27.26000,27.27000,26.81000,27.08000,269000
2019-03-01,26.99000,27.15000,26.61000,26.70000,460100
2019-03-04,27.10000,27.31000,26.71000,27.25000,331900
2019-03-05,27.33000,27.41000,27.05000,27.09000,393500
2019-03-06,27.13000,27.17000,26.85000,27.17000,299900
2019-03-07,27.30000,27.36000,26.99000,27.28000,193800
2019-03-08,27.04000,27.34000,26.62000,27.26000,407600
2019-03-11,27.43000,27.54000,27.02000,27.07000,243600
2019-03-12,27.19000,27.51000,27.19000,27.25000,225300
2019-03-13,27.49000,27.66000,27.32000,27.64000,376700
2019-03-14,28.07000,28.07000,27.57000,27.62000,230000
2019-03-15,27.45000,28.18000,27.16000,27.31000,687300
2019-03-18,27.50000,27.89000,27.31000,27.83000,220900
2019-03-19,27.67000,28.03000,27.49000,27.57000,300000
2019-03-20,27.47000,28.12000,27.23000,27.86000,293400
2019-03-21,27.85000,28.03000,27.62000,27.86000,236500
2019-03-22,27.75000,27.75000,27.01000,27.16000,201600
2019-03-25,27.29000,27.29000,26.70000,26.78000,259700
2019-03-26,26.91000,27.44000,26.91000,27.24000,331600
2019-03-27,27.33000,27.46000,26.83000,26.87000,361800
2019-03-28,26.84000,27.43000,26.84000,27.28000,273000
2019-03-29,29.00000,29.00000,27.25000,27.37000,335900
2019-04-01,27.46000,27.64000,27.33000,27.49000,228900
2019-04-02,27.62000,27.62000,27.19000,27.45000,294300
2019-04-03,27.57000,27.63000,27.02000,27.09000,302500
2019-04-04,27.17000,27.22000,26.84000,27.04000,163700
2019-04-05,27.13000,27.38000,27.11000,27.33000,722400
2019-04-08,27.43000,28.18000,27.43000,28.16000,513800
2019-04-09,28.12000,28.29000,27.82000,28.12000,402500
2019-04-10,28.02000,29.04000,28.02000,28.98000,560100
2019-04-11,28.75000,29.11000,28.63000,28.98000,557800
2019-04-12,29.29000,29.32000,28.93000,29.06000,465200
2019-04-15,28.94000,29.39000,28.83000,29.05000,429600
2019-04-16,29.46000,29.51000,29.13000,29.46000,354700
2019-04-17,29.57000,29.86000,29.41000,29.51000,367200
2019-04-18,29.54000,29.62000,29.10000,29.44000,377600
2019-04-22,29.67000,29.76000,29.52000,29.69000,292300
2019-04-23,29.64000,30.10000,29.55000,30.08000,357100
2019-04-24,30.16000,30.38000,29.55000,29.60000,532100
2019-04-25,29.67000,30.07000,29.34000,29.66000,472400
2019-04-26,28.95000,29.34000,28.32000,29.13000,444800
2019-04-29,29.20000,29.35000,28.85000,29.06000,342900
2019-04-30,29.12000,29.38000,29.00000,29.08000,301500
2019-05-01,28.96000,29.23000,28.75000,28.75000,383200
2019-05-02,28.59000,28.79000,28.42000,28.44000,292300
2019-05-03,28.56000,28.78000,28.44000,28.75000,322900
2019-05-06,28.44000,28.67000,28.17000,28.66000,271500
2019-05-07,28.35000,28.35000,27.91000,28.33000,268700
2019-05-08,28.21000,28.93000,28.20000,28.55000,425800
2019-05-09,28.33000,28.60000,28.10000,28.53000,537300
2019-05-10,28.55000,28.56000,27.97000,28.36000,372300
2019-05-13,28.17000,28.28000,27.67000,27.72000,325500
2019-05-14,27.78000,28.08000,27.78000,28.02000,358600
2019-05-15,27.81000,28.27000,27.71000,28.13000,145900
2019-05-16,28.31000,28.49000,28.09000,28.24000,141700
2019-05-17,28.04000,28.22000,27.93000,27.98000,139300
2019-05-20,27.93000,28.36000,27.93000,28.18000,207800
2019-05-21,28.37000,28.37000,28.00000,28.26000,162600
2019-05-22,28.10000,28.15000,27.83000,27.96000,147400
2019-05-23,27.68000,27.68000,26.74000,27.09000,221500
2019-05-24,27.24000,27.45000,27.14000,27.35000,237200
2019-05-28,27.41000,27.52000,27.25000,27.25000,304900
2019-05-29,26.94000,27.39000,26.88000,27.29000,170000
2019-05-30,27.30000,27.42000,27.04000,27.18000,251900
2019-05-31,26.81000,26.92000,26.58000,26.73000,189400
2019-06-03,26.87000,27.05000,26.46000,26.75000,256900
2019-06-04,26.77000,26.95000,26.61000,26.70000,249200
2019-06-05,26.72000,27.19000,26.67000,27.03000,399200
2019-06-06,27.05000,27.42000,27.05000,27.28000,265200
2019-06-07,27.35000,27.57000,27.14000,27.41000,272900
2019-06-10,27.41000,27.59000,27.24000,27.36000,141900
2019-06-11,27.47000,27.58000,27.05000,27.14000,359400
2019-06-12,27.07000,27.38000,26.93000,27.01000,246200
2019-06-13,27.28000,27.28000,26.84000,26.98000,269500
2019-06-14,27.06000,27.29000,26.77000,26.99000,315400
2019-06-17,26.88000,27.29000,26.86000,27.26000,134900
2019-06-18,27.43000,27.53000,27.33000,27.43000,175600
2019-06-19,27.38000,27.82000,27.31000,27.66000,137300
2019-06-20,28.07000,28.60000,27.96000,28.36000,201000
2019-06-21,28.53000,28.53000,27.74000,27.83000,213500
2019-06-24,27.78000,28.05000,27.64000,27.76000,162600
2019-06-25,27.76000,28.07000,27.60000,27.64000,140700
2019-06-26,27.88000,28.10000,27.61000,27.91000,149400
2019-06-27,27.82000,28.05000,27.28000,27.41000,175000
2019-06-28,27.78000,27.78000,27.40000,27.67000,299400
2019-07-01,27.96000,28.19000,27.43000,27.54000,131900
2019-07-02,27.57000,27.76000,27.14000,27.45000,194200
2019-07-03,27.42000,27.60000,27.00000,27.39000,181500
2019-07-05,27.45000,27.54000,27.25000,27.49000,132800
2019-07-08,27.73000,27.84000,27.50000,27.64000,317200
2019-07-09,27.48000,28.06000,27.40000,27.99000,190200
2019-07-10,28.14000,28.39000,27.98000,28.18000,323000
2019-07-11,28.32000,28.64000,28.08000,28.42000,197900
2019-07-12,28.48000,28.75000,28.35000,28.57000,530900
2019-07-15,28.57000,28.75000,28.44000,28.55000,307200
2019-07-16,28.51000,28.69000,28.20000,28.26000,319300
2019-07-17,28.23000,28.32000,27.79000,27.93000,180300
2019-07-18,27.80000,27.85000,27.41000,27.74000,218000
2019-07-19,27.64000,27.90000,27.19000,27.84000,359000
2019-07-22,27.95000,28.32000,27.93000,28.15000,300800
2019-07-23,28.15000,28.34000,28.11000,28.23000,162100
2019-07-24,28.09000,28.50000,28.09000,28.38000,301900
2019-07-25,28.45000,28.53000,27.30000,27.43000,366800
2019-07-26,27.49000,27.59000,27.27000,27.31000,327600
2019-07-29,27.20000,27.46000,27.16000,27.39000,257200
2019-07-30,27.25000,27.79000,27.11000,27.65000,170700
2019-07-31,27.79000,28.09000,27.24000,27.39000,243000
2019-08-01,27.05000,27.27000,26.71000,26.84000,363800
2019-08-02,27.17000,27.51000,25.66000,25.89000,610400
2019-08-05,25.55000,25.55000,24.85000,25.03000,368800
2019-08-06,24.92000,25.59000,24.72000,25.02000,534300
2019-08-07,24.55000,24.80000,24.34000,24.68000,289600
2019-08-08,24.88000,25.10000,24.75000,25.01000,258800
2019-08-09,25.07000,25.24000,24.93000,24.96000,248800
2019-08-12,24.99000,25.14000,24.88000,24.92000,216500
2019-08-13,24.85000,25.34000,24.84000,24.96000,363200
2019-08-14,24.63000,24.66000,24.28000,24.29000,293900
2019-08-15,24.25000,24.46000,24.07000,24.27000,268600
2019-08-16,24.25000,24.76000,24.25000,24.62000,163100
2019-08-19,24.69000,24.88000,24.61000,24.84000,134600
2019-08-20,24.87000,24.87000,24.49000,24.49000,173600
2019-08-21,24.65000,24.82000,24.57000,24.58000,171200
2019-08-22,24.77000,24.77000,24.37000,24.37000,133000
2019-08-23,24.28000,24.40000,23.71000,23.80000,241900
2019-08-26,23.95000,24.23000,23.92000,24.05000,156500
2019-08-27,24.18000,24.18000,23.80000,23.81000,207300
2019-08-28,23.98000,24.38000,23.88000,24.31000,132400
2019-08-29,24.52000,24.81000,24.42000,24.51000,231100
2019-08-30,24.61000,24.75000,24.31000,24.53000,227900
2019-09-03,24.12000,24.43000,24.05000,24.38000,288900
2019-09-04,24.58000,25.08000,24.58000,24.81000,376200
2019-09-05,24.85000,25.42000,24.85000,25.23000,192000
2019-09-06,25.15000,25.56000,25.07000,25.51000,118700
2019-09-09,25.75000,26.16000,25.63000,25.90000,432100
2019-09-10,26.15000,26.65000,25.98000,26.63000,203700
2019-09-11,26.53000,26.90000,26.40000,26.89000,328700
2019-09-12,26.74000,26.91000,26.21000,26.59000,283700
2019-09-13,26.65000,26.74000,26.30000,26.58000,147100
2019-09-16,27.40000,27.90000,27.27000,27.41000,321800
2019-09-17,27.38000,27.77000,27.01000,27.59000,321500
2019-09-18,27.46000,27.83000,27.36000,27.72000,299000
2019-09-19,27.75000,27.84000,27.46000,27.52000,169300
2019-09-20,27.47000,27.66000,27.15000,27.25000,259000
2019-09-23,27.12000,27.47000,27.12000,27.32000,152200
2019-09-24,27.26000,27.33000,26.77000,26.91000,204400
2019-09-25,26.81000,26.93000,26.67000,26.69000,118700
2019-09-26,25.04000,26.57000,25.04000,26.33000,208700
2019-09-27,26.28000,26.56000,26.23000,26.32000,114900
2019-09-30,26.19000,26.42000,26.03000,26.03000,167300
2019-10-01,26.04000,26.29000,25.63000,25.66000,150600
2019-10-02,25.66000,25.66000,24.93000,25.04000,168300
2019-10-03,24.93000,24.93000,24.43000,24.72000,298500
2019-10-04,24.90000,24.93000,24.54000,24.92000,163000
2019-10-07,24.88000,25.31000,24.88000,24.88000,248400
2019-10-08,24.58000,24.77000,24.05000,24.10000,207500
2019-10-09,24.10000,24.16000,23.66000,23.78000,303400
2019-10-10,23.80000,24.08000,23.80000,23.87000,157900
2019-10-11,24.06000,24.73000,24.06000,24.50000,247500
2019-10-14,24.23000,24.38000,24.13000,24.28000,50500
2019-10-15,24.29000,25.00000,24.24000,24.52000,193500
2019-10-16,24.51000,24.61000,24.33000,24.45000,96000
2019-10-17,24.44000,24.88000,24.44000,24.79000,194700
2019-10-18,24.83000,24.84000,24.43000,24.71000,265900
2019-10-21,24.64000,25.34000,24.64000,25.21000,250100
2019-10-22,25.41000,25.61000,25.01000,25.35000,135400
2019-10-23,25.19000,25.51000,25.19000,25.42000,205500
2019-10-24,25.43000,25.50000,24.94000,25.19000,194400
2019-10-25,25.23000,25.50000,25.10000,25.48000,300100
2019-10-28,25.50000,25.73000,25.37000,25.37000,167200
2019-10-29,25.34000,25.34000,25.02000,25.31000,118900
2019-10-30,25.26000,25.28000,24.78000,24.86000,280600
2019-10-31,24.75000,24.99000,24.47000,24.87000,294600
2019-11-01,24.68000,25.64000,24.68000,25.24000,654200
2019-11-04,25.27000,25.71000,25.26000,25.67000,277100
2019-11-05,25.70000,26.57000,25.70000,26.52000,511800
2019-11-06,26.52000,26.65000,26.20000,26.39000,393100
2019-11-07,26.47000,26.95000,26.47000,26.81000,289400
2019-11-08,26.71000,26.75000,26.49000,26.68000,146600
2019-11-11,26.49000,26.85000,26.49000,26.79000,347900
2019-11-12,26.82000,26.88000,25.82000,25.90000,398000
2019-11-13,25.40000,25.74000,24.55000,25.40000,284700
2019-11-14,25.52000,25.52000,24.79000,24.98000,276800
2019-11-15,24.98000,25.82000,24.98000,25.77000,375600
2019-11-18,25.62000,25.63000,24.98000,25.11000,145900
2019-11-19,25.07000,25.27000,24.80000,24.85000,198100
2019-11-20,24.83000,25.09000,24.54000,24.86000,185400
2019-11-21,24.95000,25.20000,24.84000,25.18000,140100
2019-11-22,25.29000,25.33000,24.94000,25.01000,127700
2019-11-25,25.00000,25.24000,24.91000,25.24000,163200
2019-11-26,25.31000,25.37000,25.11000,25.28000,210000
2019-11-27,25.37000,25.52000,25.11000,25.51000,214000
2019-11-29,25.28000,25.29000,25.03000,25.17000,72100
2019-12-02,24.80000,25.04000,24.73000,24.94000,170300
2019-12-03,24.89000,24.98000,24.11000,24.12000,284900
2019-12-04,24.23000,24.68000,24.18000,24.55000,241000
2019-12-05,24.60000,24.73000,24.42000,24.48000,173200
2019-12-06,24.43000,25.18000,24.43000,25.18000,251200
2019-12-09,25.00000,25.46000,24.84000,25.08000,186000
2019-12-10,25.16000,25.31000,24.98000,25.23000,235300
2019-12-11,25.22000,25.36000,25.10000,25.22000,173400
2019-12-12,25.30000,25.67000,25.08000,25.44000,322500
2019-12-13,25.38000,25.58000,25.07000,25.30000,211800
2019-12-16,25.36000,25.61000,25.28000,25.32000,207300
2019-12-17,25.21000,25.62000,25.16000,25.39000,521200
2019-12-18,25.25000,25.72000,25.25000,25.60000,634800
2019-12-19,25.66000,26.08000,25.54000,25.99000,335700
2019-12-20,26.00000,26.20000,25.82000,25.84000,400800
2019-12-23,25.81000,26.31000,25.76000,26.31000,325900
2019-12-24,26.27000,26.37000,26.15000,26.26000,83500
2019-12-26,26.25000,26.57000,26.24000,26.45000,99500
2019-12-27,26.64000,26.64000,26.27000,26.32000,261000
2019-12-30,26.19000,26.54000,26.19000,26.41000,176700
2019-12-31,26.31000,26.61000,26.31000,26.47000,135300
2020-01-02,26.50000,26.77000,26.44000,26.60000,140900
2020-01-03,26.77000,26.84000,26.52000,26.55000,355100
2020-01-06,26.61000,26.93000,26.60000,26.93000,218400
2020-01-07,26.77000,26.77000,26.31000,26.54000,150300
2020-01-08,26.53000,26.99000,26.43000,26.60000,312900
2020-01-09,26.57000,26.91000,26.21000,26.87000,682800
2020-01-10,27.05000,27.05000,26.73000,26.85000,221800
2020-01-13,26.73000,26.92000,26.59000,26.87000,250300
2020-01-14,26.96000,27.01000,26.77000,26.82000,259200
2020-01-15,26.83000,27.00000,26.77000,26.87000,184000
2020-01-16,26.93000,27.41000,26.93000,27.34000,256200
2020-01-17,27.43000,27.43000,27.05000,27.11000,299100
2020-01-21,27.00000,27.00000,26.23000,26.23000,464800
2020-01-22,26.31000,26.31000,26.00000,26.05000,242300
2020-01-23,25.93000,25.99000,25.57000,25.99000,222300
2020-01-24,26.00000,26.00000,25.29000,25.55000,246100
2020-01-27,25.07000,25.28000,24.68000,24.70000,464400
2020-01-28,24.83000,25.14000,24.74000,24.84000,220600
2020-01-29,24.94000,25.19000,24.69000,24.69000,236700
2020-01-30,24.62000,24.68000,24.25000,24.42000,440600
2020-01-31,24.11000,24.52000,23.50000,23.68000,695800
2020-02-03,23.72000,23.72000,23.01000,23.10000,563600
2020-02-04,23.36000,23.52000,23.07000,23.18000,448800
2020-02-05,23.44000,23.98000,23.44000,23.92000,797200
2020-02-06,23.88000,24.00000,23.58000,23.87000,254400
2020-02-07,23.66000,23.69000,23.30000,23.49000,347800
2020-02-10,23.37000,23.39000,23.15000,23.33000,237700
2020-02-11,23.58000,23.83000,23.44000,23.59000,303000
2020-02-12,23.84000,24.20000,23.70000,24.13000,325200
2020-02-13,24.02000,24.02000,23.71000,23.93000,232000
2020-02-14,23.99000,24.14000,23.85000,24.01000,203600
2020-02-18,23.89000,24.15000,23.62000,23.92000,241900
2020-02-19,24.14000,24.35000,23.97000,24.25000,202800
2020-02-20,24.36000,24.46000,24.20000,24.21000,278600
2020-02-21,24.11000,24.16000,23.81000,23.91000,178100
2020-02-24,23.29000,23.63000,23.08000,23.47000,622000
2020-02-25,23.52000,23.75000,23.07000,23.14000,615200
2020-02-26,23.14000,23.40000,22.16000,22.21000,551000
2020-02-27,21.75000,22.01000,21.13000,21.78000,729100
2020-02-28,21.29000,21.96000,20.56000,21.93000,1754500
2020-03-02,22.15000,22.67000,21.81000,22.64000,1438000
2020-03-03,22.61000,22.80000,22.13000,22.26000,784000
2020-03-04,22.28000,22.64000,22.03000,22.38000,556600
2020-03-05,22.03000,22.41000,21.59000,21.92000,532500
2020-03-06,21.38000,21.70000,20.67000,21.05000,912000
2020-03-09,16.86000,18.81000,16.41000,17.25000,810800
2020-03-10,18.23000,18.27000,16.25000,17.01000,1011400
2020-03-11,16.55000,16.78000,14.50000,14.58000,1172000
2020-03-12,13.52000,13.71000,11.62000,11.96000,1215600
2020-03-13,12.41000,12.91000,11.56000,12.90000,855500
2020-03-16,12.40000,12.40000,10.51000,10.88000,1928600
2020-03-17,11.00000,11.00000,8.41000,8.89000,2154900
2020-03-18,8.40000,8.40000,7.04000,7.83000,1884000
2020-03-19,7.93000,9.42000,7.74000,9.04000,2007500
2020-03-20,9.27000,10.03000,8.84000,9.00000,3020600
2020-03-23,9.11000,9.40000,8.63000,8.69000,1918200
2020-03-24,9.12000,9.88000,9.12000,9.82000,1348400
2020-03-25,9.72000,11.03000,9.61000,10.54000,1644300
2020-03-26,10.46000,11.34000,10.16000,10.25000,1751600
2020-03-27,10.24000,10.24000,9.33000,9.47000,1299700
2020-03-30,8.67000,10.61000,8.63000,10.50000,1965200
2020-03-31,10.60000,12.01000,10.60000,11.27000,2526000
2020-04-01,10.86000,11.74000,10.31000,11.01000,2013800
2020-04-02,11.37000,12.77000,11.25000,12.25000,1753300
2020-04-03,13.04000,13.04000,11.55000,12.00000,1270100
2020-04-06,12.60000,12.60000,11.84000,12.18000,981000
2020-04-07,13.18000,13.18000,12.21000,12.24000,1211700
2020-04-08,12.26000,12.95000,12.26000,12.91000,1130800
2020-04-09,13.96000,13.96000,12.76000,12.92000,1589100
2020-04-13,13.39000,13.39000,12.62000,12.66000,697600
2020-04-14,12.65000,12.96000,12.32000,12.53000,1021800
2020-04-15,12.44000,12.44000,11.26000,11.64000,1069600
2020-04-16,11.84000,11.93000,11.18000,11.24000,798400
2020-04-17,11.50000,12.31000,11.14000,12.28000,1100500
2020-04-20,11.75000,12.51000,11.37000,12.12000,1124300
2020-04-21,11.82000,12.32000,11.38000,12.27000,1196700
2020-04-22,12.89000,12.95000,12.37000,12.71000,1301500
2020-04-23,13.12000,13.62000,12.91000,12.96000,909700
2020-04-24,13.55000,13.55000,12.90000,13.14000,782500
2020-04-27,13.26000,13.61000,12.76000,13.44000,1210400
2020-04-28,14.00000,14.57000,13.72000,14.38000,1062600
2020-04-29,14.97000,16.36000,14.97000,16.32000,1127300
2020-04-30,16.11000,16.59000,15.72000,16.19000,1895000
2020-05-01,15.58000,16.06000,15.11000,15.47000,1556500
2020-05-04,15.00000,15.79000,14.74000,15.65000,1861600
2020-05-05,16.37000,16.90000,15.15000,15.19000,1170700
2020-05-06,15.19000,15.54000,14.59000,14.69000,914400
2020-05-07,15.00000,15.42000,14.68000,14.86000,917400
2020-05-08,15.32000,15.33000,14.95000,15.26000,675200
2020-05-11,15.26000,15.30000,14.84000,14.98000,744200
2020-05-12,15.02000,15.48000,14.99000,14.99000,676400
2020-05-13,14.86000,15.13000,13.89000,13.99000,731100
2020-05-14,13.57000,14.34000,13.24000,14.04000,689000
2020-05-15,14.02000,14.47000,13.86000,14.29000,696700
2020-05-18,15.00000,15.50000,14.65000,15.45000,457500
2020-05-19,15.70000,15.70000,14.95000,15.00000,630500
2020-05-20,15.27000,15.71000,15.22000,15.61000,1994200
2020-05-21,15.88000,15.90000,15.12000,15.52000,864800
2020-05-22,15.56000,15.56000,15.04000,15.26000,558000
2020-05-26,15.88000,16.19000,15.57000,16.14000,903200
2020-05-27,16.56000,16.56000,15.88000,16.54000,590800
2020-05-28,16.59000,16.64000,15.98000,16.04000,519100
2020-05-29,16.05000,16.05000,15.38000,15.62000,823300
2020-06-01,15.62000,16.44000,15.41000,16.39000,677500
2020-06-02,16.18000,17.00000,16.18000,16.90000,713900
2020-06-03,17.00000,17.21000,16.79000,17.14000,531200
2020-06-04,17.05000,17.52000,16.75000,17.41000,539600
2020-06-05,18.21000,18.67000,18.09000,18.51000,1053600
2020-06-08,19.20000,19.71000,18.60000,19.67000,885700
2020-06-09,19.26000,19.36000,18.67000,19.16000,548400
2020-06-10,19.07000,19.07000,18.17000,18.30000,795700
2020-06-11,17.12000,17.63000,16.41000,16.60000,936500
2020-06-12,17.30000,17.58000,16.70000,17.06000,383600
2020-06-15,16.54000,17.45000,16.35000,17.30000,533500
2020-06-16,18.11000,18.16000,17.29000,17.46000,975800
2020-06-17,17.49000,17.49000,16.65000,16.66000,1908600
2020-06-18,16.66000,17.08000,16.45000,16.53000,709800
2020-06-19,16.91000,16.96000,16.02000,16.12000,1182100
2020-06-22,16.03000,16.33000,15.94000,16.15000,1987900
2020-06-23,16.64000,16.77000,16.22000,16.45000,573800
2020-06-24,16.19000,16.21000,15.53000,15.74000,714800
2020-06-25,15.46000,16.34000,15.46000,15.74000,1404500
2020-06-26,15.70000,15.70000,15.20000,15.41000,677200
2020-06-29,15.51000,16.07000,15.27000,15.82000,508300
2020-06-30,15.81000,16.20000,15.47000,16.05000,1021500
2020-07-01,16.18000,16.41000,15.51000,15.61000,390000
2020-07-02,15.97000,16.43000,15.71000,15.89000,426400
2020-07-06,16.16000,16.33000,15.82000,16.20000,652600
2020-07-07,16.20000,16.26000,15.83000,15.86000,465200
2020-07-08,15.78000,16.12000,15.40000,15.45000,519100
2020-07-09,15.70000,15.70000,14.73000,14.96000,781800
2020-07-10,14.98000,15.39000,14.91000,15.38000,415200
2020-07-13,15.31000,15.59000,15.21000,15.44000,586600
2020-07-14,15.53000,16.22000,15.28000,16.19000,539300
2020-07-15,16.50000,16.77000,16.38000,16.63000,372800
2020-07-16,16.62000,16.76000,16.31000,16.43000,227200
2020-07-17,16.67000,16.67000,16.15000,16.26000,287500
2020-07-20,16.18000,16.45000,15.92000,15.99000,434400
2020-07-21,16.30000,17.57000,16.30000,17.41000,649500
2020-07-22,17.30000,17.30000,16.71000,16.97000,597500
2020-07-23,16.88000,16.96000,16.44000,16.76000,542200
2020-07-24,16.83000,16.93000,16.60000,16.70000,351500
2020-07-27,16.76000,17.06000,16.52000,16.94000,397900
2020-07-28,16.88000,16.94000,16.28000,16.34000,393400
2020-07-29,16.45000,16.83000,16.17000,16.81000,371800
2020-07-30,16.45000,16.51000,15.88000,16.33000,431000
2020-07-31,16.10000,16.50000,15.47000,15.63000,577800
2020-08-03,15.63000,15.99000,15.46000,15.75000,310500
2020-08-04,15.76000,16.68000,15.76000,16.41000,607600
2020-08-05,17.26000,17.64000,16.68000,16.69000,528900
2020-08-06,16.73000,16.95000,16.50000,16.55000,351800
2020-08-07,16.41000,16.41000,16.09000,16.24000,612100
2020-08-10,16.39000,16.74000,16.30000,16.70000,440000
2020-08-11,17.00000,17.70000,16.79000,16.89000,648600
2020-08-12,17.07000,17.45000,17.04000,17.27000,332000
2020-08-13,17.23000,17.42000,16.98000,17.09000,583700
2020-08-14,16.95000,17.06000,16.81000,17.04000,889500
2020-08-17,17.15000,17.17000,16.91000,17.13000,278400
2020-08-18,17.03000,17.33000,16.83000,16.87000,273600
2020-08-19,16.82000,16.97000,16.68000,16.69000,387700
2020-08-20,16.54000,16.76000,16.41000,16.57000,299000
2020-08-21,16.52000,16.52000,16.15000,16.25000,583700
2020-08-24,16.40000,17.02000,16.40000,17.02000,373500
2020-08-25,17.25000,17.29000,16.85000,17.10000,267400
2020-08-26,17.10000,17.10000,16.66000,16.81000,382300
2020-08-27,16.82000,16.88000,16.33000,16.71000,434000
2020-08-28,16.73000,16.95000,16.63000,16.90000,366500
2020-08-31,16.90000,16.92000,16.43000,16.43000,583500
2020-09-01,16.37000,16.96000,16.28000,16.54000,524000
2020-09-02,16.46000,16.60000,15.92000,16.00000,668300
2020-09-03,15.81000,16.33000,15.75000,15.95000,420300
2020-09-04,16.15000,16.23000,15.83000,15.99000,408800
2020-09-08,15.53000,15.68000,14.81000,14.85000,578900
2020-09-09,15.03000,15.25000,14.89000,15.03000,435100
2020-09-10,15.06000,15.12000,14.50000,14.53000,459600
2020-09-11,14.57000,14.66000,14.35000,14.59000,399600
2020-09-14,14.67000,14.67000,14.24000,14.41000,479200
2020-09-15,14.52000,14.78000,14.35000,14.40000,370600
2020-09-16,14.50000,14.94000,14.39000,14.68000,899500
2020-09-17,14.50000,14.51000,14.15000,14.33000,484900
2020-09-18,14.38000,14.38000,13.94000,14.01000,717100
2020-09-21,13.70000,13.73000,13.11000,13.24000,391300
2020-09-22,13.27000,13.61000,13.11000,13.27000,236900
2020-09-23,13.35000,13.35000,12.57000,12.63000,463600
2020-09-24,12.64000,12.86000,12.34000,12.65000,471600
2020-09-25,12.56000,12.57000,12.17000,12.29000,428600
2020-09-28,12.50000,12.72000,12.44000,12.48000,599000
2020-09-29,12.53000,12.53000,11.81000,12.05000,526500
2020-09-30,12.12000,12.26000,11.94000,11.96000,548000
2020-10-01,11.92000,12.14000,11.42000,11.54000,805500
2020-10-02,11.25000,11.77000,11.16000,11.68000,892500
2020-10-05,11.91000,12.03000,11.59000,11.89000,884000
2020-10-06,12.12000,12.25000,11.70000,11.82000,470400
2020-10-07,11.86000,12.18000,11.82000,12.07000,505800
2020-10-08,12.28000,12.91000,12.23000,12.83000,520100
2020-10-09,12.99000,13.10000,12.49000,12.60000,383700
2020-10-12,12.54000,12.59000,12.36000,12.42000,301400
2020-10-13,12.44000,12.67000,12.31000,12.41000,399700
2020-10-14,12.53000,12.84000,12.41000,12.44000,439700
2020-10-15,12.20000,12.56000,12.02000,12.49000,589200
2020-10-16,12.49000,12.65000,12.14000,12.42000,400700
2020-10-19,12.61000,12.82000,12.34000,12.49000,563400
2020-10-20,12.65000,12.98000,12.50000,12.93000,473300
2020-10-21,12.89000,12.91000,12.51000,12.66000,568300
2020-10-22,12.74000,13.19000,12.54000,13.18000,407000
2020-10-23,13.30000,13.50000,13.17000,13.46000,833600
2020-10-26,12.98000,13.30000,12.88000,13.11000,585000
2020-10-27,13.07000,13.17000,12.87000,12.97000,513900
2020-10-28,12.63000,12.71000,12.26000,12.39000,423600
2020-10-29,12.23000,12.61000,11.96000,12.53000,589000
2020-10-30,12.52000,13.41000,12.44000,13.33000,993000
2020-11-02,13.14000,14.16000,13.14000,13.96000,1072800
2020-11-03,14.30000,14.44000,13.90000,14.38000,1274300
2020-11-04,14.40000,14.68000,14.02000,14.20000,534700
2020-11-05,14.16000,14.71000,14.16000,14.25000,600000
2020-11-06,14.30000,14.57000,14.10000,14.13000,689400
2020-11-09,15.37000,16.89000,15.20000,16.58000,867300
2020-11-10,16.82000,16.92000,16.28000,16.92000,534000
2020-11-11,17.06000,17.22000,16.78000,17.01000,424800
2020-11-12,16.75000,16.81000,16.03000,16.21000,407100
2020-11-13,16.26000,16.75000,15.98000,16.10000,802900
2020-11-16,16.53000,17.08000,16.53000,17.04000,757600
2020-11-17,16.82000,17.32000,16.46000,17.30000,1256000
2020-11-18,17.48000,17.74000,17.17000,17.20000,670600
2020-11-19,17.12000,17.42000,16.48000,17.29000,743500
2020-11-20,17.39000,17.39000,17.03000,17.24000,551200
2020-11-23,17.57000,18.41000,17.57000,18.38000,686300
2020-11-24,18.89000,19.42000,18.84000,19.20000,480000
2020-11-25,18.99000,19.06000,18.55000,18.70000,524600
2020-11-27,18.82000,19.00000,18.55000,18.81000,231300
2020-11-30,18.71000,18.71000,17.32000,17.35000,491500
2020-12-01,17.79000,18.07000,17.64000,17.70000,640900
2020-12-02,17.58000,18.06000,17.51000,17.62000,632700
2020-12-03,17.63000,18.17000,17.52000,18.01000,399500
2020-12-04,18.38000,19.12000,18.17000,18.99000,350400
2020-12-07,18.90000,19.01000,18.34000,19.01000,526500
2020-12-08,18.83000,19.26000,18.64000,19.22000,353200
2020-12-09,19.47000,19.74000,19.11000,19.33000,713600
2020-12-10,19.43000,20.18000,19.41000,20.06000,631900
2020-12-11,19.76000,19.90000,19.48000,19.84000,467400
2020-12-14,20.45000,20.45000,19.20000,19.20000,392100
2020-12-15,19.07000,19.69000,19.07000,19.53000,256200
2020-12-16,19.67000,19.67000,19.09000,19.10000,281100
2020-12-17,19.33000,19.39000,18.90000,19.17000,332700
2020-12-18,19.22000,19.35000,18.90000,19.16000,389500
2020-12-21,18.54000,18.81000,18.09000,18.55000,417400
2020-12-22,18.53000,18.53000,18.18000,18.26000,260500
2020-12-23,18.39000,19.17000,18.39000,19.09000,317600
2020-12-24,19.26000,19.26000,18.82000,19.09000,130200
2020-12-28,19.23000,19.47000,18.88000,18.95000,155300
2020-12-29,19.10000,19.46000,19.07000,19.10000,325100
2020-12-30,19.20000,19.71000,19.06000,19.33000,362300
2020-12-31,19.34000,19.70000,18.97000,19.03000,480200
2021-01-04,19.09000,19.64000,19.09000,19.36000,534300
2021-01-05,19.67000,21.24000,19.67000,21.05000,716400
2021-01-06,21.35000,21.97000,21.10000,21.66000,824900
2021-01-07,21.97000,22.19000,21.45000,22.01000,393500
2021-01-08,22.36000,22.36000,21.50000,21.78000,647400
2021-01-11,21.25000,21.63000,21.12000,21.60000,273800
2021-01-12,21.77000,21.88000,21.51000,21.73000,587300
2021-01-13,21.67000,21.67000,21.00000,21.31000,284100
2021-01-14,21.54000,22.30000,21.13000,22.07000,562400
2021-01-15,21.58000,21.69000,20.99000,21.02000,260400
2021-01-19,20.85000,21.35000,20.85000,21.16000,365300
2021-01-20,21.39000,21.47000,20.96000,21.22000,352200
2021-01-21,21.10000,21.28000,20.47000,20.71000,192200
2021-01-22,20.25000,20.41000,20.01000,20.15000,263700
2021-01-25,20.00000,20.37000,19.67000,20.34000,271300
2021-01-26,20.51000,20.85000,19.31000,19.37000,505900
2021-01-27,19.00000,19.57000,18.73000,19.10000,512700
2021-01-28,19.38000,19.68000,18.95000,19.43000,534800
2021-01-29,19.34000,19.71000,18.90000,19.02000,520700
2021-02-01,19.20000,19.65000,19.11000,19.57000,386900
2021-02-02,19.42000,19.89000,18.86000,18.92000,834900
2021-02-03,19.51000,20.05000,19.12000,19.85000,439900
2021-02-04,20.03000,20.67000,19.36000,20.25000,945400
2021-02-05,20.50000,20.62000,20.03000,20.23000,368100
2021-02-08,20.49000,20.59000,20.11000,20.38000,412000
2021-02-09,20.20000,20.38000,19.86000,20.18000,309100
2021-02-10,20.31000,20.52000,20.20000,20.49000,578800
2021-02-11,20.59000,20.59000,19.93000,20.10000,826500
2021-02-12,19.88000,20.30000,19.85000,20.29000,757900
2021-02-16,20.70000,21.07000,20.24000,20.99000,552100
2021-02-17,20.89000,21.27000,20.63000,21.02000,362700
2021-02-18,21.18000,21.18000,20.55000,20.60000,314100
2021-02-19,20.74000,21.18000,20.62000,21.12000,518500
2021-02-22,21.26000,22.83000,21.21000,22.64000,1026500
2021-02-23,22.79000,23.07000,22.12000,22.66000,454600
2021-02-24,22.79000,23.44000,22.52000,23.20000,524100
2021-02-25,23.27000,23.39000,22.62000,22.67000,399100
2021-02-26,22.44000,22.44000,21.74000,21.96000,470900
2021-03-01,22.21000,22.51000,22.00000,22.05000,568400
2021-03-02,22.47000,22.64000,22.13000,22.13000,609600
2021-03-03,22.41000,23.17000,22.28000,22.72000,668900
2021-03-04,22.76000,23.47000,22.44000,22.99000,1078700
2021-03-05,23.40000,23.97000,23.17000,23.67000,660400
2021-03-08,24.28000,24.62000,23.84000,24.16000,754900
2021-03-09,24.16000,24.93000,23.82000,24.54000,887700
2021-03-10,24.68000,25.42000,24.46000,25.20000,529700
2021-03-11,25.41000,25.95000,25.37000,25.55000,538100
2021-03-12,25.54000,26.21000,25.42000,25.84000,583200
2021-03-15,25.61000,25.81000,25.02000,25.37000,580200
2021-03-16,25.09000,25.09000,24.27000,24.66000,1083500
2021-03-17,24.46000,24.85000,24.37000,24.82000,692900
2021-03-18,24.68000,24.73000,23.47000,23.68000,641600
2021-03-19,23.59000,24.05000,23.31000,23.84000,768400
2021-03-22,23.92000,24.09000,23.47000,23.48000,411100
2021-03-23,23.06000,23.66000,22.73000,22.75000,1740100
2021-03-24,23.18000,24.64000,23.12000,24.03000,1118200
2021-03-25,23.87000,24.31000,23.37000,24.26000,988500
2021-03-26,24.55000,25.20000,24.41000,24.68000,622800
2021-03-29,24.48000,24.97000,24.27000,24.71000,1036200
2021-03-30,24.61000,24.88000,24.35000,24.66000,402400
2021-03-31,24.57000,24.69000,24.10000,24.18000,454100
2021-04-01,24.20000,25.21000,23.89000,25.20000,711700
2021-04-05,25.18000,25.20000,24.52000,24.82000,904400
2021-04-06,24.92000,25.33000,24.72000,25.02000,531900
2021-04-07,24.65000,25.21000,24.65000,25.11000,461000
2021-04-08,25.04000,25.33000,24.70000,25.12000,644900
2021-04-09,25.08000,25.31000,24.69000,24.72000,406100
2021-04-12,24.75000,25.64000,24.73000,25.44000,731300
2021-04-13,25.49000,25.65000,24.91000,25.27000,542700
2021-04-14,25.38000,26.00000,25.38000,25.78000,851600
2021-04-15,25.86000,25.86000,25.33000,25.57000,375300
2021-04-16,25.70000,25.95000,25.51000,25.54000,491300
2021-04-19,25.63000,25.82000,25.29000,25.37000,334900
2021-04-20,25.24000,25.31000,24.58000,24.82000,545100
2021-04-21,24.53000,25.51000,24.53000,25.51000,400100
2021-04-22,25.56000,25.56000,24.78000,24.97000,388700
2021-04-23,25.08000,25.50000,24.94000,25.50000,433500
2021-04-26,25.48000,25.82000,25.33000,25.54000,480600
2021-04-27,25.56000,26.02000,25.54000,25.88000,265000
2021-04-28,26.00000,27.14000,25.95000,27.01000,585100
2021-04-29,27.34000,27.76000,26.83000,27.64000,579200
2021-04-30,27.99000,29.07000,27.12000,28.95000,2177000
2021-05-03,29.47000,30.54000,29.11000,30.51000,1554900
2021-05-04,30.56000,30.86000,29.64000,29.76000,1095600
2021-05-05,30.00000,30.59000,30.00000,30.48000,1458500
2021-05-06,30.64000,31.38000,30.64000,31.06000,980500
2021-05-07,30.65000,31.64000,30.45000,31.36000,1715100
2021-05-10,31.62000,31.93000,31.01000,31.01000,945200
2021-05-11,29.94000,31.26000,29.94000,30.99000,1506800
2021-05-12,30.98000,31.57000,30.84000,31.12000,1159400
2021-05-13,30.87000,31.84000,30.54000,31.58000,1141200
2021-05-14,31.92000,32.52000,31.89000,32.05000,468500
2021-05-17,31.97000,33.10000,31.97000,33.05000,880300
2021-05-18,32.91000,33.23000,32.33000,32.65000,446000
2021-05-19,31.84000,32.23000,31.26000,31.53000,567100
2021-05-20,31.53000,32.24000,31.34000,32.06000,630000
2021-05-21,32.08000,33.02000,32.08000,32.41000,641000
2021-05-24,32.38000,32.76000,31.89000,32.36000,403900
2021-05-25,32.28000,33.09000,31.95000,32.14000,634800
2021-05-26,31.89000,32.70000,31.81000,32.61000,627800
2021-05-27,32.77000,33.24000,32.71000,33.22000,469700
2021-05-28,33.25000,33.54000,32.94000,33.00000,473100
2021-06-01,33.54000,35.20000,33.54000,34.40000,755900
2021-06-02,34.41000,34.41000,33.81000,34.04000,958100
2021-06-03,34.03000,34.31000,33.68000,33.73000,685500
2021-06-04,33.92000,34.21000,33.45000,34.07000,486300
2021-06-07,34.07000,34.51000,33.91000,34.26000,341200
2021-06-08,34.18000,34.34000,33.86000,33.90000,550800
2021-06-09,33.94000,34.37000,33.65000,34.11000,474000
2021-06-10,34.45000,34.97000,34.16000,34.53000,753600
2021-06-11,34.49000,34.82000,33.89000,33.95000,544900
2021-06-14,33.94000,34.33000,33.71000,33.77000,636100
2021-06-15,33.76000,34.33000,33.76000,34.21000,383500
2021-06-16,34.04000,34.28000,33.76000,33.87000,558600
2021-06-17,33.80000,33.80000,31.66000,31.88000,772500
2021-06-18,31.18000,31.82000,30.89000,31.27000,1018600
2021-06-21,31.50000,32.77000,31.25000,32.57000,544300
2021-06-22,32.44000,32.86000,32.15000,32.44000,827700
2021-06-23,33.03000,33.12000,32.40000,32.43000,536400
2021-06-24,32.32000,32.55000,32.08000,32.47000,659100
2021-06-25,32.62000,32.85000,32.26000,32.28000,521400
2021-06-28,32.18000,32.18000,30.56000,30.61000,810200
2021-06-29,30.66000,30.95000,30.04000,30.11000,463100
2021-06-30,30.13000,30.72000,30.08000,30.40000,661700
2021-07-01,31.06000,31.65000,31.06000,31.30000,489900
2021-07-02,31.26000,31.26000,30.47000,30.89000,561600
2021-07-06,30.60000,30.60000,29.61000,29.89000,812100
2021-07-07,29.69000,30.24000,29.42000,29.49000,408300
2021-07-08,29.04000,29.04000,28.05000,28.40000,1166400
2021-07-09,28.65000,29.37000,28.60000,29.28000,854500
2021-07-12,29.01000,29.28000,28.51000,28.77000,457200
2021-07-13,28.62000,28.75000,28.08000,28.65000,340900
2021-07-14,28.82000,29.35000,28.23000,28.42000,540500
2021-07-15,28.05000,28.44000,27.60000,27.87000,497700
2021-07-16,27.51000,28.22000,27.28000,27.31000,663300
2021-07-19,26.34000,26.64000,25.75000,26.24000,639300
2021-07-20,26.16000,26.72000,25.90000,26.54000,315600
2021-07-21,26.95000,27.37000,26.82000,26.98000,645100
2021-07-22,26.93000,27.28000,26.68000,27.16000,857500
2021-07-23,27.38000,27.45000,26.82000,27.09000,237200
2021-07-26,27.07000,27.83000,27.07000,27.39000,252400
2021-07-27,27.17000,27.17000,26.54000,26.66000,360000
2021-07-28,26.74000,27.26000,26.56000,27.20000,324000
2021-07-29,27.58000,28.02000,27.48000,27.97000,617100
2021-07-30,27.76000,28.31000,26.72000,27.38000,1018500
2021-08-02,27.51000,28.44000,27.30000,27.34000,195600
2021-08-03,27.27000,28.38000,26.86000,27.86000,665700
2021-08-04,27.43000,27.43000,26.46000,26.48000,554900
2021-08-05,26.58000,27.22000,26.55000,27.02000,274900
2021-08-06,27.24000,27.29000,26.89000,27.18000,225300
2021-08-09,26.78000,26.86000,26.40000,26.77000,226900
2021-08-10,26.81000,27.50000,26.76000,27.49000,233700
2021-08-11,27.23000,27.71000,27.23000,27.71000,280700
2021-08-12,27.63000,27.86000,27.24000,27.61000,308700
2021-08-13,27.86000,27.86000,27.24000,27.28000,296600
2021-08-16,26.90000,26.90000,26.26000,26.42000,392200
2021-08-17,26.27000,26.55000,25.73000,25.88000,305300
2021-08-18,25.86000,26.03000,25.42000,25.46000,263300
2021-08-19,24.94000,24.94000,23.94000,24.48000,543700
2021-08-20,24.37000,24.83000,24.13000,24.74000,438900
2021-08-23,25.50000,25.96000,25.24000,25.78000,427300
2021-08-24,25.98000,26.28000,25.86000,26.14000,303500
2021-08-25,26.14000,26.32000,25.96000,26.31000,351600
2021-08-26,26.07000,26.56000,25.90000,26.11000,542500
2021-08-27,26.43000,26.88000,26.32000,26.82000,378900
2021-08-30,27.03000,27.03000,26.31000,26.40000,284500
2021-08-31,26.25000,26.54000,26.10000,26.39000,267400
2021-09-01,26.39000,26.60000,26.20000,26.36000,354100
2021-09-02,26.48000,27.64000,26.38000,27.41000,509900
2021-09-03,27.46000,27.75000,27.20000,27.35000,273900
2021-09-07,27.09000,27.26000,26.77000,26.83000,319100
2021-09-08,27.06000,27.23000,26.45000,26.64000,286500
2021-09-09,26.35000,27.13000,26.35000,26.94000,323600
2021-09-10,27.43000,27.61000,26.80000,26.85000,209700
2021-09-13,27.19000,28.45000,27.19000,28.30000,431300
2021-09-14,28.49000,28.58000,27.67000,27.83000,433200
2021-09-15,28.32000,28.83000,28.24000,28.61000,316900
2021-09-16,28.46000,28.57000,27.90000,27.96000,293500
2021-09-17,27.75000,28.19000,27.08000,27.12000,828500
2021-09-20,26.08000,26.83000,26.05000,26.52000,573200
2021-09-21,26.90000,27.72000,26.50000,27.45000,683300
2021-09-22,27.89000,29.39000,27.41000,28.96000,423400
2021-09-23,29.35000,29.80000,29.21000,29.71000,364800
2021-09-24,29.48000,30.18000,29.24000,30.07000,239700
2021-09-27,30.83000,31.04000,30.54000,30.75000,403700
2021-09-28,31.34000,31.34000,30.47000,30.84000,372700
2021-09-29,31.11000,31.55000,30.72000,31.47000,382100
2021-09-30,31.35000,31.83000,30.94000,31.56000,292400
2021-10-01,31.85000,32.71000,31.66000,32.51000,281500
2021-10-04,32.81000,33.46000,32.63000,33.09000,317600
2021-10-05,33.46000,33.79000,33.18000,33.20000,245300
2021-10-06,32.64000,32.79000,32.09000,32.64000,201500
2021-10-07,32.60000,33.44000,32.36000,33.31000,310600
2021-10-08,33.65000,34.40000,33.60000,34.21000,475100
2021-10-11,34.87000,35.14000,34.30000,34.35000,120000
2021-10-12,34.39000,34.45000,33.78000,34.13000,621700
2021-10-13,33.97000,33.97000,33.44000,33.88000,609500
2021-10-14,34.32000,34.64000,34.18000,34.18000,933500
2021-10-15,34.58000,35.02000,34.48000,34.63000,925700
2021-10-18,34.82000,35.16000,34.33000,34.40000,711700
2021-10-19,34.58000,34.65000,34.08000,34.33000,919900
2021-10-20,34.25000,35.16000,34.15000,34.90000,321000
2021-10-21,34.76000,34.79000,33.97000,34.37000,326300
2021-10-22,34.42000,35.01000,34.42000,34.92000,427900
2021-10-25,35.27000,36.16000,35.15000,36.05000,634500
2021-10-26,36.28000,36.74000,35.80000,36.27000,433700
2021-10-27,35.99000,36.43000,35.32000,35.37000,427300
2021-10-28,35.37000,36.60000,35.09000,36.57000,491000
2021-10-29,36.80000,36.80000,33.72000,33.88000,1215800
2021-11-01,34.49000,35.79000,34.46000,35.28000,693400
2021-11-02,35.01000,35.43000,34.66000,34.88000,293600
2021-11-03,34.47000,34.95000,33.50000,33.64000,467700
2021-11-04,33.60000,34.23000,32.84000,33.03000,611100
2021-11-05,33.05000,34.10000,33.05000,33.93000,456700
2021-11-08,34.29000,34.85000,33.89000,34.29000,414600
2021-11-09,34.25000,35.34000,33.95000,34.79000,485800
2021-11-10,34.81000,35.40000,34.09000,34.29000,294400
2021-11-11,34.44000,34.46000,33.78000,33.91000,317500
2021-11-12,34.57000,35.80000,33.88000,34.92000,632900
2021-11-15,34.92000,35.69000,34.40000,35.44000,334800
2021-11-16,35.41000,36.21000,35.25000,35.69000,377300
2021-11-17,35.25000,35.94000,34.71000,35.23000,440200
2021-11-18,35.18000,35.40000,34.61000,34.86000,433300
2021-11-19,34.50000,34.50000,33.57000,33.82000,341000
2021-11-22,33.65000,34.56000,33.19000,33.96000,341500
2021-11-23,34.52000,35.06000,34.17000,34.77000,476100
2021-11-24,34.58000,35.48000,34.37000,35.12000,277700
2021-11-26,33.27000,33.76000,32.38000,32.86000,512800
2021-11-29,33.74000,34.03000,33.07000,33.63000,374800
2021-11-30,32.79000,33.63000,32.28000,33.09000,459700
2021-12-01,33.78000,34.79000,32.83000,32.90000,512400
2021-12-02,32.52000,34.53000,32.36000,34.20000,640200
2021-12-03,34.80000,34.85000,33.42000,33.59000,431400
2021-12-06,34.11000,34.88000,33.59000,34.52000,247900
2021-12-07,34.62000,35.77000,34.62000,35.19000,261100
2021-12-08,35.41000,35.67000,34.99000,35.20000,306600
2021-12-09,34.69000,34.92000,34.36000,34.76000,205500
2021-12-10,35.03000,35.26000,34.40000,34.92000,165000
2021-12-13,34.87000,34.87000,33.26000,33.38000,261600
2021-12-14,33.18000,33.98000,32.93000,33.09000,244300
2021-12-15,32.89000,33.30000,32.20000,33.19000,188400
2021-12-16,33.31000,34.38000,33.31000,33.59000,220900
2021-12-17,33.22000,33.56000,32.79000,32.90000,588600
2021-12-20,32.03000,32.93000,31.71000,32.91000,209900
2021-12-21,33.23000,34.59000,33.23000,34.45000,331400
2021-12-22,35.00000,35.36000,34.07000,35.23000,399900
2021-12-23,35.35000,35.54000,35.15000,35.30000,291100
2021-12-27,35.35000,36.28000,34.94000,36.25000,112700
2021-12-28,36.43000,36.70000,35.34000,35.52000,146800
2021-12-29,35.37000,35.91000,35.26000,35.40000,240700
2021-12-30,35.37000,35.48000,35.00000,35.18000,163600
2021-12-31,34.97000,36.20000,34.97000,36.10000,338900
2022-01-03,36.19000,37.19000,36.19000,36.59000,154100
2022-01-04,36.97000,37.73000,36.47000,37.09000,496900
2022-01-05,37.47000,37.89000,36.45000,36.45000,545300
2022-01-06,37.30000,37.94000,36.61000,37.76000,561200
2022-01-07,38.00000,38.55000,37.59000,38.48000,537300
2022-01-10,38.59000,38.73000,37.86000,38.46000,427200
2022-01-11,38.95000,39.42000,38.74000,38.98000,386100
2022-01-12,39.28000,40.03000,39.23000,39.48000,535400
2022-01-13,39.68000,40.46000,39.45000,39.86000,463000
2022-01-14,39.98000,40.76000,38.59000,40.58000,372200
2022-01-18,41.36000,42.20000,40.63000,40.76000,912900
2022-01-19,41.28000,41.55000,40.43000,41.23000,345900
2022-01-20,40.85000,42.48000,40.85000,41.39000,392300
2022-01-21,40.81000,41.00000,39.80000,40.21000,341000
2022-01-24,38.74000,40.16000,38.31000,40.07000,923300
2022-01-25,39.92000,41.35000,38.90000,41.03000,899900
2022-01-26,41.93000,42.08000,40.80000,41.08000,563100
2022-01-27,41.74000,42.25000,40.58000,41.34000,370500
2022-01-28,41.00000,42.05000,40.51000,40.71000,422400
2022-01-31,40.73000,41.17000,40.41000,40.92000,540600
2022-02-01,42.00000,43.28000,40.50000,43.26000,850500
2022-02-02,43.35000,44.34000,42.60000,43.03000,557300
2022-02-03,42.39000,43.40000,42.38000,43.05000,517400
2022-02-04,43.30000,44.00000,42.57000,43.01000,452200
2022-02-07,43.08000,44.51000,42.83000,43.93000,521000
2022-02-08,43.94000,44.01000,42.56000,43.23000,783600
2022-02-09,43.60000,43.81000,43.08000,43.34000,344100
2022-02-10,42.92000,43.84000,42.84000,43.25000,264600
2022-02-11,43.83000,45.33000,43.50000,44.95000,619900
2022-02-14,44.84000,44.87000,43.94000,44.17000,615900
2022-02-15,43.48000,43.84000,42.69000,43.78000,439700
2022-02-16,44.20000,44.94000,43.71000,43.85000,391800
2022-02-17,43.76000,44.51000,43.55000,44.18000,396000
2022-02-18,43.88000,44.14000,43.36000,43.43000,284300
2022-02-22,44.64000,44.64000,42.52000,43.07000,289000
2022-02-23,43.27000,43.89000,42.53000,43.38000,317300
2022-02-24,44.15000,44.15000,42.24000,43.00000,483600
2022-02-25,43.00000,43.87000,43.00000,43.85000,239700
2022-02-28,43.93000,44.95000,43.57000,44.84000,638500
2022-03-01,45.38000,45.50000,44.45000,44.79000,501800
2022-03-02,45.14000,45.94000,44.95000,45.79000,457800
2022-03-03,45.41000,46.23000,44.87000,45.08000,480400
2022-03-04,44.90000,46.18000,44.51000,46.12000,408100
2022-03-07,47.00000,47.38000,45.96000,45.99000,1078400
2022-03-08,47.72000,47.72000,44.29000,44.88000,1618200
2022-03-09,43.80000,45.30000,43.09000,44.86000,662700
2022-03-10,45.10000,45.44000,43.78000,44.44000,739300
2022-03-11,44.22000,45.62000,43.81000,45.28000,512500
2022-03-14,44.06000,44.78000,42.47000,43.53000,391800
2022-03-15,42.03000,42.71000,40.80000,42.41000,687400
2022-03-16,42.77000,43.33000,41.39000,42.07000,338100
2022-03-17,42.78000,43.71000,42.64000,42.93000,492600
2022-03-18,42.65000,43.48000,42.63000,42.94000,572700
2022-03-21,43.92000,44.62000,43.63000,44.22000,543300
2022-03-22,44.69000,44.69000,43.94000,44.59000,328700
2022-03-23,45.00000,46.45000,45.00000,45.78000,569100
2022-03-24,46.00000,46.41000,45.19000,45.37000,449000
2022-03-25,45.17000,47.35000,45.17000,47.35000,520500
2022-03-28,45.61000,47.30000,45.15000,47.16000,776800
2022-03-29,45.54000,47.32000,44.89000,47.10000,766800
2022-03-30,47.40000,48.32000,47.38000,48.22000,459500
2022-03-31,47.81000,48.84000,47.81000,48.32000,593200
2022-04-01,48.13000,49.45000,48.13000,49.16000,406700
2022-04-04,49.49000,50.27000,49.16000,50.24000,328100
2022-04-05,50.43000,51.31000,49.57000,49.67000,254000
2022-04-06,50.02000,50.07000,48.93000,49.04000,368700
2022-04-07,49.19000,49.65000,48.61000,49.65000,246500
2022-04-08,49.77000,51.33000,49.65000,51.11000,349900
2022-04-11,50.71000,50.71000,49.44000,50.14000,629700
2022-04-12,50.96000,51.54000,50.70000,51.20000,388100
2022-04-13,51.75000,51.75000,50.31000,51.04000,538900
2022-04-14,51.09000,51.59000,50.61000,50.81000,311400
2022-04-18,51.25000,51.76000,50.92000,51.63000,299400
2022-04-19,51.60000,51.60000,50.50000,50.50000,346200
2022-04-20,50.97000,51.75000,50.04000,51.64000,604900
2022-04-21,51.75000,52.54000,49.55000,49.60000,750800
2022-04-22,49.36000,49.57000,47.95000,48.18000,540900
2022-04-25,46.55000,46.86000,45.18000,46.64000,848400
2022-04-26,46.61000,47.75000,46.09000,46.90000,473500
2022-04-27,47.01000,49.15000,46.45000,48.76000,925400
2022-04-28,49.43000,50.41000,48.37000,50.08000,1491900
2022-04-29,50.97000,51.72000,49.29000,50.14000,1875300
2022-05-02,50.19000,50.73000,48.21000,50.69000,1298200
2022-05-03,50.97000,53.13000,50.65000,53.07000,776900
2022-05-04,53.50000,54.15000,52.11000,53.13000,856600
2022-05-05,53.54000,53.77000,51.24000,52.51000,700500
2022-05-06,52.71000,53.13000,51.45000,52.76000,566300
2022-05-09,52.03000,52.03000,48.40000,48.77000,759000
2022-05-10,49.51000,50.20000,47.42000,48.29000,747300
2022-05-11,49.12000,49.94000,47.73000,47.82000,562900
2022-05-12,47.42000,47.70000,45.96000,47.50000,738200
2022-05-13,48.10000,50.09000,48.04000,49.77000,818400
2022-05-16,49.88000,51.16000,49.88000,50.71000,577700
2022-05-17,51.64000,51.64000,50.25000,50.74000,420600
2022-05-18,51.10000,51.54000,49.45000,50.06000,573100
2022-05-19,49.19000,51.81000,49.19000,50.96000,440500
2022-05-20,51.35000,52.29000,50.90000,52.03000,501600
2022-05-23,52.54000,54.35000,52.25000,53.23000,466100
2022-05-24,52.76000,53.64000,52.33000,52.70000,543000
2022-05-25,52.63000,53.94000,52.63000,53.63000,357900
2022-05-26,54.01000,55.31000,53.79000,54.10000,430700
2022-05-27,54.17000,56.43000,54.13000,55.91000,621100
2022-05-31,57.16000,57.63000,54.90000,55.45000,727500
2022-06-01,55.35000,56.25000,54.60000,55.81000,504900
2022-06-02,55.35000,56.19000,54.82000,55.05000,803300
2022-06-03,54.60000,55.67000,54.60000,55.42000,991700
2022-06-06,55.61000,56.17000,55.20000,55.75000,799900
2022-06-07,55.59000,57.36000,55.29000,57.28000,716900
2022-06-08,57.67000,57.89000,57.06000,57.76000,783300
2022-06-09,57.52000,57.52000,56.15000,56.25000,440500
2022-06-10,55.81000,55.81000,53.38000,54.16000,652000
2022-06-13,56.45000,56.45000,52.05000,54.24000,1435400
2022-06-14,54.77000,55.37000,53.13000,53.25000,642600
2022-06-15,53.18000,54.09000,51.38000,52.54000,601900
2022-06-16,51.14000,52.57000,50.24000,50.72000,1021200
2022-06-17,50.22000,50.65000,47.47000,48.50000,1468200
2022-06-21,49.62000,51.07000,49.33000,50.42000,638100
2022-06-22,48.70000,49.51000,46.98000,48.00000,534900
2022-06-23,48.00000,48.24000,44.60000,44.81000,1093800
2022-06-24,45.39000,47.30000,45.08000,46.87000,787300
2022-06-27,47.50000,48.71000,46.56000,48.37000,479100
2022-06-28,49.81000,50.28000,48.87000,49.29000,718200
2022-06-29,50.23000,50.68000,47.40000,47.49000,512400
2022-06-30,46.22000,47.18000,45.69000,47.11000,412900
2022-07-01,47.58000,48.21000,46.22000,47.19000,465800
2022-07-05,46.53000,47.01000,43.42000,44.54000,859300
2022-07-06,44.26000,45.21000,42.26000,42.56000,1207200
2022-07-07,43.44000,44.49000,43.27000,44.20000,1046400
2022-07-08,44.82000,44.88000,43.62000,44.36000,643000
2022-07-11,44.02000,44.43000,43.28000,43.63000,548600
2022-07-12,42.58000,43.31000,42.14000,42.66000,898100
2022-07-13,42.04000,43.40000,42.01000,42.41000,702300
2022-07-14,41.08000,41.57000,39.95000,40.62000,1116900
2022-07-15,41.20000,42.45000,40.97000,41.72000,1076300
2022-07-18,41.92000,43.67000,41.92000,42.57000,764900
2022-07-19,42.58000,45.09000,42.46000,44.98000,911600
2022-07-20,44.69000,45.41000,43.96000,45.27000,631300
2022-07-21,44.41000,44.57000,43.22000,44.10000,548800
2022-07-22,44.18000,44.61000,43.03000,43.15000,495100
2022-07-25,43.69000,45.00000,43.69000,44.50000,529100
2022-07-26,45.01000,45.24000,43.85000,44.33000,340000
2022-07-27,44.18000,45.52000,44.12000,45.44000,461400
2022-07-28,45.94000,46.35000,44.96000,46.11000,731900
2022-07-29,46.75000,48.83000,46.73000,47.98000,1001200
2022-08-01,46.90000,48.19000,46.63000,47.17000,523100
2022-08-02,47.39000,47.43000,45.81000,46.03000,835600
2022-08-03,46.52000,46.68000,44.20000,44.42000,1065400
2022-08-04,44.27000,44.27000,41.71000,41.85000,1840300
2022-08-05,41.71000,43.49000,41.37000,42.52000,1188800
2022-08-08,42.34000,42.92000,42.16000,42.28000,1232900
2022-08-09,42.69000,43.54000,42.31000,43.48000,682400
2022-08-10,43.56000,44.29000,42.86000,43.99000,476100
2022-08-11,44.92000,46.41000,44.61000,46.07000,665200
2022-08-12,45.71000,46.29000,45.34000,46.15000,356600
2022-08-15,44.55000,45.14000,43.80000,45.05000,375000
2022-08-16,45.67000,46.43000,44.92000,45.10000,594800
2022-08-17,45.17000,46.34000,44.98000,45.95000,632400
2022-08-18,46.53000,47.51000,46.27000,47.45000,390300
2022-08-19,46.90000,47.46000,46.88000,47.36000,484200
2022-08-22,47.19000,47.95000,46.19000,47.92000,521900
2022-08-23,48.74000,50.15000,48.36000,50.12000,494600
2022-08-24,50.01000,50.53000,49.37000,50.43000,529300
2022-08-25,50.87000,51.53000,50.51000,51.26000,423800
2022-08-26,51.47000,51.73000,50.25000,50.38000,381200
2022-08-29,51.10000,52.55000,50.42000,52.08000,528800
2022-08-30,52.11000,52.11000,49.62000,50.00000,429800
2022-08-31,49.25000,50.21000,48.37000,49.04000,386800
2022-09-01,48.42000,48.42000,47.13000,47.63000,364500
2022-09-02,49.10000,49.62000,48.36000,48.94000,400800
2022-09-06,49.27000,49.82000,47.97000,48.11000,289200
2022-09-07,47.38000,47.83000,46.48000,46.63000,392900
2022-09-08,47.03000,47.23000,46.17000,47.22000,459500
2022-09-09,47.96000,48.73000,47.90000,48.49000,626400
2022-09-12,49.21000,49.96000,48.55000,48.78000,444100
2022-09-13,48.22000,48.71000,47.43000,47.70000,371700
2022-09-14,48.23000,49.42000,48.07000,48.54000,375400
2022-09-15,48.00000,48.15000,46.22000,46.45000,554000
2022-09-16,45.98000,46.23000,45.03000,45.80000,502000
2022-09-19,44.88000,46.70000,44.44000,46.64000,548700
2022-09-20,46.35000,46.42000,45.52000,46.27000,265000
2022-09-21,46.93000,47.05000,45.30000,45.30000,336000
2022-09-22,46.03000,46.54000,45.06000,45.06000,213300
2022-09-23,43.38000,43.52000,41.87000,41.99000,756800
2022-09-26,41.87000,42.74000,40.20000,40.38000,600200
2022-09-27,40.99000,42.38000,40.83000,41.86000,538500
2022-09-28,42.25000,44.20000,41.75000,44.12000,601200
2022-09-29,43.87000,44.49000,42.68000,44.18000,590300
2022-09-30,44.08000,44.48000,43.19000,43.27000,330300
2022-10-03,45.26000,46.45000,45.04000,46.13000,590300
2022-10-04,47.07000,48.01000,47.02000,48.01000,589600
2022-10-05,48.07000,48.50000,46.84000,47.73000,498500
2022-10-06,47.53000,48.44000,47.30000,48.01000,503800
2022-10-07,48.11000,48.83000,46.62000,47.20000,946200
2022-10-10,47.12000,47.60000,45.39000,45.71000,180700
2022-10-11,45.20000,46.04000,44.86000,45.37000,582700
2022-10-12,45.06000,46.36000,44.20000,45.81000,653300
2022-10-13,44.71000,48.55000,44.53000,48.36000,479400
2022-10-14,48.01000,48.64000,46.12000,46.12000,412500
2022-10-17,46.35000,47.93000,46.35000,46.94000,311600
2022-10-18,47.21000,47.65000,46.09000,46.87000,386000
2022-10-19,46.43000,49.00000,46.43000,48.80000,425100
2022-10-20,49.35000,50.28000,48.49000,48.49000,424300
2022-10-21,48.96000,49.85000,48.24000,49.80000,409600
2022-10-24,49.79000,49.79000,48.37000,48.66000,706000
2022-10-25,48.71000,49.20000,47.87000,48.38000,483700
2022-10-26,48.78000,49.54000,48.31000,49.23000,380000
2022-10-27,49.86000,50.63000,49.48000,49.80000,452900
2022-10-28,54.00000,55.05000,51.81000,54.06000,1209800
2022-10-31,54.13000,55.20000,53.24000,54.48000,752800
2022-11-01,56.59000,56.67000,55.02000,55.11000,781500
2022-11-02,55.24000,55.60000,54.43000,54.51000,523100
2022-11-03,54.32000,56.82000,53.94000,56.47000,536000
2022-11-04,57.78000,58.99000,56.79000,57.21000,513300
2022-11-07,57.25000,57.69000,56.48000,56.99000,279600
2022-11-08,57.05000,57.41000,56.65000,56.66000,402700
2022-11-09,55.71000,56.34000,54.66000,55.02000,471900
2022-11-10,56.09000,57.13000,55.55000,56.93000,272800
2022-11-11,57.91000,58.33000,57.41000,57.87000,284500
2022-11-14,57.87000,57.97000,56.57000,56.62000,344100
2022-11-15,56.75000,57.43000,56.18000,57.20000,324300
2022-11-16,56.66000,57.11000,56.26000,56.62000,264000
2022-11-17,55.84000,56.69000,55.41000,56.69000,225100
2022-11-18,55.72000,56.89000,55.11000,56.46000,389500
2022-11-21,56.40000,56.40000,53.89000,55.92000,609200
2022-11-22,56.96000,57.61000,56.09000,57.61000,307500
2022-11-23,56.93000,57.42000,56.59000,57.34000,239400
2022-11-25,57.61000,57.61000,56.87000,57.32000,94800
2022-11-28,56.08000,57.03000,55.48000,56.20000,293600
2022-11-29,56.95000,57.68000,56.42000,57.36000,407500
2022-11-30,58.16000,58.42000,56.80000,57.05000,417000
2022-12-01,57.19000,57.48000,55.97000,56.23000,299100
2022-12-02,56.31000,56.98000,55.79000,55.93000,269200
2022-12-05,55.56000,56.41000,53.39000,53.39000,665200
2022-12-06,52.95000,53.75000,51.71000,51.80000,764300
2022-12-07,51.83000,52.90000,51.71000,52.42000,1071500
2022-12-08,53.05000,53.91000,51.84000,51.93000,744100
2022-12-09,51.75000,52.04000,49.98000,50.01000,951400
2022-12-12,48.74000,49.74000,47.60000,48.71000,1495900
2022-12-13,49.50000,49.93000,48.43000,49.24000,852700
2022-12-14,49.58000,49.58000,48.09000,48.65000,509200
2022-12-15,48.27000,48.42000,47.04000,47.39000,669500
2022-12-16,46.68000,46.85000,45.64000,46.75000,632100
2022-12-19,47.30000,47.32000,46.27000,46.86000,720000
2022-12-20,47.01000,47.35000,46.55000,46.99000,848200
2022-12-21,47.74000,48.09000,46.80000,47.97000,814300
2022-12-22,48.16000,49.05000,46.05000,46.81000,471800
2022-12-23,47.02000,48.28000,46.98000,48.27000,488500
2022-12-27,48.71000,49.20000,48.19000,49.06000,236200
2022-12-28,48.99000,48.99000,47.25000,47.74000,302500
2022-12-29,47.72000,48.73000,47.65000,48.52000,253700
2022-12-30,48.23000,48.89000,48.16000,48.74000,215000
2023-01-03,48.55000,48.55000,45.95000,46.25000,320700
2023-01-04,45.75000,46.86000,45.39000,46.10000,359600
2023-01-05,45.75000,46.91000,45.51000,46.58000,328200
2023-01-06,47.25000,48.52000,47.10000,48.31000,472600
2023-01-09,49.36000,49.37000,47.32000,47.93000,654600
2023-01-10,47.93000,48.20000,46.87000,47.78000,315200
2023-01-11,48.56000,48.75000,47.33000,47.39000,357800
2023-01-12,47.95000,48.80000,47.66000,48.29000,494500
2023-01-13,48.26000,49.25000,47.98000,49.16000,321600
2023-01-17,49.70000,50.00000,48.90000,49.64000,467800
2023-01-18,50.21000,50.66000,48.95000,49.02000,466900
2023-01-19,48.51000,51.13000,48.51000,50.79000,528700
2023-01-20,50.90000,51.24000,50.18000,51.03000,414600
2023-01-23,51.30000,51.80000,50.79000,51.47000,350400
2023-01-24,51.42000,52.34000,50.65000,52.02000,409300
2023-01-25,51.80000,52.20000,51.09000,52.10000,466100
2023-01-26,52.81000,54.09000,52.07000,54.05000,428800
2023-01-27,54.29000,55.03000,53.96000,54.56000,535000
2023-01-30,54.35000,54.93000,52.67000,52.71000,488800
2023-01-31,51.99000,54.86000,51.99000,54.76000,753700
2023-02-01,54.32000,54.73000,52.75000,52.87000,589900
2023-02-02,53.37000,53.37000,50.39000,50.91000,429500
2023-02-03,50.98000,51.71000,49.76000,50.37000,644000
2023-02-06,50.37000,50.70000,49.11000,49.92000,363300
2023-02-07,50.21000,51.34000,50.03000,51.27000,303900
2023-02-08,51.23000,52.28000,51.11000,51.77000,322200
2023-02-09,51.77000,52.62000,51.58000,51.72000,306900
2023-02-10,52.55000,53.92000,52.30000,53.78000,333900
2023-02-13,53.28000,53.71000,52.79000,53.39000,306500
2023-02-14,53.16000,53.58000,52.29000,52.91000,340700
2023-02-15,52.09000,52.51000,51.71000,52.15000,536800
2023-02-16,52.06000,52.36000,51.32000,51.47000,470900
2023-02-17,50.66000,50.86000,49.79000,50.20000,376000
2023-02-21,49.61000,50.93000,49.61000,50.34000,333600
2023-02-22,50.25000,50.41000,49.03000,49.26000,264000
2023-02-23,49.86000,50.34000,49.20000,49.82000,262300
2023-02-24,49.60000,50.00000,48.41000,49.97000,289000
2023-02-27,50.46000,50.75000,49.81000,50.70000,374200
2023-02-28,51.15000,51.15000,49.26000,49.36000,410900
2023-03-01,49.45000,50.66000,49.20000,50.55000,668800
2023-03-02,50.14000,51.36000,49.87000,51.26000,337800
2023-03-03,50.57000,51.99000,50.25000,51.61000,333700
2023-03-06,51.74000,51.99000,50.91000,51.92000,271900
2023-03-07,51.83000,52.00000,50.72000,50.88000,392300
2023-03-08,50.54000,51.91000,50.54000,51.10000,365000
2023-03-09,51.47000,52.45000,50.59000,50.67000,499500
2023-03-10,50.54000,51.70000,49.95000,50.14000,432000
2023-03-13,48.22000,49.65000,47.80000,48.48000,659200
2023-03-14,48.54000,49.28000,46.96000,47.68000,516500
2023-03-15,45.92000,46.28000,44.65000,45.71000,904400
2023-03-16,44.57000,46.29000,44.54000,45.80000,549400
2023-03-17,45.36000,45.69000,44.22000,44.84000,912100
2023-03-20,44.91000,46.66000,44.91000,46.60000,495800
2023-03-21,47.68000,48.48000,47.25000,47.73000,405000
2023-03-22,47.96000,48.51000,47.17000,47.22000,409600
2023-03-23,47.55000,48.31000,45.98000,46.37000,451100
2023-03-24,45.23000,46.49000,45.23000,46.28000,374400
2023-03-27,46.66000,47.54000,46.55000,47.39000,579400
2023-03-28,47.17000,49.54000,47.17000,48.76000,416200
2023-03-29,49.36000,50.66000,49.27000,50.15000,434000
2023-03-30,50.86000,50.96000,49.42000,50.19000,446500
2023-03-31,50.26000,51.16000,50.16000,50.81000,345300
2023-04-03,52.64000,54.50000,52.62000,54.32000,428600
2023-04-04,54.27000,54.59000,53.29000,54.11000,344700
2023-04-05,53.97000,54.25000,52.74000,53.98000,395600
2023-04-06,53.84000,54.30000,53.32000,53.59000,482600
2023-04-10,53.60000,54.31000,53.36000,53.84000,320600
2023-04-11,54.21000,54.86000,53.99000,54.74000,296700
2023-04-12,54.60000,55.88000,54.31000,55.27000,320600
2023-04-13,55.51000,55.79000,55.15000,55.40000,266500
2023-04-14,54.80000,55.90000,54.77000,55.90000,393100
2023-04-17,55.87000,56.16000,55.20000,55.55000,278200
2023-04-18,55.41000,55.88000,54.57000,54.64000,314800
2023-04-19,54.13000,54.31000,53.18000,53.87000,450600
2023-04-20,53.75000,53.76000,52.81000,53.29000,414000
2023-04-21,53.46000,53.54000,52.56000,53.09000,287700
2023-04-24,52.86000,53.78000,52.86000,53.19000,379000
2023-04-25,52.43000,52.87000,51.29000,51.64000,268900
2023-04-26,51.49000,51.81000,50.51000,50.88000,271800
2023-04-27,50.41000,51.75000,50.41000,51.16000,376000
2023-04-28,51.88000,51.88000,49.14000,50.93000,944900
2023-05-01,50.94000,51.46000,49.83000,50.10000,572600
2023-05-02,49.69000,49.76000,46.33000,46.50000,670800
2023-05-03,46.22000,46.41000,45.41000,45.71000,526700
2023-05-04,45.71000,46.08000,44.46000,44.46000,937400
2023-05-05,45.66000,47.10000,45.66000,46.63000,959200
2023-05-08,46.91000,47.61000,46.66000,46.78000,1009200
2023-05-09,46.43000,47.62000,46.19000,47.32000,345100
2023-05-10,47.54000,47.54000,45.99000,46.50000,451800
2023-05-11,46.01000,46.01000,45.09000,45.30000,400100
2023-05-12,45.70000,46.15000,44.92000,45.20000,267100
2023-05-15,45.30000,46.17000,45.30000,46.12000,308600
2023-05-16,45.76000,46.35000,44.94000,45.41000,399700
2023-05-17,45.93000,46.30000,44.89000,46.13000,509000
2023-05-18,45.83000,46.63000,45.27000,46.52000,315800
2023-05-19,47.10000,47.26000,46.25000,46.86000,370300
2023-05-22,46.76000,48.14000,46.18000,46.92000,808600
2023-05-23,46.47000,48.44000,46.26000,47.86000,641800
2023-05-24,47.71000,47.86000,46.81000,47.01000,605200
2023-05-25,46.00000,47.28000,45.94000,46.96000,1170700
2023-05-26,47.16000,47.87000,46.56000,46.99000,459800
2023-05-30,46.17000,46.71000,45.86000,46.60000,425300
2023-05-31,46.29000,46.29000,45.24000,45.43000,418000
2023-06-01,44.98000,46.78000,44.98000,46.59000,301900
2023-06-02,47.00000,48.17000,47.00000,48.02000,285300
2023-06-05,48.39000,48.78000,47.15000,47.83000,446600
2023-06-06,47.32000,48.70000,47.23000,48.69000,412400
2023-06-07,49.08000,49.94000,48.80000,49.65000,404000
2023-06-08,49.54000,49.99000,48.85000,49.75000,613400
2023-06-09,49.71000,50.43000,49.24000,50.26000,656400
2023-06-12,49.61000,50.12000,49.05000,49.27000,574000
2023-06-13,50.04000,51.00000,50.03000,50.16000,422300
2023-06-14,51.17000,51.17000,49.23000,49.73000,531100
2023-06-15,49.74000,50.64000,49.73000,50.06000,405700
2023-06-16,50.21000,50.62000,49.30000,49.73000,424400
2023-06-20,49.43000,49.43000,48.09000,48.97000,430300
2023-06-21,48.66000,50.12000,48.66000,49.94000,400100
2023-06-22,49.27000,49.42000,48.64000,48.99000,274900
2023-06-23,48.32000,48.60000,47.91000,48.02000,263400
2023-06-26,48.67000,50.31000,48.20000,50.03000,580000
2023-06-27,50.08000,50.54000,49.48000,49.84000,554500
2023-06-28,49.89000,50.58000,49.20000,50.44000,316900
2023-06-29,50.46000,51.11000,50.36000,50.91000,267900
2023-06-30,51.44000,51.58000,51.02000,51.16000,301000
2023-07-03,51.33000,51.52000,50.98000,51.11000,176100
2023-07-05,51.49000,51.67000,51.00000,51.27000,256000
2023-07-06,50.87000,50.87000,48.74000,49.10000,496300
2023-07-07,49.13000,49.86000,48.90000,49.30000,1671400
2023-07-10,49.42000,49.42000,48.53000,48.67000,708300
2023-07-11,49.01000,49.81000,48.89000,49.61000,785900
2023-07-12,50.99000,50.99000,48.66000,49.15000,1058900
2023-07-13,49.19000,50.31000,49.19000,50.20000,710900
2023-07-14,50.34000,50.34000,48.80000,48.98000,499400
2023-07-17,49.00000,49.19000,48.29000,48.70000,697400
2023-07-18,48.62000,49.84000,48.53000,49.30000,785000
2023-07-19,49.41000,49.83000,48.26000,48.48000,840300
2023-07-20,48.78000,49.61000,48.74000,49.58000,979600
2023-07-21,49.89000,50.86000,49.35000,50.81000,448100
2023-07-24,51.17000,52.72000,51.11000,52.39000,340100
2023-07-25,52.25000,52.56000,51.89000,52.28000,290500
2023-07-26,51.67000,52.63000,51.35000,52.22000,293000
2023-07-27,52.04000,52.45000,51.23000,51.55000,624200
2023-07-28,51.40000,54.53000,51.40000,54.06000,975200
2023-07-31,54.25000,54.90000,53.69000,53.92000,468200
2023-08-01,53.67000,53.77000,52.53000,53.48000,595100
2023-08-02,53.22000,53.22000,51.76000,52.29000,692400
2023-08-03,52.30000,53.04000,51.53000,52.30000,644400
2023-08-04,52.46000,53.74000,52.46000,53.10000,496200
2023-08-07,53.89000,53.89000,52.58000,52.70000,230300
2023-08-08,51.96000,54.09000,51.85000,54.01000,566600
2023-08-09,54.50000,54.84000,53.95000,54.21000,575800
2023-08-10,54.64000,55.28000,54.41000,54.64000,435700
2023-08-11,54.77000,55.66000,54.60000,55.51000,524500
2023-08-14,55.23000,55.31000,54.42000,55.31000,450500
2023-08-15,54.73000,55.30000,54.02000,54.10000,472700
2023-08-16,54.19000,54.90000,54.00000,54.29000,392600
2023-08-17,55.04000,55.83000,54.89000,55.41000,368200
2023-08-18,54.93000,56.34000,54.68000,56.23000,531500
2023-08-21,56.41000,56.95000,55.48000,55.94000,258200
2023-08-22,55.97000,56.50000,55.46000,55.57000,226700
2023-08-23,55.25000,55.86000,54.61000,55.37000,234000
2023-08-24,55.31000,55.46000,54.68000,54.69000,188100
2023-08-25,55.14000,55.57000,54.44000,55.24000,736800
2023-08-28,55.36000,56.14000,55.36000,55.67000,544700
2023-08-29,55.70000,56.56000,55.25000,56.50000,255600
2023-08-30,56.85000,57.29000,56.82000,57.01000,220200
2023-08-31,56.90000,57.16000,56.58000,56.96000,338900
2023-09-01,57.56000,58.22000,57.25000,57.91000,303600
2023-09-05,58.28000,58.63000,57.57000,57.74000,296700
2023-09-06,57.70000,58.41000,57.43000,58.07000,750900
2023-09-07,57.52000,58.41000,57.43000,57.44000,286800
2023-09-08,57.77000,58.49000,57.67000,57.90000,253300
2023-09-11,58.38000,58.89000,57.49000,57.57000,312000
2023-09-12,58.04000,58.71000,57.86000,58.56000,245300
2023-09-13,58.57000,59.04000,57.73000,58.10000,348600
2023-09-14,58.77000,59.84000,58.77000,59.73000,335300
2023-09-15,59.49000,60.05000,58.99000,59.08000,453200
2023-09-18,59.61000,59.75000,58.68000,58.76000,238800
2023-09-19,59.46000,59.57000,57.95000,58.50000,158800
2023-09-20,58.50000,59.18000,58.08000,58.11000,217600
2023-09-21,57.96000,58.47000,57.61000,57.68000,688600
2023-09-22,58.32000,59.24000,58.26000,58.40000,302200
2023-09-25,58.16000,60.42000,58.05000,60.27000,505500
2023-09-26,59.77000,60.87000,59.76000,60.30000,306500
2023-09-27,61.14000,62.78000,61.10000,62.37000,617000
2023-09-28,62.82000,63.07000,61.84000,62.24000,389000
2023-09-29,62.46000,62.46000,61.44000,61.59000,369300
2023-10-02,61.68000,61.68000,59.67000,59.97000,254700
2023-10-03,59.86000,59.91000,58.90000,59.79000,391200
2023-10-04,59.01000,59.06000,57.00000,57.20000,633000
2023-10-05,56.64000,57.53000,56.36000,56.76000,859600
2023-10-06,56.60000,58.19000,56.46000,57.29000,444100
2023-10-09,58.58000,60.28000,58.27000,60.00000,738300
2023-10-10,59.95000,60.44000,59.04000,60.37000,455000
2023-10-11,59.72000,60.54000,59.19000,60.28000,475500
2023-10-12,61.02000,61.30000,60.16000,60.58000,773500
2023-10-13,61.70000,61.80000,60.51000,60.70000,528400
2023-10-16,61.13000,61.45000,60.28000,61.03000,544500
2023-10-17,60.61000,62.04000,60.50000,61.05000,524100
2023-10-18,61.23000,61.58000,60.78000,61.00000,368600
2023-10-19,60.55000,61.48000,60.20000,60.98000,431800
2023-10-20,61.20000,61.20000,59.62000,59.81000,458500
2023-10-23,59.18000,59.62000,58.52000,58.68000,499900
2023-10-24,58.80000,58.80000,57.84000,57.90000,411500
2023-10-25,57.63000,58.88000,57.44000,58.69000,714500
2023-10-26,58.12000,58.82000,57.18000,58.80000,818300
2023-10-27,62.17000,62.17000,56.19000,57.65000,975100
2023-10-30,58.22000,58.83000,57.04000,57.78000,627900
2023-10-31,58.16000,58.21000,56.23000,56.99000,761100
2023-11-01,57.41000,58.99000,57.27000,58.01000,607900
2023-11-02,58.29000,59.09000,57.62000,58.56000,827300
2023-11-03,58.50000,58.93000,57.36000,57.48000,572300
2023-11-06,57.68000,58.13000,57.19000,57.23000,567300
2023-11-07,57.07000,57.08000,55.87000,55.98000,822500
2023-11-08,55.27000,55.68000,53.52000,54.77000,1274600
2023-11-09,55.17000,55.72000,54.68000,54.76000,337100
2023-11-10,55.45000,56.05000,54.69000,56.02000,328400
2023-11-13,56.02000,57.05000,55.91000,56.70000,336700
2023-11-14,57.08000,57.34000,56.62000,56.95000,563100
2023-11-15,56.57000,57.23000,56.32000,56.50000,427000
2023-11-16,56.06000,56.10000,54.62000,55.51000,564100
2023-11-17,56.09000,58.00000,56.09000,57.65000,477300
2023-11-20,57.94000,58.18000,57.41000,57.75000,432200
2023-11-21,57.44000,57.94000,56.59000,57.56000,641500
2023-11-22,56.53000,57.05000,55.68000,56.91000,1037200
2023-11-24,57.12000,58.23000,57.12000,57.60000,149300
2023-11-27,57.15000,57.81000,57.06000,57.32000,358100
2023-11-28,57.54000,58.60000,57.39000,57.67000,500100
2023-11-29,57.96000,58.21000,57.25000,57.43000,330200
2023-11-30,57.43000,58.02000,56.29000,56.34000,564600
2023-12-01,56.26000,57.96000,56.26000,57.05000,384300
2023-12-04,56.64000,57.28000,56.47000,57.05000,388700
2023-12-05,56.73000,57.57000,56.51000,56.54000,1022100
2023-12-06,56.42000,56.85000,54.93000,54.98000,1822600
2023-12-07,55.77000,55.77000,52.99000,53.74000,623500
2023-12-08,54.48000,55.95000,53.80000,55.37000,412600
2023-12-11,54.49000,54.62000,53.44000,54.37000,1154600
2023-12-12,53.61000,53.86000,52.98000,53.41000,652200
2023-12-13,53.64000,54.77000,53.39000,54.67000,488700
2023-12-14,55.34000,56.56000,55.34000,56.47000,315700
2023-12-15,56.24000,56.54000,55.08000,55.23000,675500
2023-12-18,56.06000,56.97000,56.06000,56.59000,495600
2023-12-19,56.50000,57.33000,56.50000,57.20000,499400
2023-12-20,57.38000,57.62000,55.97000,55.98000,420200
2023-12-21,56.02000,56.53000,55.76000,56.26000,794100
2023-12-22,56.81000,57.21000,56.20000,56.56000,402000
2023-12-26,57.01000,58.30000,57.01000,57.77000,191500
2023-12-27,58.21000,58.21000,57.30000,57.44000,287000
2023-12-28,57.18000,57.54000,56.49000,56.55000,234700
2023-12-29,56.29000,57.22000,56.22000,57.19000,262700
2024-01-02,57.41000,58.27000,57.22000,57.93000,485100
2024-01-03,57.81000,59.84000,57.81000,59.78000,435600
2024-01-04,61.44000,61.44000,58.91000,58.97000,409500
2024-01-05,59.35000,59.52000,58.65000,58.79000,340400
2024-01-08,58.08000,58.08000,56.89000,57.45000,362100
2024-01-09,57.45000,58.21000,56.58000,58.17000,522700
2024-01-10,58.62000,58.62000,57.78000,57.88000,1120400
2024-01-11,58.27000,58.48000,57.49000,58.29000,495300
2024-01-12,59.29000,59.64000,58.03000,58.12000,271100
2024-01-16,58.20000,58.38000,57.28000,57.61000,617900
2024-01-17,57.00000,57.00000,54.58000,55.30000,673700
2024-01-18,55.36000,55.91000,55.01000,55.57000,611800
2024-01-19,55.64000,55.91000,55.16000,55.87000,530600
2024-01-22,55.96000,55.96000,54.86000,55.14000,841800
2024-01-23,55.03000,55.95000,54.96000,55.06000,374600
2024-01-24,55.37000,55.82000,54.74000,55.51000,848700
2024-01-25,55.87000,56.97000,55.74000,56.79000,438700
2024-01-26,56.74000,57.40000,56.09000,57.26000,400300
2024-01-29,57.11000,57.47000,56.24000,57.16000,323500
2024-01-30,56.88000,59.07000,56.88000,58.89000,305000
2024-01-31,58.84000,58.84000,57.53000,57.69000,223200
2024-02-01,58.55000,58.97000,56.96000,57.18000,303900
2024-02-02,57.49000,59.32000,56.15000,56.45000,658000
2024-02-05,56.15000,57.20000,55.82000,56.39000,489300
2024-02-06,56.56000,57.96000,56.35000,57.54000,570900
2024-02-07,57.50000,57.98000,56.52000,57.17000,325000
2024-02-08,56.92000,58.99000,56.92000,58.83000,509500
2024-02-09,59.13000,59.36000,57.90000,58.28000,289600
2024-02-12,58.39000,60.07000,58.39000,59.76000,473000
2024-02-13,59.64000,59.64000,58.02000,58.59000,349800
2024-02-14,58.85000,59.58000,58.55000,58.90000,485700
2024-02-15,58.88000,60.86000,58.88000,60.41000,406000
2024-02-16,60.22000,60.71000,59.76000,59.90000,313600
2024-02-20,60.00000,60.08000,58.60000,59.06000,549900
2024-02-21,59.23000,61.03000,58.70000,60.94000,576500
2024-02-22,60.45000,61.72000,60.38000,61.57000,372200
2024-02-23,61.15000,61.94000,60.89000,61.61000,341000
2024-02-26,61.50000,62.76000,61.29000,62.56000,476900
2024-02-27,62.65000,63.33000,62.53000,63.00000,380100
2024-02-28,63.16000,63.16000,61.99000,62.07000,250300
2024-02-29,62.38000,63.09000,61.45000,62.50000,493800
2024-03-01,62.70000,63.98000,62.62000,63.60000,371500
2024-03-04,64.17000,64.17000,62.35000,62.37000,318900
2024-03-05,62.33000,63.60000,62.26000,63.25000,338400
2024-03-06,64.19000,64.69000,63.50000,63.86000,422100
2024-03-07,63.69000,64.85000,63.60000,64.49000,381300
2024-03-08,64.77000,64.77000,63.98000,64.34000,433500
2024-03-11,63.91000,65.65000,63.58000,65.56000,436700
2024-03-12,65.72000,66.66000,65.47000,66.09000,464300
2024-03-13,66.74000,67.44000,66.17000,67.14000,359400
2024-03-14,68.02000,68.02000,67.08000,67.74000,188400
2024-03-15,68.06000,68.51000,67.23000,67.38000,383500
2024-03-18,67.75000,67.91000,67.10000,67.64000,343800
2024-03-19,67.49000,67.97000,67.10000,67.30000,242800
2024-03-20,67.24000,67.48000,66.67000,67.22000,318900
2024-03-21,67.40000,67.78000,66.93000,67.56000,190900
2024-03-22,67.56000,67.85000,67.19000,67.67000,171000
2024-03-25,67.95000,69.41000,67.60000,69.01000,367000
2024-03-26,69.46000,69.46000,68.23000,68.60000,228600
2024-03-27,68.25000,68.85000,67.92000,68.65000,324800
2024-03-28,69.50000,69.50000,68.79000,69.13000,451100
2024-04-01,69.21000,70.02000,68.37000,69.84000,469200
2024-04-02,70.70000,71.15000,69.36000,70.97000,419600
2024-04-03,71.26000,72.46000,70.80000,72.40000,516900
2024-04-04,72.61000,72.72000,71.84000,71.98000,350100
2024-04-05,72.41000,73.24000,71.86000,72.92000,492400
2024-04-08,73.00000,73.49000,72.21000,73.21000,276300
2024-04-09,73.38000,73.38000,72.10000,72.57000,430700
2024-04-10,72.49000,74.28000,72.09000,73.88000,477800
2024-04-11,73.94000,74.58000,70.90000,71.21000,534200
2024-04-12,71.88000,72.24000,69.81000,69.93000,512200
2024-04-15,70.24000,70.24000,68.34000,68.58000,377300
2024-04-16,68.30000,69.64000,67.64000,69.61000,377400
2024-04-17,69.58000,70.52000,68.83000,69.25000,182500
2024-04-18,69.58000,69.84000,68.05000,68.50000,346500
2024-04-19,68.73000,70.18000,68.04000,69.44000,328000
2024-04-22,69.27000,70.86000,68.87000,70.44000,242100
2024-04-23,70.12000,70.74000,70.04000,70.51000,280300
2024-04-24,70.31000,71.21000,69.99000,70.63000,208600
2024-04-25,70.68000,71.47000,69.61000,71.27000,382300
2024-04-26,71.00000,71.37000,69.27000,70.70000,710300
2024-04-29,70.17000,71.35000,70.04000,71.16000,324600
2024-04-30,70.78000,70.84000,68.69000,68.95000,342200
2024-05-01,68.80000,69.14000,66.80000,67.39000,422200
2024-05-02,67.90000,68.51000,67.57000,68.07000,357700
2024-05-03,68.56000,68.56000,67.23000,68.05000,272300
2024-05-06,68.89000,69.99000,68.78000,69.16000,203100
2024-05-07,69.03000,69.47000,68.77000,69.07000,237100
2024-05-08,68.93000,69.85000,68.57000,69.50000,325500
2024-05-09,69.62000,70.73000,69.62000,70.03000,296300
2024-05-10,70.73000,70.78000,69.47000,69.85000,340600
2024-05-13,70.48000,70.48000,69.23000,69.62000,284100
2024-05-14,69.04000,69.70000,68.89000,69.05000,499600
2024-05-15,69.61000,69.61000,67.50000,69.21000,456900
2024-05-16,69.00000,69.78000,68.94000,69.25000,147800
2024-05-17,69.75000,70.04000,68.81000,70.03000,249800
2024-05-20,69.75000,70.37000,69.52000,69.71000,133200
2024-05-21,69.48000,69.95000,68.89000,69.58000,462200
2024-05-22,69.39000,69.59000,67.63000,68.04000,285600
2024-05-23,68.25000,69.15000,67.63000,67.97000,285500
2024-05-24,68.75000,69.64000,68.52000,69.04000,234300
2024-05-28,69.04000,70.89000,69.04000,70.74000,266700
2024-05-29,70.79000,71.06000,68.62000,69.13000,318800
2024-05-30,69.05000,70.07000,68.96000,69.25000,298700
2024-05-31,69.80000,70.65000,68.96000,70.50000,715600
2024-06-03,70.40000,70.58000,66.10000,66.54000,504100
2024-06-04,66.22000,66.22000,63.88000,65.13000,583900
2024-06-05,65.26000,65.83000,64.89000,65.07000,281800
2024-06-06,65.11000,65.82000,64.86000,65.78000,414100
2024-06-07,65.50000,65.86000,64.55000,64.69000,214400
2024-06-10,64.62000,65.94000,64.62000,65.82000,299100
2024-06-11,65.30000,66.05000,64.52000,65.64000,244500
2024-06-12,66.35000,66.86000,65.45000,65.72000,329500
2024-06-13,65.52000,65.75000,63.61000,64.46000,323300
2024-06-14,64.37000,64.37000,63.29000,64.26000,361800
2024-06-17,64.31000,64.61000,63.31000,64.55000,454600
2024-06-18,64.63000,66.03000,64.57000,65.47000,335900
2024-06-20,66.07000,67.53000,65.90000,66.72000,310800
2024-06-21,66.39000,66.39000,65.47000,65.89000,437300
2024-06-24,66.50000,69.00000,66.25000,68.75000,745600
2024-06-25,68.67000,68.99000,68.16000,68.47000,351900
2024-06-26,68.47000,68.70000,67.50000,67.73000,245600
2024-06-27,68.29000,69.09000,68.18000,69.09000,369200
2024-06-28,69.78000,69.81000,68.01000,68.25000,574400
2024-07-01,68.49000,69.09000,67.31000,67.33000,310000
2024-07-02,67.94000,69.13000,67.85000,68.71000,540500
2024-07-03,68.60000,70.31000,68.60000,69.63000,192700
2024-07-05,70.04000,70.65000,68.60000,68.77000,350800
2024-07-08,68.11000,68.60000,67.82000,68.22000,479800
2024-07-09,67.58000,68.31000,67.18000,67.68000,259400
2024-07-10,67.95000,69.23000,67.68000,69.02000,296400
2024-07-11,68.80000,70.15000,68.40000,70.15000,337500
2024-07-12,70.21000,70.92000,70.14000,70.44000,327400
2024-07-15,71.03000,72.30000,70.01000,71.41000,450000
2024-07-16,70.80000,70.85000,69.84000,70.58000,383300
2024-07-17,70.77000,71.68000,70.18000,70.69000,288200
2024-07-18,71.16000,71.16000,69.47000,69.94000,301700
2024-07-19,70.09000,70.16000,69.05000,69.43000,282400
2024-07-22,69.03000,70.33000,68.83000,70.18000,199300
2024-07-23,70.18000,70.18000,68.89000,69.32000,215800
2024-07-24,69.19000,70.23000,68.95000,70.11000,309800
2024-07-25,69.85000,70.68000,69.12000,70.60000,344400
2024-07-26,70.45000,71.19000,69.85000,71.03000,239900
2024-07-29,71.34000,71.34000,68.09000,69.06000,509500
2024-07-30,68.80000,69.97000,68.80000,69.65000,310000
2024-07-31,71.13000,71.98000,70.54000,71.56000,253200
2024-08-01,72.08000,72.08000,68.30000,69.11000,352300
2024-08-02,67.66000,69.01000,66.21000,68.03000,1024900
2024-08-05,65.90000,67.91000,64.76000,67.72000,305800
2024-08-06,67.72000,69.32000,66.65000,68.34000,669400
2024-08-07,69.61000,70.22000,69.20000,69.45000,496600
2024-08-08,69.61000,72.33000,69.57000,71.64000,706300
2024-08-09,71.92000,72.43000,70.75000,72.35000,428600
2024-08-12,72.82000,75.49000,72.76000,75.12000,572400
2024-08-13,74.76000,75.42000,74.02000,75.28000,442800
2024-08-14,75.21000,75.99000,75.12000,75.81000,273400
2024-08-15,76.26000,77.32000,76.14000,76.63000,255600
2024-08-16,76.40000,77.42000,76.29000,76.64000,203100
2024-08-19,76.81000,77.03000,75.85000,75.96000,332900
2024-08-20,75.84000,75.84000,73.97000,74.36000,252000
2024-08-21,74.53000,75.56000,74.24000,74.65000,146000
2024-08-22,74.95000,75.55000,74.55000,74.65000,154400
2024-08-23,75.45000,76.34000,75.29000,76.17000,175600
2024-08-26,76.69000,77.70000,76.58000,77.23000,271500
2024-08-27,77.20000,77.20000,75.91000,75.93000,241700
2024-08-28,75.56000,76.12000,75.17000,75.58000,343000
2024-08-29,76.06000,76.96000,75.85000,76.36000,279100
2024-08-30,75.76000,75.88000,74.95000,75.23000,316700
2024-09-03,73.44000,73.82000,72.27000,72.77000,447400
2024-09-04,72.46000,72.56000,71.01000,71.01000,322700
2024-09-05,71.54000,71.87000,69.60000,69.80000,256200
2024-09-06,69.50000,70.26000,67.79000,68.00000,417600
2024-09-09,68.03000,68.93000,67.71000,68.00000,753600
2024-09-10,67.87000,67.91000,65.36000,66.18000,761000
2024-09-11,66.31000,66.56000,65.16000,65.73000,410100
2024-09-12,66.69000,66.69000,65.40000,65.96000,345000
2024-09-13,66.27000,66.85000,65.93000,66.28000,499100
2024-09-16,66.42000,67.17000,65.86000,67.05000,385100
2024-09-17,66.96000,67.69000,66.85000,67.28000,485600
2024-09-18,67.06000,67.83000,66.30000,66.94000,284400
2024-09-19,68.08000,69.02000,67.80000,68.87000,433300
2024-09-20,68.35000,68.94000,67.63000,68.65000,539900
2024-09-23,68.92000,70.33000,68.44000,70.26000,375500
2024-09-24,71.22000,72.02000,71.10000,71.50000,416400
2024-09-25,70.80000,71.29000,69.81000,70.32000,460700
2024-09-26,69.05000,70.17000,68.31000,68.68000,501800
2024-09-27,68.94000,70.44000,68.94000,70.29000,433000
2024-09-30,70.33000,71.10000,69.88000,70.45000,273000
2024-10-01,70.21000,73.66000,69.88000,73.59000,267200
2024-10-02,74.80000,74.80000,72.84000,73.93000,548100
2024-10-03,74.14000,76.21000,73.44000,76.11000,807400
2024-10-04,77.13000,77.50000,76.13000,77.14000,440000
2024-10-07,77.02000,79.29000,77.02000,79.21000,538600
2024-10-08,78.16000,78.76000,75.67000,77.29000,836100
2024-10-09,77.78000,77.78000,76.25000,77.23000,632200
2024-10-10,77.14000,79.13000,77.14000,78.71000,291800
2024-10-11,78.68000,78.83000,78.09000,78.31000,379200
2024-10-14,77.58000,80.17000,77.42000,78.19000,480800
2024-10-15,76.26000,76.36000,74.41000,75.12000,798700
2024-10-16,75.73000,76.40000,75.24000,76.26000,847500
2024-10-17,76.00000,77.81000,75.60000,77.50000,497900
2024-10-18,76.93000,77.60000,76.50000,76.98000,237200
2024-10-21,77.98000,78.11000,77.02000,77.13000,291600
2024-10-22,77.49000,77.49000,76.44000,76.63000,324500
2024-10-23,76.10000,76.29000,74.54000,75.08000,270200
2024-10-24,75.42000,76.07000,74.47000,75.16000,247500
2024-10-25,75.64000,76.34000,75.48000,76.13000,241900
2024-10-28,73.80000,75.08000,73.80000,74.53000,422200
2024-10-29,74.01000,74.81000,73.62000,73.96000,350900
2024-10-30,74.12000,74.63000,73.67000,74.15000,494300
2024-10-31,74.73000,75.26000,73.53000,74.48000,448100
2024-11-01,75.91000,77.33000,70.40000,70.72000,753400
2024-11-04,71.44000,72.77000,70.23000,70.77000,618100
2024-11-05,71.48000,71.48000,70.30000,70.62000,299800
2024-11-06,70.70000,72.55000,69.88000,72.34000,375900
2024-11-07,71.84000,74.31000,71.84000,73.98000,416300
2024-11-08,73.91000,73.91000,72.91000,73.26000,358400
2024-11-11,73.91000,74.19000,72.23000,73.75000,359800
2024-11-12,73.39000,74.50000,72.25000,72.85000,281900
2024-11-13,72.47000,73.08000,70.93000,72.91000,320500
2024-11-14,72.73000,74.65000,72.73000,74.62000,350500
2024-11-15,74.45000,75.53000,73.63000,73.98000,257500
2024-11-18,74.52000,75.75000,74.39000,75.37000,319800
2024-11-19,74.60000,76.26000,74.60000,75.89000,237400
2024-11-20,76.00000,76.51000,75.09000,75.90000,254800
2024-11-21,76.02000,77.43000,76.02000,77.09000,274600
2024-11-22,76.78000,77.62000,76.78000,77.13000,265700
2024-11-25,76.96000,77.29000,75.41000,75.68000,300900
2024-11-26,75.76000,75.76000,73.19000,73.64000,396400
2024-11-27,73.15000,74.32000,72.77000,73.14000,317100
2024-11-29,73.86000,74.40000,73.62000,73.92000,169500
2024-12-02,73.91000,74.27000,72.69000,73.82000,4263400
2024-12-03,74.10000,74.16000,72.54000,72.82000,492300
2024-12-04,72.32000,72.47000,70.65000,71.23000,307800
2024-12-05,71.31000,73.14000,71.31000,72.89000,273800
2024-12-06,72.61000,72.61000,70.95000,71.28000,262700
2024-12-09,72.09000,73.31000,71.85000,72.20000,328900
2024-12-10,72.54000,73.51000,72.21000,72.63000,302600
2024-12-11,72.68000,73.65000,72.68000,73.35000,209100
2024-12-12,74.49000,74.49000,67.91000,68.24000,876700
2024-12-13,68.31000,68.62000,66.86000,67.37000,511900
2024-12-16,67.08000,67.10000,65.87000,66.43000,410300
2024-12-17,65.70000,66.03000,65.19000,65.90000,321200
2024-12-18,65.68000,66.00000,63.79000,64.22000,410600
2024-12-19,63.61000,64.61000,62.19000,62.51000,751500
2024-12-20,61.82000,62.38000,61.40000,61.73000,880500
2024-12-23,61.46000,62.44000,60.95000,62.42000,471900
2024-12-24,62.55000,63.18000,61.95000,63.00000,256900
2024-12-26,62.97000,63.65000,62.78000,63.05000,207500
2024-12-27,63.14000,63.44000,62.01000,62.17000,428900
2024-12-30,61.87000,62.31000,61.07000,61.13000,536800
2024-12-31,61.24000,61.96000,61.13000,61.60000,770000
2025-01-02,62.53000,63.13000,61.97000,62.52000,501900
2025-01-03,62.46000,62.57000,61.34000,62.41000,708400
2025-01-06,62.75000,64.09000,62.75000,63.14000,577200
2025-01-07,63.47000,66.11000,63.47000,65.83000,831600
2025-01-08,65.40000,66.30000,65.02000,66.30000,523600
2025-01-10,66.50000,67.94000,66.15000,66.86000,615800
2025-01-13,67.41000,69.80000,66.23000,66.61000,745200
2025-01-14,66.42000,67.18000,65.46000,67.06000,742900
2025-01-15,67.48000,68.48000,67.48000,68.30000,571600
2025-01-16,68.69000,68.83000,67.17000,68.65000,815300
2025-01-17,68.43000,69.30000,67.92000,68.42000,462400
2025-01-21,68.61000,70.99000,68.10000,70.40000,528600
2025-01-22,70.02000,72.09000,69.74000,71.00000,535500
2025-01-23,71.43000,71.93000,71.15000,71.57000,459000
2025-01-24,71.59000,72.00000,70.13000,70.30000,272500
2025-01-27,69.90000,70.20000,68.61000,70.09000,453000
2025-01-28,70.33000,70.57000,69.59000,70.41000,424000
2025-01-29,69.89000,70.78000,69.67000,70.18000,307700
2025-01-30,70.54000,72.24000,70.14000,71.45000,617400
2025-01-31,71.99000,71.99000,66.22000,66.64000,1154500
2025-02-03,65.58000,67.84000,65.35000,66.80000,1006800
2025-02-04,66.75000,67.66000,65.73000,66.76000,713900
2025-02-05,66.53000,67.17000,66.18000,66.47000,497400
2025-02-06,67.10000,67.24000,66.00000,66.71000,490300
2025-02-07,66.87000,68.32000,66.13000,67.51000,480800
2025-02-10,68.49000,68.94000,67.44000,68.75000,408600
2025-02-11,68.91000,71.30000,68.91000,71.07000,325800
2025-02-12,70.50000,71.56000,70.08000,70.48000,526600
2025-02-13,69.65000,70.73000,69.48000,70.28000,400800
2025-02-14,70.16000,71.04000,69.06000,69.25000,379000
2025-02-18,69.92000,71.32000,69.05000,71.09000,352700
2025-02-19,71.27000,71.56000,70.47000,71.44000,332200
2025-02-20,71.61000,73.24000,71.61000,73.00000,481400
2025-02-21,72.40000,73.33000,69.49000,69.81000,430300
2025-02-24,69.72000,70.46000,68.82000,68.97000,463000
2025-02-25,68.87000,69.73000,67.00000,68.40000,422000
2025-02-26,68.62000,68.66000,67.28000,68.12000,351300
2025-02-27,68.24000,69.19000,67.59000,67.59000,441900
2025-02-28,67.55000,68.31000,66.87000,67.84000,447300
2025-03-03,68.00000,68.80000,65.31000,66.23000,986900
2025-03-04,64.35000,66.39000,63.92000,65.68000,797900
2025-03-05,64.59000,65.29000,62.69000,64.20000,691900
2025-03-06,64.06000,65.54000,63.63000,65.13000,429100
2025-03-07,65.04000,69.29000,65.04000,68.68000,689600
2025-03-10,69.00000,70.47000,68.08000,69.19000,701300
2025-03-11,69.47000,69.77000,66.34000,66.40000,690400
2025-03-12,66.68000,67.85000,65.92000,67.06000,437000
2025-03-13,67.10000,68.21000,66.35000,66.62000,326200
2025-03-14,66.92000,68.02000,66.58000,67.90000,325600
2025-03-17,67.99000,69.60000,67.99000,69.15000,298000
2025-03-18,69.35000,69.47000,68.47000,69.11000,204400
2025-03-19,69.65000,70.62000,68.96000,70.32000,329900
2025-03-20,69.68000,71.61000,69.01000,71.26000,373100
2025-03-21,70.92000,71.60000,70.30000,71.21000,394000
2025-03-24,71.47000,73.35000,71.42000,72.79000,316500
2025-03-25,73.31000,73.92000,73.01000,73.34000,240200
2025-03-26,73.82000,74.04000,72.98000,73.16000,330100
2025-03-27,71.62000,73.10000,71.11000,72.27000,330400
2025-03-28,72.00000,72.40000,70.83000,70.84000,329100
2025-03-31,70.41000,72.51000,70.15000,72.32000,311600
2025-04-01,72.22000,72.89000,71.17000,72.89000,225500
2025-04-02,73.62000,73.62000,71.43000,73.53000,276500
2025-04-03,70.34000,71.13000,67.95000,68.59000,767100
2025-04-04,65.45000,66.16000,62.67000,63.47000,939000
2025-04-07,62.00000,64.18000,59.80000,61.90000,927600
2025-04-08,63.51000,64.09000,59.56000,60.22000,947400
2025-04-09,60.23000,65.11000,58.76000,64.61000,965000
2025-04-10,62.73000,63.20000,59.30000,60.27000,617300
2025-04-11,60.34000,63.12000,59.67000,62.58000,615000
2025-04-14,64.31000,64.31000,61.60000,62.20000,537500
2025-04-15,62.06000,62.96000,60.66000,60.95000,378700
2025-04-16,61.12000,63.03000,61.12000,62.16000,397400
2025-04-17,62.73000,64.55000,62.29000,63.70000,664400
2025-04-21,63.83000,65.12000,63.20000,64.85000,591600
2025-04-22,65.65000,68.07000,65.65000,67.97000,698500
2025-04-23,68.28000,68.95000,66.45000,67.16000,510600
2025-04-24,67.50000,68.36000,67.25000,68.14000,403200
2025-04-25,67.53000,69.21000,67.53000,68.92000,406000
2025-04-28,68.82000,69.68000,68.52000,69.45000,286000
2025-04-29,68.96000,69.92000,68.09000,69.42000,386900
2025-04-30,67.97000,69.02000,66.46000,67.38000,458300
2025-05-01,66.81000,68.95000,66.81000,68.07000,468200
2025-05-02,70.79000,70.79000,68.28000,68.78000,503300
2025-05-05,68.01000,68.18000,66.62000,67.71000,468500
2025-05-06,68.28000,68.69000,67.71000,68.39000,340500
2025-05-07,68.86000,68.86000,67.55000,68.44000,349100
2025-05-08,69.00000,70.18000,67.50000,69.53000,460000
2025-05-09,70.26000,71.54000,70.04000,71.17000,315500
2025-05-12,73.37000,73.37000,71.72000,72.47000,413700
2025-05-13,73.37000,73.90000,72.43000,73.60000,277100
2025-05-14,73.00000,73.78000,72.41000,72.74000,274800
2025-05-15,71.82000,72.44000,71.33000,72.33000,315400
2025-05-16,72.09000,72.64000,71.50000,72.50000,287000
2025-05-19,72.30000,72.31000,71.47000,72.01000,164900
2025-05-20,72.31000,72.78000,71.18000,71.93000,251600
2025-05-21,71.39000,73.03000,71.39000,72.05000,255000
2025-05-22,71.78000,71.78000,70.29000,71.21000,360800
2025-05-23,70.61000,71.88000,70.61000,71.69000,307400
2025-05-27,71.99000,72.51000,71.02000,72.34000,239000
2025-05-28,72.83000,72.83000,71.44000,71.72000,358400
2025-05-29,71.69000,72.44000,71.59000,71.82000,347900
2025-05-30,71.42000,71.68000,70.87000,71.35000,375900
2025-06-02,72.60000,73.01000,71.67000,72.59000,390800
2025-06-03,72.21000,73.76000,71.23000,73.60000,532600
2025-06-04,73.22000,73.57000,70.99000,72.24000,482200
2025-06-05,73.62000,73.62000,72.46000,72.96000,508700
2025-06-06,73.63000,74.42000,73.15000,73.54000,477200
2025-06-09,73.70000,74.35000,73.19000,73.41000,324900
2025-06-10,74.15000,75.73000,74.05000,75.17000,262300
2025-06-11,76.00000,77.76000,75.32000,77.52000,447700
2025-06-12,77.12000,79.01000,77.12000,78.98000,361100
2025-06-13,80.56000,81.95000,79.77000,81.91000,705500
2025-06-16,81.32000,82.85000,81.08000,81.32000,397700
2025-06-17,82.01000,82.49000,81.25000,81.55000,380400
2025-06-18,82.02000,82.73000,80.63000,81.12000,471400
2025-06-20,81.26000,82.00000,80.68000,81.03000,775000
2025-06-23,82.62000,82.80000,78.78000,79.04000,486700
2025-06-24,77.20000,80.04000,77.20000,78.75000,568800
2025-06-25,78.75000,80.59000,78.25000,80.08000,540000
2025-06-26,80.39000,81.65000,78.03000,81.33000,346200
2025-06-27,81.80000,81.85000,78.69000,79.35000,444200
2025-06-30,78.62000,79.79000,78.62000,79.48000,261700
2025-07-01,79.35000,80.86000,78.37000,80.44000,238700
2025-07-02,80.97000,81.11000,79.38000,80.98000,347200
2025-07-03,80.65000,81.44000,80.27000,81.43000,140400
2025-07-07,80.74000,81.32000,79.63000,80.15000,296500
2025-07-08,79.94000,81.20000,79.60000,80.70000,551000
2025-07-09,80.37000,80.91000,79.89000,80.03000,308700
2025-07-10,79.59000,81.06000,78.87000,80.86000,316300
2025-07-11,81.10000,82.72000,80.73000,82.53000,402600
2025-07-14,82.64000,83.24000,81.78000,83.16000,380800
2025-07-15,82.97000,83.33000,81.66000,81.97000,380300
2025-07-16,82.03000,82.45000,80.95000,82.05000,298600
2025-07-17,81.83000,82.40000,81.46000,81.99000,358200
2025-07-18,82.81000,83.65000,82.12000,82.31000,411800
2025-07-21,82.60000,82.68000,81.66000,81.92000,314600
2025-07-22,82.02000,83.87000,81.71000,83.48000,381400
2025-07-23,83.23000,84.49000,83.10000,84.01000,434300
2025-07-24,83.79000,85.02000,83.06000,84.09000,430300
2025-07-25,83.79000,83.91000,82.69000,83.68000,364500
2025-07-28,84.18000,85.35000,84.01000,84.89000,338700
2025-07-29,84.81000,86.26000,84.81000,85.68000,432300
2025-07-30,85.72000,85.85000,83.91000,84.30000,367700
2025-07-31,83.44000,84.37000,83.01000,83.47000,484200
2025-08-01,82.81000,83.52000,81.87000,83.32000,581500
2025-08-04,83.03000,84.45000,82.08000,84.35000,372100
2025-08-05,84.36000,85.00000,83.45000,84.91000,411300
2025-08-06,85.53000,86.91000,84.79000,85.53000,457700
2025-08-07,86.56000,86.87000,84.89000,84.94000,301300
2025-08-08,85.13000,85.81000,84.68000,85.31000,348200
2025-08-11,85.49000,85.66000,83.15000,83.36000,435200
2025-08-12,83.46000,84.12000,83.37000,83.37000,332500
2025-08-13,83.26000,84.10000,82.79000,83.45000,392800
2025-08-14,83.14000,83.81000,82.67000,83.21000,272300
2025-08-15,83.14000,83.82000,83.07000,83.60000,306700
2025-08-18,83.30000,83.77000,82.72000,83.62000,356900
2025-08-19,83.55000,83.95000,82.45000,82.57000,211500
2025-08-20,82.77000,83.70000,82.77000,83.35000,253400
2025-08-21,83.19000,84.71000,83.19000,84.42000,315900
2025-08-22,84.60000,87.37000,84.36000,87.37000,492700
2025-08-25,87.74000,88.02000,87.20000,87.85000,255900
2025-08-26,87.37000,87.86000,86.91000,87.79000,264700
2025-08-27,87.43000,89.84000,87.43000,89.82000,297000
2025-08-28,89.96000,90.64000,89.47000,90.50000,484800
2025-08-29,90.40000,91.17000,90.17000,90.78000,218400
2025-09-02,90.16000,90.71000,87.83000,89.22000,594100
2025-09-03,88.47000,88.83000,86.92000,88.17000,526800
2025-09-04,87.22000,88.18000,87.11000,87.47000,608300
2025-09-05,87.12000,87.86000,86.65000,87.28000,388400
2025-09-08,87.66000,87.95000,86.68000,87.42000,406200
2025-09-09,87.83000,90.66000,87.83000,89.56000,306500
2025-09-10,89.18000,91.78000,89.18000,91.47000,319100
2025-09-11,90.70000,92.15000,90.70000,91.85000,354100
2025-09-12,91.89000,92.33000,90.87000,90.92000,316700
2025-09-15,91.67000,93.09000,90.80000,92.96000,455000
2025-09-16,93.33000,96.09000,93.24000,95.16000,569000
2025-09-17,95.26000,95.46000,93.95000,94.50000,526400
2025-09-18,94.61000,94.77000,93.09000,93.96000,256900
2025-09-19,93.73000,94.37000,91.79000,91.83000,714700
2025-09-22,92.00000,93.56000,90.57000,92.67000,218100
2025-09-23,93.32000,94.80000,93.29000,93.63000,350600
2025-09-24,94.00000,94.43000,93.83000,93.94000,227600
2025-09-25,94.00000,94.00000,92.70000,93.37000,280900
2025-09-26,93.36000,94.60000,93.04000,93.26000,268100
2025-09-29,93.05000,93.06000,92.02000,92.03000,274100
2025-09-30,90.91000,90.97000,88.94000,90.74000,590400
2025-10-01,90.38000,91.38000,89.21000,90.01000,470300
2025-10-02,89.74000,90.81000,89.10000,89.22000,363100
2025-10-03,89.72000,90.79000,89.24000,90.04000,311000
2025-10-06,90.80000,91.25000,89.39000,91.05000,292000
2025-10-07,90.93000,91.20000,89.29000,90.75000,222400
2025-10-08,90.97000,90.97000,87.78000,89.45000,318100
2025-10-09,89.61000,90.51000,88.03000,88.09000,337200
2025-10-10,87.31000,88.08000,86.96000,87.07000,411700
2025-10-13,87.70000,88.74000,87.36000,88.25000,190700
2025-10-14,87.02000,89.03000,86.92000,87.81000,353600
2025-10-15,88.14000,88.80000,85.59000,85.96000,521600
2025-10-16,86.24000,86.24000,84.44000,84.68000,565200
2025-10-17,84.84000,85.29000,84.47000,85.04000,424500
2025-10-20,85.12000,86.52000,84.37000,86.28000,362700
2025-10-21,86.64000,87.00000,85.11000,85.25000,1369800
2025-10-22,85.35000,88.48000,85.26000,88.12000,480200
2025-10-23,89.34000,91.39000,89.30000,89.93000,498000
2025-10-24,90.06000,91.39000,89.40000,91.02000,555900
2025-10-27,91.08000,91.87000,90.94000,91.37000,351400
2025-10-28,91.02000,91.64000,90.49000,91.40000,508000
2025-10-29,91.63000,94.24000,91.07000,92.39000,817300
2025-10-30,92.37000,92.46000,91.25000,91.25000,410600
2025-10-31,92.36000,92.58000,88.06000,88.21000,849200
2025-11-03,88.71000,89.86000,87.39000,89.86000,562200
2025-11-04,88.66000,88.66000,87.23000,88.24000,365100
2025-11-05,88.35000,90.16000,87.30000,88.98000,520800
2025-11-06,89.01000,91.14000,89.01000,90.89000,335500
2025-11-07,91.19000,93.76000,90.50000,93.44000,519000
2025-11-10,93.61000,95.83000,92.39000,95.52000,641100
2025-11-11,95.98000,96.58000,95.86000,96.16000,267700
2025-11-12,95.64000,97.11000,94.41000,96.76000,566900
2025-11-13,96.14000,97.90000,95.71000,96.13000,492500
2025-11-14,96.65000,99.17000,95.65000,98.93000,493100
2025-11-17,99.19000,99.49000,98.07000,98.72000,980000
2025-11-18,98.06000,101.01000,98.00000,100.83000,325300
2025-11-19,99.71000,99.89000,97.13000,98.91000,406800
2025-11-20,99.58000,100.02000,97.87000,97.91000,458900
2025-11-21,97.92000,97.92000,96.63000,97.28000,305200
2025-11-24,97.17000,97.68000,95.68000,97.41000,351500
2025-11-25,96.79000,98.25000,96.10000,97.71000,421200
2025-11-26,97.83000,99.72000,97.83000,98.74000,711800
2025-11-28,99.11000,100.27000,98.61000,98.80000,270100
2025-12-01,100.69000,100.71000,98.03000,98.20000,235500
2025-12-02,98.06000,98.06000,94.68000,94.94000,1212800
2025-12-03,94.65000,96.66000,94.65000,96.20000,691700
2025-12-04,96.44000,96.73000,93.38000,94.11000,977000
2025-12-05,93.84000,94.51000,92.29000,92.40000,574300
2025-12-08,91.53000,92.91000,90.29000,90.61000,620800
2025-12-09,91.05000,92.60000,90.56000,90.70000,523800
2025-12-10,90.98000,92.34000,90.02000,91.96000,320500
2025-12-11,91.31000,92.39000,90.82000,92.28000,406400
2025-12-12,92.31000,92.47000,91.16000,91.90000,288500
2025-12-15,91.66000,91.71000,88.93000,89.87000,426900
2025-12-16,88.96000,89.20000,85.23000,85.29000,917100
2025-12-17,86.18000,86.18000,84.64000,84.99000,742400
2025-12-18,84.87000,84.93000,83.29000,83.72000,542400
2025-12-19,83.67000,84.55000,83.27000,84.12000,853300
2025-12-22,85.23000,85.93000,84.62000,85.20000,419100
2025-12-23,85.30000,86.27000,85.25000,85.82000,305000
2025-12-24,85.65000,86.24000,85.65000,85.85000,106300
2025-12-26,85.60000,86.08000,85.28000,85.57000,162500
2025-12-29,88.72000,88.72000,85.13000,85.95000,455300
2025-12-30,86.35000,87.16000,86.06000,86.96000,415400
2025-12-31,87.16000,87.16000,86.05000,86.31000,304200
2026-01-02,86.61000,89.25000,85.95000,89.09000,396200
2026-01-05,87.63000,88.37000,83.31000,87.74000,1722800
2026-01-06,87.80000,89.92000,87.04000,87.61000,1433500
2026-01-07,88.10000,88.10000,86.03000,87.13000,1023600
2026-01-08,87.37000,89.65000,86.57000,88.98000,973500
2026-01-09,89.19000,91.49000,89.19000,90.36000,556000
2026-01-12,90.69000,93.13000,90.43000,92.50000,814700
2026-01-13,93.18000,96.60000,92.75000,96.05000,905700
2026-01-14,96.50000,99.41000,96.39000,98.89000,785100
2026-01-15,97.81000,98.29000,95.87000,96.28000,659000
2026-01-16,95.60000,98.75000,95.60000,97.98000,550100
2026-01-20,97.92000,99.17000,96.73000,97.31000,615300
2026-01-21,98.37000,100.83000,98.33000,100.20000,569700
2026-01-22,99.86000,100.38000,98.38000,99.21000,434200
2026-01-23,100.52000,102.05000,100.14000,101.24000,592800
2026-01-26,102.38000,102.54000,100.79000,101.58000,606500
2026-01-27,101.95000,104.09000,101.95000,103.19000,511000
2026-01-28,104.08000,104.79000,102.04000,103.47000,411700
2026-01-29,105.83000,106.64000,103.65000,105.71000,819200
2026-01-30,103.00000,103.83000,99.30000,101.25000,1539600
2026-02-02,98.36000,103.25000,98.36000,102.82000,1060500
2026-02-03,103.41000,107.19000,103.41000,106.86000,759300
2026-02-04,107.05000,111.99000,106.35000,110.71000,1182900
2026-02-05,109.38000,110.71000,107.69000,108.32000,796300
2026-02-06,109.06000,112.74000,108.63000,112.68000,780100
2026-02-09,112.82000,114.52000,112.27000,114.34000,457300
2026-02-10,114.65000,114.96000,112.45000,114.58000,314700
2026-02-11,116.29000,119.96000,115.89000,119.61000,739600
2026-02-12,119.09000,119.67000,115.41000,116.35000,570600
2026-02-13,116.22000,120.02000,116.16000,119.76000,465000
2026-02-17,119.71000,120.57000,114.55000,117.42000,689500
2026-02-18,117.99000,120.43000,117.93000,120.19000,492100
2026-02-19,121.45000,123.52000,120.93000,122.55000,723300
2026-02-20,121.85000,122.31000,120.40000,120.69000,544900
2026-02-23,119.19000,121.62000,118.14000,118.51000,563600
2026-02-24,118.95000,118.95000,114.71000,115.68000,806200
2026-02-25,115.68000,116.60000,112.91000,116.21000,1105900
2026-02-26,115.13000,117.67000,114.29000,116.78000,322400
2026-02-27,117.98000,118.16000,116.07000,117.30000,349100
2026-03-02,122.93000,122.93000,116.71000,118.81000,1046200
2026-03-03,119.50000,119.74000,116.30000,119.31000,507200
2026-03-04,117.99000,120.63000,117.39000,119.74000,4491400
2026-03-05,118.68000,120.67000,116.88000,118.74000,795900
2026-03-06,121.00000,121.00000,117.50000,118.20000,913100
2026-03-09,118.81000,120.59000,118.20000,119.35000,1068100
2026-03-10,118.71000,120.42000,117.22000,117.90000,500400
2026-03-11,117.31000,120.89000,117.31000,120.25000,543600
2026-03-12,121.26000,122.31000,120.19000,121.54000,543700
2026-03-13,121.45000,122.07000,119.74000,120.41000,582100
2026-03-16,120.95000,124.00000,120.50000,123.30000,832700
2026-03-17,124.40000,125.88000,122.42000,124.90000,645100
2026-03-18,125.02000,125.94000,124.03000,125.59000,571300
2026-03-19,125.65000,129.84000,125.12000,127.03000,963100
2026-03-20,127.83000,128.25000,124.61000,126.61000,757100
2026-03-23,124.35000,128.66000,121.75000,126.52000,1153700
2026-03-24,126.53000,131.23000,126.53000,129.17999,1135800
2026-03-25,128.50000,130.45000,126.53000,130.21001,859300
2026-03-26,130.00999,131.62000,127.48000,127.82000,1009300
2026-03-27,128.53000,131.67000,127.84000,130.75999,633300
2026-03-30,132.82001,133.11000,129.31000,129.64000,967600
2026-03-31,130.71001,132.50999,127.13000,130.82001,897500
2026-04-01,128.45000,130.42000,127.42000,128.96001,817300
2026-04-02,131.38000,133.37000,128.50000,130.53000,624900
2026-04-06,130.22000,131.89000,128.32001,129.39000,877800
2026-04-07,130.08000,133.03000,130.00000,132.36000,777500
2026-04-08,124.89000,131.85001,120.56000,129.75000,1072900
2026-04-09,130.30000,132.38000,127.98000,128.31000,488100
2026-04-10,127.89000,129.92999,127.89000,129.17999,382000
2026-04-13,130.19000,132.11000,129.64000,130.19000,302200
2026-04-14,129.41000,129.83000,125.93000,127.10000,390400
2026-04-15,127.38000,127.38000,125.33000,126.36000,125774
