date,open,high,low,close,volume
2016-02-04,19.61354,19.88902,19.34909,19.83392,186589
2016-02-05,19.78985,19.82290,19.43724,19.45928,147928
2016-02-08,19.15075,19.29400,18.29128,18.55574,150742
2016-02-09,18.43453,18.68796,17.83951,17.86155,147202
2016-02-10,17.99377,18.33536,17.53098,17.79544,158547
2016-02-11,17.65219,18.39045,17.32162,17.57506,151196
2016-02-12,17.47589,17.81747,15.81204,15.96631,610953
2016-02-16,16.14261,19.16177,16.14261,18.76509,411205
2016-02-17,18.77611,19.16177,18.11498,18.98547,306566
2016-02-18,18.97445,19.24992,18.34638,19.07362,200928
2016-02-19,18.97445,19.20585,18.71000,19.04057,173521
2016-02-22,19.10668,19.37113,18.95242,19.00751,118887
2016-02-23,18.90834,19.08464,18.66592,18.68796,58445
2016-02-24,18.46758,19.16177,18.22517,19.09566,64072
2016-02-25,19.00751,19.19483,18.87528,19.00751,27952
2016-02-26,19.05158,19.29400,18.86426,18.89732,43834
2016-02-29,18.96343,19.30502,18.93038,19.04057,108904
2016-03-01,19.17279,19.77883,18.97445,19.58049,162358
2016-03-02,19.62456,19.83392,19.38215,19.61354,32308
2016-03-03,19.51438,19.92207,19.48132,19.75679,57629
2016-03-04,19.75679,19.94411,19.65762,19.75679,75779
2016-03-07,19.70170,19.98819,19.63558,19.77883,123969
2016-03-08,19.71272,19.97717,19.44826,19.71272,57901
2016-03-09,19.60253,19.83392,19.41521,19.63558,51911
2016-03-10,19.82290,20.03226,19.12872,19.26094,146930
2016-03-11,17.63015,19.40419,17.63015,19.13973,113170
2016-03-14,19.11770,19.26094,18.65491,18.94140,96290
2016-03-15,18.94140,19.06260,18.53370,18.64389,113714
2016-03-16,18.47860,18.87528,18.39045,18.77611,85036
2016-03-17,18.23619,19.06260,18.23619,18.96343,139761
2016-03-18,19.06260,19.39317,19.00751,19.24992,65433
2016-03-21,19.15075,19.29400,18.90834,18.99649,60986
2016-03-22,18.41249,18.67694,18.29128,18.40147,352124
2016-03-23,18.47860,19.11770,18.39045,18.63287,81497
2016-03-24,18.46758,18.83121,18.18110,18.76509,42473
2016-03-28,18.77611,18.97445,18.53370,18.89732,51730
2016-03-29,18.78713,19.13973,18.67694,19.11770,120702
2016-03-30,19.28298,19.73475,19.01853,19.26094,147112
2016-03-31,19.28298,19.54743,19.10668,19.15075,50731
2016-04-01,19.01853,19.44826,19.01853,19.33807,72331
2016-04-04,19.26094,19.40419,19.10668,19.29400,54452
2016-04-05,19.22789,19.41521,19.00751,19.22789,107906
2016-04-06,19.30502,19.47030,19.07362,19.31604,33397
2016-04-07,19.28298,19.55845,19.20585,19.38215,60623
2016-04-08,19.37113,19.93309,19.32705,19.85596,155279
2016-04-11,19.92207,20.16449,19.76781,19.76781,37754
2016-04-12,19.72373,19.84494,19.05158,19.29400,34305
2016-04-13,19.43724,19.69068,19.38215,19.39317,34396
2016-04-14,19.32705,19.43724,19.02955,19.27196,40567
2016-04-15,19.28298,19.33807,19.13973,19.28298,29132
2016-04-18,19.34909,19.38215,19.22789,19.28298,88848
2016-04-19,19.29400,19.55845,19.11770,19.18381,62348
2016-04-20,19.18381,19.18381,18.83121,19.09566,75961
2016-04-21,19.02955,19.34909,19.02955,19.26094,29404
2016-04-22,19.27196,19.74577,19.27196,19.59151,77413
2016-04-25,19.63558,19.80087,19.53641,19.73475,85218
2016-04-26,19.81189,20.38486,19.52539,19.52539,71786
2016-04-27,19.62456,20.09838,19.52539,19.53641,23233
2016-04-28,19.51438,19.51438,19.00751,19.08464,59353
2016-04-29,19.11770,19.11770,18.48962,18.53370,60805
2016-05-02,18.58879,18.79815,18.48962,18.75407,47373
2016-05-03,18.65491,19.15075,18.62185,19.06260,76959
2016-05-04,18.96343,19.48132,18.96343,19.16177,53635
2016-05-05,19.23890,19.24992,18.69898,18.78713,122336
2016-05-06,19.00751,19.24992,18.67694,19.04057,87486
2016-05-09,19.11770,19.19483,18.78713,18.94140,83493
2016-05-10,18.88630,19.12872,18.58879,18.88630,130231
2016-05-11,18.83121,18.94140,18.71000,18.79815,75961
2016-05-12,18.78713,19.15075,18.44555,18.65491,72058
2016-05-13,18.00479,19.48132,18.00479,18.90834,152012
2016-05-16,19.02955,19.36011,18.96343,19.05158,81315
2016-05-17,19.02955,19.17279,18.93038,19.17279,75961
2016-05-18,19.11770,19.61354,19.11770,19.39317,109540
2016-05-19,19.27196,19.47030,18.89732,19.06260,111627
2016-05-20,19.09566,19.59151,19.09566,19.52539,81497
2016-05-23,19.64660,19.90004,19.64660,19.76781,83130
2016-05-24,19.76781,19.94411,19.73475,19.91105,137401
2016-05-25,19.94411,20.24162,19.83392,20.06532,57538
2016-05-26,20.13143,20.66034,20.13143,20.55015,94021
2016-05-27,20.50607,20.93581,20.50607,20.88071,23868
2016-05-31,20.89173,21.22230,20.38486,20.79256,89211
2016-06-01,20.68237,20.92479,20.68237,20.80358,39932
2016-06-02,20.72645,21.06803,20.69339,20.86969,49098
2016-06-03,20.72645,21.06803,20.72645,20.90275,33579
2016-06-06,20.85868,21.01294,20.81460,20.84766,70879
2016-06-07,20.94683,20.99090,20.72645,20.84766,85944
2016-06-08,20.70441,20.88071,20.39588,20.51709,36211
2016-06-09,20.51709,20.53913,20.10939,20.13143,37118
2016-06-10,19.93309,20.15347,18.84223,19.06260,218625
2016-06-13,19.10668,19.44826,19.01853,19.30502,29767
2016-06-14,19.26094,19.88902,19.26094,19.81189,41565
2016-06-15,19.92207,19.92207,19.40419,19.78985,37027
2016-06-16,19.77883,20.12041,19.63558,20.04328,68337
2016-06-17,19.86698,20.21958,19.82290,20.19754,37663
2016-06-20,20.27468,20.29671,19.92207,20.03226,48553
2016-06-21,20.09838,20.13143,19.83392,20.08736,113533
2016-06-22,20.06532,21.34350,20.06532,21.01294,165262
2016-06-23,21.01294,21.11211,20.67135,20.74849,69063
2016-06-24,20.30773,20.92479,19.83392,20.05430,36574
2016-06-27,19.91105,20.23060,19.67966,19.75679,92750
2016-06-28,19.88902,20.19754,19.80087,20.15347,47918
2016-06-29,20.38486,20.43996,20.25264,20.25264,22688
2016-06-30,20.40690,20.43996,19.84494,19.95513,80498
2016-07-01,19.91105,20.35181,19.76781,19.82290,47827
2016-07-05,19.78985,20.20856,19.60253,19.66864,55269
2016-07-06,19.53641,19.82290,19.38215,19.54743,54452
2016-07-07,19.34909,19.74577,19.28298,19.50336,82949
2016-07-08,19.58049,19.65762,19.28298,19.52539,56176
2016-07-11,19.50336,19.52539,19.23890,19.23890,59262
2016-07-12,19.30502,19.30502,18.89732,18.93038,96108
2016-07-13,19.04057,19.09566,18.75407,18.83121,80952
2016-07-14,18.90834,19.10668,18.85324,19.01853,96017
2016-07-15,19.09566,19.53641,18.75407,19.05158,68519
2016-07-18,19.17279,19.53641,19.04057,19.31604,114350
2016-07-19,19.28298,19.40419,19.08464,19.09566,49551
2016-07-20,19.09566,19.28298,18.95242,19.11770,133317
2016-07-21,19.17279,19.23890,18.97445,19.00751,32399
2016-07-22,18.97445,19.19483,18.78713,19.12872,67521
2016-07-25,19.17279,19.54743,19.00751,19.07362,60714
2016-07-26,19.07362,19.38215,19.07362,19.30502,200747
2016-07-27,19.36011,19.48132,19.22789,19.32705,176334
2016-07-28,19.37113,19.40419,19.19483,19.28298,43380
2016-07-29,19.30502,19.53641,19.10668,19.12872,30856
2016-08-01,19.20585,19.34909,18.84223,18.84223,81406
2016-08-02,18.86426,18.94140,18.71000,18.80917,78502
2016-08-03,18.91936,19.09566,18.77611,18.96343,97288
2016-08-04,18.95242,19.17279,18.89732,18.99649,116074
2016-08-05,19.12872,19.61354,19.09566,19.21687,107815
2016-08-08,19.18381,19.43724,19.17279,19.30502,106999
2016-08-09,19.26094,19.61354,19.26094,19.36011,154190
2016-08-10,19.43724,20.10939,19.17279,20.04328,300848
2016-08-11,19.65762,21.15618,19.65762,21.10109,119159
2016-08-12,21.20026,21.70713,21.20026,21.61897,210821
2016-08-15,21.59694,21.59694,21.43166,21.54184,154190
2016-08-16,21.42064,21.48675,21.27739,21.35452,111445
2016-08-17,21.18924,21.57490,21.18924,21.48675,107725
2016-08-18,21.47573,21.71815,21.39860,21.65203,62983
2016-08-19,21.59694,21.97158,21.56388,21.96056,75144
2016-08-22,22.01565,22.01565,21.72916,21.74018,101009
2016-08-23,21.81731,21.90546,21.74018,21.80630,53908
2016-08-24,21.88343,21.88343,21.57490,21.60796,97923
2016-08-25,21.71815,21.91648,21.57490,21.68509,41021
2016-08-26,21.70713,21.89445,21.64101,21.78426,38752
2016-08-29,21.78426,21.81731,21.60796,21.64101,60260
2016-08-30,21.62999,21.76222,21.44267,21.58592,52546
2016-08-31,21.47573,21.64101,21.47573,21.54184,46284
2016-09-01,21.46471,21.75120,21.46471,21.59694,68519
2016-09-02,21.58592,21.76222,21.48675,21.57490,55541
2016-09-06,21.57490,21.69611,21.45369,21.51981,101190
2016-09-07,21.48675,21.88343,21.48675,21.88343,172613
2016-09-08,21.77324,22.10380,21.77324,22.07075,63981
2016-09-09,21.92750,22.13686,21.79528,22.01565,82858
2016-09-12,21.80630,22.08177,21.78426,22.02667,53363
2016-09-13,21.86139,21.99362,21.68509,21.79528,60805
2016-09-14,21.46471,21.97158,21.46471,21.94954,68519
2016-09-15,22.01565,22.01565,21.70713,21.86139,53363
2016-09-16,21.80630,22.00463,21.57490,21.87241,52637
2016-09-19,21.92750,22.12584,21.72916,21.88343,141394
2016-09-20,21.87241,22.01565,21.82833,21.92750,71332
2016-09-21,21.99362,22.42335,21.98260,22.29112,165535
2016-09-22,22.44539,22.47845,21.98260,22.28011,65706
2016-09-23,22.29112,22.35724,22.16992,22.24705,47555
2016-09-26,22.14788,22.24705,21.93852,21.98260,138672
2016-09-27,21.98260,22.26909,21.78426,21.88343,132591
2016-09-28,21.88343,22.01565,21.59694,21.87241,112897
2016-09-29,21.87241,21.92750,21.67407,21.85037,50368
2016-09-30,21.81731,21.92750,21.74018,21.81731,61168
2016-10-03,21.80630,21.80630,21.54184,21.60796,75961
2016-10-04,21.66305,21.92750,21.64101,21.77324,72966
2016-10-05,21.74018,21.90546,21.65203,21.79528,58173
2016-10-06,21.85037,21.94954,21.45369,21.69611,143209
2016-10-07,21.59694,21.76222,21.42064,21.70713,111990
2016-10-10,21.92750,21.94954,21.43166,21.86139,171071
2016-10-11,21.81731,21.81731,21.28841,21.37656,73873
2016-10-12,21.37656,21.72916,21.23332,21.62999,50368
2016-10-13,21.46471,21.55286,21.10109,21.53082,50187
2016-10-14,21.48675,21.71815,21.29943,21.46471,41747
2016-10-17,21.54184,21.57490,21.37656,21.37656,41384
2016-10-18,21.48675,21.54184,21.43166,21.54184,69336
2016-10-19,21.54184,21.70713,21.54184,21.70713,108814
2016-10-20,21.87241,21.98260,21.59694,21.87241,219170
2016-10-21,21.76222,21.76222,20.99090,21.32147,166987
2016-10-24,21.43166,21.70713,21.21128,21.48675,234961
2016-10-25,21.37656,21.48675,21.32147,21.43166,74327
2016-10-26,21.37656,21.48675,20.99090,20.99090,182142
2016-10-27,21.04600,21.15618,20.60524,20.71543,185682
2016-10-28,20.82562,21.32147,20.60524,21.04600,265908
2016-11-01,21.20141,21.20141,19.25795,19.31684,91352
2016-11-02,19.22261,19.55242,19.03416,19.23439,119539
2016-11-03,19.04594,19.08127,18.08009,18.13899,159867
2016-11-04,18.19788,18.61013,17.72674,18.05654,116483
2016-11-07,18.25677,18.40989,17.66784,17.98587,173536
2016-11-08,17.89164,17.89164,17.38516,17.51472,84900
2016-11-09,17.29093,17.29093,16.79623,16.84335,129048
2016-11-10,16.48999,17.96231,16.48999,17.43227,201298
2016-11-11,17.84452,18.65724,17.84452,18.43345,147132
2016-11-14,18.43345,18.85748,18.25677,18.44523,79382
2016-11-15,18.25677,18.43345,17.25559,18.13899,78023
2016-11-16,18.03298,18.10365,17.66784,18.03298,50685
2016-11-17,18.12721,18.31566,17.79741,18.05654,47969
2016-11-18,18.15077,19.02238,18.15077,18.84570,85579
2016-11-21,18.84570,19.65842,18.84570,19.49352,87277
2016-11-22,19.55242,19.59953,19.14017,19.34040,93050
2016-11-23,19.43463,19.55242,19.37574,19.46996,129897
2016-11-25,18.19788,19.43463,18.11543,18.90459,80995
2016-11-28,18.83392,18.93993,18.78681,18.85748,82523
2016-11-29,19.03416,19.28151,18.93993,18.98704,176592
2016-11-30,18.71614,19.14017,18.49234,18.62191,54251
2016-12-01,18.81037,19.22261,18.77503,19.19906,143990
2016-12-02,19.08127,19.19906,18.73969,19.11661,82523
2016-12-05,19.03416,19.03416,18.55124,18.61013,29460
2016-12-06,18.65724,18.70436,18.12721,18.18610,57308
2016-12-07,18.15077,18.29211,17.86808,18.09187,82778
2016-12-08,18.09187,18.24499,17.55006,18.03298,60364
2016-12-09,18.25677,18.78681,17.83274,18.12721,23687
2016-12-12,18.00942,18.00942,17.62073,17.77385,64779
2016-12-13,17.69140,17.90342,17.44405,17.60895,76580
2016-12-14,17.55006,17.69140,17.18492,17.25559,70043
2016-12-15,17.24382,17.37338,17.07892,17.12603,106125
2016-12-16,17.14959,17.22026,16.61955,16.94935,109266
2016-12-19,16.72556,16.94935,16.72556,16.94935,95682
2016-12-20,16.83157,16.94935,16.77267,16.84335,43129
2016-12-21,16.78445,16.93757,16.74912,16.85512,43044
2016-12-22,16.92579,17.47939,16.90224,17.02002,109266
2016-12-23,17.26737,17.26737,16.79623,16.93757,80825
2016-12-27,16.87868,17.14959,16.87868,17.03180,32092
2016-12-28,17.07892,17.09069,16.77267,16.87868,43724
2016-12-29,16.79623,16.96113,16.43110,16.52532,88211
2016-12-30,16.60777,16.76089,16.41932,16.61955,32177
2017-01-03,17.07892,18.13899,17.07892,17.52650,238145
2017-01-04,17.43227,17.65607,17.07892,17.30271,165810
2017-01-05,17.55006,17.87986,17.50294,17.76207,221165
2017-01-06,17.87986,18.59835,17.87986,18.58657,165810
2017-01-09,18.61013,18.66902,18.42167,18.64547,109861
2017-01-10,18.25677,18.49234,17.79741,18.31566,58751
2017-01-11,18.45701,19.02238,18.40989,18.96349,230588
2017-01-12,18.84570,19.08127,18.64547,18.77503,218448
2017-01-13,18.71614,18.78681,18.50412,18.65724,231098
2017-01-17,18.64547,18.64547,18.25677,18.30389,78193
2017-01-18,18.43345,18.50412,18.28033,18.42167,91607
2017-01-19,18.43345,18.53946,18.18610,18.29211,102814
2017-01-20,18.39812,18.61013,18.38634,18.58657,63420
2017-01-23,18.65724,18.71614,18.45701,18.65724,114360
2017-01-24,18.61013,18.61013,18.33922,18.37456,89400
2017-01-25,18.37456,18.55124,18.35100,18.45701,126331
2017-01-26,18.49234,18.49234,18.22144,18.35100,26998
2017-01-27,18.32744,18.32744,18.25677,18.30389,27677
2017-01-30,18.31566,18.31566,18.00942,18.03298,43044
2017-01-31,17.96231,18.42167,17.95053,18.12721,38545
2017-02-01,18.32744,18.37456,18.13899,18.37456,62147
2017-02-02,18.37456,18.57479,18.36278,18.52768,145943
2017-02-03,18.53946,18.84570,18.51590,18.76325,286368
2017-02-06,18.66902,18.81037,18.51590,18.76325,103748
2017-02-07,18.72791,18.76325,18.56301,18.61013,166489
2017-02-08,18.56301,18.65724,18.36278,18.53946,76070
2017-02-09,18.53946,18.64547,18.43345,18.64547,108163
2017-02-10,18.55124,18.76325,18.43345,18.49234,237720
2017-02-13,18.53946,18.53946,18.43345,18.51590,64864
2017-02-14,18.39812,18.43345,18.11543,18.15077,122171
2017-02-15,18.08009,18.45701,18.08009,18.42167,86768
2017-02-16,18.35100,18.69258,18.35100,18.58657,98229
2017-02-17,18.73969,19.02238,18.65724,18.93993,246380
2017-02-21,18.93993,18.99882,18.86926,18.89281,202656
2017-02-22,18.84570,18.93993,18.75147,18.92815,145604
2017-02-23,18.85748,18.93993,18.81037,18.88104,130916
2017-02-24,18.79859,18.88104,18.61013,18.77503,98060
2017-02-27,18.77503,18.82214,18.50412,18.52768,155112
2017-02-28,18.48056,18.52768,18.28033,18.38634,92626
2017-03-01,18.37456,18.52768,18.35100,18.42167,147302
2017-03-02,18.43345,18.56301,18.25677,18.28033,60449
2017-03-03,18.24499,18.45701,17.96231,18.37456,85749
2017-03-06,18.42167,18.48056,18.17432,18.40989,117247
2017-03-07,18.29211,18.53946,18.22144,18.48056,126926
2017-03-08,18.39812,18.79859,18.36278,18.61013,75986
2017-03-09,18.85748,19.02238,18.23322,18.85748,262341
2017-03-10,18.84570,18.85748,18.66902,18.72791,143821
2017-03-13,18.71614,18.84570,18.56301,18.65724,246380
2017-03-14,18.57479,18.82214,18.51590,18.76325,267860
2017-03-15,18.72791,18.81037,18.50412,18.79859,213099
2017-03-16,18.76325,18.83392,18.68080,18.71614,185337
2017-03-17,19.90577,20.31802,19.78799,19.90577,1082135
2017-03-20,19.84688,20.16490,19.84688,20.10601,440886
2017-03-21,20.08245,20.08245,19.50530,19.54064,216325
2017-03-22,19.72909,19.92933,19.69376,19.85866,250795
2017-03-23,19.88221,20.02356,19.82332,19.90577,209618
2017-03-24,19.90577,20.07067,19.83510,19.95289,247314
2017-03-27,19.84688,20.42403,19.84688,20.32980,386550
2017-03-28,20.44758,20.68316,20.29446,20.64782,250710
2017-03-29,21.18963,21.18963,20.94229,21.14252,319479
2017-03-30,21.08363,21.20141,21.08363,21.18963,297405
2017-03-31,21.10719,21.10719,20.76561,20.90695,192808
2017-04-03,20.84806,20.89517,20.68316,20.77739,114955
2017-04-04,20.74205,20.83628,20.73027,20.81272,71741
2017-04-05,20.84806,21.00118,20.81272,20.82450,194761
2017-04-06,20.61249,20.61249,20.35336,20.50648,87956
2017-04-07,20.61249,20.84806,20.61249,20.75383,311923
2017-04-10,20.80094,20.96584,20.73027,20.75383,352675
2017-04-11,20.63604,20.63604,20.17668,20.27091,216240
2017-04-12,20.17668,20.50648,20.17668,20.32980,201213
2017-04-13,20.31802,20.60071,20.31802,20.43581,223627
2017-04-17,19.96466,19.97644,19.69376,19.92933,120728
2017-04-18,19.92933,20.14134,19.92933,20.12956,164451
2017-04-19,20.24735,20.24735,19.90577,19.98822,54930
2017-04-20,20.03534,20.03534,19.84688,20.01178,38884
2017-04-21,19.97644,19.97644,19.77621,19.83510,39563
2017-04-24,20.22379,20.25913,20.17668,20.23557,196459
2017-04-25,20.29446,20.58893,20.27091,20.57715,157235
2017-04-26,20.73027,20.97762,20.73027,20.87161,191789
2017-04-27,20.84806,20.97762,20.80094,20.85983,107653
2017-04-28,20.83628,20.83628,20.47114,20.54181,32602
2017-05-01,20.50648,20.61249,20.45936,20.56537,41346
2017-05-02,20.50648,20.64782,20.44758,20.53004,79721
2017-05-03,20.44758,20.47114,20.32980,20.45936,44233
2017-05-04,20.45936,20.55359,20.43581,20.55359,44742
2017-05-05,20.55359,20.91873,20.55359,20.90695,53912
2017-05-08,20.88339,21.03651,20.88339,21.03651,31243
2017-05-09,21.14252,21.35453,21.03651,21.29564,57223
2017-05-10,21.31920,21.35453,21.16608,21.21319,76580
2017-05-11,21.23675,21.29564,21.10719,21.20141,35403
2017-05-12,21.26031,21.74323,21.26031,21.70789,91098
2017-05-15,21.76678,21.79034,21.61366,21.75501,22753
2017-05-16,21.75501,21.75501,21.34276,21.56655,26064
2017-05-17,21.48410,21.75501,21.48410,21.54299,53657
2017-05-18,21.54299,21.80212,21.54299,21.80212,60619
2017-05-19,21.84923,21.97880,21.76678,21.86101,42875
2017-05-22,22.22615,22.65018,22.22615,22.61484,99503
2017-05-23,23.14488,23.48646,23.14488,23.33333,153924
2017-05-24,23.46290,23.78092,23.46290,23.73380,146877
2017-05-25,23.55713,23.55713,23.22733,23.48646,39733
2017-05-26,23.54535,23.69847,23.48646,23.60424,56968
2017-05-30,23.52179,23.72203,23.49823,23.63958,55270
2017-05-31,23.76914,23.88693,23.75736,23.78092,86938
2017-06-01,24.00471,24.48763,24.00471,24.46408,192978
2017-06-02,24.38162,24.44052,24.09894,24.40518,394021
2017-06-05,24.45230,24.45230,23.99293,24.09894,59685
2017-06-06,23.93404,23.93404,23.58068,23.69847,106380
2017-06-07,24.13428,24.54652,24.13428,24.25206,100182
2017-06-08,24.75854,25.24146,24.75854,25.21790,262001
2017-06-09,25.40636,25.90106,24.80565,25.05300,202571
2017-06-12,25.47703,25.88928,25.32391,25.75972,189072
2017-06-13,24.85277,24.91166,24.49941,24.62897,106295
2017-06-14,24.59364,24.61720,23.92226,24.09894,194421
2017-06-15,24.61720,24.92344,24.53475,24.67609,242899
2017-06-16,24.80565,24.98233,24.55830,24.74676,237211
2017-06-19,24.67609,24.67609,24.40518,24.52297,140170
2017-06-20,24.38162,24.38162,23.93404,24.02827,84306
2017-06-21,24.08716,24.20495,24.08716,24.19317,105191
2017-06-22,24.20495,24.26384,24.08716,24.18139,45167
2017-06-23,24.11072,24.22850,23.72203,23.91048,50685
2017-06-26,23.96938,24.14605,23.86337,23.93404,25470
2017-06-27,23.91048,24.06360,23.74558,23.79270,45931
2017-06-28,23.75736,23.75736,23.35689,23.62780,58581
2017-06-29,23.59246,23.59246,23.12132,23.16843,33960
2017-06-30,23.26266,23.34511,23.06243,23.28622,71316
2017-07-03,23.55713,24.01649,23.34511,23.83981,104342
2017-07-05,23.67491,23.72203,23.49823,23.66313,63675
2017-07-06,23.67491,23.71025,23.43934,23.55713,57392
2017-07-07,23.55713,23.69847,23.45112,23.61602,21650
2017-07-10,23.41578,23.41578,23.00353,23.32155,38120
2017-07-11,22.95642,22.95642,22.66195,22.79152,35998
2017-07-12,23.34511,23.55713,23.34511,23.48646,137368
2017-07-13,23.59246,23.75736,23.52179,23.68669,55525
2017-07-14,23.74558,24.08716,23.74558,24.06360,51280
2017-07-17,24.02827,24.02827,23.63958,23.71025,70297
2017-07-18,23.72203,23.94582,23.72203,23.78092,50006
2017-07-19,23.81625,23.91048,23.63958,23.76914,97126
2017-07-20,23.47468,23.47468,23.26266,23.33333,57223
2017-07-21,23.34511,23.34511,23.09776,23.25088,38375
2017-07-24,23.55713,23.76914,23.55713,23.73380,94748
2017-07-25,23.72203,23.76914,23.55713,23.56890,49497
2017-07-26,23.49823,23.49823,23.32155,23.42756,41431
2017-07-27,23.49823,23.66313,23.36867,23.43934,28696
2017-07-28,23.32155,23.34511,23.13310,23.18021,39818
2017-07-31,23.08598,23.26266,22.87397,22.89753,28017
2017-08-01,23.08598,23.21555,22.89753,22.99175,108927
2017-08-02,22.74441,22.74441,22.33216,22.39105,42450
2017-08-03,22.55595,22.62662,22.40283,22.42638,57392
2017-08-04,22.44994,22.48528,22.37927,22.43816,47799
2017-08-07,22.37927,22.41460,22.16726,22.34393,41431
2017-08-08,22.96820,22.96820,22.43816,22.74441,73269
2017-08-09,22.61484,22.66195,22.35571,22.44994,49582
2017-08-10,21.20141,21.20141,18.63369,20.54181,87617
2017-08-11,20.69493,21.57833,20.69493,21.18963,162414
2017-08-14,20.64782,20.64782,20.07067,20.08245,124718
2017-08-15,20.02356,20.02356,19.85866,19.85866,53657
2017-08-16,19.87044,19.96466,19.58775,19.74087,105191
2017-08-17,19.96466,20.20024,19.56419,19.57597,162329
2017-08-18,19.58775,19.95289,19.58775,19.85866,46440
2017-08-21,19.92933,19.92933,19.64664,19.72909,63166
2017-08-22,19.95289,20.21201,19.95289,20.15312,32771
2017-08-23,20.01178,20.01178,19.94111,20.00000,30055
2017-08-24,20.05889,20.20024,20.02356,20.04711,37271
2017-08-25,20.18846,20.25913,20.15312,20.23557,35828
2017-08-28,20.23557,20.37691,20.16490,20.24735,25215
2017-08-29,20.04711,20.12956,19.92933,20.00000,70892
2017-08-30,20.93051,21.29564,20.93051,21.22497,83711
2017-08-31,21.24853,21.50766,21.24853,21.37809,49497
2017-09-01,21.38987,21.55477,21.31920,21.36631,48393
2017-09-05,21.89635,22.13192,21.70789,21.97880,231013
2017-09-06,22.23793,22.50883,22.20259,22.44994,132274
2017-09-07,22.21437,22.21437,21.74323,21.80212,61468
2017-09-08,21.68434,21.89635,21.51944,21.63722,102984
2017-09-11,21.77856,21.97880,21.66078,21.93168,43384
2017-09-12,22.13192,22.36749,22.13192,22.30860,68769
2017-09-13,22.26148,22.34393,22.20259,22.29682,32687
2017-09-14,22.27326,22.28504,22.09658,22.12014,26234
2017-09-15,21.97880,22.16726,21.82568,21.94346,45676
2017-09-18,22.03769,22.13192,21.96702,22.13192,58411
2017-09-19,22.08481,22.24971,22.06125,22.08481,33026
2017-09-20,22.13192,22.33216,22.03769,22.22615,41771
2017-09-21,22.32038,22.59128,22.32038,22.43816,53742
2017-09-22,22.32038,22.41460,22.27326,22.32038,15112
2017-09-25,22.69729,22.93286,22.62662,22.66195,87447
2017-09-26,22.88575,23.09776,22.77974,22.87397,161819
2017-09-27,22.87397,23.07421,22.81508,22.90931,114870
2017-09-28,22.87397,22.88575,22.74441,22.76796,54081
2017-09-29,22.75618,22.81508,22.69729,22.75618,25640
2017-10-02,22.86219,23.32155,22.86219,23.30978,186271
2017-10-03,23.29800,23.30978,23.16843,23.23911,77429
2017-10-04,23.22733,23.22733,23.00353,23.10954,93475
2017-10-05,23.29800,23.51001,23.29800,23.38045,140425
2017-10-06,25.61838,25.79505,24.97055,25.04123,421104
2017-10-09,25.04123,25.14723,25.02945,25.07656,99503
2017-10-10,25.27680,25.32391,25.02945,25.12367,194251
2017-10-11,25.11190,25.59482,25.11190,25.50059,246804
2017-10-12,25.32391,25.37103,25.04123,25.28857,101710
2017-10-13,25.32391,25.48881,25.26502,25.45348,187289
2017-10-16,25.05300,25.05300,24.64075,24.67609,95173
2017-10-17,24.40518,24.40518,24.12250,24.20495,130576
2017-10-18,24.24028,24.32273,23.80448,24.19317,93645
2017-10-19,24.16961,24.33451,24.09894,24.29918,69958
2017-10-20,24.34629,24.34629,24.13428,24.26384,64524
2017-10-23,24.33451,24.48763,24.20495,24.47585,123869
2017-10-24,24.38162,24.38162,24.18139,24.21673,57477
2017-10-25,24.42874,24.57008,24.35807,24.48763,163433
2017-10-26,24.55830,24.79387,24.55830,24.75854,259624
2017-10-27,23.49823,23.53357,23.27444,23.30978,138217
2017-10-30,23.28622,23.28622,23.13310,23.16843,29291
2017-10-31,23.25088,23.56890,23.25088,23.55713,27253
2017-11-01,23.52179,23.63958,23.20377,23.32155,67071
2017-11-02,23.55713,23.86337,23.49823,23.71025,204864
2017-11-03,24.13428,24.44052,24.11072,24.38162,108587
2017-11-06,23.96938,24.00471,23.78092,23.89870,68429
2017-11-07,23.85159,23.88693,23.20377,23.34511,118690
2017-11-08,23.35689,23.65136,23.25088,23.28622,126161
2017-11-09,22.61484,22.61484,20.23557,20.98940,310310
2017-11-10,21.40165,22.06125,21.40165,21.88457,117332
2017-11-13,21.43699,21.43699,20.82450,20.84806,107993
2017-11-14,21.07185,21.31920,21.07185,21.14252,88126
2017-11-15,21.64900,21.82568,21.57833,21.64900,120218
2017-11-16,21.75501,21.84923,21.61366,21.79034,90503
2017-11-17,21.79034,21.79034,21.43699,21.63722,76325
2017-11-20,21.55477,21.55477,21.18963,21.27209,35403
2017-11-21,21.38987,21.57833,21.27209,21.54299,87277
2017-11-22,21.53121,21.63722,21.31920,21.33098,52383
2017-11-24,21.43699,21.82568,21.43699,21.71967,24281
2017-11-27,21.73145,21.90813,21.70789,21.73145,82523
2017-11-28,21.73145,21.73145,21.51944,21.61366,46780
2017-11-29,21.49588,21.63722,21.23675,21.29564,36677
2017-11-30,21.16608,21.35453,21.16608,21.26031,72250
2017-12-01,21.57833,22.01413,21.57833,21.76678,133802
2017-12-04,21.93168,21.95524,21.61366,21.70789,86258
2017-12-05,21.71967,21.91991,21.67256,21.71967,121237
2017-12-06,21.43699,21.43699,20.93051,20.96584,105191
2017-12-07,20.95406,20.97762,20.62426,20.85983,41686
2017-12-08,21.00118,21.34276,21.00118,21.20141,104682
2017-12-11,21.47232,21.84923,21.47232,21.83746,79466
2017-12-12,21.51944,21.53121,21.16608,21.21319,24112
2017-12-13,21.22497,21.27209,21.06007,21.09541,32092
2017-12-14,21.08363,21.08363,20.82450,20.85983,47799
2017-12-15,20.80094,21.08363,20.58893,20.96584,81589
2017-12-18,20.90695,20.96584,20.65960,20.70671,69533
2017-12-19,20.64782,20.78916,20.55359,20.62426,40073
2017-12-20,20.63604,20.89517,20.63604,20.82450,48138
2017-12-21,20.88339,20.95406,20.71849,20.80094,41941
2017-12-22,20.78916,20.83628,20.67138,20.67138,18169
2017-12-26,20.55359,20.55359,20.25913,20.31802,28102
2017-12-27,20.35336,20.49470,20.28269,20.34158,35998
2017-12-28,20.67138,20.90695,20.67138,20.88339,62911
2017-12-29,20.95406,21.01296,20.76561,20.78916,60449
2018-01-02,20.82450,20.96584,20.82450,20.89517,36932
2018-01-03,21.14252,21.14252,20.84806,21.06007,78193
2018-01-04,21.22497,21.50766,21.22497,21.50766,59515
2018-01-05,21.48410,21.59011,21.37809,21.47232,21565
2018-01-08,21.46054,21.51944,21.31920,21.37809,20801
2018-01-09,21.37809,21.37809,20.49470,20.73027,61807
2018-01-10,20.54181,20.65960,20.43581,20.58893,46186
2018-01-11,20.55359,20.83628,20.47114,20.80094,45676
2018-01-12,20.64782,20.90695,20.63604,20.75383,70127
2018-01-16,21.63722,21.70789,21.41343,21.51944,86768
2018-01-17,21.49588,21.66078,21.37809,21.61366,54930
2018-01-18,21.62544,21.62544,21.40165,21.44876,18848
2018-01-19,21.43699,21.61366,21.43699,21.49588,29291
2018-01-22,21.47232,21.54299,21.35453,21.41343,36167
2018-01-23,21.48410,21.56655,21.41343,21.49588,15622
2018-01-24,21.48410,21.67256,21.31920,21.44876,49412
2018-01-25,21.61366,21.68434,21.35453,21.48410,57138
2018-01-26,21.47232,21.67256,21.36631,21.60188,37696
2018-01-29,21.60188,21.60188,21.35453,21.53121,13499
2018-01-30,21.49588,21.49588,21.30742,21.46054,20376
2018-01-31,21.43699,21.43699,21.23675,21.36631,29885
2018-02-01,21.34276,21.43699,21.23675,21.31920,10273
2018-02-02,21.14252,21.20141,20.84806,20.84806,37611
2018-02-05,20.80094,20.95406,20.04711,20.21201,84645
2018-02-06,19.14017,19.69376,19.12839,19.62309,62232
2018-02-07,19.59953,19.95289,19.55242,19.67020,58411
2018-02-08,19.58775,19.75265,19.26973,19.26973,44742
2018-02-09,19.44641,19.46996,18.88104,19.37574,61807
2018-02-12,19.31684,19.34040,18.96349,19.14017,29206
2018-02-13,19.16372,19.26973,18.96349,19.17550,12480
2018-02-14,19.26973,19.61131,19.05771,19.49352,88636
2018-02-15,19.48174,19.77621,19.48174,19.72909,21989
2018-02-16,19.72909,19.92933,19.59953,19.64664,18848
2018-02-20,19.52886,19.83510,19.43463,19.65842,30055
2018-02-21,19.69376,20.02356,19.68198,19.69376,14433
2018-02-22,19.78799,20.05889,19.78799,19.96466,20206
2018-02-23,20.11779,20.49470,20.11779,20.48292,15112
2018-02-26,20.51826,20.68316,20.23557,20.47114,28526
2018-02-27,20.48292,20.48292,20.23557,20.23557,8150
2018-02-28,20.24735,20.37691,20.05889,20.17668,14348
2018-03-01,20.42403,20.73027,20.40047,20.53004,21650
2018-03-02,20.51826,20.73027,20.41225,20.58893,33960
2018-03-05,20.60071,20.60071,20.37691,20.57715,23178
2018-03-06,20.47114,20.57715,20.29446,20.43581,34554
2018-03-07,20.32980,20.57715,20.32980,20.50648,23348
2018-03-08,20.55359,20.73027,20.55359,20.70671,44148
2018-03-09,20.61249,21.24853,20.55359,21.18963,86513
2018-03-12,21.28386,21.43699,21.18963,21.23675,135331
2018-03-13,21.24853,21.24853,20.89517,20.91873,61977
2018-03-14,20.95406,21.11896,20.84806,20.96584,74457
2018-03-15,21.00118,21.34276,20.98940,21.10719,118945
2018-03-16,20.75383,20.75383,20.35336,20.56537,76325
2018-03-19,20.30624,20.30624,19.65842,19.88221,123699
2018-03-20,19.90577,20.00000,19.77621,19.94111,40667
2018-03-21,19.89399,19.89399,19.70554,19.78799,47629
2018-03-22,19.52886,19.56419,19.11661,19.14017,31073
2018-03-23,19.10483,19.16372,18.90459,18.90459,50940
2018-03-26,19.08127,19.15194,18.85748,19.15194,38375
2018-03-27,19.23439,19.23439,18.42167,18.49234,50091
2018-03-28,18.50412,18.86926,18.50412,18.66902,53232
2018-03-29,18.65724,18.66902,18.40989,18.66902,56459
2018-04-02,18.85748,18.99882,18.44523,18.69258,126756
2018-04-03,18.75147,19.11661,18.75147,18.99882,101880
2018-04-04,18.69258,18.89281,18.53946,18.85748,40837
2018-04-05,18.89281,19.08127,18.62191,18.82214,41856
2018-04-06,18.76325,18.88104,18.58657,18.64547,29630
2018-04-09,18.73969,18.81037,18.42167,18.43345,70637
2018-04-10,18.56301,18.99882,18.56301,18.91637,55525
2018-04-11,18.86926,19.04594,18.70436,18.93993,67920
2018-04-12,18.89281,18.89281,18.64547,18.69258,26234
2018-04-13,18.66902,18.66902,18.31566,18.37456,24027
2018-04-16,18.37456,18.37456,18.15077,18.18610,19782
2018-04-17,18.19788,18.20966,18.11543,18.15077,39648
2018-04-18,18.11543,18.11543,17.70318,17.82097,123190
2018-04-19,17.70318,17.85630,17.45583,17.55006,96531
2018-04-20,17.44405,17.57362,17.33805,17.37338,229315
2018-04-23,17.43227,17.52650,17.29093,17.37338,51959
2018-04-24,16.74912,16.74912,16.34864,16.39576,255294
2018-04-25,16.31331,16.31331,16.00707,16.06596,110879
2018-04-26,16.07774,16.14841,16.04240,16.07774,75986
2018-04-27,16.18375,16.23086,15.88928,15.90106,249182
2018-04-30,16.13663,16.34864,16.13663,16.21908,73778
2018-05-01,16.11307,16.34864,16.03062,16.24264,94239
2018-05-02,16.43110,16.61955,16.40754,16.57244,151886
2018-05-03,16.51354,16.63133,16.21908,16.40754,94664
2018-05-04,16.40754,16.76089,16.40754,16.72556,92201
2018-05-07,16.40754,16.40754,16.11307,16.14841,71741
2018-05-08,17.23204,17.37338,17.04358,17.20848,199345
2018-05-09,17.26737,17.46761,17.26737,17.43227,252238
2018-05-10,17.30271,17.30271,16.72556,16.93757,46780
2018-05-11,17.05536,17.17315,16.98469,17.02002,67071
2018-05-14,16.98469,17.00825,16.83157,16.89046,36337
2018-05-15,16.64311,16.67845,16.33687,16.47821,62486
2018-05-16,16.46643,16.58422,16.41932,16.48999,55440
2018-05-17,16.34864,16.34864,16.08952,16.20730,81844
2018-05-18,16.19552,16.26620,16.03062,16.04240,41092
2018-05-21,16.94935,17.16137,16.84335,16.93757,135246
2018-05-22,16.99647,17.11425,16.69022,16.74912,111389
2018-05-23,16.63133,16.63133,16.52532,16.59599,25300
2018-05-24,16.83157,16.94935,16.69022,16.87868,55270
2018-05-25,16.86690,17.04358,16.86690,16.96113,56628
2018-05-29,16.98469,17.04358,16.92579,17.00825,106210
2018-05-30,17.12603,17.24382,17.02002,17.17315,41686
2018-05-31,17.23204,17.29093,16.91402,17.02002,46695
2018-06-01,17.07892,17.23204,17.06714,17.23204,27083
2018-06-04,17.26737,17.36160,17.19670,17.22026,18169
2018-06-05,17.33805,17.51472,17.30271,17.42049,40073
2018-06-06,17.53828,17.86808,17.53828,17.83274,52044
2018-06-07,17.83274,17.95053,17.77385,17.83274,28187
2018-06-08,17.79741,17.89164,17.71496,17.82097,57392
2018-06-11,17.79741,18.00942,17.79741,17.92697,65373
2018-06-12,17.93875,18.15077,17.93875,18.12721,18593
2018-06-13,18.11543,18.11543,17.85630,17.90342,16301
2018-06-14,17.84452,17.84452,17.58540,17.64429,16640
2018-06-15,17.78563,18.20966,17.75029,17.96231,35234
2018-06-18,17.86808,17.86808,17.65607,17.85630,16980
2018-06-19,17.65607,17.65607,17.33805,17.47939,15197
2018-06-20,17.39694,17.39694,16.74912,17.09069,97550
2018-06-21,17.19670,17.62073,17.19670,17.53828,52214
2018-06-22,18.55124,18.93993,18.53946,18.88104,71316
2018-06-25,18.11543,18.20966,17.99764,18.06832,24791
2018-06-26,18.66902,18.66902,18.39812,18.53946,22074
2018-06-27,18.25677,18.25677,17.57362,17.62073,33451
2018-06-28,17.57362,17.67962,17.50294,17.65607,16895
2018-06-29,17.65607,17.89164,17.65607,17.82097,21480
2018-07-02,17.76207,17.76207,17.50294,17.59717,17235
2018-07-03,17.50294,17.57362,17.33805,17.34982,6537
2018-07-05,16.67845,16.81979,16.50177,16.79623,33366
2018-07-06,16.63133,16.70200,16.47821,16.60777,20970
2018-07-09,16.66667,17.00825,16.66667,16.93757,14263
2018-07-10,16.92579,17.19670,16.89046,17.13781,45591
2018-07-11,16.99647,16.99647,16.67845,16.72556,53996
2018-07-12,16.99647,17.38516,16.99647,17.16137,52214
2018-07-13,17.16137,17.24382,17.09069,17.11425,24027
2018-07-16,17.19670,17.19670,16.94935,17.09069,15197
2018-07-17,17.09069,17.34982,17.09069,17.33805,19697
2018-07-18,17.26737,17.39694,17.25559,17.37338,5519
2018-07-19,17.38516,17.56184,17.33805,17.45583,8575
2018-07-20,17.37338,17.45583,17.30271,17.39694,7896
2018-07-23,17.19670,17.19670,16.86690,16.94935,21904
2018-07-24,17.25559,17.25559,17.05536,17.09069,11292
2018-07-25,17.22026,17.22026,16.96113,17.02002,14518
2018-07-26,16.96113,17.22026,16.96113,17.18492,11546
2018-07-27,17.16137,17.26737,17.06714,17.12603,8745
2018-07-30,17.07892,17.10247,16.91402,16.96113,3481
2018-07-31,17.11425,17.22026,17.10247,17.12603,10782
2018-08-01,17.12603,17.52650,17.09069,17.27915,35743
2018-08-02,17.19670,17.26737,17.05536,17.20848,17914
2018-08-03,17.50294,17.55006,17.39694,17.55006,10273
2018-08-06,17.59717,17.76207,17.56184,17.75029,3905
2018-08-07,17.78563,18.20966,17.78563,18.11543,8490
2018-08-08,18.11543,18.11543,17.91519,18.02120,10867
2018-08-09,18.06832,18.06832,17.44405,17.72674,16810
2018-08-10,17.43227,17.43227,17.22026,17.22026,15876
2018-08-13,16.73734,17.00825,16.73734,16.74912,31498
2018-08-14,16.77267,16.92579,16.72556,16.84335,33451
2018-08-15,16.56066,16.59599,16.18375,16.37220,26489
2018-08-16,16.30153,16.46643,16.30153,16.37220,11546
2018-08-17,16.18375,16.21908,15.88928,15.99529,42705
2018-08-20,15.90106,16.06596,15.87750,15.95995,31413
2018-08-21,15.95995,16.19552,15.95995,16.18375,40497
2018-08-22,16.13663,16.31331,16.06596,16.25442,15537
2018-08-23,16.26620,16.26620,16.06596,16.13663,8915
2018-08-24,16.20730,16.27797,16.10130,16.16019,17914
2018-08-27,16.18375,16.41932,16.13663,16.38398,20291
2018-08-28,16.36042,16.38398,16.25442,16.32509,7047
2018-08-29,16.36042,16.39576,16.16019,16.25442,18338
2018-08-30,16.14841,16.20730,15.93640,16.07774,11886
2018-08-31,16.12485,16.18375,16.04240,16.18375,3736
2018-09-04,16.07774,16.12485,15.87750,16.08952,14942
2018-09-05,16.04240,16.05418,15.88928,15.90106,6622
2018-09-06,16.21908,16.40754,15.71260,15.90106,86343
2018-09-07,15.80683,15.86572,15.80683,15.83039,14942
2018-09-10,15.79505,15.81861,15.54770,15.74794,21904
2018-09-11,15.74794,15.74794,15.46525,15.50059,42280
2018-09-12,15.45347,15.45347,14.94700,15.00589,94409
2018-09-13,15.01767,15.34747,15.01767,15.22968,35318
2018-09-14,15.31213,15.64193,15.31213,15.60660,24027
2018-09-17,16.38398,16.84335,16.38398,16.69022,39224
2018-09-18,16.94935,17.39694,16.94935,17.24382,43384
2018-09-19,17.13781,17.37338,17.13781,17.34982,11886
2018-09-20,17.34982,17.45583,17.34982,17.44405,16725
2018-09-21,17.49117,17.99764,17.49117,17.82097,29036
2018-09-24,17.80919,17.83274,17.60895,17.80919,6283
2018-09-25,18.02120,18.23322,18.00942,18.17432,21310
2018-09-26,18.10365,18.10365,17.86808,18.02120,1358
2018-09-27,18.00942,18.08009,17.85630,18.02120,5603
2018-09-28,18.00942,18.11543,17.99764,18.05654,6113
2018-10-01,18.08009,18.20966,18.08009,18.08009,4500
2018-10-02,18.08009,18.09187,17.97409,18.04476,4415
2018-10-03,18.25677,18.49234,18.25677,18.33922,12480
2018-10-04,18.05654,18.25677,17.98587,18.08009,6537
2018-10-05,17.34982,17.49117,16.94935,17.14959,9933
2018-10-08,17.23204,17.55006,17.23204,17.43227,12735
2018-10-09,17.60895,17.77385,17.59717,17.71496,7301
2018-10-10,17.78563,17.78563,17.39694,17.46761,11462
2018-10-11,17.13781,17.22026,16.87868,17.09069,15112
2018-10-12,17.58540,17.85630,17.58540,17.78563,19697
2018-10-15,17.71496,17.98587,17.71496,17.93875,7981
2018-10-16,17.56184,17.89164,17.56184,17.80919,17744
2018-10-17,17.89164,18.05654,17.72674,17.78563,18169
2018-10-18,17.10247,17.22026,16.64311,16.78445,22074
2018-10-19,16.93757,16.93757,16.41932,16.41932,8915
2018-10-22,16.40754,16.76089,16.40754,16.56066,3396
2018-10-23,16.39576,16.83157,16.23086,16.83157,16131
2018-10-24,16.84335,16.84335,16.23086,16.51354,2038
2018-10-25,16.45465,16.97291,16.27797,16.74912,4245
2018-10-26,16.48999,16.48999,16.19552,16.45465,14009
2018-10-29,16.37220,16.37220,15.46525,15.75972,20716
2018-10-30,14.86455,15.02945,14.44052,14.44052,60534
2018-10-31,14.84099,15.59482,14.84099,15.41814,37696
2018-11-01,16.14841,17.18492,16.14841,17.06714,44148
2018-11-02,15.91000,16.38000,15.91000,16.00000,4700
2018-11-05,15.80000,16.32000,12.81000,15.96000,32200
2018-11-06,15.96000,16.49000,15.96000,16.49000,37400
2018-11-07,16.00000,16.60000,16.00000,16.60000,16000
2018-11-08,16.61000,17.11000,15.72000,16.78000,40000
2018-11-09,16.97000,16.97000,16.62000,16.62000,6200
2018-11-12,16.89000,17.18000,16.76000,16.98000,22700
2018-11-13,17.16000,17.50000,17.16000,17.39000,26200
2018-11-14,17.54000,17.54000,17.03000,17.10000,2100
2018-11-15,16.98000,17.50000,16.98000,17.50000,11800
2018-11-16,17.20000,17.20000,16.94000,17.01000,3100
2018-11-19,16.98000,17.20000,16.98000,17.13000,8100
2018-11-20,16.95000,17.17000,16.91000,17.11000,9900
2018-11-21,17.30000,17.46000,17.30000,17.45000,6900
2018-11-23,16.68000,16.68000,16.57000,16.57000,8900
2018-11-26,16.59000,16.69000,16.54000,16.57000,5800
2018-11-27,17.04000,17.28000,17.04000,17.23000,12300
2018-11-28,17.20000,17.45000,17.13000,17.45000,3200
2018-11-29,17.32000,17.40000,17.25000,17.40000,15400
2018-11-30,17.50000,17.65000,17.38000,17.59000,17900
2018-12-03,17.85000,18.41000,17.85000,18.20000,14200
2018-12-04,16.52000,18.16000,16.52000,17.97000,9300
2018-12-06,16.30000,17.89000,16.30000,17.71000,16000
2018-12-07,17.51000,17.63000,17.14000,17.17000,34600
2018-12-10,17.12000,17.34000,16.71000,16.83000,30700
2018-12-11,17.58000,17.84000,17.48000,17.59000,37800
2018-12-12,18.02000,18.30000,17.96000,18.27000,30600
2018-12-13,18.17000,18.17000,17.74000,17.74000,108500
2018-12-14,17.36000,17.50000,17.20000,17.27000,153900
2018-12-17,16.92000,17.06000,16.75000,16.77000,88000
2018-12-18,16.93000,16.95000,16.81000,16.90000,97100
2018-12-19,16.91000,17.12000,16.65000,16.79000,70800
2018-12-20,16.68000,16.71000,16.16000,16.39000,145000
2018-12-21,16.64000,16.70000,16.52000,16.62000,109100
2018-12-24,16.45000,16.81000,16.45000,16.55000,8300
2018-12-26,16.50000,16.50000,16.12000,16.45000,13400
2018-12-27,16.50000,16.50000,16.27000,16.38000,8100
2018-12-28,16.64000,17.21000,16.64000,16.92000,50900
2018-12-31,16.93000,17.02000,16.69000,16.84000,19300
2019-01-02,16.70000,17.08000,16.70000,17.03000,2300
2019-01-03,16.77000,16.77000,16.48000,16.52000,5600
2019-01-04,16.40000,16.48000,16.23000,16.33000,15700
2019-01-07,16.14000,16.15000,15.90000,16.10000,22800
2019-01-08,16.11000,16.21000,16.11000,16.18000,23700
2019-01-09,16.18000,16.40000,16.18000,16.22000,10500
2019-01-10,15.72000,15.87000,15.70000,15.80000,8000
2019-01-11,15.87000,16.04000,15.86000,16.03000,10000
2019-01-14,15.91000,15.98000,15.78000,15.91000,12100
2019-01-15,15.98000,16.11000,15.96000,16.05000,24100
2019-01-16,15.95000,16.35000,15.95000,16.16000,12400
2019-01-17,16.09000,16.20000,16.05000,16.20000,11900
2019-01-18,16.19000,16.43000,16.19000,16.43000,6900
2019-01-22,16.15000,16.18000,15.98000,16.09000,12500
2019-01-23,16.18000,16.30000,16.18000,16.25000,11500
2019-01-24,16.40000,16.63000,16.40000,16.55000,13500
2019-01-25,16.69000,16.74000,16.65000,16.73000,5600
2019-01-28,16.62000,16.62000,16.50000,16.51000,9500
2019-01-29,16.50000,16.50000,16.38000,16.38000,15700
2019-01-30,16.19000,16.41000,16.19000,16.30000,14900
2019-01-31,16.37000,16.63000,16.37000,16.61000,16400
2019-02-01,16.53000,16.72000,16.37000,16.37000,15500
2019-02-04,16.30000,16.68000,16.30000,16.48000,6400
2019-02-05,16.54000,16.67000,16.51000,16.64000,10200
2019-02-06,16.69000,16.74000,16.63000,16.71000,8000
2019-02-07,16.62000,16.62000,16.49000,16.49000,1800
2019-02-08,16.48000,16.52000,16.46000,16.52000,4100
2019-02-11,16.36000,16.48000,16.34000,16.40000,5100
2019-02-12,16.56000,16.65000,16.51000,16.65000,9100
2019-02-13,16.70000,16.73000,16.66000,16.66000,2600
2019-02-14,16.60000,16.74000,16.60000,16.71000,28500
2019-02-15,16.80000,16.98000,16.72000,16.79000,28400
2019-02-19,16.79000,16.88000,16.74000,16.87000,24400
2019-02-20,16.78000,16.78000,16.68000,16.70000,15800
2019-02-21,16.46000,16.46000,16.30000,16.33000,22000
2019-02-22,16.49000,16.60000,16.49000,16.60000,27300
2019-02-25,16.78000,16.90000,16.75000,16.75000,10800
2019-02-26,16.74000,16.76000,16.66000,16.75000,8800
2019-02-27,16.68000,16.70000,16.55000,16.67000,19100
2019-02-28,16.54000,16.60000,16.51000,16.58000,5500
2019-03-01,16.65000,16.68000,16.60000,16.64000,6500
2019-03-04,16.79000,16.97000,16.79000,16.97000,16500
2019-03-05,16.83000,16.93000,16.83000,16.87000,12600
2019-03-06,16.86000,16.87000,16.76000,16.78000,14700
2019-03-07,16.96000,17.25000,16.67000,16.86000,22500
2019-03-08,15.98000,16.34000,15.70000,15.86000,11100
2019-03-11,16.26000,16.26000,15.96000,16.02000,11900
2019-03-12,15.75000,15.96000,15.63000,15.71000,5000
2019-03-13,15.70000,16.36000,15.63000,15.70000,5800
2019-03-14,15.67000,15.67000,15.33000,15.43000,28000
2019-03-15,15.50000,15.86000,15.29000,15.55000,33000
2019-03-18,15.84000,15.85000,15.72000,15.79000,24400
2019-03-19,16.27000,16.27000,16.17000,16.24000,5600
2019-03-20,16.85000,17.10000,16.85000,17.06000,27700
2019-03-21,17.24000,17.57000,17.24000,17.57000,27600
2019-03-22,17.49000,17.49000,16.92000,16.92000,14300
2019-03-25,17.36000,17.37000,17.19000,17.29000,21500
2019-03-26,17.30000,17.30000,17.03000,17.09000,3700
2019-03-27,16.94000,17.05000,16.82000,16.82000,2800
2019-03-28,16.78000,16.84000,16.74000,16.74000,3900
2019-03-29,16.83000,17.02000,16.83000,16.88000,2100
2019-04-01,17.25000,17.32000,17.21000,17.31000,44000
2019-04-02,17.26000,17.26000,17.12000,17.21000,4300
2019-04-03,17.50000,17.62000,17.48000,17.57000,36800
2019-04-04,17.65000,17.65000,17.54000,17.58000,7200
2019-04-05,17.58000,17.69000,16.61000,17.69000,8200
2019-04-08,17.57000,18.08000,17.57000,18.01000,30300
2019-04-09,18.46000,18.65000,18.46000,18.59000,27100
2019-04-10,18.88000,18.99000,18.84000,18.89000,15500
2019-04-11,18.48000,18.48000,18.28000,18.30000,15500
2019-04-12,17.90000,17.90000,17.80000,17.89000,13100
2019-04-15,18.10000,18.10000,17.95000,17.96000,7200
2019-04-16,17.99000,18.05000,17.93000,17.96000,9800
2019-04-17,17.93000,17.93000,17.78000,17.92000,1300
2019-04-18,17.75000,17.75000,17.41000,17.41000,7700
2019-04-22,17.58000,17.66000,17.53000,17.66000,4700
2019-04-23,17.58000,17.85000,17.58000,17.84000,1800
2019-04-24,17.60000,17.60000,17.48000,17.48000,5800
2019-04-25,17.59000,17.69000,17.40000,17.43000,7900
2019-04-26,17.36000,17.49000,17.35000,17.40000,32900
2019-04-29,17.31000,17.35000,17.15000,17.15000,1700
2019-04-30,17.30000,17.31000,17.21000,17.31000,1000
2019-05-01,17.30000,17.33000,17.15000,17.15000,7100
2019-05-02,17.26000,17.49000,17.26000,17.36000,26400
2019-05-03,17.51000,17.63000,17.51000,17.63000,3100
2019-05-06,16.82000,17.06000,16.82000,16.93000,17000
2019-05-07,17.27000,17.46000,16.95000,16.95000,14800
2019-05-08,16.92000,17.03000,16.92000,17.03000,4100
2019-05-09,16.69000,16.77000,16.33000,16.62000,33700
2019-05-10,16.67000,16.78000,16.48000,16.74000,9100
2019-05-13,16.23000,16.23000,15.86000,15.86000,13500
2019-05-14,16.01000,16.66000,16.01000,16.56000,48600
2019-05-15,16.62000,16.90000,16.62000,16.88000,7000
2019-05-16,16.68000,16.92000,16.65000,16.76000,28500
2019-05-17,15.86000,16.04000,15.72000,15.72000,43100
2019-05-20,15.43000,15.44000,15.22000,15.35000,16500
2019-05-21,15.41000,15.50000,15.34000,15.34000,7100
2019-05-22,15.34000,15.83000,15.34000,15.48000,14500
2019-05-23,15.25000,15.25000,14.66000,14.89000,7100
2019-05-24,14.91000,15.07000,14.53000,14.83000,7900
2019-05-28,14.65000,14.65000,14.03000,14.09000,34200
2019-05-29,14.00000,14.16000,13.92000,14.11000,11100
2019-05-30,14.11000,14.39000,14.11000,14.35000,17100
2019-05-31,14.43000,14.71000,14.43000,14.62000,11000
2019-06-03,14.84000,14.86000,14.74000,14.75000,13300
2019-06-04,14.81000,15.24000,14.78000,15.23000,9900
2019-06-05,15.35000,15.57000,15.19000,15.26000,15900
2019-06-06,14.75000,14.98000,14.75000,14.83000,14400
2019-06-07,14.95000,15.03000,14.89000,14.89000,16100
2019-06-10,15.01000,15.33000,15.01000,15.03000,1700
2019-06-11,15.20000,15.20000,15.07000,15.12000,23200
2019-06-12,15.10000,15.18000,14.99000,14.99000,16200
2019-06-13,15.11000,15.11000,14.91000,14.91000,5800
2019-06-14,14.97000,14.98000,14.37000,14.94000,3600
2019-06-17,14.80000,15.06000,14.74000,14.78000,7200
2019-06-18,14.83000,15.26000,14.83000,15.24000,7400
2019-06-19,15.39000,15.39000,15.00000,15.25000,25100
2019-06-20,15.58000,15.60000,15.28000,15.37000,29100
2019-06-21,15.39000,15.56000,15.28000,15.47000,36400
2019-06-24,15.54000,15.65000,15.45000,15.45000,6900
2019-06-25,15.36000,15.78000,15.14000,15.14000,5600
2019-06-26,15.49000,15.71000,15.24000,15.30000,30100
2019-06-27,15.47000,15.70000,15.47000,15.63000,8400
2019-06-28,15.54000,15.58000,15.35000,15.38000,14400
2019-07-01,15.79000,15.98000,15.59000,15.71000,9800
2019-07-02,15.78000,15.82000,15.73000,15.80000,3000
2019-07-03,15.69000,15.71000,15.67000,15.67000,5000
2019-07-05,15.44000,15.60000,15.44000,15.48000,18800
2019-07-08,15.50000,16.05000,15.50000,15.82000,16700
2019-07-09,15.82000,15.89000,15.80000,15.85000,18000
2019-07-10,16.01000,16.15000,15.87000,15.92000,14600
2019-07-11,16.26000,16.38000,16.19000,16.29000,7600
2019-07-12,16.30000,16.30000,16.00000,16.25000,30400
2019-07-15,16.25000,16.36000,16.09000,16.24000,11100
2019-07-16,16.27000,16.44000,16.26000,16.41000,28300
2019-07-17,16.40000,16.64000,16.40000,16.61000,22700
2019-07-18,16.62000,16.75000,16.44000,16.73000,41100
2019-07-19,17.00000,17.00000,16.69000,16.72000,12100
2019-07-22,17.05000,17.11000,16.99000,17.10000,12700
2019-07-23,17.18000,17.36000,17.18000,17.36000,6400
2019-07-24,17.61000,17.94000,16.73000,17.93000,42500
2019-07-25,17.99000,18.03000,17.92000,18.00000,10000
2019-07-26,18.06000,18.10000,18.04000,18.10000,12400
2019-07-29,18.22000,18.42000,18.22000,18.40000,12000
2019-07-30,18.26000,18.26000,17.91000,18.19000,14200
2019-07-31,18.33000,18.37000,18.06000,18.20000,30000
2019-08-01,18.25000,18.40000,18.14000,18.19000,29100
2019-08-02,17.72000,17.85000,17.30000,17.80000,46000
2019-08-05,17.64000,18.09000,17.64000,17.86000,35400
2019-08-06,18.48000,18.48000,17.87000,18.25000,63200
2019-08-07,17.54000,17.87000,17.43000,17.68000,28900
2019-08-08,18.03000,18.50000,17.76000,18.45000,80200
2019-08-09,18.43000,18.45000,17.29000,18.43000,29400
2019-08-12,19.48000,19.77000,19.48000,19.59000,31300
2019-08-13,18.64000,19.03000,18.64000,18.87000,58600
2019-08-14,18.34000,18.41000,17.90000,18.06000,57700
2019-08-15,18.35000,18.79000,18.35000,18.64000,40900
2019-08-16,18.88000,19.00000,18.83000,18.92000,25400
2019-08-19,19.01000,19.19000,18.95000,19.13000,32300
2019-08-20,19.28000,19.42000,19.23000,19.33000,31400
2019-08-21,19.44000,19.54000,19.32000,19.45000,20800
2019-08-22,19.48000,19.48000,19.29000,19.32000,10700
2019-08-23,19.20000,19.20000,18.70000,18.83000,11200
2019-08-26,19.23000,19.30000,19.01000,19.28000,20500
2019-08-27,19.47000,19.50000,19.33000,19.49000,30500
2019-08-28,19.10000,19.29000,19.05000,19.20000,13300
2019-08-29,19.42000,19.72000,19.42000,19.56000,16400
2019-08-30,19.56000,19.67000,19.45000,19.48000,10800
2019-09-03,19.50000,19.93000,19.50000,19.90000,82100
2019-09-04,19.99000,20.60000,19.99000,20.60000,59000
2019-09-05,20.55000,20.80000,20.55000,20.64000,17800
2019-09-06,21.00000,21.18000,20.66000,21.08000,48800
2019-09-09,20.96000,20.99000,20.38000,20.48000,100100
2019-09-10,20.55000,20.66000,20.44000,20.66000,27400
2019-09-11,21.22000,21.59000,21.05000,21.58000,49800
2019-09-12,21.79000,21.92000,21.60000,21.83000,21700
2019-09-13,21.86000,21.86000,21.74000,21.81000,11500
2019-09-16,21.75000,21.75000,21.26000,21.26000,23500
2019-09-17,21.33000,21.34000,21.10000,21.34000,27400
2019-09-18,21.33000,21.34000,21.12000,21.29000,13200
2019-09-19,21.19000,21.32000,21.12000,21.15000,9900
2019-09-20,21.31000,21.34000,21.15000,21.24000,14800
2019-09-23,21.21000,21.39000,21.21000,21.28000,14400
2019-09-24,21.20000,21.20000,20.93000,21.08000,17000
2019-09-25,21.05000,21.43000,21.05000,21.42000,13700
2019-09-26,21.59000,21.59000,21.35000,21.35000,4900
2019-09-27,20.45000,20.45000,20.03000,20.11000,24700
2019-09-30,20.22000,20.30000,20.18000,20.29000,10500
2019-10-01,21.05000,21.05000,20.78000,20.87000,12800
2019-10-02,20.89000,20.92000,20.71000,20.85000,13200
2019-10-03,20.70000,20.92000,20.63000,20.91000,10100
2019-10-04,20.81000,20.88000,20.75000,20.84000,7700
2019-10-07,20.85000,20.88000,20.75000,20.80000,7600
2019-10-08,20.77000,20.94000,20.68000,20.72000,12600
2019-10-09,20.82000,20.89000,19.76000,20.57000,50700
2019-10-10,20.55000,20.90000,20.50000,20.50000,7200
2019-10-11,20.63000,20.92000,20.51000,20.87000,23400
2019-10-14,20.86000,20.86000,20.68000,20.78000,7300
2019-10-15,20.39000,20.39000,19.84000,20.03000,15500
2019-10-16,20.00000,20.06000,19.94000,20.05000,6400
2019-10-17,20.48000,20.48000,20.36000,20.44000,10600
2019-10-18,20.59000,20.66000,20.36000,20.42000,20900
2019-10-21,20.40000,20.40000,20.21000,20.31000,5700
2019-10-22,19.91000,20.19000,19.91000,20.01000,8500
2019-10-23,20.52000,20.57000,20.39000,20.50000,6300
2019-10-24,20.62000,20.84000,20.58000,20.76000,10100
2019-10-25,20.45000,20.53000,20.39000,20.40000,3600
2019-10-28,20.16000,20.23000,20.11000,20.17000,9400
2019-10-29,20.06000,20.06000,19.84000,19.85000,28100
2019-10-30,19.97000,20.14000,19.97000,20.07000,5000
2019-10-31,19.87000,19.87000,19.54000,19.64000,16900
2019-11-01,20.05000,20.09000,19.95000,20.01000,6200
2019-11-04,20.22000,20.41000,20.18000,20.38000,3900
2019-11-05,20.15000,20.33000,19.97000,20.03000,19700
2019-11-06,20.31000,20.38000,20.15000,20.26000,22700
2019-11-07,21.74000,22.20000,21.72000,22.00000,66000
2019-11-08,23.42000,23.45000,23.21000,23.22000,58800
2019-11-11,23.26000,23.53000,23.26000,23.40000,45700
2019-11-12,24.68000,24.83000,24.50000,24.73000,73700
2019-11-13,24.52000,24.77000,24.49000,24.71000,39100
2019-11-14,24.01000,24.03000,23.76000,23.92000,8600
2019-11-15,23.81000,23.90000,23.52000,23.56000,10800
2019-11-18,23.90000,24.04000,23.84000,23.89000,13400
2019-11-19,24.05000,24.34000,23.93000,23.96000,13200
2019-11-20,23.95000,24.17000,23.94000,24.04000,16700
2019-11-21,23.66000,23.66000,23.07000,23.08000,42800
2019-11-22,22.85000,22.97000,22.73000,22.76000,12600
2019-11-25,23.00000,23.40000,23.00000,23.39000,10300
2019-11-26,23.30000,23.34000,23.15000,23.32000,8300
2019-11-27,23.13000,23.23000,23.00000,23.00000,7900
2019-11-29,22.46000,22.46000,22.23000,22.29000,7700
2019-12-02,22.17000,22.25000,21.98000,22.07000,13600
2019-12-03,22.13000,22.22000,22.07000,22.15000,4400
2019-12-04,22.74000,22.99000,22.74000,22.94000,10000
2019-12-05,22.98000,23.08000,22.90000,22.94000,15800
2019-12-06,23.01000,23.01000,22.82000,22.93000,6000
2019-12-09,23.07000,23.07000,22.75000,22.75000,4700
2019-12-10,23.23000,23.25000,22.78000,22.83000,4600
2019-12-11,23.10000,23.22000,23.07000,23.22000,16600
2019-12-12,23.41000,23.90000,23.41000,23.90000,29000
2019-12-13,23.75000,23.75000,22.99000,23.20000,8800
2019-12-16,23.40000,23.60000,23.39000,23.39000,13100
2019-12-17,23.87000,23.89000,23.80000,23.87000,14100
2019-12-18,23.67000,23.80000,23.55000,23.55000,5700
2019-12-19,23.43000,23.59000,23.35000,23.38000,9400
2019-12-20,23.37000,23.50000,23.37000,23.41000,15200
2019-12-23,23.37000,23.37000,23.24000,23.24000,5700
2019-12-24,22.97000,22.97000,22.53000,22.92000,8700
2019-12-26,22.88000,22.89000,22.79000,22.81000,3900
2019-12-27,23.00000,23.30000,23.00000,23.24000,8300
2019-12-30,23.31000,23.31000,23.01000,23.07000,11900
2019-12-31,22.89000,22.89000,22.50000,22.61000,49600
2020-01-02,22.98000,23.22000,22.94000,23.22000,5600
2020-01-03,22.67000,22.74000,22.54000,22.54000,4200
2020-01-06,22.13000,22.15000,22.00000,22.05000,10200
2020-01-07,21.61000,21.91000,21.50000,21.88000,17300
2020-01-08,21.90000,23.30000,21.90000,22.90000,25700
2020-01-09,22.87000,22.95000,22.76000,22.88000,17100
2020-01-10,22.72000,22.72000,22.51000,22.51000,2900
2020-01-13,22.76000,22.85000,22.66000,22.78000,5600
2020-01-14,22.72000,22.80000,22.69000,22.76000,13400
2020-01-15,22.70000,22.70000,22.54000,22.63000,3100
2020-01-16,22.65000,22.66000,22.45000,22.45000,4600
2020-01-17,22.45000,22.63000,22.45000,22.62000,4600
2020-01-21,22.29000,22.29000,21.90000,22.00000,9200
2020-01-22,22.13000,22.22000,22.02000,22.11000,4200
2020-01-23,21.99000,22.00000,21.85000,21.88000,6000
2020-01-24,21.93000,21.94000,21.73000,21.73000,2700
2020-01-27,21.38000,21.38000,21.12000,21.18000,8400
2020-01-28,21.39000,21.47000,21.32000,21.47000,2700
2020-01-29,21.60000,21.67000,21.41000,21.67000,8200
2020-01-30,20.17000,20.17000,19.56000,19.90000,18500
2020-01-31,19.95000,19.95000,19.35000,19.45000,11100
2020-02-03,19.05000,19.13000,18.77000,18.96000,19000
2020-02-04,19.29000,19.73000,19.29000,19.73000,10100
2020-02-05,19.85000,19.93000,19.75000,19.75000,6000
2020-02-06,20.11000,20.22000,20.04000,20.14000,8900
2020-02-07,19.71000,19.75000,19.62000,19.68000,4300
2020-02-10,19.79000,20.14000,19.79000,19.92000,4700
2020-02-11,20.30000,20.48000,20.30000,20.43000,19200
2020-02-12,20.59000,20.75000,20.57000,20.74000,26100
2020-02-13,20.40000,20.54000,20.38000,20.54000,1200
2020-02-14,20.63000,20.66000,20.51000,20.57000,4600
2020-02-18,20.65000,20.69000,20.54000,20.66000,6500
2020-02-19,20.75000,20.75000,20.57000,20.68000,5000
2020-02-20,20.61000,20.61000,20.31000,20.40000,4300
2020-02-21,20.48000,20.48000,20.11000,20.34000,23600
2020-02-24,20.05000,20.19000,20.00000,20.13000,35100
2020-02-25,20.15000,20.17000,19.75000,19.75000,19000
2020-02-26,20.07000,20.17000,19.88000,20.00000,15900
2020-02-27,19.48000,19.48000,19.16000,19.16000,11100
2020-02-28,18.61000,19.25000,18.61000,19.25000,12100
2020-03-02,19.51000,19.64000,19.31000,19.56000,6100
2020-03-03,20.17000,20.17000,19.80000,19.96000,14900
2020-03-04,19.83000,19.85000,19.64000,19.85000,9000
2020-03-05,19.85000,19.93000,19.64000,19.71000,18600
2020-03-06,20.09000,20.09000,19.79000,20.00000,38300
2020-03-09,19.50000,20.15000,19.50000,19.79000,16700
2020-03-10,21.09000,21.64000,20.85000,21.61000,48900
2020-03-11,20.04000,20.04000,19.43000,19.51000,21700
2020-03-12,18.21000,18.21000,17.50000,17.50000,20400
2020-03-13,18.42000,18.42000,17.33000,17.81000,14300
2020-03-16,16.40000,16.66000,16.02000,16.10000,20000
2020-03-17,16.18000,16.80000,16.16000,16.67000,25600
2020-03-18,15.97000,16.15000,15.00000,15.75000,40600
2020-03-19,15.50000,16.09000,15.18000,15.42000,23900
2020-03-20,16.39000,16.80000,15.81000,15.90000,52200
2020-03-23,15.95000,16.13000,15.72000,16.07000,30000
2020-03-24,17.15000,17.63000,16.70000,17.47000,25200
2020-03-25,17.20000,17.93000,17.06000,17.71000,29300
2020-03-26,17.50000,17.82000,17.23000,17.82000,10000
2020-03-27,16.90000,17.09000,16.49000,16.55000,16900
2020-03-30,17.00000,17.45000,17.00000,17.41000,15800
2020-03-31,17.41000,17.67000,17.37000,17.49000,15500
2020-04-01,17.30000,17.36000,17.16000,17.17000,10600
2020-04-02,17.30000,17.55000,17.30000,17.50000,11400
2020-04-03,17.52000,17.56000,17.07000,17.26000,17700
2020-04-06,17.60000,17.68000,17.37000,17.44000,20900
2020-04-07,18.45000,18.45000,17.93000,17.94000,19500
2020-04-08,18.28000,18.67000,18.28000,18.47000,21700
2020-04-09,18.46000,19.22000,18.11000,18.18000,22800
2020-04-13,18.21000,18.38000,18.03000,18.04000,41500
2020-04-14,18.58000,18.64000,18.32000,18.36000,67300
2020-04-15,18.90000,19.02000,18.80000,18.91000,43200
2020-04-16,19.17000,19.30000,18.91000,19.19000,15800
2020-04-17,18.91000,19.07000,18.82000,19.00000,10200
2020-04-20,19.18000,19.37000,19.10000,19.24000,7000
2020-04-21,18.54000,18.70000,18.43000,18.44000,15500
2020-04-22,18.94000,19.04000,18.90000,19.01000,6900
2020-04-23,18.76000,18.92000,18.75000,18.76000,7300
2020-04-24,19.20000,19.20000,18.92000,19.04000,10300
2020-04-27,19.60000,20.09000,19.50000,20.09000,29100
2020-04-28,19.95000,20.03000,19.49000,19.49000,6300
2020-04-29,19.96000,20.01000,19.88000,20.01000,4700
2020-04-30,20.11000,20.20000,19.94000,19.97000,7700
2020-05-01,19.80000,19.80000,19.51000,19.60000,9200
2020-05-04,20.60000,20.74000,20.25000,20.63000,17400
2020-05-05,20.53000,21.04000,20.53000,20.85000,24600
2020-05-06,21.70000,21.80000,21.13000,21.20000,25600
2020-05-07,20.80000,20.97000,19.03000,20.89000,19200
2020-05-08,21.09000,21.52000,20.81000,21.52000,18400
2020-05-11,21.27000,21.60000,21.27000,21.56000,11900
2020-05-12,21.47000,21.47000,21.26000,21.32000,9200
2020-05-13,21.41000,21.50000,21.08000,21.16000,16800
2020-05-14,20.52000,20.77000,20.30000,20.61000,8200
2020-05-15,20.24000,20.50000,20.17000,20.18000,7200
2020-05-18,20.24000,20.57000,20.21000,20.25000,11400
2020-05-19,20.17000,20.25000,19.95000,19.95000,6100
2020-05-20,20.54000,20.60000,20.27000,20.38000,3700
2020-05-21,20.65000,21.00000,20.60000,20.80000,7400
2020-05-22,20.54000,20.54000,20.23000,20.35000,7200
2020-05-26,20.53000,21.04000,20.25000,20.25000,10100
2020-05-27,20.61000,20.77000,20.33000,20.77000,6700
2020-05-28,20.30000,20.70000,20.26000,20.27000,11800
2020-05-29,20.40000,20.40000,20.14000,20.36000,3100
2020-06-01,21.00000,21.19000,20.74000,20.89000,12500
2020-06-02,21.29000,22.48000,21.29000,22.45000,35200
2020-06-03,21.93000,22.21000,21.19000,22.21000,8200
2020-06-04,21.67000,21.83000,21.25000,21.26000,20200
2020-06-05,22.67000,22.67000,21.85000,22.24000,3900
2020-06-08,22.28000,22.43000,21.76000,21.93000,2700
2020-06-09,21.77000,21.84000,21.50000,21.61000,12000
2020-06-10,22.29000,22.29000,21.68000,21.90000,17300
2020-06-11,22.04000,22.04000,21.50000,21.54000,10600
2020-06-12,22.09000,22.09000,21.60000,21.81000,8600
2020-06-15,21.56000,22.40000,21.56000,22.24000,6900
2020-06-16,22.63000,22.70000,22.15000,22.16000,9600
2020-06-17,22.21000,22.40000,22.12000,22.18000,15800
2020-06-18,22.25000,22.78000,22.22000,22.75000,32200
2020-06-19,22.79000,23.20000,22.79000,22.90000,19300
2020-06-22,22.69000,22.85000,22.59000,22.66000,16400
2020-06-23,22.61000,22.72000,22.51000,22.61000,17600
2020-06-24,22.28000,22.36000,22.07000,22.20000,7700
2020-06-25,22.18000,22.30000,22.06000,22.19000,12800
2020-06-26,22.24000,22.24000,21.92000,22.18000,9800
2020-06-29,22.48000,22.48000,22.25000,22.44000,9600
2020-06-30,22.48000,22.75000,22.42000,22.67000,22400
2020-07-01,21.48000,21.52000,20.98000,21.32000,16700
2020-07-02,21.54000,22.08000,21.49000,21.77000,19200
2020-07-06,22.35000,22.75000,22.35000,22.68000,18200
2020-07-07,22.75000,22.75000,22.40000,22.40000,8900
2020-07-08,22.43000,22.50000,22.07000,22.22000,11200
2020-07-09,22.11000,22.18000,21.84000,22.09000,5900
2020-07-10,21.93000,22.22000,21.85000,22.06000,12900
2020-07-13,22.04000,22.25000,21.60000,21.65000,16000
2020-07-14,21.55000,21.75000,21.42000,21.65000,10800
2020-07-15,21.69000,21.77000,21.45000,21.58000,6200
2020-07-16,21.49000,21.62000,21.22000,21.50000,18500
2020-07-17,21.42000,21.42000,21.00000,21.00000,6800
2020-07-20,21.12000,21.38000,21.06000,21.38000,12000
2020-07-21,21.60000,21.65000,21.42000,21.59000,10400
2020-07-22,21.84000,21.95000,21.76000,21.94000,11700
2020-07-23,21.90000,21.90000,21.32000,21.32000,11700
2020-07-24,21.40000,21.40000,21.09000,21.15000,9900
2020-07-27,21.40000,21.52000,21.26000,21.52000,14600
2020-07-28,21.35000,21.35000,20.55000,20.56000,23200
2020-07-29,21.31000,21.41000,21.06000,21.36000,30000
2020-07-30,21.41000,21.90000,21.41000,21.88000,18700
2020-07-31,21.90000,21.90000,21.52000,21.79000,7900
2020-08-03,21.88000,22.00000,21.88000,21.92000,14100
2020-08-04,22.00000,22.00000,21.84000,21.87000,10800
2020-08-05,22.10000,22.21000,22.10000,22.17000,18600
2020-08-06,22.04000,22.08000,21.68000,21.85000,19700
2020-08-07,21.65000,21.75000,21.54000,21.73000,25200
2020-08-10,22.17000,22.43000,21.98000,22.23000,23400
2020-08-11,22.00000,22.00000,21.01000,21.15000,30400
2020-08-12,21.84000,22.11000,21.80000,21.96000,15700
2020-08-13,21.90000,21.90000,21.33000,21.69000,18900
2020-08-14,21.68000,21.68000,21.48000,21.68000,7000
2020-08-17,21.75000,22.00000,21.70000,21.93000,16100
2020-08-18,21.55000,21.66000,21.35000,21.35000,20400
2020-08-19,21.01000,21.03000,20.52000,20.52000,21800
2020-08-20,19.98000,19.98000,19.75000,19.75000,18900
2020-08-21,19.80000,19.82000,19.70000,19.75000,10800
2020-08-24,19.91000,19.96000,19.75000,19.75000,8300
2020-08-25,20.15000,20.19000,19.94000,19.95000,6900
2020-08-26,20.10000,20.20000,19.95000,20.06000,5900
2020-08-27,19.93000,19.95000,19.85000,19.89000,7300
2020-08-28,19.76000,19.83000,19.67000,19.71000,9000
2020-08-31,19.47000,19.59000,19.30000,19.34000,7700
2020-09-01,19.45000,19.76000,19.45000,19.58000,6400
2020-09-02,19.71000,19.91000,19.70000,19.91000,7500
2020-09-03,19.69000,19.69000,19.50000,19.60000,9800
2020-09-04,19.67000,19.72000,19.41000,19.63000,6500
2020-09-08,19.60000,19.67000,19.33000,19.52000,6100
2020-09-09,19.73000,19.73000,19.15000,19.15000,15100
2020-09-10,19.37000,19.37000,19.05000,19.12000,6300
2020-09-11,19.11000,19.36000,19.11000,19.22000,15000
2020-09-14,19.56000,20.00000,19.53000,19.53000,15700
2020-09-15,19.89000,20.10000,19.85000,20.08000,15600
2020-09-16,19.83000,20.04000,19.83000,19.83000,5800
2020-09-17,20.09000,20.36000,19.97000,20.28000,10800
2020-09-18,20.43000,20.43000,20.15000,20.17000,8600
2020-09-21,19.98000,20.14000,19.83000,20.04000,5200
2020-09-22,19.98000,19.99000,19.59000,19.83000,5000
2020-09-23,19.51000,19.51000,19.12000,19.12000,13100
2020-09-24,18.95000,19.15000,18.71000,18.85000,8400
2020-09-25,18.35000,18.59000,18.20000,18.53000,13600
2020-09-28,19.07000,19.28000,19.07000,19.10000,6500
2020-09-29,18.47000,19.24000,18.47000,19.03000,10600
2020-09-30,19.39000,19.39000,19.22000,19.26000,11300
2020-10-01,19.54000,19.72000,19.37000,19.55000,15300
2020-10-02,19.37000,19.67000,19.28000,19.30000,2800
2020-10-05,19.37000,19.68000,19.37000,19.51000,3600
2020-10-06,19.64000,19.90000,19.62000,19.74000,8500
2020-10-07,19.82000,20.00000,19.82000,19.93000,13300
2020-10-08,20.14000,20.30000,19.83000,19.85000,10800
2020-10-09,20.34000,20.44000,19.51000,19.51000,7000
2020-10-12,20.20000,20.26000,19.85000,19.86000,15500
2020-10-13,19.78000,19.89000,19.71000,19.88000,6400
2020-10-14,20.11000,20.11000,19.95000,19.95000,6200
2020-10-15,19.90000,20.08000,19.82000,20.02000,6700
2020-10-16,19.86000,20.00000,19.82000,19.94000,5300
2020-10-19,19.76000,19.88000,19.36000,19.60000,5600
2020-10-20,20.10000,20.18000,20.10000,20.12000,3200
2020-10-21,20.00000,20.02000,19.92000,20.02000,1200
2020-10-22,19.97000,20.38000,19.97000,20.32000,6000
2020-10-23,20.14000,20.34000,20.00000,20.34000,5400
2020-10-26,20.08000,20.08000,19.81000,20.08000,8600
2020-10-27,19.76000,19.85000,19.70000,19.76000,13200
2020-10-28,19.54000,19.81000,19.54000,19.81000,2500
2020-10-29,19.47000,19.77000,19.47000,19.77000,7800
2020-10-30,19.59000,19.64000,19.43000,19.56000,5900
2020-11-02,19.53000,19.59000,19.34000,19.36000,6400
2020-11-03,19.77000,20.04000,19.58000,20.01000,7200
2020-11-04,19.93000,20.15000,19.59000,19.63000,6700
2020-11-05,19.91000,19.94000,19.60000,19.81000,18400
2020-11-06,19.70000,19.87000,19.56000,19.56000,20100
2020-11-09,20.22000,20.22000,19.46000,19.60000,33200
2020-11-10,20.49000,20.49000,19.00000,19.15000,24800
2020-11-11,19.83000,20.00000,19.50000,19.80000,157300
2020-11-12,19.80000,19.94000,19.60000,19.79000,68700
2020-11-13,19.99000,20.50000,19.89000,20.50000,24100
2020-11-16,20.57000,21.12000,20.57000,21.10000,20200
2020-11-17,20.97000,21.05000,20.84000,21.03000,7900
2020-11-18,21.22000,21.35000,21.12000,21.34000,5100
2020-11-19,21.16000,21.16000,20.90000,21.12000,5200
2020-11-20,21.10000,21.19000,21.00000,21.01000,4400
2020-11-23,21.99000,22.20000,21.50000,22.15000,22300
2020-11-24,21.95000,22.17000,21.65000,22.05000,16900
2020-11-25,21.61000,21.65000,21.18000,21.62000,19900
2020-11-27,21.54000,21.79000,21.07000,21.78000,8400
2020-11-30,21.96000,22.16000,21.88000,22.03000,21300
2020-12-01,21.79000,22.42000,21.79000,22.32000,26200
2020-12-02,22.01000,22.33000,22.01000,22.33000,3700
2020-12-03,22.89000,23.24000,22.89000,23.24000,16500
2020-12-04,24.31000,25.00000,24.31000,24.95000,32600
2020-12-07,25.01000,25.49000,25.01000,25.45000,53100
2020-12-08,25.26000,25.43000,25.26000,25.34000,26600
2020-12-09,25.59000,25.98000,25.51000,25.63000,28100
2020-12-10,25.51000,25.86000,25.47000,25.62000,15900
2020-12-11,25.79000,26.07000,25.61000,25.85000,19600
2020-12-14,25.73000,25.89000,25.72000,25.89000,16900
2020-12-15,24.70000,24.74000,24.35000,24.51000,14900
2020-12-16,24.39000,24.45000,24.28000,24.40000,13200
2020-12-17,24.57000,24.67000,24.50000,24.60000,22000
2020-12-18,24.48000,24.48000,24.33000,24.35000,13100
2020-12-21,24.08000,24.08000,23.88000,24.01000,14500
2020-12-22,23.62000,23.69000,23.54000,23.58000,11100
2020-12-23,23.67000,23.68000,23.60000,23.60000,3400
2020-12-24,23.96000,24.00000,23.90000,24.00000,7700
2020-12-28,24.22000,24.26000,24.17000,24.20000,20400
2020-12-29,24.48000,24.67000,24.44000,24.65000,20400
2020-12-30,24.59000,24.69000,24.54000,24.61000,13100
2020-12-31,24.35000,24.36000,24.20000,24.35000,5100
2021-01-04,24.53000,24.72000,24.37000,24.42000,9400
2021-01-05,24.61000,24.93000,24.61000,24.93000,8900
2021-01-06,24.48000,24.55000,24.11000,24.46000,4800
2021-01-07,24.88000,25.40000,24.88000,25.40000,18400
2021-01-08,25.75000,26.00000,25.63000,25.63000,22600
2021-01-11,25.70000,25.81000,25.56000,25.71000,8100
2021-01-12,25.84000,25.85000,25.60000,25.60000,5800
2021-01-13,25.78000,25.99000,25.78000,25.92000,8800
2021-01-14,26.00000,26.47000,25.99000,26.27000,37400
2021-01-15,25.89000,25.89000,25.26000,25.28000,9600
2021-01-19,26.57000,26.61000,26.28000,26.61000,7700
2021-01-20,25.68000,25.99000,25.51000,25.51000,15400
2021-01-21,26.45000,26.60000,26.30000,26.52000,14300
2021-01-22,26.50000,26.51000,26.36000,26.51000,4100
2021-01-25,26.38000,26.38000,25.74000,25.74000,14100
2021-01-26,25.49000,25.49000,25.00000,25.04000,11300
2021-01-27,25.02000,25.18000,24.83000,24.94000,8100
2021-01-28,24.75000,24.81000,24.61000,24.81000,5900
2021-01-29,24.24000,24.36000,24.14000,24.21000,16600
2021-02-01,24.50000,24.50000,24.15000,24.49000,7800
2021-02-02,24.90000,25.10000,24.90000,24.92000,9000
2021-02-03,24.86000,24.99000,24.52000,24.52000,2900
2021-02-04,24.41000,25.00000,24.40000,25.00000,6800
2021-02-05,24.97000,24.97000,24.65000,24.82000,3800
2021-02-08,24.75000,25.30000,24.61000,25.21000,9900
2021-02-09,26.17000,26.50000,25.67000,26.07000,23100
2021-02-10,26.23000,26.44000,25.69000,26.05000,9200
2021-02-11,25.43000,26.40000,25.35000,25.94000,6300
2021-02-12,25.80000,26.50000,25.41000,26.29000,11000
2021-02-16,26.82000,26.93000,26.21000,26.79000,14200
2021-02-17,26.50000,26.50000,25.47000,25.72000,26000
2021-02-18,26.36000,26.36000,25.89000,26.11000,12300
2021-02-19,26.80000,26.80000,26.56000,26.80000,32300
2021-02-22,26.63000,26.81000,26.48000,26.68000,7200
2021-02-23,26.07000,26.33000,25.93000,26.08000,11200
2021-02-24,26.39000,26.95000,26.26000,26.88000,12200
2021-02-25,27.73000,27.81000,27.02000,27.04000,16300
2021-02-26,26.90000,27.18000,26.45000,26.66000,16000
2021-03-01,27.13000,27.30000,27.10000,27.23000,5500
2021-03-02,26.84000,27.00000,26.80000,26.98000,2900
2021-03-03,26.97000,26.97000,26.75000,26.90000,6500
2021-03-04,26.63000,26.63000,26.06000,26.39000,14900
2021-03-05,26.20000,26.76000,26.13000,26.76000,19100
2021-03-08,26.03000,26.21000,25.75000,25.90000,28900
2021-03-09,26.05000,26.50000,25.91000,26.05000,12600
2021-03-10,26.50000,26.69000,25.70000,25.96000,12800
2021-03-11,26.29000,26.30000,26.00000,26.25000,7800
2021-03-12,26.32000,26.48000,26.21000,26.31000,5000
2021-03-15,26.89000,27.30000,26.50000,27.30000,22000
2021-03-16,27.68000,27.71000,27.32000,27.71000,29800
2021-03-17,28.20000,29.17000,28.20000,29.17000,40900
2021-03-18,30.61000,30.99000,30.30000,30.71000,32000
2021-03-19,30.84000,30.92000,30.25000,30.80000,52800
2021-03-22,30.62000,30.62000,29.95000,30.41000,14500
2021-03-23,30.70000,30.80000,30.55000,30.70000,14000
2021-03-24,30.13000,30.48000,30.02000,30.06000,18300
2021-03-25,30.10000,30.18000,29.88000,30.15000,15800
2021-03-26,30.84000,31.18000,30.84000,31.18000,28400
2021-03-29,31.20000,31.20000,30.59000,30.92000,8600
2021-03-30,31.33000,31.42000,31.07000,31.20000,6700
2021-03-31,31.02000,31.67000,31.02000,31.60000,8200
2021-04-01,31.30000,31.69000,31.21000,31.65000,18400
2021-04-05,31.64000,32.17000,31.64000,32.02000,24000
2021-04-06,32.22000,32.22000,31.83000,32.05000,11500
2021-04-07,32.24000,32.24000,31.80000,31.91000,7100
2021-04-08,33.01000,33.70000,33.01000,33.70000,55600
2021-04-09,34.48000,36.31000,33.92000,34.78000,86900
2021-04-12,33.78000,33.78000,32.60000,33.02000,54400
2021-04-13,32.74000,32.74000,31.90000,32.00000,28600
2021-04-14,31.80000,31.90000,31.50000,31.50000,18600
2021-04-15,31.97000,32.35000,31.88000,32.08000,18900
2021-04-16,32.93000,33.23000,32.80000,33.12000,30100
2021-04-19,33.06000,33.27000,32.76000,32.76000,20500
2021-04-20,33.44000,33.89000,33.42000,33.84000,57700
2021-04-21,34.92000,35.67000,34.77000,35.65000,67600
2021-04-22,34.41000,34.92000,33.36000,33.45000,59100
2021-04-23,33.90000,34.72000,33.90000,34.70000,34800
2021-04-26,35.12000,35.71000,35.08000,35.62000,34500
2021-04-27,35.63000,35.63000,35.14000,35.21000,18500
2021-04-28,35.84000,36.27000,35.81000,36.24000,41800
2021-04-29,34.99000,34.99000,34.21000,34.58000,39100
2021-04-30,34.48000,34.48000,34.00000,34.05000,22700
2021-05-03,33.61000,33.61000,32.92000,33.14000,19200
2021-05-04,32.50000,32.65000,31.61000,32.02000,43300
2021-05-05,31.66000,32.01000,31.55000,31.78000,21300
2021-05-06,31.78000,31.98000,31.65000,31.84000,19500
2021-05-07,32.75000,33.30000,32.43000,33.04000,40300
2021-05-10,32.94000,32.94000,32.12000,32.12000,27600
2021-05-11,30.80000,31.51000,30.15000,30.63000,41400
2021-05-12,30.00000,30.00000,28.59000,28.91000,66600
2021-05-13,29.90000,30.63000,29.90000,30.51000,31300
2021-05-14,30.45000,30.62000,30.30000,30.50000,16000
2021-05-17,28.64000,28.73000,28.19000,28.59000,29100
2021-05-18,29.83000,30.43000,29.83000,30.23000,40200
2021-05-19,29.86000,30.50000,29.46000,30.30000,14700
2021-05-20,30.09000,30.20000,29.50000,30.03000,5800
2021-05-21,30.27000,30.27000,30.12000,30.19000,9100
2021-05-24,30.48000,30.99000,30.48000,30.99000,13700
2021-05-25,31.93000,32.56000,31.83000,32.00000,15900
2021-05-26,31.79000,31.99000,31.35000,31.55000,14000
2021-05-27,31.81000,32.28000,31.81000,32.10000,12900
2021-05-28,32.16000,32.46000,32.04000,32.24000,23000
2021-06-01,32.88000,32.99000,32.64000,32.85000,13500
2021-06-02,33.59000,33.86000,33.54000,33.86000,27600
2021-06-03,33.35000,33.75000,33.11000,33.42000,10000
2021-06-04,33.01000,33.12000,32.72000,33.11000,10700
2021-06-07,33.35000,33.49000,33.22000,33.49000,22200
2021-06-08,34.82000,35.00000,34.52000,34.70000,26400
2021-06-09,34.43000,34.45000,34.11000,34.25000,12600
2021-06-10,34.54000,34.54000,34.05000,34.25000,15600
2021-06-11,34.36000,34.45000,34.24000,34.43000,10200
2021-06-14,34.45000,35.03000,34.25000,34.83000,12500
2021-06-15,34.84000,34.90000,34.60000,34.65000,20500
2021-06-16,34.85000,34.85000,34.42000,34.53000,11400
2021-06-17,35.01000,35.52000,35.01000,35.43000,21900
2021-06-18,34.56000,34.56000,33.97000,33.97000,19100
2021-06-21,33.91000,33.91000,33.60000,33.75000,12700
2021-06-22,33.92000,33.92000,33.10000,33.39000,18400
2021-06-23,33.62000,34.34000,33.62000,34.01000,10500
2021-06-24,34.22000,34.49000,34.09000,34.49000,14000
2021-06-25,34.44000,34.44000,33.80000,33.95000,9700
2021-06-28,34.33000,34.37000,34.03000,34.37000,10000
2021-06-29,33.90000,33.92000,33.70000,33.91000,12600
2021-06-30,34.08000,34.12000,33.80000,33.99000,14300
2021-07-01,34.40000,34.50000,34.12000,34.50000,12200
2021-07-02,34.40000,34.50000,34.12000,34.49000,17000
2021-07-06,34.89000,34.89000,34.41000,34.74000,14800
2021-07-07,36.36000,36.48000,36.04000,36.25000,42600
2021-07-08,35.35000,35.80000,35.16000,35.73000,13000
2021-07-09,36.00000,36.10000,35.40000,36.03000,9300
2021-07-12,36.38000,36.85000,36.30000,36.85000,29000
2021-07-13,36.94000,36.94000,36.60000,36.83000,5100
2021-07-14,37.29000,37.56000,37.00000,37.54000,21300
2021-07-15,38.54000,38.54000,38.01000,38.13000,26400
2021-07-16,38.99000,39.00000,38.50000,38.70000,49100
2021-07-19,37.55000,37.78000,37.20000,37.60000,27800
2021-07-20,35.77000,36.55000,35.23000,36.45000,35100
2021-07-21,36.88000,37.65000,36.85000,37.50000,27700
2021-07-22,37.21000,37.21000,36.79000,36.88000,30100
2021-07-23,36.45000,36.63000,36.19000,36.55000,14300
2021-07-26,36.92000,38.08000,36.92000,37.95000,21700
2021-07-27,37.25000,37.25000,36.41000,36.78000,28100
2021-07-28,36.47000,37.43000,36.47000,37.25000,29700
2021-07-29,37.15000,37.81000,37.15000,37.69000,42300
2021-07-30,38.35000,38.50000,38.01000,38.43000,36400
2021-08-02,38.50000,38.64000,38.18000,38.24000,40100
2021-08-03,39.73000,40.38000,39.72000,40.19000,58900
2021-08-04,40.66000,40.94000,40.16000,40.67000,70900
2021-08-05,41.95000,42.41000,41.88000,42.31000,62400
2021-08-06,40.16000,40.49000,39.70000,40.09000,37900
2021-08-09,39.40000,39.57000,38.61000,39.57000,64400
2021-08-10,39.38000,42.83000,37.80000,40.22000,93000
2021-08-11,39.55000,41.69000,39.18000,41.55000,136000
2021-08-12,41.66000,41.70000,40.82000,41.45000,58900
2021-08-13,41.00000,41.21000,40.52000,40.90000,21700
2021-08-16,39.65000,39.65000,38.95000,39.19000,61800
2021-08-17,37.70000,37.70000,36.81000,37.11000,75000
2021-08-18,38.93000,40.00000,38.93000,39.24000,40000
2021-08-19,38.59000,39.70000,38.26000,39.45000,84500
2021-08-20,38.93000,39.20000,38.57000,38.90000,47600
2021-08-23,39.77000,40.42000,39.77000,40.29000,26200
2021-08-24,40.09000,40.09000,39.72000,39.86000,17800
2021-08-25,39.85000,40.41000,39.85000,40.14000,25100
2021-08-26,40.47000,40.94000,40.38000,40.74000,18900
2021-08-27,40.79000,41.43000,40.72000,41.14000,24600
2021-08-30,41.46000,42.26000,41.46000,42.06000,47000
2021-08-31,42.28000,42.75000,42.07000,42.57000,31700
2021-09-01,42.92000,43.71000,42.92000,43.47000,40000
2021-09-02,42.35000,42.35000,41.60000,41.96000,47700
2021-09-03,43.63000,44.72000,43.59000,44.40000,65100
2021-09-07,41.76000,41.80000,40.80000,41.17000,67600
2021-09-08,39.62000,39.62000,38.50000,38.91000,69500
2021-09-09,40.00000,40.51000,39.86000,40.22000,50300
2021-09-10,41.06000,41.95000,41.06000,41.32000,34600
2021-09-13,41.19000,41.19000,40.10000,40.52000,36300
2021-09-14,40.35000,40.52000,39.66000,39.83000,26000
2021-09-15,39.69000,40.32000,39.65000,40.30000,36600
2021-09-16,39.18000,39.24000,38.73000,39.11000,39600
2021-09-17,38.89000,38.99000,38.53000,38.70000,29500
2021-09-20,38.00000,38.53000,37.99000,38.34000,66200
2021-09-21,38.60000,38.65000,37.82000,38.10000,39600
2021-09-22,38.12000,38.74000,38.07000,38.50000,31800
2021-09-23,38.01000,38.17000,37.78000,37.95000,40800
2021-09-24,38.09000,38.18000,37.88000,37.93000,40500
2021-09-27,37.70000,37.78000,37.37000,37.49000,26800
2021-09-28,36.82000,36.82000,35.70000,35.70000,37800
2021-09-29,34.56000,34.62000,34.12000,34.12000,66900
2021-09-30,34.28000,34.67000,34.23000,34.23000,41800
2021-10-01,33.25000,33.86000,33.16000,33.53000,48200
2021-10-04,32.77000,32.77000,32.00000,32.11000,59700
2021-10-05,32.96000,33.75000,32.96000,33.40000,36900
2021-10-06,32.60000,32.82000,32.24000,32.48000,47200
2021-10-07,33.03000,33.73000,32.98000,33.09000,35800
2021-10-08,32.51000,32.51000,32.05000,32.27000,21600
2021-10-11,32.27000,32.73000,32.02000,32.44000,24000
2021-10-12,32.32000,32.36000,31.44000,31.47000,66100
2021-10-13,31.15000,31.15000,30.66000,30.75000,52100
2021-10-14,31.80000,31.80000,31.39000,31.39000,23500
2021-10-15,32.40000,32.46000,32.06000,32.29000,42200
2021-10-18,32.00000,32.00000,31.62000,31.77000,30500
2021-10-19,32.81000,33.40000,32.63000,33.34000,34500
2021-10-20,33.13000,33.13000,32.71000,32.71000,35600
2021-10-21,32.45000,32.56000,32.32000,32.40000,18600
2021-10-22,32.54000,32.79000,32.20000,32.30000,24300
2021-10-25,32.64000,32.97000,32.59000,32.80000,21400
2021-10-26,32.89000,33.04000,32.69000,32.72000,24200
2021-10-27,32.82000,33.50000,32.82000,33.16000,25600
2021-10-28,33.65000,34.33000,33.65000,34.07000,30600
2021-10-29,33.50000,33.53000,33.11000,33.27000,28600
2021-11-01,33.52000,33.81000,33.52000,33.80000,16800
2021-11-02,33.07000,33.13000,32.80000,32.81000,23000
2021-11-03,33.12000,33.52000,33.00000,33.52000,18200
2021-11-04,33.70000,33.87000,33.30000,33.72000,24100
2021-11-05,34.00000,34.20000,33.72000,33.85000,29200
2021-11-08,34.63000,35.48000,34.63000,35.29000,38400
2021-11-09,33.98000,33.98000,33.41000,33.50000,34900
2021-11-10,33.13000,33.16000,32.53000,32.64000,24900
2021-11-11,32.93000,33.15000,32.69000,32.72000,19100
2021-11-12,32.99000,33.17000,32.78000,32.86000,10800
2021-11-15,34.00000,34.00000,33.24000,33.71000,51500
2021-11-16,33.55000,33.55000,32.74000,33.17000,47100
2021-11-17,34.37000,34.84000,34.37000,34.66000,38700
2021-11-18,34.85000,34.91000,34.47000,34.70000,40900
2021-11-19,34.06000,34.08000,33.89000,33.89000,21200
2021-11-22,34.05000,34.29000,33.77000,33.86000,17800
2021-11-23,33.24000,33.36000,32.86000,33.01000,120300
2021-11-24,33.19000,33.63000,33.08000,33.56000,23100
2021-11-26,32.84000,32.91000,31.76000,31.83000,22600
2021-11-29,32.17000,32.25000,31.77000,32.20000,30800
2021-11-30,32.80000,33.23000,32.44000,32.85000,36100
2021-12-01,33.23000,33.75000,32.99000,33.10000,20300
2021-12-02,32.91000,33.08000,32.50000,32.89000,26000
2021-12-03,33.43000,33.56000,32.94000,33.28000,21400
2021-12-06,33.64000,33.95000,33.40000,33.80000,24100
2021-12-07,33.97000,34.35000,33.96000,34.09000,23700
2021-12-08,34.07000,34.21000,33.80000,33.91000,18300
2021-12-09,33.55000,33.62000,32.91000,32.97000,23900
2021-12-10,33.48000,33.56000,33.06000,33.40000,15800
2021-12-13,33.40000,33.40000,32.65000,32.74000,12400
2021-12-14,32.34000,32.42000,31.83000,32.15000,22400
2021-12-15,32.32000,32.93000,32.32000,32.86000,24400
2021-12-16,33.14000,33.53000,32.50000,32.69000,29200
2021-12-17,32.91000,33.22000,32.79000,32.98000,19600
2021-12-20,33.00000,33.16000,32.67000,33.04000,34300
2021-12-21,33.71000,34.26000,33.63000,34.26000,21400
2021-12-22,34.27000,34.82000,34.17000,34.68000,20800
2021-12-23,34.80000,34.97000,34.57000,34.65000,12800
2021-12-27,34.98000,35.73000,34.97000,35.73000,30900
2021-12-28,35.18000,35.30000,34.84000,35.06000,22700
2021-12-29,35.06000,35.30000,35.03000,35.28000,13200
2021-12-30,35.28000,35.35000,35.04000,35.19000,11400
2021-12-31,35.20000,35.31000,34.99000,35.13000,9400
2022-01-03,34.87000,34.97000,34.49000,34.93000,28400
2022-01-04,35.00000,35.00000,34.32000,34.70000,19100
2022-01-05,34.85000,35.06000,34.15000,34.19000,19700
2022-01-06,34.81000,35.04000,34.59000,34.77000,16900
2022-01-07,34.12000,34.12000,33.34000,33.64000,23200
2022-01-10,33.69000,33.69000,32.76000,33.26000,18300
2022-01-11,33.67000,34.29000,33.67000,34.24000,17700
2022-01-12,34.47000,35.77000,34.47000,35.77000,97000
2022-01-13,36.91000,37.19000,36.60000,36.78000,55000
2022-01-14,35.60000,35.88000,35.49000,35.85000,25500
2022-01-18,35.26000,35.26000,34.79000,34.95000,26100
2022-01-19,34.64000,34.78000,34.13000,34.30000,30700
2022-01-20,34.29000,35.00000,34.08000,34.16000,45700
2022-01-21,33.76000,34.46000,33.43000,33.65000,59400
2022-01-24,33.24000,33.50000,32.28000,33.46000,37500
2022-01-25,32.50000,32.85000,32.24000,32.44000,40600
2022-01-26,33.02000,33.24000,32.43000,32.62000,22100
2022-01-27,32.60000,32.80000,31.30000,31.30000,25500
2022-01-28,31.16000,31.40000,30.22000,31.26000,20600
2022-01-31,31.97000,33.24000,31.97000,33.21000,28400
2022-02-01,33.24000,33.48000,32.79000,33.40000,26800
2022-02-02,33.70000,33.79000,33.41000,33.78000,6600
2022-02-03,33.26000,33.40000,32.95000,33.02000,15500
2022-02-04,33.08000,33.34000,32.77000,33.22000,9000
2022-02-07,33.08000,33.15000,32.76000,32.89000,11500
2022-02-08,33.00000,33.81000,33.00000,33.80000,16700
2022-02-09,34.01000,34.45000,33.78000,34.28000,20000
2022-02-10,34.19000,35.16000,34.19000,34.23000,24300
2022-02-11,34.29000,34.47000,33.19000,33.21000,13300
2022-02-14,33.15000,33.41000,32.67000,33.05000,21300
2022-02-15,33.30000,33.83000,33.30000,33.64000,7600
2022-02-16,33.46000,33.92000,33.46000,33.92000,6600
2022-02-17,34.48000,34.59000,34.09000,34.09000,10800
2022-02-18,34.59000,34.87000,34.21000,34.51000,11500
2022-02-22,34.36000,34.63000,34.08000,34.39000,27400
2022-02-23,34.82000,34.82000,33.88000,34.14000,23500
2022-02-24,33.00000,33.91000,31.50000,33.50000,29200
2022-02-25,37.26000,37.76000,36.70000,37.75000,45500
2022-02-28,37.01000,37.64000,36.94000,37.43000,22500
2022-03-01,36.85000,36.85000,35.75000,36.05000,24700
2022-03-02,36.40000,36.91000,36.37000,36.80000,13800
2022-03-03,36.87000,37.41000,36.56000,36.70000,17300
2022-03-04,36.54000,36.65000,35.80000,36.10000,22200
2022-03-07,35.73000,35.73000,34.45000,34.57000,25400
2022-03-08,35.13000,35.78000,34.83000,35.20000,29100
2022-03-09,35.98000,36.55000,35.98000,36.47000,18400
2022-03-10,35.64000,35.86000,35.33000,35.80000,11700
2022-03-11,36.33000,36.33000,35.70000,35.71000,23400
2022-03-14,36.12000,36.27000,35.50000,35.52000,21700
2022-03-15,35.29000,35.90000,35.01000,35.90000,21000
2022-03-16,35.80000,36.27000,35.35000,36.21000,17700
2022-03-17,36.29000,36.80000,36.17000,36.71000,29000
2022-03-18,36.67000,36.88000,36.45000,36.75000,18100
2022-03-21,36.93000,36.93000,36.25000,36.41000,15300
2022-03-22,36.74000,36.80000,36.50000,36.66000,19000
2022-03-23,36.13000,36.27000,35.90000,35.95000,12600
2022-03-24,36.09000,36.64000,36.09000,36.64000,10300
2022-03-25,36.47000,36.49000,35.81000,36.08000,6900
2022-03-28,36.08000,36.10000,35.70000,36.00000,8000
2022-03-29,36.24000,36.37000,35.85000,36.36000,7100
2022-03-30,36.09000,36.26000,35.65000,35.65000,10900
2022-03-31,35.69000,35.80000,35.46000,35.53000,5900
2022-04-01,35.68000,35.68000,34.82000,35.22000,9800
2022-04-04,35.13000,35.63000,35.13000,35.18000,11600
2022-04-05,35.09000,35.24000,34.52000,34.57000,9200
2022-04-06,34.55000,35.09000,34.55000,34.95000,21400
2022-04-07,34.56000,34.56000,34.12000,34.12000,8200
2022-04-08,34.35000,34.46000,33.23000,33.32000,27400
2022-04-11,33.06000,33.29000,32.88000,33.25000,18700
2022-04-12,33.17000,33.24000,32.48000,32.75000,23700
2022-04-13,32.90000,33.39000,32.90000,33.24000,17100
2022-04-14,33.22000,33.22000,32.51000,32.61000,15500
2022-04-18,32.75000,33.24000,32.65000,32.81000,10500
2022-04-19,33.23000,33.47000,33.23000,33.35000,13800
2022-04-20,33.09000,33.21000,32.92000,33.05000,15600
2022-04-21,33.35000,33.51000,32.60000,32.75000,19500
2022-04-22,33.00000,33.00000,32.69000,32.75000,17400
2022-04-25,32.21000,32.63000,31.90000,32.34000,19800
2022-04-26,31.73000,31.73000,31.04000,31.10000,17700
2022-04-27,31.50000,31.70000,31.25000,31.33000,18900
2022-04-28,31.54000,32.19000,31.30000,31.94000,27600
2022-04-29,31.68000,31.71000,31.17000,31.17000,21500
2022-05-02,31.33000,31.36000,30.49000,31.01000,41700
2022-05-03,31.73000,31.92000,31.57000,31.90000,35000
2022-05-04,31.73000,32.86000,31.51000,32.66000,38900
2022-05-05,31.55000,34.01000,31.55000,33.38000,24200
2022-05-06,32.85000,32.85000,32.01000,32.37000,25100
2022-05-09,31.75000,31.80000,30.43000,30.61000,29500
2022-05-10,31.36000,31.37000,30.80000,31.17000,21000
2022-05-11,30.72000,31.05000,30.51000,30.65000,22000
2022-05-12,30.38000,30.62000,30.10000,30.44000,15800
2022-05-13,30.87000,31.40000,30.87000,31.28000,16500
2022-05-16,31.59000,31.60000,31.23000,31.37000,15300
2022-05-17,32.23000,32.45000,32.02000,32.31000,11700
2022-05-18,32.17000,32.17000,31.60000,31.60000,18800
2022-05-19,32.30000,32.76000,32.20000,32.59000,14600
2022-05-20,32.69000,32.69000,31.94000,32.39000,9200
2022-05-23,32.29000,32.67000,32.29000,32.61000,9200
2022-05-24,32.17000,32.17000,31.78000,32.06000,13400
2022-05-25,32.15000,32.65000,32.15000,32.47000,28300
2022-05-26,32.60000,33.13000,32.60000,33.13000,12400
2022-05-27,33.41000,33.62000,33.33000,33.50000,12000
2022-05-31,34.00000,34.29000,33.29000,33.91000,54900
2022-06-01,34.45000,34.45000,33.75000,33.96000,24500
2022-06-02,34.14000,34.87000,33.97000,34.78000,27100
2022-06-03,34.41000,34.49000,34.11000,34.48000,14700
2022-06-06,34.70000,34.89000,34.05000,34.28000,25800
2022-06-07,34.21000,34.74000,34.17000,34.74000,15700
2022-06-08,34.39000,34.44000,33.93000,34.10000,14900
2022-06-09,34.05000,34.28000,33.80000,33.92000,22500
2022-06-10,33.06000,34.42000,33.06000,33.67000,19900
2022-06-13,33.22000,33.27000,32.60000,32.60000,33300
2022-06-14,33.12000,33.19000,32.75000,33.03000,17500
2022-06-15,33.41000,34.05000,33.30000,33.79000,18500
2022-06-16,32.18000,32.36000,31.97000,32.18000,30500
2022-06-17,32.32000,32.57000,31.93000,32.39000,30700
2022-06-21,32.42000,32.85000,32.41000,32.53000,30800
2022-06-22,31.67000,32.23000,31.22000,31.98000,21100
2022-06-23,31.17000,31.35000,30.22000,30.77000,44500
2022-06-24,30.87000,31.70000,30.87000,31.47000,37100
2022-06-27,31.62000,32.42000,31.52000,32.16000,95500
2022-06-28,32.16000,32.16000,30.66000,30.82000,195600
2022-06-29,27.50000,27.56000,26.01000,26.42000,76200
2022-06-30,25.29000,25.67000,24.81000,24.98000,106500
2022-07-01,24.12000,24.24000,23.65000,23.84000,62200
2022-07-05,23.27000,23.27000,22.53000,22.88000,74300
2022-07-06,22.63000,22.65000,22.34000,22.42000,55000
2022-07-07,22.79000,23.66000,22.79000,23.44000,26200
2022-07-08,23.55000,24.34000,23.42000,24.14000,31200
2022-07-11,22.93000,22.98000,22.61000,22.67000,49000
2022-07-12,22.14000,22.15000,21.38000,21.76000,71300
2022-07-13,21.76000,22.49000,21.76000,22.36000,39300
2022-07-14,22.09000,22.62000,22.00000,22.30000,32700
2022-07-15,22.72000,23.04000,22.62000,22.80000,29900
2022-07-18,23.21000,23.54000,23.01000,23.12000,43300
2022-07-19,23.65000,23.90000,23.59000,23.82000,34600
2022-07-20,23.73000,24.20000,23.65000,24.11000,22100
2022-07-21,24.35000,24.66000,24.26000,24.60000,46000
2022-07-22,24.46000,24.46000,23.69000,23.82000,30300
2022-07-25,23.62000,23.97000,23.60000,23.78000,55200
2022-07-26,23.50000,23.50000,23.26000,23.30000,25200
2022-07-27,23.63000,24.03000,23.58000,23.88000,31000
2022-07-28,24.05000,24.05000,23.55000,24.00000,41100
2022-07-29,23.71000,24.02000,23.65000,23.99000,29600
2022-08-01,23.99000,24.98000,23.42000,23.58000,52900
2022-08-02,23.13000,23.15000,22.73000,22.80000,39800
2022-08-03,22.80000,23.27000,22.65000,23.00000,57000
2022-08-04,23.22000,24.46000,23.14000,24.11000,35400
2022-08-05,23.54000,23.63000,23.33000,23.39000,51000
2022-08-08,23.41000,23.80000,23.05000,23.23000,109300
2022-08-09,23.21000,23.32000,22.05000,22.58000,150200
2022-08-10,22.71000,23.40000,22.70000,23.30000,29800
2022-08-11,23.66000,23.96000,23.56000,23.70000,33900
2022-08-12,24.04000,24.41000,24.04000,24.41000,31100
2022-08-15,24.40000,24.47000,24.18000,24.33000,21700
2022-08-16,24.19000,24.19000,23.76000,23.96000,72500
2022-08-17,23.90000,24.09000,23.77000,24.00000,35200
2022-08-18,24.04000,24.42000,24.01000,24.25000,43400
2022-08-19,24.25000,24.49000,24.24000,24.44000,28200
2022-08-22,24.15000,24.19000,23.98000,24.06000,32200
2022-08-23,23.91000,24.19000,23.90000,24.09000,43000
2022-08-24,23.91000,23.91000,23.71000,23.72000,18200
2022-08-25,23.92000,24.34000,23.85000,24.33000,19900
2022-08-26,24.47000,24.47000,23.77000,23.77000,29500
2022-08-29,23.51000,23.76000,23.43000,23.63000,30400
2022-08-30,23.74000,23.74000,23.12000,23.23000,53300
2022-08-31,23.22000,23.32000,23.07000,23.17000,41800
2022-09-01,22.81000,22.90000,22.52000,22.85000,42800
2022-09-02,22.73000,22.73000,22.16000,22.25000,37000
2022-09-06,21.87000,21.91000,21.27000,21.35000,65800
2022-09-07,21.20000,21.53000,21.17000,21.49000,39500
2022-09-08,21.65000,22.50000,21.47000,22.14000,52000
2022-09-09,22.39000,22.61000,21.99000,22.17000,29400
2022-09-12,22.11000,22.11000,21.70000,21.76000,41600
2022-09-13,21.37000,21.50000,20.96000,21.01000,36300
2022-09-14,21.15000,21.23000,20.95000,21.15000,32600
2022-09-15,20.93000,21.24000,20.84000,20.95000,40600
2022-09-16,20.87000,20.95000,20.72000,20.88000,39500
2022-09-19,20.62000,20.90000,20.60000,20.86000,49400
2022-09-20,20.75000,20.75000,20.45000,20.59000,42300
2022-09-21,20.47000,20.71000,20.29000,20.33000,52900
2022-09-22,20.21000,20.21000,19.89000,19.99000,47800
2022-09-23,19.80000,19.80000,19.37000,19.56000,45900
2022-09-26,19.01000,19.01000,18.46000,18.55000,41600
2022-09-27,18.92000,19.13000,18.80000,19.01000,55400
2022-09-28,18.64000,18.79000,18.41000,18.66000,40700
2022-09-29,18.56000,18.63000,18.18000,18.40000,55200
2022-09-30,18.60000,18.85000,18.50000,18.53000,33100
2022-10-03,18.66000,18.92000,18.61000,18.88000,38000
2022-10-04,19.30000,19.55000,19.30000,19.53000,30200
2022-10-05,19.41000,19.73000,19.31000,19.61000,67800
2022-10-06,19.65000,19.65000,19.30000,19.34000,28600
2022-10-07,19.09000,19.59000,18.46000,18.64000,34600
2022-10-10,18.54000,18.54000,18.02000,18.11000,42100
2022-10-11,18.23000,18.41000,18.02000,18.21000,37600
2022-10-12,18.22000,18.35000,18.19000,18.21000,20300
2022-10-13,17.68000,18.46000,17.50000,18.36000,54000
2022-10-14,18.49000,18.49000,17.82000,17.86000,43400
2022-10-17,18.72000,18.83000,18.44000,18.56000,34300
2022-10-18,19.18000,19.26000,18.61000,18.86000,33800
2022-10-19,19.63000,19.98000,19.51000,19.75000,60900
2022-10-20,19.87000,20.40000,19.70000,19.84000,61300
2022-10-21,19.73000,20.05000,19.59000,20.05000,36900
2022-10-24,19.73000,19.73000,19.23000,19.40000,46500
2022-10-25,19.33000,19.53000,19.22000,19.44000,32900
2022-10-26,19.31000,19.65000,19.20000,19.44000,55200
2022-10-27,19.67000,20.01000,19.65000,19.78000,48100
2022-10-28,19.73000,20.23000,19.71000,19.98000,32400
2022-10-31,19.90000,19.90000,19.54000,19.76000,67800
2022-11-01,19.92000,20.18000,19.70000,19.90000,47600
2022-11-02,20.04000,20.42000,19.85000,19.87000,47200
2022-11-03,19.76000,20.38000,19.50000,20.01000,25300
2022-11-04,20.05000,20.22000,19.93000,20.17000,31400
2022-11-07,20.01000,20.28000,19.82000,20.07000,99200
2022-11-08,20.29000,20.48000,20.19000,20.26000,40900
2022-11-09,20.17000,20.34000,20.07000,20.07000,34600
2022-11-10,20.56000,21.65000,20.56000,21.63000,59400
2022-11-11,21.48000,21.48000,21.02000,21.29000,28000
2022-11-14,21.23000,21.23000,20.90000,20.90000,33400
2022-11-15,21.49000,21.68000,21.45000,21.49000,31900
2022-11-16,21.44000,21.57000,21.41000,21.46000,19500
2022-11-17,21.45000,21.93000,21.45000,21.89000,20800
2022-11-18,21.93000,21.95000,21.74000,21.87000,17100
2022-11-21,21.48000,21.48000,21.32000,21.41000,14200
2022-11-22,21.36000,21.39000,21.25000,21.35000,12200
2022-11-23,21.22000,21.60000,21.22000,21.41000,18600
2022-11-25,21.42000,21.69000,21.42000,21.55000,5100
2022-11-28,21.42000,21.48000,21.04000,21.19000,28500
2022-11-29,21.28000,21.47000,21.20000,21.24000,24400
2022-11-30,21.54000,22.30000,21.53000,22.30000,40500
2022-12-01,22.37000,22.37000,22.12000,22.21000,16200
2022-12-02,22.06000,22.38000,22.06000,22.34000,19400
2022-12-05,22.50000,22.73000,22.44000,22.55000,29400
2022-12-06,22.50000,22.50000,21.78000,21.97000,23200
2022-12-07,21.78000,21.91000,21.70000,21.82000,26200
2022-12-08,21.73000,22.08000,21.73000,21.95000,18000
2022-12-09,21.93000,21.93000,21.37000,21.60000,17300
2022-12-12,21.65000,21.69000,21.42000,21.69000,27000
2022-12-13,22.14000,22.27000,21.44000,21.61000,27700
2022-12-14,21.70000,21.78000,21.34000,21.52000,26800
2022-12-15,21.23000,21.30000,21.02000,21.08000,20900
2022-12-16,21.02000,21.29000,21.02000,21.21000,20000
2022-12-19,21.52000,21.58000,21.26000,21.38000,24000
2022-12-20,21.09000,21.25000,20.99000,21.17000,52900
2022-12-21,20.97000,21.38000,20.94000,21.28000,27400
2022-12-22,21.17000,21.17000,20.87000,20.99000,34700
2022-12-23,21.25000,21.48000,21.18000,21.43000,16900
2022-12-27,21.28000,21.35000,21.19000,21.25000,18100
2022-12-28,21.14000,21.21000,20.51000,20.66000,31600
2022-12-29,20.97000,21.34000,20.97000,21.30000,29600
2022-12-30,21.41000,21.55000,21.26000,21.43000,25200
2023-01-03,21.61000,21.89000,21.35000,21.46000,42400
2023-01-04,21.60000,21.71000,21.09000,21.41000,48700
2023-01-05,21.31000,21.33000,20.95000,21.06000,50800
2023-01-06,21.34000,21.89000,21.34000,21.85000,27600
2023-01-09,22.15000,22.44000,22.06000,22.40000,47300
2023-01-10,22.23000,22.40000,22.12000,22.31000,16100
2023-01-11,22.16000,22.42000,22.15000,22.39000,32700
2023-01-12,21.91000,22.34000,21.84000,22.21000,36500
2023-01-13,21.89000,22.03000,21.80000,21.82000,31800
2023-01-17,22.22000,22.40000,22.05000,22.40000,29100
2023-01-18,22.42000,22.64000,22.34000,22.34000,14800
2023-01-19,22.28000,22.56000,22.21000,22.49000,24300
2023-01-20,22.49000,22.82000,22.49000,22.62000,17200
2023-01-23,22.87000,23.31000,22.87000,23.11000,16000
2023-01-24,22.98000,23.23000,22.98000,23.23000,11800
2023-01-25,23.10000,23.27000,23.01000,23.27000,13100
2023-01-26,23.50000,23.50000,23.27000,23.49000,11500
2023-01-27,23.44000,23.44000,23.19000,23.29000,12700
2023-01-30,23.08000,23.08000,22.57000,22.57000,19400
2023-01-31,22.88000,23.12000,22.82000,23.08000,27600
2023-02-01,23.14000,23.97000,23.14000,23.81000,28000
2023-02-02,24.15000,24.43000,24.07000,24.24000,18700
2023-02-03,24.24000,24.43000,24.12000,24.25000,20400
2023-02-06,23.74000,23.74000,23.24000,23.49000,21500
2023-02-07,23.46000,23.89000,23.46000,23.89000,14900
2023-02-08,23.86000,23.86000,23.67000,23.74000,18600
2023-02-09,23.99000,24.10000,23.88000,23.97000,17000
2023-02-10,23.65000,23.80000,23.55000,23.69000,16300
2023-02-13,23.60000,23.67000,23.42000,23.58000,26300
2023-02-14,23.56000,23.83000,23.40000,23.68000,17200
2023-02-15,23.38000,23.48000,23.20000,23.44000,18600
2023-02-16,23.37000,23.59000,23.33000,23.38000,12700
2023-02-17,23.38000,23.43000,23.34000,23.43000,9800
2023-02-21,23.83000,23.84000,23.35000,23.40000,25600
2023-02-22,23.73000,23.88000,23.63000,23.72000,32200
2023-02-23,24.03000,24.19000,23.65000,24.13000,19400
2023-02-24,23.48000,23.51000,23.33000,23.50000,14800
2023-02-27,23.45000,23.84000,23.43000,23.49000,12300
2023-02-28,23.34000,23.73000,23.34000,23.53000,17500
2023-03-01,23.42000,23.73000,23.40000,23.50000,13100
2023-03-02,23.40000,23.72000,23.40000,23.64000,16900
2023-03-03,23.87000,24.09000,23.79000,24.05000,19400
2023-03-06,23.95000,24.10000,23.39000,23.68000,54400
2023-03-07,24.16000,24.20000,23.86000,23.98000,23800
2023-03-08,24.12000,24.50000,24.05000,24.49000,16800
2023-03-09,24.20000,24.38000,23.85000,23.96000,17400
2023-03-10,24.09000,24.09000,23.62000,23.81000,16200
2023-03-13,23.77000,23.99000,23.63000,23.90000,16800
2023-03-14,23.92000,23.99000,23.66000,23.81000,13000
2023-03-15,23.25000,23.44000,23.11000,23.34000,22900
2023-03-16,23.18000,23.52000,23.02000,23.52000,13600
2023-03-17,23.36000,23.55000,23.30000,23.33000,17200
2023-03-20,23.41000,23.95000,23.41000,23.91000,19300
2023-03-21,24.07000,24.19000,23.95000,24.09000,10400
2023-03-22,24.10000,24.39000,24.04000,24.19000,9800
2023-03-23,24.06000,24.45000,23.97000,24.20000,10800
2023-03-24,24.12000,24.16000,23.87000,24.06000,9800
2023-03-27,23.97000,24.13000,23.93000,24.11000,12300
2023-03-28,24.07000,24.08000,23.95000,24.03000,11300
2023-03-29,24.17000,24.40000,24.17000,24.40000,9300
2023-03-30,24.55000,24.65000,24.49000,24.55000,11200
2023-03-31,24.90000,25.16000,24.90000,25.11000,14400
2023-04-03,25.10000,25.19000,24.91000,25.08000,14400
2023-04-04,25.01000,25.20000,24.77000,24.90000,12300
2023-04-05,24.84000,24.90000,24.42000,24.63000,20000
2023-04-06,25.31000,25.49000,25.16000,25.44000,11600
2023-04-10,24.91000,24.91000,24.50000,24.70000,16100
2023-04-11,24.75000,25.48000,24.75000,25.37000,19400
2023-04-12,25.48000,25.51000,25.28000,25.38000,16500
2023-04-13,25.25000,25.36000,25.14000,25.24000,24900
2023-04-14,25.24000,25.34000,24.98000,25.13000,21300
2023-04-17,25.16000,25.30000,24.97000,25.26000,16200
2023-04-18,25.32000,25.33000,25.09000,25.14000,18600
2023-04-19,25.05000,25.05000,24.59000,24.86000,15200
2023-04-20,24.61000,24.83000,24.61000,24.70000,8400
2023-04-21,24.43000,24.43000,24.15000,24.28000,10300
2023-04-24,24.16000,24.48000,24.04000,24.12000,17800
2023-04-25,23.77000,23.77000,23.43000,23.49000,20600
2023-04-26,23.68000,23.79000,23.57000,23.64000,15600
2023-04-27,23.51000,23.78000,23.46000,23.78000,7700
2023-04-28,23.87000,24.05000,23.87000,23.94000,10200
2023-05-01,24.02000,24.02000,23.90000,24.02000,4600
2023-05-02,23.96000,24.02000,23.88000,23.94000,9200
2023-05-03,24.20000,24.46000,24.17000,24.25000,18900
2023-05-04,24.25000,24.98000,23.13000,23.50000,8600
2023-05-05,24.76000,25.00000,24.60000,24.99000,14800
2023-05-08,25.12000,25.36000,25.06000,25.16000,12300
2023-05-09,24.80000,24.80000,24.63000,24.76000,5400
2023-05-10,24.66000,25.04000,24.66000,24.97000,9100
2023-05-11,24.78000,24.78000,24.29000,24.46000,8300
2023-05-12,24.47000,24.47000,24.30000,24.30000,8000
2023-05-15,24.54000,24.64000,24.44000,24.60000,5800
2023-05-16,24.24000,24.59000,24.24000,24.50000,5000
2023-05-17,24.93000,25.15000,24.81000,25.10000,19700
2023-05-18,25.06000,25.13000,24.81000,24.81000,7500
2023-05-19,24.92000,25.00000,24.60000,24.85000,22200
2023-05-22,24.95000,25.02000,24.80000,24.89000,7900
2023-05-23,24.73000,24.84000,24.59000,24.70000,7900
2023-05-24,24.55000,24.57000,24.40000,24.56000,12000
2023-05-25,24.96000,25.13000,24.88000,25.06000,10100
2023-05-26,25.49000,26.01000,25.49000,25.97000,23600
2023-05-30,25.71000,25.72000,25.31000,25.51000,9500
2023-05-31,25.61000,25.70000,25.40000,25.58000,9000
2023-06-01,25.93000,26.32000,25.93000,26.22000,10900
2023-06-02,26.27000,26.27000,26.04000,26.04000,7400
2023-06-05,26.34000,26.34000,26.04000,26.25000,10200
2023-06-06,26.28000,26.44000,26.10000,26.43000,5400
2023-06-07,26.51000,26.57000,26.35000,26.44000,9000
2023-06-08,26.46000,27.24000,26.27000,26.57000,13000
2023-06-09,26.24000,26.30000,25.89000,26.14000,11200
2023-06-12,26.19000,26.44000,26.19000,26.35000,14500
2023-06-13,26.33000,26.35000,26.03000,26.10000,38000
2023-06-14,25.75000,25.81000,25.53000,25.70000,47400
2023-06-15,25.43000,25.70000,25.43000,25.70000,29500
2023-06-16,25.86000,26.06000,25.80000,25.84000,25600
2023-06-20,25.98000,25.98000,25.54000,25.65000,32000
2023-06-21,25.79000,25.91000,25.68000,25.74000,14100
2023-06-22,25.64000,25.96000,25.51000,25.84000,19300
2023-06-23,25.53000,25.66000,25.25000,25.41000,12900
2023-06-26,25.87000,26.19000,25.75000,25.82000,37200
2023-06-27,25.67000,25.95000,25.61000,25.88000,31400
2023-06-28,25.71000,26.23000,25.61000,25.96000,139700
2023-06-29,24.04000,24.42000,23.46000,23.69000,65700
2023-06-30,23.83000,23.89000,23.69000,23.69000,32600
2023-07-03,23.22000,23.31000,23.01000,23.13000,26500
2023-07-05,23.17000,23.26000,22.92000,23.02000,55600
2023-07-06,23.02000,23.03000,22.69000,22.99000,25000
2023-07-07,22.55000,22.86000,22.55000,22.69000,35000
2023-07-10,22.19000,22.42000,21.81000,21.88000,31000
2023-07-11,22.47000,22.63000,22.17000,22.34000,36200
2023-07-12,22.28000,22.36000,22.28000,22.33000,37500
2023-07-13,22.24000,22.58000,22.22000,22.45000,68400
2023-07-14,22.79000,23.16000,22.79000,22.89000,33700
2023-07-17,23.00000,23.25000,23.00000,23.17000,21100
2023-07-18,23.25000,23.39000,23.22000,23.37000,21700
2023-07-19,23.41000,23.41000,23.23000,23.30000,22400
2023-07-20,22.93000,23.06000,22.63000,22.74000,13100
2023-07-21,23.01000,23.08000,22.91000,22.93000,17600
2023-07-24,22.83000,22.83000,22.61000,22.66000,31000
2023-07-25,22.67000,22.80000,22.53000,22.62000,14300
2023-07-26,22.48000,22.50000,22.19000,22.50000,23200
2023-07-27,22.78000,22.99000,22.58000,22.64000,11000
2023-07-28,23.11000,23.27000,23.02000,23.14000,14900
2023-07-31,23.00000,23.00000,22.77000,22.94000,16700
2023-08-01,22.81000,22.81000,22.55000,22.64000,9900
2023-08-02,22.52000,22.63000,22.39000,22.40000,18000
2023-08-03,22.27000,22.37000,21.58000,21.62000,17400
2023-08-04,22.95000,22.99000,22.28000,22.50000,26100
2023-08-07,23.30000,23.50000,23.26000,23.47000,24400
2023-08-08,23.06000,23.35000,22.91000,23.19000,20100
2023-08-09,23.19000,23.29000,22.76000,22.96000,61800
2023-08-10,22.99000,23.22000,22.99000,23.20000,18700
2023-08-11,23.09000,23.15000,22.93000,22.93000,18800
2023-08-14,22.58000,22.91000,22.54000,22.82000,24100
2023-08-15,22.53000,22.66000,22.47000,22.49000,26600
2023-08-16,22.22000,22.43000,22.19000,22.28000,36600
2023-08-17,22.47000,22.47000,22.15000,22.17000,16500
2023-08-18,22.59000,22.70000,22.46000,22.59000,17200
2023-08-21,22.81000,22.98000,22.80000,22.84000,14500
2023-08-22,22.70000,22.77000,22.60000,22.64000,15100
2023-08-23,23.08000,23.22000,22.92000,23.18000,17700
2023-08-24,23.15000,23.15000,22.78000,22.78000,14200
2023-08-25,23.16000,23.28000,23.01000,23.21000,16200
2023-08-28,23.69000,23.76000,23.59000,23.72000,16200
2023-08-29,23.50000,23.71000,23.33000,23.66000,12600
2023-08-30,23.66000,23.74000,23.50000,23.65000,8300
2023-08-31,23.90000,23.98000,23.69000,23.81000,15000
2023-09-01,23.99000,24.00000,23.90000,23.93000,8300
2023-09-05,24.11000,24.35000,23.97000,24.27000,22000
2023-09-06,24.88000,24.93000,24.53000,24.75000,28600
2023-09-07,24.83000,25.02000,24.79000,24.97000,16600
2023-09-08,24.48000,24.72000,24.48000,24.72000,12000
2023-09-11,24.20000,24.46000,24.20000,24.44000,11300
2023-09-12,24.62000,24.79000,24.53000,24.65000,10900
2023-09-13,24.29000,24.40000,24.21000,24.38000,11200
2023-09-14,24.38000,24.60000,24.23000,24.51000,14900
2023-09-15,24.53000,24.53000,24.16000,24.31000,15800
2023-09-18,24.58000,24.69000,24.40000,24.52000,23500
2023-09-19,24.26000,24.31000,24.14000,24.31000,11200
2023-09-20,24.27000,24.38000,24.18000,24.19000,14100
2023-09-21,23.58000,23.71000,23.41000,23.57000,10300
2023-09-22,23.82000,23.82000,23.62000,23.73000,8300
2023-09-25,23.63000,23.84000,23.63000,23.77000,7300
2023-09-26,23.13000,23.19000,23.01000,23.12000,12700
2023-09-27,23.17000,23.36000,23.05000,23.19000,18400
2023-09-28,23.04000,23.34000,22.93000,23.34000,12300
2023-09-29,23.30000,23.34000,23.05000,23.05000,9800
2023-10-02,23.23000,23.24000,22.96000,23.11000,13300
2023-10-03,23.17000,23.36000,23.11000,23.19000,8200
2023-10-04,23.18000,23.28000,23.07000,23.26000,7600
2023-10-05,23.40000,23.43000,23.21000,23.33000,7900
2023-10-06,23.48000,23.48000,22.25000,23.15000,13400
2023-10-09,22.70000,23.32000,22.70000,23.04000,7200
2023-10-10,23.23000,23.57000,22.41000,23.05000,25600
2023-10-11,23.12000,23.77000,23.12000,23.77000,22500
2023-10-12,23.79000,23.79000,23.39000,23.59000,8600
2023-10-13,23.98000,24.00000,23.66000,23.80000,18000
2023-10-16,23.62000,23.96000,23.61000,23.86000,24900
2023-10-17,23.79000,24.11000,23.79000,24.11000,12200
2023-10-18,24.26000,24.30000,24.08000,24.13000,12900
2023-10-19,24.13000,24.25000,24.01000,24.13000,8300
2023-10-20,24.30000,24.47000,24.09000,24.25000,17400
2023-10-23,24.75000,25.39000,24.75000,25.30000,33700
2023-10-24,25.67000,25.98000,25.67000,25.90000,16700
2023-10-25,25.67000,25.83000,25.53000,25.63000,11700
2023-10-26,25.46000,25.56000,25.26000,25.41000,14700
2023-10-27,25.02000,25.09000,24.89000,24.94000,8600
2023-10-30,24.98000,25.04000,24.82000,25.04000,25600
2023-10-31,25.12000,25.13000,24.96000,25.00000,18500
2023-11-01,25.30000,25.36000,25.03000,25.36000,24200
2023-11-02,25.83000,25.83000,25.25000,25.25000,18500
2023-11-03,23.23000,23.73000,23.23000,23.73000,19200
2023-11-06,23.27000,23.99000,23.25000,23.49000,30000
2023-11-07,22.93000,23.26000,22.93000,23.26000,12100
2023-11-08,23.15000,23.23000,22.98000,23.06000,7300
2023-11-09,23.00000,24.02000,22.96000,23.22000,7500
2023-11-10,23.33000,23.57000,23.33000,23.49000,14600
2023-11-13,23.55000,23.64000,23.34000,23.61000,9200
2023-11-14,23.69000,23.84000,23.63000,23.84000,27800
2023-11-15,23.97000,24.05000,23.83000,23.99000,21500
2023-11-16,23.90000,24.05000,23.88000,24.04000,8100
2023-11-17,24.28000,24.28000,24.08000,24.19000,11100
2023-11-20,24.61000,24.68000,24.58000,24.64000,10300
2023-11-21,24.94000,25.03000,24.71000,24.94000,14500
2023-11-22,25.15000,25.15000,24.89000,25.03000,9900
2023-11-24,24.72000,24.76000,24.58000,24.75000,2900
2023-11-27,24.88000,24.96000,24.86000,24.95000,4600
2023-11-28,25.25000,25.48000,25.19000,25.46000,22100
2023-11-29,25.61000,25.73000,25.52000,25.69000,6300
2023-11-30,25.85000,25.85000,25.70000,25.81000,8100
2023-12-01,25.91000,26.16000,25.91000,26.09000,6300
2023-12-04,26.38000,26.50000,26.31000,26.44000,10600
2023-12-05,26.30000,26.46000,26.29000,26.46000,6100
2023-12-06,26.28000,26.32000,26.13000,26.23000,6300
2023-12-07,26.38000,26.39000,26.14000,26.36000,10300
2023-12-08,26.80000,26.80000,25.36000,26.50000,10900
2023-12-11,26.52000,26.72000,26.12000,26.61000,12000
2023-12-12,26.51000,26.80000,26.49000,26.80000,7900
2023-12-13,27.08000,27.42000,26.68000,27.42000,13600
2023-12-14,27.40000,27.64000,27.40000,27.63000,8500
2023-12-15,27.31000,27.50000,27.21000,27.32000,2700
2023-12-18,27.50000,27.60000,27.43000,27.60000,5700
2023-12-19,27.50000,27.50000,27.14000,27.26000,5800
2023-12-20,27.04000,27.07000,26.53000,26.53000,14600
2023-12-21,26.90000,27.09000,26.56000,27.09000,8300
2023-12-22,27.06000,27.19000,26.92000,27.08000,11700
2023-12-26,27.48000,27.65000,27.33000,27.64000,18200
2023-12-27,27.76000,27.97000,27.76000,27.95000,25900
2023-12-28,27.70000,27.89000,27.70000,27.84000,5300
2023-12-29,27.41000,27.60000,27.21000,27.21000,20900
2024-01-02,26.86000,27.04000,26.72000,26.85000,5400
2024-01-03,26.76000,26.82000,26.65000,26.67000,2400
2024-01-04,26.82000,27.00000,26.70000,26.76000,4600
2024-01-05,26.62000,26.72000,26.50000,26.64000,3900
2024-01-08,26.47000,26.74000,26.29000,26.74000,12000
2024-01-09,26.55000,26.57000,26.29000,26.37000,4700
2024-01-10,26.55000,26.75000,26.11000,26.13000,13100
2024-01-11,27.73000,27.84000,27.40000,27.53000,32700
2024-01-12,27.26000,27.36000,27.15000,27.36000,3900
2024-01-16,27.04000,27.10000,26.95000,27.01000,7500
2024-01-17,27.01000,27.05000,26.81000,26.92000,4000
2024-01-18,27.13000,27.29000,26.94000,27.18000,2200
2024-01-19,27.63000,27.67000,27.50000,27.60000,8000
2024-01-22,27.73000,27.87000,27.68000,27.68000,10400
2024-01-23,27.22000,27.50000,27.22000,27.42000,5500
2024-01-24,27.55000,27.65000,27.44000,27.44000,4500
2024-01-25,27.30000,27.38000,27.15000,27.30000,5200
2024-01-26,27.17000,27.22000,27.04000,27.18000,3600
2024-01-29,27.01000,27.17000,26.76000,27.06000,11100
2024-01-30,27.23000,27.26000,27.08000,27.15000,8200
2024-01-31,27.25000,27.30000,26.86000,26.88000,4000
2024-02-01,26.84000,26.97000,26.75000,26.92000,3600
2024-02-02,26.54000,26.62000,26.25000,26.50000,7200
2024-02-05,26.29000,26.45000,26.19000,26.44000,6900
2024-02-06,26.49000,26.50000,26.25000,26.29000,5000
2024-02-07,26.38000,26.95000,26.34000,26.74000,6200
2024-02-08,27.03000,28.60000,26.55000,28.20000,88400
2024-02-09,29.00000,31.11000,28.10000,29.66000,188800
2024-02-12,30.36000,30.75000,29.71000,29.88000,107200
2024-02-13,29.80000,29.91000,28.86000,29.04000,55400
2024-02-14,29.28000,29.85000,28.88000,28.94000,53400
2024-02-15,28.41000,29.03000,28.26000,28.27000,42200
2024-02-16,28.00000,28.20000,27.95000,28.00000,30900
2024-02-20,28.10000,28.10000,27.68000,27.89000,25200
2024-02-21,27.85000,27.85000,27.53000,27.63000,17400
2024-02-22,28.43000,29.30000,28.13000,28.92000,42900
2024-02-23,28.34000,28.34000,27.50000,27.57000,43600
2024-02-26,27.73000,28.07000,27.57000,27.84000,43500
2024-02-27,27.96000,28.12000,27.84000,27.90000,20500
2024-02-28,28.00000,28.00000,27.73000,27.79000,16700
2024-02-29,28.03000,28.26000,28.00000,28.09000,39100
2024-03-01,28.16000,28.59000,27.89000,28.47000,56700
2024-03-04,28.99000,29.25000,28.80000,28.98000,48000
2024-03-05,28.89000,28.89000,28.42000,28.58000,22800
2024-03-06,29.21000,29.69000,29.21000,29.61000,39800
2024-03-07,29.92000,30.00000,29.67000,29.97000,46600
2024-03-08,29.92000,29.95000,29.26000,29.89000,42200
2024-03-11,29.74000,30.09000,29.74000,30.05000,25600
2024-03-12,30.57000,30.86000,30.34000,30.76000,27600
2024-03-13,30.93000,30.98000,30.61000,30.76000,33800
2024-03-14,30.36000,30.36000,29.77000,30.11000,26000
2024-03-15,30.03000,30.22000,30.01000,30.11000,8000
2024-03-18,30.21000,30.73000,30.21000,30.62000,18300
2024-03-19,31.00000,31.11000,30.87000,31.08000,21900
2024-03-20,31.11000,31.53000,31.07000,31.42000,24900
2024-03-21,31.91000,32.19000,31.83000,32.09000,28700
2024-03-22,31.80000,31.93000,31.75000,31.88000,23800
2024-03-25,31.50000,31.50000,31.26000,31.41000,12600
2024-03-26,30.54000,30.54000,30.10000,30.24000,18500
2024-03-27,31.18000,31.33000,30.80000,31.22000,14900
2024-03-28,31.46000,31.60000,31.36000,31.45000,16200
2024-04-01,30.78000,30.94000,30.47000,30.71000,18300
2024-04-02,30.56000,30.70000,30.39000,30.51000,7200
2024-04-03,30.60000,30.80000,30.53000,30.64000,8500
2024-04-04,30.85000,31.46000,30.38000,30.64000,42900
2024-04-05,30.69000,30.80000,30.47000,30.58000,9900
2024-04-08,30.19000,30.72000,30.13000,30.39000,16900
2024-04-09,30.50000,30.65000,30.17000,30.46000,7600
2024-04-10,30.17000,31.10000,30.06000,30.94000,6500
2024-04-11,30.42000,30.42000,30.17000,30.24000,9000
2024-04-12,30.05000,30.05000,29.77000,29.85000,12000
2024-04-15,29.70000,29.70000,29.09000,29.13000,11200
2024-04-16,28.66000,28.80000,28.51000,28.78000,15700
2024-04-17,29.08000,29.09000,28.85000,28.88000,10100
2024-04-18,28.65000,28.65000,28.29000,28.48000,6200
2024-04-19,28.00000,28.18000,27.56000,27.81000,19800
2024-04-22,27.28000,27.92000,27.28000,27.88000,16400
2024-04-23,28.00000,28.27000,27.97000,28.09000,8400
2024-04-24,28.68000,28.70000,28.28000,28.40000,17000
2024-04-25,27.93000,28.34000,27.93000,28.34000,11800
2024-04-26,28.43000,28.61000,28.42000,28.43000,9700
2024-04-29,28.58000,28.78000,28.57000,28.67000,7100
2024-04-30,27.94000,28.33000,27.66000,27.89000,9400
2024-05-01,27.89000,28.22000,27.64000,27.85000,10700
2024-05-02,28.02000,28.59000,28.02000,28.59000,9000
2024-05-03,28.16000,28.52000,28.14000,28.21000,12100
2024-05-06,28.03000,28.19000,27.92000,28.19000,9700
2024-05-07,28.06000,28.18000,27.84000,28.04000,4500
2024-05-08,27.92000,28.06000,27.70000,28.00000,6900
2024-05-09,27.46000,28.34000,27.00000,28.03000,10700
2024-05-10,27.01000,27.39000,24.50000,25.74000,62300
2024-05-13,25.74000,26.35000,25.15000,25.96000,28000
2024-05-14,26.11000,26.69000,26.11000,26.43000,21800
2024-05-15,26.60000,27.06000,26.59000,27.06000,7800
2024-05-16,26.88000,27.21000,26.01000,26.63000,17000
2024-05-17,26.55000,26.72000,26.50000,26.70000,9700
2024-05-20,26.80000,27.06000,26.62000,26.72000,17100
2024-05-21,27.36000,27.52000,27.24000,27.36000,12900
2024-05-22,28.01000,28.22000,27.89000,28.03000,11300
2024-05-23,27.31000,27.50000,27.20000,27.30000,11900
2024-05-24,27.26000,27.52000,27.26000,27.49000,5400
2024-05-28,27.53000,27.92000,27.50000,27.60000,15200
2024-05-29,27.72000,27.87000,27.60000,27.60000,15100
2024-05-30,27.75000,27.96000,27.35000,27.35000,16600
2024-05-31,27.00000,27.21000,26.82000,27.21000,18400
2024-06-03,27.25000,27.30000,26.96000,26.96000,11700
2024-06-04,26.88000,26.97000,26.68000,26.97000,16300
2024-06-05,26.87000,27.42000,26.86000,27.40000,15000
2024-06-06,26.92000,26.92000,26.71000,26.91000,9400
2024-06-07,27.21000,27.43000,25.60000,25.60000,13800
2024-06-10,26.47000,26.64000,25.50000,26.42000,10000
2024-06-11,26.54000,26.76000,26.49000,26.66000,12300
2024-06-12,26.94000,27.26000,26.86000,27.07000,10200
2024-06-13,27.11000,27.25000,26.97000,27.15000,8700
2024-06-14,27.38000,27.48000,26.95000,27.48000,8300
2024-06-17,27.19000,27.67000,27.19000,27.63000,14000
2024-06-18,27.49000,27.55000,27.34000,27.52000,12800
2024-06-20,27.53000,27.80000,27.34000,27.50000,16800
2024-06-21,27.80000,27.80000,27.56000,27.56000,14000
2024-06-24,27.45000,27.51000,27.36000,27.46000,17300
2024-06-25,27.50000,27.50000,27.38000,27.43000,10200
2024-06-26,27.49000,27.49000,27.23000,27.26000,22100
2024-06-27,26.09000,26.18000,25.94000,26.06000,11300
2024-06-28,26.05000,26.35000,26.05000,26.11000,11800
2024-07-01,25.89000,25.98000,25.75000,25.93000,10100
2024-07-02,25.83000,25.98000,25.81000,25.94000,12100
2024-07-03,26.00000,26.36000,26.00000,26.32000,7300
2024-07-05,26.43000,26.59000,26.36000,26.49000,6200
2024-07-08,26.66000,26.81000,26.62000,26.64000,9300
2024-07-09,26.14000,26.14000,25.88000,25.91000,18600
2024-07-10,26.58000,26.91000,26.29000,26.55000,13200
2024-07-11,26.82000,26.82000,26.50000,26.63000,11500
2024-07-12,26.56000,26.85000,26.56000,26.83000,11900
2024-07-15,26.56000,26.56000,26.00000,26.03000,27100
2024-07-16,26.33000,26.50000,26.26000,26.50000,7700
2024-07-17,26.12000,26.13000,25.81000,25.93000,9000
2024-07-18,25.91000,26.07000,25.59000,25.80000,20300
2024-07-19,25.35000,25.35000,25.14000,25.15000,14600
2024-07-22,24.55000,24.86000,24.55000,24.79000,25000
2024-07-23,24.79000,25.03000,24.79000,24.89000,14200
2024-07-24,24.84000,24.88000,24.42000,24.42000,11600
2024-07-25,24.52000,24.52000,24.19000,24.29000,23800
2024-07-26,24.49000,24.72000,24.49000,24.66000,18200
2024-07-29,24.37000,24.70000,22.46000,23.79000,39700
2024-07-30,23.85000,24.11000,23.64000,23.80000,27900
2024-07-31,23.95000,24.06000,23.72000,24.00000,21400
2024-08-01,24.27000,24.41000,23.94000,24.09000,20400
2024-08-02,22.74000,23.56000,22.71000,23.48000,33600
2024-08-05,21.80000,22.22000,21.77000,21.91000,58800
2024-08-06,21.97000,22.10000,21.83000,21.89000,35200
2024-08-07,22.96000,23.05000,22.34000,22.57000,21500
2024-08-08,22.61000,22.94000,22.61000,22.92000,22400
2024-08-09,22.32000,23.11000,22.32000,22.68000,17200
2024-08-12,23.56000,23.65000,22.60000,23.59000,41200
2024-08-13,24.06000,24.20000,23.59000,24.12000,15100
2024-08-14,23.44000,23.59000,23.09000,23.47000,10100
2024-08-15,23.26000,23.34000,23.20000,23.30000,24000
2024-08-16,23.02000,23.12000,22.98000,23.07000,17300
2024-08-19,23.03000,23.29000,22.51000,23.24000,17400
2024-08-20,23.24000,23.30000,23.09000,23.16000,15900
2024-08-21,23.21000,23.33000,23.06000,23.12000,21400
2024-08-22,23.29000,23.29000,23.02000,23.06000,19300
2024-08-23,23.11000,23.42000,23.11000,23.31000,9300
2024-08-26,23.40000,23.43000,23.26000,23.32000,15600
2024-08-27,23.24000,23.47000,23.22000,23.38000,16900
2024-08-28,23.27000,23.38000,23.06000,23.17000,9200
2024-08-29,23.29000,23.54000,23.29000,23.43000,16300
2024-08-30,23.69000,23.73000,23.57000,23.65000,11400
2024-09-03,23.43000,23.43000,22.82000,22.82000,26800
2024-09-04,22.50000,22.61000,22.27000,22.44000,32900
2024-09-05,22.39000,22.42000,22.18000,22.27000,34600
2024-09-06,22.45000,22.45000,21.75000,21.89000,34500
2024-09-09,22.32000,22.51000,22.29000,22.41000,19700
2024-09-10,22.17000,22.17000,21.47000,21.65000,18700
2024-09-11,22.22000,22.40000,21.92000,22.33000,27800
2024-09-12,22.34000,22.43000,22.20000,22.38000,13800
2024-09-13,22.72000,22.92000,22.72000,22.80000,19600
2024-09-16,23.01000,23.01000,22.83000,22.95000,11900
2024-09-17,23.12000,23.12000,22.88000,22.98000,12100
2024-09-18,22.87000,22.98000,22.60000,22.81000,13800
2024-09-19,22.97000,23.12000,22.93000,23.05000,11000
2024-09-20,22.90000,22.94000,22.81000,22.89000,11800
2024-09-23,22.89000,22.94000,22.87000,22.91000,11300
2024-09-24,22.97000,23.04000,22.91000,22.93000,8700
2024-09-25,23.10000,23.14000,22.94000,22.97000,16200
2024-09-26,23.20000,23.40000,23.18000,23.39000,16600
2024-09-27,23.57000,23.85000,23.51000,23.66000,21300
2024-09-30,23.58000,23.58000,23.30000,23.40000,9900
2024-10-01,23.37000,23.37000,23.01000,23.26000,15400
2024-10-02,23.20000,23.34000,23.08000,23.18000,17000
2024-10-03,23.00000,23.25000,23.00000,23.25000,13200
2024-10-04,23.13000,23.20000,23.00000,23.12000,8500
2024-10-07,23.34000,23.45000,23.28000,23.38000,11000
2024-10-08,23.25000,23.25000,23.11000,23.20000,7100
2024-10-09,23.19000,23.19000,22.75000,22.93000,6700
2024-10-10,22.38000,23.04000,22.10000,22.97000,13100
2024-10-11,22.62000,22.65000,22.54000,22.65000,8300
2024-10-14,22.40000,22.59000,22.40000,22.48000,17600
2024-10-15,22.30000,22.35000,21.90000,22.04000,18200
2024-10-16,22.58000,22.74000,22.55000,22.74000,19900
2024-10-17,22.77000,22.79000,22.59000,22.64000,9900
2024-10-18,22.60000,22.60000,22.46000,22.51000,9200
2024-10-21,22.58000,22.66000,22.44000,22.64000,23300
2024-10-22,22.59000,22.64000,22.56000,22.57000,11400
2024-10-23,22.49000,22.53000,22.28000,22.51000,14600
2024-10-24,22.33000,22.33000,22.11000,22.31000,11100
2024-10-25,22.48000,22.57000,22.34000,22.34000,15300
2024-10-28,22.22000,22.25000,22.13000,22.19000,16100
2024-10-29,21.89000,21.96000,21.81000,21.96000,10400
2024-10-30,22.03000,22.04000,21.69000,21.79000,12800
2024-10-31,21.73000,21.78000,21.58000,21.69000,26500
2024-11-01,22.22000,22.48000,22.19000,22.36000,20900
2024-11-04,22.35000,22.40000,22.16000,22.20000,16400
2024-11-05,22.16000,22.35000,22.16000,22.35000,10300
2024-11-06,21.19000,21.52000,20.38000,21.32000,18900
2024-11-07,21.62000,21.76000,21.60000,21.61000,17300
2024-11-08,21.00000,21.02000,20.58000,20.72000,32200
2024-11-11,20.44000,20.44000,20.24000,20.44000,44200
2024-11-12,20.10000,20.15000,19.93000,20.11000,25500
2024-11-13,19.46000,19.58000,19.27000,19.30000,33600
2024-11-14,19.49000,19.51000,19.31000,19.36000,39400
2024-11-15,19.62000,19.62000,19.48000,19.52000,24200
2024-11-18,19.50000,19.61000,19.19000,19.53000,45400
2024-11-19,19.54000,19.73000,19.50000,19.73000,47800
2024-11-20,19.50000,19.50000,19.19000,19.31000,41800
2024-11-21,19.50000,19.51000,19.39000,19.40000,48300
2024-11-22,19.50000,19.62000,19.48000,19.58000,23600
2024-11-25,19.77000,19.93000,19.72000,19.92000,19500
2024-11-26,19.96000,20.03000,19.92000,19.98000,23200
2024-11-27,19.74000,19.74000,19.31000,19.48000,19400
2024-11-29,19.55000,19.67000,19.49000,19.62000,3500
2024-12-02,19.74000,19.90000,19.74000,19.90000,22400
2024-12-03,19.62000,19.66000,19.43000,19.58000,16900
2024-12-04,19.65000,19.73000,19.60000,19.73000,18500
2024-12-05,19.73000,19.83000,19.58000,19.74000,19700
2024-12-06,19.63000,19.72000,19.55000,19.66000,27500
2024-12-09,19.42000,19.50000,19.17000,19.40000,52700
2024-12-10,19.18000,19.39000,19.10000,19.30000,34500
2024-12-11,19.20000,19.40000,19.11000,19.24000,27100
2024-12-12,19.11000,19.19000,18.74000,18.84000,32300
2024-12-13,18.73000,18.83000,18.51000,18.70000,37000
2024-12-16,18.50000,18.60000,18.20000,18.38000,29100
2024-12-17,18.44000,18.44000,18.24000,18.35000,27000
2024-12-18,19.15000,19.22000,18.81000,18.97000,45000
2024-12-19,18.83000,18.91000,18.63000,18.73000,28500
2024-12-20,18.91000,19.30000,18.64000,19.11000,27700
2024-12-23,19.10000,19.49000,19.04000,19.13000,47100
2024-12-24,19.29000,19.29000,19.04000,19.21000,7300
2024-12-26,19.37000,19.49000,19.16000,19.39000,22000
2024-12-27,19.20000,19.22000,18.93000,19.10000,21300
2024-12-30,18.91000,18.91000,18.65000,18.82000,27400
2024-12-31,18.81000,18.95000,18.77000,18.83000,22500
2025-01-02,18.80000,18.88000,18.63000,18.82000,13500
2025-01-03,18.63000,18.90000,18.61000,18.84000,26500
2025-01-06,18.85000,18.95000,18.53000,18.78000,23300
2025-01-07,18.83000,18.97000,18.65000,18.75000,26800
2025-01-08,18.75000,18.92000,18.50000,18.68000,14600
2025-01-10,18.40000,18.55000,18.11000,18.13000,22800
2025-01-13,17.85000,18.16000,17.70000,17.71000,23400
2025-01-14,18.02000,18.60000,17.88000,18.28000,25200
2025-01-15,18.33000,18.50000,18.17000,18.37000,34300
2025-01-16,18.30000,18.36000,18.18000,18.18000,8900
2025-01-17,18.40000,18.60000,18.24000,18.24000,11600
2025-01-21,19.00000,19.45000,18.71000,18.72000,46600
2025-01-22,19.63000,20.84000,19.32000,20.78000,32300
2025-01-23,20.60000,20.95000,20.03000,20.72000,21200
2025-01-24,20.91000,21.00000,20.04000,20.54000,55400
2025-01-27,20.48000,20.48000,19.52000,19.97000,16900
2025-01-28,19.98000,20.49000,19.79000,20.35000,38300
2025-01-29,20.49000,20.53000,19.88000,20.43000,29400
2025-01-30,20.40000,21.02000,20.01000,20.63000,28900
2025-01-31,20.81000,20.81000,19.67000,19.86000,18200
2025-02-03,19.45000,19.45000,18.96000,19.00000,26400
2025-02-04,18.76000,19.28000,18.68000,19.02000,18900
2025-02-05,18.99000,19.33000,18.76000,19.20000,30000
2025-02-06,19.24000,19.24000,18.81000,19.02000,38600
2025-02-07,19.30000,19.48000,19.17000,19.32000,35000
2025-02-10,19.50000,19.89000,19.33000,19.80000,12700
2025-02-11,19.80000,19.89000,19.60000,19.89000,12400
2025-02-12,19.56000,19.91000,19.50000,19.61000,11900
2025-02-13,19.92000,20.53000,19.70000,20.33000,23900
2025-02-14,20.30000,20.73000,19.86000,20.52000,26300
2025-02-18,20.23000,20.80000,20.20000,20.25000,21300
2025-02-19,20.71000,20.88000,20.63000,20.71000,10500
2025-02-20,21.15000,21.15000,20.71000,20.92000,25100
2025-02-21,20.82000,20.83000,20.26000,20.50000,24200
2025-02-24,20.41000,20.75000,20.10000,20.57000,20200
2025-02-25,20.57000,20.80000,19.39000,19.71000,18200
2025-02-26,19.53000,19.65000,18.85000,18.89000,23600
2025-02-27,19.19000,19.20000,18.34000,18.49000,26200
2025-02-28,18.70000,18.87000,18.16000,18.59000,21400
2025-03-03,18.60000,18.63000,17.90000,18.20000,22100
2025-03-04,18.34000,18.71000,18.00000,18.30000,16300
2025-03-05,18.27000,18.73000,18.25000,18.65000,17500
2025-03-06,18.51000,18.55000,18.21000,18.53000,26900
2025-03-07,18.53000,18.76000,18.21000,18.70000,14800
2025-03-10,18.07000,18.49000,17.78000,17.78000,10900
2025-03-11,18.01000,18.20000,17.41000,17.48000,43600
2025-03-12,17.95000,18.59000,17.90000,18.50000,47700
2025-03-13,18.49000,18.65000,17.77000,18.18000,27900
2025-03-14,18.67000,18.67000,18.31000,18.32000,16800
2025-03-17,18.60000,18.96000,18.36000,18.63000,21100
2025-03-18,18.61000,18.68000,18.36000,18.66000,21100
2025-03-19,18.77000,18.80000,18.41000,18.80000,24000
2025-03-20,18.63000,18.80000,18.52000,18.68000,12000
2025-03-21,18.33000,18.61000,18.24000,18.49000,10600
2025-03-24,18.36000,18.60000,17.97000,18.46000,30300
2025-03-25,18.23000,18.23000,17.60000,18.08000,12100
2025-03-26,18.35000,18.38000,18.20000,18.34000,23800
2025-03-27,18.25000,18.45000,17.60000,18.08000,22200
2025-03-28,17.83000,17.83000,17.45000,17.64000,24600
2025-03-31,17.39000,17.40000,16.41000,16.84000,42200
2025-04-01,16.74000,17.26000,16.50000,16.88000,77000
2025-04-02,16.79000,17.45000,16.78000,17.05000,41700
2025-04-03,16.65000,16.65000,16.50000,16.58000,26500
2025-04-04,16.25000,16.88000,15.22000,15.22000,42600
2025-04-07,13.80000,15.38000,13.80000,14.31000,33400
2025-04-08,14.49000,14.77000,13.51000,13.75000,50300
2025-04-09,13.36000,14.51000,12.78000,14.45000,38500
2025-04-10,14.26000,14.52000,13.52000,13.71000,29900
2025-04-11,15.19000,15.52000,14.38000,15.39000,56600
2025-04-14,15.72000,15.90000,15.40000,15.66000,46200
2025-04-15,15.97000,16.25000,15.65000,16.07000,33700
2025-04-16,15.61000,15.79000,15.21000,15.74000,29800
2025-04-17,15.74000,15.83000,15.62000,15.74000,26000
2025-04-21,15.48000,15.48000,14.99000,15.09000,31100
2025-04-22,15.19000,15.72000,15.00000,15.27000,50800
2025-04-23,15.72000,16.23000,15.62000,15.82000,16800
2025-04-24,15.83000,16.17000,15.63000,16.00000,21100
2025-04-25,16.10000,16.28000,15.84000,16.09000,21400
2025-04-28,16.50000,16.50000,16.05000,16.37000,37200
2025-04-29,16.67000,17.00000,16.30000,16.83000,63000
2025-04-30,16.51000,17.08000,16.24000,16.51000,48400
2025-05-01,16.82000,17.54000,16.61000,17.12000,52200
2025-05-02,17.40000,18.07000,17.36000,17.78000,52000
2025-05-05,17.67000,18.21000,17.59000,17.84000,29200
2025-05-06,17.51000,17.58000,17.31000,17.31000,23500
2025-05-07,17.36000,17.88000,17.07000,17.08000,21400
2025-05-08,17.48000,17.99000,17.38000,17.38000,27400
2025-05-09,17.62000,17.92000,17.03000,17.64000,35900
2025-05-12,17.91000,18.35000,17.57000,18.31000,47200
2025-05-13,18.41000,18.79000,17.84000,18.16000,21200
2025-05-14,18.03000,18.94000,17.80000,18.79000,22700
2025-05-15,18.55000,19.26000,18.55000,19.00000,8000
2025-05-16,19.03000,19.41000,18.76000,19.21000,21700
2025-05-19,18.68000,19.03000,18.68000,18.79000,18200
2025-05-20,19.30000,19.30000,18.33000,18.88000,25500
2025-05-21,18.94000,19.08000,18.39000,18.54000,21600
2025-05-22,18.85000,19.82000,18.77000,18.77000,33200
2025-05-23,18.77000,18.94000,18.61000,18.92000,10200
2025-05-27,18.74000,19.19000,18.01000,18.91000,12800
2025-05-28,19.00000,19.35000,18.92000,18.93000,10500
2025-05-29,19.06000,19.17000,18.77000,18.86000,16000
2025-05-30,19.36000,19.36000,18.25000,18.78000,11100
2025-06-02,18.53000,18.76000,18.13000,18.50000,26400
2025-06-03,18.60000,19.04000,18.54000,18.54000,12300
2025-06-04,18.58000,19.14000,18.54000,18.55000,11100
2025-06-05,19.37000,19.37000,18.95000,19.15000,10300
2025-06-06,19.55000,19.96000,19.50000,19.64000,18000
2025-06-09,19.27000,19.93000,19.27000,19.77000,9300
2025-06-10,19.80000,20.33000,19.79000,19.95000,8000
2025-06-11,20.09000,20.59000,20.01000,20.05000,8400
2025-06-12,19.42000,20.01000,19.42000,19.80000,11600
2025-06-13,19.80000,19.80000,19.25000,19.25000,9800
2025-06-16,19.35000,20.00000,19.35000,19.61000,24500
2025-06-17,19.72000,19.72000,19.31000,19.31000,15200
2025-06-18,19.50000,19.78000,19.14000,19.51000,12700
2025-06-20,19.50000,19.50000,18.57000,18.59000,17200
2025-06-23,18.80000,19.21000,18.59000,18.64000,12800
2025-06-24,18.99000,19.42000,18.76000,19.35000,25600
2025-06-25,19.37000,19.60000,19.16000,19.20000,18800
2025-06-26,19.25000,20.25000,19.25000,19.50000,100900
2025-06-27,18.65000,18.96000,17.97000,18.51000,67200
2025-06-30,18.40000,18.49000,17.67000,18.11000,48000
2025-07-01,17.79000,18.16000,17.79000,18.12000,33400
2025-07-02,18.28000,18.89000,18.21000,18.69000,13200
2025-07-03,19.01000,19.20000,18.85000,18.95000,26700
2025-07-07,18.50000,18.68000,18.02000,18.19000,34700
2025-07-08,18.22000,18.47000,18.17000,18.40000,11500
2025-07-09,18.59000,18.72000,18.43000,18.63000,12400
2025-07-10,18.77000,18.97000,18.36000,18.67000,14500
2025-07-11,18.08000,18.50000,18.08000,18.31000,11500
2025-07-14,17.83000,17.96000,17.71000,17.72000,13300
2025-07-15,17.75000,17.75000,17.41000,17.41000,12000
2025-07-16,18.20000,18.22000,17.70000,18.04000,27600
2025-07-17,18.40000,18.78000,18.30000,18.50000,20200
2025-07-18,18.51000,18.51000,18.06000,18.12000,14700
2025-07-21,18.23000,18.41000,18.12000,18.21000,13800
2025-07-22,17.70000,17.79000,17.35000,17.69000,17000
2025-07-23,17.85000,18.32000,17.80000,18.23000,23000
2025-07-24,18.31000,18.31000,18.06000,18.21000,7200
2025-07-25,17.91000,18.15000,17.81000,17.81000,15300
2025-07-28,17.85000,17.85000,17.12000,17.49000,46500
2025-07-29,17.84000,17.84000,17.37000,17.38000,9200
2025-07-30,17.48000,17.50000,16.87000,16.87000,17900
2025-07-31,17.06000,17.14000,16.69000,16.96000,37000
2025-08-01,16.97000,17.15000,16.68000,16.87000,43900
2025-08-04,16.95000,17.57000,16.95000,17.43000,25000
2025-08-05,17.20000,17.52000,17.20000,17.44000,21200
2025-08-06,17.36000,17.50000,17.14000,17.46000,21800
2025-08-07,17.52000,17.90000,17.52000,17.88000,13400
2025-08-08,17.71000,18.00000,17.62000,17.98000,12900
2025-08-11,17.72000,17.94000,17.67000,17.78000,8500
2025-08-12,17.54000,17.75000,17.50000,17.52000,19700
2025-08-13,16.94000,17.01000,16.65000,16.65000,14600
2025-08-14,16.50000,16.53000,16.32000,16.40000,15800
2025-08-15,16.46000,16.46000,16.01000,16.03000,17600
2025-08-18,16.03000,16.17000,15.90000,15.94000,15400
2025-08-19,15.56000,15.56000,15.09000,15.09000,14800
2025-08-20,15.35000,15.60000,15.06000,15.16000,13300
2025-08-21,15.19000,15.39000,15.09000,15.25000,28800
2025-08-22,15.62000,16.01000,15.34000,15.79000,14800
2025-08-25,15.55000,15.79000,15.28000,15.36000,18300
2025-08-26,15.41000,15.59000,15.30000,15.46000,20200
2025-08-27,15.71000,15.96000,15.67000,15.81000,13800
2025-08-28,15.98000,16.04000,15.82000,16.02000,10600
2025-08-29,16.00000,16.00000,15.65000,15.72000,7900
2025-09-02,15.71000,15.97000,15.15000,15.19000,17700
2025-09-03,16.48000,16.90000,16.33000,16.90000,48300
2025-09-04,16.97000,17.15000,16.85000,17.05000,23500
2025-09-05,17.21000,17.53000,17.21000,17.50000,24300
2025-09-08,17.77000,18.00000,17.70000,17.90000,17600
2025-09-09,17.95000,18.00000,17.79000,17.83000,10000
2025-09-10,17.82000,17.95000,17.77000,17.77000,6400
2025-09-11,17.75000,17.75000,17.55000,17.73000,8400
2025-09-12,17.61000,17.81000,17.53000,17.72000,8100
2025-09-15,18.00000,18.34000,18.00000,18.32000,17500
2025-09-16,18.35000,18.66000,18.35000,18.66000,15500
2025-09-17,18.34000,18.60000,18.30000,18.60000,7200
2025-09-18,18.80000,19.42000,18.80000,19.36000,32600
2025-09-19,19.32000,19.51000,19.30000,19.38000,19300
2025-09-22,19.40000,19.67000,19.40000,19.67000,8800
2025-09-23,19.90000,20.10000,19.90000,19.98000,18100
2025-09-24,19.98000,19.98000,19.77000,19.91000,6600
2025-09-25,19.54000,19.60000,19.43000,19.58000,12100
2025-09-26,19.14000,19.14000,18.69000,18.86000,10900
2025-09-29,19.29000,19.29000,18.94000,19.05000,6500
2025-09-30,19.15000,19.31000,19.11000,19.11000,9400
2025-10-01,19.25000,19.57000,19.15000,19.34000,7500
2025-10-02,20.15000,20.79000,20.15000,20.55000,24900
2025-10-03,20.24000,20.50000,19.92000,20.15000,9800
2025-10-06,20.14000,20.17000,19.91000,20.11000,7800
2025-10-07,20.00000,20.32000,20.00000,20.01000,11300
2025-10-08,20.17000,20.20000,19.94000,20.16000,5200
2025-10-09,20.48000,21.18000,20.30000,20.89000,47800
2025-10-10,20.89000,20.89000,19.83000,19.85000,8800
2025-10-13,19.80000,19.82000,19.48000,19.48000,3200
2025-10-14,19.48000,19.48000,19.24000,19.29000,6100
2025-10-15,19.90000,19.99000,19.37000,19.63000,2600
2025-10-16,20.00000,20.00000,19.80000,19.84000,2800
2025-10-17,20.05000,20.38000,20.05000,20.32000,5800
2025-10-20,20.50000,21.39000,20.50000,21.16000,8100
2025-10-21,20.90000,20.90000,20.43000,20.57000,2600
2025-10-22,20.40000,20.58000,20.20000,20.35000,4500
2025-10-23,20.08000,20.51000,20.08000,20.43000,2900
2025-10-24,20.52000,20.64000,20.05000,20.48000,3100
2025-10-27,21.33000,21.70000,21.33000,21.41000,25900
2025-10-28,22.12000,23.32000,22.12000,23.29000,32900
2025-10-29,22.78000,22.78000,21.80000,21.93000,7600
2025-10-30,21.80000,21.80000,21.40000,21.41000,26900
2025-10-31,21.12000,21.20000,21.00000,21.20000,14300
2025-11-03,21.65000,22.40000,21.65000,21.92000,7000
2025-11-04,21.13000,21.60000,20.77000,21.09000,9600
2025-11-05,20.45000,21.62000,20.45000,21.62000,13900
2025-11-06,22.02000,22.09000,21.94000,21.94000,6800
2025-11-07,21.87000,21.91000,21.40000,21.91000,2600
2025-11-10,22.15000,22.48000,21.93000,22.48000,10100
2025-11-11,23.78000,23.78000,22.00000,22.10000,22100
2025-11-12,24.51000,25.87000,23.89000,25.76000,89900
2025-11-13,27.55000,28.10000,27.55000,27.89000,29500
2025-11-14,29.40000,30.98000,29.40000,30.82000,74600
2025-11-17,30.20000,30.20000,27.81000,28.55000,47600
2025-11-18,28.80000,29.92000,28.80000,29.50000,26400
2025-11-19,29.40000,29.94000,29.40000,29.79000,17400
2025-11-20,29.86000,30.00000,29.08000,29.08000,13700
2025-11-21,28.92000,28.92000,28.13000,28.20000,13600
2025-11-24,28.14000,28.27000,27.20000,27.47000,41200
2025-11-25,27.78000,28.09000,27.72000,27.92000,11500
2025-11-26,27.03000,27.35000,26.58000,27.05000,19900
2025-11-28,26.86000,27.33000,26.86000,27.33000,5300
2025-12-01,27.08000,27.32000,25.27000,26.97000,17300
2025-12-02,27.40000,28.36000,27.40000,28.03000,17600
2025-12-03,27.79000,28.15000,27.79000,28.07000,6000
2025-12-04,27.55000,28.09000,27.55000,27.77000,8300
2025-12-05,28.00000,28.00000,27.85000,27.97000,8200
2025-12-08,28.50000,29.37000,28.50000,29.11000,42900
2025-12-09,29.80000,30.15000,29.80000,29.93000,11900
2025-12-10,29.50000,29.50000,28.63000,29.16000,4200
2025-12-11,29.13000,29.76000,29.01000,29.46000,12300
2025-12-12,29.49000,30.00000,28.90000,28.90000,28200
2025-12-15,28.60000,28.67000,28.28000,28.29000,26800
2025-12-16,28.20000,28.24000,27.50000,27.57000,5900
2025-12-17,28.00000,28.28000,27.74000,27.75000,3400
2025-12-18,28.13000,28.72000,28.12000,28.19000,4500
2025-12-19,28.17000,28.25000,27.91000,27.92000,3300
2025-12-22,28.80000,29.12000,28.40000,28.40000,10400
2025-12-23,28.36000,28.64000,28.20000,28.52000,9500
2025-12-24,28.71000,28.89000,28.59000,28.59000,4000
2025-12-26,29.90000,30.49000,29.90000,30.27000,15500
2025-12-29,29.99000,29.99000,29.13000,29.70000,5200
2025-12-30,30.30000,30.65000,30.01000,30.46000,9300
2025-12-31,29.99000,30.02000,29.31000,29.63000,4700
2026-01-02,30.30000,30.56000,30.30000,30.54000,15900
2026-01-05,29.70000,30.45000,29.70000,30.14000,17900
2026-01-06,31.80000,32.51000,31.80000,32.21000,51900
2026-01-07,32.69000,33.70000,32.69000,33.57000,29700
2026-01-08,33.39000,33.88000,33.08000,33.24000,7800
2026-01-09,36.15000,36.60000,35.00000,36.60000,61100
2026-01-12,36.85000,37.78000,36.85000,37.78000,57500
2026-01-13,37.75000,37.89000,37.01000,37.01000,23900
2026-01-14,37.73000,38.10000,37.05000,38.05000,104300
2026-01-15,39.09000,39.94000,38.85000,39.43000,39500
2026-01-16,42.42000,43.16000,41.74000,42.57000,71800
2026-01-20,44.57000,45.43000,44.50000,44.66000,65100
2026-01-21,43.14000,43.14000,41.61000,42.53000,100700
2026-01-22,42.46000,42.46000,41.51000,41.80000,34900
2026-01-23,41.81000,41.94000,41.35000,41.94000,18600
2026-01-26,41.81000,42.60000,41.69000,42.19000,19700
2026-01-27,42.24000,42.92000,42.19000,42.92000,18500
2026-01-28,42.70000,42.79000,41.51000,41.70000,26200
2026-01-29,40.46000,40.46000,38.30000,38.80000,56300
2026-01-30,38.19000,38.37000,37.08000,37.13000,45800
2026-02-02,36.58000,37.10000,33.25000,36.64000,39600
2026-02-03,35.78000,35.85000,34.56000,35.20000,22000
2026-02-04,34.74000,35.25000,34.15000,34.55000,31300
2026-02-05,33.64000,33.97000,33.14000,33.32000,46800
2026-02-06,33.11000,33.87000,33.11000,33.56000,60700
2026-02-09,33.68000,34.25000,33.61000,34.13000,19900
2026-02-10,33.91000,35.73000,33.76000,35.10000,51600
2026-02-11,34.80000,35.50000,34.50000,35.21000,22800
2026-02-12,35.62000,35.91000,34.92000,35.47000,44700
2026-02-13,35.77000,35.90000,34.98000,35.34000,20100
2026-02-17,34.85000,35.10000,33.88000,34.47000,29600
2026-02-18,34.58000,35.31000,34.12000,34.14000,21400
2026-02-19,33.89000,33.93000,30.63000,33.42000,121800
2026-02-20,33.17000,34.50000,33.17000,34.20000,20200
2026-02-23,34.50000,35.61000,34.50000,35.07000,35700
2026-02-24,37.06000,40.40000,36.89000,39.98000,86800
2026-02-25,41.00000,43.20000,41.00000,42.28000,44500
2026-02-26,43.70000,45.04000,42.66000,44.80000,80200
2026-02-27,44.13000,44.99000,43.64000,44.93000,22800
2026-03-02,43.58000,43.92000,42.36000,43.25000,32700
2026-03-03,40.30000,40.30000,37.02000,38.25000,74700
2026-03-04,37.95000,37.95000,37.00000,37.65000,26500
2026-03-05,38.31000,38.96000,38.20000,38.61000,24900
2026-03-06,37.65000,38.49000,36.98000,36.99000,26000
2026-03-09,36.95000,38.35000,36.02000,38.09000,51600
2026-03-10,38.93000,39.39000,38.11000,38.95000,62100
2026-03-11,39.61000,40.10000,38.97000,39.82000,28000
2026-03-12,38.86000,38.89000,37.79000,38.08000,90200
2026-03-13,38.50000,38.62000,37.43000,37.73000,42200
2026-03-16,38.34000,39.79000,38.34000,39.75000,34800
2026-03-17,40.26000,41.25000,40.18000,40.93000,36400
2026-03-18,40.37000,41.50000,39.76000,40.03000,66000
2026-03-19,39.75000,40.54000,39.13000,40.54000,15300
2026-03-20,40.25000,40.25000,38.23000,38.23000,42300
2026-03-23,37.88000,39.25000,37.48000,39.05000,110100
2026-03-24,36.81000,37.80000,35.77000,37.76000,105300
2026-03-25,38.80000,38.80000,37.49000,38.07000,58900
2026-03-26,37.49000,37.49000,36.28000,36.32000,36100
2026-03-27,35.65000,36.04000,35.00000,35.82000,49400
2026-03-30,35.98000,38.10000,34.95000,35.22000,55700
2026-03-31,35.22000,35.99000,34.20000,35.78000,56600
2026-04-01,36.25000,36.92000,34.80000,35.90000,46500
2026-04-02,35.09000,37.73000,34.88000,36.71000,117500
2026-04-06,36.71000,37.03000,36.41000,36.57000,34200
2026-04-07,36.36000,36.36000,35.47000,36.00000,20900
2026-04-08,38.16000,39.51000,38.16000,38.98000,37400
2026-04-09,38.56000,39.22000,38.36000,39.18000,54900
2026-04-10,40.13000,41.14000,39.87000,40.91000,54200
2026-04-13,40.30000,41.01000,40.02000,40.91000,30500
2026-04-14,41.38000,41.50000,40.41000,41.05000,41600
2026-04-15,41.60000,43.17990,41.60000,42.69000,29209
