date,open,high,low,close,volume
2016-02-04,1.76000,1.78000,1.72000,1.74000,20500
2016-02-05,1.71000,1.75000,1.48000,1.67000,60600
2016-02-08,1.61000,1.79000,1.58000,1.66000,35300
2016-02-09,1.69000,1.76000,1.49000,1.56000,25900
2016-02-10,1.63000,1.80000,1.63000,1.76000,31500
2016-02-11,1.71000,1.78000,1.61000,1.66000,15000
2016-02-12,1.70000,1.70000,1.52000,1.63000,15900
2016-02-16,1.61000,1.74000,1.55000,1.73000,24700
2016-02-17,1.74000,1.83000,1.65000,1.73000,21000
2016-02-18,1.68000,1.74000,1.58000,1.71000,24900
2016-02-19,1.71000,1.99000,1.69000,1.81000,23000
2016-02-22,1.82000,1.97000,1.82000,1.95000,16500
2016-02-23,1.97000,2.29000,1.93000,2.22000,48900
2016-02-24,2.22000,2.36000,1.96000,2.30000,35800
2016-02-25,2.29000,2.34000,2.05000,2.12000,10500
2016-02-26,2.11000,2.25000,2.11000,2.16000,8800
2016-02-29,2.21000,2.24000,2.04000,2.19000,17800
2016-03-01,2.20000,2.20000,2.08000,2.15000,24000
2016-03-02,2.20000,2.20000,2.09000,2.18000,21100
2016-03-03,2.18000,2.20000,2.05000,2.05000,23400
2016-03-04,2.16000,2.20000,2.10000,2.20000,21200
2016-03-07,2.18000,2.31000,2.14000,2.20000,50100
2016-03-08,2.10000,2.35000,2.05000,2.35000,65900
2016-03-09,2.30000,2.44000,2.18000,2.27000,32400
2016-03-10,2.27000,2.38000,2.17000,2.26000,11500
2016-03-11,2.20000,2.23000,2.15000,2.19000,5200
2016-03-14,2.17000,2.33000,2.09000,2.25000,21800
2016-03-15,2.22000,2.34000,2.08000,2.22000,25300
2016-03-16,2.34000,2.34000,2.11000,2.13000,19000
2016-03-17,2.13000,2.27000,2.13000,2.22000,36900
2016-03-18,2.25000,2.28000,2.06000,2.24000,14100
2016-03-21,2.28000,2.30000,2.18000,2.21000,19700
2016-03-22,2.19000,2.30000,2.05000,2.07000,36400
2016-03-23,1.75000,2.30000,1.75000,2.14000,39500
2016-03-24,2.14000,2.25000,2.13000,2.25000,9100
2016-03-28,2.25000,2.25000,2.10000,2.19000,20600
2016-03-29,2.10000,2.25000,2.10000,2.19000,25900
2016-03-30,2.19000,2.31000,2.17000,2.17000,24800
2016-03-31,2.22000,2.22000,2.15000,2.16000,6900
2016-04-01,2.19000,2.38000,2.15000,2.16000,19400
2016-04-04,2.17000,2.29000,2.12000,2.25000,24900
2016-04-05,2.23000,2.23000,2.11000,2.19000,6100
2016-04-06,2.13000,2.21000,2.13000,2.15000,8200
2016-04-07,2.16000,2.23000,2.00000,2.10000,30500
2016-04-08,2.06000,2.20000,2.06000,2.18000,5500
2016-04-11,2.12000,2.22000,2.03000,2.03000,16400
2016-04-12,2.07000,2.24000,2.07000,2.18000,14200
2016-04-13,2.25000,2.25000,2.06000,2.06000,22400
2016-04-14,2.10000,2.22000,2.10000,2.14000,18800
2016-04-15,2.15000,2.24000,2.05000,2.06000,8900
2016-04-18,2.06000,2.22000,2.00000,2.00000,18200
2016-04-19,2.05000,2.20000,2.01000,2.02000,25000
2016-04-20,2.07000,2.20000,2.07000,2.18000,28800
2016-04-21,2.13000,2.46000,2.10000,2.24000,46100
2016-04-22,2.29000,2.29000,2.12000,2.18000,22300
2016-04-25,2.14000,2.34000,2.14000,2.19000,42100
2016-04-26,2.13000,2.36000,2.13000,2.31000,34700
2016-04-27,2.31000,2.50000,2.31000,2.41000,38100
2016-04-28,2.42000,2.67000,2.41000,2.58000,36500
2016-04-29,2.58000,2.75000,2.57000,2.66000,47300
2016-05-02,2.69000,2.88000,2.65000,2.78000,74800
2016-05-03,2.86000,2.95000,2.80000,2.95000,104600
2016-05-04,2.99000,2.99000,2.80000,2.91000,47900
2016-05-05,2.97000,2.97000,2.91000,2.92000,34000
2016-05-06,2.89000,2.90000,2.48000,2.69000,31400
2016-05-09,2.67000,2.92000,2.40000,2.82000,27200
2016-05-10,2.84000,2.88000,2.65000,2.87000,34400
2016-05-11,2.71000,2.95000,2.61000,2.81000,77800
2016-05-12,2.75000,2.80000,2.32000,2.37000,66300
2016-05-13,2.45000,2.45000,2.20000,2.21000,61900
2016-05-16,2.20000,2.27000,2.20000,2.22000,16700
2016-05-17,2.23000,2.35000,2.20000,2.31000,27600
2016-05-18,2.22000,2.29000,2.02000,2.11000,19800
2016-05-19,2.11000,2.29000,2.01000,2.02000,26800
2016-05-20,2.00000,2.20000,1.93000,2.00000,23300
2016-05-23,1.97000,2.15000,1.79000,2.11000,26500
2016-05-24,2.11000,2.34000,2.11000,2.28000,45800
2016-05-25,2.30000,2.33000,2.08000,2.09000,12200
2016-05-26,2.15000,2.30000,2.02000,2.17000,37200
2016-05-27,2.15000,2.30000,2.07000,2.19000,17000
2016-05-31,2.20000,2.20000,2.04000,2.04000,15300
2016-06-01,2.08000,2.49000,2.03000,2.24000,85500
2016-06-02,2.22000,2.42000,2.18000,2.24000,26400
2016-06-03,2.23000,2.33000,2.13000,2.19000,15500
2016-06-06,2.20000,2.25000,2.13000,2.17000,23100
2016-06-07,2.27000,2.27000,2.12000,2.13000,22300
2016-06-08,2.11000,2.28000,2.11000,2.13000,11800
2016-06-09,2.16000,2.17000,2.06000,2.06000,13200
2016-06-10,2.07000,2.16000,2.06000,2.15000,7700
2016-06-13,2.15000,2.18000,2.05000,2.06000,20500
2016-06-14,2.03000,2.17000,1.97000,2.15000,11500
2016-06-15,2.13000,2.17000,2.02000,2.13000,10200
2016-06-16,2.10000,2.18000,2.06000,2.07000,21200
2016-06-17,2.06000,2.10000,2.02000,2.03000,54200
2016-06-20,2.06000,2.14000,1.93000,1.95000,22500
2016-06-21,1.99000,2.07000,1.92000,2.03000,45500
2016-06-22,2.02000,2.05000,1.90000,1.92000,5100
2016-06-23,1.95000,2.06000,1.86000,1.87000,27800
2016-06-24,1.68000,1.90000,1.68000,1.90000,30900
2016-06-27,1.92000,2.04000,1.74000,1.75000,21400
2016-06-28,1.74000,1.89000,1.63000,1.87000,9900
2016-06-29,1.89000,1.99000,1.76000,1.79000,29100
2016-06-30,1.86000,1.90000,1.76000,1.79000,6800
2016-07-01,1.78000,1.91000,1.78000,1.89000,24200
2016-07-05,1.85000,1.85000,1.62000,1.78000,83400
2016-07-06,1.75000,1.90000,1.61000,1.86000,94100
2016-07-07,1.88000,2.11000,1.86000,1.86000,33200
2016-07-08,1.88000,2.06000,1.88000,1.97000,90800
2016-07-11,1.94000,2.16000,1.83000,1.88000,105900
2016-07-12,1.95000,2.05000,1.89000,1.89000,84800
2016-07-13,1.92000,2.08000,1.91000,2.03000,9700
2016-07-14,2.09000,2.09000,1.85000,1.99000,19600
2016-07-15,1.91000,2.07000,1.91000,2.00000,21100
2016-07-18,1.95000,2.02000,1.89000,1.93000,7800
2016-07-19,1.93000,2.23000,1.92000,2.17000,78200
2016-07-20,2.19000,2.22000,2.07000,2.07000,14600
2016-07-21,2.09000,2.09000,1.94000,2.01000,10800
2016-07-22,2.03000,2.04000,2.00000,2.00000,4300
2016-07-25,2.00000,2.02000,1.96000,2.01000,6300
2016-07-26,2.07000,2.09000,1.98000,2.03000,13200
2016-07-27,2.04000,2.10000,2.00000,2.03000,31000
2016-07-28,2.05000,2.18000,1.97000,1.97000,23800
2016-07-29,2.03000,2.10000,1.93000,1.95000,12800
2016-08-01,1.93000,2.07000,1.91000,2.06000,94300
2016-08-02,2.01000,2.10000,2.01000,2.09000,98600
2016-08-03,2.10000,2.10000,2.04000,2.10000,59800
2016-08-04,2.09000,2.10000,1.99000,2.03000,102100
2016-08-05,2.07000,2.08000,1.98000,1.98000,35700
2016-08-08,2.03000,2.05000,1.97000,1.99000,26800
2016-08-09,2.03000,2.03000,1.92000,1.92000,33400
2016-08-10,1.92000,2.02000,1.85000,1.88000,31400
2016-08-11,1.90000,2.04000,1.85000,1.94000,58900
2016-08-12,2.00000,2.10000,1.86000,2.06000,100700
2016-08-15,2.08000,2.29000,2.04000,2.10000,38000
2016-08-16,2.10000,2.19000,2.07000,2.19000,23300
2016-08-17,2.01000,2.37000,2.01000,2.36000,76700
2016-08-18,2.34000,2.49000,2.24000,2.25000,34400
2016-08-19,2.12000,2.20000,2.07000,2.12000,20200
2016-08-22,2.19000,2.21000,2.01000,2.03000,6400
2016-08-23,2.16000,2.16000,2.03000,2.05000,19500
2016-08-24,2.08000,2.10000,2.03000,2.10000,4000
2016-08-25,1.98000,2.20000,1.98000,1.98000,46300
2016-08-26,2.06000,2.14000,2.02000,2.08000,26000
2016-08-29,2.09000,2.18000,2.05000,2.06000,18100
2016-08-30,2.13000,2.14000,2.05000,2.05000,13100
2016-08-31,2.09000,2.14000,1.97000,1.97000,47500
2016-09-01,1.98000,2.12000,1.98000,2.08000,11600
2016-09-02,2.06000,2.14000,2.04000,2.07000,14200
2016-09-06,2.04000,2.10000,1.98000,1.98000,14200
2016-09-07,2.04000,2.08000,1.90000,1.91000,30300
2016-09-08,1.99000,2.04000,1.95000,2.02000,14600
2016-09-09,1.95000,2.01000,1.95000,1.98000,18000
2016-09-12,1.95000,2.01000,1.95000,1.99000,4800
2016-09-13,1.99000,2.01000,1.97000,2.00000,9400
2016-09-14,1.99000,2.01000,1.96000,1.99000,22300
2016-09-15,1.96000,2.01000,1.96000,1.99000,37300
2016-09-16,1.99000,2.07000,1.98000,2.07000,30200
2016-09-19,2.02000,2.21000,2.02000,2.11000,49100
2016-09-20,2.10000,2.25000,2.00000,2.22000,49500
2016-09-21,2.16000,2.46000,2.16000,2.27000,44600
2016-09-22,2.35000,2.45000,2.21000,2.30000,53900
2016-09-23,2.29000,2.66000,2.25000,2.60000,56600
2016-09-26,2.65000,2.65000,2.31000,2.33000,40500
2016-09-27,2.22000,2.36000,2.17000,2.18000,63300
2016-09-28,2.17000,2.29000,2.16000,2.25000,19800
2016-09-29,2.26000,2.41000,2.14000,2.14000,11800
2016-09-30,2.16000,2.35000,2.14000,2.16000,33000
2016-10-03,2.21000,2.32000,2.21000,2.32000,13200
2016-10-04,2.31000,2.33000,2.23000,2.24000,15900
2016-10-05,2.21000,2.36000,2.20000,2.23000,17900
2016-10-06,2.24000,2.30000,2.22000,2.23000,15800
2016-10-07,2.26000,2.35000,2.17000,2.20000,33300
2016-10-10,2.20000,2.23000,2.15000,2.15000,9000
2016-10-11,2.17000,2.22000,2.12000,2.12000,27900
2016-10-12,2.15000,2.20000,2.10000,2.13000,16600
2016-10-13,2.36000,2.36000,2.08000,2.08000,21800
2016-10-14,2.08000,2.16000,2.08000,2.13000,18300
2016-10-17,2.14000,2.21000,2.10000,2.17000,12100
2016-10-18,2.19000,2.19000,2.11000,2.11000,21300
2016-10-19,2.08000,2.11000,2.08000,2.11000,24800
2016-10-20,2.07000,2.09000,2.02000,2.04000,23400
2016-10-21,2.05000,2.13000,2.02000,2.06000,26100
2016-10-24,2.08000,2.15000,2.02000,2.06000,15000
2016-10-25,2.11000,2.11000,2.01000,2.01000,4500
2016-10-26,2.01000,2.04000,1.97000,1.98000,26200
2016-10-27,1.98000,2.06000,1.97000,1.97000,33600
2016-10-28,1.97000,2.06000,1.97000,2.05000,35100
2016-10-31,2.05000,2.11000,2.01000,2.09000,11700
2016-11-01,2.07000,2.07000,1.98000,2.03000,24200
2016-11-02,2.01000,2.11000,1.98000,2.11000,44700
2016-11-03,2.15000,2.27000,2.04000,2.10000,47200
2016-11-04,2.10000,2.10000,2.01000,2.04000,17300
2016-11-07,2.07000,2.15000,2.01000,2.02000,6500
2016-11-08,2.08000,2.09000,2.03000,2.08000,13700
2016-11-09,2.05000,2.15000,2.01000,2.13000,30500
2016-11-10,2.30000,2.50000,2.18000,2.42000,134600
2016-11-11,2.40000,2.51000,2.31000,2.51000,39300
2016-11-14,2.48000,2.80000,2.46000,2.76000,61800
2016-11-15,2.74000,2.79000,2.56000,2.59000,24100
2016-11-16,2.52000,2.71000,2.51000,2.68000,81700
2016-11-17,2.62000,2.77000,2.62000,2.67000,59200
2016-11-18,2.67000,2.75000,2.65000,2.74000,18000
2016-11-21,2.70000,2.75000,2.67000,2.67000,20800
2016-11-22,2.70000,2.71000,2.57000,2.66000,5900
2016-11-23,2.62000,2.67000,2.62000,2.65000,20800
2016-11-25,2.66000,2.70000,2.66000,2.70000,10400
2016-11-28,2.72000,2.72000,2.61000,2.61000,21500
2016-11-29,2.62000,2.68000,2.48000,2.52000,12900
2016-11-30,2.56000,2.68000,2.56000,2.64000,18800
2016-12-01,2.70000,2.70000,2.57000,2.57000,15700
2016-12-02,2.56000,2.70000,2.54000,2.69000,15100
2016-12-05,2.62000,2.69000,2.41000,2.47000,23800
2016-12-06,2.48000,2.70000,2.48000,2.58000,5400
2016-12-07,2.53000,2.75000,2.51000,2.52000,10900
2016-12-08,2.63000,2.90000,2.60000,2.84000,95100
2016-12-09,2.86000,3.18000,2.82000,3.11000,105300
2016-12-12,3.23000,3.63000,3.23000,3.37000,160500
2016-12-13,3.50000,4.26000,3.39000,3.96000,333900
2016-12-14,3.90000,4.05000,3.36000,3.90000,250600
2016-12-15,3.87000,3.95000,3.71000,3.90000,81800
2016-12-16,3.90000,3.99000,3.79000,3.99000,63300
2016-12-19,3.95000,4.23000,3.91000,4.23000,31700
2016-12-20,4.27000,4.58000,4.02000,4.08000,100300
2016-12-21,4.10000,4.32000,4.02000,4.16000,35600
2016-12-22,4.26000,4.26000,3.81000,4.02000,41500
2016-12-23,4.05000,4.16000,3.67000,4.09000,49800
2016-12-27,4.00000,4.13000,3.88000,3.92000,21500
2016-12-28,3.89000,3.90000,3.57000,3.57000,58200
2016-12-29,3.58000,3.70000,3.27000,3.27000,62300
2016-12-30,3.30000,3.44000,3.17000,3.18000,51500
2017-01-03,3.17000,3.69000,3.15000,3.50000,33500
2017-01-04,3.45000,4.11000,3.45000,3.94000,69300
2017-01-05,3.99000,4.17000,3.80000,3.85000,52800
2017-01-06,3.85000,4.00000,3.59000,3.85000,40100
2017-01-09,3.83000,3.95000,3.83000,3.83000,18800
2017-01-10,3.87000,3.94000,3.79000,3.84000,20800
2017-01-11,3.88000,3.95000,3.80000,3.85000,6600
2017-01-12,3.90000,3.90000,3.59000,3.70000,25900
2017-01-13,3.74000,3.84000,3.62000,3.70000,9500
2017-01-17,3.64000,3.87000,3.51000,3.54000,16100
2017-01-18,3.51000,3.74000,3.51000,3.66000,3600
2017-01-19,3.69000,3.69000,3.53000,3.56000,32900
2017-01-20,3.62000,3.65000,3.57000,3.63000,9800
2017-01-23,3.63000,3.63000,3.42000,3.45000,23900
2017-01-24,3.52000,3.61000,3.46000,3.48000,18500
2017-01-25,3.56000,3.70000,3.44000,3.64000,26000
2017-01-26,3.62000,3.76000,3.47000,3.47000,15800
2017-01-27,3.53000,3.53000,3.34000,3.45000,24700
2017-01-30,3.30000,3.50000,3.30000,3.46000,25600
2017-01-31,3.42000,3.53000,3.35000,3.47000,31200
2017-02-01,3.54000,3.58000,3.44000,3.56000,13800
2017-02-02,3.56000,3.61000,3.53000,3.60000,14000
2017-02-03,3.65000,3.75000,3.58000,3.67000,32700
2017-02-06,3.68000,3.90000,3.68000,3.88000,18800
2017-02-07,3.75000,3.90000,3.75000,3.83000,21400
2017-02-08,3.85000,5.38000,3.82000,4.60000,538800
2017-02-09,4.42000,4.67000,4.20000,4.46000,177300
2017-02-10,4.50000,4.75000,4.41000,4.60000,80800
2017-02-13,4.55000,4.74000,4.55000,4.66000,78800
2017-02-14,4.70000,5.82000,4.70000,5.68000,280000
2017-02-15,5.63000,5.77000,5.26000,5.53000,78100
2017-02-16,5.69000,5.89000,5.43000,5.83000,74100
2017-02-17,5.83000,5.90000,5.52000,5.60000,66600
2017-02-21,5.60000,5.63000,5.45000,5.52000,61500
2017-02-22,5.41000,5.50000,5.32000,5.39000,45800
2017-02-23,5.50000,5.50000,5.09000,5.15000,56100
2017-02-24,5.04000,5.05000,4.79000,4.92000,42500
2017-02-27,4.92000,5.48000,4.82000,5.37000,59700
2017-02-28,5.41000,5.47000,4.71000,4.96000,57800
2017-03-01,5.12000,5.20000,4.82000,5.17000,24100
2017-03-02,5.12000,5.18000,4.91000,4.99000,43000
2017-03-03,5.07000,5.17000,4.98000,5.01000,25300
2017-03-06,5.02000,5.04000,4.81000,4.90000,26200
2017-03-07,4.86000,4.99000,4.75000,4.93000,27600
2017-03-08,4.92000,4.94000,4.76000,4.84000,17500
2017-03-09,5.20000,5.44000,4.87000,5.08000,169300
2017-03-10,5.09000,5.35000,5.09000,5.28000,37800
2017-03-13,5.38000,5.40000,5.28000,5.39000,29100
2017-03-14,5.39000,5.70000,5.18000,5.65000,116200
2017-03-15,5.65000,5.85000,5.52000,5.81000,91400
2017-03-16,5.90000,6.88000,5.84000,6.75000,500900
2017-03-17,6.44000,7.29000,6.32000,7.21000,219600
2017-03-20,7.02000,7.79000,7.00000,7.55000,207400
2017-03-21,7.80000,7.81000,6.76000,6.83000,319100
2017-03-22,6.81000,7.30000,6.51000,6.55000,82700
2017-03-23,6.54000,6.85000,6.41000,6.65000,37600
2017-03-24,6.72000,7.18000,6.72000,6.88000,82600
2017-03-27,6.84000,7.45000,6.63000,7.32000,121900
2017-03-28,7.37000,7.49000,6.95000,7.03000,71400
2017-03-29,7.10000,7.42000,6.95000,7.28000,36800
2017-03-30,7.25000,7.31000,7.00000,7.20000,39900
2017-03-31,7.21000,7.35000,6.95000,7.06000,57500
2017-04-03,7.15000,7.28000,6.80000,6.91000,136200
2017-04-04,6.71000,6.99000,6.50000,6.62000,112200
2017-04-05,6.65000,6.86000,5.80000,6.26000,164800
2017-04-06,6.09000,6.57000,5.88000,6.54000,115500
2017-04-07,6.45000,6.98000,6.23000,6.68000,129100
2017-04-10,6.77000,7.54000,6.77000,7.35000,231000
2017-04-11,7.36000,7.58000,7.27000,7.43000,137300
2017-04-12,7.39000,7.42000,6.80000,6.99000,70200
2017-04-13,6.96000,6.96000,6.55000,6.65000,46700
2017-04-17,6.53000,6.99000,6.53000,6.68000,55300
2017-04-18,6.71000,6.71000,6.28000,6.34000,46300
2017-04-19,6.37000,6.46000,6.01000,6.14000,45200
2017-04-20,6.24000,6.29000,5.85000,6.04000,111500
2017-04-21,6.06000,6.09000,5.83000,5.98000,41700
2017-04-24,6.09000,6.28000,5.98000,6.14000,65500
2017-04-25,6.18000,6.27000,6.01000,6.07000,66800
2017-04-26,6.05000,6.19000,5.95000,6.08000,38100
2017-04-27,6.08000,6.08000,5.82000,5.85000,46700
2017-04-28,5.81000,5.90000,5.62000,5.74000,27900
2017-05-01,5.77000,5.95000,5.45000,5.72000,65500
2017-05-02,5.80000,5.81000,5.37000,5.50000,73600
2017-05-03,5.43000,5.93000,5.39000,5.81000,61500
2017-05-04,5.81000,5.96000,5.63000,5.68000,21600
2017-05-05,5.68000,5.74000,5.53000,5.65000,30300
2017-05-08,5.65000,5.81000,5.56000,5.62000,40600
2017-05-09,5.67000,5.85000,5.16000,5.58000,83000
2017-05-10,5.57000,6.00000,5.54000,5.94000,57600
2017-05-11,5.91000,5.94000,5.41000,5.84000,58400
2017-05-12,5.86000,5.86000,5.05000,5.19000,185800
2017-05-15,5.25000,5.37000,5.04000,5.09000,28800
2017-05-16,5.03000,5.12000,4.86000,5.07000,49800
2017-05-17,5.01000,5.04000,4.82000,4.85000,25700
2017-05-18,4.83000,5.24000,4.83000,4.98000,35300
2017-05-19,5.02000,6.10000,5.02000,5.72000,401400
2017-05-22,5.35000,5.80000,5.35000,5.52000,88100
2017-05-23,5.58000,5.58000,5.25000,5.51000,72600
2017-05-24,5.45000,5.77000,5.43000,5.76000,18400
2017-05-25,5.78000,5.90000,5.43000,5.58000,38700
2017-05-26,5.57000,5.73000,5.42000,5.61000,56900
2017-05-30,5.63000,5.87000,5.47000,5.67000,105600
2017-05-31,5.70000,5.71000,5.45000,5.53000,44700
2017-06-01,5.55000,5.63000,5.48000,5.50000,35000
2017-06-02,5.47000,5.60000,5.41000,5.42000,44600
2017-06-05,5.49000,5.50000,5.28000,5.36000,80200
2017-06-06,5.34000,5.40000,5.10000,5.24000,89100
2017-06-07,5.21000,5.38000,5.13000,5.19000,53600
2017-06-08,5.21000,5.37000,5.21000,5.24000,55800
2017-06-09,5.24000,5.46000,5.14000,5.25000,44400
2017-06-12,5.20000,5.30000,5.11000,5.23000,230600
2017-06-13,5.22000,5.46000,5.20000,5.38000,40000
2017-06-14,5.52000,5.62000,5.08000,5.29000,71300
2017-06-15,5.19000,5.22000,4.92000,4.94000,79100
2017-06-16,4.99000,5.35000,4.97000,5.28000,50100
2017-06-19,5.31000,5.37000,5.09000,5.32000,49400
2017-06-20,5.26000,5.32000,5.01000,5.14000,67800
2017-06-21,5.28000,5.56000,5.12000,5.14000,70200
2017-06-22,5.13000,5.20000,5.02000,5.05000,35200
2017-06-23,5.06000,5.30000,5.06000,5.23000,80400
2017-06-26,5.26000,5.36000,5.05000,5.13000,79200
2017-06-27,5.12000,5.20000,5.02000,5.04000,31500
2017-06-28,5.08000,5.09000,5.00000,5.06000,23400
2017-06-29,5.03000,5.08000,4.99000,5.03000,82000
2017-06-30,5.07000,5.33000,5.00000,5.25000,55100
2017-07-03,5.25000,5.35000,5.20000,5.23000,34100
2017-07-05,5.12000,5.26000,5.12000,5.24000,10300
2017-07-06,5.07000,5.37000,5.05000,5.30000,6200
2017-07-07,5.32000,5.32000,5.15000,5.22000,14400
2017-07-10,5.19000,5.27000,5.11000,5.24000,12600
2017-07-11,5.24000,5.24000,5.16000,5.18000,12700
2017-07-12,5.23000,5.48000,5.22000,5.47000,52200
2017-07-13,5.44000,5.63000,5.39000,5.63000,57300
2017-07-14,5.60000,5.91000,5.48000,5.66000,54300
2017-07-17,5.65000,5.84000,5.62000,5.70000,73100
2017-07-18,5.80000,5.80000,5.51000,5.51000,18000
2017-07-19,5.58000,5.66000,5.53000,5.64000,23100
2017-07-20,5.63000,5.65000,5.41000,5.48000,18600
2017-07-21,5.42000,5.46000,5.17000,5.26000,31600
2017-07-24,5.25000,5.39000,5.21000,5.36000,19300
2017-07-25,5.34000,5.56000,5.30000,5.36000,64500
2017-07-26,5.40000,5.40000,5.23000,5.40000,13400
2017-07-27,5.39000,5.39000,5.19000,5.25000,14800
2017-07-28,5.25000,5.31000,5.16000,5.23000,37000
2017-07-31,5.22000,5.22000,5.00000,5.11000,48000
2017-08-01,5.11000,5.15000,5.00000,5.12000,22800
2017-08-02,5.08000,5.09000,4.96000,5.02000,15600
2017-08-03,5.02000,5.10000,5.02000,5.08000,1900
2017-08-04,5.07000,5.14000,5.03000,5.14000,19000
2017-08-07,5.13000,5.15000,5.05000,5.06000,14300
2017-08-08,5.05000,5.12000,5.01000,5.05000,17100
2017-08-09,5.08000,5.08000,4.98000,5.00000,15600
2017-08-10,5.01000,5.01000,4.87000,4.99000,31000
2017-08-11,4.99000,5.02000,4.80000,4.92000,65200
2017-08-14,4.92000,5.31000,4.92000,5.30000,27000
2017-08-15,5.17000,5.25000,5.00000,5.00000,57700
2017-08-16,5.00000,5.01000,4.91000,4.98000,33100
2017-08-17,4.96000,5.03000,4.94000,4.96000,7100
2017-08-18,5.00000,5.00000,4.90000,4.94000,15400
2017-08-21,4.94000,5.03000,4.90000,4.95000,52200
2017-08-22,4.97000,4.97000,4.90000,4.91000,7800
2017-08-23,4.90000,4.94000,4.90000,4.90000,7400
2017-08-24,4.91000,4.91000,4.81000,4.86000,26200
2017-08-25,4.85000,5.05000,4.85000,5.03000,34300
2017-08-28,5.01000,5.13000,4.96000,4.98000,36400
2017-08-29,4.94000,4.99000,4.88000,4.94000,6100
2017-08-30,4.95000,4.99000,4.82000,4.91000,66900
2017-08-31,4.88000,4.98000,4.88000,4.91000,21600
2017-09-01,4.87000,4.94000,4.83000,4.89000,24800
2017-09-05,4.90000,5.00000,4.88000,5.00000,20800
2017-09-06,5.00000,5.00000,4.86000,4.91000,46300
2017-09-07,4.87000,4.92000,4.83000,4.91000,12300
2017-09-08,4.88000,4.88000,4.80000,4.81000,25500
2017-09-11,4.81000,4.81000,4.33000,4.38000,156300
2017-09-12,4.47000,4.51000,4.36000,4.37000,89100
2017-09-13,4.35000,4.40000,4.27000,4.34000,54900
2017-09-14,4.34000,4.48000,4.34000,4.43000,71100
2017-09-15,4.45000,4.80000,4.45000,4.72000,135100
2017-09-18,4.70000,4.92000,4.34000,4.84000,64900
2017-09-19,4.51000,4.80000,4.51000,4.71000,63500
2017-09-20,4.69000,4.77000,4.63000,4.66000,21200
2017-09-21,4.65000,4.70000,4.55000,4.69000,20900
2017-09-22,4.70000,4.75000,4.56000,4.70000,41300
2017-09-25,4.69000,4.70000,4.61000,4.62000,9200
2017-09-26,4.62000,4.62000,4.46000,4.53000,13100
2017-09-27,4.53000,4.70000,4.46000,4.66000,48100
2017-09-28,4.76000,4.76000,4.61000,4.61000,12600
2017-09-29,4.62000,4.66000,4.55000,4.64000,28800
2017-10-02,4.68000,4.86000,4.65000,4.78000,46800
2017-10-03,4.76000,4.78000,4.66000,4.66000,22500
2017-10-04,4.65000,4.83000,4.57000,4.80000,53500
2017-10-05,4.79000,5.10000,4.75000,4.97000,71500
2017-10-06,4.99000,5.13000,4.50000,4.54000,128300
2017-10-09,4.57000,4.61000,4.40000,4.44000,45800
2017-10-10,4.50000,4.50000,4.35000,4.44000,34800
2017-10-11,4.45000,4.56000,4.42000,4.49000,38200
2017-10-12,4.44000,4.49000,4.33000,4.34000,20700
2017-10-13,4.34000,4.42000,4.30000,4.32000,30100
2017-10-16,4.31000,4.31000,4.08000,4.17000,39500
2017-10-17,4.11000,4.24000,4.11000,4.13000,10300
2017-10-18,4.14000,4.30000,4.12000,4.20000,19800
2017-10-19,4.21000,4.21000,4.11000,4.14000,14700
2017-10-20,4.15000,4.27000,4.14000,4.14000,11500
2017-10-23,4.18000,4.19000,3.98000,4.00000,27700
2017-10-24,3.61000,3.61000,3.10000,3.20000,996200
2017-10-25,3.21000,3.32000,3.16000,3.23000,426500
2017-10-26,3.25000,3.25000,3.07000,3.11000,89600
2017-10-27,3.11000,3.19000,2.98000,3.02000,166600
2017-10-30,3.05000,3.16000,2.99000,3.11000,23200
2017-10-31,3.17000,3.37000,3.03000,3.25000,73500
2017-11-01,3.28000,3.28000,3.04000,3.10000,48600
2017-11-02,3.14000,3.21000,3.03000,3.12000,34100
2017-11-03,3.10000,3.21000,3.10000,3.11000,29300
2017-11-06,3.12000,3.15000,3.08000,3.15000,18000
2017-11-07,3.14000,3.18000,3.05000,3.10000,19100
2017-11-08,3.06000,3.06000,2.97000,2.98000,47300
2017-11-09,2.92000,3.00000,2.55000,2.90000,128600
2017-11-10,2.86000,3.08000,2.86000,3.00000,75600
2017-11-13,3.01000,3.22000,2.96000,3.07000,35200
2017-11-14,3.08000,3.21000,2.95000,3.07000,38500
2017-11-15,2.94000,3.15000,2.92000,3.01000,46200
2017-11-16,3.06000,3.15000,2.94000,3.11000,59500
2017-11-17,3.12000,3.20000,2.96000,3.12000,95900
2017-11-20,3.12000,3.22000,3.04000,3.09000,70000
2017-11-21,3.12000,3.20000,3.04000,3.19000,148700
2017-11-22,3.20000,3.64000,3.18000,3.52000,266700
2017-11-24,3.55000,3.56000,3.19000,3.37000,171500
2017-11-27,3.39000,3.44000,3.23000,3.34000,110100
2017-11-28,3.42000,3.43000,3.21000,3.37000,84900
2017-11-29,3.42000,3.42000,3.23000,3.28000,32000
2017-11-30,3.27000,3.30000,3.16000,3.18000,27900
2017-12-01,3.17000,3.28000,3.06000,3.11000,86100
2017-12-04,3.20000,3.25000,3.02000,3.11000,49800
2017-12-05,3.12000,3.12000,3.00000,3.08000,11900
2017-12-06,3.06000,3.10000,3.02000,3.08000,16600
2017-12-07,3.08000,3.08000,2.84000,2.99000,50100
2017-12-08,3.02000,3.08000,2.95000,2.98000,37100
2017-12-11,2.98000,3.02000,2.95000,2.99000,35100
2017-12-12,2.98000,3.20000,2.92000,3.20000,65000
2017-12-13,3.19000,3.20000,3.07000,3.11000,32700
2017-12-14,3.10000,3.10000,2.97000,3.04000,43500
2017-12-15,3.00000,3.05000,2.93000,2.93000,83100
2017-12-18,2.92000,3.04000,2.91000,3.03000,61900
2017-12-19,3.00000,3.19000,3.00000,3.04000,48600
2017-12-20,3.05000,3.38000,3.05000,3.26000,126300
2017-12-21,3.23000,4.11000,3.23000,3.55000,543600
2017-12-22,3.80000,3.80000,3.36000,3.48000,167700
2017-12-26,3.49000,4.28000,3.45000,3.84000,765800
2017-12-27,3.84000,3.85000,3.49000,3.80000,113700
2017-12-28,3.78000,3.80000,3.51000,3.60000,71100
2017-12-29,3.64000,3.64000,3.30000,3.34000,90500
2018-01-02,3.26000,3.43000,3.23000,3.33000,46400
2018-01-03,3.35000,3.46000,3.28000,3.36000,25500
2018-01-04,3.37000,3.46000,3.29000,3.40000,24600
2018-01-05,3.40000,3.46000,3.36000,3.42000,15800
2018-01-08,3.40000,3.41000,3.24000,3.35000,24400
2018-01-09,3.35000,3.45000,3.25000,3.30000,23700
2018-01-10,3.30000,3.33000,3.20000,3.32000,27700
2018-01-11,3.30000,3.40000,3.25000,3.36000,24600
2018-01-12,3.38000,3.58000,3.31000,3.48000,162600
2018-01-16,3.52000,3.67000,3.50000,3.56000,103000
2018-01-17,3.67000,3.68000,3.49000,3.64000,36100
2018-01-18,3.68000,3.74000,3.62000,3.72000,20400
2018-01-19,3.71000,4.00000,3.67000,3.83000,83900
2018-01-22,3.84000,4.07000,3.75000,3.82000,96300
2018-01-23,3.99000,3.99000,3.76000,3.84000,47900
2018-01-24,3.91000,4.20000,3.72000,3.89000,45200
2018-01-25,3.85000,3.99000,3.78000,3.84000,15700
2018-01-26,3.86000,3.95000,3.78000,3.84000,23100
2018-01-29,3.83000,3.83000,3.74000,3.81000,4600
2018-01-30,3.76000,3.87000,3.62000,3.76000,15300
2018-01-31,3.78000,3.84000,3.69000,3.70000,19900
2018-02-01,3.69000,3.98000,3.67000,3.75000,27600
2018-02-02,3.82000,3.83000,3.51000,3.51000,67700
2018-02-05,3.53000,3.65000,3.31000,3.54000,54200
2018-02-06,3.50000,4.05000,3.45000,3.83000,179100
2018-02-07,3.83000,3.94000,3.36000,3.81000,94100
2018-02-08,3.82000,3.86000,3.66000,3.66000,9300
2018-02-09,3.74000,3.88000,3.58000,3.66000,21800
2018-02-12,3.69000,3.79000,3.56000,3.56000,56200
2018-02-13,3.55000,3.76000,3.52000,3.75000,22600
2018-02-14,3.72000,3.89000,3.59000,3.80000,20900
2018-02-15,3.75000,4.00000,3.74000,3.85000,168500
2018-02-16,3.86000,4.19000,3.76000,4.08000,273600
2018-02-20,4.00000,4.34000,3.96000,4.23000,114600
2018-02-21,4.23000,4.30000,3.97000,4.14000,69000
2018-02-22,4.15000,4.40000,3.92000,4.09000,21400
2018-02-23,3.83000,4.16000,3.83000,4.07000,40800
2018-02-26,3.91000,3.97000,3.81000,3.88000,60500
2018-02-27,3.87000,3.99000,3.75000,3.85000,16800
2018-02-28,3.86000,4.01000,3.83000,3.87000,11100
2018-03-01,3.87000,3.87000,3.81000,3.83000,33200
2018-03-02,3.80000,3.98000,3.67000,3.89000,24900
2018-03-05,3.84000,3.95000,3.80000,3.83000,40800
2018-03-06,3.84000,3.87000,3.57000,3.71000,28400
2018-03-07,3.72000,3.86000,3.68000,3.76000,19500
2018-03-08,3.85000,3.85000,3.62000,3.68000,17000
2018-03-09,3.85000,4.00000,3.57000,3.84000,37100
2018-03-12,3.86000,3.95000,3.72000,3.82000,29000
2018-03-13,3.82000,3.87000,3.61000,3.69000,25600
2018-03-14,3.70000,3.80000,3.61000,3.69000,33300
2018-03-15,3.67000,3.75000,3.60000,3.63000,45000
2018-03-16,3.61000,3.77000,3.60000,3.71000,32600
2018-03-19,3.67000,3.74000,3.64000,3.71000,17400
2018-03-20,3.70000,3.91000,3.69000,3.87000,33500
2018-03-21,3.93000,3.94000,3.84000,3.87000,49700
2018-03-22,3.63000,4.00000,3.61000,3.91000,39100
2018-03-23,3.85000,3.90000,3.79000,3.82000,10000
2018-03-26,3.83000,3.89000,3.70000,3.72000,22300
2018-03-27,3.74000,3.92000,3.56000,3.65000,32500
2018-03-28,3.75000,3.78000,3.56000,3.68000,32600
2018-03-29,3.72000,3.86000,3.55000,3.74000,58600
2018-04-02,3.72000,3.90000,3.33000,3.61000,33000
2018-04-03,3.60000,3.75000,3.51000,3.55000,36600
2018-04-04,3.55000,3.70000,3.31000,3.54000,81500
2018-04-05,3.58000,3.70000,3.55000,3.64000,13200
2018-04-06,3.58000,3.58000,3.36000,3.36000,21000
2018-04-09,3.42000,3.53000,3.36000,3.47000,25100
2018-04-10,3.46000,3.57000,3.44000,3.44000,14100
2018-04-11,3.44000,3.69000,3.42000,3.45000,14600
2018-04-12,3.49000,3.70000,3.39000,3.41000,12500
2018-04-13,3.43000,3.82000,3.35000,3.81000,75300
2018-04-16,3.77000,3.88000,3.71000,3.73000,8700
2018-04-17,3.76000,3.85000,3.61000,3.63000,8300
2018-04-18,3.64000,3.74000,3.56000,3.62000,8300
2018-04-19,3.57000,3.67000,3.37000,3.52000,10100
2018-04-20,3.52000,3.57000,3.52000,3.54000,8800
2018-04-23,3.32000,3.53000,3.32000,3.46000,33200
2018-04-24,3.43000,3.43000,3.34000,3.40000,12500
2018-04-25,3.41000,3.62000,3.38000,3.48000,35900
2018-04-26,3.50000,3.50000,3.33000,3.37000,17200
2018-04-27,3.31000,3.38000,3.30000,3.31000,15800
2018-04-30,3.31000,3.50000,3.27000,3.36000,10200
2018-05-01,3.35000,3.42000,3.28000,3.41000,18300
2018-05-02,3.41000,3.41000,3.37000,3.37000,1700
2018-05-03,3.48000,3.50000,3.31000,3.39000,17300
2018-05-04,3.38000,3.41000,3.33000,3.40000,3400
2018-05-07,3.39000,3.39000,3.30000,3.36000,6300
2018-05-08,3.34000,3.40000,3.32000,3.38000,2900
2018-05-09,3.42000,3.45000,3.36000,3.42000,15100
2018-05-10,3.44000,3.45000,3.27000,3.36000,15800
2018-05-11,3.35000,4.05000,3.35000,3.85000,86700
2018-05-14,3.85000,4.04000,3.57000,3.83000,28100
2018-05-15,3.72000,3.83000,3.70000,3.72000,9800
2018-05-16,3.70000,3.90000,3.70000,3.75000,23200
2018-05-17,3.75000,3.84000,3.50000,3.54000,24400
2018-05-18,3.60000,3.86000,3.60000,3.80000,14200
2018-05-21,3.82000,3.92000,3.75000,3.89000,29000
2018-05-22,3.91000,3.95000,3.73000,3.94000,10600
2018-05-23,3.88000,3.99000,3.86000,3.94000,23400
2018-05-24,3.97000,4.06000,3.93000,4.02000,20300
2018-05-25,4.05000,4.18000,4.00000,4.12000,21000
2018-05-29,4.07000,4.45000,4.07000,4.32000,36800
2018-05-30,4.42000,4.42000,4.25000,4.27000,18900
2018-05-31,4.33000,4.33000,4.15000,4.15000,6000
2018-06-01,4.16000,4.31000,4.14000,4.31000,36700
2018-06-04,4.30000,4.43000,4.21000,4.38000,26300
2018-06-05,4.37000,4.45000,4.30000,4.39000,13500
2018-06-06,4.39000,4.63000,4.39000,4.45000,19800
2018-06-07,4.52000,4.52000,4.40000,4.41000,5000
2018-06-08,4.41000,4.41000,4.21000,4.31000,12600
2018-06-11,4.30000,4.34000,4.22000,4.22000,14200
2018-06-12,4.18000,4.40000,4.11000,4.18000,25300
2018-06-13,4.11000,4.35000,4.11000,4.23000,14300
2018-06-14,4.30000,4.34000,4.16000,4.22000,5900
2018-06-15,4.22000,4.34000,4.19000,4.26000,9200
2018-06-18,4.22000,4.30000,4.14000,4.21000,8500
2018-06-19,4.16000,4.26000,4.07000,4.11000,10600
2018-06-20,4.15000,4.37000,4.15000,4.33000,9700
2018-06-21,4.29000,4.29000,4.15000,4.20000,6000
2018-06-22,4.16000,4.37000,4.14000,4.31000,19600
2018-06-25,4.28000,4.39000,4.10000,4.28000,12300
2018-06-26,4.24000,4.24000,4.05000,4.12000,11100
2018-06-27,4.12000,4.39000,4.06000,4.15000,13500
2018-06-28,4.07000,4.16000,4.00000,4.00000,13600
2018-06-29,4.00000,4.08000,3.79000,3.87000,22100
2018-07-02,3.89000,4.02000,3.89000,3.92000,11400
2018-07-03,3.92000,3.95000,3.83000,3.90000,7500
2018-07-05,3.87000,4.02000,3.84000,3.97000,11700
2018-07-06,3.97000,4.04000,3.96000,3.96000,5000
2018-07-09,4.10000,4.28000,4.08000,4.17000,21100
2018-07-10,4.39000,4.51000,4.17000,4.34000,20100
2018-07-11,4.31000,4.39000,4.15000,4.39000,13100
2018-07-12,4.34000,4.43000,4.23000,4.42000,15300
2018-07-13,4.41000,4.48000,4.22000,4.46000,13600
2018-07-16,4.51000,4.51000,4.30000,4.42000,16700
2018-07-17,4.45000,4.53000,4.31000,4.41000,11000
2018-07-18,4.35000,4.57000,4.33000,4.50000,27400
2018-07-19,4.51000,4.58000,4.34000,4.41000,13600
2018-07-20,4.39000,4.69000,4.02000,4.69000,37600
2018-07-23,4.70000,4.85000,4.60000,4.84000,54100
2018-07-24,4.88000,4.93000,4.60000,4.85000,24200
2018-07-25,4.85000,4.92000,4.84000,4.88000,6900
2018-07-26,4.50000,4.91000,4.50000,4.90000,13800
2018-07-27,4.87000,4.93000,4.68000,4.68000,12100
2018-07-30,4.62000,4.81000,4.51000,4.81000,17300
2018-07-31,4.70000,4.92000,4.70000,4.72000,8300
2018-08-01,4.72000,4.99000,4.72000,4.85000,21200
2018-08-02,4.96000,5.00000,4.93000,4.95000,22400
2018-08-03,5.00000,5.20000,4.97000,5.10000,67500
2018-08-06,5.25000,5.69000,5.25000,5.59000,61000
2018-08-07,5.56000,5.78000,5.46000,5.67000,41900
2018-08-08,5.76000,5.90000,5.05000,5.20000,58000
2018-08-09,5.17000,5.78000,5.13000,5.49000,43400
2018-08-10,6.50000,6.50000,5.43000,6.11000,141400
2018-08-13,6.20000,6.40000,5.66000,5.99000,163500
2018-08-14,6.08000,6.13000,5.92000,6.04000,135100
2018-08-15,5.99000,6.19000,5.88000,6.06000,102900
2018-08-16,6.03000,6.28000,6.00000,6.23000,142800
2018-08-17,6.23000,6.40000,6.09000,6.24000,114600
2018-08-20,6.24000,6.40000,6.15000,6.20000,92200
2018-08-21,6.23000,6.40000,6.02000,6.10000,42000
2018-08-22,6.06000,6.18000,6.00000,6.08000,51600
2018-08-23,6.07000,6.15000,6.00000,6.10000,42000
2018-08-24,6.16000,6.16000,5.96000,6.10000,47000
2018-08-27,6.09000,6.15000,6.04000,6.10000,35300
2018-08-28,6.11000,6.15000,6.07000,6.12000,23500
2018-08-29,6.11000,6.36000,6.03000,6.23000,61500
2018-08-30,6.24000,6.33000,6.21000,6.25000,29700
2018-08-31,6.25000,6.26000,6.01000,6.07000,54600
2018-09-04,6.15000,6.33000,6.10000,6.27000,50200
2018-09-05,6.13000,6.35000,6.13000,6.33000,52600
2018-09-06,6.33000,6.50000,6.25000,6.34000,155700
2018-09-07,6.31000,6.50000,6.29000,6.46000,45400
2018-09-10,6.48000,6.70000,6.26000,6.40000,67000
2018-09-11,6.36000,6.40000,6.18000,6.30000,45300
2018-09-12,6.29000,6.37000,6.20000,6.29000,26600
2018-09-13,6.26000,6.43000,6.20000,6.36000,10000
2018-09-14,6.35000,6.35000,6.20000,6.20000,23100
2018-09-17,6.23000,6.31000,6.19000,6.25000,32900
2018-09-18,6.25000,6.28000,6.17000,6.25000,8000
2018-09-19,6.28000,6.28000,6.18000,6.18000,11800
2018-09-20,6.17000,6.28000,6.01000,6.24000,27400
2018-09-21,6.15000,6.15000,5.64000,5.71000,88200
2018-09-24,5.66000,6.15000,5.66000,6.07000,54000
2018-09-25,5.86000,6.14000,5.80000,6.03000,48600
2018-09-26,6.06000,6.10000,5.88000,6.07000,19600
2018-09-27,6.05000,6.14000,5.93000,6.01000,8400
2018-09-28,5.98000,6.01000,5.83000,5.96000,17900
2018-10-01,5.98000,6.14000,5.82000,6.13000,16300
2018-10-02,6.01000,6.17000,5.81000,6.09000,22100
2018-10-03,5.92000,6.20000,5.75000,6.15000,20800
2018-10-04,6.17000,6.18000,5.80000,5.91000,23300
2018-10-05,5.77000,5.99000,5.63000,5.99000,14800
2018-10-08,5.85000,5.85000,5.44000,5.71000,29100
2018-10-09,5.78000,5.79000,5.51000,5.65000,11800
2018-10-10,5.68000,5.78000,5.43000,5.60000,18300
2018-10-11,5.60000,5.77000,5.32000,5.59000,29300
2018-10-12,5.71000,5.75000,5.30000,5.30000,23000
2018-10-15,5.35000,5.85000,5.28000,5.80000,22900
2018-10-16,5.79000,5.99000,5.66000,5.91000,10400
2018-10-17,5.96000,6.22000,5.91000,6.00000,10400
2018-10-18,6.04000,6.11000,5.77000,6.11000,5800
2018-10-19,6.07000,6.23000,5.69000,5.90000,25600
2018-10-22,5.95000,6.24000,5.52000,5.83000,13200
2018-10-23,5.71000,5.89000,5.67000,5.80000,7600
2018-10-24,5.84000,6.04000,5.65000,5.77000,13800
2018-10-25,5.93000,6.27000,5.58000,5.70000,17100
2018-10-26,5.93000,6.27000,5.72000,5.87000,10000
2018-10-29,5.83000,6.04000,5.70000,5.80000,3000
2018-10-30,5.69000,6.00000,5.69000,5.99000,7600
2018-10-31,5.99000,5.99000,5.68000,5.85000,3400
2018-11-01,5.96000,6.00000,5.86000,6.00000,9200
2018-11-02,5.71000,6.30000,5.32000,6.02000,13300
2018-11-05,6.25000,6.25000,5.95000,5.95000,5400
2018-11-06,5.98000,6.05000,5.94000,6.05000,11100
2018-11-07,6.11000,6.11000,5.87000,6.03000,10200
2018-11-08,5.91000,6.27000,5.91000,5.98000,13000
2018-11-09,6.32000,6.87000,6.05000,6.45000,39900
2018-11-12,6.50000,6.66000,6.20000,6.50000,22900
2018-11-13,6.50000,6.51000,6.13000,6.13000,13500
2018-11-14,6.14000,6.23000,6.00000,6.07000,28400
2018-11-15,6.50000,6.50000,5.90000,5.90000,28300
2018-11-16,5.95000,6.04000,5.68000,5.73000,21700
2018-11-19,5.61000,5.75000,5.53000,5.62000,5700
2018-11-20,5.62000,5.69000,5.36000,5.47000,10900
2018-11-21,5.46000,5.50000,5.25000,5.46000,11500
2018-11-23,5.34000,5.75000,5.34000,5.45000,13000
2018-11-26,5.45000,5.45000,4.70000,5.13000,27700
2018-11-27,5.10000,5.42000,5.03000,5.14000,37200
2018-11-28,5.19000,5.30000,5.06000,5.06000,25300
2018-11-29,5.15000,5.40000,5.15000,5.40000,7000
2018-11-30,5.38000,5.50000,5.21000,5.28000,17600
2018-12-03,5.03000,5.34000,5.03000,5.20000,24100
2018-12-04,5.18000,5.19000,4.74000,4.91000,43900
2018-12-06,4.75000,5.14000,4.72000,4.95000,36900
2018-12-07,5.00000,5.12000,4.90000,4.90000,28400
2018-12-10,4.86000,4.91000,4.50000,4.70000,35100
2018-12-11,4.73000,4.73000,4.50000,4.51000,5700
2018-12-12,4.51000,4.75000,4.51000,4.60000,24400
2018-12-13,4.64000,4.70000,4.39000,4.45000,14400
2018-12-14,4.37000,4.50000,4.20000,4.25000,142000
2018-12-17,4.21000,4.47000,4.18000,4.24000,12700
2018-12-18,4.27000,4.35000,4.10000,4.32000,11400
2018-12-19,4.30000,4.35000,4.03000,4.10000,24900
2018-12-20,4.07000,4.21000,4.02000,4.16000,30000
2018-12-21,4.15000,4.15000,3.62000,3.75000,31200
2018-12-24,3.70000,3.89000,3.70000,3.80000,15300
2018-12-26,3.76000,3.90000,3.34000,3.34000,38100
2018-12-27,3.35000,4.07000,3.35000,3.54000,59700
2018-12-28,3.54000,3.70000,3.54000,3.56000,59500
2018-12-31,3.56000,3.75000,3.45000,3.60000,78900
2019-01-02,3.57000,3.90000,3.48000,3.90000,24700
2019-01-03,3.85000,4.21000,3.85000,3.90000,20000
2019-01-04,3.78000,4.12000,3.78000,4.12000,4400
2019-01-07,4.05000,4.05000,3.83000,4.05000,17700
2019-01-08,4.05000,4.34000,4.05000,4.34000,16200
2019-01-09,4.38000,4.48000,4.22000,4.48000,14900
2019-01-10,4.46000,4.46000,4.20000,4.25000,10800
2019-01-11,4.10000,4.54000,4.10000,4.49000,17600
2019-01-14,4.61000,5.57000,4.34000,5.50000,46100
2019-01-15,5.24000,5.30000,5.05000,5.21000,23500
2019-01-16,5.10000,5.88000,5.09000,5.71000,48200
2019-01-17,5.74000,5.87000,5.25000,5.80000,29200
2019-01-18,5.88000,5.88000,5.50000,5.80000,33200
2019-01-22,5.86000,5.86000,5.26000,5.40000,18300
2019-01-23,5.46000,5.53000,5.28000,5.28000,7800
2019-01-24,5.36000,5.36000,5.18000,5.20000,4000
2019-01-25,5.33000,5.35000,5.08000,5.35000,15200
2019-01-28,5.30000,5.30000,5.09000,5.09000,2600
2019-01-29,5.23000,5.44000,5.10000,5.21000,13500
2019-01-30,5.28000,5.57000,5.05000,5.57000,8500
2019-01-31,5.58000,5.58000,5.30000,5.33000,7800
2019-02-01,5.45000,5.57000,5.15000,5.27000,10800
2019-02-04,5.25000,5.56000,5.09000,5.56000,34400
2019-02-05,5.58000,5.58000,5.15000,5.15000,15300
2019-02-06,5.07000,5.58000,5.07000,5.14000,5100
2019-02-07,5.10000,5.10000,4.79000,4.82000,7400
2019-02-08,4.81000,5.20000,4.52000,4.80000,10900
2019-02-11,4.94000,5.12000,4.76000,4.80000,22900
2019-02-12,4.87000,5.00000,4.69000,4.78000,9900
2019-02-13,4.90000,5.03000,4.75000,4.78000,12400
2019-02-14,4.60000,4.75000,4.51000,4.60000,31000
2019-02-15,4.68000,5.15000,4.54000,5.00000,31500
2019-02-19,5.45000,6.32000,5.25000,5.99000,140300
2019-02-20,5.78000,5.99000,5.50000,5.51000,75600
2019-02-21,5.51000,5.98000,5.51000,5.79000,67700
2019-02-22,5.80000,5.98000,5.58000,5.68000,15700
2019-02-25,5.89000,6.23000,5.80000,5.97000,53400
2019-02-26,5.94000,5.94000,5.62000,5.70000,21300
2019-02-27,5.70000,6.11000,5.63000,5.63000,8300
2019-02-28,5.82000,5.82000,5.35000,5.57000,30800
2019-03-01,5.56000,5.58000,5.21000,5.27000,14900
2019-03-04,5.23000,5.49000,5.18000,5.44000,22800
2019-03-05,5.34000,5.56000,5.22000,5.22000,37800
2019-03-06,5.36000,5.88000,5.36000,5.76000,31100
2019-03-07,5.63000,5.90000,5.58000,5.90000,19300
2019-03-08,6.03000,6.38000,5.38000,5.38000,97100
2019-03-11,5.41000,5.61000,5.18000,5.28000,41700
2019-03-12,5.26000,5.26000,5.04000,5.04000,12600
2019-03-13,5.06000,5.49000,4.86000,5.48000,58600
2019-03-14,5.40000,5.41000,5.11000,5.20000,26400
2019-03-15,5.21000,5.32000,5.09000,5.16000,28600
2019-03-18,5.18000,5.40000,5.14000,5.30000,11100
2019-03-19,5.31000,5.50000,5.09000,5.46000,54800
2019-03-20,5.50000,5.59000,5.40000,5.50000,22100
2019-03-21,5.50000,5.71000,5.38000,5.48000,31100
2019-03-22,5.50000,5.70000,5.47000,5.66000,26100
2019-03-25,5.66000,5.77000,5.52000,5.65000,14400
2019-03-26,5.65000,5.72000,5.32000,5.59000,33200
2019-03-27,5.58000,5.67000,5.32000,5.34000,34100
2019-03-28,5.26000,5.75000,5.25000,5.35000,14900
2019-03-29,5.36000,5.51000,4.85000,5.04000,30400
2019-04-01,5.08000,5.11000,4.83000,4.89000,14100
2019-04-02,4.88000,5.09000,4.70000,5.06000,29200
2019-04-03,4.98000,5.01000,4.88000,4.94000,12900
2019-04-04,4.94000,4.94000,4.80000,4.87000,1600
2019-04-05,4.85000,4.94000,4.70000,4.94000,17600
2019-04-08,4.91000,4.91000,4.78000,4.84000,4600
2019-04-09,4.82000,4.82000,4.72000,4.80000,10900
2019-04-10,4.92000,4.92000,4.69000,4.75000,14400
2019-04-11,4.85000,4.85000,4.68000,4.68000,3600
2019-04-12,4.77000,4.77000,4.68000,4.68000,4300
2019-04-15,4.70000,4.82000,4.61000,4.70000,30000
2019-04-16,4.80000,4.98000,4.80000,4.93000,11200
2019-04-17,4.98000,5.05000,4.90000,4.90000,7900
2019-04-18,4.93000,4.93000,4.79000,4.90000,4200
2019-04-22,4.83000,5.02000,4.83000,4.91000,5600
2019-04-23,4.86000,5.05000,4.86000,4.94000,30200
2019-04-24,4.98000,5.13000,4.95000,5.02000,11000
2019-04-25,5.02000,5.26000,4.91000,4.91000,24800
2019-04-26,4.97000,5.15000,4.80000,5.00000,7300
2019-04-29,4.96000,4.97000,4.82000,4.90000,9800
2019-04-30,4.94000,5.20000,4.81000,5.15000,12500
2019-05-01,5.20000,5.50000,5.18000,5.45000,50700
2019-05-02,5.49000,5.65000,5.49000,5.65000,27600
2019-05-03,5.74000,5.74000,5.22000,5.53000,31200
2019-05-06,5.35000,5.35000,5.08000,5.23000,9200
2019-05-07,5.26000,5.26000,5.08000,5.21000,14500
2019-05-08,5.33000,5.41000,5.21000,5.35000,14500
2019-05-09,5.05000,5.31000,5.01000,5.31000,20900
2019-05-10,5.70000,5.70000,4.79000,5.42000,31600
2019-05-13,5.34000,5.34000,5.03000,5.33000,3600
2019-05-14,5.17000,5.27000,4.98000,5.01000,13000
2019-05-15,5.04000,5.18000,4.90000,5.04000,24600
2019-05-16,5.07000,5.15000,4.88000,4.98000,10600
2019-05-17,5.10000,5.42000,5.10000,5.15000,18000
2019-05-20,5.27000,5.49000,5.12000,5.21000,28600
2019-05-21,5.18000,5.29000,4.91000,4.91000,14700
2019-05-22,4.92000,5.16000,4.92000,5.16000,14500
2019-05-23,5.00000,5.07000,4.96000,5.05000,17700
2019-05-24,5.05000,5.05000,4.91000,4.98000,16900
2019-05-28,5.05000,5.05000,4.90000,5.01000,13400
2019-05-29,4.97000,4.97000,4.81000,4.82000,22800
2019-05-30,4.90000,4.97000,4.86000,4.90000,22000
2019-05-31,4.79000,4.99000,4.53000,4.75000,23800
2019-06-03,4.75000,5.00000,4.75000,4.82000,14700
2019-06-04,4.87000,5.20000,4.66000,4.93000,21700
2019-06-05,4.89000,5.05000,4.74000,4.86000,19300
2019-06-06,4.93000,4.93000,4.74000,4.75000,25100
2019-06-07,4.72000,5.04000,4.72000,4.85000,23100
2019-06-10,4.82000,4.94000,4.72000,4.81000,21800
2019-06-11,4.85000,5.09000,4.85000,4.90000,39400
2019-06-12,4.93000,5.14000,4.83000,4.90000,30900
2019-06-13,4.86000,4.98000,4.81000,4.93000,16800
2019-06-14,4.96000,5.04000,4.83000,4.84000,32000
2019-06-17,5.08000,5.10000,4.71000,4.73000,18200
2019-06-18,4.73000,5.05000,4.73000,4.93000,34400
2019-06-19,4.95000,5.05000,4.93000,5.00000,27200
2019-06-20,5.03000,5.16000,4.95000,5.03000,33600
2019-06-21,5.00000,5.07000,4.82000,4.82000,32100
2019-06-24,4.78000,4.99000,4.64000,4.64000,13000
2019-06-25,4.76000,4.95000,4.76000,4.83000,18300
2019-06-26,4.90000,5.07000,4.89000,4.93000,7800
2019-06-27,5.00000,5.00000,4.89000,4.99000,31500
2019-06-28,5.00000,5.19000,4.99000,5.12000,24800
2019-07-01,5.18000,5.33000,5.02000,5.32000,26900
2019-07-02,5.27000,5.30000,4.90000,4.90000,22000
2019-07-03,4.92000,4.92000,4.72000,4.72000,8300
2019-07-05,4.75000,4.96000,4.75000,4.96000,21700
2019-07-08,5.00000,5.08000,4.90000,5.07000,12800
2019-07-09,5.09000,5.09000,4.78000,4.81000,13400
2019-07-10,4.76000,4.87000,4.52000,4.52000,33200
2019-07-11,4.54000,4.79000,4.54000,4.73000,11700
2019-07-12,4.61000,4.79000,4.57000,4.65000,35700
2019-07-15,4.70000,4.82000,4.70000,4.82000,11500
2019-07-16,4.92000,4.94000,4.71000,4.71000,34700
2019-07-17,4.75000,4.87000,4.75000,4.83000,8600
2019-07-18,4.86000,4.89000,4.82000,4.88000,20100
2019-07-19,4.91000,4.95000,4.85000,4.86000,5300
2019-07-22,4.91000,5.09000,4.31000,4.53000,72700
2019-07-23,4.56000,4.96000,4.56000,4.87000,25000
2019-07-24,4.80000,5.06000,4.80000,5.00000,19600
2019-07-25,5.03000,5.14000,4.89000,5.04000,15100
2019-07-26,5.01000,5.01000,4.72000,4.90000,18400
2019-07-29,4.96000,5.09000,4.90000,4.90000,18200
2019-07-30,4.75000,5.09000,4.75000,4.98000,7600
2019-07-31,4.92000,5.00000,4.76000,4.76000,30200
2019-08-01,4.77000,4.88000,4.77000,4.85000,34700
2019-08-02,4.82000,4.85000,4.70000,4.85000,29900
2019-08-05,4.85000,4.89000,4.59000,4.70000,34000
2019-08-06,4.74000,4.80000,4.66000,4.77000,20400
2019-08-07,4.80000,4.83000,4.70000,4.82000,30800
2019-08-08,4.88000,5.50000,4.88000,5.15000,112600
2019-08-09,5.30000,5.70000,5.30000,5.50000,127100
2019-08-12,5.69000,5.69000,5.02000,5.07000,58000
2019-08-13,4.92000,5.50000,4.77000,5.20000,46600
2019-08-14,5.05000,5.12000,4.81000,4.85000,141600
2019-08-15,5.10000,5.10000,4.90000,5.00000,34000
2019-08-16,4.94000,5.00000,4.85000,4.90000,28000
2019-08-19,5.00000,5.00000,4.75000,4.83000,22500
2019-08-20,4.90000,4.95000,4.76000,4.90000,46700
2019-08-21,4.98000,4.99000,4.88000,4.99000,20200
2019-08-22,4.91000,5.00000,4.87000,4.89000,14600
2019-08-23,4.88000,5.00000,4.81000,4.89000,19300
2019-08-26,4.96000,4.96000,4.77000,4.77000,15000
2019-08-27,4.76000,4.92000,4.51000,4.55000,42500
2019-08-28,4.63000,4.70000,4.59000,4.70000,17400
2019-08-29,4.80000,4.90000,4.80000,4.80000,19600
2019-08-30,4.80000,4.97000,4.78000,4.85000,23100
2019-09-03,4.81000,4.90000,4.75000,4.90000,23800
2019-09-04,4.88000,4.88000,4.72000,4.85000,27200
2019-09-05,4.82000,4.86000,4.80000,4.80000,20500
2019-09-06,4.86000,4.98000,4.81000,4.98000,22100
2019-09-09,4.93000,5.03000,4.80000,4.80000,27500
2019-09-10,4.80000,4.91000,4.80000,4.85000,7200
2019-09-11,4.91000,5.00000,4.89000,5.00000,38700
2019-09-12,5.01000,5.10000,4.98000,5.10000,31300
2019-09-13,5.06000,5.14000,4.98000,5.04000,13300
2019-09-16,5.08000,5.49000,5.08000,5.25000,130800
2019-09-17,5.26000,5.42000,5.00000,5.30000,51700
2019-09-18,5.27000,5.39000,5.08000,5.08000,27300
2019-09-19,5.08000,5.20000,4.99000,5.12000,53900
2019-09-20,5.16000,5.19000,5.06000,5.07000,26000
2019-09-23,5.08000,5.22000,5.00000,5.18000,24100
2019-09-24,5.16000,5.22000,4.96000,5.09000,16100
2019-09-25,5.04000,5.16000,5.00000,5.05000,43400
2019-09-26,5.06000,5.20000,5.04000,5.20000,14600
2019-09-27,5.20000,5.25000,5.20000,5.24000,29600
2019-09-30,5.21000,5.28000,5.20000,5.26000,38600
2019-10-01,5.25000,5.33000,5.25000,5.32000,149000
2019-10-02,5.32000,5.32000,5.02000,5.11000,29100
2019-10-03,5.07000,5.17000,4.87000,5.00000,42000
2019-10-04,4.96000,5.07000,4.88000,4.94000,10200
2019-10-07,4.97000,5.05000,4.86000,4.87000,14800
2019-10-08,4.78000,4.98000,4.70000,4.70000,11200
2019-10-09,4.72000,4.89000,4.65000,4.85000,28600
2019-10-10,4.85000,4.86000,4.78000,4.78000,16300
2019-10-11,4.85000,4.90000,4.74000,4.77000,26300
2019-10-14,4.72000,4.80000,4.72000,4.73000,9200
2019-10-15,4.69000,4.83000,4.61000,4.62000,24100
2019-10-16,4.71000,4.80000,4.67000,4.78000,23600
2019-10-17,4.78000,4.80000,4.65000,4.67000,33200
2019-10-18,4.65000,4.74000,4.52000,4.58000,22500
2019-10-21,4.61000,4.73000,4.52000,4.60000,20300
2019-10-22,4.62000,4.62000,4.42000,4.56000,30400
2019-10-23,4.53000,4.61000,4.42000,4.43000,20100
2019-10-24,4.41000,4.56000,4.21000,4.49000,36000
2019-10-25,4.51000,4.70000,4.28000,4.67000,20400
2019-10-28,4.65000,4.65000,4.52000,4.53000,6200
2019-10-29,4.67000,5.10000,4.66000,4.95000,128000
2019-10-30,4.86000,5.05000,4.85000,4.98000,75300
2019-10-31,4.90000,5.03000,4.74000,4.88000,72000
2019-11-01,4.93000,4.95000,4.90000,4.95000,73900
2019-11-04,4.95000,5.03000,4.78000,5.03000,35200
2019-11-05,5.00000,5.07000,4.94000,5.02000,46000
2019-11-06,5.00000,5.10000,4.88000,5.00000,43700
2019-11-07,5.08000,5.15000,4.96000,5.10000,172900
2019-11-08,5.10000,5.20000,4.81000,5.02000,92700
2019-11-11,4.94000,5.15000,4.81000,5.08000,30100
2019-11-12,5.01000,5.07000,4.91000,5.01000,23400
2019-11-13,4.89000,5.04000,4.88000,5.02000,52000
2019-11-14,5.07000,5.15000,5.00000,5.07000,76200
2019-11-15,4.95000,5.10000,4.93000,5.07000,18300
2019-11-18,5.08000,5.18000,4.96000,5.09000,67900
2019-11-19,5.06000,5.20000,5.06000,5.12000,46600
2019-11-20,5.11000,5.37000,5.10000,5.24000,145300
2019-11-21,5.25000,5.32000,5.23000,5.26000,54700
2019-11-22,5.30000,5.35000,5.22000,5.28000,28200
2019-11-25,5.32000,5.73000,5.15000,5.37000,151500
2019-11-26,5.44000,5.47000,5.21000,5.32000,66700
2019-11-27,5.27000,5.34000,5.20000,5.31000,24000
2019-11-29,5.38000,5.62000,5.35000,5.43000,24000
2019-12-02,5.46000,5.46000,5.18000,5.25000,46700
2019-12-03,5.19000,5.19000,5.07000,5.12000,26000
2019-12-04,5.09000,5.14000,5.00000,5.00000,53600
2019-12-05,5.01000,5.09000,4.99000,4.99000,100100
2019-12-06,5.02000,5.23000,5.01000,5.03000,53300
2019-12-09,5.12000,5.15000,5.01000,5.05000,22200
2019-12-10,5.06000,5.17000,5.00000,5.17000,19000
2019-12-11,5.10000,5.20000,5.02000,5.15000,14100
2019-12-12,5.19000,5.28000,5.06000,5.23000,19500
2019-12-13,5.25000,5.45000,5.10000,5.20000,36400
2019-12-16,5.21000,5.32000,5.10000,5.14000,16800
2019-12-17,5.03000,5.18000,5.03000,5.06000,15400
2019-12-18,5.10000,5.20000,5.00000,5.00000,55600
2019-12-19,5.06000,5.34000,5.00000,5.21000,102400
2019-12-20,5.16000,5.54000,5.13000,5.35000,110100
2019-12-23,5.36000,5.65000,5.36000,5.57000,29800
2019-12-24,5.50000,5.82000,5.50000,5.70000,32900
2019-12-26,5.78000,5.91000,5.68000,5.85000,24000
2019-12-27,5.90000,5.91000,5.60000,5.60000,25500
2019-12-30,5.62000,5.76000,5.58000,5.59000,20300
2019-12-31,5.60000,5.73000,5.47000,5.64000,47800
2020-01-02,5.61000,5.88000,5.60000,5.88000,26700
2020-01-03,5.89000,5.93000,5.64000,5.64000,33400
2020-01-06,5.77000,6.46000,5.72000,6.29000,120300
2020-01-07,6.32000,6.70000,6.29000,6.64000,118000
2020-01-08,6.73000,6.98000,6.52000,6.97000,104900
2020-01-09,6.98000,7.04000,6.83000,6.95000,80600
2020-01-10,6.89000,6.92000,6.75000,6.90000,77100
2020-01-13,6.72000,6.75000,6.48000,6.61000,57500
2020-01-14,6.66000,6.86000,6.66000,6.70000,32200
2020-01-15,6.75000,6.83000,6.70000,6.74000,47100
2020-01-16,6.76000,6.81000,6.41000,6.45000,90600
2020-01-17,6.39000,6.43000,6.22000,6.31000,51700
2020-01-21,6.22000,6.75000,6.10000,6.32000,85200
2020-01-22,6.31000,6.52000,6.20000,6.27000,88200
2020-01-23,6.27000,6.50000,6.18000,6.28000,19000
2020-01-24,6.30000,6.30000,6.03000,6.08000,33500
2020-01-27,6.00000,6.21000,5.97000,6.04000,38000
2020-01-28,6.04000,6.25000,6.00000,6.09000,53300
2020-01-29,6.09000,6.22000,5.98000,6.01000,87000
2020-01-30,5.91000,6.07000,5.91000,5.94000,38400
2020-01-31,5.00000,5.25000,4.40000,4.74000,382100
2020-02-03,4.86000,5.10000,4.77000,5.00000,351500
2020-02-04,5.08000,5.09000,4.80000,4.87000,77500
2020-02-05,4.86000,4.96000,4.82000,4.96000,51300
2020-02-06,5.01000,5.17000,5.01000,5.10000,64600
2020-02-07,5.07000,5.15000,5.00000,5.04000,62900
2020-02-10,5.05000,5.11000,5.02000,5.07000,65600
2020-02-11,5.06000,5.23000,4.90000,5.20000,49000
2020-02-12,5.19000,5.29000,5.00000,5.16000,59400
2020-02-13,5.15000,5.15000,5.01000,5.10000,23800
2020-02-14,5.13000,5.13000,5.02000,5.11000,17900
2020-02-18,5.13000,5.13000,4.96000,5.08000,30800
2020-02-19,5.08000,5.08000,4.90000,4.95000,26000
2020-02-20,5.00000,5.08000,4.90000,5.07000,17100
2020-02-21,5.00000,5.03000,4.97000,4.98000,6500
2020-02-24,4.70000,4.84000,4.66000,4.83000,77200
2020-02-25,4.76000,4.76000,4.50000,4.68000,56000
2020-02-26,4.61000,4.80000,4.51000,4.51000,17000
2020-02-27,4.50000,4.70000,4.50000,4.59000,21200
2020-02-28,4.49000,4.58000,4.48000,4.58000,26100
2020-03-02,4.61000,4.61000,4.45000,4.47000,33900
2020-03-03,4.44000,4.53000,4.05000,4.42000,64000
2020-03-04,4.43000,4.53000,4.38000,4.50000,16200
2020-03-05,4.42000,4.42000,4.05000,4.26000,33500
2020-03-06,4.06000,4.38000,4.06000,4.29000,8100
2020-03-09,3.89000,4.13000,3.85000,3.96000,31000
2020-03-10,4.18000,4.21000,3.78000,3.83000,20500
2020-03-11,3.86000,4.22000,3.59000,3.75000,24300
2020-03-12,3.41000,3.60000,3.01000,3.11000,57800
2020-03-13,3.00000,3.45000,3.00000,3.12000,81100
2020-03-16,2.50000,2.63000,2.41000,2.50000,93100
2020-03-17,2.59000,2.59000,2.49000,2.54000,38800
2020-03-18,2.41000,2.54000,2.24000,2.25000,83300
2020-03-19,2.25000,2.96000,2.11000,2.78000,34100
2020-03-20,2.95000,3.09000,2.50000,2.95000,27000
2020-03-23,2.66000,3.14000,2.58000,2.84000,21600
2020-03-24,3.00000,3.33000,2.87000,3.05000,42100
2020-03-25,3.06000,3.25000,2.95000,3.17000,23500
2020-03-26,3.29000,3.47000,3.10000,3.24000,36600
2020-03-27,3.30000,3.36000,3.18000,3.22000,23200
2020-03-30,3.20000,3.28000,3.18000,3.25000,23000
2020-03-31,3.20000,3.41000,3.20000,3.38000,29400
2020-04-01,3.22000,3.35000,3.00000,3.11000,29700
2020-04-02,3.16000,3.24000,3.11000,3.16000,14700
2020-04-03,3.03000,3.06000,2.93000,3.06000,14600
2020-04-06,3.11000,3.33000,3.11000,3.20000,18700
2020-04-07,3.03000,3.25000,2.72000,3.20000,79300
2020-04-08,3.12000,3.12000,2.75000,2.76000,58400
2020-04-09,2.94000,2.97000,2.87000,2.93000,18600
2020-04-13,2.93000,2.94000,2.74000,2.88000,39400
2020-04-14,2.97000,3.00000,2.85000,2.94000,27400
2020-04-15,2.94000,2.94000,2.76000,2.88000,25200
2020-04-16,2.78000,2.78000,2.64000,2.70000,48000
2020-04-17,2.75000,2.83000,2.70000,2.75000,33900
2020-04-20,2.76000,2.83000,2.66000,2.70000,43900
2020-04-21,2.70000,2.82000,2.51000,2.73000,55600
2020-04-22,2.85000,2.85000,2.68000,2.68000,32000
2020-04-23,2.81000,2.81000,2.62000,2.70000,36400
2020-04-24,2.70000,2.77000,2.64000,2.67000,24500
2020-04-27,2.68000,2.83000,2.67000,2.83000,43600
2020-04-28,2.83000,3.03000,2.81000,2.92000,61800
2020-04-29,2.99000,3.34000,2.93000,3.32000,56000
2020-04-30,3.35000,3.40000,3.04000,3.19000,32000
2020-05-01,3.21000,3.22000,2.86000,2.96000,28500
2020-05-04,2.88000,3.09000,2.83000,3.00000,7200
2020-05-05,3.00000,3.08000,2.90000,2.90000,33300
2020-05-06,2.90000,2.94000,2.86000,2.86000,11400
2020-05-07,2.94000,2.98000,2.88000,2.96000,16100
2020-05-08,3.49000,3.90000,3.25000,3.89000,313100
2020-05-11,3.90000,4.47000,3.90000,4.29000,176600
2020-05-12,4.57000,4.68000,3.59000,3.59000,140100
2020-05-13,4.47000,4.47000,3.79000,3.91000,66400
2020-05-14,3.91000,3.93000,3.75000,3.85000,60400
2020-05-15,3.89000,4.04000,3.80000,3.90000,54300
2020-05-18,3.93000,4.10000,3.89000,4.06000,60700
2020-05-19,4.07000,4.12000,3.87000,4.05000,40100
2020-05-20,3.97000,4.37000,3.97000,4.30000,113800
2020-05-21,4.33000,5.57000,4.23000,4.43000,833500
2020-05-22,4.33000,4.42000,4.08000,4.12000,82500
2020-05-26,4.38000,4.38000,4.05000,4.16000,81000
2020-05-27,4.23000,4.27000,4.06000,4.25000,86400
2020-05-28,4.24000,4.27000,4.08000,4.09000,40200
2020-05-29,4.10000,5.10000,3.90000,4.18000,1163400
2020-06-01,4.24000,4.70000,4.20000,4.53000,222300
2020-06-02,4.70000,4.93000,4.61000,4.75000,221900
2020-06-03,4.84000,5.04000,4.76000,4.99000,238500
2020-06-04,4.95000,5.04000,4.80000,4.92000,91200
2020-06-05,4.90000,5.04000,4.81000,5.01000,104200
2020-06-08,5.07000,5.42000,5.07000,5.19000,189400
2020-06-09,5.12000,5.15000,5.02000,5.13000,81800
2020-06-10,5.24000,5.24000,5.00000,5.16000,78000
2020-06-11,5.03000,5.08000,4.64000,5.08000,104500
2020-06-12,5.52000,5.55000,5.07000,5.27000,122500
2020-06-15,5.27000,5.50000,5.12000,5.48000,139400
2020-06-16,5.55000,5.68000,5.41000,5.44000,80700
2020-06-17,5.45000,5.49000,5.23000,5.34000,92300
2020-06-18,5.36000,5.66000,5.24000,5.51000,203700
2020-06-19,5.59000,5.64000,5.26000,5.26000,127700
2020-06-22,5.27000,5.27000,5.07000,5.27000,93200
2020-06-23,5.37000,5.37000,5.00000,5.10000,147400
2020-06-24,5.07000,5.08000,4.75000,4.95000,118100
2020-06-25,4.95000,5.01000,4.80000,4.98000,53500
2020-06-26,4.97000,5.01000,4.82000,4.93000,43000
2020-06-29,4.93000,5.06000,4.78000,4.91000,54500
2020-06-30,4.91000,5.14000,4.86000,5.10000,55500
2020-07-01,5.11000,5.11000,4.75000,4.82000,57400
2020-07-02,4.90000,4.93000,4.71000,4.72000,75700
2020-07-06,4.83000,4.84000,4.63000,4.73000,44400
2020-07-07,4.67000,4.83000,4.66000,4.67000,42300
2020-07-08,4.68000,4.74000,4.51000,4.53000,48300
2020-07-09,4.48000,4.60000,4.21000,4.33000,173900
2020-07-10,4.45000,4.83000,4.41000,4.78000,169000
2020-07-13,4.85000,5.15000,4.81000,4.82000,151300
2020-07-14,4.97000,4.97000,4.58000,4.73000,128000
2020-07-15,4.91000,4.97000,4.73000,4.94000,79000
2020-07-16,5.00000,5.39000,4.87000,5.20000,195300
2020-07-17,5.24000,5.29000,5.07000,5.24000,117100
2020-07-20,5.25000,5.25000,5.05000,5.20000,70600
2020-07-21,5.28000,5.51000,5.14000,5.39000,180800
2020-07-22,5.44000,5.53000,5.18000,5.25000,108000
2020-07-23,5.35000,5.39000,5.10000,5.23000,57300
2020-07-24,5.23000,5.27000,5.03000,5.10000,90900
2020-07-27,5.10000,5.29000,5.10000,5.17000,49500
2020-07-28,5.21000,5.28000,5.12000,5.17000,76600
2020-07-29,5.18000,5.21000,5.02000,5.02000,62400
2020-07-30,5.00000,5.22000,5.00000,5.18000,75200
2020-07-31,5.23000,5.24000,4.99000,5.12000,89200
2020-08-03,5.12000,5.17000,5.04000,5.11000,57200
2020-08-04,5.10000,5.31000,5.10000,5.24000,46800
2020-08-05,5.25000,5.33000,5.17000,5.24000,125900
2020-08-06,5.23000,5.34000,5.19000,5.22000,75300
2020-08-07,5.15000,5.15000,4.90000,5.02000,186600
2020-08-10,5.05000,5.22000,4.94000,5.16000,99000
2020-08-11,5.18000,5.23000,5.09000,5.09000,87600
2020-08-12,5.15000,5.21000,5.01000,5.11000,148300
2020-08-13,5.15000,5.34000,5.05000,5.16000,565400
2020-08-14,5.18000,5.22000,5.08000,5.21000,120200
2020-08-17,5.20000,5.47000,5.20000,5.37000,210000
2020-08-18,5.37000,5.37000,5.13000,5.18000,131200
2020-08-19,5.17000,5.25000,5.05000,5.12000,120900
2020-08-20,5.09000,5.19000,5.07000,5.15000,85300
2020-08-21,5.13000,5.16000,4.97000,5.07000,131500
2020-08-24,5.10000,5.15000,5.06000,5.14000,75200
2020-08-25,5.11000,5.16000,5.06000,5.11000,76600
2020-08-26,5.12000,5.20000,5.05000,5.12000,90100
2020-08-27,5.15000,5.48000,5.12000,5.41000,378000
2020-08-28,5.45000,6.02000,5.41000,6.00000,651100
2020-08-31,6.00000,6.19000,5.73000,6.17000,413700
2020-09-01,6.15000,6.19000,5.60000,5.66000,211700
2020-09-02,5.67000,6.02000,5.67000,5.92000,178300
2020-09-03,5.90000,6.01000,5.53000,5.56000,160400
2020-09-04,5.63000,5.66000,5.15000,5.36000,138300
2020-09-08,5.30000,5.44000,5.15000,5.28000,76500
2020-09-09,5.35000,5.45000,5.17000,5.44000,129300
2020-09-10,5.54000,6.00000,5.44000,5.70000,370500
2020-09-11,5.75000,5.85000,5.60000,5.79000,146300
2020-09-14,5.87000,6.10000,5.79000,6.00000,170200
2020-09-15,6.10000,6.10000,5.68000,5.72000,87600
2020-09-16,5.73000,6.00000,5.68000,5.93000,93600
2020-09-17,5.86000,6.12000,5.78000,6.01000,180100
2020-09-18,6.02000,6.17000,5.86000,6.04000,279100
2020-09-21,5.94000,5.94000,5.63000,5.77000,121700
2020-09-22,5.88000,5.92000,5.75000,5.82000,69400
2020-09-23,5.88000,5.88000,5.62000,5.72000,125900
2020-09-24,5.64000,5.71000,5.51000,5.67000,76100
2020-09-25,5.64000,5.94000,5.59000,5.85000,81500
2020-09-28,5.98000,6.42000,5.94000,6.38000,196900
2020-09-29,6.25000,6.50000,6.25000,6.30000,109800
2020-09-30,6.32000,6.47000,6.26000,6.26000,134800
2020-10-01,6.32000,6.38000,6.02000,6.06000,142300
2020-10-02,5.85000,6.04000,5.85000,6.00000,73300
2020-10-05,6.06000,6.20000,6.02000,6.13000,85600
2020-10-06,6.13000,6.62000,6.13000,6.34000,130800
2020-10-07,6.43000,6.75000,6.43000,6.64000,54700
2020-10-08,6.73000,6.79000,6.36000,6.48000,58200
2020-10-09,6.48000,6.54000,6.32000,6.43000,60300
2020-10-12,6.48000,6.55000,6.35000,6.48000,59100
2020-10-13,6.44000,6.56000,6.36000,6.48000,33800
2020-10-14,6.53000,6.55000,6.35000,6.39000,25700
2020-10-15,6.35000,6.40000,6.11000,6.38000,69500
2020-10-16,6.35000,6.43000,6.24000,6.33000,68200
2020-10-19,6.33000,6.38000,6.16000,6.32000,105100
2020-10-20,6.38000,6.65000,6.34000,6.52000,103900
2020-10-21,6.55000,6.59000,6.31000,6.35000,41400
2020-10-22,6.34000,6.39000,6.25000,6.31000,49500
2020-10-23,6.34000,6.47000,6.23000,6.45000,46500
2020-10-26,6.43000,6.46000,6.22000,6.38000,69000
2020-10-27,6.42000,6.42000,6.30000,6.35000,15300
2020-10-28,6.22000,6.22000,5.91000,6.03000,49100
2020-10-29,6.25000,6.89000,6.24000,6.59000,255600
2020-10-30,6.57000,6.67000,6.45000,6.53000,88300
2020-11-02,6.63000,7.00000,6.62000,6.91000,121800
2020-11-03,7.00000,7.25000,6.92000,7.22000,141900
2020-11-04,7.25000,7.37000,7.10000,7.19000,39600
2020-11-05,7.25000,7.38000,6.98000,7.01000,77300
2020-11-06,6.96000,6.99000,6.72000,6.73000,42800
2020-11-09,6.90000,6.92000,6.65000,6.70000,70800
2020-11-10,6.72000,7.04000,6.64000,6.91000,76600
2020-11-11,6.96000,7.48000,6.96000,7.32000,89100
2020-11-12,7.36000,7.47000,6.81000,6.81000,53800
2020-11-13,6.82000,7.05000,6.61000,6.72000,45700
2020-11-16,6.76000,6.98000,6.65000,6.78000,30500
2020-11-17,6.74000,6.79000,6.55000,6.78000,36000
2020-11-18,6.76000,6.87000,6.52000,6.62000,30800
2020-11-19,6.57000,6.73000,6.41000,6.57000,42400
2020-11-20,6.49000,7.00000,6.48000,6.93000,54600
2020-11-23,6.94000,7.03000,6.75000,6.85000,40400
2020-11-24,6.84000,7.32000,6.84000,7.22000,97100
2020-11-25,7.27000,7.27000,7.00000,7.05000,44600
2020-11-27,7.03000,7.15000,6.86000,6.90000,26700
2020-11-30,6.80000,6.93000,6.60000,6.89000,43400
2020-12-01,7.00000,7.25000,7.00000,7.16000,40000
2020-12-02,7.15000,7.66000,7.01000,7.66000,106800
2020-12-03,7.55000,7.64000,7.13000,7.26000,43300
2020-12-04,7.21000,7.40000,6.85000,7.34000,64000
2020-12-07,7.61000,7.61000,7.04000,7.10000,66600
2020-12-08,7.16000,7.39000,7.11000,7.38000,72100
2020-12-09,7.30000,7.65000,7.20000,7.59000,166100
2020-12-10,7.56000,7.89000,7.48000,7.82000,93200
2020-12-11,7.73000,7.82000,7.30000,7.48000,80400
2020-12-14,7.51000,7.69000,7.22000,7.38000,68400
2020-12-15,7.47000,7.55000,7.27000,7.35000,72500
2020-12-16,7.42000,7.42000,7.03000,7.31000,56300
2020-12-17,7.33000,7.34000,7.13000,7.21000,52100
2020-12-18,7.20000,7.30000,7.00000,7.06000,102400
2020-12-21,7.05000,7.22000,6.82000,7.22000,62500
2020-12-22,7.26000,7.26000,7.03000,7.21000,80800
2020-12-23,7.25000,7.36000,7.09000,7.24000,70800
2020-12-24,7.37000,7.37000,7.19000,7.24000,10600
2020-12-28,7.36000,7.45000,7.10000,7.43000,43900
2020-12-29,7.49000,7.49000,7.18000,7.19000,59200
2020-12-30,7.28000,7.47000,7.28000,7.46000,43200
2020-12-31,7.50000,8.74000,7.50000,8.50000,175900
2021-01-04,8.68000,8.92000,7.57000,7.90000,133200
2021-01-05,8.05000,8.64000,8.05000,8.32000,96300
2021-01-06,8.41000,8.50000,8.31000,8.35000,30500
2021-01-07,8.65000,8.65000,7.98000,8.26000,72000
2021-01-08,8.22000,8.45000,7.80000,8.13000,62600
2021-01-11,8.01000,8.12000,7.56000,7.62000,111900
2021-01-12,7.73000,8.10000,7.72000,8.09000,98100
2021-01-13,8.11000,8.22000,7.66000,7.88000,65300
2021-01-14,8.17000,8.28000,8.00000,8.18000,100500
2021-01-15,8.19000,8.19000,7.61000,7.68000,123000
2021-01-19,7.79000,8.33000,7.79000,7.97000,81700
2021-01-20,8.12000,8.22000,7.85000,7.95000,46800
2021-01-21,8.04000,8.18000,7.86000,8.18000,54700
2021-01-22,8.18000,8.30000,7.80000,8.30000,177600
2021-01-25,8.48000,8.48000,7.85000,8.48000,230100
2021-01-26,8.34000,8.50000,8.05000,8.39000,100700
2021-01-27,8.16000,8.52000,7.94000,8.49000,172100
2021-01-28,8.46000,8.55000,8.01000,8.06000,57900
2021-01-29,8.20000,8.31000,7.94000,8.08000,83000
2021-02-01,8.23000,8.45000,8.00000,8.41000,87400
2021-02-02,8.48000,8.80000,8.31000,8.54000,85300
2021-02-03,8.60000,8.88000,8.43000,8.80000,96000
2021-02-04,8.88000,9.89000,8.80000,9.54000,404900
2021-02-05,10.00000,10.20000,9.47000,9.65000,173900
2021-02-08,9.81000,10.16000,9.70000,9.92000,85900
2021-02-09,10.00000,10.80000,9.80000,10.79000,206600
2021-02-10,11.09000,11.40000,10.41000,11.29000,284100
2021-02-11,11.45000,11.99000,11.40000,11.99000,216400
2021-02-12,12.75000,13.80000,12.30000,12.85000,739500
2021-02-16,12.85000,13.38000,11.56000,12.74000,364400
2021-02-17,12.74000,12.80000,11.97000,12.15000,161800
2021-02-18,11.98000,12.08000,10.52000,10.52000,224400
2021-02-19,10.42000,11.41000,10.40000,11.20000,129700
2021-02-22,11.45000,11.89000,11.02000,11.66000,97300
2021-02-23,11.15000,11.78000,10.22000,11.44000,157800
2021-02-24,11.78000,11.78000,11.22000,11.41000,61400
2021-02-25,11.05000,11.39000,10.72000,10.90000,87700
2021-02-26,11.09000,11.26000,10.60000,11.14000,69300
2021-03-01,11.40000,11.78000,11.15000,11.65000,56600
2021-03-02,11.61000,11.67000,11.05000,11.33000,84400
2021-03-03,11.35000,11.49000,11.10000,11.25000,75500
2021-03-04,11.10000,11.10000,9.90000,10.95000,175300
2021-03-05,11.06000,11.39000,10.33000,10.97000,167000
2021-03-08,10.73000,10.99000,10.38000,10.57000,129800
2021-03-09,11.04000,11.50000,10.79000,11.41000,119000
2021-03-10,11.53000,11.60000,11.11000,11.50000,68500
2021-03-11,11.63000,12.20000,11.57000,12.10000,127200
2021-03-12,12.06000,12.50000,11.92000,12.26000,64500
2021-03-15,12.30000,12.40000,12.09000,12.23000,29400
2021-03-16,12.22000,12.22000,11.96000,12.08000,54100
2021-03-17,12.00000,12.44000,11.12000,12.17000,56300
2021-03-18,11.98000,12.34000,11.94000,12.00000,84400
2021-03-19,11.95000,12.69000,11.79000,12.58000,159000
2021-03-22,12.50000,12.63000,11.96000,12.05000,41400
2021-03-23,11.76000,11.94000,11.01000,11.24000,79700
2021-03-24,11.24000,11.36000,10.75000,10.80000,39500
2021-03-25,10.65000,11.45000,10.60000,11.30000,46400
2021-03-26,11.39000,11.73000,10.75000,11.49000,84700
2021-03-29,11.55000,11.87000,11.30000,11.51000,67900
2021-03-30,11.40000,11.49000,11.04000,11.14000,18900
2021-03-31,11.21000,11.67000,11.11000,11.46000,31100
2021-04-01,11.54000,11.83000,11.40000,11.58000,49300
2021-04-05,11.67000,11.67000,11.09000,11.21000,77200
2021-04-06,11.22000,11.49000,10.92000,10.93000,67900
2021-04-07,10.98000,11.00000,10.59000,10.68000,135200
2021-04-08,11.36000,12.35000,11.25000,11.61000,2571900
2021-04-09,11.69000,11.97000,11.30000,11.51000,306100
2021-04-12,11.52000,11.80000,11.30000,11.72000,205700
2021-04-13,12.25000,13.58000,12.07000,13.35000,399100
2021-04-14,13.70000,14.23000,13.11000,13.80000,382600
2021-04-15,14.25000,14.64000,13.52000,14.24000,223300
2021-04-16,14.21000,14.28000,12.85000,14.04000,262000
2021-04-19,14.45000,15.14000,14.18000,14.78000,374000
2021-04-20,14.82000,14.95000,13.42000,13.65000,273400
2021-04-21,13.72000,14.30000,13.57000,14.30000,140900
2021-04-22,14.39000,14.75000,13.65000,13.86000,192800
2021-04-23,13.87000,14.69000,13.87000,14.57000,115700
2021-04-26,14.64000,15.35000,14.60000,15.30000,330400
2021-04-27,15.29000,16.44000,15.25000,16.15000,374300
2021-04-28,16.15000,17.69000,16.09000,16.81000,548600
2021-04-29,17.04000,17.08000,15.60000,15.90000,193400
2021-04-30,15.77000,16.30000,15.30000,15.95000,139000
2021-05-03,15.80000,16.79000,15.43000,15.84000,246200
2021-05-04,15.66000,15.66000,14.52000,14.64000,219200
2021-05-05,14.81000,15.38000,14.34000,15.25000,164100
2021-05-06,15.07000,15.43000,13.69000,14.20000,232200
2021-05-07,14.89000,15.85000,14.89000,15.63000,971300
2021-05-10,15.47000,15.81000,14.88000,15.26000,519700
2021-05-11,14.64000,15.56000,14.13000,14.88000,234100
2021-05-12,14.62000,14.92000,13.78000,13.92000,195000
2021-05-13,14.04000,14.36000,13.21000,13.70000,159600
2021-05-14,13.94000,14.45000,13.88000,14.25000,170200
2021-05-17,13.95000,14.64000,13.79000,14.54000,159800
2021-05-18,14.58000,14.80000,14.21000,14.55000,108300
2021-05-19,14.22000,15.24000,14.00000,15.08000,215800
2021-05-20,14.92000,16.33000,14.92000,16.20000,268300
2021-05-21,16.27000,16.89000,16.20000,16.59000,285600
2021-05-24,16.67000,16.89000,15.99000,16.77000,170100
2021-05-25,16.87000,16.98000,16.30000,16.38000,140000
2021-05-26,16.64000,16.64000,15.38000,15.48000,171000
2021-05-27,15.56000,15.99000,15.16000,15.76000,96000
2021-05-28,15.86000,15.96000,15.42000,15.58000,71000
2021-06-01,15.73000,15.94000,15.04000,15.72000,91000
2021-06-02,15.51000,15.95000,15.04000,15.45000,123600
2021-06-03,15.30000,15.59000,14.90000,15.18000,99200
2021-06-04,15.26000,15.71000,15.02000,15.61000,157900
2021-06-07,15.91000,17.20000,15.75000,16.01000,398500
2021-06-08,16.19000,16.70000,15.66000,16.33000,178400
2021-06-09,16.41000,16.41000,15.79000,16.07000,119700
2021-06-10,16.39000,16.49000,15.62000,15.72000,118200
2021-06-11,15.84000,16.07000,15.51000,15.70000,113200
2021-06-14,15.76000,17.76000,15.76000,17.46000,516300
2021-06-15,17.84000,17.92000,16.56000,17.33000,425700
2021-06-16,17.41000,17.83000,17.09000,17.48000,298000
2021-06-17,17.62000,18.49000,17.48000,17.57000,306200
2021-06-18,17.33000,17.42000,16.00000,16.06000,552700
2021-06-21,16.09000,16.98000,16.09000,16.52000,303700
2021-06-22,16.45000,16.52000,15.27000,15.94000,283200
2021-06-23,16.04000,16.68000,15.91000,16.56000,399500
2021-06-24,16.81000,17.47000,16.61000,16.87000,270200
2021-06-25,16.85000,17.08000,16.10000,16.18000,2470300
2021-06-28,16.23000,18.02000,16.23000,17.35000,436800
2021-06-29,17.54000,17.73000,16.78000,17.05000,103000
2021-06-30,16.88000,17.15000,16.51000,17.00000,190500
2021-07-01,17.00000,17.12000,16.04000,16.20000,627500
2021-07-02,16.31000,16.31000,15.95000,15.95000,140000
2021-07-06,15.95000,16.00000,14.86000,15.26000,343900
2021-07-07,15.30000,15.63000,14.77000,15.45000,194400
2021-07-08,14.95000,15.31000,14.19000,14.58000,227700
2021-07-09,14.83000,15.48000,14.59000,15.43000,177400
2021-07-12,15.42000,16.00000,15.34000,15.71000,150300
2021-07-13,15.60000,15.63000,15.26000,15.32000,113900
2021-07-14,15.40000,15.78000,14.88000,14.92000,169000
2021-07-15,14.83000,14.96000,14.42000,14.64000,183200
2021-07-16,14.86000,14.92000,14.17000,14.56000,140200
2021-07-19,13.78000,14.58000,13.73000,14.51000,114500
2021-07-20,14.69000,15.50000,14.51000,15.43000,212000
2021-07-21,15.37000,15.85000,15.33000,15.78000,198300
2021-07-22,15.62000,15.95000,15.32000,15.57000,137800
2021-07-23,15.66000,15.72000,15.33000,15.67000,96200
2021-07-26,15.74000,16.10000,15.57000,15.65000,90400
2021-07-27,15.47000,15.47000,14.82000,15.22000,184600
2021-07-28,15.35000,15.95000,15.10000,15.84000,115800
2021-07-29,15.96000,16.30000,15.78000,16.10000,187100
2021-07-30,15.98000,16.41000,15.56000,16.28000,171500
2021-08-02,16.47000,16.47000,15.77000,15.96000,91900
2021-08-03,16.16000,16.44000,15.50000,16.36000,192100
2021-08-04,15.57000,18.19000,15.57000,16.45000,286400
2021-08-05,16.54000,17.95000,16.17000,17.35000,299200
2021-08-06,17.45000,18.25000,17.42000,18.18000,288400
2021-08-09,18.19000,18.19000,17.42000,17.42000,98700
2021-08-10,17.00000,17.41000,16.50000,16.90000,152200
2021-08-11,17.01000,17.66000,17.01000,17.43000,125800
2021-08-12,17.41000,17.41000,16.94000,17.00000,70000
2021-08-13,17.00000,17.07000,16.50000,16.54000,40500
2021-08-16,16.54000,16.60000,15.86000,15.98000,62300
2021-08-17,15.82000,15.82000,15.01000,15.49000,136000
2021-08-18,15.41000,15.98000,15.08000,15.60000,77500
2021-08-19,15.32000,15.86000,15.07000,15.66000,85600
2021-08-20,15.52000,16.52000,15.52000,16.36000,81100
2021-08-23,16.47000,17.10000,16.47000,16.92000,70300
2021-08-24,16.93000,17.27000,16.72000,17.08000,60600
2021-08-25,17.12000,17.51000,17.12000,17.25000,45300
2021-08-26,17.26000,18.00000,17.19000,17.39000,110200
2021-08-27,17.49000,18.09000,17.21000,17.62000,115900
2021-08-30,17.71000,17.71000,17.01000,17.23000,90600
2021-08-31,17.26000,17.89000,16.96000,17.76000,132000
2021-09-01,17.94000,18.35000,17.48000,18.17000,184400
2021-09-02,18.17000,18.49000,17.91000,18.21000,51100
2021-09-03,18.24000,18.39000,17.79000,18.28000,40700
2021-09-07,18.30000,18.40000,17.16000,17.39000,119600
2021-09-08,17.15000,17.71000,16.95000,17.43000,64600
2021-09-09,17.29000,18.20000,17.02000,18.06000,102000
2021-09-10,18.18000,20.08000,18.03000,19.89000,503400
2021-09-13,20.30000,20.50000,19.29000,19.60000,262200
2021-09-14,19.63000,20.00000,18.89000,19.91000,180500
2021-09-15,19.76000,19.76000,17.16000,17.88000,324900
2021-09-16,17.72000,19.92000,17.72000,19.19000,340000
2021-09-17,19.09000,19.27000,18.40000,18.90000,226000
2021-09-20,18.73000,18.97000,17.87000,18.18000,134800
2021-09-21,18.18000,18.32000,17.56000,18.10000,71900
2021-09-22,18.07000,19.33000,18.07000,19.12000,86700
2021-09-23,19.05000,19.65000,18.50000,19.54000,97400
2021-09-24,19.63000,21.18000,19.46000,19.81000,312600
2021-09-27,19.81000,20.69000,19.25000,20.16000,108500
2021-09-28,20.17000,20.17000,18.95000,19.21000,140500
2021-09-29,19.48000,19.51000,18.54000,18.57000,122000
2021-09-30,18.74000,19.29000,18.54000,18.84000,209200
2021-10-01,19.05000,19.83000,18.50000,19.75000,103700
2021-10-04,19.70000,19.70000,18.69000,18.98000,69000
2021-10-05,19.09000,19.75000,18.68000,19.63000,63300
2021-10-06,19.22000,19.86000,18.83000,19.36000,59500
2021-10-07,19.55000,20.21000,19.46000,19.73000,70000
2021-10-08,19.84000,19.84000,18.94000,19.08000,72700
2021-10-11,19.01000,19.01000,18.39000,18.64000,101100
2021-10-12,18.83000,18.83000,17.52000,18.49000,170900
2021-10-13,18.54000,18.66000,18.04000,18.65000,100700
2021-10-14,18.92000,18.92000,18.06000,18.24000,104700
2021-10-15,18.58000,18.59000,17.90000,18.10000,129700
2021-10-18,18.29000,18.29000,17.21000,17.99000,151300
2021-10-19,18.70000,18.70000,18.02000,18.31000,111800
2021-10-20,17.76000,18.45000,17.32000,18.35000,111300
2021-10-21,18.45000,18.58000,17.89000,17.90000,65700
2021-10-22,17.94000,17.94000,17.22000,17.52000,84600
2021-10-25,17.44000,17.89000,17.33000,17.69000,64700
2021-10-26,17.74000,18.27000,17.52000,18.17000,66100
2021-10-27,17.97000,18.85000,17.89000,18.68000,99500
2021-10-28,18.79000,19.06000,18.50000,18.78000,79400
2021-10-29,18.65000,19.24000,18.46000,19.16000,41800
2021-11-01,19.33000,19.75000,19.24000,19.49000,65600
2021-11-02,19.40000,19.69000,18.82000,19.69000,114400
2021-11-03,22.74000,24.00000,21.81000,22.29000,898200
2021-11-04,22.58000,23.85000,22.24000,23.74000,194600
2021-11-05,23.49000,24.91000,23.40000,24.63000,304700
2021-11-08,24.43000,24.83000,24.11000,24.56000,119100
2021-11-09,24.65000,24.88000,23.81000,24.82000,146300
2021-11-10,24.33000,25.00000,23.82000,24.92000,184100
2021-11-11,25.17000,25.25000,23.01000,24.08000,129000
2021-11-12,24.12000,24.96000,23.91000,24.13000,99700
2021-11-15,24.75000,24.83000,23.48000,23.74000,80500
2021-11-16,23.71000,24.19000,23.27000,23.75000,85900
2021-11-17,23.62000,23.97000,23.27000,23.38000,55700
2021-11-18,23.48000,24.29000,22.53000,23.85000,159600
2021-11-19,24.10000,24.21000,23.10000,23.17000,74500
2021-11-22,23.54000,23.60000,21.83000,22.29000,127000
2021-11-23,22.01000,22.60000,21.35000,22.13000,148900
2021-11-24,21.88000,22.56000,21.58000,22.30000,50400
2021-11-26,21.61000,22.30000,21.61000,22.00000,82400
2021-11-29,22.63000,22.63000,21.11000,21.32000,119200
2021-11-30,21.32000,23.42000,21.32000,22.99000,218200
2021-12-01,23.49000,24.50000,22.08000,22.15000,147400
2021-12-02,21.97000,22.90000,21.65000,22.57000,61400
2021-12-03,22.65000,22.65000,21.38000,22.11000,134700
2021-12-06,22.17000,22.43000,21.03000,22.23000,121600
2021-12-07,22.64000,24.14000,22.64000,23.46000,130300
2021-12-08,23.56000,24.65000,23.00000,23.80000,110500
2021-12-09,23.65000,24.42000,23.16000,23.68000,90000
2021-12-10,23.82000,24.08000,23.32000,23.61000,102800
2021-12-13,23.41000,24.06000,22.82000,22.89000,95300
2021-12-14,22.48000,22.83000,21.38000,22.47000,126500
2021-12-15,22.45000,23.35000,21.99000,23.26000,124500
2021-12-16,23.58000,24.06000,21.90000,22.43000,351700
2021-12-17,22.18000,23.11000,21.24000,22.81000,133200
2021-12-20,22.29000,22.65000,21.59000,22.35000,70800
2021-12-21,22.71000,23.34000,22.57000,23.08000,70100
2021-12-22,23.13000,23.54000,22.96000,23.42000,44300
2021-12-23,23.33000,24.95000,22.86000,24.43000,153600
2021-12-27,24.65000,28.69000,24.43000,28.33000,490300
2021-12-28,28.25000,29.00000,26.75000,27.62000,350200
2021-12-29,27.52000,28.44000,27.02000,28.33000,114400
2021-12-30,28.29000,28.85000,27.90000,28.05000,100200
2021-12-31,27.89000,28.67000,27.88000,28.14000,112700
2022-01-03,28.37000,28.37000,26.39000,26.50000,163300
2022-01-04,26.66000,26.93000,25.47000,25.56000,168900
2022-01-05,25.69000,26.03000,25.02000,25.24000,126300
2022-01-06,25.73000,25.94000,24.52000,25.66000,110500
2022-01-07,25.62000,26.00000,23.22000,23.39000,197200
2022-01-10,22.98000,23.10000,20.67000,22.52000,366900
2022-01-11,22.75000,23.99000,21.94000,23.57000,348500
2022-01-12,23.80000,24.00000,22.15000,22.76000,192100
2022-01-13,22.68000,22.89000,21.83000,21.94000,127000
2022-01-14,21.50000,22.25000,21.01000,22.10000,218500
2022-01-18,21.58000,21.70000,20.77000,20.92000,176000
2022-01-19,21.25000,21.25000,20.10000,20.16000,212700
2022-01-20,20.45000,21.26000,19.22000,19.46000,136600
2022-01-21,19.13000,19.62000,18.26000,18.48000,217500
2022-01-24,18.00000,19.15000,17.21000,18.81000,358400
2022-01-25,18.36000,18.88000,17.68000,18.66000,159800
2022-01-26,19.17000,19.74000,17.82000,18.29000,210900
2022-01-27,18.65000,18.90000,17.19000,17.35000,262200
2022-01-28,17.27000,18.00000,16.80000,17.88000,107900
2022-01-31,18.14000,19.39000,17.88000,19.32000,158700
2022-02-01,19.18000,19.67000,18.69000,19.40000,83400
2022-02-02,19.60000,19.64000,18.89000,19.33000,80600
2022-02-03,18.83000,19.15000,18.36000,18.62000,107800
2022-02-04,18.43000,19.25000,18.41000,19.02000,60300
2022-02-07,19.78000,20.39000,19.39000,19.98000,286400
2022-02-08,19.83000,20.76000,19.75000,20.60000,125400
2022-02-09,20.89000,20.96000,20.46000,20.75000,173300
2022-02-10,20.09000,20.88000,20.09000,20.36000,92600
2022-02-11,20.36000,20.70000,19.38000,19.68000,104000
2022-02-14,19.70000,20.76000,19.59000,19.68000,89700
2022-02-15,20.34000,21.22000,20.00000,21.16000,77400
2022-02-16,21.01000,21.86000,20.58000,21.57000,76200
2022-02-17,21.34000,21.37000,20.75000,20.85000,60900
2022-02-18,20.67000,21.01000,20.07000,20.42000,92200
2022-02-22,20.18000,20.71000,19.28000,19.39000,113200
2022-02-23,19.76000,19.88000,18.93000,18.98000,94400
2022-02-24,18.23000,20.78000,18.00000,20.59000,273700
2022-02-25,21.15000,22.58000,20.71000,21.67000,420900
2022-02-28,21.41000,21.94000,20.14000,20.96000,352600
2022-03-01,20.73000,21.65000,19.95000,20.81000,216500
2022-03-02,21.02000,21.13000,20.00000,21.06000,146000
2022-03-03,19.10000,19.46000,15.30000,15.44000,1386800
2022-03-04,15.00000,15.80000,14.36000,15.31000,514600
2022-03-07,15.16000,16.01000,14.75000,15.33000,240800
2022-03-08,15.25000,15.70000,14.87000,14.94000,358400
2022-03-09,15.59000,16.43000,15.53000,16.40000,283000
2022-03-10,15.96000,16.84000,15.91000,16.80000,131000
2022-03-11,16.80000,16.95000,16.20000,16.20000,201300
2022-03-14,16.23000,16.30000,14.87000,15.10000,164200
2022-03-15,15.32000,15.67000,15.15000,15.25000,134500
2022-03-16,15.42000,16.65000,15.26000,16.48000,171000
2022-03-17,16.46000,17.16000,16.42000,16.84000,156700
2022-03-18,16.60000,17.30000,16.60000,16.74000,166300
2022-03-21,16.73000,16.84000,16.11000,16.45000,93800
2022-03-22,16.49000,16.99000,15.94000,16.10000,238500
2022-03-23,16.04000,16.48000,15.56000,16.03000,138600
2022-03-24,16.39000,16.50000,15.66000,16.32000,79500
2022-03-25,15.99000,16.18000,15.64000,15.84000,110200
2022-03-28,15.85000,16.13000,15.40000,15.98000,99000
2022-03-29,16.16000,17.12000,16.16000,16.62000,296100
2022-03-30,16.47000,16.89000,15.72000,16.23000,229900
2022-03-31,16.22000,16.62000,15.89000,16.17000,249700
2022-04-01,16.25000,16.35000,15.39000,15.85000,97200
2022-04-04,15.94000,16.35000,15.90000,16.19000,66200
2022-04-05,16.05000,16.40000,15.71000,15.82000,94400
2022-04-06,15.60000,15.70000,14.48000,14.56000,152900
2022-04-07,14.59000,14.77000,14.11000,14.42000,142800
2022-04-08,14.32000,14.32000,13.39000,13.54000,150600
2022-04-11,13.23000,13.61000,13.13000,13.21000,140900
2022-04-12,13.58000,13.70000,12.80000,12.94000,191000
2022-04-13,13.19000,13.28000,12.89000,13.01000,176900
2022-04-14,13.11000,13.20000,12.99000,13.15000,171100
2022-04-18,13.00000,13.18000,12.59000,12.78000,102700
2022-04-19,12.80000,13.13000,12.71000,12.81000,231100
2022-04-20,13.08000,13.08000,12.75000,12.81000,87100
2022-04-21,12.99000,13.05000,12.36000,12.66000,219000
2022-04-22,12.60000,12.95000,12.49000,12.53000,200800
2022-04-25,12.52000,13.08000,12.34000,12.72000,399800
2022-04-26,13.15000,13.37000,12.61000,12.70000,293500
2022-04-27,12.65000,13.00000,12.01000,12.23000,131000
2022-04-28,12.41000,13.02000,12.15000,12.88000,135100
2022-04-29,12.61000,13.20000,12.13000,12.19000,120600
2022-05-02,12.15000,12.73000,12.15000,12.72000,123500
2022-05-03,12.66000,12.80000,12.36000,12.52000,97000
2022-05-04,12.49000,12.70000,11.72000,12.60000,225600
2022-05-05,13.28000,14.00000,12.36000,12.51000,370900
2022-05-06,12.31000,12.63000,11.97000,12.13000,277000
2022-05-09,11.73000,12.08000,11.73000,11.92000,147100
2022-05-10,12.11000,12.34000,11.57000,11.73000,215100
2022-05-11,11.74000,12.45000,11.55000,11.60000,107300
2022-05-12,11.57000,11.97000,11.11000,11.49000,138900
2022-05-13,11.64000,11.99000,11.62000,11.79000,135800
2022-05-16,11.72000,11.88000,11.41000,11.52000,72300
2022-05-17,11.81000,12.15000,11.64000,11.91000,634800
2022-05-18,11.83000,12.08000,11.01000,11.47000,146100
2022-05-19,11.40000,11.75000,11.22000,11.30000,127000
2022-05-20,11.41000,11.58000,10.96000,11.35000,166200
2022-05-23,11.49000,11.93000,11.20000,11.78000,159400
2022-05-24,11.56000,11.71000,11.11000,11.17000,119600
2022-05-25,11.16000,11.90000,11.15000,11.73000,108200
2022-05-26,11.68000,12.25000,11.68000,12.11000,73100
2022-05-27,12.35000,13.30000,12.33000,13.26000,129600
2022-05-31,13.26000,13.26000,12.47000,12.79000,100900
2022-06-01,12.81000,13.09000,12.59000,12.72000,80200
2022-06-02,12.74000,13.50000,12.16000,13.22000,83800
2022-06-03,13.07000,13.38000,13.00000,13.34000,77600
2022-06-06,13.37000,13.56000,13.21000,13.33000,78200
2022-06-07,13.17000,13.53000,13.15000,13.39000,47300
2022-06-08,13.33000,13.54000,13.06000,13.15000,49000
2022-06-09,12.94000,13.26000,12.63000,12.78000,57800
2022-06-10,12.63000,12.74000,12.28000,12.60000,69200
2022-06-13,12.28000,12.28000,11.54000,11.59000,80100
2022-06-14,11.78000,11.78000,11.39000,11.65000,39400
2022-06-15,11.65000,12.00000,11.55000,11.80000,62000
2022-06-16,11.51000,11.51000,11.01000,11.17000,80400
2022-06-17,11.31000,11.42000,11.01000,11.09000,88500
2022-06-21,11.21000,11.81000,11.07000,11.75000,85000
2022-06-22,11.58000,12.17000,11.58000,12.07000,97300
2022-06-23,12.19000,12.27000,11.80000,12.07000,77200
2022-06-24,12.08000,12.29000,11.58000,11.62000,284700
2022-06-27,11.73000,11.88000,11.58000,11.69000,52300
2022-06-28,11.69000,12.15000,11.27000,11.32000,67900
2022-06-29,11.41000,11.47000,10.70000,11.43000,107900
2022-06-30,11.18000,11.60000,11.02000,11.58000,64700
2022-07-01,11.48000,11.60000,11.09000,11.27000,49800
2022-07-05,11.04000,11.54000,11.01000,11.52000,55200
2022-07-06,11.55000,11.68000,11.10000,11.29000,46900
2022-07-07,11.45000,11.83000,11.45000,11.65000,92400
2022-07-08,11.51000,11.78000,11.50000,11.55000,39500
2022-07-11,11.53000,11.91000,11.35000,11.72000,43000
2022-07-12,11.64000,11.84000,11.10000,11.12000,53700
2022-07-13,10.87000,11.61000,10.82000,11.52000,35800
2022-07-14,11.26000,11.62000,11.10000,11.53000,26500
2022-07-15,11.76000,12.03000,11.00000,11.84000,78700
2022-07-18,11.97000,12.03000,11.41000,11.51000,23300
2022-07-19,11.54000,12.43000,11.54000,12.04000,74300
2022-07-20,12.12000,12.80000,12.12000,12.77000,54200
2022-07-21,12.77000,13.23000,12.44000,13.23000,58900
2022-07-22,13.25000,13.37000,12.43000,12.58000,68000
2022-07-25,12.64000,12.64000,12.02000,12.41000,56900
2022-07-26,12.18000,13.01000,11.92000,12.86000,45400
2022-07-27,13.06000,13.31000,12.63000,13.17000,37400
2022-07-28,13.15000,13.15000,12.80000,13.02000,58700
2022-07-29,13.12000,13.67000,13.12000,13.54000,45200
2022-08-01,13.35000,13.67000,13.04000,13.54000,43100
2022-08-02,13.58000,14.00000,13.37000,13.58000,32600
2022-08-03,13.80000,14.40000,13.72000,14.08000,177000
2022-08-04,14.21000,15.38000,13.90000,15.29000,157000
2022-08-05,14.75000,15.40000,14.59000,15.16000,180800
2022-08-08,15.29000,15.66000,15.00000,15.58000,172400
2022-08-09,15.40000,15.53000,15.22000,15.34000,52300
2022-08-10,15.61000,16.72000,15.60000,16.65000,144100
2022-08-11,16.66000,16.98000,15.92000,16.63000,96500
2022-08-12,16.58000,16.74000,16.12000,16.38000,54900
2022-08-15,16.21000,16.68000,15.82000,16.61000,44500
2022-08-16,16.55000,16.93000,16.40000,16.80000,37000
2022-08-17,16.51000,16.52000,15.91000,16.17000,48800
2022-08-18,16.16000,16.75000,15.97000,16.44000,29100
2022-08-19,16.08000,16.11000,15.32000,15.63000,46300
2022-08-22,15.40000,15.55000,15.00000,15.51000,90100
2022-08-23,15.69000,15.87000,15.29000,15.62000,88000
2022-08-24,15.62000,15.86000,15.54000,15.68000,12300
2022-08-25,15.69000,16.18000,15.67000,16.03000,47300
2022-08-26,15.97000,15.97000,15.46000,15.56000,63000
2022-08-29,15.23000,15.42000,14.97000,14.97000,26400
2022-08-30,14.84000,15.09000,14.59000,14.87000,25000
2022-08-31,15.07000,15.34000,14.46000,14.92000,47500
2022-09-01,14.73000,14.73000,14.02000,14.45000,49000
2022-09-02,14.57000,14.89000,14.10000,14.18000,32800
2022-09-06,14.30000,14.30000,13.75000,13.85000,50000
2022-09-07,13.95000,14.17000,13.75000,13.80000,48000
2022-09-08,13.55000,13.99000,13.46000,13.72000,47200
2022-09-09,13.82000,13.97000,13.52000,13.57000,109100
2022-09-12,13.76000,14.05000,13.41000,13.79000,121200
2022-09-13,13.31000,13.76000,13.05000,13.28000,72500
2022-09-14,13.42000,13.50000,12.96000,13.15000,45300
2022-09-15,13.00000,13.12000,12.89000,12.99000,48400
2022-09-16,12.72000,12.90000,12.27000,12.90000,130700
2022-09-19,12.64000,13.31000,12.64000,13.08000,63400
2022-09-20,13.00000,13.41000,12.78000,13.11000,68300
2022-09-21,12.96000,13.21000,12.69000,12.95000,73100
2022-09-22,12.81000,13.12000,12.58000,12.75000,75300
2022-09-23,12.56000,12.64000,12.30000,12.39000,80500
2022-09-26,12.39000,12.78000,12.39000,12.54000,59300
2022-09-27,12.60000,13.10000,12.50000,12.68000,25700
2022-09-28,12.79000,13.14000,12.64000,12.93000,80000
2022-09-29,12.69000,12.92000,12.59000,12.70000,31300
2022-09-30,12.78000,13.00000,12.51000,12.54000,34600
2022-10-03,12.62000,13.51000,12.40000,12.72000,46600
2022-10-04,12.84000,13.45000,12.84000,13.08000,65500
2022-10-05,12.94000,13.24000,12.83000,13.10000,24500
2022-10-06,13.11000,13.69000,13.11000,13.39000,53500
2022-10-07,13.13000,13.93000,12.65000,12.69000,55400
2022-10-10,12.69000,12.69000,12.32000,12.50000,38300
2022-10-11,12.43000,12.44000,12.00000,12.03000,64800
2022-10-12,12.14000,12.26000,11.84000,12.10000,112700
2022-10-13,11.88000,12.29000,11.65000,12.22000,65600
2022-10-14,12.27000,12.42000,11.50000,11.58000,70900
2022-10-17,11.62000,11.89000,11.53000,11.71000,73400
2022-10-18,11.87000,12.12000,11.60000,11.88000,49700
2022-10-19,11.79000,12.12000,11.69000,11.81000,34400
2022-10-20,11.76000,12.24000,11.70000,11.78000,31900
2022-10-21,11.77000,11.97000,11.68000,11.92000,55100
2022-10-24,12.05000,12.05000,11.64000,11.73000,67300
2022-10-25,11.83000,12.27000,11.76000,11.96000,148500
2022-10-26,11.92000,12.20000,11.88000,11.91000,428200
2022-10-27,12.04000,12.43000,11.97000,12.23000,232500
2022-10-28,12.34000,12.62000,12.29000,12.39000,157300
2022-10-31,12.23000,12.40000,12.04000,12.05000,132700
2022-11-01,12.15000,12.39000,11.94000,12.32000,127300
2022-11-02,12.32000,12.52000,11.74000,11.74000,91100
2022-11-03,7.75000,9.24000,7.75000,8.83000,1301900
2022-11-04,8.91000,9.05000,8.62000,8.96000,188700
2022-11-07,8.90000,9.24000,8.83000,9.00000,273800
2022-11-08,9.14000,9.48000,8.82000,9.43000,94200
2022-11-09,9.31000,9.31000,8.82000,8.90000,69700
2022-11-10,9.16000,9.77000,9.07000,9.77000,125300
2022-11-11,9.78000,10.35000,9.78000,10.18000,90800
2022-11-14,10.07000,10.07000,9.21000,9.22000,161500
2022-11-15,9.38000,9.86000,9.26000,9.31000,96000
2022-11-16,9.20000,9.26000,8.85000,9.19000,89500
2022-11-17,9.01000,9.22000,8.93000,9.16000,83300
2022-11-18,9.39000,9.55000,9.15000,9.39000,223000
2022-11-21,9.28000,9.46000,9.27000,9.41000,61700
2022-11-22,9.40000,9.40000,9.08000,9.20000,52000
2022-11-23,9.14000,9.35000,9.10000,9.28000,75700
2022-11-25,9.22000,9.43000,9.20000,9.22000,26300
2022-11-28,9.17000,9.38000,8.71000,8.75000,96000
2022-11-29,8.70000,8.87000,8.26000,8.40000,163300
2022-11-30,8.33000,8.40000,8.01000,8.35000,259000
2022-12-01,8.35000,8.69000,8.16000,8.20000,92000
2022-12-02,8.08000,8.38000,7.99000,8.33000,141800
2022-12-05,8.29000,8.29000,7.77000,7.84000,75800
2022-12-06,7.87000,7.87000,7.63000,7.77000,64400
2022-12-07,7.75000,7.87000,7.67000,7.73000,61200
2022-12-08,7.74000,7.96000,7.64000,7.86000,78800
2022-12-09,7.90000,8.28000,7.82000,7.86000,46300
2022-12-12,7.82000,7.82000,7.62000,7.69000,92700
2022-12-13,7.84000,8.07000,7.54000,7.69000,173400
2022-12-14,7.77000,8.14000,7.67000,7.74000,140100
2022-12-15,7.56000,7.58000,7.23000,7.32000,176200
2022-12-16,7.23000,7.26000,7.04000,7.12000,111100
2022-12-19,7.18000,7.19000,6.88000,6.92000,76700
2022-12-20,6.88000,7.09000,6.76000,7.04000,119700
2022-12-21,7.08000,7.49000,7.08000,7.16000,91200
2022-12-22,7.01000,7.10000,6.91000,7.03000,70100
2022-12-23,6.99000,7.03000,6.80000,6.87000,38200
2022-12-27,6.94000,6.94000,6.66000,6.69000,66900
2022-12-28,6.70000,6.73000,6.46000,6.53000,189400
2022-12-29,6.62000,7.10000,6.61000,6.97000,766200
2022-12-30,6.88000,7.31000,6.88000,7.24000,265500
2023-01-03,7.41000,7.59000,6.77000,6.87000,219900
2023-01-04,6.93000,6.97000,6.74000,6.79000,112800
2023-01-05,6.78000,6.91000,6.55000,6.81000,307200
2023-01-06,6.94000,7.22000,6.78000,7.20000,122800
2023-01-09,7.23000,7.71000,7.05000,7.39000,78100
2023-01-10,7.39000,7.72000,7.39000,7.72000,54200
2023-01-11,7.77000,8.28000,7.69000,8.10000,104000
2023-01-12,8.09000,8.33000,7.93000,8.22000,92100
2023-01-13,8.20000,8.53000,8.20000,8.50000,69500
2023-01-17,8.44000,8.56000,8.21000,8.42000,59800
2023-01-18,8.42000,8.55000,7.91000,7.99000,99300
2023-01-19,7.86000,7.98000,7.64000,7.66000,36900
2023-01-20,7.76000,8.26000,7.51000,7.98000,47800
2023-01-23,7.98000,8.15000,7.89000,7.95000,51500
2023-01-24,7.87000,7.96000,7.58000,7.80000,48600
2023-01-25,7.71000,8.00000,7.59000,7.85000,71200
2023-01-26,7.96000,7.96000,7.76000,7.85000,54500
2023-01-27,7.78000,8.17000,7.78000,7.98000,116900
2023-01-30,7.82000,8.40000,7.82000,8.28000,71900
2023-01-31,8.28000,8.89000,8.28000,8.72000,62300
2023-02-01,8.76000,8.98000,8.60000,8.95000,101800
2023-02-02,9.11000,9.66000,8.91000,9.59000,106500
2023-02-03,9.39000,9.64000,9.22000,9.45000,71200
2023-02-06,9.32000,9.40000,8.57000,8.71000,56400
2023-02-07,8.74000,8.98000,8.54000,8.80000,94200
2023-02-08,8.78000,8.99000,8.57000,8.66000,27400
2023-02-09,8.81000,9.05000,8.55000,8.62000,196800
2023-02-10,8.61000,8.87000,8.36000,8.43000,79500
2023-02-13,8.40000,8.48000,8.15000,8.22000,48000
2023-02-14,8.15000,8.32000,8.00000,8.18000,87700
2023-02-15,8.19000,8.54000,8.15000,8.31000,45300
2023-02-16,8.11000,8.19000,7.85000,7.85000,84200
2023-02-17,7.90000,7.90000,7.57000,7.59000,112000
2023-02-21,7.41000,7.52000,7.27000,7.28000,68600
2023-02-22,7.36000,7.53000,7.16000,7.25000,63100
2023-02-23,7.37000,7.37000,6.91000,7.06000,70600
2023-02-24,6.89000,7.11000,6.81000,7.01000,66700
2023-02-27,7.10000,7.11000,6.80000,6.94000,155800
2023-02-28,6.94000,7.13000,6.85000,7.02000,78400
2023-03-01,7.15000,7.15000,6.79000,7.01000,94900
2023-03-02,6.99000,7.23000,6.82000,7.13000,33300
2023-03-03,6.61000,7.17000,6.52000,7.08000,203700
2023-03-06,7.11000,7.56000,7.05000,7.09000,144700
2023-03-07,7.11000,7.25000,7.03000,7.15000,54300
2023-03-08,7.22000,7.26000,6.83000,6.92000,140100
2023-03-09,6.81000,6.95000,6.55000,6.58000,271800
2023-03-10,6.54000,6.54000,5.96000,6.01000,209500
2023-03-13,5.89000,6.39000,5.89000,6.07000,104700
2023-03-14,6.30000,6.42000,6.13000,6.39000,132900
2023-03-15,6.19000,6.42000,6.08000,6.28000,108300
2023-03-16,6.16000,6.45000,6.00000,6.26000,93900
2023-03-17,6.17000,6.21000,5.85000,6.08000,161100
2023-03-20,6.16000,6.17000,5.90000,6.05000,114400
2023-03-21,6.21000,6.43000,6.06000,6.34000,78600
2023-03-22,6.32000,6.33000,5.96000,6.00000,186900
2023-03-23,6.08000,6.31000,6.07000,6.09000,73800
2023-03-24,6.01000,6.15000,5.88000,5.91000,87200
2023-03-27,5.97000,6.05000,5.76000,6.00000,93600
2023-03-28,5.95000,6.13000,5.78000,5.84000,105900
2023-03-29,5.93000,6.06000,5.68000,6.04000,97900
2023-03-30,6.15000,6.35000,6.00000,6.06000,93000
2023-03-31,6.12000,6.22000,6.03000,6.14000,132400
2023-04-03,6.09000,6.24000,6.06000,6.16000,127600
2023-04-04,6.22000,6.38000,6.08000,6.30000,101300
2023-04-05,6.26000,6.40000,6.13000,6.31000,80400
2023-04-06,6.27000,6.44000,6.23000,6.32000,71400
2023-04-10,6.25000,6.42000,6.22000,6.39000,105400
2023-04-11,6.41000,6.60000,6.27000,6.50000,106600
2023-04-12,6.53000,6.56000,6.23000,6.29000,223200
2023-04-13,6.32000,6.34000,6.14000,6.31000,108900
2023-04-14,6.29000,6.35000,6.10000,6.22000,127600
2023-04-17,6.19000,6.43000,6.10000,6.24000,67200
2023-04-18,6.34000,6.34000,6.15000,6.20000,50800
2023-04-19,6.14000,6.20000,6.07000,6.07000,47700
2023-04-20,6.01000,6.06000,5.76000,5.81000,131400
2023-04-21,5.77000,5.87000,5.60000,5.70000,170200
2023-04-24,5.67000,5.87000,5.39000,5.63000,121800
2023-04-25,5.55000,5.61000,5.36000,5.43000,112100
2023-04-26,5.50000,5.65000,5.31000,5.49000,107900
2023-04-27,5.52000,5.59000,5.46000,5.54000,54100
2023-04-28,5.50000,5.67000,5.45000,5.50000,82500
2023-05-01,5.56000,5.59000,5.16000,5.35000,124400
2023-05-02,5.40000,5.46000,5.21000,5.26000,62300
2023-05-03,5.24000,5.44000,5.24000,5.35000,49000
2023-05-04,5.24000,5.35000,5.07000,5.10000,84000
2023-05-05,5.26000,6.83000,5.26000,6.45000,290300
2023-05-08,6.37000,6.69000,6.07000,6.52000,177100
2023-05-09,6.43000,7.05000,6.43000,6.76000,156300
2023-05-10,6.83000,6.93000,6.50000,6.54000,93400
2023-05-11,6.55000,7.20000,6.55000,7.01000,123600
2023-05-12,7.08000,7.11000,6.82000,6.92000,69300
2023-05-15,6.76000,7.16000,6.76000,7.11000,85300
2023-05-16,7.09000,7.25000,7.03000,7.15000,68300
2023-05-17,7.21000,7.29000,6.89000,7.27000,87200
2023-05-18,7.24000,7.66000,7.17000,7.46000,108700
2023-05-19,7.60000,7.62000,7.22000,7.54000,63100
2023-05-22,7.55000,7.63000,7.30000,7.37000,77100
2023-05-23,7.36000,7.49000,7.17000,7.21000,74400
2023-05-24,7.13000,7.40000,7.10000,7.33000,68400
2023-05-25,7.26000,7.40000,7.11000,7.24000,59800
2023-05-26,7.24000,7.35000,7.08000,7.32000,69700
2023-05-30,7.35000,7.44000,7.16000,7.36000,69800
2023-05-31,7.36000,7.38000,7.20000,7.27000,77300
2023-06-01,7.20000,7.23000,6.92000,6.95000,133000
2023-06-02,7.07000,7.16000,6.83000,7.15000,114800
2023-06-05,7.11000,7.25000,7.03000,7.13000,51900
2023-06-06,7.10000,7.42000,7.05000,7.41000,78400
2023-06-07,7.40000,7.80000,7.40000,7.58000,104500
2023-06-08,7.61000,7.62000,7.41000,7.51000,67300
2023-06-09,7.46000,7.54000,7.19000,7.35000,77700
2023-06-12,7.29000,7.55000,7.21000,7.52000,80900
2023-06-13,7.56000,7.64000,7.39000,7.59000,88300
2023-06-14,7.64000,7.66000,7.41000,7.51000,81200
2023-06-15,7.41000,7.53000,7.15000,7.34000,91500
2023-06-16,7.43000,7.52000,7.24000,7.46000,181200
2023-06-20,7.43000,7.63000,7.34000,7.55000,174900
2023-06-21,7.51000,7.51000,7.04000,7.13000,138200
2023-06-22,7.12000,7.19000,6.95000,7.16000,112100
2023-06-23,7.01000,7.28000,6.98000,7.18000,2820000
2023-06-26,7.78000,8.49000,7.73000,8.11000,307300
2023-06-27,8.15000,8.67000,8.09000,8.59000,150300
2023-06-28,8.59000,9.13000,8.59000,8.84000,168700
2023-06-29,8.85000,8.90000,8.34000,8.37000,81000
2023-06-30,8.43000,8.57000,8.24000,8.41000,106800
2023-07-03,8.38000,8.87000,8.38000,8.79000,55100
2023-07-05,8.79000,8.79000,8.30000,8.31000,138900
2023-07-06,8.22000,8.31000,8.10000,8.13000,55700
2023-07-07,8.14000,8.41000,8.14000,8.22000,53100
2023-07-10,8.22000,8.30000,8.14000,8.18000,33000
2023-07-11,8.21000,8.56000,8.21000,8.49000,61800
2023-07-12,8.64000,8.65000,8.45000,8.58000,46800
2023-07-13,8.65000,8.82000,8.54000,8.60000,52700
2023-07-14,8.59000,8.65000,8.34000,8.36000,39400
2023-07-17,8.42000,8.83000,8.38000,8.81000,79700
2023-07-18,8.79000,9.02000,8.71000,8.80000,47400
2023-07-19,8.79000,8.93000,8.59000,8.59000,25200
2023-07-20,8.54000,8.55000,8.10000,8.19000,62400
2023-07-21,8.32000,8.39000,8.12000,8.27000,35700
2023-07-24,8.28000,8.45000,8.20000,8.24000,24200
2023-07-25,8.18000,8.26000,7.86000,7.90000,53800
2023-07-26,7.71000,8.09000,7.70000,7.84000,64900
2023-07-27,7.71000,7.82000,7.46000,7.48000,95900
2023-07-28,7.57000,7.88000,7.47000,7.68000,52700
2023-07-31,7.68000,7.89000,7.67000,7.71000,38900
2023-08-01,7.65000,7.74000,7.51000,7.64000,55000
2023-08-02,7.52000,7.52000,7.33000,7.39000,48900
2023-08-03,7.29000,7.57000,7.20000,7.34000,39300
2023-08-04,7.60000,8.96000,7.60000,8.41000,254700
2023-08-07,8.39000,9.00000,8.30000,8.80000,124200
2023-08-08,8.74000,8.82000,8.51000,8.75000,81900
2023-08-09,8.75000,8.75000,8.48000,8.55000,80700
2023-08-10,8.58000,8.77000,8.27000,8.39000,58500
2023-08-11,8.50000,8.60000,8.36000,8.43000,38600
2023-08-14,8.37000,8.95000,8.37000,8.90000,58200
2023-08-15,8.81000,9.26000,8.70000,8.91000,78800
2023-08-16,8.95000,8.95000,8.36000,8.41000,58300
2023-08-17,8.37000,8.47000,8.18000,8.18000,31400
2023-08-18,8.12000,8.33000,8.08000,8.22000,40900
2023-08-21,8.18000,8.40000,8.15000,8.26000,31700
2023-08-22,8.32000,8.49000,8.28000,8.45000,28600
2023-08-23,8.37000,8.62000,8.37000,8.60000,19000
2023-08-24,8.51000,8.64000,8.34000,8.40000,47800
2023-08-25,8.50000,8.68000,8.45000,8.60000,52800
2023-08-28,8.50000,8.54000,8.11000,8.11000,62100
2023-08-29,8.04000,8.30000,8.00000,8.12000,49500
2023-08-30,8.12000,8.37000,8.05000,8.08000,20500
2023-08-31,8.04000,8.41000,8.04000,8.26000,40800
2023-09-01,8.28000,8.37000,8.13000,8.19000,42300
2023-09-05,8.09000,8.37000,8.02000,8.33000,40000
2023-09-06,8.33000,8.41000,8.19000,8.38000,37700
2023-09-07,8.25000,8.49000,8.11000,8.38000,29900
2023-09-08,8.37000,8.52000,8.32000,8.45000,33300
2023-09-11,8.46000,8.46000,8.11000,8.15000,30200
2023-09-12,8.18000,8.26000,8.02000,8.15000,34500
2023-09-13,8.39000,8.80000,8.05000,8.72000,84300
2023-09-14,8.68000,8.82000,8.44000,8.55000,46400
2023-09-15,8.58000,8.58000,8.03000,8.28000,78400
2023-09-18,8.35000,8.49000,8.10000,8.45000,44900
2023-09-19,8.45000,8.62000,8.29000,8.62000,79700
2023-09-20,8.69000,8.78000,8.41000,8.41000,69900
2023-09-21,8.30000,8.47000,8.20000,8.46000,59800
2023-09-22,8.41000,8.64000,8.32000,8.63000,65000
2023-09-25,8.53000,8.57000,8.31000,8.34000,25500
2023-09-26,8.23000,8.40000,8.18000,8.18000,21900
2023-09-27,8.19000,8.21000,8.00000,8.07000,30600
2023-09-28,8.11000,8.34000,8.11000,8.18000,18800
2023-09-29,8.31000,8.52000,8.03000,8.44000,32800
2023-10-02,8.35000,8.37000,8.09000,8.25000,31000
2023-10-03,8.11000,8.16000,7.86000,8.02000,40400
2023-10-04,8.09000,8.26000,7.99000,8.10000,32200
2023-10-05,8.03000,8.13000,7.88000,7.94000,30100
2023-10-06,7.94000,8.22000,7.79000,8.21000,29400
2023-10-09,8.28000,8.28000,7.56000,7.69000,81800
2023-10-10,7.78000,7.94000,7.62000,7.76000,32200
2023-10-11,7.70000,7.92000,7.70000,7.76000,29200
2023-10-12,7.74000,7.74000,7.40000,7.50000,31500
2023-10-13,7.53000,7.53000,7.28000,7.29000,29600
2023-10-16,7.38000,7.67000,7.31000,7.55000,28600
2023-10-17,7.59000,7.80000,7.48000,7.73000,56700
2023-10-18,7.62000,7.64000,7.11000,7.30000,69400
2023-10-19,7.25000,7.43000,7.21000,7.25000,24500
2023-10-20,7.23000,7.27000,6.51000,6.56000,130200
2023-10-23,6.61000,6.98000,6.51000,6.98000,60900
2023-10-24,7.04000,7.07000,6.79000,6.80000,42200
2023-10-25,6.75000,6.78000,6.43000,6.47000,102800
2023-10-26,6.35000,6.64000,6.20000,6.40000,49700
2023-10-27,6.36000,6.82000,6.36000,6.73000,35600
2023-10-30,6.75000,6.83000,5.99000,6.14000,300000
2023-10-31,6.20000,6.41000,6.05000,6.09000,58500
2023-11-01,5.99000,6.03000,5.78000,5.80000,48100
2023-11-02,5.81000,6.12000,5.81000,6.04000,132600
2023-11-03,6.06000,6.29000,6.06000,6.13000,62800
2023-11-06,6.13000,6.23000,5.87000,6.09000,106800
2023-11-07,6.14000,6.20000,5.94000,6.02000,86700
2023-11-08,5.67000,5.80000,4.99000,5.04000,334200
2023-11-09,5.04000,5.19000,4.76000,4.81000,122900
2023-11-10,4.72000,5.40000,4.72000,5.32000,115500
2023-11-13,5.23000,5.81000,5.23000,5.71000,166600
2023-11-14,5.73000,6.05000,5.70000,5.93000,152100
2023-11-15,6.02000,6.65000,6.02000,6.50000,187300
2023-11-16,6.55000,7.38000,6.55000,6.77000,460500
2023-11-17,6.74000,6.97000,6.21000,6.54000,178500
2023-11-20,6.47000,6.80000,6.31000,6.58000,86800
2023-11-21,6.39000,6.82000,6.39000,6.79000,79400
2023-11-22,6.71000,7.03000,6.60000,6.93000,89400
2023-11-24,7.03000,7.26000,7.03000,7.20000,54600
2023-11-27,7.19000,7.19000,6.79000,6.93000,86900
2023-11-28,6.98000,7.10000,6.80000,7.07000,88200
2023-11-29,7.21000,7.24000,7.08000,7.12000,52100
2023-11-30,7.15000,7.21000,6.85000,6.92000,33600
2023-12-01,6.97000,7.09000,6.89000,6.92000,43600
2023-12-04,6.83000,7.13000,6.83000,7.09000,34600
2023-12-05,6.89000,7.17000,6.81000,7.07000,27400
2023-12-06,7.05000,7.19000,6.94000,6.99000,29700
2023-12-07,7.08000,7.16000,6.87000,7.09000,17200
2023-12-08,7.09000,7.58000,7.06000,7.52000,22300
2023-12-11,7.43000,7.67000,7.38000,7.45000,40600
2023-12-12,7.30000,7.32000,7.13000,7.17000,24900
2023-12-13,7.19000,7.49000,7.04000,7.44000,25100
2023-12-14,7.65000,7.79000,7.51000,7.74000,46100
2023-12-15,7.69000,7.74000,6.95000,7.46000,152900
2023-12-18,7.36000,7.62000,7.30000,7.55000,69800
2023-12-19,7.65000,8.08000,7.61000,8.05000,74500
2023-12-20,7.94000,7.94000,7.60000,7.73000,40400
2023-12-21,7.75000,7.87000,7.61000,7.73000,49500
2023-12-22,7.81000,7.98000,7.71000,7.94000,31700
2023-12-26,7.99000,8.10000,7.67000,8.00000,54300
2023-12-27,8.05000,8.34000,7.97000,8.34000,61500
2023-12-28,8.28000,8.49000,8.21000,8.32000,51700
2023-12-29,8.25000,8.46000,8.01000,8.24000,49600
2024-01-02,8.10000,8.22000,7.82000,8.01000,24400
2024-01-03,7.83000,7.86000,7.70000,7.76000,31600
2024-01-04,7.67000,8.01000,7.67000,7.88000,87800
2024-01-05,7.78000,7.96000,7.72000,7.72000,58700
2024-01-08,7.73000,7.88000,7.65000,7.65000,31800
2024-01-09,7.52000,7.72000,7.44000,7.52000,36400
2024-01-10,7.69000,7.81000,7.52000,7.73000,22300
2024-01-11,7.65000,8.13000,7.52000,7.79000,41000
2024-01-12,7.88000,7.92000,7.71000,7.90000,27000
2024-01-16,7.75000,7.84000,7.67000,7.72000,25900
2024-01-17,7.58000,7.70000,7.55000,7.61000,25000
2024-01-18,7.62000,7.67000,7.51000,7.55000,26700
2024-01-19,7.65000,7.95000,7.58000,7.84000,21700
2024-01-22,7.86000,8.05000,7.68000,7.90000,50400
2024-01-23,7.87000,8.04000,7.82000,7.94000,21900
2024-01-24,8.03000,8.04000,7.83000,7.84000,16700
2024-01-25,7.89000,7.92000,7.75000,7.88000,18500
2024-01-26,8.10000,8.10000,7.69000,8.02000,18500
2024-01-29,8.08000,8.22000,7.92000,8.08000,46300
2024-01-30,7.98000,8.19000,7.96000,8.00000,30900
2024-01-31,8.10000,8.10000,7.77000,7.82000,45500
2024-02-01,7.85000,7.98000,7.79000,7.95000,24000
2024-02-02,7.87000,7.95000,7.63000,7.72000,20200
2024-02-05,7.53000,7.74000,7.53000,7.73000,18300
2024-02-06,7.68000,7.90000,7.50000,7.52000,26900
2024-02-07,7.52000,7.73000,7.47000,7.62000,21300
2024-02-08,7.55000,7.72000,7.51000,7.56000,28300
2024-02-09,7.55000,7.73000,7.41000,7.52000,26700
2024-02-12,7.45000,7.72000,7.26000,7.38000,37600
2024-02-13,7.18000,7.58000,7.01000,7.58000,53400
2024-02-14,7.81000,8.05000,7.60000,8.01000,72100
2024-02-15,8.01000,8.49000,7.90000,8.49000,117600
2024-02-16,8.54000,8.87000,8.45000,8.70000,93500
2024-02-20,8.50000,9.06000,8.50000,8.97000,185200
2024-02-21,9.03000,9.07000,8.76000,8.77000,58800
2024-02-22,8.88000,8.88000,8.39000,8.56000,35700
2024-02-23,8.58000,8.70000,8.55000,8.63000,21000
2024-02-26,8.69000,8.89000,8.31000,8.74000,38100
2024-02-27,8.65000,8.99000,8.58000,8.88000,49400
2024-02-28,8.85000,8.90000,8.55000,8.80000,58400
2024-02-29,8.83000,8.83000,8.56000,8.60000,37400
2024-03-01,8.61000,9.24000,8.58000,9.00000,88300
2024-03-04,9.05000,9.05000,8.60000,8.70000,56800
2024-03-05,8.59000,8.77000,8.57000,8.72000,36500
2024-03-06,8.84000,8.84000,8.57000,8.68000,51400
2024-03-07,8.69000,8.84000,7.96000,8.61000,142000
2024-03-08,8.69000,8.69000,8.28000,8.58000,163300
2024-03-11,8.60000,8.75000,8.55000,8.63000,155000
2024-03-12,8.78000,8.89000,7.02000,7.12000,243300
2024-03-13,6.97000,7.80000,6.70000,7.55000,237400
2024-03-14,7.51000,7.88000,7.36000,7.60000,100100
2024-03-15,7.64000,7.72000,7.43000,7.46000,128600
2024-03-18,7.48000,7.69000,7.32000,7.37000,43700
2024-03-19,7.34000,7.70000,7.21000,7.38000,94600
2024-03-20,7.31000,7.58000,7.31000,7.39000,66100
2024-03-21,7.44000,7.56000,7.09000,7.21000,68600
2024-03-22,7.11000,7.59000,7.04000,7.59000,49500
2024-03-25,7.47000,7.85000,7.47000,7.62000,220800
2024-03-26,7.72000,7.72000,7.47000,7.51000,35700
2024-03-27,7.64000,7.80000,7.38000,7.77000,39100
2024-03-28,7.66000,7.92000,7.59000,7.92000,52700
2024-04-01,8.00000,8.41000,8.00000,8.41000,93500
2024-04-02,8.40000,8.52000,8.32000,8.45000,58900
2024-04-03,8.05000,8.21000,6.66000,6.87000,403000
2024-04-04,6.67000,6.81000,5.87000,5.98000,213900
2024-04-05,5.77000,6.02000,5.56000,5.56000,130000
2024-04-08,5.50000,5.64000,5.16000,5.17000,211100
2024-04-09,5.11000,5.50000,5.11000,5.33000,396100
2024-04-10,5.34000,5.37000,5.13000,5.15000,101800
2024-04-11,5.05000,5.31000,5.00000,5.17000,94800
2024-04-12,5.13000,5.21000,5.00000,5.12000,109400
2024-04-15,5.16000,5.19000,4.95000,5.02000,226100
2024-04-16,5.00000,5.02000,4.86000,4.86000,214300
2024-04-17,4.86000,4.96000,4.80000,4.84000,159200
2024-04-18,4.83000,4.88000,4.75000,4.85000,167600
2024-04-19,4.75000,5.13000,4.75000,5.07000,174500
2024-04-22,5.06000,5.16000,4.90000,5.05000,67700
2024-04-23,5.07000,5.10000,4.95000,5.03000,167700
2024-04-24,4.98000,5.20000,4.97000,5.10000,63700
2024-04-25,5.08000,5.23000,5.03000,5.12000,63500
2024-04-26,5.23000,5.32000,5.10000,5.12000,71300
2024-04-29,5.07000,5.20000,5.01000,5.13000,80300
2024-04-30,5.08000,5.15000,4.99000,5.04000,112400
2024-05-01,5.04000,5.16000,4.96000,5.01000,102700
2024-05-02,5.02000,5.06000,4.98000,5.01000,126600
2024-05-03,5.00000,5.12000,4.98000,5.00000,74400
2024-05-06,5.04000,5.27000,5.04000,5.11000,193700
2024-05-07,5.13000,5.15000,5.00000,5.02000,73100
2024-05-08,5.00000,5.05000,4.95000,5.01000,88000
2024-05-09,4.97000,5.01000,4.38000,4.46000,381600
2024-05-10,4.45000,4.61000,4.11000,4.14000,399700
2024-05-13,4.10000,4.57000,4.10000,4.28000,522700
2024-05-14,4.30000,4.35000,4.01000,4.19000,192900
2024-05-15,4.18000,4.30000,4.10000,4.13000,93600
2024-05-16,4.12000,4.25000,4.08000,4.15000,99800
2024-05-17,4.19000,4.25000,4.08000,4.19000,53800
2024-05-20,4.22000,4.25000,4.01000,4.01000,244200
2024-05-21,4.19000,4.50000,4.16000,4.24000,285100
2024-05-22,4.21000,4.41000,4.21000,4.21000,173600
2024-05-23,4.47000,4.49000,4.08000,4.14000,141500
2024-05-24,4.14000,4.28000,4.14000,4.19000,80200
2024-05-28,4.25000,4.65000,4.25000,4.60000,296000
2024-05-29,4.59000,4.68000,4.44000,4.49000,84200
2024-05-30,4.51000,4.51000,4.39000,4.39000,39800
2024-05-31,4.41000,4.43000,4.26000,4.35000,128800
2024-06-03,4.36000,4.39000,4.28000,4.39000,112100
2024-06-04,4.36000,4.43000,4.16000,4.19000,116700
2024-06-05,4.16000,4.31000,4.13000,4.25000,43600
2024-06-06,4.25000,4.36000,4.16000,4.30000,123000
2024-06-07,4.25000,4.38000,4.10000,4.11000,132200
2024-06-10,4.11000,4.23000,4.01000,4.18000,68600
2024-06-11,4.10000,4.19000,4.05000,4.17000,34000
2024-06-12,4.20000,4.27000,4.05000,4.07000,70100
2024-06-13,4.07000,4.21000,4.07000,4.12000,54600
2024-06-14,4.07000,4.21000,4.07000,4.16000,64400
2024-06-17,4.17000,4.17000,4.04000,4.11000,47600
2024-06-18,4.10000,4.29000,4.08000,4.11000,70300
2024-06-20,4.10000,4.16000,4.05000,4.06000,32700
2024-06-21,4.15000,4.30000,4.07000,4.30000,89000
2024-06-24,4.28000,4.44000,4.27000,4.31000,39600
2024-06-25,4.32000,4.32000,4.15000,4.15000,90200
2024-06-26,4.14000,4.21000,4.10000,4.13000,37700
2024-06-27,4.19000,4.19000,4.16000,4.18000,7300
2024-06-28,4.19000,4.32000,4.18000,4.30000,62500
2024-07-01,4.32000,4.32000,4.14000,4.15000,18100
2024-07-02,4.19000,4.24000,4.11000,4.11000,59500
2024-07-03,4.13000,4.16000,4.11000,4.11000,4900
2024-07-05,4.13000,4.13000,4.03000,4.08000,23800
2024-07-08,4.08000,4.17000,4.07000,4.07000,18100
2024-07-09,4.10000,4.13000,4.02000,4.02000,7000
2024-07-10,4.03000,4.05000,3.94000,3.98000,89400
2024-07-11,3.99000,4.28000,3.99000,4.23000,118200
2024-07-12,4.24000,4.25000,4.15000,4.20000,17200
2024-07-15,4.19000,4.33000,4.19000,4.26000,115500
2024-07-16,4.25000,4.35000,4.23000,4.29000,73800
2024-07-17,4.30000,4.33000,4.03000,4.08000,44500
2024-07-18,4.06000,4.15000,3.97000,4.00000,73500
2024-07-19,4.02000,4.04000,3.84000,3.96000,96700
2024-07-22,3.96000,4.11000,3.96000,4.06000,12900
2024-07-23,4.02000,4.10000,3.99000,4.03000,39700
2024-07-24,4.06000,4.11000,3.98000,4.01000,88500
2024-07-25,4.04000,4.06000,4.00000,4.00000,29200
2024-07-26,4.01000,4.12000,4.00000,4.05000,16900
2024-07-29,4.06000,4.10000,4.00000,4.07000,17800
2024-07-30,4.13000,4.16000,3.97000,3.98000,55400
2024-07-31,4.07000,4.07000,3.85000,3.91000,61900
2024-08-01,3.87000,3.98000,3.80000,3.98000,39200
2024-08-02,3.91000,4.02000,3.78000,3.78000,101300
2024-08-05,3.80000,3.80000,3.51000,3.64000,67400
2024-08-06,3.75000,3.89000,3.56000,3.66000,39000
2024-08-07,3.67000,3.82000,3.57000,3.60000,52300
2024-08-08,3.60000,3.74000,3.52000,3.59000,59300
2024-08-09,3.50000,3.50000,3.05000,3.07000,224100
2024-08-12,3.08000,3.13000,2.95000,2.95000,93300
2024-08-13,3.00000,3.30000,2.97000,3.21000,136500
2024-08-14,3.26000,3.26000,3.11000,3.13000,52400
2024-08-15,3.22000,3.39000,3.22000,3.34000,62900
2024-08-16,3.34000,3.36000,3.17000,3.20000,54600
2024-08-19,3.36000,3.57000,3.36000,3.52000,160100
2024-08-20,3.48000,3.79000,3.48000,3.66000,63800
2024-08-21,3.64000,3.64000,3.51000,3.53000,41200
2024-08-22,3.65000,3.65000,3.46000,3.50000,7200
2024-08-23,3.49000,3.65000,3.49000,3.49000,26400
2024-08-26,3.53000,3.53000,3.37000,3.51000,21300
2024-08-27,3.44000,3.55000,3.40000,3.40000,15300
2024-08-28,3.39000,3.42000,3.28000,3.32000,33100
2024-08-29,3.28000,3.43000,3.28000,3.38000,42700
2024-08-30,3.35000,3.43000,3.29000,3.35000,53000
2024-09-03,3.31000,3.36000,3.23000,3.23000,39800
2024-09-04,3.22000,3.46000,3.18000,3.40000,105600
2024-09-05,3.44000,3.47000,3.30000,3.33000,52100
2024-09-06,3.30000,3.35000,3.18000,3.21000,31200
2024-09-09,3.23000,3.60000,3.22000,3.35000,102500
2024-09-10,3.33000,3.40000,3.22000,3.40000,67800
2024-09-11,3.40000,3.60000,3.29000,3.45000,215200
2024-09-12,3.47000,3.52000,3.40000,3.47000,22100
2024-09-13,3.50000,3.51000,3.30000,3.45000,59200
2024-09-16,3.46000,3.46000,3.30000,3.33000,15900
2024-09-17,3.36000,3.46000,3.31000,3.37000,20500
2024-09-18,3.41000,3.60000,3.31000,3.57000,255600
2024-09-19,3.60000,3.70000,3.54000,3.56000,221700
2024-09-20,3.50000,3.58000,3.40000,3.58000,92700
2024-09-23,3.58000,3.60000,3.48000,3.51000,105300
2024-09-24,3.50000,3.55000,3.50000,3.52000,83400
2024-09-25,3.52000,3.53000,3.50000,3.50000,56300
2024-09-26,3.50000,3.55000,3.50000,3.52000,126400
2024-09-27,3.53000,3.55000,3.50000,3.50000,116600
2024-09-30,3.50000,3.53000,3.48000,3.53000,86300
2024-10-01,3.50000,3.53000,3.41000,3.51000,60700
2024-10-02,3.52000,3.52000,3.44000,3.50000,43000
2024-10-03,3.50000,3.51000,3.46000,3.50000,49500
2024-10-04,3.49000,3.55000,3.42000,3.50000,54600
2024-10-07,3.41000,3.47000,3.35000,3.46000,18700
2024-10-08,3.49000,3.57000,3.45000,3.56000,72300
2024-10-09,3.52000,3.65000,3.44000,3.63000,107200
2024-10-10,3.62000,3.70000,3.59000,3.64000,37500
2024-10-11,3.60000,3.65000,3.58000,3.63000,25400
2024-10-14,3.59000,3.65000,3.51000,3.51000,24900
2024-10-15,3.60000,3.70000,3.55000,3.68000,56900
2024-10-16,3.63000,3.70000,3.55000,3.62000,27500
2024-10-17,3.56000,3.62000,3.53000,3.59000,16400
2024-10-18,3.59000,3.68000,3.52000,3.67000,46000
2024-10-21,3.67000,3.70000,3.59000,3.67000,22900
2024-10-22,3.63000,3.70000,3.53000,3.65000,21800
2024-10-23,3.67000,3.75000,3.65000,3.70000,65300
2024-10-24,3.70000,3.74000,3.58000,3.68000,45000
2024-10-25,3.68000,3.68000,3.55000,3.61000,7900
2024-10-28,3.60000,3.70000,3.48000,3.48000,38900
2024-10-29,3.53000,3.66000,3.53000,3.60000,30400
2024-10-30,3.57000,3.70000,3.57000,3.58000,91600
2024-10-31,3.51000,3.60000,3.50000,3.54000,36100
2024-11-01,3.58000,3.63000,3.49000,3.50000,97600
2024-11-04,3.51000,3.59000,3.43000,3.43000,67600
2024-11-05,3.44000,3.62000,3.44000,3.53000,78000
2024-11-06,3.57000,3.75000,3.55000,3.67000,124400
2024-11-07,3.45000,3.71000,3.45000,3.58000,149600
2024-11-08,3.75000,3.95000,3.59000,3.95000,314700
2024-11-11,4.00000,4.05000,3.75000,3.80000,50400
2024-11-12,3.76000,3.80000,3.68000,3.77000,73600
2024-11-13,3.82000,3.82000,3.49000,3.66000,138900
2024-11-14,3.64000,3.70000,3.56000,3.64000,32600
2024-11-15,3.64000,3.77000,3.54000,3.64000,77100
2024-11-18,3.63000,3.90000,3.54000,3.58000,135600
2024-11-19,3.59000,3.84000,3.59000,3.71000,102700
2024-11-20,3.74000,3.96000,3.72000,3.90000,103400
2024-11-21,3.94000,3.95000,3.82000,3.95000,86200
2024-11-22,3.95000,4.20000,3.89000,3.96000,215500
2024-11-25,3.94000,4.23000,3.83000,3.86000,171500
2024-11-26,3.81000,3.93000,3.63000,3.72000,146500
2024-11-27,3.73000,3.88000,3.64000,3.87000,104400
2024-11-29,3.93000,4.07000,3.87000,3.98000,68900
2024-12-02,4.00000,4.24000,3.84000,4.24000,112200
2024-12-03,4.25000,4.25000,3.95000,4.05000,170800
2024-12-04,4.05000,4.24000,4.03000,4.12000,174200
2024-12-05,4.16000,4.17000,3.88000,4.09000,87800
2024-12-06,4.09000,4.12000,3.89000,3.92000,67500
2024-12-09,3.97000,4.24000,3.97000,4.15000,110200
2024-12-10,4.16000,4.22000,4.07000,4.17000,76300
2024-12-11,4.18000,4.27000,4.11000,4.17000,84900
2024-12-12,4.17000,4.29000,4.15000,4.21000,81200
2024-12-13,4.18000,4.22000,4.12000,4.21000,35600
2024-12-16,4.25000,4.25000,4.06000,4.08000,58600
2024-12-17,4.03000,4.06000,3.89000,3.96000,98300
2024-12-18,4.01000,4.01000,3.70000,3.73000,40200
2024-12-19,3.68000,3.78000,3.56000,3.64000,59800
2024-12-20,3.61000,3.73000,3.60000,3.70000,60300
2024-12-23,3.75000,3.80000,3.66000,3.69000,32200
2024-12-24,3.70000,3.75000,3.63000,3.64000,27800
2024-12-26,3.61000,3.85000,3.61000,3.79000,51200
2024-12-27,3.85000,3.85000,3.61000,3.69000,55300
2024-12-30,3.73000,3.78000,3.62000,3.73000,53400
2024-12-31,3.77000,3.82000,3.66000,3.66000,75800
2025-01-02,3.67000,3.76000,3.62000,3.66000,29400
2025-01-03,3.66000,3.77000,3.65000,3.77000,18500
2025-01-06,3.78000,3.87000,3.65000,3.71000,47600
2025-01-07,3.76000,3.76000,3.61000,3.66000,30900
2025-01-08,3.62000,3.66000,3.48000,3.53000,37000
2025-01-10,3.53000,3.60000,3.45000,3.60000,29200
2025-01-13,3.54000,3.74000,3.44000,3.66000,68200
2025-01-14,3.73000,3.78000,3.51000,3.65000,46900
2025-01-15,3.53000,3.76000,3.53000,3.72000,48700
2025-01-16,3.76000,3.82000,3.67000,3.78000,62200
2025-01-17,3.80000,3.85000,3.69000,3.74000,38400
2025-01-21,3.79000,3.94000,3.70000,3.87000,44300
2025-01-22,3.89000,3.90000,3.68000,3.69000,54700
2025-01-23,3.66000,3.77000,3.54000,3.76000,37800
2025-01-24,3.82000,3.86000,3.67000,3.70000,45000
2025-01-27,3.66000,3.72000,3.60000,3.60000,26500
2025-01-28,3.68000,3.82000,3.52000,3.62000,54300
2025-01-29,3.67000,3.67000,3.50000,3.51000,25900
2025-01-30,3.54000,3.65000,3.51000,3.56000,36700
2025-01-31,3.60000,3.61000,3.39000,3.46000,55700
2025-02-03,3.40000,3.51000,3.39000,3.43000,17300
2025-02-04,3.43000,3.51000,3.43000,3.46000,24900
2025-02-05,3.44000,3.62000,3.44000,3.55000,20100
2025-02-06,3.55000,3.65000,3.49000,3.51000,15900
2025-02-07,3.50000,3.80000,3.42000,3.49000,14100
2025-02-10,3.49000,3.64000,3.42000,3.49000,17000
2025-02-11,3.46000,3.61000,3.45000,3.56000,22200
2025-02-12,3.56000,3.67000,3.49000,3.53000,30500
2025-02-13,3.56000,3.65000,3.41000,3.51000,49600
2025-02-14,3.57000,3.61000,3.50000,3.51000,19400
2025-02-18,3.55000,3.63000,3.50000,3.52000,17800
2025-02-19,3.55000,3.65000,3.43000,3.55000,33000
2025-02-20,3.61000,3.65000,3.41000,3.57000,88400
2025-02-21,3.57000,3.64000,3.44000,3.44000,21100
2025-02-24,3.44000,3.65000,3.35000,3.51000,92600
2025-02-25,3.54000,3.65000,3.50000,3.55000,89400
2025-02-26,3.60000,3.71000,3.60000,3.61000,49000
2025-02-27,3.79000,3.96000,3.73000,3.85000,102100
2025-02-28,3.66000,3.86000,3.60000,3.67000,40400
2025-03-03,3.60000,3.70000,3.45000,3.57000,78400
2025-03-04,3.49000,3.61000,3.27000,3.45000,112200
2025-03-05,3.49000,3.55000,3.31000,3.47000,90500
2025-03-06,3.56000,3.56000,3.06000,3.24000,237700
2025-03-07,3.25000,3.50000,3.16000,3.42000,147700
2025-03-10,3.39000,3.45000,3.24000,3.26000,111300
2025-03-11,3.26000,3.52000,3.21000,3.45000,111900
2025-03-12,3.26000,3.42000,3.17000,3.29000,58700
2025-03-13,3.29000,3.42000,3.18000,3.24000,73400
2025-03-14,3.23000,3.28000,3.15000,3.18000,45400
2025-03-17,3.13000,3.27000,3.13000,3.20000,66800
2025-03-18,3.30000,3.45000,3.29000,3.41000,100200
2025-03-19,3.35000,3.43000,3.31000,3.36000,38400
2025-03-20,3.37000,3.37000,3.27000,3.29000,29100
2025-03-21,3.42000,3.49000,3.32000,3.42000,119500
2025-03-24,3.45000,3.51000,3.31000,3.36000,133200
2025-03-25,3.36000,3.39000,3.20000,3.25000,31000
2025-03-26,3.29000,3.33000,3.21000,3.32000,44700
2025-03-27,3.39000,3.39000,3.20000,3.29000,50700
2025-03-28,3.29000,3.30000,3.11000,3.16000,49700
2025-03-31,3.16000,3.22000,3.03000,3.19000,86300
2025-04-01,3.10000,3.21000,3.03000,3.20000,81000
2025-04-02,3.17000,3.36000,3.16000,3.19000,27800
2025-04-03,3.13000,3.36000,3.05000,3.05000,34400
2025-04-04,3.02000,3.29000,2.90000,2.99000,66500
2025-04-07,2.86000,3.00000,2.86000,2.93000,88500
2025-04-08,2.96000,3.09000,2.92000,2.98000,102300
2025-04-09,3.00000,3.28000,3.00000,3.17000,122600
2025-04-10,3.12000,3.25000,2.98000,3.06000,48700
2025-04-11,3.22000,3.25000,3.03000,3.13000,48000
2025-04-14,3.14000,3.25000,3.01000,3.21000,23200
2025-04-15,3.28000,3.32000,3.16000,3.16000,58700
2025-04-16,3.12000,3.27000,3.12000,3.25000,27400
2025-04-17,3.29000,3.30000,3.16000,3.17000,20700
2025-04-21,3.23000,3.26000,3.11000,3.20000,26500
2025-04-22,3.20000,3.25000,3.18000,3.20000,27100
2025-04-23,3.20000,3.30000,3.00000,3.17000,46700
2025-04-24,3.16000,3.25000,3.07000,3.21000,22600
2025-04-25,3.24000,3.25000,3.13000,3.20000,20700
2025-04-28,3.24000,3.35000,3.24000,3.30000,28700
2025-04-29,3.35000,3.39000,3.28000,3.39000,45400
2025-04-30,3.34000,3.40000,3.29000,3.32000,50800
2025-05-01,3.38000,3.45000,3.29000,3.34000,27400
2025-05-02,3.34000,3.40000,3.29000,3.34000,50600
2025-05-05,3.28000,3.41000,3.28000,3.40000,24900
2025-05-06,3.37000,3.41000,3.18000,3.20000,209400
2025-05-07,3.25000,3.39000,3.12000,3.14000,94200
2025-05-08,3.25000,3.25000,3.10000,3.20000,50200
2025-05-09,3.20000,3.21000,3.10000,3.16000,45200
2025-05-12,3.19000,3.27000,3.16000,3.20000,42300
2025-05-13,3.16000,3.16000,3.05000,3.12000,122000
2025-05-14,3.07000,3.11000,3.01000,3.02000,50000
2025-05-15,3.03000,3.13000,3.03000,3.10000,23300
2025-05-16,3.14000,3.35000,3.12000,3.29000,137000
2025-05-19,3.28000,3.43000,3.28000,3.42000,31400
2025-05-20,3.42000,3.50000,3.39000,3.40000,42900
2025-05-21,3.39000,3.44000,3.30000,3.31000,21200
2025-05-22,3.30000,3.33000,3.25000,3.31000,31000
2025-05-23,3.20000,3.31000,3.20000,3.30000,21900
2025-05-27,3.30000,3.43000,3.30000,3.39000,27000
2025-05-28,3.39000,3.39000,3.28000,3.28000,31400
2025-05-29,3.37000,3.37000,3.21000,3.31000,37700
2025-05-30,3.27000,3.34000,3.22000,3.27000,53300
2025-06-02,3.27000,3.34000,3.27000,3.31000,14600
2025-06-03,3.28000,3.46000,3.24000,3.25000,10200
2025-06-04,3.21000,3.30000,3.21000,3.23000,10700
2025-06-05,3.20000,3.25000,3.19000,3.24000,38400
2025-06-06,3.14000,3.25000,3.14000,3.21000,59700
2025-06-09,3.21000,3.28000,3.15000,3.28000,19300
2025-06-10,3.22000,3.31000,3.22000,3.25000,20300
2025-06-11,3.27000,3.35000,3.21000,3.21000,71500
2025-06-12,3.35000,3.35000,3.18000,3.21000,35000
2025-06-13,3.20000,3.20000,3.12000,3.12000,12000
2025-06-16,3.16000,3.21000,3.14000,3.14000,24300
2025-06-17,3.14000,3.23000,3.12000,3.14000,42700
2025-06-18,3.14000,3.19000,3.10000,3.19000,47700
2025-06-20,3.15000,3.25000,3.09000,3.09000,92200
2025-06-23,3.11000,3.19000,3.09000,3.14000,36700
2025-06-24,3.15000,3.27000,3.13000,3.26000,189200
2025-06-25,3.17000,3.27000,3.10000,3.18000,155800
2025-06-26,3.18000,3.23000,3.15000,3.21000,104000
2025-06-27,3.19000,3.23000,3.14000,3.15000,68700
2025-06-30,3.16000,3.28000,3.08000,3.26000,202600
2025-07-01,3.26000,3.28000,3.08000,3.08000,75700
2025-07-02,3.19000,3.20000,3.12000,3.12000,80300
2025-07-03,3.20000,3.26000,3.18000,3.24000,66300
2025-07-07,3.24000,3.36000,3.22000,3.28000,117700
2025-07-08,3.35000,3.36000,3.27000,3.27000,71400
2025-07-09,3.30000,3.61000,3.27000,3.50000,403400
2025-07-10,3.52000,3.56000,3.46000,3.50000,140300
2025-07-11,3.47000,3.52000,3.47000,3.47000,49600
2025-07-14,3.49000,3.51000,3.44000,3.46000,52200
2025-07-15,3.47000,3.49000,3.33000,3.34000,67600
2025-07-16,3.37000,3.47000,3.35000,3.42000,88500
2025-07-17,3.41000,3.69000,3.41000,3.57000,117100
2025-07-18,3.56000,3.65000,3.37000,3.40000,74700
2025-07-21,3.41000,3.47000,3.33000,3.45000,111100
2025-07-22,3.44000,3.64000,3.44000,3.60000,35700
2025-07-23,3.60000,3.63000,3.51000,3.59000,46800
2025-07-24,3.59000,3.79000,3.56000,3.75000,49600
2025-07-25,3.72000,3.79000,3.72000,3.75000,18900
2025-07-28,3.74000,3.78000,3.72000,3.75000,36400
2025-07-29,3.76000,3.76000,3.48000,3.53000,48000
2025-07-30,3.48000,3.66000,3.39000,3.41000,17500
2025-07-31,3.39000,3.63000,3.37000,3.63000,21500
2025-08-01,3.60000,3.60000,3.42000,3.45000,33000
2025-08-04,3.53000,3.61000,3.43000,3.44000,37100
2025-08-05,3.65000,3.87000,3.56000,3.58000,83800
2025-08-06,3.59000,3.64000,3.50000,3.50000,12700
2025-08-07,3.51000,3.66000,3.48000,3.60000,81400
2025-08-08,3.22000,3.61000,3.22000,3.58000,40000
2025-08-11,3.57000,3.70000,3.48000,3.61000,28400
2025-08-12,3.65000,3.75000,3.62000,3.67000,23700
2025-08-13,3.63000,3.76000,3.63000,3.70000,31500
2025-08-14,3.63000,3.76000,3.61000,3.67000,20600
2025-08-15,3.65000,3.71000,3.45000,3.54000,31300
2025-08-18,3.65000,3.76000,3.59000,3.69000,41100
2025-08-19,3.73000,3.76000,3.50000,3.56000,121000
2025-08-20,3.58000,3.73000,3.58000,3.63000,25400
2025-08-21,3.49000,3.65000,3.49000,3.52000,82800
2025-08-22,3.60000,3.66000,3.50000,3.61000,43900
2025-08-25,3.59000,3.72000,3.59000,3.71000,9800
2025-08-26,3.70000,3.77000,3.59000,3.71000,55500
2025-08-27,3.71000,3.94000,3.67000,3.67000,122500
2025-08-28,3.64000,3.79000,3.64000,3.70000,34500
2025-08-29,3.80000,3.86000,3.68000,3.70000,50300
2025-09-02,3.71000,3.84000,3.71000,3.80000,18600
2025-09-03,3.83000,3.90000,3.73000,3.73000,43700
2025-09-04,3.73000,3.81000,3.70000,3.75000,18400
2025-09-05,3.79000,3.86000,3.73000,3.82000,20100
2025-09-08,3.79000,3.87000,3.79000,3.80000,31500
2025-09-09,3.77000,3.85000,3.73000,3.78000,27900
2025-09-10,3.83000,3.86000,3.74000,3.76000,7600
2025-09-11,3.80000,3.80000,3.69000,3.69000,21700
2025-09-12,3.69000,3.79000,3.62000,3.62000,29600
2025-09-15,3.62000,3.85000,3.60000,3.62000,59200
2025-09-16,3.65000,3.66000,3.58000,3.62000,40200
2025-09-17,3.82000,3.82000,3.62000,3.66000,32800
2025-09-18,3.71000,3.74000,3.65000,3.69000,24500
2025-09-19,3.68000,3.72000,3.62000,3.72000,28100
2025-09-22,3.69000,3.75000,3.61000,3.66000,23600
2025-09-23,3.63000,3.73000,3.53000,3.69000,30700
2025-09-24,3.65000,3.74000,3.63000,3.66000,15700
2025-09-25,3.77000,3.79000,3.65000,3.70000,9800
2025-09-26,3.80000,3.80000,3.56000,3.64000,27000
2025-09-29,3.63000,3.76000,3.52000,3.52000,44300
2025-09-30,3.47000,3.68000,3.33000,3.45000,36500
2025-10-01,3.51000,3.53000,3.37000,3.41000,18400
2025-10-02,3.49000,3.54000,3.42000,3.50000,18100
2025-10-03,3.55000,3.66000,3.50000,3.58000,26100
2025-10-06,3.65000,3.75000,3.59000,3.67000,26900
2025-10-07,3.79000,3.79000,3.70000,3.73000,27100
2025-10-08,3.74000,3.80000,3.68000,3.73000,19600
2025-10-09,3.71000,3.80000,3.71000,3.76000,24600
2025-10-10,3.80000,3.81000,3.53000,3.53000,38000
2025-10-13,3.63000,3.70000,3.56000,3.57000,19100
2025-10-14,3.58000,3.66000,3.57000,3.57000,18700
2025-10-15,3.57000,3.60000,3.43000,3.45000,43300
2025-10-16,3.46000,3.64000,3.46000,3.51000,31000
2025-10-17,3.58000,3.86000,3.51000,3.86000,87400
2025-10-20,3.88000,3.93000,3.68000,3.85000,58800
2025-10-21,3.89000,4.05000,3.69000,4.01000,73600
2025-10-22,4.01000,4.01000,3.76000,3.76000,41700
2025-10-23,3.82000,4.06000,3.82000,4.01000,27100
2025-10-24,4.05000,4.07000,3.87000,3.95000,13100
2025-10-27,4.05000,4.07000,3.85000,3.88000,40200
2025-10-28,3.84000,4.02000,3.84000,3.96000,22500
2025-10-29,3.91000,3.91000,3.78000,3.78000,18000
2025-10-30,3.85000,3.90000,3.82000,3.86000,24100
2025-10-31,3.86000,4.00000,3.86000,4.00000,17400
2025-11-03,4.00000,4.00000,3.84000,3.94000,47000
2025-11-04,3.84000,3.92000,3.71000,3.71000,45300
2025-11-05,3.77000,3.95000,3.74000,3.79000,37500
2025-11-06,3.89000,4.00000,3.78000,3.91000,163800
2025-11-07,3.85000,3.90000,3.61000,3.78000,70900
2025-11-10,3.88000,3.92000,3.61000,3.83000,89000
2025-11-11,4.04000,4.07000,3.64000,3.69000,79500
2025-11-12,3.80000,3.88000,3.72000,3.72000,32800
2025-11-13,3.71000,3.71000,3.50000,3.52000,33100
2025-11-14,3.51000,3.77000,3.50000,3.75000,39500
2025-11-17,3.63000,3.73000,3.50000,3.54000,59900
2025-11-18,3.53000,3.53000,3.42000,3.42000,31800
2025-11-19,3.42000,3.43000,3.18000,3.18000,77100
2025-11-20,3.18000,3.43000,3.14000,3.20000,71700
2025-11-21,3.23000,3.32000,3.17000,3.25000,49100
2025-11-24,3.25000,3.45000,3.25000,3.40000,62200
2025-11-25,3.49000,3.52000,3.30000,3.45000,107300
2025-11-26,3.50000,3.51000,3.35000,3.42000,103400
2025-11-28,3.42000,3.45000,3.37000,3.37000,42600
2025-12-01,3.38000,3.43000,3.31000,3.37000,78300
2025-12-02,3.41000,3.42000,3.33000,3.42000,21300
2025-12-03,3.42000,3.46000,3.41000,3.44000,20800
2025-12-04,3.44000,3.49000,3.38000,3.44000,15100
2025-12-05,3.46000,3.55000,3.44000,3.51000,28000
2025-12-08,3.47000,3.61000,3.47000,3.58000,55900
2025-12-09,3.54000,3.62000,3.49000,3.62000,24500
2025-12-10,3.58000,3.79000,3.58000,3.67000,46800
2025-12-11,3.60000,3.60000,3.47000,3.49000,16800
2025-12-12,3.60000,3.60000,3.44000,3.58000,62100
2025-12-15,3.60000,3.60000,3.48000,3.51000,54700
2025-12-16,3.46000,3.60000,3.45000,3.52000,57700
2025-12-17,3.46000,3.55000,3.40000,3.41000,13200
2025-12-18,3.46000,3.55000,3.44000,3.45000,48500
2025-12-19,3.48000,3.70000,3.48000,3.59000,55900
2025-12-22,3.57000,3.64000,3.40000,3.49000,47700
2025-12-23,3.60000,3.60000,3.42000,3.44000,9200
2025-12-24,3.45000,3.45000,3.43000,3.43000,4100
2025-12-26,3.43000,3.44000,3.31000,3.43000,49800
2025-12-29,3.40000,3.47000,3.23000,3.44000,29700
2025-12-30,3.45000,3.61000,3.40000,3.48000,35700
2025-12-31,3.49000,3.84000,3.43000,3.84000,67400
2026-01-02,3.90000,3.90000,3.64000,3.64000,37300
2026-01-05,3.68000,3.76000,3.52000,3.59000,34200
2026-01-06,3.59000,3.72000,3.58000,3.63000,20900
2026-01-07,3.66000,3.75000,3.46000,3.48000,21600
2026-01-08,3.51000,3.55000,3.41000,3.41000,16700
2026-01-09,3.45000,3.61000,3.44000,3.58000,10600
2026-01-12,3.58000,3.66000,3.50000,3.58000,21900
2026-01-13,3.64000,3.69000,3.54000,3.54000,7200
2026-01-14,3.57000,3.57000,3.43000,3.47000,27300
2026-01-15,3.48000,3.54000,3.43000,3.43000,9500
2026-01-16,3.46000,3.48000,3.32000,3.32000,27500
2026-01-20,3.25000,3.50000,3.23000,3.44000,28300
2026-01-21,3.35000,3.41000,3.23000,3.26000,35400
2026-01-22,3.31000,3.35000,3.29000,3.33000,8800
2026-01-23,3.33000,3.33000,3.17000,3.20000,33500
2026-01-26,3.20000,3.35000,3.15000,3.32000,42900
2026-01-27,3.28000,3.30000,3.22000,3.30000,14300
2026-01-28,3.30000,3.45000,3.27000,3.45000,25400
2026-01-29,3.39000,3.50000,3.25000,3.48000,23000
2026-01-30,3.38000,3.39000,3.31000,3.32000,12200
2026-02-02,3.31000,3.42000,3.24000,3.32000,24400
2026-02-03,3.35000,3.43000,3.29000,3.33000,61100
2026-02-04,3.33000,3.45000,3.33000,3.41000,21900
2026-02-05,3.39000,3.40000,3.35000,3.35000,11800
2026-02-06,3.33000,3.50000,3.30000,3.39000,28000
2026-02-09,3.37000,3.44000,3.34000,3.35000,9900
2026-02-10,3.41000,3.50000,3.34000,3.45000,42700
2026-02-11,3.44000,3.50000,3.30000,3.30000,79100
2026-02-12,3.33000,3.39000,3.15000,3.16000,45200
2026-02-13,3.30000,3.41000,3.09000,3.09000,52500
2026-02-17,3.10000,3.37000,3.10000,3.18000,74200
2026-02-18,3.18000,3.30000,3.18000,3.22000,11900
2026-02-19,3.53000,3.53000,3.10000,3.25000,55500
2026-02-20,3.22000,3.28000,3.16000,3.16000,8200
2026-02-23,3.12000,3.24000,3.12000,3.20000,15400
2026-02-24,3.30000,3.30000,3.10000,3.15000,26200
2026-02-25,3.25000,3.25000,3.13000,3.15000,32000
2026-02-26,3.15000,3.25000,3.13000,3.13000,25800
2026-02-27,3.28000,3.28000,3.13000,3.15000,17400
2026-03-02,3.16000,3.19000,3.12000,3.17000,24100
2026-03-03,3.15000,3.27000,3.11000,3.21000,23600
2026-03-04,3.33000,3.35000,3.17000,3.30000,23000
2026-03-05,3.25000,3.30000,3.19000,3.19000,20300
2026-03-06,3.26000,3.40000,3.23000,3.29000,59400
2026-03-09,3.30000,3.35000,3.23000,3.30000,10500
2026-03-10,3.44000,3.71000,3.28000,3.36000,177600
2026-03-11,3.39000,3.50000,3.24000,3.25000,67700
2026-03-12,3.25000,3.46000,3.25000,3.31000,85200
2026-03-13,3.75000,3.94000,3.46000,3.53000,473800
2026-03-16,3.62000,3.74000,3.45000,3.46000,113600
2026-03-17,3.50000,3.56000,3.41000,3.43000,61600
2026-03-18,3.42000,3.45000,3.29000,3.36000,44300
2026-03-19,3.33000,3.40000,3.19000,3.23000,106100
2026-03-20,3.24000,3.27000,3.10000,3.14000,77400
2026-03-23,3.25000,3.35000,3.15000,3.31000,135800
2026-03-24,3.30000,3.51000,3.30000,3.49000,118300
2026-03-25,3.52000,3.94000,3.39000,3.93000,539700
2026-03-26,4.06000,4.08000,3.71000,3.79000,515400
2026-03-27,3.75000,3.79000,3.57000,3.67000,74300
2026-03-30,3.75000,3.79000,3.50000,3.58000,178700
2026-03-31,3.60000,3.75000,3.59000,3.70000,57700
2026-04-01,3.73000,3.76000,3.60000,3.69000,34700
2026-04-02,3.50000,3.76000,3.50000,3.75000,73700
2026-04-06,3.75000,3.84000,3.67000,3.70000,73100
2026-04-07,3.66000,3.75000,3.56000,3.71000,67700
2026-04-08,3.75000,3.75000,3.60000,3.69000,106900
2026-04-09,3.65000,3.74000,3.64000,3.67000,22700
2026-04-10,3.69000,3.80000,3.58000,3.69000,74000
2026-04-13,3.65000,3.73000,3.61000,3.65000,69700
2026-04-14,3.70000,3.81000,3.61000,3.66000,129200
2026-04-15,3.68500,3.68990,3.60000,3.66000,26198
