date,open,high,low,close,volume
2016-02-04,17.77000,17.77000,17.51000,17.74000,6700
2016-02-05,17.64000,17.64000,17.44000,17.45000,10500
2016-02-08,17.06000,17.23000,16.97000,17.20000,8600
2016-02-09,16.87000,17.11000,16.87000,17.09000,4800
2016-02-10,17.08000,17.14000,16.96000,17.09000,6700
2016-02-11,16.85000,16.85000,16.32000,16.70000,13400
2016-02-12,16.53000,16.81000,16.51000,16.62000,1400
2016-02-16,17.79000,18.10000,17.50000,17.99000,9600
2016-02-17,18.05000,18.05000,17.97000,17.97000,7100
2016-02-18,18.15000,18.40000,18.12000,18.15000,6900
2016-02-19,18.33000,18.36000,18.31000,18.31000,7000
2016-02-22,18.30000,18.30000,18.11000,18.13000,4500
2016-02-23,18.59000,18.74000,18.42000,18.59000,3400
2016-02-24,17.10000,17.41000,16.85000,17.38000,195300
2016-02-25,17.60000,18.18000,17.60000,17.78000,48500
2016-02-26,17.72000,17.80000,17.57000,17.59000,6800
2016-02-29,17.09000,17.15000,16.91000,16.92000,153800
2016-03-01,17.11000,17.31000,17.10000,17.28000,32500
2016-03-02,17.20000,17.25000,17.02000,17.17000,40400
2016-03-03,17.15000,17.30000,17.10000,17.27000,93000
2016-03-04,17.20000,17.50000,17.19000,17.27000,20200
2016-03-07,17.31000,17.54000,17.27000,17.49000,71700
2016-03-08,17.46000,17.58000,17.30000,17.30000,38500
2016-03-09,17.31000,17.48000,17.30000,17.45000,15800
2016-03-10,17.36000,17.45000,17.20000,17.24000,46400
2016-03-11,17.26000,17.35000,17.16000,17.20000,62500
2016-03-14,18.13000,18.43000,17.97000,18.27000,297700
2016-03-15,18.12000,18.31000,17.95000,18.04000,22600
2016-03-16,18.00000,18.39000,17.88000,18.30000,46600
2016-03-17,18.39000,18.53000,18.20000,18.28000,10100
2016-03-18,18.46000,18.64000,18.25000,18.46000,29800
2016-03-21,18.23000,18.24000,18.06000,18.24000,4900
2016-03-22,18.10000,18.29000,18.10000,18.21000,16400
2016-03-23,18.23000,18.31000,17.99000,17.99000,8200
2016-03-24,17.94000,18.12000,17.93000,18.12000,5200
2016-03-28,18.11000,18.53000,18.11000,18.42000,26100
2016-03-29,18.34000,18.74000,18.34000,18.66000,45400
2016-03-30,18.75000,19.13000,18.75000,19.06000,41700
2016-03-31,19.27000,19.74000,19.27000,19.65000,7800
2016-04-01,19.51000,20.12000,19.51000,20.01000,43600
2016-04-04,19.77000,19.94000,19.64000,19.88000,24800
2016-04-05,19.58000,20.16000,19.53000,19.69000,33400
2016-04-06,19.53000,19.84000,19.46000,19.79000,30100
2016-04-07,19.68000,19.84000,19.60000,19.76000,27300
2016-04-08,19.93000,19.93000,19.70000,19.72000,6700
2016-04-11,19.70000,19.92000,19.67000,19.81000,37100
2016-04-12,19.75000,20.00000,19.71000,19.86000,22900
2016-04-13,19.78000,20.09000,19.73000,20.06000,31200
2016-04-14,20.15000,20.33000,20.11000,20.17000,19300
2016-04-15,20.27000,20.36000,20.23000,20.23000,7600
2016-04-18,20.19000,20.49000,20.19000,20.49000,15800
2016-04-19,20.48000,20.63000,20.46000,20.57000,5300
2016-04-20,20.62000,20.91000,20.61000,20.91000,12300
2016-04-21,20.93000,21.49000,20.93000,21.31000,25500
2016-04-22,21.22000,21.25000,21.18000,21.21000,3900
2016-04-25,21.17000,21.17000,20.89000,21.05000,5600
2016-04-26,21.11000,21.29000,21.09000,21.29000,7500
2016-04-27,21.21000,21.25000,21.04000,21.13000,8400
2016-04-28,21.12000,21.22000,20.78000,20.78000,9400
2016-04-29,21.07000,21.07000,20.59000,20.80000,16500
2016-05-02,20.86000,21.17000,20.86000,20.87000,17000
2016-05-03,20.91000,21.23000,20.82000,21.05000,15500
2016-05-04,20.80000,21.09000,20.80000,21.03000,26000
2016-05-05,20.90000,21.22000,20.90000,21.00000,40300
2016-05-06,21.25000,21.25000,20.96000,21.11000,10100
2016-05-09,20.79000,21.17000,20.71000,20.97000,30700
2016-05-10,20.97000,21.10000,20.88000,21.00000,17300
2016-05-11,21.07000,21.19000,20.95000,20.96000,6100
2016-05-12,20.99000,21.13000,20.84000,21.00000,22400
2016-05-13,21.00000,21.10000,20.93000,20.93000,25800
2016-05-16,20.88000,20.99000,20.83000,20.88000,8300
2016-05-17,20.86000,20.86000,20.62000,20.70000,5700
2016-05-18,20.55000,20.60000,20.23000,20.48000,30500
2016-05-19,20.27000,20.37000,20.20000,20.29000,2800
2016-05-20,20.37000,20.39000,20.25000,20.29000,9200
2016-05-23,20.64000,21.01000,20.01000,20.10000,26000
2016-05-24,20.32000,20.32000,19.80000,20.07000,33300
2016-05-25,20.00000,20.40000,19.96000,20.38000,24000
2016-05-26,20.48000,20.82000,20.07000,20.78000,38500
2016-05-27,20.97000,21.42000,20.97000,21.19000,43100
2016-05-31,21.03000,21.89000,20.78000,21.84000,56900
2016-06-01,21.76000,22.08000,21.28000,21.99000,59800
2016-06-02,21.61000,22.13000,21.50000,22.01000,27400
2016-06-03,22.11000,22.22000,21.88000,22.22000,23500
2016-06-06,22.20000,22.42000,22.00000,22.27000,70300
2016-06-07,22.21000,22.27000,22.00000,22.03000,58300
2016-06-08,22.00000,22.24000,21.92000,22.23000,318000
2016-06-09,22.03000,22.20000,22.00000,22.02000,12800
2016-06-10,21.97000,22.50000,21.89000,21.89000,6100
2016-06-13,21.82000,22.17000,21.82000,22.00000,28300
2016-06-14,21.94000,21.99000,21.44000,21.98000,55500
2016-06-15,21.90000,22.15000,21.77000,21.97000,7000
2016-06-16,21.80000,22.10000,21.80000,22.00000,29200
2016-06-17,22.00000,22.40000,21.87000,22.40000,37800
2016-06-20,22.25000,22.38000,22.07000,22.07000,8800
2016-06-21,22.20000,22.20000,21.88000,21.95000,30200
2016-06-22,21.88000,22.32000,21.88000,22.12000,20200
2016-06-23,22.14000,22.32000,22.13000,22.20000,14500
2016-06-24,21.70000,22.04000,21.70000,22.00000,20800
2016-06-27,21.62000,21.90000,21.43000,21.90000,63100
2016-06-28,22.00000,22.17000,21.92000,22.01000,77400
2016-06-29,22.01000,22.15000,21.97000,22.11000,34200
2016-06-30,22.04000,22.69000,22.04000,22.69000,31200
2016-07-01,22.60000,23.50000,20.14000,23.10000,15300
2016-07-05,23.10000,23.42000,23.00000,23.20000,13700
2016-07-06,23.10000,23.37000,22.80000,23.18000,11400
2016-07-07,23.19000,23.34000,22.79000,23.09000,8400
2016-07-08,23.19000,23.40000,22.92000,23.33000,12000
2016-07-11,23.37000,23.37000,23.23000,23.26000,6600
2016-07-12,23.20000,23.45000,23.15000,23.28000,15300
2016-07-13,23.29000,23.48000,22.43000,23.42000,9100
2016-07-14,23.31000,24.34000,23.08000,24.34000,45800
2016-07-15,24.36000,24.56000,23.31000,24.46000,15400
2016-07-18,24.41000,24.46000,23.50000,23.57000,21500
2016-07-19,23.47000,23.47000,22.84000,23.23000,21000
2016-07-20,23.08000,23.56000,23.08000,23.45000,6300
2016-07-21,23.46000,23.50000,23.18000,23.19000,5300
2016-07-22,23.13000,23.36000,23.04000,23.35000,11400
2016-07-25,23.29000,23.41000,23.11000,23.35000,21000
2016-07-26,23.48000,23.64000,23.45000,23.55000,7300
2016-07-27,23.67000,23.98000,23.59000,23.78000,9900
2016-07-28,23.62000,23.90000,23.31000,23.75000,13700
2016-07-29,23.66000,23.98000,23.65000,23.96000,14400
2016-08-01,23.90000,24.67000,23.90000,24.63000,29300
2016-08-02,24.54000,24.65000,24.15000,24.46000,18200
2016-08-03,24.26000,24.39000,24.00000,24.14000,35200
2016-08-04,24.08000,24.49000,24.08000,24.42000,4400
2016-08-05,24.41000,24.78000,24.41000,24.47000,7600
2016-08-08,24.41000,24.75000,24.22000,24.39000,10500
2016-08-09,24.28000,24.79000,24.28000,24.66000,13600
2016-08-10,24.60000,24.60000,24.22000,24.37000,10600
2016-08-11,25.55000,25.75000,23.75000,23.78000,151100
2016-08-12,23.73000,24.99000,23.73000,24.97000,15500
2016-08-15,25.19000,25.34000,24.34000,24.90000,18600
2016-08-16,24.99000,24.99000,24.51000,24.51000,6000
2016-08-17,24.50000,24.80000,24.50000,24.70000,10600
2016-08-18,24.77000,24.94000,24.75000,24.88000,12200
2016-08-19,24.92000,24.92000,24.70000,24.77000,9000
2016-08-22,24.69000,24.90000,24.63000,24.89000,4900
2016-08-23,24.89000,25.09000,24.55000,25.07000,27800
2016-08-24,24.91000,25.09000,24.65000,25.00000,6700
2016-08-25,24.92000,25.08000,24.57000,25.02000,8700
2016-08-26,25.06000,25.19000,24.88000,25.04000,4600
2016-08-29,25.10000,25.19000,24.97000,25.17000,4600
2016-08-30,25.15000,25.19000,24.96000,25.14000,5400
2016-08-31,25.06000,25.19000,24.77000,24.80000,38900
2016-09-01,24.98000,25.09000,24.71000,24.82000,11500
2016-09-02,25.01000,25.01000,24.71000,24.88000,11300
2016-09-06,24.90000,25.12000,24.81000,24.93000,96200
2016-09-07,24.90000,25.00000,24.90000,24.96000,9000
2016-09-08,24.83000,25.15000,24.77000,25.12000,122700
2016-09-09,25.02000,25.13000,24.81000,24.98000,8700
2016-09-12,24.68000,25.00000,24.50000,24.94000,39900
2016-09-13,24.98000,25.33000,24.98000,25.20000,31200
2016-09-14,25.29000,25.50000,25.13000,25.21000,33200
2016-09-15,25.30000,25.49000,25.23000,25.26000,36200
2016-09-16,25.16000,25.27000,25.15000,25.20000,5500
2016-09-19,25.13000,25.29000,25.04000,25.13000,75200
2016-09-20,25.12000,25.50000,25.12000,25.44000,19500
2016-09-21,25.49000,26.50000,25.46000,26.46000,161700
2016-09-22,26.50000,26.93000,26.25000,26.71000,31200
2016-09-23,26.80000,26.80000,26.61000,26.61000,10000
2016-09-26,26.56000,27.19000,26.53000,27.19000,25500
2016-09-27,27.20000,27.20000,26.46000,26.63000,14500
2016-09-28,26.60000,26.63000,25.61000,26.59000,11900
2016-09-29,26.54000,26.71000,26.28000,26.29000,8800
2016-09-30,26.39000,26.70000,26.01000,26.46000,11300
2016-10-03,26.38000,27.27000,25.54000,26.41000,7600
2016-10-04,26.47000,26.75000,26.00000,26.25000,10700
2016-10-05,26.39000,26.40000,25.84000,26.40000,8400
2016-10-06,26.46000,26.46000,26.01000,26.30000,15600
2016-10-07,26.30000,26.30000,26.12000,26.29000,3100
2016-10-10,26.39000,26.89000,26.06000,26.79000,29700
2016-10-11,26.77000,26.77000,26.23000,26.66000,9400
2016-10-12,26.63000,26.78000,26.36000,26.46000,5600
2016-10-13,26.39000,26.57000,26.10000,26.44000,8900
2016-10-14,26.50000,26.73000,26.15000,26.67000,15100
2016-10-17,26.60000,26.78000,26.29000,26.50000,15500
2016-10-18,26.50000,26.83000,26.23000,26.75000,55000
2016-10-19,26.70000,26.70000,26.14000,26.45000,3400
2016-10-20,26.70000,27.00000,26.55000,26.75000,76900
2016-10-21,26.60000,26.75000,26.60000,26.65000,17300
2016-10-24,26.90000,27.00000,26.80000,26.80000,57500
2016-10-25,26.75000,26.95000,26.50000,26.70000,21800
2016-10-26,26.45000,26.83000,26.45000,26.70000,18200
2016-10-27,26.70000,26.75000,26.50000,26.75000,9900
2016-10-28,26.60000,27.00000,26.60000,26.75000,10500
2016-10-31,26.05000,27.00000,26.05000,26.60000,33400
2016-11-01,26.60000,26.90000,26.25000,26.55000,28300
2016-11-02,26.35000,26.80000,26.00000,26.60000,30300
2016-11-03,26.60000,26.90000,26.20000,26.45000,17800
2016-11-04,26.50000,26.65000,25.70000,25.90000,18400
2016-11-07,25.85000,26.40000,25.50000,26.35000,30800
2016-11-08,26.40000,26.70000,26.05000,26.10000,32000
2016-11-09,26.05000,26.35000,26.00000,26.20000,52000
2016-11-10,26.20000,26.20000,25.70000,26.00000,33300
2016-11-11,26.05000,26.15000,25.80000,26.15000,12300
2016-11-14,26.15000,26.15000,25.40000,25.50000,19000
2016-11-15,25.55000,26.20000,23.95000,24.65000,119100
2016-11-16,24.50000,24.90000,24.09000,24.60000,34700
2016-11-17,24.65000,24.85000,24.20000,24.45000,21700
2016-11-18,24.45000,24.85000,24.20000,24.35000,23000
2016-11-21,24.25000,25.15000,24.25000,24.75000,33900
2016-11-22,24.85000,24.90000,24.10000,24.30000,25700
2016-11-23,24.20000,24.60000,24.20000,24.40000,8800
2016-11-25,24.35000,24.60000,24.20000,24.40000,3900
2016-11-28,24.20000,24.55000,24.20000,24.55000,13400
2016-11-29,24.50000,24.60000,24.41000,24.45000,10200
2016-11-30,24.50000,25.00000,24.50000,24.95000,37900
2016-12-01,25.00000,25.05000,24.57000,25.05000,17000
2016-12-02,25.00000,25.35000,25.00000,25.05000,8000
2016-12-05,25.05000,25.96000,24.70000,24.90000,12300
2016-12-06,25.00000,25.30000,25.00000,25.20000,5000
2016-12-07,25.05000,25.40000,25.05000,25.05000,6700
2016-12-08,25.10000,25.45000,25.05000,25.30000,10300
2016-12-09,25.45000,25.90000,25.45000,25.80000,12000
2016-12-12,25.90000,26.30000,25.25000,26.30000,14400
2016-12-13,26.45000,26.50000,25.85000,26.10000,192200
2016-12-14,26.05000,26.55000,25.75000,26.05000,17400
2016-12-15,25.85000,26.12000,25.80000,25.90000,10300
2016-12-16,26.25000,26.25000,25.95000,26.05000,8200
2016-12-19,26.00000,26.50000,25.95000,26.50000,12300
2016-12-20,26.55000,26.55000,26.10000,26.30000,2700
2016-12-21,26.15000,26.80000,26.15000,26.40000,33500
2016-12-22,26.40000,26.60000,25.65000,25.65000,17400
2016-12-23,25.45000,26.20000,25.45000,26.05000,11300
2016-12-27,25.90000,26.34000,25.85000,26.10000,10400
2016-12-28,26.10000,26.45000,25.90000,26.35000,7700
2016-12-29,26.25000,26.25000,26.00000,26.10000,53500
2016-12-30,26.15000,26.60000,26.15000,26.50000,15100
2017-01-03,26.70000,26.95000,26.67000,26.90000,35600
2017-01-04,27.00000,28.75000,27.00000,28.60000,134300
2017-01-05,28.85000,29.35000,27.40000,27.40000,155200
2017-01-06,27.65000,28.15000,27.40000,27.40000,32200
2017-01-09,27.40000,28.20000,27.30000,27.60000,39000
2017-01-10,28.10000,28.10000,27.60000,28.00000,105000
2017-01-11,27.95000,28.05000,27.50000,27.75000,53600
2017-01-12,27.90000,27.95000,27.10000,27.45000,35900
2017-01-13,27.65000,27.75000,27.10000,27.25000,26000
2017-01-17,27.25000,27.50000,26.90000,27.00000,133400
2017-01-18,27.40000,27.40000,26.75000,26.80000,22700
2017-01-19,26.85000,27.00000,26.75000,26.85000,18000
2017-01-20,27.00000,27.00000,26.80000,26.85000,16700
2017-01-23,26.90000,26.94000,26.50000,26.65000,34000
2017-01-24,26.60000,27.00000,26.60000,26.85000,15500
2017-01-25,27.05000,27.45000,26.70000,27.20000,23000
2017-01-26,27.15000,27.35000,27.00000,27.10000,11800
2017-01-27,27.10000,27.70000,27.10000,27.60000,10200
2017-01-30,27.45000,27.50000,27.35000,27.40000,11500
2017-01-31,27.40000,27.75000,27.15000,27.55000,15400
2017-02-01,27.45000,28.00000,27.40000,27.60000,45800
2017-02-02,27.60000,28.00000,27.60000,27.80000,7800
2017-02-03,27.80000,28.25000,27.80000,28.25000,9200
2017-02-06,28.25000,28.85000,28.20000,28.80000,24500
2017-02-07,29.05000,29.05000,28.20000,28.40000,117600
2017-02-08,28.30000,28.75000,28.25000,28.50000,27300
2017-02-09,28.50000,28.65000,28.35000,28.35000,13700
2017-02-10,28.35000,28.50000,28.15000,28.25000,20500
2017-02-13,28.10000,28.25000,28.05000,28.15000,17000
2017-02-14,28.05000,28.45000,28.00000,28.30000,45400
2017-02-15,28.20000,28.35000,28.00000,28.15000,29800
2017-02-16,28.00000,28.00000,27.25000,27.75000,36000
2017-02-17,27.60000,27.80000,27.50000,27.55000,7900
2017-02-21,27.65000,27.85000,27.45000,27.55000,10100
2017-02-22,27.60000,27.66000,27.30000,27.40000,33600
2017-02-23,27.25000,27.35000,26.90000,27.25000,24700
2017-02-24,27.05000,27.90000,27.05000,27.85000,9300
2017-02-27,28.00000,28.33000,27.68000,28.10000,85300
2017-02-28,28.00000,28.00000,27.80000,28.00000,75300
2017-03-01,28.00000,28.90000,27.80000,28.80000,82400
2017-03-02,28.90000,29.29000,28.75000,28.85000,14900
2017-03-03,28.65000,29.12000,28.55000,28.80000,23100
2017-03-06,28.90000,29.00000,28.40000,28.55000,23200
2017-03-07,28.70000,28.70000,28.45000,28.55000,23500
2017-03-08,28.40000,28.75000,28.25000,28.75000,36000
2017-03-09,28.55000,28.70000,28.53000,28.65000,9100
2017-03-10,28.80000,29.05000,28.60000,28.60000,12500
2017-03-13,28.60000,28.85000,28.40000,28.70000,16100
2017-03-14,28.70000,28.75000,28.45000,28.70000,19100
2017-03-15,28.85000,29.15000,28.70000,29.15000,45100
2017-03-16,29.35000,29.55000,28.90000,29.00000,57500
2017-03-17,28.95000,29.60000,28.95000,29.45000,21200
2017-03-20,29.25000,29.75000,29.16000,29.50000,59400
2017-03-21,29.50000,29.55000,29.15000,29.15000,27900
2017-03-22,29.05000,29.30000,28.70000,28.85000,16700
2017-03-23,28.75000,29.55000,28.60000,29.30000,32400
2017-03-24,29.40000,29.80000,29.35000,29.60000,44300
2017-03-27,29.75000,29.75000,29.00000,29.40000,19200
2017-03-28,29.40000,29.45000,29.10000,29.30000,18300
2017-03-29,29.40000,29.45000,29.30000,29.35000,75800
2017-03-30,29.45000,29.90000,29.28000,29.80000,118500
2017-03-31,30.00000,31.20000,29.87000,30.85000,62600
2017-04-03,31.85000,32.35000,31.30000,31.75000,57500
2017-04-04,31.85000,31.90000,31.20000,31.25000,24300
2017-04-05,31.50000,31.50000,28.60000,29.95000,174500
2017-04-06,29.85000,31.00000,29.57000,30.75000,31500
2017-04-07,30.75000,31.45000,30.75000,31.35000,28100
2017-04-10,31.55000,31.55000,30.44000,30.75000,45600
2017-04-11,30.75000,31.25000,30.50000,31.15000,38000
2017-04-12,31.10000,31.75000,30.28000,30.30000,24700
2017-04-13,30.20000,30.28000,29.65000,29.75000,20400
2017-04-17,29.85000,30.10000,29.80000,30.00000,8700
2017-04-18,29.90000,30.05000,29.90000,29.95000,29000
2017-04-19,29.93000,30.75000,29.85000,30.65000,17300
2017-04-20,30.75000,30.90000,30.10000,30.60000,37800
2017-04-21,30.45000,30.70000,30.33000,30.45000,16000
2017-04-24,30.55000,31.00000,30.35000,30.65000,18800
2017-04-25,30.70000,31.30000,30.70000,31.15000,18200
2017-04-26,31.10000,31.17000,30.75000,30.85000,15600
2017-04-27,30.95000,31.08000,30.70000,30.70000,15000
2017-04-28,30.90000,31.45000,30.70000,31.30000,26300
2017-05-01,31.35000,31.45000,30.70000,31.20000,103400
2017-05-02,31.35000,31.35000,30.95000,31.05000,7600
2017-05-03,30.95000,30.95000,30.35000,30.55000,17100
2017-05-04,30.45000,30.70000,30.05000,30.25000,84400
2017-05-05,30.30000,31.20000,30.30000,30.90000,17300
2017-05-08,31.15000,32.05000,30.95000,31.90000,172200
2017-05-09,32.40000,32.95000,31.75000,32.80000,110400
2017-05-10,33.00000,33.40000,32.50000,33.25000,44800
2017-05-11,33.85000,36.95000,32.95000,33.55000,54600
2017-05-12,33.75000,35.45000,33.40000,33.50000,33600
2017-05-15,33.80000,34.00000,33.10000,33.50000,23900
2017-05-16,33.70000,34.30000,33.30000,33.80000,54600
2017-05-17,35.00000,35.50000,31.60000,32.20000,63700
2017-05-18,31.90000,31.90000,30.45000,31.40000,95300
2017-05-19,31.90000,31.97000,31.05000,31.20000,17800
2017-05-22,31.30000,31.45000,31.05000,31.25000,37700
2017-05-23,31.25000,31.33000,30.60000,30.80000,31700
2017-05-24,30.95000,31.20000,30.80000,31.20000,22000
2017-05-25,31.25000,32.15000,30.90000,32.00000,52800
2017-05-26,32.20000,33.05000,31.75000,32.15000,19700
2017-05-30,32.95000,33.95000,32.10000,32.35000,27400
2017-05-31,32.60000,32.60000,31.90000,32.20000,22500
2017-06-01,32.20000,32.60000,32.15000,32.60000,38400
2017-06-02,32.65000,33.71000,32.20000,32.40000,25300
2017-06-05,32.20000,32.30000,31.75000,32.25000,33000
2017-06-06,32.20000,32.25000,31.89000,32.25000,50800
2017-06-07,32.50000,33.20000,32.30000,32.90000,48000
2017-06-08,32.90000,33.45000,32.65000,33.00000,39100
2017-06-09,33.00000,33.30000,32.65000,32.80000,38700
2017-06-12,32.80000,32.80000,31.80000,31.80000,25800
2017-06-13,31.85000,32.00000,31.50000,31.70000,14500
2017-06-14,31.90000,32.50000,31.90000,32.05000,22800
2017-06-15,31.80000,31.80000,30.80000,31.00000,45800
2017-06-16,31.00000,31.60000,30.75000,31.15000,32800
2017-06-19,32.35000,32.35000,31.50000,31.65000,37700
2017-06-20,31.90000,32.10000,30.75000,31.40000,39400
2017-06-21,31.40000,31.65000,30.85000,31.10000,24400
2017-06-22,31.15000,31.30000,30.55000,30.95000,21300
2017-06-23,30.85000,30.85000,30.55000,30.75000,15300
2017-06-26,30.75000,30.90000,29.55000,30.20000,52700
2017-06-27,30.15000,30.80000,29.85000,30.80000,37200
2017-06-28,30.75000,31.25000,30.55000,31.20000,25300
2017-06-29,31.05000,31.20000,30.23000,31.20000,23300
2017-06-30,31.15000,31.30000,30.65000,31.30000,27000
2017-07-03,31.20000,31.30000,30.95000,31.20000,24700
2017-07-05,31.20000,31.50000,31.00000,31.50000,20700
2017-07-06,31.10000,31.55000,31.00000,31.40000,15700
2017-07-07,31.55000,31.80000,31.15000,31.75000,20900
2017-07-10,31.45000,31.65000,31.20000,31.55000,15200
2017-07-11,31.55000,31.80000,31.40000,31.55000,23600
2017-07-12,31.50000,31.80000,31.40000,31.45000,54200
2017-07-13,31.50000,31.65000,31.40000,31.50000,24900
2017-07-14,31.50000,31.75000,31.40000,31.40000,20200
2017-07-17,31.40000,31.75000,31.05000,31.15000,28600
2017-07-18,31.05000,31.25000,30.35000,30.80000,72400
2017-07-19,31.05000,31.50000,31.05000,31.25000,46500
2017-07-20,31.45000,31.45000,30.80000,31.00000,306500
2017-07-21,31.05000,31.10000,30.70000,30.85000,44900
2017-07-24,30.95000,31.10000,30.65000,30.95000,13800
2017-07-25,30.90000,30.95000,30.55000,30.80000,12400
2017-07-26,30.75000,31.10000,30.60000,30.80000,14100
2017-07-27,30.95000,31.00000,30.25000,31.00000,20700
2017-07-28,30.85000,30.95000,30.50000,30.75000,11300
2017-07-31,30.75000,30.85000,30.45000,30.50000,18300
2017-08-01,30.65000,30.65000,30.25000,30.40000,42100
2017-08-02,30.45000,30.80000,30.45000,30.75000,27200
2017-08-03,30.65000,31.00000,30.65000,30.85000,19900
2017-08-04,30.95000,31.00000,30.55000,30.70000,12100
2017-08-07,31.00000,31.00000,30.00000,30.40000,41900
2017-08-08,30.00000,30.30000,30.00000,30.10000,18700
2017-08-09,28.55000,30.20000,28.50000,29.95000,25900
2017-08-10,29.90000,30.40000,29.60000,30.20000,75600
2017-08-11,30.25000,30.50000,30.15000,30.30000,8100
2017-08-14,30.30000,31.10000,29.14000,30.90000,38000
2017-08-15,31.15000,31.15000,30.40000,30.60000,19600
2017-08-16,31.00000,31.60000,31.00000,31.45000,105400
2017-08-17,31.10000,32.15000,31.10000,31.80000,29000
2017-08-18,31.85000,34.15000,31.85000,33.05000,43800
2017-08-21,33.15000,33.20000,32.80000,32.95000,68600
2017-08-22,33.30000,33.50000,32.88000,33.15000,39600
2017-08-23,32.80000,33.50000,32.80000,33.35000,52100
2017-08-24,33.35000,34.10000,32.80000,33.25000,49300
2017-08-25,33.65000,34.00000,33.40000,33.55000,44400
2017-08-28,33.60000,33.85000,33.23000,33.55000,42200
2017-08-29,33.50000,33.65000,33.30000,33.50000,35200
2017-08-30,33.55000,33.83000,33.20000,33.50000,30300
2017-08-31,33.60000,33.83000,33.25000,33.40000,33000
2017-09-01,33.40000,33.60000,33.26000,33.50000,18900
2017-09-05,33.50000,33.75000,33.05000,33.20000,19400
2017-09-06,33.10000,33.65000,33.10000,33.50000,18700
2017-09-07,33.50000,33.65000,32.00000,33.55000,37700
2017-09-08,33.50000,33.90000,33.30000,33.50000,18400
2017-09-11,33.65000,34.00000,33.60000,33.90000,93100
2017-09-12,34.00000,34.00000,33.85000,34.00000,223600
2017-09-13,34.00000,34.35000,33.95000,34.00000,232900
2017-09-14,33.95000,34.05000,33.85000,33.95000,38600
2017-09-15,33.95000,34.30000,33.75000,34.05000,62800
2017-09-18,34.70000,35.95000,34.66000,35.95000,133800
2017-09-19,35.95000,36.50000,35.90000,36.40000,40000
2017-09-20,36.35000,36.50000,36.05000,36.05000,27000
2017-09-21,36.10000,36.25000,35.65000,36.10000,20100
2017-09-22,36.05000,36.35000,35.90000,36.10000,23000
2017-09-25,36.05000,36.10000,35.50000,35.95000,32400
2017-09-26,35.90000,36.10000,35.75000,35.90000,15200
2017-09-27,35.90000,35.90000,35.45000,35.45000,17700
2017-09-28,35.35000,35.55000,35.20000,35.35000,25200
2017-09-29,35.40000,36.10000,35.40000,36.05000,13900
2017-10-02,36.25000,36.85000,36.10000,36.30000,33300
2017-10-03,36.55000,37.00000,36.15000,36.75000,30300
2017-10-04,36.80000,37.10000,36.55000,36.80000,18600
2017-10-05,37.10000,37.10000,36.25000,36.50000,81000
2017-10-06,36.50000,37.10000,36.45000,37.05000,18500
2017-10-09,37.25000,37.50000,37.00000,37.30000,25200
2017-10-10,37.55000,37.75000,37.10000,37.70000,45800
2017-10-11,37.50000,37.50000,37.00000,37.15000,12500
2017-10-12,37.20000,37.58000,36.80000,37.35000,21800
2017-10-13,37.40000,37.55000,36.85000,36.85000,15200
2017-10-16,37.05000,37.35000,36.75000,36.75000,18200
2017-10-17,36.60000,37.01000,36.45000,36.60000,12400
2017-10-18,36.70000,37.29000,36.70000,37.20000,85800
2017-10-19,37.25000,37.58000,37.10000,37.45000,48900
2017-10-20,37.50000,37.85000,37.50000,37.60000,11500
2017-10-23,37.65000,38.00000,37.50000,37.60000,34300
2017-10-24,37.85000,37.85000,37.60000,37.80000,19300
2017-10-25,37.75000,37.83000,36.95000,37.05000,62700
2017-10-26,37.00000,37.15000,36.50000,36.60000,37300
2017-10-27,36.85000,36.85000,36.05000,36.25000,16700
2017-10-30,36.25000,36.45000,35.85000,36.00000,68900
2017-10-31,36.00000,36.10000,35.25000,35.50000,36200
2017-11-01,35.50000,35.70000,35.05000,35.25000,42700
2017-11-02,35.00000,35.50000,35.00000,35.45000,19200
2017-11-03,35.55000,35.85000,34.75000,35.25000,23300
2017-11-06,35.10000,35.55000,34.95000,35.30000,24100
2017-11-07,35.25000,35.49000,34.95000,35.10000,13700
2017-11-08,35.15000,35.40000,35.00000,35.15000,14000
2017-11-09,35.00000,35.55000,35.00000,35.30000,54900
2017-11-10,35.30000,35.60000,34.90000,35.15000,13200
2017-11-13,34.80000,35.20000,34.35000,34.80000,40400
2017-11-14,34.60000,36.00000,34.60000,35.85000,31700
2017-11-15,36.25000,36.40000,35.10000,36.00000,94200
2017-11-16,36.30000,36.85000,35.88000,36.10000,25400
2017-11-17,35.80000,36.13000,35.60000,35.95000,27600
2017-11-20,35.70000,35.76000,35.35000,35.40000,53800
2017-11-21,35.40000,35.48000,35.00000,35.00000,61400
2017-11-22,35.05000,35.45000,35.05000,35.25000,67500
2017-11-24,35.50000,36.00000,35.50000,36.00000,19600
2017-11-27,36.10000,36.30000,35.80000,36.00000,44600
2017-11-28,36.13000,36.13000,35.70000,35.80000,46900
2017-11-29,36.00000,36.03000,35.60000,35.65000,26800
2017-11-30,35.85000,36.15000,35.60000,35.60000,46600
2017-12-01,35.60000,35.78000,35.25000,35.70000,22400
2017-12-04,35.70000,35.70000,34.70000,34.90000,89500
2017-12-05,34.90000,35.65000,34.80000,35.00000,64700
2017-12-06,34.80000,35.50000,34.75000,35.00000,28500
2017-12-07,35.00000,35.70000,34.70000,35.05000,31200
2017-12-08,35.10000,35.50000,34.85000,34.90000,12700
2017-12-11,35.05000,35.05000,34.85000,34.95000,14100
2017-12-12,34.90000,35.15000,34.60000,34.90000,25800
2017-12-13,34.85000,35.45000,34.80000,35.00000,18000
2017-12-14,35.10000,35.35000,34.60000,34.80000,73200
2017-12-15,34.95000,34.95000,34.55000,34.80000,18100
2017-12-18,34.95000,35.75000,34.60000,35.35000,39600
2017-12-19,35.10000,35.35000,33.40000,33.80000,43400
2017-12-20,34.00000,34.40000,33.55000,34.15000,36000
2017-12-21,34.20000,35.05000,34.20000,34.75000,122600
2017-12-22,34.85000,35.33000,34.85000,34.90000,33000
2017-12-26,34.75000,35.45000,34.35000,35.30000,21800
2017-12-27,35.00000,35.00000,34.30000,34.45000,59300
2017-12-28,34.40000,34.50000,34.30000,34.30000,18900
2017-12-29,34.35000,34.35000,34.00000,34.20000,15500
2018-01-02,34.20000,34.60000,34.05000,34.20000,25800
2018-01-03,34.20000,34.30000,33.65000,34.10000,37400
2018-01-04,34.05000,34.20000,33.70000,33.75000,25200
2018-01-05,33.85000,35.17000,33.85000,35.05000,36500
2018-01-08,35.30000,35.55000,34.95000,35.25000,58900
2018-01-09,35.30000,35.55000,34.15000,34.50000,28600
2018-01-10,34.30000,34.55000,33.70000,33.75000,21300
2018-01-11,33.80000,34.10000,33.25000,34.05000,60500
2018-01-12,34.20000,35.35000,34.00000,35.30000,22300
2018-01-16,35.40000,35.40000,34.60000,34.70000,34400
2018-01-17,34.65000,35.40000,33.10000,34.45000,37800
2018-01-18,34.45000,35.15000,33.75000,34.10000,22400
2018-01-19,34.15000,35.25000,34.08000,35.25000,18600
2018-01-22,35.10000,35.50000,34.60000,35.45000,33300
2018-01-23,35.35000,35.95000,35.25000,35.55000,25500
2018-01-24,35.60000,35.70000,34.80000,34.95000,24800
2018-01-25,35.00000,35.05000,34.45000,34.70000,19300
2018-01-26,34.90000,35.10000,34.55000,34.90000,9600
2018-01-29,34.90000,35.50000,34.55000,35.30000,36600
2018-01-30,35.00000,35.35000,34.60000,35.30000,24000
2018-01-31,35.35000,35.48000,34.73000,34.90000,41500
2018-02-01,34.80000,35.15000,34.25000,35.00000,25400
2018-02-02,34.85000,35.25000,34.69000,34.80000,24900
2018-02-05,34.35000,35.50000,34.00000,34.50000,53500
2018-02-06,34.00000,34.81000,33.80000,34.20000,35700
2018-02-07,33.95000,34.35000,33.35000,33.95000,123600
2018-02-08,33.90000,34.25000,33.35000,33.50000,23800
2018-02-09,33.65000,33.75000,32.35000,33.45000,36400
2018-02-12,33.70000,34.40000,33.50000,34.05000,25700
2018-02-13,34.10000,34.90000,33.90000,34.05000,55900
2018-02-14,33.95000,34.10000,33.20000,33.65000,21100
2018-02-15,33.80000,34.15000,33.30000,33.90000,8500
2018-02-16,33.75000,34.20000,33.73000,33.80000,6300
2018-02-20,33.75000,33.95000,33.40000,33.45000,15300
2018-02-21,33.55000,33.85000,33.30000,33.40000,16800
2018-02-22,33.50000,33.75000,33.30000,33.55000,21200
2018-02-23,33.70000,33.75000,33.50000,33.65000,21100
2018-02-26,33.85000,33.85000,33.45000,33.45000,26700
2018-02-27,33.70000,34.10000,33.45000,33.95000,178200
2018-02-28,34.20000,35.00000,34.10000,34.55000,65200
2018-03-01,34.75000,34.80000,34.15000,34.60000,74100
2018-03-02,34.50000,35.95000,34.50000,35.90000,48000
2018-03-05,35.90000,36.15000,35.05000,35.05000,262100
2018-03-06,35.15000,35.15000,34.28000,34.65000,26600
2018-03-07,34.40000,35.70000,34.30000,35.25000,99800
2018-03-08,35.25000,35.85000,35.15000,35.45000,25000
2018-03-09,35.70000,35.90000,35.20000,35.45000,33600
2018-03-12,35.45000,36.00000,35.35000,35.90000,30100
2018-03-13,35.85000,36.00000,35.55000,35.75000,35900
2018-03-14,35.90000,35.90000,35.30000,35.40000,15100
2018-03-15,35.35000,36.08000,35.05000,35.90000,63900
2018-03-16,36.25000,36.25000,35.70000,35.80000,66300
2018-03-19,35.65000,35.80000,35.15000,35.55000,15700
2018-03-20,35.55000,35.55000,34.85000,35.00000,75400
2018-03-21,35.00000,35.95000,34.95000,35.70000,50300
2018-03-22,35.45000,35.90000,33.10000,33.10000,72000
2018-03-23,33.30000,34.20000,33.28000,33.45000,172500
2018-03-26,33.25000,33.45000,32.70000,32.80000,125200
2018-03-27,32.80000,33.15000,31.35000,31.60000,176400
2018-03-28,31.45000,32.90000,30.90000,30.90000,88100
2018-03-29,31.05000,31.88000,30.90000,31.10000,74100
2018-04-02,31.00000,31.25000,30.80000,30.95000,155400
2018-04-03,31.05000,32.55000,30.85000,32.40000,195800
2018-04-04,32.10000,32.30000,31.40000,31.95000,37400
2018-04-05,32.10000,32.58000,31.40000,32.05000,105200
2018-04-06,31.90000,33.00000,31.85000,32.05000,102300
2018-04-09,32.30000,32.50000,31.80000,31.90000,41500
2018-04-10,32.15000,32.25000,31.75000,32.00000,96000
2018-04-11,31.95000,32.30000,31.90000,32.25000,35700
2018-04-12,32.25000,32.30000,31.55000,32.05000,50100
2018-04-13,32.15000,32.55000,32.05000,32.35000,80300
2018-04-16,32.35000,32.95000,32.08000,32.40000,22500
2018-04-17,32.45000,32.95000,32.25000,32.65000,27200
2018-04-18,32.65000,32.85000,32.20000,32.65000,10900
2018-04-19,32.55000,32.95000,32.00000,32.40000,49100
2018-04-20,32.50000,33.00000,31.70000,32.10000,60400
2018-04-23,32.05000,32.30000,31.60000,31.65000,25000
2018-04-24,31.85000,32.15000,31.55000,31.70000,42600
2018-04-25,31.55000,31.80000,31.00000,31.50000,48100
2018-04-26,31.55000,32.20000,31.35000,31.45000,37300
2018-04-27,31.55000,31.65000,31.20000,31.50000,15800
2018-04-30,31.45000,31.60000,30.95000,31.35000,21300
2018-05-01,31.30000,31.75000,30.65000,31.50000,207000
2018-05-02,31.50000,31.50000,31.10000,31.20000,78500
2018-05-03,31.10000,31.30000,30.90000,31.10000,76100
2018-05-04,30.98000,31.35000,30.95000,31.15000,56100
2018-05-07,31.20000,31.50000,31.20000,31.20000,29300
2018-05-08,31.10000,31.20000,30.95000,31.10000,26000
2018-05-09,31.20000,31.35000,30.80000,31.20000,32500
2018-05-10,31.15000,31.30000,31.05000,31.20000,23100
2018-05-11,31.35000,31.35000,31.00000,31.10000,11500
2018-05-14,31.20000,31.30000,30.76000,31.20000,33600
2018-05-15,31.00000,31.30000,30.85000,31.25000,73900
2018-05-16,31.10000,31.50000,30.83000,31.35000,29100
2018-05-17,31.30000,31.30000,30.90000,31.20000,32500
2018-05-18,31.10000,31.30000,31.00000,31.25000,27300
2018-05-21,31.15000,31.25000,30.98000,31.25000,25400
2018-05-22,31.20000,31.35000,31.00000,31.25000,39600
2018-05-23,31.35000,32.20000,31.00000,31.65000,49500
2018-05-24,31.75000,31.85000,31.40000,31.70000,37500
2018-05-25,31.93000,32.55000,31.70000,32.40000,39500
2018-05-29,32.60000,32.90000,31.85000,32.30000,59600
2018-05-30,32.55000,32.65000,32.40000,32.60000,61300
2018-05-31,32.60000,33.10000,32.35000,33.00000,107200
2018-06-01,32.95000,33.90000,32.95000,33.70000,38100
2018-06-04,33.75000,33.75000,32.80000,33.20000,71900
2018-06-05,33.35000,33.65000,32.50000,32.90000,93100
2018-06-06,32.70000,32.85000,32.30000,32.50000,13500
2018-06-07,32.45000,32.45000,31.15000,31.15000,141900
2018-06-08,31.20000,31.30000,31.00000,31.15000,111400
2018-06-11,31.15000,31.75000,30.95000,31.30000,185400
2018-06-12,31.40000,31.65000,31.05000,31.50000,36100
2018-06-13,31.55000,31.60000,30.98000,31.20000,38400
2018-06-14,31.15000,31.85000,31.15000,31.35000,35700
2018-06-15,31.30000,31.30000,31.00000,31.10000,61800
2018-06-18,31.25000,31.55000,30.95000,31.10000,41400
2018-06-19,31.00000,31.68000,30.35000,31.00000,64700
2018-06-20,30.95000,31.40000,30.85000,31.25000,66400
2018-06-21,31.35000,31.35000,30.95000,31.05000,28600
2018-06-22,31.05000,31.30000,30.90000,31.25000,45000
2018-06-25,30.90000,31.35000,30.70000,31.15000,29200
2018-06-26,31.20000,31.40000,30.75000,30.80000,141700
2018-06-27,30.90000,30.90000,29.80000,29.95000,42000
2018-06-28,30.00000,30.80000,29.95000,30.60000,59400
2018-06-29,30.60000,30.80000,30.25000,30.35000,22500
2018-07-02,30.20000,30.88000,30.20000,30.75000,40700
2018-07-03,31.00000,31.00000,30.35000,30.40000,12300
2018-07-05,30.50000,30.95000,30.25000,30.90000,46200
2018-07-06,30.80000,31.05000,30.50000,30.65000,33600
2018-07-09,30.75000,30.85000,30.50000,30.75000,36900
2018-07-10,30.70000,30.85000,30.40000,30.40000,65500
2018-07-11,30.10000,30.75000,29.90000,30.50000,63900
2018-07-12,30.50000,30.65000,30.30000,30.35000,26800
2018-07-13,30.50000,30.55000,30.20000,30.40000,24800
2018-07-16,30.25000,30.25000,29.40000,29.50000,81300
2018-07-17,29.25000,29.75000,29.25000,29.55000,35500
2018-07-18,29.60000,29.90000,29.40000,29.80000,69600
2018-07-19,29.60000,30.00000,29.40000,29.85000,52700
2018-07-20,30.00000,31.05000,30.00000,30.70000,43600
2018-07-23,30.50000,31.00000,30.40000,30.75000,32800
2018-07-24,31.85000,33.65000,31.00000,33.05000,95400
2018-07-25,33.05000,34.85000,33.00000,34.65000,78400
2018-07-26,34.50000,34.50000,33.30000,34.00000,82700
2018-07-27,34.00000,34.60000,33.85000,34.50000,45900
2018-07-30,34.10000,34.50000,33.50000,34.20000,82400
2018-07-31,34.15000,34.45000,33.60000,34.05000,44400
2018-08-01,34.00000,34.35000,33.80000,34.15000,58700
2018-08-02,33.85000,34.45000,33.85000,34.30000,32100
2018-08-03,33.85000,34.60000,33.85000,34.50000,19600
2018-08-06,34.30000,35.05000,34.05000,34.20000,83300
2018-08-07,34.35000,34.50000,33.90000,34.10000,14700
2018-08-08,34.00000,34.00000,33.20000,33.65000,27100
2018-08-09,33.45000,33.90000,32.31000,33.60000,22200
2018-08-10,33.50000,33.60000,32.45000,33.40000,28600
2018-08-13,33.35000,33.80000,33.23000,33.60000,18100
2018-08-14,33.60000,34.20000,33.60000,33.95000,23300
2018-08-15,33.90000,33.90000,32.95000,33.30000,24000
2018-08-16,33.45000,33.50000,33.10000,33.20000,25900
2018-08-17,33.00000,33.55000,33.00000,33.30000,32700
2018-08-20,33.30000,33.30000,33.00000,33.15000,76000
2018-08-21,33.15000,33.60000,32.90000,33.40000,44600
2018-08-22,33.20000,33.80000,33.15000,33.45000,23000
2018-08-23,33.50000,33.60000,33.20000,33.50000,25500
2018-08-24,33.75000,34.00000,33.45000,33.50000,8000
2018-08-27,33.45000,33.70000,32.55000,33.65000,26800
2018-08-28,33.65000,34.35000,33.65000,34.05000,21700
2018-08-29,34.05000,34.30000,33.50000,34.30000,30700
2018-08-30,35.40000,35.40000,33.85000,34.40000,30800
2018-08-31,34.50000,34.50000,33.10000,34.10000,54800
2018-09-04,34.35000,35.40000,33.65000,34.40000,28900
2018-09-05,34.40000,34.40000,33.65000,34.00000,13000
2018-09-06,33.95000,35.15000,33.95000,34.70000,40400
2018-09-07,34.75000,35.15000,34.15000,34.30000,12900
2018-09-10,34.25000,34.95000,34.25000,34.95000,32400
2018-09-11,34.80000,35.10000,33.65000,33.65000,10800
2018-09-12,33.70000,34.85000,33.70000,34.15000,19700
2018-09-13,34.15000,34.50000,33.50000,33.55000,14000
2018-09-14,33.75000,33.75000,33.00000,33.00000,45800
2018-09-17,33.00000,33.98000,32.95000,32.95000,15800
2018-09-18,33.15000,33.40000,32.90000,33.25000,15700
2018-09-19,33.20000,33.35000,32.85000,33.05000,24700
2018-09-20,33.15000,33.60000,33.00000,33.40000,25800
2018-09-21,33.35000,34.00000,33.10000,33.45000,70300
2018-09-24,33.50000,34.15000,33.45000,33.80000,32100
2018-09-25,33.60000,34.30000,33.55000,34.20000,26700
2018-09-26,34.20000,34.40000,34.15000,34.25000,46700
2018-09-27,34.25000,34.95000,34.25000,34.55000,31300
2018-09-28,34.60000,34.75000,33.95000,34.40000,11700
2018-10-01,34.71000,34.91000,34.05000,34.39000,26100
2018-10-02,34.50000,34.99000,34.19000,34.86000,28700
2018-10-03,34.86000,34.98000,34.50000,34.50000,49500
2018-10-04,34.30000,34.55000,33.89000,34.02000,29000
2018-10-05,33.79000,34.04000,33.65000,33.90000,14300
2018-10-08,33.90000,33.90000,33.25000,33.61000,9600
2018-10-09,33.50000,33.79000,33.42000,33.49000,63600
2018-10-10,33.53000,33.54000,33.02000,33.28000,30900
2018-10-11,33.00000,33.27000,32.08000,32.60000,35600
2018-10-12,32.71000,32.99000,32.33000,32.80000,22100
2018-10-15,32.72000,33.92000,32.33000,33.05000,49800
2018-10-16,33.15000,34.00000,33.15000,33.85000,6700
2018-10-17,33.82000,34.40000,33.60000,34.40000,19400
2018-10-18,34.13000,35.74000,34.10000,34.13000,264300
2018-10-19,34.35000,35.34000,32.82000,34.37000,18800
2018-10-22,34.40000,34.45000,33.41000,33.90000,35400
2018-10-23,33.68000,33.86000,32.63000,33.52000,33900
2018-10-24,33.34000,33.88000,33.34000,33.43000,30200
2018-10-25,33.49000,34.10000,33.42000,33.66000,18500
2018-10-26,33.27000,34.12000,33.23000,33.80000,14500
2018-10-29,33.95000,34.98000,31.58000,33.51000,21400
2018-10-30,33.73000,33.75000,32.32000,33.50000,158000
2018-10-31,33.79000,34.73000,33.72000,34.12000,19900
2018-11-01,34.39000,35.19000,34.01000,35.04000,25600
2018-11-02,35.11000,36.05000,34.92000,36.03000,10500
2018-11-05,36.02000,36.02000,35.02000,35.16000,13600
2018-11-06,35.17000,35.84000,35.02000,35.79000,36600
2018-11-07,35.98000,36.72000,35.98000,36.45000,35300
2018-11-08,36.36000,36.54000,35.26000,35.55000,20200
2018-11-09,35.56000,36.58000,35.56000,36.10000,2800
2018-11-12,35.75000,35.75000,34.73000,35.09000,34300
2018-11-13,35.08000,35.53000,34.85000,34.85000,20900
2018-11-14,34.51000,34.73000,32.71000,34.27000,56700
2018-11-15,34.05000,35.34000,33.77000,35.20000,10400
2018-11-16,35.21000,35.71000,34.56000,35.51000,15400
2018-11-19,35.58000,35.58000,33.66000,33.95000,41700
2018-11-20,33.29000,33.80000,33.07000,33.07000,58800
2018-11-21,33.04000,33.44000,32.51000,32.58000,47400
2018-11-23,32.25000,33.49000,32.08000,32.80000,16700
2018-11-26,33.00000,34.54000,32.22000,34.00000,63400
2018-11-27,34.00000,34.40000,32.98000,33.17000,181200
2018-11-28,33.16000,34.62000,33.16000,33.96000,106500
2018-11-29,33.83000,34.37000,33.18000,34.00000,29300
2018-11-30,34.00000,34.28000,33.10000,33.11000,70600
2018-12-03,33.29000,34.91000,33.29000,34.10000,96900
2018-12-04,34.10000,34.10000,33.12000,33.50000,25300
2018-12-06,33.00000,34.10000,33.00000,33.32000,85700
2018-12-07,33.33000,33.88000,32.64000,32.84000,15500
2018-12-10,32.85000,33.19000,31.82000,32.27000,38700
2018-12-11,32.60000,32.62000,31.25000,32.50000,29400
2018-12-12,33.24000,35.17000,32.93000,33.90000,38500
2018-12-13,33.90000,34.80000,33.51000,33.73000,27700
2018-12-14,33.32000,34.19000,32.26000,33.16000,26200
2018-12-17,33.17000,33.17000,32.44000,32.67000,15600
2018-12-18,32.68000,33.49000,32.68000,33.07000,18300
2018-12-19,33.28000,33.28000,32.15000,32.42000,28800
2018-12-20,32.23000,33.11000,31.40000,31.63000,24200
2018-12-21,31.71000,31.81000,30.91000,31.13000,32000
2018-12-24,30.59000,31.07000,29.38000,31.00000,36100
2018-12-26,31.08000,32.33000,31.08000,32.18000,63100
2018-12-27,31.77000,32.95000,31.15000,31.63000,13500
2018-12-28,31.89000,32.73000,31.02000,32.28000,29200
2018-12-31,32.85000,33.04000,32.00000,32.06000,44200
2019-01-02,31.91000,33.00000,31.91000,32.84000,135900
2019-01-03,32.85000,33.90000,32.68000,33.89000,31400
2019-01-04,34.35000,35.07000,32.22000,34.81000,19800
2019-01-07,35.00000,35.20000,33.66000,34.12000,60400
2019-01-08,34.18000,34.59000,33.80000,34.41000,28100
2019-01-09,34.51000,34.51000,33.33000,33.53000,50200
2019-01-10,33.03000,33.84000,33.00000,33.61000,26100
2019-01-11,33.29000,33.47000,33.02000,33.02000,35300
2019-01-14,33.02000,33.43000,32.13000,32.32000,24300
2019-01-15,32.24000,32.86000,31.42000,31.79000,26000
2019-01-16,31.48000,32.40000,31.48000,31.75000,55800
2019-01-17,31.43000,32.03000,30.86000,31.01000,33500
2019-01-18,31.31000,31.59000,30.64000,31.19000,68700
2019-01-22,30.90000,32.51000,30.79000,32.51000,127200
2019-01-23,32.67000,33.44000,32.20000,32.40000,101000
2019-01-24,32.44000,33.14000,32.37000,32.40000,36500
2019-01-25,32.51000,32.80000,32.07000,32.80000,10200
2019-01-28,32.65000,32.69000,32.04000,32.15000,36300
2019-01-29,32.15000,32.80000,32.02000,32.68000,35000
2019-01-30,32.31000,32.86000,32.31000,32.66000,22200
2019-01-31,32.45000,32.98000,32.45000,32.95000,29100
2019-02-01,32.99000,33.91000,32.56000,33.59000,20100
2019-02-04,33.62000,34.32000,33.45000,33.74000,17600
2019-02-05,33.90000,33.99000,33.28000,33.45000,10400
2019-02-06,33.50000,33.58000,33.11000,33.33000,5500
2019-02-07,33.14000,33.24000,32.57000,33.01000,14800
2019-02-08,32.90000,33.46000,32.90000,33.09000,9100
2019-02-11,33.06000,33.60000,33.06000,33.43000,11400
2019-02-12,33.43000,33.69000,33.43000,33.69000,13900
2019-02-13,33.73000,34.28000,33.55000,34.19000,61600
2019-02-14,34.21000,34.48000,33.42000,33.60000,23100
2019-02-15,33.61000,34.42000,33.61000,34.42000,22500
2019-02-19,34.20000,34.46000,33.88000,34.03000,29400
2019-02-20,34.17000,36.50000,34.15000,35.41000,134100
2019-02-21,35.38000,35.71000,34.96000,35.22000,79500
2019-02-22,35.22000,36.23000,34.99000,36.04000,69400
2019-02-25,36.14000,37.24000,35.87000,37.06000,75000
2019-02-26,37.02000,37.91000,36.68000,37.86000,30200
2019-02-27,37.83000,38.50000,36.87000,36.99000,89900
2019-02-28,36.35000,37.00000,36.22000,36.90000,80700
2019-03-01,36.91000,37.95000,36.85000,37.01000,35600
2019-03-04,37.26000,37.85000,36.98000,37.37000,33100
2019-03-05,37.33000,37.58000,36.58000,37.20000,38700
2019-03-06,37.16000,37.40000,36.80000,36.89000,30700
2019-03-07,36.43000,36.93000,36.42000,36.62000,19700
2019-03-08,36.40000,36.94000,36.34000,36.65000,28400
2019-03-11,37.43000,37.77000,35.50000,35.58000,48700
2019-03-12,36.04000,36.04000,34.80000,34.95000,39800
2019-03-13,35.10000,35.39000,33.77000,33.93000,50000
2019-03-14,34.09000,34.68000,33.59000,34.22000,251000
2019-03-15,34.51000,34.95000,33.81000,34.13000,86300
2019-03-18,34.20000,34.82000,34.13000,34.50000,61800
2019-03-19,34.52000,34.77000,34.33000,34.69000,21100
2019-03-20,34.38000,34.99000,33.91000,34.04000,15900
2019-03-21,34.04000,34.49000,33.88000,33.96000,33200
2019-03-22,33.90000,33.90000,33.23000,33.31000,66200
2019-03-25,33.16000,33.80000,33.03000,33.79000,120300
2019-03-26,33.80000,34.56000,33.50000,34.56000,69000
2019-03-27,34.46000,35.12000,34.06000,34.56000,64500
2019-03-28,34.56000,35.01000,34.18000,34.23000,65300
2019-03-29,34.56000,34.66000,33.87000,34.15000,15000
2019-04-01,34.44000,35.58000,33.90000,35.27000,128500
2019-04-02,35.38000,35.38000,34.62000,34.72000,18300
2019-04-03,34.79000,35.55000,34.60000,35.46000,64500
2019-04-04,35.46000,36.13000,35.05000,35.37000,23800
2019-04-05,35.38000,35.45000,34.99000,35.08000,24500
2019-04-08,35.09000,36.10000,35.09000,35.96000,14100
2019-04-09,35.71000,36.39000,35.71000,36.23000,20400
2019-04-10,36.28000,36.81000,36.23000,36.46000,19300
2019-04-11,36.52000,36.85000,36.46000,36.69000,11700
2019-04-12,36.85000,36.93000,36.36000,36.50000,5900
2019-04-15,36.50000,36.55000,36.02000,36.20000,24700
2019-04-16,36.33000,36.90000,36.22000,36.77000,61900
2019-04-17,36.87000,36.93000,36.40000,36.93000,28100
2019-04-18,36.84000,37.21000,36.63000,36.94000,68700
2019-04-22,36.86000,37.32000,36.58000,36.80000,44100
2019-04-23,36.84000,37.00000,36.53000,36.83000,18600
2019-04-24,36.76000,36.99000,36.65000,36.81000,20500
2019-04-25,36.76000,36.76000,35.80000,36.40000,25700
2019-04-26,36.42000,36.55000,36.24000,36.51000,12200
2019-04-29,36.50000,37.06000,36.50000,36.92000,20500
2019-04-30,36.99000,37.00000,36.40000,36.77000,29700
2019-05-01,36.68000,36.93000,36.20000,36.20000,36200
2019-05-02,36.45000,36.47000,35.17000,35.21000,18400
2019-05-03,35.41000,35.51000,34.77000,35.05000,13000
2019-05-06,34.54000,34.96000,34.05000,34.72000,42600
2019-05-07,34.57000,34.99000,33.79000,33.88000,27600
2019-05-08,33.88000,34.05000,33.08000,33.36000,26000
2019-05-09,32.92000,32.92000,32.29000,32.42000,36100
2019-05-10,32.50000,32.55000,31.81000,32.47000,29500
2019-05-13,31.74000,32.57000,31.74000,32.38000,19700
2019-05-14,32.38000,33.05000,32.06000,32.90000,32600
2019-05-15,32.65000,32.83000,32.34000,32.68000,18700
2019-05-16,32.98000,34.68000,32.98000,33.75000,25900
2019-05-17,33.50000,34.00000,33.32000,33.82000,22000
2019-05-20,33.78000,34.75000,33.37000,33.87000,21500
2019-05-21,32.00000,34.07000,31.55000,33.86000,157000
2019-05-22,33.74000,34.50000,33.20000,33.72000,314500
2019-05-23,33.48000,33.48000,32.75000,32.95000,67200
2019-05-24,33.14000,33.14000,32.70000,32.98000,20700
2019-05-28,33.07000,33.81000,32.49000,32.50000,78300
2019-05-29,32.40000,32.73000,32.20000,32.47000,52200
2019-05-30,32.39000,32.71000,31.83000,31.88000,60000
2019-05-31,31.75000,32.38000,30.87000,31.11000,28300
2019-06-03,31.01000,31.76000,30.92000,31.52000,82900
2019-06-04,31.59000,32.31000,30.86000,31.35000,263900
2019-06-05,31.36000,32.53000,31.36000,32.01000,73800
2019-06-06,32.52000,32.52000,31.68000,32.03000,55800
2019-06-07,31.91000,32.22000,31.68000,31.75000,28400
2019-06-10,31.63000,32.06000,31.53000,31.77000,44100
2019-06-11,31.93000,32.29000,31.46000,31.74000,27900
2019-06-12,31.54000,31.65000,31.00000,31.00000,15200
2019-06-13,31.31000,31.65000,30.90000,31.45000,114200
2019-06-14,31.47000,31.84000,31.07000,31.55000,85700
2019-06-17,31.41000,31.75000,31.27000,31.31000,82400
2019-06-18,31.31000,33.12000,31.31000,32.69000,254300
2019-06-19,32.50000,32.50000,31.70000,31.83000,88500
2019-06-20,32.19000,32.21000,31.18000,31.82000,30600
2019-06-21,31.93000,32.11000,31.23000,31.50000,75400
2019-06-24,31.81000,32.33000,30.98000,31.36000,134200
2019-06-25,31.09000,31.33000,30.54000,30.60000,50500
2019-06-26,30.71000,30.82000,30.01000,30.09000,66900
2019-06-27,29.94000,30.43000,29.91000,30.00000,221000
2019-06-28,30.00000,30.25000,30.00000,30.09000,177700
2019-07-01,30.57000,30.57000,30.10000,30.46000,70700
2019-07-02,30.50000,30.61000,30.02000,30.09000,67600
2019-07-03,30.09000,30.34000,29.82000,29.86000,36300
2019-07-05,30.00000,30.62000,29.94000,30.57000,280400
2019-07-08,30.75000,31.28000,30.62000,30.64000,100400
2019-07-09,30.61000,30.92000,30.20000,30.71000,276700
2019-07-10,30.81000,30.98000,30.73000,30.79000,60400
2019-07-11,30.74000,30.98000,30.30000,30.50000,78200
2019-07-12,30.58000,30.78000,30.36000,30.48000,38900
2019-07-15,30.63000,30.65000,30.05000,30.11000,42900
2019-07-16,30.15000,31.08000,30.01000,30.70000,70100
2019-07-17,30.65000,30.93000,30.18000,30.26000,38700
2019-07-18,30.11000,30.54000,29.58000,30.17000,109500
2019-07-19,30.41000,30.59000,29.73000,29.73000,57000
2019-07-22,29.82000,30.05000,29.41000,29.93000,144900
2019-07-23,29.99000,30.21000,29.70000,29.81000,67100
2019-07-24,29.81000,30.05000,29.02000,29.85000,46000
2019-07-25,29.83000,30.04000,29.53000,29.54000,31200
2019-07-26,29.54000,29.94000,29.47000,29.61000,51500
2019-07-29,29.58000,30.27000,29.49000,29.96000,123000
2019-07-30,29.94000,30.08000,28.82000,29.10000,113700
2019-07-31,29.18000,29.80000,28.97000,29.18000,33400
2019-08-01,29.28000,29.92000,29.14000,29.50000,62100
2019-08-02,29.54000,29.54000,29.00000,29.41000,45100
2019-08-05,29.17000,29.17000,28.54000,28.57000,46600
2019-08-06,28.86000,29.21000,28.25000,28.44000,48600
2019-08-07,28.14000,28.63000,27.75000,28.34000,49700
2019-08-08,28.39000,28.94000,28.20000,28.84000,44900
2019-08-09,28.71000,29.27000,28.06000,28.44000,30700
2019-08-12,28.08000,28.55000,28.01000,28.30000,48900
2019-08-13,28.15000,28.93000,28.15000,28.65000,37300
2019-08-14,28.35000,28.68000,28.30000,28.61000,93000
2019-08-15,28.53000,28.70000,28.09000,28.39000,29700
2019-08-16,28.38000,28.89000,28.18000,28.21000,43600
2019-08-19,28.53000,28.53000,27.89000,27.97000,35200
2019-08-20,27.85000,28.01000,27.46000,27.58000,92600
2019-08-21,27.64000,27.92000,27.07000,27.37000,105100
2019-08-22,27.47000,28.10000,27.23000,27.26000,125100
2019-08-23,27.38000,27.38000,26.78000,26.79000,44100
2019-08-26,26.86000,27.38000,26.77000,26.90000,53300
2019-08-27,27.15000,27.15000,25.60000,25.82000,95500
2019-08-28,24.17000,26.60000,24.17000,26.29000,186300
2019-08-29,26.19000,26.69000,25.68000,25.91000,85100
2019-08-30,26.02000,26.39000,25.66000,25.74000,79300
2019-09-03,25.65000,26.67000,25.25000,26.51000,80600
2019-09-04,26.52000,27.12000,26.37000,26.89000,62700
2019-09-05,27.02000,27.57000,26.85000,27.51000,60500
2019-09-06,27.57000,27.85000,27.03000,27.42000,47600
2019-09-09,27.30000,27.72000,27.11000,27.55000,36500
2019-09-10,27.62000,28.60000,27.40000,28.49000,62800
2019-09-11,28.49000,28.49000,27.43000,27.66000,214000
2019-09-12,27.54000,28.83000,27.54000,28.07000,79100
2019-09-13,28.19000,28.55000,28.07000,28.39000,57300
2019-09-16,28.21000,28.94000,28.21000,28.46000,70400
2019-09-17,28.34000,28.34000,27.97000,28.06000,20400
2019-09-18,27.95000,28.15000,27.01000,27.29000,30500
2019-09-19,27.35000,27.39000,27.00000,27.04000,55800
2019-09-20,27.09000,27.32000,27.00000,27.28000,39500
2019-09-23,27.17000,27.17000,26.92000,26.99000,59100
2019-09-24,26.98000,27.15000,26.32000,26.42000,90000
2019-09-25,26.14000,26.32000,25.89000,26.13000,58100
2019-09-26,26.10000,26.16000,25.26000,25.49000,32800
2019-09-27,25.54000,25.59000,24.84000,25.06000,52000
2019-09-30,25.00000,25.37000,24.65000,24.79000,44000
2019-10-01,24.91000,24.91000,24.01000,24.06000,30400
2019-10-02,23.72000,24.76000,23.38000,24.71000,83200
2019-10-03,24.80000,25.05000,24.50000,24.79000,35200
2019-10-04,24.90000,24.97000,24.56000,24.88000,22800
2019-10-07,24.86000,25.13000,24.62000,24.82000,34700
2019-10-08,24.82000,24.88000,24.55000,24.84000,28500
2019-10-09,24.91000,25.01000,24.18000,24.28000,69000
2019-10-10,24.28000,25.00000,23.95000,24.06000,93400
2019-10-11,24.05000,24.61000,24.05000,24.20000,38600
2019-10-14,24.19000,24.32000,23.89000,24.25000,21200
2019-10-15,24.59000,24.59000,24.00000,24.27000,75100
2019-10-16,24.27000,24.85000,24.26000,24.53000,38700
2019-10-17,24.63000,25.09000,24.63000,24.92000,59900
2019-10-18,24.87000,25.09000,24.78000,25.06000,37300
2019-10-21,25.03000,25.57000,25.03000,25.43000,21900
2019-10-22,25.52000,25.98000,25.52000,25.98000,38200
2019-10-23,25.90000,26.38000,25.79000,26.32000,42400
2019-10-24,26.45000,26.45000,25.49000,25.62000,121400
2019-10-25,25.63000,25.75000,24.83000,24.93000,33000
2019-10-28,24.92000,25.06000,24.62000,24.71000,100300
2019-10-29,24.62000,24.94000,24.62000,24.90000,30800
2019-10-30,24.74000,24.90000,24.54000,24.77000,75100
2019-10-31,24.84000,24.84000,23.96000,24.53000,47500
2019-11-01,24.49000,25.49000,24.49000,25.35000,45300
2019-11-04,25.36000,25.42000,24.80000,24.80000,104100
2019-11-05,24.89000,25.07000,24.70000,24.80000,49700
2019-11-06,24.78000,24.78000,24.45000,24.65000,35400
2019-11-07,24.80000,24.80000,24.29000,24.39000,44800
2019-11-08,24.41000,24.54000,24.28000,24.34000,32200
2019-11-11,24.01000,24.53000,24.01000,24.34000,112400
2019-11-12,24.31000,24.98000,24.31000,24.90000,38800
2019-11-13,24.82000,25.28000,24.82000,25.12000,69200
2019-11-14,25.11000,25.15000,24.82000,24.87000,49100
2019-11-15,24.88000,25.01000,24.60000,24.67000,22900
2019-11-18,24.60000,24.60000,24.40000,24.51000,33000
2019-11-19,24.61000,24.84000,24.61000,24.72000,25000
2019-11-20,24.61000,24.61000,24.16000,24.19000,34000
2019-11-21,24.05000,24.14000,23.46000,23.75000,49100
2019-11-22,23.69000,24.10000,23.09000,23.32000,39700
2019-11-25,23.01000,24.70000,22.51000,24.25000,171800
2019-11-26,24.31000,24.71000,23.99000,24.50000,123900
2019-11-27,24.39000,24.87000,24.00000,24.00000,32600
2019-11-29,24.02000,24.20000,23.74000,24.00000,29500
2019-12-02,23.85000,24.06000,23.82000,23.98000,48500
2019-12-03,23.93000,23.93000,23.21000,23.30000,39100
2019-12-04,23.30000,24.28000,23.15000,23.70000,40000
2019-12-05,24.02000,24.02000,23.25000,23.29000,33700
2019-12-06,23.29000,23.48000,22.88000,22.88000,87600
2019-12-09,23.02000,23.32000,22.74000,22.96000,55200
2019-12-10,22.95000,23.46000,22.45000,22.50000,179100
2019-12-11,22.49000,23.04000,22.32000,22.65000,104400
2019-12-12,22.75000,23.02000,21.53000,23.02000,169200
2019-12-13,23.14000,23.69000,23.11000,23.60000,38000
2019-12-16,23.69000,24.20000,23.69000,24.14000,84800
2019-12-17,24.09000,24.61000,24.09000,24.52000,46100
2019-12-18,24.54000,24.78000,24.09000,24.22000,119500
2019-12-19,24.17000,25.09000,24.17000,25.07000,67600
2019-12-20,25.45000,25.45000,24.70000,25.01000,266600
2019-12-23,24.98000,25.07000,24.68000,25.04000,63100
2019-12-24,25.02000,25.33000,24.83000,25.02000,43700
2019-12-26,25.00000,25.20000,24.66000,25.08000,82600
2019-12-27,25.05000,25.10000,24.74000,25.03000,26700
2019-12-30,25.03000,25.18000,24.92000,25.10000,32100
2019-12-31,25.05000,25.15000,25.05000,25.13000,109100
2020-01-02,25.19000,25.32000,25.08000,25.26000,43000
2020-01-03,25.00000,25.49000,24.68000,25.34000,48200
2020-01-06,25.26000,25.45000,24.88000,25.35000,33000
2020-01-07,25.25000,25.74000,25.08000,25.43000,47300
2020-01-08,25.33000,25.54000,25.19000,25.39000,40700
2020-01-09,25.58000,25.70000,25.28000,25.41000,75600
2020-01-10,25.50000,25.87000,25.30000,25.68000,56000
2020-01-13,25.76000,26.37000,25.58000,26.28000,44800
2020-01-14,26.23000,26.25000,25.63000,25.94000,53000
2020-01-15,25.91000,26.17000,25.75000,26.12000,94900
2020-01-16,26.23000,26.35000,25.64000,25.92000,62700
2020-01-17,26.05000,26.17000,25.63000,25.72000,38600
2020-01-21,25.72000,26.00000,25.67000,25.80000,56900
2020-01-22,25.80000,26.07000,25.06000,25.26000,81900
2020-01-23,25.27000,25.43000,24.95000,24.95000,28800
2020-01-24,25.10000,25.10000,24.51000,24.80000,27200
2020-01-27,24.49000,24.65000,24.26000,24.55000,30000
2020-01-28,24.75000,25.15000,24.53000,25.14000,50800
2020-01-29,25.14000,25.14000,24.70000,24.81000,37700
2020-01-30,24.63000,24.67000,24.34000,24.62000,26100
2020-01-31,24.56000,25.68000,24.56000,25.48000,59900
2020-02-03,25.52000,25.77000,24.59000,24.61000,53900
2020-02-04,24.71000,24.71000,24.08000,24.10000,52700
2020-02-05,24.31000,25.14000,24.24000,24.93000,52300
2020-02-06,25.00000,25.39000,24.76000,25.11000,64300
2020-02-07,25.13000,25.49000,24.99000,25.41000,102300
2020-02-10,25.41000,25.56000,25.03000,25.46000,28800
2020-02-11,25.56000,25.73000,25.43000,25.58000,42000
2020-02-12,26.18000,26.22000,25.64000,26.14000,32900
2020-02-13,26.02000,26.18000,25.69000,25.90000,34100
2020-02-14,25.68000,25.94000,25.58000,25.74000,25100
2020-02-18,25.40000,25.52000,24.85000,25.28000,37700
2020-02-19,25.25000,25.98000,25.25000,25.98000,18400
2020-02-20,25.84000,26.24000,25.46000,26.17000,20300
2020-02-21,26.10000,26.10000,25.53000,25.71000,19600
2020-02-24,24.90000,25.03000,24.39000,24.59000,76500
2020-02-25,24.77000,24.92000,23.59000,23.60000,46700
2020-02-26,23.66000,24.01000,22.88000,23.13000,71400
2020-02-27,22.71000,23.57000,22.03000,22.35000,66900
2020-02-28,21.84000,23.09000,21.50000,22.89000,62400
2020-03-02,22.90000,23.54000,22.13000,23.54000,26100
2020-03-03,23.39000,23.39000,21.83000,22.28000,39100
2020-03-04,21.57000,21.62000,19.96000,20.01000,116700
2020-03-05,19.46000,19.50000,18.83000,19.46000,80100
2020-03-06,19.06000,20.54000,19.06000,19.56000,115000
2020-03-09,18.20000,19.11000,16.85000,16.90000,81800
2020-03-10,17.20000,18.27000,17.10000,17.99000,122900
2020-03-11,17.28000,18.40000,17.06000,17.87000,144100
2020-03-12,16.85000,17.11000,16.08000,16.78000,163100
2020-03-13,17.19000,17.23000,15.58000,16.00000,37800
2020-03-16,14.23000,15.44000,12.06000,12.35000,92100
2020-03-17,12.27000,13.50000,12.26000,12.49000,54700
2020-03-18,12.00000,12.34000,11.01000,11.58000,177700
2020-03-19,11.21000,13.42000,11.21000,12.98000,175500
2020-03-20,12.93000,14.67000,12.50000,14.66000,106200
2020-03-23,14.01000,14.30000,13.62000,14.11000,103500
2020-03-24,14.50000,15.42000,14.31000,15.18000,107100
2020-03-25,15.45000,15.45000,14.72000,15.15000,859100
2020-03-26,15.19000,15.77000,15.12000,15.63000,84200
2020-03-27,15.50000,15.72000,15.10000,15.27000,132000
2020-03-30,15.37000,15.37000,13.93000,14.07000,78600
2020-03-31,14.14000,14.90000,14.14000,14.21000,95800
2020-04-01,13.98000,14.23000,13.52000,13.80000,151300
2020-04-02,13.40000,13.83000,12.80000,13.38000,174500
2020-04-03,13.36000,13.92000,13.08000,13.10000,86800
2020-04-06,13.50000,14.01000,13.06000,13.42000,176700
2020-04-07,13.85000,15.50000,13.52000,15.07000,101200
2020-04-08,15.02000,16.49000,15.02000,16.42000,34900
2020-04-09,16.84000,17.23000,16.45000,17.03000,71900
2020-04-13,17.05000,17.05000,16.79000,16.93000,118200
2020-04-14,17.25000,17.43000,16.88000,17.26000,73700
2020-04-15,16.88000,16.88000,15.65000,15.83000,36600
2020-04-16,16.03000,16.03000,15.18000,15.66000,50700
2020-04-17,16.04000,16.39000,15.73000,15.73000,36300
2020-04-20,15.56000,15.78000,14.74000,15.57000,62900
2020-04-21,15.36000,15.36000,14.74000,14.94000,28900
2020-04-22,15.00000,15.12000,14.73000,14.73000,42900
2020-04-23,14.66000,15.32000,14.66000,15.31000,99300
2020-04-24,15.51000,15.72000,15.33000,15.60000,34300
2020-04-27,15.51000,17.27000,15.50000,16.97000,40100
2020-04-28,17.49000,17.90000,17.08000,17.51000,53700
2020-04-29,17.99000,18.18000,17.79000,18.06000,53300
2020-04-30,17.97000,18.15000,17.10000,17.70000,30800
2020-05-01,17.34000,17.34000,16.81000,17.25000,78600
2020-05-04,17.25000,17.25000,16.33000,16.46000,23800
2020-05-05,16.55000,17.69000,16.55000,17.04000,46900
2020-05-06,17.03000,17.03000,16.29000,16.41000,34900
2020-05-07,16.51000,16.71000,16.20000,16.41000,52500
2020-05-08,16.63000,16.90000,16.49000,16.70000,78000
2020-05-11,16.85000,16.86000,16.55000,16.70000,36300
2020-05-12,16.79000,17.04000,16.35000,16.88000,53200
2020-05-13,17.07000,17.10000,14.75000,15.21000,89400
2020-05-14,15.00000,15.06000,14.23000,14.58000,101600
2020-05-15,14.45000,14.69000,13.97000,14.30000,80300
2020-05-18,14.32000,15.69000,14.30000,15.38000,92800
2020-05-19,15.36000,16.73000,15.21000,16.36000,69000
2020-05-20,16.48000,16.68000,16.35000,16.60000,38300
2020-05-21,16.63000,16.70000,16.02000,16.33000,36700
2020-05-22,16.43000,17.09000,15.97000,16.51000,30300
2020-05-26,16.76000,17.81000,16.76000,17.70000,48300
2020-05-27,18.00000,18.00000,17.07000,17.30000,25300
2020-05-28,17.42000,17.53000,16.92000,17.00000,42300
2020-05-29,16.92000,17.19000,16.31000,17.11000,69900
2020-06-01,17.32000,17.46000,16.91000,16.92000,30300
2020-06-02,17.01000,17.23000,16.92000,17.01000,16900
2020-06-03,17.33000,18.45000,17.28000,18.42000,48500
2020-06-04,18.31000,18.85000,18.07000,18.81000,39400
2020-06-05,19.05000,19.60000,18.92000,19.20000,39300
2020-06-08,18.86000,19.66000,18.86000,19.39000,59600
2020-06-09,19.16000,19.16000,18.34000,18.37000,32000
2020-06-10,18.28000,19.10000,17.61000,18.40000,38900
2020-06-11,17.54000,17.66000,16.58000,16.93000,67700
2020-06-12,17.32000,18.15000,17.18000,17.50000,35400
2020-06-15,16.68000,18.21000,15.91000,16.62000,91400
2020-06-16,17.40000,18.19000,15.81000,16.61000,115600
2020-06-17,16.60000,16.97000,15.35000,15.75000,85600
2020-06-18,15.56000,16.56000,15.56000,16.49000,48700
2020-06-19,16.77000,17.14000,16.52000,16.93000,90900
2020-06-22,16.93000,17.50000,16.72000,17.05000,56700
2020-06-23,17.15000,17.15000,16.70000,17.06000,29200
2020-06-24,16.88000,16.95000,16.29000,16.92000,43200
2020-06-25,16.91000,16.91000,15.87000,16.25000,42100
2020-06-26,16.15000,16.50000,15.83000,16.50000,24500
2020-06-29,16.52000,16.52000,15.78000,16.23000,46500
2020-06-30,16.09000,16.19000,15.71000,16.02000,34400
2020-07-01,15.98000,16.17000,15.78000,16.05000,18100
2020-07-02,16.25000,16.58000,15.90000,16.14000,25200
2020-07-06,16.20000,16.83000,16.06000,16.83000,124300
2020-07-07,16.61000,16.61000,15.64000,16.17000,43100
2020-07-08,16.11000,16.36000,15.45000,15.58000,34300
2020-07-09,15.49000,15.89000,14.82000,14.90000,26300
2020-07-10,14.76000,14.91000,14.35000,14.59000,22100
2020-07-13,14.76000,14.99000,14.64000,14.84000,29400
2020-07-14,14.60000,15.30000,14.48000,15.06000,14500
2020-07-15,15.12000,15.71000,15.10000,15.19000,49100
2020-07-16,15.14000,15.86000,14.89000,15.80000,29200
2020-07-17,15.71000,15.83000,15.12000,15.37000,16100
2020-07-20,15.37000,15.56000,14.85000,14.94000,17100
2020-07-21,15.10000,15.55000,14.84000,15.13000,48900
2020-07-22,15.00000,15.13000,14.90000,15.08000,19500
2020-07-23,15.05000,15.15000,14.81000,14.97000,9100
2020-07-24,14.97000,14.97000,14.50000,14.62000,21000
2020-07-27,14.54000,14.94000,13.50000,13.87000,40700
2020-07-28,13.81000,14.24000,13.68000,14.20000,17900
2020-07-29,14.17000,14.37000,13.69000,13.83000,13400
2020-07-30,13.73000,14.00000,13.38000,13.71000,11800
2020-07-31,13.72000,13.72000,12.99000,13.23000,40500
2020-08-03,13.20000,14.36000,13.20000,14.10000,48500
2020-08-04,13.99000,14.89000,13.99000,14.89000,25200
2020-08-05,15.00000,15.00000,14.21000,14.37000,17000
2020-08-06,14.25000,14.42000,13.93000,13.99000,13100
2020-08-07,13.86000,14.20000,13.62000,14.16000,24800
2020-08-10,14.12000,14.48000,13.98000,14.48000,11000
2020-08-11,14.50000,14.96000,14.50000,14.72000,26000
2020-08-12,14.83000,14.98000,14.68000,14.97000,17200
2020-08-13,14.96000,14.98000,14.67000,14.90000,15100
2020-08-14,14.76000,14.78000,14.57000,14.76000,11600
2020-08-17,14.68000,14.75000,14.50000,14.64000,15200
2020-08-18,14.56000,14.56000,14.09000,14.35000,17500
2020-08-19,14.32000,14.43000,13.91000,14.08000,21300
2020-08-20,14.01000,14.01000,13.51000,13.59000,39100
2020-08-21,13.43000,13.92000,13.43000,13.82000,18300
2020-08-24,13.85000,14.41000,13.72000,14.41000,16100
2020-08-25,15.00000,15.00000,12.52000,14.42000,101800
2020-08-26,14.88000,16.20000,14.34000,15.85000,47300
2020-08-27,15.79000,15.79000,14.60000,14.69000,64200
2020-08-28,14.87000,15.31000,14.84000,15.28000,47000
2020-08-31,15.50000,15.51000,13.86000,14.50000,49000
2020-09-01,14.34000,14.58000,13.90000,14.05000,76200
2020-09-02,14.23000,15.42000,14.15000,14.37000,39600
2020-09-03,14.33000,14.52000,13.86000,14.00000,17900
2020-09-04,13.91000,14.07000,13.25000,13.60000,28600
2020-09-08,13.43000,13.43000,13.05000,13.07000,23200
2020-09-09,13.13000,13.81000,13.13000,13.50000,31700
2020-09-10,13.46000,13.73000,13.05000,13.29000,16500
2020-09-11,13.22000,13.46000,13.21000,13.37000,11200
2020-09-14,13.39000,13.76000,13.01000,13.22000,81300
2020-09-15,13.22000,13.49000,13.05000,13.38000,17500
2020-09-16,13.36000,13.83000,13.31000,13.49000,13400
2020-09-17,13.39000,13.63000,13.10000,13.40000,49200
2020-09-18,13.47000,17.45000,13.32000,14.94000,461600
2020-09-21,15.78000,16.68000,14.44000,14.57000,90600
2020-09-22,14.81000,14.90000,13.70000,13.93000,113400
2020-09-23,13.91000,14.35000,13.68000,13.68000,73600
2020-09-24,13.80000,13.83000,13.38000,13.62000,58500
2020-09-25,13.62000,14.03000,13.41000,14.01000,27200
2020-09-28,14.14000,14.45000,13.97000,14.03000,14400
2020-09-29,14.02000,14.56000,13.82000,14.50000,28500
2020-09-30,14.55000,14.61000,13.76000,13.92000,32600
2020-10-01,13.91000,14.91000,13.91000,14.62000,29500
2020-10-02,14.42000,14.98000,14.21000,14.79000,8600
2020-10-05,14.61000,15.18000,14.61000,14.88000,11600
2020-10-06,14.80000,14.83000,14.37000,14.37000,17000
2020-10-07,14.58000,14.75000,14.17000,14.18000,28900
2020-10-08,14.52000,14.61000,13.74000,13.80000,40900
2020-10-09,14.00000,14.43000,13.91000,14.38000,13400
2020-10-12,14.34000,14.40000,14.05000,14.12000,14000
2020-10-13,13.94000,14.31000,13.65000,14.00000,32000
2020-10-14,14.28000,14.40000,13.83000,13.83000,34300
2020-10-15,13.70000,14.39000,13.58000,14.39000,55100
2020-10-16,14.28000,14.28000,13.66000,13.67000,15200
2020-10-19,13.68000,14.06000,13.59000,13.92000,48300
2020-10-20,13.80000,14.04000,13.80000,14.04000,16300
2020-10-21,13.97000,14.10000,13.79000,13.96000,33600
2020-10-22,13.84000,14.17000,13.84000,14.00000,9300
2020-10-23,14.11000,14.29000,13.97000,14.17000,19100
2020-10-26,13.86000,14.51000,13.86000,14.51000,149000
2020-10-27,14.51000,14.51000,13.99000,13.99000,20400
2020-10-28,13.69000,14.00000,13.45000,13.90000,36100
2020-10-29,13.81000,14.51000,13.67000,14.29000,254500
2020-10-30,14.16000,14.41000,13.88000,14.15000,21200
2020-11-02,14.15000,14.35000,13.64000,13.66000,21000
2020-11-03,13.67000,14.09000,13.63000,13.90000,32500
2020-11-04,13.82000,14.30000,13.69000,14.10000,22100
2020-11-05,14.29000,14.30000,14.00000,14.14000,29900
2020-11-06,14.11000,14.35000,14.10000,14.18000,11600
2020-11-09,14.20000,14.80000,14.20000,14.71000,247100
2020-11-10,14.76000,15.39000,14.61000,15.18000,32300
2020-11-11,15.19000,15.40000,14.90000,15.15000,35000
2020-11-12,15.21000,15.39000,14.71000,15.05000,15000
2020-11-13,15.02000,15.12000,14.70000,15.05000,64700
2020-11-16,15.05000,15.69000,15.00000,15.61000,35400
2020-11-17,15.31000,15.95000,15.26000,15.91000,43100
2020-11-18,16.00000,17.58000,16.00000,16.62000,252300
2020-11-19,16.65000,16.85000,16.15000,16.68000,40700
2020-11-20,16.94000,17.14000,16.58000,16.65000,83800
2020-11-23,17.73000,17.73000,16.30000,17.06000,73500
2020-11-24,17.20000,17.72000,16.68000,17.51000,128300
2020-11-25,17.44000,17.84000,17.15000,17.67000,67100
2020-11-27,17.41000,18.02000,17.41000,17.98000,35600
2020-11-30,17.98000,18.39000,17.91000,18.39000,121300
2020-12-01,18.41000,18.50000,17.26000,17.79000,57600
2020-12-02,17.69000,17.80000,17.42000,17.55000,19100
2020-12-03,17.64000,17.96000,17.50000,17.87000,33000
2020-12-04,17.86000,18.69000,17.60000,18.69000,36200
2020-12-07,18.73000,18.98000,18.57000,18.98000,32500
2020-12-08,19.35000,19.35000,18.43000,18.64000,54100
2020-12-09,18.69000,18.75000,17.79000,17.90000,37800
2020-12-10,17.69000,18.45000,17.65000,18.29000,32200
2020-12-11,18.28000,18.59000,18.07000,18.34000,33200
2020-12-14,18.36000,18.66000,18.03000,18.25000,59100
2020-12-15,18.23000,18.76000,18.09000,18.56000,214000
2020-12-16,18.54000,18.54000,18.02000,18.25000,41800
2020-12-17,18.23000,18.41000,18.06000,18.25000,119000
2020-12-18,18.24000,18.64000,18.11000,18.26000,138800
2020-12-21,18.09000,18.41000,17.83000,18.05000,46100
2020-12-22,18.06000,18.86000,18.00000,18.57000,67900
2020-12-23,18.50000,19.40000,18.46000,19.21000,50600
2020-12-24,19.22000,19.35000,18.89000,19.03000,17000
2020-12-28,19.00000,19.47000,18.85000,19.32000,37900
2020-12-29,19.01000,19.38000,18.56000,18.85000,40400
2020-12-30,18.84000,19.24000,18.73000,19.10000,26200
2020-12-31,19.21000,19.21000,18.51000,19.05000,28000
2021-01-04,19.12000,19.12000,18.27000,18.47000,31100
2021-01-05,18.44000,18.90000,18.40000,18.90000,15300
2021-01-06,18.97000,19.15000,18.61000,19.08000,22000
2021-01-07,19.24000,20.17000,19.12000,20.04000,37700
2021-01-08,20.15000,20.15000,19.27000,19.59000,21200
2021-01-11,19.44000,19.69000,19.23000,19.46000,47400
2021-01-12,19.66000,19.97000,19.50000,19.57000,69900
2021-01-13,19.60000,19.79000,19.04000,19.15000,45100
2021-01-14,19.26000,19.49000,18.85000,19.10000,76800
2021-01-15,18.71000,19.25000,18.70000,18.79000,40100
2021-01-19,18.99000,19.50000,18.70000,19.07000,89500
2021-01-20,19.07000,19.56000,18.67000,18.75000,85600
2021-01-21,18.72000,19.13000,18.72000,18.75000,82800
2021-01-22,18.41000,18.99000,18.26000,18.63000,29400
2021-01-25,18.83000,19.61000,18.52000,19.55000,53000
2021-01-26,19.62000,19.93000,19.60000,19.86000,29000
2021-01-27,19.61000,19.99000,19.30000,19.83000,40900
2021-01-28,19.37000,20.00000,19.37000,19.82000,70300
2021-01-29,19.95000,19.95000,18.99000,19.14000,90300
2021-02-01,19.45000,19.45000,18.61000,18.68000,92300
2021-02-02,18.90000,19.77000,18.72000,19.51000,85600
2021-02-03,19.47000,19.80000,19.42000,19.43000,29000
2021-02-04,19.41000,19.67000,19.32000,19.54000,65900
2021-02-05,19.47000,19.89000,19.45000,19.73000,40500
2021-02-08,19.89000,21.35000,19.89000,21.22000,50400
2021-02-09,22.08000,22.65000,21.15000,22.55000,175200
2021-02-10,22.74000,23.50000,21.85000,23.19000,78700
2021-02-11,23.54000,23.54000,22.10000,22.60000,82200
2021-02-12,22.38000,23.15000,22.15000,22.55000,52400
2021-02-16,22.41000,23.00000,22.41000,22.82000,54400
2021-02-17,22.83000,23.16000,22.23000,22.41000,38700
2021-02-18,22.22000,22.38000,21.14000,21.25000,55100
2021-02-19,22.03000,22.03000,21.14000,21.85000,119100
2021-02-22,21.70000,22.47000,21.70000,21.87000,42200
2021-02-23,21.05000,21.67000,20.51000,21.61000,39500
2021-02-24,21.09000,22.56000,21.05000,22.17000,46800
2021-02-25,22.22000,22.24000,21.51000,21.67000,21100
2021-02-26,21.40000,22.21000,21.29000,21.68000,36900
2021-03-01,21.77000,22.49000,21.69000,22.01000,28400
2021-03-02,21.40000,22.15000,21.17000,21.41000,36200
2021-03-03,21.35000,22.30000,21.35000,22.00000,46900
2021-03-04,21.40000,22.27000,20.70000,21.22000,32800
2021-03-05,21.61000,21.79000,20.13000,21.54000,41200
2021-03-08,21.40000,21.50000,20.46000,20.60000,146900
2021-03-09,20.64000,21.24000,20.37000,20.78000,150800
2021-03-10,21.00000,21.60000,21.00000,21.40000,55800
2021-03-11,21.46000,22.94000,21.13000,22.81000,67500
2021-03-12,22.60000,23.70000,22.60000,23.59000,63900
2021-03-15,23.67000,23.86000,22.86000,23.17000,52900
2021-03-16,23.27000,23.37000,22.33000,22.99000,58700
2021-03-17,22.86000,23.33000,22.39000,22.79000,33100
2021-03-18,22.85000,23.09000,22.11000,22.39000,68700
2021-03-19,22.40000,23.22000,21.86000,22.90000,103000
2021-03-22,22.02000,22.22000,21.27000,21.99000,96900
2021-03-23,21.89000,22.11000,21.40000,21.51000,77900
2021-03-24,21.59000,22.42000,20.99000,20.99000,27800
2021-03-25,21.31000,21.31000,20.63000,21.24000,47500
2021-03-26,21.36000,21.65000,20.94000,21.47000,49200
2021-03-29,21.31000,21.76000,20.72000,20.94000,21000
2021-03-30,20.97000,21.54000,20.95000,21.25000,72500
2021-03-31,21.31000,21.47000,20.89000,21.23000,79800
2021-04-01,21.66000,21.96000,21.02000,21.96000,94500
2021-04-05,22.07000,22.56000,21.62000,22.51000,60200
2021-04-06,22.27000,22.62000,21.93000,22.00000,57800
2021-04-07,21.99000,22.47000,21.70000,21.90000,341600
2021-04-08,22.03000,22.24000,21.79000,22.03000,71400
2021-04-09,22.03000,22.31000,21.78000,22.24000,58500
2021-04-12,21.92000,22.23000,21.51000,21.80000,22100
2021-04-13,21.83000,22.13000,21.39000,21.68000,27900
2021-04-14,21.72000,21.93000,21.39000,21.39000,150000
2021-04-15,21.65000,21.94000,21.41000,21.59000,84700
2021-04-16,21.75000,21.86000,21.49000,21.83000,16400
2021-04-19,21.65000,21.77000,21.37000,21.50000,26100
2021-04-20,21.49000,21.55000,21.20000,21.36000,35600
2021-04-21,21.45000,22.00000,21.45000,21.93000,22800
2021-04-22,21.89000,22.33000,21.79000,21.97000,22400
2021-04-23,21.94000,23.17000,21.94000,22.70000,65700
2021-04-26,22.94000,23.24000,22.50000,22.80000,47000
2021-04-27,22.79000,22.96000,22.40000,22.47000,31400
2021-04-28,22.21000,22.75000,22.21000,22.51000,61800
2021-04-29,22.69000,22.83000,22.15000,22.40000,19200
2021-04-30,22.24000,22.24000,21.60000,21.85000,32300
2021-05-03,21.83000,22.88000,21.83000,22.72000,44800
2021-05-04,22.50000,22.59000,21.89000,22.21000,30400
2021-05-05,22.34000,22.66000,22.06000,22.35000,22800
2021-05-06,22.42000,22.95000,22.42000,22.89000,46500
2021-05-07,23.00000,23.58000,23.00000,23.44000,38300
2021-05-10,23.56000,23.56000,22.90000,23.08000,38700
2021-05-11,22.66000,23.07000,22.46000,22.99000,53300
2021-05-12,22.74000,22.99000,22.10000,22.35000,33100
2021-05-13,22.49000,22.76000,22.39000,22.64000,27700
2021-05-14,22.64000,22.85000,22.44000,22.69000,23200
2021-05-17,22.69000,22.82000,22.30000,22.61000,27800
2021-05-18,22.65000,23.22000,22.16000,23.06000,25000
2021-05-19,22.33000,23.10000,22.31000,22.84000,38200
2021-05-20,23.01000,23.38000,22.74000,23.29000,30100
2021-05-21,23.36000,23.50000,23.19000,23.31000,19600
2021-05-24,23.40000,23.44000,22.93000,23.18000,27100
2021-05-25,23.38000,24.80000,23.34000,24.75000,83500
2021-05-26,24.80000,25.00000,23.59000,23.87000,54400
2021-05-27,23.97000,24.26000,23.58000,24.13000,138600
2021-05-28,24.42000,24.68000,23.82000,24.21000,23100
2021-06-01,24.44000,24.44000,23.74000,24.19000,32500
2021-06-02,24.02000,24.26000,23.69000,24.20000,20000
2021-06-03,24.11000,24.36000,23.65000,24.27000,19300
2021-06-04,24.47000,24.79000,23.95000,24.67000,16800
2021-06-07,24.81000,24.97000,24.58000,24.81000,11900
2021-06-08,24.77000,25.28000,24.65000,24.97000,24100
2021-06-09,24.51000,24.89000,24.50000,24.78000,13000
2021-06-10,24.73000,24.82000,24.10000,24.23000,29200
2021-06-11,24.29000,24.79000,24.07000,24.78000,38900
2021-06-14,24.90000,26.66000,24.90000,26.40000,122300
2021-06-15,25.53000,27.09000,25.53000,26.29000,107100
2021-06-16,27.10000,28.65000,27.00000,28.46000,191700
2021-06-17,28.28000,28.52000,27.03000,27.50000,164900
2021-06-18,27.42000,28.13000,26.62000,26.67000,382300
2021-06-21,26.67000,28.09000,26.67000,27.03000,92500
2021-06-22,27.07000,27.25000,26.62000,27.01000,75900
2021-06-23,27.06000,27.50000,27.01000,27.13000,50500
2021-06-24,27.16000,27.43000,27.14000,27.26000,23800
2021-06-25,27.34000,27.50000,27.00000,27.15000,101300
2021-06-28,27.02000,27.71000,27.02000,27.41000,87400
2021-06-29,27.34000,27.52000,27.16000,27.29000,29100
2021-06-30,27.12000,27.40000,26.97000,27.24000,34500
2021-07-01,27.22000,27.51000,26.95000,27.06000,39200
2021-07-02,27.08000,27.23000,26.73000,26.90000,72100
2021-07-06,27.00000,27.32000,26.91000,27.05000,90200
2021-07-07,27.05000,27.44000,26.36000,26.67000,48000
2021-07-08,26.27000,26.39000,25.47000,25.81000,53500
2021-07-09,25.98000,26.58000,25.71000,26.58000,115500
2021-07-12,26.42000,27.28000,26.42000,26.55000,52000
2021-07-13,26.44000,26.70000,25.96000,26.00000,41800
2021-07-14,26.11000,26.41000,25.35000,25.50000,61300
2021-07-15,25.46000,25.95000,24.39000,24.48000,161800
2021-07-16,24.65000,25.25000,24.36000,24.69000,82900
2021-07-19,24.41000,24.65000,23.84000,24.37000,61400
2021-07-20,24.38000,25.17000,24.38000,24.87000,35600
2021-07-21,24.88000,25.34000,24.77000,24.87000,22300
2021-07-22,24.91000,24.91000,24.14000,24.16000,27700
2021-07-23,24.52000,24.94000,24.19000,24.36000,23400
2021-07-26,24.28000,24.83000,24.28000,24.39000,19000
2021-07-27,24.08000,24.40000,23.60000,23.96000,19200
2021-07-28,24.11000,24.76000,24.11000,24.53000,17300
2021-07-29,24.67000,25.09000,24.61000,24.87000,22500
2021-07-30,25.00000,25.80000,25.00000,25.39000,18900
2021-08-02,25.17000,25.58000,24.91000,24.91000,23000
2021-08-03,24.78000,25.44000,24.31000,24.77000,16700
2021-08-04,24.62000,24.99000,23.83000,24.53000,28200
2021-08-05,24.61000,26.43000,24.60000,25.75000,39500
2021-08-06,25.80000,26.08000,25.05000,25.22000,12800
2021-08-09,25.04000,25.70000,24.44000,24.77000,14500
2021-08-10,24.73000,24.99000,24.46000,24.75000,19800
2021-08-11,24.62000,25.03000,24.55000,24.89000,14100
2021-08-12,25.00000,25.01000,24.43000,24.85000,13700
2021-08-13,24.22000,24.87000,24.22000,24.62000,6600
2021-08-16,24.51000,24.83000,23.53000,24.48000,25000
2021-08-17,24.02000,24.34000,23.90000,24.34000,9000
2021-08-18,24.21000,25.19000,24.21000,24.68000,24100
2021-08-19,24.50000,24.98000,24.50000,24.97000,20500
2021-08-20,24.90000,25.38000,24.63000,25.09000,37100
2021-08-23,25.50000,26.89000,25.50000,25.72000,46800
2021-08-24,26.19000,26.19000,25.32000,25.83000,14400
2021-08-25,25.69000,26.22000,25.66000,26.11000,22600
2021-08-26,26.00000,26.70000,25.83000,26.40000,16900
2021-08-27,26.00000,27.24000,26.00000,26.96000,40500
2021-08-30,27.00000,27.03000,25.91000,26.03000,24300
2021-08-31,25.96000,26.48000,25.59000,26.09000,42800
2021-09-01,26.07000,26.97000,25.93000,26.75000,19100
2021-09-02,26.60000,26.95000,26.29000,26.45000,23400
2021-09-03,26.49000,26.99000,26.27000,26.53000,30800
2021-09-07,26.40000,26.52000,26.14000,26.17000,19600
2021-09-08,26.16000,27.00000,26.16000,26.56000,25300
2021-09-09,26.56000,27.28000,26.56000,26.95000,20100
2021-09-10,27.20000,27.20000,26.45000,26.54000,13300
2021-09-13,26.65000,26.76000,26.29000,26.29000,21700
2021-09-14,26.12000,26.29000,25.67000,25.85000,11400
2021-09-15,25.79000,26.97000,25.68000,26.11000,9400
2021-09-16,26.78000,26.78000,26.07000,26.40000,18800
2021-09-17,26.25000,26.65000,25.55000,25.88000,17600
2021-09-20,25.73000,25.85000,25.02000,25.29000,21700
2021-09-21,25.27000,25.82000,24.90000,25.05000,21600
2021-09-22,25.23000,25.99000,25.20000,25.20000,14600
2021-09-23,25.55000,25.83000,25.28000,25.47000,12400
2021-09-24,25.68000,26.25000,25.61000,26.12000,16600
2021-09-27,26.21000,26.62000,25.75000,25.86000,19200
2021-09-28,25.57000,26.13000,25.57000,25.71000,12600
2021-09-29,25.76000,25.92000,25.36000,25.60000,13100
2021-09-30,26.40000,26.40000,25.15000,25.39000,18200
2021-10-01,25.32000,26.07000,25.08000,25.76000,14500
2021-10-04,25.75000,25.88000,25.18000,25.40000,19400
2021-10-05,25.40000,25.92000,25.16000,25.68000,13700
2021-10-06,25.28000,25.31000,24.75000,24.85000,115700
2021-10-07,24.96000,25.36000,24.76000,24.85000,228000
2021-10-08,25.09000,27.74000,24.85000,27.48000,896500
2021-10-11,27.48000,28.98000,27.48000,28.12000,66800
2021-10-12,27.86000,27.86000,27.08000,27.09000,23500
2021-10-13,27.35000,27.83000,26.84000,27.53000,18300
2021-10-14,27.56000,28.02000,27.26000,27.35000,20000
2021-10-15,27.60000,27.63000,26.63000,26.78000,9700
2021-10-18,26.68000,27.69000,26.68000,26.79000,16300
2021-10-19,27.00000,27.00000,26.51000,26.51000,17000
2021-10-20,26.38000,26.93000,26.23000,26.50000,14100
2021-10-21,26.27000,26.49000,25.60000,25.93000,31100
2021-10-22,25.78000,25.92000,25.47000,25.78000,23000
2021-10-25,25.92000,26.49000,25.92000,26.41000,15800
2021-10-26,26.34000,26.75000,25.76000,26.01000,21500
2021-10-27,25.65000,26.05000,25.60000,25.60000,17300
2021-10-28,25.85000,26.11000,25.60000,25.96000,13500
2021-10-29,25.89000,26.30000,25.72000,26.01000,14200
2021-11-01,26.20000,26.59000,25.66000,26.12000,47100
2021-11-02,25.98000,26.54000,25.98000,26.34000,13200
2021-11-03,26.35000,26.95000,26.35000,26.68000,12500
2021-11-04,26.82000,26.91000,25.85000,26.66000,46600
2021-11-05,26.64000,27.25000,26.42000,26.70000,32900
2021-11-08,26.70000,27.15000,26.12000,26.24000,30100
2021-11-09,26.30000,26.81000,25.94000,26.14000,48800
2021-11-10,26.14000,26.42000,25.80000,26.09000,56200
2021-11-11,26.23000,27.46000,25.88000,26.97000,50500
2021-11-12,27.15000,27.55000,26.92000,27.55000,23100
2021-11-15,27.50000,27.90000,27.27000,27.65000,40500
2021-11-16,27.91000,29.85000,27.91000,29.56000,68300
2021-11-17,29.56000,29.56000,27.59000,27.75000,40300
2021-11-18,27.92000,27.93000,27.00000,27.29000,31600
2021-11-19,27.05000,27.15000,26.40000,26.60000,32100
2021-11-22,25.91000,27.07000,25.91000,26.08000,33300
2021-11-23,26.30000,26.53000,26.03000,26.48000,23200
2021-11-24,26.27000,27.10000,26.15000,26.22000,18200
2021-11-26,25.91000,26.51000,25.68000,25.82000,14800
2021-11-29,26.02000,26.21000,25.70000,25.73000,30400
2021-11-30,25.61000,26.45000,25.20000,26.33000,92000
2021-12-01,26.09000,26.44000,25.20000,25.40000,42700
2021-12-02,25.78000,26.09000,25.24000,25.96000,22300
2021-12-03,26.02000,26.02000,25.00000,25.31000,18700
2021-12-06,25.41000,25.88000,25.10000,25.30000,27300
2021-12-07,25.60000,26.54000,25.58000,26.25000,20300
2021-12-08,26.25000,26.97000,25.69000,26.55000,17500
2021-12-09,26.32000,26.73000,25.26000,25.26000,30800
2021-12-10,25.56000,26.52000,25.30000,26.30000,27000
2021-12-13,25.70000,25.80000,23.92000,24.62000,131700
2021-12-14,24.64000,24.99000,24.26000,24.54000,60500
2021-12-15,24.42000,25.20000,24.42000,25.01000,43300
2021-12-16,25.01000,25.45000,24.61000,24.74000,99800
2021-12-17,24.75000,25.81000,24.21000,25.81000,246800
2021-12-20,25.34000,25.61000,25.14000,25.50000,41600
2021-12-21,25.62000,26.62000,25.34000,26.01000,24800
2021-12-22,25.86000,26.13000,25.52000,26.05000,83200
2021-12-23,26.05000,26.44000,25.63000,26.00000,39800
2021-12-27,25.74000,26.36000,25.74000,26.36000,90100
2021-12-28,26.36000,26.36000,25.51000,26.10000,18800
2021-12-29,26.04000,26.66000,25.87000,26.25000,88900
2021-12-30,26.31000,26.58000,26.18000,26.37000,15600
2021-12-31,26.21000,26.89000,26.09000,26.67000,26100
2022-01-03,26.76000,26.92000,26.04000,26.28000,45200
2022-01-04,26.33000,26.90000,26.01000,26.67000,55300
2022-01-05,26.47000,26.65000,26.12000,26.50000,46800
2022-01-06,26.50000,26.63000,26.20000,26.33000,16700
2022-01-07,26.14000,26.51000,25.71000,25.96000,24100
2022-01-10,25.64000,26.05000,24.61000,25.16000,67100
2022-01-11,24.28000,25.58000,24.28000,25.50000,35900
2022-01-12,25.46000,25.64000,24.95000,25.57000,177100
2022-01-13,25.60000,25.85000,25.36000,25.65000,50400
2022-01-14,25.50000,26.76000,25.50000,26.52000,38500
2022-01-18,26.43000,26.87000,26.16000,26.42000,67200
2022-01-19,26.68000,26.68000,25.56000,25.56000,40300
2022-01-20,25.80000,25.87000,24.64000,24.77000,26900
2022-01-21,24.49000,24.95000,23.73000,24.21000,52500
2022-01-24,23.97000,24.26000,23.04000,24.02000,42100
2022-01-25,23.97000,24.17000,23.23000,23.92000,20000
2022-01-26,24.34000,24.76000,22.80000,23.17000,57500
2022-01-27,23.77000,23.89000,22.71000,23.00000,47200
2022-01-28,23.04000,23.31000,22.52000,23.29000,23600
2022-01-31,23.19000,24.27000,23.03000,24.06000,29000
2022-02-01,23.89000,24.41000,23.09000,24.28000,14700
2022-02-02,23.52000,24.49000,23.52000,24.03000,21000
2022-02-03,23.67000,23.98000,22.90000,23.50000,19200
2022-02-04,23.51000,23.93000,23.01000,23.69000,23600
2022-02-07,23.66000,24.02000,23.05000,23.81000,27500
2022-02-08,23.90000,24.25000,23.50000,24.04000,8900
2022-02-09,24.06000,24.06000,23.59000,23.61000,12300
2022-02-10,23.39000,23.61000,22.62000,23.06000,30100
2022-02-11,23.10000,23.40000,22.23000,23.00000,47500
2022-02-14,23.40000,23.40000,22.23000,22.50000,17700
2022-02-15,22.87000,23.13000,22.66000,22.80000,11100
2022-02-16,22.79000,22.96000,22.22000,22.61000,16000
2022-02-17,22.35000,22.72000,22.11000,22.41000,16400
2022-02-18,22.50000,22.73000,21.74000,22.19000,25700
2022-02-22,22.12000,22.32000,21.60000,21.76000,19100
2022-02-23,21.76000,22.20000,20.82000,20.82000,45900
2022-02-24,20.30000,21.04000,19.73000,20.84000,45900
2022-02-25,21.03000,21.39000,20.55000,21.28000,33000
2022-02-28,21.04000,21.48000,20.50000,20.57000,127000
2022-03-01,20.87000,21.71000,20.87000,21.46000,41400
2022-03-02,21.50000,22.08000,21.50000,21.71000,15600
2022-03-03,21.65000,21.95000,21.31000,21.31000,14600
2022-03-04,21.23000,21.44000,20.82000,20.99000,28000
2022-03-07,21.54000,22.59000,21.31000,22.06000,42200
2022-03-08,21.63000,21.63000,20.88000,20.88000,49900
2022-03-09,21.15000,21.70000,21.15000,21.63000,46100
2022-03-10,21.37000,22.13000,21.26000,21.98000,31300
2022-03-11,21.97000,22.05000,21.13000,21.45000,24100
2022-03-14,21.63000,22.08000,21.54000,22.03000,39700
2022-03-15,22.10000,22.60000,22.00000,22.58000,49400
2022-03-16,22.58000,23.24000,22.50000,23.10000,40800
2022-03-17,23.03000,23.49000,22.53000,22.53000,27500
2022-03-18,22.57000,23.08000,21.98000,23.02000,63800
2022-03-21,22.84000,22.88000,22.33000,22.47000,14900
2022-03-22,22.53000,22.59000,22.02000,22.56000,16700
2022-03-23,22.72000,22.92000,22.52000,22.85000,26300
2022-03-24,22.74000,23.03000,22.60000,22.60000,9200
2022-03-25,22.61000,22.71000,22.05000,22.38000,17200
2022-03-28,22.15000,22.49000,22.04000,22.30000,9900
2022-03-29,22.44000,22.88000,22.27000,22.50000,36100
2022-03-30,22.66000,23.03000,22.45000,22.91000,22000
2022-03-31,22.91000,23.58000,22.45000,23.02000,43800
2022-04-01,23.26000,23.75000,23.13000,23.72000,39300
2022-04-04,23.82000,24.77000,23.60000,24.18000,49500
2022-04-05,24.04000,24.30000,23.66000,23.92000,43900
2022-04-06,23.98000,24.15000,23.56000,24.11000,25400
2022-04-07,23.95000,24.14000,23.85000,24.00000,25200
2022-04-08,23.88000,24.06000,23.42000,23.43000,21200
2022-04-11,23.43000,23.52000,22.15000,22.15000,77700
2022-04-12,22.22000,22.79000,22.00000,22.11000,26800
2022-04-13,22.15000,22.96000,22.07000,22.79000,29400
2022-04-14,22.70000,22.94000,22.34000,22.60000,40700
2022-04-18,22.65000,23.40000,22.65000,23.33000,21300
2022-04-19,23.30000,23.90000,23.25000,23.52000,22000
2022-04-20,23.57000,23.57000,23.11000,23.12000,29400
2022-04-21,23.29000,23.29000,22.98000,23.08000,19300
2022-04-22,23.03000,23.20000,22.50000,22.64000,26400
2022-04-25,22.56000,23.26000,22.34000,23.03000,27800
2022-04-26,23.08000,23.11000,22.60000,23.01000,18200
2022-04-27,22.82000,23.08000,22.66000,22.66000,14200
2022-04-28,22.75000,23.17000,22.65000,23.03000,8900
2022-04-29,22.79000,23.11000,22.44000,22.44000,13500
2022-05-02,22.61000,23.28000,22.50000,23.02000,15300
2022-05-03,23.17000,23.54000,22.88000,23.32000,17500
2022-05-04,23.43000,23.74000,23.00000,23.32000,14400
2022-05-05,23.29000,23.31000,22.59000,22.74000,12600
2022-05-06,22.63000,22.92000,22.25000,22.65000,12800
2022-05-09,22.60000,22.69000,22.35000,22.52000,15000
2022-05-10,22.74000,23.08000,22.23000,22.36000,17000
2022-05-11,22.18000,22.68000,22.05000,22.05000,16800
2022-05-12,22.26000,22.29000,21.32000,21.89000,19500
2022-05-13,22.03000,22.47000,21.93000,22.10000,17200
2022-05-16,22.05000,23.15000,21.81000,23.13000,42000
2022-05-17,23.14000,23.70000,22.97000,23.33000,10300
2022-05-18,23.29000,23.36000,22.75000,23.32000,13900
2022-05-19,23.04000,23.26000,22.66000,23.00000,9600
2022-05-20,22.95000,23.08000,22.47000,22.78000,19100
2022-05-23,22.93000,23.56000,22.65000,23.47000,26900
2022-05-24,23.38000,23.94000,23.18000,23.59000,33300
2022-05-25,23.48000,24.18000,23.48000,24.06000,40300
2022-05-26,24.06000,24.43000,23.80000,24.08000,59300
2022-05-27,24.20000,24.44000,24.08000,24.32000,15900
2022-05-31,24.32000,25.09000,23.50000,25.06000,222700
2022-06-01,24.92000,25.43000,24.35000,25.18000,29500
2022-06-02,24.99000,25.26000,24.06000,25.25000,45500
2022-06-03,25.04000,25.08000,24.55000,24.67000,14200
2022-06-06,24.67000,24.92000,24.42000,24.55000,22000
2022-06-07,24.64000,25.17000,24.55000,24.83000,19700
2022-06-08,24.67000,25.04000,24.33000,24.46000,177900
2022-06-09,24.60000,24.60000,23.36000,23.51000,36800
2022-06-10,23.43000,23.44000,23.07000,23.25000,16600
2022-06-13,22.91000,23.20000,22.26000,22.80000,89100
2022-06-14,22.71000,22.90000,22.56000,22.81000,51400
2022-06-15,23.21000,23.41000,22.63000,23.03000,45800
2022-06-16,22.63000,22.86000,22.27000,22.78000,76700
2022-06-17,22.62000,23.50000,22.51000,23.50000,256400
2022-06-21,23.49000,24.23000,23.37000,24.13000,147900
2022-06-22,23.97000,24.28000,23.89000,24.04000,35100
2022-06-23,24.00000,24.29000,23.76000,24.17000,27600
2022-06-24,24.31000,24.86000,24.23000,24.81000,17900
2022-06-27,24.73000,25.04000,24.00000,24.18000,31000
2022-06-28,23.75000,24.71000,23.75000,24.55000,38000
2022-06-29,24.29000,24.48000,24.22000,24.48000,29700
2022-06-30,24.34000,24.56000,23.37000,24.49000,113400
2022-07-01,24.35000,24.49000,24.24000,24.33000,85000
2022-07-05,24.44000,24.44000,23.40000,24.07000,31900
2022-07-06,24.06000,24.26000,24.01000,24.21000,33500
2022-07-07,24.29000,24.60000,24.00000,24.60000,43800
2022-07-08,24.45000,24.84000,24.08000,24.23000,19300
2022-07-11,24.17000,24.35000,23.71000,24.29000,16200
2022-07-12,24.23000,24.34000,24.09000,24.28000,24200
2022-07-13,24.15000,24.31000,23.82000,23.97000,12100
2022-07-14,23.67000,23.67000,23.27000,23.62000,18400
2022-07-15,23.72000,24.06000,23.35000,24.04000,11800
2022-07-18,24.24000,24.27000,23.98000,24.11000,18900
2022-07-19,24.35000,24.42000,23.96000,24.34000,10600
2022-07-20,24.45000,24.60000,24.17000,24.60000,15400
2022-07-21,24.35000,24.85000,24.30000,24.85000,26900
2022-07-22,24.77000,24.96000,24.06000,24.25000,11600
2022-07-25,24.29000,24.82000,24.29000,24.65000,22800
2022-07-26,24.58000,24.68000,24.21000,24.35000,26900
2022-07-27,24.46000,24.79000,24.46000,24.58000,17000
2022-07-28,24.83000,25.18000,24.75000,25.01000,23000
2022-07-29,25.11000,25.50000,25.02000,25.40000,35200
2022-08-01,25.22000,25.89000,25.05000,25.63000,18700
2022-08-02,25.64000,25.90000,25.44000,25.86000,26300
2022-08-03,25.86000,26.65000,25.73000,26.45000,26700
2022-08-04,26.46000,26.46000,25.33000,25.75000,37800
2022-08-05,25.65000,26.31000,25.47000,26.01000,21100
2022-08-08,26.07000,26.39000,25.78000,25.83000,15900
2022-08-09,25.78000,26.27000,25.78000,25.95000,12200
2022-08-10,26.28000,26.39000,25.95000,26.06000,14900
2022-08-11,26.14000,26.28000,26.06000,26.08000,11300
2022-08-12,26.13000,26.80000,25.97000,26.61000,14500
2022-08-15,26.45000,26.88000,25.84000,26.74000,19500
2022-08-16,26.83000,27.06000,26.53000,26.95000,27900
2022-08-17,26.76000,26.84000,26.17000,26.71000,18400
2022-08-18,26.90000,27.50000,26.90000,27.25000,22300
2022-08-19,26.80000,27.42000,26.72000,26.88000,11500
2022-08-22,26.77000,27.09000,26.53000,26.79000,18700
2022-08-23,26.91000,27.03000,26.49000,26.81000,12400
2022-08-24,26.81000,27.31000,26.73000,27.07000,19000
2022-08-25,27.25000,27.52000,27.08000,27.26000,8500
2022-08-26,27.10000,27.10000,26.25000,26.61000,18200
2022-08-29,26.60000,27.00000,24.27000,26.80000,40600
2022-08-30,26.73000,26.75000,25.78000,25.92000,30300
2022-08-31,26.03000,26.90000,24.85000,24.86000,142200
2022-09-01,24.88000,24.88000,24.23000,24.63000,16700
2022-09-02,24.65000,24.71000,24.03000,24.17000,7900
2022-09-06,24.20000,24.41000,23.40000,23.96000,23800
2022-09-07,24.14000,24.22000,23.88000,24.18000,8900
2022-09-08,23.97000,24.46000,23.91000,24.24000,9700
2022-09-09,24.42000,24.85000,24.27000,24.59000,11200
2022-09-12,24.54000,24.83000,24.11000,24.50000,16300
2022-09-13,24.00000,24.18000,23.76000,23.93000,13600
2022-09-14,24.00000,24.01000,23.75000,23.75000,10900
2022-09-15,24.04000,24.05000,23.65000,24.00000,17000
2022-09-16,23.70000,23.93000,23.14000,23.15000,19900
2022-09-19,23.08000,23.83000,23.08000,23.72000,7200
2022-09-20,23.51000,24.17000,23.51000,24.09000,14400
2022-09-21,23.95000,24.18000,23.04000,23.47000,16400
2022-09-22,23.50000,23.85000,23.15000,23.64000,9100
2022-09-23,23.30000,23.41000,22.86000,22.96000,17500
2022-09-26,23.07000,23.44000,22.77000,23.05000,13800
2022-09-27,22.95000,23.45000,22.55000,22.78000,13600
2022-09-28,22.70000,23.79000,22.57000,23.79000,25900
2022-09-29,23.39000,23.59000,22.56000,23.30000,27900
2022-09-30,23.10000,23.69000,23.10000,23.34000,23900
2022-10-03,23.06000,23.40000,22.74000,22.89000,37800
2022-10-04,23.19000,23.52000,22.85000,22.86000,29700
2022-10-05,22.85000,23.31000,22.54000,22.93000,34400
2022-10-06,22.71000,23.10000,22.56000,22.88000,13000
2022-10-07,22.45000,22.98000,22.44000,22.82000,14200
2022-10-10,22.62000,22.97000,22.57000,22.69000,9400
2022-10-11,22.53000,22.98000,22.38000,22.52000,7500
2022-10-12,22.37000,22.74000,22.16000,22.49000,18100
2022-10-13,22.23000,22.76000,22.15000,22.45000,37100
2022-10-14,22.57000,22.65000,22.09000,22.30000,11000
2022-10-17,22.49000,22.51000,22.04000,22.24000,32500
2022-10-18,22.51000,22.62000,22.18000,22.50000,13900
2022-10-19,22.20000,22.78000,22.20000,22.67000,10900
2022-10-20,22.70000,22.77000,22.22000,22.30000,14300
2022-10-21,22.36000,23.08000,22.36000,23.03000,11300
2022-10-24,22.83000,23.51000,22.83000,23.43000,13600
2022-10-25,23.50000,23.83000,23.03000,23.72000,10700
2022-10-26,23.57000,23.68000,23.44000,23.56000,23200
2022-10-27,23.62000,24.42000,23.59000,23.94000,12700
2022-10-28,24.06000,24.20000,23.89000,24.05000,8300
2022-10-31,24.11000,24.23000,23.76000,23.98000,23900
2022-11-01,24.00000,24.34000,23.88000,24.03000,67300
2022-11-02,24.01000,24.11000,23.52000,23.78000,9500
2022-11-03,23.32000,23.69000,23.22000,23.48000,21200
2022-11-04,23.61000,23.65000,22.18000,23.15000,25600
2022-11-07,22.96000,23.09000,22.80000,23.03000,21400
2022-11-08,23.17000,23.54000,23.08000,23.20000,8600
2022-11-09,23.22000,23.35000,22.96000,22.97000,21000
2022-11-10,23.42000,23.76000,23.11000,23.25000,12100
2022-11-11,23.39000,23.42000,23.06000,23.42000,10400
2022-11-14,23.18000,23.60000,22.88000,23.00000,20600
2022-11-15,23.20000,23.35000,22.90000,23.00000,20900
2022-11-16,23.05000,23.33000,22.57000,23.00000,19200
2022-11-17,22.81000,22.93000,22.56000,22.75000,14500
2022-11-18,22.75000,22.99000,22.36000,22.50000,33600
2022-11-21,22.61000,23.14000,22.51000,22.80000,73300
2022-11-22,22.99000,23.44000,22.98000,23.10000,72400
2022-11-23,23.26000,23.26000,22.99000,23.10000,52700
2022-11-25,22.85000,23.30000,22.83000,23.17000,18600
2022-11-28,23.18000,23.39000,23.01000,23.25000,230200
2022-11-29,23.25000,23.89000,23.11000,23.40000,48200
2022-11-30,23.52000,23.99000,23.10000,23.37000,71600
2022-12-01,23.56000,23.59000,23.14000,23.45000,72600
2022-12-02,23.48000,23.64000,23.25000,23.51000,44100
2022-12-05,23.46000,23.56000,23.05000,23.23000,52000
2022-12-06,23.13000,23.38000,22.87000,22.95000,55500
2022-12-07,23.02000,23.20000,22.63000,22.78000,38400
2022-12-08,22.78000,22.85000,22.52000,22.82000,44400
2022-12-09,22.80000,23.32000,22.57000,23.00000,25800
2022-12-12,23.09000,23.09000,22.39000,22.95000,58700
2022-12-13,23.24000,23.24000,22.82000,22.97000,58700
2022-12-14,22.89000,23.15000,22.76000,23.00000,63100
2022-12-15,22.83000,22.86000,21.97000,22.17000,99800
2022-12-16,22.06000,22.13000,21.82000,21.91000,67800
2022-12-19,21.94000,22.12000,21.40000,21.67000,46100
2022-12-20,21.48000,21.78000,21.40000,21.64000,29400
2022-12-21,21.53000,22.08000,21.53000,22.07000,28700
2022-12-22,21.68000,21.77000,21.31000,21.38000,16000
2022-12-23,21.37000,21.48000,21.24000,21.46000,7100
2022-12-27,21.35000,21.59000,21.13000,21.26000,16700
2022-12-28,21.30000,21.43000,20.83000,21.04000,30300
2022-12-29,21.04000,21.30000,20.94000,21.21000,46900
2022-12-30,21.24000,21.32000,21.03000,21.13000,20600
2023-01-03,21.28000,21.31000,21.06000,21.20000,22300
2023-01-04,21.17000,21.25000,20.98000,21.00000,14100
2023-01-05,20.86000,21.08000,20.86000,21.01000,46000
2023-01-06,21.08000,21.47000,21.01000,21.41000,31800
2023-01-09,21.48000,21.60000,21.02000,21.13000,58500
2023-01-10,21.19000,21.81000,21.19000,21.79000,58400
2023-01-11,21.79000,22.25000,21.79000,21.85000,35200
2023-01-12,21.95000,22.18000,21.73000,21.97000,24200
2023-01-13,21.94000,22.52000,21.66000,22.33000,21900
2023-01-17,22.39000,22.85000,22.33000,22.85000,40300
2023-01-18,22.90000,23.00000,22.24000,22.30000,17400
2023-01-19,22.29000,22.51000,22.20000,22.33000,26500
2023-01-20,22.44000,22.59000,22.19000,22.21000,12600
2023-01-23,22.34000,22.73000,22.30000,22.41000,15000
2023-01-24,22.40000,22.59000,22.22000,22.27000,17300
2023-01-25,22.21000,22.45000,22.21000,22.39000,5700
2023-01-26,22.46000,22.46000,21.92000,22.00000,17000
2023-01-27,22.03000,22.03000,21.51000,21.70000,15800
2023-01-30,21.63000,21.95000,21.60000,21.86000,9000
2023-01-31,21.78000,21.97000,21.57000,21.95000,19900
2023-02-01,21.96000,22.47000,21.86000,22.40000,28700
2023-02-02,22.53000,22.56000,22.18000,22.56000,22100
2023-02-03,22.40000,22.67000,22.36000,22.58000,12200
2023-02-06,22.77000,22.77000,22.28000,22.45000,25500
2023-02-07,22.48000,22.48000,22.04000,22.09000,12000
2023-02-08,22.16000,22.26000,21.80000,22.16000,20700
2023-02-09,22.29000,22.30000,22.00000,22.13000,22600
2023-02-10,21.99000,21.99000,21.70000,21.80000,24800
2023-02-13,21.88000,22.27000,21.80000,22.01000,14800
2023-02-14,21.83000,22.21000,21.80000,21.91000,27900
2023-02-15,22.04000,22.53000,21.92000,22.12000,17100
2023-02-16,22.03000,22.55000,22.03000,22.55000,19400
2023-02-17,22.58000,22.79000,22.34000,22.59000,70500
2023-02-21,22.43000,22.99000,22.25000,22.93000,23800
2023-02-22,22.82000,22.92000,22.29000,22.40000,30700
2023-02-23,22.42000,22.42000,21.61000,21.80000,19500
2023-02-24,21.60000,21.78000,21.34000,21.78000,26300
2023-02-27,22.52000,22.52000,21.85000,21.99000,48400
2023-02-28,21.99000,22.40000,21.98000,22.34000,50800
2023-03-01,22.46000,23.06000,22.31000,22.76000,29300
2023-03-02,22.77000,22.79000,22.53000,22.53000,20300
2023-03-03,22.59000,22.90000,22.32000,22.69000,13300
2023-03-06,22.80000,22.87000,22.43000,22.73000,29300
2023-03-07,22.64000,22.74000,22.46000,22.46000,13500
2023-03-08,22.65000,22.79000,22.55000,22.71000,15400
2023-03-09,22.62000,22.99000,22.62000,22.80000,20600
2023-03-10,22.81000,22.90000,22.60000,22.75000,21500
2023-03-13,22.67000,22.82000,22.40000,22.63000,30400
2023-03-14,22.71000,22.91000,22.52000,22.80000,21100
2023-03-15,22.58000,22.75000,22.45000,22.62000,17800
2023-03-16,22.49000,22.58000,21.95000,22.11000,36700
2023-03-17,22.32000,22.44000,21.52000,21.84000,58900
2023-03-20,21.83000,21.83000,21.38000,21.38000,18400
2023-03-21,22.11000,22.66000,21.44000,21.95000,19400
2023-03-22,21.83000,22.13000,21.68000,21.68000,15800
2023-03-23,21.86000,22.11000,21.52000,21.85000,13900
2023-03-24,21.15000,22.14000,21.15000,21.93000,14100
2023-03-27,22.13000,22.13000,21.66000,21.94000,29900
2023-03-28,21.81000,21.83000,21.34000,21.43000,7900
2023-03-29,21.50000,21.65000,21.30000,21.35000,8000
2023-03-30,21.42000,21.70000,20.88000,21.01000,11100
2023-03-31,21.02000,21.86000,20.99000,21.78000,25400
2023-04-03,21.92000,22.25000,21.65000,22.02000,44400
2023-04-04,21.92000,21.92000,21.55000,21.67000,23700
2023-04-05,21.55000,21.89000,21.55000,21.83000,11700
2023-04-06,21.94000,21.95000,21.82000,21.82000,6700
2023-04-10,21.85000,22.01000,21.67000,21.75000,16200
2023-04-11,21.64000,21.87000,21.52000,21.61000,16400
2023-04-12,21.98000,22.10000,21.57000,22.00000,20100
2023-04-13,22.00000,22.00000,21.33000,21.33000,27400
2023-04-14,21.45000,21.88000,21.37000,21.79000,12700
2023-04-17,21.63000,21.74000,21.31000,21.50000,21500
2023-04-18,21.58000,21.58000,21.28000,21.28000,15600
2023-04-19,21.35000,21.60000,21.28000,21.37000,34200
2023-04-20,21.30000,21.61000,21.21000,21.50000,14400
2023-04-21,21.50000,22.08000,21.50000,21.87000,15600
2023-04-24,21.93000,22.10000,21.51000,21.68000,17100
2023-04-25,21.26000,21.56000,21.25000,21.39000,8900
2023-04-26,21.31000,21.31000,20.83000,20.91000,15100
2023-04-27,21.10000,21.31000,20.90000,20.90000,15700
2023-04-28,21.01000,21.15000,20.74000,20.80000,19900
2023-05-01,20.92000,21.79000,20.51000,20.64000,29200
2023-05-02,20.80000,20.98000,20.36000,20.41000,16800
2023-05-03,20.70000,20.96000,20.35000,20.75000,9100
2023-05-04,20.70000,20.86000,20.55000,20.86000,8500
2023-05-05,21.27000,21.39000,20.90000,20.92000,12100
2023-05-08,20.90000,21.22000,20.90000,21.07000,89300
2023-05-09,21.09000,21.32000,20.87000,21.25000,98600
2023-05-10,21.30000,21.75000,21.16000,21.68000,51400
2023-05-11,21.45000,21.69000,21.26000,21.30000,15200
2023-05-12,21.46000,21.47000,21.08000,21.21000,10600
2023-05-15,21.13000,21.77000,21.13000,21.70000,12700
2023-05-16,21.38000,21.87000,21.36000,21.73000,19700
2023-05-17,21.74000,22.12000,21.60000,22.00000,69500
2023-05-18,22.00000,22.10000,21.62000,22.00000,15600
2023-05-19,22.14000,22.14000,21.73000,22.09000,40000
2023-05-22,22.02000,22.49000,22.01000,22.36000,82500
2023-05-23,22.35000,22.95000,22.31000,22.80000,16200
2023-05-24,23.00000,23.80000,22.67000,23.75000,16600
2023-05-25,23.82000,24.00000,23.30000,23.32000,19500
2023-05-26,23.43000,23.60000,22.99000,23.43000,16600
2023-05-30,23.42000,23.42000,22.82000,22.93000,12000
2023-05-31,22.93000,23.15000,22.52000,22.84000,84500
2023-06-01,22.73000,22.73000,22.39000,22.59000,22900
2023-06-02,22.55000,23.64000,22.55000,23.40000,14700
2023-06-05,23.63000,24.77000,23.45000,24.47000,37900
2023-06-06,24.35000,24.94000,24.07000,24.57000,17300
2023-06-07,24.95000,24.97000,24.30000,24.30000,42400
2023-06-08,24.33000,24.56000,24.01000,24.51000,16000
2023-06-09,24.69000,24.84000,24.19000,24.28000,11700
2023-06-12,24.33000,24.85000,24.13000,24.75000,37400
2023-06-13,24.75000,25.20000,24.53000,24.99000,29800
2023-06-14,24.90000,25.18000,24.32000,24.59000,27500
2023-06-15,24.45000,24.90000,24.37000,24.48000,13800
2023-06-16,24.75000,25.50000,24.56000,25.41000,41900
2023-06-20,25.14000,25.25000,24.67000,24.88000,22200
2023-06-21,24.88000,25.21000,24.62000,24.62000,20800
2023-06-22,24.67000,24.67000,24.17000,24.23000,15600
2023-06-23,24.23000,24.23000,23.65000,23.99000,10300
2023-06-26,23.85000,24.14000,22.78000,22.91000,60200
2023-06-27,22.50000,23.17000,22.38000,22.88000,34900
2023-06-28,22.80000,23.56000,22.69000,23.48000,17300
2023-06-29,23.33000,23.77000,22.96000,23.43000,7200
2023-06-30,23.17000,23.51000,23.17000,23.34000,5400
2023-07-03,23.51000,23.67000,22.81000,23.53000,14500
2023-07-05,23.52000,23.52000,22.83000,22.87000,34300
2023-07-06,22.87000,23.43000,22.47000,22.84000,35200
2023-07-07,22.98000,23.00000,22.66000,22.66000,29100
2023-07-10,22.36000,23.09000,22.36000,22.80000,50700
2023-07-11,22.80000,23.39000,22.80000,23.31000,94500
2023-07-12,23.64000,23.74000,23.31000,23.50000,53800
2023-07-13,23.42000,23.58000,23.34000,23.34000,28200
2023-07-14,23.30000,23.53000,23.30000,23.50000,32700
2023-07-17,25.26000,26.85000,24.88000,25.38000,373000
2023-07-18,26.35000,27.14000,25.90000,26.70000,198900
2023-07-19,26.84000,28.25000,26.76000,27.56000,158200
2023-07-20,27.42000,27.53000,26.51000,27.12000,80200
2023-07-21,27.24000,28.38000,26.94000,27.76000,56900
2023-07-24,27.92000,28.49000,27.11000,28.14000,68100
2023-07-25,28.20000,28.90000,27.63000,28.03000,62700
2023-07-26,27.97000,28.47000,27.17000,27.18000,43800
2023-07-27,27.32000,28.05000,27.32000,27.75000,34700
2023-07-28,28.26000,28.39000,27.82000,28.03000,30700
2023-07-31,28.07000,28.29000,27.81000,27.81000,66600
2023-08-01,27.91000,28.05000,27.50000,27.81000,52400
2023-08-02,27.78000,28.01000,27.47000,27.47000,30800
2023-08-03,27.40000,27.83000,27.11000,27.73000,35000
2023-08-04,27.85000,28.18000,27.49000,27.86000,19700
2023-08-07,27.99000,27.99000,27.31000,27.68000,49500
2023-08-08,27.45000,28.08000,27.29000,27.82000,34400
2023-08-09,27.82000,27.82000,27.20000,27.48000,39700
2023-08-10,27.48000,28.15000,27.45000,27.77000,25200
2023-08-11,27.94000,28.29000,27.77000,27.94000,25300
2023-08-14,28.00000,28.00000,27.70000,27.93000,33100
2023-08-15,28.98000,30.51000,28.52000,29.30000,202700
2023-08-16,29.83000,30.27000,28.77000,28.91000,79500
2023-08-17,28.91000,29.72000,28.91000,29.40000,92600
2023-08-18,29.20000,29.74000,28.85000,29.27000,96400
2023-08-21,29.35000,29.50000,29.08000,29.29000,75600
2023-08-22,29.25000,30.30000,29.24000,29.40000,97700
2023-08-23,29.54000,29.96000,29.41000,29.96000,98200
2023-08-24,29.98000,30.26000,29.62000,29.71000,52300
2023-08-25,29.71000,30.12000,29.60000,30.06000,57300
2023-08-28,30.17000,30.37000,29.86000,29.90000,39800
2023-08-29,29.83000,30.19000,29.53000,30.01000,56000
2023-08-30,30.10000,30.50000,29.88000,30.17000,89100
2023-08-31,30.29000,31.01000,30.28000,30.28000,159100
2023-09-01,30.41000,30.69000,29.92000,30.00000,34600
2023-09-05,30.10000,30.66000,29.50000,30.21000,47100
2023-09-06,30.12000,30.64000,30.00000,30.12000,59000
2023-09-07,29.93000,30.21000,29.78000,30.13000,37200
2023-09-08,30.19000,30.19000,29.43000,29.46000,28300
2023-09-11,29.39000,29.67000,29.28000,29.40000,71100
2023-09-12,28.88000,29.80000,28.88000,29.38000,61300
2023-09-13,29.24000,29.56000,29.19000,29.44000,50200
2023-09-14,29.48000,29.51000,28.84000,29.45000,49200
2023-09-15,29.55000,29.61000,29.31000,29.50000,59600
2023-09-18,29.45000,29.65000,29.28000,29.36000,61500
2023-09-19,29.29000,29.62000,29.29000,29.45000,61300
2023-09-20,29.72000,29.86000,29.49000,29.58000,77000
2023-09-21,29.67000,29.72000,29.32000,29.66000,81800
2023-09-22,29.85000,29.98000,29.52000,29.54000,42400
2023-09-25,29.52000,29.68000,29.27000,29.62000,34400
2023-09-26,29.40000,29.60000,29.26000,29.30000,62500
2023-09-27,29.35000,29.68000,29.18000,29.61000,40200
2023-09-28,29.55000,29.96000,29.55000,29.85000,72600
2023-09-29,29.89000,30.10000,29.69000,29.90000,59500
2023-10-02,29.77000,30.10000,29.43000,29.99000,176200
2023-10-03,30.01000,30.02000,28.80000,28.96000,48300
2023-10-04,28.96000,29.97000,28.72000,29.55000,59600
2023-10-05,29.60000,29.80000,28.84000,29.34000,29100
2023-10-06,29.16000,29.70000,29.13000,29.26000,24900
2023-10-09,29.09000,29.32000,28.57000,29.18000,70700
2023-10-10,29.20000,29.95000,29.13000,29.70000,90700
2023-10-11,29.85000,30.07000,29.41000,29.50000,40000
2023-10-12,29.57000,29.58000,28.93000,28.93000,37800
2023-10-13,28.88000,29.19000,27.81000,27.91000,67000
2023-10-16,28.22000,28.22000,26.38000,26.69000,94400
2023-10-17,26.44000,27.42000,26.44000,27.23000,56400
2023-10-18,27.12000,27.15000,26.66000,26.86000,35300
2023-10-19,26.85000,27.24000,26.38000,26.62000,71100
2023-10-20,26.62000,26.69000,25.66000,25.74000,141600
2023-10-23,25.75000,26.50000,25.75000,26.11000,99400
2023-10-24,26.11000,26.32000,25.81000,26.11000,72000
2023-10-25,25.92000,26.11000,25.06000,25.30000,56800
2023-10-26,25.31000,25.65000,25.09000,25.14000,92500
2023-10-27,25.17000,25.71000,24.20000,24.24000,64800
2023-10-30,24.24000,24.67000,24.19000,24.42000,94900
2023-10-31,24.44000,24.80000,24.05000,24.73000,83800
2023-11-01,24.73000,25.10000,24.65000,24.89000,56100
2023-11-02,25.17000,25.25000,24.86000,24.99000,60000
2023-11-03,25.06000,25.52000,25.06000,25.33000,75300
2023-11-06,25.33000,25.88000,25.26000,25.81000,35700
2023-11-07,25.67000,25.80000,25.21000,25.36000,44100
2023-11-08,25.36000,25.54000,24.85000,24.91000,23300
2023-11-09,24.89000,24.89000,24.15000,24.26000,30100
2023-11-10,24.25000,24.60000,24.01000,24.54000,40800
2023-11-13,24.22000,24.74000,24.19000,24.47000,37500
2023-11-14,24.69000,25.51000,24.60000,25.49000,58600
2023-11-15,25.85000,26.09000,25.55000,25.94000,41500
2023-11-16,25.75000,25.80000,25.01000,25.20000,30700
2023-11-17,25.24000,25.35000,25.00000,25.24000,38800
2023-11-20,25.24000,25.38000,24.80000,24.90000,51100
2023-11-21,24.89000,24.97000,24.40000,24.54000,42300
2023-11-22,24.71000,24.94000,24.41000,24.58000,34800
2023-11-24,24.57000,24.87000,24.51000,24.87000,27100
2023-11-27,26.10000,28.70000,25.32000,25.43000,307500
2023-11-28,25.57000,26.09000,25.40000,25.65000,187600
2023-11-29,25.88000,26.83000,25.86000,26.28000,122600
2023-11-30,26.10000,27.19000,25.95000,26.84000,201000
2023-12-01,26.84000,27.45000,26.60000,26.88000,89000
2023-12-04,27.15000,27.37000,26.60000,26.96000,75500
2023-12-05,26.71000,27.00000,26.38000,26.70000,35000
2023-12-06,26.79000,26.97000,26.30000,26.40000,43700
2023-12-07,26.37000,26.42000,26.09000,26.27000,56500
2023-12-08,26.75000,26.75000,26.32000,26.51000,41900
2023-12-11,26.53000,26.56000,26.05000,26.15000,54700
2023-12-12,26.00000,26.37000,26.00000,26.15000,60100
2023-12-13,26.28000,26.28000,25.52000,26.06000,65900
2023-12-14,26.30000,26.68000,26.13000,26.47000,73100
2023-12-15,26.49000,26.67000,26.34000,26.44000,104100
2023-12-18,26.64000,26.72000,26.11000,26.48000,70000
2023-12-19,26.48000,26.70000,26.35000,26.53000,37400
2023-12-20,26.52000,26.97000,26.31000,26.62000,96800
2023-12-21,26.98000,27.08000,26.55000,27.00000,103500
2023-12-22,27.12000,27.47000,27.07000,27.14000,29800
2023-12-26,27.27000,27.37000,26.77000,27.27000,47400
2023-12-27,27.25000,27.51000,27.00000,27.45000,53300
2023-12-28,27.44000,27.82000,27.35000,27.68000,36700
2023-12-29,27.72000,27.72000,27.23000,27.24000,25400
2024-01-02,27.24000,27.42000,27.06000,27.11000,65500
2024-01-03,27.00000,27.12000,26.50000,26.66000,37000
2024-01-04,26.79000,26.86000,26.52000,26.67000,42000
2024-01-05,26.57000,26.88000,26.32000,26.42000,33200
2024-01-08,26.53000,27.14000,26.50000,26.83000,39500
2024-01-09,26.68000,26.73000,26.24000,26.24000,21700
2024-01-10,26.43000,26.48000,26.00000,26.34000,35500
2024-01-11,26.19000,26.74000,26.02000,26.27000,39500
2024-01-12,26.44000,26.52000,26.03000,26.05000,32200
2024-01-16,26.03000,26.10000,25.39000,25.52000,43600
2024-01-17,25.44000,25.50000,24.98000,25.16000,58600
2024-01-18,25.29000,25.64000,25.27000,25.60000,64500
2024-01-19,25.53000,25.53000,25.26000,25.27000,28900
2024-01-22,25.27000,25.99000,25.27000,25.91000,61500
2024-01-23,25.91000,26.15000,25.71000,25.79000,23800
2024-01-24,25.94000,26.05000,25.47000,25.65000,67700
2024-01-25,25.61000,25.92000,25.30000,25.50000,42600
2024-01-26,25.50000,26.09000,25.37000,25.56000,25200
2024-01-29,25.43000,25.90000,25.27000,25.29000,35300
2024-01-30,25.34000,25.64000,25.03000,25.28000,32300
2024-01-31,25.19000,25.60000,24.88000,24.88000,50500
2024-02-01,24.87000,25.80000,24.82000,25.78000,56000
2024-02-02,25.67000,25.88000,25.55000,25.70000,48900
2024-02-05,25.62000,25.94000,25.46000,25.90000,49100
2024-02-06,26.04000,26.42000,25.61000,25.61000,33800
2024-02-07,25.62000,25.80000,25.36000,25.53000,44300
2024-02-08,25.64000,25.74000,25.49000,25.59000,57300
2024-02-09,25.61000,25.97000,25.61000,25.84000,51200
2024-02-12,26.14000,26.58000,26.00000,26.42000,56800
2024-02-13,25.96000,26.20000,25.20000,25.30000,41100
2024-02-14,25.74000,26.36000,25.47000,26.34000,30500
2024-02-15,26.43000,26.45000,25.97000,26.23000,28600
2024-02-16,26.00000,26.57000,26.00000,26.35000,40800
2024-02-20,26.09000,26.31000,25.85000,26.07000,29800
2024-02-21,26.00000,26.13000,25.39000,25.78000,35500
2024-02-22,25.78000,26.11000,25.37000,25.51000,46300
2024-02-23,25.50000,25.54000,25.31000,25.44000,29400
2024-02-26,25.41000,25.75000,25.26000,25.43000,57500
2024-02-27,25.50000,25.93000,25.37000,25.40000,42300
2024-02-28,25.20000,26.02000,25.20000,25.88000,63700
2024-02-29,27.00000,27.95000,25.79000,26.12000,332700
2024-03-01,26.43000,26.83000,25.53000,26.32000,85500
2024-03-04,26.33000,26.70000,25.62000,26.39000,96500
2024-03-05,26.14000,26.62000,26.14000,26.48000,63900
2024-03-06,26.62000,27.12000,26.62000,26.84000,28000
2024-03-07,26.84000,27.06000,26.48000,26.62000,27800
2024-03-08,26.63000,26.86000,26.23000,26.35000,29000
2024-03-11,28.43000,28.75000,27.79000,27.98000,175700
2024-03-12,28.30000,28.35000,27.94000,28.22000,112500
2024-03-13,28.30000,28.48000,27.61000,27.81000,47800
2024-03-14,27.96000,28.09000,27.13000,27.18000,71400
2024-03-15,27.16000,27.77000,27.10000,27.47000,146800
2024-03-18,27.72000,28.07000,27.60000,27.73000,92700
2024-03-19,27.30000,28.14000,27.24000,28.09000,70200
2024-03-20,27.79000,28.63000,27.70000,28.55000,60400
2024-03-21,28.59000,28.85000,28.32000,28.64000,43200
2024-03-22,28.61000,28.69000,28.00000,28.26000,39300
2024-03-25,28.14000,28.57000,28.05000,28.56000,29400
2024-03-26,28.70000,28.74000,28.30000,28.53000,54600
2024-03-27,28.63000,28.65000,28.22000,28.43000,51500
2024-03-28,28.55000,28.69000,27.96000,27.96000,52200
2024-04-01,28.20000,28.25000,27.79000,27.96000,50700
2024-04-02,28.05000,28.05000,27.53000,27.81000,35800
2024-04-03,27.65000,27.95000,27.51000,27.60000,28700
2024-04-04,27.75000,27.90000,27.32000,27.44000,45900
2024-04-05,27.34000,27.57000,27.21000,27.51000,25100
2024-04-08,27.67000,27.93000,27.41000,27.47000,20700
2024-04-09,27.36000,27.67000,27.30000,27.59000,49900
2024-04-10,27.27000,27.44000,27.03000,27.09000,36900
2024-04-11,27.10000,27.10000,26.38000,26.68000,106900
2024-04-12,26.59000,26.59000,25.91000,26.07000,41700
2024-04-15,26.58000,26.68000,26.07000,26.15000,40600
2024-04-16,26.25000,26.52000,26.00000,26.18000,75200
2024-04-17,26.28000,26.28000,25.21000,25.25000,126800
2024-04-18,25.25000,25.48000,24.93000,25.02000,57700
2024-04-19,25.16000,25.16000,24.90000,25.05000,21400
2024-04-22,25.27000,25.60000,25.15000,25.22000,35800
2024-04-23,25.22000,26.17000,25.22000,25.95000,53800
2024-04-24,25.91000,26.05000,25.60000,25.94000,36200
2024-04-25,25.76000,26.00000,25.53000,25.67000,53700
2024-04-26,25.65000,25.89000,25.53000,25.67000,42900
2024-04-29,25.92000,26.35000,25.85000,26.34000,38000
2024-04-30,26.21000,26.31000,25.65000,25.68000,31600
2024-05-01,25.73000,26.13000,25.65000,25.81000,20100
2024-05-02,25.93000,26.05000,25.56000,25.96000,49000
2024-05-03,26.30000,26.40000,25.95000,25.95000,32700
2024-05-06,26.15000,26.93000,25.99000,26.90000,35200
2024-05-07,26.90000,27.09000,26.84000,27.00000,39400
2024-05-08,27.01000,27.39000,26.81000,27.22000,39300
2024-05-09,27.30000,27.49000,26.99000,27.44000,39100
2024-05-10,27.59000,27.62000,27.27000,27.57000,32300
2024-05-13,27.75000,27.82000,27.47000,27.55000,32700
2024-05-14,27.79000,27.79000,27.19000,27.40000,36700
2024-05-15,27.60000,28.19000,27.60000,27.85000,29300
2024-05-16,27.89000,27.99000,27.49000,27.68000,27100
2024-05-17,27.65000,27.68000,27.25000,27.37000,23600
2024-05-20,27.32000,27.91000,27.29000,27.85000,23100
2024-05-21,27.89000,28.10000,27.49000,27.49000,26500
2024-05-22,27.44000,27.57000,26.63000,26.74000,22100
2024-05-23,26.77000,26.90000,26.27000,26.67000,19400
2024-05-24,26.89000,27.00000,26.05000,26.45000,63000
2024-05-28,26.50000,27.90000,26.50000,27.73000,52200
2024-05-29,27.60000,27.75000,27.05000,27.61000,37800
2024-05-30,27.70000,27.76000,27.46000,27.47000,19000
2024-05-31,27.55000,27.69000,27.16000,27.69000,33800
2024-06-03,27.68000,27.68000,27.02000,27.02000,38600
2024-06-04,26.84000,26.93000,26.31000,26.35000,31900
2024-06-05,26.59000,27.18000,26.47000,26.80000,37000
2024-06-06,26.80000,26.80000,26.48000,26.73000,21500
2024-06-07,26.60000,26.60000,25.91000,26.13000,36400
2024-06-10,26.19000,26.33000,25.56000,26.22000,58300
2024-06-11,26.22000,26.50000,25.95000,26.18000,18700
2024-06-12,26.38000,27.02000,26.38000,26.72000,40600
2024-06-13,26.73000,27.12000,26.40000,26.77000,33800
2024-06-14,26.72000,26.72000,25.85000,25.97000,24100
2024-06-17,26.25000,26.93000,25.81000,26.87000,85000
2024-06-18,26.62000,26.69000,25.76000,25.94000,35000
2024-06-20,25.96000,26.00000,24.94000,25.03000,57500
2024-06-21,24.94000,25.30000,24.94000,25.04000,46500
2024-06-24,25.09000,25.35000,24.76000,24.88000,32200
2024-06-25,25.00000,25.00000,24.68000,24.74000,36300
2024-06-26,24.76000,24.90000,24.55000,24.73000,52500
2024-06-27,24.79000,24.92000,24.41000,24.78000,51100
2024-06-28,24.90000,25.02000,24.60000,24.64000,41200
2024-07-01,24.70000,24.90000,24.12000,24.28000,39500
2024-07-02,24.27000,24.59000,24.15000,24.50000,36200
2024-07-03,24.48000,24.80000,24.27000,24.70000,28300
2024-07-05,24.83000,24.83000,24.19000,24.33000,22300
2024-07-08,24.52000,24.88000,24.49000,24.53000,32400
2024-07-09,24.72000,24.72000,24.17000,24.43000,35100
2024-07-10,24.44000,24.70000,24.28000,24.62000,29600
2024-07-11,24.80000,25.31000,24.78000,24.85000,61100
2024-07-12,25.09000,25.21000,24.82000,24.88000,96200
2024-07-15,25.00000,25.33000,24.92000,25.17000,123300
2024-07-16,25.45000,25.78000,25.38000,25.65000,125700
2024-07-17,25.72000,25.83000,25.34000,25.78000,74500
2024-07-18,25.62000,25.99000,25.57000,25.80000,52500
2024-07-19,25.87000,25.87000,25.48000,25.68000,38000
2024-07-22,25.77000,26.48000,25.59000,26.45000,60100
2024-07-23,26.34000,26.62000,26.26000,26.49000,59100
2024-07-24,26.25000,26.54000,25.91000,25.97000,32400
2024-07-25,26.09000,26.58000,25.75000,26.39000,43000
2024-07-26,26.73000,26.94000,26.41000,26.49000,34500
2024-07-29,26.31000,26.80000,26.05000,26.54000,50700
2024-07-30,26.59000,26.88000,26.31000,26.37000,108800
2024-07-31,26.56000,27.06000,26.47000,26.47000,80900
2024-08-01,26.82000,26.82000,25.92000,26.59000,121600
2024-08-02,26.29000,26.74000,26.00000,26.73000,107500
2024-08-05,26.00000,26.00000,25.09000,25.66000,83100
2024-08-06,25.70000,25.98000,25.40000,25.71000,88000
2024-08-07,25.85000,25.90000,25.41000,25.56000,56600
2024-08-08,25.56000,26.15000,25.51000,26.12000,78500
2024-08-09,26.03000,26.29000,25.81000,26.21000,52300
2024-08-12,26.14000,26.32000,25.83000,25.88000,80900
2024-08-13,26.32000,26.70000,25.94000,26.26000,67600
2024-08-14,26.28000,26.54000,26.00000,26.30000,52500
2024-08-15,26.50000,27.31000,26.50000,27.10000,88400
2024-08-16,27.04000,27.50000,26.96000,27.04000,99900
2024-08-19,28.37000,29.00000,27.30000,27.87000,155400
2024-08-20,28.00000,29.14000,28.00000,28.60000,153300
2024-08-21,28.60000,28.65000,28.15000,28.58000,81500
2024-08-22,28.51000,28.60000,28.00000,28.22000,39700
2024-08-23,29.00000,29.53000,28.75000,29.53000,198600
2024-08-26,29.68000,30.00000,29.34000,29.87000,179100
2024-08-27,29.71000,29.90000,29.42000,29.49000,38100
2024-08-28,29.42000,29.67000,28.82000,28.88000,41600
2024-08-29,29.07000,29.07000,28.26000,28.39000,43100
2024-08-30,28.44000,28.45000,28.00000,28.25000,55900
2024-09-03,28.13000,28.41000,27.54000,27.92000,82600
2024-09-04,27.91000,28.07000,27.61000,27.75000,77400
2024-09-05,27.68000,27.84000,27.28000,27.48000,74100
2024-09-06,27.50000,27.53000,27.20000,27.22000,40500
2024-09-09,26.88000,27.30000,26.41000,26.83000,152100
2024-09-10,27.00000,27.29000,26.86000,27.12000,84800
2024-09-11,27.14000,27.23000,26.75000,27.05000,50600
2024-09-12,27.06000,27.33000,26.82000,27.10000,33800
2024-09-13,27.25000,27.55000,27.16000,27.39000,53900
2024-09-16,27.48000,27.67000,27.25000,27.46000,54200
2024-09-17,27.61000,27.75000,27.28000,27.35000,51900
2024-09-18,27.28000,27.76000,27.25000,27.40000,75500
2024-09-19,27.78000,28.00000,27.31000,27.31000,37000
2024-09-20,26.50000,26.99000,26.08000,26.58000,184500
2024-09-23,26.65000,26.94000,26.39000,26.41000,53000
2024-09-24,26.41000,26.58000,26.33000,26.41000,81600
2024-09-25,26.35000,26.89000,26.35000,26.74000,65600
2024-09-26,26.67000,27.07000,26.65000,26.85000,72300
2024-09-27,26.87000,26.87000,26.20000,26.51000,105300
2024-09-30,26.59000,26.64000,26.10000,26.54000,105800
2024-10-01,26.46000,26.64000,26.13000,26.53000,77500
2024-10-02,26.43000,26.43000,26.16000,26.24000,64300
2024-10-03,26.17000,26.37000,25.97000,26.03000,70200
2024-10-04,26.13000,26.24000,25.87000,26.23000,45000
2024-10-07,26.25000,26.57000,26.16000,26.46000,45000
2024-10-08,26.46000,26.57000,26.26000,26.35000,73300
2024-10-09,26.35000,26.68000,26.29000,26.34000,78800
2024-10-10,26.37000,26.84000,26.20000,26.65000,61200
2024-10-11,26.62000,26.90000,26.60000,26.86000,38600
2024-10-14,26.75000,26.91000,26.69000,26.87000,41500
2024-10-15,26.90000,27.00000,26.72000,26.79000,76200
2024-10-16,27.02000,27.35000,26.98000,27.16000,51200
2024-10-17,27.28000,27.48000,27.17000,27.48000,66000
2024-10-18,27.48000,27.81000,27.46000,27.75000,59800
2024-10-21,27.72000,28.06000,27.54000,27.99000,51500
2024-10-22,27.93000,27.96000,27.58000,27.63000,56100
2024-10-23,27.58000,27.69000,26.97000,27.15000,45500
2024-10-24,27.22000,27.22000,26.87000,26.90000,46200
2024-10-25,26.82000,27.51000,26.80000,27.51000,61800
2024-10-28,27.56000,27.63000,27.09000,27.10000,46800
2024-10-29,27.05000,27.18000,26.65000,26.79000,51700
2024-10-30,26.91000,27.32000,26.79000,26.89000,41800
2024-10-31,26.77000,27.23000,26.50000,26.73000,96300
2024-11-01,26.92000,27.19000,26.80000,26.88000,44000
2024-11-04,26.83000,27.13000,26.46000,26.53000,101900
2024-11-05,26.49000,26.72000,26.49000,26.65000,55400
2024-11-06,27.35000,27.73000,27.08000,27.70000,57900
2024-11-07,27.65000,28.08000,27.62000,27.82000,47000
2024-11-08,27.80000,28.13000,27.66000,28.02000,53800
2024-11-11,28.17000,28.24000,27.71000,27.80000,55400
2024-11-12,27.67000,28.00000,27.23000,27.73000,53400
2024-11-13,27.83000,28.03000,27.60000,27.69000,41500
2024-11-14,27.69000,27.69000,27.20000,27.41000,43400
2024-11-15,27.33000,27.51000,26.50000,26.75000,76600
2024-11-18,26.79000,27.06000,26.61000,26.82000,85500
2024-11-19,26.76000,27.39000,26.68000,27.18000,75400
2024-11-20,27.32000,27.51000,27.12000,27.26000,53800
2024-11-21,27.62000,29.47000,27.62000,28.50000,96800
2024-11-22,28.71000,28.99000,28.53000,28.98000,50300
2024-11-25,28.98000,29.30000,28.53000,29.14000,80300
2024-11-26,29.14000,29.84000,29.14000,29.69000,98100
2024-11-27,29.70000,29.85000,29.34000,29.80000,93000
2024-11-29,29.98000,30.97000,29.98000,30.16000,61100
2024-12-02,30.20000,30.97000,30.20000,30.96000,97700
2024-12-03,31.01000,31.25000,30.52000,30.67000,65800
2024-12-04,30.67000,31.02000,30.28000,30.50000,69300
2024-12-05,30.46000,31.37000,30.26000,31.18000,75200
2024-12-06,31.15000,31.43000,30.69000,31.07000,78200
2024-12-09,31.29000,31.64000,31.07000,31.38000,91500
2024-12-10,31.38000,31.50000,30.92000,31.12000,54400
2024-12-11,31.18000,31.63000,30.81000,31.03000,31800
2024-12-12,30.93000,31.04000,30.59000,30.91000,36500
2024-12-13,30.87000,30.95000,30.46000,30.67000,30500
2024-12-16,30.68000,30.96000,30.26000,30.41000,64900
2024-12-17,30.35000,30.71000,30.17000,30.64000,53300
2024-12-18,30.74000,30.98000,29.74000,29.79000,68400
2024-12-19,30.03000,30.15000,29.31000,29.37000,115900
2024-12-20,29.54000,30.01000,29.27000,29.86000,131000
2024-12-23,29.30000,29.70000,28.96000,29.62000,97200
2024-12-24,29.59000,30.53000,29.47000,30.50000,41100
2024-12-26,30.40000,30.66000,30.26000,30.48000,46800
2024-12-27,30.48000,30.79000,29.86000,30.26000,35400
2024-12-30,30.26000,30.26000,29.71000,29.85000,125100
2024-12-31,29.94000,31.15000,29.80000,31.15000,125400
2025-01-02,31.63000,32.02000,31.13000,31.47000,157100
2025-01-03,31.54000,32.82000,31.50000,32.73000,134900
2025-01-06,33.09000,33.09000,31.82000,31.86000,142400
2025-01-07,31.84000,32.22000,31.39000,31.56000,240200
2025-01-08,31.34000,31.54000,30.72000,31.54000,139300
2025-01-10,31.52000,31.75000,31.20000,31.47000,74100
2025-01-13,31.37000,32.00000,31.28000,31.77000,133100
2025-01-14,31.89000,32.64000,31.89000,32.59000,92100
2025-01-15,32.70000,33.11000,32.57000,32.93000,76500
2025-01-16,32.90000,33.42000,32.75000,33.09000,74000
2025-01-17,33.32000,33.37000,32.96000,33.09000,85100
2025-01-21,33.32000,33.92000,33.10000,33.17000,126300
2025-01-22,33.39000,34.10000,33.25000,33.98000,125600
2025-01-23,34.02000,34.35000,33.66000,33.78000,115200
2025-01-24,33.84000,33.95000,33.42000,33.85000,104100
2025-01-27,33.65000,33.81000,33.13000,33.18000,92100
2025-01-28,33.33000,33.37000,32.99000,33.12000,70100
2025-01-29,33.13000,33.20000,32.79000,32.90000,59500
2025-01-30,33.01000,33.50000,33.01000,33.10000,58700
2025-01-31,33.30000,33.71000,33.15000,33.39000,77700
2025-02-03,32.70000,32.72000,32.07000,32.19000,118200
2025-02-04,32.25000,33.47000,32.25000,33.33000,103700
2025-02-05,33.30000,34.11000,33.09000,34.06000,142600
2025-02-06,34.36000,34.50000,34.00000,34.44000,73900
2025-02-07,34.41000,34.56000,34.07000,34.29000,47400
2025-02-10,34.37000,35.43000,34.30000,35.12000,79900
2025-02-11,34.84000,35.00000,34.28000,34.80000,53600
2025-02-12,34.47000,34.53000,33.93000,34.27000,63400
2025-02-13,34.33000,34.65000,34.16000,34.58000,61600
2025-02-14,34.94000,36.09000,34.94000,35.58000,159600
2025-02-18,35.93000,42.74000,35.75000,41.42000,1891600
2025-02-19,43.22000,43.83000,41.30000,41.90000,1087600
2025-02-20,42.95000,43.04000,41.10000,41.68000,431500
2025-02-21,42.50000,42.95000,41.03000,41.52000,240800
2025-02-24,42.03000,42.32000,39.51000,40.58000,423400
2025-02-25,40.81000,41.39000,39.76000,40.17000,340500
2025-02-26,42.16000,45.24000,41.68000,43.91000,588700
2025-02-27,45.00000,45.43000,42.50000,42.78000,402500
2025-02-28,42.42000,42.85000,40.84000,41.88000,343000
2025-03-03,42.00000,42.09000,39.57000,39.80000,318100
2025-03-04,39.27000,40.10000,38.53000,39.52000,249900
2025-03-05,39.56000,40.05000,39.29000,39.82000,125300
2025-03-06,39.18000,39.66000,38.20000,38.37000,168100
2025-03-07,38.33000,38.71000,37.60000,38.05000,164600
2025-03-10,37.62000,37.62000,35.90000,36.34000,401700
2025-03-11,36.25000,37.75000,36.11000,37.55000,161900
2025-03-12,37.85000,38.26000,37.10000,37.17000,132000
2025-03-13,37.11000,37.20000,36.35000,36.83000,114400
2025-03-14,36.97000,37.98000,36.82000,37.98000,93200
2025-03-17,38.03000,38.30000,37.37000,37.49000,142700
2025-03-18,37.53000,37.55000,36.71000,37.39000,121000
2025-03-19,37.83000,38.22000,37.07000,37.87000,112400
2025-03-20,37.37000,37.58000,36.80000,36.92000,74500
2025-03-21,36.76000,37.39000,36.29000,36.98000,211100
2025-03-24,37.57000,37.67000,37.15000,37.66000,102500
2025-03-25,37.54000,38.23000,37.21000,38.08000,83300
2025-03-26,37.99000,38.18000,36.67000,36.85000,73400
2025-03-27,36.84000,37.10000,36.33000,36.88000,61600
2025-03-28,36.58000,37.23000,36.34000,36.58000,86000
2025-03-31,36.03000,36.35000,35.61000,36.16000,70300
2025-04-01,35.87000,36.35000,35.51000,36.15000,78000
2025-04-02,35.61000,36.69000,35.57000,36.55000,79700
2025-04-03,35.50000,35.75000,34.68000,35.00000,106600
2025-04-04,33.86000,33.99000,32.01000,32.75000,183200
2025-04-07,30.58000,32.98000,30.06000,31.95000,252500
2025-04-08,32.90000,33.07000,31.20000,31.71000,111600
2025-04-09,31.32000,34.19000,31.18000,33.86000,159000
2025-04-10,33.78000,33.78000,31.96000,33.00000,83000
2025-04-11,33.03000,33.39000,32.28000,32.86000,144200
2025-04-14,33.07000,33.62000,32.73000,33.38000,87100
2025-04-15,33.52000,33.97000,33.22000,33.47000,109600
2025-04-16,33.11000,33.59000,32.54000,33.31000,99500
2025-04-17,33.29000,33.70000,32.86000,33.44000,63900
2025-04-21,33.00000,33.11000,32.38000,32.73000,60000
2025-04-22,33.13000,33.60000,32.62000,33.35000,50600
2025-04-23,34.34000,35.35000,34.19000,34.58000,146000
2025-04-24,34.53000,35.16000,34.23000,34.79000,56500
2025-04-25,34.66000,34.94000,34.34000,34.88000,48300
2025-04-28,34.80000,35.13000,34.07000,34.65000,86600
2025-04-29,34.79000,35.06000,34.35000,34.94000,52200
2025-04-30,34.54000,35.94000,34.09000,35.94000,114100
2025-05-01,35.98000,35.98000,35.01000,35.05000,68100
2025-05-02,35.33000,35.97000,34.92000,35.74000,34100
2025-05-05,35.43000,35.89000,34.85000,34.95000,63200
2025-05-06,34.69000,35.33000,34.56000,35.06000,37900
2025-05-07,35.22000,35.38000,34.82000,35.06000,65400
2025-05-08,35.27000,36.19000,35.21000,35.90000,63400
2025-05-09,36.18000,36.78000,35.80000,36.65000,63700
2025-05-12,38.00000,38.27000,36.79000,37.18000,107400
2025-05-13,37.15000,37.53000,36.80000,37.40000,83100
2025-05-14,37.48000,38.46000,36.96000,37.56000,90200
2025-05-15,37.44000,37.93000,37.01000,37.84000,69900
2025-05-16,37.68000,37.94000,37.36000,37.82000,52000
2025-05-19,37.32000,37.99000,37.27000,37.83000,61000
2025-05-20,37.83000,38.49000,37.71000,37.99000,54700
2025-05-21,37.97000,37.99000,36.97000,37.07000,53400
2025-05-22,37.07000,37.14000,36.49000,36.75000,69600
2025-05-23,36.13000,37.31000,36.04000,37.26000,67600
2025-05-27,37.64000,39.37000,37.51000,39.24000,195200
2025-05-28,37.50000,38.16000,35.06000,37.37000,205300
2025-05-29,37.90000,38.03000,36.80000,37.26000,81200
2025-05-30,36.99000,38.23000,36.91000,38.09000,99800
2025-06-02,38.23000,39.42000,38.10000,39.18000,156700
2025-06-03,39.20000,39.51000,38.56000,39.25000,72900
2025-06-04,39.43000,39.43000,37.75000,38.03000,116500
2025-06-05,38.01000,38.27000,37.22000,37.74000,83900
2025-06-06,37.99000,37.99000,37.50000,37.64000,77500
2025-06-09,37.54000,37.80000,36.91000,37.00000,148300
2025-06-10,37.07000,37.40000,35.90000,36.26000,149300
2025-06-11,36.59000,37.16000,36.10000,36.23000,103600
2025-06-12,36.19000,36.62000,35.81000,36.00000,108600
2025-06-13,35.64000,36.41000,35.40000,36.23000,87100
2025-06-16,36.60000,36.77000,36.03000,36.11000,71900
2025-06-17,36.05000,36.83000,35.78000,35.83000,92800
2025-06-18,35.43000,35.83000,35.33000,35.57000,61700
2025-06-20,35.82000,35.87000,35.15000,35.59000,133900
2025-06-23,35.57000,36.21000,35.26000,36.05000,54000
2025-06-24,36.40000,36.70000,36.13000,36.61000,58900
2025-06-25,36.57000,36.95000,36.20000,36.71000,55000
2025-06-26,36.81000,37.65000,36.77000,37.65000,102600
2025-06-27,37.84000,38.12000,37.32000,37.75000,63200
2025-06-30,38.26000,38.99000,38.00000,38.73000,88400
2025-07-01,38.73000,39.70000,38.36000,38.79000,125400
2025-07-02,38.75000,39.54000,38.55000,39.39000,121900
2025-07-03,39.40000,40.44000,39.26000,39.50000,63700
2025-07-07,39.29000,39.32000,38.61000,38.83000,117000
2025-07-08,39.02000,39.87000,38.92000,39.32000,74300
2025-07-09,39.50000,39.74000,39.06000,39.30000,54800
2025-07-10,39.30000,40.63000,38.70000,40.06000,124800
2025-07-11,40.06000,40.99000,39.29000,39.35000,102300
2025-07-14,39.36000,40.19000,39.21000,39.32000,68600
2025-07-15,39.41000,39.43000,38.50000,38.62000,112300
2025-07-16,38.49000,38.98000,38.39000,38.53000,72700
2025-07-17,38.63000,39.29000,38.49000,38.90000,46500
2025-07-18,39.06000,39.47000,38.59000,38.86000,46800
2025-07-21,38.82000,39.30000,38.68000,38.82000,43300
2025-07-22,38.80000,39.19000,38.27000,38.91000,40400
2025-07-23,38.99000,40.26000,38.99000,40.17000,64700
2025-07-24,40.17000,41.14000,39.87000,40.87000,94900
2025-07-25,40.99000,40.99000,40.17000,40.70000,81900
2025-07-28,40.68000,40.73000,39.80000,40.50000,95600
2025-07-29,40.77000,41.18000,39.77000,39.78000,98900
2025-07-30,39.90000,40.99000,39.62000,40.02000,106200
2025-07-31,40.50000,40.65000,39.24000,39.50000,72800
2025-08-01,39.00000,39.50000,38.52000,38.71000,63700
2025-08-04,38.90000,39.85000,38.74000,39.60000,80400
2025-08-05,39.40000,40.40000,38.99000,40.04000,106300
2025-08-06,40.12000,41.65000,39.95000,41.53000,104300
2025-08-07,41.81000,41.91000,40.26000,41.68000,67700
2025-08-08,41.91000,42.89000,41.57000,42.19000,74100
2025-08-11,42.05000,42.05000,41.16000,41.31000,65300
2025-08-12,41.62000,42.72000,41.41000,42.59000,75300
2025-08-13,42.78000,42.88000,42.39000,42.43000,72600
2025-08-14,42.02000,42.40000,41.01000,41.23000,85200
2025-08-15,41.15000,41.51000,40.59000,40.73000,57600
2025-08-18,40.73000,40.90000,40.13000,40.28000,101300
2025-08-19,39.03000,39.03000,36.10000,36.34000,328900
2025-08-20,36.25000,36.50000,35.04000,35.71000,181500
2025-08-21,35.37000,36.92000,35.34000,36.69000,169000
2025-08-22,36.75000,37.48000,36.21000,37.12000,100000
2025-08-25,37.10000,37.12000,36.18000,36.41000,129200
2025-08-26,36.36000,37.03000,36.30000,36.76000,87400
2025-08-27,36.76000,36.81000,36.09000,36.35000,72700
2025-08-28,35.93000,36.34000,32.91000,34.51000,712400
2025-08-29,33.63000,34.35000,33.40000,33.72000,309900
2025-09-02,32.86000,34.19000,32.86000,34.07000,249800
2025-09-03,33.96000,34.08000,32.71000,32.80000,183300
2025-09-04,32.75000,33.96000,32.75000,33.90000,121200
2025-09-05,33.80000,34.35000,33.41000,33.77000,127500
2025-09-08,33.90000,34.75000,33.61000,34.45000,104900
2025-09-09,34.40000,34.60000,33.82000,34.59000,77100
2025-09-10,34.65000,34.84000,33.90000,34.06000,100500
2025-09-11,34.25000,35.25000,33.90000,35.15000,98600
2025-09-12,35.15000,35.38000,34.89000,34.97000,80900
2025-09-15,34.90000,36.19000,34.90000,36.19000,173700
2025-09-16,36.18000,36.18000,35.00000,35.46000,156000
2025-09-17,35.47000,36.19000,35.32000,35.53000,72500
2025-09-18,35.66000,36.37000,35.52000,36.36000,82700
2025-09-19,36.36000,36.39000,35.51000,35.67000,157300
2025-09-22,35.72000,36.11000,35.38000,35.61000,77800
2025-09-23,35.71000,35.98000,35.23000,35.34000,62900
2025-09-24,35.38000,35.48000,35.00000,35.05000,64600
2025-09-25,34.30000,34.70000,33.98000,34.70000,102900
2025-09-26,34.73000,35.13000,34.65000,35.08000,62500
2025-09-29,35.29000,35.68000,35.01000,35.24000,88100
2025-09-30,35.20000,35.73000,35.17000,35.72000,92400
2025-10-01,35.53000,35.80000,35.33000,35.63000,63100
2025-10-02,35.71000,35.72000,35.07000,35.59000,67900
2025-10-03,35.74000,36.22000,35.52000,35.91000,93900
2025-10-06,35.86000,36.64000,35.70000,36.35000,64300
2025-10-07,36.48000,36.49000,35.59000,36.04000,108400
2025-10-08,36.06000,36.42000,35.43000,35.53000,68600
2025-10-09,35.77000,35.94000,35.28000,35.55000,65500
2025-10-10,35.67000,35.72000,35.13000,35.35000,118400
2025-10-13,36.04000,36.69000,35.00000,36.47000,76700
2025-10-14,36.28000,37.36000,35.85000,36.96000,68400
2025-10-15,37.02000,37.63000,36.74000,37.62000,162100
2025-10-16,37.84000,37.94000,37.32000,37.68000,85400
2025-10-17,37.43000,37.52000,36.29000,37.05000,94500
2025-10-20,36.81000,37.74000,36.69000,37.05000,56400
2025-10-21,37.05000,37.54000,36.56000,37.37000,46400
2025-10-22,37.37000,37.55000,36.74000,37.19000,40800
2025-10-23,37.30000,37.80000,37.29000,37.49000,43400
2025-10-24,37.99000,38.33000,37.82000,38.25000,45100
2025-10-27,38.31000,38.98000,38.22000,38.49000,54000
2025-10-28,38.00000,38.85000,37.99000,38.50000,57500
2025-10-29,38.50000,38.72000,37.97000,38.20000,57800
2025-10-30,38.16000,39.02000,38.16000,38.43000,68900
2025-10-31,38.62000,38.97000,38.32000,38.51000,53600
2025-11-03,38.39000,39.44000,38.00000,38.90000,85300
2025-11-04,38.82000,38.94000,38.04000,38.21000,81600
2025-11-05,38.21000,39.10000,38.21000,39.00000,33100
2025-11-06,38.92000,38.92000,38.37000,38.60000,47600
2025-11-07,38.47000,38.85000,38.03000,38.41000,121700
2025-11-10,38.90000,39.30000,38.09000,38.11000,48100
2025-11-11,37.98000,38.09000,37.34000,37.65000,36600
2025-11-12,37.77000,38.30000,37.65000,38.08000,35900
2025-11-13,37.95000,38.08000,36.95000,37.03000,40100
2025-11-14,36.72000,37.05000,36.26000,36.62000,80000
2025-11-17,36.39000,37.74000,36.25000,36.93000,89000
2025-11-18,38.58000,39.38000,35.22000,36.70000,161400
2025-11-19,36.70000,37.60000,35.58000,36.06000,91900
2025-11-20,36.25000,37.00000,35.93000,36.40000,77300
2025-11-21,36.66000,38.33000,36.66000,37.99000,69600
2025-11-24,38.58000,40.17000,38.24000,40.03000,130600
2025-11-25,40.03000,41.04000,39.69000,40.78000,102700
2025-11-26,40.99000,41.11000,40.28000,40.54000,67200
2025-11-28,40.59000,40.59000,39.87000,40.04000,50300
2025-12-01,39.98000,40.89000,39.54000,40.06000,145900
2025-12-02,40.04000,40.52000,39.60000,39.95000,171200
2025-12-03,39.90000,40.79000,39.50000,39.75000,147800
2025-12-04,39.91000,40.22000,39.24000,39.44000,115700
2025-12-05,39.62000,41.20000,39.48000,41.08000,159300
2025-12-08,41.41000,42.57000,41.25000,42.09000,131000
2025-12-09,42.00000,42.89000,41.88000,42.57000,127500
2025-12-10,42.50000,43.00000,42.01000,42.97000,88000
2025-12-11,43.04000,44.56000,42.94000,44.47000,91900
2025-12-12,44.53000,44.92000,44.10000,44.24000,106900
2025-12-15,44.46000,44.61000,43.52000,43.78000,157500
2025-12-16,43.78000,43.90000,42.04000,42.57000,123500
2025-12-17,42.52000,43.48000,41.58000,41.94000,109600
2025-12-18,42.22000,43.33000,42.22000,43.22000,84000
2025-12-19,43.25000,43.90000,42.66000,43.08000,110400
2025-12-22,43.08000,43.91000,43.08000,43.54000,60800
2025-12-23,43.29000,43.89000,43.05000,43.18000,33500
2025-12-24,43.25000,43.69000,43.00000,43.25000,60800
2025-12-26,43.25000,43.89000,42.68000,43.38000,172900
2025-12-29,42.95000,43.16000,41.96000,42.62000,186700
2025-12-30,42.76000,43.41000,42.10000,42.40000,278700
2025-12-31,42.63000,43.18000,42.21000,43.01000,300800
2026-01-02,43.27000,43.60000,42.23000,42.52000,159200
2026-01-05,42.78000,44.63000,42.77000,44.44000,166000
2026-01-06,44.44000,45.08000,43.05000,44.84000,116300
2026-01-07,45.00000,45.00000,43.50000,44.00000,84800
2026-01-08,44.15000,44.22000,43.05000,43.27000,100000
2026-01-09,43.39000,44.08000,43.12000,43.45000,126600
2026-01-12,43.42000,44.65000,43.05000,44.06000,92600
2026-01-13,44.36000,45.25000,44.23000,44.83000,85100
2026-01-14,44.63000,44.87000,44.06000,44.11000,81100
2026-01-15,44.64000,45.87000,44.13000,45.41000,209100
2026-01-16,45.50000,45.90000,44.39000,44.65000,91900
2026-01-20,44.05000,44.42000,43.21000,43.60000,82900
2026-01-21,43.95000,44.47000,43.22000,44.32000,107600
2026-01-22,44.43000,45.11000,43.94000,44.10000,103200
2026-01-23,44.20000,44.68000,43.74000,44.00000,97900
2026-01-26,44.16000,44.60000,43.55000,44.13000,175700
2026-01-27,44.37000,45.36000,44.20000,45.22000,135600
2026-01-28,45.44000,45.73000,44.39000,45.06000,128800
2026-01-29,45.11000,45.51000,44.08000,45.38000,96100
2026-01-30,45.31000,45.88000,44.63000,44.63000,96400
2026-02-02,44.63000,45.73000,44.50000,45.46000,48200
2026-02-03,45.50000,46.26000,45.13000,46.20000,98500
2026-02-04,46.27000,46.60000,44.18000,44.89000,135900
2026-02-05,44.42000,44.89000,44.02000,44.74000,92300
2026-02-06,44.84000,46.35000,44.84000,45.96000,76900
2026-02-09,46.05000,47.88000,45.39000,47.21000,121800
2026-02-10,47.26000,47.42000,46.41000,46.48000,44900
2026-02-11,47.00000,47.59000,46.58000,47.49000,79500
2026-02-12,47.90000,48.13000,46.06000,46.70000,55600
2026-02-13,46.73000,48.05000,45.99000,47.44000,61200
2026-02-17,47.05000,47.79000,46.28000,47.70000,52600
2026-02-18,47.70000,48.15000,47.36000,47.89000,45200
2026-02-19,47.44000,48.58000,47.44000,48.58000,62200
2026-02-20,48.40000,49.72000,48.28000,48.76000,92800
2026-02-23,48.76000,48.76000,47.17000,47.53000,63100
2026-02-24,47.55000,48.26000,47.47000,48.00000,60500
2026-02-25,48.57000,48.57000,47.18000,47.49000,75100
2026-02-26,47.50000,48.43000,46.70000,48.07000,87700
2026-02-27,48.00000,48.52000,47.50000,48.00000,106900
2026-03-02,47.72000,48.04000,46.81000,47.46000,94300
2026-03-03,46.35000,46.35000,44.83000,45.51000,124800
2026-03-04,45.80000,45.90000,44.70000,45.89000,105500
2026-03-05,47.49000,50.87000,47.49000,50.47000,225000
2026-03-06,50.00000,51.34000,48.91000,49.53000,121500
2026-03-09,48.65000,49.69000,46.66000,49.66000,110800
2026-03-10,49.70000,51.33000,49.65000,49.98000,121700
2026-03-11,49.98000,50.91000,49.60000,49.97000,76900
2026-03-12,49.97000,50.27000,49.10000,49.43000,57300
2026-03-13,49.88000,50.95000,49.05000,49.70000,96900
2026-03-16,50.37000,51.36000,50.14000,50.44000,109700
2026-03-17,50.87000,51.58000,50.52000,50.98000,96800
2026-03-18,50.90000,51.39000,50.09000,50.20000,73900
2026-03-19,50.01000,51.76000,49.72000,51.52000,149900
2026-03-20,51.64000,51.64000,48.36000,48.59000,211400
2026-03-23,49.88000,51.51000,49.63000,50.93000,91300
2026-03-24,50.73000,51.74000,50.21000,51.74000,84500
2026-03-25,52.12000,53.33000,51.69000,52.19000,116700
2026-03-26,52.25000,53.09000,50.68000,50.95000,156100
2026-03-27,50.65000,51.45000,50.44000,50.54000,114900
2026-03-30,48.95000,49.25000,47.19000,47.90000,171600
2026-03-31,48.46000,49.77000,47.90000,49.01000,125800
2026-04-01,49.74000,50.78000,49.72000,50.72000,116100
2026-04-02,49.52000,51.74000,49.01000,51.15000,92600
2026-04-06,51.15000,51.75000,50.82000,51.29000,184300
2026-04-07,51.15000,51.74000,50.74000,51.48000,177800
2026-04-08,52.08000,53.77000,51.91000,52.94000,153300
2026-04-09,53.04000,53.80000,52.34000,53.04000,238600
2026-04-10,53.23000,54.00000,53.06000,53.54000,140300
2026-04-13,53.35000,54.63000,53.35000,54.38000,141700
2026-04-14,54.70000,55.26000,54.53000,54.70000,132900
2026-04-15,54.70000,55.17500,53.88000,54.31000,54161
