date,open,high,low,close,volume
2016-02-08,5.50500,5.50500,5.50500,5.50500,5800
2016-02-12,5.12500,5.24000,5.12500,5.23000,6800
2016-02-16,5.25000,5.28000,5.25000,5.28000,1600
2016-02-24,5.07500,5.07500,5.07500,5.07500,200
2016-03-04,4.99500,4.99500,4.99500,4.99500,200
2016-03-07,5.25000,5.91500,5.04000,5.83000,11400
2016-03-08,5.71000,5.71000,5.25000,5.47500,5200
2016-03-09,5.48000,5.48000,5.27000,5.48000,2800
2016-03-10,5.47500,5.65500,5.47500,5.65500,2000
2016-03-11,5.49500,5.77500,5.44500,5.44500,6000
2016-03-14,5.54500,5.75000,5.38000,5.62500,16600
2016-03-15,5.47500,5.62500,5.47500,5.62500,5200
2016-03-16,5.71000,5.75000,5.44000,5.70500,5400
2016-03-17,5.69500,5.69500,5.44500,5.55000,13000
2016-03-18,5.57500,5.74500,5.20000,5.25000,31400
2016-03-21,5.35500,5.69500,5.35500,5.38000,5400
2016-03-22,5.38000,5.70000,5.35000,5.65000,7600
2016-03-23,5.55000,5.60000,5.43000,5.46500,3000
2016-03-24,5.62500,5.62500,5.30000,5.30000,3800
2016-03-28,5.46500,5.46500,5.46500,5.46500,800
2016-03-30,5.62000,5.75000,5.60000,5.60000,4800
2016-03-31,5.60000,5.60000,5.60000,5.60000,1200
2016-04-05,5.60000,5.71500,5.45500,5.66000,7600
2016-04-06,5.66000,5.66000,5.46000,5.63000,10400
2016-04-07,5.50500,5.50500,5.50500,5.50500,200
2016-04-11,5.50500,5.50500,5.50500,5.50500,1400
2016-04-14,5.19000,5.85500,5.19000,5.59000,43200
2016-04-18,5.68000,5.73000,5.50500,5.55000,9800
2016-04-19,5.12500,5.12500,5.12500,5.12500,800
2016-04-20,5.64000,5.64000,5.64000,5.64000,1400
2016-04-22,5.30000,5.30000,5.30000,5.30000,400
2016-04-25,5.36500,5.49000,5.35000,5.35000,3600
2016-04-26,5.35500,5.44500,4.82000,5.26500,9200
2016-04-28,5.28500,5.91500,5.03500,5.68500,23200
2016-04-29,5.71500,5.71500,5.50500,5.62500,5600
2016-05-02,5.54500,5.54500,5.54500,5.54500,400
2016-05-03,5.72500,5.98000,5.72500,5.81500,34000
2016-05-04,5.76500,5.76500,5.76500,5.76500,1000
2016-05-05,5.80000,5.84000,5.57500,5.57500,2600
2016-05-06,5.57500,5.79500,5.40000,5.48000,15800
2016-05-09,5.50000,5.67500,5.50000,5.65500,3400
2016-05-10,5.63000,5.63000,5.63000,5.63000,1800
2016-05-11,5.50500,6.00000,5.50500,5.70500,62800
2016-05-13,4.87000,5.92000,4.87000,5.82500,8800
2016-05-16,5.80000,5.96000,5.75000,5.84500,29000
2016-05-17,5.84500,5.86000,5.84000,5.84000,5000
2016-05-19,5.86500,5.93500,5.86500,5.92000,4000
2016-05-20,5.30000,5.83500,5.27500,5.83500,2000
2016-05-23,5.82000,5.94500,5.82000,5.92000,4800
2016-05-25,5.92000,6.22000,5.89000,6.13000,24600
2016-05-26,5.97500,5.97500,5.83000,5.97500,7200
2016-05-31,5.78500,6.03000,5.78500,6.03000,600
2016-06-01,6.03500,6.03500,5.58000,5.58000,2000
2016-06-02,5.60500,5.66500,5.47500,5.65000,14400
2016-06-03,5.75500,5.82500,5.73500,5.74000,26000
2016-06-06,5.70000,5.74500,5.62500,5.74500,9200
2016-06-07,5.72500,5.74000,5.72500,5.74000,1600
2016-06-08,5.72500,5.77000,5.72500,5.77000,2400
2016-06-09,5.35500,5.87000,5.31500,5.83000,10200
2016-06-10,5.83000,5.93500,5.83000,5.88000,39600
2016-06-13,5.88500,5.88500,5.69500,5.85000,11800
2016-06-14,5.90000,5.97000,5.80000,5.90500,14000
2016-06-17,5.41500,5.41500,5.41500,5.41500,1800
2016-06-20,5.61000,5.64000,5.60000,5.64000,3600
2016-06-21,5.63000,5.67500,5.63000,5.67500,3600
2016-06-22,5.43000,5.43000,5.43000,5.43000,400
2016-06-24,5.65000,5.65000,5.65000,5.65000,800
2016-06-27,5.64000,5.66000,5.45500,5.56000,78800
2016-06-28,5.58500,5.66000,5.41500,5.41500,6600
2016-06-29,5.65000,5.66000,5.46500,5.46500,6200
2016-06-30,5.53000,5.53000,5.40000,5.40000,3200
2016-07-05,5.50500,5.50500,5.50500,5.50500,1000
2016-07-06,5.48500,5.65000,5.48500,5.65000,40000
2016-07-08,5.47500,5.70000,5.47500,5.55000,9000
2016-07-11,5.42500,5.62500,5.42500,5.62000,800
2016-07-13,5.55000,5.70000,5.55000,5.65000,2800
2016-07-15,6.00000,6.80000,6.00000,6.70000,233400
2016-07-18,6.98000,7.22000,6.00500,6.55000,88000
2016-07-19,6.60500,6.69000,6.43500,6.69000,32800
2016-07-20,6.83000,6.83000,6.68500,6.75000,26200
2016-07-21,6.53000,6.54000,6.49000,6.50000,3600
2016-07-22,6.50000,6.74500,6.50000,6.74500,2200
2016-07-25,6.75000,7.15000,6.67000,6.99500,57200
2016-07-26,7.12500,7.12500,6.80000,6.98500,10600
2016-07-28,7.05500,7.15000,7.05500,7.09000,15600
2016-07-29,7.15000,7.20000,7.12500,7.16000,8000
2016-08-01,7.20000,7.47500,7.15500,7.16500,15200
2016-08-02,7.17500,7.17500,7.05000,7.05000,1600
2016-08-05,7.08000,7.29000,7.07500,7.19500,8800
2016-08-08,7.20500,7.25000,7.12500,7.20000,10200
2016-08-09,7.20000,7.20000,6.90000,6.99500,22000
2016-08-10,6.99500,7.07500,6.99500,7.07000,2400
2016-08-11,6.88500,7.12500,6.88500,6.96000,3200
2016-08-12,6.58500,6.99000,6.58500,6.85000,2400
2016-08-15,6.75000,6.75000,6.28000,6.28000,9800
2016-08-16,6.39000,6.59500,6.38500,6.48000,16000
2016-08-18,6.40000,6.43000,6.40000,6.43000,2000
2016-08-19,6.25000,6.37500,6.25000,6.33000,10800
2016-08-22,6.44000,6.44000,6.34500,6.40500,7000
2016-08-24,6.40000,6.57500,6.40000,6.50000,7200
2016-08-25,6.38000,6.44500,6.33500,6.41500,2400
2016-08-26,6.36500,6.42500,6.26500,6.42500,6400
2016-08-29,6.36500,6.36500,6.05000,6.10500,1200
2016-08-30,6.15000,6.47500,6.15000,6.37500,9200
2016-08-31,6.12500,6.47500,6.12500,6.21000,11000
2016-09-01,6.21000,6.59500,6.21000,6.21500,10800
2016-09-02,6.26500,6.41000,6.21500,6.34000,10800
2016-09-06,6.27500,6.33500,6.17500,6.22500,12000
2016-09-07,6.61000,6.61000,6.35000,6.52500,7800
2016-09-12,6.25000,6.42500,6.24500,6.35500,9400
2016-09-13,6.44500,6.44500,6.32500,6.42000,1800
2016-09-14,6.34500,6.34500,6.23000,6.23000,1400
2016-09-15,6.25000,6.29000,6.21500,6.22500,2800
2016-09-16,6.42000,6.42000,6.42000,6.42000,1200
2016-09-19,6.35500,6.37500,6.35500,6.37500,1200
2016-09-20,6.40000,6.40000,6.32500,6.32500,800
2016-09-21,6.32500,6.40500,6.22500,6.22500,1400
2016-09-22,6.33500,6.33500,6.33500,6.33500,1000
2016-09-23,6.38500,6.38500,6.38500,6.38500,1000
2016-09-26,6.27000,6.30500,6.25000,6.30500,3400
2016-09-27,6.31000,6.34000,6.25000,6.25000,1200
2016-09-28,6.25000,6.30000,6.06000,6.18500,5000
2016-09-29,6.28000,6.28000,6.17500,6.17500,1200
2016-09-30,6.15000,6.17500,6.15000,6.17500,2400
2016-10-03,6.15000,6.26500,6.07500,6.20000,12600
2016-10-04,6.25000,6.25000,6.25000,6.25000,600
2016-10-05,6.26500,6.31000,6.26500,6.31000,3600
2016-10-06,6.40000,6.62500,6.40000,6.58500,12000
2016-10-07,6.57500,6.60000,6.31000,6.47500,4600
2016-10-11,6.56500,6.70000,6.50000,6.58500,23800
2016-10-12,6.58500,6.58500,6.50000,6.53000,3400
2016-10-13,6.54000,6.54000,6.49500,6.49500,6400
2016-10-14,6.50000,6.69000,6.50000,6.65500,1400
2016-10-18,6.50000,6.50000,6.42500,6.50000,1400
2016-10-19,6.50000,6.50000,6.50000,6.50000,600
2016-10-20,6.40000,6.40000,6.40000,6.40000,1000
2016-10-21,6.50000,6.50500,6.50000,6.50000,1600
2016-10-24,6.30000,6.40000,6.22500,6.25000,13400
2016-10-25,6.25000,6.30000,6.23000,6.27500,23600
2016-10-26,6.27500,6.27500,6.18500,6.19000,21600
2016-10-31,6.25000,6.25000,6.25000,6.25000,1000
2016-11-01,6.20000,6.27500,6.12500,6.27500,26400
2016-11-02,6.30500,6.50000,6.10000,6.32500,1800
2016-11-03,5.75000,5.85000,5.60000,5.62500,34000
2016-11-04,5.58500,5.60000,5.42500,5.45000,15000
2016-11-07,5.44500,5.52500,5.30000,5.32500,10200
2016-11-08,5.50500,5.57500,5.37500,5.42500,1600
2016-11-09,5.53500,5.59500,5.35000,5.37500,4800
2016-11-10,5.50000,5.50000,5.42500,5.42500,15200
2016-11-11,5.32500,5.52500,5.32500,5.52500,21000
2016-11-14,5.50000,5.52500,5.32500,5.48000,43000
2016-11-15,5.57500,5.85000,5.45000,5.65000,11400
2016-11-16,5.52500,5.62500,5.33500,5.52500,20400
2016-11-17,5.65000,5.65000,5.62500,5.62500,600
2016-11-18,5.75000,5.87500,5.67500,5.87500,15600
2016-11-22,5.90000,6.12500,5.90000,6.12500,1000
2016-11-23,6.20000,6.42500,6.20000,6.34000,3600
2016-11-25,6.47500,6.47500,5.90000,6.00000,5600
2016-11-28,5.80000,6.02500,5.67500,5.77500,8400
2016-11-29,5.67500,5.67500,5.57500,5.57500,5200
2016-11-30,5.97500,5.97500,5.90000,5.90000,800
2016-12-01,5.51000,5.51000,5.51000,5.51000,200
2016-12-02,5.62500,5.62500,5.62500,5.62500,2600
2016-12-05,5.62500,5.65000,5.53000,5.65000,7400
2016-12-06,5.62500,5.67500,5.62500,5.67500,2600
2016-12-07,5.63500,5.63500,5.63500,5.63500,1200
2016-12-08,5.90000,6.00000,5.63000,5.75000,2600
2016-12-09,5.62500,5.85000,5.62500,5.85000,1200
2016-12-12,5.62500,5.93500,5.62500,5.80500,3600
2016-12-13,5.95000,5.95000,5.82500,5.82500,800
2016-12-15,5.80000,5.93500,5.80000,5.85000,1800
2016-12-16,5.90000,6.42500,5.90000,6.42500,2200
2016-12-19,6.29500,6.29500,6.29500,6.29500,2000
2016-12-20,5.85000,6.16000,5.85000,6.16000,3800
2016-12-21,6.05000,6.05000,6.05000,6.05000,200
2016-12-22,6.00000,6.00000,6.00000,6.00000,2600
2016-12-23,5.72500,5.72500,5.72500,5.72500,800
2016-12-28,5.82500,6.19000,5.82500,6.19000,2200
2016-12-29,6.10000,6.55000,6.10000,6.52500,30600
2016-12-30,6.50000,6.50000,6.45000,6.45000,6000
2017-01-04,6.50000,6.50000,6.37500,6.37500,18800
2017-01-05,6.52500,6.52500,6.27500,6.49000,3200
2017-01-06,6.50000,6.50000,6.39000,6.40000,3200
2017-01-09,6.35000,6.35000,6.35000,6.35000,1200
2017-01-12,6.44500,6.46500,6.33000,6.33000,11600
2017-01-13,6.32500,6.32500,5.95500,5.95500,1600
2017-01-17,6.27500,6.27500,6.27500,6.27500,2000
2017-01-18,6.30000,6.35000,6.30000,6.35000,800
2017-01-19,6.32000,6.32000,6.32000,6.32000,800
2017-01-23,6.50000,6.50000,6.30000,6.31000,2200
2017-01-25,6.38000,6.40000,6.33500,6.33500,1800
2017-01-26,6.15000,6.45000,6.15000,6.28000,9800
2017-01-27,6.32500,6.32500,6.15000,6.30500,8800
2017-01-30,6.25000,6.32500,6.23000,6.32500,2800
2017-01-31,6.25500,6.25500,6.20000,6.25000,15000
2017-02-02,6.27500,6.32500,6.27500,6.32500,2000
2017-02-03,6.35000,6.42500,6.35000,6.42500,21400
2017-02-09,6.15000,6.22500,5.65000,6.22500,21600
2017-02-10,6.07500,6.12500,6.07500,6.10000,3800
2017-02-13,6.22500,6.25000,6.22500,6.25000,7200
2017-02-14,6.25000,6.30000,6.25000,6.29500,6200
2017-02-23,6.02500,6.02500,6.02500,6.02500,1000
2017-03-02,6.32500,6.42500,6.10000,6.12500,5400
2017-03-03,6.02500,6.07500,6.02500,6.07500,800
2017-03-06,6.30000,6.30000,6.30000,6.30000,800
2017-03-09,6.05000,6.27500,6.00000,6.02500,13600
2017-03-20,5.87500,6.28000,5.87500,6.28000,1600
2017-03-28,6.07500,6.07500,5.87500,6.00500,2200
2017-03-29,6.00000,6.00000,6.00000,6.00000,1200
2017-03-30,6.02500,6.02500,6.02500,6.02500,400
2017-04-03,5.95000,6.19000,5.95000,6.05000,12800
2017-04-06,6.10000,6.10000,6.07500,6.07500,800
2017-04-07,6.10000,6.10000,6.02500,6.07500,5200
2017-04-10,6.07500,6.07500,6.02500,6.02500,2000
2017-04-11,6.02500,6.02500,6.02500,6.02500,400
2017-04-12,6.20000,6.28000,6.20000,6.27500,2400
2017-04-18,6.02500,6.02500,6.02500,6.02500,2000
2017-04-19,6.00000,6.35000,6.00000,6.15000,3000
2017-04-20,6.12500,6.12500,5.99500,5.99500,400
2017-04-24,6.00000,6.00000,5.97500,5.99000,17200
2017-04-25,5.87500,5.90000,5.87500,5.87500,7600
2017-04-27,5.77500,5.77500,5.63000,5.63000,2000
2017-04-28,5.65000,5.89000,5.65000,5.89000,1200
2017-05-01,5.75000,5.82500,5.75000,5.82500,1800
2017-05-02,5.95000,5.95000,5.82500,5.85000,4600
2017-05-03,5.85000,5.85000,5.85000,5.85000,400
2017-05-04,5.85000,5.85000,5.75000,5.75000,4400
2017-05-05,5.62500,5.67500,5.62500,5.67500,800
2017-05-09,5.75000,5.75000,5.75000,5.75000,600
2017-05-11,5.40000,5.75000,5.40000,5.75000,800
2017-05-17,5.75000,5.75000,5.75000,5.75000,400
2017-05-19,5.74000,5.74000,5.72500,5.72500,1800
2017-05-22,5.62500,5.62500,5.62500,5.62500,400
2017-05-23,5.62500,5.62500,5.62500,5.62500,200
2017-05-24,5.74500,5.87500,5.71000,5.75000,19600
2017-05-25,5.80000,5.84000,5.75000,5.75000,19000
2017-05-26,5.75000,5.75000,5.75000,5.75000,9200
2017-05-30,5.82500,5.87500,5.82500,5.87500,2200
2017-05-31,5.75000,5.75000,5.75000,5.75000,400
2017-06-01,5.75000,5.83500,5.72500,5.75000,2400
2017-06-05,5.72500,5.73500,5.72500,5.72500,6600
2017-06-06,5.72500,5.85500,5.72500,5.75000,4600
2017-06-12,5.75000,6.00000,5.75000,6.00000,11400
2017-06-13,6.20000,6.20000,6.20000,6.20000,1200
2017-06-14,6.15000,6.20000,6.00000,6.00000,2200
2017-06-15,6.20000,6.20000,6.06000,6.06000,1600
2017-06-16,6.17500,6.17500,6.17500,6.17500,1000
2017-06-19,6.35000,6.35000,5.81000,6.25000,46600
2017-06-20,6.50000,6.50000,6.17500,6.20000,6000
2017-06-21,6.47500,6.47500,6.47500,6.47500,200
2017-06-22,6.32500,6.32500,6.00000,6.00000,400
2017-06-27,5.87500,5.90000,5.87500,5.90000,2200
2017-06-28,5.90000,6.02500,5.90000,5.92500,4600
2017-06-29,5.87500,5.90000,5.87500,5.90000,2000
2017-07-05,6.14000,6.75000,5.92500,6.40000,41200
2017-07-06,6.27500,6.30000,6.27500,6.27500,1000
2017-07-07,6.17500,6.46500,6.17500,6.25000,7200
2017-07-10,6.22500,6.35000,6.09000,6.20000,5400
2017-07-12,6.25000,6.25000,6.19000,6.19000,2600
2017-07-13,6.05000,6.17500,5.95000,6.17500,6200
2017-07-14,6.13000,6.16500,5.96500,6.12500,6400
2017-07-17,6.12000,6.12000,5.82500,6.00000,16000
2017-07-18,6.37500,7.05000,6.37500,6.53000,86200
2017-07-19,6.52500,6.87500,6.52500,6.72500,27200
2017-07-20,6.72500,6.80000,6.72500,6.75000,12600
2017-07-21,6.80000,6.99000,6.80000,6.92500,10600
2017-07-24,6.95000,7.15000,6.95000,7.15000,24800
2017-07-25,7.15000,7.23000,6.82500,6.82500,11000
2017-07-26,7.08500,7.08500,7.05000,7.05000,1200
2017-07-27,7.05000,7.05000,6.92500,7.05000,3800
2017-07-28,6.93000,6.95500,6.92500,6.95500,2200
2017-07-31,7.05000,7.05000,6.80000,7.05000,4200
2017-08-01,7.10000,7.10000,7.10000,7.10000,1200
2017-08-02,7.07000,7.08000,6.90000,6.90000,2800
2017-08-03,6.87500,6.87500,6.87500,6.87500,600
2017-08-08,6.80000,6.80000,6.80000,6.80000,400
2017-08-11,6.70000,6.75000,6.70000,6.75000,3000
2017-08-14,6.75000,6.75000,6.72500,6.72500,1400
2017-08-15,6.75000,6.75000,6.74000,6.74000,1600
2017-08-16,6.75000,6.85000,6.75000,6.85000,6400
2017-08-17,6.87500,6.95000,6.87500,6.95000,2000
2017-08-18,6.90000,6.90000,6.80000,6.85000,3600
2017-08-21,7.00000,7.00000,7.00000,7.00000,1000
2017-08-24,6.77500,6.87500,6.77500,6.87500,800
2017-08-25,6.97500,6.97500,6.97500,6.97500,400
2017-08-28,6.97500,6.97500,6.91000,6.91000,2000
2017-08-29,6.97000,7.00000,6.97000,7.00000,1400
2017-08-30,6.97500,7.00000,6.90000,6.95000,13000
2017-08-31,6.97500,7.17500,6.97500,6.97500,14600
2017-09-01,6.95000,6.95000,6.95000,6.95000,600
2017-09-05,7.15500,7.15500,7.15000,7.15000,1200
2017-09-06,7.05000,7.05000,7.05000,7.05000,2600
2017-09-07,6.95000,6.99000,6.95000,6.99000,1800
2017-09-11,6.91500,6.91500,6.91500,6.91500,2400
2017-09-12,6.95000,7.05000,6.95000,7.05000,600
2017-09-13,6.93000,6.93000,6.93000,6.93000,800
2017-09-14,6.92500,6.99500,6.92500,6.99500,1000
2017-09-15,6.96000,7.00000,6.96000,7.00000,1800
2017-09-18,6.90000,6.90000,6.75500,6.75500,2200
2017-09-19,6.75500,6.82500,6.75500,6.80000,5000
2017-09-20,6.82500,6.82500,6.82500,6.82500,800
2017-09-22,6.85000,6.85000,6.85000,6.85000,400
2017-09-25,6.98000,6.98000,6.98000,6.98000,2000
2017-09-26,6.93500,6.93500,6.93500,6.93500,800
2017-10-02,7.05000,7.05000,7.00000,7.00000,1800
2017-10-03,6.92500,6.99000,6.81500,6.92500,4000
2017-10-04,6.95000,6.95000,6.92500,6.92500,5000
2017-10-05,6.95000,7.00000,6.95000,7.00000,800
2017-10-09,6.94000,7.00000,6.94000,6.97500,3600
2017-10-11,6.97500,6.97500,6.95000,6.95000,11000
2017-10-12,6.95000,6.95000,6.95000,6.95000,2200
2017-10-13,6.97000,6.97000,6.97000,6.97000,200
2017-10-16,7.02500,7.25000,6.95000,6.96500,74600
2017-10-17,7.02500,7.25000,7.00000,7.00000,9200
2017-10-18,6.97500,7.04000,6.90000,7.00000,9200
2017-10-19,6.90000,7.00000,6.87500,6.87500,6400
2017-10-20,6.87500,6.94500,6.85000,6.90000,4000
2017-10-23,6.94000,7.02500,6.94000,7.02500,1000
2017-10-24,7.10000,7.25000,7.05000,7.15000,23600
2017-10-25,7.45000,7.45000,6.95000,7.12500,7000
2017-10-26,7.25000,7.25000,7.17500,7.22500,2000
2017-10-27,7.12500,7.22500,7.12500,7.22500,9200
2017-10-30,7.37000,8.95000,7.30500,7.87500,20600
2017-10-31,7.97500,8.76000,7.80000,7.82000,11600
2017-11-01,7.55500,8.42500,7.55500,8.37500,2000
2017-11-02,8.02500,8.07500,7.77500,7.87500,4400
2017-11-03,8.25000,8.25000,7.62500,7.62500,3400
2017-11-06,7.70000,8.07500,7.70000,7.83000,4200
2017-11-07,7.87500,7.87500,7.70000,7.87500,2000
2017-11-09,7.87500,7.87500,7.87500,7.87500,400
2017-11-10,8.12500,8.12500,7.71500,7.71500,9400
2017-11-13,7.75000,7.75000,6.80000,7.27500,7800
2017-11-14,7.25000,7.25000,7.06500,7.25000,4000
2017-11-15,7.20000,8.06000,7.17500,7.50000,10200
2017-11-16,7.71000,7.75000,7.71000,7.75000,400
2017-11-17,7.87500,7.87500,7.59000,7.59000,1200
2017-11-20,7.60000,7.75500,7.60000,7.75500,4200
2017-11-21,7.75000,7.75000,7.75000,7.75000,1000
2017-11-22,7.57500,7.57500,7.57500,7.57500,600
2017-11-24,7.41000,7.42500,7.41000,7.42500,9400
2017-11-27,7.51500,7.75000,7.51500,7.75000,10400
2017-11-28,7.77500,7.79000,7.67500,7.67500,5000
2017-11-29,7.64500,7.64500,7.35000,7.50000,11000
2017-11-30,7.62500,7.62500,7.62500,7.62500,1200
2017-12-01,7.95000,7.95000,7.95000,7.95000,800
2017-12-04,7.93000,7.93000,7.75000,7.75000,8200
2017-12-05,7.50000,7.70000,7.50000,7.55000,11000
2017-12-06,7.57500,7.92500,7.57500,7.87500,4000
2017-12-07,7.70000,7.70000,7.32500,7.36000,6000
2017-12-08,7.36000,7.36000,7.36000,7.36000,2800
2017-12-11,7.45000,7.60000,7.37500,7.60000,2800
2017-12-12,7.60000,7.60000,7.60000,7.60000,2400
2017-12-13,7.30000,7.75000,7.30000,7.57500,9800
2017-12-14,7.60000,7.60000,7.60000,7.60000,20200
2017-12-15,7.70000,7.70000,7.70000,7.70000,5800
2017-12-18,7.70000,7.70000,7.62500,7.62500,3200
2017-12-19,7.75000,7.75000,7.75000,7.75000,600
2017-12-20,7.66000,7.67500,7.66000,7.66000,2800
2017-12-21,7.67500,7.75000,7.67500,7.75000,4400
2017-12-22,7.70000,7.70000,7.38500,7.55000,7800
2017-12-26,7.79000,7.79000,7.25000,7.57500,18600
2017-12-27,7.72000,7.72000,7.47500,7.47500,9000
2017-12-28,7.62500,7.62500,7.50000,7.50000,2000
2018-01-02,7.71500,7.71500,7.52500,7.62500,4600
2018-01-03,7.50000,7.67500,7.50000,7.67500,1400
2018-01-04,7.45000,7.45000,7.15000,7.15000,6000
2018-01-05,7.10000,7.12500,6.72500,6.87500,69600
2018-01-08,6.87500,7.25000,6.50000,7.25000,11800
2018-01-09,7.15000,7.27500,6.67500,6.85000,44400
2018-01-10,6.97500,7.30000,6.97500,7.20000,5000
2018-01-11,7.32500,7.91500,7.30000,7.70000,11800
2018-01-12,7.62500,7.62500,7.32500,7.42500,2800
2018-01-16,7.47500,7.87500,7.35000,7.85000,21000
2018-01-17,7.52500,7.71500,7.52500,7.52500,60200
2018-01-18,7.56500,7.72500,7.55000,7.67500,3200
2018-01-19,7.75000,7.75500,7.55000,7.64500,8000
2018-01-23,7.55000,7.55000,7.52500,7.52500,4200
2018-01-25,7.52500,7.52500,7.52500,7.52500,8800
2018-01-26,7.67500,7.67500,7.52500,7.52500,22000
2018-01-29,7.06500,7.06500,7.06500,7.06500,400
2018-01-30,7.12500,7.35000,7.12500,7.32500,6600
2018-01-31,7.32500,7.32500,7.32500,7.32500,1600
2018-02-01,7.67500,7.67500,7.67500,7.67500,200
2018-02-02,7.01500,7.01500,7.01500,7.01500,400
2018-02-05,7.50000,7.50000,7.50000,7.50000,1000
2018-02-06,7.40000,7.40000,7.40000,7.40000,1200
2018-02-08,7.12500,7.50000,7.12500,7.50000,1200
2018-02-12,7.25500,7.25500,7.25500,7.25500,1400
2018-02-20,7.27500,7.40000,7.27500,7.30000,1600
2018-02-22,7.27500,7.27500,7.27500,7.27500,3200
2018-02-23,7.30500,7.35000,7.30000,7.35000,7600
2018-02-27,7.35000,7.35000,7.35000,7.35000,2600
2018-03-01,7.45000,7.45000,7.45000,7.45000,600
2018-03-02,7.35000,7.50000,7.35000,7.50000,2400
2018-03-05,7.62500,7.62500,7.37500,7.37500,1600
2018-03-06,7.41000,7.41000,7.35000,7.35000,800
2018-03-07,7.40000,7.50000,7.30000,7.30000,8200
2018-03-08,7.30000,7.32500,7.30000,7.30000,1200
2018-03-13,7.25000,7.25000,7.25000,7.25000,2600
2018-03-15,7.25000,7.27500,7.25000,7.27500,14600
2018-03-16,7.22500,7.35000,7.20000,7.20000,5800
2018-03-19,7.22500,7.22500,7.22500,7.22500,200
2018-03-21,7.47500,7.47500,7.47500,7.47500,600
2018-03-23,7.37500,7.37500,7.37500,7.37500,400
2018-03-29,7.42500,7.42500,7.35000,7.35000,1000
2018-04-02,7.30000,7.32000,7.30000,7.30000,1600
2018-04-05,7.30000,7.30000,7.30000,7.30000,400
2018-04-10,7.30000,7.30000,7.30000,7.30000,600
2018-04-12,7.27500,7.27500,7.27500,7.27500,5400
2018-04-13,7.28000,7.28000,7.27500,7.27500,1000
2018-04-17,7.50000,7.50000,7.40000,7.48500,39000
2018-04-18,7.50000,7.50000,7.38000,7.38000,1800
2018-04-20,7.47500,7.50000,7.47500,7.50000,1400
2018-04-23,7.45000,7.50000,7.45000,7.50000,2600
2018-04-25,7.46000,7.46000,7.46000,7.46000,1000
2018-04-27,7.35500,7.35500,7.35500,7.35500,1200
2018-04-30,7.35000,7.37500,7.35000,7.37500,1000
2018-05-01,7.47500,7.50000,7.47500,7.50000,2000
2018-05-02,7.36000,7.36000,7.36000,7.36000,400
2018-05-07,7.32500,7.32500,7.27500,7.27500,3600
2018-05-09,7.40000,7.40500,7.40000,7.40500,1400
2018-05-10,7.45000,7.65000,7.45000,7.57000,5800
2018-05-11,7.95000,8.16000,7.68500,7.75000,11000
2018-05-14,7.92000,7.92000,7.92000,7.92000,2400
2018-05-15,8.12500,8.45000,8.12500,8.45000,600
2018-05-16,8.01500,8.01500,8.01500,8.01500,1200
2018-05-17,8.01000,8.40500,8.01000,8.35000,2400
2018-05-18,8.30000,8.30000,8.07500,8.07500,1200
2018-05-21,8.32500,8.32500,8.05000,8.05000,2000
2018-05-22,8.22500,8.22500,8.22500,8.22500,600
2018-05-23,8.07500,8.07500,8.07500,8.07500,400
2018-05-24,8.10000,8.10000,8.10000,8.10000,800
2018-05-25,8.20000,8.20000,8.20000,8.20000,400
2018-05-29,8.96000,8.96000,8.00000,8.32000,6500
2018-05-30,8.35000,8.35000,8.05000,8.05000,1200
2018-05-31,8.35000,8.38000,8.05000,8.05000,1200
2018-06-01,8.14000,8.14000,7.50000,7.85000,8000
2018-06-04,7.90000,7.90000,7.55000,7.55000,800
2018-06-05,7.55000,7.75000,7.49000,7.55000,21000
2018-06-06,7.58000,8.25000,7.58000,7.88000,3300
2018-06-07,8.25000,8.25000,7.79000,8.10000,5000
2018-06-08,8.12000,8.12000,7.75000,7.75000,1600
2018-06-11,8.00000,8.00000,8.00000,8.00000,900
2018-06-12,8.20000,8.20000,7.86000,8.00000,3500
2018-06-13,8.10000,8.20000,7.85000,8.10000,5100
2018-06-14,8.45000,8.45000,8.20000,8.20000,3200
2018-06-15,8.15000,8.15000,7.70000,7.75000,4000
2018-06-18,7.95000,8.00000,7.75000,7.80000,6600
2018-06-19,7.80000,8.10000,7.70000,7.70000,6100
2018-06-20,8.00000,8.00000,8.00000,8.00000,1200
2018-06-21,8.00000,8.00000,8.00000,8.00000,900
2018-06-22,8.00000,8.00000,7.75000,7.75000,1800
2018-06-25,7.76000,8.00000,7.76000,8.00000,900
2018-06-26,8.00000,8.00000,7.85000,7.90000,1800
2018-06-27,7.95000,7.95000,7.95000,7.95000,1200
2018-06-28,7.76000,7.90000,7.75000,7.90000,3700
2018-06-29,7.95000,7.95000,7.95000,7.95000,1900
2018-07-02,7.85000,7.85000,7.85000,7.85000,100
2018-07-03,7.90000,7.90000,7.85000,7.90000,1200
2018-07-05,7.76000,7.76000,7.76000,7.76000,100
2018-07-09,7.81000,7.81000,7.80000,7.80000,400
2018-07-10,7.85000,7.90000,7.75000,7.75000,1900
2018-07-11,7.75000,7.75000,7.75000,7.75000,1300
2018-07-12,7.90000,8.25000,7.90000,8.00000,23000
2018-07-13,7.95000,8.00000,7.85000,8.00000,2800
2018-07-16,8.25000,8.25000,8.05000,8.05000,2500
2018-07-17,8.03000,8.05000,8.03000,8.05000,1900
2018-07-18,8.05000,8.05000,8.00000,8.00000,900
2018-07-19,8.00000,8.05000,7.85000,7.85000,1500
2018-07-20,7.85000,8.00000,7.80000,7.90000,2600
2018-07-23,7.85000,7.91000,7.85000,7.91000,500
2018-07-24,7.91000,7.91000,7.90000,7.90000,600
2018-07-25,7.90000,7.90000,7.90000,7.90000,1700
2018-07-26,7.75000,8.30000,7.75000,8.05000,63200
2018-07-27,7.90000,8.05000,7.80000,7.85000,2000
2018-07-30,7.88000,7.96000,7.88000,7.95000,4000
2018-07-31,7.95000,8.00000,7.90000,8.00000,2000
2018-08-01,8.02000,8.55000,8.00000,8.00000,60300
2018-08-02,8.50000,8.50000,7.92000,7.95000,2700
2018-08-03,7.85000,8.45000,7.85000,8.00000,8300
2018-08-06,7.95000,7.95000,7.85000,7.95000,6700
2018-08-07,7.95000,8.50000,7.95000,8.45000,11200
2018-08-08,8.25000,8.50000,8.25000,8.40000,2600
2018-08-09,8.35000,8.65000,8.35000,8.65000,800
2018-08-10,8.10000,8.55000,8.01000,8.35000,3300
2018-08-13,8.30000,8.50000,8.30000,8.50000,1100
2018-08-14,8.45000,8.50000,8.45000,8.45000,1500
2018-08-15,8.45000,8.70000,8.45000,8.65000,44400
2018-08-16,8.48000,8.75000,8.48000,8.53000,2100
2018-08-17,8.30000,8.80000,8.30000,8.80000,2800
2018-08-20,8.40000,8.80000,8.40000,8.80000,900
2018-08-21,8.50000,8.80000,8.50000,8.80000,1200
2018-08-22,8.70000,8.93000,8.61000,8.80000,1600
2018-08-23,8.95000,8.95000,8.92000,8.92000,400
2018-08-24,8.50000,8.76000,8.50000,8.76000,500
2018-08-27,8.80000,8.80000,8.55000,8.55000,500
2018-08-29,8.78000,8.91000,8.75000,8.75000,800
2018-08-30,8.95000,8.95000,8.95000,8.95000,400
2018-08-31,8.88000,8.88000,8.68000,8.68000,700
2018-09-04,8.65000,8.65000,8.55000,8.65000,1900
2018-09-05,8.50000,8.90000,8.50000,8.55000,2000
2018-09-06,8.50000,8.55000,8.50000,8.50000,3400
2018-09-07,8.50000,8.50000,8.50000,8.50000,2700
2018-09-10,8.50000,8.55000,8.15000,8.15000,4100
2018-09-11,8.15000,8.20000,7.80000,7.80000,1900
2018-09-12,8.00000,8.20000,8.00000,8.10000,3600
2018-09-13,8.50000,8.60000,8.12000,8.60000,3600
2018-09-14,8.60000,8.60000,8.60000,8.60000,200
2018-09-17,8.50000,8.50000,8.18000,8.35000,8100
2018-09-18,8.20000,8.40000,8.01000,8.40000,1100
2018-09-19,8.06000,8.06000,8.06000,8.06000,200
2018-09-20,8.11000,8.15000,8.11000,8.13000,500
2018-09-21,8.15000,9.15000,8.05000,8.45000,53800
2018-09-24,8.45000,8.49000,8.45000,8.45000,1900
2018-09-25,8.15000,8.56000,8.12000,8.30000,6300
2018-09-26,8.25000,9.05000,8.25000,8.75000,31200
2018-09-27,8.90000,8.90000,8.85000,8.90000,3000
2018-09-28,9.15000,9.15000,8.99000,9.00000,800
2018-10-01,9.16000,9.20000,8.85000,9.05000,3300
2018-10-02,8.81000,9.20000,8.64000,9.09000,1300
2018-10-03,9.20000,9.20000,9.01000,9.20000,500
2018-10-04,9.15000,9.15000,9.02000,9.02000,2200
2018-10-08,8.71000,8.71000,8.71000,8.71000,1100
2018-10-09,9.00000,9.00000,8.81000,8.81000,1500
2018-10-10,8.83000,9.68000,8.81000,9.01000,20200
2018-10-11,8.76000,9.05000,8.76000,9.05000,1800
2018-10-12,9.05000,9.10000,9.05000,9.10000,2000
2018-10-15,9.87000,9.95000,9.65000,9.78000,26100
2018-10-16,9.80000,10.00000,9.41000,9.75000,2500
2018-10-17,9.46000,10.00000,9.40000,10.00000,3200
2018-10-18,9.60000,9.60000,9.58000,9.60000,3600
2018-10-19,9.60000,9.85000,9.60000,9.85000,1800
2018-10-22,9.77000,9.77000,9.42000,9.46000,2600
2018-10-24,9.56000,9.95000,9.40000,9.95000,16800
2018-10-25,9.60000,9.60000,9.40000,9.41000,7500
2018-10-26,9.45000,9.45000,9.45000,9.45000,500
2018-10-29,9.40000,9.50000,9.40000,9.50000,900
2018-10-30,9.46000,9.46000,8.85000,8.89000,6500
2018-10-31,8.99000,9.21000,8.99000,9.21000,600
2018-11-01,9.14000,9.22000,9.14000,9.22000,500
2018-11-02,9.19000,9.25000,9.19000,9.25000,300
2018-11-05,9.25000,9.36000,8.93000,8.93000,2300
2018-11-06,9.15000,9.37000,8.99000,9.37000,1100
2018-11-07,9.10000,9.10000,9.10000,9.10000,200
2018-11-08,8.76000,9.40000,8.76000,8.77000,3700
2018-11-09,8.50000,8.60000,8.20000,8.33000,8700
2018-11-12,8.35000,8.70000,8.35000,8.41000,5900
2018-11-13,9.24000,9.24000,8.50000,8.60000,1100
2018-11-14,8.60000,8.60000,8.60000,8.60000,100
2018-11-15,8.60000,8.60000,8.60000,8.60000,100
2018-11-16,8.39000,8.39000,7.70000,8.28000,12800
2018-11-19,7.75000,8.00000,7.38000,7.40000,6500
2018-11-20,7.50000,7.86000,7.50000,7.70000,2000
2018-11-21,7.85000,7.95000,7.85000,7.85000,3100
2018-11-23,7.50000,8.25000,7.50000,8.04000,500
2018-11-26,7.70000,7.90000,7.33000,7.33000,5700
2018-11-27,7.59000,7.59000,7.25000,7.31000,2900
2018-11-28,7.31000,7.31000,7.31000,7.31000,100
2018-11-29,7.31000,7.50000,7.31000,7.33000,4300
2018-11-30,7.65000,7.65000,7.32000,7.32000,1100
2018-12-03,7.58000,7.58000,7.31000,7.45000,1800
2018-12-04,7.37000,7.37000,7.37000,7.37000,1900
2018-12-06,7.31000,7.35000,7.28000,7.28000,5700
2018-12-07,7.30000,7.42000,7.30000,7.42000,1100
2018-12-10,7.75000,7.75000,7.45000,7.45000,200
2018-12-11,7.50000,7.87000,7.50000,7.51000,1100
2018-12-12,7.52000,7.52000,7.52000,7.52000,400
2018-12-13,8.99000,8.99000,7.99000,8.10000,2100
2018-12-14,8.19000,8.19000,8.19000,8.19000,200
2018-12-17,8.15000,8.15000,7.41000,7.41000,1000
2018-12-18,7.65000,8.18000,7.47000,7.47000,16600
2018-12-19,8.22000,8.22000,7.36000,7.43000,1600
2018-12-20,7.62000,7.62000,7.45000,7.60000,1200
2018-12-21,7.40000,7.40000,7.15000,7.26000,11800
2018-12-24,7.20000,7.24000,7.20000,7.24000,400
2018-12-26,7.20000,7.44000,7.20000,7.44000,1100
2018-12-27,7.20000,7.23000,7.20000,7.23000,4200
2018-12-28,7.25000,7.34000,7.15000,7.34000,7900
2018-12-31,7.15000,7.19000,6.69000,7.11000,7900
2019-01-02,7.11000,7.11000,7.11000,7.11000,600
2019-01-03,7.11000,7.11000,7.11000,7.11000,100
2019-01-04,7.11000,7.11000,7.11000,7.11000,100
2019-01-07,7.11000,7.11000,7.11000,7.11000,100
2019-01-08,7.06000,7.06000,6.23000,6.46000,10400
2019-01-09,6.80000,7.12000,6.55000,6.72000,10900
2019-01-10,6.99000,7.04000,6.80000,7.01000,2900
2019-01-11,6.85000,7.00000,6.73000,6.75000,8600
2019-01-14,7.02000,7.02000,7.00000,7.00000,800
2019-01-15,7.04000,7.04000,6.91000,6.91000,500
2019-01-16,6.91000,6.91000,6.91000,6.91000,100
2019-01-17,7.96000,7.96000,7.05000,7.15000,2000
2019-01-18,7.63000,7.94000,7.45000,7.50000,5600
2019-01-22,7.16000,7.16000,7.16000,7.16000,300
2019-01-23,7.19000,7.19000,7.15000,7.15000,5200
2019-01-24,7.15000,7.15000,7.15000,7.15000,100
2019-01-25,7.27000,7.55000,7.27000,7.45000,3800
2019-01-28,7.45000,7.45000,7.40000,7.40000,400
2019-01-29,7.41000,7.44000,7.41000,7.44000,7000
2019-01-30,7.55000,7.55000,7.55000,7.55000,200
2019-01-31,7.55000,7.55000,7.55000,7.55000,100
2019-02-01,7.20000,7.55000,7.20000,7.55000,1100
2019-02-04,7.16000,7.20000,7.15000,7.15000,5000
2019-02-05,7.17000,7.53000,7.15000,7.16000,4600
2019-02-06,7.16000,7.16000,7.16000,7.16000,100
2019-02-07,7.19000,7.20000,7.19000,7.20000,700
2019-02-08,7.51000,7.51000,7.51000,7.51000,1100
2019-02-11,7.50000,7.50000,7.17000,7.20000,1100
2019-02-12,7.18000,7.36000,7.18000,7.20000,1400
2019-02-13,7.20000,7.42000,7.15000,7.42000,4300
2019-02-14,7.15000,7.47000,7.15000,7.15000,4300
2019-02-15,7.15000,7.43000,7.01000,7.15000,17100
2019-02-19,7.32000,7.32000,7.30000,7.30000,300
2019-02-20,7.36000,7.36000,7.02000,7.02000,1100
2019-02-21,7.31000,7.55000,7.31000,7.55000,2100
2019-02-22,7.55000,7.65000,7.19000,7.23000,12700
2019-02-25,7.15000,7.64000,7.15000,7.42000,4500
2019-02-26,7.40000,7.45000,7.40000,7.45000,600
2019-02-27,7.54000,7.54000,7.23000,7.23000,500
2019-02-28,7.23000,7.23000,7.23000,7.23000,100
2019-03-01,7.48000,7.52000,7.48000,7.52000,300
2019-03-04,7.52000,7.52000,7.52000,7.52000,100
2019-03-05,7.13000,7.23000,7.10000,7.23000,3300
2019-03-06,7.32000,8.40000,7.32000,8.00000,30200
2019-03-07,8.01000,8.03000,7.65000,7.80000,4600
2019-03-08,7.90000,8.44000,7.88000,7.95000,2800
2019-03-11,7.55000,8.01000,7.55000,7.65000,2900
2019-03-13,7.55000,8.79000,7.55000,8.08000,71100
2019-03-14,8.05000,8.15000,8.05000,8.15000,1100
2019-03-15,8.20000,8.20000,7.85000,7.90000,3200
2019-03-18,8.18000,9.19000,7.78000,8.35000,78000
2019-03-19,8.70000,8.75000,8.00000,8.00000,18700
2019-03-20,8.10000,8.10000,8.01000,8.01000,3000
2019-03-21,8.02000,8.20000,8.02000,8.12000,4000
2019-03-22,8.10000,8.46000,8.05000,8.21000,6200
2019-03-25,8.04000,8.04000,7.91000,7.91000,400
2019-03-27,7.91000,9.12000,7.91000,8.95000,70600
2019-03-28,8.78000,9.00000,8.31000,8.60000,15700
2019-03-29,8.80000,9.22000,8.55000,8.55000,7900
2019-04-01,8.75000,9.00000,8.50000,8.85000,9300
2019-04-02,8.75000,9.11000,8.62000,9.05000,10600
2019-04-03,9.15000,9.20000,8.97000,9.20000,45000
2019-04-04,9.16000,9.32000,9.02000,9.29000,22000
2019-04-05,9.02000,9.15000,8.63000,9.08000,30100
2019-04-08,8.73000,9.25000,8.50000,9.08000,16200
2019-04-09,8.80000,9.15000,8.60000,8.62000,5300
2019-04-10,8.65000,8.75000,8.42000,8.65000,2200
2019-04-11,8.80000,8.80000,8.65000,8.70000,900
2019-04-12,8.90000,8.95000,8.30000,8.67000,16000
2019-04-15,8.73000,8.73000,8.50000,8.65000,1000
2019-04-16,8.21000,8.26000,6.95000,7.85000,10200
2019-04-17,7.85000,8.15000,7.75000,8.05000,4900
2019-04-18,7.54000,8.25000,7.54000,8.02000,1500
2019-04-22,8.00000,8.00000,7.59000,7.59000,1200
2019-04-23,7.63000,7.75000,7.60000,7.65000,6900
2019-04-24,7.71000,7.99000,7.71000,7.99000,1500
2019-04-25,7.99000,7.99000,7.99000,7.99000,100
2019-04-26,7.99000,7.99000,7.99000,7.99000,100
2019-04-29,7.69000,7.69000,7.69000,7.69000,800
2019-04-30,7.69000,7.69000,7.69000,7.69000,100
2019-05-01,7.75000,7.75000,7.75000,7.75000,200
2019-05-02,7.59000,8.36000,7.59000,8.08000,10300
2019-05-03,8.08000,8.08000,7.87000,7.87000,1100
2019-05-06,7.65000,7.80000,7.65000,7.65000,1100
2019-05-07,7.70000,7.95000,7.57000,7.72000,4400
2019-05-08,7.72000,7.72000,7.57000,7.57000,500
2019-05-09,7.60000,7.60000,7.60000,7.60000,200
2019-05-10,7.61000,7.64000,7.61000,7.64000,1100
2019-05-13,7.41000,7.41000,7.41000,7.41000,100
2019-05-14,7.70000,7.71000,7.70000,7.70000,800
2019-05-15,7.94000,8.36000,7.77000,7.92000,22200
2019-05-16,8.10000,8.10000,7.81000,7.96000,300
2019-05-17,7.85000,8.08000,7.85000,8.08000,2600
2019-05-20,8.11000,8.16000,8.08000,8.08000,5200
2019-05-21,7.86000,7.91000,7.81000,7.91000,500
2019-05-23,7.82000,7.82000,7.70000,7.70000,8400
2019-05-24,7.45000,7.82000,7.41000,7.82000,5200
2019-05-28,8.14000,8.14000,7.75000,7.75000,5300
2019-05-29,8.12000,8.26000,7.43000,7.59000,9200
2019-05-30,7.51000,7.70000,7.45000,7.47000,2800
2019-05-31,7.45000,7.69000,7.45000,7.69000,1400
2019-06-03,7.50000,7.69000,7.45000,7.45000,6100
2019-06-04,7.62000,7.62000,7.47000,7.47000,400
2019-06-05,7.50000,7.50000,7.02000,7.02000,2300
2019-06-06,7.04000,7.31000,7.00000,7.00000,1100
2019-06-07,7.19000,8.15000,7.01000,8.15000,7700
2019-06-10,7.52000,7.60000,7.30000,7.30000,9900
2019-06-11,7.30000,7.30000,7.19000,7.19000,1200
2019-06-12,7.19000,7.19000,7.19000,7.19000,100
2019-06-13,7.21000,8.33000,7.21000,8.14000,32400
2019-06-14,8.35000,8.38000,7.78000,8.38000,4000
2019-06-17,8.36000,9.05000,8.36000,8.85000,40400
2019-06-18,8.63000,8.97000,8.36000,8.36000,3800
2019-06-19,8.36000,8.55000,8.36000,8.55000,900
2019-06-20,8.90000,8.90000,7.67000,8.63000,600
2019-06-21,8.80000,8.90000,8.45000,8.90000,1800
2019-06-24,8.11000,8.90000,8.11000,8.90000,2200
2019-06-25,8.90000,8.90000,8.90000,8.90000,200
2019-06-26,8.57000,8.57000,8.10000,8.10000,400
2019-06-27,8.10000,8.10000,8.10000,8.10000,100
2019-06-28,8.30000,8.30000,8.30000,8.30000,200
2019-07-01,8.71000,8.78000,8.58000,8.76000,900
2019-07-02,8.52000,8.68000,8.52000,8.68000,600
2019-07-03,9.10000,9.10000,8.68000,8.90000,900
2019-07-05,8.41000,8.41000,8.41000,8.41000,200
2019-07-08,8.60000,8.77000,8.60000,8.77000,3100
2019-07-09,8.61000,8.86000,8.58000,8.86000,2200
2019-07-10,8.90000,8.90000,8.89000,8.90000,1600
2019-07-11,8.90000,8.90000,8.90000,8.90000,400
2019-07-12,8.75000,8.75000,8.75000,8.75000,400
2019-07-15,8.70000,8.70000,8.51000,8.51000,1300
2019-07-16,8.75000,8.75000,8.69000,8.69000,2500
2019-07-17,8.72000,8.72000,8.51000,8.55000,7800
2019-07-18,8.51000,8.51000,8.51000,8.51000,700
2019-07-19,8.43000,8.43000,8.23000,8.23000,8400
2019-07-22,8.40000,8.65000,8.30000,8.33000,16600
2019-07-23,8.36000,8.36000,8.00000,8.00000,6200
2019-07-24,8.06000,8.06000,8.06000,8.06000,300
2019-07-25,7.85000,8.30000,7.85000,8.30000,3900
2019-07-26,8.78000,8.80000,7.76000,7.90000,8900
2019-07-29,7.81000,7.81000,7.81000,7.81000,300
2019-07-31,7.85000,8.28000,7.85000,7.97000,3000
2019-08-01,8.20000,8.43000,8.05000,8.05000,9000
2019-08-02,8.34000,8.54000,7.79000,7.83000,9800
2019-08-05,7.84000,7.95000,7.80000,7.80000,4900
2019-08-06,7.90000,8.08000,7.84000,7.84000,1700
2019-08-07,8.00000,8.01000,7.76000,7.83000,4400
2019-08-08,7.97000,8.27000,7.76000,7.76000,6300
2019-08-09,7.90000,7.90000,7.70000,7.79000,7800
2019-08-12,7.90000,7.90000,7.90000,7.90000,200
2019-08-13,8.26000,8.26000,8.26000,8.26000,300
2019-08-14,8.26000,8.26000,8.26000,8.26000,100
2019-08-15,8.26000,8.26000,8.26000,8.26000,100
2019-08-26,7.85000,8.28000,7.85000,8.10000,3600
2019-08-27,8.26000,8.26000,8.04000,8.04000,600
2019-09-04,7.77000,8.10000,7.75000,8.10000,1100
2019-09-05,8.00000,8.00000,8.00000,8.00000,200
2019-09-06,7.73000,7.73000,7.71000,7.71000,1400
2019-09-10,7.69000,7.71000,7.66000,7.71000,1900
2019-09-11,7.65000,7.71000,7.41000,7.41000,1500
2019-09-12,7.40000,7.69000,7.40000,7.69000,500
2019-09-13,7.71000,7.71000,7.69000,7.69000,500
2019-09-16,7.84000,7.84000,7.84000,7.84000,500
2019-09-17,7.87000,7.97000,7.87000,7.97000,1200
2019-09-18,7.62000,7.85000,7.18000,7.85000,3100
2019-09-19,7.49000,7.78000,7.49000,7.78000,1200
2019-09-20,8.00000,8.00000,7.45000,7.45000,2300
2019-09-23,7.57000,7.57000,7.57000,7.57000,300
2019-09-24,7.56000,7.56000,7.56000,7.56000,600
2019-09-25,7.56000,7.56000,7.56000,7.56000,100
2019-09-26,7.63000,7.96000,7.63000,7.96000,1600
2019-09-27,7.97000,7.98000,7.97000,7.98000,500
2019-10-01,7.58000,7.63000,7.58000,7.63000,1500
2019-10-02,7.63000,7.63000,7.63000,7.63000,100
2019-10-03,7.63000,7.63000,7.63000,7.63000,100
2019-10-04,7.60000,7.60000,7.57000,7.57000,400
2019-10-07,7.60000,7.60000,7.60000,7.60000,100
2019-10-08,7.60000,7.60000,7.60000,7.60000,100
2019-10-09,7.60000,7.60000,7.60000,7.60000,100
2019-10-10,7.60000,7.67000,7.60000,7.67000,1000
2019-10-15,7.67000,7.67000,7.67000,7.67000,100
2019-10-16,7.69000,7.99000,7.69000,7.99000,500
2019-10-17,7.99000,7.99000,7.99000,7.99000,100
2019-10-22,7.99000,7.99000,7.99000,7.99000,100
2019-10-24,7.85000,7.85000,7.73000,7.75000,1500
2019-10-28,7.75000,7.75000,7.75000,7.75000,100
2019-10-29,7.65000,7.69000,7.60000,7.69000,700
2019-10-30,7.69000,7.69000,7.69000,7.69000,100
2019-10-31,7.80000,7.80000,7.72000,7.72000,1600
2019-11-01,7.72000,7.75000,7.71000,7.72000,2400
2019-11-04,7.61000,7.95000,7.61000,7.75000,9300
2019-11-05,7.75000,7.75000,7.75000,7.75000,100
2019-11-07,7.80000,7.87000,7.80000,7.87000,300
2019-11-08,7.75000,7.75000,7.75000,7.75000,300
2019-11-11,7.75000,7.75000,7.75000,7.75000,300
2019-11-12,7.75000,7.75000,7.75000,7.75000,300
2019-11-13,7.75000,7.75000,7.75000,7.75000,200
2019-11-14,8.00000,8.02000,7.81000,7.81000,19500
2019-11-15,8.00000,8.00000,7.96000,7.99000,16500
2019-11-18,7.98000,7.98000,7.98000,7.98000,300
2019-11-19,8.00000,8.00000,8.00000,8.00000,3800
2019-11-20,7.99000,8.00000,7.99000,7.99000,2100
2019-11-21,7.98000,8.00000,7.98000,7.98000,8200
2019-11-22,8.00000,8.00000,8.00000,8.00000,2100
2019-11-26,7.98000,7.98000,7.96000,7.96000,2100
2019-11-27,7.94000,7.97000,7.93000,7.96000,3300
2019-12-03,7.95000,7.95000,7.95000,7.95000,300
2019-12-04,7.93000,8.00000,7.81000,7.81000,900
2019-12-05,7.86000,7.86000,7.86000,7.86000,600
2019-12-06,7.88000,7.88000,7.88000,7.88000,200
2019-12-09,7.86000,8.00000,7.86000,8.00000,1500
2019-12-10,7.96000,7.96000,7.95000,7.95000,300
2019-12-11,7.93000,8.00000,7.93000,8.00000,2000
2019-12-12,8.00000,8.00000,7.88000,7.88000,10900
2019-12-13,7.93000,8.01000,7.93000,8.00000,4400
2019-12-16,8.00000,8.00000,7.87000,7.96000,10300
2019-12-17,7.96000,7.96000,7.96000,7.96000,200
2019-12-18,7.87000,7.87000,7.87000,7.87000,200
2019-12-19,7.90000,7.90000,7.90000,7.90000,400
2019-12-23,7.99000,8.00000,7.99000,8.00000,2800
2019-12-24,7.98000,8.14000,7.98000,8.06000,2500
2019-12-26,7.96000,8.01000,7.92000,8.01000,300
2019-12-27,8.00000,8.00000,7.97000,7.97000,1500
2019-12-30,7.91000,7.91000,7.90000,7.90000,1300
2019-12-31,7.90000,7.97000,7.71000,7.71000,1700
2020-01-02,7.98000,7.98000,7.98000,7.98000,600
2020-01-03,7.99000,8.00000,7.90000,7.91000,4000
2020-01-06,8.00000,8.00000,8.00000,8.00000,800
2020-01-07,8.00000,8.00000,8.00000,8.00000,1400
2020-01-10,7.91000,8.00000,7.88000,7.99000,6700
2020-01-13,7.75000,7.95000,7.75000,7.95000,2100
2020-01-14,7.74000,8.00000,7.74000,7.74000,900
2020-01-15,7.77000,7.93000,7.77000,7.93000,1000
2020-01-17,7.93000,7.93000,7.79000,7.79000,500
2020-01-21,7.78000,7.90000,7.78000,7.90000,500
2020-01-22,7.78000,7.78000,7.76000,7.76000,500
2020-01-23,7.72000,7.80000,7.71000,7.73000,1300
2020-01-24,7.74000,7.74000,7.74000,7.74000,400
2020-01-27,7.70000,7.70000,7.70000,7.70000,300
2020-01-29,7.80000,7.80000,7.73000,7.73000,400
2020-01-31,7.70000,7.74000,7.57000,7.57000,4700
2020-02-03,7.69000,7.69000,7.40000,7.65000,2600
2020-02-04,7.68000,7.68000,7.55000,7.55000,1300
2020-02-06,7.26000,7.27000,7.26000,7.27000,300
2020-02-07,7.28000,7.50000,7.28000,7.46000,7400
2020-02-10,7.39000,7.46000,7.39000,7.46000,700
2020-02-11,7.34000,7.34000,7.33000,7.33000,200
2020-02-12,7.37000,7.60000,7.37000,7.60000,2600
2020-02-13,7.44000,7.60000,7.44000,7.60000,2400
2020-02-14,7.48000,7.69000,7.48000,7.69000,1400
2020-02-18,7.37000,7.41000,7.37000,7.41000,200
2020-02-19,7.68000,7.81000,7.34000,7.34000,1500
2020-02-20,7.80000,7.82000,7.80000,7.81000,1400
2020-02-21,7.80000,8.00000,7.80000,7.81000,6000
2020-02-24,7.43000,7.47000,7.43000,7.47000,200
2020-02-25,7.35000,7.43000,7.31000,7.34000,1200
2020-02-26,7.34000,7.53000,7.34000,7.48000,1200
2020-02-27,7.35000,7.35000,7.32000,7.34000,600
2020-02-28,7.25000,7.25000,7.00000,7.00000,17100
2020-03-02,7.00000,7.05000,7.00000,7.01000,2500
2020-03-03,7.00000,7.00000,7.00000,7.00000,3500
2020-03-04,7.00000,7.02000,7.00000,7.00000,500
2020-03-05,7.00000,7.00000,7.00000,7.00000,1300
2020-03-06,7.00000,7.03000,6.95000,6.95000,2500
2020-03-09,7.09000,7.09000,6.39000,6.39000,900
2020-03-10,7.00000,7.00000,6.39000,6.99000,600
2020-03-11,6.58000,7.06000,6.58000,6.95000,2200
2020-03-12,6.00000,6.47000,6.00000,6.00000,500
2020-03-13,6.05000,6.05000,6.05000,6.05000,400
2020-03-16,5.47000,5.47000,5.47000,5.47000,1200
2020-03-17,5.36000,5.36000,5.32000,5.32000,500
2020-03-18,5.29000,5.29000,5.29000,5.29000,300
2020-03-20,5.28000,5.28000,5.03000,5.03000,900
2020-03-23,5.00000,5.51000,5.00000,5.46000,1100
2020-03-25,5.42000,5.50000,5.42000,5.50000,2400
2020-03-26,5.53000,5.53000,5.17000,5.17000,1500
2020-03-27,5.25000,5.28000,5.25000,5.28000,600
2020-03-30,5.37000,5.37000,5.37000,5.37000,400
2020-03-31,5.38000,5.38000,5.38000,5.38000,500
2020-04-01,5.34000,5.34000,5.34000,5.34000,200
2020-04-02,5.25000,5.25000,5.25000,5.25000,500
2020-04-03,5.30000,5.30000,5.25000,5.25000,500
2020-04-06,5.25000,5.72000,5.25000,5.62000,2500
2020-04-07,5.79000,5.80000,5.77000,5.80000,1900
2020-04-09,5.50000,5.97000,5.46000,5.97000,1400
2020-04-13,6.39000,6.72000,6.39000,6.72000,400
2020-04-15,6.70000,6.70000,6.09000,6.09000,700
2020-04-16,6.03000,6.03000,6.03000,6.03000,300
2020-04-20,5.29000,5.47000,5.10000,5.41000,17800
2020-04-21,5.43000,5.43000,5.16000,5.25000,7300
2020-04-22,5.24000,5.30000,5.10000,5.20000,2700
2020-04-23,5.70000,5.71000,5.30000,5.50000,1000
2020-04-24,5.20000,5.38000,5.20000,5.38000,1200
2020-04-27,5.35000,5.44000,5.11000,5.44000,1300
2020-04-28,5.37000,5.43000,5.35000,5.42000,2600
2020-04-29,5.42000,5.93000,5.42000,5.93000,1800
2020-04-30,5.41000,5.50000,5.40000,5.40000,600
2020-05-01,5.63000,5.63000,5.53000,5.60000,1500
2020-05-05,5.60000,5.60000,5.60000,5.60000,100
2020-05-06,5.53000,5.53000,5.53000,5.53000,200
2020-05-07,5.65000,5.84000,5.65000,5.66000,700
2020-05-08,5.85000,5.85000,5.85000,5.85000,1100
2020-05-11,5.61000,6.17000,5.61000,6.17000,1100
2020-05-12,6.50000,6.50000,6.50000,6.50000,600
2020-05-13,5.92000,5.92000,5.55000,5.82000,3900
2020-05-14,5.85000,5.88000,5.75000,5.76000,6200
2020-05-15,5.84000,6.13000,5.80000,5.85000,8400
2020-05-18,6.31000,6.31000,5.99000,5.99000,300
2020-05-19,6.00000,6.00000,6.00000,6.00000,300
2020-05-20,6.01000,6.61000,6.01000,6.45000,700
2020-05-22,5.62000,6.00000,5.62000,5.93000,4300
2020-05-26,5.95000,6.09000,5.95000,6.09000,300
2020-05-27,6.05000,6.37000,6.05000,6.20000,1400
2020-05-28,6.50000,6.50000,6.05000,6.05000,800
2020-05-29,6.05000,6.05000,6.00000,6.00000,5500
2020-06-01,6.08000,6.08000,5.95000,5.95000,5200
2020-06-02,6.00000,6.16000,5.96000,6.00000,8900
2020-06-03,6.13000,6.13000,6.05000,6.10000,600
2020-06-04,6.10000,6.15000,6.10000,6.12000,1100
2020-06-05,6.16000,6.16000,6.16000,6.16000,100
2020-06-08,6.38000,6.50000,6.25000,6.50000,2700
2020-06-09,7.00000,7.00000,7.00000,7.00000,400
2020-06-10,6.79000,6.79000,6.53000,6.53000,800
2020-06-11,6.55000,6.76000,6.50000,6.76000,3600
2020-06-12,6.76000,6.76000,6.76000,6.76000,400
2020-06-15,6.30000,6.75000,6.30000,6.75000,500
2020-06-16,6.65000,7.62000,6.65000,7.22000,1700
2020-06-17,6.75000,6.75000,6.75000,6.75000,300
2020-06-18,6.75000,6.75000,6.75000,6.75000,200
2020-06-19,6.46000,6.46000,6.41000,6.41000,500
2020-06-22,6.36000,6.60000,6.36000,6.60000,500
2020-06-23,6.41000,6.60000,6.41000,6.60000,500
2020-06-24,6.75000,6.75000,6.75000,6.75000,800
2020-06-25,7.00000,7.00000,6.75000,6.75000,1200
2020-06-26,6.55000,7.44000,6.53000,7.44000,1000
2020-06-29,7.43000,7.43000,6.70000,7.43000,1700
2020-06-30,6.77000,7.42000,6.76000,7.38000,5900
2020-07-01,7.12000,7.16000,6.85000,6.85000,2300
2020-07-06,6.51000,6.51000,6.51000,6.51000,100
2020-07-07,6.70000,6.71000,6.70000,6.71000,1900
2020-07-08,6.70000,6.70000,6.70000,6.70000,100
2020-07-09,6.50000,6.50000,6.50000,6.50000,200
2020-07-10,6.50000,6.70000,6.50000,6.70000,200
2020-07-13,6.53000,6.65000,6.30000,6.44000,1500
2020-07-14,6.45000,6.45000,6.45000,6.45000,100
2020-07-15,6.45000,6.45000,6.45000,6.45000,3200
2020-07-16,7.10000,8.78000,7.06000,8.00000,16800
2020-07-17,7.99000,7.99000,7.30000,7.30000,1600
2020-07-20,7.89000,7.89000,7.30000,7.30000,1700
2020-07-21,7.33000,7.40000,7.33000,7.40000,400
2020-07-22,7.44000,7.82000,7.35000,7.79000,2600
2020-07-23,7.41000,7.41000,7.16000,7.17000,4200
2020-07-24,6.95000,7.15000,6.95000,7.15000,3300
2020-07-27,7.00000,7.23000,7.00000,7.23000,5000
2020-07-28,7.07000,7.07000,7.07000,7.07000,200
2020-07-29,7.09000,7.09000,7.09000,7.09000,200
2020-07-30,7.20000,7.20000,7.10000,7.11000,2400
2020-07-31,7.17000,7.20000,7.11000,7.11000,1000
2020-08-03,7.29000,7.29000,7.13000,7.21000,1700
2020-08-04,7.17000,7.23000,7.17000,7.23000,500
2020-08-05,7.17000,7.56000,7.17000,7.42000,3400
2020-08-06,7.35000,7.47000,7.18000,7.35000,4800
2020-08-07,7.30000,7.42000,7.30000,7.42000,900
2020-08-10,7.43000,7.43000,7.30000,7.34000,2000
2020-08-11,7.35000,7.60000,7.30000,7.30000,9400
2020-08-12,7.35000,7.35000,7.30000,7.30000,4300
2020-08-13,7.31000,7.34000,7.28000,7.34000,1300
2020-08-14,7.28000,7.28000,7.28000,7.28000,200
2020-08-17,7.28000,7.35000,7.28000,7.28000,2400
2020-08-18,7.23000,7.35000,7.11000,7.35000,1400
2020-08-19,7.46000,7.46000,7.13000,7.13000,400
2020-08-20,7.11000,7.50000,7.11000,7.34000,300
2020-08-21,7.52000,7.52000,7.37000,7.49000,2400
2020-08-24,7.50000,7.78000,7.50000,7.78000,2300
2020-08-25,7.52000,7.61000,7.50000,7.50000,2100
2020-08-26,7.60000,7.79000,7.50000,7.79000,3500
2020-08-28,7.79000,7.82000,7.55000,7.82000,7300
2020-08-31,7.55000,7.55000,7.55000,7.55000,600
2020-09-01,7.76000,8.05000,7.76000,8.03000,1600
2020-09-02,8.00000,8.05000,7.99000,7.99000,2400
2020-09-03,7.73000,7.73000,7.73000,7.73000,200
2020-09-04,7.56000,7.56000,7.56000,7.56000,100
2020-09-08,7.89000,7.89000,7.52000,7.52000,3200
2020-09-09,7.55000,7.63000,7.52000,7.52000,1000
2020-09-10,7.54000,7.63000,7.52000,7.52000,1600
2020-09-11,7.52000,7.52000,7.27000,7.27000,1500
2020-09-14,7.38000,7.43000,7.27000,7.27000,3900
2020-09-15,7.31000,7.85000,7.31000,7.85000,1000
2020-09-16,7.35000,7.35000,7.35000,7.35000,1300
2020-09-17,7.39000,7.73000,7.39000,7.69000,1200
2020-09-18,7.49000,7.93000,7.49000,7.93000,10300
2020-09-21,7.55000,7.87000,7.51000,7.87000,1100
2020-09-22,7.57000,7.90000,7.57000,7.90000,2800
2020-09-23,7.89000,7.90000,7.67000,7.67000,1000
2020-09-24,7.51000,7.88000,7.51000,7.88000,400
2020-09-25,7.25000,7.87000,7.25000,7.87000,300
2020-09-28,7.79000,7.79000,7.40000,7.40000,500
2020-09-29,7.36000,7.89000,7.36000,7.46000,800
2020-09-30,7.88000,7.88000,7.40000,7.71000,1000
2020-10-01,7.45000,7.83000,7.45000,7.83000,400
2020-10-02,7.45000,7.45000,7.42000,7.42000,2200
2020-10-05,7.46000,7.46000,7.23000,7.41000,2000
2020-10-06,7.66000,7.66000,7.54000,7.54000,1600
2020-10-07,7.66000,7.90000,7.58000,7.58000,9800
2020-10-08,7.80000,7.85000,7.80000,7.81000,5700
2020-10-09,7.82000,8.36000,7.78000,8.36000,26600
2020-10-12,8.25000,8.25000,8.25000,8.25000,1000
2020-10-13,8.30000,8.45000,8.30000,8.30000,1500
2020-10-14,8.06000,8.49000,8.06000,8.49000,1700
2020-10-15,8.41000,9.65000,8.41000,9.13000,9400
2020-10-16,9.20000,9.87000,9.13000,9.80000,39700
2020-10-19,9.64000,9.89000,9.50000,9.85000,20200
2020-10-20,10.00000,10.69000,9.83000,10.35000,27900
2020-10-21,10.98000,11.25000,10.70000,11.00000,21300
2020-10-22,11.36000,11.66000,10.54000,10.85000,13300
2020-10-23,10.91000,11.05000,10.61000,11.04000,6600
2020-10-26,10.71000,10.79000,10.61000,10.61000,4900
2020-10-27,10.46000,10.46000,9.94000,9.94000,5100
2020-10-28,9.74000,10.12000,9.74000,10.12000,2200
2020-10-29,10.07000,10.07000,9.26000,9.37000,2200
2020-10-30,9.48000,9.48000,8.94000,8.94000,400
2020-11-02,8.15000,9.05000,8.15000,8.90000,1300
2020-11-03,8.91000,9.45000,8.91000,9.40000,4300
2020-11-04,9.27000,9.60000,9.27000,9.60000,900
2020-11-06,9.40000,9.75000,9.40000,9.50000,1200
2020-11-09,9.50000,9.50000,9.24000,9.24000,900
2020-11-10,9.10000,9.34000,9.10000,9.18000,1000
2020-11-11,8.74000,9.10000,8.74000,9.10000,200
2020-11-12,9.10000,9.10000,8.80000,8.80000,300
2020-11-13,9.49000,9.49000,9.25000,9.29000,7500
2020-11-16,9.49000,9.69000,9.16000,9.49000,66700
2020-11-17,9.35000,9.60000,8.96000,9.42000,25600
2020-11-18,9.27000,9.29000,8.80000,9.10000,5300
2020-11-19,9.15000,9.29000,9.14000,9.29000,3800
2020-11-20,8.88000,9.29000,8.88000,9.29000,9000
2020-11-23,9.29000,9.29000,8.90000,9.01000,6400
2020-11-24,8.96000,8.96000,8.80000,8.80000,2200
2020-11-25,9.13000,9.17000,9.04000,9.10000,3400
2020-11-27,9.24000,9.24000,8.80000,8.90000,2900
2020-11-30,9.00000,9.00000,8.90000,8.90000,400
2020-12-01,8.90000,8.90000,8.75000,8.76000,4100
2020-12-02,8.78000,8.78000,8.72000,8.78000,1300
2020-12-03,8.65000,8.80000,8.65000,8.76000,7000
2020-12-04,8.76000,9.60000,8.76000,9.10000,13000
2020-12-07,8.88000,9.21000,8.80000,8.94000,9100
2020-12-08,8.95000,9.16000,8.93000,8.97000,9600
2020-12-09,8.80000,9.21000,8.80000,9.05000,10500
2020-12-10,9.09000,9.60000,9.05000,9.05000,4400
2020-12-11,9.00000,9.14000,8.95000,9.05000,4500
2020-12-14,8.90000,9.05000,8.90000,9.05000,5500
2020-12-15,9.15000,9.15000,8.90000,9.03000,8200
2020-12-16,8.86000,8.86000,8.86000,8.86000,1300
2020-12-17,8.83000,8.90000,8.76000,8.76000,3600
2020-12-18,8.86000,8.86000,8.77000,8.77000,2300
2020-12-21,8.80000,8.80000,8.68000,8.68000,5100
2020-12-22,8.89000,8.97000,8.89000,8.89000,7900
2020-12-23,8.85000,8.92000,8.78000,8.92000,1600
2020-12-24,8.82000,8.82000,8.58000,8.58000,14400
2020-12-28,8.59000,8.72000,8.26000,8.50000,12500
2020-12-29,8.51000,8.51000,8.48000,8.51000,1300
2020-12-30,8.45000,8.90000,8.45000,8.84000,6300
2020-12-31,8.77000,8.92000,8.75000,8.79000,13200
2021-01-04,8.75000,8.79000,8.62000,8.79000,13200
2021-01-05,8.78000,8.78000,8.78000,8.78000,700
2021-01-06,8.66000,8.79000,8.66000,8.76000,5300
2021-01-07,8.79000,8.79000,8.76000,8.76000,5100
2021-01-08,8.79000,8.79000,8.77000,8.78000,1900
2021-01-11,8.81000,8.83000,8.80000,8.80000,1200
2021-01-12,8.67000,9.19000,8.67000,8.95000,5800
2021-01-13,9.05000,9.06000,9.03000,9.06000,9500
2021-01-14,9.15000,9.18000,9.09000,9.14000,4100
2021-01-15,9.62000,10.40000,9.62000,9.79000,33600
2021-01-19,9.81000,10.16000,9.79000,9.85000,5100
2021-01-20,10.12000,10.12000,9.96000,10.09000,12700
2021-01-21,10.09000,10.09000,9.90000,9.94000,3600
2021-01-22,9.99000,10.00000,9.63000,9.86000,17400
2021-01-25,9.71000,9.80000,9.44000,9.54000,10300
2021-01-26,9.54000,9.54000,9.39000,9.39000,3000
2021-01-27,9.30000,9.30000,9.11000,9.20000,2600
2021-01-28,9.20000,9.37000,9.20000,9.26000,3200
2021-01-29,9.26000,9.26000,9.26000,9.26000,500
2021-02-01,9.35000,9.37000,9.22000,9.22000,6900
2021-02-02,9.50000,9.64000,9.25000,9.29000,8100
2021-02-03,9.25000,9.55000,9.25000,9.38000,7300
2021-02-04,9.72000,9.85000,9.57000,9.80000,6900
2021-02-05,9.85000,9.85000,9.31000,9.78000,2000
2021-02-08,9.85000,10.16000,9.83000,10.15000,12100
2021-02-09,10.29000,10.32000,10.26000,10.32000,4400
2021-02-10,9.80000,10.25000,9.25000,10.24000,8600
2021-02-11,10.20000,10.44000,10.20000,10.25000,4100
2021-02-12,9.53000,10.27000,9.53000,10.27000,1100
2021-02-16,10.26000,10.38000,10.25000,10.38000,5900
2021-02-17,10.52000,10.52000,10.40000,10.50000,3500
2021-02-18,10.40000,10.80000,10.40000,10.54000,6700
2021-02-19,10.54000,10.80000,10.44000,10.52000,3800
2021-02-22,10.53000,10.76000,10.53000,10.69000,2500
2021-02-23,10.62000,10.69000,9.74000,10.69000,7300
2021-02-24,10.50000,10.80000,10.50000,10.55000,1100
2021-02-25,10.77000,10.77000,10.55000,10.55000,800
2021-02-26,10.24000,10.58000,10.24000,10.56000,1500
2021-03-01,10.78000,10.78000,10.50000,10.67000,2200
2021-03-02,10.61000,10.83000,10.58000,10.83000,1500
2021-03-03,10.52000,10.81000,10.52000,10.79000,2400
2021-03-04,10.78000,10.83000,10.70000,10.73000,7600
2021-03-05,10.45000,10.69000,10.45000,10.67000,4200
2021-03-08,10.84000,10.84000,10.68000,10.72000,2000
2021-03-09,10.81000,10.85000,10.58000,10.79000,1800
2021-03-10,10.80000,10.84000,10.65000,10.84000,1000
2021-03-11,10.80000,10.85000,10.80000,10.85000,9700
2021-03-12,10.86000,10.95000,10.86000,10.94000,7700
2021-03-15,10.75000,10.90000,10.75000,10.90000,1000
2021-03-16,10.95000,10.95000,10.71000,10.71000,3000
2021-03-17,10.89000,10.89000,10.76000,10.88000,2000
2021-03-18,10.58000,10.89000,10.58000,10.80000,3600
2021-03-19,10.80000,10.80000,10.34000,10.40000,600
2021-03-22,10.65000,10.65000,10.50000,10.50000,2500
2021-03-23,10.51000,10.51000,10.33000,10.33000,1000
2021-03-24,10.70000,10.70000,10.15000,10.15000,2900
2021-03-25,10.00000,10.00000,10.00000,10.00000,500
2021-03-26,10.10000,10.46000,10.02000,10.46000,6500
2021-03-29,10.53000,10.53000,10.37000,10.47000,1000
2021-03-30,10.58000,10.58000,10.58000,10.58000,200
2021-03-31,10.71000,10.76000,10.06000,10.07000,5300
2021-04-01,10.13000,10.82000,10.13000,10.82000,1700
2021-04-05,10.82000,10.83000,10.23000,10.35000,2900
2021-04-06,10.03000,10.39000,10.03000,10.39000,800
2021-04-07,10.57000,10.73000,10.21000,10.73000,1300
2021-04-08,10.86000,10.86000,10.55000,10.55000,1200
2021-04-09,10.55000,10.80000,10.55000,10.80000,600
2021-04-12,10.60000,10.75000,10.60000,10.75000,1100
2021-04-13,10.85000,10.85000,10.55000,10.78000,2600
2021-04-14,10.55000,10.56000,10.55000,10.56000,1700
2021-04-15,10.23000,10.58000,10.23000,10.44000,4200
2021-04-16,10.35000,10.39000,10.15000,10.20000,12600
2021-04-19,10.05000,10.09000,10.05000,10.08000,3500
2021-04-20,10.83000,10.83000,10.05000,10.16000,1400
2021-04-21,10.03000,10.06000,10.03000,10.04000,3600
2021-04-22,10.02000,10.05000,9.86000,10.05000,2500
2021-04-23,10.00000,10.19000,10.00000,10.19000,200
2021-04-26,10.01000,10.01000,9.71000,9.95000,1900
2021-04-27,10.08000,10.08000,10.08000,10.08000,500
2021-04-28,9.90000,9.90000,9.90000,9.90000,200
2021-04-29,10.00000,10.02000,9.91000,10.02000,600
2021-05-03,9.89000,9.89000,9.75000,9.76000,2700
2021-05-04,9.80000,9.80000,9.75000,9.75000,3600
2021-05-05,9.77000,9.77000,9.75000,9.75000,3700
2021-05-07,10.00000,10.02000,9.75000,9.89000,2600
2021-05-10,10.07000,10.07000,10.04000,10.04000,1800
2021-05-11,9.76000,9.76000,9.75000,9.75000,1200
2021-05-12,9.91000,9.91000,9.78000,9.78000,1300
2021-05-13,10.55000,10.55000,9.85000,9.99000,3000
2021-05-14,9.95000,10.00000,9.95000,10.00000,900
2021-05-17,9.95000,9.95000,9.86000,9.86000,300
2021-05-18,9.88000,9.98000,9.88000,9.98000,600
2021-05-19,9.97000,9.97000,9.85000,9.85000,1600
2021-05-20,9.85000,9.98000,9.85000,9.86000,1600
2021-05-21,9.95000,9.95000,9.83000,9.83000,2900
2021-05-24,9.83000,9.93000,9.81000,9.81000,1900
2021-05-25,9.83000,9.95000,9.83000,9.95000,500
2021-05-26,9.83000,9.95000,9.81000,9.81000,800
2021-05-27,9.91000,9.91000,9.91000,9.91000,600
2021-05-28,10.11000,10.11000,9.82000,9.93000,2400
2021-06-01,9.83000,9.83000,9.81000,9.81000,1100
2021-06-02,9.80000,10.05000,9.80000,9.94000,1600
2021-06-03,10.00000,10.00000,9.93000,9.93000,700
2021-06-04,9.88000,9.88000,9.88000,9.88000,200
2021-06-07,9.94000,9.94000,9.80000,9.80000,3400
2021-06-08,9.81000,9.81000,9.81000,9.81000,700
2021-06-10,9.80000,9.81000,9.80000,9.81000,1400
2021-06-14,9.62000,9.62000,9.62000,9.62000,400
2021-06-15,9.68000,9.70000,9.68000,9.70000,300
2021-06-16,9.98000,9.98000,9.98000,9.98000,500
2021-06-17,9.76000,9.93000,9.72000,9.93000,1600
2021-06-18,9.92000,9.92000,9.92000,9.92000,1100
2021-06-21,9.98000,9.99000,9.93000,9.93000,2600
2021-06-22,9.98000,9.98000,9.82000,9.94000,1800
2021-06-23,9.77000,9.96000,9.72000,9.90000,1600
2021-06-24,9.89000,9.89000,9.89000,9.89000,600
2021-06-25,9.88000,9.88000,9.80000,9.83000,12700
2021-06-29,9.80000,9.80000,9.80000,9.80000,600
2021-07-01,9.80000,9.80000,9.80000,9.80000,300
2021-07-02,9.80000,9.80000,9.80000,9.80000,300
2021-07-06,9.81000,9.90000,9.81000,9.90000,1800
2021-07-07,9.76000,9.80000,9.70000,9.80000,2000
2021-07-08,9.80000,10.33000,9.80000,10.11000,28800
2021-07-09,10.22000,10.90000,10.19000,10.63000,44300
2021-07-12,10.21000,10.50000,10.13000,10.23000,10300
2021-07-13,10.25000,10.25000,10.06000,10.06000,5700
2021-07-14,10.04000,10.28000,9.97000,9.98000,3400
2021-07-15,9.98000,10.43000,9.91000,9.91000,11000
2021-07-16,10.67000,11.56000,10.67000,11.26000,77200
2021-07-19,11.30000,11.30000,10.95000,11.25000,20200
2021-07-20,11.04000,11.93000,11.04000,11.65000,35600
2021-07-21,12.00000,12.00000,11.65000,11.65000,10600
2021-07-22,11.91000,11.91000,11.91000,11.91000,900
2021-07-23,11.83000,11.83000,11.46000,11.46000,2500
2021-07-26,11.01000,11.42000,10.86000,10.88000,9800
2021-07-27,11.00000,11.00000,10.39000,10.39000,4000
2021-07-28,10.40000,10.49000,10.40000,10.41000,4700
2021-07-29,10.40000,10.49000,10.40000,10.49000,13900
2021-07-30,10.41000,10.41000,10.38000,10.40000,4600
2021-08-02,10.45000,10.45000,10.40000,10.41000,3400
2021-08-03,10.45000,10.79000,10.43000,10.50000,15500
2021-08-04,10.46000,10.46000,10.45000,10.45000,700
2021-08-05,10.50000,10.50000,10.45000,10.45000,2500
2021-08-06,10.42000,10.42000,10.34000,10.41000,800
2021-08-09,10.44000,10.44000,10.41000,10.41000,3600
2021-08-10,10.42000,10.52000,10.42000,10.52000,2300
2021-08-12,10.73000,10.74000,10.70000,10.70000,3500
2021-08-13,10.75000,11.45000,10.65000,10.87000,8100
2021-08-16,10.88000,10.88000,10.67000,10.87000,2400
2021-08-17,10.75000,10.76000,10.28000,10.49000,9700
2021-08-19,10.74000,10.74000,10.51000,10.59000,3200
2021-08-20,10.33000,10.50000,10.33000,10.50000,1200
2021-08-23,10.71000,10.71000,10.51000,10.51000,500
2021-08-24,10.51000,10.59000,10.51000,10.56000,1200
2021-08-25,10.70000,10.70000,10.69000,10.69000,600
2021-08-26,10.69000,10.69000,10.69000,10.69000,400
2021-08-27,10.81000,10.81000,10.55000,10.55000,800
2021-08-30,10.68000,10.68000,10.55000,10.55000,300
2021-08-31,10.50000,10.61000,10.50000,10.60000,4300
2021-09-01,10.60000,10.62000,10.60000,10.62000,800
2021-09-02,10.75000,11.42000,10.71000,11.14000,26200
2021-09-03,11.25000,11.68000,11.25000,11.27000,4100
2021-09-07,11.27000,12.32000,11.27000,12.12000,31300
2021-09-08,11.78000,12.00000,11.49000,11.87000,8200
2021-09-09,11.98000,12.79000,11.85000,12.20000,10400
2021-09-10,12.22000,12.49000,11.83000,12.30000,3600
2021-09-13,12.35000,12.50000,11.95000,12.35000,8200
2021-09-14,12.44000,12.49000,12.25000,12.48000,2700
2021-09-15,12.28000,12.88000,12.28000,12.80000,8700
2021-09-16,12.79000,13.34000,12.76000,13.34000,10200
2021-09-17,13.14000,13.74000,11.28000,11.33000,21700
2021-09-20,11.65000,12.72000,11.65000,12.38000,3700
2021-09-21,12.25000,12.25000,12.02000,12.05000,4100
2021-09-23,12.15000,12.38000,12.15000,12.37000,2300
2021-09-24,12.48000,12.48000,12.00000,12.00000,1200
2021-09-27,11.97000,11.97000,11.46000,11.46000,1400
2021-09-28,11.59000,11.64000,11.38000,11.45000,2600
2021-09-29,11.48000,11.48000,11.48000,11.48000,500
2021-09-30,11.93000,11.93000,11.59000,11.59000,800
2021-10-01,11.51000,11.57000,11.51000,11.51000,2000
2021-10-04,11.83000,11.83000,11.66000,11.66000,2400
2021-10-05,11.66000,11.66000,11.66000,11.66000,800
2021-10-06,11.65000,11.65000,11.10000,11.11000,3100
2021-10-07,11.06000,11.67000,11.06000,11.58000,2600
2021-10-08,11.25000,11.60000,11.25000,11.60000,2300
2021-10-11,11.60000,11.60000,10.16000,10.28000,11600
2021-10-12,10.48000,10.68000,10.12000,10.59000,12400
2021-10-13,10.55000,10.86000,10.55000,10.86000,2200
2021-10-14,10.76000,10.82000,10.76000,10.76000,1400
2021-10-18,10.74000,11.02000,10.74000,10.98000,2200
2021-10-19,10.87000,10.87000,10.86000,10.86000,600
2021-10-20,10.86000,10.86000,10.85000,10.85000,900
2021-10-21,10.97000,10.98000,10.71000,10.83000,1400
2021-10-22,10.72000,10.72000,10.60000,10.60000,900
2021-10-25,10.62000,10.62000,10.62000,10.62000,500
2021-10-26,10.87000,10.94000,10.87000,10.94000,600
2021-10-28,10.62000,10.78000,10.32000,10.77000,4400
2021-10-29,10.82000,10.85000,10.80000,10.85000,1400
2021-11-01,10.59000,10.59000,10.59000,10.59000,800
2021-11-02,10.84000,10.84000,10.84000,10.84000,700
2021-11-03,10.65000,10.75000,10.65000,10.75000,1000
2021-11-04,10.75000,10.75000,10.55000,10.69000,2700
2021-11-05,10.68000,10.85000,10.68000,10.84000,800
2021-11-08,10.84000,11.06000,10.84000,11.06000,2000
2021-11-09,11.18000,11.24000,11.18000,11.21000,1200
2021-11-10,11.10000,11.33000,11.10000,11.10000,600
2021-11-11,11.39000,11.39000,11.32000,11.32000,400
2021-11-12,11.34000,11.59000,11.34000,11.59000,900
2021-11-15,11.01000,11.31000,11.01000,11.31000,600
2021-11-16,11.01000,11.01000,10.78000,10.96000,5200
2021-11-17,10.77000,11.02000,10.75000,10.75000,2600
2021-11-18,10.75000,10.75000,10.69000,10.75000,1600
2021-11-19,10.80000,10.80000,10.80000,10.80000,700
2021-11-22,10.80000,10.80000,10.80000,10.80000,600
2021-11-23,10.40000,10.79000,10.38000,10.65000,3600
2021-11-24,10.41000,10.56000,10.41000,10.42000,800
2021-11-26,10.48000,10.63000,10.32000,10.63000,5900
2021-11-29,10.51000,10.51000,10.51000,10.51000,2700
2021-11-30,9.89000,9.89000,9.02000,9.15000,12300
2021-12-01,9.22000,9.84000,9.22000,9.55000,1800
2021-12-02,9.15000,9.15000,8.96000,8.96000,4500
2021-12-03,9.07000,9.07000,9.02000,9.03000,1000
2021-12-06,9.00000,9.07000,8.98000,9.02000,9900
2021-12-07,9.07000,9.10000,9.07000,9.10000,2600
2021-12-08,9.00000,9.11000,9.00000,9.00000,900
2021-12-09,9.03000,9.19000,8.97000,8.97000,900
2021-12-10,8.96000,9.18000,8.96000,9.18000,400
2021-12-13,8.97000,9.15000,8.96000,8.96000,1100
2021-12-14,9.44000,9.44000,9.16000,9.24000,2000
2021-12-15,8.99000,9.03000,8.96000,8.96000,1500
2021-12-16,9.00000,9.00000,9.00000,9.00000,800
2021-12-17,9.24000,9.24000,8.86000,9.24000,700
2021-12-20,9.24000,9.24000,9.24000,9.24000,300
2021-12-21,8.96000,8.96000,8.91000,8.94000,1100
2021-12-22,8.85000,8.90000,8.48000,8.48000,7800
2021-12-23,8.50000,8.89000,8.36000,8.89000,1400
2021-12-27,9.02000,9.34000,8.55000,9.03000,1400
2021-12-28,8.78000,8.78000,8.78000,8.78000,400
2021-12-29,8.92000,8.95000,8.75000,8.75000,2300
2021-12-30,8.75000,8.90000,8.63000,8.63000,3800
2021-12-31,8.51000,8.69000,8.25000,8.43000,3800
2022-01-03,8.28000,8.44000,8.28000,8.44000,1000
2022-01-05,8.45000,8.75000,8.45000,8.75000,1000
2022-01-06,8.45000,8.52000,8.45000,8.52000,500
2022-01-07,8.49000,8.49000,8.45000,8.45000,1900
2022-01-10,8.47000,8.59000,8.47000,8.59000,500
2022-01-12,8.58000,8.58000,8.58000,8.58000,100
2022-01-13,8.47000,8.60000,8.47000,8.60000,1000
2022-01-14,8.65000,8.65000,8.65000,8.65000,3300
2022-01-18,8.11000,8.31000,8.11000,8.19000,27600
2022-01-19,8.11000,8.18000,8.02000,8.18000,3700
2022-01-20,8.10000,8.14000,8.03000,8.03000,8200
2022-01-21,8.17000,8.17000,7.73000,7.78000,1500
2022-01-25,7.73000,7.73000,7.72000,7.72000,1100
2022-01-26,7.81000,7.81000,7.81000,7.81000,100
2022-01-27,7.94000,7.98000,7.72000,7.73000,2400
2022-01-28,7.97000,7.97000,7.41000,7.41000,3200
2022-01-31,7.45000,7.55000,7.34000,7.35000,9300
2022-02-01,7.39000,7.39000,7.35000,7.35000,1200
2022-02-02,7.35000,7.35000,7.35000,7.35000,300
2022-02-03,7.40000,7.48000,7.40000,7.48000,2200
2022-02-04,7.99000,7.99000,7.41000,7.41000,3900
2022-02-07,7.52000,7.52000,7.15000,7.18000,6600
2022-02-08,7.18000,7.18000,7.18000,7.18000,300
2022-02-09,7.98000,7.98000,7.56000,7.56000,1300
2022-02-10,7.85000,7.85000,7.50000,7.50000,1600
2022-02-11,7.50000,7.50000,7.50000,7.50000,400
2022-02-14,7.53000,7.98000,7.50000,7.50000,2700
2022-02-15,7.50000,7.50000,7.50000,7.50000,300
2022-02-16,7.50000,7.50000,7.50000,7.50000,100
2022-02-17,7.80000,7.80000,7.40000,7.40000,3100
2022-02-18,7.40000,7.86000,7.40000,7.86000,800
2022-02-23,7.69000,7.98000,7.65000,7.65000,8700
2022-02-24,7.74000,7.74000,7.74000,7.74000,300
2022-02-25,7.74000,7.74000,7.74000,7.74000,300
2022-02-28,7.94000,7.98000,7.94000,7.98000,2900
2022-03-01,7.46000,7.75000,7.46000,7.50000,2100
2022-03-02,7.42000,7.42000,7.40000,7.40000,1400
2022-03-03,7.43000,7.43000,7.43000,7.43000,400
2022-03-04,7.65000,7.65000,7.40000,7.40000,500
2022-03-07,7.44000,7.44000,7.44000,7.44000,400
2022-03-08,7.44000,7.44000,7.44000,7.44000,300
2022-03-09,7.60000,7.74000,7.60000,7.74000,6600
2022-03-10,7.56000,7.56000,7.45000,7.45000,300
2022-03-11,7.45000,7.49000,7.45000,7.46000,7000
2022-03-14,7.46000,7.46000,7.11000,7.11000,7400
2022-03-15,7.18000,7.18000,6.61000,6.61000,7900
2022-03-16,6.73000,7.13000,6.70000,6.75000,1100
2022-03-17,6.61000,6.61000,6.61000,6.61000,900
2022-03-18,6.93000,7.74000,6.93000,7.74000,2700
2022-03-21,7.61000,7.61000,5.50000,5.76000,43000
2022-03-22,6.33000,6.85000,6.15000,6.54000,16100
2022-03-23,6.58000,6.68000,6.58000,6.68000,800
2022-03-24,6.70000,6.70000,6.18000,6.61000,4700
2022-03-25,6.25000,6.60000,6.25000,6.58000,1200
2022-03-28,6.35000,6.62000,6.21000,6.39000,1600
2022-03-29,6.50000,6.76000,6.18000,6.76000,3800
2022-03-30,6.96000,7.18000,6.92000,7.01000,4900
2022-03-31,7.15000,7.32000,6.84000,6.84000,4600
2022-04-01,6.75000,6.75000,6.57000,6.57000,600
2022-04-04,6.54000,6.57000,6.54000,6.57000,1000
2022-04-05,6.54000,6.54000,6.54000,6.54000,300
2022-04-06,6.29000,6.60000,6.29000,6.37000,700
2022-04-07,6.97000,6.97000,6.35000,6.35000,400
2022-04-08,6.42000,6.43000,6.42000,6.43000,1100
2022-04-11,6.89000,6.98000,6.87000,6.94000,3300
2022-04-12,7.10000,7.24000,7.10000,7.18000,2200
2022-04-13,6.62000,6.62000,6.62000,6.62000,300
2022-04-18,7.24000,7.35000,7.20000,7.34000,4800
2022-04-19,7.46000,8.25000,7.25000,8.08000,31100
2022-04-20,7.70000,8.20000,7.70000,8.06000,18800
2022-04-21,8.07000,8.07000,7.53000,7.80000,5800
2022-04-22,7.55000,7.55000,7.55000,7.55000,700
2022-04-25,7.50000,7.52000,7.25000,7.25000,1200
2022-04-26,7.31000,7.31000,7.31000,7.31000,200
2022-04-28,7.55000,7.59000,7.32000,7.59000,5000
2022-04-29,7.46000,7.64000,7.46000,7.64000,1400
2022-05-02,7.45000,7.46000,7.45000,7.46000,800
2022-05-04,7.40000,8.00000,7.36000,7.75000,21800
2022-05-05,7.50000,7.61000,7.50000,7.61000,600
2022-05-09,7.53000,7.53000,7.18000,7.20000,4100
2022-05-10,7.24000,7.30000,6.79000,7.28000,9600
2022-05-11,7.19000,7.19000,7.00000,7.02000,3100
2022-05-12,7.04000,7.15000,7.04000,7.15000,4100
2022-05-13,7.02000,7.02000,7.02000,7.02000,200
2022-05-16,6.90000,6.95000,6.73000,6.95000,3300
2022-05-17,7.00000,7.72000,6.97000,7.42000,10400
2022-05-18,7.30000,7.30000,7.06000,7.06000,1800
2022-05-19,7.05000,7.35000,6.90000,6.90000,8900
2022-05-20,6.86000,6.86000,6.86000,6.86000,600
2022-05-23,7.01000,7.05000,6.80000,7.05000,800
2022-05-24,6.85000,6.85000,6.85000,6.85000,300
2022-05-25,6.68000,6.92000,6.68000,6.92000,500
2022-05-26,6.71000,6.71000,6.71000,6.71000,500
2022-05-27,6.81000,6.81000,6.72000,6.72000,1400
2022-05-31,6.72000,6.72000,6.72000,6.72000,100
2022-06-01,7.09000,7.09000,7.09000,7.09000,300
2022-06-06,7.00000,7.00000,7.00000,7.00000,400
2022-06-07,7.02000,7.02000,6.85000,6.85000,800
2022-06-08,6.81000,6.81000,6.73000,6.73000,3500
2022-06-09,6.73000,6.96000,6.73000,6.96000,1000
2022-06-13,6.91000,6.91000,6.67000,6.67000,900
2022-06-14,6.50000,6.60000,6.40000,6.40000,4300
2022-06-15,6.40000,6.50000,6.40000,6.50000,4700
2022-06-16,6.50000,6.50000,6.50000,6.50000,300
2022-06-17,6.50000,6.71000,6.50000,6.71000,2000
2022-06-21,6.29000,6.29000,6.29000,6.29000,200
2022-06-22,6.43000,6.50000,6.43000,6.50000,1600
2022-06-23,6.53000,6.53000,6.25000,6.50000,2800
2022-06-24,6.31000,6.50000,6.19000,6.19000,9600
2022-06-27,6.34000,6.34000,6.25000,6.26000,1200
2022-06-28,6.29000,6.48000,6.29000,6.37000,2500
2022-06-29,6.30000,6.35000,6.30000,6.35000,700
2022-06-30,6.30000,6.30000,6.30000,6.30000,400
2022-07-01,6.30000,6.44000,6.28000,6.44000,2200
2022-07-05,6.28000,6.68000,6.28000,6.68000,5100
2022-07-06,6.68000,6.70000,6.29000,6.29000,1900
2022-07-07,6.39000,6.75000,6.39000,6.46000,2000
2022-07-08,6.31000,6.53000,6.25000,6.53000,6700
2022-07-11,6.57000,6.57000,6.57000,6.57000,300
2022-07-12,6.64000,6.64000,6.51000,6.51000,500
2022-07-14,6.75000,6.76000,6.52000,6.52000,2200
2022-07-15,6.68000,6.85000,6.55000,6.61000,14300
2022-07-18,6.54000,6.54000,6.54000,6.54000,300
2022-07-19,6.53000,6.53000,6.53000,6.53000,600
2022-07-20,6.51000,6.51000,6.51000,6.51000,500
2022-07-21,6.51000,6.85000,6.51000,6.75000,4400
2022-07-22,6.53000,6.53000,6.53000,6.53000,100
2022-07-25,6.51000,6.51000,6.51000,6.51000,800
2022-07-26,6.50000,6.52000,6.50000,6.52000,600
2022-07-27,6.51000,6.51000,6.51000,6.51000,300
2022-07-28,6.78000,6.79000,6.52000,6.52000,1200
2022-07-29,6.53000,6.87000,6.53000,6.87000,200
2022-08-01,6.77000,6.77000,6.55000,6.55000,1100
2022-08-02,6.56000,6.56000,6.54000,6.54000,600
2022-08-03,6.51000,6.56000,6.51000,6.56000,500
2022-08-04,6.56000,6.56000,6.50000,6.50000,35200
2022-08-05,6.41000,6.41000,6.38000,6.38000,500
2022-08-08,6.38000,6.39000,6.38000,6.38000,1400
2022-08-09,6.45000,6.45000,6.38000,6.38000,1300
2022-08-10,6.50000,6.51000,6.40000,6.41000,3400
2022-08-11,6.55000,6.65000,6.41000,6.58000,3000
2022-08-12,6.96000,6.96000,6.42000,6.69000,900
2022-08-15,6.40000,6.50000,6.40000,6.50000,700
2022-08-16,6.50000,6.50000,6.50000,6.50000,300
2022-08-17,6.55000,6.64000,6.55000,6.64000,1800
2022-08-18,6.55000,6.55000,6.50000,6.50000,3400
2022-08-19,6.50000,6.50000,6.49000,6.49000,800
2022-08-22,6.45000,6.46000,6.45000,6.46000,400
2022-08-23,6.50000,6.50000,6.47000,6.48000,600
2022-08-24,6.47000,6.50000,6.47000,6.50000,500
2022-08-26,6.46000,6.51000,6.46000,6.51000,600
2022-08-29,6.51000,6.51000,6.46000,6.46000,600
2022-08-30,6.49000,6.49000,6.46000,6.46000,1300
2022-08-31,6.45000,6.45000,6.36000,6.36000,22300
2022-09-01,6.37000,6.37000,6.36000,6.36000,400
2022-09-02,6.36000,6.36000,6.36000,6.36000,2100
2022-09-06,6.36000,6.54000,6.36000,6.53000,2200
2022-09-07,6.47000,6.47000,6.47000,6.47000,2600
2022-09-08,6.41000,6.41000,6.23000,6.26000,9900
2022-09-09,6.23000,6.24000,6.11000,6.15000,7300
2022-09-12,6.13000,6.17000,5.92000,5.92000,9000
2022-09-13,5.90000,5.90000,5.51000,5.51000,9200
2022-09-14,5.50000,5.57000,5.31000,5.31000,13100
2022-09-15,5.31000,5.50000,5.30000,5.41000,8100
2022-09-16,5.25000,5.40000,5.19000,5.19000,6300
2022-09-19,5.03000,5.58000,5.03000,5.36000,3800
2022-09-20,5.72000,5.72000,5.26000,5.33000,6100
2022-09-21,5.48000,5.49000,5.26000,5.26000,800
2022-09-22,5.25000,5.29000,5.21000,5.21000,5600
2022-09-23,5.21000,5.21000,5.15000,5.18000,1500
2022-09-26,5.57000,5.62000,5.18000,5.25000,7800
2022-09-27,5.25000,5.25000,5.25000,5.25000,400
2022-09-28,5.12000,5.25000,5.12000,5.19000,800
2022-09-29,5.35000,5.35000,5.35000,5.35000,1400
2022-09-30,5.32000,5.43000,5.30000,5.30000,3400
2022-10-03,5.52000,5.52000,5.52000,5.52000,300
2022-10-04,5.38000,5.38000,5.38000,5.38000,1000
2022-10-05,5.30000,5.30000,4.95000,4.95000,24200
2022-10-06,4.85000,5.05000,4.85000,5.02000,9500
2022-10-07,5.05000,5.05000,5.02000,5.02000,1400
2022-10-10,4.96000,5.02000,4.96000,5.02000,3100
2022-10-11,5.05000,5.05000,5.00000,5.01000,2300
2022-10-12,5.01000,5.02000,5.01000,5.02000,600
2022-10-13,5.05000,5.05000,5.00000,5.03000,5300
2022-10-14,5.04000,5.04000,5.00000,5.03000,5000
2022-10-17,5.00000,5.03000,5.00000,5.02000,3300
2022-10-18,5.02000,5.02000,5.00000,5.02000,1300
2022-10-19,5.04000,5.06000,5.00000,5.00000,18600
2022-10-20,5.01000,5.26000,5.00000,5.26000,16800
2022-10-21,5.28000,5.28000,5.28000,5.28000,1600
2022-10-25,5.23000,5.36000,5.09000,5.35000,3900
2022-10-26,5.41000,5.45000,5.10000,5.18000,6600
2022-10-27,5.02000,5.23000,5.02000,5.23000,1900
2022-10-28,5.50000,5.50000,5.07000,5.07000,1300
2022-10-31,5.11000,5.11000,5.11000,5.11000,700
2022-11-01,5.24000,5.24000,5.24000,5.24000,200
2022-11-02,5.15000,5.33000,5.15000,5.33000,500
2022-11-03,5.17000,5.19000,5.17000,5.18000,400
2022-11-04,5.23000,5.23000,5.20000,5.20000,1000
2022-11-07,5.26000,5.39000,5.26000,5.30000,4000
2022-11-08,5.39000,5.41000,5.28000,5.28000,4500
2022-11-09,5.38000,5.38000,5.28000,5.28000,1300
2022-11-10,5.28000,5.31000,5.28000,5.28000,5000
2022-11-11,5.32000,5.40000,5.28000,5.28000,6000
2022-11-14,5.30000,5.33000,5.30000,5.33000,1000
2022-11-15,5.35000,5.35000,5.20000,5.20000,5900
2022-11-16,5.35000,5.39000,5.35000,5.39000,2000
2022-11-17,5.39000,5.44000,5.39000,5.41000,800
2022-11-18,5.47000,5.47000,5.47000,5.47000,300
2022-11-21,5.50000,5.71000,5.45000,5.46000,2700
2022-11-22,5.60000,5.73000,5.46000,5.51000,1800
2022-11-23,5.51000,5.51000,5.51000,5.51000,100
2022-11-25,5.66000,5.73000,5.65000,5.65000,2400
2022-11-28,5.75000,5.75000,5.75000,5.75000,200
2022-11-29,5.75000,5.76000,5.65000,5.76000,5900
2022-11-30,5.57000,5.57000,4.95000,5.08000,18300
2022-12-01,5.25000,5.25000,5.00000,5.00000,4600
2022-12-02,5.00000,5.15000,4.95000,4.98000,3400
2022-12-05,4.96000,5.08000,4.96000,5.08000,13500
2022-12-06,5.10000,5.10000,4.97000,4.97000,1200
2022-12-07,4.97000,4.98000,4.96000,4.98000,1200
2022-12-08,4.99000,5.00000,4.98000,5.00000,3100
2022-12-09,5.05000,5.12000,5.05000,5.12000,2200
2022-12-12,5.08000,5.08000,4.99000,4.99000,21900
2022-12-13,5.11000,5.11000,5.07000,5.07000,2400
2022-12-14,5.07000,5.07000,4.99000,4.99000,4700
2022-12-15,4.99000,4.99000,4.99000,4.99000,400
2022-12-16,5.08000,6.00000,5.08000,5.40000,41500
2022-12-19,5.40000,5.40000,5.25000,5.36000,15300
2022-12-21,5.73000,5.75000,5.49000,5.49000,600
2022-12-22,5.51000,5.51000,5.51000,5.51000,100
2022-12-23,5.50000,5.50000,5.39000,5.40000,2200
2022-12-27,5.54000,5.55000,5.52000,5.52000,11300
2022-12-29,5.81000,5.86000,5.53000,5.53000,2700
2022-12-30,5.70000,5.70000,5.52000,5.70000,3900
2023-01-03,5.70000,5.70000,5.70000,5.70000,500
2023-01-04,5.54000,5.54000,5.54000,5.54000,3500
2023-01-05,5.54000,5.63000,5.54000,5.63000,1900
2023-01-09,5.68000,5.83000,5.68000,5.83000,800
2023-01-10,5.98000,5.98000,5.98000,5.98000,300
2023-01-11,5.84000,5.84000,5.84000,5.84000,200
2023-01-12,5.89000,5.89000,5.76000,5.76000,1000
2023-01-13,5.65000,5.80000,5.65000,5.78000,2400
2023-01-17,5.77000,5.77000,5.71000,5.75000,1100
2023-01-18,5.75000,5.75000,5.75000,5.75000,500
2023-01-19,5.75000,5.76000,5.65000,5.65000,3800
2023-01-23,5.66000,5.71000,5.62000,5.62000,4400
2023-01-24,5.75000,5.75000,5.54000,5.70000,6500
2023-01-25,5.70000,5.70000,5.70000,5.70000,100
2023-01-26,5.66000,5.66000,5.65000,5.65000,19100
2023-01-27,5.50000,5.50000,5.25000,5.35000,5600
2023-01-30,4.99000,5.35000,4.99000,5.35000,6300
2023-01-31,5.33000,5.34000,5.32000,5.34000,3700
2023-02-01,5.33000,5.38000,5.32000,5.35000,3100
2023-02-03,5.38000,5.39000,5.35000,5.35000,1800
2023-02-06,5.40000,5.45000,5.40000,5.45000,9300
2023-02-08,5.57000,5.58000,5.57000,5.58000,300
2023-02-09,5.62000,5.62000,5.62000,5.62000,100
2023-02-10,5.75000,5.75000,5.56000,5.56000,1700
2023-02-13,5.53000,5.53000,5.52000,5.52000,2800
2023-02-14,5.62000,5.62000,5.62000,5.62000,200
2023-02-15,5.55000,5.60000,5.55000,5.58000,3400
2023-02-16,5.67000,5.75000,5.63000,5.63000,3400
2023-02-17,5.56000,5.71000,5.56000,5.70000,1700
2023-02-21,5.66000,5.69000,5.66000,5.69000,4200
2023-02-22,5.70000,5.74000,5.59000,5.59000,2500
2023-02-23,5.76000,5.80000,5.76000,5.80000,3300
2023-02-24,5.61000,5.62000,5.54000,5.60000,12300
2023-02-27,5.70000,5.70000,5.54000,5.55000,27000
2023-02-28,5.52000,5.54000,5.42000,5.50000,22400
2023-03-01,5.44000,5.45000,5.34000,5.34000,900
2023-03-03,5.50000,5.82000,5.43000,5.82000,1600
2023-03-06,5.79000,5.79000,5.65000,5.65000,1100
2023-03-07,5.44000,5.44000,5.44000,5.44000,1000
2023-03-08,5.44000,5.44000,5.44000,5.44000,100
2023-03-09,5.53000,5.53000,5.53000,5.53000,300
2023-03-10,5.74000,5.75000,5.56000,5.65000,27300
2023-03-13,5.65000,5.78000,5.65000,5.78000,600
2023-03-14,5.87000,5.87000,5.65000,5.65000,2700
2023-03-15,5.73000,5.83000,5.73000,5.80000,1100
2023-03-16,5.90000,5.90000,5.85000,5.85000,1100
2023-03-17,5.90000,5.90000,5.85000,5.85000,1300
2023-03-20,5.80000,5.80000,5.80000,5.80000,3600
2023-03-21,5.80000,5.82000,5.80000,5.82000,800
2023-03-22,5.82000,5.82000,5.78000,5.78000,2300
2023-03-23,5.79000,5.79000,5.79000,5.79000,500
2023-03-24,5.65000,5.73000,5.65000,5.65000,3700
2023-03-27,5.65000,5.85000,5.65000,5.65000,6500
2023-03-28,5.65000,5.65000,5.47000,5.47000,600
2023-03-29,5.45000,5.58000,5.45000,5.58000,2500
2023-03-31,5.55000,5.63000,5.52000,5.63000,900
2023-04-03,5.62000,5.62000,5.45000,5.45000,500
2023-04-04,5.40000,5.55000,5.26000,5.35000,3100
2023-04-05,5.37000,5.66000,5.37000,5.66000,300
2023-04-10,5.60000,5.60000,5.60000,5.60000,200
2023-04-12,5.50000,5.50000,5.47000,5.47000,500
2023-04-13,5.45000,5.45000,5.45000,5.45000,1800
2023-04-14,5.25000,5.30000,5.00000,5.00000,33700
2023-04-17,5.05000,5.07000,5.00000,5.01000,2100
2023-04-18,5.03000,5.10000,4.99000,4.99000,15000
2023-04-19,4.99000,5.04000,4.94000,4.94000,10700
2023-04-21,4.95000,5.00000,4.95000,5.00000,1800
2023-04-24,4.90000,5.00000,4.90000,4.95000,14000
2023-04-25,5.01000,5.01000,5.01000,5.01000,4100
2023-04-27,5.01000,5.01000,5.01000,5.01000,200
2023-04-28,4.99000,5.00000,4.79000,5.00000,14600
2023-05-01,4.99000,5.00000,4.76000,4.76000,19100
2023-05-02,4.76000,4.96000,4.76000,4.81000,1100
2023-05-03,4.90000,4.90000,4.80000,4.80000,1100
2023-05-04,4.80000,4.80000,4.80000,4.80000,600
2023-05-05,4.77000,4.81000,4.77000,4.77000,600
2023-05-08,4.77000,4.92000,4.77000,4.92000,700
2023-05-12,4.77000,4.77000,4.77000,4.77000,100
2023-05-15,4.75000,4.84000,4.75000,4.75000,7700
2023-05-16,4.84000,4.97000,4.72000,4.72000,2500
2023-05-17,4.75000,4.97000,4.67000,4.67000,1600
2023-05-18,4.67000,4.67000,4.67000,4.67000,300
2023-05-23,4.67000,4.67000,4.67000,4.67000,300
2023-05-25,4.82000,4.82000,4.68000,4.68000,1300
2023-05-26,4.70000,4.88000,4.70000,4.80000,1800
2023-05-30,4.81000,4.81000,4.81000,4.81000,800
2023-05-31,4.67000,4.70000,4.65000,4.65000,3800
2023-06-01,4.55000,4.76000,4.55000,4.76000,800
2023-06-02,4.70000,4.70000,4.56000,4.56000,2600
2023-06-05,4.60000,4.65000,4.60000,4.65000,1000
2023-06-06,4.75000,4.75000,4.68000,4.68000,1600
2023-06-07,4.77000,4.77000,4.75000,4.75000,1000
2023-06-08,4.71000,4.75000,4.67000,4.67000,4200
2023-06-09,4.69000,4.69000,4.67000,4.67000,1000
2023-06-12,4.66000,4.67000,4.66000,4.67000,900
2023-06-13,4.89000,4.89000,4.89000,4.89000,700
2023-06-14,4.89000,4.89000,4.88000,4.89000,2100
2023-06-15,4.76000,4.76000,4.76000,4.76000,300
2023-06-16,4.79000,4.87000,4.76000,4.87000,600
2023-06-20,4.87000,4.87000,4.67000,4.67000,1400
2023-06-21,4.66000,4.66000,4.61000,4.65000,6100
2023-06-22,4.66000,4.67000,4.60000,4.60000,4200
2023-06-23,4.61000,4.61000,4.60000,4.61000,1800
2023-06-26,4.68000,4.74000,4.60000,4.60000,500
2023-06-27,4.58000,4.63000,4.53000,4.55000,16600
2023-06-28,4.51000,4.51000,4.35000,4.35000,4700
2023-06-30,4.40000,4.40000,4.40000,4.40000,900
2023-07-03,4.41000,4.41000,4.41000,4.41000,400
2023-07-05,4.42000,4.65000,4.35000,4.43000,9100
2023-07-06,4.39000,4.40000,4.35000,4.35000,4000
2023-07-07,4.35000,4.40000,4.10000,4.25000,24700
2023-07-10,4.10000,4.48000,4.10000,4.18000,12500
2023-07-11,4.24000,4.25000,3.84000,4.04000,13200
2023-07-12,4.05000,4.06000,3.96000,3.97000,3600
2023-07-13,3.95000,3.95000,3.70000,3.80000,45800
2023-07-14,3.90000,4.24000,3.90000,4.05000,31400
2023-07-17,4.10000,4.40000,4.01000,4.30000,18400
2023-07-18,4.30000,4.63000,4.26000,4.58000,22900
2023-07-19,4.56000,4.59000,4.38000,4.50000,7200
2023-07-20,4.51000,4.51000,4.50000,4.51000,1900
2023-07-21,4.50000,4.52000,4.50000,4.50000,2400
2023-07-24,4.50000,4.65000,4.50000,4.51000,16500
2023-07-25,4.50000,4.50000,4.50000,4.50000,1500
2023-07-26,4.78000,5.04000,4.65000,4.90000,23100
2023-07-27,4.81000,5.39000,4.81000,5.18000,30400
2023-07-28,5.11000,5.62000,5.06000,5.62000,10700
2023-07-31,5.62000,5.62000,5.03000,5.15000,27200
2023-08-01,5.42000,5.42000,4.98000,5.10000,13700
2023-08-02,4.96000,5.07000,4.96000,5.07000,3500
2023-08-03,5.22000,5.22000,5.12000,5.12000,1900
2023-08-04,5.05000,5.47000,5.04000,5.25000,11300
2023-08-07,5.20000,5.20000,5.08000,5.08000,500
2023-08-08,5.25000,5.41000,5.01000,5.04000,14600
2023-08-09,5.07000,5.35000,5.07000,5.35000,2400
2023-08-10,5.35000,5.35000,4.96000,4.97000,9300
2023-08-11,5.03000,5.26000,4.87000,4.90000,7700
2023-08-14,4.90000,4.90000,4.26000,4.90000,17800
2023-08-15,4.62000,4.80000,4.60000,4.74000,7900
2023-08-16,4.75000,4.81000,4.65000,4.81000,1100
2023-08-17,4.74000,4.75000,4.67000,4.75000,2500
2023-08-18,4.65000,4.65000,4.65000,4.65000,1000
2023-08-21,4.75000,4.83000,4.65000,4.65000,6100
2023-08-22,4.54000,4.55000,4.54000,4.54000,900
2023-08-23,4.73000,4.73000,4.73000,4.73000,400
2023-08-24,4.56000,4.56000,4.56000,4.56000,400
2023-08-25,4.56000,4.56000,4.56000,4.56000,600
2023-08-30,4.61000,4.61000,4.50000,4.50000,2400
2023-08-31,4.61000,4.74000,4.50000,4.52000,5900
2023-09-01,4.54000,4.72000,4.50000,4.54000,5200
2023-09-05,4.51000,4.72000,4.51000,4.72000,700
2023-09-06,4.56000,4.69000,4.56000,4.69000,1200
2023-09-07,4.59000,4.59000,4.59000,4.59000,200
2023-09-08,4.66000,4.66000,4.60000,4.60000,11500
2023-09-11,4.62000,4.67000,4.62000,4.67000,3000
2023-09-12,4.68000,4.70000,4.62000,4.62000,7800
2023-09-13,4.62000,4.62000,4.62000,4.62000,200
2023-09-14,4.74000,4.74000,4.74000,4.74000,400
2023-09-15,4.71000,4.71000,4.70000,4.71000,2600
2023-09-18,4.80000,4.84000,4.80000,4.84000,1100
2023-09-19,4.63000,4.72000,4.61000,4.61000,4300
2023-09-20,4.76000,4.76000,4.76000,4.76000,400
2023-09-21,4.80000,4.80000,4.66000,4.66000,1700
2023-09-22,4.67000,4.67000,4.67000,4.67000,1300
2023-09-25,4.75000,4.77000,4.65000,4.66000,2000
2023-09-26,4.70000,4.76000,4.66000,4.75000,4000
2023-09-27,4.67000,4.75000,4.67000,4.70000,1400
2023-09-28,4.65000,4.75000,4.65000,4.66000,6700
2023-09-29,4.60000,4.74000,4.60000,4.65000,9200
2023-10-02,4.75000,4.75000,4.66000,4.70000,4000
2023-10-03,4.75000,4.75000,4.71000,4.72000,4900
2023-10-04,4.65000,4.71000,4.65000,4.65000,4400
2023-10-05,4.75000,4.75000,4.65000,4.66000,12000
2023-10-06,4.73000,4.75000,4.66000,4.69000,4200
2023-10-09,4.70000,4.75000,4.70000,4.71000,2600
2023-10-10,4.74000,4.74000,4.74000,4.74000,900
2023-10-11,4.67000,4.67000,4.63000,4.64000,5400
2023-10-12,4.65000,4.67000,4.65000,4.67000,800
2023-10-13,4.69000,4.71000,4.64000,4.64000,1700
2023-10-16,4.70000,4.70000,4.64000,4.64000,2200
2023-10-17,4.63000,4.73000,4.63000,4.63000,4600
2023-10-18,4.69000,4.69000,4.65000,4.65000,700
2023-10-19,4.63000,4.67000,4.63000,4.67000,1700
2023-10-20,4.68000,4.68000,4.68000,4.68000,400
2023-10-23,4.68000,4.68000,4.63000,4.65000,2300
2023-10-24,4.63000,4.68000,4.63000,4.63000,1300
2023-10-25,4.63000,4.63000,4.63000,4.63000,900
2023-10-26,4.68000,4.68000,4.64000,4.64000,700
2023-10-27,4.63000,4.65000,4.61000,4.61000,7700
2023-10-30,4.64000,4.67000,4.60000,4.60000,2400
2023-10-31,4.55000,4.55000,4.55000,4.55000,600
2023-11-01,4.51000,4.61000,4.51000,4.58000,2700
2023-11-02,4.67000,4.68000,4.58000,4.58000,900
2023-11-03,4.60000,4.63000,4.58000,4.58000,7300
2023-11-06,4.62000,4.62000,4.57000,4.57000,3600
2023-11-07,4.60000,4.60000,4.56000,4.56000,2300
2023-11-08,4.60000,4.64000,4.60000,4.63000,8300
2023-11-09,4.61000,4.63000,4.57000,4.60000,4700
2023-11-10,4.70000,4.72000,4.69000,4.72000,3600
2023-11-13,4.66000,4.70000,4.65000,4.70000,8300
2023-11-14,4.80000,4.80000,4.71000,4.71000,600
2023-11-15,4.68000,4.68000,4.65000,4.65000,900
2023-11-16,4.65000,4.75000,4.65000,4.70000,2400
2023-11-17,4.75000,4.77000,4.75000,4.77000,1200
2023-11-20,4.76000,4.99000,4.76000,4.89000,11100
2023-11-21,4.90000,4.91000,4.90000,4.91000,600
2023-11-22,4.77000,4.80000,4.63000,4.78000,9700
2023-11-24,4.73000,4.75000,4.73000,4.73000,1600
2023-11-27,4.71000,4.73000,4.64000,4.64000,1900
2023-11-28,4.66000,4.75000,4.60000,4.60000,24200
2023-11-29,4.94000,4.95000,4.86000,4.86000,22000
2023-11-30,4.90000,4.90000,4.85000,4.86000,11900
2023-12-01,4.94000,5.00000,4.90000,4.95000,7900
2023-12-04,5.00000,5.00000,4.89000,4.89000,5700
2023-12-05,4.92000,5.09000,4.92000,5.09000,10400
2023-12-06,5.03000,5.09000,5.00000,5.00000,4400
2023-12-07,5.14000,5.20000,5.14000,5.20000,2500
2023-12-08,5.25000,5.25000,5.24000,5.24000,4400
2023-12-11,5.24000,5.46000,5.24000,5.25000,5700
2023-12-12,5.33000,5.33000,5.16000,5.16000,1100
2023-12-13,5.16000,5.16000,5.15000,5.15000,2800
2023-12-14,5.16000,5.24000,5.16000,5.24000,600
2023-12-15,5.24000,5.50000,5.15000,5.46000,50400
2023-12-18,5.25000,5.39000,5.18000,5.19000,6100
2023-12-19,5.15000,5.27000,5.15000,5.24000,5700
2023-12-20,5.26000,5.39000,5.23000,5.39000,4900
2023-12-21,5.49000,5.51000,5.49000,5.50000,5800
2023-12-22,5.45000,5.74000,5.27000,5.27000,6300
2023-12-26,5.58000,5.65000,5.51000,5.60000,4400
2023-12-27,5.74000,5.75000,5.45000,5.45000,1700
2023-12-28,5.49000,5.53000,5.27000,5.53000,12800
2023-12-29,5.35000,5.50000,5.34000,5.43000,500
2024-01-02,5.45000,5.45000,5.42000,5.45000,2900
2024-01-03,5.45000,5.45000,5.45000,5.45000,400
2024-01-04,5.52000,5.69000,5.45000,5.52000,2500
2024-01-05,5.91000,5.91000,5.39000,5.83000,5100
2024-01-08,5.56000,5.83000,5.45000,5.83000,10000
2024-01-09,5.76000,5.85000,5.76000,5.85000,4900
2024-01-10,5.85000,5.85000,5.72000,5.72000,400
2024-01-11,5.90000,5.92000,5.90000,5.90000,2400
2024-01-12,5.95000,6.12000,5.75000,5.99000,13200
2024-01-16,6.35000,6.35000,6.11000,6.14000,7700
2024-01-17,6.00000,6.00000,5.45000,5.47000,38100
2024-01-18,5.43000,5.43000,5.28000,5.40000,11700
2024-01-19,5.47000,5.47000,5.15000,5.25000,6200
2024-01-22,5.25000,5.29000,5.12000,5.12000,10700
2024-01-23,5.04000,5.18000,5.04000,5.08000,3000
2024-01-24,5.05000,5.19000,5.03000,5.18000,2500
2024-01-25,5.20000,5.20000,5.20000,5.20000,500
2024-01-26,5.20000,5.20000,5.20000,5.20000,200
2024-01-29,5.20000,5.43000,5.20000,5.43000,1500
2024-01-30,5.35000,5.35000,5.23000,5.34000,4100
2024-01-31,5.44000,5.44000,5.25000,5.25000,400
2024-02-01,5.30000,5.35000,5.30000,5.35000,1000
2024-02-02,5.34000,5.43000,5.33000,5.43000,1300
2024-02-05,5.30000,5.30000,5.18000,5.20000,5800
2024-02-06,5.30000,5.88000,5.30000,5.48000,7200
2024-02-08,5.10000,5.48000,5.10000,5.48000,1000
2024-02-09,5.12000,5.12000,5.12000,5.12000,500
2024-02-12,5.44000,5.44000,5.33000,5.33000,700
2024-02-13,5.35000,5.74000,5.35000,5.74000,900
2024-02-14,5.62000,5.73000,5.51000,5.73000,1000
2024-02-20,5.72000,5.72000,5.55000,5.55000,800
2024-02-21,5.33000,5.33000,5.33000,5.33000,300
2024-02-22,5.33000,5.42000,5.33000,5.36000,5000
2024-02-23,5.25000,5.27000,5.02000,5.27000,2300
2024-02-26,5.27000,5.27000,5.27000,5.27000,300
2024-02-27,5.27000,5.27000,5.27000,5.27000,400
2024-03-01,5.21000,5.24000,5.21000,5.24000,10600
2024-03-04,5.25000,5.25000,5.25000,5.25000,500
2024-03-05,5.37000,5.37000,5.37000,5.37000,300
2024-03-06,5.37000,5.37000,5.37000,5.37000,300
2024-03-07,5.05000,5.35000,5.05000,5.35000,1800
2024-03-08,5.36000,5.42000,5.36000,5.36000,1200
2024-03-11,5.36000,5.36000,5.36000,5.36000,300
2024-03-12,5.36000,5.38000,5.36000,5.38000,600
2024-03-13,5.39000,5.45000,5.36000,5.36000,1900
2024-03-14,5.36000,5.36000,5.36000,5.36000,300
2024-03-15,5.36000,5.39000,5.36000,5.39000,1700
2024-03-18,5.55000,5.71000,5.50000,5.71000,3800
2024-03-19,5.62000,5.62000,5.42000,5.42000,1100
2024-03-20,5.42000,5.42000,5.42000,5.42000,400
2024-03-21,5.53000,5.53000,5.42000,5.42000,500
2024-03-22,5.42000,5.42000,5.38000,5.38000,1500
2024-03-25,5.40000,5.40000,5.40000,5.40000,300
2024-03-26,5.33000,5.33000,5.33000,5.33000,500
2024-03-27,5.34000,5.34000,5.34000,5.34000,300
2024-04-01,5.59000,5.59000,5.34000,5.34000,500
2024-04-02,5.35000,5.38000,5.34000,5.38000,2300
2024-04-03,5.34000,5.34000,5.34000,5.34000,200
2024-04-04,5.34000,5.34000,5.34000,5.34000,2100
2024-04-08,5.50000,5.50000,5.50000,5.50000,6100
2024-04-09,5.62000,5.62000,5.47000,5.47000,400
2024-04-10,5.46000,5.57000,5.46000,5.54000,6500
2024-04-11,5.55000,5.69000,5.55000,5.69000,2500
2024-04-12,5.69000,5.69000,5.69000,5.69000,500
2024-04-15,5.49000,5.50000,5.40000,5.45000,5600
2024-04-16,5.25000,5.26000,4.50000,4.72000,15300
2024-04-17,4.72000,4.73000,4.58000,4.58000,3600
2024-04-18,4.61000,5.04000,4.61000,5.00000,2400
2024-04-19,5.00000,5.11000,5.00000,5.11000,3500
2024-04-22,5.15000,5.20000,5.10000,5.12000,8600
2024-04-23,5.00000,5.10000,5.00000,5.07000,5000
2024-04-24,5.10000,5.10000,5.00000,5.00000,1000
2024-04-25,5.00000,5.21000,5.00000,5.12000,4200
2024-04-26,5.21000,5.37000,5.21000,5.37000,6400
2024-04-29,5.37000,5.41000,5.09000,5.09000,19100
2024-04-30,5.27000,5.28000,5.20000,5.23000,4200
2024-05-01,5.24000,5.25000,5.21000,5.22000,3500
2024-05-02,5.26000,5.38000,5.21000,5.21000,2100
2024-05-03,5.20000,5.50000,5.20000,5.49000,14500
2024-05-06,5.46000,5.50000,5.33000,5.33000,3200
2024-05-07,5.41000,5.41000,5.34000,5.34000,1600
2024-05-08,5.40000,5.45000,5.39000,5.39000,4800
2024-05-09,5.33000,5.33000,5.32000,5.32000,2900
2024-05-10,5.40000,5.40000,5.17000,5.17000,1600
2024-05-13,5.29000,5.40000,5.25000,5.39000,19700
2024-05-14,5.18000,5.18000,5.18000,5.18000,500
2024-05-15,5.18000,5.18000,5.18000,5.18000,400
2024-05-16,5.16000,5.40000,5.16000,5.40000,17300
2024-05-17,5.31000,5.50000,5.30000,5.41000,58800
2024-05-20,5.41000,5.45000,5.16000,5.16000,3200
2024-05-21,5.16000,5.50000,5.16000,5.44000,5400
2024-05-22,5.44000,5.49000,5.40000,5.40000,4000
2024-05-23,5.40000,5.46000,5.32000,5.32000,3000
2024-05-24,5.44000,5.44000,5.34000,5.34000,1500
2024-05-28,5.49000,5.49000,5.41000,5.44000,3800
2024-05-29,5.46000,5.48000,5.35000,5.35000,5600
2024-05-30,5.36000,5.38000,5.36000,5.38000,600
2024-05-31,5.39000,5.50000,5.34000,5.36000,3100
2024-06-03,5.36000,5.50000,5.07000,5.34000,12600
2024-06-04,5.25000,5.56000,5.25000,5.53000,3200
2024-06-06,5.49000,5.50000,5.49000,5.50000,4500
2024-06-07,5.24000,5.45000,5.24000,5.45000,24500
2024-06-10,5.45000,5.46000,5.37000,5.37000,4900
2024-06-11,5.34000,5.43000,5.34000,5.43000,300
2024-06-12,5.45000,5.47000,5.43000,5.43000,1300
2024-06-13,5.38000,5.49000,5.35000,5.35000,14600
2024-06-14,5.38000,5.38000,5.35000,5.35000,700
2024-06-17,5.36000,5.45000,5.36000,5.37000,1200
2024-06-18,5.40000,5.69000,5.38000,5.69000,1000
2024-06-20,5.40000,5.51000,5.17000,5.17000,16800
2024-06-21,5.36000,5.47000,5.05000,5.05000,5600
2024-06-24,5.07000,5.07000,5.05000,5.05000,1900
2024-06-25,5.05000,5.10000,5.05000,5.09000,2400
2024-06-26,5.09000,5.09000,5.09000,5.09000,300
2024-06-27,5.05000,5.05000,4.70000,4.85000,1900
2024-06-28,4.85000,4.85000,4.85000,4.85000,600
2024-07-02,4.46000,4.69000,4.39000,4.50000,8900
2024-07-03,4.49000,4.91000,4.42000,4.91000,10300
2024-07-05,4.92000,4.92000,4.45000,4.80000,800
2024-07-08,4.90000,5.03000,4.85000,4.85000,5300
2024-07-10,4.95000,4.95000,4.86000,4.86000,2300
2024-07-11,4.98000,5.06000,4.88000,4.95000,11400
2024-07-12,4.71000,4.73000,4.61000,4.69000,9800
2024-07-15,4.71000,4.92000,4.71000,4.92000,400
2024-07-16,4.75000,4.89000,4.60000,4.89000,19900
2024-07-17,4.75000,4.76000,4.50000,4.50000,16300
2024-07-18,4.60000,4.61000,4.47000,4.50000,3600
2024-07-19,4.48000,4.48000,4.48000,4.48000,400
2024-07-22,4.52000,4.68000,4.51000,4.51000,6400
2024-07-23,4.48000,4.53000,4.48000,4.53000,1900
2024-07-24,4.71000,5.15000,4.71000,4.75000,4400
2024-07-25,4.99000,4.99000,4.65000,4.65000,3500
2024-07-26,5.00000,5.24000,4.55000,4.56000,9300
2024-07-29,4.70000,4.70000,4.19000,4.37000,12000
2024-07-30,4.49000,4.50000,4.07000,4.15000,10400
2024-07-31,4.20000,4.20000,4.01000,4.10000,13900
2024-08-01,4.15000,4.16000,4.06000,4.10000,10600
2024-08-02,4.14000,4.14000,4.03000,4.10000,18000
2024-08-05,3.86000,4.10000,3.86000,4.01000,14100
2024-08-06,4.04000,4.15000,4.03000,4.09000,6600
2024-08-07,4.06000,4.08000,4.06000,4.08000,700
2024-08-08,4.33000,4.33000,4.20000,4.20000,700
2024-08-09,4.21000,4.21000,4.05000,4.09000,2700
2024-08-12,4.20000,4.20000,4.06000,4.18000,1400
2024-08-13,4.13000,4.13000,4.04000,4.06000,1600
2024-08-14,4.20000,4.20000,4.15000,4.15000,2600
2024-08-15,4.25000,4.25000,4.14000,4.14000,6900
2024-08-16,4.30000,4.30000,4.27000,4.27000,700
2024-08-19,4.35000,4.35000,4.12000,4.16000,3600
2024-08-20,4.30000,4.39000,4.25000,4.27000,4300
2024-08-21,4.27000,4.27000,4.27000,4.27000,700
2024-08-22,4.40000,4.40000,4.40000,4.40000,700
2024-08-23,4.27000,4.35000,4.27000,4.35000,1500
2024-08-26,4.35000,4.50000,4.35000,4.43000,2900
2024-08-28,4.50000,4.72000,4.49000,4.65000,2400
2024-08-29,4.53000,4.70000,4.35000,4.70000,2600
2024-08-30,4.55000,4.63000,4.55000,4.61000,1200
2024-09-03,4.59000,4.59000,4.28000,4.46000,2400
2024-09-04,4.46000,4.60000,4.46000,4.56000,800
2024-09-05,4.58000,4.60000,4.58000,4.60000,1100
2024-09-06,4.60000,4.60000,4.51000,4.51000,1000
2024-09-09,4.29000,4.60000,4.29000,4.41000,15900
2024-09-10,4.60000,4.60000,4.35000,4.35000,12900
2024-09-11,4.56000,4.56000,4.43000,4.43000,1400
2024-09-12,4.43000,4.50000,4.35000,4.47000,6400
2024-09-13,4.49000,4.53000,4.49000,4.53000,1900
2024-09-16,4.56000,4.77000,4.56000,4.63000,18200
2024-09-17,4.69000,4.97000,4.67000,4.70000,5600
2024-09-18,4.70000,4.88000,4.70000,4.82000,5200
2024-09-19,4.82000,4.86000,4.82000,4.86000,4600
2024-09-20,4.86000,5.00000,4.86000,4.94000,12800
2024-09-23,4.90000,4.97000,4.85000,4.85000,14600
2024-09-24,4.95000,4.97000,4.86000,4.91000,7000
2024-09-25,4.95000,4.95000,4.86000,4.86000,19300
2024-09-26,4.86000,4.99000,4.86000,4.89000,3800
2024-09-27,4.87000,4.92000,4.86000,4.92000,3500
2024-09-30,4.92000,4.98000,4.91000,4.98000,1600
2024-10-01,4.99000,4.99000,4.90000,4.90000,2700
2024-10-02,4.90000,4.94000,4.90000,4.90000,1700
2024-10-03,4.90000,4.94000,4.89000,4.94000,2600
2024-10-04,4.94000,4.94000,4.94000,4.94000,500
2024-10-07,4.94000,4.99000,4.94000,4.99000,3400
2024-10-08,4.89000,4.89000,4.89000,4.89000,600
2024-10-09,4.91000,5.08000,4.90000,5.05000,8200
2024-10-10,4.89000,4.89000,4.89000,4.89000,300
2024-10-11,4.89000,4.98000,4.89000,4.89000,20800
2024-10-14,4.89000,4.89000,4.55000,4.58000,9100
2024-10-15,4.50000,4.77000,4.46000,4.65000,5800
2024-10-16,4.80000,4.80000,4.44000,4.74000,7600
2024-10-17,4.66000,4.66000,4.36000,4.54000,14100
2024-10-18,4.37000,4.70000,4.30000,4.32000,1600
2024-10-21,4.50000,4.59000,4.32000,4.42000,6400
2024-10-22,4.28000,4.39000,4.28000,4.35000,3300
2024-10-23,4.35000,4.35000,4.35000,4.35000,1000
2024-10-24,4.30000,4.57000,4.28000,4.35000,13300
2024-10-25,4.28000,4.52000,3.98000,4.33000,14900
2024-10-28,4.31000,4.35000,4.30000,4.35000,2500
2024-10-29,4.34000,4.34000,4.18000,4.18000,1100
2024-10-30,4.30000,4.30000,4.30000,4.30000,1800
2024-10-31,4.20000,4.30000,4.20000,4.30000,2000
2024-11-01,4.37000,4.40000,3.97000,4.26000,18600
2024-11-04,4.26000,4.37000,4.21000,4.25000,9800
2024-11-05,4.20000,4.24000,4.17000,4.20000,8200
2024-11-06,4.24000,4.24000,4.19000,4.19000,1400
2024-11-07,4.19000,4.19000,4.05000,4.05000,6800
2024-11-08,4.11000,4.38000,4.06000,4.13000,32900
2024-11-11,4.35000,4.35000,4.07000,4.13000,10600
2024-11-12,4.19000,4.22000,4.10000,4.22000,3800
2024-11-13,4.17000,4.17000,4.17000,4.17000,1100
2024-11-14,4.17000,4.30000,4.17000,4.20000,3900
2024-11-15,4.11000,4.13000,4.07000,4.13000,3400
2024-11-18,4.18000,4.18000,4.15000,4.17000,5200
2024-11-19,4.15000,4.29000,4.04000,4.22000,26600
2024-11-20,4.26000,4.30000,4.05000,4.12000,11800
2024-11-21,4.07000,4.41000,4.07000,4.41000,32000
2024-11-22,4.37000,4.38000,4.28000,4.36000,4400
2024-11-25,4.38000,4.49000,4.35000,4.35000,17300
2024-11-26,4.25000,4.33000,4.25000,4.33000,800
2024-11-27,4.30000,4.48000,4.30000,4.48000,8700
2024-11-29,4.28000,4.28000,4.28000,4.28000,200
2024-12-02,4.30000,4.50000,4.26000,4.50000,52800
2024-12-03,4.65000,4.90000,4.50000,4.54000,7400
2024-12-04,5.00000,5.00000,4.50000,4.92000,12200
2024-12-05,4.75000,4.94000,4.75000,4.80000,1900
2024-12-06,4.93000,4.96000,4.75000,4.82000,6700
2024-12-09,4.99000,4.99000,4.80000,4.89000,6500
2024-12-10,4.80000,4.81000,4.75000,4.75000,2500
2024-12-11,4.65000,4.72000,4.62000,4.62000,2200
2024-12-12,4.62000,4.74000,4.61000,4.74000,2700
2024-12-13,4.73000,4.80000,4.69000,4.69000,3600
2024-12-16,4.68000,4.68000,4.65000,4.65000,1600
2024-12-17,4.51000,4.51000,4.51000,4.51000,900
2024-12-18,4.70000,4.70000,4.52000,4.53000,4900
2024-12-19,4.50000,4.75000,4.50000,4.60000,6700
2024-12-20,4.82000,4.82000,4.56000,4.80000,2600
2024-12-23,4.52000,4.52000,4.44000,4.50000,2100
2024-12-26,4.63000,4.68000,4.08000,4.08000,18800
2024-12-27,4.35000,4.80000,4.31000,4.64000,16600
2024-12-30,4.74000,4.96000,4.21000,4.21000,23200
2024-12-31,4.62000,4.75000,4.62000,4.64000,2000
2025-01-02,4.64000,4.72000,4.64000,4.65000,8200
2025-01-03,4.65000,4.68000,4.50000,4.51000,3500
2025-01-06,4.74000,4.75000,4.74000,4.75000,500
2025-01-07,4.75000,5.40000,4.70000,4.70000,10200
2025-01-08,4.93000,5.19000,4.53000,4.55000,6800
2025-01-10,4.61000,4.93000,4.61000,4.72000,4800
2025-01-13,4.82000,4.88000,4.52000,4.61000,6600
2025-01-14,4.88000,5.34000,4.60000,5.28000,20800
2025-01-15,5.28000,5.41000,4.06000,4.70000,34500
2025-01-16,4.62000,4.97000,4.60000,4.70000,9400
2025-01-17,4.76000,4.76000,4.52000,4.52000,3500
2025-01-21,4.60000,4.90000,4.50000,4.61000,12900
2025-01-22,4.53000,4.55000,4.52000,4.52000,2700
2025-01-23,4.58000,4.91000,4.53000,4.53000,14500
2025-01-24,4.60000,4.70000,4.60000,4.60000,9500
2025-01-27,4.75000,4.97000,4.50000,4.60000,2500
2025-01-28,4.60000,4.61000,4.50000,4.50000,3900
2025-01-29,4.64000,4.72000,4.52000,4.58000,11200
2025-01-30,4.60000,4.64000,4.52000,4.58000,3900
2025-01-31,4.60000,4.64000,4.59000,4.59000,1500
2025-02-03,4.50000,4.65000,4.36000,4.64000,6900
2025-02-04,4.64000,4.64000,4.64000,4.64000,600
2025-02-05,4.43000,4.85000,4.43000,4.73000,4800
2025-02-06,4.44000,4.72000,4.44000,4.72000,2800
2025-02-07,4.60000,4.85000,4.45000,4.79000,5300
2025-02-10,4.85000,4.85000,4.61000,4.65000,8000
2025-02-11,4.60000,4.72000,4.60000,4.66000,2500
2025-02-12,4.60000,4.65000,4.60000,4.60000,3700
2025-02-13,4.44000,4.60000,4.31000,4.55000,16100
2025-02-14,4.50000,4.55000,4.39000,4.43000,11600
2025-02-18,4.60000,4.65000,4.50000,4.60000,40300
2025-02-19,4.53000,4.67000,4.50000,4.67000,17200
2025-02-20,4.69000,4.78000,4.69000,4.74000,10400
2025-02-21,4.67000,4.91000,4.62000,4.87000,11900
2025-02-24,4.49000,4.82000,4.49000,4.63000,3000
2025-02-25,4.63000,4.66000,4.63000,4.65000,800
2025-02-26,4.70000,4.70000,4.60000,4.60000,1000
2025-02-27,4.65000,4.65000,4.56000,4.56000,2800
2025-02-28,4.52000,4.62000,4.52000,4.62000,2200
2025-03-03,4.55000,4.55000,4.49000,4.49000,700
2025-03-04,4.40000,4.54000,4.35000,4.38000,7300
2025-03-05,4.47000,4.60000,4.47000,4.48000,1600
2025-03-06,4.50000,4.92000,4.36000,4.40000,4500
2025-03-07,4.48000,4.48000,4.40000,4.41000,3400
2025-03-10,4.54000,4.64000,4.11000,4.12000,34500
2025-03-11,4.18000,4.25000,4.14000,4.16000,5600
2025-03-12,4.20000,4.20000,4.10000,4.11000,3000
2025-03-13,4.27000,4.30000,4.17000,4.17000,2300
2025-03-14,4.17000,4.39000,4.17000,4.24000,19700
2025-03-17,4.40000,4.40000,4.17000,4.17000,800
2025-03-18,4.17000,4.59000,4.17000,4.35000,5100
2025-03-19,4.24000,4.50000,4.24000,4.39000,7300
2025-03-20,4.28000,4.40000,4.28000,4.35000,1500
2025-03-21,4.38000,4.45000,4.31000,4.40000,7000
2025-03-24,4.40000,4.91000,4.40000,4.58000,6200
2025-03-25,4.55000,4.58000,4.33000,4.33000,4200
2025-03-26,4.38000,4.50000,4.32000,4.50000,3500
2025-03-27,4.55000,4.59000,4.49000,4.50000,3000
2025-03-28,4.36000,4.68000,4.30000,4.60000,12400
2025-03-31,4.80000,4.80000,4.41000,4.59000,4700
2025-04-01,4.37000,4.70000,4.37000,4.50000,10300
2025-04-02,4.62000,4.65000,4.25000,4.44000,6500
2025-04-03,4.32000,4.45000,4.25000,4.45000,3700
2025-04-04,4.25000,4.25000,4.20000,4.20000,3800
2025-04-07,4.20000,4.20000,3.26000,3.37000,61800
2025-04-08,3.54000,3.95000,3.54000,3.94000,4300
2025-04-09,3.60000,3.77000,3.56000,3.75000,3300
2025-04-10,3.75000,3.92000,3.60000,3.75000,21400
2025-04-11,3.65000,3.97000,3.52000,3.67000,52300
2025-04-14,3.65000,4.01000,3.63000,3.96000,11100
2025-04-15,3.84000,4.04000,3.59000,3.68000,14300
2025-04-16,3.57000,3.63000,3.51000,3.63000,3000
2025-04-17,3.61000,3.80000,3.61000,3.73000,9200
2025-04-21,3.84000,3.84000,3.64000,3.64000,2700
2025-04-22,3.70000,3.70000,3.61000,3.61000,1800
2025-04-23,3.85000,4.12000,3.72000,3.88000,9600
2025-04-24,3.99000,4.35000,3.76000,3.95000,20900
2025-04-25,3.99000,4.35000,3.91000,3.91000,11600
2025-04-28,4.19000,4.33000,3.90000,4.09000,23600
2025-04-29,4.10000,4.35000,3.97000,4.09000,26300
2025-04-30,4.10000,4.26000,3.89000,3.95000,28700
2025-05-01,3.96000,4.11000,3.92000,4.05000,4400
2025-05-02,4.04000,4.15000,3.76000,3.96000,9000
2025-05-05,3.79000,3.95000,3.79000,3.85000,5200
2025-05-06,3.82000,3.96000,3.82000,3.85000,6800
2025-05-07,3.95000,3.95000,3.91000,3.91000,2300
2025-05-08,3.85000,3.96000,3.71000,3.85000,4400
2025-05-09,3.94000,3.94000,3.90000,3.90000,2100
2025-05-12,3.80000,3.95000,3.77000,3.82000,17100
2025-05-13,3.93000,3.93000,3.83000,3.83000,1600
2025-05-14,3.74000,3.94000,3.73000,3.80000,2400
2025-05-15,3.75000,3.84000,3.56000,3.56000,21900
2025-05-16,3.51000,3.65000,3.49000,3.62000,8700
2025-05-19,3.71000,3.71000,3.64000,3.64000,2800
2025-05-20,3.72000,3.79000,3.64000,3.64000,4300
2025-05-21,3.63000,3.75000,3.63000,3.75000,3600
2025-05-22,3.96000,3.96000,3.85000,3.85000,2200
2025-05-23,3.80000,3.80000,3.71000,3.74000,6400
2025-05-27,3.83000,3.83000,3.83000,3.83000,500
2025-05-29,3.70000,3.78000,3.70000,3.75000,1600
2025-05-30,3.84000,3.84000,3.84000,3.84000,300
2025-06-03,3.71000,3.86000,3.71000,3.75000,10600
2025-06-04,3.93000,3.93000,3.73000,3.77000,6100
2025-06-05,3.76000,3.76000,3.76000,3.76000,1300
2025-06-06,3.85000,3.85000,3.76000,3.76000,3000
2025-06-09,3.91000,3.91000,3.85000,3.88000,1800
2025-06-10,3.84000,3.84000,3.78000,3.80000,1600
2025-06-11,3.86000,3.86000,3.76000,3.85000,3300
2025-06-12,3.86000,3.91000,3.84000,3.85000,6600
2025-06-13,3.76000,3.80000,3.76000,3.76000,1500
2025-06-16,3.76000,3.80000,3.76000,3.77000,1300
2025-06-17,3.77000,3.82000,3.77000,3.82000,400
2025-06-18,3.85000,3.85000,3.78000,3.78000,2600
2025-06-20,3.80000,3.81000,3.79000,3.81000,800
2025-06-23,3.89000,3.89000,3.84000,3.84000,800
2025-06-24,3.96000,3.96000,3.82000,3.87000,2400
2025-06-25,3.87000,3.87000,3.76000,3.76000,2500
2025-06-26,3.75000,3.78000,3.75000,3.78000,6400
2025-06-27,3.75000,3.79000,3.75000,3.76000,3700
2025-06-30,3.75000,3.81000,3.72000,3.73000,5900
2025-07-01,3.70000,3.82000,3.70000,3.72000,15500
2025-07-02,3.72000,3.81000,3.72000,3.75000,5200
2025-07-03,3.80000,3.81000,3.70000,3.70000,6000
2025-07-07,3.71000,3.86000,3.71000,3.74000,2300
2025-07-08,3.73000,3.79000,3.73000,3.73000,9300
2025-07-09,3.70000,3.77000,3.70000,3.73000,4200
2025-07-10,3.74000,3.75000,3.72000,3.74000,18500
2025-07-11,3.74000,3.80000,3.74000,3.74000,9100
2025-07-14,3.86000,3.96000,3.76000,3.79000,36300
2025-07-15,3.74000,3.75000,3.53000,3.53000,110100
2025-07-16,3.58000,3.70000,3.50000,3.59000,15000
2025-07-17,3.51000,3.65000,3.44000,3.53000,20900
2025-07-18,3.45000,3.53000,3.32000,3.51000,14100
2025-07-21,3.46000,3.56000,3.46000,3.56000,1800
2025-07-22,3.54000,3.56000,3.35000,3.40000,42700
2025-07-23,3.52000,3.52000,3.43000,3.51000,3800
2025-07-24,3.43000,3.50000,3.42000,3.43000,4700
2025-07-25,3.45000,3.45000,3.37000,3.40000,11100
2025-07-28,3.36000,3.49000,3.36000,3.41000,1500
2025-07-29,3.44000,3.48000,3.44000,3.48000,1600
2025-07-30,3.46000,3.49000,3.46000,3.49000,3600
2025-07-31,3.48000,3.52000,3.45000,3.50000,13000
2025-08-01,3.46000,3.61000,3.46000,3.61000,600
2025-08-04,3.65000,3.93000,3.57000,3.73000,49500
2025-08-05,3.75000,3.89000,3.69000,3.69000,94700
2025-08-08,3.57000,3.81000,3.57000,3.81000,500
2025-08-11,3.83000,3.92000,3.58000,3.92000,7700
2025-08-12,3.92000,4.02000,3.92000,3.92000,13600
2025-08-13,3.90000,3.93000,3.64000,3.66000,52200
2025-08-15,3.77000,3.77000,3.67000,3.77000,400
2025-08-18,3.89000,3.95000,3.85000,3.91000,12500
2025-08-19,3.92000,3.94000,3.67000,3.89000,6900
2025-08-20,3.71000,3.90000,3.71000,3.75000,6400
2025-08-22,3.76000,3.95000,3.76000,3.86000,3100
2025-08-25,3.84000,3.85000,3.71000,3.72000,13000
2025-08-26,3.84000,3.84000,3.72000,3.76000,1300
2025-08-27,3.76000,3.76000,3.61000,3.61000,3600
2025-08-28,3.60000,3.70000,3.60000,3.70000,500
2025-08-29,3.65000,3.68000,3.61000,3.61000,20000
2025-09-02,3.62000,3.67000,3.58000,3.67000,20800
2025-09-03,3.66000,3.66000,3.59000,3.61000,22500
2025-09-04,3.61000,3.70000,3.55000,3.70000,39300
2025-09-05,3.59000,3.63000,3.59000,3.63000,2600
2025-09-08,3.67000,3.67000,3.60000,3.61000,13200
2025-09-09,3.61000,3.69000,3.61000,3.66000,5300
2025-09-10,3.64000,3.65000,3.60000,3.60000,8400
2025-09-11,3.62000,3.71000,3.56000,3.56000,8100
2025-09-12,3.58000,3.62000,3.58000,3.62000,2400
2025-09-15,3.60000,3.67000,3.55000,3.56000,5500
2025-09-16,3.58000,3.64000,3.56000,3.57000,27600
2025-09-17,3.59000,3.59000,3.53000,3.53000,38000
2025-09-18,3.54000,3.57000,3.53000,3.53000,9100
2025-09-19,3.55000,3.57000,3.53000,3.53000,19200
2025-09-22,3.54000,3.59000,3.51000,3.52000,83300
2025-09-23,3.51000,3.52000,3.45000,3.48000,18500
2025-09-24,3.49000,3.51000,3.43000,3.43000,5400
2025-09-25,3.47000,3.48000,3.39000,3.39000,8600
2025-09-26,3.58000,3.58000,3.40000,3.48000,16500
2025-09-29,3.48000,3.53000,3.47000,3.52000,3500
2025-09-30,3.41000,3.45000,3.40000,3.44000,3200
2025-10-01,3.50000,3.58000,3.43000,3.54000,9100
2025-10-02,3.57000,3.58000,3.49000,3.58000,11800
2025-10-03,3.49000,3.51000,3.40000,3.50000,2100
2025-10-06,3.53000,3.60000,3.53000,3.58000,8000
2025-10-07,3.55000,3.64000,3.43000,3.52000,19200
2025-10-08,3.56000,3.62000,3.45000,3.56000,3000
2025-10-09,3.70000,3.82000,3.45000,3.48000,9600
2025-10-10,3.44000,3.54000,3.44000,3.47000,3400
2025-10-13,3.41000,3.50000,3.39000,3.39000,18500
2025-10-14,3.38000,3.49000,3.38000,3.49000,7000
2025-10-15,3.42000,3.42000,3.35000,3.40000,10000
2025-10-16,3.33000,3.40000,3.32000,3.40000,6000
2025-10-17,3.33000,3.39000,3.30000,3.39000,3800
2025-10-20,3.40000,3.40000,3.28000,3.34000,10200
2025-10-21,3.33000,3.40000,3.31000,3.35000,10600
2025-10-22,3.30000,3.34000,3.21000,3.28000,3200
2025-10-23,3.19000,3.28000,3.19000,3.28000,1800
2025-10-24,3.23000,3.23000,3.23000,3.23000,300
2025-10-27,3.26000,3.26000,3.11000,3.19000,1400
2025-10-28,3.13000,3.21000,3.13000,3.21000,300
2025-10-29,3.14000,3.22000,3.13000,3.18000,9400
2025-10-30,3.18000,3.18000,3.08000,3.13000,11500
2025-10-31,3.03000,3.07000,2.97000,2.98000,12700
2025-11-03,2.95000,2.95000,2.70000,2.78000,22200
2025-11-04,2.75000,2.75000,2.59000,2.61000,29000
2025-11-05,2.83000,2.83000,2.75000,2.82000,1400
2025-11-06,2.74000,2.74000,2.65000,2.65000,5200
2025-11-07,2.66000,2.78000,2.66000,2.68000,1600
2025-11-10,2.76000,2.81000,2.60000,2.61000,56200
2025-11-11,2.66000,2.87000,2.58000,2.58000,12800
2025-11-12,2.58000,2.62000,2.52000,2.53000,2600
2025-11-13,2.52000,2.59000,2.40000,2.45000,30600
2025-11-14,2.60000,2.60000,2.57000,2.57000,2300
2025-11-17,2.55000,2.57000,2.55000,2.57000,1100
2025-11-18,2.55000,2.55000,2.55000,2.55000,500
2025-11-19,2.47000,2.52000,2.47000,2.50000,4500
2025-11-20,2.47000,2.54000,2.45000,2.45000,3400
2025-11-21,2.45000,2.53000,2.45000,2.48000,4500
2025-11-24,2.47000,2.51000,2.37000,2.41000,21600
2025-11-25,2.42000,2.52000,2.42000,2.44000,1700
2025-11-26,2.57000,2.57000,2.41000,2.46000,700
2025-11-28,2.36000,2.55000,2.36000,2.46000,2700
2025-12-01,2.39000,2.55000,2.37000,2.52000,2700
2025-12-02,2.30000,2.30000,2.07000,2.13000,48700
2025-12-03,2.23000,2.29000,2.17000,2.28000,38400
2025-12-04,2.21000,2.29000,2.02000,2.08000,75200
2025-12-05,2.08000,2.14000,2.02000,2.06000,52800
2025-12-08,2.15000,2.22000,2.10000,2.19000,32600
2025-12-09,2.20000,2.31000,2.16000,2.31000,37200
2025-12-10,2.36000,2.46000,2.36000,2.37000,6700
2025-12-11,2.41000,2.57000,2.38000,2.46000,19500
2025-12-12,2.49000,2.49000,2.35000,2.40000,12400
2025-12-15,2.32000,2.35000,2.28000,2.31000,43400
2025-12-16,2.25000,2.26000,2.10000,2.24000,32000
2025-12-17,2.16000,2.19000,2.13000,2.19000,8200
2025-12-18,2.25000,2.25000,2.13000,2.22000,10200
2025-12-19,2.25000,2.26000,2.03000,2.05000,95300
2025-12-22,2.18000,2.32000,2.06000,2.21000,46600
2025-12-23,2.22000,2.26000,2.20000,2.26000,15500
2025-12-24,2.31000,2.31000,2.18000,2.28000,26900
2025-12-26,2.32000,2.32000,2.20000,2.32000,23800
2025-12-29,2.25000,2.35000,2.12000,2.35000,17600
2025-12-30,2.35000,2.35000,2.20000,2.34000,22500
2025-12-31,2.31000,2.32000,2.25000,2.25000,6700
2026-01-02,2.27000,2.38000,2.21000,2.38000,5600
2026-01-05,2.37000,2.48000,2.30000,2.45000,13000
2026-01-06,2.46000,2.53000,2.42000,2.53000,18200
2026-01-07,2.42000,2.58000,2.41000,2.42000,2200
2026-01-08,2.46000,2.51000,2.35000,2.45000,37600
2026-01-09,2.45000,2.46000,2.30000,2.40000,21900
2026-01-12,2.32000,2.40000,2.19000,2.39000,25200
2026-01-13,2.33000,2.40000,2.27000,2.33000,5300
2026-01-14,2.35000,2.41000,2.19000,2.25000,12300
2026-01-15,2.15000,2.32000,2.10000,2.12000,32800
2026-01-16,2.00000,2.07000,1.80000,1.81000,55800
2026-01-20,1.80000,1.84000,1.66000,1.75000,131200
2026-01-21,1.79000,2.00000,1.79000,1.91000,118000
2026-01-22,1.93000,2.10000,1.93000,2.07000,53900
2026-01-23,2.10000,2.11000,2.02000,2.02000,27500
2026-01-26,2.04000,2.09000,1.88000,2.05000,14200
2026-01-27,2.05000,2.11000,2.05000,2.07000,6600
2026-01-28,2.11000,2.11000,1.98000,2.03000,4500
2026-01-29,2.07000,2.11000,1.96000,1.98000,4200
2026-01-30,2.01000,2.01000,1.91000,1.91000,9500
2026-02-02,1.96000,2.01000,1.79000,1.98000,5800
2026-02-03,2.03000,2.04000,1.92000,1.99000,14800
2026-02-04,1.91000,1.99000,1.76000,1.90000,68300
2026-02-05,1.86000,1.93000,1.78000,1.80000,38900
2026-02-06,1.80000,2.05000,1.78000,1.95000,171300
2026-02-09,1.99000,1.99000,1.84000,1.90000,25300
2026-02-10,1.99000,1.99000,1.88000,1.91000,20800
2026-02-11,1.92000,2.07000,1.89000,1.96000,26400
2026-02-12,2.00000,2.00000,1.89000,1.90000,41100
2026-02-13,1.91000,1.98000,1.89000,1.91000,12500
2026-02-17,1.90000,1.92000,1.82000,1.84000,8200
2026-02-18,1.85000,1.88000,1.82000,1.82000,15300
2026-02-19,1.85000,1.86000,1.81000,1.81000,4600
2026-02-20,1.80000,1.85000,1.75000,1.78000,72100
2026-02-23,1.81000,1.88000,1.79000,1.82000,22900
2026-02-24,1.81000,1.83000,1.79000,1.80000,12000
2026-02-25,1.81000,1.84000,1.76000,1.82000,38000
2026-02-26,1.79000,1.87000,1.75000,1.87000,71500
2026-02-27,1.87000,1.87000,1.76000,1.86000,7700
2026-03-02,1.76000,1.84000,1.76000,1.79000,2900
2026-03-03,1.75000,1.78000,1.71000,1.73000,3600
2026-03-04,1.72000,1.72000,1.71000,1.72000,3000
2026-03-05,1.76000,1.76000,1.68000,1.73000,5800
2026-03-06,1.74000,1.77000,1.70000,1.77000,27600
2026-03-09,1.78000,1.80000,1.77000,1.79000,2900
2026-03-10,1.64000,1.82000,1.64000,1.79000,5800
2026-03-11,1.77000,1.82000,1.71000,1.82000,5300
2026-03-12,1.80000,1.81000,1.78000,1.78000,7800
2026-03-13,1.73000,1.81000,1.72000,1.75000,9500
2026-03-16,1.80000,1.80000,1.71000,1.76000,10300
2026-03-17,1.81000,1.81000,1.80000,1.80000,9500
2026-03-18,1.72000,1.75000,1.65000,1.72000,8000
2026-03-19,1.67000,1.78000,1.67000,1.76000,5200
2026-03-20,1.72000,1.80000,1.72000,1.80000,11600
2026-03-23,1.78000,1.82000,1.72000,1.82000,6300
2026-03-24,1.74000,1.75000,1.68000,1.68000,6900
2026-03-25,1.64000,1.72000,1.55000,1.65000,15300
2026-03-26,1.56000,1.65000,1.56000,1.65000,3900
2026-03-27,1.67000,1.67000,1.65000,1.65000,3600
2026-03-30,1.62000,1.65000,1.62000,1.65000,3800
2026-03-31,1.65000,1.67000,1.62000,1.63000,10400
2026-04-01,1.62000,1.65000,1.59000,1.59000,15200
2026-04-02,1.60000,1.69000,1.54000,1.69000,5400
2026-04-06,1.68000,1.70000,1.64000,1.64000,3800
2026-04-07,1.65000,1.65000,1.65000,1.65000,600
2026-04-08,1.73000,1.73000,1.66000,1.68000,5500
2026-04-09,1.59000,1.71000,1.56000,1.70000,2500
2026-04-10,1.62000,1.78000,1.62000,1.70000,63900
2026-04-13,1.67000,1.73000,1.61000,1.69000,61400
2026-04-14,1.74000,1.84000,1.61000,1.81000,23000
2026-04-15,1.76000,1.85500,1.76000,1.85000,5569
