date,open,high,low,close,volume
2017-02-01,12.50000,13.32000,12.12000,13.25000,10697800
2017-02-02,13.06000,13.19000,12.75000,13.00000,1666500
2017-02-03,12.90000,13.30000,12.90000,13.27000,1202100
2017-02-06,13.34000,13.41000,13.06000,13.38000,724200
2017-02-07,13.45000,13.55000,13.21000,13.41000,459800
2017-02-08,13.25000,13.33000,12.93000,13.13000,809000
2017-02-09,13.10000,13.46000,12.99500,13.13000,379800
2017-02-10,13.13000,13.35000,13.13000,13.26000,998700
2017-02-13,13.24000,13.45000,13.20000,13.31000,478500
2017-02-14,13.23000,13.42000,13.15000,13.21000,182600
2017-02-15,12.99000,13.42000,12.94500,13.10000,319400
2017-02-16,13.04000,13.13000,13.00000,13.09000,530200
2017-02-17,13.17000,13.17000,13.00000,13.11000,177700
2017-02-21,13.02000,13.40000,13.00000,13.39000,715900
2017-02-22,13.23000,13.45000,12.55000,13.12000,1166000
2017-02-23,13.20000,13.29000,13.00000,13.18000,595100
2017-02-24,13.05000,13.27000,12.90500,13.24000,855700
2017-02-27,13.27000,13.41000,13.03000,13.16000,1240400
2017-02-28,13.00000,13.25000,12.93000,13.02000,839600
2017-03-01,13.00000,13.18000,12.86000,12.98000,665300
2017-03-02,12.89000,13.24000,12.44000,12.57000,656400
2017-03-03,12.65000,12.69000,12.19000,12.50000,517900
2017-03-06,12.21000,13.22500,12.21000,12.87000,1084700
2017-03-07,12.92000,13.10000,12.59000,12.80000,527300
2017-03-08,13.07000,13.13000,12.61000,12.84000,692100
2017-03-09,12.95000,12.95000,12.31500,12.53000,1282600
2017-03-10,12.48000,12.85000,12.46000,12.76000,671700
2017-03-13,12.71000,13.02000,12.71000,12.97000,682400
2017-03-14,12.92000,12.98000,12.60000,12.80000,321600
2017-03-15,12.82000,13.08000,12.70000,13.06000,625200
2017-03-16,13.03000,13.14000,12.72000,12.94000,641300
2017-03-17,13.00000,13.70000,12.94000,13.43000,3525700
2017-03-20,13.44000,13.95000,13.27000,13.76000,643000
2017-03-21,13.86000,13.99000,13.69000,13.87000,631900
2017-03-22,13.82000,13.87000,13.50000,13.73000,479800
2017-03-23,13.72000,13.81000,13.38000,13.65000,810900
2017-03-24,13.64000,13.89000,13.23000,13.34000,472500
2017-03-27,13.39000,13.89000,13.13000,13.56000,1012500
2017-03-28,13.65000,13.95500,13.55000,13.90000,1005100
2017-03-29,12.67000,14.45000,12.65000,14.14000,2600800
2017-03-30,14.11000,14.49000,13.98000,14.04000,1050000
2017-03-31,13.95000,14.34000,13.87000,14.27000,3901400
2017-04-03,14.27000,14.38500,13.83000,14.18000,986200
2017-04-04,14.20000,14.47000,13.98000,14.43000,1448300
2017-04-05,14.42000,14.55000,14.04000,14.14000,931200
2017-04-06,14.13000,14.32000,14.05000,14.27000,915600
2017-04-07,14.22000,14.56000,14.08000,14.46000,735900
2017-04-10,14.54000,14.99000,14.42000,14.87000,983000
2017-04-11,14.90000,15.00000,14.59000,14.74000,274000
2017-04-12,14.70000,14.79000,14.60000,14.73000,212400
2017-04-13,14.76000,14.82100,14.50000,14.60000,445900
2017-04-17,14.80000,14.99000,14.59100,14.83000,253300
2017-04-18,14.81000,14.87000,14.65000,14.73000,216600
2017-04-19,14.66000,14.82000,14.35000,14.51000,430900
2017-04-20,14.63000,14.74000,14.37000,14.47000,392500
2017-04-21,14.50000,14.55500,14.15000,14.26000,505200
2017-04-24,14.34000,14.40500,14.14000,14.26000,412700
2017-04-25,14.36000,14.45000,14.12000,14.14000,469700
2017-04-26,14.22000,14.38000,14.11000,14.12000,374700
2017-04-27,14.18000,14.27000,13.94000,14.03000,212600
2017-04-28,14.04000,14.11000,13.75000,13.81000,444100
2017-05-01,13.86000,13.86000,13.58000,13.60000,931000
2017-05-02,13.55000,13.55000,13.09500,13.14000,1006300
2017-05-03,13.16000,13.35000,13.09000,13.28000,199300
2017-05-04,13.33000,13.35000,12.81000,13.30000,572900
2017-05-05,13.30000,13.57000,13.12000,13.56000,303600
2017-05-08,13.55000,13.62000,13.48000,13.57000,267800
2017-05-09,13.61000,13.73000,13.52000,13.54000,499100
2017-05-10,13.54000,13.82000,13.51000,13.72000,184200
2017-05-11,13.33000,15.29000,13.30000,15.14000,1026600
2017-05-12,15.08000,15.86000,14.71000,15.38000,1267100
2017-05-15,15.38000,15.52000,14.89000,15.18000,599200
2017-05-16,15.26000,15.52000,14.81000,15.13000,277900
2017-05-17,14.97000,15.88000,14.64000,15.67000,1846300
2017-05-18,15.63000,15.68000,14.89000,15.17000,732400
2017-05-19,15.11000,15.64000,15.11000,15.58000,418800
2017-05-22,15.70000,15.92000,15.29000,15.89000,174300
2017-05-23,15.91000,16.40000,15.80000,16.39000,245300
2017-05-24,16.46000,16.50000,16.17000,16.34000,229100
2017-05-25,16.40000,16.60000,16.22000,16.39000,236500
2017-05-26,16.42000,16.74000,16.26000,16.43000,184000
2017-05-30,16.31000,16.64000,16.05000,16.54000,405100
2017-05-31,16.55000,17.10000,16.17100,16.72000,730500
2017-06-01,16.60000,17.50000,16.60000,17.44000,620600
2017-06-02,17.53000,18.12000,17.53000,17.79000,880800
2017-06-05,17.82000,17.97000,17.60000,17.65000,144600
2017-06-06,17.65000,18.01000,17.43000,17.57000,562200
2017-06-07,17.43000,17.57000,16.80000,16.99000,192500
2017-06-08,16.96000,17.20000,16.82000,17.12000,170400
2017-06-09,17.23000,17.94000,17.01000,17.61000,318000
2017-06-12,17.61000,17.98000,17.36000,17.53000,293100
2017-06-13,17.67000,17.88000,17.42000,17.73000,246500
2017-06-14,17.73000,17.90000,17.41000,17.89000,376500
2017-06-15,17.75000,17.85000,17.43000,17.74000,162700
2017-06-16,17.41000,18.66000,17.16500,18.17000,928700
2017-06-19,18.21000,18.71000,18.21000,18.53000,583200
2017-06-20,18.40000,18.54000,18.10000,18.25000,199300
2017-06-21,18.28000,18.67000,17.31000,18.50000,270400
2017-06-22,18.48000,18.60000,18.06500,18.16000,323300
2017-06-23,18.11000,18.50000,18.11000,18.42000,1122900
2017-06-26,18.45000,18.67000,18.20000,18.39000,447300
2017-06-27,18.40000,18.62000,18.32000,18.48000,268500
2017-06-28,18.60000,18.96000,18.30000,18.48000,1480100
2017-06-29,18.44000,18.44000,17.70000,17.98000,403100
2017-06-30,18.07000,18.15300,17.52000,17.53000,514100
2017-07-03,17.70000,17.87000,17.52000,17.60000,68200
2017-07-05,17.55000,17.55000,17.01000,17.29000,406600
2017-07-06,17.13000,17.55000,16.54000,17.21000,285200
2017-07-07,17.22000,17.42000,17.05000,17.33000,341300
2017-07-10,17.26000,17.65000,17.10000,17.20000,233200
2017-07-11,17.24000,17.42000,17.05000,17.24000,273100
2017-07-12,17.41000,17.68000,17.41000,17.53000,204200
2017-07-13,17.61000,18.24000,17.44000,17.83000,551500
2017-07-14,17.75000,17.87000,17.33000,17.58000,397100
2017-07-17,17.65000,17.69000,17.30000,17.57000,272700
2017-07-18,17.63000,17.77000,17.31000,17.52000,220300
2017-07-19,17.58000,17.58000,17.25000,17.28000,142700
2017-07-20,17.37000,17.42000,17.08000,17.30000,108900
2017-07-21,17.49000,17.59000,17.18000,17.34000,171100
2017-07-24,17.38000,17.59000,17.11000,17.19000,530100
2017-07-25,17.34000,17.44000,17.10000,17.34000,155900
2017-07-26,17.42000,17.54000,17.14000,17.24000,140300
2017-07-27,17.24000,17.31000,16.38000,16.62000,494500
2017-07-28,16.58000,16.96000,16.45000,16.74000,304900
2017-07-31,16.62000,17.22000,16.62000,17.02000,419600
2017-08-01,17.17000,17.57000,17.05000,17.39000,503800
2017-08-02,17.34000,17.47400,16.84000,17.01000,241200
2017-08-03,17.04000,17.33000,17.00000,17.06000,254500
2017-08-04,17.18000,17.42000,17.05500,17.25000,487600
2017-08-07,17.25000,17.40000,16.84000,16.99000,474800
2017-08-08,17.04000,17.20000,16.56000,16.85000,567500
2017-08-09,16.01000,16.93000,15.32500,15.61000,1075400
2017-08-10,15.74000,16.08000,15.39000,15.51000,518500
2017-08-11,15.50000,15.52000,15.16000,15.25000,718900
2017-08-14,15.24000,15.45000,15.05000,15.10000,802000
2017-08-15,15.11000,15.17000,14.83000,14.88000,590700
2017-08-16,14.78000,14.93000,14.51000,14.59000,707800
2017-08-17,14.50000,14.64900,14.05000,14.13000,516800
2017-08-18,14.00000,14.26000,13.90000,14.16000,1162300
2017-08-21,14.16000,14.30500,13.78000,14.22000,976300
2017-08-22,14.31000,14.51000,14.04000,14.34000,1044900
2017-08-23,14.31000,14.32000,13.86000,14.07000,930700
2017-08-24,14.16000,14.34000,14.06000,14.20000,457400
2017-08-25,14.21000,14.21000,13.96000,14.11000,480000
2017-08-28,14.18000,14.27000,13.95500,14.20000,327800
2017-08-29,14.02000,14.28000,13.91000,14.11000,534300
2017-08-30,14.09000,14.44000,14.08000,14.37000,451200
2017-08-31,14.36000,14.76000,14.15000,14.64000,565800
2017-09-01,14.65000,14.97000,14.51000,14.91000,722400
2017-09-05,14.77000,14.77000,14.38000,14.54000,702900
2017-09-06,14.62000,14.84000,14.46000,14.67000,1623600
2017-09-07,14.67000,14.71000,14.34000,14.58000,488300
2017-09-08,14.59000,14.88000,14.46000,14.71000,926800
2017-09-11,14.87000,14.87000,14.65000,14.70000,504400
2017-09-12,14.76000,15.10000,14.68000,15.03000,562700
2017-09-13,15.03000,15.20000,14.77000,14.82000,805900
2017-09-14,14.87000,14.94000,14.36500,14.66000,1302200
2017-09-15,14.51000,14.62000,14.25000,14.37000,1820300
2017-09-18,14.46000,14.94000,14.38000,14.75000,1489300
2017-09-19,14.73000,14.73000,14.00000,14.40000,1072200
2017-09-20,14.48000,14.75000,14.37000,14.65000,447200
2017-09-21,14.70000,14.70000,14.05000,14.39000,580500
2017-09-22,14.42000,14.60000,14.06000,14.41000,572100
2017-09-25,14.40000,14.49000,13.83000,14.10000,755600
2017-09-26,14.20000,14.34000,14.09000,14.13000,539700
2017-09-27,14.13000,14.66000,14.12000,14.54000,583600
2017-09-28,14.48000,14.61000,14.37000,14.55000,306700
2017-09-29,14.55000,14.65500,14.28000,14.55000,375300
2017-10-02,14.56000,14.73000,14.39000,14.67000,377500
2017-10-03,14.74000,14.79000,14.47000,14.50000,261100
2017-10-04,14.54000,14.54000,14.23000,14.30000,175600
2017-10-05,14.30000,14.44000,14.23000,14.37000,251000
2017-10-06,14.40000,14.46500,14.21000,14.41000,145200
2017-10-09,14.37000,14.41000,14.08000,14.20000,227000
2017-10-10,14.18000,14.24000,13.93000,14.01000,205400
2017-10-11,14.00000,14.00000,13.76000,13.87000,206900
2017-10-12,13.86000,13.87000,13.62000,13.76000,477600
2017-10-13,13.73000,14.02000,13.73000,13.95000,270400
2017-10-16,13.96000,14.31000,13.94000,14.23000,390500
2017-10-17,14.23000,14.34000,13.96000,14.00000,285800
2017-10-18,14.01000,14.13000,13.94000,14.05000,168500
2017-10-19,14.03000,14.24000,13.70000,13.98000,227900
2017-10-20,14.11000,14.17000,13.85000,13.90000,300400
2017-10-23,13.90000,13.94000,13.55000,13.68000,852600
2017-10-24,13.74000,13.79000,13.39000,13.40000,168300
2017-10-25,13.33000,13.50000,13.22000,13.40000,424400
2017-10-26,13.44000,13.53000,13.31000,13.35000,291300
2017-10-27,13.38000,13.62000,13.33000,13.43000,151600
2017-10-30,13.45000,13.57000,13.05000,13.36000,318300
2017-10-31,13.43000,13.59000,13.09000,13.37000,488300
2017-11-01,13.46000,13.48000,13.06000,13.27000,259900
2017-11-02,13.22000,13.52000,13.01000,13.36000,412800
2017-11-03,13.39000,13.39000,13.14000,13.25000,217700
2017-11-06,13.24000,13.85000,13.12000,13.75000,429500
2017-11-07,13.72000,13.83500,13.34000,13.42000,274100
2017-11-08,13.35000,13.58000,13.18000,13.45000,201200
2017-11-09,12.65000,12.92000,11.34000,11.61000,2227800
2017-11-10,11.30000,11.62600,11.03000,11.34000,911400
2017-11-13,11.34000,11.34000,11.03000,11.13000,438700
2017-11-14,11.12000,11.15600,10.65000,10.90000,1014400
2017-11-15,10.78000,10.99000,10.46000,10.53000,1189200
2017-11-16,10.62000,10.74000,10.54000,10.70000,743300
2017-11-17,10.93000,10.93000,10.59000,10.64000,432300
2017-11-20,10.69000,11.03000,10.56000,11.02000,873400
2017-11-21,11.05000,11.65000,11.04000,11.41000,471200
2017-11-22,11.46000,11.69000,11.45000,11.63000,683200
2017-11-24,11.63000,12.12000,11.52000,12.02000,268100
2017-11-27,12.00000,12.25000,11.67000,12.22000,967400
2017-11-28,12.22000,13.42000,12.18100,13.40000,1712600
2017-11-29,13.40000,13.68000,13.34000,13.60000,1142900
2017-11-30,13.80000,14.05900,13.42000,13.63000,977000
2017-12-01,13.69000,13.69000,13.26000,13.53000,388800
2017-12-04,13.80000,13.80000,12.83000,12.86000,957200
2017-12-05,12.93000,12.93000,12.20000,12.23000,662100
2017-12-06,12.24000,12.56000,11.98000,12.52000,851400
2017-12-07,12.48000,12.91000,12.42000,12.68000,690400
2017-12-08,12.77000,13.00000,12.56000,12.94000,603600
2017-12-11,12.91000,13.12000,12.44400,13.00000,320700
2017-12-12,13.00000,13.18000,12.59000,12.69000,309900
2017-12-13,12.72000,13.03000,12.60000,12.91000,617800
2017-12-14,12.89000,13.17000,12.82000,12.94000,437100
2017-12-15,12.94000,13.06000,12.81000,12.97000,2447300
2017-12-18,13.09000,13.56000,12.95000,13.56000,765500
2017-12-19,13.64000,13.79000,13.33000,13.53000,400500
2017-12-20,13.57000,13.72000,13.39000,13.55000,505100
2017-12-21,13.54000,13.86000,12.62500,13.66000,1104300
2017-12-22,13.37000,13.66000,12.61000,13.45000,830500
2017-12-26,13.40000,13.45000,13.03000,13.25000,250200
2017-12-27,13.28000,13.85000,13.03000,13.57000,700700
2017-12-28,13.65000,13.65000,13.37500,13.59000,388800
2017-12-29,13.65000,13.65000,13.15000,13.56000,526600
2018-01-02,13.60000,14.75500,13.43000,14.72000,696300
2018-01-03,14.65000,15.07000,14.35000,14.68000,815400
2018-01-04,14.70000,14.84000,14.59000,14.61000,374000
2018-01-05,14.64000,14.69000,14.16000,14.21000,757100
2018-01-08,14.21000,14.68000,14.01500,14.59000,521100
2018-01-09,14.68000,14.84000,14.53000,14.65000,325700
2018-01-10,14.63000,14.86500,14.12000,14.58000,305400
2018-01-11,14.59000,15.42000,14.37000,15.38000,297900
2018-01-12,15.42000,15.70000,15.27400,15.67000,397700
2018-01-16,15.74000,16.20000,15.73000,16.12000,422200
2018-01-17,16.27000,16.28700,15.17000,15.26000,380000
2018-01-18,15.26000,15.26000,14.74000,14.87000,484900
2018-01-19,14.96000,15.20000,14.87000,15.05000,275500
2018-01-22,15.02000,15.40000,14.92000,15.09000,264200
2018-01-23,15.15000,15.44000,15.02000,15.35000,315600
2018-01-24,15.46000,16.12000,15.46000,16.04000,372300
2018-01-25,16.09000,16.26000,15.55000,15.62000,164400
2018-01-26,15.71000,15.71000,15.42000,15.58000,232200
2018-01-29,15.49000,15.58000,15.30000,15.37000,420200
2018-01-30,15.50000,15.50000,15.04000,15.11000,709000
2018-01-31,15.17000,15.40000,13.65000,14.40000,1865500
2018-02-01,14.33000,14.50000,13.98000,14.26000,659100
2018-02-02,14.05000,14.48000,13.93000,14.20000,497400
2018-02-05,14.06000,14.07000,13.73000,13.90000,676000
2018-02-06,13.53000,14.16500,13.35000,13.47000,499600
2018-02-07,13.41000,13.57000,13.15000,13.24000,478900
2018-02-08,13.33000,13.33000,12.95000,13.01000,502300
2018-02-09,13.11000,13.13000,12.71000,12.99000,475400
2018-02-12,13.00000,13.39500,12.78500,13.09000,416800
2018-02-13,12.97000,13.06000,12.81000,12.98000,418200
2018-02-14,12.82000,13.20000,12.82000,13.17000,427700
2018-02-15,13.31000,13.40500,13.08000,13.15000,340700
2018-02-16,13.11000,13.44000,13.10000,13.12000,408800
2018-02-20,13.06000,13.50000,13.03000,13.23000,249400
2018-02-21,13.21000,13.72000,13.18000,13.49000,345000
2018-02-22,13.56000,13.72000,13.40000,13.58000,273100
2018-02-23,13.62000,13.80000,13.51000,13.71000,205700
2018-02-26,13.71000,13.89500,13.63000,13.70000,256100
2018-02-27,13.70000,13.98000,13.57000,13.63000,296500
2018-02-28,13.75000,13.89000,13.33000,13.37000,352000
2018-03-01,13.33000,13.33000,12.80000,12.90000,388900
2018-03-02,12.83000,13.37000,12.70000,13.29000,257300
2018-03-05,13.25000,13.62000,13.15000,13.43000,259700
2018-03-06,13.53000,14.11000,13.46000,14.01000,255000
2018-03-07,13.95000,14.18000,13.69000,13.97000,355300
2018-03-08,14.06000,14.41000,13.71000,13.78000,170700
2018-03-09,13.91000,14.05000,13.79000,13.88000,250700
2018-03-12,13.96000,14.06000,13.72000,13.76000,193100
2018-03-13,13.83000,13.87000,13.41000,13.49000,250800
2018-03-14,13.55000,13.55000,13.19000,13.35000,171200
2018-03-15,13.39000,13.65000,13.34000,13.49000,240000
2018-03-16,13.47000,13.75000,13.41000,13.62000,422400
2018-03-19,13.54000,13.83000,13.50000,13.80000,239000
2018-03-20,13.78000,13.99000,13.57000,13.64000,266000
2018-03-21,13.66000,14.28000,13.07000,14.12000,584000
2018-03-22,13.99000,14.05000,13.13000,13.16000,448900
2018-03-23,13.20000,13.20000,12.90000,12.93000,366200
2018-03-26,13.16000,13.63000,13.12000,13.62000,328300
2018-03-27,13.63000,13.72000,13.35000,13.43000,343700
2018-03-28,13.38000,14.00000,13.38000,13.74000,358800
2018-03-29,13.89000,13.99000,13.54000,13.75000,391400
2018-04-02,13.70000,13.92000,13.45000,13.60000,293600
2018-04-03,13.62000,13.90000,13.44000,13.86000,275400
2018-04-04,13.62000,14.16000,13.54500,14.07000,188000
2018-04-05,14.17000,14.60000,14.10000,14.34000,220300
2018-04-06,14.30000,14.50000,13.99000,14.09000,247100
2018-04-09,14.12000,14.12000,13.54000,13.56000,246600
2018-04-10,13.72000,14.22000,13.61000,13.76000,175400
2018-04-11,13.75000,14.11000,13.75000,13.97000,179000
2018-04-12,14.10000,14.68000,13.97000,13.97000,134400
2018-04-13,14.01000,14.69000,14.01000,14.40000,227900
2018-04-16,14.46000,14.50500,14.16000,14.35000,182900
2018-04-17,14.42000,14.48000,14.14000,14.18000,256900
2018-04-18,14.24000,14.37000,14.13000,14.30000,138000
2018-04-19,14.35000,14.57000,14.15000,14.34000,270500
2018-04-20,14.23000,14.50000,14.10200,14.33000,200200
2018-04-23,14.34000,14.45000,13.90000,13.93000,278000
2018-04-24,13.93000,14.10000,13.73000,13.85000,204800
2018-04-25,13.94000,14.26000,13.84000,14.14000,304100
2018-04-26,14.21000,14.35000,14.03500,14.19000,191900
2018-04-27,14.21000,14.45000,14.18000,14.38000,284400
2018-04-30,14.38000,14.51300,14.08000,14.12000,838800
2018-05-01,14.06000,14.32000,13.83000,13.88000,181700
2018-05-02,13.83000,14.31000,13.83000,14.20000,266400
2018-05-03,14.16000,14.24000,13.79000,14.00000,209400
2018-05-04,13.98000,14.04000,13.84000,14.00000,176100
2018-05-07,14.03000,14.45000,13.90100,14.20000,1038900
2018-05-08,14.33000,14.44000,14.06000,14.36000,344100
2018-05-09,14.37000,14.61000,13.90000,13.98000,577000
2018-05-10,14.00000,14.53000,13.92000,14.38000,1064800
2018-05-11,14.50000,14.78000,14.23900,14.57000,1261300
2018-05-14,14.61000,14.93000,14.48000,14.50000,877900
2018-05-15,14.46000,14.54000,14.24300,14.30000,614600
2018-05-16,14.30000,14.92000,14.17000,14.49000,1209700
2018-05-17,14.57000,14.60000,14.25000,14.30000,1004600
2018-05-18,14.40000,14.51000,14.28000,14.29000,488700
2018-05-21,14.30000,14.76000,14.30000,14.71000,507800
2018-05-22,14.77000,15.20000,14.77000,15.02000,990700
2018-05-23,14.98000,15.42000,14.91000,15.27000,864300
2018-05-24,15.25000,15.80000,15.08000,15.75000,928500
2018-05-25,15.69000,16.17000,15.69000,15.83000,872000
2018-05-29,15.74000,16.05000,15.33000,15.55000,798500
2018-05-30,15.51000,15.94000,15.47000,15.86000,749700
2018-05-31,15.88000,16.52000,15.88000,16.23000,790400
2018-06-01,16.27000,16.49000,16.15000,16.24000,625100
2018-06-04,16.29000,16.50000,16.08000,16.09000,664100
2018-06-05,16.07000,16.72000,16.07000,16.55000,919400
2018-06-06,16.64000,16.88000,16.10000,16.16000,576400
2018-06-07,16.24000,16.41000,15.75000,15.76000,587200
2018-06-08,15.75000,16.02000,15.43000,15.49000,652100
2018-06-11,15.57000,15.69000,15.17000,15.39000,544600
2018-06-12,15.41000,15.75000,15.35000,15.50000,692600
2018-06-13,15.58000,15.72000,15.18500,15.30000,1030200
2018-06-14,15.42000,15.74000,14.65000,14.81000,1009000
2018-06-15,14.74000,14.83000,14.41000,14.63000,1110800
2018-06-18,14.63000,15.24000,14.51000,15.14000,1497600
2018-06-19,14.96000,15.44000,14.76000,15.40000,998700
2018-06-20,15.44000,15.84000,15.33000,15.78000,1373500
2018-06-21,15.83000,16.04000,15.72000,15.87000,1529300
2018-06-22,15.89000,16.03000,15.53000,15.63000,1511100
2018-06-25,15.53000,15.53000,15.08000,15.39000,447800
2018-06-26,15.41000,15.64500,15.24000,15.39000,355900
2018-06-27,15.38000,15.44000,14.90000,14.93000,484500
2018-06-28,14.91000,14.95000,14.66000,14.78000,288200
2018-06-29,14.88000,14.88000,14.31000,14.33000,414600
2018-07-02,14.25000,14.67000,14.11000,14.60000,525900
2018-07-03,14.59000,14.64000,14.40000,14.49000,173600
2018-07-05,14.54000,14.70000,14.28000,14.61000,485500
2018-07-06,14.64000,14.88000,14.59000,14.86000,251700
2018-07-09,14.92000,15.22000,14.86000,15.19000,412000
2018-07-10,15.31000,15.41000,15.12000,15.32000,374200
2018-07-11,15.23000,15.50000,15.20000,15.27000,452700
2018-07-12,15.36000,15.50000,15.03000,15.19000,344600
2018-07-13,15.19000,15.42000,15.01000,15.10000,1471100
2018-07-16,15.12000,15.16000,14.98000,15.09000,392600
2018-07-17,15.06000,15.19000,14.98000,15.11000,434200
2018-07-18,15.17000,15.26000,15.08000,15.23000,523900
2018-07-19,15.16000,15.16000,14.91000,14.96000,216300
2018-07-20,15.01000,15.16000,14.93000,15.12000,384900
2018-07-23,15.06000,15.15000,15.00000,15.06000,256300
2018-07-24,15.08000,15.10000,14.85000,14.99000,277400
2018-07-25,15.00000,15.22000,14.85000,15.06000,288500
2018-07-26,15.06000,15.50000,14.83000,15.37000,460500
2018-07-27,15.42000,15.61000,15.10000,15.27000,291700
2018-07-30,15.25000,15.30000,14.31000,14.33000,476300
2018-07-31,14.35000,14.88000,14.14000,14.81000,579900
2018-08-01,14.82000,15.02000,14.67000,15.01000,518600
2018-08-02,14.94000,15.08000,14.70000,14.89000,288200
2018-08-03,14.89000,14.97000,14.36000,14.68000,359500
2018-08-06,14.68000,14.83000,14.54000,14.70000,220900
2018-08-07,14.72000,14.82000,14.63000,14.70000,235900
2018-08-08,14.67000,14.85000,14.60000,14.78000,353400
2018-08-09,16.99000,16.99000,15.13000,16.38000,1781400
2018-08-10,16.35000,16.43000,15.83000,16.00000,1468600
2018-08-13,15.99000,16.42000,15.78000,16.09000,1782900
2018-08-14,16.29000,16.40000,15.84000,16.17000,1470800
2018-08-15,16.05000,16.32000,15.93000,15.98000,342300
2018-08-16,16.01000,16.36000,15.99000,16.10000,660900
2018-08-17,16.09000,16.10000,15.79000,15.85000,518700
2018-08-20,15.93000,16.29000,15.79500,16.04000,2113500
2018-08-21,16.00000,16.22000,15.95000,16.00000,1014900
2018-08-22,15.94000,16.10000,15.87000,15.97000,1270000
2018-08-23,15.91000,16.00000,15.57000,15.60000,512500
2018-08-24,15.65000,15.75000,15.55000,15.59000,312000
2018-08-27,15.57000,16.18000,15.57000,16.01000,833100
2018-08-28,16.00000,16.12000,15.88000,16.00000,480200
2018-08-29,16.00000,16.07000,15.90000,16.00000,518100
2018-08-30,16.00000,16.09500,15.75000,15.85000,336400
2018-08-31,15.75000,16.06000,15.73000,15.97000,676200
2018-09-04,16.00000,16.03000,15.65000,15.71000,469900
2018-09-05,15.71000,15.71000,15.25000,15.32000,579300
2018-09-06,15.28000,15.36000,14.94000,15.22000,458000
2018-09-07,15.21000,15.38000,15.19000,15.35000,410100
2018-09-10,15.41000,15.45600,14.83000,15.12000,613800
2018-09-11,15.08000,15.31000,15.00000,15.31000,439600
2018-09-12,15.35000,15.57000,15.03500,15.54000,577000
2018-09-13,15.63000,15.77000,15.34000,15.38000,506600
2018-09-14,15.31000,15.67000,15.25000,15.34000,353900
2018-09-17,15.35000,15.62000,15.15000,15.55000,744600
2018-09-18,15.54000,15.92000,15.46000,15.72000,834900
2018-09-19,15.78000,15.94000,15.63000,15.81000,320100
2018-09-20,15.86000,16.05000,15.82000,15.98000,812900
2018-09-21,16.03000,16.13000,15.93000,15.99000,3867600
2018-09-24,15.97000,15.98000,15.41000,15.45000,278200
2018-09-25,15.40000,15.44000,15.12000,15.42000,525500
2018-09-26,15.47000,15.47000,15.20000,15.21000,319300
2018-09-27,15.19000,15.28000,14.80000,15.18000,603000
2018-09-28,15.18000,15.57000,15.07000,15.44000,565900
2018-10-01,15.39000,15.64000,15.08000,15.15000,401600
2018-10-02,15.15000,15.31000,15.09000,15.10000,451700
2018-10-03,15.17000,15.44000,15.13000,15.18000,504100
2018-10-04,15.16000,15.16000,14.75000,14.91000,470400
2018-10-05,14.81000,15.01500,14.72000,14.99000,606300
2018-10-08,14.97000,15.04800,14.71000,14.91000,351100
2018-10-09,14.86000,15.05000,14.71500,14.82000,398800
2018-10-10,14.85000,15.01000,14.77000,14.90000,577300
2018-10-11,14.90000,15.06000,14.69000,15.00000,564600
2018-10-12,15.16000,15.46000,14.88000,15.07000,1031100
2018-10-15,14.89000,15.48000,14.82000,15.44000,393200
2018-10-16,15.51000,15.84500,15.41000,15.79000,583300
2018-10-17,15.76000,15.85000,15.38000,15.49000,376500
2018-10-18,15.49000,15.66500,15.25000,15.33000,433700
2018-10-19,15.28000,15.51000,15.06000,15.18000,406600
2018-10-22,15.23000,15.51000,15.02000,15.37000,360600
2018-10-23,15.21000,15.44000,14.92000,15.26000,489000
2018-10-24,15.26000,15.53000,14.71000,14.74000,421200
2018-10-25,14.83000,15.37000,14.69000,15.23000,421800
2018-10-26,15.00000,15.22000,14.80000,14.86000,964900
2018-10-29,15.04000,15.05000,14.32000,14.46000,685100
2018-10-30,14.47000,14.96000,14.24000,14.90000,849200
2018-10-31,15.05000,15.09000,14.70000,14.89000,753000
2018-11-01,15.03000,15.31500,14.88000,15.21000,872100
2018-11-02,15.33000,15.35000,14.98000,15.07000,555300
2018-11-05,15.09000,15.34000,14.93000,15.25000,480400
2018-11-06,15.23000,15.47000,15.02000,15.34000,1066000
2018-11-07,15.37000,16.02000,15.06000,15.95000,753700
2018-11-08,14.70000,17.15000,13.86000,15.85000,1244900
2018-11-09,15.85000,16.00000,15.39700,15.90000,546500
2018-11-12,15.75000,16.05500,15.49000,15.93000,770100
2018-11-13,16.02000,16.23000,15.50000,15.53000,711000
2018-11-14,14.14000,14.93000,13.96000,14.13500,1322400
2018-11-15,13.58000,14.48000,13.58000,14.46000,1092100
2018-11-16,14.00000,15.00000,14.00000,14.88000,7191200
2018-11-19,15.01000,15.14000,14.80000,14.99000,1317600
2018-11-20,14.79000,14.95000,14.47000,14.57000,1099100
2018-11-21,14.63000,14.87000,14.46000,14.50000,540700
2018-11-23,14.39000,14.75000,14.37000,14.49000,281600
2018-11-26,14.54000,15.00000,14.52100,14.85000,674900
2018-11-27,14.84000,15.08000,14.54000,14.59000,551000
2018-11-28,14.66000,14.74000,14.28000,14.54000,586200
2018-11-29,14.44000,14.97500,14.22000,14.96000,604300
2018-11-30,14.93000,15.01000,14.55000,14.75000,1079300
2018-12-03,15.04000,15.45500,14.80000,15.45500,943800
2018-12-04,15.41000,15.53000,14.65000,15.07000,1331800
2018-12-06,14.94000,15.00000,14.53000,14.97000,967900
2018-12-07,14.96000,15.09000,14.50000,14.69000,603200
2018-12-10,14.62000,14.81000,14.43000,14.59000,790000
2018-12-11,14.86000,14.97000,14.45000,14.69000,674600
2018-12-12,15.10000,15.49000,14.77000,15.40000,1934000
2018-12-13,15.35000,15.35000,14.89000,14.97000,2530300
2018-12-14,14.74000,15.13000,14.30000,14.96000,1007300
2018-12-17,14.90000,15.03000,14.47000,14.64000,1289200
2018-12-18,14.70000,14.91000,14.42000,14.78000,788500
2018-12-19,14.78000,14.96000,14.44000,14.56000,1036900
2018-12-20,14.55000,14.64000,14.32000,14.42000,1456500
2018-12-21,14.35000,14.49000,13.70000,13.90000,2934200
2018-12-24,13.73000,14.03000,13.73000,13.98000,402300
2018-12-26,14.02000,14.64000,14.00000,14.54000,1624900
2018-12-27,14.42000,14.74000,14.34000,14.68000,942900
2018-12-28,14.69000,14.98500,14.60000,14.82000,1231900
2018-12-31,14.89000,15.29000,14.77000,15.24000,926100
2019-01-02,15.04000,15.39000,14.88000,15.36000,1113100
2019-01-03,15.31000,15.31000,14.55000,14.57000,586800
2019-01-04,14.85000,15.19400,14.69000,15.06000,1193900
2019-01-07,15.06000,15.25000,14.91000,14.99000,1218600
2019-01-08,15.03000,15.07000,14.52000,14.82000,868900
2019-01-09,14.81000,15.24000,14.78000,15.21000,603700
2019-01-10,15.09000,15.25000,14.95000,15.24000,693500
2019-01-11,15.16000,15.24000,14.85000,15.10000,572900
2019-01-14,14.99000,15.23000,14.95000,15.05000,787800
2019-01-15,15.10000,15.32000,15.05000,15.19000,416300
2019-01-16,15.13000,15.31000,15.08000,15.25000,538800
2019-01-17,15.20000,15.42000,15.19000,15.26000,698300
2019-01-18,15.28000,15.57500,15.19000,15.28000,2964100
2019-01-22,15.31000,15.66000,15.22000,15.56000,1475300
2019-01-23,15.59000,15.84000,15.43000,15.62000,530500
2019-01-24,15.62000,15.72500,15.59000,15.71000,398600
2019-01-25,15.80000,16.04000,15.77000,15.84000,886400
2019-01-28,15.71000,15.95500,15.61000,15.92000,419400
2019-01-29,16.00000,16.07000,15.74000,15.74000,541500
2019-01-30,15.64000,15.96000,15.64000,15.70000,591600
2019-01-31,15.73000,16.20000,15.69000,16.00000,1460600
2019-02-01,16.06000,16.13000,15.69000,15.70000,534900
2019-02-04,15.66000,15.90000,15.62000,15.86000,401400
2019-02-05,15.92000,16.00000,15.77000,15.86000,469200
2019-02-06,15.93000,15.93000,14.72000,15.10000,1663800
2019-02-07,15.00000,15.16000,14.83000,14.86000,493300
2019-02-08,14.90000,14.98000,14.77000,14.96000,351800
2019-02-11,15.00000,15.21000,14.89000,15.08000,344100
2019-02-12,15.17000,15.24000,14.84500,15.05000,498500
2019-02-13,15.08000,15.15000,14.94000,15.11000,390900
2019-02-14,15.02000,15.19000,14.78000,14.95000,263800
2019-02-15,15.02000,15.19000,14.76000,14.97000,491700
2019-02-19,15.00000,15.08000,14.76000,14.80000,765300
2019-02-20,14.79000,14.96000,14.60000,14.78000,1147800
2019-02-21,14.77000,15.17000,14.74400,15.09000,920000
2019-02-22,15.17000,15.29000,14.85000,14.87000,597600
2019-02-25,14.97000,15.05000,14.77000,15.03000,530000
2019-02-26,15.07000,15.09000,14.64000,14.64000,613900
2019-02-27,14.63000,14.87000,14.37000,14.71000,1053500
2019-02-28,15.88000,15.88000,14.86000,15.29000,1310200
2019-03-01,15.27000,15.50000,14.60000,15.30000,1851400
2019-03-04,15.42000,15.60800,15.03000,15.09000,795400
2019-03-05,15.00000,15.14000,14.82000,15.10000,636400
2019-03-06,15.10000,15.10000,14.67000,14.90000,1204800
2019-03-07,14.89000,15.01000,14.53000,14.64000,739000
2019-03-08,14.57000,14.95000,14.46000,14.51000,688700
2019-03-11,14.50000,14.81000,14.32000,14.77000,879800
2019-03-12,14.74000,14.94000,14.73000,14.90000,737800
2019-03-13,14.96000,15.26000,14.90000,15.26000,653900
2019-03-14,15.24000,15.24000,14.82000,14.97000,803400
2019-03-15,15.10000,15.18000,15.00000,15.09000,1179000
2019-03-18,15.25000,15.26000,15.00000,15.25000,501100
2019-03-19,15.30000,15.33000,15.03000,15.11000,703800
2019-03-20,15.15000,15.36000,15.00000,15.29000,754600
2019-03-21,15.18000,15.53000,15.18000,15.52000,466000
2019-03-22,15.41000,15.55000,15.13000,15.13000,639600
2019-03-25,15.10000,15.10000,14.73000,14.76000,1620400
2019-03-26,14.75000,14.89000,14.65000,14.74000,558700
2019-03-27,14.70000,14.82000,14.58000,14.65000,479300
2019-03-28,14.70000,14.84500,14.58000,14.83000,353500
2019-03-29,14.86000,15.11000,14.84000,14.97000,896500
2019-04-01,15.06000,15.12000,14.89000,14.95000,702400
2019-04-02,14.95000,15.20000,14.83000,15.19000,458200
2019-04-03,15.30000,15.47000,15.22000,15.25000,675600
2019-04-04,15.27000,15.48000,15.27000,15.41000,635500
2019-04-05,15.55000,15.64000,15.28000,15.52000,620300
2019-04-08,15.52000,15.75000,15.46000,15.61000,809100
2019-04-09,15.59000,15.90000,15.52000,15.64000,570400
2019-04-10,15.64000,15.89000,15.64000,15.76000,356000
2019-04-11,15.76000,15.90000,15.67000,15.70000,604400
2019-04-12,15.76000,15.92000,15.60000,15.68000,899700
2019-04-15,15.68000,15.79000,15.45000,15.51000,389700
2019-04-16,15.54000,15.67000,15.41000,15.50000,700200
2019-04-17,15.54000,15.61000,15.46000,15.53000,482300
2019-04-18,15.48000,15.76000,15.48000,15.75000,372200
2019-04-22,15.67000,15.78000,15.51000,15.58000,315600
2019-04-23,15.58000,15.90000,15.58000,15.86000,329200
2019-04-24,15.85000,15.85000,15.58000,15.68000,222600
2019-04-25,15.60000,15.73000,15.44000,15.66000,207700
2019-04-26,15.71000,15.83000,15.67000,15.80000,161800
2019-04-29,15.80000,15.92000,15.66000,15.75000,391900
2019-04-30,15.62000,15.77000,15.42000,15.74000,521500
2019-05-01,15.78000,16.01000,15.70000,15.76000,546900
2019-05-02,15.84000,15.99000,15.71000,15.93000,363300
2019-05-03,15.98000,16.06000,15.83000,15.95000,433900
2019-05-06,15.73000,16.06000,15.49000,15.95000,473100
2019-05-07,15.83000,16.06000,15.66000,15.80000,532300
2019-05-08,15.79000,15.88000,15.61000,15.61000,637500
2019-05-09,15.85000,16.75000,14.98000,16.40000,1283300
2019-05-10,16.40000,16.63000,16.17000,16.39000,1069100
2019-05-13,16.24000,16.26000,15.43000,15.99000,481900
2019-05-14,15.92000,16.59000,15.91500,16.55000,773700
2019-05-15,16.49000,16.86000,16.34500,16.81000,649400
2019-05-16,16.73000,17.06000,16.56000,16.59000,1039700
2019-05-17,16.54000,16.71000,16.36500,16.48000,454300
2019-05-20,16.35000,16.53500,16.21000,16.35000,451600
2019-05-21,16.42000,16.56000,16.38000,16.50000,738200
2019-05-22,16.45000,16.58000,16.29000,16.50000,513500
2019-05-23,16.36000,16.55000,16.33000,16.48000,445900
2019-05-24,16.50000,16.59500,16.41000,16.49000,501300
2019-05-28,16.57000,16.68000,16.43000,16.47000,714100
2019-05-29,16.36000,16.61000,16.33000,16.53000,817400
2019-05-30,16.60000,16.69000,16.36000,16.50000,472300
2019-05-31,16.42000,16.44000,16.01000,16.06000,602800
2019-06-03,16.12000,16.60800,16.10000,16.45000,988600
2019-06-04,16.51000,16.91000,16.43000,16.83000,1447600
2019-06-05,16.90000,17.11000,16.59000,17.01000,873700
2019-06-06,17.01000,17.19500,16.88000,17.01000,463000
2019-06-07,16.64000,16.80500,16.27000,16.57000,1787900
2019-06-10,16.62000,17.10000,16.38000,16.48000,1015700
2019-06-11,16.66000,16.67000,16.18000,16.33000,914400
2019-06-12,16.32000,16.53000,16.03000,16.28000,669900
2019-06-13,15.50000,16.05000,15.50000,15.81000,5004700
2019-06-14,15.93000,16.12000,15.75000,15.88000,1080500
2019-06-17,15.93000,16.03000,15.52000,15.60000,1095800
2019-06-18,15.69000,15.80000,15.48000,15.50500,1438400
2019-06-19,15.50000,15.76000,15.40000,15.73000,840300
2019-06-20,15.84000,15.84000,15.48000,15.52000,1078600
2019-06-21,15.45000,15.52000,15.27500,15.36000,955600
2019-06-24,15.36000,15.37000,14.97000,15.00000,1867700
2019-06-25,15.00000,15.09000,14.80000,14.89000,810500
2019-06-26,14.95000,15.08500,14.73000,14.98000,1194200
2019-06-27,15.00000,15.31000,14.99000,15.31000,940800
2019-06-28,15.29000,15.74000,15.23600,15.71000,1796100
2019-07-01,15.81000,16.05000,15.78000,15.81000,1225500
2019-07-02,15.80000,15.94500,15.72000,15.84000,1459500
2019-07-03,15.89000,16.16000,15.89000,16.00000,691900
2019-07-05,15.99000,16.11000,15.80000,15.92000,2337400
2019-07-08,15.88000,15.91000,15.64000,15.78000,435800
2019-07-09,15.74000,15.82000,15.57000,15.59000,588300
2019-07-10,15.69000,15.73000,15.54000,15.64000,278400
2019-07-11,15.65000,15.85000,15.57300,15.80000,280700
2019-07-12,15.76000,16.08000,15.76000,16.06000,584500
2019-07-15,16.09000,16.24500,15.95000,16.19000,486400
2019-07-16,16.13000,16.39500,16.08000,16.22000,383000
2019-07-17,16.19000,16.28000,16.09000,16.28000,527400
2019-07-18,16.27000,16.58000,16.22000,16.50000,493800
2019-07-19,16.43000,16.76000,16.30000,16.48000,605900
2019-07-22,16.42000,16.54000,16.25000,16.27000,335500
2019-07-23,16.32000,16.40000,16.27000,16.36000,516800
2019-07-24,16.33000,16.44500,16.08000,16.40000,450900
2019-07-25,16.38000,16.47000,16.20000,16.27000,371600
2019-07-26,16.25000,16.55000,16.22000,16.49000,458500
2019-07-29,16.47000,16.52000,16.32000,16.38000,727100
2019-07-30,16.30000,16.61500,16.22000,16.55000,1431200
2019-07-31,16.56000,16.58000,16.32000,16.39000,827000
2019-08-01,16.41000,16.69000,16.27000,16.40000,913700
2019-08-02,16.27000,16.35000,15.91000,15.99000,1371200
2019-08-05,15.79000,15.80000,15.45500,15.68000,952700
2019-08-06,15.69000,15.76000,15.44000,15.52000,701800
2019-08-07,15.39000,15.51000,15.06000,15.44000,1242800
2019-08-08,16.50000,17.09000,15.77000,16.97000,2899400
2019-08-09,17.30000,17.97000,16.95900,17.82000,2465000
2019-08-12,17.85000,17.94000,17.33000,17.35000,1223900
2019-08-13,17.23000,17.37000,16.80400,16.88000,1213100
2019-08-14,16.63000,16.91000,16.54000,16.57000,777800
2019-08-15,16.72000,16.87500,16.55000,16.66000,1112300
2019-08-16,16.68000,17.08000,16.68000,17.02000,914200
2019-08-19,17.22000,17.28500,17.07000,17.16000,728000
2019-08-20,17.10000,17.59000,17.05000,17.53000,845600
2019-08-21,17.75000,18.00000,17.50500,17.85000,740600
2019-08-22,17.81000,17.98000,17.53000,17.93000,633400
2019-08-23,17.94000,17.99000,17.48000,17.54000,1004300
2019-08-26,17.74000,17.89000,17.37500,17.46000,527600
2019-08-27,17.50000,17.73000,17.27000,17.34000,1010200
2019-08-28,17.58000,18.22500,17.43000,17.90000,1547100
2019-08-29,18.08000,18.49000,17.98000,18.41000,1057400
2019-08-30,18.57000,18.57000,18.21300,18.30000,600300
2019-09-03,18.08000,18.32000,17.77000,18.18000,983900
2019-09-04,18.19000,18.32000,17.96000,17.96000,664600
2019-09-05,18.12000,18.23000,17.95000,17.98000,807800
2019-09-06,17.95000,18.14000,17.65000,17.68000,633400
2019-09-09,17.63000,17.78000,17.48000,17.55000,1124300
2019-09-10,16.44000,16.72000,16.02500,16.38000,8077700
2019-09-11,16.55000,16.73000,16.40000,16.69000,2727400
2019-09-12,16.64000,16.87500,16.57000,16.77000,1981300
2019-09-13,16.87000,17.00000,16.74000,16.83000,2923400
2019-09-16,16.71000,17.11000,16.69500,16.94000,2848000
2019-09-17,17.31000,17.31000,16.86000,17.11000,1912300
2019-09-18,17.20000,17.56000,17.07000,17.53000,2304700
2019-09-19,17.59000,17.75500,17.48000,17.50000,1189300
2019-09-20,17.45000,17.53500,17.25500,17.39000,2870600
2019-09-23,17.31000,17.57000,17.11000,17.12000,1971000
2019-09-24,17.15000,17.62000,17.14000,17.55000,2159600
2019-09-25,17.49000,17.72000,16.92000,16.95000,1855600
2019-09-26,16.89000,17.05000,16.65000,16.71000,2220600
2019-09-27,16.76000,16.89000,16.50000,16.62000,2321000
2019-09-30,16.58000,16.72000,16.29000,16.57500,1578000
2019-10-01,16.63000,16.73000,16.30000,16.40000,2446200
2019-10-02,16.34000,16.51000,16.18500,16.36000,1558600
2019-10-03,16.31000,16.59000,15.96000,16.43000,1924300
2019-10-04,16.42000,16.51500,16.24000,16.29000,1257100
2019-10-07,16.18000,16.57000,16.09500,16.34000,1223000
2019-10-08,16.17000,16.17000,15.31000,15.51000,2064000
2019-10-09,15.63000,15.77000,15.28000,15.29500,1222100
2019-10-10,15.27000,15.41000,15.12000,15.25000,1479200
2019-10-11,15.37000,15.74000,15.34000,15.61500,1208300
2019-10-14,15.61000,15.66000,15.42000,15.45000,829100
2019-10-15,15.37000,15.58000,15.26500,15.53000,1245600
2019-10-16,15.53000,15.60000,15.36000,15.59000,642100
2019-10-17,15.61000,15.81000,15.59000,15.71000,904100
2019-10-18,15.64000,15.67000,15.34000,15.55000,756700
2019-10-21,15.61000,15.79000,15.46000,15.70000,774600
2019-10-22,15.69000,15.74000,15.39500,15.50500,1116600
2019-10-23,15.48000,15.91000,15.41500,15.88000,1226200
2019-10-24,15.95000,15.95000,15.55000,15.65000,834100
2019-10-25,15.64000,15.83000,15.53000,15.78000,677200
2019-10-28,15.71000,15.98000,15.71000,15.79000,430200
2019-10-29,15.73000,16.09000,15.68600,15.88000,991500
2019-10-30,15.83000,15.83000,15.46000,15.50000,1302900
2019-10-31,15.54000,15.54000,15.32000,15.45500,1199100
2019-11-01,15.47000,15.77000,15.41500,15.60000,991500
2019-11-04,15.72000,16.05000,15.60000,15.95000,1263700
2019-11-05,15.99000,16.33000,15.85000,15.90000,1891300
2019-11-06,16.25000,17.17000,16.11000,16.21000,6180300
2019-11-07,16.24000,16.94000,16.24000,16.85000,4259500
2019-11-08,16.82000,17.03000,16.64000,16.67000,2238200
2019-11-11,16.61000,16.91000,16.58500,16.73000,1145800
2019-11-12,16.70000,17.01500,16.66000,16.79000,1505900
2019-11-13,16.69000,17.00500,16.59000,16.84000,1229700
2019-11-14,16.93000,16.93000,16.67600,16.81000,1453100
2019-11-15,16.94000,16.97000,16.76000,16.78000,1569300
2019-11-18,16.70000,16.90000,16.66000,16.81000,1310000
2019-11-19,16.87000,16.94000,16.58000,16.62000,1963300
2019-11-20,16.67000,16.72000,16.48000,16.53000,1730900
2019-11-21,16.57000,16.57000,16.35000,16.38000,1225300
2019-11-22,16.37000,16.60000,16.32000,16.50000,1319900
2019-11-25,16.56000,16.96000,16.46000,16.88500,1855700
2019-11-26,16.84000,17.31000,16.84000,17.25000,2100700
2019-11-27,17.29000,17.37000,17.17000,17.28500,1144500
2019-11-29,17.21000,17.50000,17.18000,17.35000,659000
2019-12-02,17.47000,17.47000,16.88000,16.91000,2050100
2019-12-03,16.80000,16.95000,16.52000,16.53000,2158800
2019-12-04,16.53000,17.55000,16.45000,16.57000,2094600
2019-12-05,16.62000,16.75000,16.46000,16.47000,1419600
2019-12-06,16.07000,16.77000,15.68000,16.65000,1466100
2019-12-09,16.61000,16.66000,16.24000,16.26000,1480200
2019-12-10,16.32000,16.48500,16.09000,16.42000,1379100
2019-12-11,16.46000,16.72500,16.35000,16.58000,1025800
2019-12-12,16.57000,16.90000,16.46500,16.81000,954900
2019-12-13,16.71000,17.14000,16.71000,17.14000,1468300
2019-12-16,17.38000,17.49000,17.00000,17.06000,2093900
2019-12-17,17.14000,17.50000,17.13000,17.35000,1446000
2019-12-18,17.35000,17.56000,17.33000,17.48000,1424700
2019-12-19,17.53000,17.54000,17.38000,17.40000,1430400
2019-12-20,17.49000,17.68000,17.40000,17.50000,3202500
2019-12-23,17.50000,17.84000,17.43000,17.79000,761800
2019-12-24,17.40000,17.87500,17.40000,17.76000,281800
2019-12-26,17.71000,17.97000,17.71000,17.95000,642100
2019-12-27,17.93000,18.00000,17.74500,17.77000,785600
2019-12-30,17.83000,17.97000,17.19000,17.26500,1659300
2019-12-31,17.32000,17.71000,17.32000,17.61000,720300
2020-01-02,17.64000,17.83000,17.56000,17.83000,689300
2020-01-03,17.64000,17.93500,17.59000,17.91500,768200
2020-01-06,17.75000,18.12000,17.72000,18.07000,751100
2020-01-07,17.99000,18.33000,17.99000,18.17000,749600
2020-01-08,18.16000,18.47000,18.16000,18.30000,935000
2020-01-09,18.44000,18.47000,18.14000,18.15000,940200
2020-01-10,18.15000,18.15000,17.79000,17.81000,850100
2020-01-13,17.81000,17.99000,17.81000,17.94000,932000
2020-01-14,17.93000,17.99000,17.70000,17.96000,766100
2020-01-15,17.90000,18.08500,17.83000,17.90000,661400
2020-01-16,18.02000,18.20000,17.97000,18.15000,496800
2020-01-17,18.21000,18.24000,18.07000,18.20000,454800
2020-01-21,18.05000,18.13000,17.90000,18.00000,698200
2020-01-22,18.09000,18.13000,17.74000,17.80000,682700
2020-01-23,17.68000,17.83000,17.59000,17.73500,941100
2020-01-24,17.81000,17.84000,17.52000,17.65000,695400
2020-01-27,17.35000,17.83000,17.19000,17.70000,1002400
2020-01-28,19.55000,20.90000,19.16000,20.48000,4489400
2020-01-29,20.49000,21.17000,20.45000,21.14000,2220600
2020-01-30,20.92000,21.66000,20.82000,21.62000,2015100
2020-01-31,21.56000,21.63000,20.82000,20.84000,1685300
2020-02-03,20.92000,21.08500,20.38000,20.38500,1435100
2020-02-04,20.61000,20.94000,20.11000,20.20000,2012300
2020-02-05,20.41000,20.44000,20.03000,20.07000,1314800
2020-02-06,20.20000,20.23000,20.01000,20.12000,821900
2020-02-07,20.02000,20.15000,19.73500,19.78000,983900
2020-02-10,19.74000,19.76500,19.45000,19.73000,648100
2020-02-11,19.79000,20.44000,19.69000,20.43000,1109200
2020-02-12,20.54000,20.88000,20.35000,20.82000,1005600
2020-02-13,20.82000,20.93000,20.51000,20.88000,746100
2020-02-14,20.85000,21.27500,20.85000,21.25000,531000
2020-02-18,21.22000,21.31000,20.86000,21.07000,781600
2020-02-19,21.07000,21.47000,20.95100,21.32000,654700
2020-02-20,21.42000,21.53000,21.14000,21.33000,831100
2020-02-21,21.31000,21.31000,21.04000,21.09000,1166700
2020-02-24,19.92000,20.80000,19.91000,20.79000,1240600
2020-02-25,20.87000,20.98000,20.69000,20.86000,1783800
2020-02-26,20.95000,21.24000,19.96000,19.97000,1576600
2020-02-27,19.53000,19.85500,18.74000,18.87000,1242200
2020-02-28,18.13000,18.73000,18.00000,18.70000,2467000
2020-03-02,18.74000,19.47000,18.74000,19.46000,1562300
2020-03-03,19.53000,20.05000,18.87000,19.13000,1631400
2020-03-04,19.25000,19.92000,19.06000,19.83500,1167100
2020-03-05,19.38000,19.41000,18.42000,18.48000,945500
2020-03-06,17.95000,18.35000,17.59000,18.29000,1014700
2020-03-09,16.97000,17.36000,16.46000,16.78000,1137300
2020-03-10,17.34000,17.46000,16.53000,17.30000,850400
2020-03-11,16.78000,17.00000,16.35000,16.56000,1698800
2020-03-12,15.42000,15.59000,13.62000,13.82000,1478500
2020-03-13,14.60000,15.08000,13.16000,14.85000,2128400
2020-03-16,13.43000,14.17000,11.73000,11.85000,1380200
2020-03-17,12.03000,12.29000,10.50000,10.68000,2503800
2020-03-18,9.97000,9.97000,7.63000,7.98000,2290600
2020-03-19,7.96000,11.00000,7.30000,10.69000,2478800
2020-03-20,10.68000,11.47000,8.92800,9.00000,3700700
2020-03-23,9.14000,9.47000,8.23000,8.88000,1675900
2020-03-24,9.49000,10.07500,9.29500,9.97000,1426700
2020-03-25,10.01000,10.68000,9.72000,10.28000,1973400
2020-03-26,10.48000,10.91000,10.26000,10.76000,947700
2020-03-27,10.31000,10.77000,10.05000,10.38000,826200
2020-03-30,10.38000,10.65000,10.00000,10.63000,1289400
2020-03-31,10.52000,10.99000,10.23000,10.51000,1090300
2020-04-01,10.20000,10.40000,9.42000,10.20000,1190700
2020-04-02,10.21000,10.61000,9.52000,9.81000,767400
2020-04-03,9.76000,9.94000,9.01000,9.24000,766200
2020-04-06,9.71000,10.22000,9.50000,9.92000,1402600
2020-04-07,10.63000,10.90000,10.24400,10.66000,1216800
2020-04-08,9.81000,10.27500,9.47000,9.91000,1686400
2020-04-09,10.22000,10.50000,10.09000,10.39000,1011900
2020-04-13,10.32000,10.60000,9.76000,10.12000,648500
2020-04-14,10.38000,10.57000,10.08000,10.45000,1150000
2020-04-15,10.10000,10.25500,9.57500,9.63000,716000
2020-04-16,9.45000,9.67000,9.03000,9.24000,852700
2020-04-17,9.51000,9.65000,9.28000,9.29000,1415900
2020-04-20,9.08000,9.15300,8.55000,8.72000,1527700
2020-04-21,8.68000,8.74000,8.36000,8.44500,1603400
2020-04-22,8.69000,8.77000,8.35000,8.41000,1248800
2020-04-23,8.48000,8.62100,8.23000,8.33000,1338800
2020-04-24,8.34000,8.51500,8.10500,8.42000,1112300
2020-04-27,8.52000,9.10000,8.46000,8.99000,2397100
2020-04-28,9.41000,9.66000,9.02000,9.62000,1738200
2020-04-29,10.03000,10.25000,9.64500,9.71000,1615300
2020-04-30,9.49000,9.51500,9.17000,9.47000,887400
2020-05-01,9.14000,9.28000,8.69500,9.21000,1289100
2020-05-04,9.01000,9.42000,8.75000,9.36500,1693800
2020-05-05,9.58000,10.03500,9.41000,9.60000,1580300
2020-05-06,9.67000,9.73000,9.25000,9.35000,670600
2020-05-07,9.32000,9.55000,8.22500,8.80000,1649000
2020-05-08,8.97000,9.55000,8.85000,9.11000,1156600
2020-05-11,8.90000,9.48000,8.43000,8.55000,1038500
2020-05-12,8.49000,8.57000,8.14000,8.26000,1017600
2020-05-13,8.15000,8.22000,7.48500,7.67000,1034900
2020-05-14,7.68000,8.83000,7.60000,8.33000,1957100
2020-05-15,8.36000,8.75000,8.28000,8.51000,1186200
2020-05-18,8.83000,9.10500,8.66000,8.97000,786600
2020-05-19,8.90000,9.06000,8.69000,8.72000,650800
2020-05-20,8.88000,9.11000,8.87500,8.93000,512800
2020-05-21,8.83000,9.20000,8.83000,9.13000,716900
2020-05-22,9.17000,9.17000,8.85500,9.06000,367500
2020-05-26,9.46000,9.87000,9.42300,9.70500,751400
2020-05-27,9.88000,10.30000,9.72000,10.19000,957900
2020-05-28,10.33000,10.33000,9.88000,9.94000,632500
2020-05-29,9.80000,9.80000,9.22000,9.73000,2751400
2020-06-01,9.76000,10.09500,9.72000,10.01000,716600
2020-06-02,10.13000,10.34000,10.00000,10.13000,552400
2020-06-03,10.33000,10.87000,10.27000,10.85000,1003200
2020-06-04,10.85000,11.24000,10.72000,11.05500,755400
2020-06-05,11.67000,11.99000,11.40000,11.45000,1031900
2020-06-08,11.60000,11.99000,11.53000,11.98000,1334100
2020-06-09,11.81000,11.81000,11.09000,11.66500,1090600
2020-06-10,11.75000,11.76000,10.86500,11.22000,947300
2020-06-11,10.60000,10.60000,10.14000,10.24000,1865600
2020-06-12,10.66000,10.74000,10.07000,10.38000,1223500
2020-06-15,9.86000,10.32000,9.75000,10.15000,621600
2020-06-16,10.65000,10.86000,10.16000,10.30000,1031400
2020-06-17,10.30000,10.41500,9.99000,10.25000,718700
2020-06-18,10.07000,10.21000,9.97500,10.08000,1030500
2020-06-19,10.15000,10.39500,9.95000,10.16000,1209900
2020-06-22,10.01000,10.20000,9.82000,10.19000,748200
2020-06-23,10.39000,10.52000,10.17000,10.29000,747900
2020-06-24,10.88000,10.88000,9.67000,9.75000,1804500
2020-06-25,9.80000,9.89000,9.50000,9.80000,780700
2020-06-26,9.61000,9.75000,9.37000,9.70000,1710200
2020-06-29,9.77000,10.17500,9.52000,9.91500,767900
2020-06-30,9.79000,10.15000,9.70000,9.96500,635700
2020-07-01,9.94000,10.20000,9.73000,9.92000,480200
2020-07-02,10.16000,10.43000,9.97000,10.15000,1009900
2020-07-06,10.43000,10.59000,10.19000,10.32000,1081600
2020-07-07,10.24000,10.31000,9.74000,9.78000,943000
2020-07-08,9.74000,9.87500,9.40000,9.57000,866700
2020-07-09,9.53000,9.71000,9.12400,9.23000,1297100
2020-07-10,9.19000,9.55000,9.16000,9.52000,323900
2020-07-13,9.63000,9.76000,9.35000,9.39000,986700
2020-07-14,9.39000,9.41000,8.86000,9.30000,1144900
2020-07-15,9.57000,10.17000,9.51000,10.09500,3184000
2020-07-16,9.97000,10.17000,9.80000,10.00000,577300
2020-07-17,10.02000,10.27500,9.91000,10.13000,1216200
2020-07-20,10.24000,10.74000,10.21000,10.68500,1005200
2020-07-21,10.87000,11.08000,10.65500,11.02500,2019700
2020-07-22,10.90000,11.69000,10.74000,11.38500,946200
2020-07-23,11.31000,11.52000,11.18000,11.27500,1121700
2020-07-24,11.27000,11.27000,10.82500,11.04000,471800
2020-07-27,11.02000,11.09000,10.87000,11.02000,828900
2020-07-28,11.05000,11.11000,10.85000,10.86000,514500
2020-07-29,11.56000,12.96000,11.41000,12.82500,1700100
2020-07-30,12.35000,12.60000,12.22000,12.55000,973000
2020-07-31,12.55000,12.71000,12.39000,12.68000,1074000
2020-08-03,12.74000,12.74000,12.03500,12.18000,1387100
2020-08-04,12.19000,12.33000,11.88000,12.03000,1254800
2020-08-05,12.31000,12.39000,12.04000,12.08000,2102700
2020-08-06,12.04000,13.23000,11.91000,12.72000,1387100
2020-08-07,12.51000,13.02000,12.43000,12.90000,1050400
2020-08-10,13.03000,13.43500,12.99500,13.33000,686100
2020-08-11,13.47000,13.93000,13.28000,13.31000,1113200
2020-08-12,13.54000,13.60000,12.83500,13.08000,703700
2020-08-13,13.04000,13.31000,12.92000,13.06000,798600
2020-08-14,13.02000,13.22000,12.88000,13.10000,324500
2020-08-17,13.11000,13.15000,12.76500,12.86000,862100
2020-08-18,12.91000,12.97000,12.72000,12.79000,832300
2020-08-19,12.84000,13.14000,12.64000,12.89000,647400
2020-08-20,12.70000,12.80000,12.38000,12.71000,479800
2020-08-21,12.66000,12.75500,12.46000,12.63500,1106900
2020-08-24,12.82000,12.98000,12.46000,12.87000,1049100
2020-08-25,12.99000,13.06000,12.47000,12.61000,531100
2020-08-26,12.58000,13.07000,12.33000,12.48000,753100
2020-08-27,12.54000,12.70000,12.33100,12.50000,396100
2020-08-28,12.68000,12.86500,12.42000,12.81000,483000
2020-08-31,12.71000,12.73000,12.48000,12.52000,766200
2020-09-01,12.48000,13.10000,12.48000,13.04000,582500
2020-09-02,13.02000,13.04000,12.84000,12.90000,322400
2020-09-03,12.89000,13.05500,12.49500,12.54000,456200
2020-09-04,12.74000,12.77000,12.12000,12.31000,689300
2020-09-08,12.09000,12.46500,12.04000,12.30000,887100
2020-09-09,12.39000,12.55500,12.11000,12.47000,788000
2020-09-10,12.58000,12.68500,12.10500,12.17000,468600
2020-09-11,14.23000,15.46000,13.14000,13.29000,4991700
2020-09-14,14.40000,14.40000,13.12000,13.13000,3329900
2020-09-15,13.27000,13.38000,12.48500,12.62000,2291800
2020-09-16,12.64000,13.24000,12.48000,13.00000,1532500
2020-09-17,12.77000,13.26000,12.76000,13.16000,1020200
2020-09-18,13.22000,13.23000,12.71500,12.99000,2264600
2020-09-21,12.65000,12.75000,12.08100,12.62500,1047000
2020-09-22,12.68000,12.74500,12.49000,12.67000,1337500
2020-09-23,12.70000,12.81000,12.31000,12.33000,2551700
2020-09-24,12.32000,12.87000,12.23000,12.70000,1249300
2020-09-25,12.59000,13.06000,12.59000,12.93000,942300
2020-09-28,13.09000,13.22000,12.95000,12.99000,683400
2020-09-29,12.95000,13.11000,12.82000,13.03000,600000
2020-09-30,13.12000,13.49000,13.12000,13.28000,947000
2020-10-01,13.29000,13.61000,12.43100,13.57000,568700
2020-10-02,13.28000,13.60000,12.92100,13.47000,406200
2020-10-05,13.59000,13.63000,13.02000,13.24000,791200
2020-10-06,13.38000,13.57000,13.11000,13.14000,541700
2020-10-07,13.23000,13.36000,12.99000,12.99000,608900
2020-10-08,12.92000,13.50000,12.86000,13.34000,773300
2020-10-09,13.30000,13.72000,13.20000,13.62000,488000
2020-10-12,13.63000,13.77000,13.57000,13.71000,365100
2020-10-13,13.68000,13.68000,13.40000,13.46000,311700
2020-10-14,13.52000,13.82000,13.47000,13.67000,591400
2020-10-15,13.54000,13.66000,13.42000,13.62000,397200
2020-10-16,13.54000,13.74000,13.36000,13.59000,349900
2020-10-19,13.71000,13.79000,13.53000,13.61000,502100
2020-10-20,13.80000,14.05000,13.72000,13.74000,350900
2020-10-21,14.00000,14.13000,13.83000,13.83000,546200
2020-10-22,13.77000,13.85000,13.58000,13.77000,582000
2020-10-23,13.91000,13.97000,13.70000,13.81000,488200
2020-10-26,13.67000,13.85000,13.39000,13.46000,801900
2020-10-27,13.37000,13.57000,13.01000,13.21000,782400
2020-10-28,13.00000,13.02000,12.59000,12.70000,724000
2020-10-29,12.63000,12.80500,12.28000,12.76000,422800
2020-10-30,12.76000,13.03000,12.70000,13.00000,892600
2020-11-02,13.13000,13.38000,12.94000,13.07000,452900
2020-11-03,13.23000,13.43000,12.99000,13.15000,627300
2020-11-04,12.95000,13.24000,12.70000,13.00000,579700
2020-11-05,12.82000,14.30000,12.82000,14.23000,569300
2020-11-06,14.24000,14.37500,13.40000,14.03000,485400
2020-11-09,14.91000,15.22600,14.12000,14.17000,991800
2020-11-10,14.16000,14.38000,13.84000,13.98000,1049400
2020-11-11,14.07000,14.37000,13.83000,13.98000,1611000
2020-11-12,13.95000,14.45000,13.84000,14.01000,545900
2020-11-13,14.21000,14.32000,14.00000,14.22000,423800
2020-11-16,14.49000,14.54000,13.85000,14.30000,844000
2020-11-17,14.22000,14.24000,13.95000,14.12000,1121800
2020-11-18,14.21000,14.56000,13.96000,14.18000,1169400
2020-11-19,14.05000,14.21000,13.98500,14.17000,457400
2020-11-20,13.91000,14.24000,13.61000,14.13000,504000
2020-11-23,14.26000,14.30000,14.07000,14.21000,592200
2020-11-24,14.44000,14.93000,14.28000,14.79000,743200
2020-11-25,14.71000,14.87000,14.45000,14.79000,442300
2020-11-27,14.66000,14.86000,14.51000,14.57000,262100
2020-11-30,14.51000,14.58000,14.16000,14.20000,998200
2020-12-01,14.34000,14.74000,14.25000,14.45000,464000
2020-12-02,14.41000,14.52500,14.29000,14.43000,440400
2020-12-03,14.48000,14.66000,14.45600,14.52500,444500
2020-12-04,14.59000,14.88000,14.54000,14.64000,352300
2020-12-07,14.62000,14.80000,14.55000,14.56000,460300
2020-12-08,14.47000,14.66000,14.44000,14.66000,492700
2020-12-09,14.81000,14.91500,14.70000,14.74000,444600
2020-12-10,14.61000,15.00000,14.12000,14.97000,315700
2020-12-11,14.89000,15.21000,13.70800,15.20000,399100
2020-12-14,15.23000,15.33000,14.94500,15.11000,477600
2020-12-15,15.15000,15.38000,15.02000,15.36000,374400
2020-12-16,15.41000,15.45000,15.16000,15.16500,543400
2020-12-17,15.27000,15.27000,14.89000,15.14000,1527400
2020-12-18,15.23000,15.36000,15.06000,15.06000,1118100
2020-12-21,14.76000,15.09000,14.72000,15.03000,370300
2020-12-22,15.06000,15.25000,14.81000,14.90000,506800
2020-12-23,14.92000,15.07000,14.82500,15.00000,393600
2020-12-24,15.01000,15.11000,14.82000,14.96000,266900
2020-12-28,15.04000,15.32000,15.04000,15.07000,498700
2020-12-29,15.11000,15.31000,14.76000,14.84000,691500
2020-12-30,14.85000,14.98000,14.74000,14.74000,230700
2020-12-31,14.71000,14.80500,14.52000,14.56000,551400
2021-01-04,14.67000,14.68000,14.13000,14.31000,736600
2021-01-05,14.38000,14.52000,14.22000,14.27000,873300
2021-01-06,14.38000,14.70400,14.17000,14.36000,1050000
2021-01-07,14.34000,14.50000,14.21000,14.24500,324000
2021-01-08,14.24000,14.60000,14.24000,14.37000,825300
2021-01-11,14.20000,14.45000,14.20000,14.30500,296200
2021-01-12,14.34000,14.35000,14.06000,14.33000,467800
2021-01-13,14.30000,14.65000,14.13000,14.21500,4228800
2021-01-14,14.26000,14.49000,14.16000,14.26000,981100
2021-01-15,14.14000,14.31000,14.07000,14.21000,472200
2021-01-19,14.20000,14.77000,14.20000,14.62000,4147000
2021-01-20,14.71000,15.29800,14.71000,14.91000,646900
2021-01-21,14.86000,15.31000,14.31000,14.32500,1982100
2021-01-22,14.19000,14.39000,13.77000,13.84000,791200
2021-01-25,13.74000,13.78000,13.30000,13.43000,2143900
2021-01-26,13.55000,13.90500,13.38000,13.74000,1024100
2021-01-27,13.51000,13.68000,13.24100,13.36000,1144400
2021-01-28,13.53000,13.53000,13.14000,13.25000,1129700
2021-01-29,13.13000,13.39000,13.00000,13.01000,1505800
2021-02-01,13.02000,13.72000,12.86000,13.59000,1193500
2021-02-02,13.87000,14.00000,13.52000,13.62000,1026100
2021-02-03,13.70000,14.11000,13.70000,14.03000,788200
2021-02-04,14.04000,14.15000,13.86000,14.00000,1251600
2021-02-05,14.15000,14.24000,13.86000,13.98000,864200
2021-02-08,14.03000,14.56000,13.95000,14.53000,551400
2021-02-09,14.56000,14.76000,14.12000,14.55000,394800
2021-02-10,14.57000,14.66500,14.31000,14.52000,544500
2021-02-11,14.57000,14.85000,14.54000,14.62500,291200
2021-02-12,14.52000,14.76000,14.42000,14.56000,416900
2021-02-16,14.59000,14.81000,14.43000,14.45000,319500
2021-02-17,14.42000,14.53000,14.17000,14.40000,418500
2021-02-18,14.37000,14.63000,14.37000,14.50000,402400
2021-02-19,14.48000,14.83000,14.36500,14.60000,584700
2021-02-22,14.60000,14.60000,14.34000,14.35000,380800
2021-02-23,14.33000,14.41000,13.99000,14.35000,437800
2021-02-24,14.42000,14.93000,14.33000,14.82000,694200
2021-02-25,14.98000,15.00000,13.71000,13.74000,1402300
2021-02-26,13.59000,14.05000,13.33000,13.75000,1404100
2021-03-01,13.95000,14.00000,13.50000,13.56000,1042400
2021-03-02,13.48000,13.83500,13.37500,13.76000,1303800
2021-03-03,13.72000,13.77000,13.11500,13.12000,1353400
2021-03-04,13.07000,13.91000,13.07000,13.59000,1773700
2021-03-05,13.66000,13.94000,13.49000,13.93000,1248100
2021-03-08,14.02000,14.02000,13.65000,13.82000,632300
2021-03-09,13.88000,13.99000,13.64500,13.79000,515600
2021-03-10,13.89000,14.01000,13.64000,13.92000,615200
2021-03-11,14.05000,14.37000,13.87000,14.35000,520200
2021-03-12,14.49000,14.71000,14.14000,14.56000,432700
2021-03-15,14.49000,14.56000,14.20500,14.41000,622000
2021-03-16,14.46000,14.51000,14.16000,14.19000,614000
2021-03-17,14.20000,14.21000,13.89000,14.18000,544000
2021-03-18,14.01000,14.46000,13.93000,14.22000,912400
2021-03-19,14.18000,14.32000,13.92000,14.15500,1755200
2021-03-22,14.19000,14.40000,14.08000,14.09000,685100
2021-03-23,13.94000,14.12000,13.66000,13.73000,788800
2021-03-24,13.84000,14.15000,13.63000,13.63000,824300
2021-03-25,13.58000,13.67000,13.17000,13.59000,483000
2021-03-26,13.71000,14.24000,13.45000,13.96000,448200
2021-03-29,13.82000,13.99000,13.58000,13.63000,575700
2021-03-30,13.57000,13.81000,13.54000,13.68000,358700
2021-03-31,13.73000,13.88000,13.40000,13.59000,710500
2021-04-01,13.68000,14.06000,13.67000,13.96000,454600
2021-04-05,14.05000,14.23000,13.98000,14.00000,513300
2021-04-06,13.97000,14.10000,13.87000,13.90000,439600
2021-04-07,13.91000,13.91000,13.26000,13.33000,762200
2021-04-08,13.39000,13.39000,13.04000,13.27000,739400
2021-04-09,13.26000,13.34800,13.13000,13.18000,632800
2021-04-12,13.22000,13.55500,13.11000,13.23000,1065600
2021-04-13,13.26000,13.30000,12.97000,13.04000,496100
2021-04-14,13.05000,13.20000,13.01000,13.08000,802800
2021-04-15,13.13000,13.37500,13.07000,13.34000,507100
2021-04-16,13.36000,13.49500,13.22000,13.42000,419000
2021-04-19,13.36000,13.49000,13.03000,13.06000,608400
2021-04-20,12.98000,13.11000,12.74000,12.86000,564400
2021-04-21,12.86000,12.95000,12.68000,12.85000,586500
2021-04-22,12.88000,12.93000,12.14000,12.16000,1241600
2021-04-23,12.25000,12.50000,12.18000,12.47000,1670600
2021-04-26,12.51000,12.91500,12.40000,12.42000,1206900
2021-04-27,12.41000,12.52500,11.98000,12.00000,790300
2021-04-28,12.05000,12.35000,11.87000,12.12000,714800
2021-04-29,12.12000,12.28200,11.79000,11.87000,779100
2021-04-30,12.91000,14.02000,12.71000,13.75000,3974400
2021-05-03,13.58000,13.75000,13.20000,13.61000,1388400
2021-05-04,13.49000,13.65000,13.33000,13.52500,1031400
2021-05-05,13.62000,13.66000,13.28500,13.39000,1089400
2021-05-06,13.30000,13.72000,13.18500,13.70000,1386200
2021-05-07,13.77000,14.40000,13.74500,13.97000,1551400
2021-05-10,14.03000,14.62000,13.96500,14.14000,1514500
2021-05-11,13.96000,14.47500,13.96000,14.45000,1083800
2021-05-12,14.48000,14.61500,14.16000,14.27000,1295800
2021-05-13,14.22000,14.42500,13.95000,14.25000,1109100
2021-05-14,14.39000,14.64000,14.39000,14.56000,592800
2021-05-17,14.49000,14.62500,14.26000,14.58000,556600
2021-05-18,14.57000,14.72000,14.50000,14.53000,624000
2021-05-19,14.40000,14.59000,14.29000,14.48000,696600
2021-05-20,14.57000,14.72000,14.49000,14.62000,497700
2021-05-21,14.71000,14.71000,14.29000,14.32000,1978500
2021-05-24,14.32000,14.45500,14.20000,14.26000,606300
2021-05-25,14.37000,14.48500,14.20000,14.21000,681600
2021-05-26,14.18000,14.42000,14.01000,14.42000,519900
2021-05-27,14.55000,14.60000,14.43000,14.53000,421200
2021-05-28,14.58000,14.74000,14.29000,14.61000,514800
2021-06-01,14.69000,15.21500,14.69000,15.16000,742000
2021-06-02,15.26000,15.51000,15.14000,15.49000,716300
2021-06-03,15.38000,15.38000,15.14500,15.21000,616300
2021-06-04,15.31000,15.37000,15.14000,15.31000,349200
2021-06-07,15.30000,15.45000,15.17000,15.34000,659400
2021-06-08,15.33000,15.51000,15.18000,15.28000,746100
2021-06-09,15.35000,15.44000,15.18000,15.20000,445900
2021-06-10,15.25000,15.56000,15.22000,15.47000,541600
2021-06-11,15.55000,15.70000,15.38000,15.43000,376400
2021-06-14,15.40000,15.55000,15.37000,15.43000,476300
2021-06-15,15.37000,15.53000,15.35000,15.47000,322900
2021-06-16,15.42000,15.50000,15.21500,15.38000,483800
2021-06-17,15.35000,15.44000,15.17000,15.20000,433500
2021-06-18,15.10000,15.17000,14.88000,14.89000,1195800
2021-06-21,14.90000,15.24400,14.90000,15.08000,715000
2021-06-22,14.97000,15.07500,14.60500,14.88000,445900
2021-06-23,14.94000,15.02000,14.80000,14.89000,312100
2021-06-24,14.90000,15.07000,14.85000,15.05000,282500
2021-06-25,15.07000,15.20000,14.98000,15.00000,1419400
2021-06-28,15.03000,15.03000,14.56000,14.60000,354700
2021-06-29,14.56000,14.67000,14.45000,14.48000,304900
2021-06-30,14.48000,14.59000,14.46000,14.51000,356300
2021-07-01,14.51000,14.82000,14.51000,14.76000,427000
2021-07-02,14.85000,14.91000,14.73000,14.79000,252100
2021-07-06,14.79000,14.91000,14.62000,14.86000,910100
2021-07-07,14.83000,14.91000,14.69500,14.87000,303500
2021-07-08,14.67000,14.68000,14.44500,14.49000,603500
2021-07-09,14.59000,14.73000,14.46000,14.62000,357300
2021-07-12,14.65000,14.81000,14.43000,14.75000,417100
2021-07-13,14.71000,14.80500,14.61000,14.62000,361200
2021-07-14,14.68000,14.94000,14.56000,14.59000,613800
2021-07-15,14.51000,14.64000,14.44500,14.57000,433800
2021-07-16,14.65000,14.74000,14.46000,14.48000,577600
2021-07-19,14.27000,14.60000,14.18000,14.50000,607900
2021-07-20,14.59000,14.87500,14.54000,14.75000,1034400
2021-07-21,14.84000,14.90000,14.64000,14.67000,612300
2021-07-22,14.60000,14.62000,14.42000,14.46000,372600
2021-07-23,14.50000,14.58000,14.26000,14.53000,499000
2021-07-26,14.59000,14.77500,14.40000,14.49000,344000
2021-07-27,14.42000,14.50000,14.32000,14.44000,507100
2021-07-28,14.51000,14.79000,14.51000,14.74000,797700
2021-07-29,14.83000,15.10000,14.77500,15.02000,521800
2021-07-30,14.95000,15.11000,14.38000,14.81000,617100
2021-08-02,14.86000,15.02000,14.83000,14.90000,547700
2021-08-03,14.90000,15.15000,14.87000,15.13000,451800
2021-08-04,15.07000,15.17000,14.97000,15.00000,487300
2021-08-05,15.47000,15.56000,15.13000,15.45000,518600
2021-08-06,15.57000,15.64000,15.44000,15.62000,621900
2021-08-09,15.62000,15.66000,15.34500,15.36000,547000
2021-08-10,15.32000,15.41000,15.01000,15.32000,743600
2021-08-11,15.32000,15.40000,15.03000,15.37000,1378800
2021-08-12,15.38000,15.68000,15.25000,15.65000,608700
2021-08-13,16.00000,16.18000,15.98000,16.10000,621600
2021-08-16,16.09000,16.10000,15.70300,15.96000,482600
2021-08-17,15.85000,15.94000,15.65000,15.68000,605300
2021-08-18,15.70000,15.82000,15.50000,15.59000,471000
2021-08-19,15.50000,15.55000,15.30000,15.35000,602800
2021-08-20,15.27000,15.63000,15.14000,15.62000,415700
2021-08-23,15.71000,15.83000,15.71000,15.78000,390000
2021-08-24,15.83000,16.12000,15.83000,16.01000,634200
2021-08-25,16.00000,16.06900,15.85000,15.99500,572700
2021-08-26,15.96000,16.07000,15.84000,15.86000,357800
2021-08-27,15.86000,16.05000,15.81000,15.99000,401200
2021-08-30,15.98000,16.05000,15.83000,15.94000,412700
2021-08-31,15.99000,16.12000,15.86000,15.93000,632200
2021-09-01,15.99000,16.08000,15.85000,15.91000,343500
2021-09-02,15.99000,16.02000,15.75000,15.86000,420200
2021-09-03,15.83000,15.83000,15.49000,15.61000,442100
2021-09-07,15.60000,16.32000,15.56500,16.02000,1525200
2021-09-08,15.97000,16.28000,15.89500,16.26000,1018100
2021-09-09,16.25000,16.40000,16.19000,16.33000,754400
2021-09-10,16.69000,17.10000,16.48000,16.80000,1176500
2021-09-13,16.87000,17.19800,16.67000,17.00000,1196100
2021-09-14,17.06000,17.30000,16.67000,16.96000,969200
2021-09-15,17.03000,17.05000,16.85000,16.96000,938900
2021-09-16,18.00000,18.05000,17.37000,17.50000,1581800
2021-09-17,17.37000,17.58000,17.22500,17.49000,2850100
2021-09-20,17.30000,17.37000,17.01000,17.19000,847900
2021-09-21,17.26000,17.33000,17.08000,17.17000,1018900
2021-09-22,17.33000,17.43000,16.85000,17.15000,3327400
2021-09-23,17.55000,17.96000,17.29000,17.54000,5058000
2021-09-24,17.46000,17.60000,17.22000,17.24000,1136000
2021-09-27,17.60000,18.15000,17.43000,17.74000,4800800
2021-09-28,17.75000,18.00500,17.47000,17.52000,2013800
2021-09-29,17.55000,17.60200,17.13000,17.17000,1294500
2021-09-30,17.20000,17.39000,16.95500,16.99000,2380100
2021-10-01,17.07000,19.02000,16.90000,17.99000,8078100
2021-10-04,18.24000,18.49000,17.82500,17.84000,1730900
2021-10-05,18.01000,18.29000,17.88000,18.17000,1744800
2021-10-06,18.00000,18.16500,17.47000,17.48000,1040700
2021-10-07,17.49000,17.61000,17.38000,17.58000,816300
2021-10-08,17.54000,17.62500,17.30000,17.40000,599000
2021-10-11,17.39000,17.46000,17.17000,17.30000,536500
2021-10-12,17.27000,17.31500,17.09000,17.15000,1335500
2021-10-13,17.15000,17.41000,17.07000,17.29000,546700
2021-10-14,17.32000,17.45000,17.27500,17.35000,498100
2021-10-15,17.55000,17.59000,17.30000,17.30000,580100
2021-10-18,17.22000,17.43000,17.09500,17.13000,583500
2021-10-19,17.13000,17.53000,17.05000,17.34000,703800
2021-10-20,17.32000,17.48000,17.00000,17.06000,1243400
2021-10-21,17.02000,17.38000,17.01000,17.36000,395100
2021-10-22,17.21000,17.45500,17.11000,17.33000,343100
2021-10-25,17.33000,17.33000,16.97500,17.12000,477200
2021-10-26,17.17000,17.17500,16.94000,17.03000,622100
2021-10-27,16.98000,17.00000,16.54000,16.60000,766900
2021-10-28,16.60000,16.85500,16.46000,16.82000,859100
2021-10-29,16.86000,17.32000,16.72000,17.32000,1922200
2021-11-01,10.12000,10.14000,9.43000,10.10000,3638300
2021-11-02,10.05000,10.07500,9.58000,9.62000,2016200
2021-11-03,9.63000,10.21000,9.41000,10.18000,1957900
2021-11-04,10.17000,11.31500,10.16100,11.26000,2518000
2021-11-05,11.25000,11.86000,11.17000,11.83000,2029600
2021-11-08,11.85000,12.29000,11.77500,12.13000,1371600
2021-11-09,12.07000,12.11000,11.75000,12.01000,1513200
2021-11-10,11.96000,12.07000,11.74000,11.78000,876400
2021-11-11,11.60000,11.76000,11.24000,11.27000,1110300
2021-11-12,11.25000,11.34000,11.14000,11.17000,1243600
2021-11-15,11.14000,11.27500,10.82000,10.98000,976300
2021-11-16,11.01000,11.16000,10.89000,11.15000,1086700
2021-11-17,11.09000,11.12000,10.88000,11.10000,782600
2021-11-18,11.09000,11.10000,10.79000,10.82000,1147400
2021-11-19,10.73000,11.03500,10.70000,11.00000,810900
2021-11-22,11.00000,11.28000,10.92000,10.93000,811200
2021-11-23,10.97000,11.21000,10.86000,11.14000,955800
2021-11-24,11.06000,11.13000,10.97000,11.08000,535700
2021-11-26,10.66000,10.90000,10.55000,10.80000,746700
2021-11-29,10.96000,10.97000,10.51000,10.54000,949700
2021-11-30,10.43000,10.63000,9.95000,10.00000,1277900
2021-12-01,10.24000,10.30000,9.75000,9.75000,949500
2021-12-02,9.84000,10.19000,9.71000,10.16000,888400
2021-12-03,10.15000,10.25000,10.00000,10.10000,662200
2021-12-06,10.29000,10.65000,10.21000,10.47000,1191400
2021-12-07,10.57000,10.63000,10.42000,10.55000,911400
2021-12-08,10.58000,10.99000,10.49000,10.95000,993900
2021-12-09,10.91000,10.91000,10.49500,10.51000,810200
2021-12-10,10.62000,10.76500,10.28500,10.48000,1174100
2021-12-13,9.87000,10.25000,9.86000,10.14000,1173200
2021-12-14,10.02500,10.51000,10.02000,10.16000,1760200
2021-12-15,10.44000,10.52000,10.16000,10.38000,3338300
2021-12-16,10.48000,10.80500,10.45000,10.64000,2547100
2021-12-17,10.64000,11.28000,10.59000,11.17000,2459000
2021-12-20,11.04000,11.47000,10.94000,11.46000,1830900
2021-12-21,11.51000,12.42000,11.51000,12.38000,2458800
2021-12-22,12.34000,12.34000,11.96000,11.99000,2352100
2021-12-23,12.07000,12.26000,11.96000,12.18000,1909500
2021-12-27,12.21000,12.21000,11.91500,12.05000,1245200
2021-12-28,12.00000,12.20000,11.96000,11.98000,1261700
2021-12-29,12.13500,12.17000,11.97000,12.04000,870300
2021-12-30,11.98000,12.22000,11.94500,12.11000,1081500
2021-12-31,12.10000,12.25000,11.89000,12.24000,858400
2022-01-03,12.26000,12.35000,11.97500,12.01000,1221900
2022-01-04,12.02000,12.07000,11.89500,12.01000,1118000
2022-01-05,12.04000,12.18000,11.88500,11.93000,1224900
2022-01-06,12.00000,12.14000,11.89000,12.07000,1156500
2022-01-07,12.06000,12.45000,12.02000,12.14000,1460500
2022-01-10,12.11000,12.12000,11.95000,12.06000,867100
2022-01-11,11.99000,12.19000,11.66000,12.10000,802900
2022-01-12,12.11000,12.22000,11.99000,12.00000,566900
2022-01-13,12.01000,12.08000,11.84000,11.85000,558200
2022-01-14,11.82000,11.92000,11.74500,11.91000,600300
2022-01-18,11.79000,11.95000,11.75000,11.76000,870900
2022-01-19,11.86000,11.99000,11.71000,11.78000,1575200
2022-01-20,11.91000,12.07000,11.80000,11.81000,1064700
2022-01-21,11.71000,11.89000,11.65500,11.71000,1430700
2022-01-24,11.54000,11.88000,11.47000,11.81000,1437700
2022-01-25,11.71000,11.84000,11.57000,11.75000,962100
2022-01-26,11.83000,12.06000,11.67500,11.79000,1221800
2022-01-27,11.83000,11.96000,11.52000,11.53000,1460000
2022-01-28,11.50000,12.07000,11.50000,12.07000,1374500
2022-01-31,11.95000,12.77000,11.94000,12.65000,1904600
2022-02-01,12.68000,12.83000,12.15500,12.25000,1047700
2022-02-02,12.26000,12.39000,12.11500,12.37000,782500
2022-02-03,12.33000,12.45000,12.22000,12.25000,995500
2022-02-04,12.16000,12.64500,12.13000,12.55000,882000
2022-02-07,12.54000,12.72000,12.29000,12.34000,1126500
2022-02-08,12.33000,12.57500,12.31000,12.49000,763100
2022-02-09,12.62000,13.13000,12.36000,13.03000,2188800
2022-02-10,12.78000,12.98000,12.49000,12.57000,1904000
2022-02-11,12.62000,12.66000,12.16000,12.27000,1964700
2022-02-14,12.13500,12.61500,12.13500,12.49000,1048200
2022-02-15,12.33000,12.68000,12.33000,12.45000,1637400
2022-02-16,12.40000,12.58000,12.36000,12.57000,1269200
2022-02-17,12.46000,12.49000,12.11000,12.22000,1163700
2022-02-18,12.16000,12.37000,11.93500,12.04000,1799300
2022-02-22,11.95000,12.11000,11.86000,11.95000,1606100
2022-02-23,11.79000,12.07000,11.79000,11.92000,2182700
2022-02-24,11.51000,11.87000,10.88000,11.72000,1464300
2022-02-25,11.82000,11.82000,10.79000,11.34000,5280800
2022-02-28,11.28000,11.39000,10.77000,10.84000,4901700
2022-03-01,10.85000,11.56000,10.78000,11.34000,4093000
2022-03-02,11.30000,11.48000,11.09000,11.34000,2215000
2022-03-03,11.36000,11.69000,11.32000,11.45000,1280800
2022-03-04,11.37000,11.42500,11.10500,11.36000,1573200
2022-03-07,11.44000,11.87000,11.42500,11.58000,2132400
2022-03-08,11.69000,11.96500,11.53000,11.77000,2088800
2022-03-09,11.89000,12.09000,11.87000,11.95000,1491400
2022-03-10,11.82000,12.17000,11.68000,12.16000,1370800
2022-03-11,12.14000,12.52500,12.14000,12.15000,1466000
2022-03-14,12.11000,12.32000,11.96000,11.98000,1291800
2022-03-15,12.30000,12.88500,12.00000,12.68000,2010800
2022-03-16,12.64000,12.90000,12.45000,12.68000,2490700
2022-03-17,12.55000,12.89500,12.30000,12.52000,2193400
2022-03-18,12.48000,12.79000,12.44000,12.49000,5791300
2022-03-21,12.52000,12.85000,12.48000,12.69000,2026700
2022-03-22,12.69000,12.83000,12.33000,12.70000,2061400
2022-03-23,12.58000,12.82000,12.55500,12.78000,1078600
2022-03-24,12.79000,13.05500,12.58900,12.98000,957300
2022-03-25,13.00000,13.25000,12.87000,13.11000,798100
2022-03-28,13.06000,13.25000,12.97500,13.04000,1291500
2022-03-29,13.03000,13.14000,12.66000,12.82000,1238300
2022-03-30,12.77000,12.83000,12.22000,12.23000,1738900
2022-03-31,12.21000,12.42000,11.83000,11.85000,1971100
2022-04-01,11.92000,12.14000,11.77500,11.95000,2191100
2022-04-04,11.84000,12.02000,11.60500,11.77000,1176200
2022-04-05,11.77000,11.89000,11.50000,11.55000,1106500
2022-04-06,11.51000,11.60000,11.33000,11.36000,1244000
2022-04-07,11.40000,11.52500,11.35000,11.45000,1325800
2022-04-08,11.47000,11.73000,11.44000,11.59000,822600
2022-04-11,11.51000,11.71000,11.51000,11.53000,837200
2022-04-12,11.54000,11.78000,11.49000,11.61000,608700
2022-04-13,11.64000,11.95000,11.61000,11.91000,746800
2022-04-14,11.92000,12.07500,11.85500,12.05000,754400
2022-04-18,12.00000,12.21100,11.93000,12.06000,790100
2022-04-19,12.11000,12.11000,11.55500,11.56000,2435000
2022-04-20,11.56000,11.81500,11.44000,11.72000,700300
2022-04-21,11.76000,11.80000,11.52000,11.60000,922900
2022-04-22,11.50000,11.67500,11.34000,11.35000,724200
2022-04-25,11.26000,11.64000,11.18900,11.64000,1049300
2022-04-26,11.59000,11.78000,11.43000,11.63000,1531700
2022-04-27,11.72000,11.85000,11.60000,11.68000,891600
2022-04-28,11.72000,11.73000,11.29500,11.58000,875300
2022-04-29,11.51000,11.71000,11.24500,11.33000,1279400
2022-05-02,11.22000,11.47000,11.12000,11.32000,1266400
2022-05-03,11.22000,11.43000,11.12000,11.33000,1016300
2022-05-04,11.38000,11.41000,11.00000,11.36000,1322000
2022-05-05,11.81000,12.33000,11.33000,11.97000,1340000
2022-05-06,12.15000,12.16000,11.58500,11.69000,1513500
2022-05-09,11.51000,11.75500,11.39500,11.48000,1780100
2022-05-10,11.60000,11.75000,11.42000,11.49000,1377100
2022-05-11,11.42000,11.64000,11.18500,11.29000,1568400
2022-05-12,11.28000,11.55000,11.20000,11.51000,1539200
2022-05-13,11.60000,11.60000,11.38000,11.49000,1826500
2022-05-16,11.56000,11.76000,11.43500,11.69000,2214200
2022-05-17,11.87000,12.23000,11.57000,12.19000,1077500
2022-05-18,12.13000,12.35000,11.99500,12.14000,1046900
2022-05-19,12.04000,12.48000,11.80000,12.40000,1062600
2022-05-20,12.49000,12.54500,12.29500,12.54000,799600
2022-05-23,12.63000,12.93000,12.44500,12.57000,1063700
2022-05-24,12.55000,12.60500,12.23500,12.59000,817500
2022-05-25,12.61000,12.94000,12.53000,12.94000,1157000
2022-05-26,12.96000,13.10500,12.51800,13.02000,917700
2022-05-27,13.02000,13.32000,12.80000,13.32000,897100
2022-05-31,13.33000,13.34000,12.59000,12.73000,1707700
2022-06-01,12.70000,12.88000,12.48000,12.82000,1158900
2022-06-02,12.74000,13.18000,12.56000,13.14000,1017400
2022-06-03,13.10000,13.18000,13.03000,13.15000,634700
2022-06-06,13.27000,13.35000,12.94000,12.97000,1366300
2022-06-07,12.86000,13.06500,12.85000,12.98000,709200
2022-06-08,12.91000,12.94000,12.35500,12.43000,876200
2022-06-09,12.38000,12.52500,12.26000,12.28000,633600
2022-06-10,12.17000,12.22000,12.00000,12.00000,648300
2022-06-13,11.78000,11.87000,11.54000,11.57000,794800
2022-06-14,11.58000,11.60500,11.23500,11.39000,830400
2022-06-15,11.42000,11.51500,11.18000,11.41000,1387400
2022-06-16,11.22000,11.32000,11.01500,11.13000,1854600
2022-06-17,11.19000,11.49000,11.19000,11.40000,2189300
2022-06-21,11.43000,11.52500,11.33000,11.45000,1150300
2022-06-22,11.27000,11.39000,10.80000,10.80000,1465400
2022-06-23,10.78000,11.04500,10.43000,10.95000,1570600
2022-06-24,10.94000,11.50000,10.91000,11.35000,2513100
2022-06-27,11.27000,11.58000,11.27000,11.47000,527900
2022-06-28,11.60000,11.89000,11.32000,11.33000,590800
2022-06-29,11.27000,11.33000,11.15500,11.25000,615900
2022-06-30,11.13000,11.64000,11.13000,11.57000,1288700
2022-07-01,11.52000,11.73500,11.28500,11.72000,815900
2022-07-05,11.56000,11.56000,11.20300,11.34000,680300
2022-07-06,11.29000,11.49000,11.11000,11.33000,586600
2022-07-07,11.37000,11.43000,11.33500,11.37000,319000
2022-07-08,11.46000,11.53000,11.12000,11.47000,445700
2022-07-11,11.40000,11.53000,11.27000,11.42000,419300
2022-07-12,11.40000,11.51000,11.07000,11.15000,553200
2022-07-13,11.15000,11.39500,11.03000,11.32000,440700
2022-07-14,11.11000,11.20000,10.97000,11.04000,496700
2022-07-15,11.23000,11.45000,10.97500,11.42000,566800
2022-07-18,11.49000,11.67500,11.41000,11.50000,425800
2022-07-19,11.62000,11.84500,11.26000,11.81000,493500
2022-07-20,11.76000,11.87000,11.62000,11.83000,333700
2022-07-21,11.77000,11.86500,11.62500,11.75000,577700
2022-07-22,11.75000,11.80000,11.54000,11.63000,438400
2022-07-25,11.68000,11.74000,11.60000,11.71000,328000
2022-07-26,11.73000,11.75500,11.63000,11.70000,579200
2022-07-27,11.72000,11.86000,11.64000,11.79000,907500
2022-07-28,11.83000,12.00000,11.73200,11.95000,716300
2022-07-29,11.92000,11.94000,11.69000,11.84000,1115500
2022-08-01,11.72000,11.72000,11.49500,11.56000,1845200
2022-08-02,11.55000,11.60000,11.35500,11.51000,623200
2022-08-03,11.62000,11.63000,11.36000,11.52000,861700
2022-08-04,11.66000,11.96500,11.58000,11.90000,926100
2022-08-05,11.72000,11.82000,10.91000,11.18000,1521700
2022-08-08,11.19000,11.34000,10.97000,11.18000,1652800
2022-08-09,11.13000,11.49000,11.11500,11.23000,1269800
2022-08-10,11.31000,11.44000,11.20000,11.40000,639600
2022-08-11,11.51000,11.54000,11.07000,11.26000,1085700
2022-08-12,11.29000,11.36000,11.12000,11.35000,501600
2022-08-15,11.34000,11.55000,11.25000,11.54000,423700
2022-08-16,11.55000,11.60700,11.42500,11.47000,566100
2022-08-17,11.36000,11.44000,11.26000,11.36000,493500
2022-08-18,11.39000,11.41000,11.28000,11.36000,374400
2022-08-19,11.31000,11.45000,11.25000,11.41000,502400
2022-08-22,11.27000,11.37000,11.23500,11.33000,447200
2022-08-23,11.35000,11.39000,11.11000,11.25000,590300
2022-08-24,11.21000,11.21000,11.00000,11.13000,545100
2022-08-25,11.14000,11.20000,11.01000,11.18000,352300
2022-08-26,11.19000,11.20000,10.80100,10.83000,394200
2022-08-29,10.77000,11.02000,10.71000,11.00000,461900
2022-08-30,11.06000,11.20500,10.82100,11.01000,472900
2022-08-31,11.02000,11.09000,10.81000,11.02000,657400
2022-09-01,10.94000,11.06000,10.83500,11.04000,517300
2022-09-02,11.11000,11.24000,10.87500,10.93000,553600
2022-09-06,10.91000,11.04000,10.73500,10.98000,2461400
2022-09-07,11.00000,11.21000,10.95000,11.10000,704100
2022-09-08,11.07000,11.08500,10.97500,11.04000,1051700
2022-09-09,11.12000,11.24000,11.07000,11.15000,1147100
2022-09-12,11.25000,11.59500,11.15500,11.55000,929800
2022-09-13,11.40000,11.48000,11.10000,11.40000,870700
2022-09-14,11.40000,11.40000,11.13000,11.28000,1040000
2022-09-15,11.45000,11.68500,11.34500,11.57000,1358100
2022-09-16,11.57000,11.81000,11.37000,11.51000,3437700
2022-09-19,11.43000,11.71000,11.34000,11.66000,799900
2022-09-20,11.71000,11.93000,11.60000,11.93000,1074800
2022-09-21,11.95000,12.10000,11.79000,11.86000,872700
2022-09-22,11.85000,11.85000,11.47500,11.55000,1016300
2022-09-23,11.50000,11.50000,11.08000,11.28000,714100
2022-09-26,11.29000,11.47000,10.99000,11.00000,900900
2022-09-27,10.21000,10.39500,9.98000,10.02000,797300
2022-09-28,9.96000,10.46000,9.78000,10.43000,1227400
2022-09-29,10.40000,10.63000,10.23000,10.62000,814800
2022-09-30,10.59000,10.82000,10.53000,10.55000,979900
2022-10-03,10.67000,10.67000,10.32000,10.55000,866400
2022-10-04,10.64000,11.08500,10.64000,11.01000,726800
2022-10-05,10.93000,11.10500,10.84000,11.05000,763500
2022-10-06,11.06000,11.37000,11.04000,11.35000,807700
2022-10-07,11.24000,11.25000,10.49500,10.60000,1134800
2022-10-10,10.54000,10.75000,10.48000,10.70000,623000
2022-10-11,10.57000,10.66000,10.47500,10.58000,426200
2022-10-12,10.55000,10.89000,10.46000,10.82000,644200
2022-10-13,10.70500,10.89000,10.56000,10.86000,661000
2022-10-14,10.87000,10.91000,10.38000,10.40000,679100
2022-10-17,10.55000,10.88000,10.55000,10.79000,1024600
2022-10-18,10.87000,11.00000,10.75500,10.97000,937700
2022-10-19,10.86000,10.93000,10.68500,10.81000,568800
2022-10-20,10.85000,10.91000,10.63000,10.73000,579900
2022-10-21,10.79000,10.96000,10.69000,10.94000,468700
2022-10-24,10.96000,11.03500,10.87000,11.00000,425700
2022-10-25,11.33000,12.46500,11.28000,12.29000,1227700
2022-10-26,12.34000,12.75500,12.26000,12.50000,779400
2022-10-27,12.53000,12.78900,12.47500,12.75000,722300
2022-10-28,12.89000,13.07000,12.77000,12.78000,1001600
2022-10-31,12.76000,12.84000,12.60500,12.64000,1058600
2022-11-01,12.80000,12.87000,12.65000,12.65000,482800
2022-11-02,12.65000,12.73000,11.23000,11.96000,2572700
2022-11-03,10.97000,12.61000,10.95000,12.49500,771400
2022-11-04,12.64000,12.64000,11.94000,12.22000,1227800
2022-11-07,12.24000,12.42000,12.13000,12.20000,1169700
2022-11-08,12.19000,12.30500,11.55000,11.80000,3264300
2022-11-09,11.78000,12.22000,11.52000,12.20000,1197100
2022-11-10,12.48000,12.72000,12.10000,12.31000,1434500
2022-11-11,12.30000,12.35500,11.99500,12.06000,1542300
2022-11-14,12.07000,12.25500,11.75000,12.11000,1267800
2022-11-15,12.20000,12.29500,12.07000,12.15000,1090100
2022-11-16,10.45000,11.13000,9.96000,10.78000,2971700
2022-11-17,10.67000,10.67000,9.93500,10.05000,3305400
2022-11-18,10.25000,10.42000,10.02000,10.21000,13790800
2022-11-21,10.05000,10.53000,10.04000,10.46000,5047000
2022-11-22,10.45000,10.54000,10.08500,10.49000,6879500
2022-11-23,10.40000,10.48000,10.12500,10.20000,1623900
2022-11-25,10.24000,10.52000,10.22000,10.31000,859900
2022-11-28,10.22000,10.38000,10.09000,10.26000,1342900
2022-11-29,10.28000,10.37500,10.16900,10.22000,1066300
2022-11-30,10.28000,10.49000,10.17000,10.48000,2722300
2022-12-01,10.47000,10.53000,10.21500,10.30000,1545600
2022-12-02,10.20000,10.27000,10.05000,10.23000,1214000
2022-12-05,10.25000,10.29000,10.02000,10.15000,1302100
2022-12-06,10.16000,10.22000,9.96000,10.16000,1507400
2022-12-07,10.12000,10.16500,10.02000,10.08000,940000
2022-12-08,10.14000,10.43000,9.75000,9.75000,1774800
2022-12-09,9.73000,9.98500,9.73000,9.90000,1225500
2022-12-12,9.87000,10.02000,9.80000,10.00000,983400
2022-12-13,10.19000,10.19000,9.96000,10.12000,4373300
2022-12-14,10.17000,10.21000,9.89000,10.00000,1656900
2022-12-15,9.94000,10.10000,9.89000,9.94000,1287300
2022-12-16,9.90000,9.95000,9.47000,9.49000,2391700
2022-12-19,9.48000,9.49000,9.24000,9.33000,1073700
2022-12-20,9.35000,9.80300,9.25500,9.41000,891400
2022-12-21,9.53000,9.69000,9.51000,9.68000,1368600
2022-12-22,9.66000,9.78000,9.55000,9.69000,663600
2022-12-23,9.65000,9.68000,9.58000,9.68000,341900
2022-12-27,9.69000,9.81000,9.55000,9.78000,460100
2022-12-28,9.82000,9.95000,9.66000,9.67000,616400
2022-12-29,9.70000,9.96000,9.64000,9.79000,833300
2022-12-30,9.76000,9.82000,9.56500,9.62000,1088600
2023-01-03,9.72000,9.84000,9.56000,9.83000,950100
2023-01-04,9.86000,10.00000,9.72000,9.80000,1676000
2023-01-05,9.73000,9.83500,9.63500,9.76000,1698300
2023-01-06,9.85000,9.95000,9.64500,9.75000,911700
2023-01-09,9.78000,9.81500,9.61000,9.61000,797600
2023-01-10,9.58000,9.97500,9.58000,9.90000,3846200
2023-01-11,9.98000,10.03000,9.74500,9.81000,595600
2023-01-12,9.84000,9.99000,9.79000,9.94000,861600
2023-01-13,9.91000,10.13500,9.91000,10.06000,1412800
2023-01-17,10.27000,10.37000,9.92500,10.31000,3392500
2023-01-18,10.34000,10.48500,10.29000,10.39000,1867600
2023-01-19,10.35000,10.40000,10.17500,10.30000,1537200
2023-01-20,10.40000,10.70000,10.28000,10.70000,1373100
2023-01-23,10.67000,10.73500,10.51000,10.62000,907500
2023-01-24,10.69000,10.88000,10.61000,10.84000,846700
2023-01-25,10.87000,11.01500,10.41000,10.98000,1167000
2023-01-26,11.04000,11.13000,10.87500,11.00000,748100
2023-01-27,11.03000,11.03000,10.84000,11.00000,738000
2023-01-30,11.00000,11.01000,10.85000,10.92000,739400
2023-01-31,10.96000,11.07000,10.91500,10.98000,1514300
2023-02-01,11.02000,11.36000,10.90000,11.28000,1340500
2023-02-02,11.32000,11.48000,11.12000,11.18000,970300
2023-02-03,11.12000,11.32000,11.12000,11.24000,804900
2023-02-06,11.16000,11.21000,10.60000,10.68000,656800
2023-02-07,10.59000,10.69000,10.39500,10.66000,1279700
2023-02-08,10.54000,10.54000,10.30500,10.46000,620600
2023-02-09,10.47000,10.61000,10.38000,10.53000,1039000
2023-02-10,10.46000,10.59000,10.37000,10.53000,639700
2023-02-13,10.51000,10.72000,10.25000,10.69000,474500
2023-02-14,10.70000,10.81000,10.55500,10.57000,997600
2023-02-15,10.57000,10.72000,10.41000,10.64000,886300
2023-02-16,10.57000,10.91000,10.46500,10.69000,927400
2023-02-17,10.79000,10.96000,10.45000,10.76000,914700
2023-02-21,10.67000,10.76000,10.52000,10.54000,934500
2023-02-22,10.53000,10.68000,10.29500,10.39000,681600
2023-02-23,11.08000,12.16000,11.03000,12.00000,2309300
2023-02-24,11.98000,12.00000,11.65000,11.97000,2629400
2023-02-27,12.06000,12.06000,11.57000,11.87000,2715300
2023-02-28,11.85000,12.18000,11.62000,11.86000,2335600
2023-03-01,11.88000,11.97000,11.48000,11.55000,1224200
2023-03-02,11.52000,11.80000,11.50000,11.72000,1029300
2023-03-03,11.75000,11.98000,11.74000,11.91000,614900
2023-03-06,11.89000,11.94000,11.75500,11.86000,1029900
2023-03-07,11.74000,11.92500,11.65000,11.86000,779400
2023-03-08,11.87000,11.95500,11.70500,11.90000,747500
2023-03-09,11.87000,12.02500,11.72000,11.72000,523900
2023-03-10,11.67000,11.75500,11.50000,11.54000,589500
2023-03-13,11.35000,11.62000,11.34000,11.43000,697700
2023-03-14,11.69000,11.77000,11.55000,11.71000,641000
2023-03-15,11.49000,11.64000,11.28500,11.60000,1140200
2023-03-16,11.45000,11.74000,11.37000,11.65000,794300
2023-03-17,11.60000,11.63500,11.44500,11.49000,1936000
2023-03-20,11.56000,11.71000,11.47000,11.47000,767700
2023-03-21,11.63000,11.66000,11.38500,11.45000,595400
2023-03-22,11.40000,11.55000,11.25000,11.27000,648400
2023-03-23,11.26000,11.44000,11.26000,11.36000,667000
2023-03-24,11.26000,11.55500,11.18000,11.51000,769700
2023-03-27,11.62000,11.75500,11.47000,11.69000,705000
2023-03-28,11.69000,11.77000,11.59000,11.63000,593800
2023-03-29,11.63000,11.71000,11.44500,11.55000,674800
2023-03-30,11.57000,11.74500,11.56000,11.62000,560700
2023-03-31,11.68000,11.82000,11.65000,11.76000,1035500
2023-04-03,11.76000,11.79000,11.50000,11.51000,530600
2023-04-04,11.51000,11.53000,11.25700,11.38000,1458300
2023-04-05,11.38000,11.49500,11.28500,11.40000,946400
2023-04-06,11.44000,11.47500,11.28000,11.29000,599700
2023-04-10,11.25000,11.44500,11.25000,11.37000,597000
2023-04-11,11.38000,11.61500,11.11000,11.53000,1128900
2023-04-12,11.59000,11.64000,11.51000,11.57000,955300
2023-04-13,11.65000,12.01000,11.58000,11.90000,1834500
2023-04-14,11.88000,12.08000,11.85000,12.04000,960300
2023-04-17,12.03000,12.17000,11.92000,12.02000,869000
2023-04-18,12.07000,12.14000,11.96000,11.97000,822100
2023-04-19,11.97000,12.00000,11.77000,11.80000,562500
2023-04-20,11.78000,11.95000,11.74000,11.90000,662400
2023-04-21,11.83000,12.00000,11.76000,11.99000,1015900
2023-04-24,12.06000,12.15000,11.78000,12.00000,389300
2023-04-25,11.91000,12.28000,11.76000,12.18000,986200
2023-04-26,12.09000,12.24000,11.81000,12.16000,723600
2023-04-27,12.21000,12.31500,12.14000,12.28000,745900
2023-04-28,12.30000,12.49000,12.24000,12.39000,589400
2023-05-01,12.34000,12.42500,12.24000,12.41000,497200
2023-05-02,12.11000,12.27000,11.69000,11.97000,851700
2023-05-03,12.02000,12.14000,11.69000,11.89000,866800
2023-05-04,11.90000,12.09300,11.59000,11.82000,819100
2023-05-05,12.03000,12.34000,11.87000,12.32000,727300
2023-05-08,12.28000,12.28000,11.75000,11.95000,851300
2023-05-09,11.92000,12.02000,11.85000,11.93000,685500
2023-05-10,12.05000,12.11000,11.89000,12.00000,532200
2023-05-11,11.90000,12.01000,11.72500,11.99000,413900
2023-05-12,12.00000,12.08000,11.93500,12.01000,392200
2023-05-15,11.99000,12.09000,11.93000,11.99000,513100
2023-05-16,11.94000,11.98000,11.87000,11.95000,1181500
2023-05-17,12.03000,12.06000,11.93000,12.01000,933800
2023-05-18,11.98000,12.32000,11.94000,12.30000,552900
2023-05-19,12.40000,12.40000,12.26000,12.30000,633500
2023-05-22,12.32000,12.36500,12.22000,12.26000,515200
2023-05-23,12.25000,12.34000,12.09500,12.32000,638400
2023-05-24,12.32000,12.37000,12.24500,12.29000,521500
2023-05-25,12.23000,12.42000,11.96000,12.39000,499400
2023-05-26,12.38000,12.41000,11.61000,12.39000,791800
2023-05-30,12.38000,12.43000,12.15500,12.22000,754100
2023-05-31,12.17000,12.41000,11.94500,12.10000,1085200
2023-06-01,12.13000,12.34000,11.97000,12.23000,748500
2023-06-02,12.33000,12.55000,12.27000,12.45500,795300
2023-06-05,12.33000,12.46000,12.30500,12.34000,505600
2023-06-06,12.32000,12.48000,12.23000,12.46000,571600
2023-06-07,12.52000,12.74900,12.48000,12.56000,774100
2023-06-08,12.57000,12.57000,12.33000,12.36000,818700
2023-06-09,12.34000,12.38000,12.18000,12.23000,623200
2023-06-12,12.30000,12.30000,12.00000,12.06000,598000
2023-06-13,12.07000,12.42000,11.92000,11.92000,489800
2023-06-14,11.91000,12.00000,11.55000,11.66000,1148100
2023-06-15,11.67000,11.81000,11.56000,11.73000,996700
2023-06-16,11.83000,11.83000,11.69000,11.76000,1397000
2023-06-20,11.74000,11.90000,11.71000,11.73000,1002000
2023-06-21,11.79000,12.31000,11.75000,12.16000,1733900
2023-06-22,12.18000,12.26000,11.90000,12.05000,952800
2023-06-23,11.96000,11.98000,11.47500,11.62000,8144900
2023-06-26,11.63000,11.81000,11.59000,11.74000,1446300
2023-06-27,11.79000,11.86000,11.68000,11.68000,833200
2023-06-28,11.65000,11.65000,11.34000,11.36000,832000
2023-06-29,11.41000,11.74000,11.39000,11.74000,834500
2023-06-30,11.73000,12.14000,11.65000,12.09000,1668800
2023-07-03,12.03000,12.11000,11.90500,12.05000,668200
2023-07-05,12.05000,12.25000,11.88000,12.21000,983200
2023-07-06,12.10000,12.12000,11.73000,11.87000,1008900
2023-07-07,11.87000,12.02500,11.80000,12.02000,1039100
2023-07-10,11.98000,12.40000,11.94500,12.13000,1010000
2023-07-11,12.13000,12.32500,12.12000,12.30000,542600
2023-07-12,12.39000,12.49000,12.17000,12.20000,784700
2023-07-13,12.28000,12.48000,12.28000,12.33000,796100
2023-07-14,12.31000,12.43000,12.22000,12.43000,677400
2023-07-17,12.43000,12.53000,12.37000,12.38000,465900
2023-07-18,12.38000,12.51000,12.37500,12.44000,552800
2023-07-19,12.46000,12.53000,12.39000,12.45000,478200
2023-07-20,12.48000,12.55000,12.34000,12.40000,401500
2023-07-21,12.47000,12.54000,12.43000,12.50000,665600
2023-07-24,12.51000,12.58000,12.36000,12.56000,544300
2023-07-25,12.53000,12.58000,12.51000,12.55000,637400
2023-07-26,12.56000,12.70000,12.40000,12.49000,824000
2023-07-27,12.56000,12.64000,12.49000,12.55000,838600
2023-07-28,12.58000,12.75500,12.52000,12.74000,707500
2023-07-31,12.76000,12.91000,12.66000,12.82000,1095900
2023-08-01,12.79000,13.00000,12.32000,13.00000,1159200
2023-08-02,12.92000,12.97000,12.67000,12.78000,588400
2023-08-03,12.79000,13.32000,12.70000,13.22000,1319400
2023-08-04,13.29000,13.56000,13.26000,13.39000,923500
2023-08-07,14.00000,14.68000,13.99000,14.04000,1436100
2023-08-08,14.00000,14.08000,13.92000,13.99000,1371200
2023-08-09,13.99000,14.28500,13.89000,14.26000,1413800
2023-08-10,14.32000,14.80000,14.31000,14.33000,979200
2023-08-11,14.27000,14.41500,14.22000,14.32000,1013700
2023-08-14,14.24000,14.54500,14.15000,14.39000,1367100
2023-08-15,14.38000,14.67000,14.09000,14.62000,1358400
2023-08-16,14.62000,14.65500,14.21000,14.27000,1110500
2023-08-17,14.36000,14.42000,14.22000,14.30000,1051800
2023-08-18,14.18000,14.32000,14.16400,14.24000,675300
2023-08-21,14.24000,14.39000,14.20000,14.25000,467500
2023-08-22,14.25000,14.32500,14.12000,14.13000,485100
2023-08-23,14.13000,14.31000,14.08000,14.27000,581800
2023-08-24,14.22000,14.40500,14.18000,14.20000,404800
2023-08-25,14.25000,14.27000,13.95000,13.96000,385700
2023-08-28,14.00000,14.09000,13.95500,13.97000,444100
2023-08-29,13.96000,13.98000,13.82000,13.88000,401600
2023-08-30,13.88000,13.98900,13.80000,13.82000,404200
2023-08-31,13.82000,14.02000,13.81000,13.93000,905300
2023-09-01,13.97000,14.30000,13.97000,14.20000,695200
2023-09-05,14.13000,14.13000,13.49500,13.53000,698000
2023-09-06,13.56000,13.59000,13.23500,13.30000,401600
2023-09-07,13.33000,13.70500,13.28000,13.42000,680400
2023-09-08,13.39000,13.60500,13.26000,13.41000,506300
2023-09-11,13.44000,13.68000,13.43000,13.61000,652700
2023-09-12,13.59000,13.92500,13.59000,13.81000,617200
2023-09-13,13.85000,14.13000,13.82000,14.06000,673600
2023-09-14,14.18000,14.30000,13.99000,14.10000,581800
2023-09-15,14.11000,14.26000,13.77000,13.91000,1320900
2023-09-18,13.93000,14.02000,13.85500,13.88000,385200
2023-09-19,13.90000,14.08000,13.68000,13.92000,352600
2023-09-20,13.96000,14.21500,13.76000,14.14000,818700
2023-09-21,14.03000,14.21500,13.93000,14.14000,530400
2023-09-22,14.16000,14.33000,14.05000,14.05000,543900
2023-09-25,13.91000,14.08500,13.79000,13.92000,420600
2023-09-26,13.90000,14.04500,13.12000,13.80000,559900
2023-09-27,13.82000,13.99500,13.81500,13.93000,527000
2023-09-28,13.88000,14.15000,13.88000,14.06000,717400
2023-09-29,14.08000,14.18000,13.99000,14.10000,843500
2023-10-02,14.07000,14.27000,14.02000,14.14000,728900
2023-10-03,14.11000,14.11000,13.77500,13.84000,448000
2023-10-04,13.84000,14.04000,13.84000,13.88000,471900
2023-10-05,13.88000,14.02000,13.53000,13.55000,794800
2023-10-06,13.70000,14.16500,13.58000,14.10000,1241300
2023-10-09,14.20000,14.44000,14.10500,14.28000,517000
2023-10-10,14.28000,14.77000,14.28000,14.62000,674700
2023-10-11,14.69000,14.81000,14.60000,14.78000,556800
2023-10-12,14.78000,14.78000,14.41500,14.62000,665700
2023-10-13,14.62000,14.74500,14.17500,14.18000,1231800
2023-10-16,14.33000,14.73500,14.29000,14.67000,610400
2023-10-17,14.59000,14.80000,14.56500,14.57000,458900
2023-10-18,14.49000,14.55000,14.38000,14.45000,374500
2023-10-19,14.42000,14.60000,14.27100,14.42000,787900
2023-10-20,14.45000,14.49000,14.30000,14.34000,561600
2023-10-23,14.33000,14.41000,14.16000,14.20000,808600
2023-10-24,14.25000,14.48000,14.18500,14.23000,772900
2023-10-25,14.16000,14.40000,14.16000,14.20000,641000
2023-10-26,14.20000,14.25000,13.96100,14.10000,351800
2023-10-27,14.16000,14.31000,14.06000,14.23500,596000
2023-10-30,14.23000,14.46800,14.20000,14.35000,457700
2023-10-31,14.35000,14.41500,14.08000,14.14000,635900
2023-11-01,14.15000,14.34000,14.06000,14.31000,534000
2023-11-02,13.92000,13.97500,12.55000,13.09000,1515800
2023-11-03,13.26000,13.66000,13.20000,13.64000,1279900
2023-11-06,13.62000,13.62500,12.83000,13.41000,1191500
2023-11-07,13.49000,13.49000,13.14000,13.14000,1018300
2023-11-08,13.19000,13.22000,13.06000,13.19000,1071700
2023-11-09,13.32000,13.48000,13.22000,13.44000,574300
2023-11-10,13.51000,13.59000,13.39000,13.55000,651300
2023-11-13,13.55000,13.71000,13.55000,13.68000,767900
2023-11-14,13.34000,13.43000,13.11500,13.39000,1091800
2023-11-15,13.48000,13.51000,12.98000,13.11000,1191700
2023-11-16,13.15000,13.27000,12.99500,13.27000,693600
2023-11-17,13.09000,13.28000,13.09000,13.23000,916700
2023-11-20,13.25000,13.27000,12.96500,13.20000,520200
2023-11-21,13.19000,13.32500,13.15000,13.24000,724100
2023-11-22,13.28000,13.46000,13.27000,13.31000,523600
2023-11-24,13.31000,13.38000,13.22000,13.32000,202600
2023-11-27,13.34000,13.48000,13.11000,13.11000,719900
2023-11-28,13.15000,13.27500,13.04000,13.15000,484400
2023-11-29,13.23000,13.30000,13.04500,13.12000,421300
2023-11-30,13.10000,13.25500,12.92000,13.13000,1013500
2023-12-01,13.17000,13.38000,13.11000,13.18000,611500
2023-12-04,13.18000,13.39000,13.04000,13.06000,487700
2023-12-05,13.08000,13.17000,13.01000,13.10000,449400
2023-12-06,13.13000,13.25000,13.06500,13.16000,911300
2023-12-07,13.22000,13.45000,13.11000,13.29000,514000
2023-12-08,13.23000,13.64000,13.07000,13.64000,729500
2023-12-11,13.64000,13.69000,13.49000,13.50000,520400
2023-12-12,13.46000,13.48500,13.33000,13.42000,387700
2023-12-13,13.46000,13.65000,13.29000,13.63000,643000
2023-12-14,13.70000,13.83000,13.59000,13.75000,755800
2023-12-15,13.72000,13.78000,13.42000,13.42000,1260600
2023-12-18,13.51000,13.65000,13.37000,13.62000,908100
2023-12-19,13.79000,14.16000,13.78500,14.00000,883500
2023-12-20,13.99000,14.16500,13.76000,13.76000,659300
2023-12-21,13.79000,13.83500,13.50000,13.69000,471500
2023-12-22,13.69000,14.02000,13.53000,13.84000,565800
2023-12-26,13.91000,13.91000,13.69000,13.82000,504800
2023-12-27,13.84000,13.84000,13.59000,13.62000,463100
2023-12-28,13.62000,13.66000,13.40200,13.63000,606500
2023-12-29,13.65000,13.84500,13.56000,13.71000,1001800
2024-01-02,13.65000,13.66000,13.11000,13.23000,765200
2024-01-03,13.24000,13.40000,12.97000,13.01000,914100
2024-01-04,13.10000,13.10000,12.96500,13.06000,699600
2024-01-05,12.94000,13.13000,12.91200,13.01000,855300
2024-01-08,12.93000,13.03000,12.86000,12.99000,571800
2024-01-09,12.88000,12.90000,12.49000,12.51000,1232400
2024-01-10,12.51000,12.69000,12.47000,12.62000,1110200
2024-01-11,12.55000,12.78000,12.45000,12.76000,1206700
2024-01-12,12.93000,13.06000,12.85000,13.05000,765700
2024-01-16,12.92000,13.22500,12.91200,13.01000,711800
2024-01-17,12.80200,12.96000,12.76000,12.85000,354200
2024-01-18,12.87000,13.12000,12.70000,12.80000,399700
2024-01-19,12.85000,12.90000,12.66500,12.71000,620700
2024-01-22,12.78000,13.29000,12.69000,13.29000,1779200
2024-01-23,13.38000,13.49000,12.93500,12.98000,595300
2024-01-24,13.09000,13.13000,12.85000,12.87000,341900
2024-01-25,13.04000,13.07000,12.90000,13.00000,578000
2024-01-26,13.09000,13.10000,12.94500,13.08000,519800
2024-01-29,13.06000,13.14000,12.80000,12.99000,627700
2024-01-30,12.92000,12.92000,12.68500,12.82000,535600
2024-01-31,12.82000,12.83000,12.62000,12.62000,912400
2024-02-01,12.66000,13.03000,12.66000,12.96000,550300
2024-02-02,12.86000,12.94000,12.73000,12.73000,466000
2024-02-05,12.60000,12.71500,12.52000,12.66000,359100
2024-02-06,12.70000,12.84000,12.61000,12.71000,391100
2024-02-07,12.77000,12.96500,12.71000,12.94000,617500
2024-02-08,12.97000,13.02000,12.91000,13.02000,674600
2024-02-09,12.99000,13.09000,12.94000,12.99000,970700
2024-02-12,13.06000,13.28500,12.97500,13.25000,782100
2024-02-13,13.03000,13.03000,12.65000,12.77000,706000
2024-02-14,12.91000,13.00500,12.86000,12.95000,595300
2024-02-15,13.04000,13.10000,12.87000,13.01000,684900
2024-02-16,12.97000,13.11000,12.72500,12.94000,716800
2024-02-20,12.82000,13.00000,12.80000,13.00000,567700
2024-02-21,12.94000,13.11000,12.90000,13.11000,1122100
2024-02-22,13.55000,13.60000,12.59000,13.15000,1295000
2024-02-23,13.27000,13.43000,12.99000,13.14000,587500
2024-02-26,13.06000,13.17000,12.97000,13.10000,777900
2024-02-27,13.14000,13.25000,13.09500,13.21000,610000
2024-02-28,13.13000,13.42800,13.13000,13.40000,494900
2024-02-29,13.53500,13.60000,13.35500,13.41000,1023200
2024-03-01,13.40000,13.59500,13.36000,13.50000,481500
2024-03-04,13.57000,13.57000,13.39000,13.44000,459900
2024-03-05,13.41000,13.48000,13.29000,13.35000,526000
2024-03-06,13.49000,13.49000,13.29000,13.43000,598000
2024-03-07,13.44000,13.63000,13.44000,13.62000,491500
2024-03-08,13.70000,13.79000,13.57000,13.62000,508400
2024-03-11,13.59000,13.66000,13.50000,13.59000,394300
2024-03-12,13.54000,13.62000,13.42000,13.59000,388500
2024-03-13,13.57000,13.66000,13.52500,13.65000,423500
2024-03-14,13.57000,13.59500,13.50000,13.56000,494900
2024-03-15,13.49000,13.68000,13.49000,13.68000,1333600
2024-03-18,13.65000,14.01000,13.65000,13.67000,621600
2024-03-19,13.61000,13.79000,13.56000,13.75000,666900
2024-03-20,13.76000,14.02000,13.64500,14.00000,403800
2024-03-21,14.04000,14.07000,13.93500,14.06000,578900
2024-03-22,14.10000,14.15500,14.00000,14.10000,486400
2024-03-25,14.15000,14.17000,13.99500,14.05000,452800
2024-03-26,14.15000,14.38000,14.09000,14.35000,741600
2024-03-27,14.38000,14.51000,14.25000,14.50000,938100
2024-03-28,14.50000,14.66700,14.44000,14.57000,755200
2024-04-01,14.61000,14.71000,14.58000,14.65000,383500
2024-04-02,14.58000,14.70000,14.50000,14.56000,797300
2024-04-03,14.50000,14.71000,14.50000,14.64000,511900
2024-04-04,14.73000,14.75500,14.48000,14.59000,930000
2024-04-05,14.55000,14.91500,14.55000,14.83000,702000
2024-04-08,14.85000,14.87000,14.71000,14.79000,670500
2024-04-09,14.84000,14.89000,14.66200,14.84000,639400
2024-04-10,14.57000,14.80500,14.42000,14.60000,1008200
2024-04-11,14.61000,14.76500,14.60000,14.67000,513900
2024-04-12,14.57000,14.66500,14.30000,14.35000,470300
2024-04-15,14.37000,14.43500,13.94000,13.99000,995300
2024-04-16,13.94000,13.96000,13.80000,13.85000,516900
2024-04-17,13.93000,14.23000,13.78000,14.07000,683000
2024-04-18,14.12000,14.59000,14.04500,14.06000,653400
2024-04-19,13.98000,14.16000,13.93500,14.04000,880800
2024-04-22,14.17000,14.26000,14.08500,14.19000,800800
2024-04-23,14.19000,14.30000,14.14000,14.25000,754100
2024-04-24,14.19000,14.47500,14.16000,14.32000,843800
2024-04-25,14.32000,14.54000,14.20000,14.45000,613400
2024-04-26,14.53000,14.97000,14.52000,14.80000,903900
2024-04-29,14.90000,15.05500,14.74500,15.00000,657900
2024-04-30,14.94000,14.94000,14.35500,14.50000,1159700
2024-05-01,14.48000,14.84000,14.44000,14.59000,841700
2024-05-02,13.52000,14.37000,13.26000,14.23000,1661900
2024-05-03,14.50000,15.05500,14.34000,14.98000,882000
2024-05-06,15.00000,15.52500,14.91000,15.49000,726300
2024-05-07,15.46000,15.91500,15.35000,15.80000,1181500
2024-05-08,15.74000,16.36000,15.61000,16.32000,1715900
2024-05-09,16.26000,16.37000,16.00500,16.32000,860400
2024-05-10,16.31000,16.45000,16.01500,16.02000,1223500
2024-05-13,16.07000,16.21500,15.94000,16.14000,913300
2024-05-14,16.21000,16.27000,15.95000,16.11000,959100
2024-05-15,16.21000,16.31000,16.12000,16.29000,700500
2024-05-16,16.30000,16.60000,16.17000,16.18000,1162300
2024-05-17,16.26000,16.35000,16.13000,16.34000,584700
2024-05-20,16.29000,16.41000,16.22500,16.38000,523900
2024-05-21,16.31000,16.39000,16.04000,16.23000,862200
2024-05-22,16.13000,16.21500,15.73000,16.00000,888900
2024-05-23,16.04000,16.20000,15.98000,16.03000,629900
2024-05-24,16.13000,16.13000,15.98000,16.02000,454100
2024-05-28,16.07000,16.23000,15.84500,15.96000,435600
2024-05-29,15.79000,15.84900,15.68000,15.68000,856500
2024-05-30,15.68000,15.85000,15.59000,15.71000,498900
2024-05-31,15.75000,15.88000,15.60000,15.66000,732900
2024-06-03,15.69000,15.83000,15.40000,15.50000,805300
2024-06-04,15.39000,15.49000,14.85000,14.95000,933900
2024-06-05,15.05000,15.23500,14.75000,15.20000,610400
2024-06-06,15.19000,15.32000,15.07500,15.13000,814100
2024-06-07,15.00000,15.05000,14.64500,14.67000,775500
2024-06-10,14.67000,15.19000,14.53500,14.70000,432800
2024-06-11,14.58000,14.80500,14.58000,14.61000,694500
2024-06-12,14.86000,14.90000,14.49000,14.49000,509900
2024-06-13,14.48000,14.54000,14.16500,14.29000,636800
2024-06-14,14.04000,14.19000,13.98000,14.10000,598300
2024-06-17,14.12000,14.31000,14.04000,14.20000,615100
2024-06-18,14.25000,14.42000,14.16000,14.24000,601600
2024-06-20,14.23000,14.32500,13.91000,14.04000,773400
2024-06-21,13.99000,14.18500,13.96500,13.98000,1207000
2024-06-24,14.02000,14.37000,14.02000,14.24000,534500
2024-06-25,14.16000,14.25500,14.10000,14.19000,495900
2024-06-26,14.06000,14.26000,13.90000,14.21000,587400
2024-06-27,14.30000,14.33000,14.21000,14.27000,396400
2024-06-28,14.39000,14.97000,14.38500,14.94000,3667100
2024-07-01,14.88000,14.90800,14.31000,14.55000,837900
2024-07-02,14.60000,14.72000,14.50000,14.52000,598500
2024-07-03,14.61000,14.61000,14.44000,14.45000,312100
2024-07-05,14.50000,14.61500,14.35000,14.54000,586000
2024-07-08,14.66000,14.95000,14.57000,14.65000,784100
2024-07-09,14.55000,14.74000,14.55000,14.58000,583500
2024-07-10,14.65000,14.73000,14.53100,14.72000,479100
2024-07-11,15.00000,15.13000,14.87000,15.06000,607000
2024-07-12,15.25000,15.35000,15.15000,15.16000,514000
2024-07-15,15.36000,15.66000,15.27000,15.43000,853500
2024-07-16,15.52000,15.83000,15.52000,15.69000,1286600
2024-07-17,15.66000,15.88000,15.44000,15.51000,860600
2024-07-18,15.35000,15.59500,15.14000,15.15000,576500
2024-07-19,15.22000,15.30500,14.87000,14.89000,590800
2024-07-22,14.91000,15.46000,14.76000,15.00000,535000
2024-07-23,14.98000,15.56500,14.88000,15.45000,801300
2024-07-24,15.43000,15.64000,15.31000,15.37000,906700
2024-07-25,15.46000,15.77000,15.30000,15.47000,1085600
2024-07-26,14.90000,15.05000,14.41000,14.48000,1296800
2024-07-29,14.60000,14.99500,14.54100,14.98000,1031500
2024-07-30,14.97000,15.67000,14.97000,15.57000,1306600
2024-07-31,15.58000,15.74000,15.37000,15.50000,1666200
2024-08-01,17.53000,17.60000,15.11500,15.28000,1351000
2024-08-02,14.61000,14.61000,14.01000,14.35000,1304700
2024-08-05,13.68000,14.62000,13.60000,14.33000,1232200
2024-08-06,14.24000,14.43000,14.08000,14.38000,760900
2024-08-07,14.55000,14.66500,14.17500,14.21000,776100
2024-08-08,14.38000,14.57000,14.29500,14.54000,392600
2024-08-09,14.58000,14.94000,14.48000,14.93000,993500
2024-08-12,15.00000,15.04800,14.49000,14.53000,1009600
2024-08-13,14.66000,14.92000,14.56500,14.82000,1041800
2024-08-14,14.89000,14.99000,14.53500,14.64000,669500
2024-08-15,14.94000,15.08000,14.77000,14.91000,770000
2024-08-16,14.86000,15.05000,14.86000,14.89000,493400
2024-08-19,14.92000,14.93000,14.72500,14.92000,722800
2024-08-20,14.94000,15.05000,14.86000,14.91000,773500
2024-08-21,14.95000,15.13000,14.92000,15.09000,579200
2024-08-22,15.13000,15.19000,14.96000,14.99000,431400
2024-08-23,15.12000,15.52000,15.06000,15.31000,714100
2024-08-26,15.49000,15.52500,15.23500,15.28000,697000
2024-08-27,15.23000,15.53000,15.18000,15.49000,540500
2024-08-28,15.40000,15.51000,15.35000,15.38000,680500
2024-08-29,15.55000,15.60000,15.22000,15.23000,767500
2024-08-30,15.29000,15.44500,15.20000,15.42000,491300
2024-09-03,15.43000,15.43000,14.97000,15.03000,821400
2024-09-04,15.06000,15.19500,14.95500,15.06000,554400
2024-09-05,15.15000,15.42000,15.00000,15.13000,363400
2024-09-06,15.08000,15.09500,14.67500,14.84000,432000
2024-09-09,14.79000,14.86500,14.54000,14.61000,537000
2024-09-10,14.61000,14.66000,14.45000,14.65000,551400
2024-09-11,14.53000,14.85000,14.49000,14.73000,571800
2024-09-12,14.82000,15.26500,14.77000,15.25000,437700
2024-09-13,16.12000,16.63000,15.90000,16.50000,1644200
2024-09-16,16.56000,17.05000,16.50000,16.67000,680300
2024-09-17,16.68000,16.89000,16.61000,16.69000,750700
2024-09-18,16.67000,16.96000,16.46000,16.65000,1182700
2024-09-19,16.97000,16.97000,16.70000,16.92000,896700
2024-09-20,16.92000,17.08000,16.81000,16.84000,1573100
2024-09-23,16.87000,16.96000,16.63000,16.78000,945500
2024-09-24,16.78000,16.86000,16.55000,16.73000,868200
2024-09-25,16.82000,16.87000,16.53000,16.54000,504300
2024-09-26,16.84000,16.92000,16.52000,16.54000,413400
2024-09-27,16.65000,16.94000,16.59000,16.65000,453900
2024-09-30,16.59000,16.73000,16.40000,16.61000,533600
2024-10-01,16.56000,16.65100,16.20000,16.24000,404900
2024-10-02,16.16000,16.23000,15.94000,15.97000,316000
2024-10-03,15.87000,15.95000,15.56000,15.58000,378700
2024-10-04,15.83000,15.85000,15.67000,15.80000,332600
2024-10-07,15.70000,15.75000,15.49000,15.62000,556100
2024-10-08,15.66000,15.81000,15.57000,15.67000,450800
2024-10-09,15.81000,16.11000,15.74000,15.75000,560500
2024-10-10,15.60000,15.64000,15.43000,15.60000,484600
2024-10-11,15.58000,15.79000,15.36000,15.36000,330700
2024-10-14,15.33000,15.58000,15.20000,15.29000,253300
2024-10-15,15.20000,15.66000,15.20000,15.46000,380500
2024-10-16,15.54000,15.87000,15.46000,15.66000,537600
2024-10-17,15.62000,15.77000,15.45000,15.72000,494200
2024-10-18,15.80000,16.02000,15.65000,15.83000,457000
2024-10-21,15.79000,15.82000,15.47100,15.49000,521000
2024-10-22,15.54000,15.68000,15.36000,15.62000,625700
2024-10-23,15.54000,15.85000,15.40000,15.72000,1128100
2024-10-24,15.76000,15.84500,15.34000,15.38000,370400
2024-10-25,15.42000,15.46000,15.15000,15.30000,252600
2024-10-28,15.46000,15.52500,15.31000,15.33000,306100
2024-10-29,15.18000,15.45000,15.18000,15.41000,367300
2024-10-30,15.44000,15.74000,15.40000,15.56000,422400
2024-10-31,18.00000,18.39000,17.03500,17.18000,1203600
2024-11-01,17.12000,17.32500,16.75000,16.90000,591500
2024-11-04,16.86000,17.55000,16.81000,17.30000,675800
2024-11-05,17.32000,17.69000,17.26000,17.65000,1068900
2024-11-06,18.40000,18.87000,17.91000,18.17000,1589900
2024-11-07,18.09000,18.84000,18.01000,18.74000,1371800
2024-11-08,18.63000,19.12000,18.63000,18.79000,783900
2024-11-11,18.85000,18.88500,18.54500,18.74000,454400
2024-11-12,18.74000,18.95000,18.44000,18.46000,572100
2024-11-13,18.63000,18.74000,18.49000,18.49000,479000
2024-11-14,18.50000,18.57500,18.19000,18.30000,806500
2024-11-15,18.15000,18.73000,18.15000,18.51000,819700
2024-11-18,18.60000,18.82000,18.46000,18.67000,570700
2024-11-19,18.55000,18.90000,18.52000,18.77000,553900
2024-11-20,18.66000,18.93000,18.58000,18.88000,631200
2024-11-21,18.98000,19.29000,18.84500,19.27000,753800
2024-11-22,19.39000,19.58000,19.37000,19.52000,595700
2024-11-25,19.58000,19.98000,19.58000,19.71000,996200
2024-11-26,19.59000,19.61500,19.08000,19.13000,721800
2024-11-27,19.17000,19.22000,18.85000,18.93000,567200
2024-11-29,18.83000,19.08000,18.80000,19.00000,334400
2024-12-02,19.03000,19.04000,18.74000,18.83000,697000
2024-12-03,18.93000,18.96000,18.67000,18.75000,707800
2024-12-04,18.63000,18.88000,18.63000,18.79000,1149600
2024-12-05,18.80000,18.89000,18.63500,18.67000,461500
2024-12-06,18.76000,18.76000,18.27100,18.48000,472000
2024-12-09,18.45000,18.56000,18.27000,18.39000,494900
2024-12-10,18.42000,18.78000,18.25000,18.72000,525900
2024-12-11,18.85000,19.35000,18.73000,19.28000,753400
2024-12-12,19.28000,19.44500,19.07000,19.10000,565200
2024-12-13,18.97000,19.16000,18.92000,18.93000,398800
2024-12-16,18.91000,19.08000,18.74000,18.98000,634700
2024-12-17,18.89000,19.07000,18.74000,18.78000,573300
2024-12-18,18.38000,18.89000,17.92000,18.00000,1050300
2024-12-19,18.18000,18.33000,18.11000,18.18000,525500
2024-12-20,17.86000,18.51000,17.85000,18.36000,2169000
2024-12-23,18.25000,18.32500,18.06000,18.11000,526400
2024-12-24,18.11000,18.44000,18.03000,18.42000,135200
2024-12-26,18.35000,18.59000,18.34000,18.55000,276000
2024-12-27,18.40000,18.61500,18.11000,18.21000,362000
2024-12-30,18.13000,18.24000,17.93000,18.08000,357100
2024-12-31,18.11000,18.38000,17.93000,18.29000,372600
2025-01-02,18.21000,18.46900,18.10000,18.15000,408900
2025-01-03,18.16000,18.35000,18.10000,18.34000,530600
2025-01-06,18.28000,18.40400,18.13500,18.18000,396500
2025-01-07,18.14000,18.35100,18.02000,18.28000,378500
2025-01-08,18.27000,18.68000,18.14500,18.68000,557300
2025-01-10,18.31000,18.50200,17.97000,18.04000,529100
2025-01-13,17.84000,18.28000,17.82000,18.26000,414500
2025-01-14,18.34000,18.51000,18.25000,18.37000,598500
2025-01-15,18.73000,18.83000,18.58000,18.82000,663100
2025-01-16,18.81000,18.96500,18.70000,18.83000,536000
2025-01-17,19.01000,19.16000,18.72000,18.74000,428800
2025-01-21,18.90000,19.03000,18.71500,18.73000,465900
2025-01-22,18.71000,18.77400,18.55000,18.75000,408900
2025-01-23,18.66000,19.05000,18.66000,18.95000,535800
2025-01-24,18.88000,18.96000,18.70000,18.84000,427800
2025-01-27,18.81000,19.05500,18.60000,18.60000,941700
2025-01-28,18.66000,18.80500,18.41000,18.66000,649800
2025-01-29,18.65000,18.96000,18.51000,18.94000,620600
2025-01-30,19.04000,19.24000,18.95500,19.06000,577700
2025-01-31,19.05000,19.17000,18.51000,18.72000,564000
2025-02-03,18.56000,19.01000,18.41000,18.98000,1100700
2025-02-04,19.04000,19.41400,18.77000,19.35000,1050900
2025-02-05,19.41000,19.68000,19.31000,19.46000,747500
2025-02-06,19.61000,19.76900,19.51000,19.65000,407300
2025-02-07,19.65000,19.77000,19.50000,19.58000,481700
2025-02-10,19.70000,19.88800,19.57500,19.84000,541000
2025-02-11,19.80000,19.96000,19.68000,19.91000,520000
2025-02-12,19.55000,19.94000,19.51100,19.86000,859400
2025-02-13,19.91000,20.17000,19.85500,19.99000,582300
2025-02-14,20.18000,20.34500,20.01000,20.11000,706100
2025-02-18,20.12000,20.32000,20.06000,20.30000,952700
2025-02-19,20.14000,20.18000,19.94000,20.12000,553300
2025-02-20,20.07000,21.73000,19.67000,20.97000,1703500
2025-02-21,21.00000,21.00000,19.39000,19.60000,1308400
2025-02-24,19.80000,19.82000,19.15000,19.28000,875900
2025-02-25,19.38000,19.51000,19.15500,19.19000,723200
2025-02-26,19.16000,19.71000,19.14000,19.70000,634400
2025-02-27,19.74000,19.99500,19.65000,19.86000,1177800
2025-02-28,19.83000,19.95500,19.61000,19.94000,1407100
2025-03-03,19.94000,20.34000,19.80500,19.99000,1365000
2025-03-04,19.94000,20.27000,19.61000,20.03000,958400
2025-03-05,19.98000,20.01000,19.71000,19.83000,795100
2025-03-06,19.68000,19.91000,19.31000,19.34000,625100
2025-03-07,19.37000,19.52000,18.78000,19.42000,815200
2025-03-10,19.22000,19.64000,19.06000,19.16000,1038900
2025-03-11,19.38000,19.38000,18.91000,19.09000,742000
2025-03-12,19.21000,19.24500,18.72500,18.74000,850000
2025-03-13,18.74000,18.76000,18.35000,18.49000,432400
2025-03-14,18.65000,18.98500,18.60000,18.89000,407000
2025-03-17,18.99000,19.43500,18.95000,19.32000,981500
2025-03-18,19.13000,19.67000,19.11000,19.30000,811400
2025-03-19,19.32000,19.66000,19.32000,19.62000,630600
2025-03-20,19.44000,19.91500,19.38000,19.40000,822000
2025-03-21,19.23000,19.52500,19.04100,19.31000,1873500
2025-03-24,19.58000,19.91000,19.47000,19.88000,805500
2025-03-25,19.91000,20.20000,19.85000,20.17000,880900
2025-03-26,20.20000,20.24000,19.87000,20.06000,683500
2025-03-27,20.09000,20.83000,20.00000,20.66000,1110000
2025-03-28,20.65000,20.68000,20.30000,20.45000,986300
2025-03-31,20.26000,20.51000,20.03500,20.45000,1409000
2025-04-01,20.15000,20.80000,20.03000,20.80000,859100
2025-04-02,20.52000,20.88000,20.52000,20.86000,1021500
2025-04-03,20.30000,20.63500,20.12000,20.29000,910000
2025-04-04,19.54000,19.87000,18.76000,18.98000,1196700
2025-04-07,18.24000,19.38000,17.90800,18.71000,1443800
2025-04-08,19.28000,19.43000,18.10500,18.34000,1222100
2025-04-09,18.30000,19.88000,18.06000,19.56000,1167600
2025-04-10,19.22000,19.46500,18.60500,19.01000,685300
2025-04-11,19.07000,19.36500,18.73000,19.15000,682200
2025-04-14,19.50000,19.56000,18.98000,19.27000,936100
2025-04-15,19.33000,19.57500,19.23000,19.37000,620900
2025-04-16,19.33000,19.58000,19.16500,19.35000,676100
2025-04-17,19.38000,19.50000,19.12000,19.14000,618300
2025-04-21,19.06000,19.11000,18.56000,18.65000,819800
2025-04-22,18.90000,19.48000,18.77000,19.42000,897100
2025-04-23,19.65000,20.00000,19.60000,19.62000,852400
2025-04-24,19.64000,19.94000,19.58000,19.61000,728800
2025-04-25,19.58000,19.83900,19.27000,19.74000,430800
2025-04-28,19.71000,19.94000,19.54000,19.74000,536100
2025-04-29,19.66000,20.37000,19.58000,20.36000,679600
2025-04-30,20.07000,20.24000,19.97500,20.07000,1206500
2025-05-01,19.90000,20.93000,19.71000,20.64000,936400
2025-05-02,20.79000,22.36000,20.76000,22.29000,1484700
2025-05-05,22.20000,22.92000,21.98300,22.65000,1334100
2025-05-06,22.42000,22.70500,22.16000,22.65000,727000
2025-05-07,22.81000,23.05500,22.69300,22.87000,890600
2025-05-08,22.96000,22.96000,22.71000,22.74000,729500
2025-05-09,22.86000,23.04000,22.73000,22.88000,496700
2025-05-12,23.61000,23.61000,22.34000,22.51000,990800
2025-05-13,22.56000,22.90500,22.35000,22.47000,857300
2025-05-14,22.36000,22.68500,22.34800,22.48000,743800
2025-05-15,22.48000,22.77000,22.41000,22.64000,756700
2025-05-16,22.66000,23.08000,22.64000,23.06000,934100
2025-05-19,22.96000,23.08000,22.63000,22.65000,513200
2025-05-20,22.54000,22.75000,22.34000,22.50000,571600
2025-05-21,22.32000,22.70000,21.84000,21.86000,632300
2025-05-22,21.84000,22.02000,21.70000,21.78000,587600
2025-05-23,21.50000,21.97000,21.39000,21.84000,505500
2025-05-27,22.00000,22.24000,21.69000,22.16000,507500
2025-05-28,22.12000,22.34000,22.08000,22.31000,551400
2025-05-29,22.36000,22.47000,22.21500,22.37000,598900
2025-05-30,22.38000,22.58000,22.26000,22.50000,811700
2025-06-02,22.45000,22.76000,22.30000,22.74000,515900
2025-06-03,22.75000,23.02000,22.10000,22.57000,524200
2025-06-04,22.54000,22.84000,22.49000,22.54000,639200
2025-06-05,22.58000,22.58000,22.22000,22.26000,412100
2025-06-06,22.42000,22.45000,22.11000,22.31000,590200
2025-06-09,22.20000,22.31000,21.16000,21.92000,844000
2025-06-10,21.98000,22.00000,21.61500,21.82000,494200
2025-06-11,21.90000,22.11000,21.73000,21.78000,730300
2025-06-12,21.72000,22.07000,21.62000,22.05000,551900
2025-06-13,21.80000,22.19000,21.64500,22.12000,678400
2025-06-16,22.25000,22.78000,22.25000,22.40000,778900
2025-06-17,22.38000,22.67000,21.99500,22.45000,895400
2025-06-18,22.33000,22.72000,22.29000,22.49000,1057000
2025-06-20,22.59000,22.73000,22.36000,22.48000,1744600
2025-06-23,22.44000,23.14000,22.30000,23.03000,901200
2025-06-24,23.15000,23.50000,22.80000,23.05000,535700
2025-06-25,22.97000,23.00500,22.52000,22.55000,466000
2025-06-26,22.66000,22.87500,22.47000,22.85000,580800
2025-06-27,22.75000,23.16000,22.55000,23.10000,2172300
2025-06-30,23.18000,23.47000,22.97000,23.38000,1294800
2025-07-01,23.27000,23.55100,23.09000,23.35000,838000
2025-07-02,23.29000,23.54000,22.93000,23.48000,874400
2025-07-03,23.44000,23.67000,23.09000,23.64000,525100
2025-07-07,23.60000,24.35000,23.60000,23.99000,1711100
2025-07-08,24.15500,24.42000,23.91000,24.22000,1983000
2025-07-09,24.26000,24.37600,23.71000,24.26000,1288300
2025-07-10,24.27000,24.35000,23.53500,23.85500,1468300
2025-07-11,23.83000,23.83500,23.38000,23.57000,685800
2025-07-14,23.58000,23.91000,23.46000,23.57000,1185700
2025-07-15,23.55000,23.87000,23.35000,23.62000,1173000
2025-07-16,23.60000,23.87000,23.37000,23.70000,1941000
2025-07-17,23.84000,24.15000,23.52000,23.99000,2073900
2025-07-18,24.14000,24.57000,24.04000,24.23000,2368700
2025-07-21,24.27000,24.47000,22.59000,22.99000,1799800
2025-07-22,23.01000,23.17000,22.70800,22.95000,1051500
2025-07-23,22.97000,23.08000,22.53000,23.04000,786000
2025-07-24,23.09000,23.37000,22.69000,23.01000,636600
2025-07-25,23.06000,23.37000,23.04000,23.27000,678300
2025-07-28,23.22000,23.32000,22.74000,23.03500,915000
2025-07-29,23.17000,23.19500,22.87500,22.97000,684600
2025-07-30,22.86000,23.23000,22.75000,22.83000,1143700
2025-07-31,22.56000,23.05000,21.53000,22.60000,1621900
2025-08-01,22.66000,23.20000,22.57000,22.91000,1162200
2025-08-04,23.05000,23.49000,23.05000,23.46000,888000
2025-08-05,23.55000,23.91000,23.37000,23.70000,1463000
2025-08-06,23.81000,24.50000,23.78000,24.47000,926900
2025-08-07,24.45000,24.79000,24.32500,24.74000,901100
2025-08-08,24.74000,25.24000,24.52000,25.03000,784300
2025-08-11,25.11000,25.67000,24.79000,25.62000,1068800
2025-08-12,25.64000,26.64500,25.46000,26.57000,932300
2025-08-13,26.61000,26.72000,25.72000,25.95000,1570300
2025-08-14,26.07000,26.08500,25.60000,25.80000,912800
2025-08-15,25.88000,25.96500,25.64000,25.91000,685800
2025-08-18,25.89000,26.29000,25.89000,26.10000,722800
2025-08-19,26.01000,26.29000,25.99000,26.21000,565000
2025-08-20,26.32000,26.32000,25.96000,26.06000,559200
2025-08-21,26.08000,26.47000,26.04000,26.35000,757200
2025-08-22,26.46000,26.93000,26.26500,26.92000,1032400
2025-08-25,26.80000,27.25000,26.70500,26.88000,624800
2025-08-26,26.79000,27.22500,26.77000,27.16000,907000
2025-08-27,27.07000,27.46000,26.97500,27.34000,746800
2025-08-28,27.41000,27.62500,27.15000,27.55000,693100
2025-08-29,27.51000,27.60000,27.17000,27.48000,920100
2025-09-02,27.30000,28.04000,26.87000,27.97000,1089700
2025-09-03,27.80000,28.16000,27.71000,27.95000,907500
2025-09-04,27.99000,28.13000,27.59000,27.72000,680200
2025-09-05,27.87000,27.95000,27.35000,27.85000,742500
2025-09-08,27.87000,28.05000,27.72000,27.98000,525800
2025-09-09,27.94000,27.94000,27.53000,27.55000,983300
2025-09-10,27.50000,27.78000,27.05000,27.76000,884500
2025-09-11,27.94000,29.07000,27.73000,29.04000,1059000
2025-09-12,28.69000,29.52000,28.69000,29.39000,926300
2025-09-15,29.60000,29.68000,29.11000,29.52000,615900
2025-09-16,29.47000,29.74000,29.03000,29.61000,984400
2025-09-17,29.78000,30.04000,29.57000,29.72000,807800
2025-09-18,29.60000,29.76500,29.28000,29.61000,1217400
2025-09-19,29.79000,30.47000,29.70500,29.89000,2133900
2025-09-22,30.14000,30.82000,29.95000,30.75000,1274900
2025-09-23,30.71000,31.06500,30.58000,30.75000,1107500
2025-09-24,30.72000,30.78000,30.34000,30.49000,1389100
2025-09-25,30.53000,30.64000,30.19000,30.62000,1390900
2025-09-26,30.76000,31.20000,30.60000,30.94000,1546200
2025-09-29,31.01000,31.64500,30.92000,31.57000,1722300
2025-09-30,31.38000,31.74000,31.27000,31.54000,1115100
2025-10-01,31.21000,31.57000,31.11500,31.26000,1581300
2025-10-02,31.31000,31.44000,30.62500,31.19000,1309500
2025-10-03,31.19000,31.22000,29.37000,29.49000,1605200
2025-10-06,29.54000,30.18500,29.22000,29.89500,1702100
2025-10-07,29.86000,30.00000,28.91000,29.43000,1079900
2025-10-08,29.53000,29.57000,29.09000,29.40000,900700
2025-10-09,29.40000,29.53500,28.86500,29.07000,915600
2025-10-10,28.98000,29.32000,28.82000,28.87000,730900
2025-10-13,28.93000,29.47000,28.89000,29.28000,878700
2025-10-14,29.31000,29.82500,28.93000,29.79000,776300
2025-10-15,29.80000,30.38000,29.57500,29.62000,863700
2025-10-16,29.67000,29.91000,29.21000,29.35000,827600
2025-10-17,29.28000,29.66000,29.05000,29.37000,820000
2025-10-20,29.41000,29.52000,28.84000,29.31000,601700
2025-10-21,29.20000,29.57000,28.99800,29.52000,681000
2025-10-22,29.69000,29.94000,29.24000,29.55000,966000
2025-10-23,29.74000,29.97500,29.38000,29.78000,1066700
2025-10-24,29.78000,30.48000,29.78000,29.84000,784500
2025-10-27,29.84000,30.33000,29.74000,29.91000,887600
2025-10-28,29.82000,29.98500,29.57000,29.84000,595300
2025-10-29,29.60000,29.74000,28.57000,28.88000,1632700
2025-10-30,29.99000,32.41500,29.90000,31.79000,1930700
2025-10-31,31.70000,31.73000,28.90000,29.03000,2159000
2025-11-03,29.56000,29.77000,29.15500,29.28000,1686900
2025-11-04,29.00000,30.18500,28.85600,29.66000,1226300
2025-11-05,29.85000,30.82000,29.79000,30.74000,1148000
2025-11-06,30.74000,30.99500,30.35500,30.45000,1128100
2025-11-07,30.30000,30.84000,30.19000,30.39000,990400
2025-11-10,30.59000,31.44000,30.29000,31.15000,1202400
2025-11-11,31.14000,31.88000,31.00000,31.14000,1816300
2025-11-12,31.05000,32.09000,29.48000,31.13000,2163100
2025-11-13,31.21000,31.35000,29.97000,30.44000,1671700
2025-11-14,26.41000,30.40500,24.97700,30.13000,1482600
2025-11-17,30.01000,30.38000,29.76500,29.90500,1183600
2025-11-18,29.95000,30.55000,29.80500,30.27000,773200
2025-11-19,30.66000,30.73000,30.06500,30.21000,1164400
2025-11-20,30.24000,30.87000,29.58000,29.69000,1103600
2025-11-21,29.71000,30.65000,29.49100,29.94000,1235700
2025-11-24,30.12000,30.45000,29.75500,30.03000,1310100
2025-11-25,30.45000,30.83000,30.15000,30.21000,1111300
2025-11-26,30.16000,30.85000,30.15500,30.78000,903300
2025-11-28,30.95000,31.12000,30.72000,30.90000,499000
2025-12-01,30.73000,31.46500,30.49500,31.14000,1384000
2025-12-02,31.26000,31.57000,30.96500,31.24000,912500
2025-12-03,31.32000,31.42500,30.91000,30.93000,1353100
2025-12-04,30.93000,31.52500,30.93000,31.08000,1171100
2025-12-05,31.07000,31.28500,30.91500,31.04000,899200
2025-12-08,31.00000,31.09000,29.86000,29.98000,1175400
2025-12-09,30.00000,30.36000,29.84000,30.30000,1040900
2025-12-10,31.00000,32.05200,30.86000,31.47000,1915100
2025-12-11,31.53000,33.03000,31.26000,32.68000,1363700
2025-12-12,32.80000,33.00000,32.13000,32.14000,1469000
2025-12-15,32.45000,32.88000,32.21000,32.70000,1087500
2025-12-16,32.69000,33.81000,32.33000,33.56000,1983700
2025-12-17,33.62000,33.73000,33.02200,33.14000,2586400
2025-12-18,33.40000,33.93500,33.25000,33.47000,1361400
2025-12-19,33.41000,34.08000,33.41000,33.83000,1862600
2025-12-22,33.81000,34.14500,33.79000,33.84000,1144300
2025-12-23,34.00000,34.29000,33.35500,33.44000,1049800
2025-12-24,33.35000,34.02000,33.21800,33.84000,322200
2025-12-26,33.84000,34.37000,33.65000,34.35000,542500
2025-12-29,34.08000,34.10000,33.77000,33.86000,610300
2025-12-30,33.95000,34.08000,33.83000,33.94000,521400
2025-12-31,33.87000,34.00000,33.60500,33.67000,725100
2026-01-02,33.54000,33.60000,32.91000,33.31000,907500
2026-01-05,33.21000,34.30000,33.14000,34.17000,1272300
2026-01-06,34.14000,35.36000,33.66500,35.24000,926900
2026-01-07,35.01000,35.19000,34.09000,34.55000,914200
2026-01-08,34.84000,35.66000,34.74000,35.49000,724600
2026-01-09,35.12000,35.71000,35.08000,35.47000,714300
2026-01-12,35.47000,35.87000,35.15000,35.57000,810500
2026-01-13,35.57000,35.57500,35.14000,35.30000,608000
2026-01-14,35.23000,35.27000,34.67000,34.87000,1242400
2026-01-15,34.97000,35.83000,34.95000,35.42000,772900
2026-01-16,35.40000,35.55000,34.53000,34.59000,760700
2026-01-20,34.59000,35.03000,34.44000,34.81000,535400
2026-01-21,35.14000,36.12500,34.99000,35.97000,1104700
2026-01-22,36.22000,36.34000,35.27500,35.43000,1054400
2026-01-23,35.16000,35.31800,34.63500,34.65000,731900
2026-01-26,34.62000,35.11500,34.14000,34.48000,810300
2026-01-27,34.10000,34.53000,33.91000,34.23000,691400
2026-01-28,34.37000,34.74000,33.93000,34.17000,1543100
2026-01-29,34.52000,34.85000,33.69000,34.32000,976400
2026-01-30,33.77000,34.46000,33.77000,34.30000,1423900
2026-02-02,34.22000,35.13000,34.12000,34.94000,919000
2026-02-03,34.96000,34.99000,33.99000,34.48000,1339300
2026-02-04,34.54000,34.65000,33.72000,33.86000,1194800
2026-02-05,34.12000,34.65500,33.89500,34.47000,1085200
2026-02-06,34.79000,35.17000,34.60000,35.01000,741600
2026-02-09,35.05000,35.41000,34.90000,35.41000,670900
2026-02-10,35.11000,35.49000,34.94000,35.23000,766100
2026-02-11,35.51000,35.68000,34.35000,34.39000,704200
2026-02-12,34.48000,34.83000,33.83100,33.92000,765700
2026-02-13,33.93000,35.03000,33.84000,34.77000,794000
2026-02-17,34.61000,35.20000,34.61000,34.75000,718600
2026-02-18,34.81000,36.04000,34.68000,35.10000,1468000
2026-02-19,36.20000,37.91000,33.84500,33.99000,1604600
2026-02-20,34.18000,34.41000,32.80000,32.83000,1450500
2026-02-23,32.86000,33.82000,32.81000,33.44000,1172600
2026-02-24,33.23000,33.71000,32.90500,33.49000,1136500
2026-02-25,33.53000,34.01000,32.88000,33.86000,948500
2026-02-26,34.12000,34.49000,33.87000,33.98000,923000
2026-02-27,33.80000,34.18000,32.17500,32.34000,3097800
2026-03-02,31.93000,32.77000,31.40700,32.39000,1747900
2026-03-03,32.20000,32.82000,31.58500,32.57000,1747900
2026-03-04,32.66000,32.94000,32.04000,32.30000,1402700
2026-03-05,32.02000,32.41000,31.86000,31.92000,1171600
2026-03-06,31.42000,31.84500,31.00000,31.67000,1560700
2026-03-09,32.57000,34.46800,31.92000,34.25000,4398100
2026-03-10,34.17000,35.16000,33.77000,34.12000,2173900
2026-03-11,34.06000,34.80200,33.28500,33.31000,1882800
2026-03-12,32.81000,34.00000,32.77000,33.70000,2726200
2026-03-13,33.84000,34.55000,33.78500,34.26000,1757200
2026-03-16,34.41000,34.72000,33.74000,33.90000,1702800
2026-03-17,33.91000,34.61000,33.89000,34.24000,1768900
2026-03-18,34.03000,34.50000,33.06000,33.22000,2085800
2026-03-19,33.52000,33.88000,33.19000,33.64000,1858400
2026-03-20,33.59500,33.67000,32.70500,33.29000,22256800
2026-03-23,33.47000,34.59000,33.33000,34.35000,2050400
2026-03-24,33.92000,35.07000,33.81000,34.77000,1154200
2026-03-25,35.09000,35.58000,34.92000,35.38000,1309000
2026-03-26,35.36000,36.14000,35.24000,35.41000,1548400
2026-03-27,35.18000,36.09000,34.68500,34.78000,1163500
2026-03-30,34.93000,34.94000,33.56500,33.91000,1265400
2026-03-31,34.25000,34.95000,33.72000,34.84000,1584500
2026-04-01,34.85000,35.70500,34.56000,35.22000,1158600
2026-04-02,34.64000,35.00500,33.32000,33.56000,1721700
2026-04-06,33.44000,34.22000,33.38000,34.20000,1129400
2026-04-07,34.14000,34.60000,33.86500,34.30000,1175500
2026-04-08,35.26000,35.74000,34.99500,35.39000,1634400
2026-04-09,35.33000,35.36000,33.36000,33.39000,1722700
2026-04-10,33.02200,33.40000,31.57500,32.91000,1538300
2026-04-13,32.89000,33.76000,32.80000,33.35000,1739600
2026-04-14,33.31000,33.63500,33.06000,33.19000,915900
2026-04-15,33.10000,33.30000,32.75000,33.04500,345594
