date,open,high,low,close,volume
2016-02-04,43.97000,45.15000,43.72000,44.52000,811500
2016-02-05,44.17000,44.63000,42.44000,42.49000,548200
2016-02-08,41.84000,42.08000,40.65000,41.63000,705200
2016-02-09,41.14000,42.20000,41.13000,41.60000,1337800
2016-02-10,42.05000,42.44000,41.39000,41.48000,687100
2016-02-11,40.90000,41.24000,40.15000,40.79000,868700
2016-02-12,41.53000,42.00000,41.00000,41.93000,861800
2016-02-16,42.19000,43.62000,42.02000,43.22000,929300
2016-02-17,43.49000,44.62000,42.94000,44.26000,1034700
2016-02-18,44.04000,45.55000,41.63000,42.22000,1129900
2016-02-19,42.08000,42.12000,40.93000,41.89000,1054100
2016-02-22,42.42000,43.15000,42.33000,42.82000,611100
2016-02-23,42.69000,43.09000,42.03000,42.52000,729200
2016-02-24,42.15000,42.58000,41.55000,42.54000,462800
2016-02-25,42.77000,43.29000,42.20000,43.29000,467200
2016-02-26,43.50000,43.95000,42.68000,42.90000,462900
2016-02-29,42.82000,43.66000,42.71000,43.22000,370600
2016-03-01,43.65000,44.38000,42.91000,44.38000,501100
2016-03-02,44.38000,45.49000,44.17000,45.36000,563200
2016-03-03,45.52000,45.80000,45.00000,45.76000,412900
2016-03-04,45.84000,46.97000,45.80000,46.50000,607000
2016-03-07,46.76000,47.44000,46.22000,46.85000,456800
2016-03-08,46.71000,46.82000,45.62000,45.76000,434400
2016-03-09,46.11000,46.11000,45.07000,45.54000,380000
2016-03-10,46.11000,46.84000,46.07000,46.52000,632300
2016-03-11,46.52000,47.89000,46.27000,47.59000,633800
2016-03-14,47.34000,47.55000,46.50000,46.93000,649700
2016-03-15,46.76000,46.93000,46.28000,46.73000,650700
2016-03-16,47.07000,47.87000,46.39000,47.69000,563600
2016-03-17,47.64000,48.54000,47.47000,48.37000,437100
2016-03-18,48.27000,49.06000,48.10000,48.95000,986200
2016-03-21,48.81000,49.33000,48.59000,49.25000,674000
2016-03-22,48.83000,49.23000,48.61000,49.01000,655000
2016-03-23,49.03000,49.29000,48.60000,48.96000,537400
2016-03-24,48.80000,49.18000,48.43000,48.93000,442400
2016-03-28,49.15000,49.50000,48.91000,49.29000,302900
2016-03-29,49.12000,50.64000,49.12000,50.63000,390500
2016-03-30,50.63000,50.63000,49.53000,49.94000,574700
2016-03-31,49.94000,50.79000,49.86000,50.32000,715300
2016-04-01,50.06000,51.57000,49.81000,51.39000,696800
2016-04-04,51.43000,51.78000,50.89000,51.75000,464400
2016-04-05,51.19000,51.71000,50.63000,51.12000,828300
2016-04-06,51.13000,51.50000,50.67000,51.32000,407900
2016-04-07,50.84000,51.26000,49.36000,50.77000,736700
2016-04-08,51.07000,51.45000,50.49000,50.96000,279200
2016-04-11,51.06000,51.32000,50.48000,50.70000,275000
2016-04-12,50.67000,51.07000,50.19000,50.69000,334700
2016-04-13,50.90000,52.15000,50.78000,52.05000,495900
2016-04-14,51.92000,52.14000,51.14000,51.14000,485900
2016-04-15,51.31000,52.04000,50.90000,51.92000,444000
2016-04-18,51.49000,52.36000,51.49000,52.32000,281700
2016-04-19,52.34000,52.47000,51.51000,51.63000,347400
2016-04-20,51.63000,52.25000,51.32000,51.63000,339200
2016-04-21,51.58000,52.00000,51.01000,51.08000,220200
2016-04-22,50.96000,51.87000,50.96000,51.62000,353800
2016-04-25,51.30000,52.12000,50.70000,51.32000,350500
2016-04-26,51.62000,51.89000,51.13000,51.84000,351400
2016-04-27,50.86000,51.31000,48.74000,50.64000,730600
2016-04-28,50.98000,51.08000,49.71000,49.86000,457400
2016-04-29,49.81000,49.89000,48.81000,49.61000,393400
2016-05-02,49.76000,49.76000,48.93000,49.69000,300000
2016-05-03,49.37000,49.50000,48.46000,49.21000,323900
2016-05-04,49.06000,49.24000,48.48000,48.73000,356300
2016-05-05,48.83000,48.97000,48.29000,48.88000,332400
2016-05-06,48.53000,49.23000,48.50000,49.21000,375500
2016-05-09,49.24000,49.30000,48.74000,49.09000,418600
2016-05-10,49.31000,49.83000,49.16000,49.78000,425400
2016-05-11,49.49000,49.86000,48.82000,48.84000,197700
2016-05-12,48.99000,49.80000,48.90000,49.43000,358300
2016-05-13,49.23000,49.58000,48.86000,48.93000,239800
2016-05-16,49.01000,49.84000,48.95000,49.60000,605000
2016-05-17,49.43000,49.43000,48.23000,48.51000,320500
2016-05-18,48.24000,49.57000,48.07000,48.79000,373500
2016-05-19,48.39000,48.92000,48.06000,48.53000,406400
2016-05-20,48.81000,49.46000,48.35000,49.44000,629100
2016-05-23,49.38000,49.39000,48.83000,48.89000,160800
2016-05-24,49.19000,49.88000,48.82000,49.83000,274900
2016-05-25,50.07000,50.07000,49.49000,49.49000,387100
2016-05-26,49.49000,50.02000,49.13000,49.76000,491700
2016-05-27,49.66000,49.98000,49.63000,49.96000,315300
2016-05-31,50.02000,50.39000,49.11000,49.40000,617900
2016-06-01,49.29000,49.83000,49.12000,49.75000,452400
2016-06-02,49.71000,50.10000,49.46000,50.08000,713900
2016-06-03,50.02000,50.05000,49.29000,49.40000,438700
2016-06-06,49.66000,49.85000,49.42000,49.61000,332000
2016-06-07,49.64000,49.93000,49.25000,49.30000,500300
2016-06-08,49.40000,49.76000,49.22000,49.66000,546200
2016-06-09,49.54000,49.78000,49.10000,49.37000,394900
2016-06-10,48.78000,49.10000,48.24000,48.46000,471000
2016-06-13,48.06000,48.60000,47.96000,48.00000,451600
2016-06-14,48.00000,48.17000,47.72000,48.03000,347300
2016-06-15,48.10000,48.10000,47.34000,47.35000,443400
2016-06-16,47.00000,47.46000,46.71000,47.24000,235200
2016-06-17,47.24000,47.24000,46.68000,46.85000,554400
2016-06-20,47.52000,47.93000,47.43000,47.69000,670300
2016-06-21,47.84000,48.25000,47.84000,47.90000,670600
2016-06-22,47.89000,48.04000,47.36000,47.40000,344500
2016-06-23,47.82000,48.11000,47.46000,47.68000,361500
2016-06-24,46.00000,46.73000,45.79000,45.82000,969900
2016-06-27,45.25000,46.00000,45.14000,45.71000,963700
2016-06-28,46.20000,46.42000,45.79000,46.13000,766200
2016-06-29,46.67000,46.95000,46.53000,46.80000,573500
2016-06-30,46.95000,47.90000,46.95000,47.87000,686300
2016-07-01,47.77000,48.89000,47.77000,48.69000,678600
2016-07-05,48.39000,48.59000,47.90000,48.46000,633300
2016-07-06,48.14000,49.01000,47.53000,48.99000,649200
2016-07-07,48.76000,49.11000,48.50000,49.08000,672600
2016-07-08,49.48000,50.62000,49.27000,50.59000,824000
2016-07-11,50.38000,50.38000,46.54000,47.42000,6447000
2016-07-12,47.07000,48.51000,47.07000,48.50000,5256300
2016-07-13,48.99000,49.72000,48.74000,49.55000,3919000
2016-07-14,50.05000,50.65000,49.70000,50.00000,2721400
2016-07-15,50.04000,50.08000,48.86000,49.79000,2045500
2016-07-18,49.78000,50.19000,48.86000,48.98000,1755800
2016-07-19,49.74000,49.98000,48.14000,48.59000,3208500
2016-07-20,49.00000,49.19000,48.59000,49.00000,2168600
2016-07-21,49.02000,49.23000,48.21000,48.91000,1821300
2016-07-22,49.07000,50.58000,48.78000,50.40000,3367700
2016-07-25,50.61000,50.68000,50.03000,50.66000,2336400
2016-07-26,50.69000,51.99000,50.68000,51.94000,2249300
2016-07-27,52.62000,52.64000,52.01000,52.33000,2275100
2016-07-28,51.81000,51.81000,49.78000,50.65000,3845200
2016-07-29,50.48000,50.91000,49.18000,50.01000,2560300
2016-08-01,50.28000,50.83000,49.88000,50.54000,2493300
2016-08-02,50.66000,50.82000,47.94000,48.35000,4323800
2016-08-03,48.96000,49.29000,47.87000,48.36000,5842900
2016-08-04,48.35000,48.44000,47.28000,47.41000,3214100
2016-08-05,47.85000,48.18000,47.09000,48.14000,4350900
2016-08-08,48.52000,48.55000,47.58000,47.78000,9095800
2016-08-09,47.74000,48.00000,47.03000,47.53000,11691700
2016-08-10,47.53000,48.19000,47.22000,47.58000,7114100
2016-08-11,47.59000,48.95000,47.58000,48.74000,13485600
2016-08-12,48.80000,49.97000,48.54000,49.91000,8827900
2016-08-15,50.72000,51.44000,50.20000,50.24000,7445800
2016-08-16,49.93000,52.27000,49.72000,51.69000,8002800
2016-08-17,38.20000,38.95000,37.79000,38.50000,10455800
2016-08-18,38.22000,39.70000,38.18000,39.45000,7973100
2016-08-19,39.25000,39.74000,38.75000,39.49000,20905200
2016-08-22,39.40000,40.49000,39.26000,40.35000,6575700
2016-08-23,40.25000,40.69000,39.88000,40.08000,8249700
2016-08-24,39.38000,40.13000,39.31000,40.02000,11213000
2016-08-25,40.13000,40.16000,39.54000,39.70000,5994900
2016-08-26,39.74000,39.97000,39.41000,39.55000,3612500
2016-08-29,39.60000,40.20000,39.53000,40.01000,4896700
2016-08-30,40.10000,40.16000,39.51000,39.96000,3211100
2016-08-31,39.83000,40.60000,39.73000,40.51000,3550100
2016-09-01,40.50000,41.00000,40.39000,40.75000,1839800
2016-09-02,40.42000,41.21000,40.42000,41.20000,2627200
2016-09-06,41.26000,41.58000,40.91000,41.55000,2940300
2016-09-07,41.70000,42.31000,41.70000,42.16000,3134400
2016-09-08,42.07000,42.44000,42.00000,42.09000,2842900
2016-09-09,41.85000,42.09000,41.48000,41.49000,1289100
2016-09-12,41.31000,42.42000,41.18000,42.32000,2639900
2016-09-13,42.02000,42.02000,41.26000,41.47000,2444800
2016-09-14,41.47000,41.58000,41.11000,41.33000,1620300
2016-09-15,41.57000,42.36000,41.42000,42.10000,2324200
2016-09-16,41.77000,41.84000,41.22000,41.53000,1863600
2016-09-19,41.88000,42.61000,41.71000,42.14000,1342300
2016-09-20,42.29000,42.40000,41.88000,42.07000,1416100
2016-09-21,42.05000,42.54000,41.92000,42.52000,1587600
2016-09-22,42.81000,43.33000,42.54000,43.26000,1309200
2016-09-23,42.93000,43.29000,42.85000,43.15000,1189900
2016-09-26,43.20000,43.72000,43.02000,43.26000,1828000
2016-09-27,43.54000,43.80000,43.18000,43.65000,1594100
2016-09-28,43.86000,44.00000,43.48000,43.91000,1824500
2016-09-29,43.77000,44.06000,43.39000,43.48000,1788100
2016-09-30,43.63000,43.72000,42.88000,43.28000,1879700
2016-10-03,42.99000,43.23000,42.65000,42.75000,1654000
2016-10-04,42.66000,42.94000,42.23000,42.37000,2325400
2016-10-05,42.46000,43.05000,42.03000,42.17000,2881400
2016-10-06,41.96000,42.83000,41.62000,42.80000,1565400
2016-10-07,42.87000,42.88000,41.88000,42.07000,1569200
2016-10-10,42.07000,42.37000,41.90000,41.96000,1064500
2016-10-11,41.84000,41.84000,41.11000,41.35000,1075800
2016-10-12,41.46000,42.10000,41.26000,42.00000,1148100
2016-10-13,41.69000,41.95000,41.42000,41.65000,1043000
2016-10-14,41.75000,42.04000,41.63000,41.88000,986800
2016-10-17,41.90000,42.00000,41.55000,41.56000,1197700
2016-10-18,41.87000,42.09000,41.69000,41.70000,1198700
2016-10-19,41.80000,41.95000,41.67000,41.75000,761500
2016-10-20,41.63000,41.98000,41.55000,41.89000,816900
2016-10-21,41.68000,42.05000,41.55000,41.93000,1071700
2016-10-24,42.39000,42.39000,41.84000,42.32000,684500
2016-10-25,42.17000,42.28000,41.64000,41.76000,619600
2016-10-26,41.56000,41.91000,41.51000,41.69000,916000
2016-10-27,41.94000,42.00000,40.96000,41.18000,1314400
2016-10-28,41.18000,41.86000,41.18000,41.40000,1498800
2016-10-31,41.39000,41.82000,41.27000,41.57000,1128400
2016-11-01,41.70000,41.85000,41.30000,41.40000,1583900
2016-11-02,41.21000,41.77000,41.16000,41.21000,1026600
2016-11-03,42.65000,45.39000,42.28000,44.39000,4214800
2016-11-04,44.36000,44.46000,43.57000,43.76000,2051100
2016-11-07,44.44000,44.48000,43.71000,44.18000,2071500
2016-11-08,44.06000,44.06000,43.46000,43.51000,1314000
2016-11-09,43.69000,45.47000,43.55000,45.02000,2266400
2016-11-10,45.14000,46.13000,44.91000,45.84000,3794600
2016-11-11,45.79000,46.54000,45.56000,46.45000,1838200
2016-11-14,46.60000,47.64000,46.58000,47.40000,2074800
2016-11-15,47.57000,48.04000,46.93000,47.92000,1719500
2016-11-16,47.89000,48.17000,47.65000,47.87000,1357000
2016-11-17,47.88000,48.14000,47.50000,47.55000,1337300
2016-11-18,47.63000,48.74000,47.30000,48.36000,2065300
2016-11-21,49.03000,49.50000,48.88000,49.45000,2184300
2016-11-22,49.48000,49.81000,49.29000,49.47000,1590000
2016-11-23,49.43000,49.74000,49.34000,49.70000,740700
2016-11-25,49.71000,50.08000,49.49000,49.98000,346600
2016-11-28,49.95000,50.55000,49.91000,50.25000,1473100
2016-11-29,50.39000,51.67000,50.19000,51.26000,1669300
2016-11-30,51.64000,52.02000,51.07000,51.20000,1859900
2016-12-01,51.46000,51.50000,51.10000,51.20000,1395700
2016-12-02,51.03000,51.71000,51.03000,51.57000,1034600
2016-12-05,51.69000,52.17000,51.69000,51.88000,1207600
2016-12-06,52.23000,52.92000,51.68000,52.38000,1561700
2016-12-07,52.47000,52.90000,51.99000,52.12000,3129300
2016-12-08,52.30000,52.65000,52.11000,52.27000,1835200
2016-12-09,52.30000,52.55000,51.95000,52.25000,1439900
2016-12-12,51.99000,52.07000,49.91000,50.30000,3313700
2016-12-13,50.06000,51.14000,50.06000,51.02000,1741700
2016-12-14,50.75000,51.38000,50.48000,51.00000,1452400
2016-12-15,50.93000,51.48000,50.78000,51.17000,1909700
2016-12-16,51.50000,51.53000,50.97000,51.17000,3188100
2016-12-19,51.03000,51.44000,51.03000,51.34000,983300
2016-12-20,51.36000,51.93000,50.93000,51.46000,868000
2016-12-21,51.51000,51.73000,51.07000,51.36000,741100
2016-12-22,51.28000,51.35000,50.81000,51.08000,623600
2016-12-23,51.20000,51.28000,50.72000,51.06000,362100
2016-12-27,51.18000,51.41000,51.02000,51.25000,351800
2016-12-28,51.26000,51.38000,50.75000,50.90000,530600
2016-12-29,51.18000,51.56000,51.00000,51.39000,693100
2016-12-30,51.37000,51.47000,50.67000,51.14000,762700
2017-01-03,51.28000,51.30000,50.42000,50.95000,1175000
2017-01-04,51.11000,51.62000,50.89000,51.35000,1164700
2017-01-05,51.07000,51.33000,50.64000,50.77000,984100
2017-01-06,50.88000,51.02000,50.33000,50.66000,1074500
2017-01-09,50.60000,50.69000,49.90000,49.98000,1060900
2017-01-10,49.94000,50.59000,49.92000,50.27000,852700
2017-01-11,50.34000,50.53000,49.91000,50.10000,737400
2017-01-12,50.08000,50.12000,49.39000,49.99000,663300
2017-01-13,50.19000,50.21000,49.81000,49.96000,1298700
2017-01-17,49.77000,49.80000,49.22000,49.42000,663100
2017-01-18,49.44000,49.97000,49.22000,49.82000,682600
2017-01-19,50.24000,50.49000,49.48000,49.69000,649700
2017-01-20,49.74000,49.94000,49.54000,49.66000,491900
2017-01-23,49.61000,49.77000,49.00000,49.28000,488200
2017-01-24,49.30000,49.66000,49.14000,49.47000,618300
2017-01-25,49.92000,50.00000,49.38000,49.65000,681000
2017-01-26,49.62000,49.89000,49.33000,49.54000,445000
2017-01-27,49.42000,49.56000,49.14000,49.55000,535700
2017-01-30,49.36000,49.49000,48.22000,48.62000,1174500
2017-01-31,48.53000,48.86000,48.09000,48.32000,934100
2017-02-01,48.32000,48.77000,47.81000,48.31000,1185600
2017-02-02,48.24000,49.31000,48.06000,49.09000,1236700
2017-02-03,49.38000,49.90000,49.31000,49.69000,682700
2017-02-06,49.59000,50.16000,49.55000,50.12000,697600
2017-02-07,50.10000,50.47000,49.99000,50.47000,788700
2017-02-08,50.37000,50.37000,48.87000,50.09000,1239100
2017-02-09,49.84000,51.00000,49.65000,50.82000,793200
2017-02-10,51.00000,51.25000,50.56000,50.84000,670800
2017-02-13,50.97000,51.32000,50.78000,50.99000,545700
2017-02-14,50.83000,51.16000,50.59000,51.06000,609500
2017-02-15,50.91000,51.80000,50.89000,51.62000,730900
2017-02-16,51.78000,52.06000,51.37000,52.01000,836900
2017-02-17,51.64000,52.01000,51.50000,51.95000,629300
2017-02-21,51.78000,52.68000,51.00000,52.66000,698300
2017-02-22,52.61000,53.18000,52.38000,53.13000,1093700
2017-02-23,53.19000,54.20000,52.08000,52.49000,1855000
2017-02-24,52.54000,54.13000,52.22000,54.08000,1299800
2017-02-27,54.00000,54.30000,53.65000,54.04000,875800
2017-02-28,53.77000,54.13000,53.27000,53.30000,1021200
2017-03-01,53.85000,54.75000,53.56000,54.69000,1323300
2017-03-02,54.16000,54.95000,53.50000,53.54000,1132700
2017-03-03,53.46000,53.95000,53.39000,53.69000,772800
2017-03-06,53.24000,53.54000,53.10000,53.17000,715700
2017-03-07,52.91000,53.31000,52.86000,53.02000,853000
2017-03-08,52.97000,53.08000,52.58000,52.71000,769300
2017-03-09,52.76000,53.19000,52.54000,52.93000,624000
2017-03-10,53.14000,53.23000,52.41000,52.81000,711300
2017-03-13,52.78000,53.99000,52.73000,53.95000,838500
2017-03-14,53.92000,53.99000,53.40000,53.68000,517600
2017-03-15,54.03000,54.97000,53.93000,54.87000,958400
2017-03-16,54.86000,54.86000,53.61000,53.74000,840500
2017-03-17,54.03000,54.30000,53.62000,53.95000,1213200
2017-03-20,53.96000,54.09000,53.66000,53.88000,542700
2017-03-21,53.84000,54.00000,52.52000,52.79000,674800
2017-03-22,52.80000,52.90000,52.45000,52.87000,710800
2017-03-23,52.72000,53.10000,52.54000,52.68000,530100
2017-03-24,52.76000,52.93000,52.41000,52.62000,662400
2017-03-27,52.10000,52.10000,51.06000,51.72000,684600
2017-03-28,51.54000,51.95000,51.13000,51.70000,795100
2017-03-29,51.82000,52.32000,51.61000,52.23000,984200
2017-03-30,52.09000,52.12000,51.16000,51.32000,822100
2017-03-31,51.21000,51.42000,50.98000,51.14000,763000
2017-04-03,50.94000,51.20000,50.33000,50.55000,772800
2017-04-04,50.47000,50.89000,50.26000,50.71000,687800
2017-04-05,50.88000,51.30000,49.94000,49.95000,822400
2017-04-06,50.02000,50.28000,49.84000,50.05000,630100
2017-04-07,50.07000,50.88000,49.91000,50.63000,931500
2017-04-10,50.70000,51.07000,50.42000,50.62000,602500
2017-04-11,50.47000,51.02000,50.38000,51.00000,705900
2017-04-12,50.96000,50.98000,50.43000,50.75000,763300
2017-04-13,50.57000,50.92000,50.50000,50.64000,686400
2017-04-17,50.69000,51.32000,50.54000,51.28000,693600
2017-04-18,51.30000,51.52000,51.11000,51.36000,556600
2017-04-19,51.43000,51.99000,51.43000,51.74000,621600
2017-04-20,52.00000,52.74000,51.88000,52.60000,575600
2017-04-21,52.59000,52.73000,52.05000,52.21000,641900
2017-04-24,52.82000,52.95000,52.45000,52.93000,676800
2017-04-25,53.32000,53.56000,53.06000,53.15000,799900
2017-04-26,53.18000,53.56000,52.93000,53.40000,1813800
2017-04-27,53.54000,54.17000,53.29000,53.35000,803200
2017-04-28,53.28000,53.28000,52.61000,52.66000,1206100
2017-05-01,52.78000,53.64000,52.58000,53.49000,886300
2017-05-02,53.60000,53.72000,53.37000,53.56000,538000
2017-05-03,53.30000,53.76000,52.89000,53.60000,1262200
2017-05-04,53.00000,54.41000,51.85000,54.39000,1711300
2017-05-05,54.75000,55.25000,53.88000,54.47000,1170200
2017-05-08,54.40000,54.45000,53.11000,53.31000,1577100
2017-05-09,53.38000,53.48000,52.35000,52.55000,1292500
2017-05-10,52.50000,52.63000,52.10000,52.43000,820100
2017-05-11,52.16000,52.95000,52.06000,52.70000,1099000
2017-05-12,52.52000,52.97000,52.30000,52.67000,782100
2017-05-15,52.80000,53.36000,52.75000,52.80000,2041900
2017-05-16,53.04000,54.18000,53.01000,53.71000,1879500
2017-05-17,53.71000,53.71000,52.07000,52.27000,1219700
2017-05-18,51.97000,52.37000,51.48000,51.53000,1058200
2017-05-19,51.79000,52.24000,51.50000,52.11000,986700
2017-05-22,52.48000,53.52000,52.37000,53.37000,1846900
2017-05-23,53.63000,54.78000,53.53000,54.67000,1486200
2017-05-24,54.67000,54.94000,54.42000,54.90000,834000
2017-05-25,55.00000,55.46000,55.00000,55.13000,679300
2017-05-26,55.13000,55.20000,54.37000,54.88000,793300
2017-05-30,54.70000,55.08000,54.32000,54.85000,1003400
2017-05-31,55.20000,55.69000,54.39000,55.56000,6187100
2017-06-01,55.61000,56.42000,55.22000,56.37000,1057500
2017-06-02,56.29000,56.67000,55.84000,55.95000,899200
2017-06-05,56.05000,56.17000,55.75000,55.88000,779200
2017-06-06,55.85000,56.05000,55.79000,55.93000,1397900
2017-06-07,55.98000,56.25000,55.58000,55.67000,993200
2017-06-08,55.67000,55.97000,55.55000,55.73000,1012000
2017-06-09,55.86000,55.99000,54.65000,55.37000,1028800
2017-06-12,55.22000,55.74000,55.06000,55.62000,1266200
2017-06-13,55.43000,55.73000,55.10000,55.69000,1676000
2017-06-14,55.79000,56.18000,54.86000,55.14000,905200
2017-06-15,54.73000,55.27000,54.68000,55.17000,481600
2017-06-16,54.74000,54.90000,53.29000,53.98000,1703600
2017-06-19,54.17000,54.26000,53.53000,53.93000,727100
2017-06-20,54.02000,54.38000,53.22000,53.38000,1980400
2017-06-21,53.66000,54.01000,53.32000,53.75000,736000
2017-06-22,53.73000,53.94000,53.21000,53.61000,477600
2017-06-23,53.46000,53.69000,53.17000,53.56000,2310000
2017-06-26,53.66000,54.26000,53.66000,53.71000,1045400
2017-06-27,53.70000,53.75000,52.11000,52.15000,1051000
2017-06-28,52.34000,52.36000,51.57000,52.28000,2149700
2017-06-29,52.35000,52.51000,51.21000,51.46000,1200100
2017-06-30,51.64000,51.88000,51.43000,51.69000,1258400
2017-07-03,52.11000,52.11000,51.77000,52.01000,540100
2017-07-05,52.01000,52.40000,51.55000,52.36000,1147800
2017-07-06,52.11000,52.45000,50.94000,51.19000,1390600
2017-07-07,51.30000,52.10000,51.21000,52.07000,514500
2017-07-10,52.11000,52.32000,51.93000,52.07000,762000
2017-07-11,52.12000,52.34000,51.81000,52.22000,1388500
2017-07-12,52.72000,53.41000,52.38000,53.09000,957700
2017-07-13,53.15000,53.38000,52.49000,52.61000,650100
2017-07-14,52.65000,53.33000,52.52000,53.24000,725900
2017-07-17,53.24000,53.34000,52.74000,53.08000,1560200
2017-07-18,53.00000,53.18000,52.46000,52.59000,611300
2017-07-19,52.65000,53.46000,52.65000,53.39000,620400
2017-07-20,53.40000,53.95000,53.32000,53.62000,672500
2017-07-21,53.32000,53.81000,53.17000,53.44000,565800
2017-07-24,53.46000,53.49000,53.05000,53.35000,729700
2017-07-25,53.53000,54.17000,53.47000,53.89000,1104200
2017-07-26,54.00000,54.27000,53.39000,53.48000,759200
2017-07-27,53.65000,53.72000,53.12000,53.40000,663500
2017-07-28,53.25000,53.96000,53.18000,53.60000,556400
2017-07-31,53.50000,53.59000,52.96000,53.44000,715100
2017-08-01,53.69000,53.91000,53.27000,53.32000,784200
2017-08-02,53.31000,53.31000,52.04000,52.27000,1397800
2017-08-03,53.47000,57.72000,52.90000,56.64000,3108500
2017-08-04,56.97000,56.97000,56.15000,56.19000,2902000
2017-08-07,56.00000,56.45000,55.58000,56.35000,1096700
2017-08-08,56.33000,57.28000,56.19000,56.66000,1157000
2017-08-09,56.52000,56.82000,56.10000,56.18000,1159200
2017-08-10,57.09000,57.17000,56.05000,56.47000,1235600
2017-08-11,56.28000,57.01000,56.20000,56.68000,965300
2017-08-14,57.00000,57.76000,56.72000,57.37000,2034700
2017-08-15,57.35000,57.67000,57.30000,57.30000,977100
2017-08-16,57.39000,57.53000,57.08000,57.21000,598900
2017-08-17,57.04000,57.20000,55.89000,55.94000,1054600
2017-08-18,55.83000,55.90000,55.34000,55.34000,878600
2017-08-21,55.32000,55.47000,55.05000,55.31000,653000
2017-08-22,55.45000,55.93000,55.25000,55.91000,612800
2017-08-23,55.85000,56.40000,55.52000,56.22000,900300
2017-08-24,56.33000,56.39000,55.53000,55.55000,488300
2017-08-25,55.87000,56.25000,55.75000,55.86000,820800
2017-08-28,56.06000,56.20000,55.65000,55.90000,436600
2017-08-29,55.58000,56.65000,55.58000,56.62000,684000
2017-08-30,56.46000,57.51000,56.30000,57.34000,578000
2017-08-31,57.64000,58.52000,57.47000,58.32000,1103800
2017-09-01,58.56000,58.94000,58.34000,58.74000,579700
2017-09-05,58.66000,58.89000,57.43000,57.80000,933700
2017-09-06,57.92000,58.19000,57.22000,57.96000,1735300
2017-09-07,57.97000,58.03000,57.56000,57.70000,431700
2017-09-08,57.54000,57.64000,57.00000,57.11000,702800
2017-09-11,57.65000,57.92000,57.29000,57.41000,917200
2017-09-12,57.53000,57.82000,57.29000,57.68000,510000
2017-09-13,57.52000,57.52000,57.12000,57.14000,477500
2017-09-14,57.00000,57.21000,56.31000,56.33000,1102000
2017-09-15,55.99000,56.55000,55.76000,56.40000,1472800
2017-09-18,56.51000,57.46000,56.43000,57.33000,947700
2017-09-19,57.40000,58.12000,57.35000,58.02000,661900
2017-09-20,58.03000,58.44000,57.91000,58.17000,1528300
2017-09-21,58.25000,58.46000,58.22000,58.27000,597800
2017-09-22,58.09000,59.23000,57.93000,58.83000,769000
2017-09-25,58.82000,58.96000,58.02000,58.58000,643700
2017-09-26,58.80000,59.09000,58.66000,58.73000,685200
2017-09-27,59.25000,59.65000,58.88000,59.43000,612600
2017-09-28,59.05000,59.49000,58.69000,58.91000,567000
2017-09-29,58.90000,59.40000,58.71000,59.22000,599100
2017-10-02,59.20000,60.45000,59.20000,60.41000,740500
2017-10-03,60.33000,60.72000,59.88000,59.92000,550700
2017-10-04,60.14000,60.65000,59.93000,60.25000,584800
2017-10-05,60.84000,61.95000,60.56000,61.53000,1117300
2017-10-06,61.56000,61.77000,61.13000,61.75000,499500
2017-10-09,61.81000,62.12000,61.55000,62.00000,346600
2017-10-10,62.60000,62.66000,61.93000,62.15000,509400
2017-10-11,62.30000,62.42000,61.86000,62.14000,727500
2017-10-12,62.14000,62.63000,61.88000,62.32000,599200
2017-10-13,62.68000,63.08000,62.62000,62.76000,1066600
2017-10-16,62.63000,62.96000,62.06000,62.08000,457700
2017-10-17,62.00000,62.60000,61.73000,61.82000,463600
2017-10-18,61.98000,62.14000,61.40000,61.40000,623900
2017-10-19,61.23000,61.55000,61.03000,61.52000,495600
2017-10-20,61.81000,62.34000,61.63000,62.18000,938900
2017-10-23,62.29000,62.50000,61.76000,61.78000,479700
2017-10-24,61.78000,62.12000,61.21000,61.24000,631300
2017-10-25,63.40000,63.68000,62.36000,62.74000,1594800
2017-10-26,62.98000,63.00000,62.46000,62.47000,534100
2017-10-27,62.48000,62.64000,61.72000,62.36000,540800
2017-10-30,62.07000,62.65000,61.87000,61.94000,416500
2017-10-31,61.93000,62.67000,61.93000,62.52000,1071700
2017-11-01,62.84000,62.97000,62.37000,62.83000,818600
2017-11-02,61.75000,64.12000,61.05000,62.82000,1620000
2017-11-03,63.20000,64.20000,62.62000,63.66000,897100
2017-11-06,63.77000,63.92000,62.80000,62.95000,890300
2017-11-07,63.15000,63.32000,62.28000,62.58000,856300
2017-11-08,62.68000,62.89000,61.78000,62.22000,1023500
2017-11-09,61.92000,62.78000,61.53000,61.65000,738200
2017-11-10,61.89000,61.98000,61.38000,61.87000,865900
2017-11-13,61.52000,61.76000,61.35000,61.63000,555700
2017-11-14,61.53000,61.66000,61.08000,61.38000,519300
2017-11-15,61.00000,61.80000,60.44000,61.79000,832800
2017-11-16,62.07000,62.46000,61.82000,61.84000,948900
2017-11-17,61.64000,62.08000,61.04000,61.09000,482300
2017-11-20,61.40000,61.65000,61.12000,61.64000,479000
2017-11-21,61.71000,62.01000,61.35000,61.45000,599300
2017-11-22,61.45000,61.67000,61.08000,61.10000,384400
2017-11-24,61.34000,61.45000,60.86000,61.31000,177600
2017-11-27,61.14000,62.17000,60.95000,61.56000,1139200
2017-11-28,61.67000,62.87000,61.61000,62.79000,630100
2017-11-29,62.64000,63.11000,62.30000,62.39000,611900
2017-11-30,62.49000,63.72000,62.41000,63.57000,791300
2017-12-01,63.33000,63.67000,61.76000,62.32000,811900
2017-12-04,62.83000,63.54000,62.39000,63.46000,990400
2017-12-05,63.46000,64.02000,63.05000,63.34000,1161900
2017-12-06,63.11000,63.73000,62.55000,62.61000,893500
2017-12-07,62.54000,63.31000,62.27000,63.18000,1140200
2017-12-08,63.59000,64.24000,63.03000,64.13000,747600
2017-12-11,63.99000,64.48000,63.91000,64.29000,658800
2017-12-12,64.20000,64.55000,63.78000,64.14000,384400
2017-12-13,64.11000,64.54000,63.78000,64.06000,1134100
2017-12-14,64.16000,64.55000,63.54000,63.87000,564700
2017-12-15,63.92000,64.85000,63.73000,64.60000,1309800
2017-12-18,65.00000,65.26000,64.42000,65.19000,778700
2017-12-19,65.02000,65.27000,64.40000,64.74000,1121000
2017-12-20,65.35000,65.37000,64.73000,65.03000,1509900
2017-12-21,65.43000,65.70000,65.04000,65.10000,550100
2017-12-22,65.04000,65.32000,64.75000,65.22000,467100
2017-12-26,65.21000,65.46000,64.69000,64.79000,518200
2017-12-27,64.73000,64.95000,64.51000,64.64000,709200
2017-12-28,64.73000,64.88000,64.22000,64.82000,476000
2017-12-29,64.94000,65.09000,64.54000,64.57000,506900
2018-01-02,64.69000,64.87000,63.87000,64.00000,578100
2018-01-03,64.00000,64.28000,63.57000,63.92000,839000
2018-01-04,64.15000,64.90000,64.10000,64.80000,692700
2018-01-05,64.93000,65.23000,64.53000,64.73000,535700
2018-01-08,65.02000,66.44000,64.65000,66.38000,751800
2018-01-09,66.58000,66.66000,66.17000,66.24000,537200
2018-01-10,66.05000,66.61000,65.92000,66.58000,1397800
2018-01-11,66.67000,67.46000,66.39000,67.44000,1004600
2018-01-12,67.45000,67.51000,66.90000,67.03000,669400
2018-01-16,67.66000,67.68000,66.32000,66.44000,862000
2018-01-17,66.85000,67.15000,66.35000,66.92000,443000
2018-01-18,66.92000,67.00000,66.24000,66.33000,1335400
2018-01-19,66.40000,67.16000,66.20000,67.14000,547300
2018-01-22,67.03000,67.43000,66.64000,67.13000,407300
2018-01-23,67.10000,67.21000,66.55000,66.94000,622900
2018-01-24,67.06000,67.22000,65.81000,65.84000,777000
2018-01-25,65.95000,66.18000,65.56000,65.92000,702700
2018-01-26,66.10000,66.54000,65.41000,66.29000,1314300
2018-01-29,66.32000,67.79000,66.25000,67.70000,881800
2018-01-30,67.18000,67.55000,66.66000,66.68000,685700
2018-01-31,66.99000,67.79000,66.47000,66.60000,746200
2018-02-01,66.41000,68.25000,66.30000,67.95000,718700
2018-02-02,67.39000,67.67000,66.22000,66.23000,419100
2018-02-05,65.62000,65.82000,62.96000,63.13000,1468700
2018-02-06,62.31000,62.86000,60.91000,61.97000,1707300
2018-02-07,61.96000,64.55000,61.70000,64.30000,1061800
2018-02-08,64.40000,64.82000,62.50000,62.56000,1450000
2018-02-09,63.08000,63.30000,60.90000,62.62000,844500
2018-02-12,63.18000,64.72000,63.17000,64.34000,777800
2018-02-13,64.08000,64.67000,63.57000,64.62000,386700
2018-02-14,64.38000,65.84000,64.36000,65.73000,585100
2018-02-15,66.15000,66.20000,65.44000,66.08000,796000
2018-02-16,66.00000,66.85000,65.76000,66.42000,718000
2018-02-20,66.14000,66.95000,65.87000,66.23000,1333000
2018-02-21,66.16000,66.21000,65.21000,65.21000,1736800
2018-02-22,65.87000,66.29000,63.13000,65.75000,1392800
2018-02-23,66.32000,66.89000,65.73000,65.83000,845000
2018-02-26,66.22000,67.02000,65.64000,66.40000,960400
2018-02-27,66.37000,66.56000,65.22000,65.22000,1260800
2018-02-28,65.51000,65.59000,63.31000,63.31000,1981700
2018-03-01,64.55000,65.28000,63.05000,63.76000,1156200
2018-03-02,63.22000,65.11000,62.98000,65.00000,670700
2018-03-05,64.79000,66.21000,64.63000,65.93000,1024900
2018-03-06,66.24000,66.71000,65.44000,66.20000,638000
2018-03-07,65.78000,66.72000,65.57000,66.64000,939600
2018-03-08,66.98000,68.11000,66.87000,67.91000,1563600
2018-03-09,68.34000,69.51000,68.31000,69.42000,1253700
2018-03-12,69.78000,69.96000,68.69000,69.34000,1101200
2018-03-13,69.78000,70.11000,69.06000,69.30000,2388000
2018-03-14,69.35000,69.44000,68.37000,68.53000,892900
2018-03-15,68.51000,68.82000,67.73000,68.02000,639300
2018-03-16,68.06000,68.27000,67.30000,67.71000,2622700
2018-03-19,67.59000,67.70000,66.31000,67.15000,770200
2018-03-20,67.28000,67.85000,67.08000,67.58000,628100
2018-03-21,67.60000,68.12000,67.30000,67.55000,730600
2018-03-22,66.90000,67.20000,65.95000,65.98000,595400
2018-03-23,65.73000,66.37000,64.96000,65.02000,824500
2018-03-26,65.87000,66.16000,64.46000,65.63000,913900
2018-03-27,66.02000,66.32000,64.12000,64.50000,792100
2018-03-28,64.51000,65.03000,63.92000,64.26000,1201300
2018-03-29,64.70000,65.83000,64.19000,65.40000,1008200
2018-04-02,65.19000,65.53000,64.20000,64.88000,788300
2018-04-03,65.15000,65.52000,64.72000,65.35000,1022700
2018-04-04,64.38000,65.92000,64.23000,65.77000,979100
2018-04-05,66.12000,66.85000,66.10000,66.48000,809500
2018-04-06,65.85000,66.14000,64.59000,64.86000,704200
2018-04-09,65.15000,65.65000,64.69000,64.78000,1635400
2018-04-10,65.59000,66.03000,65.14000,65.83000,608300
2018-04-11,65.51000,65.93000,64.90000,65.06000,555900
2018-04-12,65.49000,66.01000,65.21000,65.69000,366300
2018-04-13,65.79000,65.79000,64.92000,65.23000,1115700
2018-04-16,65.56000,66.06000,65.36000,65.92000,917800
2018-04-17,66.46000,66.95000,65.90000,66.83000,827400
2018-04-18,66.92000,67.46000,66.44000,67.19000,704600
2018-04-19,67.19000,67.19000,66.44000,66.78000,821400
2018-04-20,66.66000,66.98000,65.92000,66.13000,590300
2018-04-23,66.53000,66.86000,66.02000,66.24000,623700
2018-04-24,67.01000,67.27000,64.96000,65.61000,799700
2018-04-25,65.54000,65.58000,64.20000,65.52000,687400
2018-04-26,65.74000,65.93000,65.35000,65.61000,753000
2018-04-27,65.94000,66.04000,65.24000,65.78000,544800
2018-04-30,65.92000,66.03000,64.23000,64.23000,962500
2018-05-01,64.06000,64.36000,62.92000,63.48000,1755300
2018-05-02,63.15000,63.90000,61.90000,62.04000,1434300
2018-05-03,59.85000,60.47000,57.50000,60.27000,2643100
2018-05-04,59.81000,60.45000,58.54000,60.13000,1362500
2018-05-07,59.69000,61.10000,59.69000,60.83000,1392400
2018-05-08,60.41000,62.03000,60.41000,61.53000,2752100
2018-05-09,61.80000,62.71000,61.43000,62.53000,1732100
2018-05-10,62.56000,63.23000,62.56000,63.08000,1011300
2018-05-11,63.13000,63.78000,63.05000,63.27000,979500
2018-05-14,63.53000,63.87000,62.27000,62.30000,857500
2018-05-15,62.03000,62.22000,61.26000,61.53000,686800
2018-05-16,61.80000,62.07000,61.30000,61.48000,523600
2018-05-17,61.36000,61.59000,60.58000,60.76000,698200
2018-05-18,60.88000,61.40000,60.85000,61.31000,805600
2018-05-21,61.71000,61.86000,61.01000,61.40000,615000
2018-05-22,61.32000,61.34000,59.77000,59.81000,864100
2018-05-23,59.72000,60.65000,59.65000,60.60000,695200
2018-05-24,60.71000,60.81000,60.28000,60.34000,519100
2018-05-25,60.32000,60.39000,60.05000,60.26000,652300
2018-05-29,59.96000,60.39000,59.35000,59.79000,498700
2018-05-30,60.03000,60.87000,60.03000,60.59000,697800
2018-05-31,60.63000,60.73000,60.01000,60.06000,823300
2018-06-01,60.41000,60.93000,60.35000,60.84000,579100
2018-06-04,61.12000,61.59000,60.91000,61.59000,873900
2018-06-05,61.53000,62.10000,61.48000,61.91000,1482700
2018-06-06,61.92000,62.27000,61.39000,61.94000,647300
2018-06-07,62.01000,62.08000,60.83000,61.04000,429500
2018-06-08,61.02000,61.33000,60.80000,61.29000,834700
2018-06-11,61.40000,61.77000,61.19000,61.59000,828700
2018-06-12,61.80000,62.23000,61.27000,61.88000,1323100
2018-06-13,61.90000,62.14000,61.67000,61.76000,795100
2018-06-14,61.38000,61.66000,60.73000,60.75000,1127300
2018-06-15,60.61000,60.61000,59.71000,60.18000,1730400
2018-06-18,58.69000,59.89000,57.62000,59.50000,1974400
2018-06-19,59.10000,59.63000,58.93000,59.50000,1333900
2018-06-20,59.49000,59.66000,58.19000,58.35000,1158000
2018-06-21,58.22000,58.43000,57.62000,57.92000,1625300
2018-06-22,57.99000,58.72000,57.81000,58.50000,1138900
2018-06-25,58.53000,59.16000,58.07000,58.85000,1269500
2018-06-26,59.00000,59.79000,58.96000,59.65000,1600100
2018-06-27,59.84000,60.09000,58.54000,58.55000,984300
2018-06-28,58.42000,58.82000,58.19000,58.65000,1321500
2018-06-29,58.65000,59.59000,58.65000,59.00000,1307900
2018-07-02,58.59000,59.48000,58.59000,59.38000,1090200
2018-07-03,59.60000,59.83000,59.16000,59.22000,453900
2018-07-05,59.46000,59.65000,58.87000,59.62000,698200
2018-07-06,59.66000,60.49000,59.59000,60.18000,1143800
2018-07-09,60.42000,61.40000,60.14000,61.34000,686700
2018-07-10,61.34000,61.76000,61.09000,61.27000,814400
2018-07-11,60.81000,61.69000,60.77000,61.44000,671100
2018-07-12,61.51000,62.54000,61.50000,62.46000,695100
2018-07-13,62.22000,62.57000,62.16000,62.43000,428100
2018-07-16,62.57000,62.90000,62.30000,62.49000,348500
2018-07-17,62.04000,63.81000,62.00000,63.58000,1373500
2018-07-18,63.49000,63.79000,63.01000,63.51000,754600
2018-07-19,63.30000,64.40000,63.30000,64.05000,843300
2018-07-20,64.08000,64.60000,63.75000,64.34000,520500
2018-07-23,64.25000,64.78000,63.61000,64.53000,978400
2018-07-24,64.86000,64.99000,62.66000,63.22000,1217900
2018-07-25,63.16000,63.92000,62.92000,63.75000,1072500
2018-07-26,63.50000,69.29000,63.08000,68.21000,2926100
2018-07-27,68.61000,68.66000,67.73000,68.47000,1165800
2018-07-30,68.77000,69.00000,66.96000,67.57000,1157600
2018-07-31,67.83000,68.60000,67.35000,68.42000,1047500
2018-08-01,68.54000,68.67000,68.01000,68.62000,966900
2018-08-02,67.94000,69.35000,67.72000,69.20000,800300
2018-08-03,68.85000,69.69000,68.60000,69.59000,672500
2018-08-06,69.61000,70.17000,69.20000,69.68000,750100
2018-08-07,70.00000,70.00000,69.45000,69.78000,676600
2018-08-08,69.95000,71.09000,69.47000,70.93000,784900
2018-08-09,70.89000,71.18000,70.54000,70.64000,955100
2018-08-10,70.34000,70.78000,70.01000,70.55000,433400
2018-08-13,70.73000,71.13000,70.17000,70.28000,790300
2018-08-14,70.50000,71.50000,70.48000,71.06000,546800
2018-08-15,70.88000,71.05000,70.32000,70.62000,561800
2018-08-16,71.09000,71.35000,70.71000,70.80000,651700
2018-08-17,70.91000,71.82000,70.64000,71.72000,892100
2018-08-20,71.79000,72.17000,71.39000,71.52000,766400
2018-08-21,71.76000,72.30000,71.52000,71.99000,770000
2018-08-22,71.65000,72.04000,71.27000,71.35000,887300
2018-08-23,71.33000,71.33000,69.26000,69.53000,2128500
2018-08-24,69.56000,70.42000,69.11000,70.20000,1037800
2018-08-27,70.44000,71.00000,70.31000,70.89000,558900
2018-08-28,71.10000,71.10000,70.29000,70.40000,525600
2018-08-29,70.44000,71.47000,70.20000,71.13000,564600
2018-08-30,70.92000,71.28000,70.72000,71.01000,641600
2018-08-31,70.90000,71.31000,70.40000,70.77000,967000
2018-09-04,70.80000,71.35000,70.29000,71.23000,925100
2018-09-05,71.14000,71.20000,70.64000,70.73000,877700
2018-09-06,70.64000,71.16000,70.26000,70.95000,478900
2018-09-07,70.82000,70.82000,69.57000,69.83000,963000
2018-09-10,70.28000,70.54000,69.48000,70.00000,825500
2018-09-11,69.77000,70.68000,69.64000,70.21000,818100
2018-09-12,70.15000,70.58000,69.91000,70.21000,763800
2018-09-13,70.36000,70.99000,70.25000,70.88000,849500
2018-09-14,70.69000,71.34000,70.57000,71.17000,1216900
2018-09-17,71.24000,71.45000,70.40000,70.58000,1219000
2018-09-18,70.52000,70.90000,70.02000,70.24000,686900
2018-09-19,70.31000,70.39000,68.04000,68.44000,834300
2018-09-20,68.65000,68.96000,67.74000,68.75000,1558700
2018-09-21,68.94000,69.85000,68.78000,69.76000,3340100
2018-09-24,69.49000,69.77000,67.83000,68.00000,1264100
2018-09-25,68.42000,68.86000,67.93000,68.84000,1194100
2018-09-26,68.92000,69.47000,67.85000,67.94000,793100
2018-09-27,67.83000,68.66000,67.76000,68.43000,856600
2018-09-28,68.34000,69.30000,68.19000,69.16000,1153600
2018-10-01,69.54000,69.54000,67.71000,67.86000,772400
2018-10-02,67.86000,68.63000,67.59000,68.53000,563400
2018-10-03,68.57000,68.85000,67.65000,67.72000,359700
2018-10-04,67.53000,67.78000,67.09000,67.70000,476900
2018-10-05,67.77000,68.56000,67.25000,67.51000,477700
2018-10-08,67.39000,67.50000,66.65000,67.19000,347400
2018-10-09,66.88000,67.59000,66.73000,67.20000,514400
2018-10-10,66.87000,67.33000,66.00000,66.03000,1314100
2018-10-11,65.73000,66.08000,64.64000,64.75000,994400
2018-10-12,65.90000,65.90000,63.96000,65.08000,866100
2018-10-15,64.45000,66.29000,64.45000,65.89000,688600
2018-10-16,66.38000,67.69000,65.78000,67.63000,557400
2018-10-17,67.57000,67.90000,67.05000,67.70000,1129000
2018-10-18,67.60000,67.95000,66.50000,66.71000,1056900
2018-10-19,66.95000,68.10000,66.95000,67.57000,765000
2018-10-22,67.62000,68.02000,66.85000,67.14000,1223600
2018-10-23,66.20000,66.97000,65.04000,66.46000,1050700
2018-10-24,66.30000,66.34000,62.61000,62.61000,1592000
2018-10-25,62.47000,63.69000,59.61000,61.22000,1876000
2018-10-26,60.22000,61.60000,59.42000,61.23000,1420900
2018-10-29,61.98000,63.85000,61.25000,61.83000,1903600
2018-10-30,61.86000,63.18000,61.71000,63.12000,899700
2018-10-31,63.73000,65.34000,63.66000,64.78000,1102600
2018-11-01,65.00000,65.23000,63.21000,63.36000,1442300
2018-11-02,63.71000,63.99000,62.11000,62.40000,1157700
2018-11-05,62.51000,63.05000,61.94000,62.57000,985900
2018-11-06,62.75000,64.22000,62.22000,63.51000,999900
2018-11-07,64.23000,65.73000,63.82000,65.65000,900400
2018-11-08,65.48000,66.07000,65.18000,65.83000,1000300
2018-11-09,65.61000,66.17000,65.17000,65.23000,739300
2018-11-12,65.10000,65.78000,64.15000,64.38000,1058900
2018-11-13,64.66000,64.92000,64.15000,64.46000,817600
2018-11-14,64.89000,65.22000,63.21000,63.29000,879700
2018-11-15,63.00000,64.59000,63.00000,64.35000,982800
2018-11-16,64.01000,65.03000,63.92000,64.69000,957800
2018-11-19,64.43000,64.50000,63.48000,63.91000,1027200
2018-11-20,62.95000,63.66000,62.41000,62.44000,1018900
2018-11-21,62.61000,63.76000,62.42000,63.04000,667200
2018-11-23,62.52000,63.64000,62.44000,62.90000,182800
2018-11-26,63.39000,63.97000,62.87000,63.80000,1403200
2018-11-27,63.61000,63.75000,62.75000,62.75000,938500
2018-11-28,63.12000,63.45000,62.39000,63.22000,1211900
2018-11-29,62.97000,63.30000,62.02000,62.08000,1210900
2018-11-30,62.09000,63.03000,62.02000,63.00000,1831400
2018-12-03,63.83000,63.97000,62.13000,62.58000,1138700
2018-12-04,62.45000,62.47000,58.79000,58.95000,1450700
2018-12-06,58.27000,60.29000,57.68000,60.26000,1267700
2018-12-07,59.95000,60.34000,58.56000,58.87000,638100
2018-12-10,59.33000,60.06000,58.55000,59.48000,694200
2018-12-11,60.24000,60.45000,58.13000,58.58000,716900
2018-12-12,59.46000,60.27000,59.20000,59.48000,935000
2018-12-13,59.66000,59.71000,58.29000,58.44000,710700
2018-12-14,57.76000,57.98000,56.73000,57.05000,1033200
2018-12-17,56.75000,57.25000,55.26000,55.51000,1203300
2018-12-18,55.93000,56.15000,55.25000,55.45000,1389900
2018-12-19,55.44000,55.99000,54.13000,54.49000,860700
2018-12-20,54.28000,54.93000,53.12000,53.63000,1182500
2018-12-21,53.57000,53.98000,50.85000,51.41000,3625600
2018-12-24,50.87000,51.41000,50.38000,50.54000,656700
2018-12-26,50.90000,52.44000,50.33000,52.39000,762800
2018-12-27,51.69000,52.57000,50.97000,52.56000,1510100
2018-12-28,52.65000,53.07000,51.85000,52.40000,868200
2018-12-31,52.70000,52.97000,51.78000,52.72000,776900
2019-01-02,51.97000,52.70000,51.29000,52.05000,583900
2019-01-03,51.50000,51.78000,50.66000,51.33000,1005800
2019-01-04,52.17000,53.88000,52.17000,53.38000,1456100
2019-01-07,53.52000,53.79000,52.95000,53.50000,1376800
2019-01-08,54.04000,54.37000,53.30000,53.91000,577600
2019-01-09,54.24000,54.95000,53.40000,54.57000,935800
2019-01-10,54.40000,54.92000,54.08000,54.91000,406400
2019-01-11,54.58000,55.54000,54.30000,55.42000,510000
2019-01-14,54.99000,55.75000,54.78000,55.33000,820200
2019-01-15,55.33000,55.66000,55.07000,55.39000,453000
2019-01-16,55.60000,56.20000,55.10000,55.28000,613500
2019-01-17,55.27000,56.60000,54.99000,56.08000,739600
2019-01-18,56.69000,57.28000,56.31000,56.88000,1011200
2019-01-22,56.51000,56.80000,55.72000,56.12000,546100
2019-01-23,56.41000,56.65000,55.61000,56.15000,547900
2019-01-24,56.25000,56.78000,56.08000,56.37000,405500
2019-01-25,56.63000,57.43000,56.52000,57.05000,497200
2019-01-28,56.65000,57.42000,56.62000,57.09000,406300
2019-01-29,57.17000,57.77000,57.15000,57.51000,599800
2019-01-30,57.85000,58.69000,57.33000,58.19000,604900
2019-01-31,58.03000,58.53000,57.75000,58.00000,1161800
2019-02-01,58.20000,59.28000,57.87000,59.14000,972200
2019-02-04,59.16000,60.73000,59.16000,60.72000,1165100
2019-02-05,60.76000,61.39000,60.65000,61.28000,872800
2019-02-06,61.15000,61.76000,60.89000,61.46000,1316000
2019-02-07,61.21000,62.84000,60.87000,62.72000,1020400
2019-02-08,62.18000,63.03000,61.78000,62.08000,1077500
2019-02-11,62.27000,62.45000,61.78000,61.94000,1179700
2019-02-12,62.30000,62.30000,61.75000,62.02000,1073300
2019-02-13,62.28000,62.61000,62.01000,62.22000,1230500
2019-02-14,62.22000,62.63000,61.70000,62.33000,844800
2019-02-15,62.75000,63.64000,62.60000,63.37000,1653600
2019-02-19,61.90000,62.81000,59.73000,62.31000,2484200
2019-02-20,62.10000,62.28000,60.70000,61.68000,1579200
2019-02-21,61.82000,63.68000,61.68000,62.95000,1962500
2019-02-22,63.41000,64.60000,62.89000,64.49000,1255100
2019-02-25,64.90000,65.20000,64.55000,64.66000,1009800
2019-02-26,64.65000,64.86000,63.53000,63.55000,896800
2019-02-27,63.51000,64.18000,63.24000,63.92000,970400
2019-02-28,63.93000,64.71000,63.80000,64.59000,1076000
2019-03-01,64.93000,65.24000,64.23000,64.98000,1047900
2019-03-04,65.00000,65.27000,63.55000,64.10000,1192200
2019-03-05,63.98000,64.18000,63.42000,63.58000,857600
2019-03-06,63.46000,63.60000,62.91000,63.03000,1088500
2019-03-07,62.80000,62.88000,61.83000,62.43000,966800
2019-03-08,61.84000,62.50000,61.74000,62.44000,922900
2019-03-11,62.63000,63.35000,62.54000,63.18000,717400
2019-03-12,63.18000,63.45000,62.95000,63.03000,488100
2019-03-13,63.56000,63.57000,62.78000,63.35000,1149400
2019-03-14,63.15000,63.33000,62.70000,62.74000,653100
2019-03-15,62.75000,63.19000,62.63000,62.83000,1465500
2019-03-18,63.03000,63.58000,62.88000,63.49000,833800
2019-03-19,63.66000,63.80000,63.18000,63.30000,454900
2019-03-20,63.22000,63.77000,62.75000,63.26000,753500
2019-03-21,62.77000,64.09000,62.68000,63.75000,418600
2019-03-22,63.50000,63.71000,62.14000,62.99000,1012200
2019-03-25,62.73000,63.17000,62.34000,62.63000,714000
2019-03-26,62.72000,63.67000,62.65000,63.37000,848800
2019-03-27,63.45000,63.86000,62.88000,63.27000,1564800
2019-03-28,63.49000,63.88000,63.18000,63.73000,415200
2019-03-29,64.05000,64.47000,63.78000,64.09000,779800
2019-04-01,64.50000,64.96000,64.16000,64.89000,929100
2019-04-02,64.85000,64.96000,63.59000,63.64000,993800
2019-04-03,64.08000,64.33000,63.47000,63.68000,1055300
2019-04-04,63.81000,64.21000,63.63000,63.98000,789500
2019-04-05,64.24000,64.71000,63.98000,64.60000,740400
2019-04-08,64.38000,64.84000,63.87000,64.80000,477300
2019-04-09,64.51000,64.78000,63.76000,64.00000,551100
2019-04-10,64.00000,64.76000,63.63000,64.62000,675400
2019-04-11,64.84000,65.48000,64.67000,65.25000,658900
2019-04-12,65.39000,65.50000,64.83000,65.34000,791700
2019-04-15,65.34000,65.55000,64.74000,64.96000,641400
2019-04-16,65.10000,65.24000,64.69000,65.13000,413000
2019-04-17,65.21000,65.42000,64.76000,65.10000,883600
2019-04-18,65.32000,65.64000,64.87000,65.25000,1267500
2019-04-22,65.00000,65.63000,64.85000,65.40000,879600
2019-04-23,65.64000,67.20000,65.49000,66.51000,815500
2019-04-24,66.60000,66.96000,66.49000,66.53000,565400
2019-04-25,66.69000,66.94000,66.16000,66.39000,904500
2019-04-26,66.41000,66.78000,66.39000,66.55000,718000
2019-04-29,66.84000,67.25000,66.60000,66.87000,1537000
2019-04-30,67.65000,73.69000,67.60000,73.48000,3289300
2019-05-01,74.11000,74.36000,72.85000,72.85000,1378700
2019-05-02,72.67000,73.64000,72.29000,73.14000,1365500
2019-05-03,73.14000,74.63000,72.84000,74.45000,903900
2019-05-06,73.21000,74.31000,73.07000,74.11000,1532000
2019-05-07,73.61000,74.19000,73.15000,73.53000,1473400
2019-05-08,73.44000,74.55000,73.19000,74.17000,1113400
2019-05-09,73.67000,75.14000,73.42000,75.02000,984100
2019-05-10,74.62000,75.80000,74.25000,75.48000,638700
2019-05-13,74.21000,74.52000,73.32000,73.77000,773700
2019-05-14,73.90000,74.80000,73.05000,74.30000,925400
2019-05-15,74.35000,75.47000,74.06000,75.05000,992300
2019-05-16,75.53000,76.34000,75.07000,76.29000,942300
2019-05-17,75.71000,76.75000,75.60000,75.99000,739600
2019-05-20,75.44000,76.42000,75.12000,75.27000,1009700
2019-05-21,75.84000,76.79000,75.58000,76.73000,1271600
2019-05-22,76.21000,77.35000,76.01000,76.97000,1342200
2019-05-23,76.45000,76.59000,75.66000,76.13000,1290000
2019-05-24,76.74000,76.87000,76.20000,76.27000,893400
2019-05-28,76.08000,76.82000,74.79000,74.98000,1552500
2019-05-29,74.85000,75.30000,74.26000,74.80000,1798500
2019-05-30,74.93000,75.23000,74.25000,74.83000,1571100
2019-05-31,74.14000,75.50000,73.95000,75.33000,1403600
2019-06-03,75.33000,76.28000,75.00000,75.92000,1721700
2019-06-04,76.58000,78.09000,76.29000,78.00000,1873800
2019-06-05,78.47000,78.96000,77.82000,78.12000,1057100
2019-06-06,77.92000,78.80000,77.76000,78.70000,1114700
2019-06-07,79.00000,79.67000,78.72000,79.42000,772100
2019-06-10,79.80000,80.00000,78.98000,79.17000,1232800
2019-06-11,79.54000,79.74000,78.20000,78.33000,1234900
2019-06-12,78.40000,79.25000,78.04000,79.25000,861200
2019-06-13,79.35000,79.44000,77.86000,78.42000,887300
2019-06-14,78.24000,79.02000,77.78000,78.84000,1068600
2019-06-17,78.80000,79.29000,77.98000,78.25000,1304200
2019-06-18,78.55000,79.31000,78.20000,78.63000,1134500
2019-06-19,78.59000,78.87000,78.00000,78.63000,1316500
2019-06-20,79.29000,79.74000,78.82000,79.66000,980800
2019-06-21,79.13000,79.66000,78.47000,78.92000,1802100
2019-06-24,78.98000,79.57000,78.73000,78.96000,1159700
2019-06-25,79.24000,79.51000,78.91000,79.13000,1065300
2019-06-26,79.37000,79.53000,78.35000,78.51000,1192300
2019-06-27,78.81000,79.70000,78.73000,79.39000,810600
2019-06-28,79.55000,80.13000,79.27000,79.85000,1897300
2019-07-01,80.63000,80.86000,79.46000,80.17000,968800
2019-07-02,80.10000,80.40000,79.73000,80.14000,587100
2019-07-03,80.44000,81.48000,80.16000,81.40000,428200
2019-07-05,81.02000,82.02000,80.57000,82.02000,598000
2019-07-08,81.83000,81.83000,81.04000,81.41000,542000
2019-07-09,80.38000,81.65000,80.06000,81.52000,808900
2019-07-10,81.96000,82.50000,81.06000,81.50000,849300
2019-07-11,81.64000,82.00000,80.94000,81.94000,756700
2019-07-12,82.13000,82.46000,81.52000,82.43000,686700
2019-07-15,82.75000,82.75000,82.05000,82.34000,438200
2019-07-16,82.23000,82.66000,81.75000,82.04000,634600
2019-07-17,82.11000,82.32000,80.73000,80.77000,615400
2019-07-18,80.67000,81.26000,80.16000,80.96000,768000
2019-07-19,81.36000,81.57000,79.55000,79.59000,959700
2019-07-22,79.85000,80.20000,79.51000,79.58000,737100
2019-07-23,80.12000,80.86000,79.58000,80.83000,690600
2019-07-24,80.65000,81.82000,80.54000,81.60000,752100
2019-07-25,81.71000,81.71000,81.06000,81.15000,940100
2019-07-26,81.24000,82.49000,81.24000,82.43000,951700
2019-07-29,82.57000,84.32000,82.23000,83.32000,1157800
2019-07-30,80.66000,84.97000,80.00000,84.38000,1467500
2019-07-31,84.39000,84.76000,81.16000,82.10000,1715900
2019-08-01,82.48000,85.47000,82.40000,83.41000,1446000
2019-08-02,81.60000,82.27000,80.04000,81.86000,3358200
2019-08-05,80.62000,81.02000,78.34000,78.98000,2005800
2019-08-06,79.49000,80.26000,78.48000,80.04000,1938100
2019-08-07,79.50000,81.18000,78.56000,80.57000,2046600
2019-08-08,81.28000,84.05000,81.20000,83.90000,34119300
2019-08-09,83.06000,83.70000,82.03000,83.06000,1565500
2019-08-12,83.20000,84.40000,82.59000,83.05000,1438600
2019-08-13,82.84000,84.50000,82.74000,84.27000,1737000
2019-08-14,83.42000,84.05000,82.33000,82.82000,1726000
2019-08-15,83.00000,83.45000,82.41000,82.91000,1013500
2019-08-16,83.56000,84.14000,83.49000,83.82000,1361300
2019-08-19,85.00000,85.62000,82.41000,85.08000,1507800
2019-08-20,85.13000,85.56000,84.40000,84.47000,1339200
2019-08-21,85.47000,85.54000,84.88000,85.54000,815600
2019-08-22,85.86000,85.86000,84.61000,85.56000,1094400
2019-08-23,85.17000,85.85000,83.07000,83.41000,1340400
2019-08-26,83.84000,84.33000,83.22000,84.30000,1498400
2019-08-27,84.87000,85.16000,84.14000,85.03000,1310100
2019-08-28,84.57000,85.93000,84.14000,85.72000,1241400
2019-08-29,86.31000,87.53000,86.31000,87.20000,1000700
2019-08-30,87.83000,88.29000,86.89000,87.36000,1119900
2019-09-03,86.81000,87.23000,85.99000,86.35000,1553000
2019-09-04,87.12000,87.86000,87.02000,87.62000,687200
2019-09-05,88.58000,88.98000,88.03000,88.82000,775500
2019-09-06,88.99000,89.00000,87.46000,87.62000,962300
2019-09-09,87.78000,88.03000,84.16000,84.92000,1695800
2019-09-10,84.63000,84.63000,83.30000,83.99000,1719100
2019-09-11,83.90000,85.24000,83.33000,85.24000,1283300
2019-09-12,85.89000,87.05000,85.59000,86.35000,1120500
2019-09-13,86.27000,86.79000,85.63000,85.82000,1021100
2019-09-16,85.53000,86.64000,85.32000,86.30000,844000
2019-09-17,86.47000,87.01000,86.05000,86.70000,1001000
2019-09-18,86.57000,87.65000,86.40000,87.60000,723500
2019-09-19,87.80000,88.25000,87.19000,87.37000,937300
2019-09-20,87.74000,88.12000,86.24000,86.33000,3708700
2019-09-23,85.98000,86.29000,85.00000,85.69000,1122000
2019-09-24,86.31000,86.96000,85.33000,86.01000,1126300
2019-09-25,86.17000,87.20000,85.46000,87.04000,1047900
2019-09-26,87.11000,87.44000,86.23000,87.13000,758100
2019-09-27,87.52000,87.52000,84.33000,85.02000,874500
2019-09-30,85.02000,86.32000,84.98000,85.88000,848500
2019-10-01,86.12000,86.36000,84.50000,84.78000,680200
2019-10-02,84.00000,84.08000,82.11000,82.96000,971600
2019-10-03,83.02000,83.45000,82.12000,83.00000,690800
2019-10-04,83.45000,83.82000,82.75000,83.63000,2912900
2019-10-07,83.63000,84.48000,83.47000,83.80000,1039800
2019-10-08,83.14000,83.14000,81.83000,81.84000,1110700
2019-10-09,82.46000,82.85000,81.72000,82.70000,1007900
2019-10-10,82.77000,83.68000,82.75000,83.05000,1384600
2019-10-11,83.71000,84.28000,83.12000,83.16000,1066200
2019-10-14,83.47000,83.63000,82.27000,82.46000,710500
2019-10-15,82.60000,83.56000,82.21000,82.23000,1301400
2019-10-16,81.76000,82.29000,81.08000,81.34000,1298100
2019-10-17,81.64000,81.90000,80.90000,81.71000,1206100
2019-10-18,81.53000,81.80000,80.91000,81.62000,1254600
2019-10-21,81.75000,81.75000,80.60000,80.84000,1238600
2019-10-22,80.88000,81.11000,79.08000,79.29000,1008700
2019-10-23,79.10000,80.14000,78.99000,79.24000,803300
2019-10-24,79.42000,80.08000,78.80000,80.04000,716300
2019-10-25,79.78000,80.31000,79.35000,79.98000,769900
2019-10-28,80.42000,81.02000,80.22000,80.81000,1148600
2019-10-29,83.60000,86.75000,82.71000,86.39000,3096400
2019-10-30,86.91000,87.32000,86.31000,86.69000,1195800
2019-10-31,86.82000,87.95000,86.12000,86.23000,1186900
2019-11-01,86.24000,87.07000,85.22000,85.33000,936100
2019-11-04,85.49000,86.00000,84.97000,85.78000,1225800
2019-11-05,85.85000,86.23000,82.76000,83.18000,1368700
2019-11-06,83.11000,85.30000,82.68000,85.13000,1302600
2019-11-07,85.67000,86.31000,85.28000,86.00000,940500
2019-11-08,85.77000,87.20000,85.71000,87.20000,962100
2019-11-11,86.40000,88.00000,86.40000,87.67000,1131500
2019-11-12,87.49000,89.08000,87.49000,89.01000,954400
2019-11-13,88.93000,90.19000,88.60000,89.49000,779800
2019-11-14,89.62000,90.48000,89.28000,90.44000,492700
2019-11-15,90.86000,91.46000,90.42000,91.03000,814200
2019-11-18,90.56000,92.42000,90.56000,91.39000,846600
2019-11-19,91.75000,92.42000,91.61000,91.71000,994600
2019-11-20,91.36000,91.87000,90.76000,91.66000,667300
2019-11-21,91.56000,91.99000,90.02000,90.05000,716200
2019-11-22,90.08000,90.35000,87.92000,88.50000,1120500
2019-11-25,88.68000,90.11000,88.58000,90.03000,1005900
2019-11-26,90.02000,90.76000,90.00000,90.71000,897300
2019-11-27,90.98000,91.05000,90.25000,90.98000,529800
2019-11-29,90.93000,91.19000,90.38000,90.84000,278800
2019-12-02,90.64000,90.73000,88.81000,89.85000,763200
2019-12-03,88.72000,89.81000,88.39000,89.66000,1127400
2019-12-04,89.79000,90.76000,89.12000,89.74000,824900
2019-12-05,89.92000,90.17000,89.41000,89.95000,523100
2019-12-06,90.47000,90.85000,89.33000,90.68000,727500
2019-12-09,90.59000,91.07000,90.08000,90.10000,934100
2019-12-10,90.22000,90.49000,89.50000,89.64000,471200
2019-12-11,91.11000,92.13000,89.12000,92.08000,1395800
2019-12-12,91.90000,91.90000,90.42000,91.19000,1218000
2019-12-13,90.60000,92.04000,90.03000,91.84000,573800
2019-12-16,92.44000,92.50000,91.40000,91.64000,1403300
2019-12-17,91.62000,92.04000,90.99000,91.53000,586600
2019-12-18,93.46000,96.10000,93.36000,95.68000,1944700
2019-12-19,95.44000,96.55000,94.36000,96.28000,1337500
2019-12-20,97.24000,98.03000,96.27000,98.01000,2215000
2019-12-23,98.39000,98.66000,97.23000,97.82000,731500
2019-12-24,97.57000,98.34000,97.57000,98.03000,249500
2019-12-26,97.95000,98.76000,97.95000,98.53000,509700
2019-12-27,98.71000,98.72000,97.57000,98.23000,595900
2019-12-30,98.13000,98.22000,97.13000,98.07000,608600
2019-12-31,97.71000,98.71000,97.57000,97.89000,625600
2020-01-02,98.44000,98.64000,97.82000,98.62000,793600
2020-01-03,97.54000,99.87000,97.41000,99.48000,1031000
2020-01-06,99.00000,100.44000,98.68000,100.36000,799500
2020-01-07,99.91000,100.77000,99.70000,99.99000,483900
2020-01-08,99.99000,101.08000,99.81000,99.87000,1058400
2020-01-09,99.85000,101.46000,99.75000,101.08000,762700
2020-01-10,101.47000,101.63000,100.93000,101.02000,533800
2020-01-13,101.41000,101.82000,100.83000,101.15000,869600
2020-01-14,101.45000,101.57000,100.73000,100.79000,604500
2020-01-15,101.12000,102.42000,100.76000,102.14000,898800
2020-01-16,102.61000,102.68000,101.56000,102.29000,592700
2020-01-17,102.41000,103.47000,102.11000,103.39000,683100
2020-01-21,102.93000,103.69000,102.85000,103.27000,631300
2020-01-22,104.01000,104.36000,102.15000,102.47000,932600
2020-01-23,102.55000,102.83000,101.57000,102.63000,791000
2020-01-24,102.79000,102.95000,101.18000,101.62000,625300
2020-01-27,100.15000,101.37000,99.30000,100.77000,604100
2020-01-28,101.27000,102.81000,100.96000,102.31000,511700
2020-01-29,102.65000,102.87000,101.68000,101.83000,546900
2020-01-30,101.27000,102.70000,100.53000,102.58000,531400
2020-01-31,102.57000,102.74000,100.38000,100.47000,900800
2020-02-03,101.67000,103.29000,101.23000,102.46000,928400
2020-02-04,103.19000,106.25000,103.19000,105.31000,914800
2020-02-05,105.54000,106.75000,104.92000,106.63000,822100
2020-02-06,113.20000,113.20000,109.72000,109.96000,1168200
2020-02-07,109.47000,110.96000,109.11000,110.11000,985200
2020-02-10,110.02000,111.04000,109.85000,110.60000,805200
2020-02-11,111.03000,112.41000,110.96000,112.14000,715000
2020-02-12,112.12000,112.32000,110.09000,111.00000,1075200
2020-02-13,110.48000,113.16000,110.48000,113.10000,879100
2020-02-14,113.65000,113.75000,112.34000,112.81000,1150900
2020-02-18,116.90000,125.84000,116.89000,123.22000,2204800
2020-02-19,124.00000,124.35000,119.71000,120.33000,1593200
2020-02-20,120.48000,122.25000,118.21000,119.27000,1077600
2020-02-21,118.79000,118.95000,115.51000,117.22000,1136000
2020-02-24,114.11000,115.36000,112.60000,113.83000,1229400
2020-02-25,113.93000,114.47000,109.00000,109.15000,1291100
2020-02-26,110.00000,111.83000,109.31000,110.82000,1233100
2020-02-27,108.68000,108.97000,105.03000,105.11000,1761100
2020-02-28,103.04000,103.30000,100.14000,102.65000,1684800
2020-03-02,104.28000,110.07000,102.93000,110.06000,1437600
2020-03-03,112.63000,113.71000,108.98000,109.33000,1741500
2020-03-04,111.15000,112.80000,108.42000,112.33000,1027500
2020-03-05,109.67000,111.00000,106.70000,107.57000,885500
2020-03-06,103.74000,106.37000,101.70000,105.68000,1250800
2020-03-09,98.58000,102.57000,96.47000,97.53000,1810300
2020-03-10,100.41000,102.84000,94.91000,102.79000,1469800
2020-03-11,99.72000,100.32000,95.34000,97.97000,1424400
2020-03-12,90.87000,94.93000,85.41000,85.80000,1762900
2020-03-13,90.14000,90.78000,80.00000,90.31000,1866100
2020-03-16,78.80000,86.66000,76.31000,78.00000,2061700
2020-03-17,79.57000,84.30000,77.32000,81.38000,2556000
2020-03-18,75.21000,80.21000,68.50000,77.76000,1916200
2020-03-19,76.39000,78.80000,73.83000,75.91000,1344500
2020-03-20,77.18000,77.64000,71.13000,72.51000,1684800
2020-03-23,71.43000,74.79000,68.00000,70.83000,1493400
2020-03-24,75.36000,78.96000,73.86000,78.46000,1107800
2020-03-25,79.38000,88.80000,77.82000,86.12000,1511500
2020-03-26,87.36000,92.94000,87.02000,92.56000,1194200
2020-03-27,89.25000,95.86000,89.11000,93.44000,1369500
2020-03-30,93.52000,94.83000,90.63000,93.43000,1346100
2020-03-31,93.12000,96.45000,91.20000,91.65000,1801200
2020-04-01,88.10000,89.59000,86.02000,87.15000,1054300
2020-04-02,86.51000,89.10000,85.62000,88.63000,2436400
2020-04-03,88.00000,88.81000,86.08000,87.94000,1877900
2020-04-06,92.33000,95.87000,90.93000,94.89000,1148300
2020-04-07,99.19000,99.87000,92.57000,92.60000,1166700
2020-04-08,93.11000,96.20000,92.65000,95.44000,979300
2020-04-09,96.22000,98.23000,94.75000,95.46000,1083800
2020-04-13,94.67000,94.72000,90.97000,92.08000,1131400
2020-04-14,93.80000,95.77000,92.62000,95.57000,1597100
2020-04-15,93.01000,93.87000,90.96000,92.71000,1068500
2020-04-16,92.85000,93.25000,89.63000,92.85000,1423900
2020-04-17,94.85000,99.36000,94.26000,99.28000,1538200
2020-04-20,98.69000,101.09000,97.53000,98.60000,1000700
2020-04-21,96.18000,96.87000,93.80000,94.56000,765000
2020-04-22,96.54000,98.63000,95.30000,97.61000,915800
2020-04-23,98.15000,100.46000,97.55000,98.86000,1460900
2020-04-24,99.52000,102.34000,98.02000,101.95000,1585800
2020-04-27,102.79000,103.88000,100.57000,102.80000,831100
2020-04-28,103.82000,104.42000,102.06000,102.32000,874900
2020-04-29,104.14000,104.63000,102.83000,102.96000,1066800
2020-04-30,101.82000,101.82000,98.55000,98.81000,1063500
2020-05-01,97.03000,98.27000,96.00000,97.89000,772100
2020-05-04,97.89000,99.90000,96.61000,98.91000,1085800
2020-05-05,95.00000,99.69000,94.18000,98.44000,1525400
2020-05-06,98.44000,98.83000,96.45000,97.18000,1000600
2020-05-07,98.45000,101.14000,97.60000,100.38000,907500
2020-05-08,101.75000,103.10000,100.92000,102.70000,895000
2020-05-11,101.61000,103.25000,101.08000,102.07000,1215200
2020-05-12,102.35000,102.73000,99.91000,99.91000,1319500
2020-05-13,98.92000,99.46000,94.35000,95.51000,1173800
2020-05-14,93.85000,95.89000,91.67000,95.83000,939200
2020-05-15,95.17000,97.71000,94.47000,96.82000,589700
2020-05-18,98.90000,99.83000,98.43000,98.73000,699800
2020-05-19,98.74000,99.65000,97.66000,97.82000,871000
2020-05-20,98.37000,99.40000,97.90000,98.91000,964000
2020-05-21,98.52000,99.62000,97.74000,99.40000,541200
2020-05-22,99.89000,101.12000,98.35000,100.96000,600700
2020-05-26,102.93000,103.52000,102.08000,102.25000,1621900
2020-05-27,102.47000,103.14000,100.80000,102.76000,1039500
2020-05-28,103.59000,105.71000,102.05000,104.36000,919500
2020-05-29,104.46000,105.64000,103.56000,105.29000,1023600
2020-06-01,105.19000,106.94000,104.89000,105.98000,630500
2020-06-02,106.04000,106.22000,102.74000,104.53000,1016800
2020-06-03,104.81000,107.96000,104.78000,107.26000,750000
2020-06-04,106.46000,108.10000,105.19000,105.97000,1045300
2020-06-05,107.60000,108.48000,105.78000,106.05000,828600
2020-06-08,105.26000,106.54000,103.86000,106.54000,930600
2020-06-09,105.98000,106.23000,104.24000,105.69000,626700
2020-06-10,105.96000,106.13000,103.03000,104.77000,810100
2020-06-11,103.68000,103.79000,100.34000,100.37000,1083200
2020-06-12,102.56000,103.59000,97.69000,98.91000,1092600
2020-06-15,96.98000,99.12000,94.71000,98.62000,980300
2020-06-16,101.38000,102.03000,99.19000,100.29000,1022300
2020-06-17,101.01000,101.70000,99.79000,100.19000,1073500
2020-06-18,99.48000,100.23000,97.91000,99.33000,1007200
2020-06-19,101.42000,101.42000,96.53000,96.70000,1802200
2020-06-22,96.29000,97.92000,96.05000,96.89000,1056400
2020-06-23,98.20000,98.29000,96.14000,96.17000,1289200
2020-06-24,95.72000,95.97000,92.94000,93.25000,1372900
2020-06-25,92.60000,92.76000,90.56000,92.72000,997800
2020-06-26,92.28000,92.52000,89.56000,89.78000,2310400
2020-06-29,90.10000,92.26000,89.87000,92.20000,893000
2020-06-30,92.07000,93.92000,91.95000,93.67000,1065900
2020-07-01,93.73000,94.30000,92.46000,93.31000,1741700
2020-07-02,94.62000,95.28000,93.51000,93.64000,763900
2020-07-06,94.78000,94.78000,88.15000,88.45000,1661500
2020-07-07,87.88000,89.49000,87.61000,87.89000,1724200
2020-07-08,88.13000,88.28000,86.09000,88.06000,1371400
2020-07-09,88.00000,88.22000,85.66000,86.41000,1550400
2020-07-10,86.58000,88.10000,86.51000,87.91000,987300
2020-07-13,88.55000,88.96000,84.78000,85.04000,1158800
2020-07-14,84.66000,86.23000,84.05000,86.20000,1424700
2020-07-15,87.71000,88.57000,87.42000,87.82000,737500
2020-07-16,87.13000,87.37000,85.88000,86.58000,808600
2020-07-17,87.15000,88.59000,86.63000,88.17000,1112100
2020-07-20,87.70000,88.73000,87.51000,88.64000,767100
2020-07-21,88.71000,90.54000,88.63000,89.11000,992400
2020-07-22,89.08000,91.65000,88.99000,91.37000,624800
2020-07-23,91.33000,92.20000,90.39000,90.67000,648400
2020-07-24,90.36000,91.32000,90.11000,91.07000,754800
2020-07-27,90.66000,91.03000,89.65000,90.16000,861400
2020-07-28,90.00000,91.47000,89.85000,90.18000,922100
2020-07-29,90.86000,92.19000,90.59000,91.97000,965900
2020-07-30,91.01000,92.54000,90.81000,92.36000,633100
2020-07-31,92.37000,95.19000,91.52000,95.16000,1120500
2020-08-03,95.36000,98.59000,94.90000,98.30000,1197100
2020-08-04,98.41000,99.88000,91.34000,92.27000,2465300
2020-08-05,92.11000,92.74000,89.33000,89.73000,1235100
2020-08-06,89.95000,91.58000,89.56000,91.01000,1241600
2020-08-07,91.21000,93.82000,90.68000,93.21000,1511400
2020-08-10,92.87000,95.28000,92.87000,94.42000,1144200
2020-08-11,94.86000,96.70000,94.71000,95.95000,1437000
2020-08-12,96.21000,96.74000,93.14000,94.41000,1288900
2020-08-13,94.00000,95.52000,94.00000,94.39000,999300
2020-08-14,94.33000,95.34000,94.21000,94.72000,620500
2020-08-17,94.79000,95.20000,91.97000,92.24000,899000
2020-08-18,92.25000,92.78000,91.51000,91.81000,866700
2020-08-19,91.83000,93.23000,91.59000,92.60000,865700
2020-08-20,91.88000,92.04000,90.81000,91.02000,794000
2020-08-21,91.20000,91.37000,88.94000,89.17000,1046900
2020-08-24,89.59000,90.82000,89.10000,90.81000,836400
2020-08-25,90.96000,91.93000,90.40000,90.62000,596800
2020-08-26,90.45000,90.80000,89.05000,90.54000,804900
2020-08-27,90.85000,91.87000,90.43000,91.68000,643300
2020-08-28,92.22000,92.22000,90.73000,91.31000,568200
2020-08-31,90.83000,90.87000,88.96000,90.49000,1467300
2020-09-01,90.06000,90.37000,88.20000,89.70000,929900
2020-09-02,89.82000,91.88000,89.50000,91.64000,903900
2020-09-03,91.75000,91.75000,88.22000,89.01000,1155900
2020-09-04,89.26000,90.47000,86.96000,88.49000,1057300
2020-09-08,87.13000,87.90000,85.63000,86.55000,1176300
2020-09-09,87.43000,87.89000,86.30000,87.17000,805600
2020-09-10,87.59000,88.07000,85.60000,85.90000,973100
2020-09-11,86.76000,87.39000,86.33000,87.17000,621000
2020-09-14,87.66000,89.48000,87.61000,88.34000,714700
2020-09-15,88.72000,89.79000,88.45000,88.74000,1082600
2020-09-16,88.97000,90.09000,88.97000,89.10000,934400
2020-09-17,88.80000,90.44000,88.12000,90.23000,639200
2020-09-18,90.03000,90.60000,89.39000,90.06000,1719100
2020-09-21,88.29000,88.76000,87.21000,88.43000,1384700
2020-09-22,90.04000,91.86000,88.60000,91.60000,885000
2020-09-23,93.02000,94.42000,89.73000,90.00000,1054000
2020-09-24,89.12000,89.65000,87.56000,88.03000,1099600
2020-09-25,87.78000,92.14000,87.36000,91.98000,783600
2020-09-28,92.55000,93.13000,91.44000,91.57000,709400
2020-09-29,91.54000,91.76000,89.99000,90.57000,443400
2020-09-30,90.58000,90.89000,88.71000,89.15000,715000
2020-10-01,89.83000,90.51000,87.98000,90.42000,818900
2020-10-02,88.85000,90.94000,88.67000,90.39000,802200
2020-10-05,90.64000,90.92000,88.96000,89.82000,565600
2020-10-06,89.98000,91.71000,88.83000,89.01000,635500
2020-10-07,89.35000,89.85000,87.70000,88.48000,946400
2020-10-08,89.16000,90.58000,88.84000,89.19000,586200
2020-10-09,90.11000,91.28000,89.78000,90.87000,973500
2020-10-12,91.14000,91.14000,89.24000,89.71000,696800
2020-10-13,89.50000,90.08000,87.36000,88.19000,834100
2020-10-14,88.27000,90.16000,87.72000,88.49000,600500
2020-10-15,87.73000,89.00000,87.05000,87.78000,642400
2020-10-16,88.33000,89.10000,87.74000,87.83000,677900
2020-10-19,88.02000,88.31000,85.93000,86.36000,618600
2020-10-20,86.78000,86.92000,85.65000,86.13000,470300
2020-10-21,85.61000,86.52000,84.52000,84.56000,1042000
2020-10-22,84.88000,85.99000,84.69000,85.81000,746300
2020-10-23,86.46000,86.93000,85.34000,85.80000,642500
2020-10-26,85.13000,85.23000,82.73000,83.44000,708400
2020-10-27,83.58000,83.90000,82.25000,82.70000,583300
2020-10-28,81.18000,81.63000,79.15000,79.34000,727600
2020-10-29,79.40000,81.65000,79.21000,81.25000,999600
2020-10-30,81.28000,83.37000,81.28000,83.00000,1480200
2020-11-02,84.95000,87.43000,84.16000,85.73000,1352600
2020-11-03,86.13000,88.48000,85.98000,87.96000,1042700
2020-11-04,88.69000,93.70000,88.69000,92.32000,1806300
2020-11-05,92.95000,93.35000,91.23000,91.40000,1049800
2020-11-06,90.91000,90.91000,89.10000,90.47000,809400
2020-11-09,94.37000,97.50000,94.07000,94.63000,1048100
2020-11-10,94.43000,96.05000,93.92000,94.94000,647700
2020-11-11,95.58000,96.25000,94.01000,94.99000,588600
2020-11-12,94.37000,94.79000,93.42000,94.16000,625100
2020-11-13,95.07000,98.67000,94.88000,98.47000,790500
2020-11-16,99.20000,100.91000,98.86000,100.63000,1349800
2020-11-17,99.77000,100.76000,97.88000,100.28000,1464900
2020-11-18,100.16000,102.53000,99.28000,99.53000,1090000
2020-11-19,99.34000,100.59000,98.52000,100.34000,864100
2020-11-20,100.39000,101.76000,98.87000,100.37000,1032300
2020-11-23,100.28000,102.59000,99.91000,102.38000,740400
2020-11-24,102.68000,103.52000,101.97000,102.57000,705200
2020-11-25,102.80000,102.99000,101.12000,102.64000,527300
2020-11-27,102.34000,103.18000,102.05000,102.28000,282800
2020-11-30,101.68000,101.71000,100.22000,100.70000,1783200
2020-12-01,101.14000,102.65000,100.55000,101.64000,920200
2020-12-02,101.53000,103.13000,101.06000,103.10000,516700
2020-12-03,102.50000,103.50000,101.69000,102.89000,792600
2020-12-04,103.00000,104.88000,102.78000,104.81000,388900
2020-12-07,103.78000,104.70000,103.31000,103.50000,652800
2020-12-08,102.89000,104.22000,102.84000,103.95000,529400
2020-12-09,103.96000,104.50000,102.88000,104.11000,698100
2020-12-10,103.20000,105.43000,103.20000,104.82000,1009200
2020-12-11,104.03000,106.57000,103.46000,105.42000,847200
2020-12-14,105.49000,106.66000,104.13000,104.13000,859300
2020-12-15,104.73000,104.87000,103.07000,104.84000,1016000
2020-12-16,105.30000,106.64000,104.76000,105.09000,958600
2020-12-17,105.14000,105.71000,104.15000,104.83000,777400
2020-12-18,104.94000,106.67000,104.17000,105.67000,2124100
2020-12-21,104.23000,104.36000,101.59000,103.13000,787200
2020-12-22,102.65000,103.22000,101.34000,102.35000,807300
2020-12-23,103.05000,105.36000,103.05000,104.61000,638400
2020-12-24,105.09000,105.12000,103.40000,104.24000,198200
2020-12-28,104.91000,105.41000,103.86000,104.78000,404600
2020-12-29,105.42000,105.55000,103.47000,103.59000,371700
2020-12-30,103.67000,104.99000,103.67000,103.98000,285100
2020-12-31,103.85000,105.23000,103.27000,105.12000,344300
2021-01-04,105.05000,105.38000,101.70000,102.44000,666200
2021-01-05,102.50000,103.27000,101.11000,102.49000,698000
2021-01-06,102.02000,105.15000,101.68000,103.99000,1126600
2021-01-07,103.82000,104.62000,103.11000,104.18000,701900
2021-01-08,104.42000,105.84000,103.62000,104.66000,582700
2021-01-11,105.50000,106.28000,103.78000,103.99000,671500
2021-01-12,103.61000,105.53000,102.95000,105.38000,582400
2021-01-13,105.57000,106.55000,104.50000,105.59000,667800
2021-01-14,105.49000,108.22000,104.67000,106.27000,613000
2021-01-15,105.92000,107.63000,105.32000,107.16000,604900
2021-01-19,107.90000,111.60000,107.67000,109.09000,844400
2021-01-20,109.36000,110.53000,108.51000,109.64000,491500
2021-01-21,109.33000,110.50000,108.68000,109.31000,555500
2021-01-22,109.00000,112.57000,108.52000,112.05000,726700
2021-01-25,111.81000,113.75000,110.89000,112.70000,800100
2021-01-26,113.36000,113.63000,111.78000,111.78000,416400
2021-01-27,110.11000,112.28000,109.33000,111.37000,896000
2021-01-28,111.79000,112.74000,108.27000,108.56000,772500
2021-01-29,107.47000,108.45000,105.91000,106.06000,983100
2021-02-01,107.05000,107.12000,102.59000,105.06000,1037400
2021-02-02,105.82000,106.42000,103.96000,105.82000,745800
2021-02-03,105.19000,105.77000,103.30000,103.47000,855900
2021-02-04,105.50000,107.27000,104.24000,107.27000,851600
2021-02-05,106.95000,108.23000,106.40000,106.76000,721400
2021-02-08,107.36000,109.02000,106.91000,108.09000,621200
2021-02-09,108.36000,110.03000,107.77000,109.74000,541700
2021-02-10,110.02000,110.49000,108.46000,109.35000,456600
2021-02-11,108.89000,110.38000,108.89000,109.78000,541900
2021-02-12,109.23000,109.62000,107.47000,107.80000,731000
2021-02-16,108.63000,108.63000,103.59000,105.22000,1438800
2021-02-17,104.34000,105.90000,103.62000,105.48000,656600
2021-02-18,105.00000,105.89000,104.03000,105.03000,706100
2021-02-19,105.45000,105.45000,102.75000,103.76000,1061800
2021-02-22,103.55000,104.76000,101.88000,103.80000,1326500
2021-02-23,97.92000,98.83000,91.55000,93.51000,3113800
2021-02-24,92.33000,92.62000,89.73000,90.38000,1609900
2021-02-25,90.00000,90.25000,87.97000,89.13000,1707900
2021-02-26,89.05000,91.25000,88.43000,88.45000,4607400
2021-03-01,89.69000,93.18000,89.28000,92.44000,1589500
2021-03-02,91.89000,92.84000,90.04000,90.04000,1214000
2021-03-03,90.45000,91.71000,89.20000,90.27000,1318200
2021-03-04,90.27000,91.10000,88.17000,89.08000,1382300
2021-03-05,89.90000,91.26000,88.85000,90.72000,1449300
2021-03-08,90.81000,93.72000,90.12000,92.00000,734700
2021-03-09,92.64000,94.96000,92.61000,93.26000,924600
2021-03-10,93.90000,95.23000,93.11000,94.47000,577900
2021-03-11,94.67000,95.77000,94.07000,94.63000,811500
2021-03-12,94.23000,95.02000,93.88000,94.93000,662000
2021-03-15,94.92000,95.96000,94.52000,95.28000,776300
2021-03-16,94.90000,95.73000,93.54000,94.65000,962600
2021-03-17,95.22000,97.67000,94.24000,97.29000,786200
2021-03-18,97.00000,98.55000,96.35000,97.01000,915800
2021-03-19,97.51000,97.51000,94.95000,94.95000,1548300
2021-03-22,94.60000,95.62000,93.23000,95.47000,806300
2021-03-23,95.04000,96.04000,93.68000,94.24000,692100
2021-03-24,94.58000,95.94000,94.51000,94.88000,581600
2021-03-25,95.12000,96.40000,94.12000,96.26000,570400
2021-03-26,95.98000,96.30000,93.50000,96.20000,1146700
2021-03-29,96.19000,98.59000,96.00000,98.18000,827600
2021-03-30,97.91000,98.10000,95.14000,96.67000,686400
2021-03-31,96.57000,97.08000,95.54000,96.28000,811900
2021-04-01,96.78000,97.21000,95.80000,96.45000,605600
2021-04-05,99.18000,100.35000,98.31000,99.92000,728400
2021-04-06,99.14000,100.48000,98.62000,99.72000,889500
2021-04-07,99.87000,100.60000,98.40000,98.53000,488700
2021-04-08,98.97000,100.79000,98.73000,100.34000,646400
2021-04-09,100.51000,100.84000,100.00000,100.66000,661700
2021-04-12,100.66000,101.00000,100.21000,100.56000,978500
2021-04-13,100.20000,100.77000,99.43000,99.55000,926500
2021-04-14,99.65000,101.19000,99.65000,100.11000,933000
2021-04-15,100.50000,101.76000,100.00000,101.12000,1071600
2021-04-16,101.34000,103.25000,101.11000,101.21000,1392600
2021-04-19,101.48000,101.73000,100.41000,101.49000,796900
2021-04-20,101.68000,101.79000,99.81000,101.53000,934500
2021-04-21,101.74000,101.93000,101.28000,101.41000,456500
2021-04-22,101.35000,102.07000,100.67000,101.29000,778500
2021-04-23,101.72000,101.72000,100.20000,100.66000,990400
2021-04-26,100.86000,100.90000,99.79000,99.86000,1016400
2021-04-27,100.05000,100.91000,99.70000,100.27000,762500
2021-04-28,100.40000,100.68000,98.84000,99.16000,805200
2021-04-29,100.11000,101.75000,100.06000,100.82000,1416200
2021-04-30,100.70000,101.47000,100.00000,101.28000,949300
2021-05-03,101.81000,104.26000,101.43000,103.70000,833400
2021-05-04,102.84000,104.87000,101.05000,104.80000,1198600
2021-05-05,105.00000,105.00000,102.05000,103.71000,875900
2021-05-06,104.38000,104.78000,103.28000,103.90000,717500
2021-05-07,103.39000,104.78000,103.17000,104.03000,642200
2021-05-10,104.46000,105.98000,104.46000,104.48000,537700
2021-05-11,103.69000,105.40000,102.33000,104.68000,1129300
2021-05-12,104.13000,104.27000,101.01000,101.47000,941400
2021-05-13,101.99000,103.92000,101.91000,103.45000,399200
2021-05-14,103.63000,104.05000,102.97000,103.38000,491400
2021-05-17,102.82000,103.74000,102.58000,103.38000,385800
2021-05-18,103.18000,103.71000,102.77000,103.01000,432400
2021-05-19,102.77000,102.95000,101.23000,102.09000,802000
2021-05-20,102.35000,103.19000,102.10000,102.74000,371400
2021-05-21,103.42000,103.93000,102.32000,102.74000,470300
2021-05-24,103.02000,103.66000,102.88000,102.95000,345800
2021-05-25,103.17000,103.17000,101.96000,102.36000,339100
2021-05-26,102.70000,103.19000,102.05000,102.59000,577000
2021-05-27,103.45000,103.52000,102.77000,102.91000,661300
2021-05-28,103.35000,103.51000,102.26000,102.75000,745100
2021-06-01,103.59000,103.76000,102.78000,103.20000,382100
2021-06-02,103.54000,104.14000,103.16000,103.70000,533100
2021-06-03,103.40000,103.84000,102.92000,103.54000,408800
2021-06-04,103.93000,104.64000,103.60000,104.27000,509400
2021-06-07,104.39000,104.89000,103.78000,104.43000,392800
2021-06-08,105.00000,105.24000,104.27000,104.91000,624100
2021-06-09,105.18000,105.43000,104.40000,104.93000,634100
2021-06-10,105.55000,106.75000,105.14000,106.68000,356500
2021-06-11,107.06000,107.06000,105.79000,106.89000,602200
2021-06-14,106.34000,106.70000,105.63000,106.70000,426900
2021-06-15,107.00000,107.61000,106.31000,107.16000,612000
2021-06-16,107.09000,107.33000,105.81000,105.89000,573000
2021-06-17,106.61000,106.70000,105.18000,105.90000,523300
2021-06-18,104.81000,105.62000,103.41000,103.44000,1790900
2021-06-21,104.17000,106.05000,103.70000,105.81000,522600
2021-06-22,105.79000,106.17000,105.15000,105.44000,674500
2021-06-23,105.33000,105.60000,103.45000,103.54000,726100
2021-06-24,103.77000,103.90000,101.92000,103.07000,751000
2021-06-25,103.25000,103.59000,102.59000,103.21000,1263200
2021-06-28,103.35000,103.69000,101.50000,102.11000,448100
2021-06-29,101.88000,102.43000,100.85000,100.93000,468000
2021-06-30,101.66000,102.00000,100.63000,101.10000,525700
2021-07-01,101.45000,103.07000,101.26000,103.03000,509500
2021-07-02,103.30000,103.31000,102.45000,102.56000,341200
2021-07-06,102.16000,102.16000,99.35000,101.39000,763600
2021-07-07,101.51000,104.05000,101.51000,103.99000,576300
2021-07-08,103.14000,104.73000,102.88000,103.73000,748400
2021-07-09,104.64000,105.72000,104.16000,104.84000,519000
2021-07-12,104.17000,105.44000,104.17000,105.09000,741900
2021-07-13,105.32000,106.18000,104.56000,104.73000,813300
2021-07-14,104.51000,104.85000,102.74000,104.54000,408200
2021-07-15,104.13000,105.72000,104.13000,105.45000,450900
2021-07-16,105.72000,106.72000,105.67000,106.28000,498100
2021-07-19,105.47000,105.71000,102.05000,103.25000,911100
2021-07-20,103.89000,105.79000,103.41000,104.95000,615100
2021-07-21,105.27000,106.32000,105.08000,105.65000,344500
2021-07-22,105.39000,105.74000,104.85000,105.21000,283400
2021-07-23,105.95000,106.42000,105.44000,106.42000,451900
2021-07-26,106.00000,107.10000,105.80000,106.46000,502700
2021-07-27,106.06000,107.37000,105.70000,106.76000,563800
2021-07-28,106.37000,107.23000,105.58000,106.53000,595800
2021-07-29,107.51000,107.95000,106.74000,106.97000,822200
2021-07-30,106.85000,107.76000,106.13000,106.42000,576800
2021-08-02,106.88000,108.83000,106.70000,107.11000,564900
2021-08-03,103.99000,104.00000,94.23000,95.39000,3012300
2021-08-04,95.01000,98.22000,94.28000,94.48000,1644300
2021-08-05,95.01000,95.42000,93.05000,94.25000,1245200
2021-08-06,94.39000,95.41000,94.20000,94.38000,598200
2021-08-09,94.02000,94.31000,93.44000,93.71000,557700
2021-08-10,93.49000,94.58000,92.69000,94.57000,862100
2021-08-11,95.00000,96.77000,94.75000,96.37000,853100
2021-08-12,96.30000,97.14000,95.60000,95.89000,534100
2021-08-13,95.69000,96.39000,95.25000,95.64000,739300
2021-08-16,96.22000,97.92000,95.26000,97.89000,946800
2021-08-17,97.69000,98.94000,97.16000,98.84000,830300
2021-08-18,98.50000,98.95000,96.47000,96.63000,529700
2021-08-19,96.17000,97.31000,95.87000,96.67000,499600
2021-08-20,95.66000,96.63000,95.30000,96.31000,542300
2021-08-23,96.40000,96.75000,95.99000,96.35000,420400
2021-08-24,96.30000,97.27000,96.13000,96.74000,479800
2021-08-25,96.53000,97.96000,96.42000,97.61000,604800
2021-08-26,97.46000,98.04000,97.06000,97.89000,635500
2021-08-27,98.32000,98.71000,97.74000,98.21000,470500
2021-08-30,98.22000,98.98000,98.00000,98.06000,556100
2021-08-31,97.82000,98.30000,97.20000,98.11000,1078400
2021-09-01,98.54000,98.54000,96.74000,97.76000,467500
2021-09-02,98.07000,99.48000,97.62000,99.16000,493900
2021-09-03,99.29000,99.74000,98.46000,99.02000,599700
2021-09-07,98.62000,99.00000,97.07000,97.70000,898400
2021-09-08,97.70000,99.24000,97.12000,98.91000,773500
2021-09-09,98.96000,99.42000,98.59000,99.06000,637900
2021-09-10,99.12000,99.22000,97.20000,97.24000,676700
2021-09-13,97.55000,99.52000,97.55000,98.24000,1097100
2021-09-14,98.39000,98.39000,94.33000,94.61000,1128200
2021-09-15,94.33000,95.85000,93.96000,94.14000,1007300
2021-09-16,94.05000,94.72000,91.83000,92.00000,959400
2021-09-17,91.44000,92.70000,91.03000,91.81000,3231100
2021-09-20,90.50000,92.70000,90.33000,92.23000,752900
2021-09-21,92.67000,92.67000,90.28000,90.90000,653100
2021-09-22,91.80000,92.78000,91.66000,92.21000,512000
2021-09-23,92.33000,93.62000,92.33000,93.03000,462000
2021-09-24,93.42000,95.02000,93.05000,94.75000,525800
2021-09-27,94.86000,96.85000,94.85000,96.61000,859400
2021-09-28,96.84000,97.18000,95.76000,96.56000,806000
2021-09-29,96.75000,98.75000,96.38000,97.95000,892600
2021-09-30,98.66000,98.77000,96.12000,96.13000,983100
2021-10-01,96.88000,97.90000,95.61000,97.43000,513300
2021-10-04,97.03000,98.62000,96.30000,97.86000,800100
2021-10-05,97.96000,97.96000,95.94000,96.42000,903700
2021-10-06,96.12000,96.99000,94.57000,96.94000,677400
2021-10-07,97.56000,98.42000,95.57000,97.48000,932400
2021-10-08,97.42000,99.19000,97.04000,98.88000,646500
2021-10-11,99.09000,99.40000,97.63000,97.69000,592400
2021-10-12,97.43000,98.77000,97.17000,98.26000,613900
2021-10-13,98.02000,98.83000,96.72000,98.22000,480000
2021-10-14,97.78000,99.69000,97.77000,99.48000,573400
2021-10-15,100.00000,101.18000,99.97000,100.29000,604100
2021-10-18,99.38000,100.27000,98.69000,99.69000,445800
2021-10-19,100.42000,100.42000,99.14000,99.69000,371000
2021-10-20,99.56000,100.98000,99.21000,100.31000,554100
2021-10-21,100.38000,101.53000,99.42000,101.43000,521000
2021-10-22,101.68000,102.68000,101.61000,102.04000,250900
2021-10-25,102.13000,102.65000,101.54000,101.85000,545600
2021-10-26,101.37000,101.82000,100.42000,101.00000,517400
2021-10-27,101.31000,101.31000,98.93000,98.97000,894400
2021-10-28,98.81000,100.19000,97.24000,98.52000,447200
2021-10-29,98.50000,100.22000,98.35000,99.98000,700600
2021-11-01,100.06000,101.41000,99.24000,101.15000,683500
2021-11-02,101.40000,101.82000,95.86000,98.17000,1357500
2021-11-03,97.61000,98.72000,94.72000,95.07000,1067000
2021-11-04,94.91000,95.90000,94.19000,94.77000,774400
2021-11-05,95.28000,96.80000,94.64000,94.69000,539600
2021-11-08,94.84000,96.16000,94.60000,95.82000,699500
2021-11-09,95.75000,95.75000,94.26000,94.38000,542500
2021-11-10,94.84000,95.39000,93.61000,94.02000,517000
2021-11-11,93.75000,93.90000,92.01000,92.47000,602700
2021-11-12,92.45000,93.94000,92.20000,93.57000,620300
2021-11-15,93.84000,94.64000,93.47000,94.28000,429400
2021-11-16,94.26000,95.08000,93.79000,93.86000,542300
2021-11-17,93.59000,94.24000,92.98000,93.76000,557100
2021-11-18,93.96000,94.06000,91.03000,91.17000,489100
2021-11-19,91.34000,92.24000,90.90000,92.04000,609700
2021-11-22,92.24000,94.73000,91.91000,93.39000,719800
2021-11-23,93.70000,93.77000,92.92000,93.29000,679800
2021-11-24,93.50000,94.73000,92.78000,93.10000,575200
2021-11-26,92.15000,92.84000,90.78000,91.16000,345700
2021-11-29,91.88000,92.19000,90.34000,90.55000,468300
2021-11-30,90.01000,90.63000,87.81000,87.91000,1052900
2021-12-01,88.84000,90.13000,87.45000,87.46000,744100
2021-12-02,87.84000,89.96000,87.84000,89.58000,682800
2021-12-03,90.07000,90.38000,87.87000,88.60000,818600
2021-12-06,89.90000,91.59000,89.44000,90.38000,1064900
2021-12-07,91.05000,91.22000,89.63000,89.82000,667900
2021-12-08,89.58000,90.93000,89.34000,90.48000,859400
2021-12-09,90.41000,90.41000,88.40000,88.56000,783600
2021-12-10,89.00000,89.64000,88.01000,88.10000,736800
2021-12-13,88.12000,90.17000,88.12000,89.65000,1196100
2021-12-14,88.92000,90.24000,88.17000,88.27000,976600
2021-12-15,87.97000,88.61000,87.03000,87.76000,878000
2021-12-16,87.85000,89.89000,87.80000,89.02000,1177200
2021-12-17,88.70000,89.36000,86.63000,86.73000,2296600
2021-12-20,85.82000,86.20000,82.75000,84.44000,926100
2021-12-21,84.86000,86.87000,84.71000,86.43000,1325700
2021-12-22,86.49000,87.27000,85.88000,86.41000,516200
2021-12-23,86.46000,87.86000,86.16000,87.35000,708700
2021-12-27,87.50000,88.55000,86.93000,87.87000,498800
2021-12-28,87.76000,88.99000,87.50000,88.26000,391700
2021-12-29,88.26000,88.67000,87.58000,88.36000,639200
2021-12-30,88.59000,89.49000,88.19000,88.86000,451000
2021-12-31,88.51000,89.28000,87.89000,88.90000,699900
2022-01-03,89.29000,91.15000,89.02000,90.26000,914100
2022-01-04,90.55000,92.38000,90.41000,91.88000,891100
2022-01-05,92.37000,93.03000,91.42000,91.56000,794700
2022-01-06,92.24000,92.94000,90.97000,90.97000,617500
2022-01-07,91.02000,92.20000,90.80000,91.51000,869000
2022-01-10,91.73000,91.73000,89.03000,89.71000,687600
2022-01-11,89.92000,91.02000,89.19000,90.81000,680900
2022-01-12,90.37000,90.89000,89.54000,89.81000,865000
2022-01-13,90.00000,93.20000,89.80000,92.48000,948700
2022-01-14,91.89000,94.24000,91.40000,94.07000,840100
2022-01-18,93.05000,93.95000,91.56000,93.22000,1291800
2022-01-19,93.35000,94.79000,92.92000,93.63000,876300
2022-01-20,94.01000,94.54000,92.85000,93.06000,781600
2022-01-21,93.10000,93.34000,91.87000,92.18000,704300
2022-01-24,91.03000,93.32000,89.63000,93.04000,1155200
2022-01-25,91.95000,94.50000,90.89000,93.32000,1513800
2022-01-26,93.86000,95.23000,92.95000,93.79000,1220600
2022-01-27,93.00000,93.00000,87.71000,88.62000,1733500
2022-01-28,87.87000,87.87000,84.21000,87.00000,2071100
2022-01-31,86.49000,89.88000,86.49000,89.45000,1200100
2022-02-01,89.39000,90.24000,87.80000,88.57000,868600
2022-02-02,88.25000,90.38000,87.59000,89.99000,932700
2022-02-03,90.11000,90.76000,89.06000,89.98000,588100
2022-02-04,89.79000,89.86000,87.76000,89.07000,691100
2022-02-07,89.36000,89.44000,88.22000,88.58000,813400
2022-02-08,89.24000,89.24000,85.93000,86.43000,1263500
2022-02-09,86.77000,88.48000,86.43000,88.43000,1042100
2022-02-10,87.86000,89.30000,87.58000,87.77000,865400
2022-02-11,87.78000,89.40000,87.10000,88.99000,1115700
2022-02-14,88.99000,88.99000,86.62000,87.36000,1700100
2022-02-15,82.53000,85.04000,81.07000,84.50000,1937900
2022-02-16,84.13000,88.87000,83.78000,88.72000,1768300
2022-02-17,87.22000,91.99000,87.00000,91.81000,1413100
2022-02-18,91.81000,93.08000,90.61000,93.01000,1780700
2022-02-22,92.93000,93.05000,90.23000,90.69000,1318600
2022-02-23,91.21000,92.68000,90.61000,91.05000,1216800
2022-02-24,91.17000,95.53000,90.39000,95.48000,1758000
2022-02-25,95.84000,97.37000,95.18000,97.15000,1254100
2022-02-28,97.40000,102.22000,96.90000,101.84000,2988200
2022-03-01,102.74000,105.84000,102.68000,104.75000,2075700
2022-03-02,104.63000,104.92000,101.08000,104.04000,1501000
2022-03-03,104.72000,105.53000,103.54000,105.08000,1395300
2022-03-04,105.10000,107.77000,104.51000,107.71000,1431900
2022-03-07,108.00000,109.39000,106.18000,106.86000,1390800
2022-03-08,106.01000,106.49000,101.93000,102.20000,1329600
2022-03-09,102.08000,104.29000,100.09000,102.89000,1323600
2022-03-10,102.34000,104.17000,102.02000,103.02000,627000
2022-03-11,103.07000,104.12000,101.90000,101.97000,735100
2022-03-14,102.14000,103.35000,101.31000,102.45000,1001800
2022-03-15,102.42000,104.05000,101.93000,103.97000,894000
2022-03-16,103.65000,104.63000,100.48000,102.06000,1209700
2022-03-17,102.56000,104.84000,101.55000,103.99000,1157500
2022-03-18,103.39000,106.13000,103.24000,105.48000,3922800
2022-03-21,105.48000,108.00000,105.28000,106.37000,930600
2022-03-22,106.38000,107.75000,105.80000,106.42000,811600
2022-03-23,106.56000,107.37000,105.69000,106.83000,944200
2022-03-24,105.61000,108.69000,105.26000,107.54000,744300
2022-03-25,107.95000,109.62000,107.10000,108.53000,564100
2022-03-28,108.35000,109.35000,107.25000,109.05000,564100
2022-03-29,107.76000,108.29000,106.25000,107.36000,740800
2022-03-30,107.38000,109.04000,107.37000,108.42000,829700
2022-03-31,108.07000,109.40000,107.55000,108.02000,932500
2022-04-01,107.71000,108.95000,106.92000,108.30000,598500
2022-04-04,108.24000,108.32000,106.32000,107.23000,661200
2022-04-05,107.26000,108.88000,106.74000,107.20000,866000
2022-04-06,107.32000,108.65000,107.20000,107.48000,1221400
2022-04-07,107.50000,108.40000,106.70000,108.07000,1346800
2022-04-08,108.85000,109.88000,107.89000,107.99000,746600
2022-04-11,108.31000,109.46000,107.47000,108.17000,694100
2022-04-12,108.14000,109.90000,108.03000,108.30000,495900
2022-04-13,108.55000,109.58000,107.74000,108.73000,490700
2022-04-14,109.20000,110.65000,108.81000,109.06000,584400
2022-04-18,108.78000,110.32000,108.43000,109.26000,653800
2022-04-19,109.43000,110.62000,109.10000,109.61000,588000
2022-04-20,109.97000,111.12000,109.60000,109.87000,584600
2022-04-21,110.17000,110.42000,109.30000,109.78000,638400
2022-04-22,109.32000,110.19000,108.14000,108.25000,529900
2022-04-25,107.90000,107.90000,105.46000,107.17000,1019800
2022-04-26,107.19000,108.79000,106.59000,106.63000,690600
2022-04-27,106.72000,107.39000,105.56000,106.24000,686700
2022-04-28,106.59000,106.59000,104.35000,105.03000,1047100
2022-04-29,104.85000,105.73000,103.16000,103.51000,1318500
2022-05-02,103.38000,105.25000,102.78000,103.51000,1087000
2022-05-03,102.17000,103.52000,99.65000,102.52000,1686500
2022-05-04,102.60000,106.00000,102.50000,104.78000,1284900
2022-05-05,104.77000,105.25000,102.88000,104.06000,820700
2022-05-06,103.82000,104.58000,102.40000,103.21000,684300
2022-05-09,102.49000,103.21000,99.11000,99.38000,827300
2022-05-10,99.66000,102.17000,99.66000,101.23000,1157900
2022-05-11,101.16000,103.37000,100.84000,101.21000,895500
2022-05-12,101.20000,102.56000,99.82000,100.57000,1002300
2022-05-13,100.98000,102.40000,100.75000,101.64000,518300
2022-05-16,102.26000,103.71000,101.66000,103.20000,600100
2022-05-17,103.53000,104.57000,102.62000,104.40000,534900
2022-05-18,103.94000,104.24000,101.31000,101.69000,530600
2022-05-19,100.73000,102.52000,100.15000,101.52000,676100
2022-05-20,101.51000,101.51000,98.88000,100.60000,699200
2022-05-23,101.31000,102.44000,100.52000,101.85000,584400
2022-05-24,101.85000,102.49000,100.52000,101.97000,723100
2022-05-25,102.15000,102.82000,101.46000,102.39000,526600
2022-05-26,103.18000,104.41000,103.13000,103.63000,436200
2022-05-27,103.98000,105.38000,103.79000,105.36000,535800
2022-05-31,104.82000,105.11000,103.60000,104.50000,1031900
2022-06-01,104.85000,105.05000,103.15000,104.74000,546500
2022-06-02,104.72000,105.89000,102.97000,105.65000,500800
2022-06-03,105.27000,106.23000,104.70000,105.78000,492900
2022-06-06,106.14000,106.94000,105.56000,105.92000,591700
2022-06-07,103.78000,107.31000,103.45000,107.07000,670800
2022-06-08,106.52000,106.55000,103.84000,103.91000,404200
2022-06-09,104.14000,104.60000,102.78000,102.83000,489500
2022-06-10,101.75000,101.94000,100.61000,100.72000,640800
2022-06-13,99.28000,100.53000,98.30000,99.40000,823000
2022-06-14,98.83000,99.53000,96.80000,97.91000,914400
2022-06-15,98.56000,99.34000,97.30000,98.79000,758800
2022-06-16,97.50000,97.58000,94.97000,95.36000,847900
2022-06-17,94.96000,95.24000,91.72000,94.15000,2671800
2022-06-21,95.66000,97.22000,94.74000,96.90000,647500
2022-06-22,95.91000,97.80000,95.37000,97.44000,779100
2022-06-23,98.28000,98.90000,96.52000,97.54000,626400
2022-06-24,98.54000,101.83000,97.91000,101.57000,1314300
2022-06-27,101.52000,102.76000,100.76000,101.69000,544100
2022-06-28,102.10000,102.56000,98.95000,99.26000,680800
2022-06-29,99.82000,99.82000,98.48000,99.35000,685600
2022-06-30,98.89000,100.90000,98.39000,100.71000,1158900
2022-07-01,101.06000,102.71000,99.57000,102.45000,559700
2022-07-05,101.70000,101.87000,97.77000,99.58000,703800
2022-07-06,100.14000,102.27000,99.63000,101.28000,577000
2022-07-07,101.47000,102.16000,101.16000,101.52000,538300
2022-07-08,101.59000,102.35000,101.32000,101.63000,408900
2022-07-11,100.81000,102.03000,100.67000,101.20000,288000
2022-07-12,101.00000,102.24000,99.41000,99.81000,549900
2022-07-13,98.79000,100.15000,98.79000,98.99000,787200
2022-07-14,97.92000,98.33000,97.09000,98.21000,512200
2022-07-15,99.35000,99.59000,98.34000,98.69000,872800
2022-07-18,99.01000,99.38000,97.79000,97.88000,547100
2022-07-19,98.31000,100.25000,97.77000,100.15000,978700
2022-07-20,100.28000,100.94000,99.56000,100.03000,843500
2022-07-21,100.00000,100.95000,99.33000,100.89000,828800
2022-07-22,101.29000,102.36000,100.86000,101.45000,611400
2022-07-25,101.67000,103.12000,101.25000,102.95000,609600
2022-07-26,103.23000,104.03000,102.87000,103.51000,480600
2022-07-27,103.73000,103.90000,102.71000,103.25000,621400
2022-07-28,103.41000,106.41000,103.22000,105.87000,655600
2022-07-29,106.00000,107.85000,105.67000,107.00000,652100
2022-08-01,107.00000,107.00000,104.90000,105.15000,955800
2022-08-02,102.00000,102.81000,97.79000,100.48000,1400400
2022-08-03,100.63000,100.63000,99.11000,99.94000,1130100
2022-08-04,99.77000,100.77000,99.09000,99.31000,787300
2022-08-05,98.92000,100.59000,98.63000,100.55000,406500
2022-08-08,100.82000,100.90000,97.90000,98.35000,839300
2022-08-09,98.92000,99.06000,97.76000,98.12000,723500
2022-08-10,99.17000,99.41000,98.38000,98.64000,551400
2022-08-11,98.77000,98.92000,97.59000,98.16000,822300
2022-08-12,98.32000,100.11000,98.32000,100.06000,499200
2022-08-15,99.57000,101.74000,98.60000,100.97000,493300
2022-08-16,100.87000,101.73000,100.86000,101.22000,510700
2022-08-17,100.70000,101.49000,100.29000,101.15000,384000
2022-08-18,101.61000,101.88000,101.18000,101.59000,318800
2022-08-19,101.57000,102.64000,101.15000,102.58000,673000
2022-08-22,102.02000,102.11000,100.41000,100.63000,592700
2022-08-23,100.55000,101.06000,100.03000,100.25000,501000
2022-08-24,100.48000,100.60000,99.36000,99.58000,461200
2022-08-25,99.94000,100.19000,99.10000,99.74000,372900
2022-08-26,99.87000,99.98000,97.16000,97.20000,358900
2022-08-29,96.68000,97.94000,95.51000,97.23000,545500
2022-08-30,97.34000,97.57000,95.77000,95.81000,453800
2022-08-31,96.18000,96.77000,94.73000,95.05000,1154800
2022-09-01,94.87000,95.32000,94.25000,95.06000,868800
2022-09-02,95.82000,96.11000,93.40000,93.71000,425700
2022-09-06,93.94000,94.59000,93.22000,93.60000,796500
2022-09-07,93.83000,95.31000,93.38000,95.01000,741800
2022-09-08,94.47000,94.97000,93.62000,94.57000,541100
2022-09-09,94.65000,96.23000,94.50000,95.69000,582300
2022-09-12,96.05000,96.97000,95.91000,96.25000,587500
2022-09-13,94.94000,95.48000,92.34000,92.75000,619500
2022-09-14,92.56000,93.71000,92.26000,92.94000,841900
2022-09-15,92.83000,92.99000,91.69000,92.40000,857900
2022-09-16,93.11000,93.77000,92.48000,93.29000,1764300
2022-09-19,92.69000,93.48000,91.82000,93.20000,757600
2022-09-20,93.02000,93.52000,92.00000,93.11000,1532300
2022-09-21,93.90000,95.05000,91.81000,91.84000,712500
2022-09-22,91.64000,91.64000,90.38000,90.68000,517000
2022-09-23,90.04000,90.18000,87.83000,88.69000,655600
2022-09-26,88.39000,89.51000,88.02000,88.39000,515200
2022-09-27,89.03000,89.39000,87.61000,88.20000,527900
2022-09-28,88.80000,89.31000,87.52000,88.93000,477400
2022-09-29,88.59000,88.59000,87.24000,88.10000,783800
2022-09-30,88.25000,88.92000,87.38000,87.47000,804800
2022-10-03,88.38000,91.43000,88.10000,90.79000,627600
2022-10-04,91.47000,93.42000,91.38000,93.36000,919000
2022-10-05,92.73000,93.37000,92.06000,92.48000,524200
2022-10-06,92.26000,92.32000,91.05000,91.63000,821200
2022-10-07,91.05000,91.65000,90.80000,91.45000,652100
2022-10-10,91.98000,92.87000,90.94000,91.89000,401900
2022-10-11,91.58000,93.15000,91.07000,91.27000,470600
2022-10-12,91.15000,91.46000,89.44000,89.46000,695100
2022-10-13,88.01000,91.48000,88.01000,91.11000,592000
2022-10-14,91.52000,91.76000,88.53000,88.71000,603900
2022-10-17,90.08000,91.92000,90.04000,91.13000,550600
2022-10-18,92.46000,94.32000,92.26000,93.73000,546000
2022-10-19,93.13000,93.53000,92.48000,93.19000,587500
2022-10-20,93.36000,94.18000,92.83000,93.35000,465200
2022-10-21,93.52000,95.71000,92.57000,95.39000,541400
2022-10-24,96.30000,96.98000,95.59000,96.08000,425000
2022-10-25,95.89000,97.75000,95.48000,97.31000,585700
2022-10-26,97.95000,98.40000,96.51000,97.51000,416700
2022-10-27,97.96000,100.10000,97.74000,99.15000,534200
2022-10-28,99.53000,101.83000,98.93000,101.74000,877200
2022-10-31,101.02000,102.89000,100.59000,101.59000,992700
2022-11-01,103.06000,104.95000,102.56000,103.55000,1483400
2022-11-02,103.41000,106.80000,103.34000,104.36000,1012400
2022-11-03,103.49000,107.40000,102.77000,106.68000,1011100
2022-11-04,107.06000,107.43000,103.15000,105.76000,942900
2022-11-07,106.25000,108.63000,105.82000,107.83000,834100
2022-11-08,107.19000,109.17000,106.71000,108.63000,633500
2022-11-09,108.62000,108.71000,106.54000,106.81000,644900
2022-11-10,109.08000,109.08000,105.56000,107.23000,1213700
2022-11-11,106.70000,107.29000,103.16000,103.38000,1419400
2022-11-14,103.70000,106.33000,103.35000,104.17000,989500
2022-11-15,104.86000,105.45000,103.77000,104.69000,906300
2022-11-16,105.01000,106.95000,105.01000,106.01000,874400
2022-11-17,105.20000,106.44000,104.57000,105.25000,665000
2022-11-18,106.08000,107.45000,105.84000,106.30000,2542700
2022-11-21,106.40000,108.74000,106.40000,107.68000,880300
2022-11-22,108.31000,108.71000,106.91000,107.47000,698100
2022-11-23,107.22000,107.87000,106.70000,107.53000,785300
2022-11-25,108.20000,108.89000,108.00000,108.89000,268900
2022-11-28,108.31000,108.74000,107.47000,108.11000,571200
2022-11-29,107.90000,108.87000,107.23000,108.50000,854700
2022-11-30,108.38000,109.45000,107.33000,109.33000,770100
2022-12-01,109.73000,110.43000,108.91000,109.62000,448900
2022-12-02,109.54000,110.91000,108.80000,110.49000,498300
2022-12-05,109.70000,110.43000,108.92000,109.65000,568500
2022-12-06,109.50000,109.75000,108.29000,109.49000,752700
2022-12-07,109.34000,110.13000,107.92000,108.50000,503000
2022-12-08,109.12000,109.80000,108.77000,109.08000,549300
2022-12-09,108.90000,109.16000,106.77000,106.85000,500700
2022-12-12,106.51000,107.80000,106.08000,107.78000,1055200
2022-12-13,109.20000,109.20000,105.36000,106.54000,1083000
2022-12-14,106.20000,107.85000,105.58000,106.80000,1464200
2022-12-15,106.31000,106.56000,104.34000,105.28000,948600
2022-12-16,104.82000,105.35000,103.20000,104.79000,2624000
2022-12-19,104.91000,106.58000,104.04000,104.45000,671000
2022-12-20,104.51000,105.11000,103.82000,104.42000,932100
2022-12-21,104.75000,106.20000,104.40000,105.83000,610600
2022-12-22,105.63000,105.90000,103.15000,104.78000,616200
2022-12-23,104.83000,105.67000,104.40000,105.17000,364500
2022-12-27,105.44000,106.06000,105.29000,105.91000,294900
2022-12-28,106.05000,106.23000,104.10000,104.13000,311400
2022-12-29,104.39000,105.56000,104.11000,105.03000,423400
2022-12-30,104.82000,105.40000,104.08000,105.19000,392200
2023-01-03,104.46000,104.99000,102.65000,104.71000,687900
2023-01-04,104.38000,105.20000,103.54000,104.37000,786300
2023-01-05,104.11000,105.85000,103.38000,104.01000,836300
2023-01-06,104.74000,106.98000,104.28000,104.95000,613700
2023-01-09,104.92000,105.44000,99.89000,100.33000,1236200
2023-01-10,100.54000,100.96000,99.82000,99.98000,601100
2023-01-11,99.88000,100.02000,99.30000,99.63000,878600
2023-01-12,99.49000,100.03000,98.34000,98.71000,1170600
2023-01-13,97.63000,98.72000,97.34000,98.35000,931600
2023-01-17,98.92000,99.11000,97.78000,97.84000,743800
2023-01-18,97.78000,98.43000,95.53000,95.54000,1929100
2023-01-19,95.50000,96.14000,94.55000,94.57000,706500
2023-01-20,94.63000,96.56000,94.11000,96.06000,727000
2023-01-23,96.45000,96.70000,95.77000,96.37000,538300
2023-01-24,96.72000,97.77000,96.19000,97.30000,994300
2023-01-25,96.99000,98.25000,96.53000,98.15000,971700
2023-01-26,98.75000,98.75000,97.48000,97.78000,583700
2023-01-27,97.78000,97.97000,95.86000,96.49000,705900
2023-01-30,97.06000,98.44000,96.92000,97.31000,834300
2023-01-31,97.72000,98.84000,97.21000,98.84000,1197900
2023-02-01,98.63000,99.16000,97.49000,97.83000,752700
2023-02-02,97.01000,98.40000,96.57000,97.93000,659300
2023-02-03,98.11000,98.54000,97.11000,98.06000,515300
2023-02-06,98.24000,99.26000,97.98000,98.34000,605500
2023-02-07,98.19000,99.22000,97.02000,99.00000,676600
2023-02-08,98.45000,99.42000,98.27000,98.96000,629300
2023-02-09,99.08000,99.38000,97.84000,97.95000,812500
2023-02-10,98.21000,100.83000,98.21000,100.82000,844900
2023-02-13,100.89000,102.27000,100.07000,100.71000,1127100
2023-02-14,98.65000,100.18000,94.97000,95.25000,1805300
2023-02-15,94.39000,98.05000,93.37000,97.94000,1259600
2023-02-16,97.39000,99.90000,97.39000,99.43000,1066000
2023-02-17,99.81000,101.61000,99.50000,101.24000,1282000
2023-02-21,101.27000,101.83000,99.91000,100.01000,1408400
2023-02-22,100.04000,101.10000,99.43000,100.14000,808900
2023-02-23,100.13000,101.37000,99.25000,99.57000,977100
2023-02-24,98.62000,99.70000,98.62000,99.28000,579400
2023-02-27,99.90000,99.90000,96.91000,97.49000,1218100
2023-02-28,97.62000,98.13000,96.63000,97.07000,995500
2023-03-01,96.68000,97.55000,96.47000,96.66000,545000
2023-03-02,96.54000,97.29000,96.29000,96.95000,647900
2023-03-03,97.28000,97.48000,96.14000,97.30000,750700
2023-03-06,97.15000,97.60000,96.02000,96.95000,1057200
2023-03-07,97.24000,97.60000,96.41000,96.52000,1249700
2023-03-08,96.29000,96.71000,93.50000,94.06000,746500
2023-03-09,94.60000,95.04000,92.68000,92.74000,589600
2023-03-10,92.63000,93.82000,92.31000,92.50000,903900
2023-03-13,92.00000,93.63000,91.64000,92.23000,903200
2023-03-14,92.63000,93.61000,92.62000,93.27000,1493600
2023-03-15,92.36000,92.58000,90.61000,92.31000,659800
2023-03-16,92.17000,93.25000,91.58000,92.52000,1332500
2023-03-17,92.57000,92.57000,89.64000,90.46000,2023200
2023-03-20,90.95000,92.71000,90.95000,91.58000,611700
2023-03-21,92.47000,92.88000,91.81000,92.64000,842600
2023-03-22,92.79000,93.12000,91.25000,91.31000,589300
2023-03-23,91.19000,91.50000,89.82000,90.28000,642900
2023-03-24,90.30000,91.43000,89.67000,91.38000,953800
2023-03-27,91.05000,91.43000,90.08000,91.38000,923700
2023-03-28,91.54000,92.31000,91.09000,91.10000,696100
2023-03-29,91.61000,91.89000,90.90000,91.44000,1601800
2023-03-30,91.73000,92.26000,91.18000,91.59000,1008000
2023-03-31,92.03000,92.40000,91.74000,92.06000,1116200
2023-04-03,92.16000,93.90000,92.14000,93.20000,971300
2023-04-04,93.15000,93.64000,91.11000,91.59000,1013600
2023-04-05,91.39000,92.38000,91.19000,91.51000,915900
2023-04-06,91.97000,92.12000,90.83000,91.41000,824800
2023-04-10,91.45000,93.02000,91.43000,92.60000,565000
2023-04-11,92.73000,92.92000,91.92000,92.28000,940800
2023-04-12,92.20000,93.18000,91.98000,92.68000,491400
2023-04-13,92.41000,93.25000,91.88000,92.78000,589000
2023-04-14,92.55000,92.82000,91.35000,91.91000,455200
2023-04-17,92.02000,93.13000,91.62000,93.09000,492400
2023-04-18,93.07000,93.64000,92.61000,93.06000,485200
2023-04-19,93.33000,93.49000,92.37000,92.44000,395900
2023-04-20,92.52000,92.76000,91.97000,92.56000,445100
2023-04-21,92.99000,93.23000,91.41000,91.75000,401800
2023-04-24,91.66000,91.84000,90.72000,91.37000,348900
2023-04-25,91.32000,91.89000,90.90000,91.41000,508300
2023-04-26,90.70000,91.18000,88.76000,89.46000,800900
2023-04-27,89.50000,92.08000,89.50000,92.06000,702900
2023-04-28,92.02000,93.45000,91.80000,93.26000,1189100
2023-05-01,93.46000,94.81000,93.46000,94.32000,1387400
2023-05-02,90.19000,90.19000,79.41000,80.61000,4017400
2023-05-03,80.55000,83.94000,80.42000,80.89000,2053500
2023-05-04,80.25000,80.98000,78.58000,79.45000,1352600
2023-05-05,80.03000,81.09000,79.74000,80.83000,2192800
2023-05-08,80.83000,81.07000,78.87000,79.07000,1458500
2023-05-09,81.01000,81.75000,79.50000,80.29000,1680500
2023-05-10,80.56000,80.81000,79.23000,80.06000,1357100
2023-05-11,79.38000,79.63000,78.14000,78.27000,944400
2023-05-12,78.58000,78.97000,77.94000,78.91000,852800
2023-05-15,78.78000,78.99000,78.08000,78.32000,1214000
2023-05-16,78.00000,78.00000,76.92000,76.92000,1322700
2023-05-17,77.11000,79.15000,76.58000,78.55000,2009300
2023-05-18,78.47000,79.04000,77.49000,78.92000,1078900
2023-05-19,79.32000,79.50000,78.13000,78.40000,1160600
2023-05-22,78.24000,80.23000,78.09000,80.01000,980300
2023-05-23,81.50000,82.18000,80.77000,81.08000,1243400
2023-05-24,81.06000,81.24000,80.22000,80.65000,1280700
2023-05-25,81.72000,82.01000,79.05000,79.29000,1191800
2023-05-26,79.70000,80.82000,79.31000,80.30000,1429000
2023-05-30,80.29000,80.89000,79.20000,79.24000,728800
2023-05-31,79.00000,79.24000,77.91000,78.06000,1329400
2023-06-01,78.31000,78.85000,77.91000,78.47000,955800
2023-06-02,79.03000,81.60000,79.03000,81.49000,819100
2023-06-05,81.83000,82.14000,80.62000,80.66000,655400
2023-06-06,80.40000,81.62000,80.40000,81.33000,653500
2023-06-07,81.42000,82.73000,81.18000,82.70000,586800
2023-06-08,82.69000,83.02000,82.07000,82.55000,682300
2023-06-09,82.65000,83.35000,82.27000,82.91000,475600
2023-06-12,83.32000,84.55000,82.89000,84.04000,630200
2023-06-13,83.80000,84.56000,83.71000,83.74000,1101000
2023-06-14,83.23000,83.70000,82.58000,83.03000,725400
2023-06-15,83.08000,85.31000,82.88000,85.24000,1254800
2023-06-16,85.58000,86.01000,85.04000,85.89000,2761900
2023-06-20,85.50000,86.03000,84.88000,85.19000,815100
2023-06-21,84.94000,86.54000,84.15000,86.47000,1086000
2023-06-22,86.55000,86.55000,85.79000,86.00000,696800
2023-06-23,85.57000,85.95000,84.62000,84.72000,998200
2023-06-26,84.45000,85.96000,84.23000,85.95000,723900
2023-06-27,85.66000,86.86000,85.35000,86.43000,765700
2023-06-28,86.49000,86.85000,85.62000,86.67000,823800
2023-06-29,86.75000,88.31000,86.75000,87.78000,845500
2023-06-30,88.18000,88.91000,88.00000,88.48000,818200
2023-07-03,87.82000,88.61000,87.61000,88.42000,297100
2023-07-05,88.00000,89.14000,87.72000,88.65000,796500
2023-07-06,88.26000,88.84000,87.70000,88.44000,761900
2023-07-07,88.20000,89.08000,87.78000,88.04000,928600
2023-07-10,87.73000,88.78000,87.73000,88.03000,664200
2023-07-11,88.09000,89.73000,88.05000,89.51000,763000
2023-07-12,90.00000,90.08000,89.05000,89.13000,1021300
2023-07-13,89.14000,90.20000,88.81000,89.87000,660900
2023-07-14,89.51000,90.01000,88.91000,89.83000,858900
2023-07-17,89.76000,90.62000,89.74000,90.48000,790600
2023-07-18,90.70000,91.51000,89.91000,90.35000,762200
2023-07-19,90.68000,91.16000,89.76000,90.55000,743100
2023-07-20,90.63000,91.41000,90.52000,91.36000,554300
2023-07-21,91.63000,91.64000,90.90000,91.31000,624200
2023-07-24,91.64000,91.95000,91.16000,91.43000,526300
2023-07-25,91.03000,92.29000,90.95000,92.21000,655900
2023-07-26,92.44000,93.85000,92.44000,93.68000,822300
2023-07-27,93.80000,94.13000,92.10000,92.16000,1202500
2023-07-28,93.02000,93.76000,92.75000,93.75000,890000
2023-07-31,94.21000,94.68000,93.40000,93.53000,1282100
2023-08-01,96.00000,101.62000,95.58000,99.98000,2027000
2023-08-02,99.99000,100.32000,98.30000,98.55000,935400
2023-08-03,98.71000,98.93000,97.60000,98.40000,936400
2023-08-04,99.08000,99.16000,96.81000,97.10000,859800
2023-08-07,97.24000,97.97000,96.93000,97.63000,1161800
2023-08-08,97.44000,97.44000,96.36000,97.00000,593300
2023-08-09,96.94000,97.85000,96.68000,97.56000,454400
2023-08-10,97.26000,97.78000,96.77000,97.33000,587300
2023-08-11,97.39000,97.99000,96.73000,97.66000,594700
2023-08-14,97.78000,98.65000,97.45000,98.17000,702400
2023-08-15,97.86000,98.49000,97.46000,97.60000,637900
2023-08-16,97.53000,97.79000,96.72000,96.79000,565100
2023-08-17,96.90000,97.80000,96.24000,96.31000,819400
2023-08-18,96.04000,96.58000,95.60000,96.10000,3388400
2023-08-21,95.79000,96.52000,95.65000,96.47000,693000
2023-08-22,96.03000,96.40000,95.10000,95.39000,1193800
2023-08-23,95.57000,95.74000,94.99000,95.50000,732600
2023-08-24,95.00000,96.85000,94.99000,96.41000,571700
2023-08-25,96.91000,96.91000,95.53000,95.79000,350100
2023-08-28,95.72000,96.92000,95.49000,96.86000,563600
2023-08-29,97.00000,97.13000,96.13000,96.83000,375100
2023-08-30,97.23000,98.19000,97.17000,97.96000,413100
2023-08-31,98.45000,98.67000,97.46000,97.51000,1324900
2023-09-01,98.45000,100.30000,98.45000,98.84000,785800
2023-09-05,98.53000,98.57000,97.46000,97.46000,548300
2023-09-06,97.31000,97.53000,96.40000,96.51000,545500
2023-09-07,96.76000,97.00000,95.28000,95.74000,950700
2023-09-08,95.69000,96.07000,95.32000,95.80000,512200
2023-09-11,95.57000,96.05000,95.16000,95.90000,440400
2023-09-12,95.37000,96.12000,95.01000,95.78000,461500
2023-09-13,96.05000,96.19000,94.56000,95.03000,394600
2023-09-14,95.00000,95.77000,94.57000,95.13000,657000
2023-09-15,94.80000,94.97000,93.32000,94.04000,1908400
2023-09-18,94.33000,94.33000,93.38000,93.57000,724200
2023-09-19,93.70000,93.88000,93.11000,93.69000,761400
2023-09-20,94.19000,94.91000,93.59000,93.85000,476000
2023-09-21,93.68000,93.68000,92.36000,92.40000,485500
2023-09-22,92.30000,92.63000,90.98000,91.13000,494800
2023-09-25,90.94000,91.78000,90.82000,91.36000,413600
2023-09-26,90.86000,91.47000,90.59000,90.98000,405100
2023-09-27,91.21000,92.44000,90.98000,91.99000,428400
2023-09-28,92.16000,92.53000,91.84000,92.14000,380700
2023-09-29,92.37000,93.02000,91.49000,92.16000,555500
2023-10-02,92.02000,93.94000,91.88000,93.20000,895300
2023-10-03,93.61000,94.43000,92.53000,92.65000,664900
2023-10-04,92.54000,93.00000,90.63000,91.33000,812800
2023-10-05,91.20000,91.63000,89.90000,90.45000,491500
2023-10-06,89.95000,91.34000,89.22000,90.98000,574100
2023-10-09,91.84000,95.06000,91.84000,94.41000,931100
2023-10-10,94.70000,95.02000,93.88000,94.29000,725700
2023-10-11,94.38000,95.77000,94.32000,95.64000,637700
2023-10-12,95.84000,95.84000,93.70000,94.51000,645900
2023-10-13,95.29000,95.76000,94.13000,94.89000,698700
2023-10-16,95.41000,96.01000,94.77000,95.41000,538200
2023-10-17,95.43000,96.67000,95.23000,95.47000,582000
2023-10-18,95.36000,95.36000,94.10000,94.27000,423900
2023-10-19,94.28000,94.83000,93.20000,93.41000,439700
2023-10-20,94.00000,94.18000,92.68000,92.71000,650500
2023-10-23,92.39000,93.16000,91.88000,91.88000,393500
2023-10-24,92.42000,92.88000,90.83000,91.01000,535400
2023-10-25,91.07000,92.33000,91.07000,91.32000,473000
2023-10-26,91.33000,92.68000,90.64000,92.07000,597900
2023-10-27,91.56000,92.11000,90.30000,90.49000,538700
2023-10-30,92.32000,92.72000,90.53000,91.79000,800900
2023-10-31,95.52000,99.75000,94.57000,99.12000,2292100
2023-11-01,100.03000,101.92000,98.29000,101.18000,1729200
2023-11-02,101.25000,103.48000,100.17000,103.18000,1427200
2023-11-03,103.66000,105.31000,103.50000,103.94000,1195600
2023-11-06,103.74000,103.89000,102.82000,103.32000,787100
2023-11-07,103.02000,103.60000,102.58000,102.81000,722300
2023-11-08,102.77000,103.37000,102.21000,103.01000,683600
2023-11-09,103.35000,103.58000,102.27000,102.51000,667600
2023-11-10,103.00000,103.89000,102.75000,103.55000,656400
2023-11-13,103.46000,104.84000,102.72000,104.41000,673200
2023-11-14,104.96000,105.47000,103.82000,104.98000,786100
2023-11-15,105.01000,105.46000,104.30000,104.96000,687500
2023-11-16,105.15000,105.85000,104.63000,104.67000,650900
2023-11-17,105.95000,105.95000,104.93000,105.26000,731300
2023-11-20,105.00000,106.42000,104.72000,105.92000,665500
2023-11-21,105.95000,106.48000,105.34000,105.67000,456700
2023-11-22,105.68000,106.69000,105.50000,106.32000,528000
2023-11-24,106.72000,107.26000,106.49000,106.76000,237200
2023-11-27,106.53000,106.91000,106.14000,106.75000,401400
2023-11-28,106.88000,107.40000,106.33000,106.34000,513000
2023-11-29,106.59000,106.94000,105.74000,106.22000,635000
2023-11-30,106.28000,107.35000,105.71000,107.32000,1015200
2023-12-01,107.13000,108.95000,106.80000,108.94000,703000
2023-12-04,109.15000,111.39000,109.00000,111.30000,829900
2023-12-05,111.00000,111.00000,109.77000,110.00000,492700
2023-12-06,109.81000,110.87000,109.34000,109.70000,658400
2023-12-07,109.98000,110.29000,108.37000,108.68000,713400
2023-12-08,108.91000,109.30000,108.28000,108.49000,1002600
2023-12-11,108.61000,108.89000,107.79000,108.31000,906800
2023-12-12,108.26000,109.45000,107.89000,109.01000,537400
2023-12-13,109.06000,110.23000,108.77000,110.18000,665300
2023-12-14,109.98000,110.17000,107.52000,108.69000,882100
2023-12-15,107.69000,108.58000,106.91000,107.55000,1774500
2023-12-18,108.20000,108.65000,107.20000,107.89000,525500
2023-12-19,107.93000,108.09000,107.40000,107.71000,1053400
2023-12-20,107.65000,107.71000,105.71000,105.88000,709700
2023-12-21,106.35000,106.86000,105.52000,106.59000,526000
2023-12-22,106.92000,108.06000,106.92000,107.63000,449500
2023-12-26,107.49000,108.24000,107.21000,107.90000,572900
2023-12-27,107.86000,108.54000,107.54000,107.82000,304100
2023-12-28,107.71000,108.04000,107.36000,107.94000,295900
2023-12-29,107.96000,108.42000,107.73000,108.24000,478400
2024-01-02,107.94000,108.54000,107.27000,108.00000,709300
2024-01-03,107.54000,107.82000,106.38000,107.66000,1084500
2024-01-04,108.42000,108.82000,107.37000,107.82000,940300
2024-01-05,109.20000,109.51000,107.51000,108.74000,1566500
2024-01-08,109.01000,110.22000,108.18000,110.17000,764300
2024-01-09,110.27000,110.63000,109.44000,110.22000,546000
2024-01-10,110.14000,110.62000,109.43000,109.71000,587300
2024-01-11,109.65000,109.74000,108.30000,108.82000,551400
2024-01-12,108.80000,110.32000,108.80000,110.19000,451900
2024-01-16,109.89000,110.00000,108.14000,108.74000,542800
2024-01-17,108.02000,109.28000,108.02000,108.51000,592500
2024-01-18,108.62000,109.80000,107.73000,109.73000,701700
2024-01-19,110.00000,110.19000,109.07000,109.88000,505700
2024-01-22,110.16000,111.52000,110.16000,111.27000,459500
2024-01-23,111.37000,111.54000,110.28000,110.57000,379800
2024-01-24,111.02000,111.37000,110.05000,110.16000,348000
2024-01-25,110.92000,110.92000,108.95000,110.73000,531000
2024-01-26,111.63000,113.50000,110.96000,111.55000,666900
2024-01-29,111.33000,111.90000,110.58000,111.51000,544000
2024-01-30,111.57000,111.81000,111.20000,111.61000,758700
2024-01-31,111.94000,111.94000,110.16000,110.47000,571000
2024-02-01,110.67000,110.89000,109.66000,110.85000,637400
2024-02-02,110.62000,111.45000,110.04000,110.93000,428400
2024-02-05,110.15000,111.16000,108.97000,110.73000,746800
2024-02-06,110.65000,112.91000,110.61000,112.16000,609000
2024-02-07,112.33000,113.41000,111.95000,113.08000,640600
2024-02-08,112.90000,113.72000,112.53000,113.27000,779200
2024-02-09,113.63000,114.23000,112.99000,113.53000,816700
2024-02-12,113.80000,115.40000,113.67000,114.56000,1202000
2024-02-13,119.65000,122.50000,118.40000,121.28000,2467200
2024-02-14,121.93000,122.49000,119.31000,121.50000,1553500
2024-02-15,122.37000,123.17000,120.98000,122.19000,1771600
2024-02-16,122.20000,124.93000,121.04000,123.83000,1377000
2024-02-20,123.84000,124.96000,123.24000,123.50000,1319600
2024-02-21,123.49000,124.89000,122.76000,123.95000,1086300
2024-02-22,124.00000,125.35000,123.58000,124.75000,1032200
2024-02-23,125.20000,126.66000,125.20000,126.06000,1111900
2024-02-26,126.25000,126.88000,125.44000,125.69000,1049000
2024-02-27,125.50000,126.71000,125.34000,126.58000,1066000
2024-02-28,126.75000,127.10000,126.15000,126.56000,780700
2024-02-29,126.65000,128.07001,126.46000,127.86000,1050000
2024-03-01,129.00000,129.06000,126.79000,127.44000,834700
2024-03-04,127.82000,129.74001,127.44000,129.52000,661700
2024-03-05,129.80000,130.10001,128.38000,129.30000,688400
2024-03-06,129.31000,129.87000,128.53000,129.83000,554200
2024-03-07,130.23000,130.39000,128.39000,129.78999,917600
2024-03-08,129.71001,129.95000,128.11000,128.75999,531100
2024-03-11,127.95000,128.14999,126.68000,127.25000,656600
2024-03-12,127.07000,127.48000,125.87000,127.24000,894000
2024-03-13,127.62000,128.52000,127.14000,128.07001,837500
2024-03-14,127.48000,127.80000,125.81000,127.79000,746200
2024-03-15,126.48000,128.00999,126.21000,127.92000,1799700
2024-03-18,127.22000,127.88000,125.56000,126.35000,1471700
2024-03-19,126.43000,127.92000,126.43000,127.88000,734300
2024-03-20,127.92000,129.02000,127.32000,127.88000,749000
2024-03-21,128.11000,129.97000,127.45000,129.14999,516400
2024-03-22,129.50000,129.67999,128.67999,129.14000,617300
2024-03-25,129.21001,129.77000,128.22000,128.22000,440000
2024-03-26,128.07001,129.56000,128.07001,129.36000,588200
2024-03-27,130.30000,130.73000,129.61000,130.53999,669400
2024-03-28,130.92000,131.50000,130.19000,131.09000,682700
2024-04-01,130.81000,130.92000,129.84000,130.42000,444500
2024-04-02,130.42000,130.42000,128.78000,128.95000,556000
2024-04-03,128.87000,129.99001,128.69000,129.00999,719800
2024-04-04,129.85001,130.10001,128.34000,128.71001,547100
2024-04-05,128.69000,129.39999,127.78000,128.66000,688300
2024-04-08,128.66000,130.25999,128.23000,129.24001,779800
2024-04-09,129.46001,129.70000,126.74000,127.10000,714400
2024-04-10,125.90000,127.14000,125.12000,126.22000,740300
2024-04-11,126.36000,127.86000,125.58000,126.64000,717900
2024-04-12,126.31000,127.08000,124.93000,125.73000,785100
2024-04-15,127.01000,127.35000,124.20000,124.88000,817500
2024-04-16,125.82000,125.82000,124.32000,124.64000,871800
2024-04-17,125.08000,125.08000,123.23000,124.36000,1075700
2024-04-18,124.60000,125.21000,123.28000,123.76000,868000
2024-04-19,124.47000,125.45000,123.80000,124.91000,940400
2024-04-22,125.74000,127.06000,124.99000,126.03000,1021500
2024-04-23,126.76000,128.78000,126.38000,128.67999,1220200
2024-04-24,128.53999,130.35001,128.03999,128.89999,828700
2024-04-25,128.37000,130.14000,128.22000,129.88000,703000
2024-04-26,129.42999,130.95000,128.80000,130.36000,892000
2024-04-29,130.30000,132.34000,130.28999,131.62000,1277700
2024-04-30,139.09000,140.91000,135.12000,140.22000,3723800
2024-05-01,139.71001,142.89999,138.60001,142.19000,1950200
2024-05-02,142.31000,143.35001,140.73000,142.66000,1720100
2024-05-03,142.64999,143.07001,141.22000,141.67000,1311200
2024-05-06,142.39999,143.28999,141.67000,142.62000,1856300
2024-05-07,143.85001,144.17000,142.75000,142.85001,1016900
2024-05-08,143.50000,145.50000,143.50000,145.50000,1221600
2024-05-09,145.85001,147.00000,145.13000,146.83000,1066600
2024-05-10,147.25000,147.80000,146.73000,147.48000,667500
2024-05-13,147.56000,147.78000,146.06000,146.09000,969800
2024-05-14,145.99001,146.92999,145.37000,146.60001,786600
2024-05-15,146.64999,148.16000,146.64999,147.25000,941500
2024-05-16,147.42000,148.73000,147.16000,147.56000,603000
2024-05-17,147.92000,148.73000,147.00000,148.67000,674500
2024-05-20,148.91000,149.49001,147.92000,149.44000,475700
2024-05-21,149.63000,150.35001,149.59000,150.28000,608400
2024-05-22,150.27000,151.11000,149.63000,149.92000,1007900
2024-05-23,150.08000,151.16000,148.92000,149.77000,763700
2024-05-24,150.94000,151.32001,150.00000,151.14999,691700
2024-05-28,150.33000,150.58000,147.17000,147.58000,745600
2024-05-29,146.75999,147.31000,145.49001,145.72000,673700
2024-05-30,146.05000,146.35001,145.00999,145.28000,731300
2024-05-31,145.39999,147.10001,144.72000,147.05000,1565200
2024-06-03,146.67000,146.81000,143.66000,145.52000,1024400
2024-06-04,145.28000,145.31000,143.81000,144.52000,1086800
2024-06-05,144.57001,145.98000,143.63000,145.67000,545600
2024-06-06,145.59000,145.94000,143.11000,144.24001,615100
2024-06-07,144.42000,145.77000,144.03999,144.85001,664400
2024-06-10,144.75999,145.06000,143.66000,144.72000,790700
2024-06-11,144.34000,144.34000,143.11000,143.78000,705400
2024-06-12,144.14999,145.38000,143.53999,144.58000,551300
2024-06-13,144.17999,144.82001,143.63000,144.14999,618800
2024-06-14,142.78000,143.73000,142.09000,143.70000,737300
2024-06-17,143.28999,144.12000,141.75999,143.86000,859200
2024-06-18,143.64000,144.66000,143.07001,143.87000,741100
2024-06-20,143.61000,146.57001,143.61000,146.00999,801300
2024-06-21,145.69000,146.63000,144.21001,146.57001,1852200
2024-06-24,146.87000,149.49001,146.48000,148.56000,1216400
2024-06-25,148.60001,149.25000,147.03000,148.28999,656700
2024-06-26,147.74001,147.95000,145.82001,146.39000,1094800
2024-06-27,146.75000,147.46001,145.80000,147.17999,762800
2024-06-28,147.59000,148.66000,144.77000,145.88000,1835200
2024-07-01,146.58000,147.49001,144.73000,145.56000,633900
2024-07-02,145.47000,146.62000,145.05000,145.86000,517500
2024-07-03,145.64000,146.74001,145.27000,146.64000,297300
2024-07-05,146.64000,147.17000,144.81000,145.50999,411500
2024-07-08,146.00000,146.75999,145.50999,145.56000,425900
2024-07-09,145.75999,146.50000,144.77000,145.05000,550600
2024-07-10,145.91000,148.89000,145.91000,148.84000,1018500
2024-07-11,148.74001,149.30000,147.86000,148.95000,714200
2024-07-12,148.95000,151.42000,148.53000,149.92000,964900
2024-07-15,150.14999,151.14000,148.88000,148.96001,935300
2024-07-16,149.64000,152.61000,149.45000,151.81000,616300
2024-07-17,151.81000,152.74001,150.05000,150.24001,1243700
2024-07-18,150.53000,151.48000,150.03999,150.80000,704400
2024-07-19,151.60001,152.80000,149.57001,149.94000,862600
2024-07-22,150.36000,153.07001,150.14000,153.00000,861800
2024-07-23,153.24001,155.45000,152.78999,154.94000,658600
2024-07-24,154.52000,154.52000,150.07001,150.10001,1016400
2024-07-25,150.64000,153.77000,150.35001,152.02000,1088900
2024-07-26,152.20000,152.28999,148.67999,149.83000,1043800
2024-07-29,150.48000,153.62000,150.00000,152.97000,1209400
2024-07-30,153.00000,153.64999,145.83000,145.98000,1818800
2024-07-31,148.00000,149.00000,142.67999,144.39999,1831800
2024-08-01,145.23000,145.64000,142.35001,144.75000,1217100
2024-08-02,143.81000,145.53999,143.48000,145.39000,1063200
2024-08-05,143.36000,143.48000,140.42000,142.66000,1089000
2024-08-06,143.77000,145.78000,143.20000,143.28999,1059500
2024-08-07,143.96001,145.67999,143.03999,143.17999,877800
2024-08-08,143.05000,145.39000,142.28000,144.38000,832400
2024-08-09,144.16000,144.99001,143.03999,144.21001,1018800
2024-08-12,144.00000,145.80000,143.48000,144.69000,739600
2024-08-13,144.47000,145.62000,143.52000,144.82001,950500
2024-08-14,144.62000,147.39999,144.50999,147.34000,576400
2024-08-15,147.53000,148.64999,146.60001,147.95000,456200
2024-08-16,148.16000,148.71001,147.13000,148.02000,494200
2024-08-19,147.99001,150.17999,147.47000,150.14000,524100
2024-08-20,150.20000,150.49001,149.05000,150.14000,522900
2024-08-21,150.25000,151.45000,149.53999,150.84000,486800
2024-08-22,150.87000,153.98000,150.87000,153.28000,566800
2024-08-23,153.52000,154.99001,153.52000,154.89999,539600
2024-08-26,155.00000,156.20000,154.50000,154.87000,521600
2024-08-27,154.83000,156.14999,154.21001,156.06000,521600
2024-08-28,156.35001,157.27000,155.74001,156.35001,608800
2024-08-29,156.46001,158.89999,156.19000,157.44000,691500
2024-08-30,157.50999,158.82001,156.77000,158.50999,1072400
2024-09-03,158.32001,159.10001,155.00999,155.80000,872600
2024-09-04,155.50000,156.57001,155.10001,156.09000,1301000
2024-09-05,156.09000,156.39000,153.44000,155.80000,886500
2024-09-06,155.52000,156.53999,152.72000,152.85001,890500
2024-09-09,153.71001,154.58000,153.19000,153.46001,807800
2024-09-10,153.92999,154.28000,152.98000,154.06000,689600
2024-09-11,153.46001,153.46001,149.50000,152.44000,774100
2024-09-12,152.14999,154.19000,151.77000,154.09000,605600
2024-09-13,154.00000,156.91000,153.53000,155.50000,756300
2024-09-16,156.07001,156.72000,154.39999,154.81000,509500
2024-09-17,154.50000,155.57001,154.12000,154.34000,530300
2024-09-18,154.32001,154.97000,153.19000,153.78999,758600
2024-09-19,154.50000,156.37000,153.39999,156.09000,622900
2024-09-20,155.42000,157.10001,154.78999,157.06000,1484000
2024-09-23,157.38000,160.32001,156.92000,159.67999,973900
2024-09-24,160.02000,160.02000,157.44000,158.45000,750300
2024-09-25,159.17999,159.71001,157.42999,158.00000,582100
2024-09-26,157.20000,158.86000,157.20000,158.42999,672400
2024-09-27,158.38000,160.00000,158.38000,159.72000,1080500
2024-09-30,160.00000,163.27000,159.27000,163.00000,1084800
2024-10-01,162.84000,165.49001,161.63000,165.00999,705400
2024-10-02,164.50000,166.00999,163.39999,165.20000,635500
2024-10-03,165.17000,165.81000,164.42999,165.14999,723400
2024-10-04,165.99001,166.48000,164.13000,166.39000,583900
2024-10-07,166.00000,167.64000,164.70000,166.66000,513000
2024-10-08,167.30000,168.02000,165.89000,166.62000,575600
2024-10-09,167.06000,167.89000,166.42999,167.67000,540000
2024-10-10,167.42999,167.55000,163.56000,164.55000,698100
2024-10-11,165.28999,167.50999,165.24001,167.20000,428500
2024-10-14,167.75000,169.17000,167.33000,168.63000,477500
2024-10-15,169.77000,170.08000,167.50000,167.70000,616400
2024-10-16,167.42000,168.62000,167.20000,168.07001,611400
2024-10-17,168.75000,169.52000,167.74001,168.35001,746800
2024-10-18,168.75999,169.72000,166.64999,169.52000,579700
2024-10-21,169.84000,170.14999,168.53999,169.67999,365200
2024-10-22,168.92999,169.95000,167.06000,167.55000,634200
2024-10-23,167.10001,168.42999,166.75000,168.31000,570800
2024-10-24,168.41000,169.94000,167.32001,168.78999,570900
2024-10-25,170.25000,171.35001,168.53999,168.71001,592600
2024-10-28,169.83000,170.53999,168.52000,169.73000,779200
2024-10-29,182.00000,186.88000,177.25000,185.86000,2170700
2024-10-30,188.12000,188.36000,184.20000,185.74001,1421800
2024-10-31,184.94000,186.22000,181.80000,183.16000,1363300
2024-11-01,184.17000,184.98000,182.83000,182.97000,1053200
2024-11-04,184.35001,186.57001,183.66000,186.32001,1006800
2024-11-05,186.33000,190.25000,186.32001,190.07001,1006200
2024-11-06,198.39999,198.99001,192.17000,194.20000,1423400
2024-11-07,194.24001,195.85001,192.58000,192.63000,1040900
2024-11-08,194.50999,199.11000,193.61000,198.42000,923200
2024-11-11,200.59000,201.99001,199.80000,201.39000,1133700
2024-11-12,201.60001,202.89999,199.94000,201.27000,744000
2024-11-13,201.36000,202.50999,193.84000,194.39999,1393900
2024-11-14,194.22000,194.94000,166.48000,167.96001,4694400
2024-11-15,167.80000,168.73000,156.75000,160.64999,5723200
2024-11-18,161.00000,162.00000,156.88000,158.84000,2738100
2024-11-19,158.73000,163.27000,157.42999,158.28999,1977900
2024-11-20,158.39000,162.25999,158.03000,162.14999,1912300
2024-11-21,163.00000,167.72000,162.14999,164.69000,2079700
2024-11-22,165.37000,166.38000,163.33000,165.50999,1770500
2024-11-25,166.00999,166.36000,160.53999,163.60001,1677200
2024-11-26,163.59000,166.84000,162.48000,166.11000,1278400
2024-11-27,165.70000,166.73000,162.32001,163.97000,1148800
2024-11-29,164.55000,165.46001,163.03999,165.39999,620300
2024-12-02,166.00000,166.42000,163.25000,164.13000,1407300
2024-12-03,164.39999,166.46001,164.03999,164.13000,1277200
2024-12-04,163.83000,165.75000,162.82001,165.06000,980000
2024-12-05,165.57001,165.57001,161.84000,163.75999,1240900
2024-12-06,163.75999,164.27000,162.73000,163.14999,976700
2024-12-09,163.00999,163.00999,159.11000,160.31000,1252600
2024-12-10,161.09000,161.82001,159.88000,160.16000,1308400
2024-12-11,160.67999,160.78999,152.61000,153.55000,1908000
2024-12-12,150.10001,154.20000,147.25999,152.98000,1844900
2024-12-13,152.96001,154.60001,152.50999,153.16000,1071200
2024-12-16,152.71001,154.08000,150.78999,152.50000,1051400
2024-12-17,151.50000,151.96001,148.88000,150.14000,1205000
2024-12-18,150.46001,150.81000,146.00000,146.05000,1307000
2024-12-19,147.09000,147.64999,142.16000,143.20000,2565800
2024-12-20,142.60001,145.98000,141.94000,144.81000,3054900
2024-12-23,144.28999,145.64999,143.47000,145.20000,1065900
2024-12-24,144.55000,145.85001,143.80000,145.58000,708200
2024-12-26,145.22000,146.33000,144.33000,145.71001,654200
2024-12-27,144.70000,146.37000,143.71001,144.49001,616000
2024-12-30,143.03000,143.86000,142.03999,143.17000,666800
2024-12-31,143.56000,144.28999,142.14999,144.06000,1131600
2025-01-02,145.35001,146.39999,143.20000,143.30000,744700
2025-01-03,143.17999,147.92000,143.03999,147.14999,1075200
2025-01-06,147.05000,150.52000,146.66000,148.24001,1399300
2025-01-07,148.85001,149.98000,146.02000,147.30000,1063000
2025-01-08,146.61000,146.74001,143.78999,145.75000,1314800
2025-01-10,145.75000,151.03000,145.75000,149.44000,1540800
2025-01-13,148.80000,153.36000,148.00000,152.64000,1437000
2025-01-14,152.09000,153.27000,150.67000,152.75999,769300
2025-01-15,153.95000,155.41000,152.75000,155.25000,990400
2025-01-16,154.92999,156.08000,153.63000,155.09000,649700
2025-01-17,155.88000,156.38000,154.35001,155.17999,1318000
2025-01-21,156.81000,161.28999,155.73000,160.58000,1414000
2025-01-22,161.17000,162.30000,160.07001,161.11000,1436700
2025-01-23,161.11000,162.10001,147.28999,148.91000,2386500
2025-01-24,149.87000,151.37000,144.80000,145.59000,1661400
2025-01-27,145.99001,149.27000,145.00000,148.46001,1089000
2025-01-28,148.50999,148.50999,137.55000,141.49001,1678900
2025-01-29,142.45000,143.77000,139.91000,140.27000,1670900
2025-01-30,140.74001,142.28999,138.49001,142.19000,1364300
2025-01-31,141.49001,143.69000,138.00000,142.03000,1409800
2025-02-03,140.64000,142.53000,138.25000,141.64999,1254000
2025-02-04,142.19000,143.25999,140.46001,141.96001,1063800
2025-02-05,143.59000,143.59000,140.07001,141.28999,1047600
2025-02-06,141.20000,142.39999,138.45000,140.82001,1365800
2025-02-07,141.71001,142.89999,140.19000,142.27000,1215700
2025-02-10,142.48000,144.14000,141.67999,142.77000,1730800
2025-02-11,147.50999,148.63000,132.78000,137.60001,3563300
2025-02-12,136.48000,137.72000,134.33000,136.85001,1664300
2025-02-13,136.28000,137.00000,129.53999,130.64999,2605600
2025-02-14,131.42999,133.60001,130.57001,132.25999,1752300
2025-02-18,132.17999,134.00000,129.86000,131.27000,1852700
2025-02-19,131.00000,133.08000,130.20000,131.50000,1398100
2025-02-20,130.50999,131.27000,128.13000,130.05000,1953900
2025-02-21,129.16000,129.23000,125.06000,126.82000,2570800
2025-02-24,131.25999,132.37000,126.79000,128.30000,2290900
2025-02-25,128.17999,132.07001,127.82000,130.74001,2175200
2025-02-26,129.95000,131.98000,129.19000,129.59000,887900
2025-02-27,129.41000,131.03999,128.75000,129.67000,1352100
2025-02-28,127.81000,130.00000,123.62000,129.97000,2288300
2025-03-03,131.39999,131.44000,127.80000,129.20000,1714300
2025-03-04,128.89000,134.86000,127.39000,132.22000,1991100
2025-03-05,131.85001,135.59000,131.25000,133.71001,1819500
2025-03-06,132.17000,133.60001,131.00999,133.06000,1489400
2025-03-07,131.97000,140.23000,130.70000,139.24001,2539300
2025-03-10,138.64999,143.00000,136.44000,137.38000,2016600
2025-03-11,136.66000,137.25999,132.75000,134.11000,1871100
2025-03-12,133.85001,134.84000,131.03000,133.60001,1203800
2025-03-13,133.20000,134.75999,132.23000,132.86000,1291200
2025-03-14,133.23000,135.55000,132.63000,134.55000,803900
2025-03-17,136.87000,142.27000,135.55000,138.20000,1711500
2025-03-18,137.23000,139.00000,136.14999,138.66000,1382400
2025-03-19,138.95000,141.70000,137.78999,138.60001,1416400
2025-03-20,137.31000,137.31000,133.50999,134.85001,1955100
2025-03-21,134.27000,134.75000,132.08000,133.83000,3989800
2025-03-24,134.74001,136.05000,133.44000,135.78999,1078100
2025-03-25,136.67000,137.33000,134.67000,136.25000,1341300
2025-03-26,136.25000,137.53000,135.17000,136.34000,1032400
2025-03-27,136.74001,137.20000,134.99001,135.67999,1002900
2025-03-28,134.20000,136.27000,132.80000,134.06000,1592100
2025-03-31,133.36000,136.31000,132.67000,134.94000,1843000
2025-04-01,134.94000,135.74001,132.95000,134.96001,1512500
2025-04-02,133.17000,143.55000,132.42999,142.94000,3736900
2025-04-03,139.14000,143.96001,138.00999,139.49001,2090400
2025-04-04,136.80000,140.31000,133.11000,133.14000,2770600
2025-04-07,130.81000,136.78999,128.32001,132.89999,1703900
2025-04-08,135.00000,137.50000,131.73000,133.36000,2019600
2025-04-09,130.52000,140.74001,130.35001,139.73000,2684500
2025-04-10,138.12000,140.57001,135.80000,139.67000,1581000
2025-04-11,139.57001,142.92999,137.25999,141.88000,1073600
2025-04-14,143.20000,144.07001,140.13000,142.98000,1281700
2025-04-15,142.88000,143.14000,140.83000,141.39999,1453800
2025-04-16,141.60001,142.36000,139.31000,139.89999,1508600
2025-04-17,139.25999,140.39999,138.03999,139.42000,1754500
2025-04-21,140.00000,140.64999,136.91000,138.24001,962800
2025-04-22,138.92000,141.85001,138.55000,141.25999,1194600
2025-04-23,143.75000,145.00000,141.72000,142.00000,925700
2025-04-24,142.81000,146.48000,141.25999,145.56000,1153500
2025-04-25,145.84000,146.88000,144.41000,145.71001,1212800
2025-04-28,145.87000,146.99001,144.00999,145.75000,1178200
2025-04-29,145.92000,148.06000,145.35001,147.56000,1146600
2025-04-30,146.82001,147.63000,145.13000,147.17999,1025500
2025-05-01,146.77000,147.70000,144.88000,146.61000,1027400
2025-05-02,148.78999,149.49001,146.35001,148.78999,1494300
2025-05-05,147.61000,150.17999,147.61000,147.94000,1814700
2025-05-06,145.87000,155.75999,144.63000,154.75000,2626900
2025-05-07,153.88000,155.44000,152.23000,154.72000,1612000
2025-05-08,155.99001,156.77000,153.00999,154.71001,1176900
2025-05-09,155.16000,156.95000,154.10001,155.70000,1306400
2025-05-12,157.00000,157.28999,154.00999,156.09000,1551200
2025-05-13,155.61000,156.28999,154.62000,155.42999,958700
2025-05-14,155.73000,156.00000,152.83000,153.06000,1278900
2025-05-15,153.80000,156.81000,153.80000,156.75999,1170700
2025-05-16,155.28000,159.14999,155.28000,159.00000,1007000
2025-05-19,158.50000,159.73000,157.78999,159.53000,915400
2025-05-20,159.03000,161.00000,158.55000,160.30000,826800
2025-05-21,159.94000,159.94000,157.83000,158.94000,1282500
2025-05-22,158.81000,159.45000,157.03000,158.30000,1077600
2025-05-23,155.14000,156.00000,150.50999,152.49001,1568100
2025-05-27,150.64999,152.98000,149.25999,152.55000,1617300
2025-05-28,152.66000,153.42999,148.64000,149.36000,2162400
2025-05-29,149.78999,149.88000,146.67000,147.50000,1818800
2025-05-30,147.83000,148.57001,146.14000,148.52000,2289100
2025-06-02,147.38000,147.38000,140.28999,141.64999,2258100
2025-06-03,141.60001,145.34000,139.69000,144.49001,1867200
2025-06-04,144.11000,145.61000,143.61000,144.42000,1076100
2025-06-05,145.12000,145.39999,143.78999,145.37000,989000
2025-06-06,146.73000,148.30000,145.67000,148.14000,920300
2025-06-09,148.60001,148.81000,144.56000,146.34000,873400
2025-06-10,147.00000,147.24001,144.64999,145.59000,650400
2025-06-11,145.37000,146.03999,143.55000,145.92000,950400
2025-06-12,145.78000,148.03999,145.25000,148.02000,764100
2025-06-13,148.74001,151.00999,146.82001,149.16000,1107700
2025-06-16,148.61000,148.92999,145.42999,148.25000,1075300
2025-06-17,148.06000,149.92000,147.12000,149.39000,1201000
2025-06-18,149.45000,150.88000,148.03999,148.35001,759700
2025-06-20,148.48000,148.99001,145.89999,148.45000,3006200
2025-06-23,149.00000,151.60001,147.44000,150.67000,1187000
2025-06-24,151.00000,152.71001,148.80000,152.23000,1220700
2025-06-25,152.94000,154.59000,151.53999,153.96001,1113800
2025-06-26,154.75000,157.35001,153.17000,155.67999,1253700
2025-06-27,155.80000,156.25999,153.28000,155.67999,1141000
2025-06-30,156.30000,158.00000,155.44000,157.75999,981300
2025-07-01,157.48000,161.12000,157.00000,160.94000,1152800
2025-07-02,159.72000,162.77000,158.47000,162.62000,1317700
2025-07-03,163.08000,165.97000,162.66000,164.56000,950900
2025-07-07,165.11000,165.49001,163.55000,164.46001,1280800
2025-07-08,163.41000,164.53000,161.75000,162.09000,1054000
2025-07-09,162.33000,162.66000,160.42999,162.21001,754500
2025-07-10,162.03999,163.73000,161.64000,163.00000,648000
2025-07-11,162.84000,163.09000,160.53000,162.05000,698400
2025-07-14,161.81000,164.67999,161.00000,163.67000,678200
2025-07-15,163.89000,164.58000,160.20000,160.21001,702000
2025-07-16,159.96001,161.35001,158.64000,161.03999,665700
2025-07-17,161.00000,163.20000,160.82001,162.71001,563200
2025-07-18,163.35001,163.94000,161.94000,162.53999,466400
2025-07-21,162.50000,162.53999,160.45000,160.74001,503400
2025-07-22,161.16000,162.34000,158.77000,161.28000,886100
2025-07-23,162.00999,164.12000,161.78000,163.91000,605300
2025-07-24,163.91000,165.35001,162.89999,163.25000,658000
2025-07-25,163.99001,164.10001,160.57001,163.25000,704500
2025-07-28,163.22000,163.71001,158.91000,160.35001,961000
2025-07-29,161.99001,162.31000,160.33000,161.50999,544100
2025-07-30,161.53000,162.50000,160.09000,161.05000,548100
2025-07-31,160.78000,161.89999,159.25000,159.64999,871300
2025-08-01,159.36000,160.20000,156.31000,159.20000,784000
2025-08-04,159.28000,161.27000,158.58000,160.95000,1303600
2025-08-05,168.00999,173.60001,164.14999,172.94000,2216600
2025-08-06,175.00000,175.77000,170.41000,174.49001,1749500
2025-08-07,175.48000,177.17999,173.95000,175.27000,1135400
2025-08-08,175.34000,177.42000,174.37000,176.50000,826500
2025-08-11,176.22000,178.92000,175.88000,177.14000,907600
2025-08-12,176.64999,178.14999,175.66000,178.02000,823800
2025-08-13,177.75000,182.17999,177.49001,181.95000,902500
2025-08-14,181.77000,182.88000,177.59000,178.44000,876700
2025-08-15,178.50999,178.70000,176.14999,177.63000,849300
2025-08-18,178.53999,179.32001,177.75999,178.12000,561600
2025-08-19,177.78000,179.99001,176.50000,178.74001,716700
2025-08-20,178.64999,180.78000,177.57001,180.16000,789700
2025-08-21,179.53999,180.71001,179.03999,180.44000,554900
2025-08-22,180.50000,183.59000,180.30000,181.74001,608900
2025-08-25,181.60001,182.37000,180.96001,181.61000,477000
2025-08-26,181.21001,182.45000,180.39000,182.35001,686200
2025-08-27,181.92999,183.73000,181.35001,183.39000,541700
2025-08-28,183.08000,183.50000,180.03000,181.36000,592500
2025-08-29,181.27000,182.50000,180.03999,180.92000,671000
2025-09-02,180.92000,181.50000,179.36000,180.89000,596100
2025-09-03,180.77000,181.05000,176.66000,177.71001,615500
2025-09-04,177.00000,178.58000,174.64000,178.58000,1065100
2025-09-05,179.49001,180.17000,177.42000,179.00000,697500
2025-09-08,178.25000,178.57001,176.34000,178.41000,641500
2025-09-09,178.25000,179.17999,176.75000,179.03000,751100
2025-09-10,178.95000,180.49001,178.28999,180.37000,525900
2025-09-11,181.00000,185.92000,180.71001,185.13000,851300
2025-09-12,184.82001,185.46001,183.72000,183.86000,541400
2025-09-15,182.25999,184.38000,181.84000,182.73000,746100
2025-09-16,182.56000,183.78999,180.84000,182.58000,904500
2025-09-17,182.59000,185.00000,181.08000,183.80000,710600
2025-09-18,183.31000,187.57001,181.28999,187.14999,832500
2025-09-19,187.75999,188.89999,186.50999,187.45000,3133100
2025-09-22,186.89000,188.28000,183.39000,187.87000,753600
2025-09-23,188.52000,190.67999,185.12000,187.11000,778700
2025-09-24,188.33000,189.21001,186.91000,187.39999,727300
2025-09-25,187.28999,188.37000,179.20000,182.36000,1041600
2025-09-26,183.35001,185.85001,181.44000,184.89999,838200
2025-09-29,186.22000,187.50000,184.09000,185.61000,846900
2025-09-30,186.21001,189.74001,186.06000,188.96001,844400
2025-10-01,186.81000,191.66000,186.81000,191.63000,956000
2025-10-02,191.25000,193.64000,190.06000,192.89000,744800
2025-10-03,192.81000,197.46001,192.00000,195.58000,868100
2025-10-06,195.58000,198.81000,195.00000,198.03999,885400
2025-10-07,198.95000,199.28000,196.39000,197.00000,669000
2025-10-08,198.00000,198.56000,195.64000,198.23000,779800
2025-10-09,198.17999,198.61000,193.85001,194.05000,674300
2025-10-10,194.47000,194.80000,187.82001,188.03000,763500
2025-10-13,188.10001,188.38000,185.52000,185.94000,781000
2025-10-14,185.17000,188.80000,184.31000,187.27000,512800
2025-10-15,187.67000,189.28000,184.28999,186.57001,496000
2025-10-16,186.14000,187.36000,183.99001,184.41000,628400
2025-10-17,184.25999,185.75999,180.45000,184.50999,774800
2025-10-20,186.28000,191.28999,185.10001,190.49001,536300
2025-10-21,190.81000,193.72000,190.50000,193.16000,855500
2025-10-22,192.62000,193.39999,188.00000,188.47000,832100
2025-10-23,189.07001,193.23000,188.63000,191.39000,813600
2025-10-24,191.32001,191.32001,183.75999,189.96001,779700
2025-10-27,189.96001,190.02000,188.23000,189.11000,583100
2025-10-28,189.11000,189.77000,186.97000,187.81000,581200
2025-10-29,187.00999,190.71001,186.10001,188.16000,531500
2025-10-30,188.57001,192.24001,188.08000,190.92000,835500
2025-10-31,191.00999,192.80000,189.12000,190.47000,749200
2025-11-03,189.94000,194.12000,188.25000,193.05000,1639500
2025-11-04,189.64999,205.77000,188.10001,199.55000,1509400
2025-11-05,199.98000,202.00000,194.75000,195.07001,1018600
2025-11-06,195.07001,197.78000,193.25000,194.75999,684000
2025-11-07,195.13000,198.00000,193.05000,196.98000,605700
2025-11-10,197.32001,198.09000,194.24001,196.87000,570300
2025-11-11,196.49001,200.46001,195.50999,198.25000,591800
2025-11-12,197.50000,199.55000,192.74001,193.02000,876200
2025-11-13,193.88000,195.39000,190.67000,191.32001,790100
2025-11-14,191.10001,191.72000,188.94000,191.41000,823200
2025-11-17,191.05000,191.64999,188.24001,188.78999,597000
2025-11-18,188.98000,190.94000,187.53999,189.11000,677700
2025-11-19,188.74001,190.14000,187.22000,189.17999,649800
2025-11-20,191.25000,193.00000,185.36000,185.66000,808600
2025-11-21,186.31000,189.53999,185.55000,186.49001,1025800
2025-11-24,185.81000,187.75000,183.85001,186.81000,1267400
2025-11-25,187.89999,192.13000,187.48000,191.50000,872800
2025-11-26,191.80000,192.92000,190.19000,190.36000,760800
2025-11-28,190.85001,191.67000,190.30000,191.10001,379600
2025-12-01,190.46001,191.73000,188.33000,188.42000,769900
2025-12-02,189.11000,189.98000,186.27000,187.07001,764800
2025-12-03,187.84000,189.08000,186.80000,188.44000,585300
2025-12-04,189.03999,196.56000,189.03999,192.42000,782900
2025-12-05,191.62000,191.62000,183.91000,186.82001,917200
2025-12-08,187.33000,187.33000,184.42000,185.62000,887600
2025-12-09,185.61000,186.98000,184.67999,184.95000,872900
2025-12-10,184.16000,189.41000,184.00999,188.31000,770100
2025-12-11,189.05000,191.53999,187.39999,190.53000,659800
2025-12-12,190.53000,191.53000,187.11000,189.73000,1152300
2025-12-15,188.36000,189.73000,184.88000,185.95000,955000
2025-12-16,185.86000,186.50000,180.74001,182.16000,882200
2025-12-17,181.06000,183.61000,180.00000,181.36000,852500
2025-12-18,182.22000,183.57001,180.63000,181.19000,886800
2025-12-19,181.28999,184.78000,180.28999,184.67999,2420900
2025-12-22,185.19000,187.38000,184.14000,186.03999,700400
2025-12-23,185.98000,187.35001,184.64000,186.32001,553700
2025-12-24,186.32001,187.50000,185.61000,186.63000,272700
2025-12-26,187.11000,187.42000,185.30000,185.86000,278000
2025-12-29,185.82001,186.86000,184.20000,185.49001,314900
2025-12-30,185.03999,185.66000,182.46001,183.35001,658200
2025-12-31,182.53000,183.06000,180.32001,180.39999,649300
2026-01-02,179.60001,183.78000,178.81000,183.47000,654400
2026-01-05,185.23000,196.39999,184.00000,195.49001,1197400
2026-01-06,195.20000,197.92999,194.64999,197.50000,747300
2026-01-07,198.88000,202.23000,195.98000,196.61000,1148300
2026-01-08,198.00000,205.00000,187.75999,195.22000,1765400
2026-01-09,193.67999,201.00000,193.64999,198.34000,994800
2026-01-12,198.80000,200.66000,194.89999,195.60001,965500
2026-01-13,196.77000,199.09000,195.06000,195.96001,974700
2026-01-14,196.03999,197.14999,188.25999,190.82001,1319100
2026-01-15,190.39000,193.50999,189.00000,193.36000,1095700
2026-01-16,192.22000,194.73000,190.81000,194.70000,889000
2026-01-20,193.49001,195.52000,190.80000,190.92000,766300
2026-01-21,191.36000,193.61000,189.24001,192.12000,920800
2026-01-22,192.70000,196.06000,189.67000,193.45000,860900
2026-01-23,194.99001,198.00000,190.17999,191.23000,659400
2026-01-26,193.00000,193.00000,185.89999,189.50000,844600
2026-01-27,188.69000,189.30000,186.42999,187.14999,804800
2026-01-28,185.85001,188.21001,184.00000,187.77000,599000
2026-01-29,188.46001,190.41000,185.69000,187.19000,585600
2026-01-30,185.67000,188.39000,184.69000,188.28000,946300
2026-02-02,187.53999,188.63000,185.85001,188.03999,697800
2026-02-03,187.97000,190.45000,185.83000,189.78999,868000
2026-02-04,189.28000,191.00000,186.82001,188.44000,877100
2026-02-05,187.95000,190.87000,185.36000,186.08000,1019600
2026-02-06,187.66000,194.28000,186.38000,192.99001,736000
2026-02-09,194.32001,195.94000,193.22000,194.58000,659800
2026-02-10,194.57001,195.34000,191.22000,194.72000,764100
2026-02-11,194.72000,196.00000,172.45000,173.00000,1526500
2026-02-12,175.22000,179.47000,169.17999,171.44000,1477400
2026-02-13,172.34000,176.64999,171.64000,176.30000,1258600
2026-02-17,178.27000,179.20000,161.53000,161.53000,2595900
2026-02-18,163.44000,172.02000,161.05000,171.53000,2092300
2026-02-19,170.70000,177.42000,170.05000,176.27000,1365300
2026-02-20,175.03000,175.22000,171.55000,173.50000,936500
2026-02-23,172.17999,174.00000,170.60001,172.00000,1113200
2026-02-24,171.94000,174.80000,171.50000,174.13000,1512000
2026-02-25,174.97000,175.44000,168.14999,169.89000,1483300
2026-02-26,172.00999,176.49001,170.71001,175.86000,1375900
2026-02-27,174.77000,177.00000,173.62000,175.10001,1549300
2026-03-02,177.00000,179.53999,174.75000,179.39999,1579800
2026-03-03,177.17000,181.13000,176.09000,180.64999,1810100
2026-03-04,180.64999,181.00000,176.52000,176.70000,1290900
2026-03-05,175.48000,176.89000,173.23000,175.66000,1046000
2026-03-06,175.64999,179.13000,174.25999,177.89000,978400
2026-03-09,177.17999,180.00999,174.03000,179.53999,926800
2026-03-10,177.94000,177.94000,170.03000,172.50999,1313400
2026-03-11,171.89999,175.82001,170.52000,173.37000,933300
2026-03-12,173.31000,175.67999,172.16000,173.81000,1152800
2026-03-13,174.98000,175.39999,172.47000,173.86000,791600
2026-03-16,172.52000,172.78000,166.31000,167.45000,1342500
2026-03-17,168.31000,170.60001,166.39999,168.98000,1058200
2026-03-18,168.78999,170.28999,166.64000,166.75000,948000
2026-03-19,165.92999,167.12000,165.00000,165.95000,989200
2026-03-20,164.70000,166.82001,164.70000,165.87000,4464700
2026-03-23,166.44000,167.98000,162.50999,162.53999,1290200
2026-03-24,161.13000,163.27000,157.25000,158.99001,1158200
2026-03-25,160.00000,161.00999,156.82001,158.88000,714200
2026-03-26,158.05000,159.87000,156.85001,157.58000,611300
2026-03-27,157.50000,157.50000,154.97000,155.53000,675100
2026-03-30,157.10001,157.39999,152.74001,154.19000,1023000
2026-03-31,156.02000,158.49001,154.38000,155.52000,997600
2026-04-01,154.48000,157.35001,154.48000,156.00999,852800
2026-04-02,155.19000,159.25999,154.08000,158.82001,688900
2026-04-06,158.52000,159.99001,157.80000,159.47000,646700
2026-04-07,159.21001,160.38000,157.78000,158.87000,635100
2026-04-08,158.06000,162.00000,157.69000,160.64000,789400
2026-04-09,160.13000,160.14000,155.58000,155.63000,645100
2026-04-10,155.17000,156.81000,151.11000,152.88000,805300
2026-04-13,155.19000,157.94000,153.60001,157.59000,1220300
2026-04-14,157.92999,158.39000,156.03999,156.17000,861700
2026-04-15,156.53999,159.25000,156.12000,158.75000,249687
