date,open,high,low,close,volume
2016-02-04,97.95000,100.41000,96.45000,98.90000,870200
2016-02-05,98.73000,100.75000,98.06000,98.59000,1354700
2016-02-08,96.89000,97.01000,93.54000,94.98000,988500
2016-02-09,94.27000,97.41000,94.00000,97.00000,1485500
2016-02-10,97.17000,100.63000,96.95000,98.23000,964500
2016-02-11,96.75000,100.49000,96.75000,97.89000,993200
2016-02-12,99.24000,100.81000,97.89000,100.71000,688000
2016-02-16,102.45000,104.86000,101.88000,103.90000,1116700
2016-02-17,104.02000,107.62000,103.43000,106.33000,1218200
2016-02-18,106.79000,106.79000,103.38000,104.89000,1036200
2016-02-19,104.09000,104.43000,102.55000,103.32000,1145700
2016-02-22,104.60000,106.60000,104.14000,105.95000,550700
2016-02-23,104.90000,104.90000,100.14000,100.31000,1059400
2016-02-24,99.50000,99.50000,96.64000,98.44000,1537100
2016-02-25,98.50000,100.79000,97.13000,100.66000,688400
2016-02-26,101.47000,102.52000,100.67000,101.78000,613300
2016-02-29,101.50000,103.58000,101.10000,101.35000,938300
2016-03-01,102.81000,105.69000,102.01000,105.14000,1004100
2016-03-02,104.71000,106.95000,104.53000,106.79000,824400
2016-03-03,106.66000,110.03000,106.58000,109.77000,1061700
2016-03-04,109.61000,110.28000,107.42000,109.00000,779200
2016-03-07,107.95000,109.24000,107.68000,108.43000,654100
2016-03-08,107.75000,108.43000,104.64000,105.69000,920300
2016-03-09,105.89000,108.64000,105.53000,108.13000,557300
2016-03-10,108.77000,109.16000,104.78000,106.05000,718000
2016-03-11,106.91000,110.30000,106.91000,109.46000,704300
2016-03-14,108.55000,111.06000,107.95000,110.62000,680900
2016-03-15,109.71000,110.70000,109.60000,110.50000,710700
2016-03-16,110.39000,112.27000,110.20000,112.19000,885400
2016-03-17,111.46000,112.86000,111.16000,112.40000,675900
2016-03-18,112.72000,113.90000,111.32000,111.91000,770400
2016-03-21,112.00000,112.31000,110.77000,112.18000,619200
2016-03-22,111.35000,112.59000,110.45000,112.25000,432000
2016-03-23,112.31000,113.79000,110.56000,110.77000,582500
2016-03-24,110.14000,110.56000,108.52000,110.49000,673200
2016-03-28,110.50000,110.84000,109.62000,109.95000,405100
2016-03-29,109.95000,111.96000,109.48000,111.54000,389000
2016-03-30,112.42000,112.69000,111.08000,111.65000,655600
2016-03-31,111.65000,112.23000,110.87000,111.17000,702500
2016-04-01,110.23000,110.23000,105.51000,106.08000,1437300
2016-04-04,105.81000,105.91000,101.68000,102.49000,1462000
2016-04-05,101.48000,104.71000,100.83000,103.70000,1171900
2016-04-06,103.86000,106.30000,103.30000,106.28000,1049100
2016-04-07,106.02000,107.13000,102.71000,103.80000,1028000
2016-04-08,104.62000,106.82000,103.89000,104.66000,966900
2016-04-11,105.48000,107.23000,105.09000,106.16000,664300
2016-04-12,106.51000,106.97000,105.36000,105.87000,426300
2016-04-13,106.79000,109.52000,106.79000,109.34000,614600
2016-04-14,109.53000,111.15000,109.53000,109.79000,476200
2016-04-15,109.64000,109.74000,107.93000,108.65000,552000
2016-04-18,108.52000,109.66000,108.40000,109.21000,397400
2016-04-19,110.00000,113.37000,109.57000,112.11000,946700
2016-04-20,111.97000,113.64000,111.44000,113.00000,607700
2016-04-21,113.47000,114.35000,113.01000,113.12000,766400
2016-04-22,113.09000,113.63000,111.76000,112.77000,456900
2016-04-25,112.62000,114.67000,111.68000,113.15000,916100
2016-04-26,113.54000,116.79000,113.31000,116.14000,1201000
2016-04-27,119.47000,120.00000,115.31000,116.01000,1638300
2016-04-28,115.47000,116.74000,111.43000,115.45000,1320100
2016-04-29,115.48000,116.41000,114.02000,115.13000,1130600
2016-05-02,116.00000,117.38000,115.19000,117.30000,1232700
2016-05-03,116.33000,117.25000,113.12000,116.13000,1162500
2016-05-04,115.37000,116.69000,114.61000,115.42000,895600
2016-05-05,116.03000,116.71000,114.26000,114.35000,876800
2016-05-06,114.21000,115.17000,113.62000,115.02000,900800
2016-05-09,115.15000,116.08000,114.85000,115.10000,637900
2016-05-10,115.55000,116.78000,114.90000,116.32000,712000
2016-05-11,115.73000,117.62000,115.15000,115.27000,662100
2016-05-12,116.05000,116.61000,113.74000,114.60000,710900
2016-05-13,114.46000,115.96000,113.73000,114.04000,653700
2016-05-16,114.21000,116.51000,114.14000,114.77000,562800
2016-05-17,113.39000,115.75000,113.00000,113.71000,622400
2016-05-18,113.46000,115.13000,112.67000,113.80000,724400
2016-05-19,113.36000,114.25000,111.04000,111.80000,869600
2016-05-20,111.94000,114.79000,111.94000,114.23000,770700
2016-05-23,114.00000,114.29000,112.67000,112.84000,581500
2016-05-24,113.50000,116.46000,113.50000,116.06000,545000
2016-05-25,116.14000,117.65000,115.83000,116.96000,770300
2016-05-26,117.01000,117.52000,115.78000,116.88000,614900
2016-05-27,116.74000,118.40000,116.52000,118.18000,757200
2016-05-31,118.07000,118.91000,117.24000,118.76000,846400
2016-06-01,118.76000,118.76000,114.90000,117.49000,984000
2016-06-02,116.77000,118.45000,116.77000,117.46000,839200
2016-06-03,116.92000,117.59000,115.32000,115.95000,503100
2016-06-06,116.21000,116.76000,115.32000,116.32000,614900
2016-06-07,116.32000,117.16000,115.69000,116.55000,742100
2016-06-08,116.81000,117.50000,116.24000,117.08000,572500
2016-06-09,116.01000,117.99000,115.33000,117.73000,450800
2016-06-10,116.34000,116.93000,115.01000,115.20000,532400
2016-06-13,113.84000,114.98000,113.04000,113.08000,496400
2016-06-14,112.67000,113.96000,111.93000,113.15000,669600
2016-06-15,113.50000,115.71000,113.50000,113.64000,557700
2016-06-16,112.58000,113.43000,110.87000,113.33000,566000
2016-06-17,113.15000,114.48000,112.99000,114.32000,591900
2016-06-20,116.25000,117.84000,115.58000,117.49000,735200
2016-06-21,115.09000,115.55000,112.79000,114.09000,1187500
2016-06-22,113.87000,115.30000,113.38000,113.57000,670700
2016-06-23,115.03000,116.16000,114.08000,115.87000,663000
2016-06-24,111.04000,111.04000,104.40000,104.78000,1676300
2016-06-27,103.29000,103.29000,97.35000,97.71000,2810000
2016-06-28,99.22000,101.20000,98.50000,100.79000,1111500
2016-06-29,101.51000,103.95000,100.99000,102.99000,1288700
2016-06-30,103.10000,103.83000,100.77000,101.76000,1329000
2016-07-01,103.16000,105.50000,102.03000,102.81000,1084900
2016-07-05,101.89000,102.47000,98.92000,99.45000,840300
2016-07-06,99.04000,101.26000,98.00000,100.54000,1415700
2016-07-07,100.54000,103.35000,100.09000,101.79000,1763000
2016-07-08,103.41000,107.14000,103.33000,106.41000,1264500
2016-07-11,107.26000,109.29000,106.77000,107.39000,790900
2016-07-12,108.97000,109.86000,108.29000,108.71000,986400
2016-07-13,108.90000,110.36000,107.64000,110.16000,776100
2016-07-14,111.32000,113.44000,110.89000,111.34000,924600
2016-07-15,111.90000,112.14000,110.80000,111.84000,579900
2016-07-18,111.74000,113.04000,111.53000,112.86000,415200
2016-07-19,111.64000,112.80000,110.81000,112.28000,490200
2016-07-20,112.31000,114.27000,111.92000,113.64000,627700
2016-07-21,114.02000,116.24000,113.85000,115.04000,631300
2016-07-22,114.63000,115.10000,112.87000,113.50000,788100
2016-07-25,113.50000,114.67000,112.95000,113.52000,698200
2016-07-26,113.56000,115.02000,113.45000,114.90000,868100
2016-07-27,115.06000,116.89000,114.66000,116.44000,1393500
2016-07-28,103.37000,111.22000,103.37000,110.06000,2387900
2016-07-29,110.58000,115.28000,110.31000,113.45000,1364400
2016-08-01,113.59000,114.45000,112.34000,113.66000,1118100
2016-08-02,113.04000,113.28000,107.65000,109.11000,2248900
2016-08-03,108.82000,111.20000,108.29000,111.20000,1485000
2016-08-04,111.38000,112.64000,111.31000,111.54000,798900
2016-08-05,112.17000,115.34000,111.93000,113.76000,669500
2016-08-08,113.76000,114.58000,113.70000,114.51000,769200
2016-08-09,113.83000,115.17000,113.25000,114.06000,680000
2016-08-10,114.19000,114.75000,113.19000,113.68000,568800
2016-08-11,114.06000,115.46000,114.06000,114.83000,785500
2016-08-12,114.27000,114.79000,113.31000,114.25000,538700
2016-08-15,114.13000,115.12000,114.13000,114.70000,477800
2016-08-16,114.24000,114.24000,112.69000,112.80000,735200
2016-08-17,112.79000,113.47000,112.32000,113.32000,800900
2016-08-18,112.97000,113.99000,112.41000,113.61000,791200
2016-08-19,113.00000,114.92000,112.51000,114.75000,471800
2016-08-22,114.14000,114.84000,113.77000,114.75000,632900
2016-08-23,115.30000,116.32000,115.07000,115.80000,769900
2016-08-24,115.67000,116.72000,115.29000,115.70000,528500
2016-08-25,115.30000,116.00000,113.97000,115.45000,506400
2016-08-26,115.55000,116.84000,115.10000,115.47000,628600
2016-08-29,115.22000,116.40000,114.94000,115.66000,459100
2016-08-30,115.36000,116.25000,114.78000,115.72000,649000
2016-08-31,115.55000,117.00000,114.94000,116.29000,709800
2016-09-01,116.00000,118.17000,115.12000,115.75000,725500
2016-09-02,116.30000,117.28000,115.70000,117.05000,485400
2016-09-06,117.49000,117.77000,116.32000,116.81000,570100
2016-09-07,116.81000,117.50000,116.38000,116.94000,684400
2016-09-08,116.52000,116.99000,115.31000,115.58000,763300
2016-09-09,114.76000,115.15000,112.78000,113.05000,755700
2016-09-12,112.22000,115.94000,111.95000,115.56000,789800
2016-09-13,114.22000,115.39000,113.57000,114.42000,576900
2016-09-14,113.82000,115.88000,113.25000,115.23000,516900
2016-09-15,115.47000,117.35000,115.10000,116.95000,523800
2016-09-16,116.93000,117.44000,115.34000,117.30000,809900
2016-09-19,117.98000,119.24000,116.47000,116.56000,609000
2016-09-20,117.47000,117.69000,116.12000,117.21000,756900
2016-09-21,117.52000,118.72000,117.52000,118.59000,477200
2016-09-22,119.04000,121.05000,119.04000,120.71000,644300
2016-09-23,120.59000,120.59000,119.06000,119.98000,620300
2016-09-26,119.18000,119.68000,118.33000,119.21000,820400
2016-09-27,118.84000,119.45000,118.11000,118.71000,663900
2016-09-28,118.85000,120.25000,118.76000,120.13000,613900
2016-09-29,119.44000,120.32000,118.70000,118.77000,650600
2016-09-30,119.43000,121.78000,119.05000,121.22000,573700
2016-10-03,121.20000,121.69000,120.48000,121.00000,589400
2016-10-04,121.59000,122.51000,120.72000,121.25000,597600
2016-10-05,121.39000,125.28000,121.27000,124.46000,725100
2016-10-06,120.72000,122.46000,120.23000,121.79000,1107100
2016-10-07,121.57000,121.64000,119.81000,121.01000,1247200
2016-10-10,121.62000,122.40000,120.29000,120.35000,326700
2016-10-11,120.19000,120.50000,117.75000,118.40000,588600
2016-10-12,118.74000,119.63000,118.32000,119.05000,467600
2016-10-13,118.18000,118.18000,115.26000,116.39000,1049300
2016-10-14,116.65000,117.77000,115.84000,116.06000,508400
2016-10-17,116.18000,117.80000,115.85000,115.91000,711100
2016-10-18,116.68000,116.98000,110.77000,112.84000,1768900
2016-10-19,113.25000,116.08000,112.91000,115.83000,794100
2016-10-20,115.85000,115.95000,114.34000,115.38000,612000
2016-10-21,114.57000,115.59000,113.46000,115.39000,389000
2016-10-24,115.86000,117.45000,115.86000,117.23000,649100
2016-10-25,116.32000,117.16000,112.46000,114.10000,1316800
2016-10-26,116.00000,121.05000,114.15000,120.62000,2536700
2016-10-27,120.62000,122.11000,117.95000,121.04000,1941300
2016-10-28,121.08000,121.98000,119.72000,121.30000,1048800
2016-10-31,121.49000,122.97000,121.21000,122.78000,980500
2016-11-01,123.00000,123.96000,121.21000,122.84000,1595100
2016-11-02,122.19000,124.01000,120.09000,120.62000,1072700
2016-11-03,121.07000,121.69000,119.74000,120.06000,520400
2016-11-04,120.11000,122.17000,119.42000,120.43000,714400
2016-11-07,122.53000,123.40000,121.46000,122.60000,660800
2016-11-08,121.92000,122.87000,120.12000,122.23000,890700
2016-11-09,117.40000,118.71000,112.54000,116.93000,2399000
2016-11-10,116.06000,121.13000,115.79000,119.24000,1043200
2016-11-11,118.83000,119.62000,117.53000,119.05000,784700
2016-11-14,119.47000,124.12000,119.47000,122.62000,1127200
2016-11-15,123.01000,125.82000,123.00000,125.33000,783400
2016-11-16,124.46000,126.61000,124.43000,126.18000,734400
2016-11-17,125.55000,126.76000,123.41000,126.54000,497600
2016-11-18,126.80000,128.03000,126.12000,126.87000,706900
2016-11-21,127.69000,128.00000,124.90000,126.78000,494900
2016-11-22,127.13000,129.14999,125.87000,128.87000,505200
2016-11-23,128.66000,130.59000,128.35001,128.69000,531600
2016-11-25,129.19000,130.52000,128.84000,129.62000,226600
2016-11-28,129.82001,130.27000,127.67000,128.67999,634600
2016-11-29,127.99000,128.99001,127.42000,128.06000,675300
2016-11-30,128.73000,130.78000,128.52000,129.50999,812700
2016-12-01,130.39000,133.24001,129.84000,131.72000,642300
2016-12-02,131.72000,132.81000,129.96001,130.75000,562700
2016-12-05,132.06000,132.95000,130.60001,131.19000,544000
2016-12-06,131.61000,133.09000,131.03000,132.91000,575400
2016-12-07,132.22000,137.53000,132.22000,136.60001,688200
2016-12-08,137.12000,138.52000,136.47000,138.13000,788900
2016-12-09,138.03000,138.80000,137.17000,138.80000,452200
2016-12-12,138.22000,138.22000,133.77000,134.50000,1046200
2016-12-13,134.50999,136.47000,134.19000,135.64000,638200
2016-12-14,133.95000,136.09000,133.00000,134.06000,517200
2016-12-15,134.32001,136.14000,133.13000,134.22000,665600
2016-12-16,135.21001,137.05000,134.23000,134.75000,642500
2016-12-19,135.28999,135.88000,133.59000,135.69000,601000
2016-12-20,137.00999,137.28999,135.78999,136.60001,402900
2016-12-21,136.74001,136.78000,134.53999,136.00999,482500
2016-12-22,135.53999,136.06000,132.89999,133.61000,450200
2016-12-23,133.59000,134.55000,132.57001,133.55000,430400
2016-12-27,133.73000,135.59000,132.62000,134.84000,421800
2016-12-28,135.50000,135.72000,132.50000,132.63000,312900
2016-12-29,133.05000,133.94000,132.62000,132.70000,345700
2016-12-30,133.56000,133.71001,131.82001,132.37000,258500
2017-01-03,133.20000,135.84000,132.28999,132.92000,733500
2017-01-04,133.05000,136.60001,132.81000,136.28000,1003500
2017-01-05,136.28000,136.96001,134.17000,136.50999,742000
2017-01-06,136.87000,137.84000,136.05000,136.89999,551700
2017-01-09,136.98000,137.42999,135.20000,135.97000,492300
2017-01-10,138.05000,143.62000,137.71001,142.77000,1585400
2017-01-11,143.10001,144.57001,142.31000,143.99001,987100
2017-01-12,144.23000,144.23000,140.75999,142.96001,517200
2017-01-13,142.72000,144.32001,142.36000,143.33000,406600
2017-01-17,143.38000,144.28999,141.14999,141.82001,486500
2017-01-18,141.75999,142.28000,140.70000,142.22000,507600
2017-01-19,142.66000,143.41000,141.35001,141.63000,369000
2017-01-20,142.33000,142.99001,141.25000,142.00000,401500
2017-01-23,142.10001,142.45000,140.24001,141.62000,478500
2017-01-24,142.22000,144.12000,141.77000,143.98000,391700
2017-01-25,145.31000,147.20000,144.31000,147.00000,712000
2017-01-26,147.50000,148.49001,144.05000,144.46001,1052100
2017-01-27,144.73000,145.05000,141.09000,141.25999,1056100
2017-01-30,140.77000,140.99001,138.58000,140.97000,640300
2017-01-31,140.74001,142.70000,140.19000,142.09000,810100
2017-02-01,143.32001,145.78000,141.19000,142.64999,748100
2017-02-02,143.53999,143.53999,140.34000,140.66000,677400
2017-02-03,141.52000,145.03999,140.10001,140.75000,598700
2017-02-06,140.59000,141.60001,140.03999,141.39999,341100
2017-02-07,141.62000,142.10001,138.64000,139.56000,642500
2017-02-08,139.10001,140.39000,139.09000,139.77000,442200
2017-02-09,139.77000,141.91000,139.77000,140.45000,464000
2017-02-10,141.47000,141.73000,140.47000,141.35001,454200
2017-02-13,142.25999,144.48000,142.20000,143.78999,636000
2017-02-14,143.83000,145.03000,143.17999,144.28999,494800
2017-02-15,143.00000,143.83000,142.66000,143.61000,723700
2017-02-16,143.64000,144.00000,141.17000,141.86000,632400
2017-02-17,140.87000,142.37000,139.75000,142.37000,413800
2017-02-21,142.22000,144.37000,141.10001,141.78000,674300
2017-02-22,141.67999,143.30000,140.55000,143.02000,773800
2017-02-23,142.86000,144.84000,142.66000,142.88000,908700
2017-02-24,141.70000,142.22000,139.37000,141.36000,857300
2017-02-27,141.38000,144.03000,141.25999,143.67999,475500
2017-02-28,142.67000,143.07001,141.42999,141.99001,620400
2017-03-01,142.59000,145.09000,142.59000,143.66000,699100
2017-03-02,143.21001,145.39000,142.72000,144.02000,510100
2017-03-03,143.82001,144.89000,142.82001,144.50000,399700
2017-03-06,144.37000,144.39000,141.28999,142.10001,524300
2017-03-07,142.16000,142.42000,140.80000,142.05000,476200
2017-03-08,142.33000,144.34000,142.17000,143.91000,476800
2017-03-09,144.19000,145.34000,143.25999,144.00000,695600
2017-03-10,144.13000,145.64000,143.53999,144.48000,597600
2017-03-13,145.25999,147.05000,145.12000,146.39999,436300
2017-03-14,145.58000,147.45000,144.37000,146.77000,385900
2017-03-15,147.50999,148.89000,147.00999,148.20000,628800
2017-03-16,149.00000,149.00000,146.37000,146.77000,518600
2017-03-17,146.80000,146.80000,144.41000,145.00999,690500
2017-03-20,145.20000,146.31000,144.16000,144.19000,524500
2017-03-21,144.42000,145.20000,136.73000,137.02000,959100
2017-03-22,137.03000,138.89000,136.06000,138.46001,753100
2017-03-23,137.37000,138.42999,136.21001,137.48000,685100
2017-03-24,138.14999,139.66000,137.16000,137.89999,562000
2017-03-27,136.97000,138.67000,136.05000,138.16000,632900
2017-03-28,138.02000,140.99001,137.75000,140.50999,702000
2017-03-29,140.70000,141.75000,140.20000,140.57001,538800
2017-03-30,140.39000,141.69000,140.03000,141.35001,421000
2017-03-31,141.80000,142.66000,141.31000,141.58000,860100
2017-04-03,141.94000,141.94000,134.31000,136.84000,1244000
2017-04-04,135.70000,136.38000,133.14000,134.64000,1147500
2017-04-05,136.21001,136.21001,132.86000,133.11000,901700
2017-04-06,132.92000,134.44000,132.41000,134.32001,820500
2017-04-07,133.95000,135.08000,133.17999,134.36000,594200
2017-04-10,134.30000,135.34000,133.58000,133.73000,683700
2017-04-11,133.80000,134.47000,132.09000,134.24001,777000
2017-04-12,134.71001,134.83000,132.25000,132.83000,588800
2017-04-13,132.75999,133.53999,132.00999,132.08000,451200
2017-04-17,132.06000,134.62000,132.06000,134.52000,396800
2017-04-18,133.95000,134.89999,133.50000,134.28999,713400
2017-04-19,135.39000,137.06000,134.92999,136.58000,688400
2017-04-20,139.05000,141.60001,138.89999,140.69000,987000
2017-04-21,140.23000,140.67999,138.42000,139.05000,600900
2017-04-24,140.53999,142.12000,140.50000,140.84000,749800
2017-04-25,141.92999,142.50000,140.16000,140.92999,1133200
2017-04-26,140.74001,144.69000,138.64999,141.05000,1524400
2017-04-27,141.75000,143.22000,140.05000,142.59000,906800
2017-04-28,142.99001,143.88000,140.85001,142.66000,721600
2017-05-01,143.67999,144.35001,142.63000,142.63000,552100
2017-05-02,142.45000,143.05000,133.78000,134.86000,1749000
2017-05-03,134.88000,138.25000,134.34000,136.23000,1115700
2017-05-04,136.94000,139.78999,135.25000,139.38000,1056600
2017-05-05,140.53000,140.92000,138.56000,140.84000,761400
2017-05-08,141.17999,144.71001,141.09000,142.97000,1120100
2017-05-09,143.59000,145.24001,143.33000,144.21001,839500
2017-05-10,144.28999,145.12000,143.09000,144.75000,709900
2017-05-11,144.66000,145.77000,143.59000,144.85001,607900
2017-05-12,144.41000,144.64000,143.34000,144.28000,462200
2017-05-15,144.60001,147.00999,144.28999,146.25000,657400
2017-05-16,146.66000,147.00000,144.03999,145.99001,614400
2017-05-17,144.17999,145.45000,140.75999,141.37000,797500
2017-05-18,140.20000,142.44000,139.56000,141.92000,549100
2017-05-19,142.72000,144.98000,142.45000,143.47000,662200
2017-05-22,144.99001,145.67999,143.91000,145.36000,577800
2017-05-23,145.67999,145.67999,143.21001,143.53999,646200
2017-05-24,143.64000,144.82001,143.25999,144.63000,452300
2017-05-25,144.98000,145.42999,143.34000,144.96001,683400
2017-05-26,144.80000,147.63000,144.56000,147.58000,530800
2017-05-30,147.28999,149.00000,147.28999,147.45000,537600
2017-05-31,147.67999,149.07001,146.13000,149.03999,770700
2017-06-01,149.94000,153.17999,149.33000,151.86000,824900
2017-06-02,151.91000,153.28000,150.62000,152.64000,534900
2017-06-05,152.78999,152.78999,150.63000,151.16000,535600
2017-06-06,150.50000,151.20000,149.16000,150.36000,657600
2017-06-07,149.99001,153.09000,149.44000,152.87000,611000
2017-06-08,148.84000,150.58000,146.00999,146.91000,1145600
2017-06-09,146.13000,147.67999,144.88000,145.63000,875800
2017-06-12,144.85001,146.39000,144.75000,146.39000,741400
2017-06-13,147.20000,148.00999,145.67999,147.75999,867900
2017-06-14,148.10001,148.10001,146.05000,146.81000,676500
2017-06-15,145.37000,145.74001,143.36000,144.53999,718800
2017-06-16,142.44000,142.97000,137.74001,138.45000,1565600
2017-06-19,138.50000,139.11000,137.73000,138.69000,1282900
2017-06-20,138.39000,138.78000,136.09000,136.67000,1037500
2017-06-21,138.00000,138.66000,136.89999,138.50000,1044700
2017-06-22,137.97000,138.84000,137.23000,137.86000,608300
2017-06-23,138.30000,139.22000,137.50999,138.02000,809500
2017-06-26,138.16000,140.47000,138.16000,139.80000,646700
2017-06-27,137.82001,138.64999,135.62000,138.14000,846700
2017-06-28,139.10001,140.36000,138.82001,139.83000,566700
2017-06-29,140.09000,140.42999,138.67000,139.56000,527600
2017-06-30,140.42000,142.50999,140.34000,142.08000,648900
2017-07-03,143.36000,146.37000,142.63000,143.39000,373600
2017-07-05,143.39000,144.55000,141.96001,143.31000,634700
2017-07-06,143.12000,143.96001,140.94000,141.14000,713200
2017-07-07,141.14999,145.05000,141.14999,144.97000,582900
2017-07-10,145.17000,147.46001,143.92999,147.27000,744500
2017-07-11,147.50000,149.39000,146.44000,148.00000,736900
2017-07-12,148.73000,149.86000,147.85001,148.06000,582500
2017-07-13,148.13000,149.95000,147.89000,149.03999,436400
2017-07-14,149.42000,149.42000,147.05000,147.39999,639700
2017-07-17,148.33000,148.74001,147.06000,148.39999,475300
2017-07-18,148.50999,148.91000,147.31000,148.59000,680300
2017-07-19,149.25999,149.71001,148.17000,149.13000,451600
2017-07-20,149.92000,150.58000,148.36000,148.36000,648200
2017-07-21,146.49001,146.49001,143.21001,144.50999,1075800
2017-07-24,144.55000,145.09000,143.49001,144.03000,565500
2017-07-25,144.67000,146.31000,144.59000,145.97000,858900
2017-07-26,148.74001,152.67999,148.28000,150.61000,1338800
2017-07-27,151.73000,151.88000,148.32001,150.67000,687600
2017-07-28,150.09000,150.09000,148.36000,149.17000,450900
2017-07-31,149.98000,149.99001,147.34000,148.19000,439400
2017-08-01,148.49001,149.00000,143.60001,146.23000,1031800
2017-08-02,145.32001,146.61000,144.91000,145.46001,514400
2017-08-03,145.50999,146.49001,142.91000,143.00000,659300
2017-08-04,143.78000,145.99001,143.31000,145.99001,483700
2017-08-07,146.19000,147.74001,145.89000,147.50999,455100
2017-08-08,147.30000,149.10001,147.28999,148.09000,402200
2017-08-09,146.74001,147.67000,145.11000,145.42999,481500
2017-08-10,144.75999,145.00999,140.45000,141.89000,690100
2017-08-11,141.34000,143.62000,141.34000,142.74001,427400
2017-08-14,144.28000,145.39999,143.92999,144.42999,842400
2017-08-15,144.85001,145.38000,143.12000,144.00000,646500
2017-08-16,144.49001,146.03000,144.25999,145.46001,499300
2017-08-17,145.00000,145.92000,142.25000,142.30000,458100
2017-08-18,142.00000,142.94000,141.00000,142.06000,546300
2017-08-21,142.14999,143.19000,141.50000,142.42000,451100
2017-08-22,143.10001,145.73000,143.10001,145.53999,552300
2017-08-23,144.44000,147.28999,144.44000,145.80000,727200
2017-08-24,146.17000,147.44000,145.64000,146.30000,925000
2017-08-25,146.88000,147.14999,144.46001,144.53999,638500
2017-08-28,144.70000,145.60001,143.98000,144.02000,400900
2017-08-29,142.45000,144.58000,142.00999,144.31000,384800
2017-08-30,144.16000,147.60001,144.03000,147.53999,897900
2017-08-31,147.94000,149.98000,147.53999,149.53999,777600
2017-09-01,149.99001,152.38000,149.35001,151.61000,948800
2017-09-05,151.62000,152.00000,150.52000,151.11000,1065100
2017-09-06,151.71001,153.41000,151.37000,153.03999,556600
2017-09-07,153.46001,153.83000,150.25999,150.75000,819400
2017-09-08,150.30000,151.17000,149.39000,151.00000,505800
2017-09-11,151.83000,153.25000,150.85001,152.99001,611200
2017-09-12,153.67999,155.71001,153.00999,155.59000,607100
2017-09-13,155.00000,157.89999,154.56000,157.35001,712300
2017-09-14,157.74001,164.12000,157.74001,163.50000,1401100
2017-09-15,162.83000,167.67000,162.58000,167.17000,1340400
2017-09-18,167.67000,167.95000,165.81000,166.62000,1009900
2017-09-19,166.64999,166.86000,164.97000,166.30000,782900
2017-09-20,166.69000,167.67999,165.99001,166.77000,677100
2017-09-21,166.86000,168.89000,166.57001,168.42999,594000
2017-09-22,168.53999,171.30000,168.45000,170.34000,638600
2017-09-25,170.42999,173.02000,170.42999,172.56000,784300
2017-09-26,170.49001,173.70000,170.49001,172.60001,867300
2017-09-27,173.41000,173.41000,170.13000,172.69000,724500
2017-09-28,172.48000,174.00000,172.17000,173.89000,637400
2017-09-29,174.23000,174.66000,172.98000,173.08000,520900
2017-10-02,173.50000,175.75999,173.21001,175.03999,1002500
2017-10-03,175.92000,177.24001,173.11000,174.27000,752400
2017-10-04,174.30000,176.23000,173.71001,175.97000,1065700
2017-10-05,176.08000,176.44000,174.37000,175.09000,641100
2017-10-06,174.72000,175.37000,173.63000,173.75000,594900
2017-10-09,174.34000,174.64000,172.85001,173.72000,309600
2017-10-10,174.21001,174.21001,171.24001,172.82001,524000
2017-10-11,172.75999,173.71001,171.28000,173.41000,611600
2017-10-12,172.21001,173.03000,171.14000,172.31000,526900
2017-10-13,173.75000,173.82001,172.61000,173.37000,435100
2017-10-16,174.31000,174.55000,172.86000,174.08000,340200
2017-10-17,174.42000,174.85001,172.42999,173.03999,420400
2017-10-18,173.64000,174.67999,172.44000,173.05000,339600
2017-10-19,172.64999,172.89999,171.20000,172.53999,328800
2017-10-20,173.78000,174.25999,172.25999,173.74001,335500
2017-10-23,173.67000,174.25999,172.28999,172.31000,290200
2017-10-24,173.66000,175.39000,172.96001,174.78999,650700
2017-10-25,174.69000,175.63000,170.27000,171.52000,1069500
2017-10-26,172.16000,178.81000,172.16000,177.16000,1420900
2017-10-27,177.64000,177.72000,173.44000,174.94000,612100
2017-10-30,174.77000,174.92999,172.21001,173.28999,471000
2017-10-31,173.41000,176.17000,173.39000,175.59000,600900
2017-11-01,177.50000,178.61000,176.06000,177.14999,596900
2017-11-02,177.11000,177.99001,174.64000,176.83000,495400
2017-11-03,177.11000,178.03999,175.42000,175.78999,405300
2017-11-06,175.89999,176.49001,173.11000,174.47000,460900
2017-11-07,174.67000,176.13000,173.45000,174.44000,462300
2017-11-08,174.42999,174.94000,173.03000,174.89999,427900
2017-11-09,173.84000,175.14999,173.14000,174.53000,432400
2017-11-10,173.98000,176.13000,173.74001,175.42999,393600
2017-11-13,174.96001,175.85001,173.89000,174.36000,257700
2017-11-14,173.92999,175.50000,173.75000,174.92999,372200
2017-11-15,174.16000,174.66000,172.61000,173.13000,533000
2017-11-16,172.92999,174.20000,171.61000,173.72000,426000
2017-11-17,173.35001,175.06000,172.47000,174.88000,352100
2017-11-20,175.50000,178.11000,175.50000,176.84000,551300
2017-11-21,177.32001,178.05000,176.50000,176.64000,376700
2017-11-22,177.24001,177.39000,174.73000,176.20000,349300
2017-11-24,177.03000,177.25999,175.98000,177.14999,146500
2017-11-27,176.80000,177.49001,175.03999,175.92000,352100
2017-11-28,176.46001,179.61000,175.82001,179.28000,380200
2017-11-29,179.87000,180.11000,178.67000,179.10001,397800
2017-11-30,180.11000,181.38000,178.78000,180.89000,457100
2017-12-01,180.86000,180.86000,175.36000,178.34000,383200
2017-12-04,180.28999,180.36000,176.83000,177.00000,373000
2017-12-05,177.25000,178.42000,175.83000,177.80000,391400
2017-12-06,176.67000,177.84000,173.35001,174.00999,536900
2017-12-07,174.17000,177.28000,173.16000,175.92999,584800
2017-12-08,176.13000,178.41000,175.92000,177.07001,591600
2017-12-11,177.03000,177.73000,175.00999,175.28999,511700
2017-12-12,175.42999,176.95000,174.78000,176.35001,395200
2017-12-13,176.75999,177.17000,173.35001,174.03000,548800
2017-12-14,174.28000,175.36000,171.14999,171.86000,454500
2017-12-15,171.83000,173.59000,171.69000,172.39999,505200
2017-12-18,173.78000,176.80000,172.39999,176.50999,494600
2017-12-19,177.80000,179.16000,176.70000,177.37000,458700
2017-12-20,178.11000,180.37000,177.25999,179.87000,401600
2017-12-21,180.59000,181.46001,179.88000,180.00000,470500
2017-12-22,179.67000,180.00999,177.20000,177.69000,264400
2017-12-26,176.97000,177.84000,176.25000,176.98000,182900
2017-12-27,176.74001,178.58000,176.74001,178.49001,267000
2017-12-28,178.77000,179.78000,177.84000,179.59000,316200
2017-12-29,179.80000,179.98000,176.57001,176.66000,332100
2018-01-02,177.10001,179.03000,176.69000,178.80000,369400
2018-01-03,178.92999,180.30000,178.06000,180.08000,555400
2018-01-04,181.49001,186.88000,181.49001,186.14999,546700
2018-01-05,188.58000,192.13000,187.59000,191.39000,623600
2018-01-08,191.83000,192.00000,188.66000,189.49001,480200
2018-01-09,190.41000,191.02000,188.32001,189.38000,485600
2018-01-10,188.39999,188.59000,181.49001,182.50999,920600
2018-01-11,183.38000,185.32001,182.96001,184.91000,882700
2018-01-12,185.69000,189.52000,185.05000,189.14000,646300
2018-01-16,190.82001,192.69000,185.39000,187.12000,1020500
2018-01-17,187.23000,193.12000,185.21001,192.13000,594600
2018-01-18,192.45000,192.50999,189.30000,190.97000,424200
2018-01-19,191.92000,192.28000,189.77000,191.17999,457000
2018-01-22,190.89000,191.67000,188.39999,190.25000,441700
2018-01-23,191.17000,191.17000,187.12000,188.44000,506200
2018-01-24,189.75000,192.58000,188.92000,192.35001,603600
2018-01-25,193.58000,193.73000,190.09000,191.64999,870700
2018-01-26,193.57001,199.30000,192.00000,197.99001,1119400
2018-01-29,197.44000,202.42000,195.11000,195.11000,918400
2018-01-30,195.53000,198.12000,193.61000,197.67000,648800
2018-01-31,199.00999,199.78999,192.71001,193.14000,692400
2018-02-01,191.72000,194.86000,187.34000,192.66000,535200
2018-02-02,191.67999,192.14999,185.00000,186.11000,805200
2018-02-05,184.88000,187.85001,178.42999,178.71001,697500
2018-02-06,176.62000,185.80000,172.48000,184.50999,881200
2018-02-07,186.00000,194.88000,186.00000,191.25999,1075600
2018-02-08,191.39000,191.39000,184.03000,184.03000,814200
2018-02-09,186.53999,188.89000,180.56000,186.63000,838700
2018-02-12,188.37000,190.92999,187.05000,189.02000,775800
2018-02-13,187.97000,188.08000,185.52000,186.97000,497500
2018-02-14,186.35001,192.52000,185.52000,192.16000,644800
2018-02-15,194.23000,194.23000,188.37000,191.86000,576100
2018-02-16,191.89999,191.95000,188.39999,189.57001,621800
2018-02-20,188.87000,192.14999,186.53000,189.70000,455400
2018-02-21,190.70000,194.49001,190.49001,191.53999,382600
2018-02-22,191.63000,192.13000,188.37000,189.17000,687200
2018-02-23,190.62000,191.19000,188.00000,189.13000,607700
2018-02-26,190.07001,194.14000,189.57001,194.00999,526600
2018-02-27,194.13000,194.13000,188.22000,188.37000,780800
2018-02-28,188.62000,191.53999,186.53999,186.57001,580100
2018-03-01,187.19000,187.62000,180.31000,181.27000,1158000
2018-03-02,179.36000,183.22000,178.57001,182.30000,604300
2018-03-05,181.00000,185.14999,179.71001,184.75999,549700
2018-03-06,184.81000,188.06000,183.25000,186.84000,569600
2018-03-07,184.37000,187.20000,183.60001,186.45000,376900
2018-03-08,187.02000,187.83000,184.78999,187.21001,350700
2018-03-09,188.91000,190.98000,186.84000,190.32001,483100
2018-03-12,190.66000,191.89999,188.75999,189.47000,348100
2018-03-13,190.50000,193.17000,189.66000,191.28000,1100200
2018-03-14,192.52000,192.72000,188.33000,188.50000,651400
2018-03-15,189.44000,190.06000,187.27000,189.17000,552900
2018-03-16,188.84000,191.17000,188.00000,190.73000,495000
2018-03-19,190.21001,191.17000,186.82001,188.89999,500800
2018-03-20,189.07001,189.78000,187.84000,188.63000,381500
2018-03-21,189.41000,194.17000,188.95000,192.60001,404300
2018-03-22,191.75000,193.80000,187.47000,187.64000,666000
2018-03-23,188.14000,188.14000,182.72000,182.86000,517700
2018-03-26,185.49001,189.42000,185.21001,188.20000,462700
2018-03-27,189.42000,189.62000,183.87000,185.07001,819700
2018-03-28,184.34000,186.00000,180.12000,180.66000,674500
2018-03-29,182.11000,188.53000,182.11000,186.09000,797700
2018-04-02,186.20000,186.53999,180.09000,181.64999,517400
2018-04-03,183.36000,188.89000,183.36000,187.56000,535100
2018-04-04,183.23000,191.11000,181.53999,190.77000,416900
2018-04-05,192.00000,194.25999,190.52000,193.36000,548800
2018-04-06,191.97000,193.42999,186.72000,189.21001,747700
2018-04-09,190.75999,192.36000,188.59000,189.17000,282300
2018-04-10,193.27000,196.64000,192.31000,195.00000,811100
2018-04-11,194.32001,196.63000,193.70000,194.92999,483100
2018-04-12,196.60001,197.47000,195.00000,195.86000,459000
2018-04-13,197.00000,197.00000,192.84000,193.70000,341300
2018-04-16,195.14999,196.99001,194.00999,196.07001,252600
2018-04-17,197.67999,198.64999,196.82001,197.67999,401100
2018-04-18,198.77000,199.50999,197.10001,197.32001,435900
2018-04-19,197.07001,197.42000,191.97000,192.71001,560400
2018-04-20,192.03000,193.92999,190.14999,191.39999,421600
2018-04-23,191.87000,194.16000,191.25000,192.14999,584800
2018-04-24,192.59000,193.24001,186.48000,188.39000,505600
2018-04-25,187.67000,189.95000,186.84000,188.49001,489700
2018-04-26,187.95000,190.25000,183.66000,189.50000,694400
2018-04-27,190.00000,190.12000,186.67000,188.21001,1070900
2018-04-30,188.71001,189.88000,186.87000,186.97000,770100
2018-05-01,186.50000,187.86000,184.72000,187.66000,537100
2018-05-02,188.05000,189.89000,187.73000,188.30000,547000
2018-05-03,187.28000,189.73000,185.10001,189.00000,702800
2018-05-04,188.52000,191.07001,185.89000,190.67999,586000
2018-05-07,190.80000,192.12000,189.84000,191.33000,537400
2018-05-08,192.89999,192.89999,190.22000,191.39000,645200
2018-05-09,191.46001,191.48000,188.25999,191.20000,640500
2018-05-10,193.20000,194.81000,191.75999,194.35001,687600
2018-05-11,194.83000,196.22000,194.48000,194.98000,436700
2018-05-14,198.13000,199.53999,197.24001,197.39000,660400
2018-05-15,196.94000,197.78000,195.92999,196.49001,502200
2018-05-16,196.47000,202.38000,196.21001,201.88000,803000
2018-05-17,201.92000,203.81000,201.70000,202.67000,675600
2018-05-18,202.35001,203.28999,199.28000,201.75999,587300
2018-05-21,202.87000,204.99001,201.87000,203.06000,505700
2018-05-22,203.95000,204.72000,201.87000,201.96001,536000
2018-05-23,200.83000,202.19000,198.87000,200.39999,532100
2018-05-24,200.06000,200.78999,197.81000,199.63000,480800
2018-05-25,198.98000,200.70000,197.82001,198.63000,424100
2018-05-29,197.86000,199.25000,193.36000,196.05000,516000
2018-05-30,197.08000,199.32001,196.59000,198.25000,655400
2018-05-31,198.96001,200.34000,196.87000,198.00000,500600
2018-06-01,199.89000,200.30000,198.00999,199.35001,469200
2018-06-04,200.05000,201.62000,199.55000,201.45000,485000
2018-06-05,200.91000,202.53999,199.00000,200.53999,548500
2018-06-06,201.35001,204.33000,199.82001,203.62000,403700
2018-06-07,203.10001,205.78999,203.10001,204.06000,466800
2018-06-08,203.64000,205.47000,203.00999,205.34000,423400
2018-06-11,206.03000,206.36000,203.64000,204.10001,754300
2018-06-12,204.12000,204.57001,200.59000,201.89999,890900
2018-06-13,201.94000,203.11000,201.07001,201.50000,1006200
2018-06-14,201.67999,203.07001,200.78999,202.69000,612400
2018-06-15,201.73000,202.60001,199.07001,202.52000,575000
2018-06-18,200.70000,203.78000,200.27000,202.98000,559400
2018-06-19,200.00000,200.57001,196.30000,200.56000,636100
2018-06-20,200.53000,202.19000,199.10001,201.35001,639400
2018-06-21,200.57001,200.89999,198.39999,198.84000,598700
2018-06-22,199.73000,199.89999,194.05000,195.70000,1228400
2018-06-25,195.75999,195.99001,191.57001,194.24001,686300
2018-06-26,194.70000,198.46001,192.75000,197.50000,952000
2018-06-27,197.72000,202.17999,194.49001,195.05000,946800
2018-06-28,193.78000,193.95000,183.92999,188.55000,1619600
2018-06-29,189.30000,189.99001,185.75999,185.81000,948900
2018-07-02,184.02000,188.00000,180.78999,187.69000,908400
2018-07-03,188.27000,189.42000,185.28999,185.58000,487800
2018-07-05,187.36000,190.16000,185.63000,187.21001,644400
2018-07-06,187.00000,188.41000,185.42000,187.39000,499500
2018-07-09,188.78000,191.17000,187.22000,190.42999,587300
2018-07-10,191.10001,192.71001,190.20000,192.47000,480000
2018-07-11,189.77000,191.16000,187.00999,187.14000,502800
2018-07-12,188.22000,188.69000,186.25000,186.98000,1237900
2018-07-13,186.16000,188.56000,185.50000,187.94000,366300
2018-07-16,188.94000,188.94000,186.49001,186.71001,393500
2018-07-17,186.14000,191.17000,185.02000,190.61000,485200
2018-07-18,189.89999,192.73000,189.73000,190.63000,657800
2018-07-19,189.92999,191.73000,183.91000,184.14000,1246400
2018-07-20,180.60001,181.95000,177.42999,181.21001,974600
2018-07-23,181.03000,181.63000,179.32001,180.48000,632800
2018-07-24,182.14000,183.87000,178.94000,179.44000,760500
2018-07-25,174.95000,182.38000,170.53999,181.64000,1888800
2018-07-26,178.46001,180.96001,170.85001,171.94000,2025100
2018-07-27,171.96001,178.17999,171.96001,175.87000,1188400
2018-07-30,175.73000,178.33000,174.82001,177.57001,652900
2018-07-31,180.00000,181.95000,178.53999,180.13000,773600
2018-08-01,179.99001,179.99001,172.75000,175.20000,725800
2018-08-02,173.83000,178.08000,172.71001,177.27000,628300
2018-08-03,177.92000,179.63000,177.00000,178.74001,548000
2018-08-06,178.13000,179.77000,177.41000,178.39000,443800
2018-08-07,177.62000,180.07001,177.41000,178.33000,685700
2018-08-08,177.78999,178.87000,175.44000,177.47000,690600
2018-08-09,177.81000,177.81000,174.87000,175.20000,575000
2018-08-10,173.53999,173.53999,171.00000,172.61000,487500
2018-08-13,172.72000,172.83000,170.37000,170.86000,487500
2018-08-14,170.96001,173.17000,170.89000,172.36000,532400
2018-08-15,171.35001,172.31000,169.47000,171.75000,697100
2018-08-16,173.09000,174.50999,171.88000,172.39999,469400
2018-08-17,171.50000,174.02000,170.67000,173.31000,500200
2018-08-20,173.24001,176.05000,173.00000,174.75000,716800
2018-08-21,175.64000,176.00999,173.67999,173.92000,752100
2018-08-22,170.67000,171.34000,163.82001,166.77000,1601200
2018-08-23,166.78000,166.78000,162.83000,163.16000,1239500
2018-08-24,163.20000,164.35001,162.50000,164.22000,575600
2018-08-27,164.78000,169.92000,164.16000,168.57001,755200
2018-08-28,169.94000,170.49001,167.03999,169.06000,558200
2018-08-29,168.69000,169.02000,166.53999,166.75999,626900
2018-08-30,166.73000,166.87000,163.50000,164.14000,598300
2018-08-31,163.60001,164.19000,161.12000,162.20000,554500
2018-09-04,162.53000,162.53000,159.48000,160.48000,1348900
2018-09-05,159.67000,160.14999,157.41000,159.89999,1048200
2018-09-06,159.44000,160.66000,158.33000,158.96001,660500
2018-09-07,158.91000,160.10001,156.88000,158.10001,583000
2018-09-10,158.92000,160.42999,158.39999,159.53000,503000
2018-09-11,158.78999,159.31000,156.82001,158.97000,1101400
2018-09-12,158.45000,161.30000,157.12000,157.98000,1068100
2018-09-13,159.46001,161.64000,158.55000,159.23000,1019800
2018-09-14,160.23000,164.34000,159.53000,161.71001,989000
2018-09-17,160.94000,161.36000,156.78000,157.10001,591800
2018-09-18,155.66000,156.00000,152.62000,155.00000,1075400
2018-09-19,155.08000,157.59000,154.57001,156.86000,891200
2018-09-20,156.86000,162.44000,156.00000,161.33000,1138200
2018-09-21,162.25000,167.86000,158.38000,159.35001,1688500
2018-09-24,157.75000,157.75000,154.33000,155.31000,851400
2018-09-25,153.00000,153.98000,146.35001,146.69000,1996100
2018-09-26,146.55000,149.86000,145.97000,148.24001,1162400
2018-09-27,148.24001,148.24001,145.78000,146.73000,852600
2018-09-28,145.85001,147.02000,144.27000,145.00000,1227000
2018-10-01,147.21001,149.85001,146.06000,148.87000,1425200
2018-10-02,149.87000,151.59000,148.53999,150.17999,1307100
2018-10-03,151.05000,152.28000,150.30000,150.75000,1192100
2018-10-04,149.22000,149.49001,144.88000,145.08000,1025800
2018-10-05,144.06000,144.41000,140.10001,143.00000,1506500
2018-10-08,142.28999,145.42999,142.25999,145.22000,1009800
2018-10-09,144.60001,145.13000,140.35001,140.64999,1395300
2018-10-10,139.59000,140.14000,134.83000,135.06000,1596100
2018-10-11,136.50000,140.87000,136.49001,137.53999,1384900
2018-10-12,135.42000,139.17999,132.35001,134.23000,1880000
2018-10-15,134.00000,135.53000,132.46001,133.74001,1435500
2018-10-16,135.17000,135.35001,133.13000,134.50000,1134400
2018-10-17,134.32001,135.19000,130.55000,134.75000,1165600
2018-10-18,133.64999,135.32001,131.53999,134.38000,1838600
2018-10-19,132.77000,137.78999,131.59000,137.25000,1580500
2018-10-22,138.09000,139.64000,135.59000,138.02000,1065700
2018-10-23,135.59000,144.10001,134.39999,142.48000,1673700
2018-10-24,141.75000,141.89999,136.42999,136.86000,2130600
2018-10-25,138.50000,139.47000,130.02000,133.48000,2615400
2018-10-26,130.99001,132.46001,128.05000,128.63000,1728300
2018-10-29,133.56000,138.91000,129.70000,131.87000,1856200
2018-10-30,131.33000,134.66000,129.92000,130.30000,1209400
2018-10-31,132.78000,135.14999,131.03999,132.89999,1206500
2018-11-01,134.11000,139.31000,132.52000,138.66000,919400
2018-11-02,140.82001,141.82001,135.72000,138.87000,909300
2018-11-05,137.75000,139.34000,134.80000,136.42999,973000
2018-11-06,135.91000,140.30000,135.83000,138.86000,1016600
2018-11-07,139.58000,140.45000,137.87000,140.03000,923900
2018-11-08,139.49001,142.36000,139.49001,141.44000,873500
2018-11-09,139.86000,139.96001,135.05000,138.00999,1268600
2018-11-12,137.28000,138.89999,133.89999,134.89000,997500
2018-11-13,135.12000,139.58000,134.31000,135.74001,970700
2018-11-14,137.02000,140.19000,137.02000,138.44000,697700
2018-11-15,136.53999,137.05000,131.33000,136.08000,613900
2018-11-16,135.32001,136.64000,134.28999,134.72000,527000
2018-11-19,134.38000,136.38000,132.49001,134.97000,540000
2018-11-20,133.81000,135.92000,132.50000,133.91000,580900
2018-11-21,134.81000,139.52000,134.71001,137.46001,1080200
2018-11-23,136.14999,139.17999,136.14999,137.63000,204400
2018-11-26,139.30000,141.82001,138.31000,139.53999,1229600
2018-11-27,138.06000,138.70000,134.64999,135.31000,2245100
2018-11-28,135.00999,139.03999,132.39000,138.78000,1175200
2018-11-29,138.64000,138.73000,134.60001,134.87000,918800
2018-11-30,134.35001,137.05000,134.35001,136.25000,776100
2018-12-03,139.67000,142.67999,139.63000,140.64999,908000
2018-12-04,140.88000,142.27000,135.53000,136.17999,1211000
2018-12-06,133.20000,133.87000,129.71001,132.82001,751800
2018-12-07,132.50000,136.95000,127.34000,127.54000,559300
2018-12-10,126.50000,126.54000,121.81000,123.97000,866200
2018-12-11,127.35000,128.73000,123.52000,123.83000,694500
2018-12-12,125.67000,127.47000,124.57000,125.27000,660900
2018-12-13,126.60000,127.79000,123.49000,124.06000,498800
2018-12-14,122.58000,126.02000,121.76000,122.47000,654900
2018-12-17,121.45000,124.26000,119.02000,120.90000,823400
2018-12-18,121.82000,124.91000,120.85000,121.66000,1587900
2018-12-19,121.74000,127.32000,120.11000,121.08000,843900
2018-12-20,120.75000,122.88000,118.65000,119.66000,731700
2018-12-21,119.94000,121.28000,117.10000,117.24000,993600
2018-12-24,116.46000,119.41000,114.45000,116.96000,354500
2018-12-26,117.04000,120.91000,114.67000,120.65000,556300
2018-12-27,119.13000,121.90000,117.61000,121.87000,550700
2018-12-28,122.05000,123.97000,120.67000,121.76000,517600
2018-12-31,121.79000,122.90000,118.80000,122.86000,510900
2019-01-02,120.98000,125.25000,119.97000,123.96000,436000
2019-01-03,123.27000,123.45000,120.33000,121.60000,499400
2019-01-04,124.09000,126.89000,123.19000,126.44000,543000
2019-01-07,128.86000,133.13000,126.93000,132.56000,985800
2019-01-08,135.92000,141.82001,135.06000,138.89000,1444400
2019-01-09,139.95000,145.39999,139.95000,144.08000,748500
2019-01-10,143.24001,145.37000,142.71001,145.30000,523400
2019-01-11,146.00000,148.50999,144.72000,146.32001,764400
2019-01-14,145.19000,147.60001,144.50000,146.57001,666000
2019-01-15,146.00000,148.37000,143.19000,146.02000,846900
2019-01-16,145.06000,150.67999,143.58000,149.27000,900000
2019-01-17,149.10001,151.62000,147.86000,150.67000,781100
2019-01-18,151.10001,153.55000,149.39000,151.56000,853400
2019-01-22,150.27000,150.69000,147.98000,149.50999,806500
2019-01-23,149.17000,149.62000,143.81000,145.62000,608300
2019-01-24,146.25000,149.61000,146.25000,149.00000,884500
2019-01-25,152.89999,159.69000,151.19000,158.78999,1344700
2019-01-28,160.00000,160.00000,155.88000,157.80000,1443900
2019-01-29,156.47000,158.38000,154.17000,154.22000,960700
2019-01-30,154.50999,155.22000,152.48000,153.72000,888700
2019-01-31,153.59000,155.00000,153.13000,153.92999,814400
2019-02-01,152.62000,156.53999,152.62000,155.91000,787900
2019-02-04,155.03000,156.06000,153.02000,155.03999,677500
2019-02-05,154.48000,156.12000,153.00999,153.50000,640100
2019-02-06,153.71001,155.61000,152.75000,155.00999,517800
2019-02-07,153.67999,153.70000,148.28000,149.17000,689700
2019-02-08,147.87000,150.12000,145.07001,148.00000,797100
2019-02-11,148.64000,150.44000,147.67999,150.22000,984300
2019-02-12,151.16000,154.89999,151.03000,154.31000,931900
2019-02-13,155.97000,156.67999,153.00000,153.59000,705600
2019-02-14,152.14999,155.70000,152.14999,155.62000,655700
2019-02-15,157.20000,158.59000,156.39000,156.99001,641300
2019-02-19,156.00000,157.66000,154.86000,156.37000,689300
2019-02-20,157.45000,159.55000,157.34000,157.92999,1014400
2019-02-21,157.28000,159.00000,154.80000,155.22000,637800
2019-02-22,155.64999,157.16000,154.80000,155.62000,614400
2019-02-25,156.67999,157.28000,153.98000,154.19000,806500
2019-02-26,154.10001,155.72000,153.94000,154.39000,652800
2019-02-27,154.16000,155.00999,152.14999,154.09000,625000
2019-02-28,152.99001,153.50000,151.14999,152.07001,672700
2019-03-01,153.19000,155.20000,150.82001,152.67999,719900
2019-03-04,153.25000,153.87000,150.64000,152.00999,440800
2019-03-05,152.33000,152.50000,150.08000,151.28999,506600
2019-03-06,151.74001,152.58000,147.27000,147.39000,450400
2019-03-07,146.89999,147.09000,144.42000,146.00000,715200
2019-03-08,144.57001,146.52000,144.00999,145.00999,600300
2019-03-11,145.00999,148.33000,144.60001,147.20000,517900
2019-03-12,147.44000,148.24001,145.94000,146.05000,568000
2019-03-13,146.56000,147.55000,144.42000,144.50000,640500
2019-03-14,143.82001,145.03000,140.22000,140.53999,709200
2019-03-15,141.39000,142.94000,140.96001,142.17999,942500
2019-03-18,142.64000,143.25000,140.46001,141.72000,632900
2019-03-19,139.50000,141.99001,138.45000,138.74001,903900
2019-03-20,137.75000,137.92000,134.07001,135.09000,1020500
2019-03-21,134.42999,137.25999,133.50000,135.89000,627800
2019-03-22,134.71001,135.59000,131.74001,132.12000,714100
2019-03-25,132.49001,134.92000,131.67999,133.63000,969700
2019-03-26,133.97000,135.66000,132.89000,133.85001,514200
2019-03-27,134.28000,135.17999,132.28999,132.83000,518000
2019-03-28,133.37000,137.25999,133.37000,134.73000,583000
2019-03-29,136.87000,136.87000,135.50999,135.71001,682200
2019-04-01,137.94000,142.39000,137.56000,140.99001,659500
2019-04-02,141.45000,142.98000,140.74001,141.89000,576500
2019-04-03,144.27000,148.94000,143.60001,147.28000,933500
2019-04-04,147.69000,150.75000,147.28999,149.64000,512300
2019-04-05,149.67999,150.92000,148.74001,150.07001,421800
2019-04-08,149.99001,152.97000,149.34000,152.67999,412000
2019-04-09,151.86000,152.77000,150.64000,152.00000,591300
2019-04-10,152.16000,155.80000,152.16000,155.05000,615800
2019-04-11,155.25000,155.32001,153.09000,155.07001,427000
2019-04-12,157.09000,158.66000,156.33000,157.78999,404600
2019-04-15,157.50000,158.67000,155.84000,156.30000,437100
2019-04-16,156.14000,157.25999,155.12000,156.10001,429600
2019-04-17,157.81000,159.14000,156.95000,157.47000,554700
2019-04-18,157.85001,158.42000,156.39000,157.83000,391600
2019-04-22,157.20000,158.95000,154.89000,154.97000,410000
2019-04-23,154.82001,155.62000,153.46001,155.07001,599400
2019-04-24,154.83000,155.67000,153.05000,153.12000,584700
2019-04-25,152.28999,152.32001,146.32001,146.67000,914200
2019-04-26,145.03000,147.42999,142.11000,144.78000,1324200
2019-04-29,143.33000,145.28000,142.53999,143.28999,730100
2019-04-30,141.64999,143.75999,140.34000,143.00000,570600
2019-05-01,143.42000,143.98000,142.05000,142.55000,832200
2019-05-02,141.81000,145.35001,141.17999,144.84000,629300
2019-05-03,145.13000,146.61000,144.75000,146.24001,476300
2019-05-06,142.17000,144.17000,140.61000,143.66000,614100
2019-05-07,142.02000,143.03999,140.25999,141.36000,474100
2019-05-08,141.84000,142.21001,140.56000,140.78000,498400
2019-05-09,137.00999,139.00000,134.80000,138.78000,948800
2019-05-10,137.81000,140.64999,135.19000,140.33000,953300
2019-05-13,138.17999,138.17999,133.60001,134.72000,756100
2019-05-14,135.39999,137.67000,135.19000,136.42999,733400
2019-05-15,134.50000,137.67999,132.07001,136.32001,636600
2019-05-16,136.06000,136.73000,133.97000,134.22000,451600
2019-05-17,133.22000,136.16000,132.99001,134.06000,447400
2019-05-20,132.34000,133.87000,130.87000,131.25999,845800
2019-05-21,131.03999,132.42000,130.17000,131.63000,739000
2019-05-22,131.02000,132.00000,127.16000,127.77000,586300
2019-05-23,126.39000,126.40000,123.62000,126.04000,594300
2019-05-24,127.15000,127.94000,125.19000,125.85000,727700
2019-05-28,126.90000,130.35001,126.88000,129.99001,813300
2019-05-29,128.28000,129.03999,125.25000,128.00000,438200
2019-05-30,128.30000,129.92000,125.80000,126.25000,407700
2019-05-31,121.66000,122.28000,118.80000,119.03000,1104300
2019-06-03,118.83000,123.41000,118.11000,123.28000,966400
2019-06-04,126.69000,131.92999,124.81000,131.49001,1010800
2019-06-05,131.66000,133.35001,128.32001,133.16000,734700
2019-06-06,130.70000,132.57001,129.73000,131.42000,548600
2019-06-07,131.81000,133.83000,131.31000,133.30000,618300
2019-06-10,135.00000,138.24001,134.98000,135.20000,490400
2019-06-11,137.14999,137.77000,136.17999,136.63000,494400
2019-06-12,135.39000,136.55000,134.89999,135.70000,606800
2019-06-13,135.14999,136.41000,134.47000,135.89999,544300
2019-06-14,135.33000,135.33000,133.11000,133.70000,398000
2019-06-17,133.62000,134.85001,132.78999,133.57001,576400
2019-06-18,134.45000,138.94000,134.44000,135.64000,370600
2019-06-19,135.95000,137.00999,135.16000,135.78999,376500
2019-06-20,138.31000,139.60001,136.33000,137.61000,501600
2019-06-21,137.12000,138.96001,136.77000,137.75999,665200
2019-06-24,136.73000,139.00999,136.21001,138.09000,503900
2019-06-25,138.56000,139.25000,137.10001,138.03999,666800
2019-06-26,138.03999,140.62000,138.03999,139.28999,451200
2019-06-27,139.75000,141.83000,139.67999,140.46001,435500
2019-06-28,140.50999,142.97000,139.27000,139.27000,914500
2019-07-01,142.38000,143.00000,137.39999,138.34000,841400
2019-07-02,137.98000,139.96001,134.32001,135.14999,635400
2019-07-03,135.75000,136.81000,133.69000,134.39000,287100
2019-07-05,133.50000,136.53000,133.50000,135.03000,321500
2019-07-08,134.45000,134.64000,130.64000,131.25000,542500
2019-07-09,130.27000,131.70000,129.00999,130.63000,908400
2019-07-10,131.50000,132.48000,129.56000,132.39999,448700
2019-07-11,132.22000,133.10001,130.89999,131.42999,492300
2019-07-12,131.64000,136.63000,131.64000,136.42000,591500
2019-07-15,136.64999,137.66000,133.59000,135.28000,393800
2019-07-16,125.75000,134.70000,125.25000,129.74001,1773200
2019-07-17,128.30000,129.24001,124.13000,127.17000,1143600
2019-07-18,126.52000,129.03999,125.70000,128.91000,692000
2019-07-19,129.78000,134.31000,129.78000,132.19000,686800
2019-07-22,132.92999,133.89000,131.07001,131.33000,424700
2019-07-23,134.88000,136.32001,133.09000,133.50999,554400
2019-07-24,133.45000,137.06000,133.42000,136.91000,470700
2019-07-25,135.53999,136.20000,132.84000,133.46001,540200
2019-07-26,131.95000,135.53000,130.66000,130.67999,863200
2019-07-29,130.49001,130.49001,127.00000,129.00000,697800
2019-07-30,127.40000,127.47000,124.63000,126.79000,826300
2019-07-31,127.49000,127.97000,125.36000,126.78000,564600
2019-08-01,127.44000,127.89000,121.11000,121.88000,476900
2019-08-02,120.53000,121.73000,118.50000,120.93000,896700
2019-08-05,118.14000,120.01000,116.72000,119.38000,637600
2019-08-06,120.21000,121.34000,116.52000,118.83000,576600
2019-08-07,118.03000,119.24000,116.31000,117.11000,1155400
2019-08-08,117.62000,119.01000,116.54000,117.18000,494200
2019-08-09,116.31000,116.45000,114.12000,114.54000,502300
2019-08-12,113.76000,114.09000,111.34000,111.96000,541900
2019-08-13,112.25000,115.18000,110.91000,113.81000,449900
2019-08-14,111.34000,111.38000,108.14000,108.56000,543700
2019-08-15,108.49000,109.28000,105.10000,106.01000,600700
2019-08-16,106.68000,109.62000,106.32000,108.97000,813100
2019-08-19,110.63000,111.19000,109.14000,110.84000,515900
2019-08-20,110.21000,110.83000,108.67000,109.00000,467400
2019-08-21,110.62000,111.76000,110.15000,111.17000,469800
2019-08-22,111.80000,112.63000,110.39000,110.56000,361000
2019-08-23,109.00000,110.53000,106.33000,106.50000,495500
2019-08-26,108.36000,108.92000,107.09000,107.27000,374500
2019-08-27,108.35000,109.41000,106.67000,106.88000,407800
2019-08-28,105.73000,107.38000,105.15000,106.47000,491000
2019-08-29,107.54000,109.33000,107.39000,109.13000,436900
2019-08-30,110.41000,112.59000,110.20000,112.26000,863200
2019-09-03,111.48000,111.66000,107.63000,109.29000,482400
2019-09-04,111.06000,113.76000,110.73000,113.33000,712700
2019-09-05,115.64000,121.02000,115.42000,120.45000,1039600
2019-09-06,120.91000,121.79000,119.52000,120.26000,596800
2019-09-09,121.59000,124.39000,121.36000,123.92000,665300
2019-09-10,123.35000,129.12000,123.35000,129.09000,736100
2019-09-11,129.48000,129.48000,125.07000,126.41000,670400
2019-09-12,123.50000,126.61000,120.03000,126.05000,500200
2019-09-13,127.79000,129.95000,125.84000,126.34000,555200
2019-09-16,124.11000,125.89000,123.58000,124.03000,613800
2019-09-17,122.66000,122.81000,120.52000,121.38000,531100
2019-09-18,121.14000,121.70000,117.83000,118.94000,511700
2019-09-19,119.07000,120.89000,118.81000,118.97000,454100
2019-09-20,119.25000,120.31000,118.12000,118.90000,881800
2019-09-23,117.38000,120.58000,116.96000,118.81000,458800
2019-09-24,119.59000,120.44000,115.68000,116.35000,422100
2019-09-25,115.89000,118.58000,114.91000,118.00000,387600
2019-09-26,118.53000,119.94000,116.65000,117.63000,411600
2019-09-27,117.73000,119.46000,116.97000,117.99000,210900
2019-09-30,118.00000,119.39000,116.96000,117.90000,479100
2019-10-01,117.90000,118.46000,113.14000,113.76000,503600
2019-10-02,112.48000,113.00000,108.31000,111.63000,447800
2019-10-03,111.29000,111.34000,108.24000,111.05000,333100
2019-10-04,111.32000,112.06000,108.93000,109.76000,397300
2019-10-07,109.57000,110.81000,108.08000,109.68000,497100
2019-10-08,107.92000,108.47000,106.29000,106.30000,428900
2019-10-09,107.77000,109.20000,106.90000,108.44000,320100
2019-10-10,109.40000,112.15000,108.85000,110.10000,708500
2019-10-11,112.77000,117.92000,112.56000,117.07000,660000
2019-10-14,116.29000,118.01000,115.51000,117.82000,397500
2019-10-15,117.97000,121.90000,116.92000,121.70000,540400
2019-10-16,121.60000,122.70000,120.44000,120.78000,619000
2019-10-17,120.61000,120.98000,118.07000,119.39000,484200
2019-10-18,118.67000,120.62000,118.41000,119.87000,468200
2019-10-21,121.83000,122.79000,120.50000,120.72000,400600
2019-10-22,119.93000,125.05000,119.45000,125.00000,463700
2019-10-23,125.13000,125.13000,122.43000,123.34000,403800
2019-10-24,123.57000,124.50000,120.49000,121.47000,684200
2019-10-25,121.45000,125.16000,120.96000,124.22000,1073000
2019-10-28,125.26000,126.33000,123.06000,123.36000,647900
2019-10-29,122.91000,124.31000,122.00000,122.04000,496300
2019-10-30,122.00000,122.00000,118.86000,119.52000,419600
2019-10-31,119.52000,119.96000,116.88000,117.77000,425300
2019-11-01,118.93000,120.80000,118.22000,120.16000,332700
2019-11-04,121.95000,125.70000,121.66000,125.58000,464400
2019-11-05,126.47000,129.34000,126.43000,126.43000,831300
2019-11-06,126.30000,127.10000,123.75000,123.94000,479700
2019-11-07,125.74000,129.78000,124.71000,129.45000,1057500
2019-11-08,129.14999,129.62000,127.04000,129.11000,341800
2019-11-11,128.05000,129.21001,126.98000,127.62000,686700
2019-11-12,127.28000,128.33000,125.77000,126.53000,319200
2019-11-13,124.87000,125.27000,122.75000,122.78000,391100
2019-11-14,123.27000,123.77000,121.88000,122.15000,279500
2019-11-15,122.79000,123.30000,121.36000,121.94000,287500
2019-11-18,120.96000,122.02000,119.36000,121.92000,502700
2019-11-19,122.29000,122.52000,120.00000,120.90000,528000
2019-11-20,120.30000,120.58000,116.66000,116.84000,701200
2019-11-21,117.58000,118.87000,116.48000,117.67000,490600
2019-11-22,118.91000,119.39000,117.54000,119.01000,325900
2019-11-25,119.86000,122.54000,119.13000,120.93000,350600
2019-11-26,120.14000,122.26000,119.43000,121.92000,838000
2019-11-27,122.11000,123.19000,120.74000,122.39000,262200
2019-11-29,121.75000,122.56000,120.28000,120.31000,172700
2019-12-02,120.71000,123.49000,120.33000,121.94000,323100
2019-12-03,119.92000,121.35000,118.07000,119.08000,454400
2019-12-04,119.71000,122.10000,116.29000,117.47000,1193800
2019-12-05,117.61000,120.81000,117.13000,120.64000,824400
2019-12-06,122.12000,125.05000,122.08000,124.49000,675800
2019-12-09,124.04000,126.10000,123.50000,125.40000,597300
2019-12-10,124.94000,125.33000,123.28000,125.00000,558000
2019-12-11,125.60000,126.60000,124.97000,126.48000,339700
2019-12-12,126.77000,130.37000,125.91000,130.11000,441500
2019-12-13,129.83000,131.92000,128.22000,129.35001,573600
2019-12-16,133.88000,140.92999,133.57001,139.02000,2406400
2019-12-17,138.50000,142.09000,138.39000,141.50000,1357700
2019-12-18,140.77000,141.38000,136.78000,140.67999,1713900
2019-12-19,140.24001,142.02000,139.57001,141.58000,1157100
2019-12-20,142.67999,143.50000,139.74001,141.42000,8951400
2019-12-23,141.06000,142.77000,139.67999,141.07001,734200
2019-12-24,141.28000,141.78999,139.12000,139.28000,198500
2019-12-26,139.08000,140.33000,138.53999,140.00000,546400
2019-12-27,140.64000,141.24001,138.03999,138.46001,419100
2019-12-30,138.50000,139.41000,137.75000,138.11000,521700
2019-12-31,137.89999,139.34000,137.16000,137.20000,551400
2020-01-02,138.57001,140.12000,137.12000,140.09000,664100
2020-01-03,137.52000,138.06000,135.59000,136.83000,441300
2020-01-06,135.27000,137.03999,134.73000,136.08000,548000
2020-01-07,135.82001,137.06000,134.97000,136.31000,465300
2020-01-08,136.35001,138.14000,135.25999,137.64000,456000
2020-01-09,139.23000,139.30000,137.64000,138.55000,564300
2020-01-10,138.72000,139.17999,136.17999,136.41000,427900
2020-01-13,135.78999,136.77000,134.84000,136.23000,535600
2020-01-14,136.17000,137.56000,135.85001,136.85001,517300
2020-01-15,135.91000,138.48000,134.77000,136.96001,690900
2020-01-16,137.87000,140.57001,137.50000,140.55000,384800
2020-01-17,140.67999,141.60001,139.50999,140.66000,337300
2020-01-21,139.67000,140.27000,137.55000,137.74001,542000
2020-01-22,138.66000,139.22000,137.05000,137.38000,449500
2020-01-23,136.44000,137.53000,133.19000,136.95000,699200
2020-01-24,136.72000,136.86000,131.85001,133.75000,687300
2020-01-27,130.00000,133.33000,128.50999,130.19000,804500
2020-01-28,131.41000,132.94000,124.53000,125.53000,1356100
2020-01-29,126.41000,128.35001,125.78000,126.12000,541900
2020-01-30,124.13000,126.24000,123.62000,126.08000,403600
2020-01-31,124.87000,125.35000,122.67000,123.18000,754600
2020-02-03,123.90000,126.59000,123.77000,125.13000,417100
2020-02-04,127.56000,127.90000,124.24000,124.49000,968600
2020-02-05,126.07000,128.33000,125.71000,126.90000,1266600
2020-02-06,126.90000,127.10000,121.91000,121.96000,618900
2020-02-07,121.76000,122.49000,120.92000,121.72000,455900
2020-02-10,121.76000,121.76000,120.10000,120.77000,536500
2020-02-11,121.11000,125.17000,120.56000,124.55000,587100
2020-02-12,126.74000,129.02000,126.32000,126.51000,958300
2020-02-13,124.89000,126.21000,123.45000,125.39000,919600
2020-02-14,125.23000,125.23000,122.19000,122.76000,324900
2020-02-18,122.25000,123.96000,121.45000,123.40000,510500
2020-02-19,123.79000,125.32000,123.77000,124.82000,709100
2020-02-20,124.04000,125.77000,123.71000,124.70000,700700
2020-02-21,123.83000,124.52000,118.46000,119.31000,757900
2020-02-24,114.54000,115.55000,111.85000,113.06000,519300
2020-02-25,113.76000,113.92000,109.96000,111.27000,818200
2020-02-26,112.81000,115.41000,111.67000,112.04000,683100
2020-02-27,108.53000,115.52000,107.07000,110.42000,776400
2020-02-28,106.01000,113.04000,106.01000,111.20000,1355000
2020-03-02,112.00000,114.43000,108.59000,114.07000,678800
2020-03-03,113.76000,115.12000,107.34000,108.61000,790600
2020-03-04,110.86000,113.21000,108.77000,112.87000,863400
2020-03-05,108.90000,110.89000,106.37000,106.78000,559400
2020-03-06,103.07000,106.50000,101.36000,102.52000,662500
2020-03-09,95.57000,97.23000,90.92000,91.84000,825400
2020-03-10,95.82000,103.18000,95.12000,102.08000,1025800
2020-03-11,99.48000,100.00000,92.85000,95.88000,1186000
2020-03-12,90.89000,93.99000,85.25000,86.05000,1002800
2020-03-13,91.49000,98.01000,85.74000,97.94000,914900
2020-03-16,89.13000,93.85000,84.68000,85.39000,1263700
2020-03-17,86.61000,88.61000,80.01000,82.59000,1404200
2020-03-18,76.35000,80.12000,69.63000,70.00000,1357300
2020-03-19,68.51000,76.18000,63.20000,76.05000,1082500
2020-03-20,77.73000,85.35000,74.07000,75.78000,1419400
2020-03-23,75.13000,82.61000,72.64000,79.14000,828600
2020-03-24,84.37000,88.06000,82.21000,87.94000,962900
2020-03-25,89.88000,94.19000,85.07000,90.42000,928100
2020-03-26,90.90000,96.50000,89.38000,95.85000,765500
2020-03-27,90.90000,91.48000,86.85000,89.04000,639000
2020-03-30,86.00000,89.20000,84.24000,88.55000,852800
2020-03-31,88.94000,91.42000,80.78000,81.25000,1079700
2020-04-01,77.64000,79.98000,70.00000,70.96000,1313000
2020-04-02,69.40000,73.27000,69.17000,72.22000,1944100
2020-04-03,72.62000,74.91000,70.33000,72.58000,639100
2020-04-06,77.47000,80.46000,75.50000,79.97000,647100
2020-04-07,85.48000,86.88000,83.17000,83.99000,942800
2020-04-08,82.89000,89.93000,82.89000,89.09000,1011500
2020-04-09,92.55000,94.00000,90.43000,91.15000,540100
2020-04-13,91.15000,91.15000,85.58000,85.58000,478200
2020-04-14,87.98000,90.38000,87.12000,87.95000,593100
2020-04-15,83.94000,86.76000,83.28000,86.66000,745600
2020-04-16,86.05000,86.85000,81.62000,82.64000,847200
2020-04-17,86.65000,88.76000,86.41000,87.34000,554400
2020-04-20,84.54000,86.31000,82.95000,83.16000,564100
2020-04-21,80.37000,83.90000,80.15000,83.37000,419800
2020-04-22,85.32000,85.68000,81.90000,82.86000,344200
2020-04-23,83.48000,86.77000,83.18000,85.13000,349600
2020-04-24,88.45000,89.28000,86.90000,88.50000,515300
2020-04-27,90.00000,95.02000,88.87000,94.76000,764100
2020-04-28,97.11000,98.45000,94.77000,96.64000,597800
2020-04-29,99.69000,103.23000,98.16000,101.45000,1191500
2020-04-30,100.13000,100.62000,97.03000,97.65000,650900
2020-05-01,94.99000,96.18000,91.49000,92.54000,410800
2020-05-04,89.89000,92.73000,89.44000,90.97000,499300
2020-05-05,93.50000,94.43000,90.13000,90.15000,681600
2020-05-06,92.71000,93.37000,89.88000,91.09000,466600
2020-05-07,92.79000,94.16000,91.81000,92.73000,848100
2020-05-08,97.71000,102.13000,95.56000,101.37000,1155100
2020-05-11,100.14000,104.63000,98.26000,103.80000,791100
2020-05-12,105.25000,105.31000,98.97000,99.20000,556300
2020-05-13,98.20000,98.20000,90.24000,92.48000,654400
2020-05-14,89.33000,95.26000,87.76000,94.96000,631700
2020-05-15,94.34000,96.28000,92.99000,95.46000,405900
2020-05-18,100.63000,103.58000,98.98000,102.78000,707600
2020-05-19,102.22000,106.17000,100.74000,102.19000,507000
2020-05-20,104.67000,107.80000,104.52000,106.10000,712000
2020-05-21,105.92000,107.17000,104.93000,105.61000,555900
2020-05-22,106.50000,106.88000,103.80000,105.40000,309500
2020-05-26,110.88000,112.05000,109.11000,109.51000,688700
2020-05-27,113.34000,114.49000,108.27000,109.38000,636000
2020-05-28,109.61000,110.18000,105.57000,107.63000,623000
2020-05-29,106.68000,107.03000,103.37000,106.05000,966000
2020-06-01,107.41000,111.96000,105.80000,110.49000,631900
2020-06-02,111.98000,112.60000,110.01000,112.27000,573600
2020-06-03,114.78000,119.23000,113.92000,116.10000,893500
2020-06-04,115.00000,115.46000,112.92000,115.42000,751000
2020-06-05,120.88000,124.76000,120.88000,123.77000,746300
2020-06-08,126.05000,128.44000,125.25000,125.91000,890600
2020-06-09,121.94000,123.43000,120.58000,121.48000,569100
2020-06-10,121.60000,121.60000,117.39000,117.91000,604300
2020-06-11,111.40000,112.94000,106.84000,107.34000,503600
2020-06-12,112.13000,113.74000,107.02000,110.29000,493500
2020-06-15,105.54000,111.44000,104.48000,110.00000,515800
2020-06-16,115.21000,115.48000,109.45000,111.00000,511700
2020-06-17,110.87000,111.61000,107.25000,108.24000,486100
2020-06-18,106.50000,109.47000,105.52000,107.72000,429600
2020-06-19,109.25000,114.68000,109.25000,111.12000,1007200
2020-06-22,111.10000,111.60000,108.17000,110.78000,496900
2020-06-23,112.97000,114.45000,110.86000,112.93000,954700
2020-06-24,111.52000,111.52000,107.09000,107.21000,479800
2020-06-25,106.02000,108.46000,104.88000,108.20000,354200
2020-06-26,108.05000,108.05000,104.48000,104.55000,758700
2020-06-29,106.24000,109.82000,105.69000,107.89000,379800
2020-06-30,107.00000,110.00000,106.33000,109.02000,387100
2020-07-01,109.07000,110.37000,105.64000,106.21000,340100
2020-07-02,109.48000,110.78000,107.23000,107.88000,385900
2020-07-06,111.10000,111.10000,107.65000,108.88000,316000
2020-07-07,107.87000,108.49000,106.62000,106.78000,325600
2020-07-08,106.30000,108.20000,104.79000,105.67000,302600
2020-07-09,105.98000,107.10000,102.17000,102.30000,466900
2020-07-10,103.01000,104.92000,102.79000,104.68000,698200
2020-07-13,106.13000,107.81000,104.53000,105.51000,538300
2020-07-14,106.05000,108.96000,104.98000,108.79000,415900
2020-07-15,111.73000,113.81000,109.70000,113.00000,536000
2020-07-16,111.30000,115.67000,110.75000,115.00000,365400
2020-07-17,115.55000,115.55000,113.04000,114.84000,505500
2020-07-20,114.19000,115.04000,113.43000,114.25000,482100
2020-07-21,115.88000,117.33000,114.76000,115.04000,623900
2020-07-22,114.10000,118.62000,114.10000,116.90000,427100
2020-07-23,117.44000,118.25000,116.14000,117.10000,430500
2020-07-24,115.48000,117.25000,115.06000,116.59000,309300
2020-07-27,116.09000,119.26000,115.18000,118.97000,330800
2020-07-28,118.50000,119.23000,116.47000,116.72000,456700
2020-07-29,117.98000,119.32000,116.67000,118.20000,431900
2020-07-30,115.59000,116.13000,112.46000,113.20000,427600
2020-07-31,112.53000,112.85000,109.01000,110.38000,520400
2020-08-03,111.04000,113.01000,110.70000,112.01000,534900
2020-08-04,111.96000,115.49000,110.34000,112.04000,805900
2020-08-05,113.05000,115.67000,112.32000,115.50000,787500
2020-08-06,114.63000,115.07000,113.03000,113.23000,520800
2020-08-07,112.02000,113.03000,110.47000,112.46000,419000
2020-08-10,113.09000,116.27000,113.09000,115.79000,426300
2020-08-11,118.75000,122.00000,118.15000,119.60000,758700
2020-08-12,122.18000,122.18000,118.49000,118.89000,486600
2020-08-13,118.03000,118.24000,116.51000,117.47000,371500
2020-08-14,116.81000,118.91000,116.11000,118.53000,251800
2020-08-17,119.34000,119.34000,116.61000,116.85000,442600
2020-08-18,116.88000,117.57000,114.94000,115.02000,466000
2020-08-19,114.63000,115.95000,113.44000,113.61000,346800
2020-08-20,111.80000,114.36000,111.63000,113.73000,366100
2020-08-21,112.65000,113.82000,111.97000,112.08000,331400
2020-08-24,113.18000,116.21000,113.08000,115.92000,273200
2020-08-25,116.83000,117.84000,113.92000,115.25000,303200
2020-08-26,115.38000,117.20000,115.14000,115.96000,255300
2020-08-27,117.85000,117.85000,113.99000,114.68000,277300
2020-08-28,114.92000,117.57000,114.66000,116.83000,253500
2020-08-31,116.33000,116.91000,113.91000,113.93000,426900
2020-09-01,113.68000,116.21000,112.36000,116.09000,292200
2020-09-02,116.53000,122.75000,116.39000,122.14000,678800
2020-09-03,121.95000,123.31000,119.17000,120.04000,671400
2020-09-04,122.50000,122.50000,118.08000,120.45000,383700
2020-09-08,118.93000,121.33000,117.61000,118.28000,388900
2020-09-09,118.94000,121.01000,117.58000,120.25000,474200
2020-09-10,121.42000,122.62000,117.35000,117.58000,413300
2020-09-11,118.00000,119.77000,117.19000,119.51000,450200
2020-09-14,120.40000,121.99000,119.13000,121.78000,348800
2020-09-15,123.26000,124.30000,121.60000,123.55000,578100
2020-09-16,123.32000,123.44000,120.28000,120.98000,607900
2020-09-17,119.23000,120.63000,117.87000,118.66000,525500
2020-09-18,119.45000,119.45000,115.73000,116.66000,768600
2020-09-21,113.22000,114.02000,109.58000,111.08000,595400
2020-09-22,111.38000,111.68000,108.76000,109.16000,535400
2020-09-23,109.40000,110.73000,107.75000,107.83000,554500
2020-09-24,107.00000,107.69000,104.77000,105.64000,518800
2020-09-25,105.00000,105.72000,103.35000,104.41000,420400
2020-09-28,107.27000,109.76000,106.48000,107.35000,473400
2020-09-29,107.01000,109.46000,106.56000,108.01000,438300
2020-09-30,108.49000,111.21000,108.31000,109.05000,482800
2020-10-01,110.48000,114.05000,110.41000,113.11000,599800
2020-10-02,110.09000,115.32000,109.96000,114.78000,393100
2020-10-05,116.96000,120.60000,115.94000,119.91000,383300
2020-10-06,122.94000,126.15000,121.60000,123.39000,1090100
2020-10-07,125.22000,130.48000,124.30000,128.80000,650800
2020-10-08,130.60001,131.10001,127.86000,129.83000,662500
2020-10-09,130.49001,131.56000,129.00000,129.53999,781400
2020-10-12,129.64000,130.84000,128.20000,129.19000,323700
2020-10-13,128.97000,130.33000,126.64000,129.56000,255200
2020-10-14,130.12000,131.52000,128.59000,128.63000,422900
2020-10-15,127.24000,129.73000,126.71000,129.53000,568800
2020-10-16,130.41000,132.24001,128.19000,130.72000,333700
2020-10-19,130.50999,131.34000,128.82001,129.08000,227800
2020-10-20,128.98000,133.00000,128.98000,131.70000,480300
2020-10-21,132.09000,133.77000,131.13000,132.25999,358200
2020-10-22,133.59000,135.36000,132.67000,134.74001,410600
2020-10-23,136.00000,137.87000,133.67000,134.50999,478100
2020-10-26,132.10001,133.06000,129.82001,131.02000,332800
2020-10-27,130.35001,131.20000,127.08000,127.09000,425600
2020-10-28,123.60000,125.10000,121.65000,122.38000,616200
2020-10-29,122.41000,125.04000,121.70000,124.86000,627500
2020-10-30,121.97000,124.94000,119.29000,120.81000,687000
2020-11-02,122.95000,125.98000,121.63000,122.93000,488100
2020-11-03,125.90000,127.85000,124.67000,126.61000,728100
2020-11-04,124.31000,127.39000,122.32000,123.47000,557100
2020-11-05,125.33000,130.89000,125.33000,130.32001,376500
2020-11-06,130.66000,131.35001,126.10000,128.22000,358300
2020-11-09,138.52000,141.00000,135.03999,135.41000,490200
2020-11-10,136.49001,139.49001,135.91000,137.39000,464500
2020-11-11,139.24001,139.24001,134.60001,136.17000,447200
2020-11-12,134.48000,136.14999,132.32001,133.89999,681100
2020-11-13,135.75999,138.61000,135.71001,137.98000,464600
2020-11-16,141.00000,143.34000,138.82001,140.87000,508800
2020-11-17,139.75000,141.37000,136.74001,141.25999,694900
2020-11-18,141.85001,144.66000,140.86000,141.17000,499800
2020-11-19,141.12000,141.45000,139.03999,140.07001,327000
2020-11-20,139.25999,140.21001,137.64999,139.17999,273500
2020-11-23,140.61000,143.53000,140.03999,143.53000,541000
2020-11-24,145.99001,151.00000,144.72000,150.33000,674900
2020-11-25,148.70000,149.71001,143.83000,146.03999,440400
2020-11-27,146.03999,148.09000,145.74001,146.60001,146500
2020-11-30,146.71001,147.21001,142.42999,142.95000,657200
2020-12-01,146.62000,148.28999,145.21001,146.82001,484700
2020-12-02,145.61000,146.67000,144.32001,144.67999,333300
2020-12-03,145.85001,149.49001,144.50000,149.02000,559700
2020-12-04,150.00000,157.80000,149.82001,157.41000,681400
2020-12-07,157.46001,157.92999,154.74001,157.50999,315300
2020-12-08,156.20000,159.00000,155.71001,158.42999,383600
2020-12-09,160.55000,162.00000,156.91000,158.64000,523100
2020-12-10,156.08000,157.48000,154.42000,156.28999,266000
2020-12-11,154.64999,156.64999,154.62000,155.00999,507200
2020-12-14,157.42999,157.89999,155.88000,156.07001,425900
2020-12-15,158.46001,160.71001,156.66000,160.25000,308800
2020-12-16,163.70000,163.70000,159.67999,161.89999,514200
2020-12-17,163.52000,165.00000,162.00999,164.69000,360800
2020-12-18,165.67000,165.67000,158.47000,159.69000,1010400
2020-12-21,155.21001,158.59000,154.21001,158.53000,338800
2020-12-22,158.96001,160.03000,157.57001,158.83000,244600
2020-12-23,161.16000,163.03000,159.86000,161.91000,360300
2020-12-24,162.87000,162.87000,158.56000,159.86000,179500
2020-12-28,161.35001,161.60001,158.95000,159.22000,211300
2020-12-29,159.67999,159.67999,156.81000,158.83000,228600
2020-12-30,159.09000,161.57001,159.09000,160.49001,162200
2020-12-31,160.98000,160.98000,158.58000,159.03000,226000
2021-01-04,160.27000,160.55000,155.25000,157.44000,358800
2021-01-05,156.09000,160.48000,156.09000,160.17000,368900
2021-01-06,162.38000,167.50999,161.56000,165.69000,425400
2021-01-07,167.99001,170.50999,167.13000,170.39999,453900
2021-01-08,167.57001,169.52000,164.91000,165.89000,383200
2021-01-11,163.64999,164.52000,161.81000,163.69000,430500
2021-01-12,165.57001,170.67999,164.37000,166.73000,434400
2021-01-13,166.25000,166.83000,162.10001,162.73000,277200
2021-01-14,165.59000,165.85001,161.72000,164.99001,377200
2021-01-15,162.71001,165.00999,158.38000,159.78999,509000
2021-01-19,161.89999,163.74001,158.69000,163.05000,243700
2021-01-20,165.14999,167.64000,164.70000,167.50999,388500
2021-01-21,168.25999,169.19000,166.92999,167.91000,474400
2021-01-22,169.11000,169.61000,166.32001,167.08000,212300
2021-01-25,166.37000,166.38000,159.99001,162.10001,368600
2021-01-26,162.53000,163.37000,155.80000,155.92999,376200
2021-01-27,152.85001,154.17000,146.53000,147.37000,726600
2021-01-28,149.21001,154.25000,147.64999,153.47000,580000
2021-01-29,152.53999,154.14999,149.10001,150.75999,461100
2021-02-01,152.80000,157.28999,152.61000,156.83000,296500
2021-02-02,159.42000,160.42000,157.00000,158.75000,445400
2021-02-03,159.02000,161.42000,158.42000,160.21001,605600
2021-02-04,158.00000,158.17000,151.07001,153.22000,974800
2021-02-05,155.03999,156.83000,153.94000,155.71001,620600
2021-02-08,156.00000,160.32001,155.91000,160.06000,503700
2021-02-09,159.35001,162.31000,159.17999,162.00000,499800
2021-02-10,163.02000,165.78999,161.00999,161.52000,514800
2021-02-11,161.66000,162.92999,157.78000,160.17999,443700
2021-02-12,158.55000,160.17999,157.92000,159.67000,539000
2021-02-16,161.22000,164.05000,161.20000,162.49001,373500
2021-02-17,161.09000,163.73000,160.39000,163.25000,329200
2021-02-18,161.86000,164.34000,159.82001,161.74001,605800
2021-02-19,163.58000,167.75000,163.58000,167.66000,394700
2021-02-22,166.32001,171.66000,165.56000,169.75999,394400
2021-02-23,167.00000,170.13000,162.71001,169.78999,442600
2021-02-24,170.10001,171.83000,167.88000,168.23000,461400
2021-02-25,168.60001,169.19000,161.67999,163.58000,391100
2021-02-26,164.36000,167.84000,160.42999,166.09000,645900
2021-03-01,169.25000,171.19000,166.48000,170.16000,437900
2021-03-02,170.00999,171.16000,167.02000,169.77000,399600
2021-03-03,170.95000,174.00000,170.06000,171.00000,743500
2021-03-04,169.67999,171.50999,163.19000,165.77000,454900
2021-03-05,168.42000,176.83000,167.28000,176.72000,687400
2021-03-08,178.46001,182.37000,177.06000,180.38000,526400
2021-03-09,180.69000,182.25000,178.22000,178.96001,398900
2021-03-10,180.94000,186.28000,179.53999,183.56000,520600
2021-03-11,184.28000,187.28999,183.14000,185.98000,347500
2021-03-12,185.88000,188.88000,184.89999,188.75999,346200
2021-03-15,188.08000,189.78999,186.49001,189.53999,403300
2021-03-16,188.53999,190.88000,187.28999,188.73000,446400
2021-03-17,186.64999,194.20000,186.53999,194.20000,494900
2021-03-18,192.57001,196.25999,187.87000,188.39999,386200
2021-03-19,186.53000,188.00999,183.17999,183.39999,1001400
2021-03-22,182.60001,182.60001,177.64000,179.09000,407100
2021-03-23,175.64000,176.69000,169.12000,170.02000,470700
2021-03-24,173.52000,174.72000,170.78999,170.84000,504900
2021-03-25,167.83000,175.05000,166.48000,173.92000,376700
2021-03-26,178.06000,178.48000,172.11000,178.48000,428800
2021-03-29,178.39999,180.62000,172.92999,173.07001,372800
2021-03-30,174.05000,178.44000,173.07001,177.64999,329600
2021-03-31,178.28000,183.66000,176.82001,181.25000,512100
2021-04-01,182.66000,182.66000,178.30000,180.13000,296800
2021-04-05,182.61000,184.22000,181.28999,181.64999,259700
2021-04-06,181.13000,184.84000,180.53000,181.23000,342900
2021-04-07,181.62000,181.62000,177.84000,179.06000,302000
2021-04-08,179.06000,180.00000,175.41000,178.92000,420700
2021-04-09,179.53999,180.19000,178.25999,179.00999,262900
2021-04-12,180.06000,181.46001,177.89999,180.25000,303000
2021-04-13,179.72000,181.50000,175.60001,176.85001,355200
2021-04-14,178.38000,182.33000,177.58000,179.88000,594500
2021-04-15,179.38000,181.75999,177.35001,181.63000,263300
2021-04-16,182.00000,184.41000,180.75000,182.25000,291200
2021-04-19,180.97000,183.44000,179.50000,180.36000,386600
2021-04-20,179.17000,179.39999,171.49001,172.08000,504500
2021-04-21,172.08000,180.46001,172.08000,180.45000,308300
2021-04-22,180.83000,182.67999,178.99001,181.17999,321300
2021-04-23,183.67000,189.69000,182.34000,187.56000,361900
2021-04-26,188.92000,191.53000,188.00999,189.47000,288100
2021-04-27,190.11000,195.32001,188.78999,193.94000,371400
2021-04-28,193.71001,196.97000,192.14000,195.14000,341700
2021-04-29,195.44000,195.44000,186.30000,189.14999,460900
2021-04-30,187.92000,188.53000,182.74001,183.84000,373900
2021-05-03,186.06000,187.80000,184.78000,185.59000,307600
2021-05-04,183.80000,184.30000,180.05000,182.85001,281700
2021-05-05,184.09000,189.67000,184.09000,188.03999,327800
2021-05-06,187.50000,192.33000,187.10001,192.21001,363200
2021-05-07,192.20000,195.77000,187.47000,195.12000,293800
2021-05-10,195.97000,196.12000,189.87000,190.63000,390000
2021-05-11,187.31000,190.70000,185.00000,186.63000,485000
2021-05-12,184.28999,186.23000,178.71001,179.20000,347500
2021-05-13,180.10001,185.10001,180.07001,182.52000,338800
2021-05-14,185.50999,187.08000,183.24001,186.20000,255300
2021-05-17,185.53000,186.99001,182.87000,185.00000,273500
2021-05-18,185.87000,188.53000,184.00999,184.17000,359500
2021-05-19,180.53999,183.92000,178.34000,183.66000,353600
2021-05-20,184.69000,184.83000,180.73000,180.78000,384800
2021-05-21,182.81000,189.50000,181.96001,188.28999,396300
2021-05-24,189.82001,189.82001,186.95000,187.03000,260900
2021-05-25,187.89000,189.89000,185.94000,185.94000,292100
2021-05-26,185.34000,188.61000,185.34000,187.95000,226300
2021-05-27,190.17000,197.27000,189.60001,192.53000,854400
2021-05-28,193.20000,195.00000,190.47000,193.36000,365200
2021-06-01,195.73000,199.49001,193.89000,198.84000,446800
2021-06-02,199.86000,199.86000,195.39000,198.17000,277000
2021-06-03,198.31000,204.36000,196.28999,203.13000,476800
2021-06-04,203.31000,204.91000,200.95000,201.42000,304200
2021-06-07,201.33000,201.81000,195.25999,196.99001,357100
2021-06-08,194.92000,198.38000,192.07001,197.64000,344300
2021-06-09,197.24001,197.24001,193.62000,194.44000,278900
2021-06-10,195.63000,196.03000,189.60001,190.03999,264300
2021-06-11,191.05000,192.89000,190.53999,192.60001,347500
2021-06-14,191.27000,191.27000,186.14999,187.38000,313900
2021-06-15,188.00999,189.06000,185.05000,186.91000,470000
2021-06-16,185.50000,186.00000,181.25999,181.67999,403000
2021-06-17,181.89999,182.38000,172.77000,174.28000,553700
2021-06-18,170.11000,171.57001,167.39000,169.50999,841900
2021-06-21,172.21001,174.67999,171.19000,173.87000,479000
2021-06-22,173.70000,176.72000,171.75999,176.28000,564400
2021-06-23,177.25999,179.28999,176.64000,177.00000,384200
2021-06-24,179.50000,181.74001,178.03999,178.33000,551500
2021-06-25,177.89999,179.39999,177.00000,177.91000,396100
2021-06-28,178.80000,178.80000,174.30000,175.00000,268900
2021-06-29,175.92999,177.39999,174.62000,175.50999,341600
2021-06-30,174.23000,176.97000,172.85001,175.28000,402200
2021-07-01,176.95000,178.22000,175.99001,177.58000,340200
2021-07-02,177.94000,178.75000,176.10001,177.17999,179400
2021-07-06,177.11000,177.11000,171.74001,172.30000,436000
2021-07-07,170.82001,172.48000,165.44000,167.49001,503000
2021-07-08,163.66000,170.17999,163.08000,168.32001,548900
2021-07-09,172.59000,175.71001,170.92000,174.03000,332200
2021-07-12,172.14000,174.28000,171.97000,172.81000,326400
2021-07-13,171.42999,173.44000,169.96001,170.21001,294700
2021-07-14,170.99001,173.64999,169.78000,170.22000,336000
2021-07-15,168.11000,171.42999,168.11000,168.75999,309200
2021-07-16,168.83000,170.71001,163.50999,163.64999,347200
2021-07-19,158.88000,164.64000,158.88000,161.97000,398700
2021-07-20,162.39999,169.03999,162.39999,167.98000,415100
2021-07-21,169.99001,172.53000,169.03999,169.71001,306700
2021-07-22,169.12000,169.12000,165.80000,166.64000,256100
2021-07-23,167.89000,169.98000,166.53000,167.03999,283100
2021-07-26,167.67000,169.45000,167.21001,168.83000,204600
2021-07-27,167.08000,168.98000,166.62000,167.91000,248900
2021-07-28,169.22000,171.95000,167.21001,170.00000,235900
2021-07-29,173.00000,177.55000,171.87000,176.57001,308000
2021-07-30,174.61000,178.34000,173.72000,174.98000,372300
2021-08-02,176.50999,178.56000,172.22000,172.44000,388100
2021-08-03,173.07001,174.61000,170.28000,173.60001,339500
2021-08-04,171.83000,172.96001,166.74001,166.78999,434300
2021-08-05,165.13000,169.88000,165.13000,169.39999,354400
2021-08-06,164.99001,169.89000,164.22000,169.52000,432500
2021-08-09,167.80000,169.33000,163.00000,164.92000,343700
2021-08-10,164.62000,167.85001,163.42000,167.62000,304000
2021-08-11,168.03999,169.75000,165.67999,169.53999,238800
2021-08-12,170.07001,170.45000,167.91000,168.50000,259700
2021-08-13,168.17000,172.16000,167.28000,170.17999,327200
2021-08-16,168.24001,170.37000,166.69000,169.77000,327900
2021-08-17,166.80000,166.80000,161.25000,163.12000,370100
2021-08-18,162.91000,164.98000,161.53999,161.72000,211100
2021-08-19,159.10001,159.63000,154.35001,154.67999,465500
2021-08-20,154.25999,157.00999,153.45000,155.60001,483500
2021-08-23,156.33000,159.42999,156.28999,158.60001,339600
2021-08-24,160.00000,163.17000,159.89000,161.62000,341100
2021-08-25,162.80000,164.24001,161.41000,162.20000,267700
2021-08-26,161.62000,162.31000,158.50999,160.25000,486400
2021-08-27,161.16000,165.63000,161.16000,164.50000,359600
2021-08-30,166.05000,166.05000,160.66000,160.86000,322700
2021-08-31,160.58000,161.72000,159.05000,159.94000,638800
2021-09-01,159.66000,159.66000,156.94000,158.28999,265800
2021-09-02,159.53999,159.85001,157.46001,159.81000,379400
2021-09-03,159.81000,160.67999,158.25000,159.37000,290100
2021-09-07,158.69000,160.89000,155.77000,157.56000,345200
2021-09-08,156.20000,157.87000,154.95000,157.10001,502100
2021-09-09,157.11000,157.75000,154.34000,156.67999,589300
2021-09-10,158.42999,159.44000,154.52000,154.78999,432900
2021-09-13,157.42000,158.30000,154.89000,157.22000,555100
2021-09-14,158.42000,159.52000,156.95000,157.49001,550400
2021-09-15,157.64999,160.92000,156.84000,160.61000,961100
2021-09-16,153.16000,157.41000,151.02000,155.00000,851700
2021-09-17,154.74001,154.74001,151.49001,153.05000,1412400
2021-09-20,146.12000,147.61000,144.78000,147.19000,542000
2021-09-21,148.45000,149.03000,145.67000,146.17000,368100
2021-09-22,149.16000,151.89000,148.81000,149.84000,270200
2021-09-23,151.96001,156.10001,151.96001,154.78999,361900
2021-09-24,154.70000,157.28999,154.13000,155.55000,345700
2021-09-27,155.42999,162.42999,154.73000,160.11000,489500
2021-09-28,161.46001,163.14999,159.63000,159.86000,383100
2021-09-29,159.87000,160.66000,157.35001,158.50000,261300
2021-09-30,159.03000,159.98000,156.39999,156.48000,464300
2021-10-01,158.42000,160.50000,156.32001,159.14000,351100
2021-10-04,159.39000,162.67999,158.61000,159.67999,436000
2021-10-05,159.70000,161.69000,157.46001,160.78999,592300
2021-10-06,158.16000,159.42000,153.45000,157.13000,555300
2021-10-07,160.31000,166.91000,159.57001,164.89999,489000
2021-10-08,165.80000,170.22000,164.34000,168.25000,331400
2021-10-11,168.00000,171.42000,167.11000,167.75999,440100
2021-10-12,171.62000,173.14000,169.41000,172.50999,448500
2021-10-13,171.55000,172.60001,169.39999,171.53999,352800
2021-10-14,173.28999,176.23000,171.14999,176.05000,281800
2021-10-15,178.05000,179.84000,175.99001,179.07001,425700
2021-10-18,177.63000,178.70000,174.17000,174.78999,375500
2021-10-19,174.94000,175.13000,172.41000,172.64000,331800
2021-10-20,169.60001,175.38000,166.69000,175.17999,417200
2021-10-21,174.83000,176.03999,173.12000,173.78999,308700
2021-10-22,174.88000,175.88000,169.31000,169.69000,314500
2021-10-25,170.81000,172.10001,167.86000,168.85001,400900
2021-10-26,169.09000,169.09000,162.89999,163.75000,602600
2021-10-27,162.71001,168.31000,160.42999,166.89999,475800
2021-10-28,168.45000,171.06000,167.50000,169.69000,300000
2021-10-29,170.24001,173.36000,169.67000,171.85001,407500
2021-11-01,172.56000,177.23000,172.56000,176.25999,535800
2021-11-02,174.10001,177.50999,170.02000,173.64999,710600
2021-11-03,168.30000,180.34000,168.10001,179.50000,588700
2021-11-04,180.34000,182.42000,176.55000,177.42999,397800
2021-11-05,179.99001,180.42999,176.58000,178.25000,281500
2021-11-08,179.63000,180.02000,176.89000,178.55000,293400
2021-11-09,179.31000,180.95000,177.72000,180.16000,519700
2021-11-10,179.00999,181.56000,176.49001,177.52000,578400
2021-11-11,178.00000,179.38000,174.64999,177.81000,549000
2021-11-12,178.17999,183.57001,176.21001,183.52000,589100
2021-11-15,184.39000,187.05000,183.39000,186.95000,499200
2021-11-16,189.05000,191.46001,186.77000,186.95000,819700
2021-11-17,186.25000,187.00000,180.38000,180.98000,870700
2021-11-18,181.67999,183.14999,180.23000,182.12000,371700
2021-11-19,181.06000,181.06000,176.00999,177.45000,486700
2021-11-22,178.59000,181.35001,177.14000,178.69000,376700
2021-11-23,178.37000,181.36000,177.14000,181.03999,389900
2021-11-24,179.16000,180.31000,177.36000,179.22000,285300
2021-11-26,170.50999,172.47000,166.77000,171.24001,298400
2021-11-29,173.87000,173.87000,165.69000,169.00000,455600
2021-11-30,167.31000,168.95000,165.17000,167.78999,1013000
2021-12-01,173.02000,175.53000,169.10001,169.70000,913400
2021-12-02,171.86000,176.20000,171.32001,175.81000,516300
2021-12-03,176.96001,177.23000,172.98000,174.75000,474600
2021-12-06,177.77000,180.05000,173.59000,178.89000,732500
2021-12-07,180.71001,184.14999,179.87000,184.00000,740600
2021-12-08,184.62000,188.02000,184.00999,187.99001,823700
2021-12-09,185.00000,187.10001,181.49001,183.87000,953000
2021-12-10,184.67999,187.86000,184.38000,187.63000,581400
2021-12-13,186.70000,187.96001,180.61000,183.78999,761300
2021-12-14,181.92999,184.17999,180.52000,182.46001,859500
2021-12-15,181.42999,182.66000,177.33000,182.34000,539500
2021-12-16,179.66000,184.36000,177.12000,177.59000,464600
2021-12-17,176.32001,177.03999,172.56000,174.39999,1090500
2021-12-20,171.05000,171.63000,166.30000,167.77000,519200
2021-12-21,169.69000,171.75999,169.00000,170.73000,366800
2021-12-22,170.73000,174.32001,170.11000,174.23000,348600
2021-12-23,176.28999,180.47000,176.28999,180.02000,398200
2021-12-27,179.00999,184.80000,179.00999,184.37000,403800
2021-12-28,183.88000,185.67999,181.16000,182.72000,373100
2021-12-29,183.16000,184.84000,181.64999,182.00000,310200
2021-12-30,183.61000,185.57001,181.46001,181.67999,252000
2021-12-31,180.78000,184.28999,180.62000,182.95000,191100
2022-01-03,184.95000,187.88000,183.48000,185.23000,234600
2022-01-04,188.50000,194.81000,187.70000,192.81000,404000
2022-01-05,193.70000,195.42999,188.22000,188.47000,511000
2022-01-06,186.74001,192.53000,186.62000,190.69000,445400
2022-01-07,189.81000,192.14000,186.50000,187.20000,577200
2022-01-10,185.07001,186.36000,182.45000,186.14999,529200
2022-01-11,186.64999,187.69000,182.00999,187.00999,653700
2022-01-12,187.14999,189.10001,180.81000,185.53000,652900
2022-01-13,188.10001,194.23000,186.53999,190.71001,458700
2022-01-14,189.05000,191.24001,187.09000,191.05000,300300
2022-01-18,189.21001,189.91000,186.96001,187.78000,399500
2022-01-19,188.95000,189.42000,178.60001,178.84000,446700
2022-01-20,178.50000,178.82001,171.06000,171.34000,465700
2022-01-21,170.67000,175.70000,169.14999,170.58000,428700
2022-01-24,165.59000,173.88000,162.27000,173.67000,465900
2022-01-25,169.80000,173.70000,166.35001,171.00000,606300
2022-01-26,174.09000,176.08000,169.49001,171.25000,379600
2022-01-27,172.86000,174.94000,163.03000,167.30000,632800
2022-01-28,166.16000,167.80000,158.99001,163.75000,362300
2022-01-31,162.27000,167.47000,159.50999,167.32001,451200
2022-02-01,169.39000,170.92999,166.14999,170.72000,513800
2022-02-02,171.11000,173.89999,170.03999,171.98000,464300
2022-02-03,171.02000,172.62000,166.28999,166.52000,338800
2022-02-04,163.77000,168.99001,163.44000,167.63000,530300
2022-02-07,167.41000,171.31000,166.92999,170.50999,1210900
2022-02-08,172.74001,174.50999,166.92999,171.59000,1038900
2022-02-09,166.33000,173.75000,166.33000,172.58000,810000
2022-02-10,169.39000,174.03000,165.99001,166.52000,496200
2022-02-11,166.03999,167.39999,159.07001,160.39000,908400
2022-02-14,160.91000,168.08000,160.09000,167.24001,989000
2022-02-15,168.42999,175.77000,168.37000,175.17000,549400
2022-02-16,172.81000,176.80000,172.81000,175.56000,332300
2022-02-17,173.14999,175.75000,171.58000,172.39999,435600
2022-02-18,172.19000,173.98000,170.52000,171.77000,376200
2022-02-22,170.59000,172.38000,163.75000,164.34000,450700
2022-02-23,166.91000,167.95000,163.80000,163.82001,410300
2022-02-24,157.13000,162.62000,155.49001,162.39999,482900
2022-02-25,162.80000,167.88000,161.46001,166.88000,330400
2022-02-28,157.63000,162.92999,155.58000,157.34000,882600
2022-03-01,155.00000,157.25000,142.28999,143.99001,1147200
2022-03-02,146.10001,153.00999,145.53999,152.77000,543300
2022-03-03,152.19000,152.64999,147.23000,151.03000,758000
2022-03-04,147.28000,148.41000,140.97000,143.16000,870000
2022-03-07,143.14000,143.38000,128.78999,129.13000,1050500
2022-03-08,130.99001,137.89000,127.91000,133.37000,768000
2022-03-09,138.92000,145.42000,138.60001,141.25000,904800
2022-03-10,136.83000,139.42999,135.42000,138.17000,584300
2022-03-11,139.77000,139.77000,135.48000,135.80000,365100
2022-03-14,136.16000,140.61000,134.98000,136.48000,727300
2022-03-15,138.87000,140.02000,135.87000,138.12000,573000
2022-03-16,141.66000,147.94000,140.84000,147.89999,631700
2022-03-17,144.17000,147.11000,142.78999,146.77000,454300
2022-03-18,144.92999,146.12000,143.13000,144.30000,1282700
2022-03-21,144.17999,145.67999,141.74001,143.06000,434900
2022-03-22,143.78999,144.95000,141.25999,141.77000,575700
2022-03-23,139.42999,142.83000,139.16000,139.74001,591800
2022-03-24,140.72000,143.17000,139.89999,142.75999,339800
2022-03-25,142.33000,144.33000,141.07001,143.35001,688300
2022-03-28,143.13000,143.72000,141.91000,142.85001,488700
2022-03-29,148.21001,152.00000,148.11000,149.84000,611000
2022-03-30,147.22000,148.61000,144.73000,145.63000,425900
2022-03-31,144.62000,145.08000,142.42999,142.59000,403600
2022-04-01,145.39000,145.81000,140.45000,142.39999,527600
2022-04-04,141.82001,144.21001,140.48000,142.53999,264700
2022-04-05,140.00000,141.09000,133.14000,133.42999,662000
2022-04-06,134.25999,135.38000,129.67000,130.85001,572800
2022-04-07,129.25000,129.82001,123.28000,126.01000,929300
2022-04-08,126.22000,130.59000,125.84000,127.73000,440700
2022-04-11,124.96000,131.55000,124.77000,129.99001,775500
2022-04-12,131.87000,133.89999,129.30000,129.98000,802500
2022-04-13,129.28999,130.30000,127.53000,128.36000,494100
2022-04-14,128.78999,130.25999,126.19000,128.12000,545400
2022-04-18,127.40000,129.63000,126.57000,129.10001,364700
2022-04-19,129.88000,134.00000,129.53000,132.17999,473100
2022-04-20,133.75999,136.39000,133.50999,134.05000,403900
2022-04-21,138.17999,139.21001,133.38000,134.08000,366300
2022-04-22,129.96001,133.03999,129.09000,129.72000,360700
2022-04-25,128.78000,129.67000,125.60000,129.48000,399700
2022-04-26,127.89000,128.23000,124.77000,124.95000,422200
2022-04-27,125.01000,127.94000,124.76000,126.10000,404700
2022-04-28,128.95000,131.83000,125.87000,130.33000,391000
2022-04-29,129.88000,133.42000,127.64000,127.94000,480200
2022-05-02,127.23000,130.39999,125.16000,129.84000,617300
2022-05-03,128.89999,135.32001,126.53000,134.39999,930300
2022-05-04,132.20000,137.97000,131.38000,137.34000,442800
2022-05-05,133.67000,136.63000,130.00000,130.80000,498700
2022-05-06,131.83000,133.53999,127.35000,130.98000,564700
2022-05-09,128.49001,131.30000,126.09000,128.00000,506500
2022-05-10,131.27000,131.61000,124.69000,128.92000,535000
2022-05-11,129.46001,130.87000,124.29000,124.33000,522500
2022-05-12,123.26000,127.48000,122.67000,126.18000,725000
2022-05-13,128.97000,133.32001,128.66000,132.64000,493600
2022-05-16,131.38000,132.63000,127.25000,128.05000,525300
2022-05-17,131.50999,134.98000,131.03999,134.66000,361800
2022-05-18,131.96001,134.00000,129.66000,130.03000,391100
2022-05-19,129.82001,136.24001,129.37000,133.42000,497400
2022-05-20,138.78999,139.77000,128.52000,132.75999,539100
2022-05-23,135.17999,135.36000,130.80000,132.63000,374100
2022-05-24,131.38000,131.92999,126.71000,127.92000,475400
2022-05-25,126.97000,131.10001,126.97000,129.66000,556600
2022-05-26,130.74001,135.84000,130.74001,134.84000,589000
2022-05-27,136.53999,138.14000,135.64999,136.56000,356800
2022-05-31,136.96001,143.74001,136.46001,140.96001,1450500
2022-06-01,140.83000,142.41000,138.67999,139.39000,589400
2022-06-02,140.45000,141.87000,139.17000,141.38000,358400
2022-06-03,139.31000,140.02000,136.52000,138.28000,399200
2022-06-06,140.86000,143.03000,139.87000,140.81000,364500
2022-06-07,142.97000,143.21001,139.75000,142.25000,511500
2022-06-08,141.98000,145.75000,141.31000,143.20000,656400
2022-06-09,142.42999,144.10001,140.87000,140.87000,547400
2022-06-10,138.21001,139.17999,133.50999,133.66000,403200
2022-06-13,129.08000,130.50000,126.05000,127.11000,485900
2022-06-14,127.97000,128.72000,125.28000,126.34000,382400
2022-06-15,128.67999,134.32001,128.39999,131.97000,747800
2022-06-16,126.74000,127.45000,118.38000,120.14000,540200
2022-06-17,120.89000,124.15000,120.28000,122.00000,940500
2022-06-21,126.60000,129.46001,123.59000,128.45000,404800
2022-06-22,126.15000,132.19000,126.15000,130.39999,449500
2022-06-23,129.55000,131.24001,125.83000,128.88000,535600
2022-06-24,130.08000,134.84000,129.34000,134.21001,560600
2022-06-27,134.92000,135.52000,131.56000,133.99001,442700
2022-06-28,134.87000,139.25000,134.56000,134.75000,547200
2022-06-29,133.38000,133.55000,129.03999,130.46001,448700
2022-06-30,127.36000,127.60000,122.03000,125.89000,685700
2022-07-01,125.31000,131.17999,125.05000,126.74000,504300
2022-07-05,122.46000,127.30000,121.57000,126.66000,672900
2022-07-06,126.15000,127.12000,123.11000,124.48000,791400
2022-07-07,127.10000,132.17000,126.03000,130.55000,566300
2022-07-08,131.63000,132.22000,127.58000,128.20000,612300
2022-07-11,128.58000,129.07001,125.09000,125.42000,841400
2022-07-12,125.80000,133.37000,125.80000,130.78999,678000
2022-07-13,128.07001,129.28000,126.38000,128.58000,789600
2022-07-14,125.09000,126.04000,121.30000,125.41000,946500
2022-07-15,127.83000,129.70000,125.24000,129.25999,744600
2022-07-18,132.39999,133.50000,128.78000,129.56000,334200
2022-07-19,131.91000,139.16000,131.00000,138.67000,772600
2022-07-20,137.85001,141.00000,137.50000,139.99001,390400
2022-07-21,139.13000,144.10001,137.83000,142.92000,833300
2022-07-22,143.67999,144.13000,139.85001,141.17000,518300
2022-07-25,142.78000,143.44000,140.23000,142.82001,354200
2022-07-26,141.16000,142.45000,139.56000,140.89999,284900
2022-07-27,141.91000,145.12000,141.03999,144.92999,538600
2022-07-28,146.59000,150.10001,144.32001,150.02000,468200
2022-07-29,149.64000,151.25000,147.94000,151.14000,554900
2022-08-01,150.08000,153.28000,147.59000,151.36000,597800
2022-08-02,149.92000,157.58000,146.86000,155.21001,874700
2022-08-03,156.89999,158.44000,154.84000,156.23000,491700
2022-08-04,153.77000,154.95000,147.95000,148.00000,1043700
2022-08-05,146.16000,147.27000,142.46001,143.00000,915800
2022-08-08,144.83000,148.99001,144.61000,147.50999,1078900
2022-08-09,146.63000,147.25000,142.85001,143.00999,545400
2022-08-10,147.50000,149.47000,145.96001,147.58000,795300
2022-08-11,149.72000,152.62000,148.39999,151.25999,455800
2022-08-12,152.89000,152.91000,150.94000,152.91000,384700
2022-08-15,150.50999,153.13000,150.50999,151.17999,279100
2022-08-16,149.89999,152.17999,149.31000,151.10001,466600
2022-08-17,146.78000,148.82001,142.63000,146.19000,490200
2022-08-18,145.85001,149.42000,145.53999,148.64999,312400
2022-08-19,146.77000,147.11000,144.32001,145.17000,334000
2022-08-22,139.75000,140.53000,135.96001,136.25999,724700
2022-08-23,137.50999,140.25000,137.20000,138.07001,456800
2022-08-24,138.07001,141.49001,138.07001,139.78000,318000
2022-08-25,140.39000,145.14000,140.39000,145.07001,349200
2022-08-26,145.74001,146.25000,139.20000,139.22000,398000
2022-08-29,137.95000,141.10001,137.33000,140.36000,294500
2022-08-30,141.58000,142.58000,138.75999,140.14999,332500
2022-08-31,140.24001,140.89999,138.52000,138.64000,948100
2022-09-01,136.81000,138.96001,134.92000,138.77000,557600
2022-09-02,141.66000,141.66000,135.53999,136.56000,472300
2022-09-06,136.16000,136.16000,132.25000,133.63000,352300
2022-09-07,133.75000,138.60001,133.75000,138.39999,361900
2022-09-08,135.64000,137.61000,134.33000,137.48000,362300
2022-09-09,138.44000,140.89999,137.94000,140.69000,385100
2022-09-12,142.85001,146.08000,142.85001,144.52000,547800
2022-09-13,139.00000,142.24001,137.42999,139.44000,610900
2022-09-14,139.37000,140.78000,135.97000,137.86000,727500
2022-09-15,136.30000,142.08000,136.30000,137.94000,633800
2022-09-16,136.50000,138.16000,134.75000,136.33000,837800
2022-09-19,135.03999,139.21001,135.03999,138.80000,425900
2022-09-20,137.12000,137.12000,133.09000,133.25000,596300
2022-09-21,133.45000,134.03000,127.42000,127.69000,603200
2022-09-22,128.25999,128.25999,124.91000,127.36000,566300
2022-09-23,124.10000,124.64000,120.14000,123.26000,584400
2022-09-26,123.41000,128.19000,123.21000,124.35000,727400
2022-09-27,126.80000,128.45000,124.76000,126.05000,1747700
2022-09-28,125.74000,128.31000,125.46000,128.00000,549500
2022-09-29,124.91000,125.11000,120.27000,122.15000,1223500
2022-09-30,121.09000,124.23000,119.28000,119.69000,566900
2022-10-03,121.78000,125.01000,119.89000,123.13000,635200
2022-10-04,126.43000,129.94000,126.41000,129.88000,1252800
2022-10-05,126.19000,129.46001,125.54000,128.14999,451200
2022-10-06,127.78000,129.89999,126.96000,129.34000,587800
2022-10-07,127.70000,127.70000,123.60000,124.67000,420200
2022-10-10,123.96000,124.10000,121.47000,122.38000,417600
2022-10-11,121.86000,124.67000,120.88000,122.04000,682000
2022-10-12,122.13000,122.81000,120.60000,120.63000,429600
2022-10-13,116.50000,123.22000,114.67000,122.50000,1012800
2022-10-14,123.74000,124.57000,121.24000,122.00000,572800
2022-10-17,125.31000,128.32001,125.24000,127.61000,736400
2022-10-18,130.94000,131.63000,127.55000,128.16000,480300
2022-10-19,126.63000,128.75999,125.65000,126.82000,396200
2022-10-20,127.38000,128.55000,122.91000,123.58000,574400
2022-10-21,124.48000,129.42999,124.36000,129.07001,471700
2022-10-24,130.20000,133.03999,128.52000,132.03000,694800
2022-10-25,131.55000,136.31000,130.86000,136.19000,532900
2022-10-26,137.03999,138.25999,134.60001,135.05000,353000
2022-10-27,137.24001,139.10001,135.77000,135.84000,451100
2022-10-28,135.64000,139.13000,135.61000,138.52000,302500
2022-10-31,137.23000,141.56000,137.22000,138.71001,754400
2022-11-01,138.50000,141.49001,133.25999,133.56000,1221000
2022-11-02,132.67999,133.19000,128.58000,128.81000,913500
2022-11-03,126.53000,130.22000,125.52000,128.58000,534200
2022-11-04,131.97000,138.17000,131.97000,136.52000,536900
2022-11-07,137.88000,137.88000,132.69000,135.25999,558300
2022-11-08,134.88000,137.53000,134.02000,135.39999,421100
2022-11-09,133.17999,136.78000,132.94000,135.84000,475800
2022-11-10,142.11000,144.53000,141.37000,143.97000,464500
2022-11-11,145.48000,151.30000,143.98000,150.07001,529300
2022-11-14,148.60001,150.92000,146.56000,146.57001,416200
2022-11-15,149.42999,151.25000,146.16000,148.25999,481000
2022-11-16,146.22000,147.12000,140.82001,141.39000,515300
2022-11-17,138.78000,142.94000,137.48000,142.80000,435200
2022-11-18,146.21001,146.21001,143.49001,145.64000,395800
2022-11-21,144.08000,144.71001,141.96001,143.48000,404200
2022-11-22,144.82001,146.00999,142.78999,144.75999,344600
2022-11-23,144.23000,145.46001,143.42000,143.47000,325500
2022-11-25,143.34000,144.14999,142.92999,143.80000,157800
2022-11-28,142.34000,142.73000,139.72000,140.05000,411600
2022-11-29,140.91000,141.92000,139.41000,140.14999,524400
2022-11-30,141.63000,144.28999,138.39000,144.24001,805100
2022-12-01,144.53999,146.49001,138.70000,140.78999,1063800
2022-12-02,138.22000,140.10001,135.31000,138.55000,515200
2022-12-05,137.00000,137.00000,133.67999,134.89999,460100
2022-12-06,135.33000,135.67000,132.82001,135.00999,570900
2022-12-07,133.50999,134.45000,130.94000,131.05000,358000
2022-12-08,131.62000,132.91000,129.42999,130.84000,574400
2022-12-09,129.66000,131.09000,128.98000,130.39000,543600
2022-12-12,129.98000,133.12000,129.77000,132.48000,373100
2022-12-13,137.02000,137.02000,131.07001,132.19000,448100
2022-12-14,128.62000,131.77000,128.62000,129.62000,442000
2022-12-15,127.59000,128.83000,127.11000,127.80000,432400
2022-12-16,126.68000,127.71000,123.60000,124.70000,1014400
2022-12-19,125.04000,125.84000,121.66000,123.43000,573700
2022-12-20,122.63000,125.26000,122.63000,124.27000,438000
2022-12-21,125.95000,127.07000,125.53000,125.55000,517700
2022-12-22,123.37000,125.40000,119.42000,121.36000,426400
2022-12-23,121.31000,123.68000,121.31000,121.92000,332500
2022-12-27,121.55000,124.39000,120.81000,123.26000,352200
2022-12-28,123.85000,124.44000,120.14000,120.98000,461800
2022-12-29,122.97000,125.20000,122.04000,125.12000,304700
2022-12-30,123.93000,125.28000,122.86000,124.02000,241000
2023-01-03,126.69000,127.51000,124.44000,125.87000,459800
2023-01-04,127.68000,129.49001,126.67000,129.45000,351000
2023-01-05,127.97000,129.70000,127.22000,128.28999,438200
2023-01-06,129.34000,132.24001,129.00000,131.00000,285100
2023-01-09,132.56000,133.71001,130.28000,131.22000,336600
2023-01-10,131.58000,135.05000,130.55000,134.92999,498700
2023-01-11,135.10001,137.27000,134.74001,136.00999,305400
2023-01-12,136.63000,137.63000,134.94000,137.30000,381200
2023-01-13,135.03000,138.08000,134.28000,137.78000,392300
2023-01-17,137.77000,138.62000,134.87000,136.83000,480000
2023-01-18,138.48000,139.59000,135.53000,136.14000,403700
2023-01-19,134.75999,135.28000,132.60001,134.28999,466400
2023-01-20,135.34000,136.78000,134.00000,136.41000,411300
2023-01-23,137.46001,140.00999,137.20000,138.61000,394100
2023-01-24,136.22000,137.77000,133.09000,134.94000,539500
2023-01-25,133.60001,134.85001,131.28000,134.72000,712400
2023-01-26,136.71001,137.03999,134.03000,136.25000,468300
2023-01-27,138.98000,141.67999,138.64000,140.50000,811700
2023-01-30,138.30000,141.16000,137.80000,138.89999,678400
2023-01-31,140.73000,146.12000,138.23000,145.78000,686900
2023-02-01,145.41000,150.28000,145.28000,149.46001,735600
2023-02-02,148.58000,148.58000,138.17999,144.87000,1476100
2023-02-03,142.00000,145.30000,141.03999,141.12000,1073600
2023-02-06,137.31000,140.49001,136.47000,140.45000,648800
2023-02-07,139.86000,141.97000,138.42000,141.48000,576200
2023-02-08,139.82001,141.71001,139.70000,140.03999,494400
2023-02-09,142.16000,142.66000,137.78999,138.12000,481600
2023-02-10,136.05000,138.32001,135.12000,137.25999,651100
2023-02-13,137.63000,141.07001,137.60001,140.42000,611900
2023-02-14,139.89000,142.71001,137.88000,142.09000,664900
2023-02-15,140.64000,144.20000,140.64000,143.74001,521400
2023-02-16,141.75000,145.05000,141.70000,142.98000,681300
2023-02-17,142.78999,144.66000,141.28999,143.74001,579300
2023-02-21,142.05000,144.05000,140.24001,141.96001,651900
2023-02-22,142.77000,144.59000,141.99001,143.46001,480400
2023-02-23,144.62000,144.62000,140.30000,140.88000,854400
2023-02-24,138.38000,140.10001,137.61000,140.10001,568700
2023-02-27,141.78000,143.98000,140.50999,141.14000,446700
2023-02-28,141.23000,141.24001,138.87000,139.64999,868400
2023-03-01,140.39999,142.33000,140.39999,141.36000,344800
2023-03-02,139.66000,140.44000,138.61000,140.24001,383500
2023-03-03,141.99001,143.47000,140.92999,142.64999,497200
2023-03-06,142.92999,143.44000,140.50000,141.11000,574100
2023-03-07,140.86000,141.47000,139.41000,140.39999,369600
2023-03-08,140.75000,140.77000,138.82001,140.14000,481700
2023-03-09,139.60001,140.61000,137.23000,137.58000,573000
2023-03-10,137.22000,138.17000,133.59000,135.06000,698200
2023-03-13,131.89000,133.42000,127.73000,131.92000,666400
2023-03-14,135.00000,144.70000,133.48000,140.36000,1805800
2023-03-15,136.02000,137.53999,132.94000,134.28000,1416700
2023-03-16,132.61000,138.73000,132.49001,138.05000,686900
2023-03-17,136.57001,136.83000,132.20000,134.30000,995900
2023-03-20,134.94000,137.22000,134.39999,135.52000,780400
2023-03-21,138.07001,140.30000,135.78999,139.28999,385600
2023-03-22,139.50999,140.22000,136.13000,136.34000,441400
2023-03-23,137.14000,138.97000,135.11000,136.58000,260800
2023-03-24,135.16000,138.14000,133.42999,137.97000,362800
2023-03-27,139.53999,140.00000,135.80000,136.95000,439000
2023-03-28,137.21001,138.74001,136.25999,136.64000,557500
2023-03-29,137.78999,139.17999,136.81000,137.05000,811400
2023-03-30,139.00999,139.49001,137.80000,138.16000,444800
2023-03-31,139.41000,139.50999,138.28999,139.49001,632100
2023-04-03,138.78999,140.42999,137.50999,138.03000,367000
2023-04-04,138.27000,138.39000,134.71001,136.00000,523000
2023-04-05,134.74001,134.74001,132.17999,133.42999,369000
2023-04-06,132.91000,133.24001,131.16000,131.70000,591900
2023-04-10,131.41000,134.25000,131.41000,134.22000,275800
2023-04-11,134.63000,136.23000,133.99001,135.27000,405800
2023-04-12,136.75000,137.09000,133.91000,134.46001,325600
2023-04-13,134.99001,135.67000,133.95000,135.25000,384600
2023-04-14,135.95000,138.78999,134.74001,135.32001,452200
2023-04-17,135.22000,135.78999,133.64000,134.60001,469900
2023-04-18,135.85001,137.07001,135.37000,136.75000,367100
2023-04-19,136.20000,136.61000,134.70000,135.89000,437400
2023-04-20,132.03999,135.75999,132.03999,135.61000,524700
2023-04-21,135.14999,135.88000,132.38000,132.49001,614100
2023-04-24,132.67000,134.31000,132.12000,133.86000,416500
2023-04-25,132.57001,133.39000,131.17999,131.56000,426100
2023-04-26,131.05000,132.78000,130.80000,130.97000,808600
2023-04-27,129.70000,130.73000,123.30000,128.17999,1086500
2023-04-28,126.71000,128.14999,125.41000,127.66000,814700
2023-05-01,127.66000,129.89999,126.25000,126.90000,565900
2023-05-02,125.71000,126.17000,122.95000,124.75000,707700
2023-05-03,124.37000,125.87000,121.59000,121.95000,706500
2023-05-04,120.99000,121.28000,117.79000,118.93000,863200
2023-05-05,121.07000,123.65000,120.72000,123.60000,563800
2023-05-08,124.61000,127.97000,123.72000,127.42000,920300
2023-05-09,126.34000,126.87000,124.38000,125.12000,488600
2023-05-10,127.39000,127.84000,123.09000,124.27000,340700
2023-05-11,123.84000,125.72000,123.04000,125.57000,508800
2023-05-12,126.17000,126.17000,122.43000,123.24000,463800
2023-05-15,123.29000,123.69000,122.06000,122.73000,434100
2023-05-16,121.32000,122.58000,120.48000,120.53000,610700
2023-05-17,121.34000,123.95000,120.88000,122.90000,401400
2023-05-18,122.48000,124.46000,122.12000,124.30000,322100
2023-05-19,125.27000,125.56000,124.09000,125.06000,699400
2023-05-22,125.50000,126.45000,124.55000,126.13000,517200
2023-05-23,125.11000,128.11000,125.11000,125.63000,564600
2023-05-24,124.41000,126.06000,123.22000,124.11000,910700
2023-05-25,123.49000,125.12000,123.45000,124.36000,675200
2023-05-26,125.23000,128.53000,124.84000,127.61000,669200
2023-05-30,128.45000,128.85001,125.83000,127.74000,818800
2023-05-31,125.77000,126.59000,121.38000,122.66000,1144900
2023-06-01,124.34000,126.62000,123.62000,125.69000,615300
2023-06-02,128.50999,132.25000,128.50999,131.06000,557100
2023-06-05,130.17000,130.85001,128.46001,129.27000,690200
2023-06-06,128.60001,133.20000,128.32001,133.00999,537100
2023-06-07,133.28999,137.08000,133.28999,136.75000,567400
2023-06-08,136.83000,138.95000,134.73000,134.78000,431300
2023-06-09,135.63000,138.64000,135.59000,138.11000,744500
2023-06-12,138.45000,142.66000,138.45000,141.77000,724200
2023-06-13,142.45000,144.59000,142.45000,142.92000,545700
2023-06-14,143.94000,150.28000,143.28999,144.66000,1623800
2023-06-15,142.99001,144.98000,142.25999,143.34000,997000
2023-06-16,143.42000,143.78000,141.46001,143.06000,1219100
2023-06-20,141.62000,143.82001,139.96001,142.62000,1067700
2023-06-21,142.45000,142.53000,140.13000,141.10001,783000
2023-06-22,140.23000,140.44000,137.20000,137.61000,640900
2023-06-23,135.56000,137.13000,134.03999,136.39000,652700
2023-06-26,136.74001,139.21001,135.72000,138.78000,563500
2023-06-27,142.17000,142.78000,138.24001,140.61000,1121800
2023-06-28,142.02000,142.02000,139.25999,141.14000,672800
2023-06-29,141.98000,144.05000,141.67999,142.44000,498800
2023-06-30,143.50999,144.60001,142.31000,143.55000,406600
2023-07-03,143.08000,145.48000,143.08000,145.13000,307600
2023-07-05,145.13000,145.46001,143.53999,143.74001,477400
2023-07-06,144.17000,147.50000,143.14000,145.60001,668400
2023-07-07,146.19000,149.66000,146.19000,148.63000,569700
2023-07-10,148.27000,149.25999,146.84000,146.96001,652500
2023-07-11,147.55000,150.35001,147.14999,150.14000,537400
2023-07-12,152.36000,153.50000,151.64000,153.08000,455800
2023-07-13,153.69000,154.14000,152.74001,153.72000,373000
2023-07-14,153.24001,153.36000,149.67999,150.14999,421400
2023-07-17,149.31000,149.52000,147.42000,148.19000,426800
2023-07-18,148.23000,150.16000,147.62000,148.61000,624200
2023-07-19,148.67999,149.31000,147.99001,149.03999,410000
2023-07-20,148.85001,148.99001,147.03999,148.74001,496800
2023-07-21,150.59000,152.00000,148.85001,149.92000,419300
2023-07-24,149.98000,151.59000,149.49001,151.25999,353000
2023-07-25,150.72000,152.00000,149.91000,150.03999,334700
2023-07-26,149.59000,153.41000,147.57001,152.25999,450600
2023-07-27,153.46001,155.42000,151.88000,152.28999,555300
2023-07-28,154.00999,154.67999,152.94000,154.52000,458000
2023-07-31,153.96001,155.80000,153.42000,154.75999,717400
2023-08-01,156.27000,157.91000,154.09000,154.44000,828100
2023-08-02,153.62000,154.13000,151.69000,151.89999,748100
2023-08-03,150.28999,156.53999,150.28999,154.07001,764500
2023-08-04,154.08000,156.36000,152.45000,153.00000,558400
2023-08-07,154.72000,156.12000,153.60001,155.50999,471000
2023-08-08,152.69000,153.92999,152.22000,153.89000,406200
2023-08-09,153.56000,154.03999,151.30000,151.41000,379500
2023-08-10,151.37000,152.70000,147.86000,148.66000,646000
2023-08-11,147.34000,148.19000,142.42000,142.80000,901300
2023-08-14,142.25000,144.64000,141.09000,144.56000,652400
2023-08-15,143.00999,144.03999,141.96001,143.16000,701000
2023-08-16,142.00999,143.91000,141.14999,141.27000,603300
2023-08-17,142.35001,143.17000,140.25999,141.07001,323600
2023-08-18,139.71001,143.23000,139.71001,141.97000,511800
2023-08-21,143.07001,143.89000,141.39000,141.67000,330500
2023-08-22,141.80000,142.89000,140.92000,140.98000,296700
2023-08-23,140.60001,142.63000,140.25999,142.22000,289200
2023-08-24,141.32001,142.36000,139.64000,139.99001,355800
2023-08-25,140.95000,141.62000,138.25000,140.53000,336200
2023-08-28,141.86000,143.89999,141.28999,142.91000,367600
2023-08-29,142.66000,145.62000,142.35001,145.53000,382900
2023-08-30,144.77000,146.30000,144.71001,145.23000,304200
2023-08-31,145.53000,146.31000,144.00000,144.09000,440700
2023-09-01,144.62000,147.57001,144.61000,145.98000,433100
2023-09-05,144.59000,145.30000,142.78000,144.45000,515600
2023-09-06,144.23000,147.52000,142.91000,143.25000,583400
2023-09-07,141.16000,141.99001,139.60001,139.77000,807400
2023-09-08,140.56000,141.48000,139.72000,141.05000,633300
2023-09-11,142.80000,143.49001,141.00999,141.07001,406600
2023-09-12,140.74001,143.73000,140.42000,143.24001,569100
2023-09-13,142.74001,142.92999,134.64000,136.97000,1265400
2023-09-14,137.19000,139.41000,135.08000,138.61000,720600
2023-09-15,138.12000,140.34000,138.00999,138.28000,854500
2023-09-18,137.50000,139.10001,136.33000,136.50999,380500
2023-09-19,136.82001,137.78999,136.11000,136.83000,580400
2023-09-20,138.35001,139.44000,135.67999,135.84000,484400
2023-09-21,134.50000,134.78999,132.50000,132.52000,516600
2023-09-22,133.52000,135.14000,132.46001,132.69000,487400
2023-09-25,131.71001,135.00999,131.28999,134.48000,403800
2023-09-26,133.42000,134.49001,132.13000,132.20000,584200
2023-09-27,133.31000,133.71001,131.62000,132.67999,495200
2023-09-28,132.41000,136.14000,132.14000,134.67999,422200
2023-09-29,135.88000,136.14000,133.62000,134.20000,480700
2023-10-02,133.59000,134.20000,132.14999,132.74001,428900
2023-10-03,131.44000,132.03999,129.45000,130.20000,350700
2023-10-04,129.95000,132.94000,129.94000,132.60001,392900
2023-10-05,132.00000,133.06000,128.82001,130.95000,558100
2023-10-06,130.50999,136.44000,129.99001,135.16000,962000
2023-10-09,133.73000,135.84000,132.73000,135.34000,538500
2023-10-10,135.57001,138.22000,135.19000,136.75999,824900
2023-10-11,137.70000,139.48000,137.44000,139.25000,443800
2023-10-12,140.96001,141.02000,136.42999,136.59000,736200
2023-10-13,137.32001,137.71001,134.50000,135.39000,784600
2023-10-16,136.77000,138.47000,135.06000,135.52000,380500
2023-10-17,134.48000,137.67999,134.48000,136.16000,415700
2023-10-18,134.45000,134.98000,132.20000,132.23000,323900
2023-10-19,131.81000,132.63000,129.75999,130.37000,451500
2023-10-20,131.03000,134.53000,131.03000,132.59000,869500
2023-10-23,131.41000,133.55000,130.77000,130.82001,610400
2023-10-24,131.00000,132.00999,130.16000,130.32001,499800
2023-10-25,130.00000,130.56000,126.79000,129.67999,1128300
2023-10-26,134.86000,139.74001,132.30000,133.45000,1436400
2023-10-27,134.28999,134.63000,127.22000,128.00000,1212500
2023-10-30,129.62000,129.74001,126.95000,128.17000,930300
2023-10-31,128.12000,130.16000,127.57000,129.75999,578400
2023-11-01,130.03999,130.97000,127.98000,130.25000,860200
2023-11-02,131.06000,132.13000,125.73000,127.79000,942800
2023-11-03,130.12000,133.08000,128.71001,130.75999,655500
2023-11-06,133.14999,133.14999,129.97000,130.77000,552100
2023-11-07,129.87000,130.58000,128.96001,130.52000,502700
2023-11-08,130.14999,130.41000,127.87000,127.97000,554300
2023-11-09,128.25000,129.20000,125.27000,125.33000,712800
2023-11-10,125.66000,128.25999,124.60000,127.46000,435800
2023-11-13,126.82000,128.36000,126.11000,128.02000,551700
2023-11-14,131.59000,134.19000,130.50999,132.49001,388400
2023-11-15,132.59000,136.60001,132.59000,135.89999,663000
2023-11-16,135.28000,136.75999,131.96001,133.69000,654100
2023-11-17,135.23000,135.42999,133.89999,134.19000,498000
2023-11-20,133.92000,134.97000,133.03999,134.58000,419900
2023-11-21,133.73000,134.57001,132.42999,133.39999,391900
2023-11-22,134.50000,134.89000,133.02000,133.34000,254900
2023-11-24,133.42999,135.52000,133.42999,134.25000,165700
2023-11-27,133.60001,135.41000,133.02000,134.77000,481500
2023-11-28,134.70000,134.82001,132.49001,132.67000,979400
2023-11-29,136.28000,136.67000,134.42000,134.81000,464100
2023-11-30,135.05000,135.48000,133.14000,133.75000,1968700
2023-12-01,133.30000,136.57001,132.99001,136.39000,447400
2023-12-04,135.78999,140.05000,135.78999,138.98000,686400
2023-12-05,137.17000,137.64999,135.28999,135.74001,516600
2023-12-06,137.58000,141.17000,135.82001,138.55000,769900
2023-12-07,138.03999,138.08000,134.34000,135.37000,860400
2023-12-08,135.28000,136.70000,132.96001,133.08000,688200
2023-12-11,132.63000,134.85001,132.63000,134.07001,473800
2023-12-12,133.49001,134.21001,132.10001,132.88000,364200
2023-12-13,132.21001,132.57001,127.92000,132.37000,832700
2023-12-14,133.22000,139.03999,133.22000,138.49001,923800
2023-12-15,138.31000,139.36000,136.46001,137.37000,1062500
2023-12-18,137.91000,139.85001,137.25000,138.70000,636100
2023-12-19,139.37000,140.97000,138.91000,140.46001,378400
2023-12-20,139.91000,141.81000,137.25000,137.32001,395600
2023-12-21,138.86000,140.85001,138.84000,140.77000,414000
2023-12-22,140.77000,142.37000,140.77000,141.35001,284900
2023-12-26,142.53999,142.57001,141.22000,141.59000,293500
2023-12-27,142.09000,142.32001,140.85001,141.73000,325800
2023-12-28,141.00000,142.49001,141.00000,141.77000,253400
2023-12-29,142.10001,142.24001,140.78000,141.21001,256400
2024-01-02,140.97000,143.94000,140.24001,141.78999,443300
2024-01-03,139.33000,139.33000,133.28999,133.57001,604500
2024-01-04,132.16000,135.08000,130.66000,134.14999,494400
2024-01-05,134.14000,137.35001,134.03000,135.89999,665200
2024-01-08,135.25999,137.75999,135.25999,137.25999,277700
2024-01-09,136.09000,137.70000,134.50999,135.14999,300000
2024-01-10,135.22000,135.25999,133.08000,134.75999,254700
2024-01-11,134.36000,134.99001,133.24001,134.17999,291500
2024-01-12,135.19000,135.19000,130.88000,131.35001,396800
2024-01-16,130.00000,133.64999,130.00000,133.60001,429200
2024-01-17,131.57001,131.95000,130.45000,131.47000,457000
2024-01-18,132.62000,132.89000,129.42000,130.82001,386600
2024-01-19,130.50000,131.32001,129.73000,130.21001,697400
2024-01-22,130.86000,133.39000,128.94000,130.75999,1555500
2024-01-23,132.74001,132.98000,130.13000,130.91000,761800
2024-01-24,131.33000,132.12000,129.52000,130.39000,384600
2024-01-25,131.14000,132.95000,130.12000,132.33000,598500
2024-01-26,133.91000,135.50000,133.27000,133.67000,525200
2024-01-29,132.82001,135.02000,132.56000,135.00000,472800
2024-01-30,135.39999,136.23000,134.63000,134.66000,420800
2024-01-31,134.71001,136.32001,132.42999,132.89999,516000
2024-02-01,134.12000,136.70000,133.47000,136.42999,577300
2024-02-02,135.30000,135.73000,133.38000,135.63000,531600
2024-02-05,134.25999,135.34000,133.23000,134.36000,655100
2024-02-06,128.00000,136.62000,128.00000,135.19000,1338600
2024-02-07,136.63000,136.63000,131.47000,132.35001,670200
2024-02-08,132.10001,133.61000,130.00000,133.31000,509500
2024-02-09,132.86000,135.49001,132.34000,134.75000,620900
2024-02-12,134.60001,138.03999,134.25999,137.46001,541300
2024-02-13,133.89999,135.19000,131.69000,132.98000,463800
2024-02-14,134.67000,135.75000,133.63000,134.89000,537800
2024-02-15,136.42999,138.66000,135.00999,137.73000,553600
2024-02-16,136.96001,137.66000,135.57001,136.30000,434100
2024-02-20,136.30000,136.42000,134.88000,136.11000,419500
2024-02-21,135.03999,135.91000,134.28000,135.19000,295400
2024-02-22,135.22000,137.64000,135.09000,135.37000,327800
2024-02-23,135.55000,136.50999,134.62000,135.20000,369800
2024-02-26,135.06000,136.46001,133.92000,134.32001,444600
2024-02-27,135.67999,136.72000,134.63000,135.78000,458600
2024-02-28,134.71001,136.70000,134.42000,136.62000,430900
2024-02-29,137.44000,138.42000,136.20000,137.35001,592900
2024-03-01,137.36000,137.62000,135.50999,136.42000,376200
2024-03-04,136.78000,139.13000,136.03000,138.28000,450100
2024-03-05,138.02000,141.31000,138.02000,139.25999,462600
2024-03-06,139.89999,140.11000,138.99001,139.88000,476600
2024-03-07,139.59000,142.57001,139.59000,142.20000,765300
2024-03-08,143.03999,144.09000,140.12000,140.30000,375600
2024-03-11,139.91000,142.47000,139.91000,141.16000,464800
2024-03-12,141.13000,142.74001,140.14999,141.37000,650300
2024-03-13,141.16000,143.72000,141.16000,143.61000,526800
2024-03-14,143.02000,143.80000,139.58000,140.09000,782100
2024-03-15,140.50999,141.99001,139.88000,140.17999,1475600
2024-03-18,140.81000,141.75000,139.87000,140.41000,426900
2024-03-19,140.53999,142.05000,140.23000,141.78999,359900
2024-03-20,141.72000,144.17000,141.47000,143.91000,370200
2024-03-21,144.25000,146.66000,144.24001,146.07001,545200
2024-03-22,145.75999,146.11000,144.73000,145.70000,519800
2024-03-25,146.02000,147.11000,144.00000,144.38000,771400
2024-03-26,144.48000,144.48000,139.78999,141.66000,701900
2024-03-27,142.38000,145.07001,141.92000,144.85001,524900
2024-03-28,145.09000,146.19000,144.73000,144.88000,344800
2024-04-01,144.94000,145.35001,143.53000,144.37000,321000
2024-04-02,142.74001,144.45000,142.02000,144.27000,416900
2024-04-03,143.73000,145.05000,143.00000,143.11000,416100
2024-04-04,144.57001,144.77000,139.39000,140.22000,624300
2024-04-05,140.46001,141.27000,139.00000,140.67999,427800
2024-04-08,141.67000,142.89999,141.14000,141.44000,375500
2024-04-09,142.00000,144.11000,141.64999,143.82001,418100
2024-04-10,140.92999,141.42999,136.57001,136.85001,637700
2024-04-11,137.25000,137.98000,135.71001,136.86000,516600
2024-04-12,135.83000,136.02000,133.59000,133.70000,429800
2024-04-15,134.67000,135.10001,131.97000,132.34000,677200
2024-04-16,131.35001,133.25000,131.03999,131.99001,437100
2024-04-17,132.45000,132.92000,130.42999,130.45000,430300
2024-04-18,131.19000,132.22000,130.20000,131.16000,370700
2024-04-19,131.17000,133.03999,130.78999,132.86000,376600
2024-04-22,134.27000,135.00000,132.28000,134.12000,500800
2024-04-23,134.64000,134.80000,133.25000,133.53000,691600
2024-04-24,133.17000,135.57001,132.99001,135.17000,446200
2024-04-25,134.14000,134.48000,131.81000,133.48000,736600
2024-04-26,133.07001,136.64999,133.07001,136.47000,711800
2024-04-29,137.58000,138.69000,136.57001,137.23000,947800
2024-04-30,131.81000,132.62000,125.62000,125.87000,2140900
2024-05-01,125.03000,126.56000,123.86000,124.37000,1719900
2024-05-02,126.48000,127.94000,125.51000,126.60000,778300
2024-05-03,127.85000,128.16000,125.81000,127.15000,569000
2024-05-06,128.63000,129.61000,127.01000,127.81000,607400
2024-05-07,127.60000,129.44000,127.43000,128.03000,677200
2024-05-08,126.42000,129.47000,126.00000,129.17999,463000
2024-05-09,129.46001,130.11000,128.82001,129.25000,464900
2024-05-10,132.99001,133.37000,129.46001,131.07001,628300
2024-05-13,131.74001,132.84000,130.53000,131.71001,490200
2024-05-14,133.20000,133.56000,131.89999,132.08000,456000
2024-05-15,132.72000,133.20000,130.02000,131.06000,784400
2024-05-16,130.78000,131.55000,130.06000,131.19000,433300
2024-05-17,131.17999,131.17999,129.53000,130.67999,455500
2024-05-20,130.50000,130.69000,128.09000,128.88000,339800
2024-05-21,128.17999,128.33000,127.29000,128.19000,412500
2024-05-22,127.00000,127.97000,126.15000,126.68000,521500
2024-05-23,127.12000,127.61000,122.76000,123.84000,797400
2024-05-24,124.33000,125.84000,123.41000,125.71000,609100
2024-05-28,126.03000,126.58000,124.29000,124.95000,542700
2024-05-29,123.11000,124.46000,120.40000,121.97000,1002800
2024-05-30,122.36000,124.28000,121.01000,123.84000,916000
2024-05-31,123.72000,125.97000,123.04000,125.35000,4828700
2024-06-03,125.78000,127.58000,124.91000,126.43000,645100
2024-06-04,125.14000,126.37000,123.47000,124.31000,800400
2024-06-05,124.71000,125.13000,120.74000,123.39000,785500
2024-06-06,121.73000,122.86000,120.86000,122.38000,541600
2024-06-07,121.47000,123.41000,121.08000,123.34000,643700
2024-06-10,121.79000,123.16000,120.55000,122.77000,882200
2024-06-11,122.00000,122.00000,118.35000,118.90000,1250900
2024-06-12,120.11000,122.03000,119.16000,121.52000,817100
2024-06-13,120.27000,120.76000,118.80000,120.04000,683200
2024-06-14,119.22000,119.44000,114.43000,115.68000,733800
2024-06-17,115.68000,116.90000,115.12000,115.84000,915100
2024-06-18,116.00000,117.25000,114.50000,114.60000,689100
2024-06-20,114.01000,115.60000,114.01000,114.57000,555700
2024-06-21,114.33000,116.93000,113.14000,116.09000,2230600
2024-06-24,115.98000,119.05000,115.35000,117.12000,775400
2024-06-25,116.34000,116.80000,114.45000,114.89000,623700
2024-06-26,114.14000,114.92000,112.55000,113.70000,929000
2024-06-27,113.33000,114.85000,112.67000,113.66000,734900
2024-06-28,114.56000,115.66000,112.88000,114.21000,956100
2024-07-01,114.85000,115.94000,113.52000,114.29000,600800
2024-07-02,114.13000,116.60000,113.50000,114.61000,590200
2024-07-03,115.40000,116.29000,114.95000,115.07000,299800
2024-07-05,114.46000,115.99000,113.00000,113.35000,952800
2024-07-08,114.50000,115.40000,113.46000,113.88000,421700
2024-07-09,113.43000,114.82000,112.26000,114.16000,796200
2024-07-10,114.38000,116.11000,113.47000,115.53000,549200
2024-07-11,117.52000,118.32000,116.35000,117.65000,610900
2024-07-12,118.27000,119.52000,117.96000,118.78000,552800
2024-07-15,118.48000,120.10000,118.20000,118.71000,769200
2024-07-16,119.49000,123.90000,119.02000,123.81000,774200
2024-07-17,122.46000,124.42000,120.19000,123.95000,756400
2024-07-18,123.96000,126.85000,123.06000,123.11000,815600
2024-07-19,120.36000,121.10000,116.82000,118.19000,993800
2024-07-22,119.33000,120.32000,117.56000,119.79000,712500
2024-07-23,118.68000,120.00000,118.04000,119.00000,557100
2024-07-24,118.76000,120.10000,116.10000,116.47000,667400
2024-07-25,116.86000,123.67000,116.00000,120.76000,1285900
2024-07-26,120.82000,122.14000,119.79000,121.41000,696400
2024-07-29,120.90000,122.43000,120.45000,121.81000,540600
2024-07-30,121.73000,122.64000,120.67000,121.10000,460600
2024-07-31,122.15000,125.09000,121.91000,122.04000,640200
2024-08-01,122.31000,123.51000,119.47000,119.70000,851000
2024-08-02,116.95000,116.95000,113.12000,113.69000,701100
2024-08-05,109.06000,111.17000,107.25000,109.89000,782400
2024-08-06,109.79000,110.67000,108.47000,109.17000,540200
2024-08-07,111.39000,112.21000,109.88000,109.89000,686100
2024-08-08,110.83000,111.95000,110.06000,110.47000,430500
2024-08-09,110.29000,110.65000,108.63000,109.10000,494700
2024-08-12,109.43000,109.66000,108.09000,108.26000,618000
2024-08-13,108.53000,111.36000,108.53000,111.27000,1111600
2024-08-14,112.01000,112.31000,109.88000,110.08000,511500
2024-08-15,112.71000,113.70000,111.44000,111.59000,560300
2024-08-16,111.66000,113.68000,111.66000,112.77000,509600
2024-08-19,113.64000,115.14000,113.60000,114.75000,399600
2024-08-20,114.45000,115.63000,113.70000,113.89000,342000
2024-08-21,115.22000,115.40000,114.48000,115.18000,285000
2024-08-22,115.46000,115.63000,113.95000,114.13000,430000
2024-08-23,115.27000,118.70000,114.50000,116.77000,475900
2024-08-26,117.03000,119.10000,116.46000,117.18000,467400
2024-08-27,116.62000,117.05000,115.60000,116.46000,265500
2024-08-28,115.82000,116.46000,114.67000,115.78000,271600
2024-08-29,116.77000,117.33000,115.63000,115.89000,353700
2024-08-30,116.69000,116.96000,114.90000,116.65000,383200
2024-09-03,115.48000,116.29000,114.00000,114.33000,520700
2024-09-04,113.23000,114.45000,112.90000,113.74000,498200
2024-09-05,114.48000,114.57000,112.80000,113.68000,350800
2024-09-06,113.65000,115.00000,110.17000,110.30000,569300
2024-09-09,110.06000,111.97000,109.42000,110.17000,717400
2024-09-10,109.14000,109.87000,103.12000,104.89000,1110900
2024-09-11,105.00000,105.00000,102.56000,103.43000,749700
2024-09-12,103.60000,105.12000,101.67000,104.03000,773700
2024-09-13,105.42000,107.15000,104.11000,104.78000,938400
2024-09-16,104.89000,105.45000,103.18000,104.10000,568000
2024-09-17,105.13000,108.77000,105.04000,107.37000,599300
2024-09-18,107.92000,110.32000,107.04000,107.21000,469800
2024-09-19,109.64000,111.08000,109.46000,110.02000,511100
2024-09-20,109.16000,109.56000,107.56000,108.02000,1722000
2024-09-23,108.12000,109.45000,107.40000,108.60000,596000
2024-09-24,109.75000,110.86000,108.91000,109.93000,622900
2024-09-25,108.64000,109.31000,106.91000,107.09000,612100
2024-09-26,109.00000,110.97000,108.70000,110.61000,943800
2024-09-27,112.82000,115.47000,111.71000,112.72000,648300
2024-09-30,108.31000,111.53000,108.20000,109.15000,715400
2024-10-01,109.04000,109.04000,106.82000,108.12000,682200
2024-10-02,108.45000,108.84000,107.41000,108.23000,497900
2024-10-03,106.54000,107.02000,105.35000,106.67000,648100
2024-10-04,108.51000,108.71000,107.40000,108.04000,520700
2024-10-07,106.93000,108.66000,105.67000,106.57000,489700
2024-10-08,106.11000,106.18000,104.14000,104.21000,729900
2024-10-09,104.22000,106.21000,103.60000,105.66000,1115000
2024-10-10,105.24000,105.90000,104.48000,105.12000,479000
2024-10-11,104.81000,107.60000,104.81000,106.99000,596100
2024-10-14,106.73000,106.99000,105.66000,106.77000,377900
2024-10-15,106.06000,107.14000,104.53000,104.60000,599200
2024-10-16,105.77000,106.46000,104.63000,104.87000,799900
2024-10-17,104.86000,105.98000,103.54000,105.96000,1113100
2024-10-18,109.17000,111.68000,108.43000,108.96000,741900
2024-10-21,108.88000,108.93000,105.03000,105.11000,654400
2024-10-22,105.66000,106.04000,104.66000,105.99000,872200
2024-10-23,105.79000,106.37000,104.37000,104.96000,1140300
2024-10-24,106.20000,107.44000,97.51000,98.17000,1812800
2024-10-25,98.60000,99.63000,98.19000,98.65000,1063800
2024-10-28,99.27000,101.10000,98.88000,100.81000,593600
2024-10-29,99.68000,100.26000,98.57000,99.58000,491900
2024-10-30,98.22000,99.20000,97.26000,97.82000,591400
2024-10-31,97.69000,98.27000,95.63000,95.76000,711400
2024-11-01,96.52000,98.36000,96.08000,96.72000,499000
2024-11-04,97.21000,98.53000,96.23000,96.29000,443000
2024-11-05,96.01000,96.80000,94.57000,95.91000,516100
2024-11-06,98.79000,99.02000,94.29000,96.79000,1309800
2024-11-07,97.70000,99.24000,96.76000,96.98000,582700
2024-11-08,96.35000,96.62000,95.59000,96.31000,446400
2024-11-11,96.98000,97.90000,96.45000,96.95000,654200
2024-11-12,96.00000,97.71000,95.73000,97.51000,819900
2024-11-13,97.61000,98.83000,96.30000,98.58000,754100
2024-11-14,98.96000,99.32000,95.93000,96.06000,832100
2024-11-15,96.41000,96.94000,95.10000,95.61000,746900
2024-11-18,95.51000,96.07000,94.36000,95.40000,818400
2024-11-19,93.85000,94.49000,92.86000,92.95000,878400
2024-11-20,92.32000,93.89000,92.14000,93.56000,581200
2024-11-21,93.51000,96.67000,93.24000,96.37000,624000
2024-11-22,96.76000,98.51000,96.61000,97.89000,561300
2024-11-25,99.14000,102.56000,98.96000,100.98000,1039000
2024-11-26,98.36000,99.33000,95.76000,96.80000,790900
2024-11-27,97.00000,98.72000,96.72000,97.25000,417900
2024-11-29,97.33000,98.11000,96.88000,97.84000,273700
2024-12-02,98.18000,100.15000,97.60000,99.82000,812500
2024-12-03,99.53000,100.00000,98.50000,99.16000,775500
2024-12-04,99.21000,101.10000,98.97000,100.99000,767500
2024-12-05,101.93000,102.55000,99.89000,100.10000,947700
2024-12-06,101.64000,101.93000,99.51000,99.84000,984200
2024-12-09,101.00000,104.88000,100.55000,102.56000,932600
2024-12-10,102.97000,103.41000,101.35000,102.62000,669500
2024-12-11,101.81000,102.54000,100.31000,101.82000,956600
2024-12-12,101.80000,101.99000,99.73000,99.75000,806700
2024-12-13,99.81000,99.81000,97.38000,98.35000,740200
2024-12-16,96.90000,98.03000,95.41000,95.54000,976500
2024-12-17,95.00000,96.58000,94.67000,94.71000,661900
2024-12-18,95.36000,97.35000,92.75000,93.01000,888300
2024-12-19,93.85000,94.76000,91.70000,93.19000,907100
2024-12-20,92.82000,95.75000,92.78000,94.78000,3219000
2024-12-23,94.09000,95.14000,92.87000,94.53000,624200
2024-12-24,94.92000,95.32000,94.07000,95.18000,282400
2024-12-26,94.62000,96.04000,94.40000,95.00000,404200
2024-12-27,94.32000,96.11000,94.27000,95.36000,399700
2024-12-30,94.37000,94.91000,93.00000,93.84000,601200
2024-12-31,94.12000,95.80000,94.02000,94.70000,507300
2025-01-02,95.00000,95.73000,92.68000,92.77000,600400
2025-01-03,92.56000,93.48000,91.20000,93.14000,537400
2025-01-06,94.64000,96.27000,93.83000,94.16000,481900
2025-01-07,94.87000,96.90000,94.12000,94.89000,681400
2025-01-08,93.76000,93.87000,91.42000,92.81000,610400
2025-01-10,91.80000,91.97000,90.42000,90.87000,523900
2025-01-13,90.61000,92.35000,90.03000,92.09000,631300
2025-01-14,93.15000,93.97000,91.88000,93.51000,688700
2025-01-15,95.70000,96.18000,93.79000,94.18000,632900
2025-01-16,94.41000,94.81000,92.62000,94.18000,637600
2025-01-17,94.87000,95.93000,94.08000,94.32000,649200
2025-01-21,94.70000,96.62000,93.99000,96.50000,517600
2025-01-22,96.15000,96.59000,94.23000,94.39000,708300
2025-01-23,94.31000,94.96000,92.98000,94.66000,490300
2025-01-24,95.68000,96.38000,94.64000,96.29000,573200
2025-01-27,96.90000,98.63000,96.90000,98.02000,824200
2025-01-28,97.31000,97.57000,95.82000,96.08000,661300
2025-01-29,96.52000,96.64000,95.29000,95.58000,546600
2025-01-30,96.72000,98.07000,96.26000,96.86000,580100
2025-01-31,96.04000,97.21000,93.68000,94.09000,768400
2025-02-03,89.39000,91.74000,86.28000,90.99000,1219300
2025-02-04,91.17000,93.17000,91.17000,92.87000,614200
2025-02-05,93.16000,93.91000,92.14000,93.44000,907900
2025-02-06,98.23000,101.90000,94.03000,94.66000,1426600
2025-02-07,95.62000,96.33000,93.45000,96.13000,1258200
2025-02-10,96.69000,97.67000,95.88000,96.41000,784500
2025-02-11,95.73000,98.75000,95.26000,97.38000,822500
2025-02-12,96.71000,96.96000,95.48000,96.34000,867300
2025-02-13,97.34000,97.99000,95.83000,96.32000,732100
2025-02-14,97.41000,98.91000,96.15000,96.37000,502600
2025-02-18,96.56000,98.73000,96.14000,98.56000,574700
2025-02-19,96.75000,97.65000,96.18000,97.10000,443300
2025-02-20,97.67000,98.25000,96.00000,97.60000,457200
2025-02-21,98.21000,98.43000,96.16000,96.40000,460900
2025-02-24,97.08000,98.26000,96.01000,97.02000,397500
2025-02-25,97.70000,98.65000,97.12000,97.99000,572200
2025-02-26,98.30000,98.61000,96.84000,97.20000,502100
2025-02-27,96.23000,97.75000,95.77000,96.33000,401600
2025-02-28,95.96000,97.47000,93.41000,93.99000,944600
2025-03-03,95.10000,95.84000,90.85000,91.48000,801700
2025-03-04,89.00000,90.90000,87.19000,89.27000,966800
2025-03-05,90.95000,94.18000,90.94000,94.11000,888700
2025-03-06,93.42000,95.38000,92.84000,94.95000,845300
2025-03-07,94.38000,99.87000,94.38000,98.84000,1283800
2025-03-10,98.15000,100.79000,97.87000,99.36000,1227000
2025-03-11,99.66000,99.66000,94.42000,96.19000,647200
2025-03-12,95.95000,96.22000,93.36000,94.83000,669400
2025-03-13,93.66000,95.78000,93.05000,93.50000,697400
2025-03-14,94.45000,95.24000,94.01000,94.71000,714600
2025-03-17,94.72000,96.18000,93.92000,95.59000,729100
2025-03-18,96.12000,97.77000,95.12000,96.29000,636500
2025-03-19,96.59000,96.97000,94.87000,95.97000,618100
2025-03-20,95.11000,97.51000,94.76000,95.78000,909400
2025-03-21,94.42000,95.61000,92.50000,94.30000,2543000
2025-03-24,95.01000,97.02000,94.97000,96.60000,674200
2025-03-25,97.13000,97.35000,94.87000,95.90000,621200
2025-03-26,95.64000,97.62000,94.57000,97.41000,676800
2025-03-27,95.79000,95.79000,88.37000,89.31000,1533700
2025-03-28,88.64000,89.00000,86.72000,87.96000,835000
2025-03-31,86.58000,88.80000,85.29000,88.22000,854800
2025-04-01,88.19000,88.77000,86.40000,87.53000,560400
2025-04-02,86.42000,89.88000,86.17000,88.76000,786000
2025-04-03,88.05000,88.05000,81.43000,82.34000,892500
2025-04-04,80.41000,81.75000,77.23000,81.45000,1024300
2025-04-07,78.27000,82.54000,75.96000,78.45000,1082200
2025-04-08,81.23000,81.58000,74.27000,75.18000,752000
2025-04-09,74.62000,83.11000,73.85000,82.87000,931400
2025-04-10,79.15000,79.81000,74.44000,76.33000,712000
2025-04-11,76.58000,77.51000,74.30000,77.37000,732600
2025-04-14,78.78000,79.15000,75.59000,78.60000,831700
2025-04-15,77.42000,78.59000,76.75000,78.37000,656700
2025-04-16,79.32000,80.03000,76.60000,77.51000,587700
2025-04-17,77.56000,79.84000,77.22000,79.42000,600100
2025-04-21,78.82000,78.82000,77.38000,78.56000,415200
2025-04-22,79.98000,81.01000,79.15000,80.85000,435900
2025-04-23,83.43000,84.95000,81.62000,82.00000,624400
2025-04-24,83.54000,86.77000,82.40000,85.39000,611000
2025-04-25,84.75000,85.35000,83.89000,84.50000,479500
2025-04-28,85.00000,86.32000,83.63000,84.66000,901100
2025-04-29,84.07000,87.05000,83.76000,86.86000,704200
2025-04-30,85.33000,86.11000,83.30000,85.75000,526500
2025-05-01,86.21000,87.20000,85.02000,85.76000,503500
2025-05-02,87.25000,88.00000,85.36000,86.81000,902200
2025-05-05,86.52000,88.74000,85.74000,88.37000,1108000
2025-05-06,85.00000,88.77000,82.88000,86.18000,868500
2025-05-07,88.00000,88.00000,85.04000,85.78000,654000
2025-05-08,86.91000,90.12000,86.68000,88.93000,529900
2025-05-09,90.29000,91.28000,90.05000,90.59000,463900
2025-05-12,95.00000,97.88000,94.41000,94.84000,708200
2025-05-13,95.19000,95.81000,94.20000,95.54000,506400
2025-05-14,94.98000,95.21000,93.78000,94.45000,505700
2025-05-15,93.03000,94.01000,92.72000,93.76000,392700
2025-05-16,93.86000,94.83000,93.36000,94.72000,463600
2025-05-19,92.92000,94.34000,92.43000,94.10000,481500
2025-05-20,94.24000,94.85000,93.42000,93.94000,379800
2025-05-21,93.11000,93.66000,90.88000,91.14000,548100
2025-05-22,90.94000,90.94000,89.61000,90.54000,729300
2025-05-23,88.46000,89.57000,88.20000,89.16000,694900
2025-05-27,90.53000,92.18000,89.65000,92.10000,648700
2025-05-28,92.29000,92.29000,89.87000,89.96000,705700
2025-05-29,90.69000,91.32000,89.61000,91.21000,676800
2025-05-30,90.43000,91.52000,90.07000,90.42000,839000
2025-06-02,89.60000,90.74000,86.70000,87.47000,761600
2025-06-03,87.37000,89.74000,86.67000,89.38000,620800
2025-06-04,89.87000,89.87000,88.18000,88.23000,633900
2025-06-05,87.45000,87.83000,86.14000,87.30000,728300
2025-06-06,88.29000,88.99000,88.04000,88.47000,641100
2025-06-09,88.86000,91.17000,88.86000,90.40000,811500
2025-06-10,91.39000,95.80000,91.07000,95.23000,909200
2025-06-11,95.63000,97.62000,93.17000,94.00000,1363700
2025-06-12,92.79000,94.17000,92.05000,93.51000,624500
2025-06-13,91.68000,93.04000,89.91000,90.52000,829600
2025-06-16,92.28000,93.13000,91.05000,92.58000,735100
2025-06-17,91.81000,92.25000,90.46000,90.65000,748100
2025-06-18,90.61000,91.88000,89.84000,91.26000,741200
2025-06-20,91.85000,92.44000,90.21000,91.05000,942100
2025-06-23,90.15000,91.38000,89.30000,91.03000,530100
2025-06-24,91.94000,92.91000,91.72000,92.49000,450700
2025-06-25,92.55000,93.23000,92.00000,92.76000,413600
2025-06-26,93.19000,94.50000,92.31000,94.03000,455600
2025-06-27,94.73000,95.61000,93.62000,94.32000,802800
2025-06-30,94.49000,95.09000,93.40000,94.98000,995000
2025-07-01,95.45000,101.76000,94.56000,100.65000,823000
2025-07-02,101.24000,103.61000,101.00000,103.20000,703000
2025-07-03,104.36000,104.94000,103.40000,103.58000,329000
2025-07-07,102.00000,104.38000,101.75000,102.70000,672700
2025-07-08,103.26000,106.96000,102.54000,106.00000,1290600
2025-07-09,106.49000,107.67000,106.10000,107.35000,592800
2025-07-10,108.14000,109.48000,107.48000,107.67000,594000
2025-07-11,107.52000,108.16000,106.51000,106.57000,510800
2025-07-14,106.91000,107.51000,105.72000,107.18000,388200
2025-07-15,107.76000,107.99000,105.14000,105.25000,419600
2025-07-16,105.80000,106.81000,105.18000,106.51000,468400
2025-07-17,106.15000,107.46000,105.25000,105.86000,571000
2025-07-18,105.74000,106.26000,103.33000,104.00000,493800
2025-07-21,105.09000,106.91000,104.24000,105.51000,809000
2025-07-22,105.84000,107.27000,104.00000,105.81000,800700
2025-07-23,107.68000,109.38000,107.23000,108.79000,687000
2025-07-24,107.58000,109.35000,106.74000,108.14000,1012400
2025-07-25,101.86000,102.00000,97.51000,99.39000,1671400
2025-07-28,99.10000,100.15000,98.50000,98.89000,1083000
2025-07-29,99.50000,99.50000,96.23000,96.65000,843800
2025-07-30,96.81000,96.83000,94.06000,94.26000,788100
2025-07-31,94.00000,95.07000,93.35000,94.29000,880000
2025-08-01,93.45000,93.80000,91.67000,93.06000,531000
2025-08-04,93.36000,93.56000,92.10000,92.93000,559900
2025-08-05,93.96000,94.78000,92.93000,94.67000,428300
2025-08-06,95.07000,96.31000,94.71000,95.20000,506700
2025-08-07,96.20000,96.73000,95.37000,96.02000,509400
2025-08-08,96.00000,96.79000,95.27000,95.89000,533100
2025-08-11,96.27000,97.27000,95.35000,95.67000,615300
2025-08-12,96.59000,100.03000,95.80000,100.00000,657800
2025-08-13,99.98000,103.43000,99.86000,103.23000,462500
2025-08-14,101.57000,103.62000,100.70000,103.32000,571700
2025-08-15,103.66000,103.79000,102.13000,102.42000,403300
2025-08-18,102.47000,102.83000,101.66000,102.54000,487600
2025-08-19,103.25000,104.73000,102.75000,103.07000,346200
2025-08-20,102.75000,103.82000,102.10000,103.05000,366900
2025-08-21,102.44000,103.64000,101.78000,103.09000,298300
2025-08-22,103.76000,108.57000,103.21000,108.57000,543900
2025-08-25,109.00000,109.96000,108.22000,109.63000,691900
2025-08-26,109.20000,111.00000,109.20000,109.67000,500900
2025-08-27,108.78000,110.92000,108.78000,110.04000,555300
2025-08-28,110.88000,110.88000,107.82000,109.63000,391000
2025-08-29,109.38000,110.37000,108.96000,110.00000,425000
2025-09-02,108.60000,110.33000,108.21000,110.02000,610700
2025-09-03,109.19000,110.72000,107.74000,108.44000,829600
2025-09-04,108.21000,110.64000,108.16000,110.37000,467000
2025-09-05,110.80000,112.64000,110.17000,111.05000,388100
2025-09-08,111.00000,113.00000,109.94000,112.75000,613200
2025-09-09,112.48000,113.10000,110.21000,111.05000,683800
2025-09-10,109.00000,109.82000,107.68000,108.33000,693200
2025-09-11,108.58000,111.87000,108.09000,109.18000,1057800
2025-09-12,108.51000,108.73000,105.52000,105.63000,838900
2025-09-15,106.61000,106.75000,104.46000,105.31000,590300
2025-09-16,105.51000,105.51000,103.58000,105.19000,1040500
2025-09-17,105.20000,108.55000,105.00000,105.88000,704200
2025-09-18,106.13000,107.97000,105.25000,107.35000,526500
2025-09-19,106.96000,106.96000,104.61000,105.34000,1506100
2025-09-22,105.02000,105.29000,102.32000,103.07000,619200
2025-09-23,103.66000,105.00000,102.65000,103.09000,817600
2025-09-24,102.34000,102.89000,101.06000,101.68000,843500
2025-09-25,101.43000,101.43000,98.85000,100.26000,1310900
2025-09-26,100.37000,101.98000,99.81000,101.44000,887400
2025-09-29,102.00000,102.00000,99.14000,100.10000,652400
2025-09-30,100.07000,101.66000,99.64000,100.61000,697600
2025-10-01,100.31000,101.56000,99.68000,101.25000,743000
2025-10-02,101.61000,102.88000,100.87000,102.50000,694000
2025-10-03,102.30000,104.00000,101.95000,103.99000,606800
2025-10-06,104.25000,104.63000,102.61000,102.92000,448300
2025-10-07,102.37000,102.66000,99.12000,99.39000,525900
2025-10-08,99.89000,101.35000,98.77000,100.92000,445200
2025-10-09,101.38000,101.38000,97.45000,98.87000,620700
2025-10-10,99.62000,100.61000,96.44000,96.78000,532500
2025-10-13,97.73000,98.87000,97.26000,97.84000,532000
2025-10-14,96.16000,99.95000,96.04000,99.85000,605300
2025-10-15,100.04000,101.46000,99.40000,100.26000,466500
2025-10-16,100.07000,100.79000,98.94000,100.44000,534800
2025-10-17,99.36000,100.96000,98.79000,99.46000,596500
2025-10-20,100.06000,100.41000,99.01000,99.06000,465600
2025-10-21,100.49000,102.07000,99.68000,100.94000,510200
2025-10-22,100.96000,101.31000,99.49000,100.11000,325200
2025-10-23,100.74000,101.27000,99.83000,100.76000,410300
2025-10-24,101.32000,102.44000,101.08000,101.91000,452600
2025-10-27,102.26000,103.58000,101.22000,101.74000,505100
2025-10-28,101.22000,103.32000,100.70000,103.17000,450700
2025-10-29,103.15000,104.76000,102.28000,104.08000,915000
2025-10-30,102.56000,104.66000,102.04000,103.52000,941100
2025-10-31,106.05000,110.88000,99.12000,104.65000,1074300
2025-11-03,104.32000,108.91000,103.65000,108.20000,1037300
2025-11-04,106.97000,107.91000,105.38000,106.66000,857100
2025-11-05,106.20000,110.26000,106.05000,109.14000,770900
2025-11-06,109.32000,109.69000,107.80000,108.41000,702000
2025-11-07,108.30000,110.94000,108.30000,110.13000,582000
2025-11-10,110.59000,110.66000,107.93000,108.10000,848900
2025-11-11,108.79000,110.17000,108.15000,109.43000,402000
2025-11-12,109.85000,110.53000,108.49000,109.57000,466400
2025-11-13,109.41000,110.54000,107.29000,107.72000,601400
2025-11-14,106.73000,106.98000,105.37000,106.03000,712800
2025-11-17,105.36000,105.36000,101.55000,101.88000,607800
2025-11-18,101.22000,103.29000,101.22000,102.58000,851100
2025-11-19,102.82000,103.74000,101.98000,102.71000,367800
2025-11-20,103.14000,104.69000,99.00000,99.28000,459600
2025-11-21,100.21000,104.63000,100.21000,104.15000,602700
2025-11-24,104.29000,105.65000,103.50000,104.88000,545600
2025-11-25,105.86000,109.06000,105.45000,108.34000,428400
2025-11-26,107.43000,109.80000,107.02000,107.77000,565900
2025-11-28,107.98000,108.77000,107.04000,107.36000,768300
2025-12-01,107.15000,109.77000,106.79000,108.22000,794900
2025-12-02,108.25000,109.04000,106.15000,107.86000,1126400
2025-12-03,108.00000,109.90000,107.97000,109.29000,807400
2025-12-04,109.41000,110.00000,108.19000,108.94000,891000
2025-12-05,108.99000,110.27000,107.68000,107.78000,473200
2025-12-08,105.85000,106.64000,104.38000,105.43000,783100
2025-12-09,104.56000,107.53000,104.56000,106.53000,581000
2025-12-10,106.40000,111.75000,105.77000,111.49000,853800
2025-12-11,111.94000,113.73000,111.22000,113.46000,968200
2025-12-12,114.00000,114.67000,113.16000,113.64000,614200
2025-12-15,114.73000,116.51000,114.36000,116.07000,979700
2025-12-16,116.68000,117.44000,114.67000,115.51000,806100
2025-12-17,115.06000,117.22000,115.06000,116.54000,699400
2025-12-18,117.22000,118.79000,116.32000,117.22000,739900
2025-12-19,117.40000,119.01000,117.18000,118.82000,1694900
2025-12-22,118.99000,119.25000,117.23000,117.92000,575800
2025-12-23,117.94000,117.99000,116.75000,117.06000,460400
2025-12-24,117.16000,117.63000,116.41000,116.55000,199100
2025-12-26,116.55000,117.20000,116.30000,116.90000,216300
2025-12-29,116.64000,117.47000,115.85000,116.46000,248400
2025-12-30,116.50000,116.85000,115.67000,116.33000,283400
2025-12-31,116.08000,117.12000,114.33000,114.60000,333200
2026-01-02,115.46000,119.29000,114.91000,118.61000,443000
2026-01-05,118.26000,121.28000,117.99000,120.91000,373800
2026-01-06,120.00000,123.74000,119.60000,123.42000,401500
2026-01-07,123.25000,123.80000,120.78000,121.54000,305000
2026-01-08,121.07000,127.36000,120.89000,126.15000,550400
2026-01-09,126.24000,126.25000,122.23000,124.42000,488800
2026-01-12,123.64000,124.84000,122.07000,124.21000,441200
2026-01-13,124.30000,125.13000,122.97000,124.67000,274800
2026-01-14,125.52000,127.30000,123.62000,124.85000,694900
2026-01-15,125.64000,126.27000,123.90000,125.13000,441000
2026-01-16,124.52000,124.52000,119.38000,121.04000,715100
2026-01-20,119.14000,119.45000,117.54000,119.00000,511800
2026-01-21,120.34000,124.17000,120.34000,122.82000,575200
2026-01-22,123.32000,124.07000,121.13000,121.73000,506500
2026-01-23,121.67000,121.99000,118.77000,119.87000,765500
2026-01-26,120.01000,120.60000,119.28000,120.21000,368700
2026-01-27,121.01000,122.12000,119.15000,120.54000,456300
2026-01-28,120.52000,120.85000,119.07000,119.33000,466800
2026-01-29,120.50000,121.26000,118.99000,120.58000,371000
2026-01-30,118.19000,118.44000,115.75000,117.09000,797500
2026-02-02,116.54000,118.91000,116.08000,118.00000,774300
2026-02-03,117.90000,121.05000,117.90000,119.60000,837100
2026-02-04,131.00000,136.78000,125.95000,132.45000,1297200
2026-02-05,132.58000,136.13000,131.53999,136.05000,845300
2026-02-06,135.48000,141.21001,135.48000,140.95000,763000
2026-02-09,140.67999,141.28000,138.06000,139.25000,698800
2026-02-10,139.75999,140.92999,137.34000,138.59000,704600
2026-02-11,139.73000,142.84000,137.34000,138.88000,668900
2026-02-12,139.59000,140.41000,134.74001,136.73000,548500
2026-02-13,137.70000,139.55000,136.14999,137.87000,526300
2026-02-17,137.92999,138.75000,135.86000,136.70000,429800
2026-02-18,137.03000,138.71001,136.75999,136.89999,389700
2026-02-19,136.31000,136.75000,132.67000,134.00999,640600
2026-02-20,133.36000,134.87000,131.81000,134.75000,417200
2026-02-23,134.75999,134.75999,131.03000,132.86000,378400
2026-02-24,133.13000,135.25000,133.13000,134.12000,292400
2026-02-25,134.72000,134.72000,131.39000,133.61000,239200
2026-02-26,134.27000,135.50000,132.07001,133.02000,429800
2026-02-27,131.55000,132.81000,129.00000,131.25000,444500
2026-03-02,128.75000,129.35001,123.85000,127.54000,474500
2026-03-03,123.40000,125.74000,120.89000,123.61000,565600
2026-03-04,124.62000,125.04000,122.40000,122.76000,433600
2026-03-05,120.77000,123.29000,120.28000,121.97000,398300
2026-03-06,120.09000,121.64000,117.85000,120.18000,423200
2026-03-09,117.79000,120.44000,115.30000,120.28000,502100
2026-03-10,120.28000,121.62000,119.19000,119.27000,505400
2026-03-11,118.86000,120.50000,117.64000,117.94000,396100
2026-03-12,116.28000,116.28000,113.97000,115.65000,505100
2026-03-13,116.12000,116.71000,113.24000,114.16000,531200
2026-03-16,115.16000,116.55000,114.29000,116.15000,745200
2026-03-17,118.14000,120.87000,117.14000,118.62000,1074400
2026-03-18,118.08000,118.67000,115.63000,116.21000,707800
2026-03-19,114.73000,116.14000,113.28000,115.58000,837600
2026-03-20,115.14000,115.55000,113.09000,113.48000,2028300
2026-03-23,117.87000,119.22000,116.28000,118.88000,1010600
2026-03-24,117.68000,121.06000,117.18000,120.39000,558700
2026-03-25,122.37000,123.21000,121.55000,122.23000,509500
2026-03-26,120.58000,122.96000,120.58000,121.95000,440600
2026-03-27,120.41000,121.16000,117.65000,118.26000,585200
2026-03-30,119.45000,119.45000,115.51000,116.45000,573900
2026-03-31,118.37000,121.61000,117.79000,121.08000,419000
2026-04-01,122.08000,123.16000,120.77000,122.06000,554000
2026-04-02,119.76000,119.87000,116.03000,118.54000,621500
2026-04-06,117.85000,118.89000,117.56000,118.31000,401900
2026-04-07,117.73000,118.80000,116.41000,118.00000,677000
2026-04-08,124.01000,125.78000,122.47000,124.75000,454100
2026-04-09,124.09000,125.81000,123.62000,125.18000,490900
2026-04-10,126.64000,127.30000,124.12000,124.60000,328400
2026-04-13,123.35000,123.89000,121.73000,123.22000,378800
2026-04-14,123.18000,124.25000,121.75000,122.40000,426500
2026-04-15,121.70000,122.14000,117.45000,118.19000,220117
