date,open,high,low,close,volume
2016-02-04,13.00000,13.60000,11.50000,12.10000,345580
2016-02-05,12.30000,13.30000,12.00000,12.50000,52990
2016-02-08,12.60000,12.60000,12.10000,12.20000,9040
2016-02-09,12.20000,12.50000,11.80000,11.90000,35080
2016-02-10,11.90000,12.10000,11.50000,11.80000,9970
2016-02-11,11.60000,12.00000,11.60000,11.90000,8290
2016-02-12,12.10000,12.50000,11.70000,12.50000,14750
2016-02-16,12.50000,13.10000,12.50000,13.00000,30110
2016-02-17,12.90000,13.30000,12.60000,12.70000,18680
2016-02-18,12.70000,12.90000,12.30000,12.40000,10880
2016-02-19,12.30000,12.40000,12.20000,12.30000,8520
2016-02-22,12.40000,13.40000,12.40000,13.40000,22920
2016-02-23,13.40000,14.00000,13.10000,13.50000,16080
2016-02-24,13.20000,13.40000,12.70000,12.80000,16310
2016-02-25,12.90000,13.40000,12.80000,13.00000,26450
2016-02-26,13.20000,13.30000,12.80000,13.10000,22530
2016-02-29,13.00000,13.60000,12.80000,13.30000,34540
2016-03-01,13.20000,14.00000,13.20000,13.70000,8170
2016-03-02,13.70000,16.30000,13.50000,16.30000,30810
2016-03-03,16.20000,19.70000,15.90000,18.00000,60430
2016-03-04,18.20000,20.00000,18.20000,19.20000,55820
2016-03-07,19.30000,22.00000,19.30000,20.10000,57270
2016-03-08,20.00000,20.90000,19.40000,19.50000,21780
2016-03-09,19.70000,19.90000,18.50000,18.60000,24940
2016-03-10,18.70000,19.50000,18.60000,19.10000,6970
2016-03-11,19.40000,19.70000,18.80000,19.10000,9620
2016-03-14,19.00000,19.30000,18.90000,19.20000,7280
2016-03-15,19.00000,19.50000,18.10000,18.40000,11470
2016-03-16,19.00000,19.00000,18.00000,18.10000,7410
2016-03-17,18.10000,18.50000,18.00000,18.10000,11290
2016-03-18,18.20000,18.70000,17.70000,17.70000,27210
2016-03-21,17.70000,18.70000,17.70000,18.60000,5170
2016-03-22,18.60000,19.50000,18.60000,18.90000,14020
2016-03-23,19.00000,19.00000,17.50000,17.80000,12350
2016-03-24,17.60000,18.00000,17.50000,17.80000,4040
2016-03-28,17.80000,17.80000,17.30000,17.30000,6230
2016-03-29,17.20000,18.20000,17.20000,18.00000,5950
2016-03-30,17.40000,18.30000,17.40000,18.30000,9700
2016-03-31,17.80000,18.20000,17.80000,18.00000,3310
2016-04-01,18.00000,18.60000,17.60000,17.60000,5200
2016-04-04,17.20000,18.30000,17.20000,17.70000,11100
2016-04-05,17.60000,18.30000,17.50000,17.50000,7380
2016-04-06,17.40000,17.90000,17.10000,17.60000,6780
2016-04-07,17.50000,17.50000,17.00000,17.20000,6400
2016-04-08,17.10000,17.90000,16.90000,17.00000,6790
2016-04-11,17.20000,17.40000,17.10000,17.40000,3270
2016-04-12,17.30000,18.20000,17.20000,18.00000,8050
2016-04-13,18.00000,18.60000,17.50000,18.50000,5890
2016-04-14,18.40000,18.80000,17.90000,18.30000,7320
2016-04-15,18.40000,18.90000,18.40000,18.80000,4770
2016-04-18,19.20000,21.20000,19.00000,20.40000,51560
2016-04-19,20.30000,21.10000,20.10000,20.10000,26730
2016-04-20,20.10000,21.00000,19.90000,20.40000,5940
2016-04-21,20.50000,20.60000,19.70000,19.70000,12600
2016-04-22,19.90000,20.80000,19.90000,20.30000,14740
2016-04-25,20.70000,22.00000,20.10000,20.50000,34170
2016-04-26,20.50000,23.40000,20.50000,22.60000,46450
2016-04-27,22.60000,22.90000,21.50000,21.80000,22190
2016-04-28,21.60000,21.80000,21.00000,21.50000,10910
2016-04-29,21.00000,22.20000,21.00000,21.40000,11850
2016-05-02,21.50000,24.30000,21.50000,22.80000,48140
2016-05-03,22.90000,23.40000,21.90000,22.10000,7020
2016-05-04,21.90000,22.60000,21.80000,22.30000,25410
2016-05-05,21.70000,22.20000,18.60000,20.00000,44550
2016-05-06,19.70000,20.20000,18.60000,19.90000,18940
2016-05-09,19.50000,20.50000,19.00000,20.20000,8060
2016-05-10,20.20000,20.50000,19.90000,20.00000,11990
2016-05-11,20.00000,20.90000,20.00000,20.10000,5680
2016-05-12,20.20000,20.60000,18.60000,19.50000,15340
2016-05-13,19.40000,19.80000,19.10000,19.40000,2150
2016-05-16,19.50000,20.80000,19.50000,20.10000,8490
2016-05-17,19.90000,20.20000,19.70000,19.80000,5410
2016-05-18,19.90000,20.20000,19.70000,19.90000,2980
2016-05-19,20.20000,20.20000,19.80000,19.90000,1830
2016-05-20,20.10000,20.60000,19.80000,19.90000,4980
2016-05-23,20.10000,20.40000,19.00000,20.00000,13380
2016-05-24,20.10000,20.10000,19.40000,19.50000,8650
2016-05-25,19.40000,20.10000,18.80000,19.00000,22410
2016-05-26,19.20000,19.90000,19.20000,19.80000,4580
2016-05-27,20.40000,20.40000,19.40000,19.90000,6670
2016-05-31,20.00000,20.00000,19.30000,19.50000,6140
2016-06-01,19.60000,20.00000,19.00000,19.30000,11920
2016-06-02,19.30000,19.50000,19.10000,19.30000,8910
2016-06-03,19.30000,20.00000,19.30000,19.30000,17660
2016-06-06,19.30000,19.50000,18.80000,19.50000,12610
2016-06-07,19.40000,20.40000,19.40000,20.00000,14150
2016-06-08,20.00000,20.40000,19.60000,20.10000,7490
2016-06-09,19.10000,20.20000,19.10000,19.90000,11460
2016-06-10,19.90000,20.30000,19.60000,20.20000,3040
2016-06-13,19.60000,20.50000,19.50000,20.20000,9150
2016-06-14,20.30000,20.60000,19.80000,20.00000,10380
2016-06-15,19.90000,20.40000,19.80000,20.00000,4480
2016-06-16,19.80000,20.30000,19.80000,20.00000,7030
2016-06-17,20.00000,20.20000,19.80000,19.80000,14350
2016-06-20,20.10000,21.40000,19.80000,20.40000,12840
2016-06-21,20.60000,20.70000,19.90000,20.00000,13020
2016-06-22,19.80000,20.40000,19.80000,19.90000,5660
2016-06-23,19.90000,20.40000,19.80000,19.90000,12150
2016-06-24,19.10000,20.70000,19.10000,20.00000,8400
2016-06-27,20.00000,20.00000,18.30000,18.70000,8490
2016-06-28,19.00000,19.20000,18.30000,18.60000,8230
2016-06-29,19.00000,19.20000,18.60000,19.20000,3490
2016-06-30,19.30000,19.50000,18.90000,19.10000,3830
2016-07-01,19.00000,19.30000,18.70000,19.10000,5700
2016-07-05,19.10000,19.20000,18.50000,18.70000,24180
2016-07-06,18.70000,18.80000,18.20000,18.40000,18750
2016-07-07,18.40000,19.20000,18.20000,19.20000,3270
2016-07-08,19.10000,19.40000,18.80000,19.30000,7870
2016-07-11,19.40000,19.50000,19.20000,19.30000,5780
2016-07-12,19.20000,20.00000,19.20000,19.80000,4120
2016-07-13,19.80000,20.00000,19.60000,19.80000,1450
2016-07-14,19.50000,20.40000,18.30000,20.40000,19960
2016-07-15,20.10000,20.40000,19.40000,20.20000,8540
2016-07-18,20.00000,20.40000,19.80000,20.20000,3290
2016-07-19,20.20000,20.20000,19.90000,20.10000,1240
2016-07-20,20.10000,20.10000,19.70000,19.90000,6710
2016-07-21,19.30000,19.70000,19.20000,19.50000,5820
2016-07-22,19.30000,19.60000,19.10000,19.30000,3480
2016-07-25,19.50000,19.50000,19.20000,19.20000,4060
2016-07-26,19.10000,19.50000,18.70000,19.30000,7100
2016-07-27,19.30000,19.50000,18.80000,18.90000,3750
2016-07-28,19.40000,19.50000,18.70000,19.30000,3280
2016-07-29,19.40000,20.00000,18.40000,18.40000,19110
2016-08-01,18.50000,19.00000,18.30000,18.40000,14080
2016-08-02,18.40000,19.00000,17.80000,17.80000,18670
2016-08-03,18.30000,18.60000,17.40000,17.50000,38110
2016-08-04,18.00000,19.90000,18.00000,19.70000,42460
2016-08-05,19.70000,21.00000,19.50000,20.00000,23660
2016-08-08,20.00000,21.10000,19.70000,19.90000,14750
2016-08-09,20.40000,22.50000,20.00000,22.50000,21570
2016-08-10,22.50000,22.50000,21.70000,22.00000,20060
2016-08-11,22.00000,24.00000,22.00000,23.80000,20700
2016-08-12,23.40000,27.10000,23.20000,25.50000,79580
2016-08-15,26.30000,27.40000,23.20000,24.40000,59220
2016-08-16,24.80000,25.60000,24.50000,24.80000,12610
2016-08-17,25.00000,25.20000,23.90000,25.10000,11550
2016-08-18,25.10000,26.90000,25.00000,25.90000,21840
2016-08-19,25.60000,26.70000,25.60000,26.00000,36300
2016-08-22,26.50000,28.30000,25.90000,27.40000,30730
2016-08-23,27.00000,28.00000,27.00000,27.40000,20010
2016-08-24,27.20000,27.50000,26.80000,27.30000,7690
2016-08-25,27.20000,27.20000,26.50000,26.50000,21420
2016-08-26,26.20000,26.50000,25.50000,26.30000,19060
2016-08-29,26.50000,27.40000,26.10000,26.30000,21650
2016-08-30,26.30000,27.50000,26.30000,27.50000,17550
2016-08-31,27.50000,28.20000,27.30000,27.90000,17750
2016-09-01,28.50000,29.80000,28.00000,29.40000,29760
2016-09-02,29.60000,32.90000,29.60000,32.20000,85880
2016-09-06,33.90000,35.40000,33.00000,34.30000,88830
2016-09-07,34.50000,36.40000,34.40000,35.20000,43870
2016-09-08,35.20000,35.90000,33.60000,34.80000,44150
2016-09-09,34.00000,34.30000,28.80000,30.10000,77500
2016-09-12,30.20000,33.00000,30.10000,32.70000,59300
2016-09-13,33.00000,33.00000,31.20000,31.80000,25690
2016-09-14,32.20000,32.30000,29.40000,29.60000,27110
2016-09-15,29.50000,31.30000,29.30000,31.20000,16730
2016-09-16,31.40000,31.60000,30.50000,31.60000,18400
2016-09-19,32.20000,34.40000,32.10000,33.10000,37340
2016-09-20,33.90000,34.80000,33.10000,34.30000,40030
2016-09-21,34.60000,35.30000,34.50000,35.00000,24590
2016-09-22,35.00000,36.40000,34.00000,36.40000,38280
2016-09-23,36.00000,37.40000,35.60000,37.20000,29700
2016-09-26,38.40000,38.90000,35.70000,36.70000,52140
2016-09-27,36.70000,39.20000,36.50000,38.20000,47060
2016-09-28,39.00000,39.00000,35.40000,36.80000,37150
2016-09-29,36.50000,36.50000,34.70000,35.50000,29080
2016-09-30,35.80000,37.50000,35.00000,37.50000,30320
2016-10-03,37.50000,37.60000,35.30000,35.80000,42320
2016-10-04,35.90000,37.00000,35.90000,36.40000,19150
2016-10-05,36.00000,36.70000,35.00000,35.20000,26910
2016-10-06,35.00000,36.50000,35.00000,36.10000,24420
2016-10-07,36.30000,36.30000,32.50000,33.00000,36570
2016-10-10,31.90000,32.90000,30.00000,31.10000,86150
2016-10-11,31.10000,34.70000,31.00000,33.60000,44210
2016-10-12,34.00000,34.90000,30.80000,31.90000,21100
2016-10-13,31.50000,32.70000,31.00000,31.00000,30880
2016-10-14,31.50000,32.40000,31.10000,31.50000,34600
2016-10-17,31.00000,31.10000,26.80000,30.00000,96460
2016-10-18,30.50000,30.90000,28.50000,29.20000,48590
2016-10-19,28.50000,29.80000,28.50000,29.00000,26140
2016-10-20,29.50000,30.70000,28.30000,29.10000,32160
2016-10-21,29.10000,29.80000,28.50000,28.90000,24330
2016-10-24,29.40000,29.40000,26.60000,26.80000,68770
2016-10-25,26.60000,27.20000,25.20000,26.20000,44950
2016-10-26,26.50000,28.00000,25.50000,27.20000,32050
2016-10-27,27.80000,27.80000,24.80000,25.30000,52980
2016-10-28,25.60000,26.80000,25.30000,26.40000,41260
2016-10-31,26.00000,26.50000,25.50000,25.50000,19970
2016-11-01,26.00000,27.50000,25.50000,26.50000,30760
2016-11-02,26.50000,27.50000,25.50000,27.00000,28320
2016-11-03,26.50000,27.00000,25.80000,27.00000,21400
2016-11-04,26.50000,27.00000,24.00000,25.50000,27790
2016-11-07,25.00000,27.50000,25.00000,26.00000,17950
2016-11-08,26.50000,27.00000,25.50000,26.00000,10470
2016-11-09,25.00000,27.50000,24.50000,27.00000,29720
2016-11-10,27.00000,28.00000,26.00000,28.00000,13650
2016-11-11,27.50000,28.00000,25.50000,27.00000,21850
2016-11-14,26.50000,27.50000,25.70000,26.50000,20310
2016-11-15,27.00000,27.50000,25.30000,27.00000,46190
2016-11-16,27.00000,30.50000,26.80000,30.00000,26100
2016-11-17,30.50000,31.00000,28.00000,30.00000,15200
2016-11-18,29.50000,30.00000,29.50000,30.00000,4730
2016-11-21,30.00000,30.50000,29.00000,30.00000,11470
2016-11-22,30.50000,31.50000,28.50000,29.00000,10100
2016-11-23,28.50000,29.00000,28.30000,29.00000,3290
2016-11-25,29.50000,29.60000,29.00000,29.50000,4470
2016-11-28,29.00000,32.30000,29.00000,30.50000,15710
2016-11-29,31.00000,32.50000,30.50000,32.50000,11990
2016-11-30,33.00000,33.00000,30.00000,30.50000,9530
2016-12-01,31.50000,34.00000,30.10000,32.50000,24080
2016-12-02,32.00000,35.00000,32.00000,34.50000,16900
2016-12-05,35.00000,36.00000,30.00000,33.00000,42580
2016-12-06,33.00000,34.50000,32.00000,33.00000,21840
2016-12-07,33.50000,33.90000,32.50000,33.00000,12550
2016-12-08,32.50000,34.00000,32.00000,33.50000,18670
2016-12-09,35.00000,36.50000,32.00000,33.50000,34350
2016-12-12,33.00000,33.50000,30.00000,30.00000,36340
2016-12-13,30.50000,31.50000,30.00000,31.00000,15760
2016-12-14,31.00000,31.50000,30.00000,30.00000,9430
2016-12-15,30.50000,31.50000,30.00000,31.00000,13640
2016-12-16,31.00000,31.50000,30.00000,30.00000,13510
2016-12-19,29.50000,30.50000,28.00000,28.50000,28150
2016-12-20,28.00000,31.50000,28.00000,30.50000,26840
2016-12-21,30.50000,31.00000,29.00000,29.50000,12050
2016-12-22,29.00000,30.00000,28.50000,29.00000,11090
2016-12-23,29.00000,30.00000,29.00000,30.00000,7310
2016-12-27,30.50000,30.50000,28.50000,29.00000,12330
2016-12-28,28.50000,29.00000,28.50000,28.50000,13080
2016-12-29,28.50000,30.00000,28.50000,29.50000,12200
2016-12-30,29.50000,29.50000,28.00000,29.00000,21830
2017-01-03,29.00000,29.50000,28.30000,28.50000,6570
2017-01-04,28.50000,30.00000,28.50000,29.50000,12710
2017-01-05,29.50000,31.00000,29.00000,30.50000,22680
2017-01-06,30.50000,33.00000,30.00000,32.00000,20570
2017-01-09,32.50000,32.50000,30.00000,30.50000,14570
2017-01-10,30.00000,31.50000,30.00000,31.00000,9000
2017-01-11,30.50000,32.00000,30.00000,31.50000,10320
2017-01-12,31.50000,32.00000,31.00000,31.00000,9070
2017-01-13,31.50000,32.00000,30.50000,31.50000,5640
2017-01-17,31.00000,32.00000,30.50000,32.00000,6860
2017-01-18,31.50000,31.50000,30.50000,31.00000,9580
2017-01-19,31.00000,31.50000,30.00000,30.50000,9150
2017-01-20,30.50000,32.00000,30.50000,31.50000,9690
2017-01-23,31.50000,31.50000,30.00000,31.00000,10770
2017-01-24,30.50000,31.50000,30.50000,31.00000,8820
2017-01-25,30.50000,31.50000,30.50000,31.50000,6360
2017-01-26,31.00000,31.80000,30.50000,30.50000,13150
2017-01-27,30.50000,32.00000,30.50000,32.00000,13660
2017-01-30,32.00000,32.00000,30.50000,31.00000,7690
2017-01-31,30.50000,32.00000,30.50000,31.00000,8260
2017-02-01,31.00000,31.50000,30.50000,30.50000,8710
2017-02-02,31.00000,31.00000,28.50000,30.00000,26940
2017-02-03,30.50000,31.00000,30.00000,30.50000,15520
2017-02-06,30.50000,31.50000,30.30000,30.50000,12480
2017-02-07,30.50000,31.50000,29.00000,29.50000,15930
2017-02-08,29.50000,30.00000,29.00000,29.50000,9670
2017-02-09,29.50000,30.30000,29.00000,29.50000,11340
2017-02-10,30.00000,30.00000,29.50000,29.50000,5480
2017-02-13,30.00000,30.00000,29.00000,29.50000,9990
2017-02-14,29.50000,30.00000,29.30000,29.50000,13490
2017-02-15,29.50000,29.90000,28.00000,28.50000,33400
2017-02-16,29.00000,29.00000,27.00000,27.50000,32710
2017-02-17,27.00000,28.00000,26.00000,27.00000,25820
2017-02-21,26.50000,27.50000,25.50000,26.00000,35870
2017-02-22,25.50000,26.50000,25.00000,26.00000,17430
2017-02-23,26.00000,27.00000,25.50000,26.50000,14040
2017-02-24,26.00000,27.00000,26.00000,26.50000,6600
2017-02-27,26.50000,27.00000,25.50000,26.00000,16230
2017-02-28,26.00000,26.50000,25.50000,26.00000,8560
2017-03-01,26.00000,27.00000,26.00000,26.50000,9050
2017-03-02,26.50000,27.00000,26.50000,26.50000,9490
2017-03-03,26.50000,26.50000,26.00000,26.00000,5490
2017-03-06,26.50000,27.00000,24.00000,25.50000,34290
2017-03-07,26.50000,26.50000,25.00000,25.00000,15140
2017-03-08,25.00000,26.50000,25.00000,26.00000,11560
2017-03-09,26.00000,27.00000,24.50000,25.00000,27030
2017-03-10,25.00000,25.50000,24.50000,24.50000,12020
2017-03-13,25.00000,31.00000,24.00000,29.00000,107190
2017-03-14,27.50000,28.00000,26.00000,27.50000,12430
2017-03-15,27.50000,27.50000,26.00000,26.00000,7610
2017-03-16,26.50000,27.50000,26.50000,27.00000,3850
2017-03-17,27.00000,28.00000,26.50000,28.00000,10090
2017-03-20,28.00000,28.70000,27.50000,28.00000,12190
2017-03-21,28.00000,28.00000,26.00000,26.50000,10620
2017-03-22,27.50000,27.50000,26.00000,26.00000,13120
2017-03-23,26.50000,26.80000,26.00000,26.50000,5780
2017-03-24,26.50000,26.50000,25.00000,26.00000,13370
2017-03-27,26.00000,26.50000,25.50000,26.50000,7320
2017-03-28,26.50000,26.80000,26.00000,26.00000,12890
2017-03-29,26.00000,26.50000,25.50000,26.50000,7690
2017-03-30,26.00000,26.50000,26.00000,26.50000,3900
2017-03-31,26.50000,27.00000,26.00000,26.00000,78570
2017-04-03,26.00000,26.50000,25.50000,26.00000,16470
2017-04-04,26.00000,26.00000,25.50000,25.50000,4710
2017-04-05,26.00000,26.50000,25.50000,25.50000,4860
2017-04-06,25.50000,26.00000,25.00000,25.50000,21760
2017-04-07,25.00000,26.00000,25.00000,26.00000,23270
2017-04-10,25.50000,26.00000,25.00000,25.00000,10420
2017-04-11,25.00000,28.00000,25.00000,25.50000,16640
2017-04-12,26.00000,26.80000,26.00000,26.00000,4490
2017-04-13,26.00000,27.00000,25.50000,27.00000,12200
2017-04-17,27.00000,27.00000,25.50000,26.00000,7570
2017-04-18,26.00000,27.00000,25.50000,26.50000,33390
2017-04-19,27.00000,28.30000,27.00000,27.50000,13600
2017-04-20,28.00000,28.50000,27.50000,28.50000,13290
2017-04-21,28.50000,30.00000,28.00000,28.00000,12500
2017-04-24,28.00000,29.00000,27.00000,27.50000,10120
2017-04-25,27.50000,31.00000,27.50000,29.50000,34590
2017-04-26,30.00000,30.50000,29.50000,30.50000,16600
2017-04-27,30.50000,30.50000,28.00000,28.00000,10650
2017-04-28,28.00000,28.40000,25.00000,26.00000,30240
2017-05-01,26.00000,27.50000,26.00000,27.00000,12260
2017-05-02,27.00000,27.50000,25.50000,26.00000,10700
2017-05-03,26.00000,27.80000,25.50000,27.00000,19460
2017-05-04,25.50000,26.00000,20.00000,20.50000,140800
2017-05-05,22.00000,24.50000,21.50000,23.50000,41620
2017-05-08,23.50000,24.50000,22.50000,23.00000,14640
2017-05-09,22.50000,24.00000,22.00000,22.50000,18330
2017-05-10,22.00000,22.90000,20.50000,21.00000,24830
2017-05-11,21.00000,21.50000,20.00000,20.00000,56990
2017-05-12,20.50000,21.00000,19.90000,20.00000,18370
2017-05-15,20.00000,22.50000,20.00000,22.50000,31200
2017-05-16,22.50000,22.50000,20.30000,20.50000,40240
2017-05-17,21.00000,22.00000,20.50000,21.00000,14500
2017-05-18,20.50000,21.00000,19.40000,19.50000,52030
2017-05-19,20.00000,20.40000,19.50000,19.50000,24800
2017-05-22,19.50000,21.50000,19.50000,21.50000,49960
2017-05-23,21.50000,21.50000,20.00000,20.50000,38780
2017-05-24,20.50000,21.50000,20.00000,21.00000,23300
2017-05-25,21.50000,21.50000,20.50000,20.50000,20160
2017-05-26,20.50000,21.30000,19.50000,21.00000,19910
2017-05-30,21.00000,21.00000,20.00000,21.00000,12550
2017-05-31,21.00000,21.00000,20.00000,20.50000,14350
2017-06-01,20.50000,21.00000,20.00000,20.00000,13860
2017-06-02,20.50000,20.50000,19.50000,20.00000,42850
2017-06-05,20.00000,20.50000,19.50000,20.50000,46020
2017-06-06,20.00000,20.00000,19.00000,19.50000,34570
2017-06-07,19.50000,20.50000,19.00000,19.00000,16810
2017-06-08,19.50000,19.80000,18.00000,18.50000,48610
2017-06-09,19.00000,19.30000,18.00000,18.00000,68570
2017-06-12,18.50000,18.80000,17.50000,17.50000,38160
2017-06-13,18.00000,18.50000,17.50000,18.00000,22860
2017-06-14,19.50000,20.50000,19.50000,20.50000,32550
2017-06-15,20.00000,20.50000,18.30000,18.50000,27410
2017-06-16,18.50000,20.00000,18.50000,20.00000,26200
2017-06-19,20.00000,20.10000,19.00000,19.50000,8130
2017-06-20,19.50000,19.50000,18.00000,18.50000,21610
2017-06-21,18.50000,19.50000,17.50000,18.50000,54770
2017-06-22,18.50000,19.50000,18.00000,19.00000,8470
2017-06-23,19.00000,20.00000,19.00000,19.00000,24020
2017-06-26,19.50000,20.50000,19.00000,20.50000,21460
2017-06-27,20.00000,20.50000,19.50000,20.00000,13210
2017-06-28,20.00000,20.80000,19.50000,20.00000,16120
2017-06-29,20.00000,20.00000,19.50000,20.00000,15050
2017-06-30,20.00000,20.00000,19.00000,19.00000,15070
2017-07-03,19.00000,20.00000,19.00000,19.50000,2400
2017-07-05,19.50000,20.00000,19.00000,19.50000,17840
2017-07-06,19.00000,19.50000,19.00000,19.00000,9190
2017-07-07,19.50000,19.50000,18.00000,19.00000,20170
2017-07-10,19.00000,19.00000,18.00000,18.50000,10260
2017-07-11,18.50000,19.50000,18.00000,19.00000,12550
2017-07-12,19.00000,19.80000,18.50000,19.50000,15040
2017-07-13,19.00000,20.00000,18.50000,18.50000,9060
2017-07-14,18.50000,19.50000,18.50000,19.00000,3950
2017-07-17,19.00000,19.00000,18.50000,19.00000,2480
2017-07-18,19.00000,19.40000,18.50000,19.00000,4040
2017-07-19,19.00000,19.50000,18.50000,19.00000,17500
2017-07-20,19.00000,19.50000,18.50000,19.00000,9210
2017-07-21,18.50000,19.00000,18.50000,18.50000,47860
2017-07-24,19.00000,19.50000,18.00000,19.00000,14730
2017-07-25,19.00000,19.50000,18.50000,18.50000,18970
2017-07-26,18.50000,18.80000,18.00000,18.50000,6010
2017-07-27,18.50000,18.80000,18.00000,18.00000,17380
2017-07-28,18.00000,19.00000,18.00000,18.50000,5170
2017-07-31,19.00000,19.00000,18.30000,18.50000,5620
2017-08-01,19.00000,19.00000,18.00000,18.50000,5680
2017-08-02,18.50000,19.50000,18.50000,19.00000,15350
2017-08-03,19.00000,21.40000,19.00000,21.00000,64620
2017-08-04,21.00000,21.50000,20.50000,21.00000,12420
2017-08-07,21.00000,21.50000,20.50000,20.50000,21710
2017-08-08,20.50000,21.00000,20.00000,20.00000,13880
2017-08-09,20.00000,20.50000,20.00000,20.00000,4670
2017-08-10,20.00000,20.50000,19.50000,20.00000,11460
2017-08-11,20.00000,20.10000,19.00000,19.00000,30830
2017-08-14,20.00000,20.30000,19.50000,20.00000,6370
2017-08-15,20.00000,20.00000,19.50000,19.50000,4290
2017-08-16,19.50000,20.50000,19.50000,20.00000,5980
2017-08-17,20.00000,20.50000,19.50000,19.50000,4770
2017-08-18,19.50000,20.00000,19.00000,19.50000,14450
2017-08-21,20.00000,21.50000,20.00000,21.50000,61500
2017-08-22,21.00000,24.00000,21.00000,22.50000,45100
2017-08-23,23.00000,23.00000,21.50000,22.50000,7720
2017-08-24,22.50000,22.90000,21.00000,21.50000,14550
2017-08-25,21.50000,22.00000,21.00000,21.50000,8180
2017-08-28,21.00000,22.00000,21.00000,21.00000,8480
2017-08-29,21.50000,22.50000,21.00000,22.00000,13980
2017-08-30,22.50000,22.50000,20.50000,21.50000,14290
2017-08-31,21.50000,21.50000,21.00000,21.00000,14130
2017-09-01,21.00000,21.50000,20.50000,20.50000,25250
2017-09-05,21.00000,21.00000,20.00000,20.50000,18110
2017-09-06,20.50000,21.00000,20.10000,20.50000,4230
2017-09-07,21.00000,21.50000,20.50000,21.50000,19520
2017-09-08,21.00000,21.50000,20.90000,21.00000,10240
2017-09-11,21.00000,21.50000,21.00000,21.00000,3130
2017-09-12,21.00000,21.40000,21.00000,21.00000,7120
2017-09-13,21.00000,21.50000,21.00000,21.00000,10750
2017-09-14,21.00000,21.40000,20.50000,20.50000,24620
2017-09-15,20.50000,21.50000,20.50000,21.00000,13710
2017-09-18,21.00000,21.00000,20.00000,20.00000,24220
2017-09-19,20.00000,20.50000,20.00000,20.00000,18090
2017-09-20,20.50000,21.50000,20.40000,21.00000,18500
2017-09-21,21.50000,21.50000,20.50000,20.50000,8150
2017-09-22,20.50000,21.10000,20.50000,21.00000,5560
2017-09-25,20.50000,21.00000,20.50000,20.50000,10200
2017-09-26,20.50000,21.00000,20.50000,21.00000,6380
2017-09-27,21.00000,21.30000,20.50000,21.00000,4820
2017-09-28,21.00000,22.00000,21.00000,21.50000,21670
2017-09-29,22.00000,22.00000,21.50000,22.00000,8080
2017-10-02,21.50000,22.00000,21.50000,22.00000,10650
2017-10-03,22.00000,23.00000,21.50000,21.50000,21890
2017-10-04,22.00000,23.50000,21.50000,23.00000,12820
2017-10-05,23.50000,24.00000,23.00000,23.50000,10570
2017-10-06,23.50000,24.70000,23.00000,24.00000,12540
2017-10-09,24.00000,25.00000,23.50000,24.50000,20850
2017-10-10,24.00000,24.50000,24.00000,24.00000,12520
2017-10-11,24.00000,24.60000,24.00000,24.00000,11970
2017-10-12,24.00000,24.50000,24.00000,24.00000,4820
2017-10-13,24.00000,24.50000,23.50000,24.50000,8620
2017-10-16,24.50000,24.50000,23.50000,24.00000,7310
2017-10-17,24.00000,24.50000,23.00000,23.00000,6360
2017-10-18,23.00000,23.50000,23.00000,23.00000,5470
2017-10-19,23.00000,23.50000,21.70000,23.00000,30830
2017-10-20,23.00000,24.00000,23.00000,23.50000,7010
2017-10-23,24.00000,24.50000,23.50000,23.50000,6950
2017-10-24,24.00000,24.00000,22.50000,23.50000,32980
2017-10-25,23.00000,24.00000,23.00000,24.00000,4950
2017-10-26,24.00000,25.00000,23.00000,23.50000,26330
2017-10-27,23.50000,24.50000,23.00000,24.00000,8070
2017-10-30,24.00000,24.40000,23.00000,23.50000,3730
2017-10-31,23.50000,24.00000,22.50000,22.50000,34450
2017-11-01,22.50000,23.10000,22.00000,22.50000,10660
2017-11-02,22.50000,23.00000,22.50000,22.50000,2050
2017-11-03,22.50000,23.50000,22.50000,23.00000,6230
2017-11-06,23.00000,23.50000,22.50000,23.00000,10560
2017-11-07,23.00000,24.00000,23.00000,23.50000,10200
2017-11-08,23.50000,24.00000,22.50000,22.50000,6700
2017-11-09,22.50000,23.50000,22.50000,23.50000,11130
2017-11-10,24.00000,24.00000,23.00000,23.50000,3490
2017-11-13,23.50000,23.60000,22.50000,23.00000,5870
2017-11-14,22.50000,23.50000,22.50000,23.00000,1630
2017-11-15,23.00000,23.50000,22.50000,23.00000,9520
2017-11-16,23.00000,23.50000,22.50000,23.00000,18190
2017-11-17,22.50000,23.50000,22.50000,23.50000,11760
2017-11-20,23.50000,23.50000,23.10000,23.50000,2770
2017-11-21,23.50000,23.80000,23.00000,23.00000,6490
2017-11-22,23.00000,24.00000,23.00000,24.00000,6090
2017-11-24,24.00000,24.00000,23.50000,24.00000,3790
2017-11-27,24.00000,24.00000,23.50000,24.00000,7630
2017-11-28,23.50000,24.50000,23.00000,24.00000,11390
2017-11-29,24.00000,24.00000,23.50000,23.50000,19040
2017-11-30,23.50000,24.00000,23.00000,23.50000,12630
2017-12-01,23.50000,24.00000,22.50000,24.00000,10530
2017-12-04,24.00000,24.00000,22.50000,23.00000,15670
2017-12-05,23.00000,24.00000,22.50000,24.00000,38860
2017-12-06,23.50000,24.00000,22.10000,23.00000,87190
2017-12-07,23.00000,23.50000,22.50000,23.00000,19150
2017-12-08,23.00000,23.30000,22.50000,23.00000,34390
2017-12-11,22.50000,23.50000,22.50000,23.00000,29840
2017-12-12,23.50000,23.50000,22.80000,23.50000,13830
2017-12-13,23.50000,24.00000,23.00000,24.00000,8690
2017-12-14,24.00000,24.50000,23.50000,24.00000,14770
2017-12-15,23.50000,24.00000,23.10000,24.00000,16900
2017-12-18,24.00000,24.00000,23.00000,23.50000,21440
2017-12-19,24.00000,24.00000,23.00000,24.00000,23210
2017-12-20,24.00000,24.00000,23.00000,24.00000,14030
2017-12-21,24.00000,24.00000,23.00000,24.00000,26610
2017-12-22,24.00000,24.00000,23.50000,23.50000,9400
2017-12-26,23.50000,24.00000,23.50000,23.50000,3180
2017-12-27,23.50000,24.00000,23.20000,24.00000,16660
2017-12-28,23.50000,24.00000,23.00000,23.50000,10760
2017-12-29,23.50000,24.00000,23.50000,23.50000,4590
2018-01-02,23.50000,23.90000,23.00000,23.00000,8000
2018-01-03,23.00000,23.50000,23.00000,23.00000,9910
2018-01-04,23.50000,23.50000,23.00000,23.50000,8960
2018-01-05,23.50000,24.50000,23.00000,24.50000,30910
2018-01-08,24.00000,24.50000,23.50000,23.50000,15920
2018-01-09,23.50000,24.00000,23.50000,24.00000,6130
2018-01-10,24.00000,24.20000,23.50000,24.00000,9720
2018-01-11,24.00000,24.50000,23.50000,24.00000,18190
2018-01-12,24.00000,24.50000,23.70000,24.50000,15000
2018-01-16,24.00000,24.50000,23.60000,24.00000,10710
2018-01-17,24.00000,24.00000,23.50000,24.00000,17570
2018-01-18,24.00000,24.50000,23.50000,24.00000,11560
2018-01-19,23.50000,24.30000,23.50000,23.50000,19600
2018-01-22,23.50000,24.00000,23.50000,24.00000,10220
2018-01-23,23.50000,25.80000,23.50000,25.50000,31130
2018-01-24,25.50000,25.50000,24.50000,24.50000,14240
2018-01-25,24.50000,26.00000,24.50000,26.00000,13080
2018-01-26,25.50000,27.00000,25.10000,26.50000,15360
2018-01-29,27.00000,27.00000,26.00000,27.00000,13260
2018-01-30,27.00000,27.50000,26.00000,26.50000,9040
2018-01-31,26.50000,27.40000,25.50000,26.00000,10670
2018-02-01,26.00000,27.00000,25.50000,26.00000,14380
2018-02-02,26.00000,26.50000,24.00000,24.50000,21120
2018-02-05,25.00000,25.00000,23.50000,23.50000,16870
2018-02-06,23.50000,24.40000,23.00000,23.00000,24880
2018-02-07,23.00000,24.50000,23.00000,24.00000,59890
2018-02-08,24.00000,24.20000,23.50000,24.00000,9540
2018-02-09,24.00000,24.00000,23.00000,23.00000,7440
2018-02-12,23.00000,23.50000,22.70000,23.00000,57100
2018-02-13,23.00000,24.00000,23.00000,24.00000,4200
2018-02-14,24.00000,24.50000,23.00000,24.00000,12220
2018-02-15,24.50000,25.00000,24.00000,25.00000,7980
2018-02-16,24.50000,25.00000,24.00000,24.50000,5040
2018-02-20,24.50000,25.50000,24.50000,24.50000,25380
2018-02-21,24.50000,26.00000,24.50000,25.50000,25700
2018-02-22,25.50000,25.50000,25.00000,25.50000,6580
2018-02-23,25.50000,25.50000,25.00000,25.00000,17850
2018-02-26,25.00000,25.50000,24.00000,24.50000,21120
2018-02-27,24.50000,24.50000,23.50000,23.50000,6650
2018-02-28,23.50000,24.50000,23.50000,24.50000,16730
2018-03-01,24.00000,25.80000,23.50000,25.00000,32010
2018-03-02,25.00000,25.00000,23.50000,23.50000,15620
2018-03-05,24.00000,24.00000,23.00000,23.50000,26640
2018-03-06,23.50000,24.20000,23.50000,23.50000,5630
2018-03-07,23.50000,24.00000,23.00000,23.50000,10270
2018-03-08,23.50000,24.00000,23.00000,23.50000,1990
2018-03-09,23.50000,24.00000,23.00000,23.50000,20200
2018-03-12,23.00000,24.00000,23.00000,23.50000,10120
2018-03-13,23.50000,24.00000,23.50000,23.50000,3000
2018-03-14,23.50000,24.00000,22.50000,23.00000,32290
2018-03-15,22.50000,23.30000,22.00000,22.50000,20400
2018-03-16,22.50000,23.00000,21.70000,22.50000,23650
2018-03-19,22.50000,23.00000,21.50000,22.00000,12890
2018-03-20,22.00000,22.50000,21.00000,21.50000,25040
2018-03-21,21.50000,21.70000,20.50000,20.50000,34310
2018-03-22,20.00000,21.00000,20.00000,20.50000,7600
2018-03-23,20.50000,21.00000,19.90000,20.00000,26780
2018-03-26,20.50000,20.50000,19.50000,20.00000,19030
2018-03-27,20.00000,20.50000,19.50000,20.00000,26830
2018-03-28,20.50000,20.50000,19.50000,20.50000,46470
2018-03-29,20.50000,20.50000,19.50000,19.50000,50250
2018-04-02,20.00000,22.00000,19.50000,21.50000,15570
2018-04-03,21.50000,22.50000,20.50000,20.50000,29480
2018-04-04,20.50000,21.50000,20.50000,21.00000,12410
2018-04-05,21.00000,22.00000,21.00000,21.50000,24060
2018-04-06,21.50000,22.00000,20.50000,20.50000,9540
2018-04-09,20.50000,21.50000,20.50000,21.00000,4500
2018-04-10,21.00000,21.00000,20.50000,20.50000,6670
2018-04-11,21.00000,22.00000,20.70000,21.50000,14220
2018-04-12,21.50000,23.00000,21.50000,22.50000,31380
2018-04-13,22.00000,22.50000,21.50000,22.00000,13160
2018-04-16,22.00000,22.80000,21.60000,22.00000,13710
2018-04-17,22.00000,22.80000,22.00000,22.50000,13600
2018-04-18,22.50000,23.30000,22.00000,22.00000,19440
2018-04-19,22.50000,24.00000,22.30000,23.50000,19860
2018-04-20,23.50000,24.00000,23.30000,23.50000,14080
2018-04-23,23.00000,23.50000,21.00000,21.50000,10520
2018-04-24,22.00000,23.00000,21.50000,23.00000,13730
2018-04-25,23.00000,23.30000,22.50000,22.50000,11390
2018-04-26,22.50000,24.20000,22.50000,22.50000,24050
2018-04-27,22.50000,23.80000,22.50000,23.00000,13260
2018-04-30,23.00000,23.50000,23.00000,23.50000,6150
2018-05-01,23.00000,23.30000,22.00000,23.00000,9420
2018-05-02,23.00000,24.50000,22.50000,23.50000,25160
2018-05-03,24.00000,24.00000,23.00000,23.50000,12980
2018-05-04,23.50000,23.80000,23.00000,23.50000,7690
2018-05-07,23.50000,23.50000,23.00000,23.50000,5590
2018-05-08,23.50000,23.80000,23.00000,23.00000,10030
2018-05-09,23.00000,23.50000,23.00000,23.00000,1690
2018-05-10,23.00000,23.50000,22.50000,23.00000,7330
2018-05-11,23.00000,23.50000,21.50000,23.50000,14840
2018-05-14,23.50000,23.80000,23.00000,23.00000,11030
2018-05-15,23.50000,23.50000,22.50000,23.50000,4610
2018-05-16,23.50000,23.50000,22.50000,22.50000,3060
2018-05-17,23.00000,23.40000,22.80000,23.00000,3830
2018-05-18,23.00000,23.50000,22.50000,23.50000,6950
2018-05-21,23.00000,24.50000,23.00000,24.00000,14400
2018-05-22,24.00000,25.00000,24.00000,24.50000,16950
2018-05-23,24.50000,25.00000,24.00000,24.50000,3140
2018-05-24,24.50000,25.00000,24.00000,24.50000,7030
2018-05-25,24.00000,25.00000,23.80000,25.00000,17430
2018-05-29,24.50000,25.00000,24.50000,24.50000,5610
2018-05-30,24.50000,26.00000,24.50000,25.50000,20370
2018-05-31,26.00000,27.00000,25.00000,25.50000,16100
2018-06-01,25.50000,27.00000,25.50000,27.00000,15870
2018-06-04,27.00000,27.00000,26.00000,26.00000,10830
2018-06-05,26.50000,26.50000,25.00000,25.00000,15620
2018-06-06,25.00000,25.00000,24.00000,24.00000,17540
2018-06-07,24.00000,24.50000,23.80000,24.00000,5570
2018-06-08,23.50000,24.50000,23.50000,24.00000,3980
2018-06-11,24.00000,24.50000,24.00000,24.00000,2930
2018-06-12,24.00000,24.50000,24.00000,24.00000,2120
2018-06-13,24.50000,25.50000,24.00000,25.00000,7220
2018-06-14,25.00000,26.50000,25.00000,25.50000,4770
2018-06-15,25.50000,26.50000,25.00000,25.50000,14700
2018-06-18,25.50000,25.50000,25.00000,25.00000,4800
2018-06-19,25.50000,25.50000,22.50000,22.50000,41230
2018-06-20,22.50000,24.00000,22.00000,22.00000,52300
2018-06-21,22.00000,23.50000,22.00000,23.00000,11330
2018-06-22,22.50000,23.50000,22.50000,23.00000,9490
2018-06-25,23.00000,25.00000,22.80000,24.00000,9490
2018-06-26,32.00000,33.00000,27.00000,29.00000,490820
2018-06-27,29.00000,29.00000,26.00000,27.50000,134510
2018-06-28,28.00000,30.50000,27.30000,29.00000,60770
2018-06-29,29.50000,29.70000,27.10000,28.50000,54820
2018-07-02,29.00000,31.50000,28.80000,31.00000,63010
2018-07-03,30.50000,31.00000,27.50000,28.50000,22870
2018-07-05,28.50000,31.00000,28.50000,30.00000,23030
2018-07-06,30.00000,32.00000,29.60000,30.50000,54190
2018-07-09,30.50000,32.50000,30.50000,32.00000,54180
2018-07-10,32.00000,32.50000,31.00000,32.00000,39820
2018-07-11,32.00000,32.50000,31.10000,32.50000,12000
2018-07-12,32.50000,33.00000,32.00000,32.50000,23270
2018-07-13,32.00000,32.50000,31.00000,32.00000,20310
2018-07-16,32.00000,32.00000,31.50000,32.00000,10170
2018-07-17,32.00000,32.00000,31.00000,31.50000,22270
2018-07-18,31.00000,32.00000,31.00000,31.50000,11260
2018-07-19,31.50000,31.80000,31.00000,31.00000,25330
2018-07-20,31.00000,31.80000,30.50000,31.00000,51870
2018-07-23,31.50000,32.50000,30.50000,32.50000,29450
2018-07-24,32.00000,32.20000,31.00000,31.00000,20870
2018-07-25,31.00000,32.00000,31.00000,31.50000,37640
2018-07-26,31.50000,31.50000,31.00000,31.50000,2520
2018-07-27,31.00000,31.50000,30.50000,31.50000,15090
2018-07-30,31.50000,31.50000,30.50000,31.00000,15850
2018-07-31,31.00000,31.80000,30.80000,31.00000,10700
2018-08-01,31.00000,32.00000,30.50000,31.00000,24870
2018-08-02,31.00000,31.00000,29.50000,30.50000,18730
2018-08-03,31.00000,31.50000,29.50000,29.50000,24380
2018-08-06,29.50000,30.50000,29.50000,30.00000,14750
2018-08-07,30.00000,30.80000,29.50000,29.50000,22510
2018-08-08,29.50000,30.30000,29.00000,29.50000,24470
2018-08-09,29.50000,30.30000,29.50000,29.50000,26470
2018-08-10,29.50000,29.80000,28.60000,29.00000,28940
2018-08-13,29.50000,29.50000,28.00000,29.00000,34490
2018-08-14,28.50000,29.00000,28.50000,29.00000,17830
2018-08-15,29.00000,29.00000,28.50000,28.50000,9500
2018-08-16,28.50000,30.00000,28.50000,29.00000,21330
2018-08-17,29.00000,30.00000,28.50000,30.00000,25530
2018-08-20,29.50000,30.00000,29.00000,29.50000,27130
2018-08-21,29.50000,30.00000,29.00000,29.00000,12180
2018-08-22,29.00000,29.50000,28.50000,29.50000,11050
2018-08-23,29.50000,29.50000,28.50000,28.50000,36410
2018-08-24,28.50000,29.50000,28.50000,29.00000,11490
2018-08-27,29.00000,30.00000,28.50000,29.00000,17610
2018-08-28,29.00000,29.50000,29.00000,29.00000,7980
2018-08-29,29.00000,29.40000,28.50000,29.00000,19160
2018-08-30,29.00000,29.00000,28.50000,29.00000,7640
2018-08-31,29.00000,29.00000,28.00000,28.50000,18140
2018-09-04,28.50000,29.00000,28.00000,29.00000,10910
2018-09-05,28.50000,29.00000,28.00000,28.00000,11240
2018-09-06,28.00000,28.50000,28.00000,28.00000,9630
2018-09-07,28.00000,28.50000,27.00000,27.50000,26120
2018-09-10,27.00000,27.50000,26.30000,26.50000,29560
2018-09-11,26.50000,27.50000,26.50000,27.00000,12330
2018-09-12,27.00000,28.00000,27.00000,27.00000,20660
2018-09-13,27.00000,28.00000,27.00000,27.50000,3630
2018-09-14,27.50000,28.00000,27.00000,28.00000,7750
2018-09-17,27.50000,28.00000,27.50000,27.50000,2530
2018-09-18,27.50000,28.00000,26.00000,26.50000,18190
2018-09-19,26.50000,27.50000,26.50000,27.50000,12120
2018-09-20,27.50000,27.50000,27.00000,27.00000,5150
2018-09-21,27.00000,28.00000,26.50000,27.50000,15360
2018-09-24,27.50000,28.00000,27.00000,27.50000,5800
2018-09-25,27.50000,28.00000,27.00000,27.50000,5780
2018-09-26,27.50000,27.50000,27.00000,27.00000,6020
2018-09-27,27.50000,28.00000,26.70000,27.00000,20900
2018-09-28,27.00000,27.50000,26.50000,26.50000,9220
2018-10-01,26.80000,27.50000,26.50000,27.10000,8530
2018-10-02,27.00000,27.60000,27.00000,27.50000,7390
2018-10-03,27.70000,28.50000,27.60000,28.10000,13760
2018-10-04,28.10000,29.00000,28.00000,28.40000,14130
2018-10-05,28.40000,29.00000,28.40000,28.90000,18290
2018-10-08,29.20000,30.50000,29.00000,29.40000,35230
2018-10-09,29.40000,29.70000,28.50000,28.70000,10010
2018-10-10,28.50000,29.20000,27.80000,27.90000,10430
2018-10-11,27.70000,28.40000,27.50000,28.00000,8330
2018-10-12,28.10000,28.30000,27.00000,27.40000,10370
2018-10-15,27.30000,28.70000,27.30000,28.50000,6360
2018-10-16,28.70000,29.00000,28.00000,28.70000,4590
2018-10-17,28.80000,29.10000,28.10000,28.80000,8350
2018-10-18,28.70000,28.80000,27.80000,28.10000,3000
2018-10-19,28.00000,28.40000,27.80000,28.00000,2980
2018-10-22,28.10000,28.20000,28.00000,28.00000,4090
2018-10-23,27.90000,28.80000,27.50000,28.50000,4930
2018-10-24,28.30000,28.50000,27.50000,27.90000,11870
2018-10-25,27.80000,28.50000,27.20000,28.00000,3480
2018-10-26,28.00000,28.40000,27.00000,27.30000,5700
2018-10-29,27.90000,28.00000,26.60000,27.00000,3210
2018-10-30,27.00000,27.00000,26.20000,26.60000,3340
2018-10-31,26.60000,26.80000,26.50000,26.70000,2520
2018-11-01,26.60000,27.60000,26.60000,27.60000,6960
2018-11-02,27.60000,28.00000,26.80000,27.60000,6940
2018-11-05,27.60000,28.40000,27.50000,27.70000,3690
2018-11-06,27.60000,28.00000,27.10000,27.50000,13880
2018-11-07,27.70000,28.10000,26.50000,26.70000,9500
2018-11-08,26.50000,27.20000,26.00000,26.20000,12590
2018-11-09,26.50000,26.90000,26.20000,26.50000,8200
2018-11-12,26.30000,26.70000,25.50000,25.70000,5180
2018-11-13,25.80000,26.30000,25.30000,25.30000,10930
2018-11-14,25.70000,26.10000,24.40000,24.70000,10620
2018-11-15,24.70000,25.60000,24.50000,24.90000,5580
2018-11-16,24.40000,25.30000,24.10000,24.10000,12280
2018-11-19,24.00000,24.30000,23.30000,23.50000,13330
2018-11-20,23.20000,23.50000,22.70000,23.00000,8320
2018-11-21,22.80000,23.50000,22.70000,23.10000,4240
2018-11-23,23.00000,23.50000,23.00000,23.40000,2720
2018-11-26,23.50000,23.50000,23.00000,23.00000,9280
2018-11-27,22.40000,23.70000,22.10000,23.50000,26930
2018-11-28,23.50000,23.90000,23.30000,23.60000,9970
2018-11-29,23.50000,24.20000,23.10000,23.30000,17900
2018-11-30,23.30000,23.60000,22.40000,22.40000,10900
2018-12-03,23.00000,23.50000,21.20000,22.00000,22860
2018-12-04,22.00000,22.40000,21.40000,21.90000,30550
2018-12-06,21.90000,22.40000,21.50000,21.80000,18130
2018-12-07,21.90000,22.50000,21.80000,21.80000,10980
2018-12-10,21.80000,22.40000,21.00000,21.20000,10890
2018-12-11,21.30000,21.40000,20.00000,20.70000,31590
2018-12-12,20.70000,21.60000,20.50000,20.60000,29980
2018-12-13,20.60000,21.40000,20.50000,20.70000,12250
2018-12-14,21.60000,22.40000,19.40000,19.40000,91900
2018-12-17,19.50000,19.90000,19.10000,19.30000,53320
2018-12-18,19.30000,19.30000,18.70000,19.00000,16820
2018-12-19,18.40000,19.50000,18.40000,19.20000,25860
2018-12-20,19.20000,20.40000,18.80000,20.20000,34210
2018-12-21,20.00000,20.70000,19.60000,20.60000,74410
2018-12-24,20.00000,20.40000,19.30000,19.70000,12000
2018-12-26,19.60000,20.80000,19.50000,20.80000,12890
2018-12-27,20.80000,21.60000,20.30000,21.10000,15740
2018-12-28,21.30000,21.40000,20.60000,21.30000,13090
2018-12-31,21.20000,21.60000,20.20000,21.10000,22880
2019-01-02,20.50000,22.00000,20.50000,21.00000,26180
2019-01-03,20.90000,21.30000,20.50000,21.10000,16860
2019-01-04,21.20000,22.10000,20.60000,22.00000,19350
2019-01-07,21.70000,22.90000,21.30000,21.70000,113870
2019-01-08,21.90000,22.00000,21.00000,21.90000,30610
2019-01-09,21.90000,23.70000,21.90000,23.50000,39950
2019-01-10,23.30000,24.50000,23.20000,24.30000,13640
2019-01-11,24.10000,24.20000,23.20000,23.40000,7850
2019-01-14,23.40000,23.80000,23.20000,23.40000,9670
2019-01-15,23.40000,24.90000,23.30000,24.70000,26060
2019-01-16,24.50000,26.50000,24.20000,25.50000,29630
2019-01-17,25.50000,26.10000,24.90000,25.70000,21870
2019-01-18,25.70000,26.10000,25.00000,25.10000,6060
2019-01-22,24.70000,25.20000,24.10000,24.30000,23210
2019-01-23,24.50000,26.00000,24.50000,25.40000,12890
2019-01-24,25.30000,25.80000,25.20000,25.70000,9740
2019-01-25,25.50000,27.00000,25.10000,26.80000,16330
2019-01-28,26.80000,29.50000,26.00000,28.80000,24360
2019-01-29,28.50000,28.60000,27.30000,27.30000,27100
2019-01-30,27.30000,27.80000,26.60000,26.70000,21170
2019-01-31,27.40000,27.50000,26.60000,27.30000,13030
2019-02-01,27.20000,28.40000,26.80000,27.30000,30260
2019-02-04,27.20000,27.20000,26.40000,26.80000,7180
2019-02-05,26.50000,27.10000,26.50000,26.90000,17640
2019-02-06,27.80000,28.10000,26.70000,26.70000,32070
2019-02-07,27.00000,27.50000,26.60000,27.00000,16090
2019-02-08,27.40000,27.50000,26.40000,26.80000,5510
2019-02-11,26.60000,26.80000,26.00000,26.50000,7660
2019-02-12,26.50000,27.30000,26.00000,26.60000,9330
2019-02-13,26.60000,26.90000,26.10000,26.50000,8180
2019-02-14,26.60000,26.80000,26.20000,26.30000,10070
2019-02-15,26.40000,26.90000,26.10000,26.10000,11770
2019-02-19,26.10000,26.80000,25.90000,26.40000,4930
2019-02-20,26.20000,26.80000,26.00000,26.00000,6650
2019-02-21,26.90000,27.20000,26.30000,26.80000,27820
2019-02-22,27.00000,28.90000,27.00000,28.80000,32130
2019-02-25,28.70000,29.40000,28.40000,29.10000,28430
2019-02-26,29.00000,29.90000,28.70000,29.60000,15360
2019-02-27,29.60000,31.00000,29.60000,29.90000,36500
2019-02-28,30.00000,31.60000,30.00000,30.50000,22040
2019-03-01,30.50000,31.80000,30.50000,31.50000,20200
2019-03-04,31.80000,32.00000,30.20000,31.20000,44250
2019-03-05,31.50000,33.20000,30.80000,32.20000,48140
2019-03-06,32.20000,32.50000,31.70000,31.80000,14630
2019-03-07,31.70000,34.90000,31.30000,34.10000,34470
2019-03-08,33.90000,34.00000,32.20000,33.40000,24950
2019-03-11,34.10000,35.70000,33.40000,34.90000,23170
2019-03-12,34.50000,36.90000,34.50000,35.90000,86500
2019-03-13,36.00000,36.50000,35.30000,35.60000,33270
2019-03-14,35.50000,35.60000,33.10000,34.70000,41200
2019-03-15,34.50000,36.30000,34.20000,35.50000,34770
2019-03-18,35.50000,36.50000,34.60000,34.80000,61740
2019-03-19,34.90000,35.50000,34.50000,34.90000,53220
2019-03-20,34.70000,35.80000,34.50000,35.60000,25380
2019-03-21,35.50000,35.50000,33.50000,33.70000,21570
2019-03-22,33.40000,34.20000,32.70000,33.30000,14400
2019-03-25,32.80000,33.40000,31.00000,31.40000,20730
2019-03-26,31.90000,32.60000,31.30000,31.60000,20080
2019-03-27,31.50000,32.00000,30.80000,31.10000,12030
2019-03-28,30.90000,32.30000,30.90000,31.90000,32080
2019-03-29,31.90000,33.00000,31.90000,33.00000,35480
2019-04-01,33.10000,34.40000,33.10000,33.90000,23860
2019-04-02,33.90000,34.90000,33.50000,34.50000,20550
2019-04-03,34.60000,35.00000,33.90000,34.40000,19820
2019-04-04,34.40000,34.70000,33.10000,33.30000,25200
2019-04-05,33.30000,33.90000,31.50000,32.00000,20230
2019-04-08,31.80000,32.30000,30.70000,31.20000,21800
2019-04-09,31.00000,32.00000,31.00000,31.60000,9170
2019-04-10,31.40000,32.20000,31.10000,31.40000,7480
2019-04-11,31.00000,31.50000,30.60000,30.70000,17440
2019-04-12,30.70000,31.60000,30.70000,30.90000,10330
2019-04-15,31.10000,31.60000,30.30000,30.50000,12780
2019-04-16,30.60000,30.90000,30.10000,30.80000,9290
2019-04-17,30.70000,30.90000,29.60000,30.60000,11460
2019-04-18,30.80000,31.20000,30.10000,30.60000,9790
2019-04-22,30.80000,31.30000,30.80000,31.00000,7410
2019-04-23,30.90000,31.90000,30.10000,31.40000,17090
2019-04-24,30.90000,31.50000,29.60000,29.80000,24040
2019-04-25,29.90000,30.40000,29.10000,29.30000,9830
2019-04-26,29.30000,30.90000,29.10000,30.40000,16480
2019-04-29,30.10000,30.30000,27.80000,28.20000,19470
2019-04-30,27.90000,28.60000,27.60000,28.00000,14070
2019-05-01,28.10000,28.90000,27.70000,28.10000,12920
2019-05-02,28.20000,28.50000,27.30000,27.60000,25000
2019-05-03,27.80000,28.60000,27.00000,27.40000,25240
2019-05-06,27.00000,28.20000,27.00000,27.30000,15790
2019-05-07,27.40000,27.80000,26.80000,27.60000,28280
2019-05-08,27.20000,27.20000,26.00000,26.20000,14740
2019-05-09,26.10000,26.20000,24.90000,25.40000,28590
2019-05-10,25.20000,27.00000,25.20000,26.50000,14640
2019-05-13,26.20000,26.60000,25.30000,26.40000,20840
2019-05-14,26.40000,28.60000,25.60000,28.20000,13810
2019-05-15,28.20000,31.00000,27.50000,30.80000,21210
2019-05-16,30.90000,31.20000,30.20000,30.70000,23120
2019-05-17,30.70000,31.10000,30.20000,30.20000,20870
2019-05-20,30.20000,31.30000,29.60000,31.20000,14620
2019-05-21,31.30000,32.10000,30.50000,30.70000,15720
2019-05-22,30.10000,31.00000,29.20000,29.70000,15910
2019-05-23,29.40000,29.70000,28.00000,29.10000,36360
2019-05-24,29.10000,29.90000,29.10000,29.30000,15400
2019-05-28,28.90000,29.10000,27.60000,27.90000,23460
2019-05-29,27.80000,28.10000,25.90000,26.10000,23170
2019-05-30,26.10000,27.40000,25.50000,25.70000,15410
2019-05-31,25.70000,25.80000,24.80000,25.20000,20150
2019-06-03,25.00000,25.00000,23.20000,24.00000,30230
2019-06-04,23.90000,24.20000,23.30000,23.60000,35710
2019-06-05,23.70000,24.10000,22.60000,23.10000,28590
2019-06-06,22.90000,24.40000,22.70000,23.50000,66930
2019-06-07,23.10000,23.80000,23.00000,23.50000,25950
2019-06-10,23.50000,23.90000,22.50000,22.60000,23640
2019-06-11,22.90000,23.70000,22.80000,23.00000,32520
2019-06-12,22.80000,23.10000,22.10000,22.80000,20460
2019-06-13,22.60000,23.40000,22.60000,22.60000,16720
2019-06-14,22.60000,22.80000,22.20000,22.50000,13760
2019-06-17,22.30000,22.50000,21.30000,21.50000,34500
2019-06-18,21.70000,22.30000,21.70000,21.90000,43500
2019-06-19,21.90000,23.50000,21.70000,23.30000,22350
2019-06-20,23.40000,23.50000,21.60000,21.80000,30010
2019-06-21,22.00000,23.00000,21.60000,22.60000,11880
2019-06-24,22.60000,23.00000,22.00000,22.00000,29450
2019-06-25,22.50000,23.30000,22.50000,22.80000,20440
2019-06-26,22.80000,23.00000,21.20000,21.70000,50950
2019-06-27,21.70000,22.90000,21.50000,22.40000,35640
2019-06-28,22.80000,23.10000,22.20000,22.40000,588810
2019-07-01,22.40000,22.80000,22.30000,22.40000,23160
2019-07-02,22.40000,22.60000,22.20000,22.40000,23480
2019-07-03,22.50000,22.70000,22.10000,22.40000,8220
2019-07-05,22.50000,22.50000,21.80000,22.00000,16740
2019-07-08,22.00000,22.10000,21.30000,21.40000,23900
2019-07-09,21.40000,21.80000,21.00000,21.70000,16120
2019-07-10,21.70000,22.40000,21.30000,22.00000,11490
2019-07-11,21.90000,22.10000,21.40000,21.80000,9420
2019-07-12,21.80000,21.90000,21.20000,21.80000,14760
2019-07-15,22.00000,22.20000,21.40000,21.60000,26570
2019-07-16,21.50000,21.90000,20.60000,20.60000,23970
2019-07-17,20.70000,21.50000,19.80000,19.80000,43600
2019-07-18,19.80000,20.20000,19.40000,19.70000,23320
2019-07-19,19.60000,20.00000,19.20000,19.50000,30420
2019-07-22,19.70000,20.30000,19.50000,19.80000,20820
2019-07-23,20.00000,20.00000,19.40000,19.50000,6200
2019-07-24,19.60000,21.00000,19.20000,20.90000,168690
2019-07-25,20.90000,20.90000,19.60000,19.90000,11970
2019-07-26,19.80000,20.80000,19.70000,20.60000,14210
2019-07-29,20.80000,20.90000,20.20000,20.50000,6860
2019-07-30,20.50000,22.20000,20.50000,22.10000,25370
2019-07-31,22.10000,22.40000,21.40000,21.70000,17930
2019-08-01,21.70000,22.20000,20.50000,20.70000,27510
2019-08-02,20.70000,21.30000,20.20000,21.10000,9440
2019-08-05,20.70000,21.00000,20.00000,20.20000,17280
2019-08-06,20.40000,20.70000,19.70000,20.50000,14070
2019-08-07,20.20000,20.70000,20.00000,20.50000,6630
2019-08-08,20.40000,21.00000,20.30000,20.60000,11620
2019-08-09,20.90000,21.50000,20.30000,20.90000,16610
2019-08-12,21.00000,21.90000,20.70000,21.70000,122890
2019-08-13,21.60000,23.40000,21.60000,22.60000,40540
2019-08-14,22.40000,22.40000,20.50000,20.50000,17030
2019-08-15,20.70000,21.00000,19.50000,20.30000,18510
2019-08-16,20.30000,20.50000,19.80000,20.20000,24500
2019-08-19,20.40000,20.50000,19.70000,19.90000,15620
2019-08-20,19.80000,19.90000,19.30000,19.40000,16370
2019-08-21,19.60000,20.10000,19.30000,19.30000,28680
2019-08-22,19.30000,20.10000,19.10000,19.10000,23170
2019-08-23,19.20000,19.40000,18.00000,18.30000,32400
2019-08-26,18.80000,19.10000,18.30000,18.40000,19210
2019-08-27,18.50000,18.60000,17.80000,17.90000,14890
2019-08-28,17.90000,18.10000,17.80000,17.90000,17790
2019-08-29,18.00000,18.30000,17.90000,18.00000,26090
2019-08-30,18.00000,18.10000,17.70000,17.80000,16620
2019-09-03,18.00000,18.20000,17.80000,17.90000,15030
2019-09-04,18.50000,18.70000,17.90000,18.00000,13710
2019-09-05,18.20000,18.50000,17.80000,17.90000,24790
2019-09-06,18.10000,18.80000,17.90000,18.70000,8890
2019-09-09,18.70000,19.60000,18.30000,19.30000,21930
2019-09-10,19.30000,19.80000,19.10000,19.60000,27130
2019-09-11,19.60000,20.30000,19.30000,20.10000,31230
2019-09-12,20.00000,20.80000,19.60000,20.60000,25880
2019-09-13,20.70000,21.50000,20.40000,21.40000,13190
2019-09-16,21.40000,22.40000,21.40000,21.90000,16360
2019-09-17,21.70000,22.30000,21.20000,22.10000,13890
2019-09-18,21.90000,22.30000,21.90000,22.10000,22270
2019-09-19,22.30000,22.30000,21.00000,21.80000,15610
2019-09-20,22.00000,22.00000,20.70000,21.10000,28290
2019-09-23,20.80000,21.00000,20.50000,20.80000,30920
2019-09-24,20.90000,21.10000,20.00000,20.40000,27230
2019-09-25,20.30000,20.80000,20.20000,20.80000,12700
2019-09-26,20.70000,20.80000,20.50000,20.60000,5840
2019-09-27,20.80000,20.90000,20.10000,20.10000,6850
2019-09-30,20.30000,20.60000,20.30000,20.40000,4830
2019-10-01,20.50000,21.20000,20.00000,20.10000,10850
2019-10-02,19.80000,20.50000,19.80000,20.20000,6940
2019-10-03,20.00000,20.20000,19.70000,20.00000,7000
2019-10-04,20.00000,20.10000,19.80000,20.00000,4680
2019-10-07,20.00000,20.30000,19.80000,19.90000,5150
2019-10-08,19.60000,19.90000,19.40000,19.90000,11560
2019-10-09,20.00000,20.30000,19.20000,19.20000,7010
2019-10-10,19.40000,19.70000,19.10000,19.50000,6350
2019-10-11,19.70000,20.30000,19.60000,19.90000,8910
2019-10-14,19.70000,20.10000,19.40000,19.80000,9200
2019-10-15,19.60000,20.20000,19.50000,19.50000,10710
2019-10-16,19.60000,19.70000,18.00000,18.60000,78670
2019-10-17,18.70000,18.80000,18.40000,18.50000,12490
2019-10-18,18.40000,18.80000,18.30000,18.40000,7320
2019-10-21,18.50000,18.70000,18.40000,18.40000,7330
2019-10-22,18.50000,18.50000,18.10000,18.30000,11580
2019-10-23,18.20000,19.00000,17.90000,18.30000,33740
2019-10-24,18.30000,18.30000,17.80000,17.90000,12880
2019-10-25,18.10000,18.20000,17.60000,17.70000,16730
2019-10-28,17.80000,18.20000,17.80000,18.10000,6140
2019-10-29,17.80000,18.30000,17.80000,18.20000,8810
2019-10-30,18.20000,18.50000,18.00000,18.10000,7610
2019-10-31,18.00000,18.20000,17.80000,18.10000,9410
2019-11-01,18.30000,18.50000,18.10000,18.50000,6870
2019-11-04,18.50000,18.80000,18.20000,18.50000,14140
2019-11-05,17.80000,18.30000,17.80000,18.30000,13680
2019-11-06,18.30000,18.40000,17.90000,17.90000,10400
2019-11-07,18.00000,18.10000,17.80000,17.90000,13460
2019-11-08,17.80000,18.20000,17.80000,18.20000,2170
2019-11-11,18.30000,18.70000,18.10000,18.70000,6580
2019-11-12,18.50000,18.70000,18.30000,18.60000,7670
2019-11-13,18.40000,18.60000,18.40000,18.60000,5850
2019-11-14,18.60000,18.70000,18.30000,18.40000,4450
2019-11-15,18.60000,18.70000,18.00000,18.60000,11770
2019-11-18,18.50000,18.60000,18.20000,18.40000,11420
2019-11-19,18.50000,18.50000,18.00000,18.10000,7780
2019-11-20,18.00000,18.40000,17.90000,17.90000,14250
2019-11-21,18.00000,18.10000,17.70000,17.90000,7750
2019-11-22,18.10000,18.50000,17.80000,18.40000,8240
2019-11-25,17.90000,18.70000,17.90000,18.60000,12610
2019-11-26,18.50000,18.60000,18.30000,18.40000,12570
2019-11-27,18.50000,18.60000,18.10000,18.50000,6590
2019-11-29,18.50000,19.60000,18.50000,19.40000,10420
2019-12-02,19.30000,19.40000,18.70000,18.80000,11740
2019-12-03,18.50000,18.50000,18.00000,18.00000,11700
2019-12-04,18.20000,18.40000,17.80000,18.10000,15490
2019-12-05,18.10000,18.60000,18.10000,18.30000,6880
2019-12-06,18.60000,18.70000,18.30000,18.60000,13890
2019-12-09,18.60000,19.00000,18.60000,19.00000,12640
2019-12-10,19.00000,19.20000,18.60000,18.80000,6920
2019-12-11,19.00000,19.00000,18.50000,18.90000,10290
2019-12-12,18.60000,18.60000,17.20000,17.30000,32990
2019-12-13,17.20000,17.30000,15.30000,16.20000,41920
2019-12-16,16.10000,16.20000,15.60000,15.70000,20560
2019-12-17,15.60000,15.80000,14.90000,15.00000,43290
2019-12-18,15.60000,15.80000,14.20000,14.30000,28440
2019-12-19,14.80000,14.90000,12.70000,12.80000,80090
2019-12-20,13.10000,13.10000,12.00000,12.20000,132900
2019-12-23,12.60000,14.60000,12.60000,14.30000,48800
2019-12-24,14.80000,15.50000,14.80000,15.00000,22920
2019-12-26,15.40000,15.50000,14.30000,14.40000,11590
2019-12-27,14.00000,14.10000,13.80000,13.90000,15010
2019-12-30,14.00000,14.10000,13.10000,13.20000,24050
2019-12-31,13.20000,14.50000,13.20000,14.20000,32470
2020-01-02,14.20000,14.90000,14.20000,14.60000,14280
2020-01-03,14.60000,15.00000,14.40000,14.50000,18130
2020-01-06,14.20000,14.80000,14.10000,14.20000,38150
2020-01-07,14.20000,14.50000,13.80000,14.30000,23640
2020-01-08,14.40000,14.40000,13.70000,13.70000,17350
2020-01-09,13.50000,13.90000,12.80000,12.90000,19660
2020-01-10,12.80000,13.00000,12.60000,12.60000,14570
2020-01-13,12.70000,12.70000,12.20000,12.20000,13530
2020-01-14,12.60000,12.70000,12.50000,12.50000,13290
2020-01-15,13.30000,13.50000,12.70000,13.10000,26960
2020-01-16,13.20000,13.60000,13.00000,13.30000,21690
2020-01-17,13.40000,13.50000,12.80000,13.00000,19960
2020-01-21,12.50000,12.90000,12.50000,12.80000,13720
2020-01-22,13.10000,13.10000,11.80000,11.80000,28910
2020-01-23,11.90000,12.10000,11.80000,12.00000,21870
2020-01-24,12.40000,12.70000,11.80000,12.50000,15440
2020-01-27,12.90000,13.30000,12.60000,12.90000,15710
2020-01-28,12.90000,12.90000,12.50000,12.60000,17990
2020-01-29,23.70000,30.90000,20.10000,21.00000,3997950
2020-01-30,20.20000,20.40000,19.00000,20.10000,265550
2020-01-31,19.50000,21.20000,19.50000,21.10000,132250
2020-02-03,21.00000,23.20000,20.80000,21.80000,147170
2020-02-04,21.70000,22.30000,21.10000,21.20000,75050
2020-02-05,21.20000,22.50000,21.00000,21.90000,118910
2020-02-06,22.10000,22.10000,18.50000,19.50000,114780
2020-02-07,19.50000,19.70000,18.60000,19.10000,22990
2020-02-10,19.10000,19.30000,17.50000,18.20000,54690
2020-02-11,17.60000,17.90000,16.40000,16.60000,72360
2020-02-12,16.20000,17.20000,16.20000,17.00000,48210
2020-02-13,17.00000,17.50000,16.30000,16.50000,32980
2020-02-14,16.00000,16.80000,15.60000,15.70000,32860
2020-02-18,15.10000,16.50000,15.10000,15.80000,41860
2020-02-19,15.90000,16.70000,15.90000,16.50000,29770
2020-02-20,16.50000,17.10000,16.10000,17.10000,32890
2020-02-21,16.90000,17.60000,16.80000,17.30000,28200
2020-02-24,17.30000,17.30000,16.40000,16.50000,25850
2020-02-25,16.30000,16.50000,15.60000,15.70000,19940
2020-02-26,15.70000,15.70000,14.30000,14.50000,26820
2020-02-27,14.50000,15.30000,14.00000,14.30000,33130
2020-02-28,14.00000,15.20000,14.00000,15.00000,41060
2020-03-02,14.50000,15.60000,14.20000,15.10000,31630
2020-03-03,15.10000,15.90000,14.20000,14.70000,25060
2020-03-04,15.00000,15.20000,14.30000,15.00000,38750
2020-03-05,14.90000,15.10000,14.30000,14.50000,21630
2020-03-06,14.30000,15.10000,13.90000,14.90000,36920
2020-03-09,14.60000,14.60000,12.20000,12.50000,48610
2020-03-10,12.60000,12.90000,11.20000,11.60000,35730
2020-03-11,11.60000,11.60000,11.00000,11.10000,21470
2020-03-12,11.00000,11.00000,10.00000,10.10000,41430
2020-03-13,10.70000,12.00000,10.10000,10.10000,59950
2020-03-16,9.30000,10.60000,9.30000,10.20000,43390
2020-03-17,10.60000,12.70000,10.10000,11.80000,47420
2020-03-18,11.20000,11.40000,9.60000,10.40000,66720
2020-03-19,10.20000,10.80000,10.00000,10.60000,32100
2020-03-20,10.50000,10.60000,10.00000,10.00000,55220
2020-03-23,10.10000,10.10000,8.50000,9.10000,44100
2020-03-24,9.10000,10.00000,9.00000,10.00000,30920
2020-03-25,10.00000,11.20000,9.70000,10.90000,33380
2020-03-26,10.90000,13.00000,10.10000,13.00000,55580
2020-03-27,11.90000,12.50000,11.10000,11.30000,28150
2020-03-30,11.40000,11.50000,9.50000,10.10000,26060
2020-03-31,9.60000,10.00000,9.50000,9.80000,34840
2020-04-01,9.50000,9.80000,8.80000,9.00000,41720
2020-04-02,9.00000,9.00000,8.60000,8.70000,27760
2020-04-03,9.50000,9.90000,7.50000,8.20000,32320
2020-04-06,8.50000,9.40000,8.50000,9.10000,12290
2020-04-07,9.20000,9.80000,8.30000,8.60000,34880
2020-04-08,8.60000,9.00000,8.30000,8.80000,35010
2020-04-09,9.10000,9.30000,8.40000,8.80000,51790
2020-04-13,8.80000,9.80000,8.50000,9.20000,22270
2020-04-14,9.20000,9.50000,8.70000,9.10000,10140
2020-04-15,9.00000,9.00000,8.30000,8.40000,28360
2020-04-16,8.40000,8.40000,7.50000,8.00000,21680
2020-04-17,8.10000,8.40000,8.10000,8.30000,9900
2020-04-20,8.10000,8.20000,7.60000,7.70000,19590
2020-04-21,7.70000,8.10000,7.40000,7.80000,19170
2020-04-22,8.40000,8.40000,7.90000,8.30000,17280
2020-04-23,8.10000,8.20000,7.90000,7.90000,15470
2020-04-24,7.80000,8.20000,7.50000,7.80000,19500
2020-04-27,8.00000,8.40000,7.70000,7.90000,36900
2020-04-28,8.30000,8.30000,8.00000,8.20000,41260
2020-04-29,8.50000,9.00000,8.30000,8.90000,39450
2020-04-30,8.40000,9.50000,8.30000,9.20000,40930
2020-05-01,9.00000,9.00000,8.30000,8.70000,30340
2020-05-04,8.80000,8.80000,8.10000,8.50000,20510
2020-05-05,8.80000,8.80000,7.80000,7.90000,20580
2020-05-06,8.30000,8.30000,7.60000,7.60000,21050
2020-05-07,7.90000,8.20000,7.70000,7.70000,46180
2020-05-08,7.80000,7.90000,7.50000,7.70000,33450
2020-05-11,7.50000,7.70000,7.30000,7.40000,51810
2020-05-12,7.40000,7.50000,7.20000,7.20000,35020
2020-05-13,7.10000,7.90000,7.10000,7.80000,80810
2020-05-14,7.60000,7.70000,7.10000,7.60000,52570
2020-05-15,7.60000,7.70000,7.30000,7.50000,32840
2020-05-18,7.70000,8.90000,7.50000,8.90000,65380
2020-05-19,8.80000,9.30000,8.10000,9.00000,31500
2020-05-20,9.20000,9.80000,8.80000,9.60000,42510
2020-05-21,9.60000,10.10000,9.40000,10.00000,20180
2020-05-22,10.00000,10.80000,10.00000,10.60000,17060
2020-05-26,11.00000,12.50000,10.70000,11.50000,39270
2020-05-27,12.00000,12.50000,11.20000,12.10000,50780
2020-05-28,12.50000,12.80000,12.00000,12.40000,19150
2020-05-29,12.40000,12.40000,11.00000,11.10000,26110
2020-06-01,11.20000,11.60000,11.10000,11.20000,14150
2020-06-02,11.50000,11.70000,10.00000,10.60000,27180
2020-06-03,11.00000,11.30000,10.40000,10.50000,21180
2020-06-04,10.50000,11.20000,10.30000,10.90000,44340
2020-06-05,11.10000,12.30000,11.00000,12.10000,83130
2020-06-08,12.00000,14.40000,11.90000,13.50000,43560
2020-06-09,13.40000,14.10000,12.30000,12.50000,23750
2020-06-10,12.50000,12.80000,11.20000,12.70000,30810
2020-06-11,12.00000,12.10000,11.80000,12.10000,16010
2020-06-12,12.30000,12.60000,10.80000,11.50000,40100
2020-06-15,11.00000,11.80000,11.00000,11.70000,19380
2020-06-16,12.00000,12.20000,11.00000,11.00000,25530
2020-06-17,11.10000,11.60000,10.80000,11.50000,38240
2020-06-18,11.50000,12.50000,9.50000,11.80000,92930
2020-06-19,11.50000,12.80000,11.00000,11.20000,64830
2020-06-22,11.10000,11.20000,10.00000,10.20000,62740
2020-06-23,10.40000,10.80000,10.10000,10.50000,57920
2020-06-24,10.20000,10.20000,9.30000,9.70000,105180
2020-06-25,9.50000,10.10000,9.00000,9.60000,116310
2020-06-26,9.10000,10.10000,9.00000,9.70000,532010
2020-06-29,9.60000,10.10000,9.50000,9.70000,67420
2020-06-30,9.50000,9.90000,9.30000,9.80000,17100
2020-07-01,9.70000,10.00000,9.50000,9.70000,23510
2020-07-02,9.70000,10.00000,9.70000,9.90000,11170
2020-07-06,9.80000,10.20000,9.50000,9.90000,31380
2020-07-07,9.70000,10.10000,9.50000,9.90000,18790
2020-07-08,9.70000,9.90000,9.40000,9.40000,43360
2020-07-09,9.50000,9.50000,9.00000,9.10000,17000
2020-07-10,9.10000,9.20000,8.90000,9.00000,36120
2020-07-13,9.20000,9.30000,9.00000,9.00000,17570
2020-07-14,9.20000,9.30000,8.80000,9.00000,11460
2020-07-15,9.00000,9.30000,8.60000,8.90000,34260
2020-07-16,8.90000,9.50000,8.90000,9.20000,18730
2020-07-17,9.00000,9.60000,9.00000,9.40000,7350
2020-07-20,9.50000,9.50000,9.00000,9.10000,11920
2020-07-21,9.60000,9.60000,9.30000,9.40000,16720
2020-07-22,9.60000,9.60000,9.00000,9.10000,41940
2020-07-23,9.20000,9.40000,8.90000,9.00000,18140
2020-07-24,8.90000,9.20000,8.70000,8.80000,31210
2020-07-27,8.90000,9.20000,8.60000,8.60000,13580
2020-07-28,8.50000,8.90000,8.50000,8.80000,21500
2020-07-29,8.70000,8.90000,8.70000,8.80000,10420
2020-07-30,8.80000,8.90000,8.50000,8.80000,21080
2020-07-31,8.70000,8.80000,8.60000,8.60000,9650
2020-08-03,8.60000,8.70000,8.60000,8.60000,12290
2020-08-04,8.60000,8.70000,8.30000,8.40000,24210
2020-08-05,8.50000,8.90000,8.40000,8.80000,17590
2020-08-06,9.50000,10.60000,9.20000,10.00000,65590
2020-08-07,9.40000,9.90000,9.20000,9.50000,19810
2020-08-10,9.40000,9.70000,9.10000,9.50000,24120
2020-08-11,9.70000,9.90000,9.20000,9.30000,50740
2020-08-12,9.80000,9.90000,9.10000,9.80000,14550
2020-08-13,9.90000,10.10000,9.30000,9.60000,19840
2020-08-14,9.60000,10.00000,9.40000,10.00000,12800
2020-08-17,10.00000,10.20000,9.70000,10.10000,13530
2020-08-18,10.10000,10.10000,9.60000,9.60000,8810
2020-08-19,9.70000,10.10000,9.60000,10.10000,9810
2020-08-20,10.00000,10.10000,9.50000,9.70000,9960
2020-08-21,9.50000,9.70000,9.20000,9.30000,17740
2020-08-24,9.20000,9.40000,8.60000,8.90000,20970
2020-08-25,9.00000,9.20000,8.80000,8.90000,9020
2020-08-26,8.90000,9.20000,8.60000,9.00000,7950
2020-08-27,9.00000,9.20000,8.90000,9.00000,6430
2020-08-28,9.00000,9.00000,8.90000,9.00000,11340
2020-08-31,9.00000,9.00000,8.70000,8.80000,9840
2020-09-01,9.00000,9.00000,8.70000,8.80000,4030
2020-09-02,8.90000,9.00000,8.50000,8.60000,14200
2020-09-03,8.50000,8.80000,8.10000,8.40000,13880
2020-09-04,8.50000,8.90000,8.00000,8.30000,15920
2020-09-08,8.50000,8.80000,8.30000,8.40000,4110
2020-09-09,8.40000,8.70000,8.20000,8.30000,5600
2020-09-10,8.30000,8.70000,8.30000,8.60000,9330
2020-09-11,8.40000,8.70000,8.40000,8.60000,11180
2020-09-14,8.40000,8.70000,8.40000,8.50000,3900
2020-09-15,8.50000,8.70000,8.50000,8.50000,4660
2020-09-16,8.60000,8.80000,8.50000,8.70000,3710
2020-09-17,8.50000,9.00000,8.50000,8.90000,10890
2020-09-18,8.90000,9.00000,8.60000,8.70000,8220
2020-09-21,8.70000,8.70000,8.10000,8.30000,11560
2020-09-22,8.50000,8.50000,8.00000,8.00000,10020
2020-09-23,8.00000,8.40000,7.60000,7.80000,12960
2020-09-24,7.70000,8.20000,7.60000,8.00000,12710
2020-09-25,7.90000,8.30000,7.90000,8.20000,10100
2020-09-28,8.20000,8.70000,8.20000,8.50000,5260
2020-09-29,8.30000,8.60000,8.10000,8.30000,12940
2020-09-30,8.40000,8.60000,8.30000,8.40000,13390
2020-10-01,8.70000,8.80000,8.40000,8.50000,4950
2020-10-02,8.50000,9.00000,8.50000,8.90000,5640
2020-10-05,8.70000,9.00000,8.50000,8.80000,12420
2020-10-06,8.80000,9.00000,8.80000,8.80000,11750
2020-10-07,8.70000,9.20000,8.60000,9.00000,16280
2020-10-08,9.10000,9.20000,9.00000,9.10000,9580
2020-10-09,9.10000,9.20000,8.80000,9.00000,2450
2020-10-12,8.90000,9.30000,8.70000,8.80000,5110
2020-10-13,8.80000,9.20000,8.60000,8.80000,4000
2020-10-14,8.80000,9.00000,8.70000,8.70000,5050
2020-10-15,8.90000,9.00000,8.60000,8.90000,4490
2020-10-16,8.70000,9.00000,8.70000,8.70000,13180
2020-10-19,8.60000,9.10000,8.60000,8.80000,12150
2020-10-20,8.70000,9.00000,8.70000,8.80000,6980
2020-10-21,8.70000,9.40000,8.70000,9.20000,74440
2020-10-22,8.80000,9.30000,8.80000,9.20000,17500
2020-10-23,9.10000,9.30000,9.10000,9.20000,8060
2020-10-26,9.10000,9.20000,8.00000,8.30000,37930
2020-10-27,8.60000,8.60000,8.20000,8.20000,12280
2020-10-28,8.20000,8.20000,7.70000,7.90000,11380
2020-10-29,8.00000,8.10000,7.80000,7.90000,12230
2020-10-30,8.10000,8.10000,7.80000,7.80000,25430
2020-11-02,7.90000,8.10000,7.80000,8.00000,7720
2020-11-03,8.40000,8.60000,8.10000,8.60000,11350
2020-11-04,8.50000,8.50000,7.90000,8.00000,11000
2020-11-05,8.00000,8.60000,8.00000,8.50000,15990
2020-11-06,8.50000,8.50000,8.20000,8.30000,4360
2020-11-09,8.90000,9.00000,8.30000,8.60000,30520
2020-11-10,8.60000,9.10000,8.40000,9.00000,10680
2020-11-11,8.90000,9.40000,8.90000,9.30000,7050
2020-11-12,9.30000,9.40000,9.20000,9.30000,6020
2020-11-13,9.10000,9.30000,9.00000,9.10000,9410
2020-11-16,9.00000,9.40000,9.00000,9.20000,17620
2020-11-17,9.30000,9.50000,9.00000,9.30000,30940
2020-11-18,9.30000,9.80000,9.30000,9.70000,43390
2020-11-19,9.80000,10.00000,9.40000,9.50000,51490
2020-11-20,9.80000,10.10000,9.50000,9.80000,43720
2020-11-23,10.00000,10.20000,9.80000,10.00000,14870
2020-11-24,9.80000,10.30000,9.80000,10.20000,40760
2020-11-25,10.10000,10.40000,9.90000,10.30000,27450
2020-11-27,10.40000,10.50000,10.00000,10.00000,33950
2020-11-30,10.30000,10.80000,10.20000,10.60000,34200
2020-12-01,11.00000,11.40000,10.80000,11.00000,24790
2020-12-02,11.30000,11.50000,11.00000,11.30000,19440
2020-12-03,11.50000,11.50000,11.10000,11.10000,17100
2020-12-04,11.20000,11.80000,11.10000,11.60000,21710
2020-12-07,11.70000,11.90000,11.10000,11.50000,21890
2020-12-08,11.30000,11.80000,11.10000,11.10000,25940
2020-12-09,11.30000,11.70000,10.90000,11.60000,40190
2020-12-10,12.60000,12.70000,10.20000,10.40000,162360
2020-12-11,11.10000,11.80000,10.70000,11.20000,76020
2020-12-14,11.50000,11.80000,11.00000,11.80000,39450
2020-12-15,12.00000,12.30000,11.50000,11.90000,51890
2020-12-16,12.10000,12.20000,11.50000,11.60000,29870
2020-12-17,11.60000,11.90000,11.10000,11.30000,26450
2020-12-18,11.10000,11.80000,11.10000,11.30000,35760
2020-12-21,11.70000,11.90000,11.50000,11.90000,27140
2020-12-22,11.90000,12.00000,11.50000,11.80000,18190
2020-12-23,11.80000,12.00000,11.80000,11.90000,17190
2020-12-24,11.90000,11.90000,11.50000,11.80000,3560
2020-12-28,11.80000,12.60000,11.80000,12.50000,26730
2020-12-29,12.60000,12.60000,12.10000,12.30000,15070
2020-12-30,12.40000,12.60000,12.30000,12.40000,13240
2020-12-31,12.60000,13.60000,12.40000,12.60000,66830
2021-01-04,13.10000,13.30000,12.30000,12.60000,15830
2021-01-05,12.50000,13.90000,12.50000,13.90000,24760
2021-01-06,13.30000,14.20000,13.20000,13.20000,20680
2021-01-07,13.00000,14.10000,13.00000,13.90000,22010
2021-01-08,14.00000,14.30000,13.60000,13.60000,13170
2021-01-11,13.80000,14.40000,13.50000,14.30000,11370
2021-01-12,14.50000,15.00000,14.00000,14.30000,25760
2021-01-13,14.30000,14.70000,14.10000,14.10000,10600
2021-01-14,14.40000,14.50000,14.20000,14.20000,10710
2021-01-15,14.20000,14.20000,14.00000,14.00000,16420
2021-01-19,14.00000,14.40000,13.80000,14.20000,18010
2021-01-20,14.40000,14.50000,13.70000,13.90000,13300
2021-01-21,14.30000,14.40000,13.90000,14.10000,22250
2021-01-22,14.00000,14.30000,13.50000,13.70000,18000
2021-01-25,13.70000,14.00000,13.40000,13.60000,27640
2021-01-26,13.60000,14.00000,13.30000,13.70000,22030
2021-01-27,13.70000,13.90000,13.20000,13.30000,19590
2021-01-28,13.30000,13.90000,13.20000,13.60000,10690
2021-01-29,13.60000,14.40000,13.60000,14.00000,17170
2021-02-01,14.00000,21.00000,14.00000,14.50000,427360
2021-02-02,15.10000,16.20000,14.80000,15.90000,67830
2021-02-03,16.70000,16.90000,15.30000,16.10000,58170
2021-02-04,17.50000,19.90000,17.10000,18.60000,178410
2021-02-05,19.00000,19.70000,17.60000,18.90000,80220
2021-02-08,19.60000,20.50000,19.00000,19.20000,95290
2021-02-09,19.30000,20.80000,18.60000,19.00000,77900
2021-02-10,19.00000,20.70000,19.00000,20.50000,82510
2021-02-11,20.50000,24.80000,20.50000,22.80000,262130
2021-02-12,22.70000,23.60000,21.90000,22.60000,72110
2021-02-16,22.20000,23.20000,21.80000,23.20000,75390
2021-02-17,22.80000,23.10000,21.80000,22.10000,55420
2021-02-18,22.00000,22.30000,20.50000,22.20000,76380
2021-02-19,22.50000,23.50000,22.00000,22.80000,44600
2021-02-22,22.80000,23.00000,22.00000,22.40000,30690
2021-02-23,21.40000,23.20000,20.40000,22.20000,55190
2021-02-24,22.20000,23.50000,21.80000,23.20000,41070
2021-02-25,23.20000,24.60000,22.60000,23.20000,36900
2021-02-26,22.90000,23.40000,21.00000,21.70000,49320
2021-03-01,21.50000,23.10000,21.30000,22.40000,29480
2021-03-02,23.60000,25.40000,23.50000,24.80000,93750
2021-03-03,24.70000,29.40000,24.50000,28.10000,177880
2021-03-04,28.10000,30.50000,27.10000,30.00000,229010
2021-03-05,30.90000,31.40000,23.10000,26.80000,135030
2021-03-08,26.70000,27.10000,23.00000,23.70000,56680
2021-03-09,24.60000,25.90000,23.80000,24.30000,55160
2021-03-10,24.70000,26.50000,24.00000,24.60000,83770
2021-03-11,25.00000,25.30000,24.00000,24.60000,38150
2021-03-12,25.10000,26.90000,25.00000,25.90000,30050
2021-03-15,26.72000,27.77000,23.94000,25.02000,71800
2021-03-16,24.47000,25.04000,23.70000,25.00000,41600
2021-03-17,24.56000,25.15000,24.46000,25.01000,42400
2021-03-18,24.97000,24.97000,23.55000,23.55000,33700
2021-03-19,23.46000,24.23000,22.90000,22.90000,99400
2021-03-22,23.04000,24.88000,23.04000,24.87000,34000
2021-03-23,24.69000,24.89000,21.96000,22.23000,53000
2021-03-24,22.46000,23.73000,22.46000,22.96000,35400
2021-03-25,22.72000,22.79000,21.55000,22.23000,29800
2021-03-26,22.33000,22.50000,21.48000,22.37000,28700
2021-03-29,22.26000,23.26000,22.26000,22.50000,26900
2021-03-30,22.72000,26.38000,22.72000,25.79000,68000
2021-03-31,25.69000,26.54000,25.06000,25.69000,42900
2021-04-01,25.78000,26.18000,25.29000,26.02000,35300
2021-04-05,25.95000,29.56000,25.77000,29.56000,90300
2021-04-06,29.62000,31.24000,28.15000,28.17000,82600
2021-04-07,28.15000,30.46000,27.16000,30.36000,62900
2021-04-08,29.92000,30.13000,27.75000,28.45000,48600
2021-04-09,28.75000,28.75000,28.03000,28.49000,36300
2021-04-12,28.50000,30.03000,28.22000,28.63000,43900
2021-04-13,28.67000,29.44000,28.00000,28.96000,29900
2021-04-14,28.68000,29.26000,28.50000,29.10000,14200
2021-04-15,28.58000,29.97000,28.52000,28.90000,30500
2021-04-16,28.57000,28.67000,27.30000,28.50000,40700
2021-04-19,28.50000,29.71000,28.41000,29.63000,19500
2021-04-20,29.49000,29.95000,28.98000,29.10000,40000
2021-04-21,28.91000,31.41000,28.91000,31.41000,47500
2021-04-22,31.14000,34.40000,30.61000,30.91000,84500
2021-04-23,31.20000,32.43000,31.20000,31.97000,31800
2021-04-26,32.08000,32.13000,29.97000,30.66000,22200
2021-04-27,31.00000,31.32000,30.50000,30.58000,15500
2021-04-28,30.68000,30.68000,30.00000,30.00000,12300
2021-04-29,30.25000,30.50000,29.75000,30.50000,27100
2021-04-30,30.50000,30.61000,29.82000,29.90000,18900
2021-05-03,30.05000,31.77000,29.49000,30.42000,26400
2021-05-04,30.61000,33.75000,30.61000,33.59000,114000
2021-05-05,34.00000,36.50000,33.50000,36.13000,97100
2021-05-06,36.20000,36.51000,30.28000,31.10000,93500
2021-05-07,30.72000,31.45000,30.72000,31.17000,37800
2021-05-10,31.15000,32.22000,29.07000,30.25000,50600
2021-05-11,30.25000,33.34000,30.25000,32.75000,51000
2021-05-12,32.60000,34.69000,31.28000,33.57000,33200
2021-05-13,33.36000,34.30000,30.13000,30.50000,42400
2021-05-14,29.49000,31.01000,29.03000,29.30000,41600
2021-05-17,29.52000,29.66000,25.25000,27.17000,165100
2021-05-18,27.17000,28.84000,27.01000,28.24000,39100
2021-05-19,27.97000,28.86000,27.72000,28.03000,17800
2021-05-20,27.92000,29.18000,27.27000,28.12000,19400
2021-05-21,28.17000,30.00000,28.00000,28.20000,17600
2021-05-24,27.99000,28.10000,27.54000,27.82000,9200
2021-05-25,27.30000,28.48000,26.97000,27.18000,38000
2021-05-26,27.00000,28.79000,27.00000,28.03000,25400
2021-05-27,27.88000,29.51000,27.63000,28.56000,27200
2021-05-28,29.48000,29.96000,27.92000,29.11000,42100
2021-06-01,29.11000,31.30000,29.11000,31.03000,43100
2021-06-02,31.18000,32.52000,29.14000,30.11000,48900
2021-06-03,30.29000,31.03000,28.98000,29.29000,30000
2021-06-04,30.00000,30.36000,28.65000,29.55000,45300
2021-06-07,29.55000,30.65000,29.55000,29.84000,28200
2021-06-08,31.00000,31.00000,29.30000,29.93000,11800
2021-06-09,29.95000,30.49000,29.39000,29.61000,14600
2021-06-10,29.36000,29.56000,28.75000,29.40000,32200
2021-06-11,29.11000,30.46000,29.00000,30.10000,26100
2021-06-14,29.96000,30.76000,28.78000,29.29000,32300
2021-06-15,29.73000,29.73000,28.54000,29.27000,12600
2021-06-16,28.84000,30.04000,28.18000,28.92000,26600
2021-06-17,28.59000,28.69000,27.40000,28.06000,21700
2021-06-18,27.60000,28.06000,27.00000,27.88000,31300
2021-06-21,27.85000,29.83000,27.40000,29.20000,37600
2021-06-22,29.11000,29.63000,27.00000,27.70000,39300
2021-06-23,27.92000,28.26000,27.31000,27.66000,25300
2021-06-24,28.21000,29.51000,27.73000,29.20000,14200
2021-06-25,29.56000,29.90000,29.28000,29.75000,48900
2021-06-28,29.76000,30.35000,27.99000,28.46000,15300
2021-06-29,28.45000,29.37000,27.63000,27.83000,13500
2021-06-30,27.84000,28.72000,27.49000,28.30000,12100
2021-07-01,28.40000,28.89000,27.29000,27.33000,50500
2021-07-02,27.42000,27.72000,26.62000,27.03000,51700
2021-07-06,27.15000,27.97000,26.61000,26.99000,28800
2021-07-07,26.91000,27.82000,26.72000,27.45000,20600
2021-07-08,27.50000,28.18000,26.83000,27.03000,21800
2021-07-09,27.14000,28.17000,27.00000,27.84000,42000
2021-07-12,27.50000,28.19000,27.50000,27.65000,25000
2021-07-13,27.79000,28.28000,27.79000,28.10000,14100
2021-07-14,27.97000,27.97000,26.73000,26.73000,21100
2021-07-15,26.75000,27.43000,26.03000,26.12000,12200
2021-07-16,26.00000,26.75000,26.00000,26.20000,24700
2021-07-19,25.96000,26.50000,25.96000,25.96000,29200
2021-07-20,26.64000,27.25000,26.24000,27.08000,27800
2021-07-21,27.48000,28.69000,27.14000,27.14000,20200
2021-07-22,27.18000,27.24000,26.56000,27.01000,21000
2021-07-23,27.03000,27.17000,26.77000,26.77000,11200
2021-07-26,27.00000,28.40000,26.91000,27.31000,85800
2021-07-27,27.67000,28.06000,27.05000,27.32000,10800
2021-07-28,27.82000,28.82000,27.62000,28.50000,22800
2021-07-29,28.05000,28.92000,28.05000,28.38000,12900
2021-07-30,28.37000,28.95000,28.33000,28.90000,19200
2021-08-02,28.69000,29.35000,28.52000,29.11000,24800
2021-08-03,28.67000,30.08000,28.67000,29.85000,27700
2021-08-04,29.87000,29.98000,27.34000,27.51000,63100
2021-08-05,29.16000,29.16000,25.77000,25.93000,61000
2021-08-06,26.00000,26.96000,26.00000,26.50000,45100
2021-08-09,27.15000,27.64000,26.90000,27.10000,15600
2021-08-10,26.90000,27.50000,26.83000,26.83000,20000
2021-08-11,27.00000,27.00000,25.95000,26.04000,21200
2021-08-12,26.25000,26.26000,25.94000,26.00000,17700
2021-08-13,26.00000,26.07000,24.38000,24.38000,23200
2021-08-16,24.14000,24.82000,23.95000,24.60000,8400
2021-08-17,24.53000,25.22000,24.00000,24.09000,25100
2021-08-18,24.36000,24.36000,23.05000,23.05000,16200
2021-08-19,22.97000,23.08000,22.59000,22.64000,12300
2021-08-20,22.74000,23.75000,22.55000,23.31000,17300
2021-08-23,23.62000,23.93000,23.25000,23.25000,15500
2021-08-24,23.21000,23.75000,22.63000,22.90000,29000
2021-08-25,23.13000,23.26000,22.25000,22.25000,16600
2021-08-26,23.12000,23.18000,22.33000,22.78000,24100
2021-08-27,22.52000,23.99000,22.52000,23.85000,23100
2021-08-30,23.90000,25.61000,23.90000,25.46000,24300
2021-08-31,25.15000,25.15000,23.63000,24.06000,28600
2021-09-01,23.91000,24.16000,23.04000,23.58000,20100
2021-09-02,24.15000,24.29000,22.98000,23.06000,26700
2021-09-03,22.99000,23.19000,22.25000,22.57000,13900
2021-09-07,22.75000,23.29000,22.57000,23.29000,41100
2021-09-08,23.08000,24.40000,23.08000,24.00000,17100
2021-09-09,23.16000,24.00000,23.16000,24.00000,8500
2021-09-10,24.00000,24.56000,23.61000,24.50000,16400
2021-09-13,24.56000,24.84000,23.89000,24.50000,17300
2021-09-14,24.31000,24.94000,24.31000,24.59000,11300
2021-09-15,24.73000,25.18000,24.34000,24.60000,20000
2021-09-16,24.94000,25.00000,23.85000,24.14000,16000
2021-09-17,24.16000,24.88000,24.03000,24.88000,19300
2021-09-20,24.39000,24.39000,23.11000,23.19000,18600
2021-09-21,23.47000,23.81000,22.69000,23.16000,15300
2021-09-22,23.16000,24.09000,23.16000,23.51000,22200
2021-09-23,23.51000,24.10000,23.51000,24.10000,10400
2021-09-24,24.30000,24.51000,23.74000,23.74000,6300
2021-09-27,23.84000,24.90000,23.84000,24.48000,25800
2021-09-28,24.50000,24.88000,23.58000,23.59000,26200
2021-09-29,23.77000,23.77000,22.75000,23.00000,118100
2021-09-30,23.06000,23.23000,22.38000,22.64000,46000
2021-10-01,22.55000,23.94000,22.38000,22.98000,48700
2021-10-04,23.06000,23.06000,21.99000,21.99000,21000
2021-10-05,22.03000,22.42000,21.76000,22.24000,70400
2021-10-06,22.12000,22.23000,21.80000,21.99000,18600
2021-10-07,21.95000,21.95000,21.80000,21.88000,8600
2021-10-08,21.84000,21.84000,21.45000,21.46000,9900
2021-10-11,21.56000,21.72000,20.49000,20.87000,18000
2021-10-12,21.11000,21.53000,20.90000,21.43000,26900
2021-10-13,20.87000,21.21000,20.85000,21.16000,12400
2021-10-14,21.46000,21.89000,21.01000,21.01000,34400
2021-10-15,21.48000,21.94000,21.01000,21.60000,8800
2021-10-18,21.45000,21.60000,20.59000,21.42000,29500
2021-10-19,21.47000,21.80000,21.09000,21.30000,26000
2021-10-20,21.69000,21.95000,21.20000,21.44000,31400
2021-10-21,21.16000,21.43000,21.16000,21.43000,3300
2021-10-22,21.24000,21.71000,21.03000,21.38000,7300
2021-10-25,21.30000,21.68000,21.30000,21.44000,21700
2021-10-26,21.44000,21.70000,21.33000,21.59000,32000
2021-10-27,21.62000,21.75000,21.50000,21.66000,5100
2021-10-28,21.56000,21.57000,21.10000,21.21000,19900
2021-10-29,21.21000,21.21000,20.80000,20.95000,12300
2021-11-01,20.77000,21.20000,20.71000,20.82000,19900
2021-11-02,20.62000,21.00000,20.50000,20.57000,14200
2021-11-03,20.60000,20.70000,20.50000,20.50000,6000
2021-11-04,20.51000,21.10000,20.25000,20.63000,234800
2021-11-05,20.90000,21.00000,20.61000,20.62000,28800
2021-11-08,20.93000,21.00000,20.79000,21.00000,9000
2021-11-09,20.97000,21.00000,20.63000,20.66000,23900
2021-11-10,20.61000,21.00000,20.06000,20.86000,33900
2021-11-11,21.05000,21.05000,20.68000,20.69000,10800
2021-11-12,20.86000,20.86000,20.71000,20.71000,7300
2021-11-15,20.88000,20.89000,20.24000,20.41000,11700
2021-11-16,20.32000,20.48000,20.00000,20.00000,24800
2021-11-17,19.94000,20.01000,18.69000,18.80000,53900
2021-11-18,18.76000,20.28000,18.69000,19.21000,26300
2021-11-19,19.20000,19.95000,18.45000,18.45000,15000
2021-11-22,18.73000,23.44000,18.73000,23.40000,1120600
2021-11-23,23.30000,24.33000,23.30000,24.23000,203200
2021-11-24,24.18000,24.66000,24.01000,24.43000,84800
2021-11-26,24.21000,24.40000,24.05000,24.34000,28200
2021-11-29,24.89000,25.57000,24.70000,25.35000,197100
2021-11-30,25.50000,26.16000,24.28000,24.81000,74200
2021-12-01,25.07000,25.10000,24.06000,24.27000,50100
2021-12-02,24.48000,25.39000,23.82000,24.01000,48700
2021-12-03,24.17000,25.75000,24.17000,25.30000,62000
2021-12-06,25.33000,25.37000,24.91000,25.17000,45200
2021-12-07,25.40000,25.42000,24.39000,24.85000,26900
2021-12-08,25.06000,25.50000,24.85000,24.95000,73900
2021-12-09,27.96000,28.92000,27.06000,27.70000,247100
2021-12-10,28.00000,30.26000,27.99000,30.01000,98100
2021-12-13,30.26000,34.70000,29.73000,33.66000,202800
2021-12-14,33.60000,36.66000,33.54000,36.08000,130600
2021-12-15,36.00000,41.00000,34.49000,40.53000,186800
2021-12-16,40.08000,40.08000,36.10000,36.55000,125800
2021-12-17,36.91000,37.62000,35.49000,35.49000,78400
2021-12-20,35.63000,36.38000,33.88000,35.12000,91100
2021-12-21,35.00000,39.71000,35.00000,39.05000,84800
2021-12-22,39.05000,39.50000,38.00000,39.42000,63900
2021-12-23,39.78000,39.78000,38.14000,38.99000,48100
2021-12-27,39.45000,39.45000,36.15000,37.53000,43800
2021-12-28,37.07000,38.97000,37.07000,37.50000,46400
2021-12-29,37.49000,37.50000,34.06000,35.75000,44100
2021-12-30,35.65000,36.58000,34.95000,34.95000,23900
2021-12-31,34.89000,36.23000,34.25000,34.54000,39000
2022-01-03,35.05000,38.38000,35.05000,37.20000,103900
2022-01-04,38.00000,40.82000,37.63000,37.95000,85100
2022-01-05,37.98000,38.10000,36.22000,37.00000,59000
2022-01-06,37.46000,39.44000,37.46000,38.49000,35600
2022-01-07,38.74000,39.99000,38.74000,39.32000,73000
2022-01-10,39.00000,39.00000,37.50000,38.87000,42500
2022-01-11,39.00000,43.50000,38.67000,43.21000,92900
2022-01-12,43.35000,44.43000,41.34000,41.84000,74500
2022-01-13,42.48000,43.72000,41.57000,43.00000,58100
2022-01-14,42.81000,43.47000,38.64000,40.38000,84100
2022-01-18,40.70000,41.87000,39.20000,39.21000,47800
2022-01-19,39.26000,40.37000,37.71000,37.87000,37000
2022-01-20,37.75000,38.95000,36.66000,36.66000,63800
2022-01-21,36.16000,36.99000,35.42000,35.80000,39000
2022-01-24,35.00000,35.85000,33.03000,35.26000,62300
2022-01-25,34.76000,35.97000,34.33000,35.21000,17900
2022-01-26,36.34000,36.55000,33.51000,34.25000,29200
2022-01-27,34.53000,34.75000,32.88000,33.47000,39100
2022-01-28,34.39000,35.86000,33.31000,35.32000,38600
2022-01-31,34.88000,37.31000,34.07000,36.60000,52400
2022-02-01,36.81000,37.98000,36.70000,37.21000,32400
2022-02-02,37.49000,40.15000,35.85000,39.11000,75600
2022-02-03,35.50000,37.50000,31.90000,34.06000,210800
2022-02-04,34.32000,34.67000,32.05000,33.99000,67700
2022-02-07,34.60000,34.79000,31.98000,32.93000,65600
2022-02-08,33.04000,33.98000,32.50000,33.50000,36000
2022-02-09,34.06000,34.67000,33.33000,33.46000,41300
2022-02-10,33.84000,34.25000,33.02000,33.33000,19500
2022-02-11,33.72000,35.38000,32.52000,34.91000,43900
2022-02-14,34.82000,35.97000,34.48000,35.50000,31300
2022-02-15,35.60000,37.12000,35.60000,36.94000,25900
2022-02-16,36.96000,37.50000,36.25000,37.17000,20400
2022-02-17,37.07000,37.53000,35.77000,35.77000,30300
2022-02-18,36.50000,36.50000,34.80000,34.90000,11600
2022-02-22,34.15000,34.37000,32.70000,32.91000,33100
2022-02-23,32.95000,32.95000,31.97000,31.98000,20500
2022-02-24,31.75000,33.17000,30.44000,33.16000,35600
2022-02-25,33.01000,34.08000,32.48000,33.85000,21400
2022-02-28,33.62000,34.50000,32.71000,33.30000,14800
2022-03-01,32.99000,33.08000,31.14000,31.37000,30700
2022-03-02,31.12000,32.74000,31.04000,32.63000,21000
2022-03-03,32.70000,32.70000,30.57000,30.58000,25800
2022-03-04,30.97000,31.62000,28.71000,28.80000,48700
2022-03-07,28.51000,29.35000,28.11000,28.83000,27300
2022-03-08,28.64000,31.50000,28.56000,30.25000,24300
2022-03-09,31.47000,31.98000,30.49000,31.71000,50700
2022-03-10,31.05000,31.58000,29.30000,29.87000,25600
2022-03-11,30.56000,30.56000,28.70000,29.00000,25200
2022-03-14,28.81000,29.34000,27.66000,28.07000,32800
2022-03-15,27.96000,29.12000,27.67000,28.18000,12800
2022-03-16,28.73000,29.80000,28.23000,28.28000,18000
2022-03-17,28.26000,29.15000,28.26000,28.40000,27400
2022-03-18,28.87000,29.87000,27.30000,28.46000,67500
2022-03-21,28.58000,29.04000,27.64000,27.72000,18900
2022-03-22,28.25000,28.49000,27.70000,27.75000,38900
2022-03-23,28.16000,28.56000,27.70000,27.86000,24200
2022-03-24,27.73000,28.31000,27.70000,27.77000,15800
2022-03-25,27.85000,27.85000,26.15000,26.54000,49100
2022-03-28,26.25000,27.93000,26.25000,27.50000,36300
2022-03-29,27.40000,28.13000,27.19000,27.42000,22700
2022-03-30,27.43000,27.65000,26.28000,26.58000,38900
2022-03-31,26.50000,27.86000,26.49000,26.92000,20100
2022-04-01,27.29000,27.83000,26.80000,27.12000,31100
2022-04-04,27.05000,28.16000,26.81000,28.16000,20800
2022-04-05,28.29000,28.49000,27.63000,28.00000,27300
2022-04-06,27.41000,27.41000,26.82000,26.95000,16000
2022-04-07,26.99000,27.20000,26.35000,26.45000,17100
2022-04-08,26.32000,27.04000,25.90000,25.91000,17800
2022-04-11,26.28000,26.40000,25.57000,25.60000,36400
2022-04-12,25.83000,25.94000,24.84000,25.20000,38000
2022-04-13,25.20000,26.50000,24.75000,26.00000,49600
2022-04-14,26.39000,26.53000,25.15000,25.51000,20400
2022-04-18,25.16000,25.66000,24.79000,25.17000,20800
2022-04-19,25.13000,26.02000,25.13000,25.62000,23200
2022-04-20,25.75000,26.24000,25.34000,25.66000,32200
2022-04-21,26.19000,26.19000,24.20000,24.52000,39700
2022-04-22,24.17000,26.23000,23.76000,24.70000,51600
2022-04-25,24.38000,24.93000,23.56000,24.20000,67700
2022-04-26,24.12000,24.12000,22.70000,23.05000,79100
2022-04-27,22.86000,24.00000,22.52000,22.86000,61700
2022-04-28,23.05000,23.40000,22.67000,23.06000,27900
2022-04-29,23.04000,24.72000,23.04000,24.10000,38900
2022-05-02,24.10000,24.63000,23.77000,23.89000,25600
2022-05-03,24.12000,24.79000,23.74000,23.77000,29500
2022-05-04,24.08000,24.20000,23.33000,23.93000,34500
2022-05-05,23.92000,24.37000,22.61000,22.61000,20800
2022-05-06,23.03000,23.03000,20.80000,20.97000,61800
2022-05-09,20.94000,20.94000,18.57000,18.93000,87100
2022-05-10,19.08000,20.47000,18.17000,18.18000,60800
2022-05-11,18.18000,19.46000,18.10000,18.83000,27400
2022-05-12,18.53000,19.87000,18.16000,19.58000,28400
2022-05-13,20.00000,21.22000,20.00000,21.13000,31600
2022-05-16,21.04000,21.17000,20.58000,20.82000,18200
2022-05-17,21.05000,21.32000,20.19000,20.92000,23600
2022-05-18,20.88000,21.05000,20.79000,20.83000,24200
2022-05-19,20.73000,21.23000,20.45000,21.02000,36800
2022-05-20,21.09000,21.09000,19.99000,20.52000,20700
2022-05-23,20.50000,21.09000,20.50000,20.93000,11700
2022-05-24,20.90000,21.58000,20.15000,21.36000,31100
2022-05-25,21.11000,21.38000,20.35000,21.05000,20800
2022-05-26,21.02000,21.97000,20.93000,20.93000,19800
2022-05-27,21.17000,21.65000,20.82000,21.64000,8500
2022-05-31,21.62000,22.23000,21.62000,21.85000,4300
2022-06-01,21.74000,21.76000,20.86000,20.95000,15900
2022-06-02,21.12000,21.35000,20.80000,21.09000,14300
2022-06-03,20.86000,21.10000,20.76000,21.00000,18000
2022-06-06,21.10000,21.22000,19.94000,21.00000,65800
2022-06-07,21.00000,21.00000,19.26000,19.93000,53600
2022-06-08,19.99000,20.23000,19.74000,20.22000,19700
2022-06-09,19.95000,20.18000,19.82000,20.03000,19600
2022-06-10,19.70000,20.64000,19.65000,19.84000,23500
2022-06-13,20.00000,21.93000,18.52000,19.30000,71200
2022-06-14,19.26000,19.35000,18.26000,18.44000,40400
2022-06-15,18.58000,20.77000,18.42000,18.54000,24600
2022-06-16,18.19000,18.72000,18.10000,18.30000,31000
2022-06-17,18.25000,18.99000,17.84000,18.20000,39800
2022-06-21,18.43000,18.60000,18.09000,18.60000,46300
2022-06-22,18.25000,18.70000,18.25000,18.49000,10400
2022-06-23,18.58000,18.73000,17.78000,18.48000,28200
2022-06-24,18.26000,19.25000,18.26000,18.86000,26100
2022-06-27,18.65000,19.02000,18.46000,18.69000,12300
2022-06-28,18.91000,18.91000,18.26000,18.68000,16300
2022-06-29,18.54000,18.80000,18.37000,18.80000,12600
2022-06-30,18.53000,18.99000,18.42000,18.99000,11400
2022-07-01,18.61000,19.10000,18.61000,18.66000,11200
2022-07-05,18.65000,18.88000,17.76000,17.96000,17100
2022-07-06,17.98000,18.38000,17.90000,18.01000,38200
2022-07-07,18.01000,19.14000,18.01000,18.87000,4600
2022-07-08,18.52000,18.84000,18.08000,18.25000,5800
2022-07-11,18.35000,18.53000,18.00000,18.10000,12800
2022-07-12,18.00000,18.07000,17.63000,17.86000,31500
2022-07-13,17.60000,17.89000,17.46000,17.54000,6300
2022-07-14,17.60000,18.06000,17.29000,17.76000,19500
2022-07-15,17.98000,18.22000,17.84000,17.95000,5500
2022-07-18,18.05000,18.15000,17.35000,17.82000,15700
2022-07-19,17.80000,18.15000,17.50000,17.56000,10100
2022-07-20,17.72000,17.94000,17.51000,17.76000,7000
2022-07-21,17.88000,17.95000,17.51000,17.62000,8000
2022-07-22,17.65000,17.95000,17.49000,17.49000,6000
2022-07-25,17.42000,17.46000,17.24000,17.24000,12500
2022-07-26,17.50000,17.71000,17.50000,17.65000,11500
2022-07-27,17.66000,18.18000,17.66000,17.88000,4900
2022-07-28,17.88000,18.50000,17.70000,18.35000,9500
2022-07-29,18.30000,18.68000,18.30000,18.58000,2100
2022-08-01,18.74000,18.81000,18.59000,18.59000,5700
2022-08-02,18.59000,18.90000,18.50000,18.50000,7000
2022-08-03,18.67000,19.19000,18.67000,18.90000,10200
2022-08-04,18.91000,19.96000,18.91000,19.36000,22100
2022-08-05,21.00000,21.00000,19.37000,20.17000,17600
2022-08-08,20.00000,20.15000,19.67000,20.00000,8800
2022-08-09,19.92000,20.10000,19.75000,19.76000,7300
2022-08-10,19.76000,19.76000,19.01000,19.15000,8600
2022-08-11,19.42000,19.62000,19.26000,19.37000,4300
2022-08-12,19.61000,19.61000,19.19000,19.39000,4900
2022-08-15,19.34000,19.47000,18.85000,19.33000,6200
2022-08-16,19.33000,19.48000,18.82000,19.30000,9500
2022-08-17,19.36000,19.62000,19.20000,19.62000,5200
2022-08-18,19.59000,20.32000,19.49000,19.97000,7200
2022-08-19,19.83000,20.30000,19.25000,20.19000,9500
2022-08-22,19.81000,20.28000,19.05000,19.43000,8100
2022-08-23,19.64000,19.64000,19.17000,19.30000,3400
2022-08-24,19.29000,19.50000,18.90000,19.43000,7000
2022-08-25,19.36000,19.53000,18.79000,19.42000,14400
2022-08-26,19.40000,19.59000,19.01000,19.12000,4200
2022-08-29,19.20000,19.30000,18.92000,19.30000,10300
2022-08-30,19.25000,19.80000,19.10000,19.80000,7800
2022-08-31,18.90000,20.11000,18.90000,19.90000,25100
2022-09-01,19.71000,19.98000,19.49000,19.70000,7700
2022-09-02,19.64000,19.87000,19.18000,19.50000,2800
2022-09-06,19.45000,19.47000,18.99000,19.23000,8200
2022-09-07,19.33000,19.80000,19.33000,19.70000,4200
2022-09-08,19.12000,19.33000,18.58000,19.00000,15800
2022-09-09,20.00000,20.00000,18.72000,18.90000,6500
2022-09-12,18.90000,19.49000,18.48000,18.48000,5200
2022-09-13,18.92000,18.92000,18.37000,18.57000,7500
2022-09-14,18.42000,18.89000,18.40000,18.50000,17200
2022-09-15,18.77000,19.08000,18.40000,18.65000,31400
2022-09-16,18.66000,18.66000,18.37000,18.37000,7900
2022-09-19,18.50000,18.85000,18.11000,18.43000,13100
2022-09-20,18.67000,18.82000,18.20000,18.39000,11400
2022-09-21,18.47000,18.70000,18.02000,18.09000,5300
2022-09-22,18.02000,18.35000,17.18000,17.29000,7700
2022-09-23,17.26000,17.34000,16.85000,17.01000,43500
2022-09-26,17.24000,17.99000,17.23000,17.75000,20600
2022-09-27,17.95000,18.36000,17.25000,17.60000,36300
2022-09-28,17.52000,18.10000,17.52000,17.61000,13300
2022-09-29,17.70000,17.70000,17.15000,17.20000,7100
2022-09-30,18.05000,18.66000,17.53000,17.60000,30100
2022-10-03,17.90000,18.45000,17.81000,17.97000,25700
2022-10-04,18.24000,19.26000,18.24000,18.63000,28700
2022-10-05,19.31000,19.31000,18.20000,18.31000,24500
2022-10-06,18.31000,18.90000,18.31000,18.90000,15900
2022-10-07,18.97000,19.19000,18.75000,19.07000,6400
2022-10-10,19.17000,19.25000,18.94000,18.95000,24200
2022-10-11,18.95000,19.14000,18.41000,18.90000,9900
2022-10-12,18.75000,18.95000,18.41000,18.74000,22200
2022-10-13,18.58000,19.37000,18.53000,19.00000,19200
2022-10-14,19.00000,19.23000,18.74000,19.00000,5900
2022-10-17,19.07000,19.25000,18.77000,18.99000,19500
2022-10-18,18.94000,19.92000,18.83000,19.00000,15300
2022-10-19,18.99000,19.39000,18.83000,18.83000,6000
2022-10-20,19.05000,19.29000,18.82000,18.99000,5100
2022-10-21,18.96000,19.42000,18.96000,19.05000,4300
2022-10-24,19.01000,19.01000,18.86000,19.00000,5900
2022-10-25,18.90000,19.23000,18.88000,18.90000,9600
2022-10-26,19.05000,19.20000,18.83000,18.88000,10600
2022-10-27,19.00000,19.09000,19.00000,19.06000,3300
2022-10-28,19.00000,19.00000,18.85000,18.86000,5000
2022-10-31,18.85000,18.98000,18.66000,18.98000,3700
2022-11-01,18.85000,19.00000,18.75000,19.00000,3000
2022-11-02,19.00000,19.00000,18.51000,18.82000,4800
2022-11-03,18.41000,18.74000,18.41000,18.50000,5500
2022-11-04,18.66000,18.66000,18.06000,18.09000,4800
2022-11-07,18.27000,18.29000,18.03000,18.25000,4400
2022-11-08,18.24000,18.36000,17.94000,18.11000,13500
2022-11-09,18.00000,18.16000,17.71000,17.75000,9300
2022-11-10,17.99000,18.22000,17.75000,17.91000,10200
2022-11-11,18.05000,18.27000,17.99000,18.07000,5800
2022-11-14,18.08000,18.60000,17.98000,17.98000,10400
2022-11-15,18.16000,18.59000,18.16000,18.44000,3200
2022-11-16,18.26000,18.44000,17.95000,17.95000,4300
2022-11-17,17.96000,18.36000,17.75000,17.90000,5200
2022-11-18,18.30000,18.30000,17.65000,17.66000,9500
2022-11-21,17.62000,18.09000,17.49000,17.81000,8700
2022-11-22,17.63000,18.20000,17.42000,17.42000,8800
2022-11-23,17.60000,18.06000,17.56000,17.91000,6300
2022-11-25,17.98000,18.77000,17.98000,18.10000,4300
2022-11-28,18.00000,18.66000,18.00000,18.00000,9600
2022-11-29,18.05000,18.34000,17.97000,18.00000,11900
2022-11-30,17.93000,18.30000,17.93000,18.00000,7900
2022-12-01,18.10000,18.40000,17.37000,17.78000,28100
2022-12-02,17.68000,18.19000,17.60000,17.73000,10300
2022-12-05,17.87000,18.05000,17.67000,17.82000,11200
2022-12-06,17.86000,17.89000,17.41000,17.47000,9200
2022-12-07,17.47000,18.23000,17.40000,17.41000,18400
2022-12-08,18.08000,18.23000,17.60000,17.78000,11200
2022-12-09,17.60000,18.01000,17.57000,17.87000,6700
2022-12-12,17.88000,18.16000,17.57000,17.61000,10100
2022-12-13,17.78000,17.93000,16.25000,16.74000,44700
2022-12-14,16.83000,16.83000,16.07000,16.09000,27100
2022-12-15,16.20000,16.25000,15.75000,15.84000,23900
2022-12-16,15.80000,16.20000,15.70000,16.10000,8800
2022-12-19,15.95000,16.44000,15.70000,15.70000,13600
2022-12-20,15.79000,17.77000,15.70000,17.50000,34500
2022-12-21,17.50000,18.22000,17.43000,17.61000,22800
2022-12-22,17.62000,18.00000,17.61000,17.61000,4000
2022-12-23,17.66000,17.80000,17.51000,17.52000,3900
2022-12-27,17.72000,17.94000,17.66000,17.94000,9300
2022-12-28,17.63000,18.19000,17.61000,18.14000,6200
2022-12-29,18.07000,19.30000,17.75000,19.19000,27100
2022-12-30,18.94000,19.18000,18.03000,18.56000,20600
2023-01-03,18.38000,19.03000,18.38000,18.95000,1900
2023-01-04,18.97000,19.39000,18.59000,19.12000,5500
2023-01-05,19.03000,19.17000,19.00000,19.00000,2500
2023-01-06,19.23000,19.25000,18.64000,18.72000,4400
2023-01-09,19.00000,19.00000,18.51000,18.83000,6400
2023-01-10,18.87000,18.99000,18.77000,18.88000,8600
2023-01-11,18.81000,18.97000,18.68000,18.82000,5300
2023-01-12,19.00000,19.00000,18.79000,18.81000,4700
2023-01-13,18.75000,18.98000,18.43000,18.46000,13700
2023-01-17,18.51000,19.06000,18.51000,18.87000,17200
2023-01-18,19.02000,19.43000,18.79000,19.08000,5300
2023-01-19,19.26000,19.38000,19.00000,19.21000,11800
2023-01-20,19.00000,19.18000,18.78000,19.00000,8200
2023-01-23,19.01000,19.85000,19.01000,19.85000,13800
2023-01-24,19.88000,20.95000,19.58000,19.58000,24200
2023-01-25,19.64000,22.67000,19.64000,21.50000,23900
2023-01-26,21.65000,22.35000,20.47000,21.02000,36200
2023-01-27,21.09000,21.36000,19.35000,20.90000,18400
2023-01-30,20.42000,20.42000,19.52000,20.00000,7300
2023-01-31,20.08000,22.95000,20.08000,22.75000,26000
2023-02-01,22.33000,23.51000,22.06000,22.50000,19700
2023-02-02,22.81000,22.81000,22.02000,22.27000,13400
2023-02-03,22.49000,22.80000,20.95000,20.95000,10000
2023-02-06,20.67000,20.79000,20.50000,20.51000,6800
2023-02-07,20.33000,20.54000,18.30000,18.98000,34100
2023-02-08,18.75000,19.35000,18.40000,18.67000,30900
2023-02-09,18.78000,19.39000,18.48000,18.50000,7900
2023-02-10,18.94000,18.94000,18.60000,18.60000,10400
2023-02-13,18.26000,18.99000,18.26000,18.87000,8700
2023-02-14,18.50000,18.78000,18.50000,18.70000,4000
2023-02-15,18.51000,19.18000,18.51000,18.96000,10100
2023-02-16,18.56000,19.02000,18.56000,19.00000,2000
2023-02-17,19.00000,19.42000,18.82000,19.00000,9200
2023-02-21,19.00000,19.24000,18.28000,18.28000,12200
2023-02-22,18.06000,18.75000,18.06000,18.25000,3600
2023-02-23,18.25000,18.98000,18.17000,18.98000,9200
2023-02-24,18.88000,18.88000,18.52000,18.81000,2000
2023-02-27,18.94000,19.40000,18.80000,18.80000,4200
2023-02-28,18.99000,19.00000,18.81000,18.81000,10400
2023-03-01,18.92000,18.92000,18.65000,18.65000,3200
2023-03-02,18.45000,18.77000,17.40000,17.70000,53700
2023-03-03,17.74000,17.74000,16.69000,16.90000,20400
2023-03-06,16.90000,16.90000,15.75000,15.89000,23900
2023-03-07,15.90000,15.98000,15.35000,15.63000,22600
2023-03-08,15.63000,16.38000,15.45000,15.45000,16700
2023-03-09,15.66000,16.87000,15.56000,15.66000,12900
2023-03-10,15.84000,16.18000,15.20000,15.20000,11900
2023-03-13,15.32000,15.59000,15.06000,15.25000,27200
2023-03-14,15.38000,15.38000,14.70000,14.70000,21200
2023-03-15,14.66000,14.66000,14.11000,14.52000,25700
2023-03-16,14.42000,14.52000,14.05000,14.36000,8800
2023-03-17,14.45000,14.52000,13.13000,13.25000,48200
2023-03-20,13.52000,13.52000,13.17000,13.35000,21200
2023-03-21,14.00000,14.00000,13.16000,13.22000,28000
2023-03-22,13.49000,13.49000,13.09000,13.09000,9800
2023-03-23,13.05000,13.05000,12.55000,12.55000,12000
2023-03-24,12.60000,12.60000,12.50000,12.52000,8400
2023-03-27,12.63000,12.77000,12.45000,12.50000,13600
2023-03-28,12.53000,12.55000,12.25000,12.26000,14300
2023-03-29,12.47000,12.47000,12.20000,12.20000,5900
2023-03-30,12.27000,12.63000,12.17000,12.32000,8100
2023-03-31,12.61000,12.76000,12.25000,12.45000,7800
2023-04-03,12.59000,12.69000,12.39000,12.39000,20900
2023-04-04,12.44000,12.49000,12.25000,12.30000,11500
2023-04-05,12.40000,12.63000,12.40000,12.50000,3700
2023-04-06,12.54000,12.94000,12.41000,12.48000,7600
2023-04-10,12.56000,13.13000,12.55000,12.56000,6200
2023-04-11,12.69000,13.03000,12.40000,12.43000,16200
2023-04-12,12.60000,12.79000,12.35000,12.40000,10200
2023-04-13,12.48000,12.80000,12.40000,12.40000,1900
2023-04-14,12.36000,12.60000,12.25000,12.29000,13100
2023-04-17,12.44000,12.44000,12.10000,12.10000,27800
2023-04-18,12.08000,12.41000,12.05000,12.41000,5100
2023-04-19,12.41000,12.41000,12.14000,12.14000,5200
2023-04-20,12.20000,12.20000,11.76000,12.20000,15800
2023-04-21,12.32000,12.32000,11.98000,12.03000,8200
2023-04-24,12.13000,12.17000,11.85000,11.85000,3500
2023-04-25,12.00000,12.00000,11.09000,11.37000,20100
2023-04-26,11.27000,11.28000,11.22000,11.24000,12600
2023-04-27,11.30000,11.56000,11.25000,11.25000,8000
2023-04-28,11.33000,11.33000,11.33000,11.33000,400
2023-05-01,11.33000,11.58000,11.25000,11.25000,10700
2023-05-02,11.35000,11.41000,11.10000,11.10000,5500
2023-05-03,11.22000,11.30000,11.00000,11.00000,6200
2023-05-04,11.25000,11.35000,10.09000,10.53000,47100
2023-05-05,10.89000,10.89000,10.21000,10.85000,15800
2023-05-08,10.95000,10.98000,10.85000,10.88000,4200
2023-05-09,11.03000,11.72000,11.03000,11.65000,4200
2023-05-10,11.80000,12.65000,11.80000,12.50000,9800
2023-05-11,12.58000,12.63000,12.50000,12.54000,15600
2023-05-12,12.64000,12.64000,12.04000,12.30000,8300
2023-05-15,12.38000,12.38000,12.04000,12.20000,3200
2023-05-16,12.00000,12.59000,12.00000,12.37000,3600
2023-05-17,12.54000,12.59000,12.36000,12.37000,8400
2023-05-18,12.41000,12.41000,12.30000,12.30000,4900
2023-05-19,12.35000,12.40000,11.90000,11.90000,7000
2023-05-22,12.09000,13.00000,12.09000,13.00000,12800
2023-05-23,12.85000,12.85000,12.41000,12.53000,1300
2023-05-24,12.12000,12.70000,12.12000,12.51000,3200
2023-05-25,12.66000,12.79000,12.66000,12.79000,1200
2023-05-26,12.99000,13.25000,12.99000,13.25000,2800
2023-05-30,13.33000,13.63000,13.33000,13.44000,6100
2023-05-31,13.88000,13.88000,13.60000,13.60000,1500
2023-06-01,13.54000,13.86000,13.50000,13.75000,12300
2023-06-02,13.99000,14.58000,13.85000,14.35000,10700
2023-06-05,14.47000,14.60000,14.04000,14.04000,6200
2023-06-06,14.24000,14.25000,14.20000,14.20000,1800
2023-06-07,14.24000,14.30000,14.05000,14.26000,6700
2023-06-08,14.15000,14.31000,14.01000,14.01000,4300
2023-06-09,14.00000,14.19000,13.52000,13.52000,3000
2023-06-12,13.65000,14.14000,13.65000,14.14000,3200
2023-06-13,14.15000,14.31000,13.85000,13.85000,6600
2023-06-14,13.65000,14.06000,13.37000,13.37000,4700
2023-06-15,13.35000,13.36000,12.42000,13.26000,6700
2023-06-16,13.26000,13.65000,13.09000,13.65000,12000
2023-06-20,13.70000,13.75000,13.42000,13.42000,3700
2023-06-21,13.58000,13.60000,13.48000,13.48000,2600
2023-06-22,13.68000,13.68000,13.45000,13.45000,1200
2023-06-23,13.52000,13.52000,13.35000,13.47000,4100
2023-06-26,13.50000,13.66000,13.19000,13.32000,5900
2023-06-27,13.33000,13.34000,13.24000,13.34000,2700
2023-06-28,13.34000,13.50000,13.34000,13.41000,4300
2023-06-29,13.46000,13.55000,13.28000,13.28000,5900
2023-06-30,13.37000,13.53000,13.35000,13.35000,1900
2023-07-03,13.35000,13.38000,13.35000,13.38000,400
2023-07-05,13.43000,13.45000,12.53000,12.70000,8500
2023-07-06,12.63000,12.78000,12.54000,12.54000,800
2023-07-07,12.69000,12.77000,12.50000,12.62000,2000
2023-07-10,12.67000,12.75000,12.12000,12.18000,6900
2023-07-11,12.35000,12.55000,12.25000,12.25000,2100
2023-07-12,12.47000,13.05000,12.47000,12.72000,15800
2023-07-13,12.92000,12.92000,12.92000,12.92000,700
2023-07-14,13.11000,13.85000,13.11000,13.34000,11900
2023-07-17,13.34000,14.06000,13.34000,13.75000,4300
2023-07-18,13.81000,13.90000,13.78000,13.89000,6300
2023-07-19,13.86000,14.36000,13.86000,14.34000,7500
2023-07-20,14.33000,14.33000,13.88000,14.00000,8600
2023-07-21,13.75000,14.13000,13.75000,14.00000,2800
2023-07-24,14.06000,14.06000,13.98000,14.00000,4400
2023-07-25,14.05000,14.10000,14.00000,14.00000,5200
2023-07-26,14.09000,14.50000,14.00000,14.27000,4900
2023-07-27,14.39000,15.05000,14.39000,14.57000,8700
2023-07-28,14.68000,14.89000,14.00000,14.01000,10100
2023-07-31,14.04000,14.15000,13.70000,13.90000,9900
2023-08-01,14.05000,14.32000,13.77000,14.32000,1900
2023-08-02,13.98000,13.98000,13.53000,13.87000,2600
2023-08-03,13.86000,13.86000,13.24000,13.30000,4100
2023-08-04,13.48000,13.48000,12.65000,12.79000,7300
2023-08-07,12.88000,13.33000,12.51000,12.61000,12700
2023-08-08,12.60000,12.60000,12.25000,12.30000,7700
2023-08-09,12.28000,12.36000,11.80000,12.21000,27800
2023-08-10,12.25000,12.25000,11.75000,11.85000,9500
2023-08-11,11.80000,11.80000,11.47000,11.62000,19200
2023-08-14,11.50000,11.50000,11.06000,11.29000,31700
2023-08-15,11.00000,11.35000,11.00000,11.19000,12800
2023-08-16,11.33000,11.33000,11.02000,11.02000,15400
2023-08-17,10.96000,10.99000,10.46000,10.77000,22000
2023-08-18,11.36000,11.85000,10.79000,11.20000,14500
2023-08-21,11.17000,11.45000,11.17000,11.36000,11400
2023-08-22,11.35000,11.50000,11.11000,11.15000,11000
2023-08-23,11.09000,11.23000,10.62000,11.20000,13100
2023-08-24,11.27000,11.52000,11.11000,11.11000,9000
2023-08-25,11.08000,11.28000,10.88000,11.10000,10700
2023-08-28,11.10000,12.00000,11.10000,11.60000,18200
2023-08-29,11.57000,12.00000,11.33000,11.41000,9700
2023-08-30,11.60000,12.24000,11.60000,11.76000,37400
2023-08-31,11.69000,12.31000,11.34000,11.95000,21100
2023-09-01,11.93000,12.60000,11.48000,11.54000,9300
2023-09-05,11.60000,11.98000,11.35000,11.53000,18400
2023-09-06,12.03000,12.20000,11.36000,11.75000,20500
2023-09-07,11.51000,11.85000,11.50000,11.58000,6400
2023-09-08,11.57000,11.57000,10.49000,10.80000,19500
2023-09-11,11.01000,11.82000,11.01000,11.15000,29700
2023-09-12,11.15000,12.05000,11.15000,11.31000,17700
2023-09-13,11.54000,11.73000,11.45000,11.73000,3800
2023-09-14,11.59000,11.87000,11.11000,11.38000,13200
2023-09-15,11.32000,11.35000,10.74000,10.80000,20600
2023-09-18,10.85000,11.94000,10.85000,11.75000,24700
2023-09-19,11.74000,12.03000,11.39000,11.71000,8600
2023-09-20,11.80000,12.05000,11.80000,11.83000,9600
2023-09-21,11.79000,11.80000,11.46000,11.46000,15700
2023-09-22,11.45000,11.46000,10.99000,10.99000,14900
2023-09-25,11.10000,11.39000,10.95000,11.04000,7200
2023-09-26,11.08000,11.08000,10.25000,10.58000,32200
2023-09-27,10.43000,11.02000,10.28000,10.50000,20500
2023-09-28,10.30000,10.64000,10.30000,10.44000,9900
2023-09-29,10.55000,10.86000,10.53000,10.71000,12900
2023-10-02,10.73000,10.87000,10.45000,10.59000,4300
2023-10-03,10.63000,10.64000,10.26000,10.53000,17800
2023-10-04,10.57000,10.62000,10.29000,10.48000,2600
2023-10-05,10.48000,10.76000,10.39000,10.39000,2400
2023-10-06,10.51000,10.51000,10.51000,10.51000,500
2023-10-09,10.54000,10.59000,10.31000,10.56000,5900
2023-10-10,10.62000,11.07000,10.58000,10.58000,11600
2023-10-11,10.37000,10.82000,10.35000,10.35000,7500
2023-10-12,10.36000,10.48000,10.36000,10.37000,2100
2023-10-13,10.72000,10.72000,10.35000,10.61000,1700
2023-10-16,10.58000,10.71000,10.43000,10.45000,7200
2023-10-17,10.35000,10.53000,10.35000,10.45000,5500
2023-10-18,10.45000,10.67000,10.40000,10.67000,3800
2023-10-19,10.67000,11.14000,10.40000,10.70000,8700
2023-10-20,10.68000,10.68000,9.43000,9.76000,17800
2023-10-23,9.76000,9.76000,8.50000,8.50000,25600
2023-10-24,8.71000,9.22000,8.61000,8.97000,18600
2023-10-25,8.74000,9.29000,8.74000,8.78000,5700
2023-10-26,8.94000,9.23000,8.80000,9.05000,9600
2023-10-27,9.05000,9.16000,8.94000,8.96000,13700
2023-10-30,8.95000,9.23000,8.93000,9.01000,5100
2023-10-31,8.90000,9.30000,8.90000,8.91000,5800
2023-11-01,8.90000,9.30000,8.90000,9.13000,10900
2023-11-02,9.20000,9.45000,8.82000,9.45000,10700
2023-11-03,9.50000,10.21000,9.42000,9.54000,5200
2023-11-06,9.40000,10.00000,9.15000,9.30000,7800
2023-11-07,9.30000,9.60000,9.04000,9.29000,9100
2023-11-08,9.25000,9.25000,9.02000,9.05000,6100
2023-11-09,9.00000,9.90000,8.86000,8.97000,9600
2023-11-10,9.00000,9.02000,8.59000,8.81000,7000
2023-11-13,8.93000,9.00000,8.85000,8.85000,8800
2023-11-14,8.84000,9.35000,8.52000,9.25000,20500
2023-11-15,9.20000,9.99000,9.20000,9.66000,12700
2023-11-16,9.65000,9.98000,9.61000,9.65000,11600
2023-11-17,9.84000,10.00000,9.76000,9.76000,3500
2023-11-20,9.98000,10.50000,9.95000,10.29000,11100
2023-11-21,10.27000,10.68000,9.86000,10.09000,9000
2023-11-22,10.14000,10.14000,9.99000,10.09000,4500
2023-11-24,10.09000,10.41000,10.09000,10.21000,2300
2023-11-27,10.21000,10.63000,10.21000,10.51000,15100
2023-11-28,10.67000,11.50000,10.67000,10.90000,7300
2023-11-29,11.12000,11.43000,10.94000,11.21000,12600
2023-11-30,11.21000,11.76000,11.21000,11.38000,6100
2023-12-01,11.31000,11.69000,11.25000,11.40000,4900
2023-12-04,11.35000,11.50000,11.10000,11.10000,7600
2023-12-05,11.00000,11.30000,11.00000,11.19000,2800
2023-12-06,11.14000,11.39000,11.00000,11.00000,7600
2023-12-07,10.75000,10.85000,9.01000,9.17000,37800
2023-12-08,9.20000,9.83000,9.14000,9.62000,7200
2023-12-11,9.75000,9.75000,9.23000,9.34000,11100
2023-12-12,9.49000,9.49000,8.71000,8.79000,17000
2023-12-13,8.95000,9.49000,8.65000,8.76000,32000
2023-12-14,8.97000,9.50000,8.75000,8.75000,7600
2023-12-15,9.00000,9.00000,8.75000,8.98000,27800
2023-12-18,8.71000,9.00000,8.68000,8.74000,9900
2023-12-19,8.62000,8.90000,7.96000,7.96000,43300
2023-12-20,8.40000,8.40000,7.71000,8.04000,29200
2023-12-21,8.20000,8.25000,7.90000,8.14000,19300
2023-12-22,8.21000,8.57000,8.06000,8.32000,29800
2023-12-26,8.36000,8.59000,7.63000,8.13000,45500
2023-12-27,7.97000,8.21000,7.65000,7.70000,60600
2023-12-28,7.56000,7.94000,7.56000,7.90000,56300
2023-12-29,7.81000,8.01000,7.81000,7.87000,37000
2024-01-02,7.87000,8.43000,7.87000,8.06000,10900
2024-01-03,8.01000,8.50000,7.96000,8.01000,17000
2024-01-04,8.06000,8.53000,8.06000,8.12000,7800
2024-01-05,8.25000,8.45000,8.00000,8.00000,10900
2024-01-08,8.07000,8.30000,8.03000,8.20000,8000
2024-01-09,8.33000,8.33000,8.10000,8.17000,5000
2024-01-10,8.06000,8.15000,7.95000,8.08000,28300
2024-01-11,8.07000,8.30000,8.06000,8.08000,6400
2024-01-12,8.01000,8.47000,8.01000,8.47000,25800
2024-01-16,8.41000,9.30000,8.25000,9.08000,49900
2024-01-17,9.07000,9.88000,9.07000,9.53000,29600
2024-01-18,9.75000,10.00000,9.56000,9.99000,39200
2024-01-19,9.86000,10.49000,9.86000,10.14000,35800
2024-01-22,10.10000,10.93000,10.01000,10.51000,29000
2024-01-23,10.60000,10.74000,10.43000,10.62000,20700
2024-01-24,10.70000,11.09000,10.70000,10.71000,14600
2024-01-25,10.86000,11.73000,10.86000,11.59000,42300
2024-01-26,11.64000,12.39000,10.72000,10.86000,51200
2024-01-29,10.76000,11.38000,10.28000,10.61000,50900
2024-01-30,10.55000,11.11000,10.41000,10.83000,47900
2024-01-31,11.66000,11.66000,10.80000,10.83000,21200
2024-02-01,10.83000,11.49000,9.45000,9.62000,105300
2024-02-02,9.63000,10.00000,9.48000,9.98000,47500
2024-02-05,9.95000,10.70000,9.87000,9.97000,50500
2024-02-06,10.19000,10.63000,9.86000,9.86000,51100
2024-02-07,9.90000,10.37000,9.63000,9.66000,57300
2024-02-08,9.67000,10.27000,9.66000,9.78000,76000
2024-02-09,9.89000,10.68000,9.60000,10.09000,130000
2024-02-12,10.10000,10.62000,9.86000,9.90000,37300
2024-02-13,9.90000,12.83000,9.73000,10.80000,459200
2024-02-14,10.86000,11.15000,9.80000,9.87000,44700
2024-02-15,9.90000,10.00000,9.65000,9.75000,35900
2024-02-16,9.78000,10.00000,9.70000,9.90000,6000
2024-02-20,9.90000,10.43000,9.80000,9.91000,12400
2024-02-21,9.94000,10.09000,9.81000,9.89000,12400
2024-02-22,9.80000,10.12000,9.73000,9.79000,22800
2024-02-23,9.86000,9.99000,9.72000,9.97000,4200
2024-02-26,10.00000,10.00000,9.75000,9.83000,10000
2024-02-27,9.88000,10.01000,9.48000,9.48000,12000
2024-02-28,9.58000,9.70000,9.55000,9.67000,5500
2024-02-29,9.86000,9.86000,9.54000,9.75000,7200
2024-03-01,9.76000,9.76000,9.49000,9.56000,10200
2024-03-04,9.47000,9.76000,9.21000,9.41000,14400
2024-03-05,9.45000,9.46000,9.20000,9.37000,8800
2024-03-06,9.47000,10.75000,9.26000,10.10000,140400
2024-03-07,10.05000,11.21000,10.00000,11.01000,137300
2024-03-08,10.97000,11.33000,10.46000,11.01000,61400
2024-03-11,11.00000,11.38000,10.32000,10.46000,40100
2024-03-12,10.55000,10.59000,10.35000,10.35000,16900
2024-03-13,10.45000,10.80000,10.28000,10.40000,27100
2024-03-14,10.40000,10.49000,10.35000,10.36000,11700
2024-03-15,10.40000,12.57000,10.40000,11.35000,112600
2024-03-18,11.31000,14.21000,11.26000,13.51000,118100
2024-03-19,13.44000,13.75000,12.89000,13.41000,47100
2024-03-20,13.48000,13.94000,13.38000,13.71000,22200
2024-03-21,13.75000,13.76000,13.44000,13.57000,35000
2024-03-22,13.75000,14.63000,13.44000,14.10000,67700
2024-03-25,14.10000,15.71000,14.06000,15.44000,90200
2024-03-26,15.07000,15.89000,15.02000,15.36000,59400
2024-03-27,15.63000,15.63000,14.55000,15.30000,38800
2024-03-28,14.77000,14.84000,13.26000,13.33000,22200
2024-04-01,13.21000,13.37000,12.94000,13.01000,26100
2024-04-02,13.00000,13.02000,11.95000,12.30000,47800
2024-04-03,12.23000,12.84000,12.23000,12.34000,21100
2024-04-04,12.35000,12.77000,12.00000,12.28000,28000
2024-04-05,12.50000,12.69000,11.58000,12.28000,28300
2024-04-08,12.28000,12.50000,12.10000,12.30000,23200
2024-04-09,12.32000,12.47000,12.24000,12.44000,6100
2024-04-10,12.19000,12.59000,12.19000,12.45000,3400
2024-04-11,12.65000,12.88000,12.33000,12.68000,8100
2024-04-12,12.75000,13.05000,12.58000,12.64000,15100
2024-04-15,12.62000,12.78000,12.33000,12.78000,6400
2024-04-16,13.00000,13.03000,12.55000,12.56000,10400
2024-04-17,12.54000,12.81000,12.54000,12.81000,2100
2024-04-18,12.69000,12.82000,12.54000,12.81000,3200
2024-04-19,12.54000,12.88000,12.54000,12.87000,2100
2024-04-22,12.57000,12.89000,12.50000,12.50000,5700
2024-04-23,12.64000,12.75000,12.50000,12.70000,4400
2024-04-24,12.69000,12.75000,12.51000,12.65000,13000
2024-04-25,12.60000,12.60000,12.60000,12.60000,5100
2024-04-26,12.74000,12.74000,12.74000,12.74000,700
2024-04-29,12.64000,12.84000,12.60000,12.84000,4700
2024-04-30,12.87000,12.87000,11.98000,12.38000,23100
2024-05-01,12.47000,12.47000,12.16000,12.21000,2100
2024-05-02,12.50000,12.55000,11.69000,12.50000,16500
2024-05-03,12.38000,12.41000,12.25000,12.25000,3200
2024-05-06,12.42000,12.75000,12.25000,12.25000,8400
2024-05-07,12.27000,12.55000,11.66000,12.17000,16400
2024-05-08,12.15000,12.37000,11.90000,12.35000,23500
2024-05-09,12.44000,12.44000,12.01000,12.19000,8300
2024-05-10,12.33000,12.33000,12.00000,12.18000,11300
2024-05-13,12.05000,12.05000,11.64000,11.64000,8900
2024-05-14,11.77000,12.00000,11.50000,11.73000,7400
2024-05-15,11.82000,11.86000,11.35000,11.62000,4000
2024-05-16,11.70000,12.39000,11.70000,12.28000,21200
2024-05-17,12.37000,12.47000,12.02000,12.25000,32700
2024-05-20,12.35000,12.71000,12.25000,12.62000,7800
2024-05-21,12.70000,12.73000,12.48000,12.48000,6000
2024-05-22,12.51000,12.67000,12.45000,12.45000,5900
2024-05-23,12.75000,13.76000,12.60000,12.99000,22100
2024-05-24,12.99000,13.27000,12.75000,13.23000,8200
2024-05-28,13.65000,13.65000,13.08000,13.25000,9300
2024-05-29,13.00000,13.21000,12.80000,12.99000,14000
2024-05-30,12.82000,13.39000,12.80000,12.84000,29700
2024-05-31,12.75000,13.17000,12.70000,12.70000,14200
2024-06-03,12.70000,12.78000,12.31000,12.41000,24000
2024-06-04,12.44000,12.70000,12.20000,12.30000,40500
2024-06-05,12.43000,12.56000,12.20000,12.35000,13100
2024-06-06,12.27000,12.60000,12.12000,12.33000,7500
2024-06-07,12.37000,12.55000,12.28000,12.33000,19600
2024-06-10,12.28000,12.50000,12.23000,12.44000,26900
2024-06-11,12.44000,12.44000,12.29000,12.40000,6000
2024-06-12,12.44000,12.69000,12.44000,12.69000,5600
2024-06-13,12.62000,12.69000,12.39000,12.54000,7000
2024-06-14,12.68000,12.68000,12.27000,12.51000,20700
2024-06-17,12.48000,12.80000,12.09000,12.59000,19200
2024-06-18,12.13000,12.43000,12.00000,12.23000,37300
2024-06-20,12.15000,12.17000,12.06000,12.07000,11400
2024-06-21,12.10000,12.25000,12.10000,12.24000,14600
2024-06-24,12.04000,12.15000,11.98000,12.06000,31600
2024-06-25,12.05000,12.11000,11.98000,12.00000,12600
2024-06-26,11.98000,12.05000,11.98000,12.00000,4500
2024-06-27,11.98000,12.05000,11.92000,12.00000,6300
2024-06-28,11.96000,11.96000,10.04000,11.11000,27000
2024-07-01,10.90000,11.00000,10.80000,10.86000,2600
2024-07-02,10.84000,11.30000,10.60000,10.60000,19000
2024-07-03,10.75000,11.07000,10.75000,11.02000,2000
2024-07-05,11.32000,11.32000,11.32000,11.32000,400
2024-07-08,11.32000,11.32000,10.68000,10.75000,12500
2024-07-09,10.86000,11.15000,10.81000,10.97000,5800
2024-07-10,10.80000,11.18000,10.80000,10.83000,5200
2024-07-11,10.92000,11.03000,10.44000,10.80000,10500
2024-07-12,11.00000,11.10000,10.29000,10.50000,39400
2024-07-15,10.36000,10.52000,10.26000,10.26000,6800
2024-07-16,10.20000,10.40000,9.70000,10.23000,23200
2024-07-17,10.02000,10.35000,9.98000,10.35000,23200
2024-07-18,10.12000,10.12000,9.92000,9.93000,13000
2024-07-19,10.05000,10.07000,9.92000,9.95000,9200
2024-07-22,9.98000,10.26000,9.98000,10.17000,7600
2024-07-23,10.19000,10.19000,10.00000,10.09000,2700
2024-07-24,10.00000,10.74000,10.00000,10.21000,2700
2024-07-25,10.02000,10.16000,10.02000,10.02000,700
2024-07-26,10.00000,10.05000,9.96000,10.05000,3200
2024-07-29,10.35000,10.36000,9.98000,9.98000,3300
2024-07-30,10.25000,10.25000,10.10000,10.19000,6900
2024-07-31,10.18000,10.20000,10.10000,10.10000,2400
2024-08-01,9.90000,9.90000,9.10000,9.70000,21300
2024-08-02,9.45000,9.73000,8.76000,9.57000,18400
2024-08-05,9.45000,9.50000,8.81000,8.90000,5000
2024-08-06,9.00000,9.48000,9.00000,9.08000,1700
2024-08-07,9.20000,9.46000,9.00000,9.02000,9500
2024-08-08,9.02000,9.53000,9.01000,9.38000,2900
2024-08-09,9.49000,9.63000,8.65000,8.75000,22100
2024-08-12,8.78000,8.78000,8.78000,8.78000,6800
2024-08-13,8.78000,8.82000,8.65000,8.66000,17100
2024-08-14,8.75000,8.81000,8.75000,8.75000,2900
2024-08-15,8.75000,9.00000,8.75000,8.85000,32100
2024-08-16,8.85000,9.03000,8.85000,8.88000,12900
2024-08-19,9.00000,9.26000,8.94000,9.00000,27400
2024-08-20,9.00000,9.00000,8.70000,8.80000,7300
2024-08-21,8.86000,9.06000,8.62000,8.85000,12400
2024-08-22,8.90000,8.90000,8.51000,8.67000,30300
2024-08-23,8.68000,8.99000,8.67000,8.80000,17900
2024-08-26,8.95000,8.98000,8.34000,8.51000,25600
2024-08-27,8.50000,8.75000,8.33000,8.61000,13200
2024-08-28,8.66000,8.90000,8.61000,8.70000,2800
2024-08-29,8.72000,9.38000,8.71000,8.75000,45800
2024-08-30,8.78000,9.25000,8.74000,9.05000,6000
2024-09-03,8.85000,8.96000,8.80000,8.80000,8500
2024-09-04,8.82000,8.82000,8.35000,8.35000,5200
2024-09-05,8.27000,8.45000,7.57000,8.09000,14400
2024-09-06,7.98000,8.19000,7.68000,7.68000,15700
2024-09-09,7.75000,8.00000,7.75000,7.76000,2400
2024-09-10,7.90000,8.10000,7.75000,7.77000,4500
2024-09-11,7.79000,7.99000,7.78000,7.95000,8700
2024-09-12,8.05000,8.24000,7.86000,8.00000,14500
2024-09-13,8.03000,8.30000,8.00000,8.21000,15800
2024-09-16,8.01000,8.44000,8.00000,8.10000,11000
2024-09-17,8.02000,8.35000,8.02000,8.30000,12500
2024-09-18,8.19000,8.42000,8.19000,8.21000,8000
2024-09-19,8.29000,8.61000,8.29000,8.61000,3900
2024-09-20,8.55000,8.75000,8.55000,8.72000,28100
2024-09-23,8.80000,8.89000,8.51000,8.60000,2500
2024-09-24,8.62000,8.77000,8.55000,8.55000,14100
2024-09-25,8.55000,8.76000,8.51000,8.76000,13400
2024-09-26,8.81000,9.32000,8.72000,8.90000,18700
2024-09-27,8.90000,9.10000,8.60000,8.79000,12600
2024-09-30,8.60000,8.83000,8.54000,8.71000,6200
2024-10-01,8.70000,8.86000,8.70000,8.70000,63300
2024-10-02,8.71000,9.31000,8.71000,9.31000,20400
2024-10-03,9.17000,9.41000,9.01000,9.01000,13400
2024-10-04,8.83000,8.83000,8.83000,8.83000,400
2024-10-07,9.00000,9.40000,8.83000,9.21000,9900
2024-10-08,9.43000,9.63000,9.15000,9.63000,58300
2024-10-09,9.64000,14.67000,9.64000,14.15000,588900
2024-10-10,14.12000,14.38000,13.05000,14.05000,171900
2024-10-11,14.00000,16.49000,14.00000,16.11000,90000
2024-10-14,16.02000,16.02000,14.57000,14.79000,32000
2024-10-15,14.99000,16.08000,14.32000,14.32000,138500
2024-10-16,14.32000,15.00000,13.21000,13.70000,36400
2024-10-17,13.65000,14.08000,13.63000,14.00000,13600
2024-10-18,14.13000,14.80000,14.00000,14.34000,13800
2024-10-21,14.73000,17.80000,14.73000,16.41000,59800
2024-10-22,16.21000,16.45000,14.85000,16.16000,25700
2024-10-23,16.21000,18.00000,15.66000,17.99000,125400
2024-10-24,18.00000,19.63000,16.34000,16.77000,150400
2024-10-25,16.71000,16.98000,16.05000,16.51000,26700
2024-10-28,16.47000,17.58000,16.22000,17.17000,42500
2024-10-29,17.13000,18.05000,17.13000,18.04000,20600
2024-10-30,18.36000,18.40000,17.20000,18.03000,71600
2024-10-31,18.05000,18.40000,17.52000,17.90000,13700
2024-11-01,17.86000,18.29000,17.32000,18.05000,10900
2024-11-04,18.20000,19.37000,17.72000,18.90000,44500
2024-11-05,18.00000,18.85000,16.90000,17.17000,89800
2024-11-06,17.90000,17.90000,16.63000,16.78000,22800
2024-11-07,16.83000,18.45000,16.44000,18.24000,17300
2024-11-08,18.17000,18.29000,17.10000,17.90000,50500
2024-11-11,17.93000,17.93000,17.17000,17.23000,10200
2024-11-12,16.97000,17.28000,16.39000,16.76000,37900
2024-11-13,16.82000,17.10000,16.20000,17.03000,20100
2024-11-14,16.83000,17.42000,16.14000,16.41000,21300
2024-11-15,16.44000,17.71000,15.00000,16.30000,112500
2024-11-18,16.12000,16.14000,14.60000,14.70000,50700
2024-11-19,14.62000,16.00000,14.25000,15.52000,33500
2024-11-20,15.37000,16.29000,14.51000,16.09000,45600
2024-11-21,16.00000,16.66000,15.86000,16.10000,26300
2024-11-22,16.15000,16.75000,15.14000,16.75000,19300
2024-11-25,16.48000,16.87000,16.32000,16.42000,9000
2024-11-26,16.26000,16.90000,15.82000,16.25000,15200
2024-11-27,16.25000,16.80000,15.94000,16.50000,17900
2024-11-29,16.26000,16.83000,16.01000,16.32000,8400
2024-12-02,16.32000,16.78000,16.09000,16.66000,19800
2024-12-03,16.08000,16.90000,16.04000,16.26000,21500
2024-12-04,16.29000,16.30000,16.10000,16.30000,5400
2024-12-05,16.39000,16.51000,16.00000,16.00000,9000
2024-12-06,16.80000,16.89000,15.78000,16.07000,23100
2024-12-09,16.24000,16.62000,15.75000,16.39000,18000
2024-12-10,16.39000,16.90000,16.22000,16.83000,17200
2024-12-11,16.98000,17.49000,16.14000,16.65000,44400
2024-12-12,16.84000,16.84000,13.51000,16.55000,71100
2024-12-13,16.52000,16.66000,15.88000,16.16000,15900
2024-12-16,15.63000,16.38000,15.41000,16.36000,19400
2024-12-17,16.43000,16.43000,15.53000,15.99000,107600
2024-12-18,15.68000,15.78000,14.80000,14.98000,20700
2024-12-19,14.86000,15.99000,14.52000,14.99000,35400
2024-12-20,14.81000,15.15000,14.57000,15.15000,14700
2024-12-23,15.20000,15.20000,14.51000,15.01000,18100
2024-12-24,15.70000,15.70000,14.28000,14.64000,38500
2024-12-26,14.81000,15.16000,14.60000,14.85000,24800
2024-12-27,14.63000,14.94000,14.50000,14.65000,18200
2024-12-30,14.49000,14.76000,14.25000,14.36000,18300
2024-12-31,14.26000,14.84000,13.84000,14.78000,13200
2025-01-02,14.97000,15.14000,13.53000,14.28000,69400
2025-01-03,14.37000,14.73000,13.33000,13.99000,20700
2025-01-06,14.00000,14.50000,13.98000,14.50000,109700
2025-01-07,14.40000,14.87000,13.75000,14.06000,61600
2025-01-08,14.00000,14.31000,13.75000,13.75000,20000
2025-01-10,13.62000,14.35000,13.62000,14.03000,93300
2025-01-13,13.80000,14.47000,13.80000,14.37000,40500
2025-01-14,14.37000,14.50000,12.97000,12.97000,38800
2025-01-15,13.22000,13.22000,12.78000,13.07000,16300
2025-01-16,12.84000,12.95000,12.55000,12.57000,22600
2025-01-17,12.55000,12.55000,11.91000,12.15000,47100
2025-01-21,12.10000,12.77000,12.06000,12.15000,21500
2025-01-22,12.33000,13.00000,12.15000,12.78000,52500
2025-01-23,12.66000,13.18000,12.66000,13.06000,15000
2025-01-24,13.02000,13.73000,13.01000,13.64000,19000
2025-01-27,13.15000,13.93000,13.03000,13.93000,11700
2025-01-28,14.14000,15.15000,13.13000,13.13000,27600
2025-01-29,13.13000,13.73000,13.05000,13.36000,18400
2025-01-30,13.31000,14.42000,12.93000,13.02000,53100
2025-01-31,13.10000,13.48000,12.87000,12.99000,12900
2025-02-03,11.50000,13.30000,11.50000,13.30000,43800
2025-02-04,13.40000,13.69000,13.00000,13.49000,11200
2025-02-05,13.25000,13.68000,13.06000,13.38000,26400
2025-02-06,12.66000,12.80000,11.87000,12.32000,28200
2025-02-07,12.49000,12.54000,12.17000,12.22000,9800
2025-02-10,12.01000,12.25000,11.50000,11.82000,13100
2025-02-11,11.79000,11.83000,11.40000,11.56000,13900
2025-02-12,11.66000,11.67000,11.44000,11.44000,13500
2025-02-13,11.50000,11.65000,11.50000,11.53000,6500
2025-02-14,11.41000,11.60000,11.20000,11.46000,16100
2025-02-18,11.32000,11.49000,11.11000,11.45000,13000
2025-02-19,11.53000,11.69000,11.31000,11.55000,12600
2025-02-20,11.48000,11.48000,11.02000,11.02000,7700
2025-02-21,11.05000,11.27000,10.23000,10.44000,24200
2025-02-24,10.00000,10.05000,9.24000,9.38000,28000
2025-02-25,9.45000,10.06000,9.25000,9.25000,15300
2025-02-26,9.32000,9.34000,9.15000,9.26000,10200
2025-02-27,9.27000,9.72000,9.15000,9.15000,29100
2025-02-28,9.20000,9.80000,9.20000,9.70000,37100
2025-03-03,9.65000,9.66000,8.71000,8.71000,35200
2025-03-04,8.80000,8.85000,8.65000,8.80000,6900
2025-03-05,8.86000,8.96000,8.36000,8.36000,17700
2025-03-06,8.34000,8.50000,8.28000,8.35000,11700
2025-03-07,8.35000,8.90000,8.25000,8.86000,22200
2025-03-10,8.64000,8.76000,8.21000,8.26000,19400
2025-03-11,8.21000,8.44000,8.21000,8.25000,6200
2025-03-12,8.66000,8.66000,8.25000,8.39000,9800
2025-03-13,8.67000,8.67000,8.19000,8.40000,10500
2025-03-14,8.40000,8.68000,8.40000,8.40000,6300
2025-03-17,8.45000,8.66000,8.37000,8.59000,7500
2025-03-18,8.55000,8.80000,8.35000,8.35000,9300
2025-03-19,8.45000,8.77000,8.45000,8.77000,6000
2025-03-20,8.66000,10.70000,8.62000,9.99000,136400
2025-03-21,9.82000,10.88000,9.82000,10.35000,30600
2025-03-24,10.59000,11.21000,10.35000,10.50000,14600
2025-03-25,10.60000,10.60000,10.15000,10.28000,14900
2025-03-26,10.34000,10.34000,9.53000,10.04000,17500
2025-03-27,9.96000,10.50000,9.96000,10.29000,4900
2025-03-28,10.74000,10.74000,10.28000,10.30000,3700
2025-03-31,10.50000,10.50000,10.00000,10.38000,11700
2025-04-01,10.77000,10.87000,10.21000,10.39000,17000
2025-04-02,10.39000,10.88000,10.23000,10.71000,29800
2025-04-03,10.88000,10.88000,9.95000,9.99000,17400
2025-04-04,9.75000,10.14000,8.98000,9.53000,24200
2025-04-07,9.33000,9.49000,8.74000,8.77000,12000
2025-04-08,8.97000,9.03000,8.26000,8.33000,23700
2025-04-09,8.23000,9.21000,8.23000,8.96000,4600
2025-04-10,8.75000,9.00000,8.75000,8.81000,6700
2025-04-11,9.02000,9.18000,8.79000,8.95000,45900
2025-04-14,9.90000,9.90000,8.65000,8.65000,35600
2025-04-15,8.93000,9.06000,8.60000,8.65000,12100
2025-04-16,8.60000,9.00000,8.52000,8.52000,16900
2025-04-17,8.51000,8.70000,8.50000,8.50000,2500
2025-04-21,8.51000,8.63000,8.30000,8.48000,30800
2025-04-22,8.36000,8.60000,8.35000,8.55000,6900
2025-04-23,8.55000,8.58000,8.31000,8.45000,18300
2025-04-24,8.56000,9.16000,8.45000,8.96000,13500
2025-04-25,9.00000,9.01000,8.52000,8.72000,9600
2025-04-28,8.76000,8.77000,8.31000,8.55000,6900
2025-04-29,8.44000,8.64000,8.30000,8.50000,13400
2025-04-30,8.34000,8.50000,7.97000,8.05000,12900
2025-05-01,8.17000,8.38000,8.06000,8.37000,9700
2025-05-02,8.45000,8.57000,8.23000,8.23000,3800
2025-05-05,8.35000,8.68000,8.35000,8.62000,6600
2025-05-06,8.80000,8.80000,8.41000,8.46000,5300
2025-05-07,8.65000,8.73000,8.11000,8.11000,18000
2025-05-08,8.11000,8.12000,7.35000,7.80000,38700
2025-05-09,7.75000,7.96000,7.37000,7.37000,16700
2025-05-12,7.56000,7.69000,7.30000,7.45000,21400
2025-05-13,7.45000,7.50000,7.30000,7.50000,7500
2025-05-14,7.30000,7.45000,7.30000,7.31000,12900
2025-05-15,7.30000,7.43000,7.18000,7.37000,9500
2025-05-16,7.40000,7.50000,7.15000,7.44000,19700
2025-05-19,7.40000,7.50000,7.21000,7.45000,8800
2025-05-20,7.23000,7.30000,7.14000,7.14000,12000
2025-05-21,7.14000,7.21000,6.78000,6.81000,15700
2025-05-22,6.91000,7.00000,6.69000,6.96000,11200
2025-05-23,6.86000,6.99000,6.68000,6.99000,19900
2025-05-27,6.70000,6.83000,6.50000,6.65000,24300
2025-05-28,6.74000,6.97000,6.55000,6.57000,15100
2025-05-29,6.69000,6.69000,6.29000,6.49000,12800
2025-05-30,6.33000,6.50000,6.15000,6.15000,17600
2025-06-02,6.16000,6.65000,6.00000,6.60000,22900
2025-06-03,6.32000,7.00000,6.20000,6.91000,17200
2025-06-04,6.54000,6.93000,6.38000,6.77000,27000
2025-06-05,6.71000,6.73000,6.39000,6.73000,12600
2025-06-06,6.46000,6.78000,6.44000,6.65000,9000
2025-06-09,6.76000,6.76000,6.44000,6.70000,6500
2025-06-10,6.60000,6.67000,6.40000,6.60000,10700
2025-06-11,6.70000,6.77000,6.50000,6.65000,26400
2025-06-12,6.41000,6.58000,6.40000,6.57000,13600
2025-06-13,6.55000,6.67000,6.25000,6.50000,13500
2025-06-16,6.53000,6.69000,6.35000,6.60000,19600
2025-06-17,6.26000,6.72000,6.26000,6.50000,16700
2025-06-18,6.50000,6.50000,6.20000,6.42000,24300
2025-06-20,6.44000,6.44000,6.10000,6.16000,37900
2025-06-23,6.15000,6.25000,6.08000,6.14000,10000
2025-06-24,6.07000,6.10000,5.83000,6.07000,39400
2025-06-25,6.11000,6.98000,5.88000,6.88000,380800
2025-06-26,6.88000,7.00000,6.52000,6.67000,11900
2025-06-27,6.67000,6.70000,6.28000,6.28000,11100
2025-06-30,6.30000,6.78000,6.27000,6.40000,12700
2025-07-01,6.21000,6.62000,6.12000,6.27000,28200
2025-07-02,6.14000,6.57000,6.04000,6.36000,21000
2025-07-03,6.31000,6.42000,6.31000,6.38000,2000
2025-07-07,6.67000,6.67000,6.41000,6.56000,4600
2025-07-08,6.58000,6.58000,6.30000,6.30000,8500
2025-07-09,6.30000,6.30000,6.30000,6.30000,700
2025-07-10,6.66000,7.00000,6.60000,6.62000,15500
2025-07-11,6.74000,6.88000,6.71000,6.80000,8000
2025-07-14,6.88000,7.19000,6.77000,6.77000,6700
2025-07-15,6.76000,6.76000,6.61000,6.61000,1500
2025-07-16,6.68000,6.69000,6.61000,6.61000,5600
2025-07-17,6.66000,6.98000,6.66000,6.66000,7300
2025-07-18,6.99000,7.76000,6.66000,6.96000,63600
2025-07-21,6.96000,7.05000,6.72000,6.72000,31300
2025-07-22,6.72000,6.83000,6.44000,6.55000,28500
2025-07-23,6.66000,6.66000,6.06000,6.25000,14500
2025-07-24,6.15000,6.15000,5.43000,5.83000,26000
2025-07-25,5.95000,5.95000,4.88000,4.93000,69200
2025-07-28,5.31000,5.43000,5.00000,5.29000,26600
2025-07-29,5.25000,5.40000,5.06000,5.10000,30300
2025-07-30,5.09000,5.37000,5.09000,5.22000,38600
2025-07-31,5.24000,5.24000,4.90000,4.96000,22300
2025-08-01,4.92000,4.97000,4.50000,4.64000,45600
2025-08-04,4.64000,5.06000,4.46000,4.94000,41200
2025-08-05,4.85000,5.07000,4.70000,4.90000,27100
2025-08-06,4.85000,5.01000,4.73000,4.85000,39500
2025-08-07,5.06000,5.07000,4.46000,4.46000,18300
2025-08-08,4.47000,4.58000,4.35000,4.36000,21800
2025-08-11,4.30000,4.49000,4.00000,4.14000,29000
2025-08-12,4.02000,4.28000,3.79000,3.86000,48200
2025-08-13,3.93000,4.65000,3.86000,4.64000,69100
2025-08-14,4.57000,4.63000,4.14000,4.19000,76500
2025-08-15,4.29000,4.43000,4.15000,4.37000,17800
2025-08-18,4.35000,4.64000,4.15000,4.25000,40200
2025-08-19,4.04000,4.54000,4.04000,4.25000,35500
2025-08-20,4.14000,4.40000,4.09000,4.10000,20700
2025-08-21,4.09000,4.18000,3.96000,3.96000,32500
2025-08-22,4.04000,4.22000,4.04000,4.08000,27500
2025-08-25,4.10000,4.38000,4.10000,4.37000,19800
2025-08-26,4.31000,4.43000,4.27000,4.30000,16100
2025-08-27,4.31000,4.42000,4.20000,4.26000,19900
2025-08-28,4.30000,4.50000,4.30000,4.31000,11500
2025-08-29,4.31000,4.43000,4.22000,4.34000,12500
2025-09-02,4.25000,4.44000,4.20000,4.30000,22000
2025-09-03,4.28000,4.28000,3.92000,3.94000,23900
2025-09-04,3.93000,4.12000,3.82000,3.90000,27900
2025-09-05,4.05000,4.10000,3.86000,4.09000,5100
2025-09-08,4.07000,4.13000,4.00000,4.13000,11100
2025-09-09,4.00000,4.36000,4.00000,4.24000,21600
2025-09-10,3.91000,4.40000,3.91000,4.36000,13500
2025-09-11,4.33000,4.44000,4.33000,4.42000,10100
2025-09-12,4.37000,4.40000,4.24000,4.26000,12500
2025-09-15,4.29000,4.52000,4.28000,4.52000,12500
2025-09-16,4.40000,6.95000,4.26000,5.88000,593800
2025-09-17,5.86000,6.19000,5.12000,5.35000,104200
2025-09-18,5.24000,5.41000,5.12000,5.35000,13300
2025-09-19,5.37000,5.62000,5.23000,5.40000,32500
2025-09-22,5.44000,5.82000,5.44000,5.75000,78200
2025-09-23,5.74000,6.00000,5.52000,5.70000,24800
2025-09-24,5.70000,5.91000,5.61000,5.68000,14100
2025-09-25,5.73000,5.75000,5.22000,5.49000,16900
2025-09-26,5.47000,5.73000,5.40000,5.66000,13300
2025-09-29,5.31000,5.65000,5.31000,5.43000,18700
2025-09-30,5.41000,5.70000,5.41000,5.44000,5500
2025-10-01,5.44000,5.66000,5.37000,5.38000,28800
2025-10-02,5.35000,5.62000,5.31000,5.43000,18200
2025-10-03,5.52000,5.52000,5.32000,5.32000,6700
2025-10-06,5.42000,5.42000,5.24000,5.31000,7900
2025-10-07,5.31000,5.31000,5.00000,5.08000,54300
2025-10-08,5.10000,5.37000,5.01000,5.10000,34800
2025-10-09,5.14000,5.43000,4.64000,4.70000,48600
2025-10-10,4.61000,4.99000,4.26000,4.33000,36900
2025-10-13,4.52000,4.74000,4.27000,4.65000,23500
2025-10-14,4.55000,4.89000,3.83000,4.39000,72000
2025-10-15,4.46000,4.53000,3.99000,4.06000,53300
2025-10-16,4.20000,4.35000,3.94000,3.94000,78700
2025-10-17,4.01000,4.14000,3.92000,3.95000,35100
2025-10-20,4.08000,4.14000,3.99000,4.07000,19600
2025-10-21,4.09000,4.21000,4.01000,4.11000,19900
2025-10-22,4.01000,4.32000,4.00000,4.13000,38400
2025-10-23,4.13000,4.52000,4.13000,4.41000,22500
2025-10-24,4.22000,4.60000,4.21000,4.54000,20100
2025-10-27,4.64000,4.97000,4.47000,4.67000,36500
2025-10-28,4.64000,4.73000,4.40000,4.54000,25200
2025-10-29,4.59000,4.69000,4.42000,4.57000,16600
2025-10-30,4.32000,4.45000,4.21000,4.30000,6100
2025-10-31,4.34000,4.46000,4.23000,4.23000,9600
2025-11-03,4.26000,4.55000,4.16000,4.29000,3700
2025-11-04,4.15000,4.48000,4.00000,4.05000,25300
2025-11-05,4.05000,4.30000,4.00000,4.00000,17500
2025-11-06,4.03000,4.12000,3.94000,4.07000,19800
2025-11-07,3.90000,4.26000,3.90000,3.95000,3700
2025-11-10,4.03000,4.35000,3.96000,4.07000,3000
2025-11-11,4.06000,5.70000,3.92000,5.24000,337800
2025-11-12,5.30000,5.30000,4.95000,4.95000,671000
2025-11-13,4.97000,4.97000,4.43000,4.60000,42500
2025-11-14,4.55000,4.68000,4.19000,4.19000,24300
2025-11-17,4.35000,4.79000,4.35000,4.49000,21100
2025-11-18,4.36000,4.70000,4.36000,4.40000,10100
2025-11-19,4.40000,4.50000,4.40000,4.45000,5700
2025-11-20,4.42000,4.68000,4.42000,4.49000,16000
2025-11-21,4.49000,4.61000,4.43000,4.56000,5000
2025-11-24,4.56000,4.72000,4.17000,4.25000,17100
2025-11-25,4.34000,4.50000,4.25000,4.35000,14900
2025-11-26,4.45000,4.65000,3.92000,3.95000,26200
2025-11-28,3.90000,4.27000,3.87000,3.95000,16600
2025-12-01,3.95000,4.05000,3.85000,4.04000,10200
2025-12-02,4.37000,4.37000,3.87000,3.87000,8600
2025-12-03,3.87000,4.27000,3.70000,3.70000,13700
2025-12-04,3.80000,3.99000,3.80000,3.86000,12400
2025-12-05,3.90000,4.00000,3.90000,3.95000,5000
2025-12-08,4.00000,4.13000,3.95000,4.12000,21600
2025-12-09,4.01000,4.80000,3.90000,4.15000,40800
2025-12-10,4.31000,4.42000,4.06000,4.12000,62700
2025-12-11,4.11000,4.43000,4.09000,4.12000,23900
2025-12-12,4.12000,4.27000,4.06000,4.06000,34800
2025-12-15,4.05000,4.05000,3.65000,3.65000,12600
2025-12-16,3.70000,3.70000,3.45000,3.45000,30100
2025-12-17,3.48000,3.52000,3.34000,3.40000,42500
2025-12-18,3.47000,4.51000,3.47000,4.00000,213700
2025-12-19,4.02000,4.10000,3.56000,3.63000,72000
2025-12-22,3.68000,3.91000,3.60000,3.60000,29900
2025-12-23,3.64000,3.84000,3.59000,3.65000,28500
2025-12-24,3.70000,3.74000,3.60000,3.68000,9900
2025-12-26,3.65000,3.81000,3.58000,3.74000,35000
2025-12-29,3.75000,3.98000,3.66000,3.73000,28900
2025-12-30,4.00000,4.74000,4.00000,4.50000,454100
2025-12-31,4.79000,5.72000,4.50000,4.79000,458100
2026-01-02,4.71000,4.89000,4.45000,4.59000,75400
2026-01-05,4.60000,5.04000,4.55000,5.02000,125300
2026-01-06,5.07000,5.40000,4.60000,4.75000,91200
2026-01-07,4.77000,5.15000,4.77000,5.08000,42600
2026-01-08,5.00000,5.02000,4.81000,4.84000,19400
2026-01-09,4.92000,5.00000,4.82000,5.00000,5700
2026-01-12,4.93000,5.05000,4.78000,4.94000,24600
2026-01-13,4.83000,5.10000,4.79000,5.05000,40300
2026-01-14,4.99000,5.15000,4.60000,4.95000,115200
2026-01-15,4.96000,5.33000,4.96000,5.02000,33200
2026-01-16,5.10000,5.26000,5.05000,5.09000,55100
2026-01-20,5.07000,5.41000,5.07000,5.23000,27200
2026-01-21,5.34000,5.62000,5.20000,5.62000,21600
2026-01-22,5.55000,5.67000,5.26000,5.61000,28800
2026-01-23,5.70000,5.70000,5.43000,5.49000,14000
2026-01-26,5.40000,5.69000,5.36000,5.59000,50900
2026-01-27,5.37000,5.67000,5.18000,5.60000,14800
2026-01-28,5.57000,5.60000,5.22000,5.41000,86800
2026-01-29,5.38000,5.40000,5.10000,5.16000,17800
2026-01-30,5.08000,5.60000,5.06000,5.27000,28200
2026-02-02,5.25000,5.65000,5.15000,5.49000,44000
2026-02-03,5.39000,5.50000,5.15000,5.46000,32300
2026-02-04,5.34000,5.63000,5.32000,5.61000,43800
2026-02-05,5.49000,5.57000,5.26000,5.53000,25400
2026-02-06,5.41000,5.54000,5.01000,5.28000,51000
2026-02-09,5.31000,5.60000,5.25000,5.25000,59600
2026-02-10,5.25000,6.17000,5.09000,5.59000,55600
2026-02-11,5.99000,7.01000,5.94000,6.80000,94300
2026-02-12,6.74000,7.00000,6.40000,6.63000,53400
2026-02-13,6.55000,7.31000,6.40000,6.90000,61500
2026-02-17,7.22000,7.38000,6.65000,7.08000,63500
2026-02-18,7.01000,7.37000,7.01000,7.20000,49900
2026-02-19,7.40000,9.33000,7.40000,8.85000,205500
2026-02-20,8.94000,9.30000,8.27000,8.62000,123400
2026-02-23,8.60000,9.50000,7.56000,8.35000,122100
2026-02-24,8.50000,8.96000,8.13000,8.73000,89000
2026-02-25,8.75000,9.00000,8.41000,8.77000,61500
2026-02-26,8.72000,9.20000,8.34000,8.68000,123000
2026-02-27,8.86000,9.33000,8.63000,8.69000,86600
2026-03-02,8.70000,9.46000,8.56000,9.40000,210800
2026-03-03,9.20000,9.97000,8.58000,8.94000,156200
2026-03-04,8.85000,9.35000,8.57000,9.17000,140600
2026-03-05,9.13000,9.74000,8.78000,9.02000,127600
2026-03-06,8.95000,9.81000,8.84000,9.68000,233000
2026-03-09,9.67000,9.88000,8.41000,8.61000,167600
2026-03-10,8.67000,9.18000,8.35000,8.78000,126800
2026-03-11,9.06000,9.47000,8.76000,9.25000,117100
2026-03-12,9.24000,9.50000,8.92000,8.92000,128900
2026-03-13,8.96000,9.65000,8.96000,9.42000,162000
2026-03-16,9.44000,9.50000,9.10000,9.10000,83400
2026-03-17,9.07000,9.51000,8.91000,8.92000,60700
2026-03-18,8.79000,8.80000,8.37000,8.59000,86700
2026-03-19,8.61000,8.99000,8.47000,8.52000,91300
2026-03-20,8.55000,8.84000,7.78000,7.95000,208600
2026-03-23,8.03000,8.63000,7.78000,8.43000,92200
2026-03-24,8.44000,8.65000,8.19000,8.19000,36800
2026-03-25,8.49000,9.00000,8.23000,8.40000,50600
2026-03-26,8.40000,8.83000,8.37000,8.71000,34800
2026-03-27,8.89000,8.89000,8.44000,8.50000,69400
2026-03-30,8.68000,8.95000,8.30000,8.76000,43700
2026-03-31,8.94000,9.29000,8.53000,8.61000,75400
2026-04-01,8.43000,8.62000,8.09000,8.42000,75300
2026-04-02,8.23000,8.52000,8.11000,8.23000,49500
2026-04-06,8.19000,9.08000,8.19000,8.54000,12900
2026-04-07,8.54000,9.11000,8.40000,8.78000,41200
2026-04-08,8.93000,9.00000,8.51000,8.54000,29300
2026-04-09,8.60000,8.87000,8.39000,8.85000,18800
2026-04-10,8.77000,8.77000,8.16000,8.45000,39400
2026-04-13,8.38000,8.60000,8.29000,8.35000,11500
2026-04-14,8.59000,8.59000,8.22000,8.37000,24700
2026-04-15,8.41000,8.44500,8.15500,8.31500,28741
