date,open,high,low,close,volume
2016-02-04,13.59000,14.08000,13.50000,13.75000,71000
2016-02-05,13.74000,14.14000,13.04000,13.10000,135300
2016-02-08,12.87000,13.90000,12.18000,13.68000,267700
2016-02-09,13.54000,13.69000,12.03000,13.12000,132100
2016-02-10,13.06000,13.65000,12.62000,13.12000,101900
2016-02-11,12.83000,13.09000,12.49000,12.75000,92900
2016-02-12,12.89000,13.00000,12.51000,12.74000,96300
2016-02-16,12.88000,13.32000,12.56000,13.16000,86600
2016-02-17,13.16000,13.31000,12.90000,13.03000,99800
2016-02-18,13.05000,13.20000,12.41000,12.51000,89700
2016-02-19,12.50000,13.12000,12.30000,12.80000,96000
2016-02-22,13.10000,13.10000,12.47000,12.50000,127900
2016-02-23,12.40000,12.97000,12.36000,12.75000,65700
2016-02-24,12.75000,13.35000,12.67000,13.32000,84900
2016-02-25,13.88000,16.02000,13.83000,15.11000,279000
2016-02-26,15.46000,15.75000,14.41000,14.68000,135300
2016-02-29,14.58000,14.87000,14.51000,14.73000,111400
2016-03-01,14.76000,14.87000,14.24000,14.42000,138000
2016-03-02,14.46000,14.68000,14.25000,14.47000,78600
2016-03-03,14.56000,14.87000,14.31000,14.79000,89800
2016-03-04,14.72000,14.72000,14.26000,14.45000,58300
2016-03-07,14.44000,14.90000,14.38000,14.62000,72500
2016-03-08,14.66000,14.87000,14.46000,14.55000,78000
2016-03-09,14.56000,14.79000,14.55000,14.73000,84800
2016-03-10,14.79000,14.86000,14.37000,14.48000,79100
2016-03-11,14.68000,15.31000,14.68000,15.23000,143700
2016-03-14,15.24000,15.30000,14.69000,14.79000,66400
2016-03-15,14.66000,14.75000,14.45000,14.50000,63900
2016-03-16,14.50000,14.82000,14.38000,14.48000,69900
2016-03-17,14.48000,14.50000,13.24000,13.32000,167600
2016-03-18,13.40000,13.73000,13.01000,13.37000,181100
2016-03-21,13.39000,13.65000,13.27000,13.48000,90700
2016-03-22,13.49000,13.84000,13.39000,13.63000,57900
2016-03-23,13.66000,13.75000,13.24000,13.26000,115500
2016-03-24,13.24000,13.38000,13.06000,13.35000,123100
2016-03-28,13.55000,14.14000,13.37000,14.07000,121600
2016-03-29,14.09000,14.95000,14.09000,14.86000,101800
2016-03-30,15.00000,15.46000,14.87000,15.40000,133600
2016-03-31,15.36000,15.60000,15.33000,15.52000,93600
2016-04-01,15.50000,15.71000,15.26000,15.67000,92600
2016-04-04,15.78000,16.17000,15.71000,15.87000,126800
2016-04-05,15.71000,15.88000,14.89000,14.89000,109400
2016-04-06,14.88000,15.38000,14.88000,15.33000,53000
2016-04-07,15.20000,15.20000,15.00000,15.13000,49100
2016-04-08,15.31000,15.58000,15.15000,15.48000,113900
2016-04-11,15.73000,15.79000,15.28000,15.36000,97900
2016-04-12,15.35000,15.49000,15.14000,15.43000,49200
2016-04-13,15.53000,15.64000,15.31000,15.61000,37800
2016-04-14,15.54000,15.83000,15.54000,15.59000,42500
2016-04-15,15.51000,15.98000,15.51000,15.91000,46800
2016-04-18,15.91000,16.37000,15.83000,16.08000,95800
2016-04-19,16.19000,16.48000,16.01000,16.26000,150500
2016-04-20,16.20000,16.37000,16.14000,16.26000,81400
2016-04-21,16.26000,16.58000,16.14000,16.36000,196000
2016-04-22,16.40000,16.84000,16.36000,16.66000,59400
2016-04-25,16.70000,16.75000,16.13000,16.51000,74900
2016-04-26,16.58000,16.83000,16.28000,16.66000,65900
2016-04-27,16.64000,16.73000,16.35000,16.56000,97500
2016-04-28,16.54000,16.78000,16.49000,16.67000,76800
2016-04-29,16.52000,16.70000,16.37000,16.58000,47200
2016-05-02,16.70000,16.82000,16.28000,16.72000,124700
2016-05-03,16.70000,16.87000,15.14000,16.34000,237300
2016-05-04,16.21000,16.35000,15.93000,16.09000,59000
2016-05-05,16.06000,16.30000,15.96000,16.17000,207800
2016-05-06,16.16000,16.17000,15.80000,15.95000,71400
2016-05-09,15.86000,16.36000,15.85000,15.87000,90900
2016-05-10,16.01000,16.04000,15.69000,15.86000,51300
2016-05-11,15.89000,15.90000,15.57000,15.60000,45700
2016-05-12,15.61000,15.68000,15.22000,15.50000,104900
2016-05-13,15.43000,15.66000,15.29000,15.46000,55600
2016-05-16,15.46000,15.62000,15.41000,15.46000,72600
2016-05-17,15.40000,15.40000,14.74000,14.90000,108000
2016-05-18,14.92000,15.00000,14.72000,14.94000,58200
2016-05-19,14.90000,14.93000,14.43000,14.89000,59900
2016-05-20,14.95000,15.08000,14.86000,14.99000,41500
2016-05-23,15.00000,15.18000,14.93000,14.98000,50700
2016-05-24,15.14000,15.41000,15.14000,15.31000,54000
2016-05-25,15.29000,15.30000,14.91000,14.94000,57600
2016-05-26,14.96000,15.00000,13.75000,13.93000,134100
2016-05-27,13.94000,14.72000,13.85000,14.69000,57500
2016-05-31,14.67000,14.79000,13.84000,13.97000,104700
2016-06-01,13.91000,14.52000,13.91000,14.49000,160900
2016-06-02,14.57000,14.85000,14.52000,14.76000,105400
2016-06-03,14.76000,15.03000,14.65000,14.87000,132100
2016-06-06,14.90000,15.09000,14.80000,14.90000,54800
2016-06-07,14.85000,15.11000,14.75000,14.91000,68500
2016-06-08,14.84000,15.14000,14.81000,14.94000,46700
2016-06-09,14.88000,15.13000,14.88000,15.09000,34500
2016-06-10,14.90000,15.19000,14.80000,15.03000,55300
2016-06-13,15.08000,15.23000,14.58000,14.67000,59600
2016-06-14,14.61000,14.90000,14.61000,14.83000,37300
2016-06-15,14.80000,14.94000,14.51000,14.66000,58500
2016-06-16,14.60000,14.82000,14.11000,14.39000,81500
2016-06-17,14.44000,14.44000,14.06000,14.15000,111800
2016-06-20,14.36000,14.99000,14.29000,14.83000,65500
2016-06-21,14.87000,14.87000,14.43000,14.54000,42800
2016-06-22,14.57000,14.89000,14.44000,14.69000,46700
2016-06-23,14.83000,15.03000,14.74000,14.82000,33700
2016-06-24,14.09000,14.53000,14.05000,14.42000,444600
2016-06-27,14.34000,14.44000,13.77000,13.89000,54600
2016-06-28,14.05000,14.39000,13.91000,14.01000,86900
2016-06-29,14.17000,14.34000,13.89000,13.92000,91200
2016-06-30,13.90000,14.28000,13.86000,14.27000,102500
2016-07-01,14.27000,14.39000,13.77000,13.84000,119900
2016-07-05,13.88000,13.88000,13.61000,13.70000,152900
2016-07-06,13.60000,13.87000,13.60000,13.77000,95700
2016-07-07,13.78000,13.80000,13.52000,13.56000,83200
2016-07-08,13.61000,13.81000,13.61000,13.70000,129400
2016-07-11,13.69000,13.89000,13.60000,13.64000,147700
2016-07-12,13.75000,14.24000,13.75000,14.20000,129500
2016-07-13,14.29000,14.55000,14.14000,14.25000,64200
2016-07-14,14.43000,14.43000,13.79000,13.83000,69500
2016-07-15,13.95000,14.11000,13.95000,14.03000,68000
2016-07-18,14.04000,14.08000,13.81000,13.98000,50100
2016-07-19,14.00000,14.11000,13.86000,13.91000,55000
2016-07-20,14.08000,14.34000,13.88000,14.28000,55600
2016-07-21,14.33000,14.46000,14.32000,14.35000,50800
2016-07-22,14.41000,14.64000,14.23000,14.41000,43900
2016-07-25,14.35000,14.49000,14.07000,14.13000,36600
2016-07-26,14.09000,14.43000,14.04000,14.41000,53700
2016-07-27,14.46000,14.70000,14.44000,14.63000,61100
2016-07-28,16.03000,17.10000,15.87000,16.59000,334800
2016-07-29,16.50000,17.41000,16.38000,17.20000,154100
2016-08-01,17.22000,18.14000,17.09000,17.89000,307500
2016-08-02,17.86000,17.86000,17.13000,17.39000,138800
2016-08-03,17.55000,17.80000,17.35000,17.59000,143400
2016-08-04,17.76000,17.85000,17.40000,17.40000,70500
2016-08-05,17.43000,17.55000,17.10000,17.47000,73300
2016-08-08,17.50000,17.64000,17.14000,17.22000,61600
2016-08-09,17.27000,17.83000,17.26000,17.82000,107200
2016-08-10,17.69000,17.69000,17.25000,17.51000,77800
2016-08-11,17.53000,17.85000,17.23000,17.29000,150000
2016-08-12,17.27000,17.37000,17.14000,17.28000,56700
2016-08-15,17.38000,17.58000,17.27000,17.39000,81000
2016-08-16,17.31000,17.52000,17.31000,17.35000,56900
2016-08-17,17.32000,17.50000,17.22000,17.36000,132500
2016-08-18,17.31000,17.50000,17.24000,17.34000,121600
2016-08-19,17.26000,17.37000,16.95000,17.33000,99400
2016-08-22,17.28000,17.71000,17.07000,17.34000,181800
2016-08-23,17.35000,17.50000,17.23000,17.40000,85000
2016-08-24,17.50000,17.55000,16.97000,17.07000,81800
2016-08-25,17.09000,17.33000,16.86000,17.26000,127700
2016-08-26,17.27000,17.59000,16.80000,17.49000,175300
2016-08-29,17.64000,18.37000,17.50000,18.04000,244900
2016-08-30,17.93000,18.85000,17.93000,18.46000,198400
2016-08-31,18.37000,18.54000,18.21000,18.38000,135500
2016-09-01,18.32000,18.32000,17.63000,17.76000,146500
2016-09-02,17.70000,18.46000,17.70000,18.35000,135300
2016-09-06,18.56000,21.12000,18.56000,20.80000,720000
2016-09-07,20.80000,20.94000,20.18000,20.90000,298900
2016-09-08,20.93000,20.93000,20.33000,20.67000,162300
2016-09-09,20.44000,20.57000,20.25000,20.30000,188200
2016-09-12,20.40000,21.17000,20.30000,21.12000,175100
2016-09-13,21.14000,21.20000,20.38000,20.39000,98300
2016-09-14,20.38000,20.88000,20.18000,20.32000,136800
2016-09-15,20.25000,21.20000,20.25000,20.94000,105100
2016-09-16,20.97000,21.13000,20.68000,21.09000,169000
2016-09-19,21.17000,22.25000,21.17000,21.72000,217100
2016-09-20,22.00000,22.50000,21.59000,21.78000,234200
2016-09-21,21.96000,22.05000,21.50000,21.62000,171700
2016-09-22,21.74000,21.90000,20.41000,20.58000,347500
2016-09-23,20.45000,20.57000,20.04000,20.19000,188600
2016-09-26,20.18000,20.75000,19.74000,20.37000,188400
2016-09-27,20.26000,20.50000,20.05000,20.36000,105400
2016-09-28,20.36000,20.47000,19.90000,20.07000,115900
2016-09-29,20.00000,20.02000,19.34000,19.63000,145500
2016-09-30,19.62000,19.88000,19.44000,19.84000,173800
2016-10-03,19.67000,19.89000,19.20000,19.86000,103600
2016-10-04,19.81000,19.96000,19.69000,19.84000,81700
2016-10-05,19.90000,20.19000,19.80000,19.86000,111300
2016-10-06,19.80000,19.97000,19.52000,19.86000,118500
2016-10-07,19.94000,20.14000,19.58000,19.90000,117000
2016-10-10,20.06000,20.49000,19.99000,20.35000,157700
2016-10-11,20.48000,20.48000,19.36000,19.45000,104900
2016-10-12,19.46000,20.11000,19.19000,19.84000,116100
2016-10-13,19.85000,19.85000,19.47000,19.58000,69000
2016-10-14,19.77000,19.88000,19.35000,19.39000,79400
2016-10-17,19.47000,19.59000,19.18000,19.21000,65200
2016-10-18,19.45000,19.80000,19.45000,19.62000,98400
2016-10-19,19.60000,19.60000,19.30000,19.52000,90400
2016-10-20,19.50000,19.77000,19.42000,19.56000,63800
2016-10-21,19.61000,20.22000,19.17000,19.87000,212900
2016-10-24,20.07000,20.25000,19.76000,19.94000,89700
2016-10-25,19.87000,19.87000,19.21000,19.29000,116200
2016-10-26,19.12000,19.12000,18.55000,18.95000,148500
2016-10-27,20.30000,21.77000,19.70000,21.11000,411400
2016-10-28,21.12000,22.33000,20.81000,21.58000,245100
2016-10-31,21.91000,21.91000,20.81000,20.94000,150600
2016-11-01,21.23000,21.23000,20.48000,20.63000,123400
2016-11-02,20.77000,20.79000,20.02000,20.49000,122500
2016-11-03,20.50000,20.81000,20.39000,20.56000,100700
2016-11-04,20.78000,21.25000,20.58000,20.62000,124300
2016-11-07,21.43000,21.96000,21.04000,21.89000,195600
2016-11-08,21.74000,21.85000,21.34000,21.77000,144900
2016-11-09,21.27000,23.59000,20.53000,23.43000,408100
2016-11-10,23.90000,24.14000,22.83000,23.30000,330800
2016-11-11,23.55000,24.36000,22.99000,23.81000,232900
2016-11-14,23.81000,24.33000,22.93000,23.09000,153600
2016-11-15,22.68000,23.12000,21.81000,23.00000,226300
2016-11-16,23.12000,24.04000,23.12000,23.92000,168900
2016-11-17,24.10000,24.99000,23.76000,24.61000,212200
2016-11-18,24.77000,24.89000,24.18000,24.67000,158500
2016-11-21,24.77000,24.77000,23.56000,24.42000,167600
2016-11-22,24.42000,24.87000,23.10000,23.90000,133400
2016-11-23,23.90000,24.39000,23.49000,24.24000,151400
2016-11-25,24.24000,24.44000,23.72000,24.09000,76500
2016-11-28,24.00000,24.36000,23.40000,23.48000,90800
2016-11-29,23.59000,23.76000,23.15000,23.22000,97900
2016-11-30,23.22000,23.68000,22.58000,22.67000,133400
2016-12-01,22.66000,22.89000,21.82000,22.32000,206300
2016-12-02,22.10000,22.70000,22.07000,22.42000,116900
2016-12-05,22.55000,23.29000,22.50000,23.22000,127500
2016-12-06,23.37000,23.97000,22.82000,23.19000,67400
2016-12-07,22.92000,23.35000,22.61000,23.24000,80800
2016-12-08,23.15000,23.87000,23.01000,23.85000,123400
2016-12-09,23.76000,24.82000,23.02000,24.43000,269300
2016-12-12,24.42000,24.42000,23.63000,23.86000,121400
2016-12-13,24.11000,24.19000,23.37000,23.40000,93700
2016-12-14,23.25000,23.85000,23.08000,23.61000,130700
2016-12-15,23.59000,24.06000,23.40000,23.51000,120400
2016-12-16,23.48000,23.60000,22.85000,22.99000,150100
2016-12-19,22.91000,23.57000,22.80000,23.14000,156800
2016-12-20,23.44000,23.92000,22.77000,23.73000,181200
2016-12-21,23.79000,23.79000,23.10000,23.27000,67800
2016-12-22,23.30000,25.19000,23.30000,24.29000,189400
2016-12-23,24.11000,24.57000,24.00000,24.30000,52100
2016-12-27,24.25000,24.61000,24.22000,24.28000,50700
2016-12-28,24.31000,25.30000,24.25000,25.12000,150000
2016-12-29,25.29000,25.52000,25.03000,25.46000,133100
2016-12-30,25.47000,25.87000,25.16000,25.34000,96400
2017-01-03,25.61000,25.61000,24.71000,25.23000,150300
2017-01-04,25.30000,25.50000,25.02000,25.20000,99500
2017-01-05,25.10000,25.43000,24.67000,25.09000,110400
2017-01-06,25.00000,25.47000,24.84000,25.15000,82400
2017-01-09,25.26000,25.52000,25.05000,25.27000,75500
2017-01-10,25.33000,26.90000,25.33000,26.59000,215700
2017-01-11,26.80000,27.04000,24.83000,25.27000,242300
2017-01-12,24.94000,24.94000,23.59000,24.72000,218900
2017-01-13,24.91000,25.57000,24.66000,24.70000,85400
2017-01-17,24.06000,24.16000,23.78000,23.85000,123400
2017-01-18,23.76000,24.16000,23.50000,23.71000,76000
2017-01-19,23.71000,23.71000,22.91000,23.08000,102200
2017-01-20,22.99000,23.55000,22.86000,23.34000,102400
2017-01-23,23.34000,23.56000,23.04000,23.26000,58500
2017-01-24,23.28000,23.40000,22.72000,23.32000,78000
2017-01-25,23.47000,23.88000,23.32000,23.43000,105200
2017-01-26,23.28000,23.44000,23.03000,23.14000,68100
2017-01-27,23.07000,23.65000,23.07000,23.42000,78500
2017-01-30,23.33000,23.33000,22.60000,22.69000,58000
2017-01-31,22.52000,22.98000,22.51000,22.71000,102400
2017-02-01,22.83000,23.16000,22.70000,22.87000,73400
2017-02-02,22.75000,23.00000,22.26000,22.62000,104400
2017-02-03,22.72000,23.04000,22.45000,23.02000,51300
2017-02-06,22.90000,22.90000,22.06000,22.49000,143700
2017-02-07,22.36000,22.90000,22.36000,22.73000,79600
2017-02-08,22.64000,22.89000,22.47000,22.79000,57200
2017-02-09,22.69000,23.24000,22.69000,23.12000,61000
2017-02-10,23.33000,23.63000,23.03000,23.35000,58500
2017-02-13,23.44000,23.80000,23.35000,23.60000,94200
2017-02-14,23.60000,23.93000,23.50000,23.68000,56300
2017-02-15,23.56000,23.78000,23.38000,23.53000,47800
2017-02-16,23.57000,23.57000,23.07000,23.19000,48900
2017-02-17,23.24000,24.00000,23.20000,23.80000,83500
2017-02-21,23.82000,24.90000,23.77000,24.59000,165600
2017-02-22,21.13000,22.61000,19.82000,22.16000,833100
2017-02-23,21.91000,22.39000,21.36000,21.90000,259300
2017-02-24,21.75000,22.50000,21.52000,22.17000,250800
2017-02-27,22.17000,22.99000,22.15000,22.32000,168800
2017-02-28,22.34000,22.64000,22.08000,22.14000,182100
2017-03-01,22.22000,22.99000,22.22000,22.43000,126000
2017-03-02,22.42000,22.45000,22.08000,22.12000,125200
2017-03-03,22.12000,22.30000,21.87000,22.26000,95900
2017-03-06,22.19000,22.65000,22.01000,22.51000,85400
2017-03-07,22.34000,22.53000,22.01000,22.14000,115100
2017-03-08,22.15000,22.39000,22.06000,22.19000,96700
2017-03-09,22.20000,22.51000,22.20000,22.27000,41200
2017-03-10,22.49000,22.86000,22.20000,22.53000,85100
2017-03-13,22.50000,22.68000,22.27000,22.33000,230600
2017-03-14,22.16000,22.93000,22.16000,22.86000,215600
2017-03-15,23.00000,24.70000,23.00000,24.08000,365900
2017-03-16,24.24000,24.31000,23.62000,23.73000,92900
2017-03-17,23.64000,24.44000,23.54000,24.20000,127400
2017-03-20,24.11000,24.13000,23.75000,24.00000,65900
2017-03-21,24.53000,24.83000,23.81000,23.96000,143100
2017-03-22,23.95000,24.18000,23.75000,24.01000,91400
2017-03-23,24.00000,24.17000,23.92000,24.11000,65300
2017-03-24,24.06000,24.28000,22.95000,23.95000,66800
2017-03-27,23.65000,24.14000,23.65000,23.94000,100700
2017-03-28,23.84000,24.08000,23.43000,23.99000,186300
2017-03-29,23.80000,24.16000,23.54000,23.96000,129500
2017-03-30,23.94000,24.38000,23.94000,24.26000,75500
2017-03-31,24.33000,25.00000,24.19000,24.63000,94000
2017-04-03,24.64000,24.90000,24.37000,24.86000,102300
2017-04-04,24.79000,24.97000,24.46000,24.54000,78900
2017-04-05,24.68000,24.90000,24.05000,24.16000,94700
2017-04-06,24.12000,24.48000,23.87000,24.47000,79700
2017-04-07,24.39000,24.91000,24.25000,24.91000,95800
2017-04-10,24.87000,25.10000,24.55000,24.88000,165500
2017-04-11,24.79000,25.29000,24.79000,25.08000,105600
2017-04-12,25.07000,25.14000,24.57000,25.01000,70700
2017-04-13,24.90000,25.21000,24.81000,25.05000,63600
2017-04-17,25.12000,25.37000,24.97000,25.19000,44600
2017-04-18,25.10000,25.26000,24.89000,25.16000,49500
2017-04-19,25.16000,25.36000,24.95000,25.08000,140700
2017-04-20,25.07000,25.49000,24.95000,25.37000,94800
2017-04-21,25.35000,25.35000,25.05000,25.14000,93000
2017-04-24,25.39000,25.65000,25.35000,25.46000,76200
2017-04-25,25.66000,26.48000,25.54000,25.63000,127200
2017-04-26,25.72000,26.54000,25.72000,26.38000,79000
2017-04-27,26.57000,31.97000,26.55000,31.86000,571800
2017-04-28,31.88000,31.90000,29.55000,29.75000,190700
2017-05-01,29.97000,30.62000,29.69000,30.38000,153900
2017-05-02,32.88000,33.22000,32.37000,32.57000,2960300
2017-05-03,32.49000,32.81000,30.33000,30.42000,416700
2017-05-04,30.60000,31.72000,30.40000,31.63000,163600
2017-05-05,31.61000,32.43000,30.85000,32.01000,216900
2017-05-08,31.92000,31.96000,30.15000,30.36000,212700
2017-05-09,30.51000,32.01000,30.30000,30.76000,199100
2017-05-10,30.69000,31.78000,30.69000,31.28000,124500
2017-05-11,31.06000,31.11000,29.83000,30.81000,175000
2017-05-12,31.06000,31.31000,30.36000,30.91000,102300
2017-05-15,30.92000,31.34000,30.68000,30.86000,49600
2017-05-16,30.98000,31.16000,30.54000,30.82000,110400
2017-05-17,30.74000,30.74000,29.63000,29.69000,132300
2017-05-18,29.57000,29.88000,29.25000,29.76000,127500
2017-05-19,29.77000,30.71000,29.32000,29.94000,128900
2017-05-22,29.98000,30.07000,29.13000,29.48000,110300
2017-05-23,29.46000,29.94000,28.94000,29.74000,148500
2017-05-24,29.69000,30.99000,29.52000,30.71000,154600
2017-05-25,30.77000,31.21000,30.16000,30.45000,94000
2017-05-26,30.35000,30.67000,29.93000,30.21000,48400
2017-05-30,30.27000,30.50000,29.93000,30.41000,62000
2017-05-31,30.59000,30.59000,29.92000,30.56000,211000
2017-06-01,30.62000,31.89000,30.47000,31.46000,131400
2017-06-02,31.63000,32.15000,31.34000,31.83000,81000
2017-06-05,31.85000,31.97000,30.85000,31.30000,53100
2017-06-06,31.06000,31.62000,30.51000,31.22000,85700
2017-06-07,31.11000,31.30000,30.82000,31.03000,58500
2017-06-08,31.03000,31.91000,30.75000,31.66000,48600
2017-06-09,31.68000,31.95000,30.54000,30.93000,85700
2017-06-12,30.49000,31.09000,29.08000,29.51000,208700
2017-06-13,29.60000,31.05000,27.81000,27.90000,352300
2017-06-14,27.34000,28.28000,25.05000,27.15000,159500
2017-06-15,27.06000,27.80000,26.72000,27.53000,216800
2017-06-16,27.32000,27.80000,26.77000,27.25000,202000
2017-06-19,27.32000,28.08000,27.32000,27.97000,90800
2017-06-20,28.03000,29.03000,28.00000,28.55000,275900
2017-06-21,28.60000,29.50000,28.60000,28.90000,122000
2017-06-22,29.00000,29.60000,28.97000,29.40000,115000
2017-06-23,29.25000,30.23000,29.25000,30.19000,316900
2017-06-26,30.31000,30.84000,30.15000,30.52000,143800
2017-06-27,30.43000,30.77000,29.72000,29.93000,148500
2017-06-28,30.23000,31.21000,29.62000,31.08000,115300
2017-06-29,31.21000,31.57000,30.74000,31.03000,149200
2017-06-30,31.00000,31.55000,30.91000,31.22000,104100
2017-07-03,31.65000,32.00000,30.23000,30.38000,68700
2017-07-05,30.52000,31.04000,30.15000,30.97000,97500
2017-07-06,30.76000,31.40000,30.42000,31.39000,116400
2017-07-07,31.39000,32.42000,31.30000,31.99000,123700
2017-07-10,27.40000,29.40000,26.37000,27.94000,629500
2017-07-11,27.93000,29.90000,27.90000,29.23000,365400
2017-07-12,29.37000,30.00000,29.26000,29.86000,140400
2017-07-13,30.02000,30.15000,28.81000,29.05000,233200
2017-07-14,29.08000,29.50000,28.92000,29.14000,179200
2017-07-17,29.24000,30.12000,29.15000,29.58000,155800
2017-07-18,29.57000,29.90000,29.06000,29.14000,159200
2017-07-19,29.23000,29.45000,28.96000,28.99000,119600
2017-07-20,29.12000,29.45000,28.53000,29.20000,127100
2017-07-21,29.40000,29.40000,28.27000,28.31000,93000
2017-07-24,28.13000,28.59000,28.13000,28.48000,128100
2017-07-25,28.43000,28.86000,28.39000,28.58000,206000
2017-07-26,28.59000,29.19000,28.55000,28.90000,104800
2017-07-27,29.31000,29.45000,27.90000,28.40000,131800
2017-07-28,30.38000,35.24000,29.79000,33.94000,859700
2017-07-31,34.61000,36.09000,33.74000,36.07000,431200
2017-08-01,35.98000,36.00000,33.89000,34.46000,328600
2017-08-02,34.54000,34.67000,33.21000,34.07000,270200
2017-08-03,34.03000,34.08000,33.00000,33.69000,171900
2017-08-04,33.73000,33.86000,32.37000,33.16000,371400
2017-08-07,33.19000,33.99000,32.71000,33.95000,192800
2017-08-08,34.13000,34.64000,33.31000,34.06000,200800
2017-08-09,33.77000,33.77000,32.70000,33.56000,143500
2017-08-10,33.44000,33.44000,32.45000,32.75000,275500
2017-08-11,32.97000,33.31000,32.72000,32.99000,220900
2017-08-14,33.30000,34.03000,32.79000,34.02000,155600
2017-08-15,34.02000,34.71000,33.82000,34.71000,186800
2017-08-16,34.69000,34.89000,33.98000,34.66000,112600
2017-08-17,34.68000,34.68000,33.82000,34.11000,271700
2017-08-18,33.94000,34.05000,33.38000,33.96000,224200
2017-08-21,33.96000,34.10000,33.73000,33.83000,89700
2017-08-22,33.88000,34.10000,33.77000,34.06000,69000
2017-08-23,33.78000,34.18000,33.71000,33.97000,85600
2017-08-24,34.10000,34.32000,33.61000,34.21000,169000
2017-08-25,34.20000,34.41000,33.44000,34.07000,174600
2017-08-28,34.76000,37.11000,34.76000,36.79000,467700
2017-08-29,36.79000,37.16000,36.15000,36.99000,271900
2017-08-30,37.18000,37.50000,36.48000,36.54000,258400
2017-08-31,36.80000,36.97000,36.26000,36.40000,148000
2017-09-01,36.67000,36.92000,35.90000,36.60000,142300
2017-09-05,36.60000,37.90000,36.59000,37.17000,313300
2017-09-06,37.30000,37.62000,36.41000,36.89000,277900
2017-09-07,36.77000,37.70000,36.51000,37.57000,273100
2017-09-08,37.40000,37.84000,37.23000,37.60000,158800
2017-09-11,37.94000,38.25000,37.62000,38.05000,185100
2017-09-12,38.12000,38.48000,37.86000,38.24000,109900
2017-09-13,38.14000,38.57000,37.52000,38.02000,100100
2017-09-14,37.95000,38.26000,37.72000,38.09000,101500
2017-09-15,38.19000,38.74000,38.01000,38.58000,655800
2017-09-18,38.88000,39.29000,38.62000,39.13000,215600
2017-09-19,39.15000,39.28000,38.26000,38.40000,137700
2017-09-20,38.37000,38.86000,37.84000,38.02000,175000
2017-09-21,37.90000,37.95000,37.01000,37.29000,162100
2017-09-22,37.41000,37.62000,36.90000,37.25000,108500
2017-09-25,37.24000,37.52000,36.75000,36.97000,172900
2017-09-26,37.21000,37.87000,36.98000,36.99000,120900
2017-09-27,37.22000,38.12000,37.04000,37.68000,117000
2017-09-28,37.80000,37.94000,37.42000,37.66000,101500
2017-09-29,37.70000,37.76000,37.22000,37.42000,175400
2017-10-02,37.60000,37.84000,37.14000,37.78000,198200
2017-10-03,37.95000,38.19000,36.53000,37.17000,240000
2017-10-04,37.35000,38.27000,37.26000,38.16000,158800
2017-10-05,38.13000,38.64000,37.96000,38.61000,106600
2017-10-06,38.60000,38.61000,38.15000,38.46000,79900
2017-10-09,38.32000,38.41000,37.35000,37.43000,58300
2017-10-10,37.44000,37.59000,37.06000,37.41000,71000
2017-10-11,37.40000,37.58000,37.20000,37.43000,70600
2017-10-12,37.35000,37.59000,37.27000,37.28000,73900
2017-10-13,37.06000,37.18000,36.76000,37.11000,109200
2017-10-16,36.90000,37.48000,36.60000,37.08000,67900
2017-10-17,37.07000,37.45000,36.93000,37.09000,61500
2017-10-18,37.34000,38.28000,37.09000,38.21000,106900
2017-10-19,38.08000,38.49000,37.90000,38.38000,103500
2017-10-20,38.65000,39.88000,38.57000,39.01000,290900
2017-10-23,39.27000,39.79000,38.35000,38.35000,204900
2017-10-24,38.30000,39.58000,37.19000,38.37000,165000
2017-10-25,38.35000,38.68000,37.57000,37.96000,135600
2017-10-26,37.90000,38.24000,37.11000,37.20000,192000
2017-10-27,35.01000,35.75000,28.23000,31.26000,1720800
2017-10-30,30.92000,31.22000,30.66000,30.90000,401200
2017-10-31,30.79000,32.15000,30.70000,32.01000,377200
2017-11-01,32.31000,32.31000,31.56000,31.98000,254300
2017-11-02,31.95000,32.32000,31.72000,32.01000,268300
2017-11-03,32.00000,32.50000,31.85000,32.01000,173300
2017-11-06,31.88000,32.42000,31.86000,32.40000,191000
2017-11-07,32.45000,32.78000,32.08000,32.77000,169300
2017-11-08,32.50000,33.33000,32.16000,33.00000,267400
2017-11-09,32.99000,33.40000,32.68000,33.39000,176800
2017-11-10,33.20000,33.73000,32.90000,33.50000,171900
2017-11-13,33.32000,34.17000,33.07000,34.10000,218100
2017-11-14,33.94000,34.43000,33.62000,34.28000,200900
2017-11-15,34.28000,34.47000,33.55000,34.44000,209800
2017-11-16,34.59000,35.49000,34.52000,35.11000,254200
2017-11-17,34.92000,35.11000,34.38000,34.56000,201400
2017-11-20,34.69000,34.87000,33.95000,34.38000,157800
2017-11-21,34.39000,35.04000,34.08000,34.73000,134600
2017-11-22,34.73000,35.06000,34.10000,34.35000,64400
2017-11-24,34.49000,34.88000,34.10000,34.84000,48500
2017-11-27,34.81000,34.89000,33.83000,33.85000,138500
2017-11-28,34.01000,34.09000,33.48000,33.87000,272200
2017-11-29,33.98000,34.30000,33.20000,33.41000,117700
2017-11-30,33.65000,33.65000,32.78000,32.93000,184200
2017-12-01,32.79000,32.89000,32.13000,32.77000,140000
2017-12-04,32.91000,33.14000,31.34000,31.39000,147300
2017-12-05,31.26000,31.93000,30.86000,31.69000,98700
2017-12-06,31.69000,31.69000,31.22000,31.42000,86000
2017-12-07,31.42000,32.29000,31.36000,32.26000,92100
2017-12-08,32.26000,32.48000,31.62000,31.69000,80500
2017-12-11,31.70000,32.33000,31.66000,32.26000,129200
2017-12-12,32.32000,32.85000,32.12000,32.67000,127700
2017-12-13,32.70000,33.07000,32.53000,32.80000,86100
2017-12-14,32.72000,32.95000,32.15000,32.21000,121300
2017-12-15,32.21000,33.20000,32.04000,32.76000,285100
2017-12-18,32.80000,33.48000,32.26000,32.44000,156700
2017-12-19,32.44000,32.69000,31.65000,31.68000,112700
2017-12-20,31.71000,32.20000,31.64000,31.81000,67500
2017-12-21,31.86000,32.07000,31.52000,31.58000,61500
2017-12-22,31.55000,31.55000,31.02000,31.30000,82400
2017-12-26,31.14000,31.34000,30.85000,30.99000,83400
2017-12-27,31.04000,31.59000,31.04000,31.55000,81800
2017-12-28,31.57000,32.61000,31.57000,32.30000,86900
2017-12-29,32.37000,32.37000,31.71000,31.84000,164800
2018-01-02,31.86000,32.30000,30.58000,31.12000,149300
2018-01-03,31.06000,31.14000,30.15000,30.50000,238800
2018-01-04,30.53000,30.96000,30.50000,30.65000,74400
2018-01-05,30.74000,31.10000,30.34000,30.70000,96500
2018-01-08,30.70000,30.86000,30.29000,30.54000,160300
2018-01-09,30.62000,31.25000,30.62000,31.06000,75000
2018-01-10,30.90000,30.90000,30.40000,30.72000,96000
2018-01-11,30.68000,32.02000,30.68000,31.96000,106500
2018-01-12,31.95000,32.65000,31.53000,32.64000,107800
2018-01-16,32.64000,32.93000,32.53000,32.74000,141400
2018-01-17,33.06000,33.17000,32.42000,32.86000,136200
2018-01-18,32.87000,33.03000,32.56000,32.82000,74800
2018-01-19,32.80000,33.28000,32.80000,33.16000,79200
2018-01-22,33.15000,33.38000,32.63000,33.29000,67200
2018-01-23,33.40000,34.22000,33.19000,34.00000,81300
2018-01-24,34.20000,34.92000,34.03000,34.47000,130400
2018-01-25,34.69000,35.05000,33.85000,34.03000,191300
2018-01-26,34.12000,35.16000,34.12000,35.03000,86600
2018-01-29,35.02000,35.47000,34.84000,35.30000,98100
2018-01-30,35.00000,35.75000,34.95000,35.39000,83000
2018-01-31,35.46000,35.79000,34.73000,34.80000,169000
2018-02-01,34.70000,35.78000,34.59000,35.33000,130200
2018-02-02,35.14000,35.24000,34.59000,35.17000,125800
2018-02-05,35.00000,35.02000,33.74000,33.99000,123500
2018-02-06,33.29000,34.55000,33.10000,34.38000,161300
2018-02-07,34.26000,34.60000,33.89000,34.29000,105900
2018-02-08,34.30000,34.71000,33.30000,33.51000,251700
2018-02-09,33.75000,34.45000,33.52000,34.13000,160500
2018-02-12,34.32000,34.60000,33.94000,34.02000,115800
2018-02-13,33.85000,34.34000,33.50000,34.10000,57400
2018-02-14,33.88000,34.57000,33.88000,34.47000,74300
2018-02-15,34.76000,35.50000,34.76000,35.27000,93200
2018-02-16,35.19000,35.50000,34.86000,35.27000,73700
2018-02-20,34.95000,35.60000,34.89000,35.51000,118200
2018-02-21,35.61000,37.06000,35.61000,36.33000,139700
2018-02-22,38.00000,38.00000,35.84000,36.08000,226200
2018-02-23,36.36000,36.48000,35.52000,35.79000,193400
2018-02-26,35.80000,35.92000,35.32000,35.66000,190300
2018-02-27,35.64000,36.13000,35.16000,35.25000,172400
2018-02-28,35.42000,35.95000,34.71000,34.76000,151000
2018-03-01,34.72000,35.05000,34.00000,34.15000,164100
2018-03-02,33.93000,35.20000,33.53000,35.15000,107100
2018-03-05,34.99000,35.73000,34.89000,35.38000,88400
2018-03-06,35.52000,36.41000,35.43000,36.31000,137100
2018-03-07,36.02000,36.83000,35.97000,36.75000,152100
2018-03-08,36.83000,37.37000,36.37000,37.13000,70000
2018-03-09,37.23000,37.38000,36.77000,36.98000,99800
2018-03-12,36.99000,37.68000,36.89000,37.09000,114400
2018-03-13,37.18000,37.46000,36.78000,36.96000,121200
2018-03-14,37.11000,37.38000,36.83000,36.98000,105900
2018-03-15,37.12000,37.61000,36.50000,36.69000,112500
2018-03-16,36.69000,36.82000,36.34000,36.72000,314200
2018-03-19,36.68000,37.14000,36.34000,36.57000,165900
2018-03-20,36.58000,37.20000,36.45000,36.90000,197600
2018-03-21,36.69000,37.08000,36.45000,36.52000,97800
2018-03-22,36.33000,37.15000,36.15000,36.16000,136100
2018-03-23,36.17000,36.94000,35.77000,35.84000,135900
2018-03-26,36.24000,36.60000,35.33000,35.70000,126700
2018-03-27,35.82000,35.89000,35.27000,35.56000,147600
2018-03-28,35.59000,36.31000,35.00000,36.11000,108700
2018-03-29,36.23000,36.89000,35.53000,36.23000,111700
2018-04-02,36.19000,36.19000,34.77000,35.61000,136200
2018-04-03,35.72000,36.60000,35.66000,36.44000,133700
2018-04-04,36.20000,38.05000,35.88000,37.92000,205400
2018-04-05,38.00000,38.39000,37.52000,37.89000,97600
2018-04-06,37.75000,38.07000,37.16000,37.73000,165900
2018-04-09,37.80000,38.50000,37.65000,38.20000,188200
2018-04-10,38.55000,38.55000,37.84000,38.21000,115600
2018-04-11,38.12000,40.75000,38.12000,40.24000,263100
2018-04-12,40.44000,40.89000,39.69000,40.68000,117700
2018-04-13,40.73000,40.80000,39.96000,40.25000,109500
2018-04-16,40.59000,41.09000,40.39000,40.90000,86100
2018-04-17,41.16000,41.19000,40.33000,40.75000,98300
2018-04-18,40.74000,41.25000,40.64000,40.72000,91400
2018-04-19,40.72000,41.22000,40.51000,41.02000,184000
2018-04-20,40.80000,41.22000,40.37000,40.48000,82000
2018-04-23,40.69000,41.28000,39.96000,40.06000,157100
2018-04-24,40.15000,40.15000,38.52000,38.80000,133700
2018-04-25,38.63000,39.06000,38.08000,39.01000,152800
2018-04-26,35.88000,35.89000,29.25000,32.35000,1430300
2018-04-27,32.53000,32.87000,31.09000,31.49000,415100
2018-04-30,31.55000,31.78000,30.09000,31.45000,395700
2018-05-01,31.46000,32.88000,31.46000,32.72000,193200
2018-05-02,32.76000,33.65000,32.43000,33.44000,197500
2018-05-03,33.41000,33.41000,32.40000,32.58000,138700
2018-05-04,32.56000,33.69000,32.39000,33.35000,105900
2018-05-07,33.34000,34.16000,33.34000,33.80000,225400
2018-05-08,33.79000,34.07000,33.15000,33.55000,247900
2018-05-09,33.54000,33.94000,33.10000,33.72000,138900
2018-05-10,33.74000,34.81000,33.71000,34.27000,229500
2018-05-11,34.12000,34.48000,33.13000,33.48000,115100
2018-05-14,33.55000,34.00000,33.03000,33.33000,103900
2018-05-15,33.33000,33.63000,33.01000,33.55000,115200
2018-05-16,33.66000,34.07000,33.35000,33.92000,158600
2018-05-17,33.98000,34.44000,33.96000,34.40000,86900
2018-05-18,34.56000,34.75000,34.26000,34.44000,132400
2018-05-21,34.44000,34.49000,33.77000,33.96000,89400
2018-05-22,33.98000,34.56000,32.30000,32.83000,212300
2018-05-23,32.68000,33.29000,32.02000,33.05000,119400
2018-05-24,33.00000,33.25000,32.49000,32.93000,91200
2018-05-25,32.98000,33.19000,32.44000,32.51000,117100
2018-05-29,32.50000,33.30000,32.12000,33.22000,99200
2018-05-30,33.36000,34.00000,33.36000,33.88000,112500
2018-05-31,33.99000,34.19000,33.47000,34.08000,160000
2018-06-01,34.15000,34.97000,34.15000,34.43000,176600
2018-06-04,34.47000,34.81000,34.31000,34.70000,69000
2018-06-05,34.78000,34.92000,34.33000,34.45000,70600
2018-06-06,34.42000,34.59000,33.86000,33.94000,134600
2018-06-07,33.92000,34.04000,33.41000,33.77000,113800
2018-06-08,34.40000,35.23000,34.40000,34.99000,138800
2018-06-11,35.09000,35.45000,34.81000,35.01000,114200
2018-06-12,34.90000,36.36000,34.90000,36.31000,209800
2018-06-13,36.03000,36.94000,36.03000,36.62000,119700
2018-06-14,36.75000,36.98000,36.05000,36.98000,106600
2018-06-15,36.94000,37.07000,36.50000,36.91000,209300
2018-06-18,36.83000,37.09000,36.50000,37.07000,82100
2018-06-19,37.01000,37.15000,35.97000,36.00000,229000
2018-06-20,36.01000,36.17000,35.30000,35.44000,152300
2018-06-21,35.57000,35.57000,34.92000,35.04000,120500
2018-06-22,35.29000,35.62000,34.85000,35.18000,217300
2018-06-25,35.62000,36.16000,34.88000,35.18000,117300
2018-06-26,35.23000,35.98000,35.16000,35.95000,164600
2018-06-27,35.84000,35.93000,34.42000,34.43000,121100
2018-06-28,34.34000,34.34000,33.28000,33.73000,453200
2018-06-29,33.87000,34.52000,33.28000,33.48000,424300
2018-07-02,33.47000,34.93000,33.35000,34.92000,129700
2018-07-03,35.00000,35.81000,34.71000,35.76000,83000
2018-07-05,35.87000,36.74000,35.87000,36.60000,148000
2018-07-06,36.60000,36.88000,36.38000,36.73000,112100
2018-07-09,36.96000,36.96000,35.32000,36.01000,175800
2018-07-10,36.00000,36.47000,35.65000,36.28000,122100
2018-07-11,36.24000,36.86000,36.16000,36.45000,100800
2018-07-12,36.44000,37.05000,36.25000,36.57000,89200
2018-07-13,36.65000,36.65000,36.25000,36.56000,46300
2018-07-16,36.57000,36.57000,35.94000,36.36000,61000
2018-07-17,36.36000,36.83000,36.36000,36.69000,50300
2018-07-18,36.69000,36.78000,36.30000,36.77000,59900
2018-07-19,36.72000,37.14000,36.56000,36.92000,108200
2018-07-20,36.98000,37.08000,36.57000,36.70000,186700
2018-07-23,36.55000,37.10000,36.35000,36.73000,201200
2018-07-24,36.74000,37.00000,35.61000,36.24000,281400
2018-07-25,36.27000,37.36000,36.24000,37.36000,180600
2018-07-26,37.22000,37.54000,36.96000,37.30000,156800
2018-07-27,37.54000,37.54000,33.51000,34.72000,401700
2018-07-30,34.67000,35.01000,34.07000,34.52000,160900
2018-07-31,34.63000,36.17000,34.22000,36.00000,220800
2018-08-01,36.00000,36.20000,35.09000,36.06000,119000
2018-08-02,36.15000,36.28000,35.33000,35.50000,111600
2018-08-03,36.15000,36.15000,34.91000,35.54000,69700
2018-08-06,35.59000,36.06000,35.33000,35.93000,67100
2018-08-07,35.92000,36.05000,35.54000,35.82000,74400
2018-08-08,35.83000,36.28000,35.56000,36.23000,85600
2018-08-09,36.25000,36.92000,36.25000,36.77000,82100
2018-08-10,36.62000,37.35000,35.00000,36.58000,122700
2018-08-13,36.46000,36.86000,36.41000,36.51000,98300
2018-08-14,36.60000,36.80000,36.44000,36.62000,59100
2018-08-15,36.56000,36.83000,36.21000,36.75000,112300
2018-08-16,36.85000,37.42000,36.78000,36.86000,67400
2018-08-17,36.75000,37.25000,36.38000,37.09000,90700
2018-08-20,37.00000,37.13000,36.43000,37.02000,123900
2018-08-21,37.01000,37.53000,36.66000,37.49000,99000
2018-08-22,37.36000,37.68000,37.35000,37.39000,110300
2018-08-23,37.38000,37.39000,36.57000,36.69000,118900
2018-08-24,36.60000,36.77000,35.61000,35.67000,130900
2018-08-27,35.66000,36.84000,35.59000,36.20000,124800
2018-08-28,36.24000,36.24000,35.66000,35.87000,46800
2018-08-29,35.89000,36.15000,35.75000,36.05000,48800
2018-08-30,36.01000,36.23000,35.52000,36.12000,68700
2018-08-31,36.12000,37.65000,36.04000,37.51000,93300
2018-09-04,37.55000,37.55000,36.77000,36.81000,74200
2018-09-05,36.81000,36.81000,35.01000,35.28000,150900
2018-09-06,35.18000,35.20000,34.56000,35.17000,155400
2018-09-07,35.16000,35.57000,34.64000,34.96000,105600
2018-09-10,35.05000,35.16000,34.53000,34.59000,88200
2018-09-11,34.59000,34.59000,34.02000,34.14000,126100
2018-09-12,34.06000,34.53000,34.04000,34.44000,70800
2018-09-13,34.50000,34.81000,34.15000,34.78000,57900
2018-09-14,34.74000,35.31000,34.63000,34.69000,93500
2018-09-17,34.72000,34.95000,33.91000,34.02000,76800
2018-09-18,34.02000,34.77000,33.86000,34.73000,60500
2018-09-19,34.66000,35.17000,34.15000,35.10000,112500
2018-09-20,35.19000,35.31000,34.23000,34.30000,70900
2018-09-21,34.24000,35.13000,33.81000,34.56000,290700
2018-09-24,34.37000,34.55000,34.00000,34.51000,99400
2018-09-25,34.49000,35.45000,34.49000,35.42000,76400
2018-09-26,35.37000,35.93000,34.98000,35.74000,71000
2018-09-27,35.89000,37.55000,35.76000,37.47000,120700
2018-09-28,37.37000,38.81000,37.37000,38.74000,135800
2018-10-01,38.99000,38.99000,37.10000,37.23000,123100
2018-10-02,36.38000,36.95000,35.99000,36.70000,103500
2018-10-03,36.84000,37.41000,36.23000,36.64000,134700
2018-10-04,36.63000,36.63000,35.51000,35.97000,112500
2018-10-05,30.96000,31.50000,26.99000,28.53000,1328300
2018-10-08,29.04000,29.60000,27.97000,28.41000,488000
2018-10-09,28.29000,28.68000,26.63000,26.64000,282700
2018-10-10,26.71000,27.54000,26.45000,27.31000,294400
2018-10-11,27.29000,28.41000,26.90000,27.93000,335400
2018-10-12,28.22000,28.96000,27.62000,28.22000,222200
2018-10-15,28.19000,28.58000,27.65000,28.14000,86600
2018-10-16,28.20000,29.00000,28.20000,28.80000,85400
2018-10-17,28.67000,28.98000,28.51000,28.78000,62500
2018-10-18,28.78000,28.78000,27.91000,28.16000,98700
2018-10-19,28.15000,28.37000,27.96000,28.05000,110300
2018-10-22,28.06000,28.40000,27.76000,28.06000,59600
2018-10-23,27.73000,28.10000,27.40000,27.92000,80600
2018-10-24,27.95000,28.80000,27.72000,27.74000,85100
2018-10-25,27.88000,28.74000,27.71000,28.35000,106300
2018-10-26,28.17000,28.31000,27.41000,27.99000,98100
2018-10-29,28.26000,28.63000,27.66000,28.08000,77100
2018-10-30,28.09000,28.98000,27.73000,28.00000,100400
2018-10-31,27.91000,28.02000,26.69000,26.70000,146600
2018-11-01,26.83000,27.44000,26.39000,26.95000,208000
2018-11-02,27.05000,27.35000,26.56000,27.17000,160900
2018-11-05,27.28000,27.85000,26.83000,27.74000,130500
2018-11-06,27.66000,28.24000,27.05000,28.17000,102700
2018-11-07,28.28000,28.33000,27.30000,27.55000,104500
2018-11-08,27.52000,27.80000,27.07000,27.64000,140300
2018-11-09,27.50000,27.65000,26.70000,26.93000,69100
2018-11-12,26.90000,26.99000,26.40000,26.84000,109700
2018-11-13,26.96000,27.37000,26.22000,26.47000,89500
2018-11-14,26.57000,26.58000,25.63000,26.05000,145800
2018-11-15,25.88000,27.18000,25.88000,27.04000,151600
2018-11-16,26.87000,27.75000,26.86000,27.58000,121400
2018-11-19,27.58000,27.72000,26.65000,27.44000,121800
2018-11-20,27.22000,27.74000,26.60000,27.24000,121000
2018-11-21,27.14000,27.83000,27.09000,27.33000,75100
2018-11-23,27.25000,28.08000,27.25000,27.64000,28700
2018-11-26,27.81000,28.45000,27.53000,28.12000,136500
2018-11-27,28.12000,28.12000,27.10000,27.14000,94400
2018-11-28,27.30000,28.43000,26.82000,28.36000,392800
2018-11-29,28.24000,28.54000,27.66000,28.08000,53700
2018-11-30,28.04000,28.16000,27.62000,27.89000,72400
2018-12-03,27.01000,27.55000,26.45000,26.97000,216000
2018-12-04,26.86000,26.91000,25.96000,26.60000,184800
2018-12-06,26.33000,26.80000,25.90000,26.01000,183100
2018-12-07,25.80000,26.24000,25.11000,25.64000,157600
2018-12-10,25.49000,26.18000,25.10000,26.03000,133000
2018-12-11,26.19000,26.44000,26.05000,26.14000,103100
2018-12-12,26.31000,26.83000,25.78000,26.25000,152200
2018-12-13,26.36000,26.56000,25.93000,26.25000,94800
2018-12-14,26.08000,26.20000,24.80000,24.91000,112400
2018-12-17,24.76000,25.10000,24.20000,24.29000,114600
2018-12-18,24.38000,24.61000,23.81000,24.11000,111600
2018-12-19,24.13000,24.56000,23.45000,23.56000,112500
2018-12-20,23.20000,23.73000,22.48000,22.68000,126500
2018-12-21,22.70000,23.31000,21.93000,22.28000,460300
2018-12-24,22.27000,22.96000,21.79000,22.01000,49400
2018-12-26,22.16000,22.90000,22.16000,22.78000,84600
2018-12-27,22.63000,23.25000,22.31000,23.25000,127200
2018-12-28,23.25000,23.99000,23.10000,23.52000,92300
2018-12-31,23.65000,24.12000,23.39000,23.64000,71200
2019-01-02,23.31000,23.81000,23.19000,23.39000,92100
2019-01-03,23.32000,23.39000,22.39000,22.45000,76200
2019-01-04,22.58000,23.20000,22.23000,23.01000,185100
2019-01-07,22.78000,23.17000,22.28000,22.51000,168500
2019-01-08,22.68000,23.22000,22.25000,22.64000,160400
2019-01-09,22.71000,23.50000,22.63000,22.99000,215000
2019-01-10,22.88000,24.07000,22.61000,23.80000,165600
2019-01-11,23.71000,23.92000,22.43000,22.68000,123500
2019-01-14,22.55000,23.69000,22.55000,23.14000,138900
2019-01-15,23.25000,23.54000,23.18000,23.41000,54500
2019-01-16,23.38000,23.78000,23.10000,23.18000,79100
2019-01-17,23.09000,23.49000,22.64000,22.84000,118100
2019-01-18,22.83000,23.58000,22.64000,23.38000,86900
2019-01-22,23.28000,23.38000,22.82000,22.92000,63600
2019-01-23,22.76000,23.33000,22.76000,23.29000,85800
2019-01-24,23.27000,23.48000,23.07000,23.42000,64300
2019-01-25,23.63000,23.77000,23.19000,23.47000,81800
2019-01-28,23.34000,23.49000,23.00000,23.47000,57500
2019-01-29,23.37000,23.60000,23.05000,23.53000,113300
2019-01-30,23.54000,23.93000,23.46000,23.76000,64500
2019-01-31,23.69000,24.00000,23.46000,23.84000,78000
2019-02-01,23.74000,23.78000,23.12000,23.72000,162200
2019-02-04,23.65000,24.30000,23.65000,24.29000,87600
2019-02-05,24.29000,24.46000,23.76000,24.19000,101000
2019-02-06,24.04000,24.25000,23.68000,23.77000,97200
2019-02-07,23.68000,24.26000,23.36000,23.78000,116000
2019-02-08,23.71000,23.79000,23.25000,23.78000,38000
2019-02-11,23.94000,24.16000,23.68000,24.15000,146100
2019-02-12,24.23000,24.64000,24.16000,24.55000,38300
2019-02-13,24.52000,25.01000,24.45000,24.88000,66100
2019-02-14,24.80000,25.12000,24.71000,24.84000,84900
2019-02-15,24.94000,25.33000,24.94000,25.15000,99800
2019-02-19,25.07000,25.73000,24.96000,25.10000,434800
2019-02-20,27.51000,32.43000,27.26000,30.77000,829800
2019-02-21,31.16000,31.16000,27.69000,29.23000,421600
2019-02-22,29.31000,30.02000,28.95000,29.67000,235200
2019-02-25,29.78000,30.09000,29.09000,30.01000,147900
2019-02-26,29.91000,29.99000,29.19000,29.42000,95400
2019-02-27,29.28000,29.88000,29.16000,29.60000,118800
2019-02-28,29.56000,29.95000,29.15000,29.92000,154600
2019-03-01,30.09000,30.63000,30.04000,30.63000,94700
2019-03-04,30.60000,30.98000,29.80000,30.08000,194000
2019-03-05,30.09000,30.89000,29.75000,30.73000,138100
2019-03-06,30.74000,30.74000,30.07000,30.08000,178600
2019-03-07,30.02000,30.26000,29.57000,29.82000,74000
2019-03-08,29.79000,30.01000,29.44000,29.76000,72100
2019-03-11,29.80000,30.13000,29.66000,29.93000,81500
2019-03-12,29.82000,30.06000,29.45000,29.96000,76600
2019-03-13,30.09000,31.26000,30.07000,30.66000,155000
2019-03-14,30.66000,30.96000,30.34000,30.42000,100700
2019-03-15,30.50000,31.69000,30.50000,31.27000,385100
2019-03-18,31.47000,31.80000,30.84000,31.55000,211000
2019-03-19,31.63000,31.72000,30.85000,31.06000,106300
2019-03-20,31.06000,31.37000,30.69000,31.02000,97300
2019-03-21,30.69000,31.72000,30.69000,31.25000,86100
2019-03-22,31.23000,31.81000,30.33000,30.33000,148100
2019-03-25,30.25000,30.57000,29.73000,29.88000,155000
2019-03-26,30.05000,30.51000,29.64000,30.45000,114500
2019-03-27,30.43000,30.43000,29.37000,30.04000,149500
2019-03-28,30.09000,30.41000,29.41000,29.97000,71900
2019-03-29,30.26000,31.26000,30.07000,31.00000,176100
2019-04-01,31.02000,31.17000,30.48000,30.66000,213500
2019-04-02,30.66000,31.07000,30.22000,30.79000,163700
2019-04-03,30.97000,30.99000,30.30000,30.32000,58100
2019-04-04,30.33000,30.49000,29.89000,30.26000,86000
2019-04-05,30.37000,30.51000,30.07000,30.25000,71600
2019-04-08,30.24000,30.43000,29.86000,30.20000,91400
2019-04-09,30.40000,30.40000,29.82000,30.12000,166500
2019-04-10,30.15000,30.54000,29.89000,29.90000,190100
2019-04-11,30.05000,31.20000,29.40000,30.18000,268100
2019-04-12,30.34000,30.54000,29.72000,29.82000,121200
2019-04-15,29.86000,29.94000,28.53000,28.81000,182500
2019-04-16,28.95000,29.22000,28.42000,28.63000,137500
2019-04-17,28.77000,29.05000,26.99000,27.06000,174000
2019-04-18,27.08000,27.50000,26.62000,27.24000,102800
2019-04-22,27.06000,27.60000,26.90000,27.40000,85900
2019-04-23,27.44000,28.34000,27.24000,28.22000,324600
2019-04-24,28.35000,28.62000,27.59000,28.16000,159400
2019-04-25,27.91000,28.99000,27.73000,28.92000,185700
2019-04-26,28.99000,29.24000,28.80000,29.01000,95800
2019-04-29,29.06000,29.45000,28.79000,29.19000,103200
2019-04-30,29.22000,29.36000,28.55000,28.88000,93300
2019-05-01,28.92000,29.40000,28.62000,29.24000,271600
2019-05-02,27.10000,28.53000,26.10000,26.52000,384700
2019-05-03,26.55000,27.87000,26.55000,27.55000,130100
2019-05-06,27.14000,27.92000,27.14000,27.70000,143700
2019-05-07,27.79000,27.95000,27.15000,27.27000,125200
2019-05-08,27.20000,28.04000,27.20000,28.01000,140000
2019-05-09,27.89000,29.01000,27.32000,28.11000,114100
2019-05-10,27.92000,28.45000,27.72000,28.23000,107100
2019-05-13,27.77000,28.16000,27.68000,27.90000,129500
2019-05-14,27.93000,28.16000,27.46000,27.71000,98200
2019-05-15,27.48000,27.95000,27.36000,27.60000,56100
2019-05-16,27.54000,28.20000,27.35000,28.16000,90800
2019-05-17,27.94000,28.44000,27.48000,27.51000,50400
2019-05-20,27.26000,27.27000,26.93000,27.13000,68600
2019-05-21,27.10000,27.36000,26.56000,26.60000,109000
2019-05-22,26.48000,27.00000,26.37000,26.60000,83000
2019-05-23,26.38000,26.65000,25.94000,26.24000,86500
2019-05-24,26.38000,26.88000,26.05000,26.62000,60100
2019-05-28,26.59000,27.46000,26.59000,27.21000,67800
2019-05-29,27.03000,27.08000,26.32000,26.47000,74300
2019-05-30,26.49000,27.03000,26.33000,26.45000,87000
2019-05-31,26.20000,26.30000,25.46000,25.81000,74600
2019-06-03,25.62000,26.03000,25.49000,25.55000,88300
2019-06-04,25.71000,26.50000,25.66000,26.42000,53400
2019-06-05,26.53000,26.53000,25.77000,25.93000,105500
2019-06-06,25.90000,26.26000,25.70000,25.94000,68400
2019-06-07,26.05000,26.45000,25.93000,26.37000,44500
2019-06-10,26.44000,27.00000,26.23000,26.62000,67200
2019-06-11,26.69000,26.81000,26.00000,26.33000,82600
2019-06-12,26.28000,26.46000,26.16000,26.21000,41900
2019-06-13,26.26000,26.60000,26.06000,26.56000,61100
2019-06-14,26.53000,26.92000,26.01000,26.06000,69100
2019-06-17,26.02000,26.26000,25.39000,26.24000,99000
2019-06-18,26.39000,26.97000,26.39000,26.73000,73400
2019-06-19,26.71000,27.85000,26.62000,27.23000,128300
2019-06-20,27.51000,27.85000,27.27000,27.74000,52900
2019-06-21,27.58000,27.88000,27.37000,27.69000,276200
2019-06-24,27.77000,28.14000,27.46000,27.67000,58500
2019-06-25,27.72000,27.95000,27.36000,27.56000,44200
2019-06-26,27.64000,27.80000,26.83000,27.26000,61900
2019-06-27,27.37000,28.35000,27.31000,27.85000,132400
2019-06-28,27.95000,28.36000,27.76000,27.98000,232900
2019-07-01,28.26000,28.27000,27.66000,28.03000,84200
2019-07-02,28.12000,28.33000,27.76000,28.15000,100000
2019-07-03,28.18000,28.28000,27.93000,28.22000,42400
2019-07-05,28.06000,28.34000,27.67000,28.30000,95400
2019-07-08,28.20000,28.44000,27.87000,27.91000,61400
2019-07-09,27.80000,28.04000,27.65000,27.92000,91200
2019-07-10,28.02000,28.44000,27.75000,28.38000,55800
2019-07-11,28.38000,28.44000,28.03000,28.38000,75600
2019-07-12,28.35000,29.28000,28.29000,29.17000,94400
2019-07-15,29.22000,29.39000,28.63000,29.10000,85700
2019-07-16,29.05000,29.81000,29.05000,29.65000,119100
2019-07-17,29.66000,30.07000,29.25000,30.05000,117000
2019-07-18,30.13000,31.00000,30.00000,30.90000,105300
2019-07-19,30.81000,30.98000,30.36000,30.42000,96900
2019-07-22,30.39000,31.58000,30.30000,31.53000,146300
2019-07-23,31.50000,32.60000,31.24000,32.48000,144900
2019-07-24,32.41000,33.50000,31.94000,33.40000,151600
2019-07-25,34.40000,34.66000,31.98000,32.75000,418600
2019-07-26,32.84000,33.28000,32.12000,32.60000,193100
2019-07-29,32.24000,33.06000,32.10000,32.80000,147100
2019-07-30,32.80000,32.91000,31.95000,32.65000,145800
2019-07-31,32.48000,33.50000,32.46000,33.09000,197100
2019-08-01,33.24000,33.48000,31.78000,32.32000,116200
2019-08-02,32.04000,32.09000,31.00000,31.56000,113500
2019-08-05,31.03000,31.12000,30.57000,31.06000,113100
2019-08-06,31.23000,32.88000,31.23000,32.69000,200200
2019-08-07,32.33000,32.73000,31.75000,31.97000,87300
2019-08-08,32.20000,32.71000,31.92000,32.62000,63600
2019-08-09,32.50000,32.50000,31.75000,31.84000,102900
2019-08-12,31.76000,32.11000,31.55000,31.84000,107700
2019-08-13,31.74000,32.47000,31.74000,32.40000,55700
2019-08-14,32.03000,32.03000,31.20000,31.57000,86400
2019-08-15,31.62000,31.93000,30.81000,31.00000,105400
2019-08-16,31.07000,31.59000,30.94000,31.52000,54600
2019-08-19,31.78000,31.78000,31.40000,31.50000,52500
2019-08-20,31.45000,31.70000,31.00000,31.16000,64000
2019-08-21,31.34000,31.71000,30.79000,31.68000,65100
2019-08-22,31.57000,31.74000,30.91000,31.45000,70200
2019-08-23,31.45000,31.75000,30.91000,31.05000,101400
2019-08-26,31.38000,31.84000,31.22000,31.71000,76400
2019-08-27,31.91000,32.05000,31.39000,31.65000,64000
2019-08-28,31.45000,32.42000,31.45000,31.85000,36000
2019-08-29,32.14000,32.24000,31.50000,31.65000,51200
2019-08-30,31.75000,32.44000,31.27000,31.66000,48700
2019-09-03,31.50000,31.96000,31.31000,31.86000,75700
2019-09-04,31.92000,31.92000,31.11000,31.48000,35800
2019-09-05,31.62000,32.13000,31.19000,31.78000,61100
2019-09-06,31.93000,32.25000,31.59000,31.75000,45000
2019-09-09,31.70000,32.43000,31.23000,32.35000,72400
2019-09-10,32.17000,33.88000,31.56000,33.38000,89400
2019-09-11,33.72000,34.67000,33.26000,34.50000,116800
2019-09-12,34.66000,35.00000,33.97000,34.88000,135000
2019-09-13,34.97000,35.78000,34.73000,35.53000,148000
2019-09-16,35.18000,35.71000,35.04000,35.39000,94200
2019-09-17,35.27000,35.98000,35.27000,35.75000,69300
2019-09-18,35.57000,35.78000,35.37000,35.78000,57000
2019-09-19,35.51000,36.06000,35.42000,35.71000,162600
2019-09-20,35.90000,35.95000,34.70000,35.20000,286200
2019-09-23,35.00000,35.36000,34.80000,35.06000,109600
2019-09-24,35.10000,35.28000,34.23000,34.74000,97400
2019-09-25,34.76000,34.95000,33.80000,34.47000,102300
2019-09-26,34.42000,34.42000,33.13000,33.54000,88200
2019-09-27,33.56000,34.07000,33.18000,33.92000,83200
2019-09-30,33.95000,34.71000,33.83000,34.18000,109800
2019-10-01,34.29000,35.28000,31.94000,32.14000,201600
2019-10-02,31.89000,31.93000,31.18000,31.81000,146200
2019-10-03,31.73000,32.32000,31.34000,31.84000,107300
2019-10-04,31.91000,32.38000,31.71000,32.11000,104700
2019-10-07,32.15000,32.53000,31.30000,32.34000,116200
2019-10-08,32.30000,32.30000,30.89000,31.27000,119200
2019-10-09,31.40000,31.81000,31.15000,31.32000,55000
2019-10-10,31.31000,31.71000,31.13000,31.36000,56600
2019-10-11,31.65000,32.35000,31.19000,31.33000,99300
2019-10-14,32.27000,34.20000,31.85000,32.41000,172300
2019-10-15,32.56000,33.82000,32.46000,33.76000,99700
2019-10-16,33.88000,34.50000,33.50000,33.93000,116500
2019-10-17,34.08000,34.76000,33.97000,34.70000,63500
2019-10-18,34.46000,35.10000,34.46000,35.05000,80500
2019-10-21,35.28000,35.70000,34.61000,35.62000,114000
2019-10-22,35.63000,35.99000,34.84000,34.91000,77300
2019-10-23,35.18000,36.50000,34.85000,36.00000,169400
2019-10-24,37.01000,37.35000,33.02000,34.37000,314000
2019-10-25,34.18000,35.93000,34.18000,34.95000,116400
2019-10-28,35.31000,35.99000,35.06000,35.18000,103100
2019-10-29,35.16000,35.87000,35.01000,35.67000,110800
2019-10-30,35.61000,35.89000,35.09000,35.73000,92000
2019-10-31,35.80000,36.46000,34.38000,34.60000,125400
2019-11-01,34.84000,35.40000,34.06000,34.88000,100800
2019-11-04,35.17000,35.17000,33.32000,33.71000,197200
2019-11-05,33.66000,34.34000,33.08000,34.13000,112600
2019-11-06,33.95000,33.95000,32.13000,32.71000,195500
2019-11-07,32.69000,33.66000,32.64000,33.45000,120200
2019-11-08,33.37000,33.81000,32.95000,33.37000,80800
2019-11-11,33.16000,33.32000,32.72000,33.24000,50900
2019-11-12,33.21000,34.38000,33.10000,34.17000,142300
2019-11-13,34.03000,34.73000,33.65000,33.96000,159700
2019-11-14,33.93000,34.28000,33.76000,33.94000,53400
2019-11-15,34.23000,34.54000,34.06000,34.38000,131800
2019-11-18,34.35000,34.70000,34.23000,34.26000,98400
2019-11-19,34.34000,34.72000,34.20000,34.44000,76700
2019-11-20,34.17000,35.46000,34.17000,34.96000,197000
2019-11-21,35.11000,35.15000,33.59000,35.00000,301400
2019-11-22,35.20000,35.60000,34.50000,35.55000,133200
2019-11-25,35.54000,36.24000,35.28000,35.95000,263000
2019-11-26,35.90000,36.27000,35.74000,36.10000,115600
2019-11-27,36.15000,36.18000,35.49000,35.68000,129100
2019-11-29,35.59000,35.65000,35.27000,35.57000,41200
2019-12-02,35.62000,35.70000,34.82000,35.37000,103200
2019-12-03,35.10000,36.00000,35.10000,35.98000,157800
2019-12-04,36.09000,36.38000,35.81000,35.99000,158100
2019-12-05,36.09000,36.14000,35.33000,35.88000,92400
2019-12-06,35.90000,36.10000,34.61000,34.93000,214500
2019-12-09,34.81000,35.10000,33.83000,34.29000,131500
2019-12-10,34.16000,34.59000,33.81000,34.39000,62700
2019-12-11,34.20000,35.03000,34.13000,34.86000,73100
2019-12-12,34.85000,35.78000,34.85000,35.38000,79000
2019-12-13,35.28000,35.75000,35.14000,35.58000,81300
2019-12-16,35.81000,36.43000,35.45000,35.51000,98000
2019-12-17,35.52000,35.88000,35.36000,35.84000,76200
2019-12-18,35.92000,36.37000,35.81000,36.21000,115100
2019-12-19,36.37000,36.37000,35.67000,35.83000,100100
2019-12-20,35.91000,35.93000,35.17000,35.48000,383400
2019-12-23,35.48000,35.88000,34.74000,35.47000,80400
2019-12-24,35.49000,36.23000,35.15000,35.64000,47500
2019-12-26,35.74000,36.14000,35.32000,35.87000,63000
2019-12-27,35.87000,36.47000,35.65000,36.15000,89600
2019-12-30,36.21000,36.47000,35.72000,36.15000,109400
2019-12-31,36.01000,36.22000,35.58000,35.95000,88000
2020-01-02,36.17000,36.17000,35.34000,35.80000,81200
2020-01-03,35.42000,36.30000,35.08000,36.19000,97700
2020-01-06,35.96000,36.42000,35.81000,36.35000,72700
2020-01-07,36.28000,36.75000,36.10000,36.72000,141800
2020-01-08,36.71000,37.28000,36.28000,37.01000,122400
2020-01-09,37.30000,37.50000,37.18000,37.20000,143600
2020-01-10,37.13000,37.50000,36.86000,37.39000,76400
2020-01-13,37.32000,38.64000,37.17000,38.46000,138900
2020-01-14,38.30000,38.51000,37.67000,37.76000,73100
2020-01-15,37.60000,38.15000,36.97000,37.60000,56600
2020-01-16,37.72000,37.81000,36.77000,37.00000,164900
2020-01-17,37.00000,37.32000,36.75000,36.87000,87800
2020-01-21,36.74000,37.29000,36.47000,36.95000,97700
2020-01-22,37.08000,37.25000,36.55000,36.81000,62100
2020-01-23,36.88000,37.34000,36.41000,36.67000,128000
2020-01-24,36.77000,36.77000,36.25000,36.48000,57200
2020-01-27,36.00000,37.06000,35.60000,36.75000,74100
2020-01-28,36.89000,37.43000,36.56000,36.71000,46500
2020-01-29,36.73000,36.78000,35.64000,35.72000,64400
2020-01-30,35.54000,35.96000,35.14000,35.68000,90100
2020-01-31,35.61000,37.35000,35.22000,35.99000,159800
2020-02-03,36.15000,36.83000,35.46000,35.84000,78000
2020-02-04,36.05000,36.62000,35.85000,36.15000,91800
2020-02-05,36.35000,36.72000,36.25000,36.64000,99700
2020-02-06,36.70000,37.68000,35.93000,36.39000,82700
2020-02-07,28.14000,32.37000,28.00000,29.29000,957400
2020-02-10,29.30000,30.37000,28.15000,28.50000,370000
2020-02-11,28.48000,29.40000,28.48000,29.30000,117800
2020-02-12,29.37000,30.39000,29.34000,30.25000,247000
2020-02-13,30.20000,30.82000,29.70000,29.84000,104400
2020-02-14,29.82000,30.27000,29.73000,30.11000,75400
2020-02-18,30.09000,30.39000,29.89000,30.28000,91200
2020-02-19,30.36000,30.83000,29.99000,30.65000,138600
2020-02-20,30.69000,31.00000,30.49000,30.74000,118300
2020-02-21,30.72000,30.72000,30.10000,30.38000,85800
2020-02-24,29.80000,30.25000,29.46000,30.05000,142300
2020-02-25,29.90000,30.41000,29.51000,29.78000,165800
2020-02-26,29.82000,30.12000,29.36000,29.49000,97600
2020-02-27,29.21000,29.74000,27.70000,29.74000,234600
2020-02-28,29.23000,29.32000,28.01000,28.50000,203300
2020-03-02,28.38000,29.16000,28.04000,29.03000,146300
2020-03-03,29.22000,29.22000,28.32000,28.90000,103900
2020-03-04,29.14000,29.67000,29.02000,29.59000,61500
2020-03-05,29.25000,29.67000,28.30000,28.84000,110100
2020-03-06,28.28000,29.21000,27.40000,28.00000,147500
2020-03-09,27.13000,27.79000,26.33000,26.55000,174200
2020-03-10,26.82000,27.16000,25.58000,26.94000,283500
2020-03-11,26.49000,27.03000,25.48000,26.10000,194100
2020-03-12,25.09000,25.42000,21.24000,21.38000,222700
2020-03-13,22.44000,24.59000,22.01000,24.45000,296900
2020-03-16,24.40000,24.44000,21.90000,22.08000,196900
2020-03-17,22.17000,25.64000,21.70000,25.37000,204000
2020-03-18,24.12000,25.99000,23.18000,25.09000,185000
2020-03-19,25.04000,25.42000,22.49000,23.68000,207700
2020-03-20,23.69000,24.39000,21.22000,21.39000,238500
2020-03-23,21.10000,22.34000,18.76000,21.03000,220600
2020-03-24,21.30000,24.20000,21.30000,23.05000,159700
2020-03-25,22.91000,24.21000,21.58000,22.86000,172200
2020-03-26,22.88000,24.61000,21.82000,24.22000,144000
2020-03-27,23.56000,23.81000,22.50000,22.70000,116700
2020-03-30,22.74000,24.53000,22.69000,24.53000,171900
2020-03-31,24.60000,25.81000,24.16000,24.92000,167000
2020-04-01,24.20000,24.45000,22.99000,23.52000,104100
2020-04-02,23.14000,23.98000,22.57000,23.11000,163900
2020-04-03,23.07000,23.68000,21.89000,22.88000,114700
2020-04-06,23.56000,24.43000,23.09000,24.28000,171400
2020-04-07,24.66000,25.16000,24.28000,24.73000,95800
2020-04-08,25.22000,26.13000,24.76000,25.81000,155700
2020-04-09,26.00000,27.71000,25.71000,27.47000,126900
2020-04-13,27.19000,27.19000,26.05000,26.94000,62500
2020-04-14,27.38000,28.24000,27.08000,27.96000,95200
2020-04-15,27.01000,27.62000,26.57000,26.86000,86900
2020-04-16,27.03000,27.87000,26.61000,27.81000,127300
2020-04-17,28.52000,29.76000,28.02000,29.50000,102100
2020-04-20,28.61000,28.68000,27.10000,27.84000,151400
2020-04-21,27.02000,27.23000,25.87000,26.22000,97500
2020-04-22,26.63000,27.13000,26.05000,26.85000,98300
2020-04-23,26.90000,28.08000,26.79000,27.61000,134200
2020-04-24,27.76000,27.76000,26.61000,26.97000,69500
2020-04-27,27.08000,29.49000,27.08000,29.35000,116800
2020-04-28,30.00000,30.07000,28.72000,30.00000,172900
2020-04-29,30.67000,31.78000,29.50000,30.71000,210900
2020-04-30,30.09000,30.18000,28.26000,28.49000,151400
2020-05-01,26.86000,27.49000,25.55000,26.37000,196100
2020-05-04,25.83000,25.97000,25.00000,25.28000,124600
2020-05-05,25.56000,26.66000,25.32000,26.13000,103800
2020-05-06,26.18000,26.58000,25.67000,26.10000,114000
2020-05-07,26.48000,26.77000,26.16000,26.22000,95300
2020-05-08,26.73000,26.92000,26.28000,26.38000,96100
2020-05-11,26.07000,26.63000,25.88000,26.43000,121300
2020-05-12,26.37000,26.91000,26.29000,26.29000,165700
2020-05-13,26.03000,26.19000,24.31000,24.77000,97900
2020-05-14,24.21000,24.58000,23.40000,24.52000,123000
2020-05-15,24.46000,24.63000,23.82000,24.30000,138400
2020-05-18,25.21000,25.88000,25.11000,25.25000,275200
2020-05-19,25.23000,26.10000,24.59000,24.91000,202300
2020-05-20,25.36000,25.93000,25.03000,25.37000,106500
2020-05-21,25.09000,25.68000,24.55000,24.60000,124900
2020-05-22,24.71000,25.19000,24.39000,24.94000,79400
2020-05-26,25.66000,26.87000,25.46000,26.29000,132300
2020-05-27,26.60000,27.46000,25.63000,27.35000,133900
2020-05-28,27.65000,28.63000,26.78000,27.06000,194400
2020-05-29,26.97000,27.24000,26.16000,26.89000,182500
2020-06-01,26.96000,27.28000,26.58000,26.84000,137400
2020-06-02,26.86000,27.12000,26.48000,26.53000,111800
2020-06-03,26.79000,27.37000,26.61000,26.71000,82100
2020-06-04,26.52000,27.44000,26.40000,26.95000,84700
2020-06-05,27.63000,28.65000,27.63000,28.22000,160800
2020-06-08,28.49000,28.49000,27.66000,27.95000,80300
2020-06-09,27.58000,27.62000,26.91000,27.06000,61800
2020-06-10,27.10000,27.10000,25.85000,25.91000,60600
2020-06-11,24.91000,24.91000,23.55000,23.68000,121300
2020-06-12,24.41000,24.70000,23.56000,24.58000,100900
2020-06-15,23.89000,25.12000,23.87000,24.81000,109300
2020-06-16,25.39000,25.46000,24.72000,24.86000,84600
2020-06-17,24.88000,25.08000,24.24000,24.70000,84500
2020-06-18,24.42000,24.85000,24.24000,24.38000,83300
2020-06-19,24.61000,24.83000,24.13000,24.19000,209200
2020-06-22,24.31000,24.82000,23.81000,24.62000,87800
2020-06-23,25.25000,27.27000,25.25000,26.91000,214600
2020-06-24,26.49000,26.70000,24.98000,25.30000,193300
2020-06-25,25.11000,25.86000,24.72000,25.80000,133200
2020-06-26,25.53000,25.60000,23.95000,24.25000,274100
2020-06-29,24.57000,26.13000,24.37000,25.97000,243300
2020-06-30,25.81000,26.68000,25.56000,26.40000,162000
2020-07-01,26.54000,26.87000,25.83000,26.24000,128900
2020-07-02,26.72000,26.88000,25.83000,26.35000,73900
2020-07-06,26.78000,26.78000,25.39000,26.21000,178600
2020-07-07,25.90000,26.76000,25.73000,26.59000,122800
2020-07-08,26.56000,26.74000,25.72000,26.18000,131000
2020-07-09,26.15000,26.15000,25.44000,25.81000,86500
2020-07-10,25.84000,26.05000,25.54000,25.73000,55100
2020-07-13,25.93000,26.90000,25.79000,26.17000,107500
2020-07-14,26.18000,26.72000,25.88000,26.51000,66300
2020-07-15,26.89000,27.99000,26.45000,27.80000,124100
2020-07-16,27.58000,27.60000,27.09000,27.37000,78300
2020-07-17,27.32000,27.99000,26.85000,27.79000,103500
2020-07-20,27.60000,27.60000,27.11000,27.20000,72200
2020-07-21,27.38000,29.17000,27.38000,28.90000,194800
2020-07-22,28.83000,29.22000,27.79000,28.16000,163000
2020-07-23,28.10000,29.04000,28.00000,28.93000,133600
2020-07-24,31.99000,33.49000,31.08000,31.91000,427800
2020-07-27,31.94000,32.12000,29.86000,29.98000,200800
2020-07-28,29.89000,30.52000,29.34000,29.40000,121100
2020-07-29,29.32000,30.67000,29.32000,30.30000,122700
2020-07-30,29.94000,30.43000,29.83000,30.23000,112800
2020-07-31,30.19000,30.19000,28.66000,29.33000,231000
2020-08-03,29.50000,30.23000,29.30000,30.18000,127600
2020-08-04,29.94000,30.18000,29.42000,29.50000,66700
2020-08-05,29.73000,29.73000,29.12000,29.30000,86600
2020-08-06,29.12000,29.68000,29.05000,29.20000,129700
2020-08-07,29.06000,29.96000,28.90000,29.66000,67500
2020-08-10,29.68000,30.20000,29.66000,29.76000,62600
2020-08-11,29.96000,30.19000,28.85000,28.99000,127600
2020-08-12,29.39000,29.65000,28.67000,28.99000,115400
2020-08-13,28.88000,29.15000,28.38000,28.99000,111200
2020-08-14,28.83000,29.07000,27.91000,28.38000,103900
2020-08-17,28.98000,30.61000,28.89000,29.97000,168000
2020-08-18,30.15000,30.15000,29.33000,29.62000,118700
2020-08-19,29.62000,30.22000,29.50000,30.11000,185600
2020-08-20,29.78000,30.24000,29.75000,29.95000,83200
2020-08-21,29.77000,29.77000,28.98000,29.27000,107000
2020-08-24,29.56000,29.71000,29.06000,29.32000,125000
2020-08-25,29.61000,30.71000,28.94000,30.65000,234600
2020-08-26,30.66000,31.40000,30.34000,31.32000,91200
2020-08-27,31.28000,32.33000,31.22000,31.46000,192300
2020-08-28,31.50000,31.73000,30.58000,31.69000,91700
2020-08-31,31.69000,32.62000,31.60000,32.28000,141600
2020-09-01,32.17000,32.71000,32.00000,32.54000,93000
2020-09-02,32.53000,32.75000,32.24000,32.64000,56500
2020-09-03,32.50000,32.78000,32.16000,32.43000,101100
2020-09-04,32.86000,32.86000,31.34000,31.81000,111700
2020-09-08,31.51000,31.62000,30.81000,31.30000,74600
2020-09-09,31.44000,32.08000,31.27000,31.91000,85800
2020-09-10,32.23000,32.27000,31.50000,31.50000,87700
2020-09-11,31.55000,31.66000,30.73000,30.84000,65800
2020-09-14,31.02000,31.59000,30.03000,31.52000,78200
2020-09-15,32.15000,32.40000,31.34000,32.14000,56100
2020-09-16,32.35000,33.32000,31.50000,32.70000,158400
2020-09-17,32.31000,32.40000,31.84000,32.21000,67700
2020-09-18,32.52000,33.37000,31.80000,32.96000,376300
2020-09-21,32.31000,32.31000,31.37000,32.14000,71900
2020-09-22,32.30000,32.55000,31.83000,32.50000,57200
2020-09-23,32.46000,33.80000,32.46000,33.45000,216600
2020-09-24,33.39000,33.96000,32.51000,33.86000,209200
2020-09-25,33.70000,34.19000,32.92000,33.98000,223900
2020-09-28,34.13000,34.16000,32.28000,32.35000,114700
2020-09-29,32.31000,33.99000,31.98000,32.36000,84700
2020-09-30,32.28000,32.91000,32.17000,32.53000,85300
2020-10-01,32.69000,33.34000,31.56000,32.14000,146000
2020-10-02,31.66000,32.39000,31.59000,31.85000,45500
2020-10-05,31.99000,32.78000,31.80000,31.97000,67100
2020-10-06,32.30000,33.33000,31.60000,31.77000,85300
2020-10-07,31.91000,32.20000,31.33000,32.04000,117200
2020-10-08,32.33000,32.80000,31.66000,32.41000,114700
2020-10-09,32.50000,33.48000,32.50000,33.44000,99800
2020-10-12,33.51000,34.15000,32.91000,33.32000,63400
2020-10-13,33.14000,33.62000,32.99000,33.13000,59100
2020-10-14,33.13000,33.17000,32.70000,32.72000,32200
2020-10-15,32.41000,32.81000,31.90000,32.00000,132500
2020-10-16,31.86000,32.79000,31.66000,32.31000,112600
2020-10-19,32.32000,32.84000,31.98000,32.10000,88000
2020-10-20,32.04000,32.69000,31.55000,31.80000,50500
2020-10-21,31.70000,32.56000,31.21000,31.44000,128100
2020-10-22,31.44000,32.59000,31.44000,32.49000,74100
2020-10-23,32.69000,32.92000,32.25000,32.82000,46600
2020-10-26,32.55000,33.38000,32.11000,33.23000,65600
2020-10-27,32.86000,33.68000,32.86000,33.21000,120300
2020-10-28,32.66000,33.26000,32.30000,33.05000,139400
2020-10-29,33.03000,35.55000,32.74000,35.54000,247100
2020-10-30,35.60000,35.92000,32.42000,32.48000,207000
2020-11-02,32.99000,34.89000,32.56000,33.98000,158700
2020-11-03,34.40000,35.55000,34.33000,34.91000,104800
2020-11-04,34.94000,35.87000,34.12000,34.45000,68000
2020-11-05,34.76000,35.88000,34.50000,34.65000,69300
2020-11-06,34.66000,35.79000,34.61000,35.69000,86600
2020-11-09,36.05000,37.90000,35.70000,37.00000,308300
2020-11-10,37.41000,38.09000,36.03000,37.69000,177000
2020-11-11,38.01000,38.49000,36.51000,37.08000,98900
2020-11-12,36.80000,37.24000,35.95000,36.94000,67700
2020-11-13,37.29000,37.98000,36.59000,37.20000,68600
2020-11-16,37.75000,38.57000,37.30000,38.18000,112500
2020-11-17,38.18000,39.39000,37.33000,38.75000,136200
2020-11-18,38.81000,39.18000,37.77000,38.00000,103600
2020-11-19,37.96000,38.30000,37.00000,37.71000,65600
2020-11-20,37.32000,38.25000,36.64000,37.75000,76700
2020-11-23,37.93000,39.40000,36.86000,38.88000,167900
2020-11-24,39.34000,41.35000,39.17000,41.17000,177600
2020-11-25,41.17000,41.86000,39.97000,41.27000,164600
2020-11-27,41.15000,41.15000,39.10000,39.58000,62500
2020-11-30,39.51000,40.00000,39.07000,39.39000,116400
2020-12-01,39.76000,39.80000,37.10000,37.49000,163100
2020-12-02,37.47000,38.25000,37.19000,37.29000,130200
2020-12-03,37.48000,37.85000,36.14000,36.57000,119000
2020-12-04,36.89000,37.80000,36.35000,37.49000,107500
2020-12-07,37.61000,38.23000,36.36000,36.63000,162100
2020-12-08,36.46000,37.00000,36.22000,36.31000,292700
2020-12-09,36.25000,36.86000,35.70000,35.98000,199800
2020-12-10,35.77000,36.44000,35.22000,35.71000,213500
2020-12-11,35.57000,35.75000,34.23000,34.66000,147100
2020-12-14,34.83000,35.50000,34.26000,34.49000,130500
2020-12-15,34.62000,36.18000,34.49000,36.04000,141100
2020-12-16,36.28000,37.01000,36.08000,36.55000,112900
2020-12-17,36.80000,37.42000,36.49000,36.93000,114700
2020-12-18,37.14000,38.16000,37.00000,37.94000,301500
2020-12-21,37.18000,38.52000,36.87000,38.16000,94500
2020-12-22,38.47000,38.76000,37.31000,37.38000,113900
2020-12-23,37.41000,38.53000,37.41000,38.30000,70200
2020-12-24,38.57000,38.75000,38.01000,38.37000,35600
2020-12-28,38.90000,39.16000,38.44000,38.88000,67200
2020-12-29,39.07000,39.34000,38.08000,38.84000,59300
2020-12-30,38.92000,39.80000,38.77000,39.54000,51300
2020-12-31,39.44000,40.55000,39.44000,40.50000,116800
2021-01-04,40.82000,41.23000,39.38000,40.19000,99700
2021-01-05,40.32000,42.20000,40.32000,41.53000,120200
2021-01-06,42.07000,43.03000,42.07000,42.81000,140300
2021-01-07,43.00000,43.48000,42.49000,42.91000,89200
2021-01-08,43.02000,43.51000,42.22000,42.85000,98300
2021-01-11,42.63000,43.18000,42.25000,42.66000,78800
2021-01-12,42.79000,43.42000,41.19000,41.63000,88200
2021-01-13,41.46000,42.33000,40.34000,41.60000,66300
2021-01-14,41.70000,44.52000,41.70000,43.27000,116700
2021-01-15,43.00000,43.94000,42.01000,42.69000,85700
2021-01-19,43.12000,44.90000,43.12000,44.58000,93300
2021-01-20,44.72000,45.77000,44.39000,44.91000,114300
2021-01-21,44.94000,45.56000,43.62000,44.77000,108200
2021-01-22,44.28000,45.70000,44.28000,45.43000,65700
2021-01-25,45.42000,47.06000,45.31000,46.77000,110400
2021-01-26,46.75000,47.77000,46.17000,47.60000,79600
2021-01-27,46.56000,50.53000,45.59000,48.74000,175400
2021-01-28,48.29000,49.99000,47.90000,48.53000,146400
2021-01-29,49.13000,49.20000,45.39000,48.06000,232300
2021-02-01,48.69000,48.91000,46.98000,48.06000,140700
2021-02-02,48.40000,48.94000,46.36000,46.95000,126700
2021-02-03,46.83000,48.50000,45.95000,48.09000,159700
2021-02-04,48.32000,50.14000,48.01000,48.71000,97600
2021-02-05,49.01000,49.64000,47.79000,48.27000,144600
2021-02-08,48.60000,48.78000,48.00000,48.20000,123900
2021-02-09,48.06000,49.16000,47.34000,48.73000,95600
2021-02-10,49.08000,49.65000,47.15000,47.72000,110100
2021-02-11,48.23000,48.38000,46.50000,47.53000,133600
2021-02-12,47.62000,49.62000,47.41000,49.15000,103600
2021-02-16,49.51000,49.90000,48.24000,48.57000,74000
2021-02-17,48.51000,49.24000,47.25000,48.32000,71800
2021-02-18,48.21000,48.75000,46.88000,48.47000,88600
2021-02-19,48.49000,49.99000,48.49000,49.20000,100500
2021-02-22,49.41000,49.41000,47.20000,47.88000,104700
2021-02-23,47.49000,48.68000,45.81000,47.19000,120700
2021-02-24,47.50000,48.60000,47.20000,47.67000,102700
2021-02-25,48.10000,49.28000,46.45000,46.45000,120000
2021-02-26,50.14000,54.96000,47.12000,51.39000,309600
2021-03-01,53.97000,53.97000,50.65000,51.50000,273000
2021-03-02,51.22000,52.98000,50.36000,51.38000,172000
2021-03-03,51.91000,52.55000,50.26000,50.78000,210200
2021-03-04,50.41000,50.74000,46.30000,46.82000,204000
2021-03-05,47.09000,47.13000,45.05000,46.79000,126800
2021-03-08,46.56000,47.94000,45.65000,46.79000,86400
2021-03-09,47.12000,49.51000,46.50000,48.29000,129800
2021-03-10,48.73000,50.23000,48.23000,48.69000,78800
2021-03-11,49.42000,49.70000,47.40000,47.44000,159600
2021-03-12,47.23000,48.44000,46.99000,48.10000,108400
2021-03-15,48.00000,48.96000,46.50000,46.80000,100800
2021-03-16,46.45000,47.05000,44.70000,45.69000,182800
2021-03-17,46.20000,50.36000,45.75000,48.05000,472200
2021-03-18,48.79000,50.87000,47.95000,48.11000,152400
2021-03-19,48.56000,49.01000,47.05000,47.85000,266800
2021-03-22,48.46000,49.94000,47.53000,48.88000,116600
2021-03-23,48.54000,48.88000,46.51000,47.09000,120600
2021-03-24,47.07000,48.27000,45.75000,45.75000,79700
2021-03-25,45.56000,46.94000,45.18000,46.79000,75900
2021-03-26,47.12000,48.01000,46.19000,46.72000,73100
2021-03-29,46.38000,47.72000,45.79000,45.90000,82200
2021-03-30,46.01000,48.15000,45.61000,47.64000,116600
2021-03-31,48.22000,49.67000,48.22000,48.78000,137000
2021-04-01,49.00000,49.20000,47.61000,48.58000,84000
2021-04-05,48.75000,49.81000,48.50000,49.76000,79200
2021-04-06,49.66000,51.00000,49.66000,50.62000,73000
2021-04-07,50.45000,50.59000,48.78000,48.91000,79800
2021-04-08,49.37000,50.58000,49.19000,50.39000,74200
2021-04-09,50.10000,51.65000,50.01000,51.44000,72900
2021-04-12,51.44000,51.85000,48.95000,49.90000,99100
2021-04-13,49.90000,50.78000,49.20000,49.99000,160300
2021-04-14,49.99000,50.37000,49.24000,49.91000,103500
2021-04-15,50.01000,50.74000,49.69000,50.07000,111000
2021-04-16,50.44000,50.86000,50.13000,50.49000,76800
2021-04-19,50.48000,50.51000,49.46000,50.47000,78000
2021-04-20,50.25000,50.66000,49.32000,50.03000,81700
2021-04-21,50.37000,53.26000,50.29000,53.12000,110200
2021-04-22,53.06000,54.46000,52.84000,53.55000,104200
2021-04-23,53.85000,54.18000,53.47000,53.55000,78500
2021-04-26,54.03000,54.19000,52.49000,52.56000,47500
2021-04-27,53.34000,53.68000,52.60000,53.01000,78200
2021-04-28,53.05000,54.20000,52.37000,53.97000,73400
2021-04-29,54.20000,54.93000,53.49000,53.86000,121000
2021-04-30,53.35000,53.35000,48.39000,52.47000,422100
2021-05-03,52.52000,53.07000,50.50000,51.46000,254400
2021-05-04,51.01000,51.94000,50.66000,51.32000,97300
2021-05-05,51.81000,52.36000,50.43000,51.86000,145900
2021-05-06,51.73000,52.48000,50.73000,51.07000,158200
2021-05-07,51.06000,51.58000,50.66000,50.87000,145700
2021-05-10,50.58000,50.58000,48.57000,48.62000,99100
2021-05-11,48.00000,49.03000,47.21000,47.74000,140900
2021-05-12,47.71000,48.87000,47.37000,47.95000,144300
2021-05-13,47.87000,48.79000,47.49000,48.64000,103400
2021-05-14,48.80000,49.75000,48.44000,49.19000,101800
2021-05-17,49.08000,49.70000,48.83000,48.96000,70900
2021-05-18,48.86000,50.23000,48.02000,48.29000,105800
2021-05-19,47.86000,48.92000,47.14000,48.75000,92900
2021-05-20,48.61000,49.61000,47.85000,49.11000,103900
2021-05-21,49.61000,50.61000,49.61000,50.12000,67600
2021-05-24,50.17000,51.16000,49.84000,49.98000,72300
2021-05-25,49.99000,50.85000,49.66000,49.94000,98900
2021-05-26,49.86000,50.65000,48.96000,50.52000,86500
2021-05-27,50.53000,51.33000,50.53000,51.25000,112000
2021-05-28,51.45000,52.09000,50.89000,51.21000,74000
2021-06-01,51.59000,51.64000,50.96000,51.50000,175900
2021-06-02,51.38000,51.63000,50.60000,51.48000,137000
2021-06-03,51.10000,51.82000,50.12000,51.40000,84400
2021-06-04,51.48000,51.84000,51.19000,51.32000,82600
2021-06-07,51.09000,52.35000,51.08000,52.19000,73600
2021-06-08,52.43000,54.00000,52.27000,53.53000,77600
2021-06-09,53.16000,53.96000,52.64000,53.89000,110100
2021-06-10,53.97000,55.04000,53.53000,54.98000,112100
2021-06-11,55.39000,56.42000,54.97000,56.41000,116000
2021-06-14,56.74000,58.06000,56.47000,57.97000,244500
2021-06-15,58.02000,59.13000,56.70000,59.07000,252100
2021-06-16,59.17000,59.98000,57.23000,58.96000,126300
2021-06-17,58.88000,61.45000,58.75000,61.15000,150800
2021-06-18,60.42000,61.68000,59.56000,61.61000,243200
2021-06-21,62.19000,63.64000,61.77000,62.89000,210300
2021-06-22,63.00000,63.63000,60.75000,62.30000,177800
2021-06-23,62.53000,63.14000,61.43000,62.34000,213600
2021-06-24,62.67000,62.81000,61.69000,62.35000,161400
2021-06-25,62.50000,64.50000,62.15000,63.33000,639100
2021-06-28,63.62000,63.76000,61.05000,61.15000,139500
2021-06-29,61.19000,62.51000,60.84000,62.30000,79000
2021-06-30,62.24000,62.28000,60.25000,61.02000,135100
2021-07-01,61.13000,61.59000,60.40000,60.57000,115400
2021-07-02,60.89000,60.89000,59.49000,59.74000,155100
2021-07-06,59.38000,59.38000,57.51000,58.75000,222600
2021-07-07,58.84000,60.58000,58.03000,59.89000,131600
2021-07-08,59.09000,60.18000,58.69000,59.89000,76100
2021-07-09,60.18000,61.02000,59.55000,59.88000,70900
2021-07-12,59.79000,60.55000,59.20000,60.45000,68200
2021-07-13,60.06000,60.55000,59.27000,60.03000,62000
2021-07-14,56.00000,56.00000,54.33000,54.52000,890900
2021-07-15,54.62000,54.62000,52.84000,54.33000,265800
2021-07-16,54.73000,55.20000,54.28000,55.01000,153100
2021-07-19,54.23000,55.61000,54.01000,54.39000,254500
2021-07-20,54.75000,55.77000,54.39000,54.78000,151000
2021-07-21,54.69000,55.64000,54.21000,55.49000,127000
2021-07-22,55.67000,55.67000,54.14000,54.55000,66300
2021-07-23,54.76000,55.02000,54.12000,54.76000,55400
2021-07-26,55.06000,55.55000,54.29000,54.56000,106200
2021-07-27,54.27000,54.58000,53.87000,54.15000,191200
2021-07-28,54.31000,55.04000,53.45000,54.71000,75500
2021-07-29,54.70000,55.53000,54.59000,54.59000,177600
2021-07-30,54.65000,55.56000,54.13000,54.46000,97000
2021-08-02,54.86000,55.73000,54.41000,54.71000,107800
2021-08-03,54.72000,56.25000,54.68000,55.95000,184400
2021-08-04,55.86000,56.28000,52.49000,55.29000,87200
2021-08-05,55.41000,56.81000,55.19000,56.80000,101300
2021-08-06,56.96000,57.94000,55.10000,57.84000,97000
2021-08-09,57.82000,58.44000,56.27000,57.23000,89100
2021-08-10,57.31000,58.14000,56.50000,56.68000,94100
2021-08-11,57.04000,57.49000,54.65000,54.99000,150500
2021-08-12,55.13000,55.56000,54.27000,54.86000,54900
2021-08-13,54.15000,55.30000,54.15000,55.21000,48000
2021-08-16,55.29000,56.50000,55.27000,56.23000,152900
2021-08-17,56.16000,56.75000,54.89000,55.52000,73800
2021-08-18,55.48000,56.22000,54.77000,54.88000,60200
2021-08-19,54.54000,55.14000,53.31000,53.84000,75300
2021-08-20,53.70000,54.88000,53.68000,54.82000,82000
2021-08-23,55.19000,55.73000,54.76000,55.00000,61300
2021-08-24,55.50000,55.54000,55.00000,55.16000,57900
2021-08-25,55.19000,55.32000,54.46000,54.55000,62600
2021-08-26,54.50000,55.17000,53.90000,54.30000,83900
2021-08-27,54.40000,56.46000,54.40000,56.28000,109800
2021-08-30,56.50000,57.59000,56.37000,56.77000,86100
2021-08-31,56.63000,57.03000,56.30000,56.62000,137700
2021-09-01,56.57000,57.48000,56.22000,57.37000,76400
2021-09-02,57.50000,58.99000,57.45000,58.82000,105100
2021-09-03,58.50000,58.96000,58.20000,58.52000,80600
2021-09-07,58.67000,60.79000,58.47000,59.56000,216800
2021-09-08,59.37000,60.49000,58.64000,59.70000,92900
2021-09-09,59.81000,60.21000,58.92000,59.01000,75100
2021-09-10,59.31000,59.86000,58.88000,59.05000,101600
2021-09-13,59.37000,59.65000,56.45000,56.98000,107600
2021-09-14,57.30000,58.04000,56.51000,57.34000,112600
2021-09-15,57.42000,57.60000,55.51000,57.48000,111700
2021-09-16,58.38000,59.37000,57.91000,58.15000,126700
2021-09-17,58.17000,58.66000,56.53000,56.74000,583000
2021-09-20,55.72000,57.06000,54.67000,55.16000,142200
2021-09-21,55.31000,55.51000,53.94000,54.05000,110000
2021-09-22,54.41000,55.66000,53.78000,55.16000,95600
2021-09-23,55.52000,56.39000,55.32000,55.74000,106200
2021-09-24,55.52000,55.88000,54.93000,55.72000,191000
2021-09-27,55.47000,56.31000,54.97000,55.69000,70200
2021-09-28,55.31000,55.31000,54.33000,54.74000,98900
2021-09-29,54.86000,55.20000,53.74000,53.88000,93500
2021-09-30,54.04000,54.49000,53.03000,53.09000,108200
2021-10-01,53.26000,53.90000,52.15000,53.68000,93000
2021-10-04,53.43000,53.79000,52.35000,52.81000,110300
2021-10-05,52.86000,54.52000,52.86000,53.29000,92500
2021-10-06,52.98000,53.99000,52.19000,53.89000,109800
2021-10-07,54.20000,55.82000,54.20000,54.56000,77000
2021-10-08,54.49000,54.58000,53.19000,53.49000,39800
2021-10-11,53.34000,54.65000,52.49000,52.50000,66000
2021-10-12,52.62000,53.50000,52.36000,52.57000,116000
2021-10-13,52.57000,52.96000,52.15000,52.68000,35600
2021-10-14,52.94000,54.11000,52.75000,53.50000,95800
2021-10-15,54.29000,54.29000,53.50000,53.58000,67800
2021-10-18,53.38000,53.54000,52.41000,53.14000,77300
2021-10-19,53.80000,54.92000,53.12000,54.51000,45900
2021-10-20,54.69000,55.28000,54.33000,54.91000,34700
2021-10-21,54.91000,55.45000,54.19000,54.70000,66600
2021-10-22,54.63000,54.63000,53.73000,54.12000,57600
2021-10-25,54.28000,55.32000,53.66000,55.21000,83100
2021-10-26,55.91000,55.91000,53.94000,55.16000,103700
2021-10-27,55.24000,55.36000,54.26000,54.89000,68900
2021-10-28,55.10000,56.47000,55.00000,56.25000,104800
2021-10-29,49.10000,52.20000,48.20000,52.01000,359100
2021-11-01,52.00000,52.70000,50.95000,52.56000,145000
2021-11-02,52.45000,53.70000,52.20000,52.77000,140300
2021-11-03,52.91000,53.59000,51.62000,52.59000,157200
2021-11-04,52.56000,52.85000,51.64000,52.06000,94400
2021-11-05,51.75000,54.74000,50.91000,54.64000,113400
2021-11-08,54.99000,55.79000,54.68000,54.69000,151600
2021-11-09,54.61000,54.61000,53.46000,53.85000,63800
2021-11-10,53.80000,54.21000,53.32000,54.00000,89400
2021-11-11,54.08000,54.32000,53.11000,54.18000,69000
2021-11-12,54.19000,54.86000,53.87000,54.45000,51600
2021-11-15,54.66000,55.13000,54.01000,54.90000,98800
2021-11-16,54.65000,55.39000,53.23000,53.40000,130600
2021-11-17,53.43000,54.54000,52.69000,53.53000,105900
2021-11-18,53.56000,53.58000,51.20000,51.58000,104400
2021-11-19,50.88000,54.29000,50.88000,51.89000,93000
2021-11-22,52.22000,52.42000,50.08000,50.34000,80800
2021-11-23,50.18000,50.61000,49.44000,50.02000,87500
2021-11-24,49.71000,50.92000,49.04000,50.88000,58000
2021-11-26,49.73000,49.94000,48.29000,48.76000,85900
2021-11-29,49.45000,50.07000,47.69000,47.80000,69100
2021-11-30,47.53000,48.00000,46.36000,46.79000,159600
2021-12-01,47.61000,49.14000,47.38000,47.40000,108800
2021-12-02,47.56000,49.13000,46.93000,48.53000,116600
2021-12-03,48.69000,48.69000,46.33000,46.80000,71800
2021-12-06,47.42000,48.79000,46.77000,48.63000,108100
2021-12-07,49.11000,50.35000,49.11000,49.74000,78100
2021-12-08,49.96000,50.08000,48.34000,49.72000,63800
2021-12-09,50.00000,50.12000,48.69000,48.71000,63900
2021-12-10,49.00000,49.33000,48.23000,48.60000,78800
2021-12-13,48.38000,48.48000,47.71000,48.28000,81700
2021-12-14,48.38000,48.89000,47.18000,47.44000,101000
2021-12-15,47.71000,49.02000,46.86000,49.02000,86900
2021-12-16,49.18000,49.60000,46.61000,46.66000,357400
2021-12-17,46.87000,48.69000,46.31000,48.21000,345900
2021-12-20,47.56000,48.48000,46.94000,47.49000,77400
2021-12-21,47.76000,49.90000,47.37000,49.87000,95500
2021-12-22,49.81000,50.31000,49.49000,50.16000,93700
2021-12-23,50.26000,51.73000,48.60000,51.54000,65200
2021-12-27,51.53000,52.00000,50.01000,51.86000,95400
2021-12-28,51.72000,51.80000,50.76000,50.92000,53900
2021-12-29,51.13000,51.45000,50.40000,51.05000,35800
2021-12-30,51.00000,51.68000,50.85000,50.91000,38400
2021-12-31,51.08000,51.35000,50.04000,50.23000,63000
2022-01-03,50.20000,51.60000,49.96000,51.50000,54200
2022-01-04,51.50000,51.72000,49.82000,50.38000,111400
2022-01-05,50.57000,50.83000,48.98000,49.16000,80800
2022-01-06,49.15000,49.35000,47.87000,48.06000,58400
2022-01-07,48.16000,49.65000,46.62000,46.76000,66200
2022-01-10,46.67000,47.47000,45.54000,47.27000,51600
2022-01-11,47.34000,48.25000,46.86000,47.83000,66500
2022-01-12,47.94000,48.09000,46.67000,46.92000,48300
2022-01-13,47.29000,47.66000,46.43000,46.62000,56700
2022-01-14,46.14000,46.69000,45.53000,45.79000,88400
2022-01-18,45.33000,45.39000,44.20000,44.78000,89600
2022-01-19,44.94000,44.94000,43.03000,43.37000,92800
2022-01-20,43.74000,45.21000,43.66000,44.02000,78200
2022-01-21,43.60000,44.74000,43.20000,43.84000,85300
2022-01-24,43.36000,44.42000,41.68000,44.18000,115200
2022-01-25,43.63000,43.63000,42.03000,42.83000,78900
2022-01-26,43.43000,44.17000,41.60000,41.98000,56400
2022-01-27,42.06000,42.42000,40.42000,40.48000,67200
2022-01-28,40.68000,41.19000,39.48000,41.01000,124900
2022-01-31,40.94000,42.73000,40.94000,42.31000,137900
2022-02-01,42.10000,42.74000,41.14000,42.64000,101400
2022-02-02,42.65000,42.65000,41.64000,42.13000,89100
2022-02-03,41.80000,42.17000,40.99000,41.22000,86200
2022-02-04,41.18000,42.30000,40.56000,42.05000,106000
2022-02-07,41.97000,42.79000,41.61000,41.94000,70900
2022-02-08,41.93000,43.71000,41.93000,43.44000,64500
2022-02-09,43.72000,45.68000,42.62000,42.88000,76900
2022-02-10,42.04000,43.08000,41.85000,42.12000,57300
2022-02-11,42.13000,43.01000,42.03000,42.90000,106700
2022-02-14,43.01000,43.64000,42.52000,42.89000,73700
2022-02-15,43.36000,44.11000,43.10000,43.37000,72100
2022-02-16,43.11000,43.98000,42.49000,43.96000,48300
2022-02-17,43.50000,43.83000,42.28000,42.39000,49600
2022-02-18,42.28000,42.98000,41.99000,42.27000,63000
2022-02-22,41.89000,43.82000,41.89000,43.37000,107400
2022-02-23,43.73000,44.07000,43.28000,43.75000,117000
2022-02-24,42.78000,45.96000,42.72000,45.87000,205100
2022-02-25,43.70000,47.00000,43.70000,46.48000,99500
2022-02-28,46.22000,47.61000,45.62000,47.47000,182200
2022-03-01,47.46000,47.89000,47.16000,47.73000,115700
2022-03-02,48.01000,48.65000,47.40000,48.14000,120300
2022-03-03,48.28000,48.61000,47.75000,48.00000,68700
2022-03-04,47.84000,48.98000,45.55000,48.45000,88600
2022-03-07,48.37000,48.53000,46.14000,46.32000,125000
2022-03-08,46.29000,46.29000,44.59000,45.57000,122600
2022-03-09,46.22000,46.25000,44.66000,45.49000,82600
2022-03-10,44.82000,45.04000,43.89000,44.37000,92900
2022-03-11,44.80000,44.80000,42.30000,42.39000,100300
2022-03-14,42.42000,43.39000,41.66000,41.88000,127600
2022-03-15,42.19000,42.49000,41.29000,41.93000,146200
2022-03-16,42.16000,43.93000,42.16000,43.73000,103000
2022-03-17,43.26000,45.32000,43.26000,44.84000,78200
2022-03-18,44.98000,46.24000,44.57000,45.93000,302600
2022-03-21,45.97000,46.19000,43.64000,44.10000,150300
2022-03-22,44.47000,45.43000,44.47000,45.35000,145400
2022-03-23,44.93000,45.32000,43.27000,44.46000,112100
2022-03-24,44.35000,44.87000,43.39000,44.79000,120600
2022-03-25,44.89000,45.31000,44.63000,45.08000,64700
2022-03-28,44.98000,45.47000,44.28000,44.45000,68400
2022-03-29,45.14000,46.54000,45.14000,46.29000,133200
2022-03-30,45.97000,47.04000,45.21000,46.38000,69800
2022-03-31,46.34000,46.91000,45.82000,46.47000,114500
2022-04-01,46.40000,48.08000,46.40000,47.85000,138100
2022-04-04,47.85000,48.16000,47.02000,47.59000,185200
2022-04-05,47.61000,48.07000,47.29000,47.34000,162600
2022-04-06,46.99000,47.19000,45.45000,46.77000,183900
2022-04-07,47.02000,47.54000,46.40000,47.06000,148800
2022-04-08,46.66000,47.27000,45.99000,46.52000,173000
2022-04-11,46.46000,46.75000,45.54000,45.63000,172900
2022-04-12,45.97000,47.84000,45.97000,47.30000,205200
2022-04-13,47.34000,47.34000,46.60000,46.95000,141200
2022-04-14,47.16000,47.46000,45.90000,46.51000,90800
2022-04-18,46.25000,46.91000,45.30000,45.82000,347900
2022-04-19,45.81000,47.83000,45.81000,46.85000,173500
2022-04-20,47.41000,47.89000,47.20000,47.55000,114200
2022-04-21,47.84000,47.92000,47.01000,47.13000,139600
2022-04-22,46.73000,47.00000,44.11000,44.27000,153000
2022-04-25,44.06000,46.02000,44.06000,45.81000,172400
2022-04-26,45.24000,45.31000,44.35000,44.41000,152500
2022-04-27,44.64000,45.08000,43.78000,44.49000,191000
2022-04-28,45.16000,46.94000,43.69000,45.81000,175100
2022-04-29,44.70000,45.59000,42.12000,43.21000,402900
2022-05-02,43.23000,45.14000,43.06000,43.61000,204700
2022-05-03,43.57000,45.05000,43.57000,44.41000,163100
2022-05-04,44.47000,45.41000,43.27000,45.13000,186400
2022-05-05,44.58000,48.36000,42.25000,42.71000,104600
2022-05-06,42.45000,42.73000,41.26000,41.60000,142500
2022-05-09,40.97000,41.06000,38.32000,39.05000,184500
2022-05-10,39.71000,40.88000,39.14000,40.37000,147700
2022-05-11,40.41000,41.58000,40.06000,40.33000,113200
2022-05-12,40.11000,41.76000,39.67000,41.70000,233000
2022-05-13,42.23000,43.57000,41.64000,43.41000,158100
2022-05-16,43.03000,44.28000,42.71000,43.60000,237800
2022-05-17,44.24000,45.87000,43.28000,45.53000,146500
2022-05-18,44.64000,44.83000,42.81000,43.45000,199700
2022-05-19,43.13000,44.70000,43.13000,43.53000,148400
2022-05-20,44.00000,44.88000,42.77000,44.80000,93000
2022-05-23,45.42000,45.64000,43.89000,44.33000,213100
2022-05-24,44.03000,44.61000,43.19000,43.87000,103900
2022-05-25,43.94000,45.31000,43.94000,44.60000,73200
2022-05-26,45.02000,45.02000,44.06000,44.57000,72900
2022-05-27,44.97000,46.25000,44.66000,45.64000,74400
2022-05-31,45.45000,46.24000,44.87000,45.72000,102000
2022-06-01,46.00000,46.43000,43.70000,44.95000,99500
2022-06-02,45.33000,46.32000,44.81000,46.00000,81600
2022-06-03,45.99000,46.46000,45.33000,45.66000,87000
2022-06-06,46.06000,46.06000,44.86000,44.90000,48400
2022-06-07,44.67000,45.79000,44.67000,45.67000,53500
2022-06-08,45.33000,46.61000,45.11000,46.24000,144400
2022-06-09,46.28000,46.50000,45.51000,45.62000,106800
2022-06-10,44.99000,45.90000,44.87000,45.64000,90200
2022-06-13,44.48000,44.73000,42.92000,43.22000,107500
2022-06-14,43.19000,43.89000,41.98000,42.50000,90000
2022-06-15,42.85000,44.51000,42.50000,43.72000,98600
2022-06-16,42.96000,42.96000,41.54000,42.02000,67100
2022-06-17,42.44000,43.42000,42.07000,42.31000,127700
2022-06-21,43.07000,43.49000,40.82000,42.15000,68500
2022-06-22,41.74000,43.71000,41.74000,43.32000,70200
2022-06-23,43.55000,44.90000,43.55000,44.80000,55100
2022-06-24,45.26000,45.61000,44.10000,45.13000,163000
2022-06-27,45.44000,45.75000,44.79000,45.31000,52400
2022-06-28,45.45000,46.21000,45.07000,45.65000,82200
2022-06-29,45.80000,46.44000,45.02000,46.14000,62400
2022-06-30,45.62000,46.28000,44.98000,45.55000,94000
2022-07-01,45.58000,46.43000,45.50000,46.40000,74400
2022-07-05,45.71000,46.68000,45.48000,46.58000,122200
2022-07-06,46.71000,46.93000,42.04000,46.08000,68100
2022-07-07,46.38000,47.51000,45.88000,46.99000,78500
2022-07-08,46.80000,47.26000,45.83000,46.42000,83200
2022-07-11,46.41000,46.41000,45.20000,45.79000,67700
2022-07-12,45.86000,46.05000,45.35000,45.83000,47600
2022-07-13,45.38000,46.38000,45.16000,45.92000,64500
2022-07-14,45.50000,46.57000,44.95000,46.49000,107000
2022-07-15,47.48000,48.55000,46.49000,46.82000,156600
2022-07-18,47.04000,47.54000,44.88000,45.29000,133900
2022-07-19,45.92000,47.23000,45.92000,46.87000,79500
2022-07-20,47.05000,47.85000,46.71000,47.23000,72800
2022-07-21,47.37000,48.55000,47.28000,48.55000,74400
2022-07-22,48.82000,49.01000,47.83000,48.24000,87900
2022-07-25,48.49000,48.53000,46.42000,46.84000,95400
2022-07-26,46.91000,47.48000,46.61000,47.20000,75200
2022-07-27,47.62000,48.18000,47.28000,48.09000,71100
2022-07-28,48.35000,48.95000,47.55000,48.83000,78400
2022-07-29,48.27000,51.29000,46.86000,50.35000,199800
2022-08-01,50.15000,52.76000,50.15000,51.90000,137000
2022-08-02,51.55000,52.01000,51.33000,51.52000,96000
2022-08-03,51.75000,54.30000,51.75000,53.75000,160000
2022-08-04,53.60000,53.89000,51.96000,53.89000,188000
2022-08-05,53.19000,53.41000,52.23000,53.24000,80800
2022-08-08,53.38000,55.04000,53.38000,54.90000,117700
2022-08-09,54.63000,54.93000,53.12000,53.45000,108300
2022-08-10,54.45000,55.23000,53.86000,55.06000,103800
2022-08-11,55.22000,56.07000,54.47000,54.83000,147900
2022-08-12,54.82000,55.07000,54.42000,54.78000,82000
2022-08-15,54.56000,56.38000,54.12000,55.99000,102100
2022-08-16,55.76000,55.76000,53.34000,54.51000,133000
2022-08-17,54.10000,54.10000,52.11000,52.21000,122000
2022-08-18,52.10000,52.80000,51.71000,52.40000,93100
2022-08-19,52.18000,52.46000,51.73000,51.80000,69300
2022-08-22,51.34000,51.86000,50.74000,51.24000,76400
2022-08-23,51.27000,51.32000,50.37000,50.90000,76200
2022-08-24,50.59000,51.35000,50.59000,50.67000,46900
2022-08-25,51.08000,51.69000,50.83000,51.58000,52400
2022-08-26,51.70000,51.73000,49.73000,49.92000,51800
2022-08-29,49.37000,49.80000,48.55000,49.07000,39500
2022-08-30,49.06000,49.38000,48.74000,49.22000,61600
2022-08-31,49.54000,50.02000,49.14000,49.38000,95300
2022-09-01,49.28000,49.91000,48.12000,49.86000,83000
2022-09-02,49.97000,51.25000,48.84000,49.26000,62600
2022-09-06,49.36000,49.36000,48.52000,48.69000,56200
2022-09-07,48.92000,50.23000,48.00000,50.23000,69800
2022-09-08,49.87000,50.96000,48.66000,50.74000,63800
2022-09-09,51.30000,51.68000,50.39000,51.40000,54100
2022-09-12,51.38000,52.18000,50.77000,51.61000,71500
2022-09-13,50.60000,50.89000,50.01000,50.36000,54500
2022-09-14,50.17000,51.16000,50.17000,51.03000,49000
2022-09-15,50.88000,51.59000,50.04000,50.56000,60900
2022-09-16,50.41000,50.49000,49.10000,49.44000,241600
2022-09-19,49.34000,49.91000,48.46000,49.64000,63400
2022-09-20,49.34000,49.42000,48.58000,49.34000,37800
2022-09-21,49.57000,50.95000,49.08000,49.39000,119200
2022-09-22,49.18000,49.99000,48.14000,49.41000,92200
2022-09-23,49.00000,49.46000,47.36000,48.88000,80700
2022-09-26,48.84000,49.72000,48.48000,49.11000,79900
2022-09-27,49.40000,49.86000,48.68000,49.17000,87000
2022-09-28,49.32000,51.39000,48.95000,50.93000,109200
2022-09-29,50.62000,51.63000,50.00000,51.40000,99700
2022-09-30,51.29000,52.64000,50.63000,50.68000,119100
2022-10-03,51.02000,51.49000,48.44000,51.08000,59200
2022-10-04,51.81000,53.79000,51.81000,52.25000,129600
2022-10-05,51.90000,52.78000,50.80000,51.26000,118600
2022-10-06,51.36000,51.81000,49.89000,50.10000,86300
2022-10-07,49.85000,49.85000,47.89000,48.57000,95700
2022-10-10,48.89000,48.89000,48.15000,48.24000,61300
2022-10-11,48.23000,49.33000,47.79000,48.97000,149100
2022-10-12,49.25000,49.25000,47.46000,48.36000,88100
2022-10-13,47.53000,49.55000,47.53000,48.23000,179000
2022-10-14,48.77000,48.77000,46.41000,46.92000,141600
2022-10-17,47.58000,49.18000,47.24000,48.98000,69800
2022-10-18,49.50000,50.49000,48.86000,49.21000,57200
2022-10-19,48.96000,50.23000,48.04000,48.66000,65800
2022-10-20,48.51000,50.33000,47.85000,48.35000,72900
2022-10-21,48.65000,50.51000,48.50000,50.07000,109800
2022-10-24,50.53000,51.08000,49.74000,50.64000,103600
2022-10-25,50.91000,52.16000,50.41000,51.87000,78400
2022-10-26,52.13000,53.14000,51.69000,52.18000,71000
2022-10-27,52.66000,52.66000,51.72000,51.83000,87100
2022-10-28,46.65000,48.45000,41.78000,41.94000,472900
2022-10-31,42.02000,43.92000,41.80000,43.40000,176100
2022-11-01,43.45000,44.20000,42.39000,43.11000,152000
2022-11-02,43.22000,44.83000,42.90000,43.93000,159700
2022-11-03,43.87000,44.97000,43.00000,44.56000,111000
2022-11-04,45.19000,45.19000,43.54000,44.82000,81400
2022-11-07,44.98000,44.98000,44.30000,44.35000,57900
2022-11-08,44.21000,44.38000,43.43000,44.03000,104500
2022-11-09,43.88000,44.26000,43.35000,43.65000,58700
2022-11-10,45.05000,45.80000,44.96000,45.14000,107200
2022-11-11,45.12000,46.73000,45.12000,45.89000,109200
2022-11-14,45.90000,46.44000,45.23000,45.97000,57600
2022-11-15,46.39000,47.36000,45.98000,46.57000,55300
2022-11-16,46.35000,46.35000,44.65000,45.50000,82400
2022-11-17,45.12000,45.49000,44.11000,45.16000,55300
2022-11-18,46.10000,46.43000,45.37000,45.47000,82100
2022-11-21,45.71000,45.96000,45.18000,45.37000,50400
2022-11-22,45.44000,46.29000,44.87000,46.06000,51600
2022-11-23,45.92000,46.85000,45.63000,46.37000,33600
2022-11-25,46.37000,46.38000,45.67000,46.16000,26700
2022-11-28,45.96000,46.32000,44.53000,44.64000,65500
2022-11-29,44.61000,45.67000,44.53000,45.23000,49200
2022-11-30,45.16000,47.15000,44.93000,46.85000,93500
2022-12-01,47.07000,47.46000,45.92000,47.42000,94400
2022-12-02,46.85000,47.32000,46.85000,47.17000,48800
2022-12-05,46.81000,47.35000,45.91000,46.01000,69000
2022-12-06,45.84000,45.84000,45.04000,45.46000,39500
2022-12-07,45.56000,46.26000,45.38000,45.77000,42700
2022-12-08,45.63000,46.85000,45.41000,46.51000,63500
2022-12-09,46.35000,47.15000,46.28000,46.42000,54800
2022-12-12,46.58000,47.28000,46.43000,47.19000,83000
2022-12-13,48.34000,48.73000,47.67000,47.98000,118100
2022-12-14,47.90000,48.72000,47.56000,47.98000,55400
2022-12-15,47.64000,47.76000,45.57000,45.65000,65900
2022-12-16,45.15000,46.24000,44.39000,45.54000,391300
2022-12-19,45.75000,46.47000,45.02000,45.74000,82700
2022-12-20,45.41000,46.55000,45.12000,46.46000,66900
2022-12-21,46.73000,47.44000,46.20000,46.67000,62000
2022-12-22,46.44000,46.66000,45.32000,45.94000,81900
2022-12-23,45.87000,46.35000,45.45000,45.80000,49700
2022-12-27,45.94000,45.94000,44.37000,44.47000,65800
2022-12-28,44.47000,44.68000,43.94000,44.20000,43300
2022-12-29,44.45000,45.99000,43.69000,45.63000,49200
2022-12-30,45.45000,46.13000,44.70000,46.02000,62100
2023-01-03,46.29000,46.33000,44.49000,45.43000,84700
2023-01-04,45.85000,46.41000,45.37000,45.70000,53200
2023-01-05,45.64000,46.03000,44.63000,44.73000,75300
2023-01-06,45.14000,46.00000,44.02000,45.53000,54300
2023-01-09,45.55000,46.00000,44.68000,44.77000,50900
2023-01-10,44.91000,45.85000,44.72000,45.52000,54000
2023-01-11,45.42000,46.57000,44.52000,45.92000,59900
2023-01-12,46.14000,46.46000,45.30000,46.00000,49700
2023-01-13,45.73000,46.24000,44.50000,46.13000,53500
2023-01-17,46.11000,46.23000,45.00000,45.22000,99000
2023-01-18,45.38000,46.07000,44.56000,44.76000,111600
2023-01-19,44.83000,46.88000,44.54000,46.60000,131300
2023-01-20,47.06000,47.29000,46.29000,47.16000,78700
2023-01-23,47.18000,47.70000,46.94000,47.41000,60300
2023-01-24,47.20000,47.76000,46.58000,46.90000,50000
2023-01-25,46.70000,47.22000,46.13000,46.64000,46500
2023-01-26,46.78000,47.00000,45.86000,45.95000,56800
2023-01-27,45.93000,46.49000,45.63000,45.88000,44300
2023-01-30,45.68000,46.86000,45.37000,46.03000,49800
2023-01-31,45.87000,47.43000,45.87000,47.18000,58600
2023-02-01,47.20000,48.57000,46.97000,48.39000,89200
2023-02-02,48.49000,50.17000,48.49000,49.80000,76500
2023-02-03,49.61000,50.88000,49.61000,50.05000,71200
2023-02-06,50.05000,50.05000,48.31000,48.51000,84800
2023-02-07,48.58000,49.28000,48.00000,49.19000,77200
2023-02-08,49.05000,49.46000,48.55000,48.89000,52700
2023-02-09,49.30000,49.51000,48.26000,48.67000,65900
2023-02-10,48.38000,48.93000,47.91000,48.46000,102200
2023-02-13,48.59000,49.06000,48.01000,48.87000,58900
2023-02-14,48.81000,49.21000,48.30000,48.79000,69200
2023-02-15,48.49000,49.77000,48.25000,49.77000,76700
2023-02-16,49.05000,49.67000,48.61000,49.32000,84300
2023-02-17,49.47000,50.72000,49.07000,50.40000,112900
2023-02-21,50.29000,50.69000,49.38000,49.42000,132800
2023-02-22,49.30000,49.77000,48.03000,48.31000,106900
2023-02-23,48.68000,49.23000,48.18000,49.18000,100000
2023-02-24,50.86000,53.00000,50.60000,51.29000,203100
2023-02-27,51.39000,51.39000,49.01000,49.13000,148500
2023-02-28,49.12000,51.00000,49.12000,50.11000,155000
2023-03-01,50.05000,50.61000,49.56000,50.27000,117500
2023-03-02,50.00000,51.60000,49.91000,50.92000,109800
2023-03-03,51.02000,51.62000,50.64000,50.70000,123400
2023-03-06,50.60000,50.83000,49.09000,49.74000,106500
2023-03-07,49.65000,50.04000,48.79000,49.02000,64600
2023-03-08,48.95000,49.28000,48.50000,49.05000,71200
2023-03-09,49.05000,49.37000,48.74000,48.80000,56600
2023-03-10,48.51000,48.79000,47.60000,47.97000,70300
2023-03-13,47.25000,48.61000,47.25000,47.90000,88500
2023-03-14,48.52000,49.95000,48.42000,49.86000,117000
2023-03-15,49.06000,50.00000,48.25000,49.79000,98500
2023-03-16,49.42000,51.00000,49.32000,50.56000,78600
2023-03-17,50.46000,50.46000,48.82000,49.71000,353100
2023-03-20,49.95000,50.82000,49.80000,50.82000,80700
2023-03-21,51.00000,51.48000,50.24000,50.88000,71900
2023-03-22,50.62000,51.00000,49.16000,49.65000,57700
2023-03-23,49.97000,50.67000,49.84000,50.03000,48100
2023-03-24,49.75000,50.92000,49.75000,50.83000,48000
2023-03-27,51.33000,51.49000,50.99000,51.04000,59500
2023-03-28,50.86000,51.85000,50.63000,51.58000,64100
2023-03-29,51.89000,51.89000,50.79000,51.68000,46800
2023-03-30,51.87000,51.95000,50.95000,51.68000,46800
2023-03-31,51.92000,52.76000,51.43000,51.47000,112200
2023-04-03,51.46000,51.95000,50.60000,51.36000,91800
2023-04-04,51.46000,51.53000,50.55000,50.65000,92000
2023-04-05,50.50000,51.38000,50.18000,50.38000,104300
2023-04-06,50.65000,52.28000,50.47000,52.17000,88500
2023-04-10,52.00000,53.36000,51.77000,53.25000,108500
2023-04-11,53.37000,53.77000,52.91000,53.10000,53400
2023-04-12,53.48000,53.90000,52.91000,53.09000,41200
2023-04-13,53.19000,53.77000,53.18000,53.37000,37400
2023-04-14,53.32000,53.74000,52.44000,52.59000,43100
2023-04-17,52.77000,53.28000,52.26000,53.08000,42200
2023-04-18,53.08000,53.08000,51.65000,52.24000,58000
2023-04-19,52.00000,52.86000,51.52000,52.60000,70200
2023-04-20,52.58000,52.95000,52.25000,52.77000,63100
2023-04-21,52.86000,54.86000,52.86000,54.72000,112700
2023-04-24,54.45000,55.46000,54.45000,54.89000,47700
2023-04-25,54.54000,54.89000,54.17000,54.88000,86300
2023-04-26,54.46000,55.12000,53.81000,54.00000,71900
2023-04-27,53.95000,54.12000,53.10000,53.74000,45400
2023-04-28,53.45000,54.60000,53.10000,54.00000,110000
2023-05-01,54.13000,54.82000,53.53000,54.67000,82800
2023-05-02,54.47000,55.37000,53.46000,54.75000,258700
2023-05-03,59.00000,63.95000,57.31000,63.09000,524300
2023-05-04,62.61000,65.44000,61.70000,65.23000,259500
2023-05-05,65.54000,68.06000,64.69000,67.58000,233200
2023-05-08,67.48000,67.61000,66.13000,66.61000,89900
2023-05-09,66.41000,66.41000,65.46000,65.49000,103200
2023-05-10,66.00000,66.25000,65.25000,65.40000,158300
2023-05-11,65.45000,65.79000,64.69000,65.17000,184400
2023-05-12,65.09000,65.31000,64.54000,65.27000,69100
2023-05-15,65.23000,66.13000,63.79000,64.27000,116000
2023-05-16,63.70000,64.69000,63.70000,64.39000,96300
2023-05-17,64.52000,64.52000,63.73000,63.78000,134100
2023-05-18,63.86000,64.13000,62.88000,63.15000,138800
2023-05-19,63.73000,64.88000,62.22000,62.33000,136600
2023-05-22,62.49000,63.62000,61.68000,61.93000,103900
2023-05-23,61.89000,62.21000,60.93000,61.04000,92200
2023-05-24,60.90000,60.90000,59.42000,60.11000,88200
2023-05-25,59.96000,60.20000,59.36000,59.63000,90400
2023-05-26,59.63000,60.26000,59.07000,60.11000,75600
2023-05-30,60.07000,62.05000,59.90000,61.93000,123300
2023-05-31,61.93000,62.96000,61.35000,62.84000,126800
2023-06-01,62.87000,64.11000,62.64000,64.02000,85900
2023-06-02,64.25000,65.35000,63.38000,64.91000,132400
2023-06-05,64.48000,65.21000,63.66000,64.92000,116800
2023-06-06,64.99000,64.99000,64.00000,64.80000,106400
2023-06-07,64.74000,65.61000,64.64000,64.65000,120900
2023-06-08,64.70000,65.68000,64.22000,64.94000,176000
2023-06-09,65.22000,66.14000,65.14000,65.83000,209400
2023-06-12,65.83000,67.24000,65.78000,66.92000,227100
2023-06-13,66.93000,68.02000,66.50000,66.54000,155400
2023-06-14,66.51000,68.41000,66.51000,67.63000,127300
2023-06-15,67.88000,68.19000,66.81000,67.26000,77100
2023-06-16,67.92000,67.94000,66.34000,66.86000,230000
2023-06-20,66.86000,67.94000,66.35000,67.86000,86400
2023-06-21,67.72000,67.93000,66.64000,67.58000,75500
2023-06-22,67.69000,68.40000,67.52000,68.01000,85200
2023-06-23,67.79000,68.67000,67.78000,68.21000,259300
2023-06-26,68.16000,68.52000,67.21000,67.35000,82600
2023-06-27,67.13000,67.81000,66.75000,67.06000,122100
2023-06-28,67.02000,67.98000,66.43000,66.45000,72600
2023-06-29,66.37000,67.76000,66.37000,67.16000,158600
2023-06-30,67.42000,68.30000,67.18000,67.28000,168800
2023-07-03,67.23000,67.23000,66.08000,67.01000,52900
2023-07-05,66.85000,66.85000,64.86000,64.90000,71300
2023-07-06,64.70000,65.10000,64.15000,64.36000,69100
2023-07-07,64.50000,65.78000,63.30000,63.36000,117800
2023-07-10,63.36000,64.76000,63.24000,64.06000,91900
2023-07-11,64.19000,64.45000,63.18000,63.62000,78400
2023-07-12,64.06000,64.53000,63.00000,64.50000,101000
2023-07-13,64.52000,65.22000,64.19000,64.94000,81800
2023-07-14,64.89000,66.15000,64.75000,66.06000,102000
2023-07-17,65.93000,66.03000,65.05000,65.37000,70900
2023-07-18,65.34000,65.72000,64.82000,65.66000,67300
2023-07-19,65.50000,66.43000,65.36000,66.25000,97600
2023-07-20,66.18000,66.46000,65.55000,66.22000,60800
2023-07-21,66.36000,66.75000,63.43000,63.51000,181500
2023-07-24,63.21000,63.98000,62.74000,63.51000,90400
2023-07-25,63.35000,64.21000,62.70000,63.77000,54700
2023-07-26,63.58000,64.02000,63.38000,63.56000,50400
2023-07-27,63.93000,63.93000,62.45000,62.58000,75500
2023-07-28,62.88000,63.06000,62.01000,63.02000,59800
2023-07-31,62.89000,63.73000,62.64000,63.23000,134700
2023-08-01,62.74000,63.24000,61.94000,62.82000,95600
2023-08-02,65.47000,66.60000,63.47000,64.70000,301300
2023-08-03,63.34000,63.73000,57.15000,57.22000,158600
2023-08-04,57.05000,57.31000,56.40000,56.87000,130900
2023-08-07,56.85000,58.13000,56.85000,57.61000,124900
2023-08-08,57.57000,58.05000,56.88000,57.11000,111200
2023-08-09,57.33000,57.96000,56.89000,57.07000,88500
2023-08-10,56.95000,57.29000,55.75000,56.47000,133100
2023-08-11,56.45000,56.76000,55.46000,55.82000,78300
2023-08-14,55.85000,56.59000,55.01000,56.58000,116400
2023-08-15,56.49000,57.56000,56.49000,56.99000,72500
2023-08-16,56.89000,57.05000,55.55000,55.67000,76000
2023-08-17,55.52000,55.79000,54.89000,55.15000,77200
2023-08-18,55.03000,55.91000,55.03000,55.14000,127300
2023-08-21,55.12000,55.90000,54.69000,55.26000,57200
2023-08-22,55.32000,56.34000,55.24000,55.94000,86100
2023-08-23,56.21000,57.24000,56.16000,56.65000,96600
2023-08-24,56.57000,56.77000,55.84000,56.40000,133300
2023-08-25,56.52000,56.89000,56.22000,56.67000,70800
2023-08-28,56.89000,57.65000,56.60000,57.59000,99600
2023-08-29,57.43000,58.84000,57.29000,58.69000,68900
2023-08-30,58.69000,59.92000,58.46000,58.68000,93700
2023-08-31,58.69000,59.09000,57.76000,57.81000,91600
2023-09-01,58.13000,58.63000,57.99000,58.18000,55800
2023-09-05,57.84000,58.18000,55.03000,55.29000,102500
2023-09-06,56.47000,56.97000,55.54000,56.65000,78200
2023-09-07,56.65000,57.27000,55.87000,56.97000,83800
2023-09-08,57.00000,57.02000,55.66000,55.79000,57800
2023-09-11,55.99000,57.61000,55.75000,57.12000,114400
2023-09-12,56.91000,57.20000,56.31000,56.70000,86900
2023-09-13,56.53000,56.88000,55.93000,55.99000,53800
2023-09-14,56.19000,56.73000,55.92000,56.64000,93500
2023-09-15,56.84000,57.35000,55.40000,57.08000,294200
2023-09-18,56.99000,57.52000,56.40000,57.44000,86300
2023-09-19,57.56000,57.80000,56.74000,57.52000,89900
2023-09-20,57.84000,57.84000,57.18000,57.49000,89700
2023-09-21,57.11000,57.40000,56.31000,57.03000,98400
2023-09-22,57.12000,57.61000,56.95000,57.00000,88300
2023-09-25,56.75000,56.75000,55.07000,55.78000,113000
2023-09-26,55.41000,55.87000,53.33000,53.45000,200900
2023-09-27,53.71000,54.41000,53.47000,53.51000,136600
2023-09-28,53.69000,55.36000,53.50000,55.08000,160100
2023-09-29,55.22000,55.22000,54.30000,54.48000,227400
2023-10-02,54.37000,55.20000,53.91000,55.16000,251200
2023-10-03,54.98000,55.77000,54.88000,54.89000,135000
2023-10-04,54.89000,55.35000,53.88000,54.96000,147500
2023-10-05,55.16000,57.90000,54.24000,57.65000,197200
2023-10-06,57.15000,58.01000,56.35000,57.72000,96800
2023-10-09,57.26000,57.85000,56.58000,56.99000,76100
2023-10-10,57.03000,58.50000,56.81000,58.01000,106300
2023-10-11,57.85000,58.01000,50.80000,51.09000,304300
2023-10-12,50.67000,51.46000,47.05000,47.33000,299900
2023-10-13,47.30000,48.21000,46.43000,46.77000,147600
2023-10-16,47.10000,48.56000,46.80000,47.93000,109300
2023-10-17,47.88000,49.67000,47.88000,48.99000,111300
2023-10-18,48.92000,50.17000,48.11000,48.32000,90700
2023-10-19,48.12000,48.98000,47.30000,48.16000,156700
2023-10-20,48.48000,49.32000,48.19000,49.24000,165000
2023-10-23,49.64000,49.64000,47.70000,48.46000,147500
2023-10-24,48.51000,49.77000,47.74000,49.52000,130200
2023-10-25,49.06000,49.06000,46.67000,46.77000,215200
2023-10-26,46.49000,47.29000,45.20000,45.37000,168500
2023-10-27,45.73000,47.46000,44.27000,47.40000,387500
2023-10-30,47.74000,48.10000,46.50000,47.90000,253600
2023-10-31,48.23000,48.90000,47.14000,48.58000,183900
2023-11-01,48.10000,49.11000,46.71000,47.82000,202600
2023-11-02,47.82000,52.26000,45.96000,46.65000,346800
2023-11-03,47.33000,49.29000,47.33000,48.49000,129300
2023-11-06,48.47000,49.73000,48.04000,49.23000,120700
2023-11-07,49.46000,50.84000,49.00000,49.50000,91900
2023-11-08,49.79000,49.81000,48.67000,49.44000,100800
2023-11-09,49.35000,49.73000,48.81000,48.82000,119800
2023-11-10,48.80000,49.32000,47.72000,48.55000,84100
2023-11-13,48.86000,49.98000,48.66000,49.72000,61000
2023-11-14,50.87000,52.26000,50.17000,52.06000,194000
2023-11-15,51.77000,53.02000,50.42000,52.15000,108800
2023-11-16,52.07000,53.13000,51.76000,52.98000,104700
2023-11-17,53.36000,53.54000,52.61000,53.11000,113700
2023-11-20,53.11000,53.82000,52.60000,53.76000,76600
2023-11-21,53.43000,53.76000,52.26000,53.23000,115500
2023-11-22,53.75000,54.52000,51.90000,53.34000,124100
2023-11-24,53.12000,53.80000,52.70000,53.55000,40500
2023-11-27,53.59000,53.75000,53.03000,53.35000,90300
2023-11-28,53.12000,53.74000,51.80000,52.06000,65100
2023-11-29,52.71000,53.27000,52.29000,52.33000,62400
2023-11-30,52.30000,52.81000,51.70000,52.70000,108000
2023-12-01,52.30000,53.86000,52.05000,53.83000,162700
2023-12-04,53.65000,54.56000,52.55000,54.56000,81700
2023-12-05,54.02000,54.83000,53.70000,54.01000,96500
2023-12-06,53.99000,54.72000,53.69000,54.24000,113000
2023-12-07,54.10000,55.55000,53.63000,54.62000,186200
2023-12-08,54.49000,54.77000,53.90000,54.65000,168400
2023-12-11,54.64000,55.34000,53.94000,54.40000,160000
2023-12-12,54.18000,55.10000,52.72000,53.81000,119600
2023-12-13,53.62000,54.58000,52.79000,54.18000,183000
2023-12-14,54.89000,57.30000,54.75000,56.21000,129900
2023-12-15,56.61000,57.34000,55.02000,55.59000,342500
2023-12-18,55.45000,56.20000,55.00000,55.26000,70100
2023-12-19,55.74000,57.26000,55.58000,56.06000,83100
2023-12-20,56.01000,56.06000,54.84000,54.85000,90100
2023-12-21,55.19000,56.90000,55.19000,56.67000,69700
2023-12-22,56.91000,57.53000,55.12000,56.93000,56600
2023-12-26,57.02000,57.85000,56.74000,57.51000,56100
2023-12-27,57.67000,57.96000,57.53000,57.67000,68100
2023-12-28,57.71000,58.60000,57.71000,58.41000,78100
2023-12-29,58.31000,58.31000,56.55000,56.76000,93500
2024-01-02,56.34000,57.36000,56.17000,56.71000,138300
2024-01-03,56.49000,56.49000,53.88000,54.03000,136700
2024-01-04,54.25000,54.80000,53.57000,54.22000,101100
2024-01-05,53.69000,54.45000,52.88000,54.00000,87100
2024-01-08,54.34000,56.02000,54.03000,55.88000,76900
2024-01-09,55.06000,56.21000,55.06000,55.19000,58800
2024-01-10,55.17000,56.02000,54.89000,56.02000,67700
2024-01-11,55.71000,56.36000,54.61000,55.26000,93000
2024-01-12,55.82000,56.32000,54.78000,55.69000,108200
2024-01-16,55.68000,56.97000,55.04000,56.54000,121200
2024-01-17,56.06000,56.93000,56.06000,56.91000,71100
2024-01-18,57.08000,58.01000,56.85000,58.01000,78300
2024-01-19,58.26000,58.41000,56.86000,57.65000,64200
2024-01-22,57.90000,59.08000,56.76000,58.87000,88100
2024-01-23,59.60000,59.60000,57.79000,58.58000,79900
2024-01-24,59.38000,59.38000,57.42000,57.46000,88600
2024-01-25,58.45000,58.45000,56.93000,57.48000,59300
2024-01-26,57.92000,57.92000,56.50000,56.62000,60000
2024-01-29,56.56000,58.25000,56.04000,58.22000,66800
2024-01-30,57.85000,58.27000,57.52000,58.20000,50400
2024-01-31,58.43000,59.33000,56.61000,58.04000,115700
2024-02-01,58.21000,58.83000,57.31000,58.79000,82800
2024-02-02,58.03000,59.01000,57.55000,58.70000,71000
2024-02-05,58.02000,58.69000,57.60000,58.06000,74400
2024-02-06,57.92000,60.36000,57.60000,60.25000,114300
2024-02-07,60.19000,60.19000,58.41000,59.28000,65500
2024-02-08,59.35000,61.75000,58.81000,61.20000,132500
2024-02-09,61.84000,62.00000,61.00000,61.48000,77100
2024-02-12,61.48000,63.45000,61.35000,62.22000,121900
2024-02-13,60.94000,61.27000,58.66000,58.96000,118100
2024-02-14,59.68000,60.60000,59.04000,60.57000,88600
2024-02-15,61.23000,62.36000,60.85000,62.08000,132800
2024-02-16,61.95000,63.45000,61.89000,62.55000,103800
2024-02-20,61.82000,62.82000,61.79000,62.49000,110900
2024-02-21,62.24000,62.64000,61.73000,62.29000,82900
2024-02-22,62.83000,62.95000,60.39000,60.68000,115000
2024-02-23,60.61000,62.36000,59.87000,62.19000,85200
2024-02-26,61.87000,62.88000,61.09000,61.68000,150800
2024-02-27,61.83000,63.05000,61.20000,62.11000,149900
2024-02-28,65.00000,74.64000,64.99000,71.06000,535600
2024-02-29,71.19000,71.96000,67.50000,70.00000,386800
2024-03-01,70.00000,70.00000,66.64000,67.56000,263700
2024-03-04,67.56000,68.96000,67.53000,67.92000,146700
2024-03-05,67.24000,68.18000,65.88000,67.43000,224000
2024-03-06,67.53000,67.95000,66.15000,67.75000,156800
2024-03-07,68.44000,69.18000,67.77000,68.64000,93600
2024-03-08,68.64000,69.63000,67.20000,67.20000,104600
2024-03-11,67.00000,67.01000,64.52000,64.78000,153500
2024-03-12,65.04000,66.29000,64.54000,66.21000,111000
2024-03-13,66.17000,66.76000,65.76000,66.61000,96300
2024-03-14,66.73000,67.87000,65.94000,67.50000,162100
2024-03-15,66.77000,67.69000,66.13000,66.84000,218900
2024-03-18,66.99000,67.71000,66.53000,66.70000,67800
2024-03-19,66.24000,67.41000,66.24000,67.07000,89900
2024-03-20,67.14000,67.37000,65.71000,67.06000,110000
2024-03-21,67.63000,68.14000,67.14000,67.34000,71600
2024-03-22,67.62000,67.80000,66.19000,66.44000,73700
2024-03-25,66.90000,67.66000,65.19000,65.38000,75900
2024-03-26,66.00000,66.70000,65.42000,65.90000,107700
2024-03-27,66.57000,67.27000,66.07000,67.20000,87500
2024-03-28,67.36000,67.81000,66.15000,66.36000,100600
2024-04-01,66.32000,67.42000,65.20000,65.99000,68900
2024-04-02,65.19000,65.19000,63.74000,64.03000,122300
2024-04-03,63.68000,64.64000,63.59000,63.78000,98000
2024-04-04,64.20000,64.58000,63.47000,63.77000,79700
2024-04-05,63.27000,64.64000,63.16000,64.33000,125900
2024-04-08,64.45000,65.33000,63.75000,65.20000,75300
2024-04-09,65.52000,67.26000,65.33000,66.96000,98500
2024-04-10,65.90000,67.19000,65.90000,67.07000,182500
2024-04-11,66.97000,66.99000,65.19000,65.66000,104000
2024-04-12,65.00000,65.46000,63.77000,64.65000,99500
2024-04-15,65.10000,65.10000,63.97000,64.45000,80600
2024-04-16,64.04000,64.44000,63.30000,64.12000,54200
2024-04-17,64.20000,64.20000,63.04000,63.04000,59300
2024-04-18,63.04000,63.49000,62.51000,62.62000,85300
2024-04-19,62.39000,63.78000,62.39000,63.26000,163100
2024-04-22,63.24000,63.51000,62.40000,62.77000,107700
2024-04-23,62.77000,64.42000,62.77000,64.23000,69700
2024-04-24,63.72000,64.67000,63.12000,64.03000,74200
2024-04-25,63.50000,63.50000,62.50000,62.99000,71600
2024-04-26,65.34000,67.01000,64.27000,65.46000,117300
2024-04-29,65.73000,66.83000,65.73000,66.24000,141100
2024-04-30,65.78000,66.20000,64.44000,64.80000,154400
2024-05-01,64.80000,67.57000,64.80000,66.78000,174200
2024-05-02,66.78000,67.56000,65.16000,66.77000,176700
2024-05-03,72.00000,74.45000,69.82000,74.22000,330000
2024-05-06,74.12000,76.24000,74.12000,75.00000,523400
2024-05-07,75.32000,76.19000,74.21000,75.90000,253900
2024-05-08,75.29000,75.78000,74.39000,75.00000,109400
2024-05-09,74.70000,76.14000,74.30000,76.00000,127900
2024-05-10,75.64000,76.19000,73.01000,76.13000,86100
2024-05-13,76.24000,76.59000,75.63000,76.21000,154400
2024-05-14,76.60000,78.14000,76.32000,78.04000,165100
2024-05-15,78.70000,79.19000,77.71000,78.07000,108400
2024-05-16,77.73000,78.50000,77.27000,77.68000,83200
2024-05-17,78.01000,78.59000,75.01000,78.45000,77100
2024-05-20,78.12000,79.41000,77.94000,79.39000,89800
2024-05-21,79.28000,79.53000,78.54000,78.75000,47200
2024-05-22,78.75000,80.18000,78.75000,80.02000,89900
2024-05-23,80.00000,81.68000,79.09000,79.58000,120000
2024-05-24,80.03000,80.42000,79.40000,79.75000,61400
2024-05-28,79.88000,80.44000,79.24000,80.17000,95300
2024-05-29,79.36000,80.07000,78.63000,78.64000,68900
2024-05-30,79.00000,79.76000,78.61000,78.77000,75400
2024-05-31,79.91000,80.12000,78.65000,78.88000,147000
2024-06-03,79.80000,79.81000,78.03000,78.55000,126500
2024-06-04,78.22000,78.71000,77.00000,77.42000,131600
2024-06-05,77.79000,80.46000,76.55000,80.43000,151600
2024-06-06,80.01000,80.10000,77.37000,77.79000,142800
2024-06-07,77.32000,78.19000,76.75000,77.48000,89200
2024-06-10,76.58000,77.96000,76.53000,77.65000,128500
2024-06-11,76.99000,77.90000,76.30000,77.65000,98400
2024-06-12,79.53000,79.94000,78.55000,78.97000,124600
2024-06-13,78.60000,79.46000,78.04000,79.05000,115800
2024-06-14,78.22000,80.31000,77.80000,80.09000,100500
2024-06-17,80.17000,81.48000,79.22000,81.38000,127800
2024-06-18,81.68000,83.81000,80.66000,83.59000,181000
2024-06-20,83.55000,84.15000,79.89000,80.59000,142500
2024-06-21,80.67000,82.39000,80.43000,81.50000,270700
2024-06-24,81.74000,82.37000,80.20000,80.20000,82400
2024-06-25,80.38000,82.13000,80.26000,81.88000,84900
2024-06-26,81.65000,82.50000,81.23000,81.89000,129400
2024-06-27,82.09000,82.48000,81.08000,82.28000,107700
2024-06-28,83.00000,83.00000,81.64000,82.28000,410800
2024-07-01,82.58000,82.74000,79.62000,80.56000,175600
2024-07-02,80.33000,81.86000,79.90000,81.19000,84200
2024-07-03,81.75000,81.86000,80.85000,81.30000,43100
2024-07-05,80.96000,83.35000,80.76000,83.17000,93500
2024-07-08,83.65000,83.81000,82.20000,82.86000,100200
2024-07-09,82.93000,83.81000,82.64000,83.62000,74800
2024-07-10,84.19000,84.19000,82.79000,83.43000,127200
2024-07-11,84.84000,85.35000,83.71000,85.03000,127400
2024-07-12,85.99000,86.14000,85.37000,86.05000,99500
2024-07-15,86.16000,86.40000,85.74000,86.31000,165200
2024-07-16,86.45000,88.36000,86.20000,87.02000,259600
2024-07-17,86.63000,88.75000,85.14000,86.48000,142700
2024-07-18,86.35000,87.35000,84.54000,85.31000,157700
2024-07-19,85.77000,86.70000,85.52000,86.20000,100200
2024-07-22,86.66000,88.86000,86.21000,88.38000,117000
2024-07-23,88.07000,90.56000,87.70000,90.06000,131500
2024-07-24,89.94000,91.76000,89.44000,90.34000,165000
2024-07-25,90.68000,90.68000,86.00000,86.24000,264800
2024-07-26,86.84000,87.55000,84.94000,85.83000,138200
2024-07-29,86.28000,88.59000,86.28000,87.36000,174900
2024-07-30,87.58000,88.16000,84.64000,87.97000,141700
2024-07-31,87.98000,88.93000,85.52000,86.89000,356000
2024-08-01,86.53000,87.50000,83.88000,86.25000,216400
2024-08-02,90.50000,90.50000,84.40000,85.01000,348400
2024-08-05,81.75000,82.05000,78.79000,80.47000,211000
2024-08-06,80.47000,83.29000,80.31000,81.89000,177200
2024-08-07,82.60000,83.04000,80.22000,80.30000,105000
2024-08-08,81.35000,83.33000,79.72000,82.93000,109900
2024-08-09,83.28000,83.96000,82.71000,83.76000,163500
2024-08-12,83.53000,83.53000,81.67000,82.10000,92400
2024-08-13,82.79000,82.88000,81.72000,82.81000,124700
2024-08-14,82.99000,82.99000,81.72000,82.05000,88400
2024-08-15,83.00000,84.30000,82.12000,83.59000,92300
2024-08-16,83.59000,84.99000,83.30000,84.75000,102400
2024-08-19,84.66000,85.57000,84.60000,85.53000,79000
2024-08-20,86.34000,86.34000,85.18000,85.36000,66700
2024-08-21,86.14000,86.83000,84.65000,86.51000,82900
2024-08-22,86.98000,87.32000,85.60000,86.17000,78000
2024-08-23,86.81000,91.78000,86.81000,91.67000,152100
2024-08-26,91.98000,92.90000,89.53000,90.76000,111100
2024-08-27,88.38000,90.65000,88.38000,89.86000,76800
2024-08-28,90.18000,90.32000,88.83000,89.04000,71400
2024-08-29,89.83000,90.14000,88.39000,88.62000,69000
2024-08-30,88.91000,90.72000,88.91000,90.29000,113600
2024-09-03,90.22000,90.24000,86.96000,87.48000,109900
2024-09-04,87.50000,88.94000,87.04000,88.50000,57200
2024-09-05,88.30000,88.51000,87.38000,88.09000,61000
2024-09-06,88.38000,89.50000,86.10000,88.06000,60400
2024-09-09,87.98000,87.98000,85.61000,86.52000,77300
2024-09-10,86.91000,87.38000,85.56000,86.34000,76400
2024-09-11,85.81000,87.47000,84.10000,86.75000,65100
2024-09-12,87.29000,88.19000,86.45000,88.18000,58900
2024-09-13,88.88000,90.32000,88.88000,89.69000,70300
2024-09-16,90.27000,90.73000,89.04000,90.00000,70700
2024-09-17,90.86000,90.86000,88.60000,88.82000,116700
2024-09-18,89.00000,91.07000,88.27000,88.85000,295600
2024-09-19,90.64000,90.64000,89.15000,90.18000,120600
2024-09-20,90.18000,91.07000,89.46000,89.96000,228400
2024-09-23,90.49000,92.87000,90.13000,91.41000,120700
2024-09-24,91.15000,92.69000,89.76000,91.13000,93000
2024-09-25,91.59000,91.59000,87.20000,89.26000,142300
2024-09-26,90.53000,90.53000,89.29000,90.29000,98900
2024-09-27,91.37000,92.42000,90.68000,91.71000,125000
2024-09-30,91.84000,93.24000,90.98000,92.89000,135200
2024-10-01,92.89000,92.89000,89.46000,90.86000,105800
2024-10-02,90.14000,91.01000,89.67000,91.01000,65100
2024-10-03,90.46000,91.68000,89.23000,90.76000,115300
2024-10-04,91.83000,92.01000,90.09000,91.62000,117200
2024-10-07,91.12000,91.62000,89.01000,89.50000,101100
2024-10-08,90.21000,90.71000,89.34000,90.39000,63100
2024-10-09,90.19000,93.32000,89.80000,92.93000,138400
2024-10-10,91.98000,91.98000,88.20000,89.28000,126000
2024-10-11,89.28000,90.83000,86.72000,90.59000,82300
2024-10-14,90.73000,92.39000,90.43000,92.14000,48000
2024-10-15,90.84000,92.82000,90.84000,91.24000,79400
2024-10-16,91.26000,92.84000,91.26000,91.52000,61500
2024-10-17,91.71000,91.82000,89.36000,89.69000,60500
2024-10-18,89.84000,90.55000,89.50000,89.88000,183100
2024-10-21,89.70000,89.70000,88.00000,88.62000,86400
2024-10-22,88.36000,88.49000,86.70000,87.27000,81300
2024-10-23,86.99000,87.66000,86.25000,86.97000,87100
2024-10-24,87.52000,87.52000,86.31000,86.58000,96700
2024-10-25,86.77000,86.77000,84.69000,85.64000,85900
2024-10-28,86.08000,88.31000,85.71000,87.32000,182300
2024-10-29,86.94000,90.55000,86.68000,90.41000,126100
2024-10-30,89.95000,90.82000,88.00000,89.05000,104300
2024-10-31,88.41000,89.34000,86.62000,88.39000,192000
2024-11-01,89.25000,101.67000,89.25000,94.88000,343600
2024-11-04,95.00000,97.56000,94.26000,96.35000,207600
2024-11-05,95.97000,98.81000,95.97000,98.63000,211600
2024-11-06,101.00000,103.96000,100.03000,101.71000,237200
2024-11-07,101.77000,103.29000,101.07000,101.07000,165600
2024-11-08,101.00000,104.81000,99.80000,104.25000,178700
2024-11-11,105.08000,106.49000,104.61000,105.50000,90500
2024-11-12,105.54000,105.78000,102.87000,103.26000,107400
2024-11-13,103.20000,106.11000,102.55000,102.57000,109000
2024-11-14,102.70000,103.52000,101.15000,101.52000,82600
2024-11-15,101.47000,102.44000,100.45000,102.02000,80800
2024-11-18,101.93000,104.61000,101.75000,103.55000,96700
2024-11-19,102.60000,104.82000,102.05000,103.74000,81800
2024-11-20,103.50000,104.11000,102.51000,103.44000,97400
2024-11-21,104.26000,106.99000,102.94000,105.87000,177900
2024-11-22,106.64000,108.09000,106.05000,107.97000,134400
2024-11-25,108.29000,109.58000,107.03000,107.09000,169700
2024-11-26,106.93000,107.86000,105.11000,105.43000,110000
2024-11-27,106.16000,106.60000,104.83000,105.80000,86900
2024-11-29,106.19000,107.23000,105.70000,106.99000,59800
2024-12-02,106.93000,106.93000,104.57000,105.47000,105600
2024-12-03,105.28000,105.33000,102.71000,105.02000,121100
2024-12-04,105.22000,106.70000,104.63000,104.97000,93000
2024-12-05,104.24000,105.00000,102.02000,102.48000,94800
2024-12-06,102.67000,103.29000,100.93000,101.12000,117200
2024-12-09,101.04000,101.71000,96.94000,97.23000,174800
2024-12-10,98.10000,100.53000,96.64000,99.40000,196400
2024-12-11,100.17000,102.66000,99.63000,101.00000,148100
2024-12-12,101.05000,102.12000,100.06000,100.28000,148800
2024-12-13,100.85000,101.76000,99.64000,100.69000,183700
2024-12-16,91.12000,94.78000,88.77000,92.10000,827500
2024-12-17,91.85000,92.10000,89.87000,90.93000,591400
2024-12-18,91.45000,91.89000,89.42000,90.34000,282800
2024-12-19,90.70000,92.37000,88.36000,92.25000,225400
2024-12-20,91.38000,93.60000,90.61000,92.12000,455200
2024-12-23,91.44000,92.48000,90.87000,91.38000,131400
2024-12-24,91.22000,92.63000,90.76000,92.63000,55600
2024-12-26,92.49000,94.34000,91.77000,94.04000,73700
2024-12-27,94.06000,94.10000,91.67000,92.84000,104600
2024-12-30,92.16000,94.21000,91.28000,92.95000,181200
2024-12-31,93.57000,93.93000,92.01000,92.14000,146800
2025-01-02,92.48000,92.85000,90.45000,91.47000,187100
2025-01-03,91.92000,92.96000,91.05000,91.74000,221800
2025-01-06,91.96000,93.00000,91.74000,92.72000,207300
2025-01-07,92.72000,93.23000,91.56000,92.75000,137800
2025-01-08,92.67000,94.94000,92.01000,94.90000,209300
2025-01-10,94.39000,94.39000,92.03000,93.59000,128200
2025-01-13,93.13000,94.66000,91.15000,94.17000,123000
2025-01-14,94.20000,96.27000,94.20000,95.85000,93200
2025-01-15,100.85000,100.85000,96.85000,97.76000,120500
2025-01-16,97.65000,99.05000,96.80000,98.23000,99700
2025-01-17,99.16000,99.19000,97.67000,99.06000,116300
2025-01-21,99.41000,101.22000,99.41000,99.65000,131500
2025-01-22,99.75000,100.51000,97.87000,98.00000,130200
2025-01-23,97.45000,97.71000,95.85000,96.31000,164000
2025-01-24,95.59000,97.48000,94.90000,96.89000,139800
2025-01-27,96.57000,99.26000,96.18000,99.06000,131000
2025-01-28,99.06000,100.87000,98.82000,100.26000,189200
2025-01-29,99.08000,101.80000,99.08000,99.92000,106300
2025-01-30,100.99000,102.57000,99.84000,100.15000,64000
2025-01-31,99.75000,100.80000,96.21000,96.93000,189600
2025-02-03,95.67000,97.33000,93.28000,95.43000,226300
2025-02-04,95.44000,97.93000,95.16000,97.46000,143400
2025-02-05,97.66000,99.69000,96.96000,98.53000,91900
2025-02-06,98.40000,99.83000,97.42000,99.83000,159500
2025-02-07,99.83000,101.74000,97.98000,97.99000,190800
2025-02-10,98.36000,99.55000,98.14000,98.44000,123600
2025-02-11,98.53000,101.77000,96.85000,96.94000,138600
2025-02-12,95.59000,97.81000,94.97000,96.32000,157200
2025-02-13,95.70000,98.06000,93.27000,96.99000,325500
2025-02-14,96.90000,101.29000,96.66000,98.65000,223600
2025-02-18,98.05000,100.92000,97.79000,100.74000,180900
2025-02-19,100.58000,103.27000,99.25000,103.15000,200100
2025-02-20,102.16000,102.16000,99.30000,100.92000,199800
2025-02-21,101.69000,101.82000,99.23000,99.54000,136100
2025-02-24,99.61000,102.88000,99.03000,102.03000,222900
2025-02-25,101.52000,104.32000,101.01000,104.00000,258200
2025-02-26,103.66000,105.55000,102.98000,103.05000,219500
2025-02-27,102.26000,103.00000,99.67000,99.91000,197600
2025-02-28,90.00000,93.17000,88.00000,91.85000,442200
2025-03-03,92.04000,94.52000,91.19000,92.16000,299500
2025-03-04,92.02000,93.25000,89.79000,90.47000,319500
2025-03-05,90.32000,92.27000,86.93000,87.00000,348500
2025-03-06,86.31000,86.59000,82.31000,82.49000,470100
2025-03-07,82.12000,82.27000,79.01000,81.37000,454400
2025-03-10,80.60000,82.34000,79.92000,81.88000,283400
2025-03-11,82.00000,83.27000,80.96000,82.30000,241400
2025-03-12,82.53000,84.46000,80.93000,81.52000,220600
2025-03-13,81.15000,82.42000,78.79000,78.82000,225600
2025-03-14,79.15000,82.29000,79.15000,81.91000,157800
2025-03-17,82.63000,85.51000,81.95000,85.11000,333300
2025-03-18,84.25000,85.39000,83.77000,84.91000,212500
2025-03-19,84.88000,86.68000,83.96000,84.82000,222800
2025-03-20,84.03000,86.62000,84.03000,85.68000,146300
2025-03-21,83.70000,84.98000,82.52000,83.49000,1117100
2025-03-24,84.81000,86.34000,84.18000,86.07000,146600
2025-03-25,85.94000,86.78000,84.46000,85.08000,136800
2025-03-26,85.00000,85.44000,84.02000,84.52000,86800
2025-03-27,84.74000,85.50000,83.74000,83.92000,97900
2025-03-28,83.57000,83.97000,82.34000,83.05000,194600
2025-03-31,82.77000,84.70000,81.99000,83.90000,218700
2025-04-01,83.56000,85.52000,82.07000,85.16000,195300
2025-04-02,83.90000,87.37000,83.27000,86.62000,198500
2025-04-03,83.23000,85.30000,80.97000,81.84000,299900
2025-04-04,79.26000,81.34000,77.94000,79.78000,283300
2025-04-07,77.07000,82.40000,71.42000,79.39000,363300
2025-04-08,82.09000,87.46000,77.01000,77.89000,189600
2025-04-09,77.17000,85.44000,77.01000,83.90000,415200
2025-04-10,82.64000,83.61000,79.17000,81.36000,203600
2025-04-11,81.64000,83.16000,79.95000,82.82000,115800
2025-04-14,83.61000,84.50000,81.65000,83.78000,143500
2025-04-15,83.68000,84.73000,82.63000,84.63000,145200
2025-04-16,83.91000,84.92000,82.22000,84.67000,158900
2025-04-17,84.47000,86.99000,83.76000,86.28000,184000
2025-04-21,85.59000,85.80000,83.43000,84.72000,151700
2025-04-22,85.90000,86.42000,84.85000,86.15000,127300
2025-04-23,88.64000,90.79000,88.11000,89.54000,158500
2025-04-24,89.50000,92.41000,89.50000,91.76000,137200
2025-04-25,91.07000,92.05000,90.23000,91.61000,106900
2025-04-28,91.65000,91.89000,89.63000,91.54000,141800
2025-04-29,91.98000,93.14000,91.52000,92.60000,139300
2025-04-30,91.85000,91.85000,88.85000,90.74000,163500
2025-05-01,91.88000,92.00000,88.24000,90.24000,209800
2025-05-02,88.30000,88.69000,78.57000,78.70000,602000
2025-05-05,78.83000,82.18000,78.01000,80.44000,355700
2025-05-06,80.02000,82.99000,79.73000,82.09000,193000
2025-05-07,82.50000,83.51000,80.71000,81.60000,247800
2025-05-08,82.05000,83.28000,80.59000,81.50000,191300
2025-05-09,81.39000,82.30000,80.03000,80.26000,209100
2025-05-12,81.92000,83.95000,81.92000,82.46000,195900
2025-05-13,82.74000,84.18000,82.33000,83.28000,195600
2025-05-14,82.79000,84.53000,82.35000,83.00000,234600
2025-05-15,82.93000,83.91000,82.45000,83.30000,148200
2025-05-16,83.30000,85.27000,82.93000,84.77000,140300
2025-05-19,83.60000,86.27000,83.18000,85.96000,253600
2025-05-20,85.63000,86.10000,84.23000,84.75000,187700
2025-05-21,83.99000,84.53000,81.11000,81.50000,150700
2025-05-22,81.02000,81.59000,79.10000,79.12000,220200
2025-05-23,78.52000,81.47000,78.35000,81.40000,205800
2025-05-27,82.37000,83.67000,81.79000,82.68000,227700
2025-05-28,82.20000,82.59000,80.54000,81.01000,165800
2025-05-29,81.51000,82.67000,80.61000,81.07000,219600
2025-05-30,80.88000,82.78000,80.37000,82.20000,167000
2025-06-02,81.73000,82.17000,79.38000,80.40000,172900
2025-06-03,80.61000,83.00000,80.58000,82.86000,180800
2025-06-04,82.45000,82.98000,82.22000,82.55000,101800
2025-06-05,82.52000,83.92000,81.93000,83.40000,119000
2025-06-06,84.51000,85.00000,82.98000,84.13000,95000
2025-06-09,84.50000,84.50000,82.36000,83.32000,97100
2025-06-10,83.44000,84.27000,82.93000,83.63000,110300
2025-06-11,83.68000,84.46000,82.99000,83.14000,146500
2025-06-12,82.58000,83.27000,80.94000,81.37000,103900
2025-06-13,80.87000,82.99000,80.69000,81.13000,229300
2025-06-16,82.01000,83.15000,81.04000,82.10000,144500
2025-06-17,81.31000,82.81000,81.01000,81.01000,164200
2025-06-18,80.84000,82.30000,80.04000,81.69000,158400
2025-06-20,82.39000,82.53000,81.08000,81.78000,467800
2025-06-23,81.78000,83.38000,80.69000,83.38000,120500
2025-06-24,83.54000,84.83000,82.30000,84.80000,132800
2025-06-25,84.62000,85.39000,83.89000,84.54000,164300
2025-06-26,84.65000,84.65000,80.86000,82.40000,165900
2025-06-27,82.37000,83.33000,81.89000,82.57000,230500
2025-06-30,82.92000,83.72000,82.35000,83.05000,126100
2025-07-01,82.92000,84.98000,82.64000,83.69000,108000
2025-07-02,83.55000,84.41000,82.06000,83.85000,122900
2025-07-03,84.40000,84.58000,83.15000,84.39000,75100
2025-07-07,84.04000,84.63000,82.76000,82.98000,109200
2025-07-08,83.02000,84.72000,82.78000,83.91000,128200
2025-07-09,84.68000,84.68000,83.33000,84.55000,95500
2025-07-10,84.78000,86.94000,84.75000,85.75000,113400
2025-07-11,85.50000,85.50000,82.77000,83.69000,84600
2025-07-14,83.72000,84.95000,83.30000,84.09000,73200
2025-07-15,84.03000,84.79000,81.91000,82.23000,135000
2025-07-16,82.84000,83.78000,81.87000,82.61000,103900
2025-07-17,82.50000,83.28000,81.56000,82.10000,135400
2025-07-18,82.92000,83.13000,79.65000,79.77000,121000
2025-07-21,79.78000,80.65000,79.60000,79.82000,103000
2025-07-22,80.24000,82.02000,80.24000,80.39000,109300
2025-07-23,80.87000,82.32000,80.44000,82.16000,119300
2025-07-24,82.09000,82.10000,80.67000,80.77000,102100
2025-07-25,81.09000,82.69000,80.60000,82.43000,116200
2025-07-28,82.50000,83.46000,82.22000,82.47000,108300
2025-07-29,83.11000,83.20000,81.76000,82.44000,71400
2025-07-30,82.62000,83.33000,81.36000,81.97000,86500
2025-07-31,81.35000,81.94000,80.05000,81.24000,107200
2025-08-01,80.85000,81.60000,79.01000,81.04000,126500
2025-08-04,81.49000,84.47000,81.49000,84.36000,154700
2025-08-05,84.22000,86.63000,83.62000,85.60000,340800
2025-08-06,93.03000,97.02000,90.77000,93.23000,428600
2025-08-07,93.98000,94.76000,92.36000,94.26000,296200
2025-08-08,94.00000,94.61000,90.93000,92.28000,149600
2025-08-11,91.89000,93.30000,91.38000,92.62000,223000
2025-08-12,92.78000,94.40000,91.85000,94.38000,215600
2025-08-13,94.50000,96.12000,94.42000,95.15000,110200
2025-08-14,94.62000,96.48000,94.07000,95.81000,193200
2025-08-15,96.26000,97.25000,94.87000,95.91000,270700
2025-08-18,96.22000,97.25000,94.75000,95.04000,121000
2025-08-19,95.01000,95.86000,94.48000,95.33000,119200
2025-08-20,95.54000,97.52000,95.54000,96.71000,337900
2025-08-21,96.25000,97.04000,95.54000,96.45000,223300
2025-08-22,96.91000,100.97000,96.80000,100.33000,180600
2025-08-25,99.76000,100.03000,97.49000,97.60000,207100
2025-08-26,97.73000,97.73000,89.25000,95.28000,509700
2025-08-27,94.68000,95.91000,94.51000,95.68000,133600
2025-08-28,95.69000,95.69000,94.06000,95.27000,130600
2025-08-29,96.00000,97.44000,94.77000,95.37000,93800
2025-09-02,94.72000,96.22000,94.33000,95.03000,140600
2025-09-03,94.93000,95.70000,90.87000,94.56000,139200
2025-09-04,95.10000,97.53000,90.81000,97.07000,179400
2025-09-05,97.49000,98.28000,97.03000,97.49000,140800
2025-09-08,98.17000,98.93000,96.64000,97.07000,112800
2025-09-09,97.05000,97.10000,95.14000,95.62000,77500
2025-09-10,95.34000,95.34000,91.82000,92.64000,175000
2025-09-11,93.03000,94.40000,92.30000,94.23000,124400
2025-09-12,93.60000,93.71000,92.14000,92.29000,78000
2025-09-15,92.70000,93.65000,91.64000,92.37000,284500
2025-09-16,92.04000,92.71000,91.24000,92.45000,148900
2025-09-17,92.85000,93.93000,91.71000,92.11000,94300
2025-09-18,92.30000,93.75000,89.93000,93.42000,149300
2025-09-19,93.76000,93.76000,91.15000,92.25000,752400
2025-09-22,92.37000,93.27000,91.79000,92.29000,171300
2025-09-23,92.29000,93.59000,89.68000,89.87000,155900
2025-09-24,89.76000,90.02000,87.28000,87.80000,188500
2025-09-25,87.42000,87.42000,84.41000,84.66000,205900
2025-09-26,84.94000,85.91000,83.88000,84.19000,169900
2025-09-29,86.16000,87.54000,85.16000,85.45000,226600
2025-09-30,85.46000,88.08000,84.44000,87.51000,218300
2025-10-01,86.83000,88.25000,84.41000,86.67000,147200
2025-10-02,86.75000,87.42000,85.43000,86.87000,92900
2025-10-03,86.97000,89.48000,86.97000,87.85000,95000
2025-10-06,87.94000,88.16000,86.37000,87.49000,159800
2025-10-07,87.32000,87.61000,86.35000,86.79000,89700
2025-10-08,86.89000,88.13000,86.87000,88.04000,64200
2025-10-09,88.30000,88.54000,87.07000,87.32000,88600
2025-10-10,87.65000,87.86000,85.39000,86.05000,106800
2025-10-13,86.61000,86.95000,85.00000,85.31000,108300
2025-10-14,85.00000,87.67000,84.19000,87.38000,92100
2025-10-15,87.12000,87.95000,86.24000,87.26000,99000
2025-10-16,87.26000,88.18000,86.31000,86.84000,151800
2025-10-17,86.66000,87.65000,86.05000,86.60000,109500
2025-10-20,87.02000,88.31000,86.71000,88.01000,65900
2025-10-21,87.68000,90.19000,87.15000,89.75000,103000
2025-10-22,89.98000,91.18000,89.89000,90.10000,89900
2025-10-23,89.98000,89.98000,88.26000,89.01000,139300
2025-10-24,89.56000,89.56000,88.00000,89.21000,107500
2025-10-27,89.41000,90.62000,88.49000,90.12000,186200
2025-10-28,89.77000,90.17000,87.59000,89.54000,108700
2025-10-29,89.41000,90.51000,88.33000,88.87000,129000
2025-10-30,88.28000,89.77000,87.82000,88.55000,116100
2025-10-31,87.59000,88.49000,86.44000,86.61000,168600
2025-11-03,86.43000,87.20000,84.41000,86.92000,126400
2025-11-04,86.82000,90.00000,86.58000,87.26000,202700
2025-11-05,87.70000,87.80000,85.90000,86.27000,163200
2025-11-06,86.00000,88.00000,85.13000,85.60000,188100
2025-11-07,83.03000,89.01000,81.57000,86.82000,276000
2025-11-10,86.58000,89.57000,85.27000,87.79000,176300
2025-11-11,88.30000,91.25000,87.74000,90.37000,188700
2025-11-12,90.74000,91.96000,89.81000,89.97000,216700
2025-11-13,89.97000,92.25000,88.74000,89.64000,192400
2025-11-14,89.74000,89.74000,87.73000,88.44000,109100
2025-11-17,87.88000,88.35000,86.69000,86.99000,148100
2025-11-18,86.73000,87.79000,85.10000,86.48000,153700
2025-11-19,86.51000,87.74000,85.58000,86.80000,166600
2025-11-20,87.51000,88.05000,84.44000,84.44000,172600
2025-11-21,84.63000,88.88000,84.56000,87.93000,174800
2025-11-24,88.12000,89.43000,84.04000,84.28000,313000
2025-11-25,85.03000,86.88000,82.71000,83.49000,372800
2025-11-26,83.49000,84.55000,81.81000,83.37000,275500
2025-11-28,83.93000,83.93000,82.77000,82.95000,97900
2025-12-01,82.50000,83.85000,81.92000,82.80000,219800
2025-12-02,83.07000,83.91000,81.60000,83.68000,159700
2025-12-03,84.09000,85.03000,81.85000,84.92000,143800
2025-12-04,84.55000,86.79000,83.16000,85.70000,233600
2025-12-05,86.12000,86.96000,83.60000,84.53000,132600
2025-12-08,84.54000,84.54000,82.54000,82.93000,160800
2025-12-09,83.40000,84.15000,82.31000,82.85000,118200
2025-12-10,82.60000,84.86000,82.40000,83.66000,279300
2025-12-11,84.20000,84.65000,82.75000,83.36000,184900
2025-12-12,83.38000,84.60000,82.52000,84.00000,196100
2025-12-15,84.57000,85.21000,82.64000,82.77000,141600
2025-12-16,83.17000,84.12000,82.79000,83.41000,190400
2025-12-17,83.17000,85.28000,83.14000,84.94000,229500
2025-12-18,84.99000,87.09000,83.58000,85.27000,160000
2025-12-19,84.74000,85.45000,84.20000,84.96000,459700
2025-12-22,84.72000,88.28000,84.35000,84.51000,230200
2025-12-23,84.65000,84.69000,83.33000,83.97000,132400
2025-12-24,83.74000,84.70000,83.52000,84.34000,56900
2025-12-26,84.35000,85.41000,83.18000,83.78000,90200
2025-12-29,84.00000,86.00000,82.65000,82.96000,108700
2025-12-30,82.76000,83.28000,81.94000,83.01000,195600
2025-12-31,82.67000,82.76000,80.99000,81.10000,132600
2026-01-02,81.12000,82.03000,79.69000,80.17000,190500
2026-01-05,79.77000,82.80000,79.40000,81.91000,167200
2026-01-06,81.66000,83.63000,81.66000,83.51000,148200
2026-01-07,83.51000,83.98000,82.56000,83.75000,132100
2026-01-08,83.12000,85.32000,82.83000,85.04000,145900
2026-01-09,84.98000,86.04000,84.01000,85.00000,234300
2026-01-12,84.82000,85.57000,82.00000,83.83000,159500
2026-01-13,83.90000,85.78000,82.42000,83.34000,116500
2026-01-14,83.10000,85.46000,81.88000,85.46000,115200
2026-01-15,85.14000,87.72000,85.00000,86.50000,154500
2026-01-16,86.29000,88.38000,85.30000,88.27000,197100
2026-01-20,87.00000,88.00000,84.34000,85.80000,172000
2026-01-21,86.19000,87.36000,85.25000,86.99000,110600
2026-01-22,86.92000,88.21000,85.66000,85.74000,123200
2026-01-23,85.57000,86.49000,83.73000,84.22000,116300
2026-01-26,84.22000,85.74000,84.22000,85.28000,72600
2026-01-27,85.09000,85.62000,84.44000,85.33000,100700
2026-01-28,85.28000,86.07000,84.44000,85.06000,117700
2026-01-29,84.89000,85.79000,83.27000,83.86000,140500
2026-01-30,83.89000,85.41000,83.30000,84.97000,177600
2026-02-02,84.99000,86.96000,84.83000,86.39000,100500
2026-02-03,86.16000,87.67000,84.83000,87.51000,150100
2026-02-04,87.24000,88.50000,86.17000,86.79000,125800
2026-02-05,87.16000,88.43000,86.29000,86.99000,115100
2026-02-06,87.16000,88.73000,86.81000,87.42000,130000
2026-02-09,87.39000,87.39000,85.84000,86.54000,82100
2026-02-10,86.88000,88.50000,86.88000,87.98000,142300
2026-02-11,88.10000,88.10000,85.96000,87.78000,127400
2026-02-12,87.78000,87.84000,85.39000,86.60000,136400
2026-02-13,86.66000,88.00000,86.46000,87.66000,162000
2026-02-17,87.34000,89.80000,85.78000,89.25000,143100
2026-02-18,88.73000,90.84000,88.73000,90.61000,113800
2026-02-19,90.29000,91.92000,88.56000,91.86000,221300
2026-02-20,92.25000,93.05000,91.24000,92.94000,132100
2026-02-23,92.94000,93.00000,90.86000,91.38000,209100
2026-02-24,91.52000,91.70000,89.24000,90.75000,192200
2026-02-25,90.37000,91.79000,88.35000,91.38000,203200
2026-02-26,102.00000,115.33000,101.92000,113.69000,1266600
2026-02-27,111.69000,112.74000,105.85000,108.18000,508500
2026-03-02,106.20000,109.53000,103.74000,107.40000,333600
2026-03-03,104.32000,108.12000,102.91000,107.85000,311200
2026-03-04,107.43000,108.19000,106.04000,106.41000,142800
2026-03-05,105.67000,106.95000,104.47000,106.15000,171900
2026-03-06,105.06000,107.63000,103.61000,107.39000,185300
2026-03-09,107.30000,112.00000,106.08000,110.07000,262600
2026-03-10,109.84000,111.21000,107.85000,109.20000,246900
2026-03-11,108.50000,110.21000,105.96000,108.34000,186400
2026-03-12,106.90000,108.48000,105.20000,106.54000,203400
2026-03-13,107.70000,108.74000,106.57000,108.06000,156400
2026-03-16,108.69000,111.03000,108.46000,110.75000,332800
2026-03-17,111.41000,113.34000,111.22000,112.23000,347700
2026-03-18,112.06000,113.34000,110.30000,110.85000,279900
2026-03-19,110.77000,111.75000,107.23000,109.00000,239700
2026-03-20,108.94000,109.90000,104.00000,106.31000,680400
2026-03-23,108.00000,108.68000,105.81000,107.86000,253800
2026-03-24,107.86000,110.91000,106.10000,109.99000,337400
2026-03-25,110.66000,111.77000,109.00000,111.08000,174700
2026-03-26,110.79000,113.60000,109.85000,110.33000,302900
2026-03-27,109.31000,109.68000,104.14000,106.62000,319400
2026-03-30,107.27000,108.27000,104.83000,106.87000,305700
2026-03-31,108.41000,109.81000,106.07000,109.17000,247500
2026-04-01,109.42000,110.45000,107.64000,108.75000,234700
2026-04-02,108.55000,109.41000,105.51000,108.49000,140400
2026-04-06,108.49000,109.71000,107.53000,109.16000,100200
2026-04-07,108.66000,110.65000,107.84000,110.33000,154100
2026-04-08,113.07000,113.66000,111.83000,112.41000,218400
2026-04-09,111.78000,113.00000,110.66000,112.71000,125500
2026-04-10,113.00000,114.94000,112.24000,114.62000,171400
2026-04-13,113.54000,115.21000,113.23000,115.17000,158300
2026-04-14,115.00000,118.01000,114.75000,117.39000,335800
2026-04-15,117.36000,117.42000,114.09000,114.61000,54836
