date,open,high,low,close,volume
2016-05-03,23.00000,25.67000,23.00000,25.67000,2200
2016-05-04,25.35000,25.79000,25.00000,25.50000,24000
2016-05-05,26.00000,28.16000,26.00000,28.16000,75400
2016-05-06,27.75000,27.75000,25.25000,26.50000,90300
2016-05-09,27.00000,27.00000,26.36000,26.75000,125200
2016-05-10,27.00000,27.00000,25.50000,27.00000,170400
2016-05-11,27.50000,28.00000,26.00000,26.50000,610000
2016-05-12,26.88000,27.50000,26.30000,26.85000,295700
2016-05-13,26.63000,27.96000,24.25000,25.03000,582100
2016-05-16,24.88000,27.15000,24.50000,26.86000,10098300
2016-05-17,26.50000,26.92000,25.81000,26.78000,2994800
2016-05-18,26.56000,26.82000,26.17000,26.78000,1520700
2016-05-19,26.50000,26.50000,25.45000,25.45000,1399500
2016-05-20,25.00000,26.05000,24.91000,24.93000,3391500
2016-05-23,24.71000,27.50000,24.71000,27.19000,1801000
2016-05-24,26.50000,27.56000,25.98000,26.00000,2936200
2016-05-25,26.10000,26.47000,25.76000,26.36000,1441100
2016-05-26,26.20000,26.93000,26.09000,26.84000,1212500
2016-05-27,26.86000,28.00000,26.76000,27.90000,1441800
2016-05-31,27.90000,29.31000,27.80000,29.14000,1097500
2016-06-01,29.48000,31.30000,29.48000,31.07000,1756600
2016-06-02,30.77000,32.05000,30.03000,31.74000,1090100
2016-06-03,31.56000,31.92000,31.35000,31.74000,406300
2016-06-06,31.74000,32.25000,31.62000,31.87000,733200
2016-06-07,31.85000,31.92000,31.42000,31.54000,441000
2016-06-08,31.41000,32.58000,31.33000,32.42000,795000
2016-06-09,32.42000,32.64000,32.26000,32.33000,536100
2016-06-10,32.61000,34.75000,32.44000,33.93000,1124000
2016-06-13,33.68000,34.53000,33.50000,34.11000,918700
2016-06-14,34.05000,34.91000,33.75000,34.06000,742300
2016-06-15,33.99000,35.05000,33.82000,33.93000,562800
2016-06-16,33.93000,35.31000,33.69000,34.81000,847800
2016-06-17,34.75000,34.99000,34.20000,34.73000,1462800
2016-06-20,34.69000,35.04000,34.11000,34.18000,580900
2016-06-21,34.15000,34.72000,34.08000,34.50000,497100
2016-06-22,34.50000,34.63000,34.33000,34.47000,321400
2016-06-23,34.61000,34.88000,34.56000,34.74000,866400
2016-06-24,34.00000,35.12000,33.68000,34.19000,4185900
2016-06-27,33.79000,34.54000,33.50000,34.38000,1214200
2016-06-28,34.40000,34.70000,33.02000,33.41000,960700
2016-06-29,33.49000,35.27000,33.49000,34.03000,904400
2016-06-30,34.15000,34.46000,33.77000,34.04000,404400
2016-07-01,34.14000,34.41000,33.91000,34.40000,433700
2016-07-05,34.50000,34.83000,33.90000,34.70000,345400
2016-07-06,34.89000,35.62000,34.67000,34.95000,400900
2016-07-07,35.14000,36.89000,35.14000,36.00000,588500
2016-07-08,36.22000,36.50000,35.84000,36.44000,581000
2016-07-11,36.42000,38.59000,36.42000,38.05000,808500
2016-07-12,38.11000,39.35000,37.98000,39.00000,668700
2016-07-13,38.91000,39.51000,38.86000,38.95000,231500
2016-07-14,39.14000,39.79000,38.54000,38.62000,405100
2016-07-15,38.79000,38.99000,38.22000,38.31000,626600
2016-07-18,38.25000,38.38000,37.59000,37.66000,443300
2016-07-19,37.66000,38.37000,37.56000,38.13000,331200
2016-07-20,38.34000,38.83000,38.11000,38.68000,512400
2016-07-21,38.68000,39.38000,38.65000,39.12000,641800
2016-07-22,39.04000,40.22000,39.04000,39.96000,262600
2016-07-25,39.90000,40.41000,39.68000,39.99000,466200
2016-07-26,39.85000,40.02000,39.52000,39.94000,245400
2016-07-27,39.94000,41.13000,39.94000,40.85000,455500
2016-07-28,40.80000,40.82000,38.24000,38.36000,402800
2016-07-29,38.40000,38.67000,37.96000,38.27000,553200
2016-08-01,38.14000,39.09000,38.03000,38.73000,511400
2016-08-02,38.63000,39.10000,37.32000,37.55000,478900
2016-08-03,37.64000,38.46000,37.53000,37.94000,521200
2016-08-04,39.81000,44.21000,39.81000,43.50000,1350900
2016-08-05,43.51000,44.10000,43.31000,43.36000,488000
2016-08-08,43.51000,43.98000,42.70000,43.49000,704500
2016-08-09,43.50000,44.10000,43.29000,43.55000,430800
2016-08-10,43.40000,43.81000,43.24000,43.80000,335400
2016-08-11,43.75000,45.34000,43.47000,44.66000,362700
2016-08-12,44.71000,45.10000,43.86000,44.36000,200100
2016-08-15,44.85000,45.22000,44.07000,44.30000,224400
2016-08-16,44.25000,44.65000,43.92000,44.07000,212200
2016-08-17,44.28000,44.55000,43.72000,43.77000,262500
2016-08-18,43.81000,44.08000,42.72000,43.11000,683500
2016-08-19,43.00000,43.04000,41.21000,41.95000,761000
2016-08-22,41.97000,42.08000,41.05000,42.00000,559300
2016-08-23,42.05000,42.35000,41.84000,41.95000,199800
2016-08-24,41.95000,43.57000,41.95000,43.34000,732800
2016-08-25,43.08000,43.58000,42.90000,43.15000,203600
2016-08-26,43.03000,43.46000,42.93000,43.40000,256000
2016-08-29,43.25000,45.03000,43.25000,44.66000,721600
2016-08-30,44.71000,44.86000,43.40000,44.32000,358300
2016-08-31,44.16000,44.58000,43.34000,44.38000,310500
2016-09-01,44.46000,44.64000,43.69000,44.50000,300900
2016-09-02,44.56000,44.72000,43.94000,44.45000,177700
2016-09-06,44.64000,46.57000,44.29000,45.31000,619000
2016-09-07,45.42000,45.42000,44.26000,44.49000,260200
2016-09-08,44.43000,44.94000,44.12000,44.21000,148700
2016-09-09,43.92000,44.11000,42.74000,43.36000,309600
2016-09-12,43.23000,43.74000,42.81000,43.15000,312200
2016-09-13,42.76000,42.91000,41.82000,42.34000,284300
2016-09-14,42.24000,43.84000,41.86000,43.76000,279600
2016-09-15,43.88000,46.71000,43.76000,46.21000,561100
2016-09-16,46.29000,46.42000,45.39000,46.01000,536400
2016-09-19,45.93000,46.58000,45.58000,45.76000,217400
2016-09-20,45.95000,46.60000,45.60000,46.28000,200900
2016-09-21,46.65000,46.87000,45.60000,46.79000,148600
2016-09-22,47.00000,47.81000,46.85000,47.69000,315000
2016-09-23,47.89000,48.00000,47.15000,47.77000,225100
2016-09-26,47.67000,48.30000,47.19000,47.20000,235600
2016-09-27,47.39000,47.62000,46.14000,46.92000,279400
2016-09-28,46.71000,47.81000,46.43000,47.46000,202700
2016-09-29,47.47000,48.26000,46.83000,46.98000,251500
2016-09-30,47.01000,47.37000,46.07000,46.10000,495500
2016-10-03,46.08000,46.38000,43.87000,44.32000,768500
2016-10-04,44.32000,44.75000,42.92000,43.41000,520100
2016-10-05,43.62000,43.96000,42.79000,43.05000,342900
2016-10-06,43.05000,43.55000,42.63000,43.36000,355700
2016-10-07,43.60000,44.03000,42.97000,43.00000,176100
2016-10-10,43.13000,43.60000,42.01000,43.43000,186900
2016-10-11,43.26000,43.61000,42.47000,42.92000,178600
2016-10-12,42.91000,43.09000,42.66000,42.72000,57700
2016-10-13,42.30000,42.92000,42.22000,42.50000,189600
2016-10-14,42.67000,43.19000,42.12000,42.64000,190400
2016-10-17,42.56000,42.65000,42.13000,42.43000,219400
2016-10-18,42.73000,42.96000,42.50000,42.61000,112500
2016-10-19,42.72000,42.89000,42.25000,42.34000,165500
2016-10-20,42.32000,42.65000,41.87000,42.23000,194500
2016-10-21,41.59000,42.50000,41.57000,42.36000,110500
2016-10-24,42.58000,43.84000,42.34000,43.70000,251500
2016-10-25,43.56000,43.87000,42.68000,43.06000,132700
2016-10-26,42.78000,42.91000,42.18000,42.58000,192800
2016-10-27,42.69000,42.69000,41.44000,41.62000,246100
2016-10-28,41.55000,41.78000,40.53000,41.13000,373500
2016-10-31,41.33000,41.50000,40.24000,41.40000,358700
2016-11-01,41.43000,41.43000,40.76000,41.18000,274200
2016-11-02,40.99000,41.14000,40.41000,40.63000,241400
2016-11-03,42.00000,46.25000,42.00000,44.15000,875200
2016-11-04,44.54000,45.99000,43.77000,45.09000,384300
2016-11-07,45.81000,45.81000,44.51000,44.58000,289400
2016-11-08,44.47000,45.19000,43.78000,45.00000,128100
2016-11-09,44.38000,46.97000,44.12000,46.56000,182600
2016-11-10,46.92000,47.42000,45.33000,47.17000,686200
2016-11-11,47.18000,49.12000,46.66000,48.79000,349900
2016-11-14,49.13000,50.20000,48.69000,49.13000,221800
2016-11-15,49.01000,49.13000,47.99000,48.98000,153800
2016-11-16,49.16000,50.51000,48.94000,49.47000,380500
2016-11-17,49.47000,52.11000,49.47000,50.50000,367200
2016-11-18,50.60000,51.01000,50.08000,50.50000,182000
2016-11-21,50.35000,51.14000,50.23000,50.98000,184400
2016-11-22,51.64000,52.94000,51.09000,51.73000,322700
2016-11-23,51.41000,52.66000,50.98000,52.63000,132100
2016-11-25,52.63000,53.59000,52.23000,53.57000,86900
2016-11-28,53.35000,53.39000,51.58000,52.12000,134700
2016-11-29,52.23000,52.23000,51.00000,51.29000,198700
2016-11-30,50.95000,53.48000,50.75000,52.37000,312100
2016-12-01,52.54000,53.37000,49.70000,50.21000,373400
2016-12-02,50.08000,51.20000,49.34000,49.85000,239600
2016-12-05,50.10000,50.58000,49.53000,49.96000,195600
2016-12-06,49.89000,50.40000,48.74000,50.03000,188700
2016-12-07,49.79000,51.44000,49.55000,51.17000,401100
2016-12-08,51.43000,51.81000,50.18000,51.45000,270500
2016-12-09,51.65000,51.92000,49.87000,50.37000,375100
2016-12-12,50.10000,52.61000,50.07000,52.27000,324100
2016-12-13,53.08000,53.57000,51.81000,52.82000,150900
2016-12-14,52.65000,53.79000,52.22000,53.03000,182600
2016-12-15,52.98000,54.50000,51.89000,53.99000,414800
2016-12-16,54.23000,55.15000,53.83000,54.02000,690200
2016-12-19,54.25000,55.04000,53.88000,54.99000,317400
2016-12-20,54.89000,55.43000,54.53000,54.83000,298800
2016-12-21,54.61000,55.04000,53.36000,53.50000,174900
2016-12-22,53.37000,53.71000,52.54000,53.11000,186900
2016-12-23,53.00000,54.00000,52.73000,53.89000,69200
2016-12-27,54.10000,55.12000,53.74000,54.71000,103900
2016-12-28,54.98000,55.18000,54.02000,54.31000,109100
2016-12-29,54.55000,54.73000,53.99000,54.62000,116400
2016-12-30,54.69000,54.94000,53.90000,54.86000,159100
2017-01-03,55.02000,55.40000,52.74000,53.18000,239900
2017-01-04,53.53000,54.25000,53.12000,54.14000,223900
2017-01-05,54.68000,55.77000,54.23000,54.84000,184200
2017-01-06,55.10000,55.40000,54.49000,54.85000,288700
2017-01-09,54.80000,54.85000,52.73000,52.80000,190100
2017-01-10,52.65000,54.73000,52.40000,53.21000,356300
2017-01-11,53.35000,54.12000,53.00000,53.25000,277100
2017-01-12,53.00000,53.23000,51.43000,52.49000,208600
2017-01-13,52.74000,53.18000,51.01000,53.00000,243600
2017-01-17,52.63000,53.16000,52.17000,52.90000,202400
2017-01-18,53.05000,53.05000,51.83000,52.99000,230200
2017-01-19,52.88000,53.23000,51.90000,52.29000,295800
2017-01-20,52.31000,52.88000,52.29000,52.49000,173800
2017-01-23,52.25000,54.19000,52.25000,54.04000,127200
2017-01-24,54.27000,54.77000,53.87000,54.33000,279900
2017-01-25,54.77000,55.59000,54.00000,55.05000,203700
2017-01-26,55.07000,55.49000,54.18000,55.07000,439100
2017-01-27,55.05000,55.33000,54.59000,55.26000,132300
2017-01-30,54.77000,54.77000,53.62000,54.00000,170400
2017-01-31,54.03000,55.73000,53.55000,55.59000,353400
2017-02-01,55.54000,56.43000,55.36000,55.88000,246400
2017-02-02,55.68000,55.75000,54.72000,55.12000,170400
2017-02-03,55.18000,56.36000,54.72000,56.30000,152400
2017-02-06,56.30000,56.30000,54.99000,55.71000,146500
2017-02-07,55.85000,56.33000,55.40000,55.88000,133300
2017-02-08,55.53000,56.38000,54.96000,56.24000,319200
2017-02-09,56.40000,56.80000,55.76000,55.94000,153100
2017-02-10,56.31000,56.47000,55.10000,55.30000,204300
2017-02-13,55.58000,56.39000,55.25000,55.49000,169400
2017-02-14,55.64000,56.04000,54.38000,55.78000,138800
2017-02-15,55.51000,56.93000,55.51000,56.54000,236000
2017-02-16,56.40000,57.80000,56.31000,57.39000,331500
2017-02-17,57.58000,57.70000,55.42000,55.48000,301000
2017-02-21,55.69000,57.04000,55.68000,57.00000,231000
2017-02-22,56.65000,56.99000,55.62000,56.41000,215700
2017-02-23,57.00000,57.00000,53.67000,54.35000,420500
2017-02-24,54.36000,54.47000,53.02000,53.47000,663200
2017-02-27,53.50000,54.00000,52.95000,53.11000,446700
2017-02-28,53.20000,54.36000,52.79000,53.97000,518900
2017-03-01,54.54000,57.18000,54.16000,57.02000,466100
2017-03-02,57.20000,57.66000,56.65000,56.66000,775000
2017-03-03,56.66000,60.02000,56.41000,59.48000,372800
2017-03-06,58.91000,58.91000,57.25000,58.15000,333700
2017-03-07,57.89000,58.71000,57.63000,58.43000,218000
2017-03-08,58.36000,58.49000,57.93000,58.25000,239800
2017-03-09,58.06000,58.72000,57.79000,58.65000,208900
2017-03-10,58.69000,59.16000,58.07000,59.10000,191400
2017-03-13,59.10000,59.74000,58.76000,59.50000,215800
2017-03-14,59.05000,60.13000,58.72000,59.66000,388800
2017-03-15,59.78000,60.28000,59.26000,60.13000,217200
2017-03-16,59.37000,60.20000,58.70000,60.11000,240700
2017-03-17,60.30000,60.99000,60.01000,60.72000,731000
2017-03-20,60.86000,61.16000,60.48000,61.09000,271300
2017-03-21,61.24000,61.56000,59.94000,60.49000,469900
2017-03-22,60.29000,61.20000,59.99000,60.45000,466800
2017-03-23,60.46000,61.65000,60.36000,60.67000,249000
2017-03-24,60.71000,61.30000,60.56000,61.00000,252700
2017-03-27,60.96000,61.23000,60.13000,61.13000,267200
2017-03-28,61.01000,61.17000,59.79000,61.16000,183900
2017-03-29,61.50000,61.84000,60.38000,61.81000,436500
2017-03-30,62.00000,62.80000,60.91000,61.43000,237700
2017-03-31,61.21000,61.66000,60.81000,60.85000,215700
2017-04-03,60.96000,60.96000,57.86000,57.98000,345500
2017-04-04,57.84000,58.91000,56.98000,57.56000,350200
2017-04-05,57.97000,58.40000,56.92000,56.96000,255900
2017-04-06,56.99000,58.49000,56.96000,57.96000,365800
2017-04-07,57.65000,58.03000,57.04000,57.27000,254500
2017-04-10,57.25000,58.05000,57.00000,57.45000,333900
2017-04-11,57.20000,59.40000,57.20000,59.26000,267600
2017-04-12,59.14000,59.78000,58.75000,59.24000,252100
2017-04-13,59.15000,60.58000,58.83000,59.45000,277500
2017-04-17,59.55000,59.68000,58.76000,59.61000,131500
2017-04-18,59.69000,60.14000,59.00000,59.40000,163100
2017-04-19,59.49000,59.94000,59.08000,59.42000,213300
2017-04-20,59.70000,60.30000,59.59000,60.11000,260900
2017-04-21,60.24000,62.22000,60.19000,62.00000,288900
2017-04-24,62.60000,63.22000,62.23000,63.17000,306800
2017-04-25,63.61000,64.56000,63.56000,64.10000,235900
2017-04-26,64.10000,64.51000,63.44000,64.40000,231300
2017-04-27,64.38000,65.02000,64.12000,64.84000,162500
2017-04-28,64.90000,64.93000,63.19000,63.23000,336700
2017-05-01,63.37000,63.86000,62.64000,63.64000,298000
2017-05-02,63.66000,63.66000,62.25000,62.63000,182300
2017-05-03,62.45000,62.70000,61.42000,61.60000,221000
2017-05-04,62.10000,63.92000,58.31000,58.59000,453900
2017-05-05,58.83000,59.04000,56.65000,58.59000,492000
2017-05-08,58.63000,58.63000,57.65000,58.13000,259800
2017-05-09,57.94000,58.56000,57.10000,58.49000,332600
2017-05-10,58.43000,60.41000,58.38000,60.39000,323800
2017-05-11,60.39000,60.60000,59.85000,60.05000,236000
2017-05-12,59.74000,59.96000,59.10000,59.13000,134900
2017-05-15,59.39000,60.00000,58.11000,58.20000,247900
2017-05-16,58.29000,58.82000,57.79000,58.46000,160400
2017-05-17,58.46000,58.46000,56.98000,56.99000,271400
2017-05-18,56.74000,57.98000,56.16000,56.76000,411300
2017-05-19,56.84000,58.56000,56.84000,58.00000,318800
2017-05-22,58.17000,59.10000,57.87000,58.97000,320800
2017-05-23,59.18000,59.77000,58.86000,59.10000,272000
2017-05-24,59.25000,59.59000,58.83000,59.45000,109400
2017-05-25,59.76000,60.07000,58.67000,59.16000,171600
2017-05-26,58.91000,59.56000,58.91000,59.51000,158500
2017-05-30,59.41000,59.63000,59.16000,59.51000,213500
2017-05-31,59.56000,59.56000,57.54000,59.07000,284500
2017-06-01,59.16000,59.16000,57.96000,58.57000,256300
2017-06-02,58.76000,60.04000,58.43000,59.26000,197100
2017-06-05,59.22000,59.31000,57.73000,57.83000,149900
2017-06-06,57.42000,58.05000,57.02000,57.77000,112100
2017-06-07,57.68000,57.77000,56.84000,57.62000,248900
2017-06-08,57.58000,59.72000,57.39000,59.34000,177300
2017-06-09,59.39000,60.53000,59.37000,59.98000,230500
2017-06-12,60.00000,60.28000,58.55000,59.03000,136100
2017-06-13,59.13000,59.71000,58.48000,58.88000,152300
2017-06-14,58.93000,58.93000,57.23000,57.92000,121800
2017-06-15,57.66000,57.81000,56.92000,57.32000,145000
2017-06-16,56.80000,57.50000,56.36000,57.10000,324600
2017-06-19,57.31000,58.11000,56.69000,56.74000,157100
2017-06-20,56.45000,57.12000,55.70000,56.62000,508300
2017-06-21,56.69000,57.13000,55.23000,55.31000,265400
2017-06-22,55.30000,55.77000,54.60000,54.88000,173700
2017-06-23,54.80000,55.83000,54.62000,55.18000,380500
2017-06-26,55.05000,55.57000,53.90000,54.55000,264100
2017-06-27,54.32000,54.43000,53.62000,53.69000,150800
2017-06-28,54.17000,56.76000,54.01000,56.75000,207900
2017-06-29,56.77000,57.08000,55.40000,56.22000,198700
2017-06-30,56.14000,57.77000,56.00000,57.40000,177900
2017-07-03,57.98000,58.14000,56.36000,56.58000,95100
2017-07-05,57.08000,57.50000,56.16000,56.65000,155400
2017-07-06,56.09000,56.82000,55.63000,55.98000,146600
2017-07-07,55.98000,57.39000,55.80000,57.35000,135000
2017-07-10,56.99000,57.57000,56.53000,57.21000,150000
2017-07-11,57.41000,58.53000,56.40000,57.21000,177900
2017-07-12,57.63000,58.05000,57.27000,57.57000,128000
2017-07-13,57.65000,57.80000,56.30000,57.42000,137300
2017-07-14,57.28000,57.88000,57.22000,57.55000,117900
2017-07-17,57.73000,59.00000,57.72000,58.35000,288300
2017-07-18,58.23000,58.92000,57.83000,58.06000,285200
2017-07-19,58.13000,58.42000,57.87000,58.31000,148300
2017-07-20,58.28000,58.56000,57.65000,57.88000,120500
2017-07-21,58.49000,59.03000,57.35000,57.51000,174600
2017-07-24,57.52000,57.61000,56.74000,56.91000,173800
2017-07-25,57.15000,58.36000,56.71000,58.29000,199900
2017-07-26,58.35000,58.44000,56.96000,58.34000,190300
2017-07-27,58.58000,58.99000,58.09000,58.61000,196500
2017-07-28,58.30000,59.69000,58.03000,58.98000,147000
2017-07-31,59.06000,59.22000,57.95000,58.50000,217000
2017-08-01,58.64000,59.87000,58.63000,59.12000,287600
2017-08-02,59.14000,59.26000,58.23000,59.10000,170300
2017-08-03,59.70000,59.70000,57.42000,58.71000,251400
2017-08-04,59.66000,62.15000,58.78000,61.40000,389100
2017-08-07,61.28000,61.80000,59.67000,59.90000,247900
2017-08-08,60.13000,60.33000,59.00000,59.47000,279000
2017-08-09,59.22000,59.24000,57.90000,58.00000,177700
2017-08-10,57.84000,58.20000,56.54000,56.58000,160200
2017-08-11,56.28000,57.37000,55.25000,56.94000,223800
2017-08-14,57.47000,57.47000,56.88000,57.22000,187600
2017-08-15,57.23000,57.23000,56.70000,56.88000,150100
2017-08-16,56.99000,57.39000,56.64000,57.01000,253500
2017-08-17,56.87000,57.29000,55.20000,55.74000,168200
2017-08-18,55.19000,56.25000,55.07000,55.93000,175200
2017-08-21,55.84000,56.28000,55.41000,55.86000,128300
2017-08-22,56.16000,56.39000,55.84000,56.39000,104800
2017-08-23,59.50000,62.01000,59.50000,60.00000,961800
2017-08-24,60.49000,61.63000,60.16000,61.14000,321800
2017-08-25,61.34000,62.17000,61.16000,61.36000,175300
2017-08-28,61.77000,62.27000,60.76000,61.79000,200100
2017-08-29,61.40000,62.12000,60.75000,61.88000,154400
2017-08-30,61.78000,62.22000,61.03000,62.07000,179000
2017-08-31,62.17000,63.03000,61.81000,62.97000,156400
2017-09-01,63.65000,64.00000,62.75000,63.91000,329100
2017-09-05,63.91000,64.05000,62.86000,62.99000,135300
2017-09-06,63.17000,63.17000,62.03000,62.05000,122500
2017-09-07,62.10000,63.06000,60.90000,61.75000,257000
2017-09-08,61.68000,62.15000,61.01000,61.20000,146500
2017-09-11,61.42000,61.96000,60.92000,61.15000,314700
2017-09-12,61.21000,61.77000,59.82000,60.23000,239000
2017-09-13,60.15000,61.10000,59.66000,59.77000,232300
2017-09-14,59.69000,59.97000,59.36000,59.52000,173300
2017-09-15,59.64000,59.71000,58.79000,59.32000,432000
2017-09-18,59.41000,60.14000,59.16000,59.20000,350800
2017-09-19,59.20000,59.86000,58.81000,59.86000,245400
2017-09-20,59.71000,60.49000,59.22000,60.23000,193400
2017-09-21,60.43000,61.95000,60.22000,61.75000,308000
2017-09-22,61.48000,62.00000,60.76000,61.82000,172800
2017-09-25,61.75000,61.75000,59.93000,60.07000,221900
2017-09-26,60.24000,60.26000,59.63000,59.99000,208700
2017-09-27,60.26000,63.36000,59.78000,62.70000,369600
2017-09-28,62.42000,63.77000,62.09000,62.50000,206700
2017-09-29,63.00000,63.65000,62.16000,62.47000,263700
2017-10-02,62.86000,64.89000,62.86000,64.89000,360500
2017-10-03,64.91000,65.25000,63.90000,64.62000,239100
2017-10-04,64.71000,64.98000,64.25000,64.49000,167900
2017-10-05,65.27000,66.01000,63.72000,64.60000,446200
2017-10-06,64.48000,65.86000,64.07000,65.67000,388300
2017-10-09,66.05000,67.56000,65.80000,67.30000,318100
2017-10-10,67.75000,67.86000,66.86000,67.43000,275600
2017-10-11,67.40000,68.48000,67.06000,68.22000,249100
2017-10-12,67.98000,68.57000,67.56000,68.31000,203400
2017-10-13,68.84000,69.00000,67.94000,68.99000,178000
2017-10-16,69.16000,69.40000,68.65000,69.34000,192700
2017-10-17,69.36000,70.45000,69.07000,69.65000,195500
2017-10-18,70.38000,70.71000,69.48000,69.69000,304900
2017-10-19,69.36000,69.96000,68.17000,68.40000,192100
2017-10-20,69.03000,69.97000,68.41000,69.61000,198300
2017-10-23,69.86000,70.19000,69.60000,69.79000,106600
2017-10-24,69.97000,70.46000,69.65000,70.06000,120400
2017-10-25,70.09000,70.56000,69.53000,70.27000,94100
2017-10-26,70.40000,70.86000,70.07000,70.36000,168800
2017-10-27,70.34000,71.61000,69.93000,71.48000,115300
2017-10-30,71.33000,71.46000,69.52000,69.90000,100600
2017-10-31,70.16000,71.77000,70.02000,71.23000,217900
2017-11-01,71.95000,72.43000,71.22000,72.38000,201700
2017-11-02,73.51000,74.47000,71.02000,72.78000,323700
2017-11-03,73.26000,75.60000,72.81000,75.49000,359100
2017-11-06,75.44000,76.00000,75.29000,75.36000,213400
2017-11-07,75.43000,75.56000,72.87000,73.36000,205100
2017-11-08,73.67000,74.06000,71.60000,72.99000,322700
2017-11-09,72.65000,73.95000,72.07000,73.10000,217200
2017-11-10,72.65000,74.34000,72.65000,73.88000,175600
2017-11-13,73.18000,75.13000,72.56000,74.74000,166600
2017-11-14,74.85000,75.89000,74.37000,75.18000,186200
2017-11-15,75.00000,75.00000,72.93000,73.22000,147600
2017-11-16,73.51000,75.60000,73.51000,74.74000,160800
2017-11-17,74.20000,74.64000,73.32000,73.32000,200100
2017-11-20,73.40000,74.44000,73.19000,74.38000,433500
2017-11-21,74.74000,76.62000,74.74000,76.53000,246300
2017-11-22,76.46000,77.79000,75.03000,75.16000,117300
2017-11-24,75.56000,76.41000,75.07000,76.27000,104500
2017-11-27,76.33000,76.98000,75.41000,76.32000,336400
2017-11-28,76.60000,78.21000,76.18000,78.02000,333500
2017-11-29,78.40000,79.07000,77.39000,78.37000,240600
2017-11-30,79.31000,79.87000,77.89000,79.59000,352300
2017-12-01,79.59000,79.59000,76.60000,79.06000,419500
2017-12-04,80.11000,80.18000,77.62000,78.99000,355100
2017-12-05,79.04000,79.04000,77.21000,77.25000,195100
2017-12-06,76.98000,77.98000,76.14000,77.42000,191700
2017-12-07,77.47000,77.95000,76.51000,76.51000,257300
2017-12-08,76.51000,77.51000,75.32000,75.47000,278400
2017-12-11,75.40000,75.90000,73.89000,73.93000,345900
2017-12-12,74.10000,74.11000,71.46000,71.46000,729800
2017-12-13,71.55000,72.81000,70.96000,72.42000,442100
2017-12-14,72.40000,73.16000,70.12000,70.12000,203200
2017-12-15,70.52000,71.78000,70.23000,70.56000,521700
2017-12-18,71.21000,72.63000,71.10000,71.63000,408500
2017-12-19,71.60000,72.30000,71.01000,71.24000,208300
2017-12-20,71.53000,73.28000,70.89000,72.66000,313500
2017-12-21,72.71000,72.98000,71.46000,72.21000,231100
2017-12-22,72.08000,72.08000,70.62000,70.95000,202300
2017-12-26,70.95000,71.65000,70.71000,71.23000,209500
2017-12-27,71.14000,71.68000,70.94000,71.13000,131400
2017-12-28,71.05000,71.30000,70.57000,71.08000,136000
2017-12-29,71.11000,71.52000,70.41000,70.47000,173500
2018-01-02,70.71000,71.13000,70.21000,70.91000,228300
2018-01-03,70.75000,71.10000,70.32000,70.47000,324100
2018-01-04,71.10000,73.09000,70.47000,72.83000,456100
2018-01-05,72.93000,73.90000,72.78000,73.81000,218000
2018-01-08,73.53000,74.48000,72.08000,72.82000,101600
2018-01-09,72.82000,74.59000,72.68000,73.99000,182100
2018-01-10,73.72000,73.84000,72.16000,73.16000,184500
2018-01-11,73.51000,75.49000,72.97000,75.49000,232300
2018-01-12,75.53000,75.90000,74.42000,74.55000,170000
2018-01-16,74.93000,75.35000,73.15000,73.83000,227000
2018-01-17,73.94000,75.41000,73.29000,74.62000,190800
2018-01-18,74.50000,75.18000,73.52000,74.21000,208700
2018-01-19,73.99000,76.84000,73.99000,76.63000,170700
2018-01-22,76.19000,76.19000,74.89000,75.87000,109600
2018-01-23,75.87000,76.12000,75.42000,75.70000,130100
2018-01-24,75.78000,76.56000,74.83000,74.86000,135900
2018-01-25,75.15000,76.47000,74.77000,76.26000,207700
2018-01-26,76.34000,76.99000,74.88000,75.42000,264500
2018-01-29,75.21000,75.76000,74.50000,74.59000,135700
2018-01-30,73.87000,75.33000,73.63000,74.34000,130200
2018-01-31,74.86000,75.30000,72.36000,72.55000,211600
2018-02-01,72.25000,73.77000,71.29000,72.64000,233000
2018-02-02,72.26000,74.65000,71.92000,72.95000,279000
2018-02-05,72.40000,73.71000,70.38000,70.42000,199900
2018-02-06,68.85000,72.31000,68.74000,71.33000,194800
2018-02-07,71.10000,72.60000,70.88000,71.25000,178000
2018-02-08,71.23000,72.41000,69.09000,69.14000,410100
2018-02-09,70.00000,70.41000,66.57000,69.40000,278100
2018-02-12,69.63000,71.58000,68.41000,71.24000,295400
2018-02-13,70.93000,71.85000,70.69000,71.67000,284300
2018-02-14,70.93000,73.53000,70.93000,73.42000,143400
2018-02-15,73.82000,74.28000,72.88000,73.37000,187700
2018-02-16,73.00000,73.61000,72.18000,72.35000,212300
2018-02-20,72.20000,72.98000,71.57000,72.27000,189600
2018-02-21,73.00000,78.26000,73.00000,77.66000,388000
2018-02-22,78.34000,79.97000,76.79000,77.37000,289700
2018-02-23,78.52000,81.37000,77.73000,81.25000,286500
2018-02-26,81.50000,82.10000,79.89000,81.14000,209800
2018-02-27,79.91000,79.96000,77.15000,77.15000,384500
2018-02-28,77.26000,77.95000,74.89000,74.91000,366500
2018-03-01,74.56000,75.46000,72.82000,73.97000,375800
2018-03-02,73.57000,76.08000,72.72000,75.95000,352100
2018-03-05,75.37000,77.22000,74.86000,76.69000,231800
2018-03-06,76.98000,78.45000,75.66000,78.36000,226300
2018-03-07,77.43000,78.74000,77.03000,77.53000,213800
2018-03-08,79.23000,80.66000,78.17000,79.53000,352900
2018-03-09,80.54000,81.85000,79.71000,81.49000,224800
2018-03-12,81.07000,81.84000,79.18000,79.30000,379900
2018-03-13,79.90000,80.78000,78.43000,78.64000,289900
2018-03-14,79.09000,79.18000,77.09000,77.41000,288800
2018-03-15,77.76000,78.20000,76.03000,76.26000,119900
2018-03-16,76.13000,77.63000,74.92000,77.25000,416900
2018-03-19,76.94000,76.97000,75.18000,76.02000,160100
2018-03-20,76.36000,76.80000,75.67000,76.26000,100100
2018-03-21,76.10000,78.80000,76.10000,78.30000,184200
2018-03-22,77.30000,77.94000,75.10000,75.10000,200100
2018-03-23,75.11000,75.65000,73.49000,73.52000,162600
2018-03-26,74.84000,75.92000,73.88000,75.57000,119500
2018-03-27,75.84000,75.84000,72.60000,73.07000,163100
2018-03-28,73.39000,73.70000,72.04000,72.05000,208800
2018-03-29,72.50000,74.28000,71.98000,73.69000,244900
2018-04-02,73.31000,73.60000,70.71000,71.50000,181200
2018-04-03,72.06000,73.51000,71.01000,73.27000,198000
2018-04-04,72.04000,74.40000,71.74000,74.17000,156500
2018-04-05,74.84000,76.51000,74.57000,76.35000,193600
2018-04-06,75.83000,77.33000,73.21000,74.03000,180100
2018-04-09,74.63000,75.11000,73.17000,73.95000,109500
2018-04-10,75.10000,77.12000,74.13000,76.36000,153300
2018-04-11,76.17000,76.17000,74.68000,75.13000,200700
2018-04-12,75.37000,77.15000,75.05000,76.61000,151800
2018-04-13,77.13000,78.15000,76.34000,77.77000,280200
2018-04-16,78.50000,79.97000,77.90000,79.59000,212600
2018-04-17,80.30000,81.39000,79.37000,81.05000,389200
2018-04-18,81.29000,82.15000,80.62000,81.70000,330800
2018-04-19,81.64000,81.89000,81.00000,81.50000,152500
2018-04-20,81.55000,82.23000,81.25000,81.95000,198900
2018-04-23,81.95000,82.67000,80.89000,81.56000,111000
2018-04-24,81.61000,82.63000,77.60000,78.33000,211300
2018-04-25,78.22000,79.57000,77.51000,78.89000,119300
2018-04-26,79.24000,79.51000,77.75000,78.99000,116300
2018-04-27,79.20000,79.48000,77.41000,77.66000,154800
2018-04-30,77.84000,78.57000,76.78000,76.83000,138600
2018-05-01,76.70000,77.32000,75.01000,77.21000,152800
2018-05-02,76.83000,77.71000,76.67000,76.83000,195600
2018-05-03,77.11000,79.37000,77.11000,79.06000,412500
2018-05-04,78.36000,78.40000,75.87000,77.11000,375200
2018-05-07,77.38000,79.46000,76.87000,79.30000,434600
2018-05-08,79.04000,80.48000,79.04000,80.44000,294700
2018-05-09,80.67000,80.85000,78.39000,80.35000,195700
2018-05-10,80.67000,81.68000,79.59000,81.49000,209400
2018-05-11,81.53000,81.97000,80.96000,81.64000,192100
2018-05-14,81.79000,82.22000,79.47000,79.68000,295100
2018-05-15,79.28000,80.17000,78.64000,80.10000,166300
2018-05-16,80.41000,83.21000,80.17000,82.85000,308300
2018-05-17,82.58000,83.78000,82.58000,83.60000,346600
2018-05-18,84.00000,84.69000,83.13000,84.03000,262900
2018-05-21,84.49000,84.87000,83.09000,83.40000,252000
2018-05-22,83.78000,83.78000,80.81000,80.87000,182400
2018-05-23,80.45000,80.67000,79.35000,79.63000,124700
2018-05-24,79.55000,79.73000,78.26000,78.33000,166600
2018-05-25,78.20000,78.22000,77.10000,77.30000,151000
2018-05-29,76.72000,77.40000,76.41000,77.14000,194000
2018-05-30,77.94000,79.43000,77.42000,78.68000,152900
2018-05-31,78.57000,78.97000,76.13000,76.14000,228500
2018-06-01,76.93000,78.25000,76.42000,77.07000,217800
2018-06-04,77.55000,78.09000,76.59000,77.70000,190100
2018-06-05,77.81000,79.54000,77.24000,79.44000,114500
2018-06-06,79.42000,80.54000,79.08000,80.42000,284900
2018-06-07,80.48000,80.86000,79.56000,80.12000,232900
2018-06-08,80.09000,80.40000,79.27000,80.28000,294900
2018-06-11,80.42000,82.51000,80.37000,82.32000,205900
2018-06-12,82.26000,83.11000,81.37000,83.04000,216000
2018-06-13,82.85000,82.85000,80.66000,81.83000,301600
2018-06-14,82.02000,82.43000,81.07000,82.41000,155100
2018-06-15,82.41000,82.89000,81.57000,82.80000,294600
2018-06-18,82.00000,83.21000,81.76000,82.94000,163800
2018-06-19,82.70000,83.39000,80.96000,82.72000,426700
2018-06-20,82.74000,83.39000,82.40000,83.04000,307600
2018-06-21,83.04000,83.06000,82.10000,82.92000,296400
2018-06-22,83.25000,83.70000,80.94000,81.09000,440900
2018-06-25,81.27000,81.27000,79.36000,80.07000,301500
2018-06-26,80.10000,81.67000,79.42000,81.32000,390300
2018-06-27,81.63000,82.18000,79.87000,80.25000,265400
2018-06-28,80.09000,81.51000,79.25000,81.22000,233200
2018-06-29,81.52000,82.23000,80.86000,80.86000,211800
2018-07-02,80.42000,81.12000,79.95000,81.07000,176700
2018-07-03,81.59000,81.94000,80.68000,80.77000,71300
2018-07-05,81.38000,83.24000,80.73000,83.18000,209400
2018-07-06,82.87000,85.22000,82.86000,85.03000,248100
2018-07-09,85.37000,85.99000,84.87000,85.97000,146400
2018-07-10,85.86000,86.46000,85.55000,85.79000,169500
2018-07-11,85.29000,85.44000,84.41000,84.78000,152600
2018-07-12,86.15000,86.15000,84.53000,85.92000,200500
2018-07-13,86.47000,88.86000,86.14000,88.20000,308200
2018-07-16,88.16000,88.45000,87.39000,87.79000,287900
2018-07-17,87.79000,91.12000,87.41000,90.75000,470000
2018-07-18,90.71000,91.32000,89.61000,90.05000,229700
2018-07-19,89.72000,90.64000,89.22000,90.05000,269400
2018-07-20,90.28000,90.64000,88.89000,89.98000,295400
2018-07-23,90.04000,90.04000,87.77000,88.28000,412100
2018-07-24,88.71000,89.57000,86.80000,87.67000,299800
2018-07-25,87.46000,90.01000,86.90000,89.46000,526800
2018-07-26,91.57000,97.98000,91.49000,97.62000,383400
2018-07-27,98.58000,100.20000,98.07000,99.06000,466400
2018-07-30,98.93000,99.58000,96.26000,96.40000,283000
2018-07-31,98.11000,100.86000,96.95000,99.67000,353900
2018-08-01,99.76000,100.53000,97.35000,97.83000,205700
2018-08-02,96.90000,98.69000,96.64000,98.57000,104200
2018-08-03,96.90000,99.83000,96.90000,98.33000,200300
2018-08-06,98.17000,100.31000,97.80000,99.87000,146100
2018-08-07,100.30000,100.51000,99.11000,100.15000,194500
2018-08-08,100.08000,101.14000,100.01000,100.91000,142600
2018-08-09,101.12000,101.67000,100.78000,101.12000,157100
2018-08-10,100.18000,101.59000,100.09000,100.21000,93200
2018-08-13,100.63000,101.22000,98.13000,98.25000,115400
2018-08-14,98.28000,100.04000,98.21000,98.93000,155000
2018-08-15,98.43000,99.27000,96.24000,96.69000,195600
2018-08-16,97.53000,98.97000,97.10000,97.80000,130500
2018-08-17,97.70000,98.66000,97.19000,98.56000,101500
2018-08-20,98.66000,100.00000,98.34000,98.81000,101900
2018-08-21,99.04000,100.90000,99.04000,99.98000,256500
2018-08-22,99.94000,100.80000,99.43000,100.32000,104000
2018-08-23,100.50000,101.35000,99.52000,99.91000,118100
2018-08-24,100.00000,101.25000,99.75000,100.42000,165300
2018-08-27,100.68000,101.79000,100.56000,100.64000,117200
2018-08-28,100.86000,101.38000,99.19000,99.40000,125100
2018-08-29,99.50000,100.27000,99.00000,99.89000,218000
2018-08-30,99.78000,100.84000,99.27000,99.89000,226600
2018-08-31,99.67000,101.20000,99.67000,101.01000,165200
2018-09-04,100.70000,101.56000,99.21000,100.18000,122700
2018-09-05,99.86000,101.01000,99.38000,99.87000,162000
2018-09-06,99.96000,100.49000,98.99000,99.35000,187800
2018-09-07,99.01000,102.04000,98.68000,99.32000,173000
2018-09-10,99.79000,100.27000,98.89000,99.02000,147900
2018-09-11,98.34000,99.17000,97.84000,98.61000,124300
2018-09-12,98.28000,100.95000,97.47000,100.53000,206500
2018-09-13,101.15000,102.96000,100.79000,102.11000,141800
2018-09-14,101.93000,103.19000,101.88000,102.87000,147700
2018-09-17,102.99000,102.99000,100.57000,100.84000,152900
2018-09-18,101.19000,102.71000,101.02000,101.81000,142200
2018-09-19,101.68000,102.96000,100.82000,101.10000,194600
2018-09-20,101.80000,104.57000,101.55000,104.38000,239200
2018-09-21,104.93000,106.59000,104.73000,104.93000,446100
2018-09-24,104.50000,104.50000,101.17000,102.33000,129400
2018-09-25,102.50000,104.53000,102.02000,103.76000,221600
2018-09-26,103.60000,104.28000,101.81000,102.09000,212800
2018-09-27,102.02000,102.32000,101.09000,101.81000,174800
2018-09-28,101.18000,103.15000,101.18000,101.88000,276400
2018-10-01,102.90000,103.81000,102.84000,103.25000,183000
2018-10-02,101.40000,101.40000,94.27000,95.14000,764100
2018-10-03,95.39000,99.33000,94.49000,98.28000,315600
2018-10-04,97.72000,97.98000,96.83000,97.74000,191400
2018-10-05,97.78000,98.19000,95.48000,96.21000,237400
2018-10-08,95.73000,96.92000,92.63000,94.80000,182200
2018-10-09,94.35000,95.32000,93.90000,94.04000,264000
2018-10-10,93.70000,94.37000,86.20000,86.56000,643600
2018-10-11,85.97000,87.58000,82.58000,82.69000,469500
2018-10-12,84.24000,86.11000,83.82000,84.94000,431100
2018-10-15,84.81000,85.93000,82.75000,85.15000,193100
2018-10-16,86.25000,90.03000,84.37000,89.83000,334500
2018-10-17,89.55000,91.11000,88.38000,89.85000,314500
2018-10-18,90.09000,90.51000,87.59000,88.86000,318000
2018-10-19,88.96000,90.01000,88.39000,88.63000,395200
2018-10-22,88.78000,89.94000,86.74000,88.33000,288400
2018-10-23,86.47000,87.92000,85.63000,87.08000,420900
2018-10-24,87.24000,87.62000,82.40000,82.58000,285100
2018-10-25,84.17000,90.00000,82.42000,89.08000,468800
2018-10-26,86.65000,89.60000,85.59000,86.73000,352300
2018-10-29,88.79000,90.12000,85.03000,86.53000,321000
2018-10-30,86.40000,88.97000,85.75000,88.66000,328900
2018-10-31,89.97000,92.08000,89.97000,91.08000,333600
2018-11-01,91.94000,95.11000,90.77000,94.47000,252100
2018-11-02,96.01000,99.53000,96.01000,98.66000,387700
2018-11-05,98.65000,99.40000,96.15000,97.61000,282300
2018-11-06,97.64000,100.42000,97.00000,99.98000,234400
2018-11-07,100.86000,104.82000,99.92000,103.34000,363300
2018-11-08,102.67000,102.67000,100.12000,101.57000,193000
2018-11-09,100.93000,101.79000,97.17000,98.53000,230900
2018-11-12,98.34000,98.48000,96.48000,97.21000,153400
2018-11-13,97.58000,99.12000,96.31000,96.99000,168500
2018-11-14,97.87000,98.74000,94.19000,96.09000,253000
2018-11-15,96.41000,99.37000,95.75000,98.35000,347200
2018-11-16,97.26000,99.54000,96.06000,99.04000,338400
2018-11-19,98.81000,98.81000,94.28000,95.24000,186200
2018-11-20,93.36000,94.65000,91.61000,93.56000,150400
2018-11-21,93.75000,96.58000,93.51000,95.28000,132200
2018-11-23,93.66000,96.46000,91.85000,95.62000,45200
2018-11-26,96.90000,98.17000,95.55000,96.04000,213900
2018-11-27,95.02000,96.03000,94.42000,94.88000,103500
2018-11-28,95.45000,98.10000,93.46000,97.98000,217100
2018-11-29,97.35000,98.85000,97.04000,98.01000,176900
2018-11-30,97.55000,99.59000,97.41000,98.01000,237700
2018-12-03,99.95000,100.96000,98.31000,100.60000,219900
2018-12-04,100.10000,101.78000,94.85000,95.02000,180400
2018-12-06,93.11000,93.21000,88.26000,90.45000,287300
2018-12-07,90.68000,92.09000,84.60000,85.18000,604300
2018-12-10,85.77000,87.27000,82.78000,86.51000,545400
2018-12-11,86.93000,87.86000,77.53000,77.56000,702900
2018-12-12,79.02000,82.74000,79.00000,81.68000,495300
2018-12-13,82.00000,83.94000,81.50000,82.63000,411600
2018-12-14,81.46000,85.22000,80.89000,82.98000,354500
2018-12-17,82.17000,84.36000,79.14000,79.74000,282900
2018-12-18,80.64000,82.21000,79.84000,79.86000,246400
2018-12-19,80.33000,83.08000,78.55000,79.25000,358100
2018-12-20,79.29000,81.39000,77.96000,80.06000,318400
2018-12-21,80.32000,81.36000,77.26000,77.79000,784300
2018-12-24,76.79000,77.75000,75.34000,75.51000,108300
2018-12-26,76.28000,79.67000,74.98000,79.63000,254100
2018-12-27,77.67000,82.03000,76.50000,81.92000,223000
2018-12-28,82.50000,83.67000,81.12000,82.09000,269300
2018-12-31,82.85000,83.69000,82.29000,83.69000,211400
2019-01-02,82.27000,85.35000,81.65000,84.02000,214400
2019-01-03,83.06000,83.74000,79.51000,79.69000,158700
2019-01-04,81.10000,84.33000,80.91000,83.99000,233200
2019-01-07,83.82000,86.32000,83.75000,84.17000,157800
2019-01-08,85.50000,86.28000,84.94000,86.22000,104500
2019-01-09,86.93000,87.94000,85.73000,86.47000,185800
2019-01-10,85.80000,88.59000,85.42000,88.37000,143400
2019-01-11,87.23000,89.67000,87.23000,88.23000,174800
2019-01-14,87.16000,88.15000,86.15000,86.24000,141300
2019-01-15,85.92000,86.97000,85.42000,86.19000,113000
2019-01-16,86.54000,88.65000,86.54000,88.31000,164200
2019-01-17,87.60000,90.21000,87.25000,89.65000,200200
2019-01-18,90.59000,93.89000,90.09000,92.78000,212700
2019-01-22,92.13000,92.84000,89.81000,90.84000,207900
2019-01-23,91.50000,91.81000,87.70000,88.14000,193400
2019-01-24,88.25000,89.98000,88.16000,88.53000,132800
2019-01-25,89.46000,92.10000,89.37000,91.61000,116300
2019-01-28,89.96000,92.32000,89.96000,91.50000,136500
2019-01-29,91.41000,92.50000,91.36000,91.44000,145800
2019-01-30,92.09000,93.32000,90.49000,93.16000,124400
2019-01-31,92.27000,94.37000,92.08000,94.07000,123800
2019-02-01,93.88000,95.37000,93.30000,95.19000,118900
2019-02-04,94.86000,96.56000,94.47000,96.37000,143600
2019-02-05,96.65000,97.49000,95.80000,96.15000,141700
2019-02-06,95.90000,97.10000,95.58000,96.00000,131600
2019-02-07,95.02000,95.34000,92.94000,93.16000,156300
2019-02-08,91.69000,92.50000,90.95000,92.17000,175900
2019-02-11,92.65000,95.19000,91.59000,95.05000,205200
2019-02-12,96.11000,98.48000,94.97000,98.25000,237600
2019-02-13,99.36000,100.17000,96.70000,97.00000,302700
2019-02-14,106.81000,112.00000,106.26000,107.87000,1131800
2019-02-15,109.00000,111.77000,106.47000,111.18000,490600
2019-02-19,110.80000,113.89000,110.63000,113.10000,363300
2019-02-20,112.65000,117.13000,112.65000,117.07000,306300
2019-02-21,117.24000,120.41000,113.46000,114.01000,270900
2019-02-22,114.98000,115.43000,112.81000,114.87000,352100
2019-02-25,116.35000,116.43000,113.90000,114.99000,262000
2019-02-26,114.28000,115.17000,113.85000,113.90000,199600
2019-02-27,113.33000,115.56000,113.00000,115.14000,200600
2019-02-28,114.82000,115.60000,113.86000,115.22000,206000
2019-03-01,115.70000,117.42000,115.04000,116.81000,208000
2019-03-04,116.09000,116.92000,113.67000,114.87000,295800
2019-03-05,115.11000,116.70000,114.17000,115.74000,161300
2019-03-06,115.65000,116.67000,114.22000,114.88000,253900
2019-03-07,114.96000,114.96000,111.25000,111.38000,339800
2019-03-08,110.25000,111.02000,109.22000,110.40000,185000
2019-03-11,110.84000,112.35000,109.62000,111.87000,189900
2019-03-12,112.13000,112.21000,109.80000,111.42000,338000
2019-03-13,108.68000,109.00000,104.69000,105.34000,754200
2019-03-14,105.69000,107.00000,103.57000,104.12000,444700
2019-03-15,104.25000,104.56000,101.17000,101.18000,7874500
2019-03-18,101.66000,107.08000,101.66000,106.94000,806600
2019-03-19,107.47000,108.38000,104.35000,104.98000,532100
2019-03-20,104.90000,106.88000,103.71000,104.92000,291000
2019-03-21,104.15000,107.48000,104.15000,107.19000,559500
2019-03-22,106.18000,107.00000,101.99000,103.71000,315200
2019-03-25,103.32000,107.31000,103.18000,106.55000,318300
2019-03-26,108.12000,109.89000,106.32000,107.44000,320700
2019-03-27,106.94000,107.84000,103.74000,104.53000,230800
2019-03-28,104.93000,108.00000,104.55000,107.64000,188500
2019-03-29,108.41000,109.01000,104.84000,105.61000,313000
2019-04-01,106.97000,109.75000,106.32000,109.65000,264700
2019-04-02,109.85000,110.08000,108.40000,109.92000,224700
2019-04-03,111.23000,112.83000,110.24000,112.74000,288100
2019-04-04,113.11000,114.49000,111.21000,112.08000,201400
2019-04-05,112.40000,113.93000,112.02000,113.73000,146700
2019-04-08,113.63000,116.27000,112.46000,115.77000,215400
2019-04-09,115.00000,115.60000,112.15000,112.67000,219300
2019-04-10,113.06000,114.12000,111.88000,113.60000,140100
2019-04-11,113.55000,114.42000,112.13000,113.09000,109100
2019-04-12,114.24000,115.36000,112.85000,114.08000,180800
2019-04-15,114.30000,114.73000,112.14000,112.70000,151400
2019-04-16,113.04000,113.80000,112.45000,113.34000,149600
2019-04-17,113.70000,113.95000,111.58000,111.94000,164700
2019-04-18,111.60000,113.18000,110.03000,110.94000,131700
2019-04-22,110.61000,110.66000,109.73000,110.63000,146300
2019-04-23,110.93000,114.27000,110.04000,113.58000,243400
2019-04-24,114.00000,114.71000,113.09000,113.53000,240000
2019-04-25,113.09000,113.78000,110.12000,112.53000,301200
2019-04-26,112.76000,116.88000,111.44000,115.15000,215300
2019-04-29,115.37000,116.44000,113.80000,114.96000,195300
2019-04-30,115.38000,115.38000,113.41000,115.01000,182800
2019-05-01,115.69000,115.88000,110.66000,110.79000,256100
2019-05-02,110.95000,110.95000,100.17000,102.45000,708600
2019-05-03,102.46000,104.64000,99.77000,104.49000,545500
2019-05-06,102.15000,104.43000,101.71000,103.70000,337400
2019-05-07,102.12000,104.19000,100.47000,102.98000,285000
2019-05-08,102.55000,103.34000,100.11000,100.20000,266900
2019-05-09,99.06000,99.06000,96.75000,98.18000,305500
2019-05-10,97.51000,98.85000,95.79000,98.03000,242800
2019-05-13,95.47000,95.57000,92.30000,92.63000,273800
2019-05-14,92.97000,94.79000,91.91000,93.79000,249700
2019-05-15,92.04000,93.86000,92.04000,92.31000,287200
2019-05-16,92.58000,93.93000,92.13000,92.73000,286900
2019-05-17,91.46000,92.64000,90.63000,91.28000,376100
2019-05-20,90.10000,90.39000,88.25000,89.41000,255200
2019-05-21,89.91000,91.87000,89.32000,90.53000,270700
2019-05-22,90.03000,90.66000,88.97000,89.23000,172900
2019-05-23,87.70000,88.40000,84.94000,86.26000,262800
2019-05-24,86.85000,87.98000,84.74000,87.43000,275600
2019-05-28,88.88000,89.94000,87.66000,88.72000,261900
2019-05-29,87.63000,89.66000,87.43000,89.07000,280200
2019-05-30,89.15000,89.90000,87.40000,88.82000,282800
2019-05-31,87.62000,88.82000,87.09000,87.70000,387200
2019-06-03,87.71000,88.34000,86.51000,87.87000,279700
2019-06-04,89.10000,92.10000,88.27000,92.04000,318800
2019-06-05,92.87000,92.87000,91.21000,92.15000,234300
2019-06-06,92.05000,92.17000,89.88000,91.04000,254700
2019-06-07,91.27000,91.64000,89.84000,90.36000,181800
2019-06-10,91.00000,93.30000,90.25000,92.22000,235000
2019-06-11,93.33000,94.48000,91.31000,92.00000,228500
2019-06-12,91.78000,92.80000,90.62000,92.33000,196800
2019-06-13,93.02000,93.54000,92.00000,92.56000,141700
2019-06-14,92.00000,92.34000,89.90000,90.21000,251500
2019-06-17,90.23000,92.04000,89.48000,91.02000,256200
2019-06-18,91.69000,95.04000,91.49000,94.41000,188400
2019-06-19,94.37000,94.76000,92.05000,94.35000,225500
2019-06-20,95.59000,95.75000,94.33000,95.31000,241300
2019-06-21,94.55000,96.38000,94.30000,95.52000,559500
2019-06-24,95.61000,97.23000,95.26000,96.86000,290300
2019-06-25,97.03000,97.03000,95.34000,95.92000,209900
2019-06-26,96.55000,97.47000,95.76000,96.22000,178600
2019-06-27,96.53000,100.62000,96.53000,100.37000,287600
2019-06-28,100.94000,105.25000,100.34000,105.17000,641400
2019-07-01,106.70000,108.20000,105.95000,107.57000,440500
2019-07-02,107.44000,107.44000,102.17000,103.27000,253200
2019-07-03,103.65000,104.12000,102.61000,103.58000,66500
2019-07-05,102.54000,103.97000,101.34000,103.87000,82600
2019-07-08,103.11000,104.47000,102.39000,102.88000,171000
2019-07-09,102.03000,103.27000,100.90000,102.22000,124100
2019-07-10,102.79000,102.95000,100.26000,100.34000,184800
2019-07-11,100.33000,102.19000,100.28000,101.23000,229300
2019-07-12,101.36000,103.71000,100.60000,103.18000,145300
2019-07-15,103.34000,104.13000,101.13000,101.42000,158900
2019-07-16,101.41000,103.35000,101.10000,102.77000,135700
2019-07-17,102.53000,102.65000,100.82000,101.29000,205700
2019-07-18,102.53000,103.70000,101.60000,103.00000,231300
2019-07-19,100.87000,102.27000,99.63000,101.23000,379000
2019-07-22,101.68000,101.99000,99.71000,99.84000,315600
2019-07-23,100.35000,102.19000,99.65000,101.66000,327700
2019-07-24,101.29000,104.50000,100.98000,104.28000,334200
2019-07-25,103.81000,104.76000,93.52000,100.40000,874400
2019-07-26,101.00000,102.08000,99.11000,100.20000,510300
2019-07-29,100.11000,101.08000,97.98000,98.70000,451200
2019-07-30,97.67000,100.72000,96.50000,100.40000,312400
2019-07-31,100.00000,101.36000,98.10000,98.54000,368500
2019-08-01,98.54000,100.47000,95.83000,96.23000,304300
2019-08-02,95.29000,95.43000,93.40000,93.59000,390600
2019-08-05,91.55000,91.55000,84.11000,85.11000,568700
2019-08-06,85.83000,86.85000,84.76000,85.98000,275900
2019-08-07,84.61000,85.45000,83.64000,85.12000,216900
2019-08-08,86.00000,87.91000,85.73000,87.17000,354100
2019-08-09,86.48000,86.70000,82.56000,82.86000,390900
2019-08-12,81.92000,82.14000,79.20000,79.50000,319400
2019-08-13,79.50000,82.17000,78.76000,81.49000,499200
2019-08-14,79.50000,79.80000,77.49000,77.90000,333300
2019-08-15,78.43000,78.43000,75.00000,75.12000,335800
2019-08-16,76.22000,77.08000,75.66000,76.33000,503000
2019-08-19,77.12000,78.04000,76.73000,77.01000,397000
2019-08-20,76.93000,77.36000,75.57000,75.71000,290300
2019-08-21,77.20000,79.30000,76.16000,79.13000,331500
2019-08-22,79.30000,80.29000,78.69000,79.62000,360600
2019-08-23,78.67000,78.89000,74.00000,74.29000,317300
2019-08-26,75.59000,75.62000,73.96000,74.50000,202400
2019-08-27,75.64000,76.26000,73.26000,73.65000,238700
2019-08-28,73.40000,75.41000,72.84000,74.63000,126800
2019-08-29,76.16000,77.18000,76.05000,76.45000,220100
2019-08-30,77.24000,77.67000,75.82000,76.17000,231400
2019-09-03,75.47000,75.72000,72.59000,73.16000,149900
2019-09-04,74.67000,75.33000,73.93000,74.66000,260600
2019-09-05,76.66000,79.94000,76.65000,78.94000,362300
2019-09-06,79.09000,79.20000,77.78000,78.48000,261100
2019-09-09,79.17000,82.16000,78.21000,82.10000,483400
2019-09-10,82.08000,86.73000,81.88000,85.84000,437400
2019-09-11,86.35000,90.59000,85.11000,89.35000,1103900
2019-09-12,89.35000,90.55000,85.66000,90.09000,340500
2019-09-13,90.86000,92.04000,90.16000,91.02000,414800
2019-09-16,89.95000,90.55000,88.98000,89.80000,364300
2019-09-17,88.64000,88.66000,86.42000,87.90000,270500
2019-09-18,87.66000,87.97000,86.41000,87.26000,187500
2019-09-19,87.13000,89.92000,87.13000,88.42000,359200
2019-09-20,88.38000,89.33000,86.43000,87.94000,530900
2019-09-23,86.94000,88.13000,85.44000,85.56000,306100
2019-09-24,85.61000,85.81000,82.51000,83.27000,281800
2019-09-25,82.79000,85.37000,82.33000,85.00000,193800
2019-09-26,84.37000,84.37000,83.00000,83.56000,244500
2019-09-27,83.93000,85.47000,83.47000,85.04000,350700
2019-09-30,85.09000,85.61000,83.37000,84.84000,346200
2019-10-01,85.70000,87.06000,81.46000,81.53000,268900
2019-10-02,80.62000,81.86000,79.66000,81.79000,250500
2019-10-03,81.08000,82.57000,79.79000,82.50000,168400
2019-10-04,82.57000,84.20000,82.23000,83.63000,147200
2019-10-07,83.04000,84.23000,82.42000,82.53000,214700
2019-10-08,80.87000,81.64000,79.49000,79.95000,147100
2019-10-09,81.26000,81.26000,79.97000,80.80000,107700
2019-10-10,80.00000,80.25000,75.62000,78.04000,473000
2019-10-11,79.99000,85.61000,79.41000,84.77000,367500
2019-10-14,83.94000,85.79000,82.58000,84.63000,340200
2019-10-15,84.97000,84.97000,83.11000,83.32000,320500
2019-10-16,83.49000,86.92000,83.48000,83.92000,230900
2019-10-17,84.25000,85.58000,83.38000,85.24000,201100
2019-10-18,84.66000,85.96000,84.07000,84.95000,176400
2019-10-21,86.26000,87.08000,84.86000,84.91000,213600
2019-10-22,84.81000,85.41000,83.65000,84.61000,179600
2019-10-23,84.39000,84.39000,82.33000,82.69000,525700
2019-10-24,89.00000,89.00000,81.01000,86.02000,609600
2019-10-25,84.68000,85.33000,82.35000,84.66000,323700
2019-10-28,85.03000,87.46000,85.03000,86.97000,317200
2019-10-29,86.28000,88.30000,86.10000,87.95000,345800
2019-10-30,87.55000,87.55000,84.33000,85.27000,207500
2019-10-31,85.10000,85.10000,83.49000,84.21000,237000
2019-11-01,85.17000,88.32000,84.72000,87.32000,187900
2019-11-04,88.17000,89.97000,87.46000,89.74000,284300
2019-11-05,90.02000,91.84000,90.00000,91.24000,325900
2019-11-06,90.63000,91.41000,89.66000,90.76000,302500
2019-11-07,92.14000,94.12000,91.85000,94.05000,255300
2019-11-08,93.96000,94.67000,91.92000,92.70000,226900
2019-11-11,91.14000,91.69000,89.35000,89.60000,158800
2019-11-12,89.61000,90.80000,89.06000,90.73000,166000
2019-11-13,89.30000,89.80000,87.84000,89.75000,147600
2019-11-14,89.09000,90.45000,88.77000,89.80000,173500
2019-11-15,90.61000,91.98000,90.38000,91.15000,155400
2019-11-18,90.67000,91.68000,89.99000,91.38000,171200
2019-11-19,92.14000,94.11000,91.25000,93.33000,283900
2019-11-20,92.67000,93.25000,89.07000,89.21000,318200
2019-11-21,89.36000,89.71000,87.55000,88.34000,225900
2019-11-22,89.10000,89.75000,88.35000,88.54000,144400
2019-11-25,89.31000,90.59000,88.81000,89.96000,444800
2019-11-26,90.18000,91.98000,89.63000,91.38000,302600
2019-11-27,91.94000,93.01000,91.03000,92.58000,127200
2019-11-29,92.13000,92.23000,90.21000,90.31000,70200
2019-12-02,91.00000,91.26000,89.06000,89.13000,182700
2019-12-03,87.56000,88.91000,86.24000,88.55000,163300
2019-12-04,89.69000,92.25000,89.49000,89.82000,148400
2019-12-05,90.23000,90.92000,89.36000,89.81000,164200
2019-12-06,88.93000,90.65000,88.48000,88.71000,305400
2019-12-09,88.65000,89.80000,88.54000,88.58000,165300
2019-12-10,88.33000,89.03000,87.62000,88.17000,139000
2019-12-11,88.52000,89.97000,87.93000,89.74000,176400
2019-12-12,89.74000,91.29000,89.17000,90.13000,312600
2019-12-13,90.23000,90.87000,88.12000,88.30000,207300
2019-12-16,89.43000,90.94000,88.29000,88.64000,286400
2019-12-17,89.24000,89.40000,88.26000,88.84000,190000
2019-12-18,89.43000,89.46000,88.35000,88.65000,112500
2019-12-19,88.82000,89.66000,88.37000,88.60000,192000
2019-12-20,88.60000,88.73000,86.34000,86.98000,758500
2019-12-23,87.54000,90.20000,86.58000,90.08000,455000
2019-12-24,90.02000,90.18000,87.51000,88.13000,62800
2019-12-26,88.35000,88.59000,87.39000,87.66000,75100
2019-12-27,88.12000,88.58000,86.80000,86.96000,131400
2019-12-30,86.97000,87.48000,86.22000,86.37000,172600
2019-12-31,86.38000,88.54000,86.38000,87.38000,173300
2020-01-02,87.70000,88.02000,84.47000,86.29000,268100
2020-01-03,84.56000,85.53000,84.33000,84.44000,279500
2020-01-06,83.24000,83.59000,81.58000,81.72000,295300
2020-01-07,81.34000,83.19000,81.05000,81.53000,208400
2020-01-08,81.49000,81.95000,79.54000,80.77000,606600
2020-01-09,81.36000,81.42000,79.67000,79.95000,374100
2020-01-10,80.16000,80.50000,78.82000,78.96000,309800
2020-01-13,79.10000,80.95000,78.56000,80.32000,549300
2020-01-14,80.28000,83.11000,79.84000,82.29000,423900
2020-01-15,81.94000,84.48000,81.94000,83.27000,400600
2020-01-16,83.74000,84.78000,82.79000,83.24000,264300
2020-01-17,83.98000,83.98000,82.24000,82.56000,224800
2020-01-21,82.06000,82.07000,80.38000,80.45000,208400
2020-01-22,80.98000,81.45000,79.79000,80.71000,222500
2020-01-23,79.98000,79.98000,78.29000,78.84000,187000
2020-01-24,80.00000,80.24000,77.57000,77.88000,248800
2020-01-27,75.89000,75.89000,74.13000,74.37000,331300
2020-01-28,74.90000,75.26000,73.78000,73.82000,161100
2020-01-29,73.99000,74.95000,68.93000,69.00000,844600
2020-01-30,68.02000,68.64000,64.72000,66.56000,1107400
2020-01-31,66.22000,66.44000,62.90000,65.22000,1421000
2020-02-03,66.31000,69.53000,62.53000,63.02000,806200
2020-02-04,64.27000,64.86000,63.27000,63.35000,777000
2020-02-05,64.09000,66.65000,64.02000,65.51000,797200
2020-02-06,65.73000,66.15000,62.75000,65.12000,650100
2020-02-07,66.48000,67.53000,65.72000,66.84000,702800
2020-02-10,66.71000,67.49000,65.78000,65.81000,522400
2020-02-11,66.16000,67.51000,65.39000,65.76000,353800
2020-02-12,66.41000,66.87000,65.42000,66.23000,458900
2020-02-13,65.71000,66.60000,65.40000,66.30000,340300
2020-02-14,66.13000,67.69000,66.13000,66.84000,351700
2020-02-18,66.37000,66.94000,64.54000,65.00000,283700
2020-02-19,65.60000,66.21000,64.61000,65.16000,308700
2020-02-20,64.83000,65.54000,62.86000,62.92000,472100
2020-02-21,59.25000,60.79000,54.68000,58.49000,1074400
2020-02-24,56.00000,56.13000,53.83000,54.73000,413800
2020-02-25,55.32000,55.32000,50.63000,50.75000,681100
2020-02-26,51.05000,51.64000,48.37000,48.67000,533900
2020-02-27,47.67000,49.36000,46.08000,47.32000,814200
2020-02-28,45.71000,46.89000,42.67000,45.04000,1164500
2020-03-02,46.04000,49.27000,44.44000,49.13000,756200
2020-03-03,48.86000,50.56000,47.47000,48.21000,894100
2020-03-04,49.08000,50.46000,48.13000,49.26000,746900
2020-03-05,47.71000,47.73000,44.87000,46.74000,745300
2020-03-06,44.68000,48.87000,44.68000,46.89000,570700
2020-03-09,42.27000,43.05000,37.43000,37.69000,848000
2020-03-10,39.76000,41.64000,38.07000,40.89000,1367400
2020-03-11,39.36000,40.62000,38.32000,38.80000,943300
2020-03-12,35.28000,35.88000,31.43000,34.48000,702400
2020-03-13,37.58000,38.17000,33.57000,37.83000,711200
2020-03-16,34.87000,37.21000,33.36000,35.12000,889000
2020-03-17,35.65000,35.90000,31.01000,32.94000,866000
2020-03-18,30.71000,31.47000,24.92000,27.84000,834800
2020-03-19,27.20000,32.44000,26.15000,31.23000,761600
2020-03-20,31.54000,32.91000,27.77000,28.16000,915300
2020-03-23,28.27000,29.52000,26.49000,28.72000,759200
2020-03-24,29.72000,32.30000,29.56000,31.26000,611700
2020-03-25,31.50000,34.48000,30.90000,32.73000,798300
2020-03-26,33.59000,36.80000,33.21000,36.00000,710600
2020-03-27,34.31000,35.47000,32.44000,33.47000,411400
2020-03-30,33.30000,34.42000,31.85000,33.78000,733300
2020-03-31,33.96000,35.51000,32.97000,35.20000,690600
2020-04-01,33.58000,36.50000,33.18000,35.12000,739700
2020-04-02,35.27000,38.23000,35.09000,36.36000,720600
2020-04-03,35.09000,36.02000,32.67000,34.66000,863800
2020-04-06,36.41000,39.48000,36.41000,38.47000,556000
2020-04-07,40.08000,41.08000,37.65000,38.11000,556000
2020-04-08,38.78000,41.61000,38.33000,40.97000,612900
2020-04-09,42.65000,44.59000,41.26000,42.93000,808700
2020-04-13,42.63000,43.04000,40.43000,41.16000,452500
2020-04-14,42.20000,42.95000,39.62000,40.34000,526800
2020-04-15,38.54000,39.54000,37.23000,38.03000,679300
2020-04-16,38.09000,38.82000,35.97000,37.91000,621300
2020-04-17,39.54000,41.08000,39.10000,39.67000,763100
2020-04-20,38.31000,39.22000,37.30000,38.28000,346300
2020-04-21,36.96000,38.62000,36.50000,37.70000,482900
2020-04-22,38.83000,39.08000,37.69000,38.09000,238100
2020-04-23,38.47000,38.86000,37.29000,38.08000,462100
2020-04-24,38.27000,39.14000,37.82000,38.97000,372300
2020-04-27,39.72000,40.81000,39.33000,40.24000,471100
2020-04-28,41.79000,42.81000,40.85000,42.54000,837700
2020-04-29,44.40000,45.74000,43.08000,44.92000,804100
2020-04-30,49.41000,53.57000,46.93000,51.92000,1572200
2020-05-01,49.73000,50.05000,46.40000,47.88000,791800
2020-05-04,46.57000,48.20000,45.99000,47.74000,401400
2020-05-05,48.93000,50.17000,46.50000,46.60000,614800
2020-05-06,46.83000,47.60000,45.10000,45.29000,632100
2020-05-07,46.45000,47.36000,45.95000,46.30000,389900
2020-05-08,47.36000,48.44000,46.81000,48.44000,341700
2020-05-11,47.67000,51.03000,46.05000,50.89000,896700
2020-05-12,51.39000,51.68000,47.67000,47.68000,420600
2020-05-13,46.97000,47.58000,43.50000,44.13000,443400
2020-05-14,42.75000,45.79000,41.52000,45.71000,392600
2020-05-15,45.46000,46.61000,44.78000,45.83000,267500
2020-05-18,48.01000,51.26000,48.01000,50.95000,391300
2020-05-19,50.17000,51.43000,48.89000,49.20000,296900
2020-05-20,50.36000,52.55000,50.36000,52.26000,342900
2020-05-21,52.39000,52.94000,51.01000,51.45000,250200
2020-05-22,52.02000,52.32000,50.65000,51.46000,210000
2020-05-26,54.45000,55.55000,53.87000,54.53000,402800
2020-05-27,56.40000,57.95000,55.10000,57.80000,579900
2020-05-28,59.11000,59.22000,53.26000,53.54000,560400
2020-05-29,52.17000,53.50000,51.04000,52.67000,437500
2020-06-01,53.18000,54.74000,52.67000,53.61000,465400
2020-06-02,54.05000,56.66000,54.04000,56.30000,241100
2020-06-03,57.91000,59.80000,57.25000,57.88000,493100
2020-06-04,57.01000,57.92000,55.91000,56.17000,399900
2020-06-05,57.95000,58.43000,56.78000,57.89000,619100
2020-06-08,58.92000,59.97000,57.03000,57.39000,394000
2020-06-09,56.00000,56.75000,55.14000,55.97000,309400
2020-06-10,55.98000,56.32000,53.86000,54.45000,350900
2020-06-11,51.01000,52.03000,47.74000,48.11000,435700
2020-06-12,50.93000,52.12000,48.71000,50.25000,511800
2020-06-15,47.90000,51.96000,47.51000,51.91000,269200
2020-06-16,54.76000,56.85000,54.21000,54.87000,427200
2020-06-17,54.70000,54.88000,52.19000,52.61000,333700
2020-06-18,51.72000,53.32000,51.39000,52.14000,184800
2020-06-19,53.00000,54.17000,51.13000,51.50000,507400
2020-06-22,50.54000,51.99000,49.67000,51.95000,284200
2020-06-23,53.07000,53.28000,51.35000,51.68000,338000
2020-06-24,50.77000,50.96000,48.34000,49.34000,514800
2020-06-25,48.78000,50.27000,48.07000,49.81000,306300
2020-06-26,49.36000,49.75000,46.50000,47.31000,885500
2020-06-29,48.34000,52.30000,48.24000,51.67000,493100
2020-06-30,51.22000,53.11000,51.10000,52.57000,425000
2020-07-01,52.82000,53.96000,51.24000,51.74000,402000
2020-07-02,53.30000,54.95000,52.51000,52.66000,262800
2020-07-06,54.25000,54.33000,52.13000,53.22000,228900
2020-07-07,52.50000,53.57000,51.73000,51.96000,295300
2020-07-08,51.58000,52.41000,51.03000,52.28000,276500
2020-07-09,52.22000,52.70000,51.13000,51.56000,341600
2020-07-10,51.49000,53.31000,51.49000,53.19000,275700
2020-07-13,53.92000,55.57000,53.54000,53.92000,242800
2020-07-14,53.80000,55.57000,53.47000,55.56000,197800
2020-07-15,57.51000,58.59000,56.81000,58.09000,305500
2020-07-16,57.96000,58.80000,57.02000,57.95000,273600
2020-07-17,58.40000,60.00000,58.38000,59.57000,324300
2020-07-20,59.38000,59.94000,58.94000,59.30000,297100
2020-07-21,59.68000,60.69000,59.41000,60.05000,248600
2020-07-22,59.33000,60.52000,59.10000,59.41000,258800
2020-07-23,59.02000,60.24000,58.49000,59.96000,221900
2020-07-24,59.70000,59.70000,57.55000,58.10000,212100
2020-07-27,57.82000,58.53000,57.62000,58.42000,285700
2020-07-28,58.11000,58.39000,57.07000,57.23000,220300
2020-07-29,57.39000,60.36000,57.39000,60.00000,312800
2020-07-30,56.52000,57.63000,54.15000,56.03000,563100
2020-07-31,57.51000,59.99000,57.00000,58.48000,412800
2020-08-03,58.61000,59.67000,57.94000,58.29000,279800
2020-08-04,57.72000,57.92000,56.63000,56.76000,284900
2020-08-05,57.32000,58.74000,56.73000,57.35000,335500
2020-08-06,57.70000,57.99000,56.75000,56.88000,282000
2020-08-07,56.76000,58.52000,56.54000,58.51000,383700
2020-08-10,58.63000,61.48000,58.63000,59.66000,163900
2020-08-11,60.97000,63.96000,60.97000,63.11000,391200
2020-08-12,64.28000,64.28000,61.81000,62.43000,214300
2020-08-13,61.76000,61.86000,60.61000,61.24000,169900
2020-08-14,60.27000,61.29000,60.00000,60.73000,146000
2020-08-17,60.88000,61.15000,59.71000,60.06000,160800
2020-08-18,59.62000,60.27000,58.58000,58.81000,161700
2020-08-19,58.93000,60.66000,58.58000,59.04000,163200
2020-08-20,58.17000,59.22000,58.00000,58.56000,160500
2020-08-21,58.13000,58.60000,57.21000,57.70000,233900
2020-08-24,58.38000,60.43000,57.90000,59.70000,198900
2020-08-25,60.08000,60.87000,57.77000,58.23000,139300
2020-08-26,58.13000,58.66000,57.05000,57.11000,159800
2020-08-27,57.54000,58.45000,56.67000,56.82000,384500
2020-08-28,56.90000,58.03000,56.40000,57.99000,173700
2020-08-31,57.49000,58.03000,56.14000,56.17000,403300
2020-09-01,55.86000,57.54000,55.26000,57.05000,249600
2020-09-02,56.89000,59.50000,56.78000,59.34000,302000
2020-09-03,59.44000,59.63000,56.77000,57.31000,154100
2020-09-04,58.52000,59.80000,58.15000,59.23000,275000
2020-09-08,58.61000,58.61000,56.23000,56.93000,213800
2020-09-09,57.26000,57.67000,55.81000,56.85000,190900
2020-09-10,56.98000,57.59000,56.53000,56.58000,187900
2020-09-11,56.75000,57.82000,56.30000,56.87000,203000
2020-09-14,57.53000,57.75000,56.10000,57.16000,242600
2020-09-15,57.80000,57.82000,56.61000,57.08000,139500
2020-09-16,57.74000,58.28000,56.48000,56.58000,351200
2020-09-17,55.92000,56.94000,54.50000,56.64000,204500
2020-09-18,56.99000,57.36000,55.23000,55.58000,599800
2020-09-21,53.85000,54.03000,50.17000,50.65000,396600
2020-09-22,50.85000,50.85000,48.90000,49.92000,414400
2020-09-23,49.67000,51.97000,48.90000,48.91000,249500
2020-09-24,48.95000,49.20000,47.11000,48.21000,405100
2020-09-25,47.65000,48.67000,47.51000,48.32000,370600
2020-09-28,49.40000,50.63000,49.40000,49.70000,213500
2020-09-29,49.89000,50.98000,48.69000,49.52000,131600
2020-09-30,49.59000,50.80000,49.30000,49.44000,219200
2020-10-01,49.34000,50.09000,48.90000,49.95000,346600
2020-10-02,48.75000,53.56000,48.56000,52.93000,369300
2020-10-05,53.37000,55.55000,53.37000,55.20000,198900
2020-10-06,56.03000,57.43000,54.81000,55.45000,222500
2020-10-07,56.29000,57.87000,56.17000,57.09000,239600
2020-10-08,57.99000,58.90000,57.68000,58.31000,161300
2020-10-09,59.44000,59.82000,58.37000,59.37000,207300
2020-10-12,59.44000,59.89000,59.09000,59.79000,168800
2020-10-13,58.98000,60.39000,58.38000,59.99000,216000
2020-10-14,59.69000,60.98000,59.69000,60.20000,211400
2020-10-15,59.06000,61.47000,58.24000,61.25000,182300
2020-10-16,62.01000,62.75000,61.30000,62.30000,282600
2020-10-19,62.46000,62.89000,59.82000,60.07000,181000
2020-10-20,62.04000,62.43000,59.49000,60.22000,377500
2020-10-21,60.18000,61.09000,59.12000,59.20000,249600
2020-10-22,59.94000,60.72000,58.72000,60.61000,288700
2020-10-23,60.99000,61.48000,60.09000,60.11000,211700
2020-10-26,59.38000,59.50000,57.84000,58.53000,216100
2020-10-27,58.06000,58.06000,56.35000,56.84000,279800
2020-10-28,54.86000,55.82000,53.26000,53.37000,279000
2020-10-29,53.18000,54.24000,51.46000,53.76000,257500
2020-10-30,53.23000,55.89000,53.23000,54.88000,395000
2020-11-02,56.16000,57.21000,55.15000,57.19000,210800
2020-11-03,58.54000,60.08000,57.46000,59.20000,366400
2020-11-04,56.84000,57.86000,55.07000,56.30000,223500
2020-11-05,56.95000,60.90000,56.95000,60.08000,185300
2020-11-06,60.77000,61.28000,59.02000,59.15000,162900
2020-11-09,64.48000,69.59000,63.36000,68.73000,512500
2020-11-10,69.86000,70.28000,66.81000,68.00000,359900
2020-11-11,68.02000,68.26000,66.23000,67.03000,269000
2020-11-12,65.87000,66.06000,63.35000,64.69000,275800
2020-11-13,65.61000,67.55000,65.61000,67.35000,202100
2020-11-16,69.41000,70.01000,67.99000,69.44000,202200
2020-11-17,68.18000,68.89000,66.96000,68.58000,276400
2020-11-18,69.09000,69.09000,66.24000,66.31000,337300
2020-11-19,66.15000,66.36000,64.42000,65.41000,234400
2020-11-20,64.79000,67.00000,64.53000,66.79000,220400
2020-11-23,67.85000,71.12000,67.33000,70.84000,264900
2020-11-24,72.47000,72.57000,71.41000,71.49000,374100
2020-11-25,70.59000,70.59000,68.63000,68.67000,229000
2020-11-27,68.52000,69.24000,67.45000,68.45000,161700
2020-11-30,67.97000,68.69000,66.11000,66.58000,216300
2020-12-01,67.83000,68.86000,67.24000,67.73000,259600
2020-12-02,67.27000,70.63000,66.54000,69.61000,262200
2020-12-03,69.47000,70.43000,68.01000,68.29000,213500
2020-12-04,68.68000,71.26000,68.68000,70.15000,283400
2020-12-07,69.62000,71.13000,69.28000,70.34000,162700
2020-12-08,69.59000,72.23000,69.59000,72.16000,245300
2020-12-09,72.70000,73.17000,72.07000,72.71000,223600
2020-12-10,71.99000,73.08000,71.58000,72.53000,211400
2020-12-11,71.49000,72.91000,70.34000,71.28000,138600
2020-12-14,72.23000,72.23000,69.90000,70.17000,203000
2020-12-15,71.22000,73.64000,71.22000,73.30000,261000
2020-12-16,73.95000,74.31000,71.94000,72.12000,251500
2020-12-17,72.68000,73.36000,72.24000,73.27000,202300
2020-12-18,72.90000,74.37000,71.60000,72.15000,635300
2020-12-21,70.13000,72.73000,69.09000,72.17000,250400
2020-12-22,72.31000,72.93000,71.70000,72.17000,218200
2020-12-23,72.86000,74.34000,72.49000,73.98000,200400
2020-12-24,74.29000,74.83000,73.06000,74.29000,96600
2020-12-28,75.00000,76.09000,74.50000,74.54000,163900
2020-12-29,74.94000,74.94000,72.97000,73.75000,167600
2020-12-30,74.11000,75.97000,74.07000,75.57000,179100
2020-12-31,75.25000,77.28000,74.45000,75.73000,258800
2021-01-04,76.49000,76.76000,71.97000,72.38000,256000
2021-01-05,72.58000,76.13000,72.58000,75.48000,266700
2021-01-06,77.41000,79.66000,76.92000,78.37000,370400
2021-01-07,78.50000,79.68000,76.40000,77.17000,167100
2021-01-08,77.42000,77.77000,74.56000,75.36000,201600
2021-01-11,73.98000,76.00000,73.98000,75.15000,143900
2021-01-12,75.48000,78.04000,75.29000,77.69000,184800
2021-01-13,77.43000,78.44000,73.77000,74.21000,151600
2021-01-14,74.86000,75.74000,73.58000,73.88000,141200
2021-01-15,72.38000,73.69000,71.82000,73.42000,260000
2021-01-19,74.12000,74.88000,72.42000,72.72000,201300
2021-01-20,72.75000,73.96000,72.46000,73.10000,156900
2021-01-21,73.00000,73.45000,71.71000,72.15000,190800
2021-01-22,71.11000,72.71000,70.66000,72.46000,203200
2021-01-25,71.49000,72.93000,70.45000,70.73000,167500
2021-01-26,71.36000,71.53000,67.90000,68.02000,204500
2021-01-27,66.19000,68.37000,63.43000,67.41000,319500
2021-01-28,68.18000,69.21000,66.98000,67.88000,178500
2021-01-29,67.53000,68.74000,65.67000,65.69000,316200
2021-02-01,66.50000,69.23000,66.16000,68.91000,381100
2021-02-02,69.89000,70.56000,68.83000,69.84000,269900
2021-02-03,69.46000,70.39000,68.68000,69.70000,189800
2021-02-04,69.59000,71.09000,69.17000,70.58000,239400
2021-02-05,71.58000,72.66000,71.18000,72.45000,157100
2021-02-08,71.39000,74.25000,71.39000,74.25000,262300
2021-02-09,73.66000,73.92000,72.45000,73.33000,122300
2021-02-10,73.54000,74.12000,72.57000,73.10000,179000
2021-02-11,75.00000,77.54000,67.21000,68.49000,589100
2021-02-12,69.04000,72.57000,68.18000,69.96000,489700
2021-02-16,70.27000,70.92000,67.99000,69.45000,224900
2021-02-17,69.07000,71.64000,68.24000,69.80000,359800
2021-02-18,69.62000,70.17000,68.45000,69.18000,190100
2021-02-19,69.49000,70.54000,69.02000,69.94000,241000
2021-02-22,69.35000,71.19000,69.05000,70.80000,248400
2021-02-23,70.15000,71.00000,68.99000,70.13000,282000
2021-02-24,70.84000,71.77000,70.35000,70.35000,321000
2021-02-25,70.52000,70.52000,68.36000,69.22000,251600
2021-02-26,69.18000,70.33000,68.33000,69.48000,419500
2021-03-01,71.67000,72.37000,70.97000,71.56000,335700
2021-03-02,71.29000,71.61000,69.31000,69.34000,238800
2021-03-03,69.50000,73.00000,69.48000,70.33000,313300
2021-03-04,70.33000,70.58000,67.41000,69.51000,324400
2021-03-05,70.73000,72.63000,68.57000,72.60000,328500
2021-03-08,73.24000,74.70000,72.08000,74.00000,256100
2021-03-09,75.00000,75.46000,73.05000,73.83000,251900
2021-03-10,74.47000,77.00000,74.26000,76.15000,249800
2021-03-11,76.83000,77.94000,76.65000,77.22000,276400
2021-03-12,77.55000,78.63000,77.44000,77.98000,275200
2021-03-15,77.64000,79.62000,77.36000,79.62000,312700
2021-03-16,79.35000,79.67000,77.97000,78.50000,205900
2021-03-17,78.54000,78.75000,77.33000,78.61000,281400
2021-03-18,78.37000,79.57000,76.85000,77.00000,313700
2021-03-19,76.96000,77.53000,75.19000,75.31000,836300
2021-03-22,75.09000,75.53000,73.62000,75.08000,237600
2021-03-23,73.70000,74.95000,71.54000,71.79000,322800
2021-03-24,72.72000,74.88000,71.90000,71.90000,242400
2021-03-25,71.12000,74.55000,70.77000,74.04000,209600
2021-03-26,75.12000,76.72000,74.78000,76.55000,197200
2021-03-29,75.98000,77.62000,75.37000,75.42000,333100
2021-03-30,75.25000,77.43000,75.25000,76.90000,219400
2021-03-31,76.94000,77.13000,75.49000,75.53000,307900
2021-04-01,75.87000,76.39000,74.70000,75.73000,283100
2021-04-05,76.40000,77.10000,74.36000,74.75000,183500
2021-04-06,74.29000,75.54000,73.81000,74.39000,161200
2021-04-07,74.23000,74.23000,71.41000,71.45000,175700
2021-04-08,71.52000,71.81000,70.17000,70.96000,244800
2021-04-09,70.83000,71.96000,70.70000,71.50000,275600
2021-04-12,71.78000,72.26000,70.69000,71.26000,172400
2021-04-13,70.99000,71.74000,70.06000,71.63000,267300
2021-04-14,71.70000,73.52000,71.70000,72.38000,165200
2021-04-15,72.74000,73.10000,71.66000,72.85000,166700
2021-04-16,74.06000,74.87000,73.57000,74.13000,182300
2021-04-19,73.77000,74.02000,72.76000,73.21000,136800
2021-04-20,72.98000,73.09000,70.00000,70.45000,175500
2021-04-21,70.52000,71.60000,69.96000,71.19000,193500
2021-04-22,71.53000,72.58000,71.13000,71.63000,189600
2021-04-23,71.85000,73.22000,71.58000,72.96000,163400
2021-04-26,73.36000,74.95000,72.79000,74.21000,212100
2021-04-27,74.22000,74.57000,72.90000,74.55000,216400
2021-04-28,74.53000,76.22000,74.53000,75.85000,408500
2021-04-29,75.86000,78.00000,73.39000,77.99000,371200
2021-04-30,77.58000,79.38000,76.79000,78.08000,482400
2021-05-03,79.25000,82.27000,78.91000,82.13000,411200
2021-05-04,82.38000,85.25000,80.86000,85.00000,456300
2021-05-05,85.67000,89.26000,84.70000,86.48000,464900
2021-05-06,86.86000,86.86000,84.34000,86.40000,255900
2021-05-07,85.79000,87.85000,84.73000,87.59000,225600
2021-05-10,87.99000,89.16000,86.66000,86.72000,322900
2021-05-11,85.27000,87.02000,85.27000,86.86000,212200
2021-05-12,86.70000,88.00000,85.20000,85.39000,361900
2021-05-13,85.46000,89.03000,85.46000,88.77000,320700
2021-05-14,89.33000,89.40000,88.06000,89.24000,226900
2021-05-17,88.38000,89.53000,87.27000,89.41000,140100
2021-05-18,88.96000,89.55000,88.31000,88.49000,212800
2021-05-19,87.36000,88.00000,86.08000,87.02000,245800
2021-05-20,87.09000,87.09000,84.90000,85.60000,244600
2021-05-21,86.58000,86.93000,84.64000,84.98000,204300
2021-05-24,85.46000,86.04000,84.43000,85.78000,120400
2021-05-25,85.75000,86.09000,82.83000,82.91000,187200
2021-05-26,83.50000,83.69000,82.10000,82.97000,194500
2021-05-27,84.06000,84.46000,83.25000,83.30000,207600
2021-05-28,83.22000,83.22000,81.30000,82.31000,219600
2021-06-01,83.61000,85.54000,83.19000,85.50000,271900
2021-06-02,85.93000,85.93000,83.50000,83.56000,266200
2021-06-03,83.81000,84.80000,82.51000,84.52000,152600
2021-06-04,84.95000,85.86000,84.50000,85.70000,161900
2021-06-07,85.48000,85.86000,83.67000,83.70000,155500
2021-06-08,83.49000,84.37000,82.87000,83.98000,111100
2021-06-09,83.90000,83.99000,82.83000,82.85000,153100
2021-06-10,84.00000,84.00000,82.83000,82.96000,157500
2021-06-11,83.31000,84.11000,82.99000,83.61000,115800
2021-06-14,83.19000,83.26000,80.67000,80.74000,255400
2021-06-15,80.87000,81.51000,79.77000,81.09000,179400
2021-06-16,80.42000,81.80000,79.80000,80.93000,216500
2021-06-17,80.92000,80.92000,77.73000,79.59000,339100
2021-06-18,79.12000,80.04000,78.74000,79.69000,793000
2021-06-21,80.00000,81.47000,80.00000,80.77000,420100
2021-06-22,81.10000,82.11000,80.02000,81.47000,241400
2021-06-23,81.85000,82.76000,81.24000,81.50000,236600
2021-06-24,81.76000,83.26000,81.12000,83.01000,282300
2021-06-25,82.81000,84.03000,81.80000,81.87000,731700
2021-06-28,81.69000,81.74000,80.12000,80.24000,194700
2021-06-29,80.49000,81.44000,79.51000,79.72000,247600
2021-06-30,79.07000,81.57000,79.06000,81.36000,191700
2021-07-01,82.21000,82.87000,81.68000,82.15000,218200
2021-07-02,82.23000,82.38000,81.15000,81.98000,126400
2021-07-06,81.68000,81.89000,78.88000,79.25000,212300
2021-07-07,79.00000,81.52000,79.00000,81.40000,201800
2021-07-08,79.90000,81.52000,79.38000,80.63000,195600
2021-07-09,82.09000,82.88000,81.58000,82.07000,105500
2021-07-12,80.84000,83.46000,80.84000,83.26000,178200
2021-07-13,82.87000,83.27000,81.11000,81.39000,124900
2021-07-14,81.84000,83.02000,81.34000,81.44000,122600
2021-07-15,80.85000,81.86000,80.63000,80.82000,129000
2021-07-16,81.46000,81.53000,78.86000,79.03000,195500
2021-07-19,77.70000,78.05000,75.88000,76.28000,160500
2021-07-20,75.95000,78.80000,75.79000,78.08000,233400
2021-07-21,79.44000,80.04000,77.94000,78.41000,124200
2021-07-22,77.69000,78.26000,77.19000,78.10000,95000
2021-07-23,79.15000,80.10000,77.65000,80.04000,141500
2021-07-26,80.79000,82.09000,80.64000,82.07000,155700
2021-07-27,81.02000,82.90000,80.71000,82.84000,198400
2021-07-28,82.69000,83.64000,81.83000,83.27000,198800
2021-07-29,85.00000,88.58000,83.95000,87.31000,266300
2021-07-30,86.45000,87.39000,84.88000,84.94000,288600
2021-08-02,85.76000,88.02000,83.36000,83.96000,285400
2021-08-03,84.78000,84.78000,81.92000,83.72000,245200
2021-08-04,82.33000,83.24000,80.37000,80.39000,171600
2021-08-05,81.39000,82.82000,81.20000,81.85000,205800
2021-08-06,83.70000,83.97000,81.67000,82.42000,164700
2021-08-09,81.50000,82.00000,80.49000,80.49000,165400
2021-08-10,80.80000,81.76000,80.38000,80.96000,389100
2021-08-11,81.16000,83.44000,80.15000,83.35000,245000
2021-08-12,83.39000,83.89000,82.35000,83.03000,120900
2021-08-13,82.74000,84.28000,82.60000,84.23000,116700
2021-08-16,83.36000,83.38000,81.91000,82.80000,102300
2021-08-17,81.42000,82.68000,80.32000,81.98000,97200
2021-08-18,81.82000,82.20000,79.89000,79.97000,175700
2021-08-19,78.54000,78.78000,77.13000,77.72000,176800
2021-08-20,77.40000,78.32000,76.50000,77.57000,140700
2021-08-23,78.39000,79.42000,77.89000,79.19000,157100
2021-08-24,79.19000,80.37000,78.89000,79.44000,170200
2021-08-25,79.67000,81.40000,79.26000,81.28000,108300
2021-08-26,80.88000,81.34000,79.25000,79.28000,136900
2021-08-27,80.06000,82.57000,80.06000,82.05000,142300
2021-08-30,82.45000,83.08000,81.09000,81.22000,104500
2021-08-31,80.90000,81.43000,80.24000,80.39000,158300
2021-09-01,80.51000,80.80000,79.05000,80.06000,131600
2021-09-02,80.75000,80.88000,79.76000,80.40000,182200
2021-09-03,79.76000,80.28000,78.55000,78.80000,119700
2021-09-07,77.92000,79.10000,77.90000,78.21000,121200
2021-09-08,77.52000,77.71000,75.95000,76.32000,220600
2021-09-09,76.05000,78.12000,76.05000,77.00000,182300
2021-09-10,77.53000,77.83000,73.55000,73.64000,225900
2021-09-13,74.75000,75.13000,73.66000,74.58000,215600
2021-09-14,75.11000,75.36000,73.64000,73.87000,188500
2021-09-15,73.80000,75.26000,73.80000,74.11000,303100
2021-09-16,74.05000,74.28000,71.80000,72.98000,297200
2021-09-17,73.23000,73.23000,70.68000,71.61000,793200
2021-09-20,69.65000,71.56000,69.47000,71.39000,267000
2021-09-21,72.22000,72.22000,69.91000,70.03000,181200
2021-09-22,70.94000,70.94000,69.56000,69.60000,236800
2021-09-23,69.77000,71.77000,69.77000,71.20000,174200
2021-09-24,70.55000,72.65000,70.55000,72.15000,159700
2021-09-27,72.71000,73.97000,72.36000,72.95000,175100
2021-09-28,73.12000,73.43000,72.37000,72.56000,158900
2021-09-29,72.85000,74.04000,71.64000,72.94000,176200
2021-09-30,73.60000,74.10000,71.31000,71.37000,210900
2021-10-01,71.61000,74.57000,71.15000,74.37000,287900
2021-10-04,74.75000,75.95000,74.12000,75.06000,260400
2021-10-05,75.34000,75.98000,74.07000,74.20000,207900
2021-10-06,73.19000,74.16000,72.33000,74.15000,275100
2021-10-07,74.63000,76.11000,74.59000,75.79000,149900
2021-10-08,76.13000,76.25000,75.32000,75.38000,94300
2021-10-11,75.52000,76.29000,74.89000,74.93000,122200
2021-10-12,74.59000,75.46000,74.44000,75.11000,115700
2021-10-13,75.23000,76.27000,74.55000,76.19000,127400
2021-10-14,76.99000,78.72000,76.65000,78.33000,169200
2021-10-15,79.58000,79.64000,77.95000,77.95000,209500
2021-10-18,77.42000,78.86000,77.02000,77.73000,161700
2021-10-19,78.18000,78.18000,76.92000,77.37000,111800
2021-10-20,77.44000,78.75000,77.07000,78.64000,199500
2021-10-21,78.52000,79.08000,77.88000,78.99000,261700
2021-10-22,79.42000,79.74000,78.57000,78.63000,166800
2021-10-25,78.87000,79.44000,78.53000,78.72000,157600
2021-10-26,78.64000,79.12000,78.04000,78.68000,142000
2021-10-27,78.29000,78.61000,76.23000,76.32000,194600
2021-10-28,76.00000,78.57000,75.89000,78.24000,311300
2021-10-29,78.25000,79.40000,77.80000,77.91000,287700
2021-11-01,78.34000,79.89000,77.72000,78.29000,281400
2021-11-02,78.53000,79.04000,77.43000,79.01000,177400
2021-11-03,79.01000,80.24000,78.68000,79.35000,241800
2021-11-04,79.89000,80.87000,78.72000,78.88000,162000
2021-11-05,79.50000,82.28000,79.02000,82.17000,230600
2021-11-08,83.06000,83.06000,80.69000,81.26000,170900
2021-11-09,81.07000,81.43000,78.49000,79.08000,362200
2021-11-10,79.32000,80.97000,78.84000,80.83000,174700
2021-11-11,80.65000,82.26000,80.07000,81.84000,133500
2021-11-12,82.37000,83.29000,81.91000,83.18000,159600
2021-11-15,83.65000,83.65000,81.92000,82.84000,199800
2021-11-16,82.82000,82.82000,78.56000,78.58000,182900
2021-11-17,77.84000,79.04000,77.44000,79.02000,146900
2021-11-18,78.55000,78.58000,77.12000,78.36000,142400
2021-11-19,77.66000,79.30000,77.66000,78.83000,127400
2021-11-22,79.44000,80.89000,78.90000,78.98000,106500
2021-11-23,79.12000,79.80000,78.18000,79.11000,129100
2021-11-24,78.41000,79.03000,77.72000,77.93000,74700
2021-11-26,75.18000,76.14000,73.56000,74.30000,115900
2021-11-29,75.78000,75.78000,73.79000,74.05000,160700
2021-11-30,73.11000,73.85000,71.18000,71.91000,176500
2021-12-01,73.43000,75.44000,71.55000,71.66000,186000
2021-12-02,72.24000,73.02000,71.79000,72.82000,165500
2021-12-03,73.42000,73.44000,72.00000,72.77000,128800
2021-12-06,74.29000,77.49000,74.03000,76.91000,173400
2021-12-07,77.74000,78.37000,75.26000,75.49000,156400
2021-12-08,76.10000,76.98000,75.63000,76.36000,155900
2021-12-09,75.20000,76.72000,75.20000,76.39000,245100
2021-12-10,77.19000,77.34000,73.46000,73.90000,358700
2021-12-13,73.50000,74.29000,71.06000,71.69000,179500
2021-12-14,71.69000,73.19000,70.04000,70.53000,214300
2021-12-15,70.34000,70.79000,68.79000,70.62000,237100
2021-12-16,71.20000,71.37000,69.93000,70.12000,171200
2021-12-17,69.91000,72.56000,69.11000,71.87000,493000
2021-12-20,70.75000,70.75000,67.20000,69.65000,213800
2021-12-21,70.53000,71.83000,69.73000,71.15000,234700
2021-12-22,70.89000,71.76000,70.56000,71.22000,148100
2021-12-23,71.81000,72.65000,71.24000,71.94000,107700
2021-12-27,72.05000,72.81000,71.67000,72.74000,100400
2021-12-28,72.61000,73.58000,72.14000,72.39000,89000
2021-12-29,72.01000,72.85000,72.01000,72.59000,95900
2021-12-30,72.43000,73.38000,72.23000,72.27000,161100
2021-12-31,72.48000,72.66000,71.68000,71.70000,103000
2022-01-03,71.95000,74.85000,71.95000,74.85000,510000
2022-01-04,75.00000,76.81000,74.94000,75.67000,182900
2022-01-05,75.99000,76.92000,74.07000,74.18000,159900
2022-01-06,75.03000,75.88000,74.29000,74.99000,200600
2022-01-07,74.62000,75.65000,73.46000,73.60000,186300
2022-01-10,73.51000,73.51000,72.22000,72.89000,154300
2022-01-11,73.18000,74.94000,72.02000,74.84000,232100
2022-01-12,75.21000,76.09000,73.89000,73.93000,132900
2022-01-13,74.46000,75.74000,73.56000,74.33000,94600
2022-01-14,73.73000,74.34000,72.92000,73.97000,151800
2022-01-18,73.53000,73.80000,71.94000,72.69000,184700
2022-01-19,72.91000,73.72000,71.73000,72.00000,167900
2022-01-20,72.16000,73.36000,70.87000,70.98000,179700
2022-01-21,70.55000,71.50000,68.59000,68.64000,231700
2022-01-24,67.51000,68.29000,65.86000,67.88000,259200
2022-01-25,66.86000,69.07000,65.37000,67.68000,277600
2022-01-26,68.86000,69.08000,66.17000,66.80000,198100
2022-01-27,67.64000,68.44000,64.49000,64.97000,314600
2022-01-28,65.08000,65.08000,62.78000,64.95000,303000
2022-01-31,64.25000,65.96000,63.62000,65.91000,413300
2022-02-01,66.01000,67.16000,65.05000,66.49000,293600
2022-02-02,66.51000,67.53000,65.49000,66.31000,221100
2022-02-03,65.77000,66.40000,64.41000,64.52000,169700
2022-02-04,63.90000,64.87000,62.60000,63.18000,291300
2022-02-07,63.24000,64.94000,63.12000,64.49000,187600
2022-02-08,64.71000,66.09000,64.08000,64.93000,336900
2022-02-09,65.51000,66.81000,65.51000,66.39000,421100
2022-02-10,65.42000,66.85000,64.41000,64.60000,202800
2022-02-11,64.61000,65.89000,64.05000,64.78000,184600
2022-02-14,65.15000,65.62000,63.75000,64.15000,149900
2022-02-15,64.75000,66.96000,64.75000,66.62000,129500
2022-02-16,66.32000,66.75000,65.88000,66.65000,344900
2022-02-17,65.79000,67.17000,65.52000,66.77000,181900
2022-02-18,66.72000,67.54000,66.35000,66.47000,218700
2022-02-22,66.35000,66.66000,65.12000,65.51000,248100
2022-02-23,66.42000,66.76000,65.22000,65.81000,321300
2022-02-24,61.58000,67.41000,61.58000,66.07000,576600
2022-02-25,66.66000,68.63000,65.24000,68.59000,464100
2022-02-28,67.57000,69.78000,67.41000,68.23000,354600
2022-03-01,67.89000,68.74000,65.62000,66.17000,382300
2022-03-02,66.59000,67.47000,66.07000,67.16000,224500
2022-03-03,67.48000,67.48000,65.55000,66.54000,287500
2022-03-04,65.71000,65.95000,62.99000,63.09000,349900
2022-03-07,63.18000,63.18000,56.31000,56.58000,498400
2022-03-08,57.11000,60.00000,56.32000,58.58000,373900
2022-03-09,59.94000,63.66000,59.53000,63.31000,302000
2022-03-10,61.83000,63.14000,60.60000,61.62000,208700
2022-03-11,61.71000,64.11000,61.65000,63.61000,274000
2022-03-14,63.60000,65.16000,62.65000,62.75000,308000
2022-03-15,63.72000,64.02000,62.79000,63.25000,273100
2022-03-16,64.25000,65.38000,63.25000,64.71000,242000
2022-03-17,64.00000,64.48000,63.61000,64.11000,117100
2022-03-18,63.88000,64.70000,63.50000,64.50000,294300
2022-03-21,64.21000,64.65000,63.73000,64.28000,124800
2022-03-22,64.68000,65.40000,63.59000,64.40000,165700
2022-03-23,64.00000,64.80000,64.00000,64.75000,164600
2022-03-24,64.78000,65.69000,64.63000,65.20000,259400
2022-03-25,64.84000,65.33000,64.55000,65.16000,131000
2022-03-28,65.20000,65.41000,64.44000,65.22000,154800
2022-03-29,66.45000,67.81000,65.95000,67.43000,137700
2022-03-30,67.25000,67.25000,64.79000,65.03000,166800
2022-03-31,64.80000,65.55000,64.01000,64.07000,153700
2022-04-01,64.69000,65.53000,64.43000,64.91000,230500
2022-04-04,65.01000,65.05000,62.99000,63.17000,237800
2022-04-05,63.01000,63.62000,61.44000,61.54000,193400
2022-04-06,61.00000,61.86000,59.86000,61.54000,142700
2022-04-07,61.28000,61.46000,60.16000,61.19000,155500
2022-04-08,62.25000,63.88000,61.97000,62.38000,238100
2022-04-11,61.96000,63.29000,61.01000,61.54000,144200
2022-04-12,61.86000,62.77000,60.92000,61.26000,122100
2022-04-13,61.40000,62.62000,60.92000,62.36000,148100
2022-04-14,62.68000,63.15000,62.23000,62.35000,178000
2022-04-18,62.02000,63.25000,61.29000,61.71000,128500
2022-04-19,61.43000,64.52000,61.43000,64.22000,151400
2022-04-20,64.87000,65.87000,64.15000,64.48000,170300
2022-04-21,65.69000,65.69000,62.38000,62.91000,136800
2022-04-22,62.28000,62.78000,61.10000,61.20000,148700
2022-04-25,61.00000,61.55000,59.02000,61.43000,169400
2022-04-26,60.59000,61.44000,59.65000,59.72000,167700
2022-04-27,59.16000,60.86000,59.16000,59.46000,179600
2022-04-28,60.33000,61.10000,58.44000,60.79000,101900
2022-04-29,60.00000,61.54000,59.70000,59.90000,139200
2022-05-02,59.99000,61.52000,58.64000,60.23000,178800
2022-05-03,60.00000,61.32000,59.73000,60.45000,238100
2022-05-04,60.76000,62.89000,59.90000,62.89000,263500
2022-05-05,63.00000,66.88000,63.00000,66.24000,369000
2022-05-06,66.55000,67.74000,65.40000,67.69000,304800
2022-05-09,66.93000,68.82000,65.92000,65.99000,299700
2022-05-10,67.04000,67.16000,62.90000,63.82000,177900
2022-05-11,64.48000,66.41000,63.72000,64.05000,192700
2022-05-12,64.03000,64.03000,61.93000,63.40000,191900
2022-05-13,64.16000,66.56000,63.98000,65.79000,174000
2022-05-16,65.40000,66.09000,63.80000,65.51000,111500
2022-05-17,66.57000,67.95000,66.42000,67.71000,152300
2022-05-18,68.57000,69.86000,67.24000,67.48000,201700
2022-05-19,66.75000,69.28000,66.75000,68.03000,176900
2022-05-20,68.67000,69.06000,66.57000,67.57000,205100
2022-05-23,68.62000,69.67000,67.63000,68.18000,170500
2022-05-24,67.73000,68.86000,65.98000,68.76000,185800
2022-05-25,68.32000,69.51000,67.70000,68.38000,137900
2022-05-26,69.48000,70.55000,69.48000,69.85000,159300
2022-05-27,70.27000,70.89000,67.97000,70.25000,551400
2022-05-31,69.62000,70.60000,68.68000,69.68000,321000
2022-06-01,69.92000,70.57000,68.95000,70.10000,254100
2022-06-02,70.53000,73.48000,70.27000,73.29000,216000
2022-06-03,72.90000,73.99000,71.90000,72.38000,134700
2022-06-06,72.31000,73.42000,72.01000,72.97000,127800
2022-06-07,72.20000,74.35000,71.84000,74.10000,135100
2022-06-08,73.98000,74.22000,72.60000,72.86000,120200
2022-06-09,72.64000,74.27000,72.27000,73.13000,210400
2022-06-10,71.76000,72.07000,69.88000,70.55000,148500
2022-06-13,68.94000,69.58000,66.92000,67.33000,221700
2022-06-14,67.39000,67.59000,65.70000,67.12000,166900
2022-06-15,67.69000,68.48000,66.48000,67.77000,236500
2022-06-16,66.28000,66.28000,61.80000,62.74000,204300
2022-06-17,63.18000,63.38000,60.17000,61.40000,468000
2022-06-21,62.43000,62.95000,60.49000,62.58000,153800
2022-06-22,61.35000,62.88000,60.89000,62.55000,134500
2022-06-23,62.14000,62.65000,60.24000,61.87000,228300
2022-06-24,62.42000,64.09000,61.65000,64.04000,1152000
2022-06-27,64.35000,65.73000,62.79000,63.87000,441700
2022-06-28,64.67000,65.61000,63.15000,63.72000,112500
2022-06-29,63.98000,63.98000,61.72000,62.97000,87400
2022-06-30,61.86000,63.22000,61.54000,63.14000,132200
2022-07-01,62.60000,63.68000,61.37000,63.47000,114300
2022-07-05,62.13000,62.62000,60.29000,62.03000,131500
2022-07-06,61.52000,63.12000,59.91000,61.88000,121700
2022-07-07,62.42000,64.15000,62.42000,63.85000,158200
2022-07-08,63.92000,64.84000,62.67000,63.69000,142100
2022-07-11,63.04000,63.90000,62.85000,63.30000,81300
2022-07-12,63.07000,64.28000,62.70000,63.19000,131900
2022-07-13,62.21000,62.66000,61.86000,61.93000,223300
2022-07-14,60.36000,61.15000,59.96000,60.69000,197300
2022-07-15,61.87000,62.60000,61.36000,61.78000,167700
2022-07-18,62.70000,63.50000,61.13000,61.26000,105200
2022-07-19,62.02000,64.28000,62.02000,63.83000,116900
2022-07-20,63.25000,64.31000,63.25000,63.97000,191300
2022-07-21,63.24000,64.15000,62.89000,64.10000,118300
2022-07-22,64.30000,64.57000,63.10000,63.24000,113400
2022-07-25,63.77000,64.52000,63.21000,64.49000,120700
2022-07-26,64.43000,64.73000,63.51000,63.81000,119500
2022-07-27,63.79000,66.31000,63.55000,66.02000,153400
2022-07-28,66.59000,67.08000,65.80000,66.99000,148200
2022-07-29,67.36000,67.96000,66.94000,67.10000,137600
2022-08-01,66.44000,67.56000,65.71000,66.69000,344400
2022-08-02,66.99000,67.05000,65.52000,66.02000,227700
2022-08-03,66.36000,70.51000,65.89000,70.05000,358200
2022-08-04,70.95000,71.07000,69.90000,70.56000,162700
2022-08-05,69.45000,71.24000,68.67000,68.72000,156200
2022-08-08,69.53000,70.25000,68.13000,68.91000,149100
2022-08-09,68.46000,69.15000,67.91000,68.59000,163900
2022-08-10,69.85000,71.61000,69.34000,70.96000,153400
2022-08-11,71.50000,73.56000,71.24000,73.08000,204800
2022-08-12,73.50000,75.29000,73.20000,75.11000,150200
2022-08-15,74.48000,74.87000,73.26000,73.44000,256600
2022-08-16,72.94000,74.18000,72.94000,74.16000,154500
2022-08-17,73.31000,74.02000,72.82000,73.11000,122400
2022-08-18,73.07000,74.91000,73.05000,74.40000,100500
2022-08-19,74.18000,74.36000,72.40000,73.03000,147900
2022-08-22,71.89000,72.16000,71.16000,71.63000,129000
2022-08-23,71.41000,73.15000,71.41000,72.96000,115800
2022-08-24,73.00000,73.82000,72.21000,73.43000,99900
2022-08-25,73.83000,74.99000,73.36000,74.99000,85100
2022-08-26,74.85000,74.85000,71.97000,72.04000,139400
2022-08-29,71.16000,72.61000,70.27000,71.91000,154000
2022-08-30,71.97000,71.97000,70.89000,71.07000,129600
2022-08-31,71.02000,71.02000,70.02000,70.14000,196400
2022-09-01,69.75000,69.75000,68.56000,69.46000,151200
2022-09-02,70.46000,70.69000,69.15000,69.41000,162800
2022-09-06,69.55000,69.59000,64.68000,66.17000,395300
2022-09-07,66.29000,68.63000,65.71000,68.61000,266400
2022-09-08,67.51000,68.94000,67.10000,68.30000,192100
2022-09-09,69.20000,70.53000,68.76000,70.31000,167200
2022-09-12,71.12000,72.40000,70.49000,72.29000,214300
2022-09-13,70.17000,71.20000,69.29000,69.36000,267900
2022-09-14,69.19000,69.19000,66.94000,68.03000,326500
2022-09-15,67.32000,69.24000,67.30000,67.49000,350400
2022-09-16,66.69000,66.69000,63.12000,64.04000,1193200
2022-09-19,63.49000,66.90000,63.03000,66.78000,243700
2022-09-20,65.98000,65.98000,64.08000,65.11000,210100
2022-09-21,65.98000,65.98000,63.59000,63.60000,146100
2022-09-22,64.00000,64.00000,62.35000,63.41000,112000
2022-09-23,62.07000,62.18000,60.37000,61.36000,157300
2022-09-26,61.00000,62.30000,60.52000,60.56000,177800
2022-09-27,61.15000,61.78000,59.35000,60.02000,169000
2022-09-28,60.36000,62.45000,60.18000,61.86000,149700
2022-09-29,61.25000,61.26000,59.64000,61.15000,138800
2022-09-30,61.01000,62.64000,60.55000,60.63000,166600
2022-10-03,61.34000,62.91000,60.45000,62.20000,133000
2022-10-04,63.76000,65.16000,63.68000,64.53000,173600
2022-10-05,63.36000,64.29000,62.89000,64.08000,114000
2022-10-06,63.30000,64.71000,63.30000,64.34000,151000
2022-10-07,63.68000,63.68000,61.44000,62.06000,147400
2022-10-10,62.17000,62.85000,61.59000,62.11000,114600
2022-10-11,61.63000,62.94000,61.08000,61.86000,185200
2022-10-12,62.35000,62.35000,60.84000,61.20000,178500
2022-10-13,60.35000,63.15000,59.67000,62.62000,138400
2022-10-14,63.08000,63.08000,61.20000,61.39000,105000
2022-10-17,62.91000,63.99000,62.81000,63.70000,146600
2022-10-18,64.78000,65.99000,63.84000,64.99000,122600
2022-10-19,64.19000,65.04000,63.45000,64.07000,115900
2022-10-20,64.42000,64.93000,61.89000,62.33000,180300
2022-10-21,62.42000,64.94000,61.89000,64.75000,125100
2022-10-24,64.81000,65.52000,64.26000,64.63000,145200
2022-10-25,64.68000,65.46000,64.12000,65.14000,295000
2022-10-26,65.74000,66.43000,64.08000,65.45000,139500
2022-10-27,66.22000,66.82000,65.65000,65.88000,215200
2022-10-28,66.13000,66.59000,65.75000,66.26000,179200
2022-10-31,65.85000,67.65000,65.37000,67.27000,188400
2022-11-01,68.02000,68.20000,66.80000,67.97000,116200
2022-11-02,67.37000,67.85000,65.05000,65.05000,193000
2022-11-03,68.03000,71.16000,66.14000,70.40000,165400
2022-11-04,72.98000,74.78000,72.49000,74.36000,187900
2022-11-07,74.55000,75.00000,73.03000,73.51000,167900
2022-11-08,74.13000,75.65000,73.28000,74.46000,147600
2022-11-09,73.60000,74.18000,72.35000,72.64000,157500
2022-11-10,75.60000,77.39000,74.85000,77.05000,182600
2022-11-11,77.66000,79.74000,77.59000,78.69000,179800
2022-11-14,78.07000,79.17000,77.25000,77.32000,157400
2022-11-15,78.33000,79.79000,77.12000,78.56000,164700
2022-11-16,78.02000,78.10000,76.90000,77.14000,162000
2022-11-17,76.01000,76.77000,75.08000,76.75000,112500
2022-11-18,78.04000,78.16000,76.33000,77.00000,150500
2022-11-21,76.32000,77.78000,76.32000,77.29000,101700
2022-11-22,78.08000,79.23000,77.45000,78.95000,122600
2022-11-23,78.68000,79.36000,78.00000,78.84000,62500
2022-11-25,78.38000,79.02000,77.67000,78.40000,41900
2022-11-28,78.36000,78.39000,76.27000,76.68000,112900
2022-11-29,76.70000,77.37000,75.78000,75.86000,101100
2022-11-30,76.09000,78.30000,74.72000,78.27000,181500
2022-12-01,78.60000,78.98000,77.30000,77.37000,120900
2022-12-02,76.12000,78.20000,76.12000,77.57000,91300
2022-12-05,76.77000,76.77000,75.14000,75.59000,126900
2022-12-06,75.22000,75.90000,72.71000,73.59000,138800
2022-12-07,73.17000,74.35000,72.83000,74.05000,157000
2022-12-08,74.89000,74.89000,73.30000,73.84000,114600
2022-12-09,73.55000,74.24000,71.95000,71.96000,132900
2022-12-12,72.44000,73.69000,71.07000,73.41000,159900
2022-12-13,76.23000,76.52000,72.61000,73.16000,221100
2022-12-14,72.86000,73.74000,71.80000,72.08000,191400
2022-12-15,71.26000,71.26000,69.55000,69.65000,200800
2022-12-16,68.67000,69.58000,67.78000,69.45000,666600
2022-12-19,69.44000,70.48000,69.28000,69.79000,222100
2022-12-20,69.89000,71.07000,69.84000,69.88000,154200
2022-12-21,70.76000,72.43000,70.49000,71.63000,152600
2022-12-22,71.07000,71.07000,69.71000,70.22000,152800
2022-12-23,70.04000,70.78000,69.84000,70.60000,80700
2022-12-27,70.71000,71.10000,70.15000,70.38000,79000
2022-12-28,70.41000,70.62000,69.68000,69.70000,120600
2022-12-29,70.07000,71.16000,69.81000,70.95000,94400
2022-12-30,70.51000,71.41000,70.11000,70.44000,132700
2023-01-03,70.81000,71.94000,70.23000,71.02000,162400
2023-01-04,71.02000,72.75000,70.98000,72.68000,206200
2023-01-05,72.37000,72.75000,71.65000,71.95000,143700
2023-01-06,72.75000,74.50000,72.67000,74.14000,134900
2023-01-09,75.00000,76.58000,74.29000,75.95000,204400
2023-01-10,75.84000,79.07000,75.06000,79.02000,183700
2023-01-11,79.59000,81.12000,79.03000,79.15000,178600
2023-01-12,79.45000,80.26000,79.06000,80.20000,211800
2023-01-13,79.40000,81.70000,79.40000,81.64000,119400
2023-01-17,81.82000,81.92000,80.16000,80.27000,184300
2023-01-18,80.70000,81.36000,78.94000,79.04000,233200
2023-01-19,78.69000,78.72000,77.75000,78.39000,164500
2023-01-20,78.92000,80.72000,78.29000,80.49000,142200
2023-01-23,80.25000,81.01000,80.17000,80.89000,79800
2023-01-24,80.19000,82.09000,79.53000,81.75000,250300
2023-01-25,81.25000,81.44000,78.70000,78.76000,159000
2023-01-26,78.76000,80.33000,78.70000,80.23000,108700
2023-01-27,80.00000,80.87000,79.49000,80.39000,96900
2023-01-30,79.80000,80.51000,79.19000,79.27000,150000
2023-01-31,79.82000,82.49000,79.14000,82.44000,274700
2023-02-01,81.89000,83.98000,81.42000,82.87000,182500
2023-02-02,84.74000,87.15000,84.39000,87.00000,239700
2023-02-03,86.02000,87.33000,85.67000,86.93000,278400
2023-02-06,86.46000,86.93000,85.64000,86.74000,196400
2023-02-07,86.05000,89.59000,85.84000,89.49000,261000
2023-02-08,88.36000,89.34000,87.83000,88.36000,414000
2023-02-09,89.17000,89.27000,86.44000,86.58000,242400
2023-02-10,85.86000,87.97000,85.72000,87.81000,139400
2023-02-13,87.74000,89.57000,87.31000,88.86000,295300
2023-02-14,88.52000,90.73000,88.42000,89.69000,336700
2023-02-15,88.90000,90.48000,88.53000,90.38000,167900
2023-02-16,88.73000,90.78000,88.18000,89.67000,168300
2023-02-17,89.57000,90.81000,89.06000,90.75000,185800
2023-02-21,89.97000,89.97000,86.33000,86.88000,224300
2023-02-22,86.93000,87.89000,86.23000,87.09000,140900
2023-02-23,87.21000,88.43000,86.54000,88.06000,155200
2023-02-24,86.27000,88.79000,86.23000,88.56000,165400
2023-02-27,89.20000,89.92000,87.70000,87.81000,300400
2023-02-28,83.74000,84.44000,78.97000,82.56000,896900
2023-03-01,82.29000,83.49000,81.61000,83.42000,426600
2023-03-02,81.72000,83.11000,81.47000,81.54000,358200
2023-03-03,82.42000,82.46000,80.39000,81.69000,312600
2023-03-06,81.34000,81.83000,80.50000,81.25000,259200
2023-03-07,81.00000,81.50000,78.42000,78.78000,376800
2023-03-08,78.94000,79.02000,77.23000,77.74000,241900
2023-03-09,78.18000,78.34000,75.30000,75.46000,346200
2023-03-10,75.06000,75.06000,70.54000,71.42000,418300
2023-03-13,69.88000,70.61000,68.08000,69.76000,327400
2023-03-14,72.42000,72.45000,70.26000,71.72000,391300
2023-03-15,69.18000,71.52000,68.54000,71.36000,537200
2023-03-16,70.24000,73.79000,70.06000,72.43000,396300
2023-03-17,71.98000,71.98000,68.59000,68.89000,450800
2023-03-20,69.58000,70.80000,68.93000,70.65000,221800
2023-03-21,72.40000,73.07000,72.12000,72.41000,156000
2023-03-22,71.72000,72.70000,70.30000,70.36000,140900
2023-03-23,70.54000,71.47000,68.57000,69.53000,285200
2023-03-24,68.54000,69.18000,67.52000,69.09000,299100
2023-03-27,70.29000,70.45000,69.17000,69.78000,265400
2023-03-28,69.21000,69.46000,68.42000,68.71000,336800
2023-03-29,69.80000,70.47000,69.30000,69.89000,238400
2023-03-30,70.67000,71.31000,69.70000,69.85000,324100
2023-03-31,70.32000,71.69000,70.28000,71.52000,321900
2023-04-03,71.92000,72.42000,70.47000,71.20000,236800
2023-04-04,71.42000,71.42000,69.67000,70.30000,313600
2023-04-05,69.64000,70.74000,69.49000,70.67000,262500
2023-04-06,70.75000,70.81000,69.27000,69.56000,386800
2023-04-10,69.13000,71.88000,69.13000,71.51000,540300
2023-04-11,71.98000,73.55000,71.86000,73.21000,239000
2023-04-12,74.14000,74.47000,72.17000,72.68000,211300
2023-04-13,73.06000,74.02000,72.49000,74.01000,191100
2023-04-14,74.15000,74.74000,72.01000,72.72000,192200
2023-04-17,72.62000,72.91000,71.97000,72.73000,203200
2023-04-18,73.27000,73.43000,71.24000,71.96000,183300
2023-04-19,71.74000,72.03000,71.28000,71.85000,183500
2023-04-20,71.05000,71.88000,70.54000,71.42000,164400
2023-04-21,71.42000,71.78000,70.53000,71.22000,179200
2023-04-24,71.51000,72.41000,71.51000,72.35000,165500
2023-04-25,71.21000,71.39000,69.91000,69.91000,172500
2023-04-26,68.86000,70.06000,68.86000,69.38000,241100
2023-04-27,69.51000,70.82000,69.39000,70.80000,173700
2023-04-28,70.43000,72.33000,70.43000,71.74000,192300
2023-05-01,71.90000,72.76000,71.01000,71.59000,183500
2023-05-02,71.05000,71.05000,69.00000,70.30000,234300
2023-05-03,70.06000,72.41000,70.06000,70.44000,291300
2023-05-04,66.72000,68.11000,59.50000,64.40000,813000
2023-05-05,63.66000,63.99000,60.16000,60.57000,476500
2023-05-08,60.61000,61.49000,58.92000,59.11000,401400
2023-05-09,58.43000,59.29000,57.52000,57.99000,484600
2023-05-10,59.00000,59.00000,55.75000,56.51000,546300
2023-05-11,55.87000,56.37000,54.99000,56.35000,479000
2023-05-12,56.56000,56.56000,54.02000,54.50000,260900
2023-05-15,54.87000,55.18000,54.13000,54.17000,328800
2023-05-16,53.81000,53.81000,52.15000,52.20000,539800
2023-05-17,52.42000,54.00000,52.21000,53.30000,402400
2023-05-18,52.71000,52.71000,49.38000,50.02000,844600
2023-05-19,50.81000,52.10000,50.37000,50.59000,487400
2023-05-22,51.02000,52.23000,50.74000,51.86000,373900
2023-05-23,51.24000,52.70000,51.11000,52.26000,578800
2023-05-24,51.77000,52.56000,50.92000,51.04000,449800
2023-05-25,50.49000,50.83000,49.29000,50.10000,280700
2023-05-26,50.06000,50.75000,49.55000,49.86000,287500
2023-05-30,49.65000,50.29000,49.08000,49.43000,284100
2023-05-31,49.20000,49.60000,46.52000,47.19000,416500
2023-06-01,47.19000,48.16000,47.10000,47.45000,249700
2023-06-02,48.55000,51.87000,48.35000,51.81000,435800
2023-06-05,51.63000,52.32000,50.58000,51.73000,505300
2023-06-06,51.68000,53.93000,51.49000,53.41000,377000
2023-06-07,53.67000,54.85000,53.67000,54.69000,403600
2023-06-08,54.55000,54.78000,52.83000,53.02000,349300
2023-06-09,52.88000,53.94000,52.33000,53.90000,257000
2023-06-12,53.81000,54.63000,53.19000,53.97000,257300
2023-06-13,54.46000,55.46000,53.60000,53.92000,312500
2023-06-14,54.08000,54.59000,53.02000,53.30000,332400
2023-06-15,53.18000,54.11000,53.01000,53.77000,350200
2023-06-16,54.22000,54.79000,53.07000,54.39000,6937200
2023-06-20,53.68000,53.97000,51.27000,51.54000,479900
2023-06-21,51.00000,53.08000,50.19000,52.92000,338900
2023-06-22,52.03000,53.01000,51.34000,52.60000,365400
2023-06-23,51.31000,52.51000,51.31000,51.92000,440000
2023-06-26,51.63000,53.50000,51.63000,53.35000,225900
2023-06-27,53.46000,55.77000,53.42000,55.52000,377500
2023-06-28,55.34000,56.76000,55.34000,56.00000,363800
2023-06-29,55.68000,58.65000,55.68000,58.47000,460400
2023-06-30,58.63000,59.58000,58.08000,58.16000,333400
2023-07-03,57.82000,59.21000,57.65000,58.62000,106000
2023-07-05,57.94000,58.64000,57.06000,57.17000,267300
2023-07-06,56.79000,57.40000,55.73000,56.73000,228800
2023-07-07,56.87000,59.54000,56.87000,58.61000,189000
2023-07-10,58.29000,59.36000,58.07000,58.65000,232100
2023-07-11,59.85000,60.21000,59.20000,60.10000,252800
2023-07-12,61.31000,62.41000,60.86000,60.89000,328100
2023-07-13,60.89000,61.42000,60.27000,60.69000,182600
2023-07-14,60.55000,60.69000,58.53000,60.25000,274700
2023-07-17,60.54000,61.08000,59.82000,60.54000,343600
2023-07-18,60.87000,62.00000,60.85000,60.89000,597000
2023-07-19,61.09000,62.02000,60.90000,61.64000,223500
2023-07-20,62.02000,62.13000,61.34000,61.49000,219100
2023-07-21,61.45000,61.67000,60.65000,61.61000,229400
2023-07-24,61.85000,62.48000,61.09000,61.96000,207200
2023-07-25,62.15000,63.23000,62.08000,62.60000,234300
2023-07-26,62.59000,63.85000,62.59000,63.08000,176500
2023-07-27,65.19000,66.18000,64.26000,64.31000,386800
2023-07-28,64.93000,65.22000,63.17000,63.38000,198500
2023-07-31,63.99000,64.76000,63.49000,64.02000,281600
2023-08-01,63.62000,64.24000,62.27000,62.37000,275700
2023-08-02,61.72000,62.23000,61.06000,61.40000,215000
2023-08-03,57.00000,57.36000,51.92000,55.38000,752400
2023-08-04,55.30000,58.62000,55.30000,58.16000,431800
2023-08-07,56.72000,56.81000,53.45000,53.63000,645800
2023-08-08,52.91000,55.52000,52.72000,55.45000,478300
2023-08-09,55.33000,55.39000,53.81000,53.96000,172900
2023-08-10,54.03000,54.93000,53.12000,53.38000,140000
2023-08-11,53.26000,53.44000,52.53000,52.91000,201900
2023-08-14,52.59000,52.59000,51.14000,51.29000,222700
2023-08-15,50.59000,51.11000,49.46000,49.64000,225100
2023-08-16,49.48000,50.08000,48.31000,48.31000,153300
2023-08-17,48.52000,50.70000,48.52000,50.50000,278000
2023-08-18,50.07000,52.30000,49.79000,51.65000,272500
2023-08-21,51.56000,52.06000,50.14000,51.05000,215600
2023-08-22,51.32000,52.13000,50.89000,51.42000,147100
2023-08-23,51.51000,51.53000,50.81000,50.96000,111800
2023-08-24,50.62000,51.51000,50.51000,51.40000,174800
2023-08-25,51.59000,52.26000,50.83000,51.58000,142600
2023-08-28,51.93000,52.70000,51.77000,51.92000,131000
2023-08-29,51.76000,53.88000,51.76000,53.86000,217700
2023-08-30,53.49000,54.27000,53.26000,53.75000,171000
2023-08-31,53.89000,54.65000,53.53000,53.89000,159400
2023-09-01,54.29000,55.15000,54.29000,54.65000,144800
2023-09-05,53.69000,53.69000,51.28000,52.97000,248000
2023-09-06,53.09000,53.54000,51.64000,52.45000,143600
2023-09-07,52.26000,52.26000,50.10000,50.75000,282800
2023-09-08,50.69000,50.92000,50.02000,50.13000,172800
2023-09-11,50.78000,50.98000,49.40000,49.67000,228900
2023-09-12,49.50000,50.09000,49.15000,50.09000,193400
2023-09-13,50.10000,50.21000,48.91000,49.78000,214200
2023-09-14,50.54000,51.95000,50.54000,51.78000,262500
2023-09-15,51.54000,51.84000,50.00000,50.69000,896000
2023-09-18,50.88000,50.88000,49.46000,50.15000,276300
2023-09-19,49.95000,50.04000,48.81000,49.33000,206500
2023-09-20,49.67000,50.57000,48.91000,48.95000,155400
2023-09-21,48.42000,48.89000,48.02000,48.35000,108600
2023-09-22,48.47000,48.90000,46.77000,46.86000,208300
2023-09-25,46.71000,47.63000,46.70000,47.24000,182600
2023-09-26,46.91000,47.60000,46.72000,47.02000,246900
2023-09-27,47.70000,48.03000,46.56000,47.21000,161500
2023-09-28,47.37000,48.68000,47.31000,48.18000,251900
2023-09-29,48.71000,48.71000,47.15000,47.61000,275700
2023-10-02,47.36000,47.73000,46.01000,46.40000,197900
2023-10-03,44.10000,45.62000,42.92000,43.14000,277000
2023-10-04,43.31000,43.31000,42.44000,42.79000,378500
2023-10-05,42.78000,42.88000,41.48000,42.07000,304600
2023-10-06,41.93000,42.59000,41.02000,42.25000,292800
2023-10-09,41.39000,41.84000,40.69000,41.52000,192900
2023-10-10,41.85000,42.66000,41.79000,41.95000,181000
2023-10-11,41.78000,42.31000,41.17000,41.71000,389000
2023-10-12,42.04000,42.04000,40.19000,40.96000,379300
2023-10-13,40.93000,41.31000,40.22000,40.39000,213000
2023-10-16,41.02000,41.73000,40.39000,41.69000,269800
2023-10-17,41.32000,42.84000,41.32000,42.61000,189300
2023-10-18,41.72000,41.75000,40.59000,41.27000,193900
2023-10-19,41.34000,41.68000,39.93000,39.95000,327200
2023-10-20,40.30000,41.09000,40.03000,40.57000,276100
2023-10-23,39.95000,41.17000,39.64000,40.62000,264100
2023-10-24,41.09000,41.09000,39.63000,39.71000,217800
2023-10-25,39.17000,39.34000,38.10000,38.56000,281500
2023-10-26,38.88000,39.63000,38.46000,39.41000,143400
2023-10-27,39.49000,39.57000,38.72000,39.49000,211500
2023-10-30,40.14000,40.34000,39.10000,40.09000,187200
2023-10-31,40.14000,40.53000,39.70000,40.28000,216400
2023-11-01,39.83000,40.28000,38.73000,39.25000,475700
2023-11-02,39.93000,43.20000,39.22000,42.29000,947700
2023-11-03,43.17000,44.11000,42.51000,42.81000,330700
2023-11-06,41.61000,41.75000,40.01000,40.06000,302300
2023-11-07,39.69000,39.77000,38.84000,39.34000,369300
2023-11-08,38.91000,39.20000,38.15000,38.95000,246200
2023-11-09,38.91000,38.91000,37.37000,37.42000,258300
2023-11-10,37.47000,38.06000,36.66000,37.93000,215300
2023-11-13,37.41000,37.85000,37.13000,37.57000,214400
2023-11-14,38.46000,40.23000,38.46000,40.06000,553200
2023-11-15,40.42000,41.41000,40.12000,40.20000,201000
2023-11-16,39.87000,40.05000,38.64000,38.94000,226600
2023-11-17,39.48000,40.30000,38.99000,40.15000,250000
2023-11-20,40.13000,40.56000,39.67000,40.18000,154000
2023-11-21,39.74000,39.84000,38.81000,38.89000,110900
2023-11-22,39.05000,39.49000,38.36000,39.35000,124500
2023-11-24,39.21000,39.98000,38.94000,39.79000,60700
2023-11-27,39.29000,39.44000,38.26000,38.63000,223700
2023-11-28,38.64000,39.04000,38.29000,38.72000,186900
2023-11-29,39.04000,39.75000,38.60000,39.48000,199600
2023-11-30,39.52000,39.67000,38.63000,38.79000,214200
2023-12-01,38.30000,40.90000,37.53000,40.72000,391600
2023-12-04,40.60000,41.08000,40.01000,40.18000,310000
2023-12-05,39.87000,40.23000,38.65000,38.85000,236000
2023-12-06,39.21000,40.15000,38.77000,39.27000,235900
2023-12-07,39.60000,41.35000,39.05000,41.31000,321100
2023-12-08,41.18000,42.38000,41.05000,41.74000,217800
2023-12-11,41.39000,41.82000,40.51000,40.52000,275100
2023-12-12,40.48000,41.01000,39.96000,40.39000,213000
2023-12-13,39.99000,43.37000,39.70000,43.16000,328100
2023-12-14,44.12000,46.60000,44.12000,46.19000,512200
2023-12-15,46.43000,46.43000,44.90000,45.78000,1463300
2023-12-18,45.80000,46.43000,45.15000,45.98000,350700
2023-12-19,46.60000,47.63000,46.37000,46.65000,256000
2023-12-20,46.50000,47.55000,45.40000,45.49000,476800
2023-12-21,46.40000,46.44000,45.35000,46.31000,339800
2023-12-22,46.85000,47.90000,46.30000,47.82000,329400
2023-12-26,48.14000,48.45000,47.65000,47.96000,136200
2023-12-27,47.89000,48.44000,47.22000,47.41000,144900
2023-12-28,47.18000,47.71000,46.87000,47.65000,162500
2023-12-29,47.46000,47.66000,47.06000,47.22000,243600
2024-01-02,46.75000,48.42000,46.23000,46.98000,244800
2024-01-03,46.48000,46.48000,43.56000,44.03000,220100
2024-01-04,44.05000,44.20000,42.83000,43.56000,209000
2024-01-05,42.90000,44.08000,42.45000,43.30000,156900
2024-01-08,42.98000,44.14000,42.54000,44.08000,188600
2024-01-09,42.85000,43.48000,42.07000,43.08000,262300
2024-01-10,42.76000,43.10000,42.07000,42.88000,204500
2024-01-11,42.59000,42.71000,41.62000,41.84000,217300
2024-01-12,42.94000,43.21000,41.10000,41.43000,160200
2024-01-16,40.89000,41.54000,40.45000,40.92000,287900
2024-01-17,40.01000,40.27000,39.55000,40.04000,175500
2024-01-18,40.28000,41.34000,40.10000,40.99000,234800
2024-01-19,41.07000,41.25000,40.00000,40.86000,162600
2024-01-22,41.19000,43.76000,41.18000,43.44000,366400
2024-01-23,44.43000,44.98000,43.60000,44.16000,175200
2024-01-24,44.71000,44.71000,43.90000,44.14000,204700
2024-01-25,45.00000,45.16000,43.97000,44.53000,240800
2024-01-26,45.15000,46.22000,45.15000,45.90000,218400
2024-01-29,45.69000,45.95000,44.87000,45.70000,297300
2024-01-30,45.35000,46.16000,44.75000,45.06000,254000
2024-01-31,45.36000,45.36000,43.40000,43.56000,234500
2024-02-01,43.88000,44.45000,42.91000,44.33000,344300
2024-02-02,43.37000,44.30000,42.84000,43.80000,180200
2024-02-05,42.87000,43.26000,41.92000,42.69000,202800
2024-02-06,42.52000,44.28000,42.52000,43.31000,207800
2024-02-07,43.57000,43.57000,42.76000,43.33000,136300
2024-02-08,43.63000,44.71000,42.99000,44.60000,222500
2024-02-09,44.59000,45.21000,43.93000,44.85000,231700
2024-02-12,44.95000,46.83000,44.67000,46.32000,257300
2024-02-13,44.27000,45.11000,43.49000,44.00000,227200
2024-02-14,45.09000,45.14000,44.03000,44.79000,180300
2024-02-15,45.38000,46.98000,45.38000,46.75000,234000
2024-02-16,46.15000,48.23000,46.15000,47.66000,360800
2024-02-20,46.86000,47.15000,45.92000,45.97000,183700
2024-02-21,45.71000,45.91000,44.46000,44.97000,446600
2024-02-22,48.51000,48.85000,44.34000,47.40000,616000
2024-02-23,47.79000,49.04000,47.58000,48.95000,274700
2024-02-26,48.52000,48.53000,47.23000,48.11000,301600
2024-02-27,48.81000,49.04000,46.56000,46.58000,248400
2024-02-28,45.84000,46.91000,45.21000,45.27000,204100
2024-02-29,45.79000,46.19000,45.42000,45.68000,236400
2024-03-01,45.88000,46.42000,45.22000,45.27000,181700
2024-03-04,45.42000,46.09000,44.68000,45.67000,204100
2024-03-05,45.15000,46.09000,44.95000,45.14000,165000
2024-03-06,45.77000,45.92000,44.47000,45.88000,233400
2024-03-07,46.43000,47.08000,45.42000,45.79000,231200
2024-03-08,46.43000,46.97000,45.79000,46.00000,134500
2024-03-11,45.90000,46.92000,45.90000,46.62000,141700
2024-03-12,46.73000,46.73000,45.52000,45.99000,159000
2024-03-13,45.79000,46.84000,45.79000,46.46000,137100
2024-03-14,45.84000,46.22000,43.91000,44.35000,170200
2024-03-15,44.10000,45.39000,43.96000,45.27000,492800
2024-03-18,45.18000,45.26000,44.47000,44.51000,128900
2024-03-19,44.42000,45.13000,44.08000,44.20000,194300
2024-03-20,44.10000,45.97000,43.68000,45.25000,310200
2024-03-21,45.71000,47.79000,45.25000,47.77000,322400
2024-03-22,47.93000,48.49000,46.90000,47.40000,189700
2024-03-25,47.96000,48.10000,46.60000,47.00000,144300
2024-03-26,47.32000,47.57000,46.70000,47.11000,169600
2024-03-27,47.75000,48.72000,47.53000,48.44000,301800
2024-03-28,48.44000,49.06000,47.60000,47.70000,335900
2024-04-01,47.97000,48.28000,47.01000,47.39000,166400
2024-04-02,46.78000,46.89000,45.61000,46.17000,206000
2024-04-03,45.89000,47.21000,45.89000,47.19000,171100
2024-04-04,47.94000,48.18000,46.22000,46.45000,232200
2024-04-05,46.29000,46.85000,45.76000,46.54000,185200
2024-04-08,47.13000,47.61000,46.84000,46.96000,121900
2024-04-09,47.30000,49.35000,47.25000,49.17000,122000
2024-04-10,47.38000,48.02000,46.35000,47.17000,220100
2024-04-11,47.49000,47.49000,46.35000,46.88000,149000
2024-04-12,46.76000,46.76000,45.00000,45.27000,115100
2024-04-15,45.36000,45.97000,44.46000,44.93000,141000
2024-04-16,44.22000,44.71000,43.64000,44.48000,196500
2024-04-17,44.82000,45.27000,43.78000,43.79000,114100
2024-04-18,43.90000,44.34000,43.15000,43.50000,158700
2024-04-19,43.35000,44.50000,43.35000,44.44000,181600
2024-04-22,46.00000,49.06000,46.00000,47.87000,323300
2024-04-23,47.65000,48.99000,47.65000,48.90000,228600
2024-04-24,48.46000,49.11000,48.16000,48.23000,247100
2024-04-25,47.76000,47.98000,47.15000,47.87000,202000
2024-04-26,47.97000,48.90000,47.97000,48.51000,146200
2024-04-29,48.88000,51.48000,48.76000,50.95000,277400
2024-04-30,50.47000,51.25000,50.02000,51.14000,215600
2024-05-01,51.14000,53.79000,50.84000,51.89000,430800
2024-05-02,52.44000,54.99000,50.60000,54.80000,642100
2024-05-03,55.36000,56.30000,53.20000,53.56000,374500
2024-05-06,54.07000,54.71000,53.67000,53.85000,206300
2024-05-07,54.17000,54.89000,53.03000,53.72000,242500
2024-05-08,53.17000,54.22000,52.60000,54.00000,142000
2024-05-09,54.03000,54.76000,53.72000,54.47000,126000
2024-05-10,54.72000,54.72000,53.54000,54.48000,134400
2024-05-13,54.89000,55.40000,54.53000,54.60000,156300
2024-05-14,55.91000,56.28000,55.02000,55.12000,125200
2024-05-15,55.88000,55.88000,54.44000,55.09000,159200
2024-05-16,54.93000,55.20000,54.48000,55.05000,117700
2024-05-17,54.97000,55.01000,53.53000,53.55000,234700
2024-05-20,53.41000,53.41000,50.85000,51.03000,227900
2024-05-21,50.70000,51.27000,49.97000,50.60000,305500
2024-05-22,50.22000,50.41000,49.69000,50.10000,340400
2024-05-23,50.35000,50.36000,47.87000,48.10000,222900
2024-05-24,48.43000,48.51000,47.66000,47.74000,254000
2024-05-28,48.00000,48.35000,47.41000,47.86000,212100
2024-05-29,47.00000,47.77000,46.83000,47.56000,172300
2024-05-30,47.94000,48.30000,47.63000,48.01000,191900
2024-05-31,48.21000,49.33000,47.91000,48.85000,300500
2024-06-03,49.25000,49.45000,47.78000,48.63000,183600
2024-06-04,48.68000,49.54000,47.23000,47.25000,290200
2024-06-05,47.44000,48.68000,46.58000,48.60000,229600
2024-06-06,48.69000,49.57000,47.62000,48.60000,410200
2024-06-07,47.68000,48.37000,47.20000,48.04000,355800
2024-06-10,47.35000,47.35000,45.73000,46.44000,375800
2024-06-11,46.01000,46.01000,45.14000,45.64000,309100
2024-06-12,47.41000,47.71000,45.83000,45.93000,261400
2024-06-13,45.61000,46.20000,45.04000,45.90000,143300
2024-06-14,45.10000,45.41000,44.59000,44.91000,329200
2024-06-17,44.50000,44.86000,44.02000,44.54000,202700
2024-06-18,44.53000,44.82000,43.44000,43.47000,216900
2024-06-20,43.05000,43.91000,42.70000,43.71000,268100
2024-06-21,43.65000,44.18000,42.79000,43.90000,614700
2024-06-24,44.08000,45.02000,44.08000,44.94000,228900
2024-06-25,44.52000,44.52000,42.34000,43.67000,253200
2024-06-26,43.32000,44.39000,43.32000,44.24000,169400
2024-06-27,44.72000,44.72000,44.03000,44.42000,140600
2024-06-28,44.99000,45.10000,43.16000,43.71000,369600
2024-07-01,43.70000,43.83000,42.15000,42.18000,227600
2024-07-02,42.21000,42.74000,42.00000,42.36000,151000
2024-07-03,42.67000,42.87000,41.96000,42.75000,67900
2024-07-05,42.39000,42.39000,41.27000,41.29000,128100
2024-07-08,41.69000,42.65000,41.59000,41.94000,132800
2024-07-09,41.65000,42.06000,40.51000,40.62000,325100
2024-07-10,40.73000,42.14000,40.60000,41.57000,167100
2024-07-11,42.94000,44.40000,42.71000,43.50000,201900
2024-07-12,44.00000,44.46000,43.35000,44.22000,202200
2024-07-15,44.25000,45.57000,44.13000,44.81000,207500
2024-07-16,45.42000,47.56000,45.17000,47.24000,204700
2024-07-17,46.62000,48.52000,46.49000,46.50000,254100
2024-07-18,45.75000,46.97000,45.06000,45.09000,207000
2024-07-19,44.97000,45.26000,44.17000,44.44000,145500
2024-07-22,44.79000,45.37000,43.71000,45.15000,151100
2024-07-23,44.89000,46.32000,44.49000,45.87000,195400
2024-07-24,45.72000,46.53000,45.00000,45.05000,190500
2024-07-25,45.15000,46.63000,44.88000,45.84000,223400
2024-07-26,46.50000,46.50000,45.28000,46.20000,129300
2024-07-29,46.20000,46.26000,45.22000,45.71000,177600
2024-07-30,45.66000,46.49000,45.27000,46.11000,168100
2024-07-31,46.38000,47.63000,44.83000,45.89000,467800
2024-08-01,39.55000,44.33000,38.87000,42.64000,547000
2024-08-02,40.52000,41.91000,39.66000,41.20000,375500
2024-08-05,38.34000,38.34000,34.37000,35.41000,981600
2024-08-06,35.63000,36.56000,34.65000,34.69000,506000
2024-08-07,35.88000,37.15000,34.73000,34.84000,355800
2024-08-08,35.27000,36.42000,34.54000,36.14000,295000
2024-08-09,36.11000,36.34000,35.31000,35.61000,204900
2024-08-12,35.62000,35.85000,33.49000,34.57000,289400
2024-08-13,34.98000,35.98000,34.53000,35.72000,362100
2024-08-14,35.95000,35.95000,34.18000,34.96000,291300
2024-08-15,36.09000,36.24000,35.39000,35.45000,232900
2024-08-16,35.26000,36.11000,34.98000,35.97000,229800
2024-08-19,35.93000,36.88000,35.93000,36.77000,216200
2024-08-20,36.51000,36.89000,36.18000,36.33000,235900
2024-08-21,36.87000,37.33000,36.47000,37.05000,160100
2024-08-22,37.19000,37.30000,36.40000,36.50000,262300
2024-08-23,36.97000,38.55000,36.75000,38.44000,186900
2024-08-26,39.15000,39.84000,38.62000,38.70000,213200
2024-08-27,38.54000,38.72000,37.81000,38.60000,115900
2024-08-28,38.57000,39.02000,38.39000,38.71000,250900
2024-08-29,39.20000,40.20000,38.37000,39.47000,159800
2024-08-30,39.83000,40.16000,39.40000,39.53000,220000
2024-09-03,38.79000,39.13000,38.01000,38.11000,290600
2024-09-04,38.10000,38.38000,37.01000,37.40000,193700
2024-09-05,37.78000,37.78000,36.54000,36.57000,179900
2024-09-06,36.49000,36.90000,35.12000,35.36000,230800
2024-09-09,35.37000,35.37000,33.80000,33.84000,339600
2024-09-10,33.85000,34.26000,32.90000,32.91000,291700
2024-09-11,32.86000,33.78000,32.21000,33.53000,282300
2024-09-12,33.70000,35.64000,33.32000,35.61000,273700
2024-09-13,36.40000,38.73000,36.27000,38.56000,321300
2024-09-16,38.96000,39.02000,37.51000,37.71000,382600
2024-09-17,38.42000,39.73000,37.96000,38.82000,282800
2024-09-18,38.97000,40.94000,38.67000,39.35000,296100
2024-09-19,40.83000,41.49000,40.33000,41.27000,286900
2024-09-20,41.15000,41.26000,40.03000,40.04000,926700
2024-09-23,40.30000,40.31000,39.35000,39.37000,208800
2024-09-24,39.82000,40.54000,39.68000,40.25000,170200
2024-09-25,40.18000,40.28000,39.08000,39.09000,173400
2024-09-26,40.09000,40.84000,39.75000,40.45000,386900
2024-09-27,41.44000,41.44000,40.22000,40.42000,221000
2024-09-30,39.28000,40.33000,38.92000,39.00000,348700
2024-10-01,38.97000,38.97000,37.80000,37.89000,250800
2024-10-02,37.61000,38.41000,37.43000,37.46000,171800
2024-10-03,36.04000,36.04000,30.90000,33.06000,1623300
2024-10-04,33.98000,37.92000,33.84000,37.04000,899300
2024-10-07,36.75000,36.97000,35.61000,35.89000,265000
2024-10-08,35.56000,35.59000,34.46000,34.54000,247700
2024-10-09,34.62000,34.75000,33.37000,34.06000,310200
2024-10-10,33.65000,34.25000,33.40000,33.80000,206700
2024-10-11,33.61000,34.55000,33.53000,34.23000,217200
2024-10-14,33.89000,34.72000,33.56000,34.55000,148600
2024-10-15,34.39000,35.17000,34.10000,34.12000,221500
2024-10-16,34.48000,35.92000,34.29000,35.51000,228800
2024-10-17,35.41000,35.63000,34.74000,35.50000,238200
2024-10-18,35.77000,35.77000,34.54000,34.76000,227100
2024-10-21,34.77000,35.00000,33.74000,33.80000,221500
2024-10-22,33.60000,33.60000,32.29000,32.31000,208300
2024-10-23,32.07000,32.40000,31.34000,31.59000,276600
2024-10-24,31.59000,32.23000,31.11000,32.21000,278700
2024-10-25,32.58000,33.95000,32.39000,33.65000,272000
2024-10-28,34.01000,35.90000,33.90000,35.74000,521800
2024-10-29,35.27000,35.94000,34.94000,35.32000,528000
2024-10-30,42.40000,45.47000,40.73000,41.65000,1076900
2024-10-31,41.52000,42.31000,40.48000,41.79000,585200
2024-11-01,42.00000,42.23000,41.38000,42.00000,400000
2024-11-04,41.98000,42.90000,41.72000,41.92000,343700
2024-11-05,41.34000,44.20000,41.00000,43.38000,802100
2024-11-06,45.76000,48.42000,45.76000,47.32000,516300
2024-11-07,47.01000,47.30000,45.62000,46.25000,368700
2024-11-08,46.15000,46.18000,44.62000,45.24000,569200
2024-11-11,45.86000,47.95000,45.68000,47.50000,342900
2024-11-12,47.11000,47.60000,45.20000,45.88000,210900
2024-11-13,46.13000,46.88000,45.50000,45.60000,204100
2024-11-14,46.25000,46.25000,44.62000,45.18000,152500
2024-11-15,45.50000,45.98000,44.96000,45.97000,217200
2024-11-18,46.28000,47.95000,45.84000,46.01000,267800
2024-11-19,45.39000,46.66000,45.39000,45.99000,202200
2024-11-20,45.91000,46.25000,44.71000,46.24000,198400
2024-11-21,46.57000,48.65000,46.33000,48.41000,211800
2024-11-22,48.60000,50.00000,48.46000,48.56000,265300
2024-11-25,49.12000,51.67000,49.12000,50.21000,285700
2024-11-26,49.90000,49.90000,47.49000,47.51000,396500
2024-11-27,47.78000,48.72000,47.11000,47.73000,181600
2024-11-29,48.00000,48.67000,47.66000,48.57000,124900
2024-12-02,48.80000,50.00000,48.25000,49.71000,204600
2024-12-03,49.50000,49.65000,47.98000,48.78000,168100
2024-12-04,48.64000,49.22000,47.32000,47.53000,195100
2024-12-05,47.55000,47.87000,45.96000,46.02000,163000
2024-12-06,46.71000,47.70000,46.04000,47.11000,237500
2024-12-09,45.09000,49.32000,45.09000,46.62000,269100
2024-12-10,46.65000,47.12000,45.00000,46.35000,220500
2024-12-11,46.90000,47.66000,46.13000,47.00000,202400
2024-12-12,46.84000,47.32000,46.43000,47.05000,246800
2024-12-13,46.58000,47.16000,45.73000,45.83000,291500
2024-12-16,45.65000,45.85000,44.25000,44.71000,205100
2024-12-17,44.16000,44.43000,42.95000,43.40000,225400
2024-12-18,43.75000,44.48000,41.11000,41.61000,315100
2024-12-19,42.05000,42.36000,40.42000,40.75000,227500
2024-12-20,40.19000,41.45000,40.14000,40.80000,999700
2024-12-23,40.57000,41.61000,40.40000,41.14000,197800
2024-12-24,41.11000,41.59000,40.93000,41.46000,88300
2024-12-26,41.02000,41.89000,41.02000,41.75000,95600
2024-12-27,41.40000,42.01000,40.30000,40.60000,150400
2024-12-30,40.41000,40.87000,39.44000,40.15000,133000
2024-12-31,40.36000,41.47000,40.36000,40.75000,226300
2025-01-02,40.98000,41.44000,39.54000,39.54000,141500
2025-01-03,39.68000,39.88000,38.98000,39.86000,285000
2025-01-06,40.26000,40.82000,39.58000,39.61000,280100
2025-01-07,39.65000,40.09000,37.84000,38.53000,237700
2025-01-08,38.16000,38.16000,37.39000,37.74000,253400
2025-01-10,36.77000,38.05000,36.25000,38.00000,219400
2025-01-13,37.86000,40.21000,37.62000,39.68000,194300
2025-01-14,39.95000,40.60000,39.49000,40.08000,168400
2025-01-15,41.51000,42.29000,40.85000,41.87000,197300
2025-01-16,43.35000,47.59000,42.86000,46.46000,392700
2025-01-17,47.55000,47.72000,45.99000,47.20000,303800
2025-01-21,47.83000,48.14000,47.20000,47.73000,172300
2025-01-22,47.27000,48.05000,46.79000,47.25000,154300
2025-01-23,46.80000,48.49000,46.50000,47.99000,168500
2025-01-24,47.66000,47.66000,46.08000,46.91000,214700
2025-01-27,47.00000,47.49000,45.61000,45.90000,180600
2025-01-28,45.63000,46.29000,45.61000,45.65000,155600
2025-01-29,45.69000,46.29000,45.20000,45.66000,150200
2025-01-30,46.32000,46.52000,45.34000,45.83000,109300
2025-01-31,45.51000,46.37000,44.95000,45.35000,187000
2025-02-03,44.13000,44.30000,42.95000,43.58000,132100
2025-02-04,43.51000,45.10000,43.51000,44.83000,155500
2025-02-05,44.87000,45.19000,44.11000,44.62000,160700
2025-02-06,45.23000,45.57000,43.49000,43.77000,217500
2025-02-07,43.70000,44.19000,42.57000,42.62000,137600
2025-02-10,43.11000,44.83000,42.49000,44.36000,385600
2025-02-11,44.10000,45.62000,44.10000,45.50000,158800
2025-02-12,44.27000,44.73000,43.88000,44.62000,182900
2025-02-13,45.02000,45.71000,44.84000,45.18000,123900
2025-02-14,45.85000,46.90000,44.82000,45.10000,179100
2025-02-18,45.33000,46.33000,45.10000,45.84000,297200
2025-02-19,46.60000,49.46000,45.50000,48.26000,516000
2025-02-20,48.30000,48.69000,45.72000,46.74000,455700
2025-02-21,47.53000,47.53000,45.76000,46.01000,319100
2025-02-24,46.34000,46.84000,45.95000,46.11000,189100
2025-02-25,46.63000,48.42000,46.09000,48.02000,351300
2025-02-26,50.00000,50.09000,48.37000,48.87000,350500
2025-02-27,48.26000,48.67000,46.50000,47.63000,381200
2025-02-28,47.56000,48.55000,46.88000,47.66000,178900
2025-03-03,47.56000,48.12000,44.81000,45.24000,250300
2025-03-04,44.36000,45.11000,43.21000,44.02000,230100
2025-03-05,43.94000,46.48000,43.94000,46.41000,303800
2025-03-06,45.78000,47.33000,45.50000,46.63000,167200
2025-03-07,46.04000,47.53000,45.72000,47.36000,358600
2025-03-10,46.69000,47.30000,43.71000,44.01000,406700
2025-03-11,44.26000,46.84000,43.64000,46.49000,635700
2025-03-12,46.95000,46.99000,44.73000,45.08000,276700
2025-03-13,44.79000,45.38000,42.53000,43.38000,183200
2025-03-14,44.08000,44.73000,43.52000,43.95000,195700
2025-03-17,43.65000,44.48000,43.65000,44.23000,224800
2025-03-18,44.09000,44.45000,43.54000,43.90000,186800
2025-03-19,44.36000,44.50000,43.52000,44.25000,150700
2025-03-20,43.50000,44.04000,42.94000,43.14000,178200
2025-03-21,42.35000,42.38000,40.79000,42.38000,515000
2025-03-24,43.41000,44.14000,42.85000,43.21000,151200
2025-03-25,43.07000,43.54000,42.73000,43.07000,138700
2025-03-26,43.43000,44.20000,42.64000,43.32000,163600
2025-03-27,43.16000,43.16000,39.49000,39.72000,350500
2025-03-28,39.72000,40.23000,39.23000,39.62000,273700
2025-03-31,39.12000,39.89000,38.32000,39.59000,359400
2025-04-01,39.40000,39.60000,37.77000,38.85000,209000
2025-04-02,38.05000,39.63000,38.05000,39.54000,163900
2025-04-03,36.92000,37.38000,34.37000,34.67000,314800
2025-04-04,32.85000,33.14000,30.13000,31.43000,415300
2025-04-07,30.48000,32.96000,29.01000,31.73000,554000
2025-04-08,33.19000,33.42000,29.43000,29.88000,463700
2025-04-09,28.92000,34.36000,28.49000,33.40000,428100
2025-04-10,32.17000,32.24000,30.29000,31.27000,301800
2025-04-11,31.06000,32.13000,30.62000,31.96000,213500
2025-04-14,32.67000,32.67000,31.21000,31.74000,182200
2025-04-15,31.49000,32.15000,31.21000,31.79000,249900
2025-04-16,31.58000,31.88000,30.41000,31.07000,183800
2025-04-17,31.12000,31.86000,31.12000,31.58000,264500
2025-04-21,31.21000,31.47000,30.19000,31.11000,238200
2025-04-22,31.70000,32.01000,30.68000,31.67000,218700
2025-04-23,33.03000,34.19000,31.74000,31.86000,194600
2025-04-24,31.32000,32.90000,30.86000,32.85000,246800
2025-04-25,32.46000,32.90000,31.82000,32.88000,324200
2025-04-28,32.90000,33.51000,31.88000,32.52000,307400
2025-04-29,32.49000,33.69000,32.34000,33.03000,216000
2025-04-30,32.53000,33.09000,31.91000,32.98000,232300
2025-05-01,33.09000,33.70000,32.72000,33.28000,188000
2025-05-02,33.71000,35.59000,33.71000,35.04000,316100
2025-05-05,34.45000,36.03000,34.45000,35.52000,482300
2025-05-06,36.68000,40.12000,36.18000,39.20000,643400
2025-05-07,38.80000,39.41000,36.47000,39.23000,564200
2025-05-08,39.87000,40.69000,39.17000,40.29000,289300
2025-05-09,40.39000,40.83000,39.85000,40.47000,260800
2025-05-12,42.96000,43.93000,41.81000,43.04000,338000
2025-05-13,43.38000,43.94000,42.91000,43.21000,322300
2025-05-14,42.98000,43.59000,42.63000,43.26000,307300
2025-05-15,42.76000,43.40000,42.45000,42.89000,269100
2025-05-16,42.73000,43.17000,42.23000,42.95000,216400
2025-05-19,41.92000,42.65000,41.73000,42.38000,154700
2025-05-20,42.17000,42.79000,42.17000,42.57000,139200
2025-05-21,42.01000,42.36000,40.74000,41.06000,309500
2025-05-22,40.92000,41.54000,40.26000,41.31000,216500
2025-05-23,40.34000,41.30000,40.17000,40.89000,246600
2025-05-27,41.53000,43.82000,41.53000,43.75000,269800
2025-05-28,43.56000,43.96000,42.40000,42.60000,314000
2025-05-29,43.03000,43.52000,42.56000,42.81000,237000
2025-05-30,42.51000,42.51000,41.14000,41.37000,182300
2025-06-02,41.32000,41.32000,40.45000,40.72000,176000
2025-06-03,40.60000,42.04000,40.25000,41.72000,151900
2025-06-04,41.70000,41.75000,40.83000,41.45000,168800
2025-06-05,41.77000,42.02000,41.10000,41.14000,143400
2025-06-06,42.20000,42.48000,41.67000,42.05000,187400
2025-06-09,42.60000,44.31000,42.40000,43.32000,211300
2025-06-10,44.05000,44.53000,43.42000,43.97000,187100
2025-06-11,43.99000,45.00000,43.90000,44.53000,234500
2025-06-12,44.14000,44.41000,42.98000,43.20000,214500
2025-06-13,42.41000,43.36000,41.63000,42.01000,293700
2025-06-16,42.45000,43.03000,42.04000,42.53000,150500
2025-06-17,42.21000,42.44000,41.26000,41.42000,168200
2025-06-18,41.25000,42.05000,41.00000,41.38000,131600
2025-06-20,41.71000,41.78000,41.28000,41.31000,319600
2025-06-23,41.13000,42.33000,40.63000,42.26000,169200
2025-06-24,42.89000,43.22000,41.90000,41.94000,184000
2025-06-25,41.70000,42.73000,41.04000,42.17000,161200
2025-06-26,42.40000,43.23000,42.32000,43.14000,187200
2025-06-27,43.37000,43.78000,42.75000,43.36000,428900
2025-06-30,43.49000,43.72000,42.71000,43.09000,243300
2025-07-01,41.42000,45.77000,41.42000,44.40000,248600
2025-07-02,44.70000,46.88000,44.34000,46.79000,251800
2025-07-03,47.00000,47.21000,46.55000,46.76000,117200
2025-07-07,45.76000,46.50000,45.22000,45.34000,189900
2025-07-08,45.91000,47.40000,45.90000,46.79000,300200
2025-07-09,47.45000,47.45000,46.19000,47.42000,306400
2025-07-10,47.22000,48.64000,47.06000,48.22000,155500
2025-07-11,47.48000,47.87000,46.70000,47.56000,161100
2025-07-14,47.47000,47.47000,46.13000,47.10000,145400
2025-07-15,47.63000,47.63000,45.53000,45.54000,174300
2025-07-16,45.68000,46.28000,44.71000,45.49000,207100
2025-07-17,45.24000,46.62000,45.24000,46.32000,229500
2025-07-18,46.73000,46.86000,45.51000,46.16000,164600
2025-07-21,46.85000,46.85000,46.06000,46.18000,128000
2025-07-22,45.72000,46.88000,45.72000,46.31000,229600
2025-07-23,47.03000,47.36000,46.08000,46.63000,168200
2025-07-24,46.20000,46.70000,45.65000,45.76000,180800
2025-07-25,46.02000,46.40000,45.38000,46.40000,163300
2025-07-28,46.24000,46.24000,45.41000,45.66000,186700
2025-07-29,46.11000,46.11000,43.88000,44.09000,195400
2025-07-30,43.94000,43.94000,42.08000,42.35000,174800
2025-07-31,41.52000,42.45000,41.30000,41.79000,308500
2025-08-01,40.58000,40.83000,39.74000,40.40000,334000
2025-08-04,40.47000,41.07000,40.40000,40.85000,318900
2025-08-05,46.83000,49.73000,45.66000,49.56000,1240800
2025-08-06,49.59000,50.05000,48.38000,48.89000,450300
2025-08-07,49.90000,50.54000,49.26000,50.51000,443900
2025-08-08,50.25000,52.05000,49.94000,51.27000,495400
2025-08-11,52.02000,53.23000,51.76000,52.20000,397100
2025-08-12,52.01000,54.13000,52.01000,53.86000,246300
2025-08-13,54.27000,55.89000,54.13000,55.50000,291800
2025-08-14,54.40000,55.13000,54.10000,55.09000,287000
2025-08-15,55.38000,55.38000,54.50000,54.57000,234500
2025-08-18,54.40000,55.40000,54.40000,55.35000,166100
2025-08-19,55.79000,56.89000,55.10000,55.16000,241600
2025-08-20,55.16000,55.55000,54.70000,54.72000,340700
2025-08-21,54.24000,54.86000,53.79000,54.54000,294000
2025-08-22,54.85000,57.92000,54.38000,57.79000,427500
2025-08-25,57.40000,57.87000,56.72000,56.87000,253300
2025-08-26,56.92000,57.23000,56.16000,56.99000,378300
2025-08-27,56.70000,57.77000,56.43000,57.40000,262700
2025-08-28,57.86000,58.16000,56.74000,57.95000,216500
2025-08-29,58.18000,58.59000,57.73000,58.38000,207600
2025-09-02,57.20000,58.71000,57.20000,58.55000,240300
2025-09-03,58.06000,58.73000,57.50000,57.89000,248800
2025-09-04,57.93000,59.46000,57.93000,58.88000,337900
2025-09-05,59.00000,59.95000,58.76000,59.77000,213800
2025-09-08,59.70000,60.77000,58.71000,60.74000,244500
2025-09-09,60.00000,60.50000,58.54000,58.80000,275900
2025-09-10,58.42000,59.26000,57.09000,57.09000,262200
2025-09-11,56.99000,59.08000,56.99000,58.78000,198200
2025-09-12,58.32000,58.87000,57.68000,58.15000,172000
2025-09-15,58.30000,59.13000,58.11000,58.69000,142800
2025-09-16,58.23000,58.27000,55.90000,56.28000,205600
2025-09-17,56.85000,58.63000,56.14000,56.58000,201300
2025-09-18,57.30000,58.02000,56.94000,57.84000,169500
2025-09-19,58.05000,58.05000,55.75000,56.35000,716800
2025-09-22,56.41000,57.54000,56.01000,56.70000,193900
2025-09-23,57.07000,57.86000,56.03000,56.13000,178600
2025-09-24,56.27000,57.21000,55.13000,55.31000,202800
2025-09-25,55.00000,55.06000,53.82000,54.36000,159300
2025-09-26,54.62000,55.56000,54.41000,55.11000,244500
2025-09-29,55.38000,55.38000,53.93000,54.51000,184800
2025-09-30,54.68000,55.26000,54.23000,55.19000,235100
2025-10-01,54.78000,55.22000,54.44000,54.44000,188900
2025-10-02,54.79000,56.36000,54.50000,56.31000,304800
2025-10-03,56.54000,57.42000,54.92000,55.01000,201600
2025-10-06,55.06000,55.55000,54.41000,55.01000,181000
2025-10-07,55.08000,55.26000,53.45000,53.46000,257700
2025-10-08,54.10000,54.67000,54.06000,54.37000,146400
2025-10-09,54.45000,54.56000,53.69000,54.00000,184300
2025-10-10,53.84000,55.15000,52.61000,52.85000,203400
2025-10-13,53.70000,55.20000,53.56000,53.59000,171400
2025-10-14,52.58000,54.94000,52.58000,54.83000,155100
2025-10-15,55.31000,56.05000,54.19000,55.65000,155900
2025-10-16,55.84000,56.12000,54.77000,55.50000,188300
2025-10-17,55.27000,55.89000,53.81000,54.32000,185000
2025-10-20,54.84000,56.23000,54.50000,56.18000,138800
2025-10-21,55.96000,56.23000,55.23000,55.90000,86100
2025-10-22,55.74000,56.50000,55.41000,55.84000,135500
2025-10-23,56.17000,56.91000,55.72000,56.37000,139600
2025-10-24,57.00000,57.39000,56.31000,57.17000,152400
2025-10-27,57.31000,57.47000,56.03000,56.09000,133800
2025-10-28,56.00000,56.34000,55.44000,55.72000,113400
2025-10-29,55.43000,55.61000,53.33000,53.76000,280900
2025-10-30,53.09000,54.39000,52.98000,53.51000,192900
2025-10-31,52.97000,54.32000,52.64000,53.72000,226400
2025-11-03,53.72000,54.00000,52.59000,53.84000,250200
2025-11-04,52.98000,53.66000,52.44000,52.58000,188000
2025-11-05,52.52000,54.62000,52.40000,54.46000,397800
2025-11-06,53.09000,56.09000,45.87000,46.20000,561600
2025-11-07,46.40000,48.87000,45.85000,48.40000,649200
2025-11-10,49.24000,50.03000,47.47000,49.86000,470100
2025-11-11,49.90000,50.55000,49.43000,49.53000,362900
2025-11-12,49.57000,50.68000,49.04000,49.15000,281500
2025-11-13,48.92000,50.81000,48.92000,50.53000,353400
2025-11-14,49.95000,50.33000,48.86000,49.37000,380800
2025-11-17,49.29000,50.00000,47.08000,47.12000,371300
2025-11-18,46.79000,48.40000,46.38000,47.99000,290400
2025-11-19,48.21000,49.08000,47.83000,48.51000,291600
2025-11-20,49.22000,49.48000,47.35000,47.48000,214200
2025-11-21,48.00000,50.26000,48.00000,49.56000,309000
2025-11-24,49.60000,51.05000,49.15000,50.96000,284600
2025-11-25,51.49000,52.56000,51.16000,52.16000,248100
2025-11-26,51.84000,53.16000,51.84000,52.17000,368000
2025-11-28,52.17000,52.64000,51.96000,52.23000,100400
2025-12-01,51.74000,52.71000,51.55000,51.62000,223700
2025-12-02,52.10000,52.26000,50.86000,51.64000,235100
2025-12-03,51.90000,52.93000,51.18000,52.54000,134500
2025-12-04,52.24000,52.79000,51.74000,52.25000,200000
2025-12-05,52.00000,53.60000,52.00000,52.91000,255100
2025-12-08,52.19000,54.97000,51.50000,53.98000,570400
2025-12-09,53.76000,59.13000,53.76000,56.05000,691400
2025-12-10,56.61000,58.92000,56.01000,58.83000,547400
2025-12-11,59.00000,61.77000,58.63000,60.47000,426800
2025-12-12,60.84000,60.84000,58.46000,58.87000,347300
2025-12-15,59.40000,60.29000,57.41000,57.52000,370700
2025-12-16,57.33000,57.91000,56.19000,57.26000,421000
2025-12-17,57.22000,59.91000,57.22000,58.27000,351800
2025-12-18,58.81000,60.01000,58.59000,59.59000,337100
2025-12-19,59.79000,59.97000,58.17000,58.61000,772500
2025-12-22,58.90000,60.13000,58.84000,59.77000,353800
2025-12-23,59.77000,60.21000,59.33000,59.51000,284800
2025-12-24,59.59000,60.23000,59.26000,59.98000,128000
2025-12-26,60.00000,60.23000,59.25000,60.15000,106600
2025-12-29,59.47000,59.82000,59.14000,59.48000,232300
2025-12-30,59.33000,60.16000,59.28000,59.30000,190100
2025-12-31,59.14000,59.70000,58.93000,59.18000,292300
2026-01-02,59.93000,60.19000,58.87000,60.09000,269700
2026-01-05,59.83000,62.73000,59.83000,60.86000,393400
2026-01-06,60.64000,63.03000,60.64000,62.87000,285300
2026-01-07,62.86000,62.86000,60.99000,61.96000,218100
2026-01-08,61.37000,64.19000,61.37000,63.78000,255200
2026-01-09,63.75000,64.69000,63.18000,64.44000,246600
2026-01-12,64.11000,65.78000,63.86000,65.57000,172700
2026-01-13,66.00000,66.59000,65.26000,65.80000,181700
2026-01-14,66.00000,66.82000,65.45000,65.96000,230200
2026-01-15,66.37000,67.80000,66.29000,66.93000,271500
2026-01-16,66.48000,67.24000,64.93000,66.17000,383800
2026-01-20,64.99000,65.96000,64.66000,65.01000,294600
2026-01-21,65.95000,67.10000,65.59000,67.06000,410200
2026-01-22,67.63000,68.94000,67.25000,68.60000,354400
2026-01-23,68.39000,69.59000,68.32000,69.44000,211000
2026-01-26,69.67000,69.67000,68.23000,69.27000,230800
2026-01-27,69.32000,69.80000,66.74000,66.88000,270500
2026-01-28,67.44000,67.76000,63.56000,66.25000,298600
2026-01-29,66.49000,66.86000,64.05000,65.92000,325200
2026-01-30,65.07000,66.84000,64.67000,65.79000,418600
2026-02-02,65.61000,68.58000,65.59000,67.25000,294300
2026-02-03,67.23000,69.89000,67.02000,69.77000,335100
2026-02-04,70.00000,73.20000,69.56000,72.17000,407700
2026-02-05,77.46000,77.46000,69.74000,70.80000,279400
2026-02-06,71.20000,73.27000,70.57000,72.69000,363600
2026-02-09,72.35000,73.68000,71.09000,73.09000,239800
2026-02-10,72.71000,74.34000,72.71000,73.65000,246500
2026-02-11,74.50000,75.81000,74.11000,74.91000,350800
2026-02-12,75.25000,76.27000,73.69000,75.29000,308300
2026-02-13,75.02000,77.00000,74.43000,76.57000,258300
2026-02-17,76.00000,76.22000,74.23000,75.81000,313900
2026-02-18,76.26000,76.73000,73.72000,74.31000,477000
2026-02-19,73.07000,73.33000,71.31000,72.52000,335600
2026-02-20,72.31000,73.46000,71.29000,72.19000,347400
2026-02-23,71.00000,71.54000,69.61000,70.72000,283800
2026-02-24,70.79000,72.76000,70.79000,71.12000,224800
2026-02-25,71.61000,71.61000,69.59000,69.60000,395200
2026-02-26,65.90000,70.85000,64.95000,70.52000,730000
2026-02-27,69.84000,72.17000,68.69000,72.03000,554100
2026-03-02,70.72000,72.18000,69.50000,71.64000,414000
2026-03-03,69.14000,71.30000,68.04000,70.66000,404100
2026-03-04,71.72000,72.02000,69.10000,69.88000,304900
2026-03-05,68.94000,69.34000,66.54000,67.19000,362200
2026-03-06,65.57000,66.28000,63.87000,64.95000,368700
2026-03-09,63.58000,66.31000,63.09000,66.08000,494300
2026-03-10,65.90000,67.01000,65.14000,65.51000,348500
2026-03-11,64.99000,65.72000,63.37000,64.16000,372900
2026-03-12,63.38000,64.97000,63.00000,64.07000,421700
2026-03-13,64.87000,64.87000,63.23000,64.61000,558000
2026-03-16,65.51000,65.97000,64.93000,65.65000,554000
2026-03-17,65.67000,69.08000,65.67000,67.86000,407600
2026-03-18,67.48000,68.56000,65.67000,65.69000,425700
2026-03-19,64.35000,66.20000,64.11000,65.35000,289700
2026-03-20,65.41000,65.41000,62.90000,63.62000,1071300
2026-03-23,65.74000,67.94000,64.83000,66.80000,341300
2026-03-24,66.09000,69.88000,66.09000,69.50000,232000
2026-03-25,70.84000,72.00000,70.10000,71.78000,228200
2026-03-26,70.91000,72.06000,70.48000,71.35000,268100
2026-03-27,70.55000,71.88000,69.76000,70.57000,209200
2026-03-30,71.42000,72.04000,69.35000,69.56000,364300
2026-03-31,70.33000,72.74000,70.33000,71.23000,357700
2026-04-01,72.12000,72.94000,71.04000,72.28000,281500
2026-04-02,70.99000,72.53000,70.37000,71.09000,250200
2026-04-06,70.97000,71.04000,69.53000,70.48000,169800
2026-04-07,70.30000,70.79000,69.09000,70.57000,262400
2026-04-08,73.89000,73.93000,72.25000,73.40000,340100
2026-04-09,72.87000,75.63000,72.67000,74.98000,230200
2026-04-10,75.25000,75.89000,74.22000,75.25000,179800
2026-04-13,74.95000,76.17000,74.55000,75.98000,216400
2026-04-14,76.26000,77.22000,75.47000,76.56000,248300
2026-04-15,76.06000,75.96000,74.39000,74.57000,67098
