date,open,high,low,close,volume
2016-02-01,15.31000,15.50000,15.00000,15.18000,22100
2016-02-02,14.78000,15.52000,13.83500,14.58000,12200
2016-02-03,14.66000,15.03000,14.06000,14.60000,3600
2016-02-04,14.47000,14.75000,13.98000,14.46000,7400
2016-02-05,14.25000,14.81000,13.99000,13.99000,19600
2016-02-08,13.98000,14.59000,13.98000,14.28000,8400
2016-02-09,14.60000,14.60000,14.25000,14.25000,9600
2016-02-10,15.00000,15.00000,14.13200,14.55000,12700
2016-02-11,14.44000,14.80000,13.56000,14.40000,75700
2016-02-12,14.47000,15.18000,13.97500,15.06000,10600
2016-02-16,15.06000,15.06000,14.59000,14.70000,10700
2016-02-17,14.77000,14.88000,14.30000,14.54000,8300
2016-02-18,14.38000,14.80000,14.38000,14.74000,8500
2016-02-19,14.71000,14.92000,14.39000,14.45000,10700
2016-02-22,14.43000,14.80000,14.25000,14.40000,13300
2016-02-23,14.64500,14.75000,14.27000,14.71000,20400
2016-02-24,14.52000,14.89000,14.24000,14.76000,3700
2016-02-25,14.80000,15.13000,14.73900,14.94000,19300
2016-02-26,14.80000,14.90000,14.25000,14.79000,8000
2016-02-29,14.73000,15.48000,14.73000,14.97000,10600
2016-03-01,14.90000,14.97000,14.53000,14.87000,10700
2016-03-02,14.74000,14.82000,14.63000,14.78000,6600
2016-03-03,14.67000,14.87000,14.67000,14.77000,10300
2016-03-04,14.80000,14.92000,14.41000,14.80000,7200
2016-03-07,14.84000,14.94000,14.48000,14.86000,8800
2016-03-08,14.86000,14.97000,14.59000,14.60000,9200
2016-03-09,14.78000,14.80000,14.03000,14.59000,2900
2016-03-10,14.59000,14.74000,14.56000,14.60000,3600
2016-03-11,14.45000,14.86000,14.45000,14.86000,9200
2016-03-14,14.79000,14.79000,14.62000,14.68000,2700
2016-03-15,14.53000,14.80000,14.52000,14.52000,5800
2016-03-16,14.78000,14.85000,14.49000,14.60000,3000
2016-03-17,14.54000,14.58000,14.11000,14.58000,3700
2016-03-18,14.80000,14.81000,14.25000,14.78000,25700
2016-03-21,14.78000,14.90000,14.69000,14.74000,16200
2016-03-22,14.70000,14.88500,14.70000,14.80000,2100
2016-03-23,14.60000,14.67400,14.60000,14.61000,44100
2016-03-24,14.35000,14.76000,14.35000,14.40000,3500
2016-03-28,14.41000,15.06000,14.41000,14.85000,36000
2016-03-29,14.73000,15.31000,14.71000,15.28000,12500
2016-03-30,15.31000,15.65000,15.20000,15.46000,6200
2016-03-31,15.90000,16.10000,15.29000,15.55000,19100
2016-04-01,15.91000,15.95000,15.07500,15.72000,7600
2016-04-04,15.90000,15.93000,15.25000,15.45000,12500
2016-04-05,15.49000,15.97000,15.30000,15.30000,10000
2016-04-06,15.34000,16.66500,15.34000,15.72000,9100
2016-04-07,15.66000,15.80000,15.35000,15.38000,6700
2016-04-08,15.40000,15.45000,15.12000,15.12000,4600
2016-04-11,15.49000,15.90000,14.90000,14.90000,8000
2016-04-12,14.87000,15.45000,14.50000,14.95000,51400
2016-04-13,14.88000,15.44000,14.64000,14.95000,28300
2016-04-14,14.94000,15.04000,14.57000,14.62000,14900
2016-04-15,14.54000,15.29000,14.41000,14.42000,65100
2016-04-18,14.60000,14.71000,14.37000,14.45000,25300
2016-04-19,14.53000,14.90000,14.38000,14.56000,9900
2016-04-20,13.55000,14.60000,13.55000,14.30000,8200
2016-04-21,14.39000,14.74000,13.93000,14.32000,90800
2016-04-22,14.44000,14.70000,14.30000,14.54000,22200
2016-04-25,14.51000,15.00000,14.35000,14.48000,30800
2016-04-26,14.71000,14.75000,14.46000,14.54000,22500
2016-04-27,14.76000,14.83000,13.72500,14.41000,24300
2016-04-28,14.49000,14.74000,13.81500,14.23000,10800
2016-04-29,14.17000,14.50000,14.10000,14.39000,6300
2016-05-02,14.16000,14.49000,14.00100,14.49000,7000
2016-05-03,14.25000,14.43000,14.22000,14.23000,7700
2016-05-04,14.51000,14.51000,14.08000,14.09000,36700
2016-05-05,14.38000,14.38000,14.14000,14.21000,5200
2016-05-06,14.10800,14.30500,14.10800,14.25000,14000
2016-05-09,14.34000,14.55600,14.34000,14.50000,17000
2016-05-10,14.59000,14.60000,14.40000,14.57000,13400
2016-05-11,14.45000,14.70000,14.13900,14.19000,8900
2016-05-12,14.28000,14.28000,14.00000,14.00000,4200
2016-05-13,14.01000,14.42000,14.01000,14.37000,10200
2016-05-16,14.96500,14.96500,14.27000,14.38000,13800
2016-05-17,14.23000,14.48000,13.56000,13.70000,15800
2016-05-18,13.59000,14.28000,13.25000,13.68000,8300
2016-05-19,14.04000,14.25000,13.51000,13.84000,16500
2016-05-20,13.92000,14.30500,13.91000,14.07000,21700
2016-05-23,14.17000,14.51500,13.82000,14.17000,24900
2016-05-24,14.00000,14.43000,13.62000,13.99000,32200
2016-05-25,14.03000,14.25000,13.87000,13.94000,10300
2016-05-26,14.06000,14.27000,13.89000,13.89000,8500
2016-05-27,13.90000,14.03000,13.31000,14.00000,7000
2016-05-31,14.05000,14.54000,13.41000,13.70000,75100
2016-06-01,13.83000,14.09500,12.85000,13.85000,20900
2016-06-02,14.14000,14.54000,13.76000,13.77000,22900
2016-06-03,13.77000,14.20500,13.62100,13.71000,14600
2016-06-06,13.82000,13.88000,13.42000,13.74000,58900
2016-06-07,13.75000,13.75000,13.38000,13.40000,149300
2016-06-08,13.55000,13.75000,13.22000,13.35000,24200
2016-06-09,13.27000,13.56000,13.16000,13.29000,17700
2016-06-10,13.45000,13.52000,13.07000,13.13000,21600
2016-06-13,13.24000,13.24000,12.71000,12.73000,16800
2016-06-14,12.69000,13.09000,12.53000,13.02000,11100
2016-06-15,13.37000,13.68000,12.60000,13.03000,22400
2016-06-16,12.81500,13.00000,12.56000,12.90000,18300
2016-06-17,12.93000,13.49000,12.64000,13.24000,34300
2016-06-20,13.04000,13.90000,13.04000,13.50000,23000
2016-06-21,13.20000,13.98300,13.04000,13.37000,15800
2016-06-22,13.28000,13.65000,13.21000,13.52000,19600
2016-06-23,13.71000,13.76000,13.32000,13.56000,16500
2016-06-24,13.10000,13.76000,13.00000,13.67000,101700
2016-06-27,13.38000,13.96500,13.29000,13.52000,31500
2016-06-28,13.88000,13.88000,13.42000,13.59000,14700
2016-06-29,13.57000,13.75000,13.44000,13.60000,13700
2016-06-30,13.67000,13.73000,13.37000,13.70000,11400
2016-07-01,13.64000,13.77000,13.51000,13.68000,7300
2016-07-05,13.50000,13.89000,13.49000,13.75000,16200
2016-07-06,13.61000,14.41000,13.55000,14.17000,21800
2016-07-07,14.28000,14.28000,13.81000,14.00000,6600
2016-07-08,14.14000,14.60500,14.03000,14.58000,13800
2016-07-11,14.50500,14.65000,13.62400,14.56000,33400
2016-07-12,14.58000,15.08000,14.25000,14.99000,114200
2016-07-13,15.00000,15.36000,14.60000,15.18000,23800
2016-07-14,15.18000,15.34000,15.00000,15.31000,12000
2016-07-15,15.41000,15.96000,14.98500,15.56000,22500
2016-07-18,15.70000,15.79000,15.33400,15.55000,14400
2016-07-19,15.64000,15.64000,14.70500,15.23000,14100
2016-07-20,16.30000,17.14000,15.43000,15.59000,12700
2016-07-21,15.60000,15.86000,14.98500,15.14000,13800
2016-07-22,15.11000,15.76500,14.75000,15.40000,5100
2016-07-25,15.18000,15.68000,15.17000,15.55000,14300
2016-07-26,15.30000,15.83000,15.27000,15.80000,4700
2016-07-27,15.51000,15.93000,15.20000,15.51000,9700
2016-07-28,15.57000,15.92000,15.27000,15.83000,6500
2016-07-29,15.70000,15.70000,13.26000,15.02000,17400
2016-08-01,15.03000,15.76000,15.00000,15.67000,10000
2016-08-02,15.22000,15.80000,15.22000,15.58000,14500
2016-08-03,15.64000,15.91000,15.33000,15.71000,10600
2016-08-04,15.80000,16.05000,15.58000,15.89000,9600
2016-08-05,15.97000,16.25000,15.63000,16.03000,11900
2016-08-08,15.97000,16.23000,15.60000,15.85000,27200
2016-08-09,15.95000,16.18000,15.73100,16.00000,10500
2016-08-10,16.05000,16.10000,15.47000,15.90000,5500
2016-08-11,15.98000,15.98000,15.21000,15.80000,3200
2016-08-12,15.75000,15.93000,15.50000,15.72000,12900
2016-08-15,15.51000,15.95000,14.65000,15.86000,9300
2016-08-16,16.10000,16.10000,15.58200,15.95000,12600
2016-08-17,16.06000,16.19000,15.90000,15.90000,2200
2016-08-18,16.05000,16.25000,15.76000,16.15000,18200
2016-08-19,16.25000,16.64000,16.07000,16.40000,17900
2016-08-22,16.49500,16.95500,16.04100,16.69000,10100
2016-08-23,16.74000,17.00000,16.74000,16.86000,6400
2016-08-24,16.84000,17.00000,16.84000,16.84000,4600
2016-08-25,16.60000,16.95000,16.60000,16.75000,5000
2016-08-26,16.78000,16.99000,16.48000,16.49000,4200
2016-08-29,16.60000,16.71600,16.29000,16.55000,4900
2016-08-30,16.48000,16.64000,16.08000,16.08000,7100
2016-08-31,16.20000,16.30000,15.81000,15.83000,10400
2016-09-01,15.80000,16.02000,15.69000,16.02000,8900
2016-09-02,15.90000,16.41000,15.90000,16.35000,4000
2016-09-06,16.14000,16.47000,15.85000,15.98000,5000
2016-09-07,16.13000,16.61000,16.13000,16.25000,8900
2016-09-08,16.37000,16.37000,15.71000,15.96000,8100
2016-09-09,15.91000,15.94000,15.32000,15.60000,9700
2016-09-12,15.65000,15.85000,15.48000,15.85000,8300
2016-09-13,16.27000,16.27000,15.40000,15.50000,4200
2016-09-14,15.57000,15.69000,15.31000,15.51000,7200
2016-09-15,15.53000,15.97000,15.15000,15.69000,15800
2016-09-16,15.82000,16.43000,15.65000,16.41000,24400
2016-09-19,16.41000,16.41000,15.86000,15.98000,7400
2016-09-20,16.10000,16.38000,15.75000,16.34000,11300
2016-09-21,15.99000,16.09000,15.90000,15.97000,7300
2016-09-22,16.00000,16.05000,15.72000,15.95000,11100
2016-09-23,15.83000,16.05000,15.79000,15.79000,8900
2016-09-26,15.59000,16.00000,15.45000,15.69000,11400
2016-09-27,15.96000,16.00000,15.63000,15.68000,9200
2016-09-28,15.71000,15.83000,15.25000,15.63000,13900
2016-09-29,15.66000,16.01000,15.52300,15.65000,3400
2016-09-30,15.75000,16.58000,15.75000,16.29000,9600
2016-10-03,16.07000,16.07000,15.81000,15.91000,7800
2016-10-04,15.55000,16.03000,15.11000,15.55000,8200
2016-10-05,15.60000,15.86000,15.52000,15.56000,7700
2016-10-06,15.58000,15.80000,15.28000,15.63000,6600
2016-10-07,15.91000,15.98000,15.62000,15.69000,5700
2016-10-10,15.69000,16.01000,15.69000,15.85000,5500
2016-10-11,15.97000,16.02500,15.54000,15.58000,7100
2016-10-12,15.63000,15.99000,15.63000,15.76000,4300
2016-10-13,15.79000,15.79000,15.31000,15.53000,4200
2016-10-14,15.83600,15.83600,15.58900,15.61000,4700
2016-10-17,15.65000,16.30000,15.65000,16.10000,21500
2016-10-18,16.25000,16.50000,16.15000,16.30000,9100
2016-10-19,16.20000,16.30000,16.00000,16.15000,2800
2016-10-20,16.35000,16.40000,16.30000,16.30000,1600
2016-10-21,16.15000,16.20000,15.80000,16.20000,2100
2016-10-24,16.40000,16.50000,15.75000,16.00000,6700
2016-10-25,16.40000,16.40000,15.80000,15.80000,2900
2016-10-26,16.20000,16.30000,15.60000,15.70000,4800
2016-10-27,15.75000,15.75000,15.45000,15.50000,11100
2016-10-28,15.45000,15.80000,15.40000,15.70000,5900
2016-10-31,15.60000,15.60000,15.32400,15.35000,10200
2016-11-01,15.45000,15.45000,15.15000,15.20000,4600
2016-11-02,15.40000,15.72500,14.45000,14.65000,10300
2016-11-03,14.85000,15.30000,14.35000,14.60000,17000
2016-11-04,15.60000,15.60000,15.07500,15.20000,7700
2016-11-07,15.45000,16.30000,15.10000,15.45000,6300
2016-11-08,15.25000,16.20000,15.25000,16.20000,1700
2016-11-09,15.65000,16.40000,15.65000,16.40000,15900
2016-11-10,16.50000,16.72500,16.05000,16.70000,17100
2016-11-11,16.70000,16.70000,15.15000,16.00000,31700
2016-11-14,16.00000,16.05000,15.30000,15.95000,16400
2016-11-15,16.12500,16.27500,15.85000,15.95000,23400
2016-11-16,15.90000,16.05000,15.90000,16.05000,28200
2016-11-17,16.00000,16.07300,15.95000,16.00000,8000
2016-11-18,16.00000,16.05000,15.80000,16.00000,13700
2016-11-21,16.05000,16.05000,15.80000,15.90000,22300
2016-11-22,16.05000,16.05000,15.95000,16.05000,16100
2016-11-23,15.95000,16.05000,15.95000,16.00000,7900
2016-11-25,16.00000,16.00000,15.95000,16.00000,5600
2016-11-28,16.00000,16.05000,15.75000,16.00000,14300
2016-11-29,16.00000,16.05000,15.77400,15.95000,7900
2016-11-30,16.00000,16.10000,15.94500,16.00000,90200
2016-12-01,15.95000,16.50000,15.90000,16.15000,9700
2016-12-02,16.00000,16.40000,16.00000,16.30000,6800
2016-12-05,16.90000,17.00000,16.90000,17.00000,7700
2016-12-06,16.90000,17.60000,16.75000,17.45000,20900
2016-12-07,17.50000,17.95000,17.00000,17.80000,18800
2016-12-08,17.80000,18.20000,17.80000,18.00000,30000
2016-12-09,18.14200,18.15000,18.05000,18.10000,14100
2016-12-12,18.15000,18.45000,18.00000,18.15000,8500
2016-12-13,18.20000,20.00000,17.25000,18.50000,8400
2016-12-14,17.70000,18.50000,17.70000,18.40000,11100
2016-12-15,17.70000,18.35000,17.60000,18.15000,21500
2016-12-16,18.00000,18.00000,16.30000,17.90000,70400
2016-12-19,17.85000,18.00000,16.75000,18.00000,10400
2016-12-20,18.00000,18.00000,17.90000,18.00000,12200
2016-12-21,17.90000,18.45000,17.90000,18.15000,25600
2016-12-22,19.00000,19.00000,17.80000,18.00000,5700
2016-12-23,18.05000,18.10000,17.95000,17.95000,4800
2016-12-27,16.60000,18.30000,16.60000,18.20000,2600
2016-12-28,18.10000,18.25000,17.75000,18.00000,7200
2016-12-29,18.50000,18.90000,18.45000,18.75000,4900
2016-12-30,18.65000,19.05000,18.65000,19.00000,19700
2017-01-03,19.15000,19.88700,18.60000,18.80000,9300
2017-01-04,18.95000,19.40000,18.75000,19.20000,11300
2017-01-05,18.70000,19.70000,18.70000,19.60000,23000
2017-01-06,19.70000,19.75000,19.35000,19.40000,5500
2017-01-09,19.50000,19.50000,18.83400,19.00000,7000
2017-01-10,19.17500,19.25000,19.00000,19.20000,8800
2017-01-11,19.15000,19.15000,18.65000,18.75000,5900
2017-01-12,18.75000,18.80000,18.55000,18.60000,4200
2017-01-13,18.70000,18.70000,18.20000,18.55000,17900
2017-01-17,18.45000,18.55000,18.10000,18.25000,12100
2017-01-18,18.40000,18.55000,17.90000,18.45000,3600
2017-01-19,18.15000,18.50000,18.15000,18.35000,10700
2017-01-20,18.30000,18.50000,17.95000,18.15000,21500
2017-01-23,16.70000,17.95000,16.70000,17.50000,14000
2017-01-24,17.10000,18.45000,17.10000,18.40000,4700
2017-01-25,18.50000,18.65000,18.20000,18.35000,7600
2017-01-26,18.25000,18.25000,17.90000,18.05000,2600
2017-01-27,18.20000,18.20000,17.60000,17.70000,3600
2017-01-30,17.60000,17.80000,17.20000,17.20000,9600
2017-01-31,17.20000,17.55000,16.50000,17.45000,92400
2017-02-01,16.55000,17.90000,16.55000,17.85000,6100
2017-02-02,17.95000,18.00000,17.65000,17.80000,5900
2017-02-03,18.00000,18.15000,17.85000,18.10000,10800
2017-02-06,17.95000,18.45000,17.95000,18.05000,4600
2017-02-07,18.60000,18.60000,17.87500,18.00000,6100
2017-02-08,18.10000,18.10000,17.50000,17.85000,2900
2017-02-09,18.10200,18.25000,17.72500,18.20000,5500
2017-02-10,18.20000,18.70000,18.10000,18.30000,5400
2017-02-13,18.40000,18.55000,18.20000,18.40000,3800
2017-02-14,18.30000,18.30000,17.70000,17.95000,13400
2017-02-15,17.90000,18.00300,17.15000,17.85000,3400
2017-02-16,17.70000,17.70000,17.20000,17.25000,2600
2017-02-17,17.65000,17.98200,17.35000,17.50000,1033900
2017-02-21,17.70000,18.00000,17.60000,17.90000,4900
2017-02-22,18.10000,18.70000,18.10000,18.60000,7400
2017-02-23,18.65000,18.70000,18.65000,18.65000,3900
2017-02-24,18.43800,18.85000,18.43800,18.70000,4100
2017-02-27,18.70000,19.50000,18.60000,19.00000,11200
2017-02-28,18.80000,19.90000,18.55000,18.65000,11500
2017-03-01,19.00000,19.20000,18.65000,18.80000,7100
2017-03-02,18.42500,20.15000,18.42500,19.80000,19600
2017-03-03,19.60000,19.60000,18.55000,18.95000,18800
2017-03-06,18.55000,18.85000,18.40000,18.75000,14300
2017-03-07,18.75000,18.75000,18.15000,18.65000,12800
2017-03-08,18.60000,18.75000,17.55000,17.55000,10000
2017-03-09,17.77500,17.77500,16.90000,17.05000,8600
2017-03-10,17.35000,18.00000,17.05000,17.75000,19100
2017-03-13,18.32500,18.40000,17.60000,17.90000,11600
2017-03-14,18.30000,18.30000,17.85000,17.85000,14100
2017-03-15,17.95000,18.55000,17.95000,18.40000,42800
2017-03-16,18.50000,18.70000,18.30000,18.50000,8500
2017-03-17,18.35000,19.60000,18.10000,19.05000,38100
2017-03-20,19.15000,19.50000,19.02500,19.25000,14300
2017-03-21,19.30000,19.80000,19.07500,19.40000,37000
2017-03-22,19.35900,19.45000,18.95000,19.10000,11700
2017-03-23,19.00000,19.10000,18.85000,19.00000,5400
2017-03-24,19.05000,19.65000,19.00000,19.15000,5600
2017-03-27,19.15000,20.92500,19.15000,20.00000,21300
2017-03-28,19.40000,20.10000,19.40000,19.95000,9200
2017-03-29,20.00000,20.40000,19.25000,19.25000,16200
2017-03-30,18.81200,19.90900,18.81200,19.35000,13900
2017-03-31,19.20000,20.00000,19.20000,19.70000,8400
2017-04-03,19.40000,20.00000,19.40000,19.80000,8300
2017-04-04,19.15000,20.50000,19.15000,20.15000,14600
2017-04-05,20.80000,20.90000,20.27500,20.30000,22700
2017-04-06,20.40000,21.20000,20.40000,20.85000,21300
2017-04-07,21.00000,21.25000,20.90000,21.10000,3200
2017-04-10,21.50000,21.70000,21.12200,21.30000,20200
2017-04-11,21.15000,21.80000,21.15000,21.65000,11000
2017-04-12,21.85000,22.00000,21.45000,21.45000,8200
2017-04-13,20.67500,21.64900,20.19300,20.60000,8800
2017-04-17,20.90000,21.35000,20.60000,21.35000,7200
2017-04-18,21.50000,22.00000,21.45000,21.90000,10000
2017-04-19,21.95000,22.35000,21.57600,22.10000,13600
2017-04-20,22.45000,22.55000,22.15000,22.55000,14100
2017-04-21,22.55000,23.35000,22.43000,22.95000,11700
2017-04-24,23.30000,23.45000,23.00000,23.25000,5100
2017-04-25,23.30000,24.15000,23.25000,23.95000,28600
2017-04-26,23.95000,24.85000,23.50000,24.55000,16800
2017-04-27,24.70000,25.25000,24.67500,24.85000,41800
2017-04-28,25.00000,25.00000,24.60000,24.80000,27800
2017-05-01,24.85000,25.10000,24.80000,24.85000,21700
2017-05-02,24.85000,25.25000,24.85000,25.00000,10200
2017-05-03,24.90000,25.22500,24.90000,25.05000,33200
2017-05-04,25.00000,25.00000,24.45000,24.50000,7100
2017-05-05,24.55000,24.60000,23.90000,24.00000,14500
2017-05-08,24.25000,24.27500,23.60000,24.00000,31100
2017-05-09,24.00000,24.35000,23.90000,24.35000,24600
2017-05-10,24.25000,24.55000,24.00000,24.15000,17100
2017-05-11,24.30000,24.35000,23.95000,24.20000,15600
2017-05-12,24.90000,24.90000,24.15000,24.25000,11500
2017-05-15,24.67500,24.90000,23.95000,24.60000,39100
2017-05-16,24.60000,25.00000,24.28000,24.75000,27900
2017-05-17,24.50000,24.60000,24.10000,24.25000,31100
2017-05-18,24.55000,24.55000,23.45000,23.60000,27700
2017-05-19,23.55000,24.00000,23.45000,23.70000,17700
2017-05-22,23.30000,24.20000,23.30000,23.90000,16500
2017-05-23,22.75000,24.00000,22.75000,23.85000,9300
2017-05-24,23.85000,24.40000,23.35000,24.15000,25700
2017-05-25,24.50000,24.70000,24.35000,24.70000,14800
2017-05-26,24.60000,24.70000,24.15000,24.15000,12900
2017-05-30,24.35000,24.55000,24.00000,24.15000,13200
2017-05-31,24.15000,24.30000,23.95000,24.00000,18100
2017-06-01,24.00000,24.70000,23.25000,24.10000,23100
2017-06-02,24.10000,24.65000,24.10000,24.35000,21200
2017-06-05,24.40000,24.70000,24.25000,24.55000,10000
2017-06-06,24.30000,25.75000,24.30000,25.60000,19500
2017-06-07,25.70000,27.25000,25.70000,26.15000,26300
2017-06-08,25.90000,26.55000,25.85000,25.95000,25000
2017-06-09,25.90000,26.94900,25.90000,26.35000,25800
2017-06-12,26.45000,27.55000,26.45000,27.35000,34200
2017-06-13,27.60000,28.15000,27.50000,28.15000,36000
2017-06-14,28.75000,28.75000,27.55000,27.95000,61200
2017-06-15,27.55000,27.80000,27.50000,27.50000,27700
2017-06-16,27.15000,27.65000,27.15000,27.50000,65900
2017-06-19,27.45000,27.50000,27.25000,27.45000,37700
2017-06-20,27.40900,27.50000,27.10000,27.20000,14100
2017-06-21,27.50000,27.50000,27.10000,27.10000,18000
2017-06-22,27.20000,27.30000,26.90000,27.00000,11000
2017-06-23,27.05000,27.10000,26.40000,27.10000,148300
2017-06-26,26.85000,27.75000,26.70000,27.05000,41800
2017-06-27,27.25000,27.25000,26.75000,26.95000,20600
2017-06-28,26.90000,27.35000,26.90000,27.25000,20700
2017-06-29,27.20000,27.20000,26.70000,26.95000,18100
2017-06-30,26.90000,27.05000,26.75000,26.90000,11000
2017-07-03,26.95000,27.25000,26.90000,27.10000,7300
2017-07-05,27.10000,27.40000,26.80000,27.35000,13700
2017-07-06,27.05000,27.35000,26.90000,27.20000,15000
2017-07-07,27.05000,28.20000,27.05000,27.75000,25500
2017-07-10,27.80000,28.37800,27.35000,27.45000,18100
2017-07-11,27.50000,27.90000,26.70000,27.70000,9400
2017-07-12,27.70000,28.25000,27.70000,28.15000,11700
2017-07-13,28.10000,28.25000,27.85000,28.15000,16700
2017-07-14,28.05000,28.45000,28.05000,28.20000,11400
2017-07-17,28.15000,28.75000,28.00000,28.30000,27200
2017-07-18,28.25000,28.50000,28.25000,28.50000,13200
2017-07-19,28.66200,28.85000,28.40000,28.55000,40000
2017-07-20,28.55000,28.90000,28.25000,28.55000,40200
2017-07-21,28.75000,28.95000,28.50000,28.60000,44500
2017-07-24,29.35000,29.55000,28.44400,29.25000,20800
2017-07-25,29.45000,29.82500,28.85000,29.00000,15600
2017-07-26,28.90000,29.75000,28.90000,29.70000,15100
2017-07-27,29.65000,29.95000,28.75000,29.15000,12100
2017-07-28,29.70000,29.70000,29.15000,29.25000,24100
2017-07-31,29.45000,29.85000,29.30000,29.40000,18200
2017-08-01,29.55000,29.95000,28.95000,29.70000,18800
2017-08-02,30.85000,32.60000,29.35000,29.65000,21900
2017-08-03,29.55000,30.00000,29.15000,29.80000,12400
2017-08-04,29.90000,30.05000,29.45000,29.90000,19800
2017-08-07,29.95000,30.45000,29.75000,29.95000,15900
2017-08-08,29.95000,30.40000,29.85000,30.20000,13200
2017-08-09,30.00000,31.00000,30.00000,30.60000,18000
2017-08-10,30.40900,30.40900,30.00000,30.15000,17800
2017-08-11,30.20000,30.95000,30.05000,30.80000,19100
2017-08-14,31.20000,32.01500,30.92000,31.15000,20800
2017-08-15,31.15000,31.25000,31.05000,31.20000,10800
2017-08-16,31.40000,31.40000,30.25000,30.35000,16600
2017-08-17,30.30000,30.37600,29.81100,30.05000,28000
2017-08-18,29.95000,30.20000,29.75000,30.15000,13900
2017-08-21,30.20000,30.40000,29.90000,29.95000,18100
2017-08-22,30.00000,30.25000,30.00000,30.25000,6900
2017-08-23,29.95000,30.15000,29.90000,30.00000,8900
2017-08-24,30.00000,30.25000,29.90000,30.00000,11700
2017-08-25,30.40000,30.45000,29.80000,30.35000,9300
2017-08-28,30.65000,31.65000,30.05000,31.35000,41700
2017-08-29,31.50000,32.55000,31.50000,32.35000,35900
2017-08-30,32.75000,32.90000,32.50000,32.60000,22200
2017-08-31,32.85000,33.15000,32.25000,32.30000,32200
2017-09-01,32.40000,33.00000,32.00000,32.95000,42500
2017-09-05,33.00000,33.45000,32.90000,33.10000,33300
2017-09-06,33.10000,33.70000,33.10000,33.65000,32600
2017-09-07,33.70000,33.70000,33.00000,33.15000,14200
2017-09-08,33.20000,33.39400,32.50000,32.50000,17700
2017-09-11,33.10000,33.65000,33.05000,33.20000,23500
2017-09-12,33.20000,33.58600,33.00000,33.25000,23700
2017-09-13,33.30000,33.60000,33.15000,33.45000,20400
2017-09-14,33.50000,34.50000,33.45000,34.35000,27500
2017-09-15,34.45000,34.45000,33.51000,34.25000,100500
2017-09-18,35.85000,41.99400,35.50000,37.60000,123100
2017-09-19,37.90000,39.00000,37.00000,37.50000,41800
2017-09-20,37.55000,38.00000,36.40000,37.25000,46700
2017-09-21,37.05000,37.85000,36.60000,36.90000,35900
2017-09-22,36.70000,37.50000,36.70000,37.45000,11600
2017-09-25,37.15000,38.05000,37.05000,37.20000,50800
2017-09-26,37.40000,41.15000,37.40000,37.75000,31100
2017-09-27,38.05000,38.10000,37.30000,37.85000,34800
2017-09-28,37.75000,38.20000,35.00000,37.90000,27600
2017-09-29,37.90000,37.95000,37.35000,37.70000,23300
2017-10-02,37.95000,38.30000,37.82300,38.30000,43900
2017-10-03,38.55000,38.80000,38.30000,38.55000,20700
2017-10-04,38.70000,39.00000,37.55000,37.85000,32400
2017-10-05,37.90000,38.00000,37.20000,37.85000,30200
2017-10-06,37.85000,38.20000,37.35000,37.70000,14700
2017-10-09,37.90000,37.95000,37.50000,37.50000,12500
2017-10-10,37.80000,37.80000,37.25000,37.45000,21400
2017-10-11,37.60000,37.60000,36.90000,37.15000,30400
2017-10-12,36.90000,37.50000,36.90000,36.90000,27700
2017-10-13,37.10000,37.35000,36.30000,36.55000,22000
2017-10-16,36.70000,37.00000,36.05000,36.50000,63800
2017-10-17,36.52500,37.70000,36.42500,36.90000,82400
2017-10-18,37.20000,37.90000,36.85000,37.55000,104900
2017-10-19,37.50000,37.65000,36.85000,37.30000,134100
2017-10-20,37.55000,38.25000,37.25000,37.70000,37500
2017-10-23,37.90000,38.00000,36.76100,36.95000,22400
2017-10-24,37.00000,37.60000,37.00000,37.45000,28700
2017-10-25,37.50000,38.00000,37.07500,37.90000,40100
2017-10-26,38.00000,38.10000,37.65000,37.75000,55600
2017-10-27,38.00000,38.00000,37.80000,38.00000,27400
2017-10-30,37.95000,38.00000,35.90000,35.90000,16200
2017-10-31,36.00000,37.80000,36.00000,37.55000,27600
2017-11-01,37.45000,37.45000,35.95000,36.30000,32800
2017-11-02,36.30000,37.35000,36.30000,37.35000,14600
2017-11-03,37.30000,37.80000,37.17500,37.45000,19100
2017-11-06,37.30000,37.65000,36.35000,36.60000,19400
2017-11-07,37.20000,37.20000,34.40000,34.45000,42600
2017-11-08,35.60000,35.60000,32.60000,32.90000,44100
2017-11-09,32.35000,33.00000,31.60500,33.00000,46100
2017-11-10,32.95000,33.00000,32.35000,32.40000,14600
2017-11-13,32.40000,32.75000,31.70000,32.45000,26100
2017-11-14,32.35000,32.50000,32.05000,32.35000,11600
2017-11-15,32.20000,32.21700,31.40000,31.40000,16300
2017-11-16,31.60000,32.90000,31.42500,32.75000,16000
2017-11-17,32.65000,33.15000,32.45000,32.65000,16000
2017-11-20,32.70000,33.66400,32.60000,33.50000,14700
2017-11-21,33.45000,34.45000,33.45000,34.15000,18000
2017-11-22,34.30000,34.70000,33.40000,33.40000,13900
2017-11-24,33.65000,33.65000,32.85000,33.25000,18800
2017-11-27,33.25000,34.00000,33.20000,33.75000,15100
2017-11-28,33.85000,34.40000,33.65000,34.10000,15800
2017-11-29,34.20000,34.60000,33.95000,34.25000,14100
2017-11-30,34.40000,34.55000,33.80000,33.95000,50000
2017-12-01,34.15000,35.70000,33.65000,35.60000,33000
2017-12-04,35.70000,36.12000,34.90000,35.05000,20800
2017-12-05,35.20000,35.95700,34.65000,34.70000,22400
2017-12-06,34.65000,34.85000,33.65000,33.80000,18400
2017-12-07,33.75000,34.20000,33.60000,33.80000,17300
2017-12-08,34.15000,34.95000,33.55000,33.60000,16700
2017-12-11,33.70000,35.50000,33.70000,34.10000,21600
2017-12-12,34.35000,34.55000,33.30000,33.60000,16700
2017-12-13,33.50000,34.20000,32.45000,33.65000,73200
2017-12-14,33.75000,35.63200,33.10000,33.60000,46200
2017-12-15,33.60000,34.60000,33.60000,34.30000,72300
2017-12-18,34.65000,35.15000,34.50000,34.95000,20200
2017-12-19,35.00000,35.45000,34.90000,35.05000,12200
2017-12-20,35.15000,35.57500,34.75000,34.95000,13500
2017-12-21,34.95000,35.55900,34.90000,35.20000,15400
2017-12-22,35.90000,36.30000,35.50000,36.10000,27600
2017-12-26,36.15000,37.40000,36.15000,37.15000,32300
2017-12-27,37.20000,37.67500,36.95000,37.10000,25600
2017-12-28,37.25000,37.70000,37.25000,37.40000,31900
2017-12-29,37.45000,38.15000,37.15000,37.30000,85200
2018-01-02,37.60000,37.80000,36.80000,36.80000,35200
2018-01-03,36.75000,37.20000,36.65000,36.85000,41000
2018-01-04,37.20000,37.40000,36.85000,37.20000,16800
2018-01-05,37.20000,37.20000,36.40000,36.50000,14400
2018-01-08,36.35000,37.05000,36.15000,36.60000,17400
2018-01-09,36.65000,37.15000,36.50000,36.65000,20200
2018-01-10,36.30000,36.90000,36.00000,36.05000,19800
2018-01-11,36.30000,37.00000,36.00000,36.45000,37200
2018-01-12,37.25000,37.35000,36.47500,36.85000,15700
2018-01-16,36.95000,39.75000,36.00000,36.10000,20300
2018-01-17,36.10000,36.85100,35.74000,36.55000,12400
2018-01-18,36.60000,37.20000,36.20000,36.50000,12300
2018-01-19,36.35000,37.95000,36.20000,37.35000,27600
2018-01-22,37.30000,37.62700,37.05000,37.50000,8900
2018-01-23,37.50000,38.20000,37.50000,38.05000,10600
2018-01-24,38.15000,38.35000,37.70000,37.85000,18800
2018-01-25,38.05000,38.45000,37.85000,38.45000,13900
2018-01-26,38.50000,38.65000,37.95000,38.15000,12200
2018-01-29,38.10000,38.10000,36.65000,36.70000,16600
2018-01-30,36.35000,37.40000,36.35000,37.00000,19900
2018-01-31,37.15000,38.07500,37.10000,37.65000,15100
2018-02-01,37.55000,38.25000,37.05000,37.30000,14700
2018-02-02,37.85000,37.90000,37.05000,37.40000,15100
2018-02-05,37.10000,38.55000,36.00000,36.00000,31700
2018-02-06,35.85000,39.35000,35.50000,36.00000,25600
2018-02-07,35.80000,36.00000,33.01700,34.75000,19100
2018-02-08,34.65000,35.30000,34.00000,34.45000,18300
2018-02-09,34.75300,36.05000,34.00000,35.05000,17300
2018-02-12,35.10000,35.90000,34.70000,35.00000,13900
2018-02-13,34.60000,36.65000,34.60000,35.30000,7700
2018-02-14,34.60000,35.80000,31.20000,32.40000,42900
2018-02-15,32.80000,33.85000,32.52500,32.55000,17700
2018-02-16,32.60000,33.50000,32.10000,32.25000,19300
2018-02-20,32.15000,32.60000,30.75000,30.75000,26700
2018-02-21,31.60000,31.60000,28.75000,29.15000,28600
2018-02-22,29.60000,30.40000,29.25000,29.90000,38800
2018-02-23,31.93800,31.93800,30.05000,30.50000,26100
2018-02-26,30.45000,30.75000,29.75000,30.25000,29000
2018-02-27,30.35000,30.50000,29.60000,29.85000,18500
2018-02-28,29.85000,30.85000,28.15000,28.30000,23100
2018-03-01,28.30000,29.65200,26.35000,29.35000,48900
2018-03-02,29.45000,30.90000,29.35000,30.65000,37300
2018-03-05,30.60000,31.19800,30.30000,30.40000,25900
2018-03-06,30.50000,31.28900,29.65000,31.10000,28000
2018-03-07,31.05000,31.10000,30.25000,30.70000,21600
2018-03-08,30.90000,31.98700,30.28500,30.50000,15400
2018-03-09,30.75000,31.50000,30.69300,31.45000,13400
2018-03-12,31.50000,31.75000,31.05000,31.50000,9700
2018-03-13,31.50000,31.75000,31.05000,31.40000,9300
2018-03-14,31.50000,32.15000,31.25000,31.85000,15700
2018-03-15,31.85000,31.85000,31.35000,31.60000,11000
2018-03-16,31.60000,32.25000,31.25100,31.50000,30300
2018-03-19,31.45000,31.85000,31.32500,31.60000,15100
2018-03-20,31.55000,31.70000,31.05000,31.05000,9900
2018-03-21,31.15000,31.25000,30.93000,31.20000,10500
2018-03-22,30.95000,31.20000,30.80000,30.80000,8900
2018-03-23,30.80000,31.00000,28.95000,28.95000,25000
2018-03-26,29.25000,29.35000,28.50000,28.65000,22100
2018-03-27,28.70000,29.15000,28.50000,28.95000,15500
2018-03-28,28.80000,29.30000,28.70000,29.05000,19300
2018-03-29,29.20000,29.82500,29.00000,29.25000,62600
2018-04-02,29.25000,29.25000,28.35000,28.45000,28700
2018-04-03,28.70000,29.95000,28.70000,29.85000,11300
2018-04-04,29.55000,31.05000,29.52500,30.85000,21100
2018-04-05,30.90000,31.20000,30.50000,31.10000,13000
2018-04-06,31.45000,31.50000,30.95000,31.20000,16400
2018-04-09,31.35000,32.25000,31.20000,31.70000,31400
2018-04-10,32.00000,32.45000,31.30000,31.95000,20600
2018-04-11,31.75000,32.65000,31.75000,32.55000,111200
2018-04-12,32.75000,33.50000,32.65000,33.20000,12600
2018-04-13,33.25000,33.30000,32.55000,32.65000,5800
2018-04-16,32.85000,33.40000,32.75000,33.05000,10800
2018-04-17,33.25000,34.55000,33.25000,33.55000,38000
2018-04-18,34.10000,34.55000,33.05000,33.95000,25600
2018-04-19,34.75000,35.30000,33.20000,35.00000,80200
2018-04-20,34.15000,34.70000,33.95000,34.35000,31900
2018-04-23,33.90000,34.80000,33.75000,34.10000,30400
2018-04-24,34.85000,35.60000,34.00000,34.10000,29700
2018-04-25,34.15000,34.25000,33.97500,34.15000,23900
2018-04-26,34.30000,34.40000,34.10000,34.25000,12400
2018-04-27,34.35000,34.35000,33.45000,33.45000,10800
2018-04-30,33.55000,33.55000,32.30000,32.70000,36100
2018-05-01,32.50000,35.05000,32.45000,35.05000,55600
2018-05-02,33.95000,35.45000,33.95000,35.10000,14100
2018-05-03,34.90000,34.90000,33.00000,34.60000,45700
2018-05-04,34.50000,34.65000,33.75000,34.50000,26000
2018-05-07,34.50000,34.70000,32.11500,34.30000,26000
2018-05-08,34.20000,34.20000,33.05000,33.60000,18700
2018-05-09,33.65000,33.65000,32.65000,33.45000,78400
2018-05-10,33.50000,34.50000,33.40000,34.15000,78300
2018-05-11,34.05000,34.40000,33.50000,34.35000,19400
2018-05-14,34.35000,34.80000,33.70000,34.45000,60600
2018-05-15,34.25000,34.60000,34.15000,34.50000,19000
2018-05-16,34.55000,34.90000,33.77500,34.65000,24300
2018-05-17,34.70000,34.90000,34.10000,34.85000,55000
2018-05-18,34.90000,34.95000,33.73400,34.50000,48900
2018-05-21,34.55000,34.95000,34.05000,34.75000,36500
2018-05-22,34.75000,34.75000,33.85000,34.10000,22200
2018-05-23,34.10000,34.65000,32.97500,34.55000,28500
2018-05-24,34.50000,34.85000,34.40000,34.60000,20200
2018-05-25,34.40000,34.65000,33.30000,34.65000,13400
2018-05-29,34.35000,34.50000,33.15000,34.20000,16500
2018-05-30,34.50000,35.00000,34.50000,34.90000,24200
2018-05-31,34.80000,35.00000,34.40800,34.45000,25300
2018-06-01,34.65000,36.25000,34.65000,36.15000,32200
2018-06-04,36.15000,37.05000,36.15000,36.90000,14900
2018-06-05,37.70000,37.70000,36.15000,37.45000,19000
2018-06-06,38.00000,38.50000,37.15000,37.95000,20200
2018-06-07,37.95000,38.00000,36.70000,37.25000,14200
2018-06-08,37.15000,38.20000,36.80000,37.30000,16300
2018-06-11,37.80000,37.95000,36.97500,37.20000,17200
2018-06-12,37.25000,37.42500,36.77500,37.15000,29500
2018-06-13,37.05000,38.45000,36.50000,36.55000,12600
2018-06-14,36.70000,37.50000,36.70000,37.30000,20000
2018-06-15,37.05000,37.95000,36.60000,36.80000,45800
2018-06-18,36.70000,38.05000,36.65000,37.55000,15800
2018-06-19,37.55000,38.20000,37.43600,37.90000,17800
2018-06-20,38.05000,38.95000,38.05000,38.35000,25400
2018-06-21,38.25000,38.25000,36.85000,37.05000,19400
2018-06-22,37.20000,38.20000,36.90000,38.00000,142300
2018-06-25,37.60000,38.62500,37.40000,37.90000,25700
2018-06-26,37.95000,38.53300,37.40000,37.95000,29700
2018-06-27,37.95000,38.15000,37.07500,37.30000,13900
2018-06-28,37.20000,37.90000,36.47300,37.85000,13000
2018-06-29,37.90000,38.00000,37.17300,37.40000,24800
2018-07-02,37.00000,38.00000,37.00000,38.00000,22000
2018-07-03,38.00000,38.10000,37.70000,37.95000,13700
2018-07-05,38.00000,38.20000,37.65000,37.85000,36000
2018-07-06,37.95000,38.00000,37.84900,37.95000,30500
2018-07-09,38.00000,38.00000,37.80000,37.80000,25000
2018-07-10,37.90000,37.90000,36.75000,36.75000,17000
2018-07-11,36.80000,36.90000,36.05000,36.10000,20300
2018-07-12,36.25000,36.25000,35.50000,35.80000,36800
2018-07-13,35.85000,36.30000,35.60000,35.80000,44400
2018-07-16,35.75000,36.00000,35.55000,35.80000,70500
2018-07-17,35.80000,36.35000,35.60000,35.90000,43400
2018-07-18,35.80000,36.20000,35.60000,36.05000,68100
2018-07-19,36.00000,36.55000,35.69700,36.05000,49500
2018-07-20,36.00000,36.65000,35.85000,36.40000,44600
2018-07-23,36.45000,37.40000,36.15000,36.90000,50300
2018-07-24,37.05000,37.40000,36.00000,36.20000,30900
2018-07-25,35.90000,36.10000,35.50000,35.80000,40300
2018-07-26,35.85000,36.20000,35.35000,35.95000,58100
2018-07-27,35.95000,37.50000,35.85000,36.75000,34000
2018-07-30,36.95000,37.80000,36.46300,37.45000,92000
2018-07-31,37.50000,38.00000,36.95000,37.95000,35900
2018-08-01,37.90000,38.02500,37.40000,37.95000,31200
2018-08-02,37.85000,38.00000,37.80000,38.00000,31500
2018-08-03,37.85000,38.00000,36.80000,37.45000,17700
2018-08-06,37.50000,38.00000,36.90000,38.00000,39700
2018-08-07,38.00000,38.05000,37.55000,38.00000,41300
2018-08-08,38.00000,38.32500,37.65000,37.90000,32400
2018-08-09,37.85000,38.00000,37.83300,37.90000,13400
2018-08-10,37.80000,38.00000,37.50000,37.90000,17800
2018-08-13,37.85000,38.07500,37.67500,38.00000,98500
2018-08-14,38.00000,38.07500,37.65000,37.90000,23400
2018-08-15,37.90000,38.00000,37.20000,37.50000,19600
2018-08-16,37.65000,38.00000,37.45000,37.90000,10300
2018-08-17,37.85000,38.00000,37.75000,37.90000,18900
2018-08-20,37.90000,38.10000,37.60000,37.95000,26300
2018-08-21,38.00000,38.35000,37.90000,37.90000,43200
2018-08-22,37.90000,40.00000,37.90000,39.70000,210300
2018-08-23,40.00000,42.85000,38.60000,40.00000,36400
2018-08-24,40.00000,40.00000,39.92500,40.00000,29200
2018-08-27,40.00000,40.05000,39.10000,39.70000,25400
2018-08-28,39.80000,39.80000,38.30000,38.40000,13800
2018-08-29,38.35000,39.10000,37.90000,38.80000,10700
2018-08-30,38.75000,38.94900,38.30000,38.55000,12100
2018-08-31,38.40000,39.52500,37.90000,39.15000,72100
2018-09-04,38.95000,39.15000,38.50000,38.85000,16900
2018-09-05,38.40000,39.27000,38.22500,38.90000,14500
2018-09-06,38.50000,38.95000,38.20000,38.90000,12400
2018-09-07,38.80000,38.95000,37.90000,38.10000,15900
2018-09-10,38.35000,39.85000,38.10000,38.70000,17000
2018-09-11,38.60000,39.10000,37.50000,38.20000,24600
2018-09-12,38.15000,38.92500,37.60000,38.55000,27100
2018-09-13,38.75000,39.42500,38.30000,38.70000,19700
2018-09-14,38.90000,39.90000,38.25000,39.05000,30600
2018-09-17,38.90000,39.95000,38.90000,39.85000,34900
2018-09-18,37.52000,40.00000,37.52000,39.50000,23600
2018-09-19,39.40000,39.75000,37.65000,38.15000,22200
2018-09-20,38.15000,38.65000,38.15000,38.25000,13900
2018-09-21,38.20000,38.20000,37.02500,37.70000,60600
2018-09-24,37.45000,39.30000,37.45000,38.80000,29700
2018-09-25,38.95000,39.35000,38.31100,38.65000,18700
2018-09-26,38.60000,39.20000,38.20000,38.55000,17900
2018-09-27,38.45000,39.82400,38.00000,39.10000,25500
2018-09-28,38.60000,39.65000,38.26200,38.60000,22200
2018-10-01,38.50000,39.39000,37.98000,38.20000,22000
2018-10-02,38.23000,38.23000,37.16000,37.82000,27100
2018-10-03,37.99000,38.24000,36.83000,38.12000,34000
2018-10-04,37.31000,39.14100,37.31000,37.90000,16700
2018-10-05,38.06000,38.94000,37.35500,38.30000,10400
2018-10-08,38.23000,38.96800,35.58000,36.70000,32900
2018-10-09,36.54000,37.54000,36.54000,37.15000,58800
2018-10-10,37.04000,38.00000,36.57000,36.67000,35400
2018-10-11,36.55000,37.70000,36.31700,37.00000,32400
2018-10-12,37.31000,37.97000,36.20500,36.41000,32200
2018-10-15,36.63000,37.73000,35.65000,37.22000,19800
2018-10-16,36.34500,38.45000,36.27000,38.09000,19800
2018-10-17,38.07000,38.53000,36.64000,38.13000,27300
2018-10-18,38.10000,38.50000,36.85000,38.11000,25500
2018-10-19,37.97000,38.50000,36.55000,37.47000,24100
2018-10-22,37.47000,38.48000,37.20000,37.60000,20300
2018-10-23,37.33000,38.00000,36.18000,37.73000,17700
2018-10-24,37.80000,37.99000,35.95000,36.20000,12200
2018-10-25,36.41000,37.34000,36.05000,37.10000,18400
2018-10-26,36.75000,37.10000,36.52000,36.93000,14700
2018-10-29,37.35000,37.91000,36.38000,36.99000,17400
2018-10-30,37.02000,37.77000,36.77000,37.62000,26200
2018-10-31,38.05000,38.25000,35.87500,38.05000,58100
2018-11-01,38.26000,39.60000,37.71000,38.05000,13700
2018-11-02,37.98000,38.84000,37.64800,38.02000,21200
2018-11-05,38.07000,38.57000,37.18000,37.69000,14600
2018-11-06,37.42000,39.19000,37.42000,38.50000,21400
2018-11-07,39.55000,39.55000,38.21200,39.00000,12200
2018-11-08,38.87000,39.29000,36.30500,38.90000,11400
2018-11-09,38.01500,39.82000,38.01500,38.61000,16800
2018-11-12,38.72000,40.01000,38.72000,39.05000,31900
2018-11-13,39.00000,39.72000,38.27500,39.00000,14800
2018-11-14,39.33000,39.48000,38.13500,38.98000,12800
2018-11-15,38.84000,39.25000,38.20800,39.08000,22800
2018-11-16,38.90000,39.00000,38.00500,38.37000,17400
2018-11-19,38.66000,39.15500,37.84000,38.70000,25300
2018-11-20,38.70000,39.27000,37.44300,38.98000,21900
2018-11-21,39.07000,40.34000,38.38100,39.79000,15400
2018-11-23,39.45000,39.89000,37.99000,39.30000,7100
2018-11-26,39.50000,39.70000,38.12000,39.15000,14400
2018-11-27,39.10000,39.47000,38.67000,39.00000,7500
2018-11-28,39.10000,40.00000,36.37300,40.00000,15100
2018-11-29,39.98000,40.06500,39.27500,39.50000,14500
2018-11-30,39.47000,40.00000,38.71000,39.87000,16900
2018-12-03,40.00000,40.00000,39.00000,39.18000,12200
2018-12-04,39.13000,39.62000,38.62000,39.40000,29900
2018-12-06,39.30000,39.86000,38.61000,39.49000,24900
2018-12-07,39.81000,39.98000,38.51000,38.89000,20300
2018-12-10,38.76000,39.83000,37.75000,39.41000,55200
2018-12-11,38.96000,40.00000,38.96000,39.79000,9200
2018-12-12,40.00000,40.06000,39.38000,40.00000,13600
2018-12-13,40.00000,40.00000,39.43000,39.44000,14100
2018-12-14,39.44000,40.00000,39.01000,39.33000,14500
2018-12-17,39.33000,40.12500,39.28000,39.30000,23900
2018-12-18,39.73000,39.98000,39.32000,39.38000,18400
2018-12-19,39.53000,39.98000,38.02000,38.07000,21800
2018-12-20,38.01000,38.90600,37.08000,38.32000,19700
2018-12-21,38.60000,40.34000,38.23000,38.98000,81900
2018-12-24,38.87000,39.98000,37.10000,37.10000,16700
2018-12-26,37.77000,39.47000,37.77000,39.42000,29100
2018-12-27,38.99000,39.48000,37.87000,38.86000,15500
2018-12-28,38.36000,39.00000,35.72000,38.67000,10600
2018-12-31,38.89000,38.91000,37.54800,38.14000,21400
2019-01-02,37.70000,38.80200,37.31000,38.30000,46000
2019-01-03,38.14000,38.99000,37.03500,37.20000,10200
2019-01-04,37.95000,39.00000,36.72000,38.08000,43000
2019-01-07,38.17000,39.30000,37.18000,38.35000,40500
2019-01-08,38.17000,38.89000,37.20400,38.58000,9200
2019-01-09,38.58000,39.41500,38.10000,38.73000,17100
2019-01-10,38.53000,39.94500,38.50000,38.88000,7900
2019-01-11,38.38000,38.90000,38.00000,38.49000,13000
2019-01-14,38.16000,38.47000,37.68000,38.01000,21700
2019-01-15,38.38000,40.05000,38.38000,38.86000,9300
2019-01-16,38.60000,39.39000,38.05800,38.99000,48800
2019-01-17,39.15000,39.92000,39.00000,39.51000,12300
2019-01-18,39.79000,40.24000,38.94000,39.16000,180000
2019-01-22,39.07000,40.35000,39.07000,39.69000,36500
2019-01-23,39.74000,40.30000,39.09800,40.00000,39000
2019-01-24,39.95000,40.30000,39.05000,39.90000,20200
2019-01-25,40.00000,40.27000,39.69000,40.00000,11200
2019-01-28,39.64000,40.00000,39.51000,39.59000,10700
2019-01-29,39.60000,40.15000,39.00000,39.32000,24300
2019-01-30,39.38000,39.50000,38.82700,39.23000,15800
2019-01-31,39.05000,40.07000,38.80000,39.98000,32000
2019-02-01,39.99000,40.10000,39.69000,39.97000,11000
2019-02-04,39.93000,39.93000,39.02000,39.23000,15800
2019-02-05,39.39000,40.00000,39.39000,39.70000,7000
2019-02-06,39.71000,39.76000,38.94500,39.06000,19900
2019-02-07,39.05000,39.83000,38.87000,39.03000,9300
2019-02-08,38.98000,39.63000,38.89400,39.01000,11400
2019-02-11,39.12000,39.49000,38.60000,38.93000,19100
2019-02-12,38.99000,40.20000,36.51000,39.94000,23700
2019-02-13,38.86000,40.04500,37.88000,39.17000,17300
2019-02-14,38.87000,40.00000,38.59800,39.60000,14900
2019-02-15,39.66000,40.32000,39.61000,39.99000,28100
2019-02-19,40.00000,40.35000,39.50000,40.00000,92700
2019-02-20,39.80000,40.21200,39.80000,39.88000,20800
2019-02-21,39.81000,40.00000,39.51000,39.57000,11400
2019-02-22,39.62000,40.12000,39.57500,39.61000,22200
2019-02-25,39.74000,39.82000,38.56000,38.76000,13000
2019-02-26,38.68000,40.07500,38.47000,39.07000,16900
2019-02-27,39.25000,39.68000,38.71800,39.59000,17500
2019-02-28,39.22000,39.58000,38.74300,38.93000,13400
2019-03-01,39.16000,39.43000,38.74300,39.13000,10800
2019-03-04,39.14000,39.50000,38.51000,38.52000,13500
2019-03-05,38.57000,38.96600,37.57000,38.36000,20300
2019-03-06,38.33000,39.20600,37.64000,38.43000,32600
2019-03-07,38.12500,39.64000,38.00000,39.19000,36300
2019-03-08,39.10000,39.81000,39.10000,39.26000,11800
2019-03-11,39.35000,40.00000,39.07000,40.00000,18900
2019-03-12,39.99000,40.01000,39.24000,39.31000,21300
2019-03-13,39.55000,40.07500,39.40000,39.78000,16000
2019-03-14,39.77000,40.00000,38.51000,39.00000,37500
2019-03-15,39.05000,39.92500,38.60000,39.63000,66300
2019-03-18,39.44000,40.07500,39.15000,39.70000,42200
2019-03-19,39.75000,40.05000,38.52000,39.57000,17300
2019-03-20,39.44000,40.15000,39.07000,39.56000,41600
2019-03-21,39.36000,40.10000,39.36000,39.60000,18800
2019-03-22,39.61000,39.95000,38.27000,38.31000,28000
2019-03-25,38.58000,39.15000,37.58000,38.89000,20700
2019-03-26,38.90000,40.00000,38.89000,39.40000,15800
2019-03-27,39.37000,39.37000,38.13000,38.84000,19500
2019-03-28,38.60000,39.20000,37.82500,38.69000,14100
2019-03-29,38.75000,39.00000,38.34000,38.60000,21100
2019-04-01,38.60000,38.66000,37.95900,38.57000,34200
2019-04-02,38.56000,39.25000,38.38500,38.80000,33000
2019-04-03,38.91000,39.55000,38.57000,38.96000,26700
2019-04-04,39.83500,39.83500,38.50000,38.75000,28900
2019-04-05,38.74000,39.93000,38.49000,39.86000,43100
2019-04-08,39.52000,39.89500,39.10000,39.54000,17400
2019-04-09,39.45000,39.93000,38.50000,38.96000,41600
2019-04-10,39.16000,40.04500,38.86600,39.95000,28600
2019-04-11,40.00000,40.00000,39.21000,39.65000,24000
2019-04-12,39.95000,40.05000,39.35000,39.89000,25000
2019-04-15,39.93000,40.02000,39.50000,39.75000,10300
2019-04-16,40.05000,40.09700,39.15000,39.28000,26400
2019-04-17,39.34000,39.91000,38.74000,39.14000,18700
2019-04-18,38.91000,39.16000,38.68000,38.99000,15700
2019-04-22,38.89000,38.89000,38.22100,38.52000,8800
2019-04-23,38.75000,40.09000,38.75000,39.86000,43200
2019-04-24,39.80000,40.08000,39.22000,39.31000,30800
2019-04-25,39.30000,40.06000,38.60000,39.05000,22000
2019-04-26,39.00000,40.06000,38.95400,39.29000,10500
2019-04-29,39.36000,40.05000,39.17800,39.58000,15300
2019-04-30,39.57000,39.75000,39.00000,39.58000,28300
2019-05-01,39.61500,40.04000,39.12000,39.71000,23700
2019-05-02,39.71000,40.00000,39.39000,39.62000,9400
2019-05-03,39.73000,40.13000,39.73000,40.00000,43300
2019-05-06,39.65000,40.05000,39.65000,39.89000,26100
2019-05-07,39.69000,40.13000,39.69000,39.95000,37000
2019-05-08,40.00000,43.04000,39.97500,42.74000,247400
2019-05-09,42.14000,47.34000,42.14000,46.00000,46800
2019-05-10,45.35000,46.03500,44.06000,45.13000,43400
2019-05-13,44.81000,47.43000,44.81000,46.95000,30400
2019-05-14,46.60000,47.88000,45.56000,47.88000,49300
2019-05-15,47.00000,48.70000,46.98000,48.69000,21500
2019-05-16,48.45000,51.29000,47.21000,48.07000,47200
2019-05-17,47.93000,49.70000,47.51000,48.23000,43200
2019-05-20,48.44000,50.32000,48.44000,50.20000,19400
2019-05-21,50.38000,50.75000,49.06000,49.52000,86600
2019-05-22,49.51000,49.56000,48.68000,49.56000,34000
2019-05-23,49.19000,51.70000,49.19000,51.50000,17500
2019-05-24,51.12000,53.08000,50.47500,51.29000,29700
2019-05-28,51.34000,52.44000,51.34000,51.89000,83600
2019-05-29,51.46000,52.26500,50.19000,50.62000,23500
2019-05-30,50.67000,51.92000,50.67000,51.58000,28100
2019-05-31,51.23000,51.40000,49.86000,50.99000,23800
2019-06-03,51.06000,51.57000,50.13000,50.15000,23200
2019-06-04,50.33000,51.36000,49.62000,50.58000,25000
2019-06-05,50.65000,51.37000,50.35000,50.55000,14600
2019-06-06,50.60000,52.91000,49.97000,50.46000,29100
2019-06-07,50.64000,54.32000,50.20000,51.28000,26800
2019-06-10,51.30000,53.18500,51.00000,51.46000,21000
2019-06-11,51.55000,51.88000,50.53000,50.67000,18600
2019-06-12,50.70000,51.74000,50.23000,50.74000,23600
2019-06-13,50.82000,52.05000,50.41000,51.00000,28300
2019-06-14,50.99000,51.99000,50.84300,51.98000,51700
2019-06-17,52.19000,54.99000,52.10000,53.39000,65600
2019-06-18,53.51000,55.74000,53.51000,54.17000,23700
2019-06-19,53.62000,54.94000,53.55000,54.13000,33300
2019-06-20,54.70000,55.87000,54.56000,55.19000,30300
2019-06-21,55.25000,58.34000,54.20000,57.59000,88300
2019-06-24,57.46000,57.46000,52.96400,54.70000,43100
2019-06-25,54.82000,58.19000,52.84000,54.44000,29400
2019-06-26,54.50000,57.36000,53.65000,54.10000,27400
2019-06-27,53.74000,55.44000,53.32000,55.28000,89700
2019-06-28,55.32000,58.71000,55.10000,57.59000,220300
2019-07-01,57.86000,58.23000,55.61000,55.76000,40900
2019-07-02,55.73000,56.33200,54.24000,55.58000,27400
2019-07-03,56.51000,57.37500,55.91000,56.00000,32100
2019-07-05,55.91000,56.82000,55.50000,56.33000,32400
2019-07-08,56.27000,57.72500,55.70000,57.22000,27900
2019-07-09,57.35000,58.55000,56.53000,56.53000,42500
2019-07-10,57.51000,58.55000,56.51000,58.07000,36600
2019-07-11,58.27000,60.02000,57.42000,57.53000,30700
2019-07-12,57.57000,58.60000,57.10000,57.44000,35700
2019-07-15,57.63000,58.31000,56.67000,56.87000,28900
2019-07-16,56.81000,57.99000,56.50000,56.86000,47300
2019-07-17,57.09000,57.98000,56.71000,57.48000,35200
2019-07-18,57.60000,58.55000,57.60000,58.24000,31600
2019-07-19,57.89000,59.65000,57.89000,58.95000,44800
2019-07-22,59.49000,61.52000,59.41000,61.29000,53400
2019-07-23,61.75000,63.85000,61.14000,62.53000,52000
2019-07-24,62.37000,65.23000,61.70000,65.08000,57100
2019-07-25,65.15000,66.86000,64.42000,64.80000,72300
2019-07-26,65.02000,67.20000,65.02000,65.34000,34600
2019-07-29,66.09000,68.86000,66.09000,67.14000,58500
2019-07-30,67.06000,68.30000,65.89000,67.18000,61500
2019-07-31,67.43000,68.80000,67.13400,67.42000,54100
2019-08-01,67.63000,68.48000,66.18000,66.66000,59300
2019-08-02,66.35000,67.18200,65.15000,65.29000,27400
2019-08-05,64.58000,64.82000,61.44000,62.47000,42100
2019-08-06,63.86000,65.73700,61.71600,64.86000,50700
2019-08-07,63.39000,65.91000,60.02100,64.34000,31800
2019-08-08,64.56000,65.92900,64.00000,64.74000,29600
2019-08-09,64.67000,66.90500,63.69000,64.09000,33800
2019-08-12,63.94000,65.25000,62.90000,63.26000,34200
2019-08-13,63.32000,65.53000,63.00000,65.00000,48300
2019-08-14,64.40000,65.37000,63.33000,64.51000,51000
2019-08-15,64.77000,65.23000,63.48000,64.02000,30800
2019-08-16,63.99000,65.27000,63.99000,64.89000,28000
2019-08-19,65.79000,66.01000,63.95000,64.37000,41700
2019-08-20,63.86000,64.79500,63.54700,64.07000,19400
2019-08-21,64.75000,65.14000,64.00000,64.55000,38900
2019-08-22,64.95500,64.95500,63.55000,64.52000,15700
2019-08-23,63.86000,64.79000,62.08000,62.08000,21600
2019-08-26,62.35000,63.27500,61.89000,63.08000,17200
2019-08-27,63.33000,63.99000,61.26000,63.26000,26100
2019-08-28,63.05000,64.45000,62.29900,63.92000,267600
2019-08-29,64.48000,65.19600,64.26000,64.73000,19700
2019-08-30,65.05000,65.05000,63.57000,64.03000,19000
2019-09-03,63.80000,65.25500,63.61800,64.05000,63700
2019-09-04,64.76000,65.12000,64.33500,64.81000,14900
2019-09-05,64.75000,64.75000,62.90000,63.09000,32100
2019-09-06,63.28000,63.28000,61.82000,62.11000,37400
2019-09-09,62.20000,62.20000,60.25000,61.33000,22200
2019-09-10,61.11000,62.12000,60.47000,61.04000,18800
2019-09-11,61.20000,61.97000,60.48000,61.27000,33300
2019-09-12,61.58000,61.99000,60.72500,61.73000,45200
2019-09-13,61.92000,61.99000,60.90000,61.55000,108300
2019-09-16,61.75000,62.26700,61.10000,61.45000,56200
2019-09-17,61.44000,62.90000,61.37000,62.56000,33300
2019-09-18,62.66000,63.69000,60.50000,62.79000,531600
2019-09-19,63.00000,63.50000,62.57000,63.17000,98500
2019-09-20,63.21000,63.42000,62.20000,62.68000,155500
2019-09-23,62.82000,63.21000,62.58000,63.06000,24100
2019-09-24,63.13000,63.35000,61.50000,61.62000,39700
2019-09-25,61.90000,61.90000,60.36000,60.61000,42900
2019-09-26,60.52000,60.62000,59.12000,59.29000,29500
2019-09-27,59.24000,59.52500,57.49000,57.65000,24400
2019-09-30,57.45000,58.76000,57.45000,57.75000,56600
2019-10-01,57.96000,58.72000,56.13000,56.21000,24700
2019-10-02,56.05000,57.84500,54.38000,57.31000,63300
2019-10-03,57.37000,58.67000,56.34000,58.38000,34400
2019-10-04,58.50000,59.86000,58.50000,59.63000,31200
2019-10-07,59.49000,60.31000,58.80400,59.64000,131200
2019-10-08,59.55000,59.80000,57.58000,57.99000,32700
2019-10-09,58.50000,59.54000,57.95000,58.68000,21900
2019-10-10,58.55000,59.19000,57.39000,57.83000,20000
2019-10-11,58.37000,59.23000,57.79000,58.18000,35500
2019-10-14,58.14000,58.29000,57.28000,57.74000,22800
2019-10-15,58.05000,59.01000,56.50000,57.40000,66200
2019-10-16,57.40000,57.66000,55.12000,55.77000,68900
2019-10-17,55.79000,57.07000,55.41000,56.00000,56800
2019-10-18,55.72000,58.43000,55.72000,57.08000,51000
2019-10-21,57.43000,58.79000,57.40000,57.95000,24400
2019-10-22,58.39000,59.96000,57.00000,57.20000,21200
2019-10-23,57.20000,57.46000,55.41000,56.88000,18900
2019-10-24,57.11000,57.20800,55.72500,56.21000,30000
2019-10-25,56.17000,56.50000,55.19000,56.21000,17000
2019-10-28,56.39000,57.68000,56.39000,56.84000,33200
2019-10-29,57.00000,57.83500,56.48000,57.12000,42900
2019-10-30,57.15000,57.61000,56.00000,57.46000,21400
2019-10-31,57.53000,58.04000,56.57000,57.43000,47800
2019-11-01,57.78000,59.39000,57.65000,58.77000,27100
2019-11-04,58.95000,59.54000,58.00000,59.19000,19700
2019-11-05,59.26000,59.60000,58.01000,58.80000,23200
2019-11-06,59.28000,61.00000,56.70000,58.96000,44100
2019-11-07,59.25000,60.75000,58.62000,60.01000,15700
2019-11-08,59.89000,60.18200,58.97000,59.30000,31200
2019-11-11,59.10000,60.62000,58.60000,60.62000,27100
2019-11-12,60.39000,61.80000,59.94000,61.27000,26000
2019-11-13,60.99000,61.95000,60.38000,61.43000,23200
2019-11-14,61.52000,62.15800,61.12500,61.34000,33400
2019-11-15,61.60000,62.11000,61.38000,61.65000,23400
2019-11-18,61.49000,62.25600,61.11800,61.54000,14200
2019-11-19,61.75000,62.28000,61.50000,62.00000,23200
2019-11-20,61.85000,63.18000,61.85000,62.93000,46900
2019-11-21,63.20000,63.93500,63.03000,63.71000,34000
2019-11-22,63.91000,64.37000,62.62000,62.89000,26000
2019-11-25,63.11000,64.27000,62.65000,63.80000,32600
2019-11-26,64.00000,64.76000,62.78000,63.20000,21600
2019-11-27,63.24000,64.45000,63.05000,63.87000,23700
2019-11-29,63.96000,64.61000,63.41000,64.51000,16900
2019-12-02,64.64000,64.64000,63.40000,63.41000,19300
2019-12-03,62.83000,63.71000,62.60000,63.71000,38600
2019-12-04,63.64000,64.28500,63.33000,63.89000,36200
2019-12-05,64.00000,64.54000,63.51000,63.61000,19200
2019-12-06,63.80000,64.20000,63.15000,63.57000,29300
2019-12-09,63.38000,63.71000,62.14000,62.35000,27400
2019-12-10,62.62000,63.78000,61.06000,63.68000,25200
2019-12-11,63.83000,64.22000,63.25000,63.84000,19200
2019-12-12,63.84000,64.41500,63.31000,63.95000,23700
2019-12-13,63.68000,64.79000,62.79000,64.78000,33100
2019-12-16,64.95000,65.53500,62.98000,63.84000,40800
2019-12-17,63.95000,64.40000,63.51800,64.16000,46900
2019-12-18,64.38000,65.47000,63.85000,65.22000,35900
2019-12-19,65.20000,65.47000,64.72000,65.13000,26700
2019-12-20,65.04000,66.67000,64.88100,65.83000,84400
2019-12-23,65.91000,68.16500,64.82000,67.12000,41900
2019-12-24,67.33000,67.68000,66.65000,67.47000,15700
2019-12-26,67.55000,67.84000,67.03000,67.27000,8400
2019-12-27,67.18000,67.78000,66.38000,66.64000,18200
2019-12-30,66.63000,66.74700,65.20000,65.73000,33300
2019-12-31,65.65000,66.52000,65.25200,65.94000,47100
2020-01-02,66.28000,66.78000,64.50500,65.80000,29800
2020-01-03,65.17000,67.25000,64.97000,66.80000,24100
2020-01-06,66.23000,68.49000,65.83000,68.30000,35900
2020-01-07,68.02000,68.25000,66.62000,66.62000,20400
2020-01-08,66.74000,68.20000,66.72400,67.62000,26800
2020-01-09,67.92000,69.05300,67.46000,67.72000,19900
2020-01-10,67.77000,68.22200,66.69200,67.60000,22200
2020-01-13,67.63000,68.98500,66.61500,68.50000,15800
2020-01-14,68.50000,69.64000,66.77000,66.85000,36200
2020-01-15,66.68000,67.52000,66.50000,67.09000,22500
2020-01-16,67.47000,67.82000,66.50000,66.81000,39200
2020-01-17,67.31000,68.12000,66.39000,66.65000,35300
2020-01-21,66.63000,69.99000,66.63000,69.43000,30300
2020-01-22,70.00000,70.43000,69.01000,69.60000,36900
2020-01-23,69.00000,70.18400,68.76000,69.99000,25900
2020-01-24,70.15000,71.35300,68.97000,69.15000,18300
2020-01-27,68.23000,70.24000,68.18000,69.76000,18100
2020-01-28,69.33000,70.35000,68.58500,70.35000,25600
2020-01-29,70.25000,70.25000,68.72000,69.34000,10400
2020-01-30,68.53000,69.70000,66.94800,69.23000,12600
2020-01-31,69.16000,70.57500,65.76500,67.67000,56100
2020-02-03,68.07000,69.73000,68.00000,69.53000,21100
2020-02-04,69.73000,70.59000,68.71000,68.72000,40200
2020-02-05,69.04000,69.87000,68.27000,69.69000,11400
2020-02-06,69.73000,70.09500,69.34000,69.53000,22600
2020-02-07,69.27000,70.25000,67.43300,67.84000,22800
2020-02-10,67.89000,68.64500,67.00000,67.72000,28400
2020-02-11,67.81000,69.17000,66.29500,67.88000,31300
2020-02-12,68.31000,68.86600,66.94200,67.95000,20800
2020-02-13,67.87000,69.62800,67.21000,69.35000,20500
2020-02-14,69.16000,70.12000,68.09000,68.92000,33700
2020-02-18,68.70000,69.00000,67.90500,68.81000,23300
2020-02-19,68.96000,69.00000,68.33000,68.74000,16400
2020-02-20,68.49000,68.81000,67.10600,67.59000,22500
2020-02-21,67.60000,68.12000,66.45000,67.79000,27100
2020-02-24,66.93000,67.41000,66.21000,66.22000,37800
2020-02-25,66.45000,66.97000,62.75000,66.67000,49300
2020-02-26,66.70000,67.09000,62.73000,63.12000,25700
2020-02-27,62.64000,62.70000,56.81000,58.53000,55500
2020-02-28,57.93000,58.39500,53.00000,54.99000,56100
2020-03-02,55.77000,56.96000,55.20000,56.31000,55600
2020-03-03,55.99000,56.81500,53.05000,53.77000,28700
2020-03-04,54.55000,57.50000,52.62000,56.88000,33200
2020-03-05,55.50000,55.65000,53.00000,54.00000,26000
2020-03-06,52.83000,55.27000,52.49000,54.52000,49600
2020-03-09,52.14000,55.00000,51.14000,52.50000,32700
2020-03-10,53.45000,54.33000,52.10000,54.33000,35200
2020-03-11,52.95000,54.25000,50.00000,52.18000,41700
2020-03-12,49.55000,49.60000,43.08000,43.32000,50300
2020-03-13,45.24000,48.14000,43.78000,46.00000,75400
2020-03-16,43.00000,43.01000,35.01000,36.50000,45700
2020-03-17,36.90000,41.95000,35.03000,41.95000,69600
2020-03-18,38.80000,38.80000,35.00000,35.01000,51300
2020-03-19,34.74000,45.10100,34.00000,41.77000,57100
2020-03-20,41.66000,45.81000,34.00000,39.39000,61500
2020-03-23,39.67000,41.72500,34.64300,40.62000,37500
2020-03-24,42.75000,45.99000,40.65000,45.32000,43100
2020-03-25,44.86000,49.35000,40.10000,41.75000,38400
2020-03-26,42.24000,45.31000,41.38000,45.31000,37600
2020-03-27,43.03000,45.65000,41.61800,42.19000,30500
2020-03-30,42.50000,44.83000,41.53000,44.83000,43100
2020-03-31,44.48000,46.56000,43.18200,45.48000,67200
2020-04-01,43.24000,45.00000,42.79000,44.60000,46600
2020-04-02,43.84000,45.01000,42.55000,44.81000,30100
2020-04-03,43.83000,44.27000,40.12000,42.29000,69700
2020-04-06,43.80000,47.57500,43.80000,47.10000,48800
2020-04-07,46.60000,46.60000,44.61000,45.60000,63600
2020-04-08,46.40000,48.00000,44.52500,47.45000,36400
2020-04-09,48.53000,49.00000,45.93500,47.28000,41500
2020-04-13,46.67000,47.83500,45.68000,47.66000,27600
2020-04-14,48.49000,49.60000,47.09700,49.50000,52700
2020-04-15,47.63000,48.46000,46.20000,47.76000,53700
2020-04-16,48.73000,49.47000,47.77000,49.26000,43800
2020-04-17,50.49000,54.78500,50.25000,54.15000,36200
2020-04-20,52.37000,53.84000,50.95500,51.34000,26800
2020-04-21,49.16000,52.44000,49.16000,50.15000,31200
2020-04-22,51.33000,52.81000,50.01000,52.30000,30600
2020-04-23,52.05000,52.20100,48.87000,51.00000,29500
2020-04-24,50.61000,52.26000,49.29500,51.35000,34200
2020-04-27,52.15000,54.61000,51.40000,53.64000,36300
2020-04-28,54.00000,54.37000,52.41000,53.26000,90000
2020-04-29,55.24000,58.30000,55.24000,55.71000,49200
2020-04-30,54.52000,54.52000,51.00000,51.59000,38200
2020-05-01,50.05000,53.08000,49.45000,53.08000,51000
2020-05-04,52.03000,54.07000,50.65000,52.03000,33700
2020-05-05,53.41000,56.51000,52.36600,53.06000,37400
2020-05-06,51.90000,54.97500,51.90000,54.40000,31100
2020-05-07,55.87000,55.87000,52.50000,53.70000,44200
2020-05-08,55.17000,58.09000,55.17000,57.40000,48400
2020-05-11,56.61000,57.81000,54.66000,56.27000,64400
2020-05-12,55.90000,57.07000,50.67000,51.33000,47500
2020-05-13,50.58000,52.47000,49.50000,50.20000,38300
2020-05-14,48.95000,49.62000,46.07200,49.19000,39800
2020-05-15,48.69000,50.43000,47.68500,50.00000,41900
2020-05-18,52.12000,54.48000,52.00000,54.11000,43300
2020-05-19,53.40000,54.22000,51.63700,51.94000,39000
2020-05-20,52.75000,53.99000,52.15000,52.60000,34600
2020-05-21,52.19000,53.63000,51.34000,52.85000,17800
2020-05-22,52.87000,53.23000,51.47000,52.56000,23700
2020-05-26,54.57000,55.04000,53.30700,54.04000,34600
2020-05-27,55.12000,56.32000,53.84000,56.07000,29100
2020-05-28,56.10000,57.28000,54.43000,54.43000,30300
2020-05-29,54.04000,57.52500,54.04000,56.72000,65700
2020-06-01,57.25000,57.25000,55.15000,55.15000,36600
2020-06-02,55.66000,56.23000,54.68000,55.40000,44000
2020-06-03,56.49000,58.95000,56.45000,57.34000,60400
2020-06-04,56.86000,58.72000,56.86000,58.64000,46700
2020-06-05,59.49000,59.51000,56.83000,57.22000,55000
2020-06-08,57.75000,59.68000,57.35000,59.20000,30100
2020-06-09,58.29000,59.80000,57.97000,58.25000,30400
2020-06-10,57.75000,58.71000,54.73500,55.27000,47800
2020-06-11,53.35000,54.29000,51.32000,51.65000,35600
2020-06-12,53.69000,54.48500,51.17000,53.31000,46000
2020-06-15,51.48000,54.13500,51.09000,53.81000,31400
2020-06-16,55.82000,55.91000,50.24000,55.51000,29100
2020-06-17,55.64000,56.65500,54.12000,54.48000,17800
2020-06-18,54.29000,55.87000,53.80000,54.78000,18600
2020-06-19,55.50000,56.65000,53.33000,54.96000,72400
2020-06-22,54.48000,55.89000,54.17500,55.71000,25800
2020-06-23,56.73000,58.00000,55.85000,57.29000,36000
2020-06-24,56.42000,56.42000,53.89000,54.09000,40200
2020-06-25,53.87000,55.52000,53.54000,55.52000,50800
2020-06-26,54.86000,55.73000,52.18000,52.54000,223400
2020-06-29,52.73000,56.39000,52.73000,56.16000,51700
2020-06-30,56.13000,58.43000,56.13000,58.21000,57700
2020-07-01,58.67000,58.67000,56.98000,57.82000,33200
2020-07-02,58.84000,59.54000,58.20000,58.35000,28000
2020-07-06,59.61000,59.61000,57.81400,58.05000,17800
2020-07-07,57.55000,58.39000,56.67000,56.72000,25900
2020-07-08,56.58000,57.37500,54.70000,55.57000,33200
2020-07-09,55.18000,55.30000,53.61000,54.43000,34700
2020-07-10,54.68000,56.86000,53.92000,56.40000,25600
2020-07-13,57.27000,58.02000,56.07000,56.30000,27100
2020-07-14,55.88000,57.90000,55.88000,57.60000,20900
2020-07-15,59.00000,60.00000,58.42500,59.98000,51300
2020-07-16,59.68000,59.90000,58.41000,59.00000,21700
2020-07-17,58.76000,60.00000,58.53000,59.85000,33300
2020-07-20,59.46000,60.00000,58.93000,59.29000,22100
2020-07-21,59.76000,59.95000,57.96000,59.95000,21600
2020-07-22,59.59000,59.90000,59.16000,59.41000,25000
2020-07-23,59.35000,60.62000,58.62000,58.94000,93900
2020-07-24,58.25000,59.88000,58.09000,58.42000,23400
2020-07-27,58.35000,59.14000,58.19000,59.08000,14500
2020-07-28,58.32000,59.39800,57.42000,57.65000,25000
2020-07-29,57.82000,59.03000,57.82000,58.51000,25200
2020-07-30,57.50000,58.67000,57.46000,57.98000,23400
2020-07-31,57.63000,57.70000,56.22000,57.19000,38500
2020-08-03,57.40000,58.40000,57.26000,57.84000,26600
2020-08-04,57.35000,57.56000,55.97000,57.45000,28300
2020-08-05,58.40000,58.40000,55.05000,55.44000,33600
2020-08-06,55.44000,56.46000,54.68000,56.25000,19100
2020-08-07,55.70000,57.27000,55.70000,57.27000,15700
2020-08-10,57.50000,58.51000,56.86000,57.99000,23000
2020-08-11,58.32000,59.70000,58.22000,58.62000,23200
2020-08-12,59.19000,59.75000,57.12000,57.20000,107300
2020-08-13,57.73000,57.73000,56.66000,57.03000,32000
2020-08-14,56.99000,56.99000,55.28000,55.65000,13400
2020-08-17,55.46000,56.15000,55.44500,55.55000,18000
2020-08-18,55.55000,56.00000,54.62000,55.30000,22400
2020-08-19,55.13000,56.87000,54.80300,56.64000,19200
2020-08-20,55.98000,56.65500,55.39500,56.00000,20000
2020-08-21,56.08000,56.08000,54.85000,55.22000,21900
2020-08-24,55.87000,56.03000,55.21000,55.85000,16300
2020-08-25,55.91000,55.91500,54.67000,55.44000,17900
2020-08-26,55.21000,55.72000,55.02000,55.18000,22600
2020-08-27,55.31000,57.19000,55.24000,56.41000,28900
2020-08-28,56.91000,57.14000,55.66000,57.13000,29000
2020-08-31,56.74000,56.91000,55.63000,56.00000,36500
2020-09-01,55.69000,57.50000,55.44500,57.00000,29700
2020-09-02,57.07000,58.50000,56.92000,58.46000,40700
2020-09-03,58.13000,58.40000,55.95000,56.12000,24500
2020-09-04,57.00000,57.00000,54.28000,55.14000,27100
2020-09-08,54.35000,55.00000,54.22000,54.75000,26600
2020-09-09,55.25000,55.57000,54.22000,54.47000,23700
2020-09-10,55.00000,55.00000,52.36000,52.41000,33000
2020-09-11,52.90000,52.96000,51.00000,51.63000,28500
2020-09-14,52.07000,54.32000,52.07000,53.05000,21000
2020-09-15,53.36000,53.36000,51.99000,52.52000,16200
2020-09-16,52.53000,52.53000,51.00000,51.20000,27400
2020-09-17,51.00000,51.09000,50.10000,50.49000,16500
2020-09-18,51.35000,51.35000,49.28000,50.03000,77500
2020-09-21,49.00000,49.05000,47.00000,47.68000,34400
2020-09-22,47.84000,49.65000,47.34000,48.38000,27500
2020-09-23,48.40000,49.69000,46.23000,46.51000,33000
2020-09-24,46.47000,47.82000,46.03000,46.74000,23700
2020-09-25,46.21000,47.33000,46.05000,46.95000,25100
2020-09-28,47.61000,49.00600,47.61000,48.52000,24400
2020-09-29,48.40000,49.36000,48.31000,49.20000,50500
2020-09-30,49.11000,50.01000,48.88000,49.21000,51500
2020-10-01,49.49000,51.32000,49.20000,50.80000,38300
2020-10-02,49.83000,52.49000,49.83000,51.31000,20200
2020-10-05,51.12000,52.14000,50.27000,51.68000,22300
2020-10-06,52.28000,53.46500,51.28500,51.46000,21200
2020-10-07,51.72000,52.85000,50.33000,52.17000,59500
2020-10-08,52.89000,54.00000,52.40000,53.63000,22600
2020-10-09,54.12000,54.12000,52.69000,52.93000,17300
2020-10-12,53.04000,53.46000,52.25000,53.10000,17200
2020-10-13,52.53000,53.67000,52.51000,53.39000,15900
2020-10-14,53.40000,53.40000,52.54000,52.54000,10500
2020-10-15,52.58000,53.76000,51.94000,52.70000,21500
2020-10-16,52.74000,54.00000,52.30000,53.69000,17200
2020-10-19,54.02300,54.03000,52.68000,53.15000,15400
2020-10-20,53.24000,54.15000,52.83000,52.83000,11700
2020-10-21,52.69000,53.91000,52.41000,53.24000,11800
2020-10-22,54.09000,54.09000,52.35700,53.18000,27000
2020-10-23,53.58000,53.95000,53.04000,53.65000,12700
2020-10-26,53.10000,53.10000,51.98000,52.95000,14300
2020-10-27,52.59000,52.98700,51.63000,51.80000,15100
2020-10-28,50.47000,52.02000,50.02800,51.18000,18500
2020-10-29,50.61000,51.95400,50.18000,51.53000,14300
2020-10-30,51.34000,52.15000,51.21000,51.80000,23800
2020-11-02,52.91000,53.73000,52.39000,53.33000,14400
2020-11-03,54.48000,55.46000,53.63000,55.24000,27800
2020-11-04,54.62000,54.76000,53.29000,54.30000,15500
2020-11-05,54.43000,55.41000,54.30000,55.00000,20800
2020-11-06,54.69000,54.69000,53.27000,53.27000,15000
2020-11-09,54.38000,59.15000,53.42000,56.23000,48100
2020-11-10,57.26000,59.20000,57.26000,58.70000,36900
2020-11-11,58.69000,59.00000,58.15500,58.98000,40100
2020-11-12,58.60000,58.89000,56.00000,56.70000,40900
2020-11-13,57.25000,57.43600,55.52800,55.90000,29500
2020-11-16,57.08000,57.08000,54.52500,55.47000,100700
2020-11-17,55.21000,56.58000,55.21000,56.00000,47000
2020-11-18,57.12000,57.12000,55.32000,55.33000,19900
2020-11-19,54.98000,55.45000,54.23500,55.13000,31900
2020-11-20,54.59000,55.58000,54.15200,54.74000,27800
2020-11-23,54.86000,55.11900,53.86000,54.03000,26500
2020-11-24,55.34000,55.77500,53.86000,55.59000,28900
2020-11-25,55.08000,55.08000,53.42000,53.45000,28400
2020-11-27,53.38000,54.82000,52.76000,53.38000,21000
2020-11-30,52.87000,53.17200,50.98000,51.31000,35800
2020-12-01,51.99000,51.99000,50.11000,50.59000,38000
2020-12-02,50.50000,50.50000,48.49000,48.50000,35500
2020-12-03,48.41000,50.63000,48.18000,49.19000,36500
2020-12-04,49.35000,51.36000,48.90400,50.00000,45500
2020-12-07,50.02000,50.88000,48.51000,48.83000,77800
2020-12-08,48.83000,48.90000,46.85000,47.30000,77000
2020-12-09,47.80000,48.38000,46.56000,47.18000,32500
2020-12-10,49.25500,49.25500,46.87000,47.33000,20500
2020-12-11,46.80000,47.96000,46.80000,47.43000,34400
2020-12-14,47.53000,48.33000,47.43000,47.43000,42700
2020-12-15,47.60000,48.46500,47.24000,47.55000,31100
2020-12-16,48.02000,48.19000,47.26000,47.56000,25200
2020-12-17,47.89000,47.91000,47.11000,47.83000,56100
2020-12-18,48.06000,49.26000,47.33000,47.40000,95400
2020-12-21,47.00000,47.25000,45.50000,45.87000,49400
2020-12-22,47.07500,47.07500,45.27800,45.53000,20500
2020-12-23,45.44000,46.70000,44.16000,44.63000,29300
2020-12-24,44.84000,44.84000,44.10000,44.40000,8900
2020-12-28,44.99000,44.99000,44.40000,44.64000,17900
2020-12-29,44.61000,44.61000,43.29500,43.81000,33000
2020-12-30,43.94000,44.64100,42.79000,43.14000,31000
2020-12-31,43.31000,43.31000,42.42500,42.75000,47900
2021-01-04,42.75000,44.12700,42.54000,42.92000,39700
2021-01-05,44.11000,44.11000,42.76000,43.05000,60400
2021-01-06,43.10000,45.27000,42.41000,45.07000,85700
2021-01-07,44.97000,45.07000,44.22000,44.73000,13900
2021-01-08,44.84000,45.42000,44.42000,45.20000,33000
2021-01-11,45.24000,45.28000,44.37000,45.10000,24200
2021-01-12,45.02000,46.11000,44.94000,45.91000,23600
2021-01-13,45.75000,45.75000,44.84000,45.24000,24600
2021-01-14,45.59000,46.82500,45.13600,46.52000,29300
2021-01-15,46.19000,46.96500,45.56000,46.62000,35000
2021-01-19,47.06000,48.73000,47.06000,47.36000,29300
2021-01-20,47.33000,48.13000,47.14500,47.58000,27600
2021-01-21,47.46000,47.69000,46.69000,47.50000,37200
2021-01-22,47.41000,48.36000,47.41000,48.31000,33000
2021-01-25,48.10000,48.10000,47.14000,47.97000,33500
2021-01-26,48.41000,48.99000,47.23000,48.12000,31400
2021-01-27,47.32000,47.92000,46.20000,46.67000,44700
2021-01-28,47.16000,47.16000,45.39000,45.49000,36200
2021-01-29,45.54000,46.57000,45.00000,45.30000,49100
2021-02-01,45.68000,47.24000,44.49000,46.31000,47100
2021-02-02,46.92000,48.17000,46.62000,47.59000,41700
2021-02-03,47.29000,48.98000,47.26000,48.98000,32900
2021-02-04,48.47500,49.97000,47.65000,49.82000,22700
2021-02-05,49.88000,50.82000,49.60000,50.28000,37300
2021-02-08,50.05000,51.64000,49.85000,51.35000,31000
2021-02-09,51.31000,52.32000,51.09900,52.32000,19200
2021-02-10,52.53000,52.53000,49.90000,51.00000,51100
2021-02-11,50.87000,51.99000,50.00000,51.63000,34800
2021-02-12,50.66000,51.35000,49.31000,49.35000,40200
2021-02-16,50.06000,50.06000,47.16000,47.28000,34800
2021-02-17,46.86000,48.00000,45.57000,47.54000,60600
2021-02-18,47.10000,49.22000,45.61500,48.68000,50300
2021-02-19,48.69000,49.99000,48.53000,49.32000,44600
2021-02-22,48.96000,50.33000,48.56000,49.66000,47400
2021-02-23,49.39000,51.92000,49.39000,51.61000,43400
2021-02-24,51.94000,53.62000,51.45000,53.37000,41000
2021-02-25,53.00000,54.77000,52.95000,53.44000,43700
2021-02-26,53.35000,54.16000,51.66000,51.67000,73200
2021-03-01,52.71000,53.90000,52.02000,53.90000,42400
2021-03-02,53.65000,54.94000,53.31000,54.13000,100600
2021-03-03,54.26000,54.26000,52.72000,52.86000,49900
2021-03-04,52.53000,53.82000,50.98000,51.28000,44100
2021-03-05,50.50000,53.40000,50.50000,52.77000,28800
2021-03-08,52.99000,53.08000,51.63000,51.77000,31900
2021-03-09,52.31000,52.31000,50.08000,50.25000,32600
2021-03-10,50.94000,51.72000,50.70000,51.06000,28000
2021-03-11,51.64000,51.64000,50.35500,51.50000,30300
2021-03-12,51.36000,52.74000,49.71000,52.56000,36500
2021-03-15,52.25000,52.25000,51.07000,51.33000,18200
2021-03-16,51.10000,51.36000,49.32000,49.49000,23100
2021-03-17,49.48000,50.87000,49.43300,50.35000,26000
2021-03-18,50.15000,50.15000,48.41000,48.41000,35200
2021-03-19,48.02000,48.49000,47.27000,47.86000,109300
2021-03-22,47.75000,47.75000,45.94000,46.13000,26500
2021-03-23,45.68000,45.90000,44.92000,45.55000,26700
2021-03-24,45.79000,47.15000,44.95500,45.37000,23300
2021-03-25,45.31000,46.22000,44.79000,46.10000,24000
2021-03-26,46.22000,46.89000,45.47000,46.88000,24700
2021-03-29,46.45000,46.94000,45.67000,45.87000,19100
2021-03-30,45.11000,46.69000,45.11000,46.48000,28600
2021-03-31,46.70000,47.76500,46.28500,46.83000,53000
2021-04-01,46.79000,48.19000,46.72500,47.93000,20300
2021-04-05,47.56000,49.02400,47.16000,47.69000,37100
2021-04-06,47.87000,48.97000,47.66000,48.30000,26200
2021-04-07,48.40000,48.71000,46.79000,46.94000,22400
2021-04-08,47.09000,48.36000,46.92000,47.30000,22000
2021-04-09,47.29000,48.07000,46.80000,47.04000,13200
2021-04-12,46.96000,47.32000,46.51500,46.90000,15100
2021-04-13,46.53000,46.99000,46.01000,46.01000,16100
2021-04-14,46.85000,46.90000,46.21000,46.31000,14500
2021-04-15,46.77000,47.23000,46.38000,47.11000,11600
2021-04-16,47.47000,47.48500,46.42000,47.30000,17400
2021-04-19,47.05000,47.61000,46.58000,47.14000,18100
2021-04-20,47.18000,47.98000,46.66000,47.57000,26200
2021-04-21,47.67000,48.38500,47.04000,48.04000,20800
2021-04-22,48.41000,48.41000,47.71500,48.29000,19200
2021-04-23,48.73000,49.57900,48.30000,48.51000,38500
2021-04-26,48.90000,49.44000,48.74000,48.96000,13900
2021-04-27,48.81000,49.58500,48.81000,49.49000,24000
2021-04-28,49.15000,50.34000,48.72000,50.29000,67000
2021-04-29,49.64000,50.74000,49.47000,50.44000,63800
2021-04-30,49.83000,51.84000,49.83000,51.30000,61300
2021-05-03,51.24000,52.14000,51.24000,51.55000,27100
2021-05-04,50.99000,52.13000,50.67000,50.93000,33600
2021-05-05,49.75000,51.13000,46.12000,46.28000,35000
2021-05-06,46.47300,48.35000,46.47300,47.96000,25200
2021-05-07,47.81000,49.30000,46.65000,48.92000,29800
2021-05-10,48.57000,49.11000,47.44000,47.87000,44100
2021-05-11,47.06000,48.51000,46.95000,47.95000,43200
2021-05-12,47.99000,48.77000,47.16000,48.50000,34700
2021-05-13,47.94300,49.81000,47.94300,49.29000,24300
2021-05-14,48.87900,49.11000,48.01600,49.06000,40000
2021-05-17,49.29000,49.29000,48.13600,48.97000,43300
2021-05-18,48.88000,49.54000,48.01000,49.04000,27500
2021-05-19,48.45000,49.61000,48.08000,49.10000,27900
2021-05-20,48.94000,49.94000,48.94000,49.51000,24600
2021-05-21,49.93000,51.38000,49.84000,50.72000,41400
2021-05-24,51.06000,51.30000,49.07000,49.80000,62000
2021-05-25,49.80000,50.67000,49.54000,49.74000,48700
2021-05-26,50.16000,50.82000,48.26000,50.05000,25000
2021-05-27,50.20000,50.94000,49.11000,49.21000,94000
2021-05-28,49.33000,49.75000,47.72000,47.83000,31700
2021-06-01,47.80000,48.81000,47.16000,48.69000,45400
2021-06-02,48.37000,48.49500,47.00000,47.61000,38200
2021-06-03,47.40000,48.16500,47.06000,47.95000,48500
2021-06-04,47.90000,48.91000,47.90000,48.78000,46200
2021-06-07,48.67000,48.84000,46.61000,46.80000,57100
2021-06-08,46.95000,47.01000,45.58500,45.69000,50200
2021-06-09,45.70000,45.80000,44.64000,44.86000,27300
2021-06-10,45.06000,45.12000,44.16000,44.17000,20700
2021-06-11,44.34000,44.79000,43.67000,44.39000,48700
2021-06-14,44.73000,44.95000,44.02000,44.25000,51400
2021-06-15,44.40000,45.21000,44.27000,44.93000,26100
2021-06-16,45.02000,45.41000,44.13500,44.25000,57500
2021-06-17,44.32000,44.76500,44.09000,44.57000,49700
2021-06-18,43.91000,44.28000,43.43000,43.54000,86300
2021-06-21,43.60000,44.59000,43.60000,44.41000,56800
2021-06-22,44.28000,45.09000,44.01000,45.01000,56900
2021-06-23,44.66000,45.22000,44.30000,44.60000,29300
2021-06-24,44.29500,45.49000,44.10000,45.49000,35100
2021-06-25,45.33000,47.06000,45.03000,46.22000,99900
2021-06-28,46.37000,47.01000,46.10300,46.94000,30800
2021-06-29,46.77000,46.90500,46.09000,46.32000,21200
2021-06-30,46.15000,46.68000,45.75000,45.90000,33300
2021-07-01,45.90000,47.86500,45.90000,47.51000,29600
2021-07-02,47.51000,48.29000,46.56000,47.03000,14400
2021-07-06,46.86000,47.49000,46.58500,47.37000,15800
2021-07-07,47.44000,48.00000,46.63900,47.19000,35900
2021-07-08,46.81000,47.54000,46.74000,47.25000,39600
2021-07-09,47.51000,48.12000,47.42000,47.89000,18200
2021-07-12,47.62000,48.66000,47.62000,48.57000,20500
2021-07-13,48.16000,49.66000,48.16000,48.82000,18900
2021-07-14,48.79000,49.75000,48.79000,49.63000,21900
2021-07-15,49.63000,49.91000,49.25000,49.75000,20900
2021-07-16,50.00000,51.00000,49.81000,50.61000,38400
2021-07-19,50.00000,50.73000,49.59600,50.01000,37900
2021-07-20,50.00000,51.52000,49.41000,51.11000,65100
2021-07-21,51.44000,51.90600,50.61000,51.40000,26300
2021-07-22,51.49000,51.98000,50.67000,51.05000,27800
2021-07-23,51.24000,52.49000,50.58000,52.25000,20600
2021-07-26,52.33000,52.81200,51.32000,52.05000,21900
2021-07-27,52.75500,52.75500,51.77000,52.26000,25600
2021-07-28,52.89000,52.89000,50.94000,51.78000,18900
2021-07-29,51.91000,52.96000,51.59500,52.55000,21300
2021-07-30,52.33000,52.95000,52.23000,52.78000,13100
2021-08-02,52.68000,53.50000,52.12000,53.41000,34700
2021-08-03,53.24000,53.55000,53.02000,53.51000,25200
2021-08-04,53.03000,53.45000,52.44000,52.96000,24800
2021-08-05,53.02000,53.68000,52.50000,53.17000,20800
2021-08-06,53.23000,53.63000,52.51700,53.32000,16600
2021-08-09,53.39000,53.50000,52.89000,52.89000,13800
2021-08-10,53.12000,53.82000,52.91500,53.82000,25600
2021-08-11,53.64000,54.00000,52.44000,53.04000,23600
2021-08-12,52.99000,52.99000,51.74000,52.01000,22300
2021-08-13,52.85500,52.85500,52.00000,52.21000,12100
2021-08-16,52.32000,53.21000,52.09000,52.83000,10400
2021-08-17,52.44000,53.23000,52.26000,52.45000,14000
2021-08-18,52.54000,52.88000,51.97000,52.32000,15800
2021-08-19,52.30000,52.83000,51.18000,52.68000,17000
2021-08-20,52.56000,54.14000,52.56000,53.86000,31600
2021-08-23,53.69000,54.97000,53.65000,54.50000,23300
2021-08-24,54.15000,54.15000,52.87000,53.10000,9500
2021-08-25,52.78000,53.30000,52.50000,52.56000,14000
2021-08-26,52.75000,52.75000,52.00000,52.17000,11500
2021-08-27,52.82000,54.50000,52.82000,54.50000,18700
2021-08-30,54.79000,55.61000,53.78000,53.78000,17600
2021-08-31,53.67000,54.02000,53.64000,54.00000,13900
2021-09-01,54.39000,54.39000,53.28000,53.87000,19200
2021-09-02,54.15000,55.67000,53.46000,54.25000,38000
2021-09-03,54.21000,55.14500,53.05000,53.35000,13500
2021-09-07,53.35000,54.97500,51.10000,51.19000,17000
2021-09-08,51.25000,53.05700,50.33000,50.95000,26900
2021-09-09,50.65000,51.00000,49.69000,49.69000,20600
2021-09-10,50.09000,50.36000,48.33500,48.99000,23400
2021-09-13,49.14000,50.25000,48.07000,48.07000,16200
2021-09-14,48.02000,48.32700,47.06000,47.46000,23600
2021-09-15,47.42000,49.15500,46.39000,47.75000,45900
2021-09-16,47.83000,48.62000,47.30000,47.96000,12800
2021-09-17,48.04000,48.13000,46.72000,47.83000,96800
2021-09-20,46.96000,47.45000,45.82000,46.29000,25300
2021-09-21,46.54000,47.19000,46.30000,46.53000,19400
2021-09-22,46.71000,46.71400,45.86000,45.89000,11000
2021-09-23,46.05000,46.47000,45.50000,45.78000,15700
2021-09-24,45.35000,45.63000,44.74000,45.16000,25300
2021-09-27,45.79900,45.79900,44.34000,44.69000,25200
2021-09-28,44.69000,44.69000,43.34000,43.67000,22500
2021-09-29,43.76000,43.76000,42.84000,43.18000,23300
2021-09-30,43.30000,43.30000,42.17000,42.17000,17500
2021-10-01,42.37000,42.87000,41.18500,42.60000,21200
2021-10-04,42.45000,43.13000,41.64000,42.15000,24000
2021-10-05,42.69000,44.28400,42.41500,42.93000,13900
2021-10-06,42.65000,42.65000,41.50000,41.62000,12300
2021-10-07,41.81000,42.90000,41.81000,42.41000,35100
2021-10-08,42.13400,43.33000,42.13400,42.74000,19600
2021-10-11,42.61000,43.72000,42.48000,43.50000,16600
2021-10-12,43.92000,44.60000,43.85000,44.15000,22000
2021-10-13,44.25000,44.57000,43.19500,43.41000,15400
2021-10-14,43.71000,43.71000,42.93000,43.50000,14200
2021-10-15,43.99000,44.33700,42.88000,42.88000,33100
2021-10-18,42.94000,43.61000,42.55000,42.66000,9500
2021-10-19,42.61000,43.41000,42.61000,43.41000,8200
2021-10-20,43.25000,43.85000,43.25000,43.82000,5800
2021-10-21,43.71000,44.22000,43.45000,43.60000,8000
2021-10-22,43.54000,43.60000,43.08000,43.32000,7700
2021-10-25,43.37000,43.80000,43.00000,43.57000,9700
2021-10-26,43.76000,44.85000,43.51000,44.16000,17100
2021-10-27,43.96000,44.19000,42.75000,42.75000,13300
2021-10-28,43.45000,43.69000,42.85000,43.21000,9600
2021-10-29,42.86000,43.53000,42.86000,43.30000,11700
2021-11-01,43.63000,46.08000,43.63000,45.92000,27800
2021-11-02,46.12000,47.33000,44.75800,47.18000,25600
2021-11-03,46.88000,52.36000,46.88000,48.99000,113200
2021-11-04,49.49000,51.97000,47.37000,48.30000,26600
2021-11-05,48.63000,49.90000,47.66000,49.00000,41300
2021-11-08,49.02500,49.30600,48.10400,48.52000,21700
2021-11-09,48.43000,49.15000,47.15500,48.72000,26600
2021-11-10,48.70000,49.30000,48.35000,48.35000,23000
2021-11-11,48.64000,49.20300,48.16800,48.50000,13900
2021-11-12,47.51500,48.55000,47.51500,47.71500,20700
2021-11-15,47.93000,47.93000,46.20000,46.41000,23000
2021-11-16,46.26000,46.90000,45.82000,45.88000,21400
2021-11-17,45.95000,45.95000,44.75000,45.20000,27300
2021-11-18,44.37000,44.71000,43.06500,44.16000,39300
2021-11-19,43.71000,43.83000,42.42000,42.54000,29500
2021-11-22,42.88000,43.41500,41.72000,41.72000,41000
2021-11-23,43.20500,43.20500,40.80500,42.42000,31300
2021-11-24,41.88000,43.31000,41.88000,43.11000,36100
2021-11-26,42.37000,42.39600,41.15000,41.23000,31600
2021-11-29,41.46000,41.89500,40.63000,40.65000,41100
2021-11-30,40.25000,40.55000,39.27000,40.05000,100200
2021-12-01,40.77000,42.85000,40.77000,41.83000,89600
2021-12-02,42.53500,42.53500,41.62000,42.20000,34700
2021-12-03,42.29400,42.88000,41.68000,42.00000,190000
2021-12-06,42.55000,43.49000,42.55000,42.99000,53100
2021-12-07,43.38000,44.05000,42.80000,43.07000,45000
2021-12-08,43.02000,43.61500,41.52000,41.64000,45100
2021-12-09,41.43000,42.14000,41.43000,41.77000,51900
2021-12-10,42.20000,43.49500,41.72000,42.42000,115100
2021-12-13,42.58000,43.69000,42.01500,42.55000,79700
2021-12-14,42.32000,42.95000,41.56000,41.69000,73700
2021-12-15,41.65000,42.47000,41.57800,42.32000,52500
2021-12-16,42.76000,42.88500,41.85000,42.23000,50200
2021-12-17,42.42000,42.83000,41.54000,42.07000,158700
2021-12-20,41.73000,41.76100,40.08500,40.70000,55300
2021-12-21,41.02000,41.27000,39.67000,40.07000,54700
2021-12-22,40.18000,40.61000,39.81500,40.51000,58400
2021-12-23,40.81000,41.69000,40.63000,41.51000,40800
2021-12-27,41.80000,42.56000,41.60500,42.50000,21800
2021-12-28,42.40000,42.96000,42.16000,42.43000,31500
2021-12-29,42.50000,43.22500,41.96000,42.17000,21000
2021-12-30,42.05000,42.49000,41.67000,41.88000,15300
2021-12-31,42.04000,42.18000,41.26000,41.52000,35000
2022-01-03,42.05500,42.50000,41.59000,42.25000,45900
2022-01-04,42.56000,42.95500,41.59000,41.67000,26500
2022-01-05,41.59000,42.12000,41.53500,41.54000,50500
2022-01-06,41.58000,42.46000,41.29000,41.31000,33100
2022-01-07,41.27000,42.34000,40.75000,40.76000,43800
2022-01-10,40.80000,41.00000,40.27000,40.83000,35000
2022-01-11,40.73000,40.73000,39.76000,39.88000,19800
2022-01-12,40.06000,40.06000,38.64000,38.67000,43300
2022-01-13,38.71000,39.21500,38.40900,38.66000,27100
2022-01-14,38.38000,38.38000,37.60000,38.21000,19900
2022-01-18,37.83000,38.09000,36.77000,37.54000,68100
2022-01-19,37.79000,37.88000,36.94500,37.64000,58200
2022-01-20,37.89000,38.61900,37.52000,37.77000,61200
2022-01-21,37.76000,40.83500,37.47000,38.88000,60900
2022-01-24,38.82000,40.69000,38.54000,40.58000,63500
2022-01-25,40.13000,40.60000,38.50100,39.10000,85400
2022-01-26,39.10000,40.01000,37.41000,37.89000,66400
2022-01-27,38.04000,40.58000,37.82500,39.20000,75300
2022-01-28,38.95000,39.76000,38.51000,39.76000,46700
2022-01-31,39.46000,41.69000,39.40000,41.60000,79000
2022-02-01,41.36000,41.38000,38.90000,39.16000,72800
2022-02-02,39.41000,40.66000,39.41000,39.65000,99700
2022-02-03,39.65000,39.84000,38.78500,39.45000,92300
2022-02-04,39.58000,40.61000,39.25000,40.05000,82100
2022-02-07,40.00000,40.63200,39.44000,39.65000,26200
2022-02-08,39.65000,39.94000,39.55000,39.90000,32900
2022-02-09,39.88300,40.45500,38.85000,39.05000,79800
2022-02-10,39.49500,39.49500,36.30000,37.03000,66700
2022-02-11,36.99000,38.24000,36.99000,37.85000,68300
2022-02-14,38.12000,38.91000,37.72000,38.12000,45700
2022-02-15,38.59000,40.36000,38.33000,40.14000,67200
2022-02-16,40.36000,40.36000,39.47000,40.24000,47100
2022-02-17,40.01000,40.07800,39.53000,39.57000,29000
2022-02-18,39.69000,39.91000,38.89000,39.15000,50800
2022-02-22,39.00000,40.05000,38.65000,39.54000,53300
2022-02-23,39.90000,39.95500,39.24000,39.46000,30600
2022-02-24,38.86000,40.63000,38.86000,40.50000,42000
2022-02-25,40.67000,41.99000,40.53000,41.95000,33000
2022-02-28,41.49000,41.50000,38.72000,39.78000,104500
2022-03-01,39.54000,39.85000,38.98000,39.04000,30700
2022-03-02,39.21000,39.69000,39.10500,39.18000,24700
2022-03-03,39.41000,39.66000,38.14000,38.27000,24800
2022-03-04,37.89000,37.89000,36.83000,37.13000,28400
2022-03-07,36.94000,36.99000,36.29000,36.33000,37000
2022-03-08,36.65000,38.48000,36.42000,37.69000,246000
2022-03-09,38.41000,38.83000,37.88000,38.42000,35900
2022-03-10,37.93000,38.11000,37.54500,37.79000,30300
2022-03-11,37.86000,38.20000,36.79000,36.90000,32000
2022-03-14,37.19000,37.46000,36.49000,36.57000,32900
2022-03-15,36.63000,37.37000,36.49700,37.19000,37900
2022-03-16,37.13000,38.37500,36.99400,38.32000,25700
2022-03-17,37.94000,39.22000,37.94000,38.96000,19900
2022-03-18,38.94000,40.26000,38.43000,40.17000,85300
2022-03-21,40.10000,40.30000,39.12000,39.31000,38900
2022-03-22,39.69000,40.13000,39.50000,39.87000,26900
2022-03-23,39.50000,39.50000,38.60000,38.60000,19700
2022-03-24,38.60000,38.71000,38.02500,38.39000,30500
2022-03-25,38.68000,38.68000,38.15000,38.23000,21500
2022-03-28,38.12000,38.81000,38.12000,38.55000,23600
2022-03-29,38.90000,39.93000,38.60000,39.74000,29200
2022-03-30,39.35000,39.62000,38.77400,38.86000,18500
2022-03-31,38.94000,39.87000,38.72000,39.65000,32800
2022-04-01,39.67000,40.16000,39.43000,39.95000,33000
2022-04-04,40.34000,40.39000,39.74000,40.07000,23400
2022-04-05,40.33000,40.64400,40.12000,40.16000,26500
2022-04-06,39.81000,41.16000,39.81000,40.90000,45000
2022-04-07,40.94000,41.27000,40.03000,40.19000,24000
2022-04-08,41.47000,41.47000,39.44000,39.60000,31800
2022-04-11,39.26000,39.63400,39.22000,39.37000,22700
2022-04-12,39.74000,40.19000,39.60000,39.78000,24100
2022-04-13,39.64000,39.99000,39.24000,39.36000,23600
2022-04-14,39.54000,39.54000,38.86000,38.97000,20400
2022-04-18,39.17000,39.70800,38.66000,39.10000,23300
2022-04-19,39.31000,40.25400,39.31000,39.69000,20300
2022-04-20,40.11000,40.41000,39.63000,39.72000,19500
2022-04-21,39.91000,39.91000,38.13000,38.29000,26900
2022-04-22,38.00000,38.17000,37.17000,37.37000,17400
2022-04-25,37.33000,37.33000,36.59000,37.26000,17200
2022-04-26,36.87000,36.87000,35.79000,36.00000,28500
2022-04-27,36.00000,36.30000,35.02000,35.07000,31300
2022-04-28,35.53000,35.53000,34.48000,35.33000,22400
2022-04-29,34.58500,34.97000,34.01000,34.30000,27700
2022-05-02,34.12000,35.25000,34.08000,34.55000,36900
2022-05-03,34.56000,34.62000,33.51000,33.72000,33400
2022-05-04,33.70000,33.76000,32.01000,32.72000,40100
2022-05-05,32.25000,32.81000,30.93000,31.87000,31200
2022-05-06,31.56000,33.79300,31.32000,33.32000,66200
2022-05-09,33.14000,33.31500,32.15600,33.18000,52500
2022-05-10,33.39000,33.78000,32.31200,33.18000,30900
2022-05-11,33.10000,33.70000,32.44800,32.48000,33200
2022-05-12,32.42000,33.06000,32.03000,32.91000,39200
2022-05-13,33.11000,34.07000,32.64200,33.42000,30200
2022-05-16,33.14000,33.89500,32.92000,33.23000,33900
2022-05-17,33.32000,33.73000,33.26600,33.47000,22600
2022-05-18,33.09000,33.59000,32.28000,32.46000,27700
2022-05-19,32.15000,32.88000,31.77000,31.93000,32300
2022-05-20,32.34000,32.66000,31.67000,32.56000,31400
2022-05-23,33.04000,33.39000,32.52500,32.69000,52500
2022-05-24,32.64000,33.07000,32.00000,33.01000,68200
2022-05-25,33.04000,33.29000,32.45000,32.45000,36800
2022-05-26,32.80500,34.28000,32.61000,33.94000,49100
2022-05-27,33.47800,35.32000,33.47800,34.76000,36100
2022-05-31,34.75000,36.26000,34.40200,35.89000,128700
2022-06-01,35.80000,36.88500,35.34000,35.37000,50800
2022-06-02,35.59000,36.36500,34.85000,36.29000,38500
2022-06-03,35.94000,36.46000,35.67000,36.24000,34000
2022-06-06,36.38000,37.32000,36.21000,36.92000,37800
2022-06-07,36.73000,36.90500,34.91000,35.11000,47000
2022-06-08,34.97000,37.37000,34.56000,36.79000,58200
2022-06-09,36.71000,37.73800,35.10000,35.10000,279700
2022-06-10,34.71000,36.93000,34.50300,36.62000,41000
2022-06-13,35.92000,36.65000,35.31600,36.13000,46100
2022-06-14,36.32000,36.32000,34.37000,34.63000,58700
2022-06-15,34.98000,36.55000,34.88900,36.12000,47200
2022-06-16,35.86000,35.94000,35.23000,35.54000,50500
2022-06-17,35.69000,36.64000,35.69000,36.39000,85100
2022-06-21,36.88000,37.33800,36.08800,36.86000,59200
2022-06-22,36.57000,37.78000,36.50500,37.02000,38700
2022-06-23,36.98000,38.34000,36.87000,38.34000,24400
2022-06-24,38.27000,39.06000,37.56000,38.90000,90300
2022-06-27,39.19000,40.00000,38.96000,39.55000,43100
2022-06-28,39.56000,40.20000,39.11000,39.35000,34400
2022-06-29,39.41000,39.41000,37.81000,38.36000,37900
2022-06-30,37.88000,38.39000,37.64000,38.28000,30900
2022-07-01,37.99000,38.96000,37.14000,38.86000,22200
2022-07-05,38.35000,38.80000,38.05000,38.61000,27300
2022-07-06,38.44000,39.01000,37.15000,37.25000,48900
2022-07-07,37.53000,37.73000,36.51000,37.26000,77900
2022-07-08,37.06000,38.01000,37.06000,37.61000,26500
2022-07-11,37.42000,37.78000,36.93300,36.99000,26100
2022-07-12,36.98000,36.98000,36.19000,36.48000,17500
2022-07-13,36.13000,36.55500,35.90000,36.30000,21200
2022-07-14,35.96000,36.17000,35.45000,36.12000,19200
2022-07-15,36.52000,37.44500,36.14000,37.33000,38600
2022-07-18,37.77900,37.78000,36.42000,36.64000,22200
2022-07-19,36.90000,37.76000,36.90000,37.51000,18700
2022-07-20,37.47000,38.34000,37.06000,37.85000,29200
2022-07-21,37.86000,38.33000,37.50000,38.33000,26000
2022-07-22,38.23000,38.59000,37.61000,37.71000,22000
2022-07-25,37.64000,38.67500,37.54000,38.26000,19400
2022-07-26,37.21000,38.95000,37.21000,38.74000,19700
2022-07-27,38.87000,39.26000,38.36000,38.74000,31500
2022-07-28,38.68000,38.97000,38.19000,38.25000,19000
2022-07-29,38.46000,38.46400,37.60000,37.90000,21900
2022-08-01,37.95000,38.88000,35.90000,38.71000,49800
2022-08-02,38.98000,39.38000,38.19800,38.50000,21000
2022-08-03,38.40000,38.50000,37.13000,37.14000,25600
2022-08-04,37.00000,37.00000,35.63000,35.63000,24500
2022-08-05,35.93000,36.43000,35.62000,35.83000,13700
2022-08-08,35.91000,36.55000,35.48000,35.87000,25700
2022-08-09,36.02500,36.03000,34.42000,34.54000,16200
2022-08-10,34.96000,35.60500,34.96000,35.50000,12100
2022-08-11,35.44000,36.41500,35.27000,35.43000,21900
2022-08-12,35.15000,36.08000,34.64000,36.04000,21100
2022-08-15,36.00000,36.32000,35.83000,36.22000,51100
2022-08-16,35.76000,36.49000,35.55000,36.14000,30100
2022-08-17,35.99000,36.34000,35.66000,35.89000,18100
2022-08-18,35.80000,36.43000,35.14000,36.15000,28300
2022-08-19,35.73000,36.59000,35.55900,36.20000,29000
2022-08-22,36.07000,36.07000,35.16000,35.66000,27400
2022-08-23,35.66000,36.21000,34.98500,35.43000,23300
2022-08-24,35.09000,35.90000,34.97000,35.11000,21000
2022-08-25,35.16000,35.26000,34.70500,35.03000,23600
2022-08-26,34.86000,34.87000,33.75000,33.82000,28700
2022-08-29,33.28000,34.59000,33.10000,34.22000,29100
2022-08-30,34.16000,35.00000,33.95800,34.10000,26000
2022-08-31,34.23000,34.37900,33.80000,34.11000,20500
2022-09-01,33.39600,33.99000,33.33000,33.75000,17000
2022-09-02,34.12000,34.24000,33.46500,33.58000,24000
2022-09-06,33.67800,33.79000,33.22000,33.67000,21800
2022-09-07,33.84000,35.43000,33.79000,35.18000,34800
2022-09-08,34.82000,36.07000,34.82000,36.07000,21100
2022-09-09,34.68000,36.65500,34.68000,36.45000,28800
2022-09-12,36.68000,37.31000,35.72000,37.25000,27200
2022-09-13,36.62000,38.22000,36.62000,38.00000,44400
2022-09-14,37.80000,38.79000,37.73000,38.66000,163000
2022-09-15,38.38000,39.88000,37.95200,39.71000,55000
2022-09-16,39.75000,41.00000,39.09000,39.89000,183700
2022-09-19,39.93000,39.93000,37.83000,38.26000,77300
2022-09-20,37.86000,38.38000,37.31100,38.26000,39200
2022-09-21,38.26000,38.92000,37.63000,38.44000,30600
2022-09-22,38.60000,39.07000,38.00000,38.75000,53700
2022-09-23,38.57000,39.41000,38.31000,39.24000,37100
2022-09-26,39.24000,40.77000,39.24000,39.52000,40300
2022-09-27,39.72000,40.84000,39.50000,39.70000,36100
2022-09-28,39.84000,40.93000,39.83000,40.66000,40700
2022-09-29,40.14000,40.98000,39.81400,40.35000,30500
2022-09-30,40.17000,41.00000,39.79000,39.80000,49200
2022-10-03,39.92000,40.70500,39.20000,40.64000,72600
2022-10-04,40.90000,41.13000,40.17000,40.54000,56800
2022-10-05,40.19000,40.25000,38.76000,39.01000,80200
2022-10-06,38.92000,39.99000,38.74000,39.55000,38800
2022-10-07,39.55300,39.97000,39.07500,39.17000,67900
2022-10-10,39.21000,39.75700,39.04000,39.45000,21400
2022-10-11,38.64000,40.43000,38.64000,40.01000,24400
2022-10-12,40.00000,40.61000,39.40500,40.01000,50800
2022-10-13,39.57000,41.31000,39.03000,41.12000,66600
2022-10-14,41.52000,41.86000,39.71000,40.12000,33600
2022-10-17,40.38000,40.93000,40.05000,40.74000,57300
2022-10-18,41.27000,41.65000,40.12000,40.37000,53300
2022-10-19,40.37000,41.21000,40.01000,41.21000,41400
2022-10-20,40.73000,40.82000,40.15000,40.27000,26300
2022-10-21,40.48000,40.78500,40.02000,40.64000,38100
2022-10-24,41.39600,41.39600,40.41000,40.71000,37000
2022-10-25,40.80000,40.88000,40.28000,40.30000,30300
2022-10-26,40.46000,40.84000,40.25000,40.45000,46700
2022-10-27,40.79000,40.90000,40.20000,40.27000,58600
2022-10-28,40.57000,41.48000,40.33000,41.15000,59400
2022-10-31,41.35000,41.40600,40.33000,40.73000,139400
2022-11-01,41.14000,41.14000,39.65000,40.57000,52300
2022-11-02,38.00000,39.70000,35.08000,35.23000,73700
2022-11-03,34.85000,36.80500,34.69000,36.02000,62400
2022-11-04,36.32000,37.82000,36.20000,37.35000,41100
2022-11-07,37.55000,37.97500,37.15000,37.74000,32000
2022-11-08,38.01000,38.18000,37.44000,37.84000,28200
2022-11-09,37.86000,38.40000,37.14000,38.36000,34700
2022-11-10,38.77000,40.38000,38.27000,40.38000,45800
2022-11-11,40.21000,40.62000,39.22000,39.33000,38600
2022-11-14,39.16000,39.16000,36.75000,36.75000,41500
2022-11-15,37.28000,37.48000,36.73000,36.99000,43000
2022-11-16,36.77000,37.55000,36.63000,37.49000,29800
2022-11-17,36.92700,37.54000,36.76000,37.53000,36700
2022-11-18,38.03000,38.11900,36.93000,37.10000,38700
2022-11-21,37.16000,37.71500,36.92000,37.03000,26200
2022-11-22,37.31000,37.31000,36.64000,36.81000,28000
2022-11-23,36.87000,37.35000,36.58000,37.28000,33400
2022-11-25,37.37000,37.77000,37.37000,37.77000,11400
2022-11-28,37.62000,38.00000,36.74000,36.98000,28400
2022-11-29,36.96000,37.41000,36.85000,37.00000,27800
2022-11-30,37.23000,38.91000,37.07000,38.74000,90500
2022-12-01,38.60000,39.44500,38.22000,39.32000,49900
2022-12-02,39.02000,39.81000,38.90000,39.47000,28100
2022-12-05,39.20000,39.86000,38.88000,39.80000,32200
2022-12-06,39.68000,39.93000,38.84000,39.21000,28300
2022-12-07,39.13000,39.71000,38.41000,38.47000,22600
2022-12-08,38.49000,39.15000,38.32000,39.06000,25100
2022-12-09,38.73000,38.80000,38.34000,38.53000,20700
2022-12-12,38.60000,38.68500,37.80000,38.13000,34600
2022-12-13,38.31000,38.88000,37.15000,37.74000,112400
2022-12-14,37.56000,37.74000,37.10000,37.29000,40200
2022-12-15,37.04000,37.46000,36.61000,37.33000,38400
2022-12-16,37.34000,38.77000,36.67000,37.88000,98900
2022-12-19,37.88000,38.73500,37.26000,37.50000,45600
2022-12-20,37.33000,38.74500,37.26000,38.13000,37500
2022-12-21,38.45000,39.45000,37.62000,38.51000,36700
2022-12-22,38.57000,39.36000,37.30000,37.73000,37000
2022-12-23,37.69000,39.97000,37.00000,37.29000,28400
2022-12-27,37.40000,37.86000,37.01000,37.48000,18900
2022-12-28,37.33000,37.87000,36.74000,37.11000,33700
2022-12-29,37.07000,37.44000,36.82000,37.12000,30500
2022-12-30,37.02000,37.42000,36.61000,37.30000,35000
2023-01-03,37.26000,39.47000,37.19000,38.93000,63300
2023-01-04,38.85000,39.18000,38.10700,38.36000,34600
2023-01-05,38.37000,39.00000,37.24000,38.17000,40500
2023-01-06,38.63000,40.36000,38.20000,40.18000,46800
2023-01-09,40.08000,41.71000,40.03000,40.47000,48800
2023-01-10,40.44000,42.11000,40.44000,42.11000,33800
2023-01-11,41.97000,42.55000,41.61000,41.79000,30000
2023-01-12,41.94000,42.27000,41.61000,41.96000,38100
2023-01-13,42.18500,42.75000,41.96000,42.36000,32000
2023-01-17,42.19000,43.00000,42.19000,42.68000,32000
2023-01-18,43.00000,43.41500,42.65000,43.18000,29400
2023-01-19,43.21000,43.79000,43.06300,43.54000,24600
2023-01-20,43.88000,44.80000,43.58000,44.72000,32600
2023-01-23,44.60000,44.72000,43.69000,44.31000,34800
2023-01-24,43.93000,44.44000,43.71000,43.98000,23000
2023-01-25,43.62000,44.66000,43.62000,44.66000,14300
2023-01-26,45.34000,45.34000,44.60000,45.18000,19500
2023-01-27,45.01900,45.41000,45.00000,45.28000,12200
2023-01-30,44.96000,46.43000,44.68500,46.25000,39400
2023-01-31,44.26500,46.82000,44.24500,46.42000,39300
2023-02-01,46.07000,47.39000,45.91000,47.17000,55800
2023-02-02,47.19000,47.60000,45.79000,46.09000,39600
2023-02-03,45.68000,47.24000,45.32000,46.34000,31700
2023-02-06,46.39000,46.76000,45.62000,46.20000,39600
2023-02-07,46.32000,47.03000,45.90000,46.57000,37600
2023-02-08,46.48000,47.00000,45.22000,45.22000,28700
2023-02-09,45.22000,46.50000,44.17000,44.59000,33000
2023-02-10,44.20000,45.09000,44.10000,44.11000,18200
2023-02-13,44.59000,45.46000,44.02000,44.57000,33800
2023-02-14,44.12000,44.80000,43.93000,44.29000,31100
2023-02-15,44.35000,46.85700,44.00000,46.69000,38700
2023-02-16,46.60000,47.15000,45.60000,46.16000,29100
2023-02-17,46.52000,47.33000,46.13000,46.92000,42500
2023-02-21,46.44000,47.11000,46.44000,46.67000,31300
2023-02-22,46.97000,47.37000,46.38000,46.53000,40500
2023-02-23,46.41000,46.68000,46.14000,46.37000,19700
2023-02-24,45.96000,46.18500,45.09000,45.48000,37200
2023-02-27,45.74000,45.74000,44.80000,45.00000,26700
2023-02-28,45.13000,45.80000,44.86000,45.16000,58900
2023-03-01,44.92000,45.28000,44.11000,44.75000,42000
2023-03-02,44.32000,45.85500,44.32000,45.40000,45300
2023-03-03,45.00000,45.81000,44.84000,45.80000,30700
2023-03-06,45.40000,45.70000,44.82000,45.09000,33500
2023-03-07,45.23000,45.23000,44.16000,44.63000,21500
2023-03-08,44.89000,45.15000,44.26000,44.78000,30100
2023-03-09,44.72000,44.95000,44.03000,44.51000,38800
2023-03-10,44.29000,44.67000,43.37000,43.62000,33500
2023-03-13,43.07000,45.01500,42.13500,42.44000,37500
2023-03-14,43.12000,43.24000,41.78100,42.31000,93300
2023-03-15,41.69000,43.25000,41.61000,43.24000,72700
2023-03-16,42.70000,44.01000,42.16000,43.75000,51300
2023-03-17,43.38000,43.38000,41.98500,42.54000,236800
2023-03-20,42.87000,43.68000,42.51000,43.31000,37700
2023-03-21,43.88000,44.66000,42.91000,44.65000,37500
2023-03-22,44.83000,44.83000,43.39000,43.39000,27500
2023-03-23,43.63000,44.08000,42.83000,43.40000,45300
2023-03-24,43.02000,45.20000,42.57000,45.04000,44500
2023-03-27,45.45000,45.58000,44.55000,45.06500,39400
2023-03-28,44.83000,45.45000,44.28000,44.61000,32200
2023-03-29,44.82000,45.22000,44.14000,44.75000,53200
2023-03-30,43.91500,44.71000,42.50000,42.66000,62900
2023-03-31,43.13000,44.10000,42.66000,43.51000,71500
2023-04-03,43.05000,44.94000,42.87000,44.68000,65700
2023-04-04,45.03000,45.57500,43.92000,44.06000,33000
2023-04-05,43.92000,44.38000,43.64000,43.70000,22200
2023-04-06,43.88000,44.39300,42.99000,43.50000,45300
2023-04-10,43.50000,45.61000,42.85000,45.45000,149900
2023-04-11,45.45000,45.99000,44.56000,45.01000,31400
2023-04-12,44.70000,45.21000,44.18000,44.52000,30600
2023-04-13,44.76000,45.12000,44.29000,45.09000,22800
2023-04-14,45.20000,45.42000,44.21000,44.39000,25900
2023-04-17,44.58000,44.90000,44.18000,44.50000,21200
2023-04-18,44.74000,44.75000,43.64000,43.84000,22900
2023-04-19,43.86000,44.50000,43.52000,44.30000,20100
2023-04-20,43.92000,44.82100,43.70000,44.45000,26200
2023-04-21,44.39000,45.05500,44.12000,44.94000,56900
2023-04-24,44.96000,45.35000,44.37000,44.55000,22300
2023-04-25,44.22000,44.87000,43.80000,44.14000,22900
2023-04-26,43.87000,44.24000,42.93000,43.24000,38100
2023-04-27,43.27000,44.05000,42.97000,43.89000,33100
2023-04-28,44.20000,44.20000,43.26000,43.53000,27800
2023-05-01,43.41000,44.46000,42.79000,44.45000,24600
2023-05-02,44.21000,44.74000,43.59000,44.15000,47800
2023-05-03,43.87000,43.87000,40.61000,40.78000,71600
2023-05-04,40.30000,41.53000,39.89000,41.06000,36500
2023-05-05,41.67000,42.40000,41.67000,42.14000,26000
2023-05-08,42.07000,42.74000,41.77000,42.62000,24400
2023-05-09,42.63000,43.63000,42.58000,43.34000,23000
2023-05-10,43.60000,44.27000,43.60000,44.01000,22200
2023-05-11,43.65000,44.14000,42.86000,43.15000,24100
2023-05-12,42.57000,42.57000,42.21000,42.45000,12200
2023-05-15,42.21000,42.22000,41.57000,41.73000,17100
2023-05-16,41.51000,41.89000,41.38000,41.47000,28100
2023-05-17,41.51000,41.80000,40.83500,41.59000,43800
2023-05-18,41.34000,42.51000,41.18000,42.24000,32600
2023-05-19,42.79000,43.15000,42.24000,43.13000,24000
2023-05-22,43.43000,43.81000,43.08800,43.81000,34600
2023-05-23,43.90000,45.00000,43.21000,44.81000,99500
2023-05-24,44.94000,44.94000,43.56000,43.58000,25200
2023-05-25,43.54000,44.17000,43.33000,43.48000,17400
2023-05-26,43.30000,43.69000,42.77000,43.31000,15600
2023-05-30,43.18000,43.89000,43.16000,43.82000,25300
2023-05-31,43.67000,45.40000,43.56000,44.90000,60200
2023-06-01,44.80000,45.00000,43.70000,43.92000,31300
2023-06-02,44.42000,45.70000,44.12000,45.70000,48100
2023-06-05,45.33000,45.60000,44.67000,44.67000,24600
2023-06-06,44.42000,45.93000,44.31900,45.82000,63100
2023-06-07,45.75000,46.96000,45.20500,46.70000,64500
2023-06-08,46.54000,46.54000,44.52000,45.06000,40700
2023-06-09,44.74000,45.19000,44.73200,45.00000,22600
2023-06-12,45.23000,45.23000,44.65400,44.95000,27500
2023-06-13,44.88000,45.16000,44.16000,44.69000,28500
2023-06-14,44.70000,45.13500,44.67500,44.89000,35300
2023-06-15,44.66000,45.29500,44.57500,44.83000,44300
2023-06-16,45.34000,45.34000,44.76000,45.20000,123100
2023-06-20,45.20000,45.20900,44.25000,44.65000,53900
2023-06-21,44.79000,45.08000,44.41000,44.86000,27300
2023-06-22,44.99000,44.99000,43.95000,44.03000,25300
2023-06-23,43.59000,45.32000,43.59000,44.56000,146500
2023-06-26,44.30000,45.52000,43.89000,44.23000,41300
2023-06-27,44.32000,44.65000,43.38500,43.88000,50300
2023-06-28,43.98000,44.15000,43.40000,43.42000,32000
2023-06-29,43.39000,44.03000,43.39000,43.75000,22400
2023-06-30,44.08000,44.12000,43.41000,43.51000,31800
2023-07-03,43.60000,44.18500,43.41000,44.13000,15400
2023-07-05,44.05000,44.46000,43.48100,44.40000,31100
2023-07-06,44.19000,44.19000,42.34000,42.72000,24900
2023-07-07,42.49000,42.79000,41.69000,41.88000,64200
2023-07-10,41.73000,42.77500,41.73000,42.05000,42000
2023-07-11,42.14000,42.52000,41.87000,42.09000,20400
2023-07-12,42.45000,43.16000,42.38000,42.62000,23300
2023-07-13,42.57000,42.57000,42.08000,42.31000,14000
2023-07-14,42.26000,42.66000,42.05000,42.57000,13500
2023-07-17,42.66500,43.05000,42.47000,43.01000,16300
2023-07-18,42.84000,43.73000,42.84000,43.64000,24200
2023-07-19,43.76000,45.40000,43.76000,44.91000,25600
2023-07-20,45.12000,45.12000,44.51500,44.59000,14500
2023-07-21,44.73000,45.00000,43.80000,43.90000,27100
2023-07-24,43.77000,44.03000,43.08000,43.55000,19300
2023-07-25,43.34000,43.44000,43.14000,43.37000,14300
2023-07-26,43.35000,43.87000,43.35000,43.75000,16200
2023-07-27,43.84000,43.84000,43.10000,43.22000,16000
2023-07-28,43.38000,43.71000,42.92000,43.22000,12000
2023-07-31,43.21000,43.53000,42.89500,42.91000,13900
2023-08-01,43.14000,43.25500,42.39200,42.86000,23500
2023-08-02,42.47000,44.24000,42.25600,43.84000,25400
2023-08-03,43.52000,44.07000,42.66000,42.74000,21300
2023-08-04,42.78000,43.00000,42.60000,42.72000,14500
2023-08-07,42.96000,43.60000,42.96000,43.29000,14500
2023-08-08,43.11000,43.75000,42.74000,43.71000,13200
2023-08-09,43.85000,44.23000,43.47000,43.92000,12900
2023-08-10,43.52000,43.84000,43.03000,43.25000,12700
2023-08-11,43.01000,43.81300,42.89000,43.13000,19100
2023-08-14,42.63000,42.99000,42.26000,42.58000,15800
2023-08-15,42.22000,43.26000,42.22000,43.14000,11500
2023-08-16,43.07500,43.50000,42.70500,43.15000,17500
2023-08-17,42.95000,42.95000,42.53000,42.57000,13500
2023-08-18,42.31000,43.07500,42.27200,42.88000,16300
2023-08-21,42.77000,42.77000,42.26000,42.41000,12600
2023-08-22,42.51000,42.51000,41.86000,42.08000,12900
2023-08-23,42.20000,42.31000,41.83800,41.95500,15500
2023-08-24,41.78000,42.29000,41.45000,42.26000,17600
2023-08-25,42.02000,42.59000,41.49000,42.51000,26700
2023-08-28,42.09000,42.25000,42.00000,42.01000,17200
2023-08-29,41.99000,43.06000,41.99000,42.98000,18100
2023-08-30,42.80000,43.48500,42.80000,43.24000,16900
2023-08-31,43.49000,43.54900,41.42000,41.80000,163000
2023-09-01,41.96000,42.33000,41.96000,42.04000,24900
2023-09-05,41.94000,42.32000,41.30500,42.07000,30900
2023-09-06,40.61800,42.52000,40.61800,42.52000,20800
2023-09-07,42.82000,43.90000,42.82000,43.90000,41400
2023-09-08,43.76000,44.62000,43.43000,44.18000,19700
2023-09-11,44.52000,45.46000,44.52000,45.35000,19900
2023-09-12,45.80000,45.82100,45.47000,45.61000,19000
2023-09-13,45.79000,45.79000,44.73000,44.85000,29900
2023-09-14,44.98000,46.34000,44.98000,46.15000,42600
2023-09-15,45.22000,46.19000,43.67500,45.70000,143500
2023-09-18,45.72000,46.20000,44.87000,46.05000,44700
2023-09-19,46.09000,46.17000,45.64000,45.97000,30300
2023-09-20,46.08000,46.92500,46.08000,46.58000,52700
2023-09-21,46.21000,47.00000,46.07000,46.78000,33100
2023-09-22,47.02000,47.25000,46.21000,46.53000,30100
2023-09-25,45.89000,47.08000,45.81000,45.94000,40200
2023-09-26,45.81000,45.81000,45.08000,45.34000,30600
2023-09-27,45.33000,45.65300,44.60500,44.87000,20800
2023-09-28,44.63500,44.75000,44.15000,44.55000,35500
2023-09-29,44.53000,44.53000,43.83000,44.37000,40000
2023-10-02,44.13000,44.44000,43.89000,44.30000,29000
2023-10-03,44.31000,44.65000,43.80500,44.55000,39500
2023-10-04,44.42000,46.30000,44.31000,46.16000,32000
2023-10-05,46.00000,46.87000,45.05000,46.39000,32800
2023-10-06,46.46000,46.84000,45.42000,45.66000,78000
2023-10-09,45.28000,45.49000,44.69000,45.25000,20000
2023-10-10,45.17000,45.38000,44.85000,44.85000,28400
2023-10-11,44.83800,45.47000,44.60000,44.93000,41400
2023-10-12,44.60000,44.60000,42.70000,42.97000,44000
2023-10-13,43.02000,43.67500,41.91000,42.11000,35200
2023-10-16,42.48000,42.98000,42.15000,42.28000,23500
2023-10-17,42.24000,42.82000,42.13000,42.13000,37500
2023-10-18,42.09000,42.46000,41.63000,42.30000,22800
2023-10-19,42.33000,43.18000,42.00000,43.10000,26800
2023-10-20,43.15000,43.15000,42.41000,42.44000,62300
2023-10-23,42.17000,42.75000,41.86000,41.93000,32400
2023-10-24,42.16000,42.50000,41.58500,41.74000,29700
2023-10-25,41.43000,42.48000,41.26000,42.26000,32000
2023-10-26,42.46000,42.66000,41.63500,42.11000,25600
2023-10-27,41.99000,42.35000,41.55000,42.07000,22800
2023-10-30,42.33000,42.83000,42.21000,42.58000,30600
2023-10-31,42.57000,43.98000,42.06000,42.26000,51800
2023-11-01,42.06000,42.57000,42.01000,42.40000,24600
2023-11-02,42.69000,42.70500,41.85000,41.93000,41500
2023-11-03,42.17000,42.56000,41.64000,41.66000,60200
2023-11-06,41.49000,42.19000,40.93000,41.93000,50100
2023-11-07,41.96000,43.49000,41.32000,41.49000,43400
2023-11-08,41.77000,41.77000,40.85000,41.12000,44400
2023-11-09,41.33000,42.00000,39.99500,40.51000,35200
2023-11-10,40.44000,42.19000,39.81000,41.81000,48900
2023-11-13,41.39000,42.21000,41.39000,41.78000,32600
2023-11-14,42.69000,42.69000,41.63000,42.35000,93000
2023-11-15,42.45000,42.50000,41.00000,41.18000,45800
2023-11-16,41.16000,41.84000,41.10000,41.37000,35900
2023-11-17,41.47000,42.27000,40.92000,41.26000,42900
2023-11-20,41.47000,42.10000,40.92000,41.98000,48300
2023-11-21,41.91000,42.38000,41.76000,41.84000,30400
2023-11-22,42.00000,42.20000,41.63000,41.74000,57400
2023-11-24,41.86000,42.19000,41.42500,41.54000,44700
2023-11-27,41.56000,41.74500,41.07000,41.50000,60700
2023-11-28,41.43000,41.60000,41.24000,41.40000,30500
2023-11-29,41.66000,41.98000,41.37000,41.51000,37600
2023-11-30,41.59000,41.90000,41.35000,41.43000,61800
2023-12-01,41.30000,41.54500,41.04500,41.50000,110400
2023-12-04,41.57000,41.60000,41.18000,41.50000,99500
2023-12-05,41.50000,41.60000,41.41000,41.50000,122400
2023-12-06,41.60000,41.60000,41.04500,41.34000,78500
2023-12-07,41.34000,41.59000,41.33000,41.46000,80100
2023-12-08,41.31000,41.55000,41.28500,41.50000,107200
2023-12-11,41.55000,41.66000,41.26000,41.55000,137800
2023-12-12,41.55000,41.56000,41.32000,41.50000,131600
2023-12-13,41.65000,41.65000,41.00000,41.32000,214000
2023-12-14,41.60000,41.81000,40.62000,40.72000,103100
2023-12-15,41.00000,41.00000,39.00000,39.05000,147600
2023-12-18,39.13000,39.93000,38.63000,39.87000,111900
2023-12-19,39.91000,40.18000,39.26500,39.52000,56900
2023-12-20,39.67000,40.01000,38.91000,39.53000,60900
2023-12-21,39.45000,39.86000,38.63200,39.46000,37600
2023-12-22,39.70000,40.14000,39.53000,39.91000,45600
2023-12-26,40.09000,40.09000,39.48000,39.56000,45200
2023-12-27,39.64000,39.67000,39.22500,39.38000,39700
2023-12-28,39.15000,39.77000,39.01000,39.41000,51900
2023-12-29,39.55000,39.86000,39.32000,39.56000,53900
2024-01-02,39.62000,41.36000,39.49000,41.20000,358300
2024-01-03,41.59000,42.18000,40.88200,41.02000,479500
2024-01-04,41.25000,41.39000,40.23000,40.29000,77900
2024-01-05,40.20000,40.24000,38.06500,38.13000,100500
2024-01-08,37.90000,38.78000,37.65000,38.60000,68800
2024-01-09,38.39000,38.62500,37.91000,38.18000,72600
2024-01-10,38.17000,39.10500,38.17000,39.08000,91900
2024-01-11,39.11000,39.78000,38.90000,39.28000,100600
2024-01-12,39.75000,39.80000,39.05000,39.18000,79200
2024-01-16,39.01000,39.79000,38.92000,39.71000,73700
2024-01-17,39.71000,40.35000,39.39000,39.60000,71700
2024-01-18,39.49000,39.58500,38.86000,39.54000,43500
2024-01-19,39.75000,39.75000,39.01000,39.29000,45100
2024-01-22,39.52000,40.18000,39.52000,40.18000,52400
2024-01-23,40.40000,40.46000,39.45000,39.94000,50000
2024-01-24,40.17000,40.17000,39.77000,40.06000,46000
2024-01-25,40.28000,40.30000,39.93000,40.10000,52000
2024-01-26,40.31000,40.33000,39.80000,40.10000,46500
2024-01-29,39.97000,40.18000,39.84000,40.06000,65100
2024-01-30,40.11000,40.51000,39.31000,39.56000,41300
2024-01-31,39.74000,40.18000,39.40000,39.40000,56900
2024-02-01,39.40000,39.72000,38.49000,38.83000,69400
2024-02-02,38.47000,39.04000,36.81000,37.01000,55300
2024-02-05,36.83000,37.27000,36.20500,36.87000,90900
2024-02-06,36.87000,37.65000,36.66000,37.55000,42500
2024-02-07,37.56000,37.74000,37.16000,37.34000,44300
2024-02-08,37.23000,38.08000,36.80000,37.97000,93900
2024-02-09,37.98000,38.72100,37.78400,38.47000,50800
2024-02-12,38.39000,39.08000,38.27000,38.99000,47400
2024-02-13,38.68000,39.00000,37.25000,37.54000,150000
2024-02-14,38.14000,39.93000,37.12000,39.84000,59600
2024-02-15,39.88000,40.04500,39.26000,39.38000,86800
2024-02-16,39.55000,40.09300,38.66000,39.23000,81600
2024-02-20,38.91000,39.35000,38.44600,39.05000,84600
2024-02-21,39.00000,39.68000,39.00000,39.60000,26900
2024-02-22,39.43000,40.02000,38.87000,39.67000,81300
2024-02-23,39.79000,40.12000,39.43000,40.00000,44000
2024-02-26,39.74000,40.65000,39.74000,40.56000,140900
2024-02-27,40.63000,42.00000,40.49000,40.88000,126900
2024-02-28,40.68000,41.47000,40.36000,40.95000,66000
2024-02-29,41.32000,41.50000,39.83000,40.32000,123600
2024-03-01,40.49000,40.76000,40.32000,40.56000,61000
2024-03-04,40.41000,40.86000,40.02000,40.21000,85700
2024-03-05,40.20000,40.44000,39.47000,39.65000,50600
2024-03-06,39.67000,40.60000,39.17000,40.33000,77800
2024-03-07,40.30000,40.72500,40.07500,40.42000,44300
2024-03-08,40.68000,40.77000,40.26000,40.46000,72200
2024-03-11,40.23000,40.62000,40.14000,40.24000,41400
2024-03-12,40.13000,40.44500,39.93000,40.09000,25100
2024-03-13,39.98000,40.40000,39.81000,40.07000,38400
2024-03-14,39.91000,40.00500,39.31000,39.67000,35400
2024-03-15,39.41000,39.86000,39.41000,39.70000,85200
2024-03-18,39.61000,40.44500,39.50000,39.77000,47500
2024-03-19,39.87000,40.00000,39.65500,39.89000,49500
2024-03-20,39.90000,40.58000,39.65000,40.32000,79200
2024-03-21,40.28000,40.69000,40.12000,40.40000,84300
2024-03-22,40.40000,40.65000,39.77000,39.98000,52600
2024-03-25,40.00000,40.05000,39.24000,39.48000,41800
2024-03-26,39.66000,40.13500,39.55000,39.70000,86700
2024-03-27,39.85000,39.85000,39.30000,39.40000,55600
2024-03-28,39.25000,39.84000,39.25000,39.61000,61800
2024-04-01,39.97000,39.98000,38.98000,39.34000,49700
2024-04-02,38.97000,39.46000,36.43000,36.58000,59000
2024-04-03,36.32000,36.64000,36.08500,36.26000,49100
2024-04-04,36.62000,37.32500,36.50000,37.09000,55900
2024-04-05,36.96000,37.39000,36.52700,37.00000,31900
2024-04-08,37.18000,37.75000,36.96600,37.27000,31200
2024-04-09,37.27000,37.61000,36.78000,36.91000,40200
2024-04-10,36.51000,36.76000,35.04000,35.41000,53200
2024-04-11,35.32100,35.32800,34.68500,34.75000,51900
2024-04-12,34.79000,35.00000,33.88400,34.10000,47900
2024-04-15,34.01000,34.34000,33.68000,34.22000,40300
2024-04-16,33.99000,34.91000,33.94000,34.36000,35100
2024-04-17,35.84000,35.84000,33.25000,33.32000,41900
2024-04-18,33.16000,33.52000,32.69000,32.87000,55600
2024-04-19,32.67000,34.37000,32.08000,34.03000,68400
2024-04-22,33.87000,34.55000,33.61500,33.69000,39700
2024-04-23,33.56000,34.64500,33.56000,34.24000,74200
2024-04-24,34.01000,34.27000,33.64200,34.27000,42800
2024-04-25,34.20000,34.31500,33.48000,33.59000,43200
2024-04-26,33.48000,33.87000,33.36200,33.81000,39900
2024-04-29,33.85000,34.53000,33.85000,34.30000,55200
2024-04-30,34.15000,34.50000,33.62000,34.25000,49000
2024-05-01,34.38000,34.86000,33.78400,34.64000,47800
2024-05-02,34.82000,35.13000,34.10700,34.97000,59400
2024-05-03,35.08000,35.19500,34.47000,34.87000,55600
2024-05-06,34.93000,35.46100,34.75000,35.15000,43500
2024-05-07,35.35000,35.81000,35.06000,35.63000,61100
2024-05-08,35.74000,35.74000,29.62000,29.76000,135000
2024-05-09,29.58000,29.79000,28.61000,28.75000,68900
2024-05-10,28.80000,31.58000,28.51000,31.06000,150000
2024-05-13,31.65000,32.09000,29.27000,29.53000,99500
2024-05-14,30.06000,31.63000,30.06000,31.29000,127700
2024-05-15,31.56000,32.12000,30.43000,31.56000,111400
2024-05-16,31.70000,32.43000,31.06000,31.84000,61500
2024-05-17,32.09000,32.48000,30.58000,31.00000,61500
2024-05-20,31.02000,31.50500,30.58000,31.36000,48400
2024-05-21,31.29000,31.60800,30.75000,31.15000,67300
2024-05-22,31.28000,31.39000,31.00000,31.14000,57100
2024-05-23,31.11000,31.73000,30.13000,30.25000,36600
2024-05-24,30.44000,30.72000,30.16300,30.34000,37200
2024-05-28,30.45000,30.79000,29.08900,30.12000,74200
2024-05-29,29.87000,30.45000,28.48000,28.59000,61400
2024-05-30,28.68000,29.65000,28.19000,28.29000,55300
2024-05-31,28.25000,28.71000,27.45000,28.08000,117500
2024-06-03,28.32000,28.76000,27.12000,27.89000,118900
2024-06-04,27.77000,28.26000,27.32000,27.95000,58700
2024-06-05,27.94000,27.94000,27.19000,27.23000,58000
2024-06-06,27.07000,27.35300,26.74000,26.83000,47100
2024-06-07,26.65000,27.01000,25.63000,25.69000,59200
2024-06-10,25.42000,25.68000,24.25000,25.67000,85200
2024-06-11,25.51000,26.02000,25.26000,25.77000,59200
2024-06-12,26.09000,26.27000,25.14000,25.35000,172800
2024-06-13,25.22000,25.72000,24.84100,25.25000,119100
2024-06-14,25.05000,25.33000,24.78000,25.29000,178800
2024-06-17,25.10000,25.57500,24.85000,25.25000,119100
2024-06-18,25.21000,25.73000,25.06000,25.12000,93400
2024-06-20,25.03000,25.45000,24.87000,25.05000,214300
2024-06-21,25.12000,25.99500,24.93000,25.37000,330900
2024-06-24,25.36000,25.52500,24.83500,24.87000,108700
2024-06-25,24.87000,24.88000,23.45000,23.45000,67200
2024-06-26,23.32000,23.32000,22.94000,23.00000,222700
2024-06-27,23.11000,23.30000,22.75000,22.99000,415000
2024-06-28,23.01000,23.39000,22.85000,22.95000,459600
2024-07-01,23.03000,23.30000,22.47000,22.90000,162800
2024-07-02,22.83000,22.92000,22.51000,22.89000,160000
2024-07-03,22.85000,23.27000,22.71000,22.95000,126900
2024-07-05,22.91000,23.00500,21.73100,22.99000,312600
2024-07-08,22.97000,23.22000,22.70000,23.00000,146000
2024-07-09,22.90000,22.90000,21.88000,22.09000,130100
2024-07-10,22.15000,22.53000,21.81000,22.40000,110100
2024-07-11,22.57000,23.10000,22.51000,22.94000,173200
2024-07-12,22.95000,23.69200,22.70500,23.52000,119800
2024-07-15,23.44000,23.99000,23.24000,23.49000,97500
2024-07-16,23.66000,24.96000,23.43000,24.63000,95000
2024-07-17,24.45000,25.00000,24.43000,24.57000,80800
2024-07-18,24.42000,24.86000,23.83000,23.93000,62400
2024-07-19,23.98000,24.05000,23.33000,23.53000,97700
2024-07-22,23.71000,24.38000,23.39000,24.31000,73100
2024-07-23,24.20000,24.66000,24.10000,24.58000,79400
2024-07-24,24.57000,25.21000,24.57000,24.92000,79400
2024-07-25,24.99000,25.88000,24.99000,25.21000,85600
2024-07-26,25.48000,25.64000,24.39000,24.66000,98500
2024-07-29,24.63000,25.01000,23.84000,23.96000,73200
2024-07-30,23.98000,24.94500,23.49000,24.86000,110500
2024-07-31,24.85000,25.98000,24.07000,25.49000,226500
2024-08-01,26.59000,27.07000,25.75600,26.17000,186100
2024-08-02,25.34000,26.02000,24.85000,24.98000,69100
2024-08-05,24.48000,24.48000,23.02400,23.34000,91500
2024-08-06,23.12000,23.29000,22.64000,22.79000,103600
2024-08-07,22.60000,22.60000,20.51000,20.61500,108700
2024-08-08,20.76000,21.45000,20.62000,21.05000,89100
2024-08-09,20.97000,21.47500,20.78000,21.18000,80500
2024-08-12,21.36000,21.36000,20.84000,20.85000,80300
2024-08-13,20.95000,21.66000,20.41000,21.63000,96300
2024-08-14,21.74000,21.78000,21.14000,21.17000,83700
2024-08-15,21.37000,21.70000,21.14000,21.23000,141700
2024-08-16,21.16000,21.52000,21.01000,21.02000,115700
2024-08-19,21.15000,21.50000,20.96000,21.40500,88400
2024-08-20,21.47000,21.47000,20.84000,20.84000,78000
2024-08-21,20.89000,21.48000,20.66000,21.22000,90600
2024-08-22,21.19000,21.40000,20.58000,20.69000,70500
2024-08-23,20.72000,22.07000,20.70000,21.88000,99300
2024-08-26,22.13000,22.35000,21.94000,22.01000,53000
2024-08-27,21.85000,22.13000,21.77000,22.06000,67700
2024-08-28,22.05000,22.35000,21.97000,22.11000,60900
2024-08-29,22.22000,22.73000,21.96000,22.28000,63200
2024-08-30,22.26000,22.84000,22.22000,22.80000,76400
2024-09-03,22.56000,22.99000,22.17000,22.17000,75500
2024-09-04,22.24000,22.60000,22.18500,22.26000,76500
2024-09-05,22.27000,22.27000,21.60000,21.65000,81800
2024-09-06,21.73000,22.09000,21.62000,21.71000,88000
2024-09-09,21.69000,21.92000,21.08000,21.12000,80100
2024-09-10,21.26000,21.75000,20.98000,21.64000,69100
2024-09-11,21.48000,21.66900,21.05000,21.40000,68100
2024-09-12,21.58000,21.86000,21.36000,21.65000,51800
2024-09-13,21.84000,22.13000,21.47000,21.90000,53400
2024-09-16,22.06000,22.20000,21.64000,22.19000,98600
2024-09-17,22.41000,22.63000,21.97000,22.07000,49800
2024-09-18,21.95000,22.58000,21.75000,21.82000,51800
2024-09-19,22.24000,22.39000,21.75000,21.95000,67300
2024-09-20,21.95000,22.18000,21.51000,21.64000,160900
2024-09-23,21.65000,22.23500,21.49700,22.00000,54100
2024-09-24,22.13000,22.29000,21.84000,22.25000,68000
2024-09-25,22.22000,22.22000,21.84000,21.93000,58700
2024-09-26,22.13000,22.41300,22.13000,22.31000,51300
2024-09-27,22.35000,22.57000,22.18000,22.39000,41600
2024-09-30,22.29000,22.99000,22.25000,22.86000,101900
2024-10-01,22.88000,22.95500,21.75000,21.78000,82000
2024-10-02,21.79000,21.98000,21.08000,21.08000,49200
2024-10-03,20.97000,21.31500,20.04000,20.25000,51300
2024-10-04,20.53000,20.54500,19.91900,19.97000,62000
2024-10-07,19.85000,19.96300,19.26000,19.47000,70200
2024-10-08,19.55000,19.71000,19.38000,19.49000,57900
2024-10-09,19.47000,19.64400,19.10000,19.19000,73300
2024-10-10,19.01000,19.04200,18.71000,18.71000,63300
2024-10-11,18.70000,19.10000,18.70000,18.86000,56200
2024-10-14,18.89000,19.18000,18.71000,19.04000,49500
2024-10-15,19.10000,19.82000,19.10000,19.44000,68100
2024-10-16,19.61000,19.91000,19.34000,19.45000,57600
2024-10-17,19.37000,19.77000,19.19900,19.75000,55000
2024-10-18,19.82000,19.99000,19.23000,19.95000,87700
2024-10-21,19.96000,20.02000,18.81500,18.83000,79900
2024-10-22,18.71000,18.84500,18.26500,18.69000,68500
2024-10-23,18.55000,18.67400,18.25500,18.43000,77700
2024-10-24,18.45000,18.69000,18.18300,18.30000,59300
2024-10-25,18.33000,18.46000,17.78000,17.96000,51200
2024-10-28,18.35000,19.45000,18.35000,18.77000,87900
2024-10-29,18.59000,18.79000,17.73000,17.77000,83900
2024-10-30,17.77000,18.19400,17.62000,17.91000,83700
2024-10-31,17.86000,18.58000,17.66000,18.13000,90000
2024-11-01,18.30000,18.45000,17.72000,18.16000,123600
2024-11-04,18.17000,18.61000,18.11000,18.50000,87300
2024-11-05,18.45000,19.26000,18.45000,19.12000,70500
2024-11-06,19.99000,20.69000,19.46000,20.42000,91200
2024-11-07,20.35000,20.56800,19.77000,20.00000,82600
2024-11-08,20.07000,20.11000,19.78400,19.99000,54400
2024-11-11,20.20000,21.64000,20.20000,21.29000,98200
2024-11-12,21.10000,21.29000,20.19000,20.37000,100300
2024-11-13,20.39000,20.54000,20.02600,20.26000,69600
2024-11-14,20.39000,20.39000,18.93000,18.97000,76700
2024-11-15,19.15000,19.30000,18.95700,19.14000,83500
2024-11-18,19.22000,19.22000,18.41000,18.47000,109300
2024-11-19,18.33000,18.92000,18.33000,18.83000,82400
2024-11-20,18.77000,18.97000,18.63000,18.75000,99600
2024-11-21,18.75000,19.49000,18.62000,19.46000,86900
2024-11-22,19.58000,19.78500,19.02600,19.12000,65900
2024-11-25,19.40000,20.11000,18.86500,19.64000,101000
2024-11-26,19.63000,19.65000,19.11500,19.54000,109100
2024-11-27,19.56000,19.90000,19.10900,19.48000,50400
2024-11-29,19.50000,19.79500,19.15500,19.66000,43700
2024-12-02,19.67000,19.85000,19.31000,19.77000,115600
2024-12-03,19.77000,19.77000,19.23500,19.30500,68100
2024-12-04,19.32000,19.79000,19.15000,19.72000,94800
2024-12-05,19.70000,19.93500,19.14000,19.23000,84300
2024-12-06,19.34000,19.34000,18.88000,18.99000,89200
2024-12-09,18.88000,19.71000,18.88000,19.50000,107200
2024-12-10,19.57000,19.70000,19.25500,19.35000,72100
2024-12-11,19.49000,19.49000,19.05000,19.08000,267900
2024-12-12,19.07000,19.14000,18.46500,18.47000,79000
2024-12-13,18.40000,18.51000,17.71000,17.79000,95200
2024-12-16,17.79000,18.57800,16.92500,17.19000,149900
2024-12-17,17.13000,17.83000,17.00200,17.68000,123000
2024-12-18,17.68000,18.31000,17.07000,17.18000,115400
2024-12-19,17.23000,17.51000,16.74000,17.07000,115900
2024-12-20,16.82000,17.88000,16.82000,17.17000,333500
2024-12-23,17.17000,17.90000,17.06000,17.84000,122900
2024-12-24,17.94000,18.37000,17.74000,17.76000,50600
2024-12-26,17.73000,17.94000,16.93000,17.94000,154100
2024-12-27,17.72000,17.95000,17.01000,17.43000,82400
2024-12-30,17.21000,17.64500,16.98500,17.41000,71300
2024-12-31,17.42000,17.73000,17.32300,17.64000,59700
2025-01-02,17.76000,18.11000,17.24000,17.29000,50600
2025-01-03,17.41000,17.98000,17.27500,17.73000,80700
2025-01-06,17.75000,18.07000,17.58000,17.67000,87200
2025-01-07,17.67000,17.91500,17.23000,17.36000,61900
2025-01-08,17.28000,17.63000,16.86500,17.34000,75400
2025-01-10,17.12000,17.12000,16.63500,16.79000,96600
2025-01-13,16.71000,17.42500,16.56000,17.27000,110000
2025-01-14,17.28000,17.47000,16.50000,16.93000,67300
2025-01-15,17.33000,17.33000,16.90500,17.12000,32400
2025-01-16,17.16000,17.42600,16.79000,17.25000,53300
2025-01-17,17.43000,17.45500,17.11800,17.41000,53700
2025-01-21,17.59000,18.45000,17.09000,17.82000,97000
2025-01-22,17.79000,17.95900,17.32000,17.48000,53200
2025-01-23,17.48000,18.20000,17.42000,18.05000,62000
2025-01-24,17.87000,18.23000,17.57500,17.96000,56800
2025-01-27,17.98000,19.00500,17.83000,18.73000,82200
2025-01-28,18.66000,18.66000,16.08500,16.51000,139000
2025-01-29,16.51000,16.51000,15.90000,16.33000,68100
2025-01-30,16.42000,17.37000,16.29000,16.72000,98400
2025-01-31,16.63000,16.90000,16.33000,16.67000,81200
2025-02-03,16.47000,16.60500,16.20000,16.36000,78100
2025-02-04,16.28000,17.08000,16.05000,16.28000,70900
2025-02-05,16.35000,16.99000,16.23000,16.90000,115700
2025-02-06,16.96000,17.01000,16.73000,16.82000,66600
2025-02-07,16.86000,17.03700,16.51000,16.69000,79000
2025-02-10,16.72000,17.37000,16.70000,17.24000,74000
2025-02-11,17.03000,17.62600,17.03000,17.52000,61700
2025-02-12,17.14000,17.47000,16.92000,17.25000,76100
2025-02-13,17.42000,17.98000,17.10000,17.87000,72400
2025-02-14,18.03000,18.41000,17.60500,17.70000,89900
2025-02-18,17.70000,17.77000,17.36000,17.60000,63500
2025-02-19,17.39000,17.39000,16.99000,17.03000,62000
2025-02-20,16.90000,16.92700,16.46000,16.46000,66400
2025-02-21,16.57000,17.39000,15.59000,15.61000,67600
2025-02-24,15.77000,16.34700,15.38000,15.58000,101900
2025-02-25,16.03000,16.03000,15.27000,15.37000,95100
2025-02-26,15.22000,15.97500,14.78000,14.86000,67500
2025-02-27,14.80000,15.10000,14.35500,14.50000,68500
2025-02-28,14.41000,14.85200,13.93000,14.59000,509500
2025-03-03,14.71000,14.88000,13.92000,14.15000,86400
2025-03-04,13.93000,14.37000,13.74000,14.10000,97600
2025-03-05,14.20000,14.47000,13.99000,14.23000,92500
2025-03-06,14.04000,14.40500,13.86300,14.37000,65500
2025-03-07,14.15000,15.34500,14.15000,15.11000,78300
2025-03-10,15.00000,15.60000,15.00000,15.20000,112100
2025-03-11,15.32000,15.52000,14.66000,14.89000,86100
2025-03-12,14.90000,15.19000,14.39000,14.83000,79000
2025-03-13,14.61000,14.91500,14.39100,14.59000,66500
2025-03-14,14.66000,15.09000,14.24300,14.83000,76500
2025-03-17,14.72000,15.17400,14.55700,15.07000,122300
2025-03-18,15.08000,15.67000,14.73000,15.55000,86100
2025-03-19,15.45000,15.98000,15.40000,15.87000,69900
2025-03-20,15.71000,15.90000,14.97000,14.99000,61200
2025-03-21,14.82000,15.20000,14.08000,14.44000,143600
2025-03-24,14.64000,15.03500,14.46000,14.68000,75100
2025-03-25,14.64500,14.64500,13.63000,13.71500,51200
2025-03-26,13.75000,14.14000,13.73000,13.94000,65500
2025-03-27,13.98000,14.13000,13.72000,14.05000,55700
2025-03-28,14.02000,14.02000,12.87500,12.91000,64700
2025-03-31,12.69000,13.10500,12.32000,12.80000,127400
2025-04-01,12.79000,13.07000,12.52000,12.82000,93400
2025-04-02,12.60000,12.82200,12.12000,12.16000,69000
2025-04-03,11.76000,12.24000,11.37500,11.92000,106600
2025-04-04,12.00000,12.48000,11.51000,12.40000,120400
2025-04-07,12.08000,12.57500,11.55000,12.08000,111300
2025-04-08,12.38000,12.63000,11.69800,11.96000,142100
2025-04-09,11.86000,13.38000,11.64000,12.52000,97100
2025-04-10,11.85000,12.64300,10.94000,11.17000,96800
2025-04-11,11.21000,11.72000,10.60100,10.70000,87300
2025-04-14,10.78000,11.05000,10.51000,10.78000,90000
2025-04-15,10.77000,11.42000,10.45000,10.91000,120500
2025-04-16,10.96000,10.96000,10.47000,10.53000,50300
2025-04-17,10.47000,10.85000,10.40000,10.54000,79800
2025-04-21,10.47000,11.07500,9.75500,10.13000,90900
2025-04-22,10.47000,11.20500,10.20000,10.69000,87000
2025-04-23,10.70000,11.27000,10.59000,10.63000,69800
2025-04-24,10.59000,10.95000,10.56000,10.69500,65100
2025-04-25,10.53000,10.91000,10.24000,10.72000,75100
2025-04-28,10.75000,11.15000,10.52400,10.84000,116500
2025-04-29,10.74000,11.89000,10.74000,11.87000,130200
2025-04-30,11.75000,11.75000,11.01000,11.36000,79900
2025-05-01,11.41000,12.15000,11.15000,12.11500,123600
2025-05-02,12.29000,12.81000,12.29000,12.77000,97300
2025-05-05,12.72000,13.29000,12.72000,12.78000,182800
2025-05-06,12.73000,13.00500,12.39000,12.69000,132300
2025-05-07,12.87000,13.43000,12.75000,13.09000,117300
2025-05-08,13.09000,13.60000,13.09000,13.42000,104800
2025-05-09,13.41000,13.75000,12.82000,12.99000,116900
2025-05-12,13.80000,13.90000,13.26000,13.85000,147800
2025-05-13,13.85000,14.11000,13.39000,13.44000,97900
2025-05-14,13.54000,13.68500,13.33500,13.39000,78900
2025-05-15,13.30000,14.15000,13.27500,13.98000,68000
2025-05-16,13.98000,14.20000,13.61000,14.04000,116100
2025-05-19,13.80000,14.11000,13.70000,13.97000,82900
2025-05-20,13.97000,13.97000,13.62000,13.80000,47300
2025-05-21,13.46000,13.85000,13.34000,13.39000,69300
2025-05-22,13.33000,13.95000,13.27000,13.79000,80700
2025-05-23,13.47000,13.90500,13.42500,13.59000,82200
2025-05-27,13.89000,14.02000,13.53500,13.64000,98000
2025-05-28,13.65000,13.83000,13.18500,13.30000,66100
2025-05-29,13.35000,13.86000,13.25000,13.77000,59900
2025-05-30,13.68000,13.82000,13.33000,13.51000,55600
2025-06-02,13.39000,13.79000,13.21000,13.78000,85000
2025-06-03,13.72000,14.26000,13.59500,14.12000,64100
2025-06-04,13.89000,14.42000,13.89000,14.09000,43800
2025-06-05,14.17000,14.47000,14.02000,14.37000,58100
2025-06-06,14.54000,15.06000,14.44000,15.02000,108100
2025-06-09,15.17000,15.74000,15.06000,15.62000,100400
2025-06-10,15.80000,16.24000,15.63500,16.21000,76800
2025-06-11,16.29000,16.39500,16.00000,16.07000,99800
2025-06-12,16.06000,16.56000,15.90000,16.03000,89400
2025-06-13,15.80000,16.27000,15.80000,16.04000,103300
2025-06-16,16.09000,16.75000,16.09000,16.63000,113800
2025-06-17,16.49000,17.10000,16.41000,16.77000,120800
2025-06-18,16.76000,17.09100,16.50000,16.83000,109000
2025-06-20,17.01000,17.01000,16.43900,16.55000,152900
2025-06-23,16.51000,17.00000,16.19000,17.00000,101200
2025-06-24,17.16000,17.25000,16.94000,17.24000,70100
2025-06-25,17.16000,17.29000,16.59800,16.84000,100500
2025-06-26,16.89000,17.01500,15.93500,16.19000,86200
2025-06-27,16.15000,16.94000,15.79500,16.67000,334000
2025-06-30,16.70000,17.18000,16.70000,16.80000,105500
2025-07-01,16.68000,17.22000,16.56000,16.67000,85500
2025-07-02,16.57300,16.65000,16.01000,16.54000,150600
2025-07-03,16.59000,17.21500,16.55000,17.01000,45700
2025-07-07,16.85000,16.86000,16.28000,16.47000,61200
2025-07-08,16.53000,17.12000,16.47000,16.87000,60800
2025-07-09,16.89000,16.91000,16.41000,16.74000,35700
2025-07-10,16.64000,17.02000,16.21000,16.27500,57700
2025-07-11,16.08000,16.15100,15.81000,15.96000,47800
2025-07-14,16.03000,16.35500,15.31000,15.38000,130800
2025-07-15,15.44000,15.73000,14.89000,15.10000,114600
2025-07-16,15.23000,15.51000,14.86000,14.95000,113700
2025-07-17,14.94000,15.47500,14.77000,14.95000,118300
2025-07-18,15.04000,15.04000,14.19000,14.22000,77100
2025-07-21,14.24000,14.34000,14.00000,14.05000,49300
2025-07-22,14.07000,14.39000,14.07000,14.16000,72700
2025-07-23,14.37000,14.73000,14.00000,14.73000,71800
2025-07-24,14.69000,14.75000,14.06000,14.12000,84700
2025-07-25,14.26000,14.52900,13.85000,13.89000,42800
2025-07-28,13.89000,14.15000,13.82000,13.93500,57900
2025-07-29,14.43000,14.43000,13.03000,13.26000,137600
2025-07-30,13.34000,13.34000,12.31500,12.63000,164000
2025-07-31,12.56000,13.15000,12.44000,12.50000,183200
2025-08-01,12.32000,12.83500,12.29000,12.58000,192600
2025-08-04,12.69000,13.86000,12.69000,13.66000,153600
2025-08-05,13.75000,14.14000,13.70500,13.81000,128900
2025-08-06,13.84000,14.23000,13.80000,14.16000,104600
2025-08-07,14.37000,14.72000,14.31500,14.69000,121500
2025-08-08,14.69000,15.16000,14.61000,15.10000,118600
2025-08-11,15.20000,15.44000,14.98000,15.09000,119100
2025-08-12,15.15000,15.70500,15.00000,15.53000,115800
2025-08-13,15.53000,16.06000,15.44000,15.57000,129500
2025-08-14,15.40000,15.73000,14.73000,15.00000,124700
2025-08-15,15.08000,15.36000,14.90000,15.31000,98000
2025-08-18,15.38000,15.54000,15.12500,15.51000,98500
2025-08-19,15.55000,16.21000,15.36000,16.17000,124900
2025-08-20,16.07000,16.07300,15.57000,15.72000,117200
2025-08-21,15.59000,15.63200,14.45000,14.51000,75300
2025-08-22,14.63000,15.49000,14.52500,15.37000,83200
2025-08-25,15.23000,15.47500,15.15000,15.26000,54100
2025-08-26,15.40000,15.50000,15.16000,15.38000,61700
2025-08-27,15.23000,15.57000,15.11000,15.48000,57900
2025-08-28,15.60000,15.60000,14.58000,14.65000,70000
2025-08-29,14.70000,14.90000,14.51000,14.69000,78200
2025-09-02,14.55000,15.15000,14.55000,15.07000,105600
2025-09-03,14.98000,15.25000,14.70000,14.73000,105700
2025-09-04,14.88000,15.10600,14.75000,14.96000,117400
2025-09-05,15.01000,15.67000,14.91000,15.40000,133400
2025-09-08,15.50000,15.77000,15.34000,15.75000,85200
2025-09-09,15.76000,16.16500,15.50000,16.14000,91200
2025-09-10,16.07000,16.09000,15.64000,15.89000,82400
2025-09-11,15.99000,16.28100,15.99000,16.20000,68700
2025-09-12,16.20000,16.20000,15.85000,16.01000,76100
2025-09-15,16.09000,16.46000,15.90500,16.20000,99800
2025-09-16,16.14000,16.21000,15.97500,16.06000,71900
2025-09-17,16.06000,16.34000,15.83000,15.91000,100800
2025-09-18,15.96000,16.30000,15.72000,15.89000,209800
2025-09-19,15.95000,16.09000,14.70000,14.80000,196300
2025-09-22,14.87000,15.35500,14.70000,15.22000,98000
2025-09-23,15.20000,15.43000,14.33000,14.67000,93700
2025-09-24,14.71000,14.88500,14.43800,14.55000,44300
2025-09-25,14.41000,14.45000,13.81500,13.85000,68600
2025-09-26,13.81000,13.81000,13.05000,13.30000,76400
2025-09-29,13.36000,13.36000,12.74000,12.77000,83900
2025-09-30,12.68000,12.97000,12.58900,12.78000,149300
2025-10-01,12.84000,12.84000,12.26000,12.50000,81600
2025-10-02,12.49000,12.52800,12.22000,12.46000,69200
2025-10-03,12.46000,12.80100,12.10000,12.21000,62200
2025-10-06,12.25000,12.25000,11.81500,12.07000,113300
2025-10-07,12.02000,12.25000,11.90500,12.02000,101700
2025-10-08,12.12000,12.30000,11.90000,11.92000,93800
2025-10-09,11.90000,11.91500,11.66000,11.72000,73500
2025-10-10,11.72000,11.85000,11.28000,11.48000,108500
2025-10-13,11.67000,11.81000,11.43000,11.48000,95600
2025-10-14,11.41000,11.61500,11.01400,11.52000,117100
2025-10-15,11.56000,11.87000,11.32100,11.45000,54400
2025-10-16,11.56000,11.77000,11.20000,11.68000,102900
2025-10-17,11.62000,11.88000,11.42000,11.61000,108800
2025-10-20,11.70000,11.99000,11.60000,11.93000,129400
2025-10-21,11.93000,12.14000,11.80400,12.09000,62200
2025-10-22,12.04000,12.16000,11.76000,11.90000,64600
2025-10-23,11.90000,11.97000,11.55000,11.66000,61000
2025-10-24,11.81000,12.02000,11.50600,11.66000,61100
2025-10-27,11.77000,11.77000,11.32000,11.42000,86300
2025-10-28,11.43000,14.00000,11.42700,13.25000,273200
2025-10-29,13.30000,13.90000,13.20000,13.45000,141100
2025-10-30,13.28000,13.28500,12.78000,13.10000,115600
2025-10-31,13.06000,13.38000,12.62000,13.36000,107600
2025-11-03,13.38000,13.47000,13.16000,13.25000,49700
2025-11-04,13.17000,14.18000,13.14000,13.78000,172700
2025-11-05,13.91000,14.10500,13.39400,14.07000,96300
2025-11-06,14.06000,14.36000,13.73000,14.34000,76400
2025-11-07,14.34000,14.78000,14.13500,14.70000,107300
2025-11-10,14.89000,14.89000,14.37000,14.48000,93200
2025-11-11,14.50000,15.04000,13.86000,14.93000,131300
2025-11-12,15.00000,15.43000,14.96000,15.43000,118800
2025-11-13,15.42000,15.72000,14.88000,15.54000,81400
2025-11-14,15.45000,15.75000,14.75000,15.23000,96900
2025-11-17,15.21000,16.17000,14.90000,16.02000,108100
2025-11-18,15.99000,16.22000,15.84000,16.05000,71600
2025-11-19,16.04000,16.38000,15.91500,16.31000,58600
2025-11-20,16.47000,16.94500,15.90000,16.61000,103200
2025-11-21,16.52000,17.89500,16.36000,17.66000,146400
2025-11-24,17.63000,17.98000,17.00500,17.32000,133500
2025-11-25,17.45000,18.27000,17.38000,18.02000,83100
2025-11-26,17.89000,17.96500,17.17000,17.27000,64600
2025-11-28,17.25000,17.25000,16.76000,16.99000,54000
2025-12-01,16.99000,17.05500,16.50000,16.79000,86900
2025-12-02,16.79000,16.79000,16.15000,16.20000,80500
2025-12-03,16.30000,16.42500,16.06000,16.17000,67100
2025-12-04,16.16000,16.53000,16.03000,16.32000,49400
2025-12-05,16.24000,16.40200,15.69000,15.87000,97200
2025-12-08,15.88000,16.19000,15.37000,15.85000,70600
2025-12-09,15.70000,16.10500,15.58000,16.04000,52200
2025-12-10,16.04000,17.08200,15.67500,16.92500,172800
2025-12-11,17.04000,17.74000,17.04000,17.42000,77200
2025-12-12,17.43000,17.87000,16.65000,17.64000,89800
2025-12-15,17.73000,18.01400,17.25000,18.00000,69400
2025-12-16,17.97000,18.48000,17.87500,18.43000,104300
2025-12-17,18.35000,18.75400,18.07000,18.64000,94000
2025-12-18,18.79000,19.38500,18.62000,19.30000,104100
2025-12-19,19.17000,19.17000,18.50000,18.70000,282400
2025-12-22,18.58000,19.20000,18.53000,18.88000,69200
2025-12-23,18.77000,19.20000,18.63000,19.01000,86100
2025-12-24,18.92000,19.15500,18.68000,18.81000,29700
2025-12-26,18.69000,18.81000,18.39500,18.66000,61300
2025-12-29,18.68000,19.05000,18.33000,18.97000,114500
2025-12-30,18.97000,19.38000,18.59500,18.65000,49000
2025-12-31,18.62000,18.80000,18.34500,18.77000,44600
2026-01-02,18.75000,18.94500,17.84500,18.03000,67700
2026-01-05,18.03000,19.18000,18.01000,18.80000,70300
2026-01-06,18.65000,19.40000,18.62000,19.30000,93500
2026-01-07,19.41000,19.41000,18.43000,18.90000,52400
2026-01-08,18.76000,19.81000,18.76000,19.49000,73200
2026-01-09,19.54000,19.85500,19.33500,19.72000,48200
2026-01-12,19.74000,20.45000,19.44000,20.43000,53000
2026-01-13,20.51000,21.00000,20.24000,20.88000,55100
2026-01-14,20.75500,21.01000,20.48500,20.84000,79500
2026-01-15,20.88000,21.67500,20.57500,21.30000,96200
2026-01-16,21.23000,22.29000,21.23000,22.22000,78200
2026-01-20,21.94000,22.79000,21.85000,21.89000,112600
2026-01-21,21.98000,22.76000,21.53000,22.48000,80800
2026-01-22,22.39000,22.54000,21.28000,22.01000,70900
2026-01-23,21.87000,21.95500,20.74000,21.07000,38000
2026-01-26,21.18000,21.49600,20.63000,20.80500,45900
2026-01-27,20.90000,21.00000,20.00000,20.35000,57100
2026-01-28,20.17000,20.62000,19.53000,19.81000,76900
2026-01-29,20.01000,20.22500,19.54000,20.05000,71000
2026-01-30,19.94000,20.42000,19.73700,20.34000,63300
2026-02-02,20.51000,22.00000,19.96600,21.90000,87600
2026-02-03,21.45000,21.45000,16.66000,17.62000,196300
2026-02-04,17.51000,17.87000,14.93500,15.27000,166600
2026-02-05,15.24000,16.07000,15.01000,15.93000,192600
2026-02-06,16.14000,16.45000,15.59500,15.94000,307900
2026-02-09,15.97000,15.97000,15.26500,15.37000,206900
2026-02-10,15.45000,15.46500,13.92000,14.56000,218500
2026-02-11,14.51000,14.95500,13.12000,13.75000,200900
2026-02-12,13.85000,13.85500,12.64900,12.83000,113300
2026-02-13,12.80000,13.12000,12.04500,12.08000,93400
2026-02-17,12.08000,12.54000,11.73500,12.03000,134300
2026-02-18,12.06000,12.52000,11.87000,12.33000,77800
2026-02-19,12.32000,12.66000,11.99000,12.45000,85100
2026-02-20,13.36000,14.04000,13.14000,13.67000,135600
2026-02-23,13.51000,14.05000,12.49000,12.50000,98700
2026-02-24,12.45000,12.71000,12.16000,12.49000,69700
2026-02-25,12.55000,13.05200,12.35000,12.93000,97900
2026-02-26,12.98000,13.57000,12.95000,13.44000,77800
2026-02-27,13.24000,13.79000,13.18500,13.41000,58500
2026-03-02,13.22000,14.45500,13.22000,13.85000,225100
2026-03-03,13.88000,13.88000,13.27000,13.39000,120700
2026-03-04,13.47000,13.81000,13.12000,13.12000,68300
2026-03-05,12.90000,14.18000,12.77000,14.04000,180300
2026-03-06,13.82000,14.83000,13.58000,14.59000,151300
2026-03-09,14.75000,15.92000,14.60500,14.97000,264900
2026-03-10,15.76000,17.01000,15.76000,16.27000,143200
2026-03-11,16.04000,16.44000,15.61500,16.01000,99400
2026-03-12,15.94000,16.96000,15.94000,16.50000,89200
2026-03-13,16.43000,16.71000,16.25500,16.52000,87900
2026-03-16,16.50000,17.64000,16.44000,17.40000,121100
2026-03-17,17.37000,18.31000,17.37000,17.73000,135300
2026-03-18,17.65000,18.20000,17.26000,17.57000,124800
2026-03-19,17.24000,17.57000,16.60000,17.31000,86000
2026-03-20,17.41000,17.53000,16.86000,17.32000,148100
2026-03-23,17.60000,17.84000,16.53000,17.51000,143600
2026-03-24,17.50000,17.74000,17.04000,17.44000,59600
2026-03-25,17.48000,17.70000,16.75000,17.18000,66900
2026-03-26,16.91000,17.80500,16.91000,17.52000,51900
2026-03-27,17.35000,17.44000,16.84000,17.13000,47400
2026-03-30,17.13000,17.22500,16.65000,17.14000,65500
2026-03-31,17.19000,17.48000,16.64000,16.98000,66200
2026-04-01,17.23000,17.59000,16.73000,17.34000,60200
2026-04-02,17.21000,17.57000,16.82000,17.16000,56400
2026-04-06,17.35000,17.67000,17.20000,17.33000,94500
2026-04-07,17.25000,17.49000,16.84000,17.04000,56100
2026-04-08,17.50000,17.96500,17.24000,17.26000,82400
2026-04-09,17.24000,17.38000,16.24000,17.05000,55700
2026-04-10,16.97000,16.97000,16.28000,16.48000,72700
2026-04-13,16.51000,16.96000,16.23100,16.81500,70600
2026-04-14,16.86000,17.27000,16.80000,17.04000,49600
2026-04-15,16.99000,17.80000,16.99000,17.67000,30043
