date,open,high,low,close,volume
2016-02-04,18.48500,18.76000,18.12000,18.34000,33400
2016-02-05,18.36500,18.65000,17.97000,18.11000,33400
2016-02-08,18.16500,18.62000,17.52500,18.49000,34000
2016-02-09,18.38500,18.78500,18.33500,18.33500,10200
2016-02-10,17.95000,18.28500,17.91500,17.96000,21000
2016-02-11,17.90000,18.65000,17.68000,18.47500,20400
2016-02-12,18.53000,18.53000,17.99000,18.27000,15200
2016-02-16,18.38000,18.51500,18.05500,18.50000,18200
2016-02-17,18.31500,18.50000,18.31500,18.43500,27400
2016-02-18,18.49500,18.50000,18.11000,18.42500,22600
2016-02-19,18.44000,18.44000,17.68000,17.81000,50400
2016-02-22,17.83500,18.07500,17.68000,17.76500,44400
2016-02-23,17.74500,17.99000,17.66500,17.66500,23000
2016-02-24,17.61000,17.92500,17.53000,17.87000,27800
2016-02-25,18.15000,18.23000,17.62000,18.05000,29600
2016-02-26,18.08000,18.19000,17.83000,18.16500,45000
2016-02-29,18.16500,18.44500,18.00500,18.42000,34200
2016-03-01,18.47500,18.47500,18.15000,18.32000,39400
2016-03-02,18.33500,18.60500,18.06000,18.55000,47200
2016-03-03,18.23500,19.21500,18.21000,18.90500,87400
2016-03-04,18.91000,19.00000,18.66500,19.00000,35400
2016-03-07,18.97500,19.03500,18.81000,19.00000,24400
2016-03-08,18.98000,19.08500,18.71500,18.87500,62400
2016-03-09,18.86000,18.99000,18.76500,18.84000,22200
2016-03-10,18.70000,18.96500,16.89500,17.02000,63200
2016-03-11,17.51000,18.13000,17.30000,18.00000,46000
2016-03-14,17.95000,17.95000,17.30000,17.36500,48200
2016-03-15,17.30000,17.48500,17.01500,17.33000,30600
2016-03-16,17.42500,17.47000,16.50500,16.65500,49600
2016-03-17,16.60000,17.25500,16.55000,17.00000,97200
2016-03-18,17.00000,17.59000,16.71000,17.38000,105600
2016-03-21,17.50000,18.17000,17.25500,18.10500,62000
2016-03-22,17.92000,18.38500,16.64000,16.87500,66800
2016-03-23,16.85000,17.15000,16.50500,16.77000,40800
2016-03-24,16.50500,16.50500,16.14500,16.23000,21400
2016-03-28,16.52000,16.79500,16.32500,16.68500,54000
2016-03-29,16.69000,16.99500,16.33500,16.96500,48000
2016-03-30,17.04000,17.13500,16.70000,17.05500,27200
2016-03-31,17.08500,17.10000,16.75500,16.89000,39400
2016-04-01,16.24500,16.87000,16.12000,16.70500,24800
2016-04-04,16.69500,16.91000,16.44000,16.79500,31000
2016-04-05,16.80500,17.03500,16.61500,16.87000,28200
2016-04-06,16.87500,17.02500,16.56000,17.02500,31200
2016-04-07,16.95000,17.07500,16.74500,16.97500,26000
2016-04-08,17.02500,17.11500,16.75500,16.83500,16800
2016-04-11,16.83500,17.40000,16.55000,16.60000,31600
2016-04-12,16.58000,16.99000,16.58000,16.75000,19000
2016-04-13,16.86500,17.24500,16.54500,17.20000,39800
2016-04-14,17.02500,17.15500,16.77500,16.95500,22800
2016-04-15,16.94000,17.15000,16.75000,16.96500,11600
2016-04-18,16.90000,17.19500,16.85000,17.17000,37600
2016-04-19,17.17500,17.25000,17.00000,17.18000,26200
2016-04-20,17.41000,17.41000,16.94500,16.96000,16000
2016-04-21,17.05500,17.05500,16.62500,16.77500,24200
2016-04-22,16.66000,16.77000,16.50000,16.61000,12400
2016-04-25,16.57000,16.73000,16.50000,16.66500,14200
2016-04-26,16.79500,16.97000,16.50000,16.71500,23200
2016-04-27,16.70500,17.07500,16.60500,16.67000,16600
2016-04-28,16.61500,16.91500,16.60500,16.71000,28400
2016-04-29,16.69000,16.76000,16.51500,16.68000,18600
2016-05-02,16.68000,16.82000,16.57500,16.78000,12600
2016-05-03,16.65000,16.95000,16.65000,16.82000,13000
2016-05-04,16.81500,17.27500,16.65000,16.98000,28200
2016-05-05,17.05000,17.05000,16.69500,16.85000,12200
2016-05-06,16.88500,16.99500,16.50000,16.74000,19600
2016-05-09,17.08000,17.08000,16.55500,16.67000,18200
2016-05-10,16.75500,16.99500,16.67000,16.94000,17400
2016-05-11,16.83000,17.06500,16.61000,16.71500,18200
2016-05-12,16.72500,16.79500,16.50000,16.51500,7400
2016-05-13,16.61500,16.70000,16.28000,16.39000,15800
2016-05-16,16.47500,16.50000,16.30000,16.48500,10800
2016-05-17,16.16500,16.33500,15.44000,15.46000,20000
2016-05-18,15.34000,15.49500,15.20000,15.26000,11600
2016-05-19,15.21000,15.24500,14.94500,15.02500,12600
2016-05-20,15.10500,15.31500,15.02000,15.22000,23400
2016-05-23,15.23500,15.34500,15.15000,15.28500,21000
2016-05-24,15.34000,15.68500,15.33500,15.51500,21000
2016-05-25,15.31000,15.85000,15.29000,15.84000,36200
2016-05-26,15.87000,15.89000,15.75000,15.84000,24800
2016-05-27,15.92500,16.19000,15.90500,16.15500,25800
2016-05-31,16.21500,16.30000,16.07500,16.25500,16400
2016-06-01,16.33500,16.43000,16.31000,16.38000,37200
2016-06-02,16.32000,16.47500,16.07000,16.21500,49400
2016-06-03,16.18500,16.28500,16.14000,16.28500,28000
2016-06-06,16.30000,16.95000,16.30000,16.88500,17000
2016-06-07,16.75000,16.85500,16.28500,16.48500,47200
2016-06-08,16.56500,16.87000,16.51500,16.79000,35600
2016-06-09,16.83000,16.98500,16.79000,16.89500,20600
2016-06-10,16.87500,17.06000,16.76500,17.06000,16800
2016-06-13,17.02000,17.09500,16.94500,16.97500,17000
2016-06-14,17.06000,17.39500,17.00500,17.28500,29600
2016-06-15,17.33000,17.38500,17.21000,17.24000,17800
2016-06-16,17.20000,17.45500,17.20000,17.30500,12400
2016-06-17,17.35000,17.60000,16.97500,17.11000,39200
2016-06-20,17.29500,17.47500,17.11000,17.13500,30800
2016-06-21,17.15000,17.31500,17.09500,17.11500,16200
2016-06-22,17.13000,17.24500,17.01500,17.04500,18000
2016-06-23,17.16000,17.20000,17.03500,17.11000,19800
2016-06-24,16.76500,17.18000,16.76500,17.04500,71000
2016-06-27,16.96000,17.40000,16.85500,17.32500,27200
2016-06-28,17.33500,17.33500,17.17500,17.28000,18000
2016-06-29,17.40000,17.47000,17.09000,17.17500,26400
2016-06-30,17.23000,17.35000,17.08000,17.26500,35200
2016-07-01,17.35500,17.45000,17.29000,17.36500,26200
2016-07-05,17.38500,17.45500,17.30500,17.36500,15600
2016-07-06,17.29500,17.52000,17.23000,17.45500,24800
2016-07-07,17.45500,17.59500,17.37000,17.47500,24600
2016-07-08,17.61000,17.99000,17.59500,17.95500,20200
2016-07-11,17.92000,18.24500,17.77500,18.19500,21800
2016-07-12,18.24500,18.73500,18.17500,18.62500,22200
2016-07-13,18.67000,18.67000,18.13500,18.37000,22200
2016-07-14,18.40000,18.73000,17.99000,18.38000,16800
2016-07-15,18.50000,18.57500,18.14500,18.41500,19000
2016-07-18,18.33500,18.70500,18.25000,18.48000,18200
2016-07-19,18.60500,18.79500,18.45000,18.76000,15400
2016-07-20,18.76000,18.82500,18.53500,18.79000,10800
2016-07-21,18.76000,18.76000,18.43000,18.54000,7200
2016-07-22,18.64000,18.64000,18.53000,18.58500,5800
2016-07-25,18.67500,18.67500,18.05000,18.64000,20400
2016-07-26,18.68000,18.68000,17.96500,18.25500,10800
2016-07-27,18.20500,18.37000,18.10000,18.37000,17400
2016-07-28,18.26000,18.49000,18.26000,18.33000,7800
2016-07-29,18.43000,18.83500,18.43000,18.72500,20400
2016-08-01,18.76000,18.83000,18.70500,18.72500,4200
2016-08-02,18.74000,18.74000,18.50000,18.58500,7600
2016-08-03,18.56000,18.67000,18.43000,18.58500,15200
2016-08-04,18.49000,18.66500,18.19500,18.23000,18000
2016-08-05,18.38000,18.50000,18.24500,18.37000,18000
2016-08-08,18.38500,18.61000,18.24500,18.35000,14000
2016-08-09,18.37500,18.80000,18.33000,18.71500,14600
2016-08-10,18.71500,18.71500,18.54500,18.69500,4000
2016-08-11,18.69500,18.95500,18.42500,18.94000,6600
2016-08-12,18.79000,19.00000,18.79000,19.00000,7200
2016-08-15,18.90000,19.00000,18.50500,18.58500,18600
2016-08-16,18.57500,18.57500,18.29500,18.33500,12400
2016-08-17,18.23500,18.35000,17.88000,18.32500,7400
2016-08-18,18.40500,18.55500,18.34000,18.52000,11600
2016-08-19,18.46000,18.72000,18.34500,18.43500,13000
2016-08-22,18.44000,18.51000,18.42500,18.51000,4200
2016-08-23,18.43000,18.65500,18.42000,18.65500,6000
2016-08-24,18.66500,18.70500,18.29000,18.35000,7200
2016-08-25,18.34500,19.01000,18.34500,18.90500,9000
2016-08-26,18.93000,19.14000,18.66500,18.73500,14200
2016-08-29,18.85500,19.49500,18.77500,19.17500,5200
2016-08-30,19.30000,19.50000,18.61000,18.67000,15800
2016-08-31,18.74500,18.96500,18.74500,18.89500,12200
2016-09-01,18.81500,19.08500,18.68500,18.86500,18400
2016-09-02,19.01500,19.01500,18.67500,18.81500,11200
2016-09-06,18.87000,18.99000,18.72500,18.75500,19600
2016-09-07,18.75000,18.75000,18.29000,18.46500,46400
2016-09-08,18.46500,18.51500,18.17000,18.46500,20600
2016-09-09,18.46500,18.46500,18.14500,18.24000,31800
2016-09-12,18.11500,18.44000,17.98000,18.27000,6400
2016-09-13,18.22000,18.46000,18.21500,18.26500,10400
2016-09-14,18.30500,18.49000,18.03500,18.41500,7600
2016-09-15,18.41500,18.66500,18.18000,18.42000,21800
2016-09-16,18.42000,18.62500,18.10500,18.33500,31000
2016-09-19,18.44500,18.69000,18.00500,18.34500,30200
2016-09-20,18.48500,18.65000,18.35500,18.39500,8800
2016-09-21,18.31000,18.65500,18.31000,18.65500,9800
2016-09-22,18.75500,19.27000,18.75500,19.23500,10600
2016-09-23,19.16500,19.55500,18.89500,19.48500,15600
2016-09-26,19.44500,19.55000,19.19000,19.48500,14400
2016-09-27,19.45000,19.76000,19.29000,19.42500,18400
2016-09-28,19.56500,19.56500,19.09500,19.20500,13800
2016-09-29,19.14000,19.35000,18.66000,18.84500,7400
2016-09-30,18.71500,18.89500,18.60500,18.82000,14800
2016-10-03,18.77500,18.77500,18.50000,18.51500,11200
2016-10-04,18.51500,18.70500,17.91000,18.01000,31200
2016-10-05,18.06500,18.19000,17.35000,17.69000,19000
2016-10-06,17.71000,17.71000,17.07000,17.13000,17000
2016-10-07,17.18000,17.50000,17.02500,17.02500,15000
2016-10-10,17.05000,17.13000,16.90000,16.90500,19000
2016-10-11,16.82000,17.19000,16.82000,17.03000,8600
2016-10-12,17.08500,17.58000,17.08500,17.31500,9000
2016-10-13,17.42000,17.42000,17.10500,17.12500,7000
2016-10-14,17.21500,17.73500,17.21500,17.50500,12000
2016-10-17,17.51000,17.65000,17.28000,17.28000,7800
2016-10-18,17.33000,17.46000,17.18500,17.35500,8200
2016-10-19,17.29500,17.44000,17.02000,17.09500,24000
2016-10-20,17.13000,17.13000,16.27500,16.46500,20200
2016-10-21,16.49500,16.75000,16.39000,16.60000,34200
2016-10-24,16.60000,16.80000,16.60000,16.67000,7000
2016-10-25,16.68000,16.83500,16.50000,16.65500,43600
2016-10-26,16.69000,16.70000,16.62500,16.63500,9800
2016-10-27,16.70000,16.72500,16.38000,16.65500,20400
2016-10-28,16.62500,17.04500,16.62500,16.73000,6800
2016-10-31,16.78000,17.20000,16.36000,16.88000,22200
2016-11-01,16.90000,17.27500,16.67000,16.72500,9800
2016-11-02,16.67000,16.78500,16.54000,16.65500,18000
2016-11-03,16.75000,16.95000,16.66500,16.70000,10800
2016-11-04,16.85500,16.85500,16.65500,16.66000,13000
2016-11-07,16.83000,16.83000,16.63000,16.79000,12400
2016-11-08,16.79500,17.28000,16.79500,16.91000,10800
2016-11-09,16.83500,17.83000,16.54500,17.70000,27400
2016-11-10,17.69500,18.00000,17.27000,17.80500,25400
2016-11-11,17.83000,19.67000,17.73000,19.61500,38000
2016-11-14,19.94000,20.00000,19.47500,19.99000,27200
2016-11-15,19.99000,20.00000,19.58500,19.79500,16600
2016-11-16,19.61000,19.98000,19.57500,19.97500,11000
2016-11-17,19.92500,20.02500,19.88000,19.94500,22400
2016-11-18,19.92500,20.01000,18.50500,18.93500,34800
2016-11-21,18.77000,19.24500,18.77000,19.21000,11200
2016-11-22,19.06000,19.54500,19.06000,19.33500,21200
2016-11-23,19.14500,19.77000,19.14500,19.74000,30000
2016-11-25,19.65000,19.65000,19.50000,19.65000,5200
2016-11-28,19.50000,19.96000,19.26500,19.60000,13400
2016-11-29,19.60000,19.96000,19.52000,19.80000,24000
2016-11-30,19.88000,20.13000,19.69000,19.85500,14400
2016-12-01,19.90000,20.17000,19.76500,19.90500,19400
2016-12-02,19.94500,19.94500,19.07500,19.32000,19800
2016-12-05,19.33000,19.90000,19.33000,19.75000,19000
2016-12-06,19.69500,19.99000,19.69500,19.86500,10000
2016-12-07,20.05000,20.05000,19.66000,19.73000,23000
2016-12-08,19.80000,20.24500,19.80000,20.24000,34000
2016-12-09,20.24500,20.47000,19.91000,20.17500,34000
2016-12-12,20.12500,20.12500,19.64000,19.69000,22000
2016-12-13,19.83500,19.83500,19.08000,19.61000,14800
2016-12-14,19.57500,20.02500,19.57500,19.88500,13600
2016-12-15,19.89000,20.44000,19.72000,20.10500,30200
2016-12-16,19.97000,20.20500,19.87000,19.97500,81200
2016-12-19,19.92500,20.20500,19.35500,20.11500,22000
2016-12-20,20.12000,20.12000,19.67500,20.06500,39400
2016-12-21,19.98000,20.01000,19.80000,19.82000,10200
2016-12-22,19.83000,19.83500,19.42500,19.47500,17600
2016-12-23,19.62500,19.64000,19.48000,19.58500,4000
2016-12-27,19.56000,19.68000,19.33500,19.57000,12400
2016-12-28,19.61000,19.62500,19.08500,19.10500,9400
2016-12-29,19.23500,19.38000,19.09000,19.12500,10400
2016-12-30,19.20000,19.25000,19.09000,19.10500,17800
2017-01-03,19.16000,19.19000,18.63000,18.63000,9400
2017-01-04,18.60500,18.80000,18.60500,18.69500,10400
2017-01-05,18.64500,18.66000,18.28500,18.29000,16200
2017-01-06,18.38500,19.44500,18.08000,18.08000,10400
2017-01-09,18.29500,18.29500,17.08500,17.20500,22200
2017-01-10,17.30000,17.30000,17.09500,17.15500,13400
2017-01-11,17.17500,17.18500,16.84500,17.02000,15600
2017-01-12,16.81500,16.99500,16.41000,16.74500,40600
2017-01-13,16.90500,17.57500,16.65000,17.43000,19400
2017-01-17,17.30000,17.45500,16.96000,17.10500,18400
2017-01-18,17.10000,17.10000,15.67500,16.56000,33200
2017-01-19,16.72000,16.72000,16.22500,16.41000,29000
2017-01-20,16.44500,17.14000,16.41000,16.76000,36800
2017-01-23,16.76000,16.76000,16.41500,16.63000,12000
2017-01-24,16.62500,17.45000,16.49000,17.31500,21800
2017-01-25,17.34000,17.52500,17.14500,17.47000,7800
2017-01-26,17.33000,17.48500,17.01000,17.28500,13800
2017-01-27,17.35000,17.35000,17.01500,17.06500,8400
2017-01-30,16.97500,17.09000,16.71000,16.93000,10600
2017-01-31,17.08000,17.08000,16.67000,16.82500,10200
2017-02-01,16.83500,17.26000,16.68000,17.07500,14800
2017-02-02,17.16000,17.26500,16.82500,16.82500,13400
2017-02-03,17.05500,17.36500,17.05500,17.33500,8600
2017-02-06,17.06500,17.46500,16.71500,16.80000,20600
2017-02-07,16.82500,17.04500,16.82500,17.01000,22000
2017-02-08,17.03000,17.03000,16.75500,16.78000,11200
2017-02-09,16.97500,16.99500,16.63000,16.79500,10000
2017-02-10,16.99500,17.11000,16.70000,17.11000,8600
2017-02-13,17.12500,17.50500,17.12500,17.49500,20200
2017-02-14,17.45500,17.45500,17.35000,17.43000,9800
2017-02-15,17.32500,17.50500,17.30000,17.50500,9000
2017-02-16,17.49000,17.50000,17.35500,17.43000,7400
2017-02-17,17.51000,18.00000,17.47500,17.91000,47200
2017-02-21,17.96500,17.96500,17.71500,17.94000,8400
2017-02-22,17.81500,17.83500,17.67500,17.83500,44200
2017-02-23,17.69500,17.80500,17.63000,17.78000,24000
2017-02-24,17.68500,17.79000,17.62500,17.79000,17600
2017-02-27,17.75000,17.80500,17.64500,17.80500,25000
2017-02-28,17.76000,17.76000,17.60000,17.64000,16000
2017-03-01,17.86000,17.86000,17.10500,17.71500,29400
2017-03-02,17.75000,17.76500,17.22500,17.23000,35600
2017-03-03,17.43500,17.52500,16.68000,17.13000,25400
2017-03-06,16.98000,17.15500,16.81000,16.91500,24800
2017-03-07,16.85000,17.00000,16.85000,16.96500,19200
2017-03-08,17.00500,17.44500,16.87500,17.01000,35600
2017-03-09,17.18500,17.29500,17.04500,17.29000,14800
2017-03-10,17.34500,17.72500,17.14000,17.14500,18600
2017-03-13,17.17000,17.75000,17.17000,17.54000,36000
2017-03-14,17.46000,17.64000,17.35500,17.64000,17400
2017-03-15,17.68500,18.53500,17.64000,18.43500,30800
2017-03-16,18.39000,18.60000,18.25000,18.33000,16000
2017-03-17,18.41000,19.00000,18.41000,18.79000,36000
2017-03-20,18.72000,19.07000,18.72000,19.03500,13600
2017-03-21,19.10500,19.10500,18.69000,18.70000,16600
2017-03-22,18.69000,18.69000,18.19000,18.33000,18400
2017-03-23,18.32500,18.76000,18.32500,18.60500,10400
2017-03-24,18.67000,18.93000,18.56000,18.76500,8600
2017-03-27,18.59500,18.59500,18.42500,18.43000,5800
2017-03-28,18.42500,18.90000,18.32500,18.90000,16200
2017-03-29,18.68000,18.90000,18.68000,18.90000,7000
2017-03-30,18.90000,18.99500,18.70000,18.80500,11400
2017-03-31,18.80500,18.80500,18.38500,18.63500,24000
2017-04-03,18.67000,18.80000,18.25500,18.69500,14800
2017-04-04,18.65500,18.65500,18.32500,18.43500,15000
2017-04-05,18.54000,18.81000,18.25000,18.29500,27800
2017-04-06,18.48500,18.49500,18.19000,18.21000,20200
2017-04-07,18.28500,18.99000,18.19000,18.64500,31600
2017-04-10,18.73000,18.99000,18.69500,18.69500,4200
2017-04-11,18.81000,18.84500,18.51000,18.84500,12200
2017-04-12,19.01500,19.02500,18.65000,18.66000,9400
2017-04-13,18.84500,18.84500,18.52000,18.65500,9600
2017-04-17,18.75000,19.10000,18.55500,19.04000,8400
2017-04-18,18.94500,19.55000,18.81500,19.33500,27200
2017-04-19,19.42500,19.63500,19.18000,19.36000,17600
2017-04-20,19.39500,19.89500,19.26500,19.84500,17200
2017-04-21,19.76000,19.76000,19.51500,19.73500,11800
2017-04-24,19.85000,20.03500,19.76500,19.90500,17000
2017-04-25,20.06500,20.32500,19.87500,20.11000,14400
2017-04-26,19.89000,19.89000,19.79500,19.89000,8000
2017-04-27,19.75500,20.43500,19.60500,20.29500,16000
2017-04-28,20.47500,20.47500,20.14000,20.34500,17800
2017-05-01,20.37000,20.46500,20.29500,20.46500,8800
2017-05-02,20.46500,20.62500,20.46500,20.56500,9400
2017-05-03,20.53500,20.53500,19.82000,19.89000,15800
2017-05-04,19.90000,19.90500,19.51000,19.90500,5600
2017-05-05,19.87500,20.02500,19.87500,19.99500,5600
2017-05-08,20.04500,20.18500,19.81500,19.93000,6800
2017-05-09,19.96000,20.22500,19.41500,19.65000,4200
2017-05-10,19.63500,19.63500,19.19500,19.22000,7400
2017-05-11,19.90000,19.90000,19.02500,19.03500,6800
2017-05-12,19.22000,19.35000,18.93000,18.93000,9200
2017-05-15,18.96500,19.17500,18.96500,19.08000,4000
2017-05-16,18.85500,19.27500,18.84000,19.22500,5000
2017-05-17,18.88500,18.88500,18.03500,18.03500,12000
2017-05-18,18.00000,18.34500,17.55000,17.69500,21200
2017-05-19,17.60000,17.60000,17.04500,17.05000,20400
2017-05-22,17.05000,17.68000,16.80500,17.68000,20600
2017-05-23,17.70000,17.70000,17.40000,17.55000,4800
2017-05-24,17.55000,17.63000,17.18500,17.55000,12600
2017-05-25,17.50000,17.92000,17.40000,17.43500,11400
2017-05-26,17.47000,17.48500,17.32500,17.39500,4600
2017-05-30,17.50500,17.50500,17.24500,17.26500,9000
2017-05-31,17.28500,17.28500,17.15000,17.23500,7200
2017-06-01,17.37500,18.08000,17.35500,17.74500,23000
2017-06-02,17.91500,18.30000,17.91500,18.29500,9600
2017-06-05,18.25000,18.25000,17.69500,17.69500,5800
2017-06-06,17.70000,17.93500,17.70000,17.92500,6800
2017-06-07,17.91500,17.99000,17.75500,17.90500,6600
2017-06-08,17.89500,19.17000,17.89500,19.17000,9800
2017-06-09,19.07000,20.25500,19.07000,20.25500,16200
2017-06-12,20.29500,20.42000,20.15000,20.27000,15800
2017-06-13,20.33000,20.41000,20.08500,20.35500,12200
2017-06-14,20.42500,20.42500,19.92500,20.36000,8200
2017-06-15,20.20500,20.30500,20.02000,20.30500,9000
2017-06-16,19.97000,20.18000,19.89000,19.92000,24800
2017-06-19,20.09000,20.50000,19.91500,19.91500,12000
2017-06-20,19.85000,20.13000,19.66500,19.66500,10000
2017-06-21,19.85500,19.85500,19.42500,19.48000,7000
2017-06-22,19.53000,20.02000,19.52500,19.98500,5000
2017-06-23,19.99000,20.49500,19.50000,20.31000,39400
2017-06-26,20.36500,20.36500,19.89500,20.24000,21000
2017-06-27,20.18500,20.24500,20.07000,20.10500,12800
2017-06-28,20.50000,20.70000,20.14000,20.38500,18600
2017-06-29,20.44500,21.09000,20.32500,21.09000,21400
2017-06-30,21.01500,21.34000,20.72000,21.00500,15400
2017-07-03,21.18000,21.41000,20.97000,21.30000,4800
2017-07-05,21.28000,21.28000,20.81500,21.08500,7000
2017-07-06,20.97000,21.19000,20.90000,21.19000,13000
2017-07-07,21.24000,21.57500,20.91500,21.53000,22400
2017-07-10,21.42000,21.61500,21.41500,21.44000,9600
2017-07-11,21.43500,21.43500,20.86500,20.90000,8800
2017-07-12,21.05000,21.07000,20.50500,20.70000,16200
2017-07-13,20.70000,20.70000,20.27000,20.36500,11800
2017-07-14,20.32000,20.60500,20.32000,20.44500,6000
2017-07-17,20.48000,20.65500,20.48000,20.55000,12000
2017-07-18,20.55000,20.84500,20.37500,20.64000,16200
2017-07-19,20.81500,21.34500,20.81500,21.32500,12400
2017-07-20,21.34000,21.68000,21.24500,21.68000,15400
2017-07-21,21.81000,21.92000,21.41000,21.79000,20800
2017-07-24,21.74500,21.90500,21.52000,21.62500,11200
2017-07-25,21.75000,21.92000,21.62000,21.68000,15200
2017-07-26,21.82000,21.82000,21.50500,21.51000,7600
2017-07-27,21.59000,21.59000,20.94500,21.21500,10400
2017-07-28,21.16000,21.16000,20.81000,20.98000,5400
2017-07-31,20.91500,20.96000,20.47500,20.68000,15600
2017-08-01,20.78000,20.96500,20.51000,20.70500,11200
2017-08-02,20.69500,20.90000,20.33500,20.39000,9200
2017-08-03,20.49000,20.70000,20.27500,20.27500,11400
2017-08-04,20.46000,20.46000,20.11000,20.18000,8200
2017-08-07,20.28000,20.99500,20.28000,20.48000,7400
2017-08-08,20.61000,20.95500,20.21000,20.25500,11400
2017-08-09,20.25000,20.29500,20.00000,20.05000,13600
2017-08-10,19.97000,20.16000,19.52500,19.56000,11000
2017-08-11,19.58000,20.02500,19.00500,19.00500,9400
2017-08-14,19.15000,19.54500,19.15000,19.49500,13200
2017-08-15,19.53500,20.49500,19.53500,20.20000,17000
2017-08-16,20.13000,20.38500,19.76000,19.76000,11000
2017-08-17,19.70500,19.99000,19.06000,19.14000,17800
2017-08-18,19.06500,19.38000,19.06500,19.23500,12400
2017-08-21,19.30500,19.52500,19.30500,19.41500,11400
2017-08-22,19.52000,19.79500,19.50500,19.53500,7200
2017-08-23,19.76000,19.76000,19.40500,19.40500,8200
2017-08-24,19.47500,19.47500,19.25000,19.31500,4400
2017-08-25,19.42000,19.71500,19.42000,19.59000,2600
2017-08-28,19.63500,19.83000,19.57500,19.57500,8400
2017-08-29,19.57500,19.97500,19.30000,19.77500,8600
2017-08-30,19.80000,20.17000,19.74000,20.12500,6000
2017-08-31,20.18000,20.64500,20.18000,20.35000,9600
2017-09-01,20.52000,20.52000,20.24000,20.29000,7200
2017-09-05,20.28000,20.30000,19.90500,19.90500,13600
2017-09-06,20.10500,20.27000,19.90000,20.18500,5000
2017-09-07,20.20000,20.25000,19.75000,20.25000,5200
2017-09-08,20.22000,20.49500,20.12500,20.41500,8400
2017-09-11,20.60500,21.06500,20.60500,21.06500,9400
2017-09-12,21.17000,21.17500,20.77000,20.92000,8800
2017-09-13,20.78500,21.18500,20.49000,21.05000,9400
2017-09-14,21.14500,21.35500,20.85500,21.08500,8000
2017-09-15,21.18500,21.57000,21.03000,21.28000,42600
2017-09-18,21.25000,21.88000,21.25000,21.80500,15200
2017-09-19,21.72500,22.42500,21.72500,22.31000,12600
2017-09-20,22.43500,22.91000,22.32000,22.79000,19200
2017-09-21,22.73000,22.92500,22.67000,22.89000,12400
2017-09-22,22.75000,23.15500,22.66000,23.15500,6600
2017-09-25,23.05500,23.39500,22.82000,23.39500,11400
2017-09-26,23.39500,23.49500,23.00000,23.43500,8400
2017-09-27,23.55000,24.91500,23.18000,24.91500,18800
2017-09-28,24.79000,25.09500,24.50000,24.91000,21200
2017-09-29,24.69000,24.76000,24.31500,24.46500,11200
2017-10-02,24.42500,24.94000,24.37000,24.90000,16200
2017-10-03,24.90000,25.00000,24.80500,25.00000,15600
2017-10-04,24.87500,25.02500,24.80500,24.92500,13400
2017-10-05,24.90000,24.97500,24.76000,24.89000,7200
2017-10-06,24.65000,25.12500,24.65000,25.00500,12600
2017-10-09,25.15000,25.24000,25.00000,25.16500,7800
2017-10-10,25.41000,25.41000,24.90000,25.15500,40800
2017-10-11,24.39000,24.39000,20.21000,20.86000,123800
2017-10-12,21.24500,21.24500,20.20500,20.61500,30000
2017-10-13,20.50000,21.20000,20.12500,20.79000,35800
2017-10-16,20.92500,21.16500,20.90000,20.97500,31000
2017-10-17,21.13500,21.14500,20.90000,21.07500,32800
2017-10-18,21.13000,21.42500,21.13000,21.34000,28200
2017-10-19,20.98000,21.40500,20.94000,21.38000,10000
2017-10-20,21.50000,21.50000,21.17000,21.38000,38200
2017-10-23,21.41500,21.52000,21.28500,21.34500,10800
2017-10-24,21.47500,21.64000,21.41000,21.42000,7400
2017-10-25,21.45000,21.46500,21.27500,21.45000,13400
2017-10-26,21.52500,21.60500,21.50000,21.60500,10400
2017-10-27,21.68500,22.43500,21.60500,22.43500,24600
2017-10-30,22.22500,22.22500,19.80500,20.34000,45000
2017-10-31,19.75000,21.12500,19.75000,21.00500,32800
2017-11-01,21.12000,21.48500,20.76000,21.17500,16000
2017-11-02,21.01500,21.72000,21.01500,21.67000,13600
2017-11-03,21.59500,21.85500,21.59500,21.81500,21800
2017-11-06,21.69500,21.80500,21.35000,21.38500,24000
2017-11-07,21.43500,21.43500,21.00000,21.00500,16400
2017-11-08,21.28000,21.28000,20.94500,20.96500,18200
2017-11-09,20.70000,21.19500,20.55000,21.02000,15800
2017-11-10,20.95500,21.02500,20.47500,20.69500,3800
2017-11-13,20.56500,20.79000,20.56500,20.69000,38000
2017-11-14,20.75000,21.56500,20.75000,21.54500,10000
2017-11-15,21.30500,21.41000,21.08000,21.31000,11600
2017-11-16,21.19500,21.97500,21.08000,21.76000,11400
2017-11-17,21.55000,21.89500,21.34500,21.83000,13000
2017-11-20,21.86000,21.97000,21.58000,21.97000,5600
2017-11-21,21.60000,22.33000,21.60000,22.30000,10600
2017-11-22,21.79500,22.24500,21.79500,22.24500,7800
2017-11-24,21.99500,22.04000,21.55000,21.69500,5200
2017-11-27,21.74000,22.25000,21.72500,22.07000,9800
2017-11-28,22.20000,22.50000,21.85000,22.50000,12600
2017-11-29,22.51500,22.95000,22.40000,22.87000,7800
2017-11-30,22.92000,22.92000,22.43000,22.54500,22400
2017-12-01,22.75500,22.82000,22.20500,22.80000,11800
2017-12-04,23.00000,23.32000,22.50500,23.02500,13200
2017-12-05,23.15500,23.16000,22.50500,22.56500,10600
2017-12-06,22.52500,22.52500,21.83500,21.83500,7800
2017-12-07,21.98000,21.98000,21.50000,21.50000,11200
2017-12-08,21.78000,21.81000,21.22000,21.55500,9800
2017-12-11,21.42000,21.75000,21.39500,21.62500,7000
2017-12-12,21.43000,21.57500,21.37000,21.37000,3800
2017-12-13,21.49500,21.87000,21.15500,21.66000,15000
2017-12-14,21.55500,21.55500,21.40000,21.55000,7200
2017-12-15,21.50000,21.71000,21.04500,21.71000,50200
2017-12-18,21.73000,22.48000,21.73000,22.42000,7000
2017-12-19,22.40000,22.40000,21.34500,22.27000,7000
2017-12-20,22.19000,22.25000,21.52500,21.53500,7400
2017-12-21,21.73500,21.80500,21.56000,21.67500,11400
2017-12-22,21.50000,21.77000,21.16000,21.40500,19600
2017-12-26,20.05500,21.77000,20.05500,21.47000,8000
2017-12-27,21.45000,21.45000,20.81000,20.81000,3600
2017-12-28,20.98000,20.98000,20.96000,20.96000,2600
2017-12-29,20.95500,21.23000,20.75000,20.75000,8600
2018-01-02,21.18500,21.18500,20.24500,20.34500,15000
2018-01-03,20.35500,20.52000,19.74000,19.78500,13600
2018-01-04,19.82500,20.35500,19.82500,20.12500,17400
2018-01-05,20.30000,20.46000,19.89000,19.89000,12800
2018-01-08,20.28000,20.58500,20.00500,20.23500,10800
2018-01-09,20.37500,20.74500,20.36500,20.36500,11000
2018-01-10,21.99500,21.99500,20.10000,20.73500,9400
2018-01-11,20.71000,20.71000,20.16500,20.71000,5800
2018-01-12,20.67000,21.25000,20.64500,21.06500,9800
2018-01-16,21.13500,21.33500,20.49500,20.61000,17600
2018-01-17,20.68500,21.18500,20.08000,20.58000,21200
2018-01-18,20.48000,20.80000,20.32500,20.36500,17600
2018-01-19,20.23000,21.36000,20.19000,21.19500,10800
2018-01-22,21.21000,21.30000,20.85000,21.21000,9800
2018-01-23,21.11500,21.46500,20.71000,20.89500,5800
2018-01-24,21.18000,21.19500,20.60000,20.81000,10600
2018-01-25,20.82500,20.84500,20.41500,20.84500,16400
2018-01-26,20.87000,20.87000,18.96000,19.54500,32800
2018-01-29,19.49500,19.93500,19.45000,19.71000,24400
2018-01-30,19.59500,20.03000,19.58500,19.75000,17000
2018-01-31,19.94500,19.94500,19.41000,19.44500,14000
2018-02-01,19.50000,19.50000,18.92500,18.93500,43000
2018-02-02,18.75000,18.75000,18.25000,18.25000,27000
2018-02-05,18.16000,18.37000,17.76000,17.76000,18000
2018-02-06,17.73500,18.14500,17.71000,17.82500,25400
2018-02-07,17.89000,18.36000,17.89000,18.14000,18200
2018-02-08,18.32500,18.75000,18.30500,18.31500,17000
2018-02-09,18.59000,18.69500,18.27500,18.35000,14000
2018-02-12,18.49500,18.82500,18.45000,18.70500,12200
2018-02-13,18.56000,18.97000,18.56000,18.80500,10400
2018-02-14,18.62000,19.60000,18.29500,19.03500,36600
2018-02-15,19.19500,19.43500,18.76000,19.18500,15200
2018-02-16,19.02500,19.73500,18.90500,19.49500,11000
2018-02-20,19.33500,19.33500,18.47500,18.48000,15000
2018-02-21,18.65000,19.58000,18.58500,18.62000,17400
2018-02-22,18.71500,19.42500,18.71500,18.95500,18400
2018-02-23,19.52500,19.96000,19.28500,19.78500,15200
2018-02-26,19.94000,19.94000,19.29000,19.51000,13000
2018-02-27,19.39000,19.40500,18.94000,18.94000,9200
2018-02-28,19.05000,19.16500,18.03000,18.03000,21200
2018-03-01,18.09500,18.39500,17.80000,17.98000,22800
2018-03-02,18.01500,19.30000,18.01500,19.08000,16400
2018-03-05,19.05500,19.48000,18.42000,18.95000,36600
2018-03-06,19.06000,19.06000,18.35000,18.61000,16600
2018-03-07,18.17500,18.62000,18.01500,18.42000,22400
2018-03-08,18.37500,18.65000,18.01000,18.19500,18200
2018-03-09,18.31500,19.12500,18.19000,18.62500,23000
2018-03-12,18.42500,18.75000,17.92000,18.26000,37800
2018-03-13,18.18000,18.49500,17.77500,18.22000,35200
2018-03-14,18.31000,19.01500,18.03000,19.01500,21800
2018-03-15,19.08000,19.08000,18.60000,18.93500,9000
2018-03-16,18.86000,19.10000,18.57500,19.01500,31800
2018-03-19,18.82000,19.35000,18.55500,19.35000,22400
2018-03-20,19.25500,19.38500,19.15000,19.23000,10200
2018-03-21,19.18000,19.41000,19.11500,19.11500,6600
2018-03-22,19.25000,19.40000,18.73000,19.04000,88200
2018-03-23,19.07500,19.43000,18.25000,18.40000,80800
2018-03-26,18.94000,19.67500,18.44000,19.49000,45000
2018-03-27,19.40500,19.73500,18.74000,18.83000,15800
2018-03-28,18.95000,19.69500,18.95000,19.69500,18200
2018-03-29,19.70500,20.39000,19.70500,20.09500,23400
2018-04-02,19.82500,20.07000,19.42500,19.45000,17000
2018-04-03,19.61000,20.31000,18.88000,19.31500,15200
2018-04-04,19.60500,19.99500,19.34500,19.85000,7800
2018-04-05,19.75500,20.46500,19.73500,20.44000,14000
2018-04-06,20.42500,20.42500,19.65500,19.88000,19400
2018-04-09,19.89000,19.89000,19.58000,19.66000,6000
2018-04-10,19.85000,20.37500,19.85000,20.31000,29400
2018-04-11,20.00000,20.39000,20.00000,20.39000,2200
2018-04-12,20.47000,20.47000,19.81500,20.38500,21000
2018-04-13,20.21500,20.40000,19.62500,20.25500,65800
2018-04-16,20.33000,20.63500,20.20000,20.62500,50200
2018-04-17,20.27500,20.80000,20.03500,20.79500,12600
2018-04-18,20.76000,20.81500,20.26500,20.60500,23800
2018-04-19,20.58500,20.68500,20.51000,20.68500,8400
2018-04-20,20.52500,20.74000,20.35000,20.48000,7600
2018-04-23,20.40500,20.47500,19.66000,20.43500,16600
2018-04-24,20.50000,20.50000,20.17500,20.43000,7000
2018-04-25,20.23000,20.44500,19.69500,20.44500,3400
2018-04-26,20.29500,20.49500,19.72500,20.28000,10800
2018-04-27,19.85500,19.89500,19.00000,19.29500,28000
2018-04-30,19.37500,19.74000,19.15000,19.38000,15800
2018-05-01,19.07000,19.70000,18.93500,19.69000,13200
2018-05-02,19.66000,20.07500,19.21000,19.42000,16600
2018-05-03,19.55000,19.55000,18.57500,18.62000,14000
2018-05-04,19.00500,19.43000,18.97500,19.29000,13200
2018-05-07,19.59500,19.59500,18.83000,18.99500,11800
2018-05-08,18.84500,19.19500,18.64000,18.87000,6400
2018-05-09,18.69500,19.08000,18.69500,19.02500,10600
2018-05-10,18.92000,19.20000,18.70500,19.07500,11000
2018-05-11,18.79000,19.15000,18.77000,19.15000,2000
2018-05-14,20.26500,20.26500,18.50000,18.50000,13600
2018-05-15,18.48000,18.68000,18.07500,18.34000,10200
2018-05-16,18.87000,18.96000,18.29500,18.80000,19600
2018-05-17,18.85500,18.97500,17.88500,18.54500,31600
2018-05-18,18.62500,18.75000,18.47000,18.75000,10200
2018-05-21,18.95000,19.22000,18.77500,19.22000,6000
2018-05-22,19.00000,19.41000,19.00000,19.24000,9400
2018-05-23,18.94000,19.23500,18.94000,19.23500,2000
2018-05-24,19.10500,19.35000,18.81500,19.35000,10800
2018-05-25,19.27000,19.45000,19.27000,19.45000,5200
2018-05-29,19.31500,19.56500,19.12500,19.56000,5800
2018-05-30,19.59500,20.24500,19.59500,19.63000,6400
2018-05-31,19.70000,19.85000,19.18500,19.45500,16200
2018-06-01,19.96000,20.20000,19.72500,20.19500,17600
2018-06-04,20.16000,20.26000,19.88000,20.26000,37400
2018-06-05,20.26000,21.00000,19.93500,21.00000,44400
2018-06-06,20.83000,22.22000,20.53500,22.21500,64200
2018-06-07,22.26000,22.44500,21.71500,22.29000,41600
2018-06-08,22.26500,22.54000,22.07500,22.39500,29600
2018-06-11,22.12500,22.50500,21.30500,21.59000,16400
2018-06-12,21.62500,21.62500,20.61000,21.19000,12800
2018-06-13,20.95500,21.43500,20.70500,20.71000,3000
2018-06-14,20.87000,21.47500,20.30500,21.47000,31600
2018-06-15,21.28000,21.28000,20.22000,20.98500,52400
2018-06-18,20.78500,21.50000,20.75000,21.50000,23200
2018-06-19,21.27000,21.44500,20.90500,21.38500,48000
2018-06-20,21.27500,21.43000,20.78000,21.06500,37400
2018-06-21,21.01500,21.42000,20.59000,20.59000,19000
2018-06-22,20.65000,21.98000,20.10000,21.72000,62800
2018-06-25,21.52000,21.87000,21.03500,21.22000,19000
2018-06-26,21.12500,21.81000,20.94500,21.81000,20800
2018-06-27,21.41000,21.51000,20.60500,20.60500,10000
2018-06-28,20.50000,21.89000,20.06500,21.29500,20000
2018-06-29,21.72500,21.72500,20.53500,21.07000,12800
2018-07-02,20.85000,21.30000,20.50000,21.30000,57600
2018-07-03,21.20000,21.34500,20.78000,21.24500,6000
2018-07-05,21.17500,22.00000,21.14000,21.85000,17800
2018-07-06,22.00000,22.00000,21.25000,21.87000,54800
2018-07-09,21.96500,22.65000,21.76500,22.58500,26400
2018-07-10,22.51500,23.36500,22.13500,23.18000,68600
2018-07-11,23.13000,23.29000,22.88000,23.12000,20000
2018-07-12,23.27500,23.27500,22.35000,22.84500,49400
2018-07-13,22.64500,22.64500,22.06000,22.18000,9600
2018-07-16,22.18000,22.51000,22.18000,22.22500,11600
2018-07-17,22.43500,22.97500,22.43500,22.50500,10200
2018-07-18,22.67500,22.85500,22.08000,22.08500,14800
2018-07-19,22.20000,23.21500,22.19000,22.57000,35000
2018-07-20,22.57000,22.85000,22.12500,22.58000,11400
2018-07-23,22.46500,22.60000,22.12500,22.21000,19400
2018-07-24,22.13000,22.41000,21.96000,22.04500,14000
2018-07-25,22.08500,22.43500,21.33000,21.65500,16200
2018-07-26,21.61500,22.21500,21.30500,22.21500,15800
2018-07-27,22.03000,22.03000,21.19000,21.25500,14600
2018-07-30,21.06500,21.49500,20.89000,21.38000,13600
2018-07-31,21.25000,21.55000,20.97500,21.18000,14600
2018-08-01,21.31500,21.34000,20.84500,21.07500,12800
2018-08-02,20.70000,21.07000,20.67500,21.07000,2000
2018-08-03,21.15000,21.15000,20.55500,20.79000,10600
2018-08-06,21.00500,21.02500,20.55000,20.63500,3800
2018-08-07,21.49000,21.49000,20.62500,21.35000,6000
2018-08-08,21.16000,21.16000,20.57500,21.10500,14600
2018-08-09,21.05500,21.05500,20.47000,21.00500,5000
2018-08-10,20.73500,20.90000,20.73500,20.73500,2000
2018-08-13,20.75000,20.75000,20.47000,20.47500,4600
2018-08-14,20.60000,20.60000,20.10000,20.13500,8000
2018-08-15,20.62500,21.02500,20.06500,20.50000,6000
2018-08-16,20.85500,21.03500,20.70000,20.95000,5800
2018-08-17,20.87000,20.92000,20.31500,20.48500,14000
2018-08-20,20.39500,21.07000,20.39500,20.89000,3800
2018-08-21,20.76000,20.80500,20.53000,20.80500,10200
2018-08-22,20.71000,20.76500,20.41500,20.63000,13400
2018-08-23,20.55000,20.86500,20.50000,20.86500,2600
2018-08-24,20.70000,21.06500,20.25500,21.06500,10200
2018-08-27,20.77500,20.94000,20.43500,20.44000,18800
2018-08-28,20.62500,21.07000,20.50500,20.93500,4600
2018-08-29,20.89000,21.04500,20.62500,20.74500,6000
2018-08-30,20.62500,20.71500,20.36000,20.36000,12200
2018-08-31,20.59000,20.59000,20.09000,20.32500,5600
2018-09-04,20.40500,20.63500,20.03000,20.03000,8000
2018-09-05,20.02500,20.34000,20.01500,20.01500,2600
2018-09-06,20.10500,20.10500,19.52000,19.73000,23200
2018-09-07,19.75000,19.93000,19.41500,19.93000,14600
2018-09-10,19.67500,19.67500,18.15500,18.88000,19600
2018-09-11,18.60000,18.80000,18.03000,18.55500,11000
2018-09-12,18.55000,19.14500,18.55000,18.80000,7600
2018-09-13,19.12500,19.46000,18.50000,18.61000,18000
2018-09-14,18.75000,19.31000,18.75000,18.81000,5200
2018-09-17,19.03000,19.39000,18.81500,19.03000,15600
2018-09-18,19.12500,19.51500,18.80000,18.91000,15000
2018-09-19,18.95000,19.45000,18.83500,18.95500,10600
2018-09-20,19.08000,19.09000,18.81500,18.99000,10600
2018-09-21,18.96000,19.08000,18.72000,19.08000,54400
2018-09-24,18.89000,19.24000,18.65500,18.82000,16800
2018-09-25,18.69500,19.12000,18.51500,18.80000,29200
2018-09-26,18.90000,19.27500,18.85000,19.03500,13400
2018-09-27,19.02500,19.02500,18.52500,18.72000,6000
2018-09-28,18.75000,19.50000,18.71500,19.28000,17800
2018-10-01,19.18500,19.60000,18.74000,19.04500,7600
2018-10-02,19.20500,19.20500,19.00500,19.00500,4400
2018-10-03,19.01500,19.38500,19.01500,19.24500,6600
2018-10-04,19.22500,19.42500,18.77000,18.77000,16800
2018-10-05,18.87500,18.99500,18.39500,18.39500,12400
2018-10-08,18.49500,18.82500,18.42500,18.51500,7200
2018-10-09,18.63000,18.95500,18.40500,18.40500,12600
2018-10-10,18.44500,18.94000,17.93000,17.93500,16800
2018-10-11,18.00000,18.00000,16.92500,16.92500,8800
2018-10-12,17.41500,17.41500,16.59500,16.60000,16000
2018-10-15,16.97500,16.97500,16.42500,16.76500,54600
2018-10-16,16.75000,17.13500,14.98000,15.00000,85000
2018-10-17,15.08000,15.08000,14.72500,14.75000,32600
2018-10-18,14.78000,15.00000,14.26000,14.49000,34200
2018-10-19,14.33500,15.07500,14.33500,14.89500,29200
2018-10-22,15.00000,15.15000,14.78000,14.94500,18200
2018-10-23,14.76000,15.23500,14.76000,15.00000,18800
2018-10-24,15.12500,15.61000,14.97500,14.97500,26400
2018-10-25,14.97500,15.41500,14.96000,15.39500,37600
2018-10-26,15.20500,15.47500,15.02000,15.07000,14000
2018-10-29,15.50000,15.50000,15.00000,15.25500,32400
2018-10-30,15.11000,15.52500,15.11000,15.52500,19800
2018-10-31,15.66000,15.67500,15.07000,15.46500,23600
2018-11-01,15.50000,16.19500,15.45000,15.73500,20200
2018-11-02,16.19500,16.19500,15.47000,15.47000,24000
2018-11-05,15.52000,16.18000,15.52000,15.76500,10400
2018-11-06,15.84500,16.50000,15.65500,16.22000,20600
2018-11-07,16.38500,16.91500,16.23000,16.67500,22600
2018-11-08,16.57000,16.77000,16.25000,16.50000,11800
2018-11-09,16.25000,16.51000,16.06000,16.06500,8400
2018-11-12,16.02500,16.79000,15.54500,16.09000,26000
2018-11-13,15.58000,16.54000,15.58000,16.50500,20600
2018-11-14,16.66500,16.66500,15.82500,15.82500,26800
2018-11-15,15.70500,16.27000,15.69000,15.89000,8400
2018-11-16,15.91500,16.50500,15.52500,15.58500,16600
2018-11-19,15.50000,15.88500,15.38000,15.41000,12400
2018-11-20,15.32000,15.50000,14.62000,14.96000,47000
2018-11-21,14.83000,15.19500,14.10000,14.44000,66800
2018-11-23,14.29500,14.71500,13.90500,14.45000,17800
2018-11-26,14.50500,14.88500,14.45000,14.55500,21200
2018-11-27,14.46000,14.66000,14.07500,14.30000,19200
2018-11-28,14.32500,14.82000,14.05000,14.75000,22400
2018-11-29,14.70500,14.98500,14.58500,14.98500,28800
2018-11-30,15.21500,15.47000,14.62000,14.69500,24600
2018-12-03,14.91000,15.30000,14.55000,15.20000,47600
2018-12-04,15.14000,15.48500,14.67500,14.67500,21400
2018-12-06,14.65000,14.65000,14.00000,14.38500,47800
2018-12-07,14.37500,14.78000,14.36000,14.71500,22200
2018-12-10,14.50000,14.50000,13.60500,13.76500,26200
2018-12-11,13.76500,13.81500,12.78000,12.99500,55800
2018-12-12,12.96000,13.67000,12.12500,13.67000,117800
2018-12-13,13.51500,13.74500,13.15500,13.69500,14200
2018-12-14,13.59500,13.67000,13.22500,13.48500,68000
2018-12-17,13.90000,13.90000,12.66000,13.12500,38200
2018-12-18,13.25500,13.56000,12.83000,13.55000,17600
2018-12-19,13.50000,13.75500,13.05500,13.13500,25200
2018-12-20,13.14500,13.31000,12.45500,12.85500,20400
2018-12-21,12.84500,13.41500,12.46000,13.30000,54000
2018-12-24,13.20500,13.20500,12.17500,12.47500,29200
2018-12-26,12.63000,13.39000,12.54000,12.98000,36400
2018-12-27,12.81500,13.44000,12.68000,13.12500,50600
2018-12-28,13.12500,13.85000,13.12500,13.85000,14400
2018-12-31,13.75000,14.68000,13.25000,13.25000,24400
2019-01-02,13.21000,13.83500,13.21000,13.74000,9000
2019-01-03,13.70000,13.70000,12.70000,12.94500,25600
2019-01-04,13.34000,13.94500,13.34000,13.94500,34600
2019-01-07,13.72500,14.25500,13.51500,13.56500,16000
2019-01-08,13.70500,14.07000,13.41500,13.70500,18200
2019-01-09,13.64000,13.80500,13.12500,13.41000,18600
2019-01-10,13.46500,13.76000,13.38500,13.50500,19400
2019-01-11,13.64500,13.79500,13.49500,13.79500,18600
2019-01-14,14.56000,14.56000,13.82000,14.08000,47200
2019-01-15,14.13500,14.53000,13.95500,14.10500,15400
2019-01-16,14.22500,14.31000,13.87500,14.00000,17600
2019-01-17,13.93000,14.47000,13.93000,14.08000,11600
2019-01-18,14.14500,14.56000,13.91000,14.01500,28200
2019-01-22,14.09500,14.40500,13.83500,13.83500,26400
2019-01-23,13.85500,14.27500,13.80500,13.80500,15200
2019-01-24,14.00000,14.00000,13.60500,13.78500,9800
2019-01-25,13.81500,13.91500,13.62000,13.80000,7600
2019-01-28,13.62000,13.62000,13.05500,13.05500,30600
2019-01-29,13.13500,13.45000,13.10000,13.23500,18400
2019-01-30,13.31000,13.44500,13.03000,13.07500,25400
2019-01-31,13.25000,13.49500,13.06500,13.27000,32400
2019-02-01,13.50000,13.50000,12.75500,12.75500,22000
2019-02-04,12.99000,13.15500,12.77500,13.00000,17800
2019-02-05,13.07500,13.30000,13.00500,13.07500,15600
2019-02-06,13.24500,13.47500,12.86000,13.14000,43400
2019-02-07,13.21500,13.62500,13.21000,13.42500,33200
2019-02-08,13.56000,13.59000,13.10500,13.20500,29200
2019-02-11,13.30500,13.72500,13.22500,13.31000,39800
2019-02-12,13.57500,14.04000,13.35500,13.74500,47200
2019-02-13,13.67500,13.96500,13.61500,13.96000,17200
2019-02-14,13.70000,14.00500,13.70000,13.94500,28200
2019-02-15,14.07500,14.47500,13.77000,14.33000,23600
2019-02-19,14.25500,14.71500,14.25500,14.56500,6000
2019-02-20,14.59000,14.81000,14.37500,14.37500,34800
2019-02-21,14.37000,14.70000,14.37000,14.58500,23000
2019-02-22,14.62500,15.00000,14.62000,15.00000,12600
2019-02-25,14.97000,15.06500,14.72500,14.77000,23600
2019-02-26,14.76500,15.06500,14.76500,14.80000,38400
2019-02-27,14.76500,15.06500,14.72000,14.85000,5600
2019-02-28,14.76000,15.00000,14.44500,14.57500,13000
2019-03-01,14.90000,14.90000,14.69500,14.73000,6200
2019-03-04,14.77500,14.90000,14.71500,14.71500,7600
2019-03-05,14.64500,14.89500,14.45000,14.52500,24000
2019-03-06,14.64500,14.89500,14.30500,14.54500,29200
2019-03-07,14.61500,14.69500,14.35500,14.68000,11600
2019-03-08,14.50500,14.65000,14.13500,14.19500,14600
2019-03-11,14.13500,14.58000,14.06500,14.43500,17200
2019-03-12,14.46500,14.46500,14.16000,14.16000,7400
2019-03-13,14.34000,14.49500,14.11500,14.45500,13400
2019-03-14,14.42500,14.47500,14.03500,14.38500,21200
2019-03-15,14.39500,15.99000,14.39000,15.66500,71400
2019-03-18,15.04000,16.63500,15.04000,16.48500,15600
2019-03-19,15.75500,16.49500,15.75500,16.34500,22800
2019-03-20,16.32000,16.37500,15.63500,15.74000,19200
2019-03-21,16.23000,16.23000,15.20000,15.30000,12000
2019-03-22,15.34000,15.34000,14.48500,14.56500,21600
2019-03-25,14.58000,14.73000,14.50000,14.50000,8800
2019-03-26,14.65500,15.23000,14.42500,14.95000,25800
2019-03-27,14.84500,15.42500,14.84500,15.22000,13000
2019-03-28,15.33000,15.80000,15.33000,15.80000,14600
2019-03-29,15.77500,15.89500,15.48000,15.57000,21400
2019-04-01,15.77500,15.98000,15.43500,15.53000,16400
2019-04-02,15.56500,15.56500,15.37000,15.53000,13600
2019-04-03,15.60500,15.66000,15.34500,15.62500,8000
2019-04-04,15.70000,15.95000,15.33000,15.95000,29400
2019-04-05,15.95000,16.21500,15.68000,15.98500,12800
2019-04-08,15.78500,16.04000,15.77500,15.88500,9200
2019-04-09,15.90500,16.24000,15.73000,15.88000,17600
2019-04-10,15.95500,16.57000,15.95500,16.56000,9200
2019-04-11,16.57000,16.61000,16.25500,16.54500,15400
2019-04-12,16.69000,16.78000,16.45000,16.78000,11400
2019-04-15,16.58500,17.15500,16.45000,16.80000,13400
2019-04-16,16.97500,17.12000,16.80500,16.80500,28800
2019-04-17,16.99000,17.03000,16.72500,16.72500,11400
2019-04-18,16.72500,16.90500,16.39500,16.89000,18200
2019-04-22,16.67500,16.71500,16.40000,16.40000,7000
2019-04-23,16.53000,16.65000,16.47500,16.50000,5000
2019-04-24,16.42500,16.69500,16.36500,16.36500,7600
2019-04-25,16.36500,16.40500,16.00000,16.00000,5800
2019-04-26,16.20000,16.20000,15.74500,15.96500,11600
2019-04-29,15.90000,16.07500,15.73500,16.04000,6200
2019-04-30,16.03500,16.07500,15.80000,15.90500,13600
2019-05-01,15.82500,15.87000,15.45500,15.45500,2800
2019-05-02,15.70000,15.80000,15.41500,15.69000,9800
2019-05-03,15.71500,16.48000,15.71500,16.47000,6800
2019-05-06,16.10000,16.45000,15.55000,16.04000,9200
2019-05-07,16.04500,16.36500,15.73000,15.77500,12600
2019-05-08,15.94500,15.94500,15.38500,15.69000,20200
2019-05-09,15.44000,15.62500,15.38500,15.48000,8000
2019-05-10,15.46000,15.72500,15.43000,15.72500,4000
2019-05-13,15.51500,15.63500,15.39000,15.41500,8400
2019-05-14,15.48000,15.72000,15.48000,15.72000,4000
2019-05-15,15.48000,18.12000,15.48000,17.74000,65000
2019-05-16,17.75500,18.35000,16.87500,16.87500,75800
2019-05-17,16.80000,16.80000,15.69500,15.69500,20200
2019-05-20,15.57500,15.57500,15.28500,15.52000,8600
2019-05-21,15.52000,15.53500,15.36500,15.49500,4000
2019-05-22,15.28500,15.31500,15.00000,15.00000,13200
2019-05-23,14.91500,14.91500,14.58500,14.63500,9400
2019-05-24,14.65000,14.73000,14.50000,14.72000,9200
2019-05-28,14.65000,14.98000,14.65000,14.76000,5600
2019-05-29,15.00000,15.10000,14.80000,14.81500,12600
2019-05-30,14.95000,15.06500,14.66500,15.03000,5000
2019-05-31,14.94000,15.04500,14.69500,14.69500,4600
2019-06-03,14.57500,14.90500,14.26000,14.50500,19200
2019-06-04,14.68000,14.92000,14.37500,14.79000,16000
2019-06-05,14.72000,14.79500,14.20000,14.39000,16400
2019-06-06,14.44500,14.69500,14.38000,14.44500,3800
2019-06-07,14.76500,14.92000,14.46500,14.46500,10400
2019-06-10,14.90000,15.00000,14.63000,15.00000,11600
2019-06-11,14.77500,14.77500,14.29000,14.55000,9800
2019-06-12,14.42500,14.42500,14.00000,14.29500,20600
2019-06-13,14.29000,14.61000,14.29000,14.44500,8600
2019-06-14,14.47000,14.62500,14.26000,14.62500,6400
2019-06-17,14.93000,14.93000,14.55000,14.75000,11800
2019-06-18,14.95500,15.00000,14.82500,14.94500,6200
2019-06-19,14.92000,14.92000,14.87500,14.87500,3000
2019-06-20,14.91000,15.13000,14.90000,14.92500,11200
2019-06-21,14.84500,15.29500,14.84500,15.29500,19800
2019-06-24,15.20000,15.25000,14.92500,15.25000,14600
2019-06-25,15.35000,15.35000,15.06000,15.09000,4600
2019-06-26,14.54500,15.30000,14.54500,15.24500,7200
2019-06-27,15.32500,16.35500,15.32500,16.35500,14200
2019-06-28,16.28500,17.09000,16.17000,17.02000,62800
2019-07-01,17.16000,17.81000,17.05000,17.56000,24000
2019-07-02,17.48500,17.65000,17.26000,17.37500,7200
2019-07-03,17.44000,17.75500,17.44000,17.75500,4800
2019-07-05,18.40000,18.40000,17.26500,17.26500,9000
2019-07-08,17.33500,17.42500,16.95500,17.21500,10200
2019-07-09,17.08500,17.20000,16.89000,16.89000,4400
2019-07-10,17.05500,17.05500,16.20000,16.20500,16000
2019-07-11,16.22500,16.43000,15.80000,16.17500,22400
2019-07-12,16.12500,16.75500,16.12500,16.61500,9400
2019-07-15,16.52500,17.04000,16.52500,17.04000,9800
2019-07-16,16.86000,17.21000,16.86000,17.21000,3800
2019-07-17,17.17000,17.17000,16.98500,17.05000,10000
2019-07-18,17.23500,17.34000,17.14500,17.34000,3200
2019-07-19,17.35000,17.68500,17.35000,17.49000,4000
2019-07-22,17.50000,17.53500,17.50000,17.50000,4200
2019-07-23,17.55000,17.55000,17.19500,17.35000,8800
2019-07-24,17.55000,17.55000,17.49000,17.49000,3000
2019-07-25,17.32500,17.59000,17.32500,17.42500,6200
2019-07-26,17.56500,17.87500,17.45500,17.59000,17600
2019-07-29,17.75000,17.75000,17.52000,17.52000,6600
2019-07-30,17.65000,17.77500,17.62000,17.62000,8800
2019-07-31,17.66000,18.00000,17.66000,17.71500,21200
2019-08-01,18.08500,18.10000,17.60000,17.60000,7200
2019-08-02,17.58500,17.58500,17.22500,17.25000,3200
2019-08-05,17.01000,17.01000,16.08500,16.08500,7800
2019-08-06,16.25000,16.43500,16.25000,16.43500,6800
2019-08-07,16.23000,16.44000,16.15000,16.15000,3000
2019-08-08,16.36000,16.67000,16.18500,16.24000,8600
2019-08-09,16.19000,16.75000,16.19000,16.34500,6000
2019-08-12,16.33500,16.57000,16.23500,16.23500,4600
2019-08-13,17.05000,17.05000,16.27500,16.40000,7200
2019-08-14,16.21000,16.33500,15.74500,15.74500,15600
2019-08-15,15.71500,15.71500,15.51500,15.51500,7000
2019-08-16,15.65000,16.36500,15.59000,16.36500,23000
2019-08-19,16.40500,16.40500,15.56500,15.91000,8000
2019-08-20,15.83000,16.00000,15.19000,15.21500,15000
2019-08-21,15.39000,15.67000,14.85000,14.87500,22400
2019-08-22,14.99500,15.00000,14.61500,14.69000,16400
2019-08-23,14.67500,14.69000,14.31000,14.33000,21600
2019-08-26,14.30000,15.00000,14.30000,14.92000,28200
2019-08-27,15.00000,15.00000,13.75500,14.35000,35200
2019-08-28,14.17000,14.96000,14.17000,14.96000,10600
2019-08-29,15.00000,15.49500,14.87000,15.31500,19600
2019-08-30,15.55500,15.55500,15.22000,15.38000,7200
2019-09-03,15.39000,15.76500,14.91000,15.09000,16600
2019-09-04,15.24500,15.54000,14.93000,15.48000,10000
2019-09-05,15.64500,15.72000,15.30500,15.72000,9200
2019-09-06,15.72000,16.00000,15.69000,15.92500,6800
2019-09-09,16.01000,16.38000,16.01000,16.13000,8600
2019-09-10,16.05000,16.65000,16.04000,16.43000,7600
2019-09-11,16.61000,17.00000,16.50500,17.00000,11000
2019-09-12,16.97500,17.33000,16.60000,17.01500,14400
2019-09-13,17.23500,17.55000,16.88000,17.31500,11400
2019-09-16,17.21500,17.29000,16.54500,16.71500,17400
2019-09-17,16.57500,16.94500,16.32500,16.50500,11000
2019-09-18,16.61000,16.97500,16.35000,16.71000,12800
2019-09-19,16.87500,17.62500,16.87500,17.16000,26400
2019-09-20,17.17500,17.40500,16.86000,17.40500,59600
2019-09-23,17.22000,17.22000,17.22000,17.22000,3400
2019-09-24,17.37000,17.54000,16.97000,16.97000,16400
2019-09-25,16.75500,17.19000,16.75500,17.00500,7200
2019-09-26,17.02500,17.25500,16.71500,16.72000,16200
2019-09-27,16.96500,17.01500,16.77500,16.77500,6200
2019-09-30,16.85000,17.06500,16.67000,17.03000,14200
2019-10-01,17.06000,17.25000,16.80500,16.80500,6400
2019-10-02,16.78500,16.95500,16.41500,16.43500,14800
2019-10-03,16.50000,16.84500,16.40000,16.56000,6600
2019-10-04,16.50500,16.74500,16.15000,16.35000,12000
2019-10-07,16.20000,16.20000,15.50000,15.59000,22600
2019-10-08,15.77500,15.95500,15.57500,15.95500,15200
2019-10-09,16.01500,16.54000,15.65500,16.41000,13800
2019-10-10,16.50000,16.61000,16.19500,16.26500,19600
2019-10-11,16.71000,16.93500,16.45000,16.81500,16200
2019-10-14,16.55500,16.55500,16.08000,16.52000,10200
2019-10-15,16.52500,16.70000,16.33000,16.70000,9600
2019-10-16,16.62000,16.80000,16.50000,16.75000,7200
2019-10-17,16.75500,17.07500,16.66500,16.88500,12600
2019-10-18,16.78500,16.78500,16.62500,16.64500,7200
2019-10-21,16.97500,17.16000,16.66500,17.12000,18200
2019-10-22,17.12500,17.12500,16.23500,16.51500,16200
2019-10-23,16.50500,16.50500,16.28000,16.40000,5400
2019-10-24,16.46000,16.75000,16.36500,16.62500,7200
2019-10-25,16.55000,16.96500,16.55000,16.80000,10000
2019-10-28,16.88500,17.18000,16.86500,16.86500,19600
2019-10-29,17.09500,17.09500,16.87000,16.95000,10800
2019-10-30,17.00500,17.35500,16.98000,17.31500,11000
2019-10-31,17.29000,17.50500,17.16000,17.50500,13200
2019-11-01,17.62500,18.22000,17.59000,18.07000,14600
2019-11-04,17.98000,18.66500,17.73000,18.57000,16000
2019-11-05,18.76500,18.93000,18.47500,18.81000,17000
2019-11-06,18.67000,19.07500,18.29500,18.95000,14600
2019-11-07,19.10500,19.39500,19.09000,19.21500,11000
2019-11-08,19.27000,19.27000,18.39500,18.61000,9600
2019-11-11,18.50000,18.50000,17.82000,17.90500,14000
2019-11-12,18.02500,18.02500,17.51000,17.51000,13000
2019-11-13,17.43000,17.57000,16.59500,16.93500,42200
2019-11-14,16.87500,17.22500,16.87500,17.15000,13800
2019-11-15,17.25500,17.58500,17.08500,17.49000,20400
2019-11-18,17.32500,17.76500,17.00000,17.65500,58400
2019-11-19,17.61000,17.76000,17.57500,17.70500,19000
2019-11-20,17.64500,18.00500,17.53500,17.53500,32200
2019-11-21,17.58500,17.58500,17.25500,17.36000,12400
2019-11-22,17.42500,17.55000,17.35500,17.55000,14000
2019-11-25,17.64000,17.87500,17.43500,17.87500,14800
2019-11-26,17.83500,18.04500,17.63000,18.04500,9400
2019-11-27,18.07500,18.33500,17.68500,18.09500,13600
2019-11-29,17.94000,18.14500,17.94000,18.14500,5000
2019-12-02,18.15000,18.56500,17.60000,17.74000,16200
2019-12-03,17.49000,17.57000,17.06500,17.17000,13800
2019-12-04,17.26500,17.35000,17.00000,17.00000,24000
2019-12-05,17.11500,17.52000,17.04000,17.41000,8200
2019-12-06,17.74000,18.14500,17.52500,17.77000,25600
2019-12-09,17.50000,18.09500,17.17500,17.60500,20200
2019-12-10,17.60500,18.07000,17.60500,18.03000,12800
2019-12-11,18.03000,18.38500,17.73500,18.37500,12600
2019-12-12,18.32500,18.51000,18.27500,18.49000,26800
2019-12-13,18.37500,18.50000,18.10000,18.50000,22200
2019-12-16,18.41500,19.09500,18.41500,18.62000,28400
2019-12-17,18.62000,18.62000,18.03500,18.37000,16000
2019-12-18,18.49000,18.50000,18.29000,18.47000,14000
2019-12-19,18.40000,18.80500,18.40000,18.60500,20800
2019-12-20,18.75000,19.10000,18.14000,18.44000,89000
2019-12-23,18.49500,18.64000,18.16000,18.64000,18200
2019-12-24,18.26000,18.88000,18.26000,18.88000,7600
2019-12-26,18.91500,19.00000,18.68500,18.68500,11600
2019-12-27,18.89000,18.89000,18.23000,18.48000,21400
2019-12-30,18.42500,18.67500,18.16500,18.25000,11600
2019-12-31,18.35000,18.35000,18.02500,18.12500,17800
2020-01-02,18.15000,18.43500,18.13000,18.13000,11000
2020-01-03,18.02000,18.02000,17.17500,17.39500,58000
2020-01-06,17.51000,17.90500,17.51000,17.78000,22000
2020-01-07,17.86500,18.03000,17.51000,17.84000,18800
2020-01-08,17.80500,18.39500,17.80500,18.10500,13600
2020-01-09,18.05500,18.39000,18.05500,18.23000,21000
2020-01-10,18.37000,18.57000,18.12000,18.14000,20600
2020-01-13,18.11500,18.38000,17.89000,18.38000,19000
2020-01-14,18.38000,18.41500,18.26000,18.30500,18400
2020-01-15,18.39000,18.45000,18.31500,18.40000,39800
2020-01-16,18.50000,19.40000,18.50000,19.19000,43200
2020-01-17,19.37000,19.37000,18.65500,18.80500,21800
2020-01-21,18.80000,19.19500,18.60000,19.00000,35600
2020-01-22,19.12500,19.12500,18.22000,18.23000,15800
2020-01-23,18.15500,18.41500,17.72500,18.22500,36400
2020-01-24,18.42500,18.59500,18.23500,18.30500,14600
2020-01-27,17.99500,18.32500,17.99500,18.14000,13000
2020-01-28,18.31000,18.31000,17.64000,17.90000,27000
2020-01-29,18.05000,18.05000,17.57000,17.71500,18400
2020-01-30,17.50500,17.74500,17.23500,17.74500,25600
2020-01-31,17.68000,18.11000,17.51500,17.70000,28400
2020-02-03,17.66000,17.99500,17.66000,17.87500,22600
2020-02-04,18.13500,18.39000,17.81500,18.02500,12800
2020-02-05,17.94500,18.21500,17.72500,18.19500,50000
2020-02-06,18.33500,18.47500,17.86000,17.94000,19400
2020-02-07,18.03000,18.04000,17.67500,17.87000,11800
2020-02-10,17.78000,17.99500,17.67500,17.82000,13600
2020-02-11,17.90500,17.97000,17.71500,17.71500,12200
2020-02-12,17.85500,17.90000,17.79500,17.89500,15000
2020-02-13,17.73000,17.90000,17.55500,17.90000,8800
2020-02-14,17.88500,17.95000,17.62000,17.95000,4200
2020-02-18,17.82000,18.16500,17.76000,18.12500,44600
2020-02-19,18.15000,18.55500,17.82500,18.18500,15600
2020-02-20,18.09000,18.28500,17.91000,18.25000,13200
2020-02-21,18.24500,18.43000,18.01000,18.18000,11600
2020-02-24,17.73000,17.80000,17.34000,17.40500,23200
2020-02-25,17.56500,17.56500,16.92500,16.92500,15800
2020-02-26,16.57500,17.17000,16.57500,16.61500,20000
2020-02-27,16.50000,16.50500,15.78000,15.78000,28000
2020-02-28,15.52000,15.87000,14.90000,15.21500,35400
2020-03-02,15.34500,16.02500,15.34500,15.58500,29800
2020-03-03,15.69500,16.44500,15.00500,15.01500,22400
2020-03-04,15.33000,15.90000,15.26500,15.89000,20000
2020-03-05,15.56000,15.81500,14.35000,15.08000,19600
2020-03-06,14.95000,16.05500,14.79000,16.05500,23600
2020-03-09,15.55500,16.06500,15.25000,15.57500,31800
2020-03-10,15.63000,15.80000,15.03500,15.80000,30800
2020-03-11,15.30000,15.69500,14.96000,15.43000,36000
2020-03-12,14.93000,15.47000,14.56500,14.92500,69600
2020-03-13,15.42500,15.85000,15.04000,15.43500,58200
2020-03-16,14.93500,15.20500,14.26500,14.46000,51600
2020-03-17,14.87500,17.99000,14.66500,17.93000,64800
2020-03-18,17.43000,17.43000,15.16500,15.76000,55200
2020-03-19,15.40000,16.11500,15.01000,15.47000,63800
2020-03-20,15.38000,15.84500,14.59500,15.84500,77600
2020-03-23,15.62000,16.09000,14.97500,15.30500,49400
2020-03-24,15.80500,16.09500,15.39500,16.09500,60600
2020-03-25,16.25000,16.73000,15.69000,16.53500,50600
2020-03-26,16.34500,16.52000,15.84500,16.32000,68000
2020-03-27,15.87500,16.52500,15.87500,16.41500,32000
2020-03-30,16.73000,16.73000,16.13500,16.66500,32400
2020-03-31,16.53500,16.75000,16.30000,16.72000,52000
2020-04-01,16.01500,16.57000,15.85500,16.22000,59400
2020-04-02,16.00500,16.75000,15.92000,16.60000,45200
2020-04-03,16.46500,16.47000,15.82000,16.20000,58400
2020-04-06,16.75000,16.75000,16.22000,16.63000,40000
2020-04-07,16.99500,16.99500,16.13000,16.55000,47600
2020-04-08,16.70500,16.70500,16.00000,16.51500,71400
2020-04-09,16.48000,16.69000,16.07500,16.59000,77400
2020-04-13,16.63500,16.64500,16.21000,16.29500,16400
2020-04-14,16.56500,16.98500,16.45500,16.64500,77800
2020-04-15,16.26500,16.66500,16.02000,16.24000,46400
2020-04-16,16.24000,16.98000,16.12000,16.89500,58800
2020-04-17,16.99500,17.86500,16.68000,17.55000,49400
2020-04-20,17.34000,17.34000,16.80500,17.03000,23600
2020-04-21,16.75000,17.41000,16.53500,17.10000,133200
2020-04-22,17.45500,17.60000,17.23000,17.50000,77200
2020-04-23,17.60500,17.60500,17.27500,17.47500,28000
2020-04-24,17.45000,17.60000,17.29000,17.56000,18000
2020-04-27,17.58500,17.65000,17.39000,17.49000,36600
2020-04-28,17.45000,17.73500,17.40500,17.58000,29400
2020-04-29,17.89500,18.68000,17.71500,18.24000,48400
2020-04-30,17.94000,18.75000,17.76500,18.69500,60800
2020-05-01,18.48500,18.84500,18.48500,18.76000,39800
2020-05-04,18.57000,18.75000,18.00500,18.25000,39400
2020-05-05,18.32000,18.63500,17.63500,17.63500,39200
2020-05-06,17.84500,17.99500,17.57500,17.72000,17800
2020-05-07,17.99000,18.22000,17.89500,18.22000,17200
2020-05-08,18.47000,18.47000,18.18000,18.36500,41400
2020-05-11,18.36500,18.36500,17.93000,18.11000,37600
2020-05-12,18.09000,18.23500,17.37500,17.37500,33400
2020-05-13,17.34000,17.49000,16.59500,16.78500,21000
2020-05-14,16.43500,16.44500,16.16000,16.30000,27800
2020-05-15,16.33500,16.95500,16.33500,16.95500,22800
2020-05-18,17.34000,17.75500,17.34000,17.70000,43000
2020-05-19,17.79000,17.79000,16.99500,17.11500,19200
2020-05-20,17.50500,17.70000,17.24500,17.62500,19800
2020-05-21,17.42500,17.57000,16.95500,17.36000,13400
2020-05-22,17.51000,17.67000,17.21000,17.50000,14800
2020-05-26,17.99500,17.99500,17.62000,17.62500,18400
2020-05-27,17.88000,18.11500,17.55000,17.76500,37000
2020-05-28,17.87500,18.45500,17.76500,17.92000,22200
2020-05-29,17.90000,17.92500,17.35500,17.71500,29600
2020-06-01,17.71500,18.32500,17.53500,17.53500,22200
2020-06-02,17.64500,18.04500,17.54500,17.67500,18400
2020-06-03,17.94500,18.45000,17.73500,17.99000,37000
2020-06-04,18.08500,18.34000,17.82500,18.14000,38000
2020-06-05,18.47500,18.47500,17.96000,18.07000,39000
2020-06-08,17.99500,17.99500,17.40000,17.66500,38800
2020-06-09,17.81500,18.11500,17.23000,17.31500,30800
2020-06-10,16.70500,17.92500,16.70500,17.58000,25000
2020-06-11,17.38000,17.38000,16.60000,16.60000,34000
2020-06-12,16.91000,17.17000,16.05000,16.52000,35800
2020-06-15,16.39500,17.09000,16.27500,17.09000,39800
2020-06-16,17.30000,17.74500,17.04500,17.72500,36600
2020-06-17,17.62500,17.62500,17.12000,17.15000,16800
2020-06-18,17.11500,17.45000,17.11500,17.45000,10200
2020-06-19,17.50500,17.50500,17.25000,17.38000,41600
2020-06-22,17.16000,17.39500,17.06500,17.27500,16000
2020-06-23,17.28500,17.67000,16.71500,16.71500,20400
2020-06-24,16.66000,16.77500,15.93000,16.26000,37000
2020-06-25,16.17000,16.94500,15.94000,16.94500,23800
2020-06-26,16.85000,16.85000,16.37500,16.38500,66400
2020-06-29,16.60500,17.35000,16.48500,17.35000,21400
2020-06-30,17.13000,17.60000,17.13000,17.35000,19200
2020-07-01,17.44000,17.62500,17.37500,17.41500,20000
2020-07-02,17.60000,17.62000,17.28000,17.29500,12200
2020-07-06,17.50500,17.64500,17.22000,17.64500,34400
2020-07-07,17.00500,17.70500,17.00500,17.13000,21600
2020-07-08,17.03000,17.12000,16.61000,16.61000,17000
2020-07-09,16.55000,16.65000,16.01500,16.10000,29400
2020-07-10,16.10500,16.86500,16.10500,16.85000,23400
2020-07-13,16.98000,17.56000,16.58000,17.39000,36600
2020-07-14,17.22000,17.50000,17.16000,17.25500,16200
2020-07-15,17.60000,17.86500,17.39000,17.68000,66000
2020-07-16,17.55500,17.81000,17.50000,17.61000,16600
2020-07-17,17.54500,17.78000,17.54500,17.59000,30400
2020-07-20,17.57500,17.71000,17.51500,17.62500,18800
2020-07-21,17.82000,17.86000,17.43500,17.75500,7600
2020-07-22,17.55000,17.88000,17.55000,17.73500,40400
2020-07-23,17.71000,18.55500,17.71000,17.90000,48600
2020-07-24,17.97500,18.26500,17.62500,18.00500,29200
2020-07-27,17.99000,18.34000,17.92000,18.34000,32800
2020-07-28,18.16000,18.19000,17.70500,17.70500,21800
2020-07-29,17.82500,18.15500,17.82500,17.95000,10200
2020-07-30,18.00000,18.00000,17.46000,17.78500,18400
2020-07-31,18.00000,18.07000,17.27000,17.38500,20200
2020-08-03,17.64500,18.66500,17.64500,18.66000,26000
2020-08-04,18.15000,18.15000,17.63000,17.75000,22600
2020-08-05,17.87000,17.97500,17.50500,17.74500,14000
2020-08-06,17.50500,17.85000,17.37500,17.50500,13600
2020-08-07,17.62000,17.72500,17.60000,17.62500,21600
2020-08-10,17.68000,17.78000,17.54000,17.75000,32800
2020-08-11,17.77000,17.96500,17.68000,17.85500,10600
2020-08-12,18.11000,18.87500,17.90000,18.87500,62800
2020-08-13,18.56500,18.73500,18.24000,18.73500,7000
2020-08-14,18.37500,18.42000,17.99000,18.18500,13000
2020-08-17,18.12500,18.12500,17.15500,17.42500,19400
2020-08-18,17.44500,17.86500,17.30000,17.86500,22800
2020-08-19,17.97000,18.60500,17.89000,17.97500,31000
2020-08-20,17.86000,17.89500,17.37000,17.89500,10600
2020-08-21,17.67000,17.67000,17.31500,17.57500,16400
2020-08-24,17.70000,18.19500,17.63500,17.81500,23000
2020-08-25,17.92000,17.95000,17.57000,17.74500,17800
2020-08-26,17.75000,17.94000,17.42500,17.53500,8600
2020-08-27,17.51500,17.89500,17.51500,17.89500,7400
2020-08-28,17.90000,18.02500,17.68000,18.02500,13600
2020-08-31,18.00000,18.00000,17.51000,17.51000,24800
2020-09-01,17.60000,17.97000,17.52500,17.97000,38600
2020-09-02,18.00000,18.24500,17.78500,17.97000,28000
2020-09-03,18.02000,18.02000,17.58500,17.60000,20400
2020-09-04,17.92000,18.07000,17.70000,18.02000,26400
2020-09-08,17.80000,18.18500,17.73000,18.16000,14600
2020-09-09,18.00000,18.28500,17.72500,18.13000,29400
2020-09-10,18.12000,18.43000,18.12000,18.17000,16200
2020-09-11,18.30500,18.48000,18.13000,18.15500,21400
2020-09-14,18.25000,18.76500,18.25000,18.74000,32800
2020-09-15,18.67000,18.80000,18.17500,18.41000,19000
2020-09-16,18.49000,18.60000,18.23000,18.23500,14600
2020-09-17,18.23500,18.44500,18.23000,18.44500,9200
2020-09-18,18.50500,19.23500,18.07000,19.16000,96000
2020-09-21,18.82500,18.87500,18.08500,18.58500,59000
2020-09-22,18.63500,18.63500,18.32000,18.47500,12400
2020-09-23,18.45500,18.49000,17.91000,18.16500,48200
2020-09-24,18.16500,18.67500,18.16500,18.43500,21800
2020-09-25,18.55500,18.88500,18.49500,18.60500,10200
2020-09-28,18.60000,18.75000,18.42500,18.46000,16600
2020-09-29,18.39500,18.54000,18.03000,18.44500,16200
2020-09-30,18.30500,18.45000,17.88500,17.88500,14200
2020-10-01,18.26000,18.43000,18.26000,18.31500,14000
2020-10-02,18.11000,18.20500,18.10000,18.18000,8800
2020-10-05,18.48000,18.64000,17.91000,18.59500,18600
2020-10-06,18.62500,18.92000,18.14000,18.15000,16800
2020-10-07,18.29500,18.77000,18.29500,18.62500,17000
2020-10-08,18.62500,18.70000,18.36500,18.36500,17600
2020-10-09,18.45000,18.58500,18.18500,18.50000,11400
2020-10-12,18.50000,18.75000,18.39500,18.74500,23200
2020-10-13,18.60000,18.76000,17.57500,17.89500,71400
2020-10-14,18.27500,18.27500,16.25000,17.81500,27400
2020-10-15,17.70000,18.70500,17.50500,18.70500,29200
2020-10-16,18.48500,18.51000,18.12500,18.33000,23400
2020-10-19,18.19500,18.38000,18.02500,18.05500,23600
2020-10-20,18.32000,18.51500,18.14500,18.46500,17600
2020-10-21,18.47500,18.58000,18.12500,18.35500,18000
2020-10-22,18.53000,18.53000,18.25500,18.25500,29800
2020-10-23,18.35500,18.54500,18.35000,18.35000,14000
2020-10-26,18.17500,18.32000,17.60500,17.73500,14800
2020-10-27,17.61500,17.97500,17.61500,17.67500,9600
2020-10-28,17.47500,17.47500,17.01000,17.46500,12400
2020-10-29,17.26000,17.65500,17.17000,17.65500,17800
2020-10-30,17.47500,17.47500,17.02500,17.08000,14200
2020-11-02,17.38000,17.50500,16.80000,16.94000,26400
2020-11-03,17.00000,17.37500,16.90000,16.93500,27000
2020-11-04,16.80000,16.98000,16.60000,16.63000,21200
2020-11-05,16.71500,16.78500,16.31500,16.38000,38400
2020-11-06,16.40000,16.42500,16.08000,16.25000,49200
2020-11-09,17.12000,17.82500,17.10000,17.17000,35000
2020-11-10,17.25000,17.89000,17.01000,17.60000,57200
2020-11-11,17.54500,17.54500,17.02500,17.40000,36400
2020-11-12,17.20000,17.20000,16.52000,16.63500,34000
2020-11-13,16.84500,17.35000,16.65000,17.08000,20000
2020-11-16,17.34500,18.22000,17.18500,18.22000,49800
2020-11-17,18.07500,18.33000,17.73000,18.08000,72400
2020-11-18,17.90000,18.16000,17.52000,17.52500,61000
2020-11-19,17.72500,17.84500,17.20000,17.65500,76600
2020-11-20,17.52500,17.81000,17.29000,17.50500,23600
2020-11-23,17.69000,18.00000,17.50500,17.50500,37200
2020-11-24,17.76000,18.25000,17.39500,17.90500,47600
2020-11-25,17.83500,18.10500,17.74500,18.01000,21600
2020-11-27,18.15500,18.15500,17.62500,17.75000,11800
2020-11-30,17.49500,17.56000,17.21500,17.21500,30600
2020-12-01,17.59500,17.75000,17.21500,17.31000,42800
2020-12-02,17.40500,17.42000,17.06500,17.22500,15000
2020-12-03,17.26000,17.75000,17.24500,17.57500,21800
2020-12-04,17.57500,18.13500,17.57500,17.57500,24800
2020-12-07,17.76500,17.83500,17.15000,17.26000,26800
2020-12-08,17.25000,17.78000,17.00000,17.75000,60800
2020-12-09,17.80000,18.09500,17.48500,17.87500,38600
2020-12-10,17.80000,18.40500,17.74000,18.34500,51200
2020-12-11,18.21500,18.47500,18.12500,18.33500,30000
2020-12-14,18.35000,18.55500,18.20000,18.20000,52000
2020-12-15,18.33500,18.69500,18.16500,18.43000,26600
2020-12-16,18.43500,18.53000,18.17000,18.17000,37200
2020-12-17,18.24000,18.71500,18.10000,18.23500,46400
2020-12-18,18.34500,18.53500,17.75500,18.24500,238600
2020-12-21,18.07500,18.19000,17.76500,17.79000,41400
2020-12-22,17.79000,17.79000,17.14000,17.21000,26000
2020-12-23,17.30000,17.37000,17.00000,17.12500,25200
2020-12-24,17.20000,17.62500,17.05000,17.20000,13600
2020-12-28,17.32500,17.36500,17.10000,17.15500,21600
2020-12-29,17.02500,17.33000,16.80000,16.83000,23600
2020-12-30,16.89000,16.99000,16.76000,16.77500,24200
2020-12-31,16.75000,17.35500,16.75000,17.04000,22200
2021-01-04,17.10000,17.25000,16.75000,17.00000,30600
2021-01-05,16.94500,17.57000,16.82500,17.11500,29400
2021-01-06,17.44500,17.91000,17.23500,17.71000,29600
2021-01-07,17.77000,17.90500,17.61000,17.61000,20600
2021-01-08,17.65500,17.71000,17.12500,17.25500,22200
2021-01-11,17.15500,17.31000,17.10000,17.31000,25800
2021-01-12,17.24500,17.28000,17.05000,17.22500,15200
2021-01-13,17.12500,17.15500,16.83500,16.83500,20200
2021-01-14,16.86500,17.09500,16.65000,16.67000,37200
2021-01-15,16.63500,16.90000,16.63500,16.81500,17400
2021-01-19,17.00000,17.12500,16.86500,16.90500,23800
2021-01-20,17.11000,17.11500,16.69000,16.87000,26400
2021-01-21,16.91000,16.93500,16.68000,16.81000,15400
2021-01-22,16.85000,17.02000,16.77000,17.02000,33600
2021-01-25,16.90000,17.07000,16.86500,16.95000,35800
2021-01-26,16.93500,17.59500,16.93500,17.50000,39000
2021-01-27,17.11000,17.29500,16.87500,17.29500,53600
2021-01-28,17.33000,17.50000,17.18500,17.18500,39400
2021-01-29,17.30000,17.55000,17.19500,17.33500,50400
2021-02-01,17.31000,17.53000,17.08500,17.23500,26200
2021-02-02,17.40000,17.60000,17.25500,17.25500,23800
2021-02-03,17.25000,17.60000,17.25000,17.60000,26000
2021-02-04,17.49000,17.92500,17.49000,17.84000,18200
2021-02-05,17.90000,18.10000,17.90000,18.10000,31000
2021-02-08,18.12000,18.65500,18.09000,18.57500,37400
2021-02-09,18.45500,18.45500,18.24500,18.26000,17400
2021-02-10,18.48500,18.50000,18.10000,18.10000,22000
2021-02-11,18.12000,18.15000,17.74500,17.81000,27400
2021-02-12,17.75000,18.38000,17.75000,18.38000,24600
2021-02-16,18.38500,18.46500,17.88000,17.88500,26600
2021-02-17,17.87500,18.21000,17.87500,17.88000,17000
2021-02-18,17.92000,17.92000,17.45500,17.45500,24200
2021-02-19,17.46500,17.55000,17.32500,17.46000,17600
2021-02-22,17.46000,17.65000,17.40500,17.59500,18400
2021-02-23,17.47000,17.72000,17.33500,17.58000,20000
2021-02-24,17.51500,17.99000,17.51500,17.80000,19000
2021-02-25,17.87000,17.94500,17.41000,17.41000,12400
2021-02-26,17.56000,17.64500,16.79000,16.79000,28000
2021-03-01,17.24000,17.87500,17.24000,17.82000,33400
2021-03-02,17.75000,18.13500,17.69500,17.80500,45600
2021-03-03,17.98000,18.37000,17.86500,18.36500,22000
2021-03-04,18.10500,18.49000,18.10500,18.23000,37200
2021-03-05,18.39000,18.77500,18.39000,18.50000,62400
2021-03-08,18.66500,18.86500,18.50000,18.83000,74200
2021-03-09,18.84500,19.11000,18.70000,18.78000,40400
2021-03-10,18.78500,18.96500,18.66500,18.86000,43200
2021-03-11,18.93500,19.22500,18.66000,19.22500,40000
2021-03-12,19.00000,19.04500,18.52500,18.89500,40800
2021-03-15,18.95000,18.95000,18.72500,18.84500,31600
2021-03-16,18.78000,18.89000,18.62500,18.65500,29800
2021-03-17,18.68500,18.68500,18.40000,18.49000,32200
2021-03-18,18.39500,18.56000,18.23000,18.44500,24800
2021-03-19,18.42500,18.42500,17.78500,17.90500,184000
2021-03-22,17.86500,17.90500,17.52500,17.89500,13200
2021-03-23,17.89500,17.89500,17.23000,17.37000,46200
2021-03-24,17.37000,17.63000,17.15000,17.22500,22000
2021-03-25,17.23500,17.49000,17.05000,17.48000,26000
2021-03-26,17.53000,17.76500,17.36500,17.64500,24400
2021-03-29,17.43000,17.62500,17.05500,17.13500,40400
2021-03-30,17.14000,17.82000,17.14000,17.60000,51400
2021-03-31,17.66000,17.87000,17.15500,17.22000,53800
2021-04-01,17.50000,17.64000,17.46500,17.61000,15400
2021-04-05,17.56000,17.89000,17.31000,17.84500,62200
2021-04-06,17.79500,18.09000,17.74000,17.97000,27800
2021-04-07,17.92500,17.92500,17.35500,17.55500,30400
2021-04-08,17.56500,17.57000,17.26500,17.39500,20200
2021-04-09,17.35500,17.44500,17.24000,17.44000,26000
2021-04-12,17.53000,17.55000,17.31000,17.52000,25200
2021-04-13,17.38000,17.60000,17.28000,17.50000,18000
2021-04-14,17.52500,17.56500,17.25500,17.37500,15600
2021-04-15,17.37500,17.55500,17.22500,17.55500,21000
2021-04-16,17.61000,17.67500,17.25000,17.38500,28600
2021-04-19,17.50000,17.57000,17.20000,17.28000,23200
2021-04-20,17.38000,17.42500,17.12500,17.39500,18800
2021-04-21,17.41500,17.67000,17.41500,17.43000,27200
2021-04-22,17.57500,17.57500,17.25500,17.25500,17400
2021-04-23,17.40000,17.41500,17.20000,17.23000,28000
2021-04-26,17.41000,17.41000,17.18500,17.24000,19400
2021-04-27,17.31000,17.38500,17.22000,17.31500,24600
2021-04-28,17.38000,17.61000,17.15500,17.50500,34000
2021-04-29,17.50500,17.74000,17.35500,17.43500,18800
2021-04-30,17.36000,17.69000,17.25000,17.46500,65400
2021-05-03,17.50000,17.73500,17.43500,17.71500,31600
2021-05-04,17.56500,17.76000,17.49500,17.51500,18800
2021-05-05,17.61000,17.61000,17.37500,17.48000,28800
2021-05-06,17.51000,17.51000,17.25500,17.27500,11400
2021-05-07,17.45000,17.67500,17.31500,17.67500,35600
2021-05-10,17.75000,18.19000,17.68000,18.15000,37800
2021-05-11,18.15000,18.15000,17.90000,17.99000,19800
2021-05-12,17.93000,17.99500,17.62000,17.63500,28000
2021-05-13,17.54000,17.97500,17.53500,17.90000,22400
2021-05-14,17.65500,18.22000,17.65500,18.07000,26800
2021-05-17,18.06500,18.19500,17.84500,17.94500,14800
2021-05-18,18.10500,18.22500,17.87500,18.17000,17400
2021-05-19,17.90000,18.14000,17.82000,18.14000,12800
2021-05-20,18.00000,18.30000,17.88000,18.30000,22200
2021-05-21,18.21000,18.50500,18.15500,18.50500,23600
2021-05-24,18.50000,18.50000,18.13500,18.36000,30200
2021-05-25,18.43500,18.46000,18.01000,18.01000,25200
2021-05-26,18.09500,18.24000,18.09500,18.12000,21200
2021-05-27,18.27500,18.32500,18.09000,18.14500,15400
2021-05-28,18.30500,18.49000,18.08500,18.27500,34000
2021-06-01,18.39500,18.42000,18.24000,18.37500,27400
2021-06-02,18.33000,18.67500,18.33000,18.57500,30000
2021-06-03,18.56000,19.00000,18.56000,19.00000,24200
2021-06-04,18.81500,19.00000,18.69000,18.69000,57800
2021-06-07,18.86500,19.00000,18.86500,18.95500,14200
2021-06-08,19.02500,19.02500,18.72500,18.72500,19400
2021-06-09,18.69000,18.69000,17.81500,18.04000,58800
2021-06-10,18.22000,18.25000,17.70000,17.81500,44400
2021-06-11,17.78000,17.84500,17.64500,17.77500,28400
2021-06-14,17.79000,18.03500,17.63000,17.75500,25200
2021-06-15,17.89000,17.89000,17.70500,17.77000,17800
2021-06-16,17.80500,17.84000,17.49500,17.49500,39400
2021-06-17,17.60000,17.60000,17.50000,17.50000,18600
2021-06-18,17.49500,17.50500,17.30500,17.40500,46400
2021-06-21,17.56000,17.56000,17.30000,17.43000,22800
2021-06-22,17.45000,17.45000,17.06000,17.10000,27000
2021-06-23,17.12500,17.34500,17.00000,17.03000,30200
2021-06-24,17.03500,17.24000,17.02500,17.17000,18600
2021-06-25,17.16500,17.58500,17.11000,17.27500,84000
2021-06-28,17.50500,17.50500,17.12500,17.21500,24600
2021-06-29,17.17000,17.30500,17.12500,17.14000,14000
2021-06-30,17.16000,17.29500,17.09000,17.09000,33000
2021-07-01,17.27500,17.40000,17.10500,17.25000,29400
2021-07-02,17.25000,17.35500,17.11500,17.11500,18200
2021-07-06,17.10000,17.19500,17.05000,17.14500,128000
2021-07-07,17.14500,17.32500,17.13500,17.22500,16400
2021-07-08,17.20000,17.39500,17.20000,17.38500,17400
2021-07-09,17.44000,17.55000,17.32000,17.42000,22000
2021-07-12,17.37500,17.55500,17.33000,17.53000,14200
2021-07-13,17.37000,17.48000,17.28500,17.39500,14000
2021-07-14,17.35500,17.42000,17.23500,17.29000,17400
2021-07-15,17.27500,17.54000,17.27500,17.54000,15800
2021-07-16,17.48500,17.70500,17.33500,17.52500,25600
2021-07-19,17.45500,17.70000,17.30500,17.69500,27200
2021-07-20,17.69500,18.09500,17.56000,17.77500,39600
2021-07-21,17.86500,18.04000,17.85000,17.85000,16400
2021-07-22,17.80500,17.97000,17.54000,17.72500,13000
2021-07-23,17.73000,17.83500,17.60500,17.83500,7400
2021-07-26,17.80000,17.98000,17.70500,17.89500,18800
2021-07-27,17.89000,17.90500,17.68000,17.90000,17400
2021-07-28,17.87500,17.99500,17.70500,17.97000,10800
2021-07-29,18.00000,18.00500,17.81500,17.99000,12400
2021-07-30,17.92500,17.92500,17.78000,17.78500,10000
2021-08-02,17.91500,17.91500,17.74500,17.85000,10400
2021-08-03,17.77000,17.83500,17.71000,17.71000,12400
2021-08-04,17.72500,17.82500,17.56000,17.72000,14000
2021-08-05,17.72000,17.74000,17.50000,17.61000,15800
2021-08-06,17.60500,17.66500,17.49500,17.59500,12400
2021-08-09,17.60000,17.73500,17.52500,17.54500,15800
2021-08-10,17.60500,17.72500,17.55000,17.67000,15000
2021-08-11,17.68500,17.77500,17.61000,17.77000,9600
2021-08-12,17.63000,17.78500,17.50000,17.78500,26000
2021-08-13,17.71500,17.71500,17.51000,17.58500,8000
2021-08-16,17.63000,17.72500,17.43500,17.49500,31000
2021-08-17,17.36000,17.40500,17.29500,17.29500,27200
2021-08-18,17.37500,17.42500,17.18500,17.18500,19000
2021-08-19,17.16500,17.26500,16.97500,16.97500,42200
2021-08-20,17.06000,17.48500,17.00500,17.36000,17200
2021-08-23,17.42500,17.60000,17.27500,17.42000,68800
2021-08-24,17.50000,17.52500,17.35000,17.41500,18800
2021-08-25,17.49500,17.69500,17.37500,17.46500,9200
2021-08-26,17.43000,17.71000,17.43000,17.44000,50800
2021-08-27,17.55000,17.76500,17.50000,17.70000,39600
2021-08-30,17.70000,17.85500,17.68500,17.69000,24600
2021-08-31,17.78500,17.87000,17.57500,17.84000,28400
2021-09-01,17.76000,17.79000,17.57500,17.69000,16600
2021-09-02,17.73000,17.75000,17.57000,17.74000,10000
2021-09-03,17.75000,17.75000,17.55500,17.55500,9600
2021-09-07,17.67000,17.67000,17.50500,17.50500,18600
2021-09-08,17.50000,17.62000,17.50000,17.50000,11000
2021-09-09,17.50000,17.62500,17.25000,17.25000,35000
2021-09-10,17.37500,17.41000,17.24000,17.24000,23600
2021-09-13,17.25000,17.56000,17.25000,17.40000,20000
2021-09-14,17.43500,17.60000,17.29000,17.35000,47000
2021-09-15,17.47500,17.54000,17.42500,17.50000,33400
2021-09-16,17.50000,17.58500,17.47500,17.57500,16800
2021-09-17,17.50500,17.57000,17.35500,17.43500,56800
2021-09-20,17.20000,17.39500,17.15500,17.16000,43000
2021-09-21,17.31500,17.59000,17.31500,17.50000,27600
2021-09-22,17.45500,17.55000,17.30500,17.35000,16400
2021-09-23,17.34000,17.53000,17.30000,17.41500,23800
2021-09-24,17.30000,17.50000,17.30000,17.50000,4600
2021-09-27,17.64500,17.67500,17.44500,17.46000,17400
2021-09-28,17.53000,17.53000,17.31000,17.36500,15600
2021-09-29,17.45000,17.65000,17.45000,17.54000,19200
2021-09-30,17.49000,17.67000,17.49000,17.50000,8800
2021-10-01,17.51500,17.58000,17.35000,17.35000,15200
2021-10-04,17.36000,17.39000,17.26000,17.26000,19200
2021-10-05,17.33000,17.44000,17.33000,17.35000,15200
2021-10-06,17.29000,17.42500,17.22500,17.29500,15800
2021-10-07,17.41000,17.54000,17.36000,17.36000,23200
2021-10-08,17.33500,17.57500,17.33500,17.46500,12000
2021-10-11,17.50000,17.60000,17.39500,17.39500,20600
2021-10-12,17.39500,17.58000,17.39000,17.50000,14200
2021-10-13,17.57500,17.58000,17.38500,17.50000,25600
2021-10-14,17.41000,17.60000,17.33000,17.58000,50800
2021-10-15,17.62500,18.11500,17.61500,17.63500,49200
2021-10-18,17.73500,17.73500,17.47000,17.57500,27800
2021-10-19,17.50000,17.63000,17.41500,17.48000,41400
2021-10-20,17.42000,17.52500,17.37500,17.37500,18000
2021-10-21,17.38000,17.55000,17.36000,17.36000,13600
2021-10-22,17.37500,17.46000,17.36000,17.37500,15800
2021-10-25,17.36000,17.42000,17.34500,17.36000,22000
2021-10-26,17.40000,17.42000,17.30500,17.30500,21800
2021-10-27,17.27500,17.35000,17.20000,17.20000,23600
2021-10-28,17.15000,17.35500,17.15000,17.34500,27000
2021-10-29,17.35000,17.56500,17.35000,17.41000,15400
2021-11-01,17.46000,17.57000,17.34000,17.50500,15400
2021-11-02,17.45500,17.55000,17.44500,17.49500,14400
2021-11-03,17.42500,17.72500,17.42500,17.45000,18000
2021-11-04,17.48000,17.87500,17.48000,17.87000,43400
2021-11-05,17.87500,18.60000,17.67000,18.60000,44400
2021-11-08,18.53000,18.53000,17.75500,18.11500,14800
2021-11-09,18.05000,18.12500,17.89500,18.09000,30400
2021-11-10,17.99500,18.04000,17.82000,17.83000,8400
2021-11-11,17.82000,17.82000,17.66500,17.78500,34800
2021-11-12,17.57500,17.65000,17.55000,17.55000,15200
2021-11-15,17.56500,17.56500,17.35000,17.49000,23000
2021-11-16,17.53000,17.71000,17.34000,17.55000,38200
2021-11-17,17.53500,17.53500,17.40000,17.40500,7400
2021-11-18,17.52500,17.59500,17.34000,17.46500,19800
2021-11-19,17.35500,17.48500,17.34000,17.34500,28200
2021-11-22,17.34500,17.64500,17.27500,17.27500,21800
2021-11-23,17.28000,17.56000,17.28000,17.44500,24800
2021-11-24,17.35000,17.44500,17.28000,17.44500,12800
2021-11-26,17.29500,17.37500,17.11500,17.11500,14000
2021-11-29,17.32500,17.46500,16.92000,16.92000,23200
2021-11-30,16.96000,17.14000,16.65000,16.65000,27400
2021-12-01,16.81500,16.99000,16.25000,16.40000,64800
2021-12-02,16.41500,16.66000,16.41500,16.46000,20400
2021-12-03,16.43000,16.53500,16.35500,16.47500,26200
2021-12-06,16.44500,16.62500,16.32000,16.40000,46000
2021-12-07,16.52000,16.64000,16.35500,16.47000,13400
2021-12-08,16.37000,16.86500,16.33000,16.69000,24200
2021-12-09,16.74000,16.90000,16.51000,16.65500,15200
2021-12-10,16.58000,16.66000,16.17000,16.23500,38400
2021-12-13,16.27500,16.48500,16.27500,16.32000,22400
2021-12-14,16.29500,16.38000,15.84000,15.95000,86200
2021-12-15,16.00000,16.17500,15.03500,15.13000,93200
2021-12-16,15.15000,15.40000,14.88500,15.11500,81200
2021-12-17,15.06500,15.29500,14.82000,15.09500,109400
2021-12-20,15.01500,15.14000,14.95000,15.14000,42600
2021-12-21,15.25000,15.56000,15.25000,15.55000,33000
2021-12-22,15.44000,15.81500,15.44000,15.76500,17600
2021-12-23,15.94000,16.05500,15.87500,16.05500,29600
2021-12-27,16.05500,16.16000,16.01000,16.05000,32800
2021-12-28,16.20000,16.23000,16.10000,16.18000,16400
2021-12-29,16.12500,16.42500,16.12500,16.42500,60000
2021-12-30,16.27500,16.38000,16.19500,16.33500,28400
2021-12-31,16.37000,16.42500,16.22000,16.36500,27000
2022-01-03,16.25000,16.42500,16.17500,16.28500,31800
2022-01-04,16.25000,16.77000,16.25000,16.36500,48400
2022-01-05,16.49000,17.57000,16.41500,17.19000,112000
2022-01-06,17.11000,17.54500,16.68500,17.16000,85600
2022-01-07,17.16000,17.85500,17.16000,17.39500,63000
2022-01-10,17.29000,17.74500,17.22000,17.64000,40000
2022-01-11,17.70000,17.75000,17.44500,17.53500,65600
2022-01-12,17.63500,17.67500,17.01000,17.13000,70000
2022-01-13,17.06500,17.48000,16.95500,17.01500,67200
2022-01-14,17.07500,17.58000,16.93000,17.24500,60800
2022-01-18,17.25000,17.25000,16.95500,16.99000,68800
2022-01-19,17.09000,17.11000,16.86500,16.91500,45600
2022-01-20,16.90000,17.22000,16.74000,16.75500,42800
2022-01-21,16.71500,17.24500,16.71500,17.04000,149800
2022-01-24,17.00000,17.17500,16.52000,17.06000,86200
2022-01-25,16.86500,17.03500,16.50000,16.90500,56000
2022-01-26,16.91500,17.01500,16.60000,16.69500,62800
2022-01-27,16.66000,16.93000,16.23500,16.35000,51600
2022-01-28,16.32000,16.55500,16.22000,16.51000,37800
2022-01-31,16.27000,17.08500,16.27000,17.01000,60200
2022-02-01,16.89500,16.94500,16.72500,16.89000,33600
2022-02-02,16.93000,16.93000,16.59500,16.68000,36800
2022-02-03,16.60000,16.60500,16.31500,16.33500,28800
2022-02-04,16.33500,16.46500,15.94500,16.19500,38600
2022-02-07,16.17500,16.48500,16.02500,16.27000,30200
2022-02-08,16.19500,16.27500,16.19500,16.24500,15000
2022-02-09,16.46000,16.46000,16.13500,16.26000,40600
2022-02-10,16.00000,16.17000,15.94000,16.12500,34000
2022-02-11,16.02500,16.16000,16.00000,16.08000,19000
2022-02-14,16.00000,16.00000,15.56500,15.61500,22400
2022-02-15,15.73000,15.80000,15.50500,15.53000,22600
2022-02-16,15.65500,15.92500,15.54500,15.69000,16400
2022-02-17,15.68000,15.70500,15.43500,15.48500,11200
2022-02-18,15.35500,15.71500,15.35500,15.53500,17400
2022-02-22,15.45000,15.51500,15.33000,15.39500,24200
2022-02-23,15.41000,15.55500,15.37500,15.42000,29800
2022-02-24,15.33000,15.33000,14.81000,15.15000,33000
2022-02-25,15.06000,15.82000,15.06000,15.49500,26800
2022-02-28,15.55500,15.55500,15.38500,15.44000,20200
2022-03-01,15.42000,15.42000,14.81000,14.81000,29200
2022-03-02,14.86500,15.15000,14.85000,15.03000,21800
2022-03-03,15.13500,15.13500,14.75500,14.84500,32200
2022-03-04,14.84500,14.99000,14.70000,14.74500,19400
2022-03-07,14.82000,14.89000,14.67500,14.67500,24000
2022-03-08,14.67500,14.67500,14.28500,14.41000,28200
2022-03-09,14.47000,14.83000,14.47000,14.68000,11800
2022-03-10,14.61000,14.61500,13.80000,14.04000,59400
2022-03-11,14.04500,14.04500,13.50000,13.50000,50000
2022-03-14,13.80500,13.80500,13.50000,13.67000,60800
2022-03-15,13.75500,14.09000,13.67500,13.91000,100800
2022-03-16,13.93000,14.72000,13.93000,14.61500,78400
2022-03-17,14.70000,15.09500,14.45000,14.58000,80200
2022-03-18,14.61000,14.75000,14.10500,14.35500,131600
2022-03-21,14.27000,14.56500,13.79000,13.97500,68200
2022-03-22,14.39000,14.39000,13.68500,13.87500,89200
2022-03-23,13.82500,13.99000,13.57500,13.64500,103200
2022-03-24,13.72500,13.93000,13.50000,13.67500,78400
2022-03-25,13.67500,13.89000,13.57500,13.77500,88600
2022-03-28,13.89000,14.51500,13.77500,14.45500,103800
2022-03-29,14.47000,14.92500,14.29500,14.32500,111200
2022-03-30,14.31000,14.47500,14.08500,14.16000,65000
2022-03-31,14.20000,14.39000,14.20000,14.32500,53000
2022-04-01,14.37000,14.71500,14.26500,14.64000,86000
2022-04-04,14.58000,14.80000,14.48000,14.57500,104000
2022-04-05,14.64500,14.78500,13.91500,13.98500,110000
2022-04-06,14.00500,14.06000,13.33500,13.48000,152800
2022-04-07,13.50000,13.70500,13.42000,13.66500,88000
2022-04-08,13.62500,13.86000,13.60500,13.76500,71800
2022-04-11,13.72500,13.92000,13.66000,13.70500,92400
2022-04-12,13.82500,13.93500,13.34500,13.58500,145600
2022-04-13,13.53500,13.80500,13.46500,13.61000,157800
2022-04-14,13.60000,13.80500,13.43500,13.53000,142600
2022-04-18,13.53000,13.63000,13.07000,13.11500,82000
2022-04-19,13.14500,13.30000,12.99000,13.20500,131600
2022-04-20,13.34000,13.52500,13.23500,13.45500,99800
2022-04-21,13.48000,13.50500,13.12500,13.14000,73200
2022-04-22,13.07500,13.15500,12.95000,13.07000,71400
2022-04-25,13.00500,13.05500,12.79000,12.98500,108800
2022-04-26,12.95500,12.95500,12.62500,12.70500,87800
2022-04-27,12.74000,12.75000,12.56500,12.64500,66400
2022-04-28,12.79000,12.79000,12.46500,12.64000,52600
2022-04-29,12.63500,12.66500,12.44500,12.47500,78400
2022-05-02,12.50000,12.51500,12.13000,12.28500,121600
2022-05-03,12.47500,12.61500,12.34000,12.50500,93800
2022-05-04,12.44500,12.61000,12.37500,12.52500,78800
2022-05-05,12.46500,12.51500,12.12500,12.50000,145000
2022-05-06,12.50000,12.62500,12.32500,12.47500,52200
2022-05-09,12.43500,12.72000,12.41500,12.66000,60600
2022-05-10,12.80000,13.04000,12.64500,12.93500,78800
2022-05-11,13.02000,13.36500,12.43500,12.48000,67400
2022-05-12,12.48000,12.48000,11.77500,12.25000,91400
2022-05-13,12.30500,12.45000,12.15000,12.36500,52600
2022-05-16,12.45000,12.45000,12.01000,12.11000,50000
2022-05-17,12.27000,12.53000,12.27000,12.51000,53400
2022-05-18,12.48000,12.50500,11.93000,12.23500,56800
2022-05-19,12.20500,12.20500,11.87500,11.99000,46600
2022-05-20,12.04500,12.04500,11.40000,11.49000,40800
2022-05-23,11.57500,11.96500,11.52000,11.79000,44000
2022-05-24,11.79500,11.88000,11.51500,11.80000,42400
2022-05-25,11.70000,11.83500,11.66000,11.81500,49800
2022-05-26,11.81000,12.03000,11.80500,11.96500,34600
2022-05-27,12.05500,12.10000,12.03500,12.06500,30000
2022-05-31,12.06500,12.08000,11.84000,11.88500,37600
2022-06-01,11.87500,12.01000,11.76500,11.77000,56000
2022-06-02,11.85500,12.01500,11.78500,11.95000,36600
2022-06-03,11.95000,12.44000,11.91500,12.38500,77200
2022-06-06,12.41500,12.85500,12.40000,12.44000,100800
2022-06-07,12.30500,12.95000,12.18000,12.69000,122400
2022-06-08,12.75000,12.91000,12.39500,12.75500,142000
2022-06-09,12.81500,13.33000,12.73500,13.07500,152800
2022-06-10,12.98500,13.55000,12.86500,13.50500,100600
2022-06-13,13.27500,13.78500,13.24000,13.27500,99000
2022-06-14,13.35000,13.71500,13.24000,13.42000,107000
2022-06-15,13.55500,13.71000,13.30000,13.30500,228000
2022-06-16,13.24000,13.29500,12.91000,12.96500,81200
2022-06-17,13.11000,13.20000,12.69500,13.14000,204600
2022-06-21,13.21000,13.64000,13.08000,13.62500,117800
2022-06-22,13.39500,14.60000,13.39500,14.48500,127800
2022-06-23,14.51000,14.74000,14.34500,14.74000,105000
2022-06-24,14.78500,15.88500,14.58500,15.88500,1581600
2022-06-27,15.70000,16.18500,15.50500,15.53500,240800
2022-06-28,15.55500,15.92000,15.41500,15.54000,76400
2022-06-29,15.49500,15.66500,15.43500,15.58500,113400
2022-06-30,15.50500,15.50500,15.16500,15.32500,43800
2022-07-01,15.22500,15.50500,15.01500,15.46500,53800
2022-07-05,15.40500,15.68500,15.32500,15.63000,78000
2022-07-06,15.70000,15.78500,15.15500,15.33000,22800
2022-07-07,15.32000,15.37000,15.05500,15.21500,28800
2022-07-08,15.13500,15.46500,14.93000,15.28500,20400
2022-07-11,15.14000,15.71500,15.14000,15.65000,41600
2022-07-12,15.51500,15.75000,15.51500,15.54500,28200
2022-07-13,15.58500,15.75500,15.44000,15.70000,27000
2022-07-14,15.50500,15.92000,15.30000,15.45000,36200
2022-07-15,15.48000,15.65500,15.47000,15.47000,24200
2022-07-18,15.50000,15.88500,15.50000,15.87500,25800
2022-07-19,16.01500,16.31500,15.91500,15.95500,34200
2022-07-20,16.02500,16.08500,15.66000,15.66000,14000
2022-07-21,15.77000,15.83500,15.46000,15.46000,28400
2022-07-22,15.48000,15.54000,15.27500,15.30000,12600
2022-07-25,15.29000,15.47500,15.14000,15.32000,25000
2022-07-26,15.08500,15.25000,14.95500,15.11000,17400
2022-07-27,14.99500,15.23500,14.87000,15.17500,17800
2022-07-28,15.00500,15.35500,14.85000,14.85000,29600
2022-07-29,14.90000,15.10000,14.88500,15.07000,8400
2022-08-01,15.00000,15.76500,15.00000,15.49000,48400
2022-08-02,15.50000,15.83500,15.11000,15.12500,24200
2022-08-03,14.60000,14.78500,13.59000,14.37000,58000
2022-08-04,14.51000,14.51000,13.91000,13.91000,21800
2022-08-05,14.00000,14.09500,13.77500,13.77500,31000
2022-08-08,13.91000,13.91000,13.80000,13.80000,14200
2022-08-09,13.80000,13.88500,13.23000,13.59000,37600
2022-08-10,13.61500,13.83500,13.59000,13.78500,15000
2022-08-11,13.77500,13.77500,13.35500,13.42500,17200
2022-08-12,13.29500,13.96000,13.25500,13.96000,28800
2022-08-15,13.75000,14.25000,13.75000,14.25000,16800
2022-08-16,14.07000,14.40000,13.91000,14.20500,33600
2022-08-17,14.25000,14.27500,14.05500,14.05500,7800
2022-08-18,14.19000,14.42000,14.09000,14.35500,8800
2022-08-19,14.35000,14.42500,14.17000,14.32500,17000
2022-08-22,14.32500,14.76000,14.27500,14.68000,33600
2022-08-23,14.56500,14.68500,14.31000,14.31000,11600
2022-08-24,14.41500,14.43000,13.80000,14.05000,15000
2022-08-25,14.08000,14.08000,13.65000,13.81500,14600
2022-08-26,13.95500,14.23000,13.72500,13.87500,20200
2022-08-29,13.81500,13.81500,13.61500,13.72000,8200
2022-08-30,13.66000,13.70000,13.51500,13.57000,5400
2022-08-31,13.57000,13.79500,13.35000,13.79500,30800
2022-09-01,13.49000,13.68500,13.36500,13.60000,11400
2022-09-02,13.53000,13.66000,13.44500,13.53500,5800
2022-09-06,13.65000,13.70000,13.28000,13.38000,18600
2022-09-07,13.25000,13.25000,13.05500,13.20000,9200
2022-09-08,13.08500,13.32000,12.74500,13.24500,9600
2022-09-09,13.20000,13.35000,13.20000,13.29000,7200
2022-09-12,13.40500,13.54000,13.15000,13.26500,16200
2022-09-13,13.05500,13.29500,12.94500,13.02500,10600
2022-09-14,12.96000,13.14500,12.70000,12.75500,14000
2022-09-15,12.74000,12.99500,12.70000,12.84000,8400
2022-09-16,12.84000,13.13000,12.74000,13.05500,40800
2022-09-19,12.96500,12.98500,12.50500,12.68000,18600
2022-09-20,12.80000,13.10000,12.65500,13.10000,19000
2022-09-21,13.09500,13.20500,13.00000,13.00500,9400
2022-09-22,12.93000,13.05000,12.63000,12.63000,8800
2022-09-23,12.75000,12.95500,12.01000,12.37500,24000
2022-09-26,12.20500,12.33500,11.94000,12.24500,18600
2022-09-27,12.15500,12.37500,12.00500,12.18500,15200
2022-09-28,12.37000,12.37000,12.07500,12.18500,12200
2022-09-29,12.20000,12.25500,12.03000,12.18500,13200
2022-09-30,12.65000,12.65000,12.06000,12.10000,21800
2022-10-03,12.39000,12.65000,12.16000,12.24500,15200
2022-10-04,12.19000,12.28500,11.97500,11.98000,20200
2022-10-05,11.95000,12.21500,11.81500,11.82000,20000
2022-10-06,11.55500,11.87500,11.40500,11.69500,27000
2022-10-07,11.62500,11.75000,11.10000,11.30000,42400
2022-10-10,11.35000,11.62500,11.32500,11.32500,17400
2022-10-11,11.48000,11.61000,11.17500,11.24500,28600
2022-10-12,11.26500,11.60000,11.26000,11.60000,9400
2022-10-13,11.58000,11.58000,11.07000,11.43500,47600
2022-10-14,12.09500,13.45500,12.00000,13.11500,138400
2022-10-17,13.25500,13.87500,13.19000,13.38500,27000
2022-10-18,13.58000,13.99000,13.47500,13.68500,30000
2022-10-19,13.65000,13.94500,13.30000,13.75500,12600
2022-10-20,13.75500,13.95000,13.45000,13.50000,30400
2022-10-21,13.69500,13.88500,13.40000,13.58500,21000
2022-10-24,13.50000,14.12000,13.29000,13.89500,23000
2022-10-25,13.83000,13.95500,13.40500,13.56500,14000
2022-10-26,13.56000,14.07500,13.27000,13.78000,28200
2022-10-27,14.05500,14.05500,13.69000,13.89500,11600
2022-10-28,13.92000,15.15000,13.92000,15.08500,49800
2022-10-31,14.97000,15.40000,14.76500,14.76500,23800
2022-11-01,14.88000,15.18000,14.85000,14.89000,29800
2022-11-02,14.94500,15.11500,14.70000,14.78000,29200
2022-11-03,14.83000,15.37000,14.66500,15.30000,16000
2022-11-04,15.35500,15.35500,14.95500,15.14500,10400
2022-11-07,15.00000,15.30500,15.00000,15.12000,7800
2022-11-08,15.17000,16.17500,15.17000,16.08500,31200
2022-11-09,15.59500,15.91500,15.37500,15.91500,25000
2022-11-10,15.73500,15.92000,15.41500,15.62500,9800
2022-11-11,15.50000,15.75000,15.42500,15.72000,12800
2022-11-14,15.50000,16.19000,15.24500,15.89000,15200
2022-11-15,15.90500,16.02500,15.53000,16.02500,24000
2022-11-16,15.75000,16.00500,15.54000,15.87000,7800
2022-11-17,15.78500,16.00500,15.69000,15.77500,8000
2022-11-18,15.55000,15.87500,15.55000,15.74500,6200
2022-11-21,15.85000,16.16500,15.32500,16.07500,7400
2022-11-22,16.22000,16.22000,15.99000,16.11500,13400
2022-11-23,16.22500,16.22500,15.72000,16.10000,8200
2022-11-25,16.15500,16.15500,15.98500,16.09000,2800
2022-11-28,15.97500,16.23000,15.85000,16.22500,22200
2022-11-29,16.21500,16.21500,15.82500,16.17000,9200
2022-11-30,16.15500,16.35000,16.13500,16.35000,27600
2022-12-01,16.37500,16.37500,16.20500,16.25000,14000
2022-12-02,16.25000,16.25000,15.99000,16.25000,6600
2022-12-05,16.28500,16.28500,15.79000,16.25000,12400
2022-12-06,16.08500,16.41500,15.99000,16.27000,10200
2022-12-07,16.42000,17.10000,16.40500,17.06000,43600
2022-12-08,17.30000,17.30500,16.78500,17.21000,21200
2022-12-09,17.29000,17.29000,16.75000,16.75000,53000
2022-12-12,16.91500,17.16000,16.60000,16.73500,13800
2022-12-13,16.70500,16.83000,16.00000,16.03000,43000
2022-12-14,16.00500,16.35000,16.00500,16.10000,22800
2022-12-15,16.35000,16.41500,15.95000,16.08500,15600
2022-12-16,15.88000,16.23500,15.88000,16.11000,15600
2022-12-19,16.16000,16.35000,16.16000,16.24500,8800
2022-12-20,16.38000,16.69000,16.38000,16.40500,10000
2022-12-21,16.61000,16.93000,16.51000,16.51000,9200
2022-12-22,16.65000,16.72000,16.43500,16.44000,10400
2022-12-23,16.56500,16.64000,16.32000,16.32000,6000
2022-12-27,16.41500,16.83500,16.41500,16.72000,5600
2022-12-28,16.82500,16.93500,16.37000,16.47000,9400
2022-12-29,16.61000,16.80000,16.50000,16.66500,12800
2022-12-30,16.74500,16.91000,16.34000,16.77000,5600
2023-01-03,16.75000,17.06500,16.72500,16.91000,25800
2023-01-04,16.80000,17.05000,16.71000,16.92000,17600
2023-01-05,17.07000,17.20500,16.70000,17.20500,15000
2023-01-06,17.07000,17.35000,16.99500,17.35000,13200
2023-01-09,17.35000,17.65000,17.29000,17.43000,44000
2023-01-10,17.49000,17.56000,17.26500,17.50000,21200
2023-01-11,17.57000,17.57000,17.45500,17.51000,16600
2023-01-12,17.50000,17.92500,17.50000,17.53500,49000
2023-01-13,17.52500,17.69500,17.30500,17.60500,32200
2023-01-17,17.19000,17.72000,17.19000,17.59000,14000
2023-01-18,17.50000,17.57000,17.27500,17.54500,9400
2023-01-19,17.47000,17.65000,17.30000,17.65000,15200
2023-01-20,17.52500,17.70000,17.52500,17.68500,12800
2023-01-23,17.67500,17.67500,17.35000,17.43500,12400
2023-01-24,17.30000,17.52500,17.20500,17.39500,13800
2023-01-25,17.29000,17.47000,17.21000,17.47000,5200
2023-01-26,17.47500,17.52500,17.30000,17.52500,67800
2023-01-27,17.29000,17.72000,17.13500,17.71500,29600
2023-01-30,17.72500,18.02000,17.61500,17.89500,44600
2023-01-31,17.96500,18.14500,17.66000,18.14500,35600
2023-02-01,18.17500,18.39000,18.12500,18.26500,32600
2023-02-02,18.37000,18.48500,18.11500,18.43000,22000
2023-02-03,18.15500,18.66500,18.15500,18.65000,17200
2023-02-06,18.55000,18.80000,18.52000,18.70000,27800
2023-02-07,18.75500,19.17500,18.60000,18.98000,73200
2023-02-08,19.00000,19.22000,18.92500,19.05000,34400
2023-02-09,19.09000,19.09000,18.78000,18.88000,16600
2023-02-10,18.91500,19.09500,18.73000,18.86000,23000
2023-02-13,18.87500,19.11500,18.69000,18.83000,25000
2023-02-14,18.92000,18.94000,18.65000,18.74500,14200
2023-02-15,18.77500,18.98500,18.70000,18.77500,10600
2023-02-16,18.32500,18.65500,18.32500,18.59500,12800
2023-02-17,18.31000,18.61000,18.31000,18.51000,10600
2023-02-21,18.57000,18.57000,18.09500,18.14500,11400
2023-02-22,18.09500,18.41500,18.09500,18.34500,10800
2023-02-23,18.79500,18.79500,18.34500,18.78500,18000
2023-02-24,18.57000,18.57000,18.26000,18.47000,12200
2023-02-27,18.90000,19.06000,18.55500,18.93500,35000
2023-02-28,18.89000,18.89000,18.56000,18.71500,15200
2023-03-01,18.72500,18.72500,18.52500,18.67000,12000
2023-03-02,18.67000,18.93500,18.61500,18.73500,34600
2023-03-03,18.33000,19.10000,18.33000,19.10000,26600
2023-03-06,19.10500,19.10500,18.71500,18.86500,18000
2023-03-07,18.92000,19.16000,18.76500,18.80500,34400
2023-03-08,18.77500,19.21500,18.76500,19.05500,32800
2023-03-09,18.50000,19.60000,18.50000,19.53000,66200
2023-03-10,19.60000,20.14000,19.03000,20.07000,48800
2023-03-13,20.15500,20.42500,19.81500,19.98500,52200
2023-03-14,20.12000,20.28000,19.87500,19.89000,31800
2023-03-15,19.78500,19.94000,19.59000,19.59000,27400
2023-03-16,19.94500,20.22500,19.79500,20.14500,40600
2023-03-17,20.23000,20.23000,18.76000,18.86000,86200
2023-03-20,18.94000,19.52500,18.81000,19.24500,54200
2023-03-21,18.93000,19.25000,18.63500,18.82500,70200
2023-03-22,18.98500,18.98500,17.93500,17.94500,123800
2023-03-23,17.92000,18.85500,17.31500,18.62500,210000
2023-03-24,18.82000,18.88500,18.01000,18.49500,97800
2023-03-27,18.73000,19.52500,18.56500,19.25000,69000
2023-03-28,19.24000,19.24000,18.00500,18.63000,73600
2023-03-29,18.63000,19.15500,18.63000,19.02500,55200
2023-03-30,19.25000,19.71500,19.07000,19.36500,26000
2023-03-31,19.60500,21.01000,19.60500,20.80500,53600
2023-04-03,20.57000,21.13000,20.11000,21.12500,42000
2023-04-04,20.92000,20.96000,20.31000,20.54000,22600
2023-04-05,20.48000,20.74000,20.22500,20.46000,30600
2023-04-06,20.53000,20.84000,20.34500,20.47000,28800
2023-04-10,20.31000,21.17500,20.26500,20.50000,48400
2023-04-11,20.45000,20.93500,20.45000,20.83000,63600
2023-04-12,20.75000,21.56000,20.73500,21.54500,51000
2023-04-13,21.32000,21.48000,20.94000,21.40500,36400
2023-04-14,21.32500,21.32500,20.41500,20.44500,74800
2023-04-17,20.58500,20.79500,20.39500,20.49000,30600
2023-04-18,20.35500,21.47500,20.22000,21.22500,106600
2023-04-19,21.21000,21.69500,21.20000,21.65000,21000
2023-04-20,21.30500,21.98500,21.22500,21.96500,44000
2023-04-21,21.77500,22.47000,21.70000,22.08500,90200
2023-04-24,22.08000,22.47000,21.66000,22.47000,50400
2023-04-25,22.47500,22.79500,21.18500,21.31000,88400
2023-04-26,21.31000,21.66000,21.16500,21.46000,35200
2023-04-27,21.50000,21.55000,20.91500,21.21500,17000
2023-04-28,21.03000,21.35500,20.66000,21.19000,32800
2023-05-01,21.07500,21.13500,20.53500,21.13500,32000
2023-05-02,20.87500,21.44000,20.39000,21.29500,20600
2023-05-03,21.08000,21.73000,20.87000,21.52000,32800
2023-05-04,21.40500,21.40500,20.85000,21.12000,24200
2023-05-05,21.27000,21.28500,20.85500,21.02000,22600
2023-05-08,21.02000,21.03500,20.52500,20.90500,27400
2023-05-09,20.62000,20.83500,19.99000,20.63000,17800
2023-05-10,20.64500,20.99500,20.05000,20.12000,22000
2023-05-11,19.94500,20.15000,19.62000,20.09500,20800
2023-05-12,20.15000,20.46500,19.92500,20.27500,18200
2023-05-15,20.14000,20.57500,20.05500,20.57500,23800
2023-05-16,20.30500,20.35000,19.76000,20.01500,38400
2023-05-17,19.94000,20.76000,19.87500,20.64000,23000
2023-05-18,20.54500,20.63500,19.93000,20.17000,30800
2023-05-19,20.38500,20.58000,19.90000,20.44000,26600
2023-05-22,20.43500,20.44500,19.11000,19.13000,59200
2023-05-23,19.10000,19.63000,19.00000,19.43500,35800
2023-05-24,19.41000,19.41500,18.90500,18.97000,25800
2023-05-25,18.97500,19.51000,18.83000,19.18500,30400
2023-05-26,19.26000,19.55000,19.03000,19.13000,21600
2023-05-30,19.13000,19.13500,18.55000,18.77000,32200
2023-05-31,18.57000,19.19000,18.42000,18.98500,16200
2023-06-01,18.80500,19.28000,18.71000,18.94000,35000
2023-06-02,19.07500,19.98000,18.97500,19.78000,37000
2023-06-05,19.94000,19.94000,18.93000,19.14500,33600
2023-06-06,19.49500,19.53500,19.18500,19.43000,43400
2023-06-07,19.40000,19.92000,19.28000,19.63500,41000
2023-06-08,19.75500,20.35500,19.73000,20.27500,44200
2023-06-09,22.42000,23.54500,22.12500,23.53500,224400
2023-06-12,24.31000,26.36000,24.25000,25.33500,209600
2023-06-13,25.04500,25.50000,24.81000,25.05000,142000
2023-06-14,24.90000,25.33500,24.65500,24.93000,151800
2023-06-15,24.84500,25.46500,24.84500,25.41000,86600
2023-06-16,25.21500,27.48500,25.06500,27.45500,214000
2023-06-20,27.46500,28.95000,27.23500,28.71000,164200
2023-06-21,28.66500,29.14500,28.17500,28.17500,151800
2023-06-22,27.92000,29.17000,27.63000,28.11500,128600
2023-06-23,28.24000,28.92000,26.32000,26.97500,1390000
2023-06-26,26.96500,28.72500,26.88000,28.47000,174600
2023-06-27,28.34500,29.56000,28.34500,28.72000,111000
2023-06-28,28.61500,29.50000,28.61500,29.19500,103800
2023-06-29,29.20000,29.59500,28.71000,29.24500,83600
2023-06-30,29.45500,30.00000,28.94000,29.49500,267800
2023-07-03,29.50000,29.72000,29.26000,29.57000,42200
2023-07-05,29.58000,30.41000,29.30500,30.33000,85800
2023-07-06,30.03000,31.13500,29.64000,30.97500,137200
2023-07-07,31.00000,32.00000,30.89500,31.46000,113800
2023-07-10,31.54000,31.95000,30.78500,30.97000,107200
2023-07-11,31.00000,31.75000,31.00000,31.39500,98200
2023-07-12,31.44000,31.52500,31.02500,31.26500,81600
2023-07-13,31.27500,31.75500,31.03500,31.71000,63600
2023-07-14,31.93000,31.93000,31.15000,31.23000,68800
2023-07-17,31.07500,31.50500,31.07500,31.15500,108200
2023-07-18,30.97000,31.39500,30.58500,31.04000,126800
2023-07-19,30.99500,31.82000,30.82500,31.82000,78400
2023-07-20,31.75000,32.05500,31.31500,31.88500,75200
2023-07-21,31.88500,31.99500,31.28500,31.54500,54800
2023-07-24,31.53500,31.88000,31.33000,31.67000,47400
2023-07-25,31.58000,31.93500,31.26500,31.42500,47400
2023-07-26,31.47000,32.03500,31.47000,32.03000,63000
2023-07-27,32.04000,32.37500,31.51500,31.77500,45200
2023-07-28,31.77500,32.07500,31.77500,31.81000,26800
2023-07-31,31.80000,31.95000,31.22500,31.38500,59600
2023-08-01,31.22500,32.08500,31.22500,31.94500,54800
2023-08-02,32.00000,32.27000,31.74000,31.80500,30200
2023-08-03,31.79500,32.30500,31.75500,31.85500,20200
2023-08-04,31.80000,31.96000,31.43500,31.85000,45200
2023-08-07,31.92500,32.08500,31.73000,31.84500,39400
2023-08-08,31.83500,32.26500,31.73000,32.16000,45000
2023-08-09,32.02500,32.34500,31.80000,32.00000,57400
2023-08-10,32.00500,32.30500,31.67500,32.06500,75400
2023-08-11,32.00000,32.30500,31.77500,32.03500,46600
2023-08-14,31.59500,32.51000,31.45000,32.49500,151200
2023-08-15,32.59000,34.26500,32.59000,33.71500,108800
2023-08-16,33.70000,34.54500,33.58000,34.22000,77000
2023-08-17,34.44000,34.44000,32.71000,33.04500,51400
2023-08-18,32.77500,33.76500,32.26500,33.55000,73200
2023-08-21,33.86500,34.06000,33.13500,33.77000,41400
2023-08-22,33.57500,33.85500,33.57500,33.68000,23600
2023-08-23,33.93000,33.93500,33.65000,33.85500,31200
2023-08-24,33.63000,34.13500,33.63000,33.64500,40400
2023-08-25,33.87500,34.20000,33.64500,33.83000,28000
2023-08-28,33.71000,34.13000,33.30500,33.53500,28400
2023-08-29,33.28500,33.59500,33.00000,33.52000,46200
2023-08-30,33.71500,33.84500,33.35000,33.74500,37000
2023-08-31,33.82500,34.13000,33.57000,33.70000,20400
2023-09-01,33.54500,33.82000,33.22500,33.62000,36600
2023-09-05,33.49500,33.49500,31.82000,32.12000,65200
2023-09-06,32.09500,32.16000,31.41500,31.89500,43000
2023-09-07,32.07500,32.07500,31.60000,31.67500,37200
2023-09-08,31.91000,31.91000,31.34500,31.51500,30000
2023-09-11,31.52000,32.06500,30.55500,30.67000,57400
2023-09-12,30.67000,31.10000,30.50000,30.77000,35800
2023-09-13,30.70500,30.70500,29.94500,30.18000,53600
2023-09-14,29.87000,30.90000,29.87000,30.66500,56200
2023-09-15,30.90000,32.56000,30.55000,32.52000,139400
2023-09-18,32.50500,32.72500,31.42500,31.57000,35400
2023-09-19,31.53000,32.41500,31.34000,32.16000,30800
2023-09-20,32.43500,33.11500,31.86000,31.92000,46800
2023-09-21,31.55500,32.34000,31.03000,31.11500,26000
2023-09-22,31.39500,32.16500,30.90500,31.37500,36200
2023-09-25,31.38500,31.38500,31.00500,31.28000,19800
2023-09-26,31.16500,31.48000,31.00000,31.24000,30200
2023-09-27,31.07500,31.07500,29.83000,30.50500,40400
2023-09-28,30.31000,30.94500,30.16500,30.76500,22000
2023-09-29,31.05500,31.05500,30.45000,30.87500,34000
2023-10-02,30.81500,30.81500,30.19000,30.30500,30000
2023-10-03,30.30500,30.72000,30.12500,30.29000,28200
2023-10-04,30.32000,31.00000,30.14000,30.79500,35400
2023-10-05,30.65000,32.58500,30.65000,32.58500,65000
2023-10-06,32.24000,32.73500,31.53000,31.86500,65200
2023-10-09,31.86500,31.86500,31.22500,31.42500,30400
2023-10-10,31.47000,31.94500,31.39500,31.84000,23600
2023-10-11,31.76500,31.76500,31.35500,31.48500,28200
2023-10-12,31.50000,31.60000,30.31000,31.02500,49400
2023-10-13,32.00000,32.85000,27.88000,28.38500,107000
2023-10-16,28.51000,29.77500,28.42000,28.67500,99600
2023-10-17,28.89000,29.63500,28.28500,29.32500,81800
2023-10-18,29.03000,29.29000,28.54000,28.77000,32600
2023-10-19,28.59000,28.75000,28.27000,28.43500,27800
2023-10-20,28.43500,29.00000,28.39500,28.64000,31200
2023-10-23,28.35000,28.62500,28.18500,28.40500,21600
2023-10-24,28.41000,28.90000,28.41000,28.77000,32600
2023-10-25,28.66000,28.66000,27.97000,28.15500,24800
2023-10-26,28.19500,28.54500,27.70500,27.95500,93800
2023-10-27,27.96000,28.52000,27.71500,28.03000,28200
2023-10-30,28.06000,28.74500,27.40000,28.68000,46000
2023-10-31,28.75000,29.15500,28.56500,28.64000,24200
2023-11-01,28.85500,28.85500,28.17000,28.36000,16400
2023-11-02,28.20000,29.14000,27.58500,28.51500,27000
2023-11-03,28.98000,28.98000,28.37000,28.65000,23800
2023-11-06,28.65500,29.22500,28.43000,28.98000,28800
2023-11-07,28.90000,29.38500,28.90000,29.31500,23800
2023-11-08,29.98000,29.98000,29.12500,29.21500,16400
2023-11-09,28.92500,29.30500,28.87500,28.93000,18200
2023-11-10,28.98500,29.32000,28.60000,28.80500,26200
2023-11-13,28.88000,29.63500,27.77500,29.26500,22000
2023-11-14,29.84000,29.99500,28.69000,29.87000,66800
2023-11-15,29.56500,30.53000,29.33000,29.45000,31600
2023-11-16,29.50500,29.61500,28.62500,28.81500,43000
2023-11-17,29.04000,29.41500,28.73500,28.91500,40600
2023-11-20,29.00000,29.23000,28.50500,28.92500,28600
2023-11-21,28.96500,29.37500,28.46500,28.55500,29600
2023-11-22,28.83000,29.40500,28.83000,29.02500,24800
2023-11-24,28.77500,29.23000,28.77500,28.89000,13400
2023-11-27,28.90000,29.07000,28.65000,28.71500,20200
2023-11-28,28.80500,28.99000,28.50500,28.50500,16600
2023-11-29,28.55000,28.79000,28.39500,28.45000,23400
2023-11-30,28.45000,28.54500,28.25500,28.38000,15200
2023-12-01,28.26000,28.87500,27.91000,28.00000,37400
2023-12-04,28.30500,28.98000,27.52500,27.75500,55200
2023-12-05,27.75500,29.18500,27.45500,29.09500,58000
2023-12-06,29.13500,29.13500,28.60000,28.69000,25400
2023-12-07,28.53500,28.94000,28.41000,28.63000,26200
2023-12-08,28.64000,29.51500,28.64000,29.51500,31200
2023-12-11,29.59500,29.59500,29.09000,29.45500,39400
2023-12-12,30.29500,33.04500,30.29500,32.34000,89000
2023-12-13,32.12500,34.96500,31.73000,34.68500,53600
2023-12-14,34.50000,35.75000,33.95500,34.81500,53400
2023-12-15,34.67000,34.75000,33.48000,34.44500,81600
2023-12-18,34.44500,35.54500,34.32500,34.54000,44200
2023-12-19,34.88000,36.13500,34.88000,35.85500,40000
2023-12-20,35.64500,36.70500,35.64500,35.79500,40000
2023-12-21,36.10000,36.75000,36.10000,36.67500,28200
2023-12-22,36.38000,36.38000,34.73000,34.98500,61800
2023-12-26,35.29500,35.29500,34.36500,34.70500,35200
2023-12-27,34.50000,34.84500,34.25000,34.83000,29000
2023-12-28,34.64500,34.73500,34.39000,34.58500,28400
2023-12-29,34.47500,34.47500,32.69000,33.54000,152800
2024-01-02,33.85000,34.56000,33.83000,34.48500,36400
2024-01-03,34.57500,34.95000,33.95500,33.98000,48400
2024-01-04,34.32500,34.44500,33.85500,34.04500,27600
2024-01-05,33.70500,34.46000,33.60000,33.62500,45000
2024-01-08,33.34500,33.75500,33.25000,33.65000,20600
2024-01-09,33.26500,33.91500,33.25000,33.65000,24200
2024-01-10,33.53000,34.27000,33.25000,33.48000,35400
2024-01-11,32.99000,33.46000,32.83500,33.42500,22600
2024-01-12,33.42500,33.89000,33.31500,33.69500,20800
2024-01-16,33.24000,33.42500,33.01500,33.42500,26000
2024-01-17,33.00000,33.78000,32.90000,33.71000,19600
2024-01-18,33.75000,34.09500,33.35000,33.92000,18600
2024-01-19,34.03000,34.03000,32.94500,33.08000,33000
2024-01-22,33.15000,34.13000,33.13500,33.92500,29000
2024-01-23,34.19500,34.19500,33.08500,33.14500,30000
2024-01-24,33.51500,35.21000,33.11500,34.58500,44600
2024-01-25,34.60000,35.23500,34.50500,35.10000,28800
2024-01-26,35.44500,35.44500,33.32000,33.45000,18400
2024-01-29,33.50000,33.50500,33.15500,33.44500,16800
2024-01-30,33.46500,33.56000,33.10000,33.26000,10800
2024-01-31,33.26500,33.26500,32.43000,32.48000,43400
2024-02-01,32.69000,32.87500,32.02500,32.87000,19000
2024-02-02,32.42000,32.50000,32.08000,32.24000,19800
2024-02-05,32.08000,32.28500,31.46000,32.07500,23400
2024-02-06,31.83000,31.83000,31.28000,31.61000,14400
2024-02-07,31.75000,32.66500,31.75000,32.26000,23600
2024-02-08,32.53000,33.37500,32.53000,32.95000,12200
2024-02-09,32.96000,33.16500,32.58000,32.88000,31600
2024-02-12,32.66500,35.31500,32.66500,34.86000,28800
2024-02-13,34.26500,34.88500,32.47500,32.73500,51000
2024-02-14,33.21000,33.70500,32.44000,33.67000,21800
2024-02-15,33.94500,34.61500,33.56500,34.57500,26800
2024-02-16,34.57500,34.97500,34.57500,34.83000,20800
2024-02-20,34.99500,34.99500,33.50000,33.62000,24600
2024-02-21,33.62500,33.62500,33.29000,33.45000,14600
2024-02-22,33.33000,33.57500,33.33000,33.50000,14800
2024-02-23,33.32500,33.64500,32.51500,33.36500,27000
2024-02-26,33.76000,35.40000,33.44500,34.93500,32200
2024-02-27,35.27500,35.27500,34.81500,34.81500,19000
2024-02-28,34.52000,35.41000,34.52000,35.25500,8200
2024-02-29,35.74500,35.85000,35.00000,35.64500,14200
2024-03-01,35.64500,35.86000,35.45000,35.59000,14000
2024-03-04,35.33500,36.45000,35.33500,36.20000,18800
2024-03-05,36.38500,36.83000,35.87500,36.00500,18800
2024-03-06,36.01000,37.02500,35.93000,35.93000,48800
2024-03-07,35.99500,37.02500,35.99500,36.89500,31600
2024-03-08,37.55000,38.75000,35.35000,35.54500,72600
2024-03-11,35.19500,35.38000,34.45500,34.98000,28800
2024-03-12,34.73000,36.23000,34.69500,35.92500,23600
2024-03-13,35.75000,35.75000,35.16500,35.43000,14400
2024-03-14,35.35000,35.69500,34.81000,35.00000,29600
2024-03-15,34.62500,35.46000,34.50000,35.34500,84600
2024-03-18,34.75500,35.34000,34.09500,34.74000,43600
2024-03-19,34.40500,35.51000,34.40500,35.15500,17600
2024-03-20,34.90000,36.10000,34.90000,36.10000,29600
2024-03-21,36.00000,37.50000,35.76000,37.21000,30800
2024-03-22,37.49500,37.49500,36.50000,36.81000,39200
2024-03-25,37.26000,37.35500,36.81500,36.83500,20200
2024-03-26,36.95000,39.04500,36.46000,38.02500,56800
2024-03-27,38.46000,38.46000,37.25000,37.51500,35800
2024-03-28,37.84500,37.84500,36.81500,37.28000,29400
2024-04-01,37.54500,37.55000,36.45500,36.49500,27000
2024-04-02,36.45000,36.45000,35.50000,36.00500,21200
2024-04-03,35.62500,36.48000,35.62500,36.05000,39200
2024-04-04,36.46500,36.46500,35.04500,35.25000,44000
2024-04-05,35.04500,35.75000,35.02500,35.50000,27800
2024-04-08,36.21000,36.21000,35.39000,35.46000,16200
2024-04-09,35.69000,35.75500,35.28000,35.38000,15400
2024-04-10,35.00000,35.45500,34.81000,35.12000,42000
2024-04-11,35.46000,35.46000,34.74000,34.96500,43800
2024-04-12,34.93500,35.16000,34.20500,34.51500,30600
2024-04-15,34.50000,34.79500,34.30500,34.50000,31000
2024-04-16,34.45500,35.10000,34.40500,34.69000,31400
2024-04-17,35.22500,35.83500,35.05500,35.25500,39600
2024-04-18,34.95500,34.95500,33.95500,34.14000,39800
2024-04-19,33.90000,34.57000,33.78000,34.53000,19600
2024-04-22,35.39500,35.59000,34.80000,34.80000,21800
2024-04-23,35.25000,35.44500,35.10000,35.29500,36800
2024-04-24,34.91500,35.01000,34.50000,34.71500,43400
2024-04-25,34.61500,34.61500,33.82500,33.85000,22400
2024-04-26,34.63500,34.63500,34.01000,34.37500,20400
2024-04-29,34.50000,35.02500,34.50000,34.80000,23400
2024-04-30,34.84500,34.84500,34.38500,34.62500,22200
2024-05-01,34.91000,35.58000,34.40500,35.41000,29400
2024-05-02,35.67500,36.73000,35.60500,36.69000,29200
2024-05-03,36.75500,39.69000,36.60000,38.41000,69400
2024-05-06,38.41000,39.50000,38.41000,38.90500,43000
2024-05-07,38.79000,38.87500,38.19000,38.19000,31800
2024-05-08,38.52000,40.42500,38.44000,40.24500,47000
2024-05-09,40.23500,41.18500,40.16000,41.05000,60000
2024-05-10,41.26000,41.73000,40.82500,41.12500,53400
2024-05-13,41.49000,41.49000,39.14500,39.17000,42600
2024-05-14,39.67500,40.18000,39.11000,40.09000,15200
2024-05-15,40.49000,40.49000,39.69000,39.88500,23400
2024-05-16,39.78500,39.95000,39.75000,39.80500,12800
2024-05-17,40.12000,40.98000,39.28500,40.83000,92600
2024-05-20,41.25000,41.25000,40.25500,40.25500,41000
2024-05-21,40.20000,41.36000,39.85000,41.21500,53200
2024-05-22,41.16500,41.16500,40.15000,40.57500,65200
2024-05-23,40.90500,41.12500,40.08000,40.51000,71400
2024-05-24,40.99000,41.36000,40.61000,40.87000,15600
2024-05-28,40.55500,41.43500,40.55500,41.25500,27400
2024-05-29,41.21500,41.56500,41.04000,41.30500,26600
2024-05-30,41.56500,42.40000,41.16000,41.19000,36200
2024-05-31,41.25000,41.78000,40.85000,41.78000,102600
2024-06-03,42.13000,43.66000,42.13000,42.86500,51800
2024-06-04,42.45000,42.65000,41.62000,41.78500,27000
2024-06-05,42.34000,42.34000,41.45000,41.57500,47600
2024-06-06,41.50000,42.50000,41.12000,41.47000,35400
2024-06-07,39.00000,39.12500,34.00500,35.06500,102800
2024-06-10,35.06500,35.50500,34.08000,35.38500,60800
2024-06-11,35.13000,36.03500,34.88000,35.85500,31200
2024-06-12,36.31500,36.69500,36.00000,36.04500,45800
2024-06-13,36.03000,36.03000,34.57500,34.68000,18200
2024-06-14,34.73000,34.73000,33.37000,33.44500,46800
2024-06-17,33.20500,33.20500,32.32500,32.78000,42600
2024-06-18,32.53500,33.44500,32.48000,32.74000,56600
2024-06-20,33.06000,33.32500,32.07000,32.09000,25400
2024-06-21,31.91500,31.91500,30.70500,31.26000,95600
2024-06-24,31.26000,32.36000,31.04500,31.79500,68400
2024-06-25,32.03000,32.03000,31.26000,31.43000,30600
2024-06-26,31.13000,32.04000,31.05000,31.46500,81400
2024-06-27,31.80000,32.68000,31.80000,32.10000,56000
2024-06-28,32.39500,32.39500,31.18500,32.04500,532600
2024-07-01,32.06000,32.25000,31.04500,31.10000,75400
2024-07-02,31.00000,31.42500,30.76500,30.85000,47000
2024-07-03,30.82000,30.86000,30.50000,30.83000,26000
2024-07-05,30.70500,30.79000,30.15000,30.46000,50000
2024-07-08,30.25500,31.22000,30.25500,30.51000,34200
2024-07-09,30.50000,30.50500,29.71000,29.90000,26800
2024-07-10,29.95500,30.08000,29.47500,29.70000,65800
2024-07-11,30.27500,31.43500,30.27500,31.11000,59400
2024-07-12,31.42500,32.01000,31.03000,31.14500,67600
2024-07-15,31.41000,31.57000,30.95000,31.00000,59000
2024-07-16,31.17000,32.38000,31.17000,32.05500,62800
2024-07-17,32.04000,32.68000,31.99500,32.10000,36600
2024-07-18,31.99500,32.44000,31.95500,32.05500,41000
2024-07-19,32.36000,32.44500,31.05000,31.23000,46000
2024-07-22,31.00000,32.08000,30.94500,31.92500,35200
2024-07-23,31.76500,32.68000,31.76500,32.30000,31800
2024-07-24,32.18000,32.75000,31.85500,31.89000,29400
2024-07-25,32.15000,33.15000,32.05000,32.61500,41000
2024-07-26,33.15500,33.20500,32.88000,33.14000,25400
2024-07-29,33.00000,33.00000,32.09000,32.30000,30600
2024-07-30,32.12500,32.34000,31.75500,32.24500,22000
2024-07-31,32.36000,33.01500,32.05000,32.55000,70200
2024-08-01,32.55000,32.79000,30.98500,31.80500,72400
2024-08-02,31.75500,33.05000,31.75500,32.53000,86000
2024-08-05,32.05000,32.78000,31.50000,31.89500,62400
2024-08-06,31.65500,32.15000,31.39000,31.69500,41400
2024-08-07,32.07500,32.12500,31.62500,31.73000,32400
2024-08-08,32.08000,32.08000,31.75000,31.98000,15000
2024-08-09,31.96500,32.01500,31.50000,31.79500,28800
2024-08-12,31.80500,31.83000,31.11500,31.16500,23600
2024-08-13,31.42000,32.07000,31.39500,32.07000,23600
2024-08-14,31.99000,32.42500,31.40000,32.22000,29200
2024-08-15,32.44000,32.98000,32.25000,32.49000,37200
2024-08-16,32.45000,32.45000,32.07500,32.13000,51800
2024-08-19,32.13000,33.15000,32.13000,33.02000,42800
2024-08-20,33.22500,33.22500,32.25000,32.55000,31200
2024-08-21,32.81500,32.87000,32.50000,32.67500,28200
2024-08-22,32.57000,32.61000,32.36500,32.49500,19800
2024-08-23,32.75500,34.69000,32.61000,34.54000,49000
2024-08-26,34.87000,34.87000,34.02500,34.02500,26800
2024-08-27,34.00000,34.22000,33.93000,33.93000,14000
2024-08-28,33.63000,33.89500,32.99000,33.65000,49800
2024-08-29,33.46500,34.35000,33.46500,33.88000,37800
2024-08-30,33.70500,34.29000,33.70500,34.09500,27200
2024-09-03,34.01500,34.01500,32.98500,33.03000,22400
2024-09-04,33.14000,33.14500,32.57000,32.60500,24000
2024-09-05,32.60500,32.99000,32.60000,32.81500,22200
2024-09-06,32.57000,32.85000,32.25500,32.26000,18400
2024-09-09,32.32000,32.50500,32.06000,32.20000,27200
2024-09-10,32.46000,33.18500,32.13000,33.17000,64400
2024-09-11,32.96000,32.99000,32.15500,32.84000,54000
2024-09-12,33.20500,33.53000,33.18000,33.53000,17200
2024-09-13,33.91000,34.31500,33.49000,33.59500,30800
2024-09-16,34.07000,34.07000,33.56500,33.98500,23400
2024-09-17,34.12000,34.87500,34.12000,34.32000,22600
2024-09-18,34.23500,34.75500,33.85500,33.92500,31400
2024-09-19,34.56500,34.65500,33.84500,34.35500,35600
2024-09-20,34.12000,34.92000,34.00000,34.51000,98800
2024-09-23,34.55000,34.91000,34.38000,34.39500,31600
2024-09-24,34.74000,34.94000,34.10500,34.10500,46000
2024-09-25,34.16500,34.29000,33.97500,33.98500,25800
2024-09-26,34.00000,34.70500,33.88000,34.16500,29800
2024-09-27,34.68500,34.68500,34.20500,34.20500,12200
2024-09-30,34.20000,34.55500,34.00000,34.49500,22000
2024-10-01,34.49500,34.99500,34.12000,34.63000,38800
2024-10-02,34.32500,34.66500,33.47000,33.51000,27000
2024-10-03,33.25000,33.29000,32.87500,32.88000,27400
2024-10-04,33.37500,33.48000,33.12500,33.34000,29600
2024-10-07,33.42500,33.53500,33.02000,33.02000,20800
2024-10-08,32.87500,32.87500,32.14500,32.45500,21000
2024-10-09,32.50000,32.88500,32.50000,32.60000,16400
2024-10-10,32.54500,34.01000,32.50000,33.46500,59600
2024-10-11,34.37500,34.79000,33.67000,34.51500,60000
2024-10-14,34.52000,35.16500,34.35000,34.62000,40600
2024-10-15,34.62500,34.80500,34.10500,34.16500,38800
2024-10-16,34.26500,35.22500,34.26500,34.81500,36000
2024-10-17,34.65500,35.28000,34.53000,35.23500,21600
2024-10-18,35.26000,35.41500,34.39000,34.75000,52600
2024-10-21,34.92500,34.97500,34.15000,34.21500,23600
2024-10-22,34.39500,34.50000,33.67500,33.87000,18000
2024-10-23,33.65500,33.99500,33.51000,33.97500,17200
2024-10-24,34.28000,34.96500,34.06500,34.92500,31000
2024-10-25,34.90500,35.54500,34.90500,34.95000,18000
2024-10-28,34.88500,35.04000,34.26000,34.37500,28200
2024-10-29,34.35000,34.56500,34.25000,34.40000,23200
2024-10-30,34.18000,34.39000,34.08000,34.08000,14400
2024-10-31,34.20000,34.36000,33.79000,33.92500,15600
2024-11-01,33.99000,34.23500,33.62000,33.88000,23400
2024-11-04,33.92000,34.89000,33.92000,34.57500,43000
2024-11-05,34.50000,35.98000,34.50000,35.98000,31000
2024-11-06,36.46000,38.20500,36.44000,37.42000,60400
2024-11-07,37.66500,37.66500,36.75000,36.92000,27600
2024-11-08,36.98000,37.17500,36.43500,36.67500,21800
2024-11-11,36.23000,36.23000,34.64000,35.91000,79000
2024-11-12,35.84500,35.95500,33.46000,33.84500,68200
2024-11-13,34.22000,35.11000,34.12500,34.35000,34800
2024-11-14,34.49500,34.71000,34.16500,34.48500,33200
2024-11-15,34.72000,34.72000,33.77500,34.05000,28800
2024-11-18,34.32000,34.69500,34.08000,34.16500,28000
2024-11-19,34.17500,34.59500,33.94000,34.38500,19200
2024-11-20,34.65500,34.65500,34.02000,34.41000,20200
2024-11-21,34.52000,34.99000,34.36000,34.82500,29600
2024-11-22,34.99500,36.15000,34.88000,35.30500,30400
2024-11-25,35.37500,35.71000,34.85000,34.90000,31800
2024-11-26,34.70000,35.32500,34.36000,34.78000,28800
2024-11-27,34.94000,35.38500,34.44500,34.56000,34400
2024-11-29,34.57500,34.75000,34.35500,34.56000,25200
2024-12-02,34.56000,35.30500,34.25000,35.00000,44200
2024-12-03,34.72000,35.52500,34.13500,34.69000,33800
2024-12-04,34.91000,34.91000,34.33000,34.75000,34200
2024-12-05,34.66500,34.66500,34.23000,34.37000,29600
2024-12-06,34.13000,34.13000,33.75000,34.03000,34600
2024-12-09,33.94000,34.49000,33.55000,34.37500,34000
2024-12-10,37.53500,41.14000,36.75000,40.30000,224200
2024-12-11,40.76500,43.78000,40.30000,42.87000,125000
2024-12-12,42.73000,44.45000,42.73000,43.06000,69000
2024-12-13,43.19500,44.57500,43.06000,43.57000,62400
2024-12-16,43.93500,45.50000,43.93500,44.57000,66400
2024-12-17,44.57000,46.03500,44.57000,45.47500,54400
2024-12-18,45.42000,46.50000,43.48000,43.96000,73200
2024-12-19,44.41000,45.07500,43.56000,44.97000,50600
2024-12-20,44.24000,45.63500,43.56000,43.90500,115600
2024-12-23,43.69000,43.69000,42.66000,42.98500,50200
2024-12-24,42.68000,43.65500,42.68000,43.64000,23200
2024-12-26,43.52000,44.40000,43.28500,44.30500,35400
2024-12-27,44.21000,44.35000,43.49500,43.86500,36600
2024-12-30,43.52000,43.97500,43.47500,43.63000,24400
2024-12-31,43.55000,44.24000,43.55000,43.82000,27000
2025-01-02,44.32500,44.32500,42.80000,42.83000,33400
2025-01-03,42.96000,44.00000,42.67500,43.77500,37200
2025-01-06,43.68000,44.75000,41.35000,41.52000,40900
2025-01-07,41.10000,41.90000,40.80000,41.64000,44000
2025-01-08,41.52000,42.45000,40.79000,42.27000,29300
2025-01-10,41.47000,41.47000,40.66000,41.21000,28400
2025-01-13,41.03000,41.60000,40.66000,41.10000,21600
2025-01-14,41.45000,42.02000,41.07000,41.80000,26500
2025-01-15,42.00000,42.66000,41.75000,42.56000,37300
2025-01-16,42.73000,43.34000,42.42000,43.13000,32000
2025-01-17,43.43000,43.67000,42.18000,42.61000,28900
2025-01-21,43.30000,43.75000,42.74000,43.71000,52000
2025-01-22,43.79000,43.79000,42.60000,42.70000,31900
2025-01-23,42.42000,42.70000,41.51000,42.52000,35200
2025-01-24,42.01000,43.02000,42.01000,42.71000,16800
2025-01-27,42.45000,43.75000,42.35000,42.64000,54100
2025-01-28,42.70000,42.97000,42.50000,42.70000,22000
2025-01-29,42.49000,43.04000,42.30000,42.84000,23700
2025-01-30,43.23000,43.51000,42.58000,42.59000,23400
2025-01-31,42.40000,42.88000,42.00000,42.02000,28500
2025-02-03,41.71000,42.29000,41.37000,41.97000,21900
2025-02-04,41.71000,42.73000,41.71000,42.59000,21400
2025-02-05,42.41000,42.98000,42.03000,42.48000,25900
2025-02-06,42.69000,43.22000,42.36000,42.99000,22400
2025-02-07,42.63000,43.33000,42.63000,42.63000,24200
2025-02-10,42.62000,43.01000,42.62000,42.76000,21500
2025-02-11,42.62000,43.19000,42.62000,43.14000,11500
2025-02-12,42.62000,43.27000,42.62000,42.94000,24400
2025-02-13,43.06000,43.94000,42.69000,43.54000,17400
2025-02-14,43.54000,43.77000,42.78000,42.93000,21200
2025-02-18,42.80000,43.55000,42.80000,43.35000,29800
2025-02-19,42.96000,43.30000,42.88000,43.11000,12200
2025-02-20,43.09000,43.12000,42.52000,42.93000,18800
2025-02-21,43.27000,43.33000,42.12000,42.70000,35800
2025-02-24,42.93000,43.06000,42.49000,42.60000,22400
2025-02-25,42.83000,43.29000,42.22000,42.96000,32200
2025-02-26,42.87000,44.85000,42.55000,44.50000,44800
2025-02-27,44.50000,44.50000,43.06000,43.65000,19200
2025-02-28,43.95000,44.11000,43.49000,44.11000,41700
2025-03-03,44.11000,45.55000,43.77000,44.93000,48200
2025-03-04,44.93000,45.02000,44.28000,44.62000,47200
2025-03-05,44.50000,46.02000,44.50000,45.91000,25100
2025-03-06,45.36000,46.69000,45.36000,46.45000,24800
2025-03-07,46.48000,48.00000,46.38000,47.59000,58200
2025-03-10,46.95000,47.79000,45.20000,45.38000,68200
2025-03-11,45.52000,45.83000,44.61000,45.59000,55100
2025-03-12,46.71000,49.72000,46.51000,49.71000,108800
2025-03-13,49.64000,49.64000,46.27000,47.53000,51400
2025-03-14,47.54000,49.37000,47.38000,48.27000,41700
2025-03-17,48.03000,48.97000,47.47000,48.74000,39200
2025-03-18,48.34000,48.96000,46.99000,47.83000,49900
2025-03-19,47.82000,49.37000,47.35000,48.60000,82600
2025-03-20,48.19000,48.19000,46.32000,47.10000,73000
2025-03-21,46.69000,47.14000,44.51000,46.03000,178800
2025-03-24,46.22000,47.11000,46.22000,46.90000,38700
2025-03-25,46.60000,46.75000,45.31000,45.70000,31300
2025-03-26,45.35000,45.96000,45.25000,45.74000,34300
2025-03-27,45.80000,46.77000,45.52000,46.45000,32100
2025-03-28,46.83000,46.83000,45.36000,45.70000,21700
2025-03-31,44.95000,46.21000,44.75000,45.92000,39200
2025-04-01,46.26000,46.93000,45.93000,46.61000,33700
2025-04-02,46.05000,46.54000,45.73000,46.41000,25900
2025-04-03,44.91000,45.35000,44.16000,44.19000,33900
2025-04-04,43.20000,43.66000,42.50000,43.26000,51400
2025-04-07,41.99000,44.46000,41.65000,42.90000,46200
2025-04-08,43.62000,43.65000,41.62000,42.18000,41400
2025-04-09,42.13000,45.03000,41.72000,43.73000,53100
2025-04-10,43.13000,43.94000,42.41000,43.26000,44000
2025-04-11,43.04000,43.73000,42.64000,43.31000,28200
2025-04-14,43.75000,43.75000,42.94000,43.19000,23700
2025-04-15,42.89000,43.95000,42.82000,43.29000,27800
2025-04-16,43.28000,43.42000,42.72000,42.92000,27800
2025-04-17,42.97000,44.05000,42.83000,43.39000,34100
2025-04-21,43.06000,43.26000,41.48000,41.52000,46800
2025-04-22,41.73000,42.45000,41.60000,41.92000,29500
2025-04-23,42.38000,42.93000,41.55000,41.89000,35800
2025-04-24,41.72000,42.18000,41.58000,41.97000,26100
2025-04-25,41.99000,42.06000,41.37000,42.04000,17000
2025-04-28,41.95000,42.49000,41.37000,41.53000,21500
2025-04-29,41.38000,42.36000,41.37000,42.00000,22600
2025-04-30,41.88000,42.51000,41.51000,42.09000,32800
2025-05-01,42.15000,43.23000,41.50000,42.73000,35700
2025-05-02,43.25000,44.03000,43.15000,43.66000,30000
2025-05-05,43.18000,44.26000,43.18000,43.83000,25500
2025-05-06,43.75000,44.19000,43.30000,44.09000,29100
2025-05-07,44.47000,45.32000,44.35000,44.80000,37300
2025-05-08,44.87000,45.76000,44.60000,45.49000,29600
2025-05-09,45.33000,45.91000,45.25000,45.70000,20700
2025-05-12,46.57000,47.40000,46.40000,46.75000,31800
2025-05-13,47.19000,47.44000,46.87000,47.00000,24700
2025-05-14,46.74000,47.10000,46.00000,46.39000,47200
2025-05-15,46.60000,47.73000,46.60000,47.35000,29600
2025-05-16,47.41000,48.45000,47.41000,48.35000,43500
2025-05-19,48.07000,48.82000,47.92000,48.33000,26000
2025-05-20,48.14000,48.72000,47.82000,48.37000,41500
2025-05-21,48.21000,48.61000,47.75000,48.03000,30600
2025-05-22,47.64000,48.22000,47.25000,47.79000,32600
2025-05-23,47.41000,48.39000,47.31000,47.69000,28300
2025-05-27,48.01000,48.88000,47.75000,48.81000,29000
2025-05-28,49.00000,49.53000,48.51000,48.80000,27700
2025-05-29,49.21000,49.80000,49.02000,49.59000,29700
2025-05-30,49.59000,50.50000,49.21000,50.17000,35700
2025-06-02,50.25000,50.55000,49.82000,50.40000,33800
2025-06-03,50.29000,50.75000,49.83000,50.49000,34200
2025-06-04,50.75000,50.75000,49.28000,49.64000,40800
2025-06-05,49.99000,51.10000,49.63000,50.89000,36700
2025-06-06,53.52000,55.83000,53.01000,54.82000,104800
2025-06-09,55.46000,60.32000,54.52000,59.31000,110600
2025-06-10,59.32000,59.93000,57.93000,58.31000,46000
2025-06-11,58.30000,58.30000,56.03000,56.71000,51800
2025-06-12,56.58000,57.68000,56.41000,57.53000,30200
2025-06-13,57.19000,57.45000,56.21000,56.26000,34000
2025-06-16,56.86000,57.59000,56.25000,56.69000,52900
2025-06-17,56.85000,57.93000,56.28000,57.88000,90300
2025-06-18,57.64000,58.30000,55.75000,56.34000,68400
2025-06-20,56.49000,57.16000,55.36000,57.11000,120600
2025-06-23,57.11000,59.90000,56.88000,59.78000,86400
2025-06-24,60.00000,60.31000,57.35000,57.97000,70700
2025-06-25,57.82000,58.03000,56.50000,57.41000,52700
2025-06-26,57.84000,57.98000,56.28000,57.93000,79000
2025-06-27,58.04000,59.44000,57.46000,57.83000,349800
2025-06-30,58.03000,59.64000,57.52000,58.99000,58300
2025-07-01,58.48000,59.51000,58.06000,58.99000,85100
2025-07-02,58.92000,60.70000,58.20000,60.38000,77200
2025-07-03,60.18000,60.56000,59.81000,60.33000,28500
2025-07-07,60.18000,60.66000,59.26000,60.09000,60300
2025-07-08,59.98000,59.98000,57.58000,57.66000,74900
2025-07-09,58.05000,58.12000,56.71000,57.94000,46900
2025-07-10,57.68000,59.71000,57.66000,58.52000,50400
2025-07-11,58.38000,58.55000,57.69000,58.47000,90300
2025-07-14,58.06000,59.76000,58.01000,59.68000,119900
2025-07-15,59.51000,59.72000,58.93000,59.51000,49000
2025-07-16,59.69000,60.79000,59.00000,60.67000,95400
2025-07-17,60.68000,62.95000,60.68000,62.57000,144600
2025-07-18,63.00000,63.82000,60.94000,61.47000,86400
2025-07-21,61.76000,62.37000,60.37000,60.46000,74000
2025-07-22,59.92000,61.88000,59.92000,60.51000,73600
2025-07-23,60.57000,61.19000,60.21000,60.94000,75000
2025-07-24,60.50000,60.68000,59.67000,59.94000,50000
2025-07-25,60.20000,60.46000,59.21000,59.22000,48800
2025-07-28,59.46000,59.46000,57.20000,57.39000,49300
2025-07-29,57.75000,58.26000,56.90000,57.26000,42400
2025-07-30,57.53000,57.90000,56.58000,56.58000,59200
2025-07-31,56.50000,56.62000,55.63000,56.40000,40700
2025-08-01,55.63000,56.52000,55.11000,56.10000,61000
2025-08-04,56.16000,57.23000,56.16000,57.01000,52700
2025-08-05,57.03000,57.39000,55.55000,56.60000,49200
2025-08-06,56.94000,57.63000,55.39000,57.61000,56100
2025-08-07,57.69000,57.69000,56.24000,56.82000,58800
2025-08-08,56.87000,58.00000,56.56000,57.95000,69100
2025-08-11,58.02000,58.55000,57.59000,58.13000,42600
2025-08-12,58.29000,61.41000,58.29000,60.95000,67900
2025-08-13,61.59000,63.00000,61.21000,62.05000,115100
2025-08-14,61.39000,61.44000,60.00000,60.12000,57800
2025-08-15,60.20000,61.47000,59.00000,59.45000,124500
2025-08-18,59.23000,59.58000,57.55000,58.15000,56200
2025-08-19,58.35000,59.83000,57.50000,58.26000,81200
2025-08-20,58.33000,59.13000,57.91000,58.98000,56200
2025-08-21,58.68000,59.53000,57.93000,58.48000,61500
2025-08-22,58.48000,60.34000,58.24000,59.09000,96600
2025-08-25,58.81000,59.31000,58.00000,58.65000,63900
2025-08-26,58.42000,59.17000,58.26000,58.89000,214700
2025-08-27,58.89000,58.89000,57.75000,58.59000,59000
2025-08-28,58.54000,59.20000,58.08000,59.11000,54200
2025-08-29,59.27000,59.42000,58.74000,59.38000,34300
2025-09-02,59.16000,60.83000,59.00000,60.52000,62500
2025-09-03,60.24000,61.86000,60.12000,61.54000,76900
2025-09-04,61.68000,64.36000,61.65000,64.36000,81100
2025-09-05,64.29000,65.03000,63.27000,63.79000,50300
2025-09-08,63.92000,65.86000,63.92000,65.27000,72800
2025-09-09,64.98000,65.77000,64.25000,65.17000,52100
2025-09-10,65.03000,65.77000,64.50000,65.55000,61400
2025-09-11,65.87000,66.93000,65.87000,66.28000,61500
2025-09-12,65.94000,66.47000,65.50000,65.54000,49400
2025-09-15,65.84000,67.11000,65.57000,66.77000,50700
2025-09-16,66.73000,67.74000,66.59000,67.67000,42200
2025-09-17,67.49000,69.76000,67.49000,67.77000,77100
2025-09-18,67.74000,69.04000,67.57000,68.91000,64700
2025-09-19,68.74000,68.74000,65.38000,65.38000,148000
2025-09-22,65.12000,65.12000,62.40000,63.86000,76000
2025-09-23,63.77000,64.38000,63.40000,63.74000,47500
2025-09-24,63.73000,64.50000,62.11000,62.13000,52700
2025-09-25,62.10000,62.84000,62.00000,62.73000,39300
2025-09-26,62.62000,63.05000,62.11000,62.27000,47000
2025-09-29,62.25000,62.25000,60.55000,60.59000,42500
2025-09-30,60.44000,61.35000,60.38000,61.04000,37700
2025-10-01,60.50000,61.12000,60.01000,60.50000,46900
2025-10-02,60.36000,60.89000,59.22000,60.55000,51100
2025-10-03,60.98000,62.00000,60.40000,60.64000,37100
2025-10-06,60.58000,61.91000,60.12000,60.35000,47900
2025-10-07,60.64000,61.52000,60.12000,61.42000,53200
2025-10-08,61.81000,61.81000,60.30000,60.67000,35900
2025-10-09,60.23000,60.97000,59.45000,59.89000,85000
2025-10-10,63.02000,66.41000,62.19000,64.82000,114200
2025-10-13,65.02000,66.03000,60.96000,61.71000,108800
2025-10-14,61.10000,62.23000,59.77000,59.97000,61600
2025-10-15,59.95000,61.03000,59.60000,59.60000,67100
2025-10-16,59.45000,60.16000,59.02000,59.09000,61400
2025-10-17,59.26000,60.27000,59.26000,59.99000,65900
2025-10-20,60.50000,60.75000,58.88000,59.07000,73500
2025-10-21,59.03000,60.19000,58.75000,59.95000,82300
2025-10-22,59.58000,60.72000,59.58000,60.42000,76400
2025-10-23,60.89000,61.16000,60.15000,61.14000,72100
2025-10-24,61.25000,61.25000,59.60000,59.79000,43300
2025-10-27,59.75000,60.00000,56.20000,56.35000,72100
2025-10-28,56.35000,57.00000,55.75000,56.59000,65600
2025-10-29,56.42000,56.65000,54.36000,55.12000,74300
2025-10-30,55.22000,56.09000,54.75000,54.93000,53800
2025-10-31,54.77000,55.57000,54.50000,55.39000,66100
2025-11-03,55.23000,55.38000,54.10000,54.25000,65300
2025-11-04,54.11000,55.84000,54.11000,55.68000,56900
2025-11-05,55.69000,56.86000,55.51000,56.84000,53300
2025-11-06,56.51000,57.14000,55.74000,56.36000,70500
2025-11-07,56.50000,56.99000,55.97000,55.99000,40200
2025-11-10,55.78000,56.60000,55.68000,56.00000,37900
2025-11-11,55.97000,56.77000,55.97000,56.62000,51200
2025-11-12,56.62000,57.64000,56.62000,57.23000,46300
2025-11-13,57.69000,58.88000,56.87000,56.87000,48700
2025-11-14,57.01000,57.83000,56.50000,57.09000,34300
2025-11-17,57.15000,57.40000,54.93000,55.36000,43100
2025-11-18,55.27000,55.92000,55.08000,55.13000,35100
2025-11-19,54.69000,55.38000,53.83000,54.04000,40300
2025-11-20,54.32000,54.92000,53.46000,53.96000,37000
2025-11-21,54.42000,55.93000,54.38000,55.07000,47600
2025-11-24,54.34000,55.62000,54.22000,54.25000,197100
2025-11-25,54.77000,56.20000,54.19000,55.48000,66400
2025-11-26,55.01000,55.64000,54.85000,54.93000,49000
2025-11-28,54.60000,55.18000,53.11000,54.43000,34900
2025-12-01,54.11000,54.24000,53.01000,53.55000,53900
2025-12-02,53.73000,54.56000,52.76000,54.01000,66200
2025-12-03,54.44000,55.88000,54.25000,55.68000,72900
2025-12-04,55.40000,55.51000,53.69000,54.41000,65500
2025-12-05,54.61000,55.17000,53.27000,53.59000,44500
2025-12-08,53.57000,54.05000,51.86000,52.84000,90900
2025-12-09,52.84000,52.84000,45.61000,46.21000,235100
2025-12-10,45.94000,48.38000,45.75000,47.67000,122100
2025-12-11,48.30000,51.07000,48.30000,50.02000,111800
2025-12-12,50.06000,52.63000,50.06000,50.53000,150600
2025-12-15,50.79000,52.71000,50.79000,51.68000,85300
2025-12-16,52.10000,52.62000,51.50000,51.62000,99600
2025-12-17,51.73000,53.22000,51.73000,52.51000,74900
2025-12-18,52.38000,54.16000,52.38000,52.52000,106400
2025-12-19,52.45000,53.02000,50.25000,50.88000,132800
2025-12-22,50.89000,51.47000,49.77000,50.11000,64100
2025-12-23,49.63000,50.56000,49.11000,49.50000,64400
2025-12-24,49.00000,49.91000,49.00000,49.70000,32300
2025-12-26,49.47000,49.58000,48.82000,49.27000,47100
2025-12-29,49.27000,49.48000,48.52000,48.82000,39300
2025-12-30,48.91000,49.00000,48.06000,48.83000,48000
2025-12-31,48.85000,49.01000,48.15000,48.94000,48900
2026-01-02,48.48000,49.24000,47.55000,48.45000,81700
2026-01-05,48.09000,49.00000,47.51000,48.00000,85500
2026-01-06,47.63000,49.13000,47.51000,49.12000,71200
2026-01-07,49.12000,49.48000,48.15000,49.02000,69600
2026-01-08,49.04000,51.39000,49.04000,50.79000,62300
2026-01-09,50.83000,52.00000,50.50000,51.49000,71000
2026-01-12,51.43000,52.24000,50.85000,51.77000,42900
2026-01-13,51.83000,53.47000,51.83000,52.74000,55000
2026-01-14,52.74000,54.09000,52.74000,53.93000,41200
2026-01-15,53.62000,54.30000,53.40000,53.91000,56000
2026-01-16,53.68000,55.99000,53.68000,55.30000,134800
2026-01-20,55.24000,56.30000,54.96000,56.04000,52100
2026-01-21,56.04000,59.46000,56.04000,58.37000,124300
2026-01-22,58.38000,60.00000,58.38000,59.04000,104600
2026-01-23,59.00000,59.63000,58.25000,58.40000,62500
2026-01-26,58.28000,58.60000,57.86000,57.94000,62900
2026-01-27,57.75000,58.31000,57.50000,57.82000,66600
2026-01-28,57.65000,57.79000,57.35000,57.48000,67800
2026-01-29,57.56000,59.36000,57.35000,59.30000,61100
2026-01-30,59.36000,60.59000,59.36000,60.55000,82500
2026-02-02,60.74000,62.70000,60.74000,61.49000,82700
2026-02-03,61.17000,62.81000,61.17000,61.90000,49300
2026-02-04,62.34000,63.18000,61.99000,62.24000,58300
2026-02-05,62.80000,64.00000,62.31000,63.59000,81800
2026-02-06,63.50000,65.00000,63.50000,64.31000,71000
2026-02-09,64.57000,64.97000,64.00000,64.55000,69000
2026-02-10,64.56000,66.00000,64.01000,64.76000,82900
2026-02-11,65.07000,66.34000,64.76000,66.17000,78300
2026-02-12,66.65000,67.25000,64.67000,64.76000,75300
2026-02-13,64.76000,64.94000,63.25000,64.40000,52600
2026-02-17,64.21000,64.47000,62.00000,62.49000,60300
2026-02-18,62.14000,63.33000,62.14000,62.56000,51300
2026-02-19,62.82000,63.84000,62.25000,63.06000,55100
2026-02-20,63.29000,64.10000,62.50000,63.69000,108900
2026-02-23,63.88000,63.91000,62.74000,63.71000,50300
2026-02-24,63.65000,65.61000,63.65000,64.95000,51700
2026-02-25,64.85000,65.23000,63.25000,65.20000,50400
2026-02-26,65.50000,67.73000,65.50000,67.30000,73900
2026-02-27,66.93000,68.98000,66.62000,67.84000,86000
2026-03-02,68.06000,70.01000,67.85000,69.00000,120700
2026-03-03,68.29000,68.81000,67.00000,68.30000,121900
2026-03-04,68.34000,69.20000,67.65000,68.45000,85300
2026-03-05,68.25000,68.39000,65.96000,65.96000,103100
2026-03-06,65.15000,65.25000,62.61000,63.20000,66700
2026-03-09,62.33000,64.12000,61.40000,64.11000,51800
2026-03-10,63.50000,66.00000,63.26000,64.69000,52000
2026-03-11,64.17000,65.05000,63.52000,64.89000,56600
2026-03-12,63.95000,69.63000,63.91000,65.43000,129700
2026-03-13,65.64000,66.55000,61.46000,63.56000,103900
2026-03-16,63.32000,64.72000,60.87000,62.36000,87700
2026-03-17,62.15000,63.55000,61.06000,61.57000,66200
2026-03-18,60.75000,61.24000,60.00000,60.02000,48000
2026-03-19,59.84000,60.86000,59.45000,60.46000,48500
2026-03-20,61.18000,61.58000,59.11000,59.85000,84000
2026-03-23,60.92000,62.33000,60.82000,61.86000,48500
2026-03-24,61.50000,63.00000,61.50000,62.53000,54800
2026-03-25,63.47000,64.00000,62.50000,63.46000,44800
2026-03-26,62.96000,63.78000,62.58000,62.69000,44600
2026-03-27,62.34000,63.62000,62.34000,63.28000,26400
2026-03-30,63.97000,65.52000,63.41000,64.44000,90700
2026-03-31,64.49000,66.04000,63.79000,65.09000,66100
2026-04-01,65.08000,66.74000,64.66000,65.89000,48800
2026-04-02,65.74000,68.23000,65.00000,67.57000,60900
2026-04-06,67.28000,68.62000,66.97000,67.89000,52900
2026-04-07,67.85000,68.68000,67.56000,68.42000,71500
2026-04-08,69.50000,71.42000,68.26000,71.05000,78400
2026-04-09,71.00000,72.99000,70.63000,72.78000,81500
2026-04-10,72.77000,72.93000,72.00000,72.81000,39200
2026-04-13,72.59000,73.46000,71.83000,72.25000,69100
2026-04-14,72.06000,73.22000,71.50000,71.51000,42100
2026-04-15,70.98000,71.10000,70.00000,70.20000,28930
