date,open,high,low,close,volume
2016-02-04,6.63000,6.76000,6.50000,6.57000,42100
2016-02-05,6.55000,6.64000,6.30000,6.31000,115900
2016-02-08,6.31000,6.70000,6.29000,6.69000,37700
2016-02-09,6.60000,6.70000,6.54000,6.57000,28900
2016-02-10,6.63000,6.81000,6.56000,6.58000,24300
2016-02-11,6.45000,6.60000,6.41000,6.54000,16400
2016-02-12,6.65000,6.80000,6.52000,6.77000,53300
2016-02-16,6.80000,6.93000,6.71000,6.81000,33500
2016-02-17,6.84000,6.84000,6.59000,6.66000,63400
2016-02-18,6.69000,6.69000,6.44000,6.46000,32700
2016-02-19,6.45000,6.47000,6.34000,6.41000,94800
2016-02-22,6.50000,6.50000,6.34000,6.41000,47200
2016-02-23,6.40000,6.40000,6.22000,6.25000,55900
2016-02-24,6.25000,6.48000,6.25000,6.47000,45600
2016-02-25,6.47000,6.54000,6.39000,6.51000,28300
2016-02-26,6.53000,6.69000,6.22000,6.69000,37900
2016-02-29,6.65000,6.74000,6.65000,6.69000,44300
2016-03-01,6.71000,7.02000,6.70000,6.98000,50800
2016-03-02,6.97000,7.14000,6.82000,7.13000,38300
2016-03-03,7.12000,7.18000,7.10000,7.15000,44000
2016-03-04,7.17000,7.28000,7.15000,7.18000,19900
2016-03-07,7.18000,7.29000,6.74000,7.21000,23600
2016-03-08,7.15000,7.20000,7.01000,7.02000,30000
2016-03-09,7.08000,7.13000,7.00000,7.04000,25400
2016-03-10,7.05000,7.15000,6.60000,7.11000,30900
2016-03-11,7.12000,7.22000,7.00000,7.21000,26600
2016-03-14,7.22000,7.24000,7.01000,7.19000,11100
2016-03-15,7.18000,7.18000,6.96000,7.03000,48500
2016-03-16,7.03000,7.10000,6.99000,7.03000,33200
2016-03-17,7.00000,7.26000,7.00000,7.24000,25500
2016-03-18,7.29000,7.61000,6.77000,7.56000,193800
2016-03-21,7.52000,7.52000,7.27000,7.28000,54100
2016-03-22,7.29000,7.29000,7.09000,7.18000,11000
2016-03-23,7.10000,7.10000,7.00000,7.00000,26600
2016-03-24,7.00000,7.13000,7.00000,7.12000,25100
2016-03-28,7.09000,7.23000,7.01000,7.11000,42300
2016-03-29,7.07000,7.39000,7.04000,7.35000,36800
2016-03-30,7.38000,7.38000,7.26000,7.32000,21300
2016-03-31,7.27000,7.37000,7.15000,7.17000,36200
2016-04-01,7.12000,7.28000,7.01000,7.20000,33300
2016-04-04,7.15000,7.21000,7.14000,7.19000,74900
2016-04-05,7.12000,7.20000,7.10000,7.10000,28100
2016-04-06,7.10000,7.15000,6.94000,7.02000,21600
2016-04-07,6.97000,7.09000,6.93000,6.97000,44000
2016-04-08,7.08000,7.11000,6.93000,7.00000,137400
2016-04-11,7.06000,7.16000,7.06000,7.10000,34200
2016-04-12,7.09000,7.27000,7.09000,7.21000,56000
2016-04-13,7.25000,7.55000,7.20000,7.25000,75800
2016-04-14,7.24000,7.55000,7.24000,7.36000,32400
2016-04-15,7.31000,7.41000,7.30000,7.35000,20500
2016-04-18,7.30000,7.43000,7.05000,7.41000,22600
2016-04-19,7.39000,7.40000,7.31000,7.35000,9100
2016-04-20,7.29000,7.35000,7.18000,7.22000,25400
2016-04-21,7.10000,7.25000,7.00000,7.20000,49900
2016-04-22,7.18000,7.48000,7.18000,7.42000,29100
2016-04-25,7.40000,7.45000,7.33000,7.42000,56900
2016-04-26,7.48000,7.50000,7.40000,7.46000,43800
2016-04-27,7.35000,7.43000,7.11000,7.40000,50300
2016-04-28,7.38000,7.39000,7.17000,7.19000,21000
2016-04-29,7.20000,7.31000,7.12000,7.16000,23900
2016-05-02,7.23000,7.24000,7.10000,7.18000,36300
2016-05-03,7.08000,7.11000,7.00000,7.00000,22900
2016-05-04,6.92000,6.99000,6.92000,6.96000,17300
2016-05-05,6.99000,6.99000,6.87000,6.89000,25800
2016-05-06,6.87000,6.94000,6.87000,6.91000,26100
2016-05-09,6.94000,7.04000,6.90000,7.02000,42500
2016-05-10,7.08000,7.18000,7.02000,7.14000,15000
2016-05-11,7.15000,7.15000,7.01000,7.02000,21300
2016-05-12,7.09000,7.13000,6.93000,6.94000,23200
2016-05-13,6.90000,6.96000,6.90000,6.90000,16100
2016-05-16,6.87000,7.01000,6.87000,6.98000,22900
2016-05-17,6.92000,6.94000,6.77000,6.77000,54500
2016-05-18,6.76000,6.92000,6.76000,6.92000,40700
2016-05-19,6.90000,6.92000,6.80000,6.85000,17800
2016-05-20,6.89000,6.94000,6.87000,6.92000,18400
2016-05-23,6.90000,7.01000,6.89000,6.90000,10900
2016-05-24,7.01000,7.29000,7.01000,7.19000,93300
2016-05-25,7.19000,7.25000,7.10000,7.16000,20700
2016-05-26,7.01000,7.11000,6.99000,7.10000,25000
2016-05-27,7.13000,7.21000,7.12000,7.21000,31600
2016-05-31,7.23000,7.23000,7.18000,7.23000,21000
2016-06-01,7.11000,7.23000,7.11000,7.21000,114200
2016-06-02,7.18000,7.25000,7.17000,7.22000,17800
2016-06-03,7.21000,7.25000,7.13000,7.24000,59000
2016-06-06,7.23000,7.30000,7.16000,7.21000,46200
2016-06-07,7.27000,7.41000,7.22000,7.32000,28700
2016-06-08,7.31000,7.33000,7.16000,7.23000,82800
2016-06-09,7.21000,7.27000,7.16000,7.21000,26400
2016-06-10,7.11000,7.23000,7.11000,7.14000,32200
2016-06-13,7.09000,7.22000,7.02000,7.04000,27100
2016-06-14,6.83000,7.05000,6.37000,7.00000,48400
2016-06-15,7.06000,7.20000,6.85000,7.03000,32400
2016-06-16,6.88000,7.11000,6.86000,7.07000,22100
2016-06-17,7.08000,7.14000,7.00000,7.09000,137000
2016-06-20,7.23000,7.23000,7.12000,7.13000,27300
2016-06-21,7.15000,7.17000,7.01000,7.06000,11900
2016-06-22,7.12000,7.16000,7.00000,7.01000,11800
2016-06-23,7.10000,7.17000,7.10000,7.16000,45500
2016-06-24,6.79000,7.04000,6.79000,6.94000,165000
2016-06-27,6.82000,6.84000,6.65000,6.71000,91900
2016-06-28,6.78000,6.83000,6.48000,6.55000,142600
2016-06-29,6.61000,6.67000,6.53000,6.56000,88800
2016-06-30,6.63000,6.83000,6.58000,6.83000,33500
2016-07-01,6.81000,7.17000,6.76000,6.89000,74100
2016-07-05,6.85000,6.94000,6.82000,6.84000,27000
2016-07-06,6.82000,6.94000,6.77000,6.80000,16400
2016-07-07,6.87000,6.88000,6.68000,6.69000,7500
2016-07-08,6.78000,6.84000,6.73000,6.83000,105600
2016-07-11,6.82000,6.85000,6.69000,6.70000,72200
2016-07-12,6.74000,7.07000,6.67000,7.05000,84700
2016-07-13,7.10000,7.16000,7.02000,7.05000,33100
2016-07-14,7.18000,7.22000,7.03000,7.19000,49300
2016-07-15,7.25000,7.25000,7.13000,7.21000,31000
2016-07-18,7.18000,7.33000,7.18000,7.29000,35000
2016-07-19,7.22000,7.32000,7.15000,7.19000,20600
2016-07-20,7.19000,7.31000,7.15000,7.25000,54300
2016-07-21,7.21000,7.21000,7.10000,7.11000,13900
2016-07-22,7.16000,7.25000,7.11000,7.25000,8700
2016-07-25,7.19000,7.25000,7.17000,7.20000,30400
2016-07-26,7.18000,7.20000,7.08000,7.15000,16600
2016-07-27,7.12000,7.37000,7.00000,7.25000,525500
2016-07-28,7.28000,7.65000,7.25000,7.58000,67400
2016-07-29,7.55000,7.63000,7.50000,7.55000,75100
2016-08-01,7.55000,7.60000,7.53000,7.55000,70000
2016-08-02,7.55000,7.57000,7.31000,7.39000,74300
2016-08-03,7.36000,7.41000,7.34000,7.34000,75300
2016-08-04,7.32000,7.49000,7.31000,7.41000,101200
2016-08-05,7.40000,7.63000,7.40000,7.44000,72800
2016-08-08,7.46000,7.50000,7.45000,7.50000,27000
2016-08-09,7.50000,7.75000,7.50000,7.68000,61000
2016-08-10,7.65000,7.65000,7.21000,7.63000,22000
2016-08-11,7.62000,7.68000,7.55000,7.65000,58900
2016-08-12,7.59000,7.60000,7.36000,7.54000,22700
2016-08-15,7.53000,7.63000,7.45000,7.54000,21900
2016-08-16,7.53000,7.65000,7.45000,7.64000,41100
2016-08-17,7.61000,7.65000,7.46000,7.59000,14200
2016-08-18,7.56000,7.73000,7.54000,7.61000,48000
2016-08-19,7.58000,7.65000,7.52000,7.53000,48500
2016-08-22,7.51000,7.65000,7.51000,7.65000,27200
2016-08-23,7.66000,7.78000,7.66000,7.71000,42100
2016-08-24,7.74000,7.90000,7.71000,7.86000,26300
2016-08-25,7.88000,7.99000,7.78000,7.95000,38600
2016-08-26,7.97000,8.00000,7.92000,7.98000,16200
2016-08-29,7.98000,8.18000,7.96000,8.09000,63100
2016-08-30,8.11000,8.18000,8.09000,8.11000,130100
2016-08-31,8.17000,8.19000,8.10000,8.16000,75700
2016-09-01,8.14000,8.25000,8.10000,8.19000,50500
2016-09-02,8.22000,8.22000,8.03000,8.11000,74800
2016-09-06,8.13000,8.18000,8.07000,8.09000,33700
2016-09-07,8.15000,8.29000,8.07000,8.24000,41500
2016-09-08,8.31000,8.37000,8.21000,8.37000,28500
2016-09-09,8.29000,8.41000,8.20000,8.22000,41500
2016-09-12,8.22000,8.22000,8.04000,8.13000,72600
2016-09-13,8.05000,8.08000,7.84000,7.90000,107100
2016-09-14,7.76000,7.95000,7.76000,7.83000,43700
2016-09-15,7.88000,8.00000,7.87000,7.98000,18700
2016-09-16,8.00000,8.01000,7.89000,7.90000,228200
2016-09-19,7.90000,8.04000,7.89000,8.00000,93000
2016-09-20,8.00000,8.29000,8.00000,8.25000,27400
2016-09-21,8.27000,8.30000,8.09000,8.15000,76100
2016-09-22,8.17000,8.37000,8.16000,8.37000,32900
2016-09-23,8.34000,8.34000,8.24000,8.24000,27500
2016-09-26,8.24000,8.30000,8.17000,8.20000,135200
2016-09-27,8.25000,8.34000,8.18000,8.31000,73600
2016-09-28,8.32000,8.65000,8.32000,8.49000,57100
2016-09-29,8.49000,8.49000,8.07000,8.20000,102500
2016-09-30,8.26000,8.39000,8.25000,8.31000,188400
2016-10-03,8.35000,8.41000,8.35000,8.39000,74200
2016-10-04,8.37000,8.47000,8.19000,8.23000,37800
2016-10-05,8.26000,8.35000,8.26000,8.27000,44700
2016-10-06,8.31000,8.34000,8.19000,8.20000,48800
2016-10-07,8.20000,8.25000,8.17000,8.22000,41900
2016-10-10,8.21000,8.26000,8.16000,8.19000,75600
2016-10-11,8.20000,8.24000,8.02000,8.11000,113000
2016-10-12,8.14000,8.32000,8.12000,8.13000,27100
2016-10-13,8.09000,8.15000,7.96000,8.06000,46300
2016-10-14,8.12000,8.16000,8.09000,8.10000,35900
2016-10-17,8.15000,8.20000,7.95000,8.10000,34400
2016-10-18,8.10000,8.15000,8.00000,8.05000,33800
2016-10-19,8.00000,8.10000,7.90000,8.05000,248600
2016-10-20,7.90000,8.00000,7.45000,7.75000,122300
2016-10-21,7.65000,7.90000,7.65000,7.85000,30200
2016-10-24,7.85000,8.15000,7.85000,8.00000,59800
2016-10-25,8.04000,8.20000,8.03000,8.15000,79400
2016-10-26,8.10000,8.10000,7.90000,8.00000,26400
2016-10-27,8.05000,8.09000,7.90000,8.00000,35400
2016-10-28,8.00000,8.20000,7.85000,7.95000,23300
2016-10-31,7.95000,8.15000,7.70000,7.75000,69300
2016-11-01,7.80000,7.99000,7.80000,7.80000,23200
2016-11-02,7.85000,7.95000,7.70000,7.75000,58500
2016-11-03,7.80000,7.95000,7.65000,7.90000,34600
2016-11-04,7.95000,7.95000,7.70000,7.70000,35500
2016-11-07,7.90000,7.95000,7.73000,7.95000,27300
2016-11-08,7.95000,7.95000,7.80000,7.90000,10600
2016-11-09,7.90000,8.40000,7.80000,8.40000,50200
2016-11-10,8.50000,8.80000,7.90000,8.65000,155900
2016-11-11,8.70000,8.85000,8.55000,8.75000,679700
2016-11-14,8.90000,9.65000,8.90000,9.50000,240500
2016-11-15,9.45000,9.50000,9.25000,9.35000,204400
2016-11-16,9.30000,9.45000,9.10000,9.40000,81300
2016-11-17,9.40000,9.45000,9.25000,9.35000,52700
2016-11-18,9.30000,9.35000,9.15000,9.25000,93200
2016-11-21,9.35000,9.35000,9.20000,9.30000,52200
2016-11-22,9.35000,9.35000,9.15000,9.30000,85400
2016-11-23,9.25000,9.35000,9.20000,9.30000,44500
2016-11-25,9.20000,9.35000,9.20000,9.35000,25400
2016-11-28,9.30000,9.35000,9.10000,9.15000,115500
2016-11-29,9.25000,9.35000,9.10000,9.20000,80200
2016-11-30,9.30000,9.50000,9.20000,9.20000,48500
2016-12-01,9.15000,9.45000,9.05000,9.15000,108900
2016-12-02,9.10000,9.20000,9.05000,9.15000,47900
2016-12-05,8.85000,9.30000,8.55000,9.30000,101500
2016-12-06,9.30000,9.55000,9.10000,9.45000,105700
2016-12-07,9.40000,9.75000,9.40000,9.45000,57500
2016-12-08,9.50000,9.90000,9.50000,9.80000,86700
2016-12-09,9.75000,10.20000,9.60000,10.10000,182900
2016-12-12,10.20000,10.63000,10.10000,10.20000,93900
2016-12-13,10.30000,10.40000,9.95000,10.25000,67100
2016-12-14,10.15000,10.35000,10.00000,10.10000,49600
2016-12-15,10.15000,10.20000,10.03000,10.10000,132100
2016-12-16,10.15000,10.20000,10.05000,10.15000,270100
2016-12-19,10.10000,10.35000,10.10000,10.20000,75800
2016-12-20,10.30000,11.00000,10.30000,11.00000,91500
2016-12-21,11.00000,11.30000,10.80000,11.10000,78900
2016-12-22,11.10000,11.30000,11.00000,11.00000,47100
2016-12-23,11.00000,11.64000,11.00000,11.35000,84700
2016-12-27,11.55000,11.60000,11.40000,11.45000,46900
2016-12-28,11.50000,11.50000,11.35000,11.40000,60600
2016-12-29,11.15000,11.50000,10.85000,11.05000,67300
2016-12-30,11.00000,11.05000,10.90000,11.05000,40900
2017-01-03,11.20000,11.20000,10.80000,10.90000,32500
2017-01-04,10.95000,11.00000,10.90000,10.95000,46800
2017-01-05,11.00000,11.00000,10.55000,10.65000,49400
2017-01-06,10.70000,10.75000,10.45000,10.55000,29300
2017-01-09,10.50000,10.50000,10.25000,10.25000,36100
2017-01-10,10.35000,10.70000,10.25000,10.55000,42700
2017-01-11,10.55000,10.60000,10.35000,10.45000,53400
2017-01-12,10.35000,10.40000,10.00000,10.15000,104900
2017-01-13,10.20000,10.40000,10.20000,10.35000,27400
2017-01-17,10.30000,10.30000,9.65000,10.25000,107800
2017-01-18,10.40000,10.40000,10.13000,10.30000,65200
2017-01-19,10.30000,10.40000,10.05000,10.15000,53300
2017-01-20,10.10000,10.30000,10.05000,10.20000,60600
2017-01-23,10.20000,10.25000,10.00000,10.10000,43100
2017-01-24,10.10000,10.45000,9.90000,10.30000,66200
2017-01-25,10.45000,10.45000,10.25000,10.35000,28300
2017-01-26,10.40000,10.90000,10.30000,10.75000,110800
2017-01-27,10.70000,11.00000,10.70000,10.95000,46400
2017-01-30,11.00000,11.03000,10.60000,10.70000,43600
2017-01-31,10.65000,10.85000,10.55000,10.80000,80200
2017-02-01,10.80000,11.00000,10.75000,10.90000,46300
2017-02-02,10.90000,11.10000,10.90000,11.00000,50900
2017-02-03,11.05000,11.05000,10.95000,11.05000,37500
2017-02-06,11.00000,11.05000,10.95000,10.95000,45800
2017-02-07,10.95000,11.00000,10.85000,10.85000,45200
2017-02-08,10.85000,10.90000,10.65000,10.85000,119400
2017-02-09,10.90000,11.05000,10.90000,10.90000,79200
2017-02-10,10.95000,11.00000,10.90000,11.00000,69200
2017-02-13,11.00000,11.40000,10.98000,11.05000,90500
2017-02-14,11.05000,11.10000,10.92000,11.00000,73800
2017-02-15,10.95000,11.05000,10.90000,11.00000,93300
2017-02-16,10.95000,10.95000,10.85000,10.85000,52200
2017-02-17,10.90000,10.95000,10.80000,10.85000,131500
2017-02-21,10.90000,11.00000,10.75000,10.85000,52600
2017-02-22,10.90000,10.90000,10.80000,10.85000,35800
2017-02-23,10.90000,10.90000,10.80000,10.85000,94000
2017-02-24,10.75000,10.95000,10.75000,10.85000,120400
2017-02-27,10.85000,11.05000,10.85000,11.05000,170900
2017-02-28,11.00000,11.05000,10.85000,10.95000,70600
2017-03-01,11.05000,11.30000,11.05000,11.20000,79400
2017-03-02,11.20000,11.20000,10.95000,11.05000,57400
2017-03-03,11.05000,11.10000,10.85000,11.00000,38500
2017-03-06,10.90000,11.10000,10.80000,11.00000,156400
2017-03-07,11.00000,11.35000,10.90000,11.20000,78400
2017-03-08,11.35000,11.50000,11.20000,11.25000,85100
2017-03-09,11.45000,11.45000,11.00000,11.10000,61700
2017-03-10,11.25000,11.25000,10.90000,10.90000,42700
2017-03-13,10.85000,11.15000,10.80000,11.05000,44100
2017-03-14,11.05000,11.30000,10.95000,11.25000,44300
2017-03-15,11.20000,11.45000,10.90000,10.95000,70300
2017-03-16,11.00000,11.30000,10.95000,11.10000,46600
2017-03-17,11.00000,11.15000,10.80000,11.10000,135600
2017-03-20,11.10000,11.10000,10.72000,10.80000,37000
2017-03-21,10.85000,10.85000,10.30000,10.40000,90900
2017-03-22,10.35000,10.50000,10.25000,10.35000,77200
2017-03-23,10.40000,10.65000,10.30000,10.40000,27500
2017-03-24,10.50000,10.55000,10.30000,10.30000,19700
2017-03-27,10.10000,10.40000,10.10000,10.30000,18900
2017-03-28,10.25000,10.50000,10.20000,10.50000,45900
2017-03-29,10.40000,10.65000,10.35000,10.55000,28600
2017-03-30,10.53000,11.30000,10.53000,11.20000,86900
2017-03-31,11.25000,11.28000,11.14000,11.25000,146700
2017-04-03,11.25000,11.29000,11.05000,11.15000,291600
2017-04-04,11.20000,11.25000,10.95000,11.10000,110200
2017-04-05,11.15000,11.30000,10.98000,11.05000,162800
2017-04-06,11.00000,11.20000,10.95000,11.15000,64700
2017-04-07,11.05000,11.20000,11.00000,11.15000,65500
2017-04-10,11.10000,11.20000,11.05000,11.15000,88700
2017-04-11,11.15000,11.30000,11.10000,11.25000,30000
2017-04-12,11.15000,11.30000,11.05000,11.15000,56600
2017-04-13,11.10000,11.20000,11.00000,11.05000,113900
2017-04-17,11.10000,11.25000,11.00000,11.25000,65800
2017-04-18,11.20000,11.30000,11.15000,11.25000,58300
2017-04-19,11.30000,11.50000,11.20000,11.20000,55700
2017-04-20,11.25000,11.50000,11.25000,11.45000,59500
2017-04-21,11.35000,11.60000,11.30000,11.45000,144000
2017-04-24,11.60000,11.93000,11.50000,11.70000,131000
2017-04-25,11.80000,12.13000,11.80000,11.90000,105000
2017-04-26,11.95000,12.25000,11.90000,12.00000,91000
2017-04-27,12.05000,12.15000,11.90000,12.00000,65100
2017-04-28,12.10000,12.75000,11.95000,12.00000,138600
2017-05-01,12.10000,12.25000,11.70000,11.80000,180100
2017-05-02,11.90000,12.03000,11.78000,11.85000,89100
2017-05-03,11.80000,11.95000,11.65000,11.65000,98100
2017-05-04,11.80000,12.05000,11.75000,12.00000,63900
2017-05-05,12.00000,12.10000,11.85000,12.05000,53500
2017-05-08,12.00000,12.20000,11.95000,12.00000,40000
2017-05-09,12.00000,12.25000,11.98000,12.15000,62500
2017-05-10,12.10000,12.25000,12.05000,12.15000,58400
2017-05-11,12.15000,12.15000,11.85000,11.85000,36700
2017-05-12,11.85000,11.85000,11.50000,11.60000,50100
2017-05-15,11.70000,12.05000,11.65000,11.85000,44900
2017-05-16,11.90000,11.90000,11.65000,11.80000,33800
2017-05-17,11.60000,11.65000,11.60000,11.60000,106500
2017-05-18,11.60000,11.75000,11.55000,11.70000,59100
2017-05-19,11.70000,11.70000,11.40000,11.45000,96300
2017-05-22,11.45000,11.65000,11.31000,11.60000,48600
2017-05-23,11.65000,11.90000,11.55000,11.65000,31300
2017-05-24,11.65000,11.95000,11.50000,11.70000,73700
2017-05-25,11.75000,11.80000,11.55000,11.70000,75400
2017-05-26,11.65000,11.95000,11.60000,11.80000,42700
2017-05-30,11.80000,11.80000,11.55000,11.55000,23100
2017-05-31,11.60000,11.65000,11.50000,11.60000,43500
2017-06-01,11.65000,12.05000,11.62000,11.95000,82700
2017-06-02,11.95000,12.40000,11.85000,12.25000,227700
2017-06-05,12.40000,12.50000,11.75000,11.80000,73000
2017-06-06,11.75000,11.75000,11.35000,11.45000,129600
2017-06-07,11.45000,11.60000,11.38000,11.45000,165300
2017-06-08,11.45000,12.00000,11.43000,12.00000,127400
2017-06-09,12.00000,12.20000,12.00000,12.15000,194300
2017-06-12,12.15000,12.20000,11.80000,12.05000,305000
2017-06-13,12.05000,12.15000,11.95000,12.00000,175700
2017-06-14,12.00000,12.05000,11.70000,11.70000,162000
2017-06-15,11.65000,12.25000,11.60000,12.20000,115600
2017-06-16,12.05000,12.05000,11.85000,12.00000,136100
2017-06-19,12.00000,12.00000,11.82000,11.95000,82600
2017-06-20,11.90000,11.90000,11.65000,11.80000,132700
2017-06-21,11.85000,11.85000,11.30000,11.40000,132100
2017-06-22,11.45000,11.45000,11.25000,11.35000,58500
2017-06-23,11.35000,11.80000,11.05000,11.40000,373300
2017-06-26,11.35000,11.65000,11.10000,11.15000,195600
2017-06-27,11.15000,11.50000,11.05000,11.10000,226200
2017-06-28,11.10000,11.30000,11.00000,11.05000,241200
2017-06-29,11.15000,11.40000,11.05000,11.15000,219200
2017-06-30,11.20000,11.75000,11.00000,11.55000,424800
2017-07-03,11.65000,12.33000,11.58000,12.25000,103100
2017-07-05,12.15000,12.15000,11.80000,12.05000,93600
2017-07-06,12.00000,12.10000,11.70000,11.70000,75700
2017-07-07,11.80000,12.00000,11.65000,11.95000,50600
2017-07-10,12.00000,12.03000,11.70000,11.90000,73100
2017-07-11,11.90000,12.00000,11.75000,11.90000,72500
2017-07-12,11.95000,12.20000,11.75000,12.00000,60400
2017-07-13,11.95000,11.95000,11.60000,11.65000,50300
2017-07-14,11.60000,11.65000,11.50000,11.65000,56500
2017-07-17,11.55000,11.75000,11.40000,11.70000,85200
2017-07-18,11.60000,11.85000,11.55000,11.80000,71700
2017-07-19,11.75000,11.85000,11.55000,11.65000,46200
2017-07-20,11.65000,11.70000,11.45000,11.55000,56400
2017-07-21,11.70000,11.70000,11.35000,11.40000,120800
2017-07-24,11.35000,11.50000,11.25000,11.40000,46300
2017-07-25,11.40000,11.80000,11.40000,11.65000,84200
2017-07-26,11.65000,11.78000,11.45000,11.60000,52400
2017-07-27,11.60000,12.00000,11.55000,11.85000,88200
2017-07-28,11.80000,11.95000,11.60000,11.70000,35200
2017-07-31,11.75000,12.00000,11.65000,11.85000,74700
2017-08-01,11.95000,12.20000,11.85000,12.10000,57800
2017-08-02,12.10000,12.14000,11.85000,11.90000,43600
2017-08-03,11.90000,11.95000,11.73000,11.75000,44200
2017-08-04,11.85000,12.20000,11.85000,12.10000,62100
2017-08-07,12.15000,12.15000,11.70000,11.75000,85200
2017-08-08,11.80000,12.10000,11.70000,11.75000,52800
2017-08-09,11.60000,11.65000,11.35000,11.45000,107600
2017-08-10,11.30000,11.50000,11.30000,11.30000,56100
2017-08-11,11.40000,11.45000,11.05000,11.25000,79800
2017-08-14,11.30000,11.75000,11.30000,11.75000,44700
2017-08-15,11.80000,11.83000,11.30000,11.35000,83800
2017-08-16,11.35000,11.65000,11.35000,11.40000,50600
2017-08-17,11.30000,11.50000,11.25000,11.35000,62800
2017-08-18,11.20000,11.53000,11.20000,11.35000,68100
2017-08-21,11.40000,11.40000,11.15000,11.25000,38100
2017-08-22,11.25000,11.45000,11.25000,11.45000,22200
2017-08-23,11.30000,11.95000,11.30000,11.55000,89000
2017-08-24,11.65000,11.90000,11.55000,11.60000,153700
2017-08-25,11.60000,11.60000,11.40000,11.45000,55200
2017-08-28,11.53000,11.60000,11.35000,11.45000,38300
2017-08-29,11.40000,11.50000,11.30000,11.30000,51300
2017-08-30,11.35000,11.50000,11.30000,11.35000,29900
2017-08-31,11.45000,11.55000,11.35000,11.45000,63600
2017-09-01,11.40000,11.45000,11.35000,11.45000,42000
2017-09-05,11.40000,11.48000,10.85000,11.00000,64100
2017-09-06,11.00000,11.20000,11.00000,11.15000,45900
2017-09-07,11.05000,11.05000,10.75000,10.85000,66500
2017-09-08,10.80000,10.90000,10.75000,10.80000,74500
2017-09-11,10.90000,11.20000,10.85000,11.00000,78600
2017-09-12,11.05000,11.45000,11.05000,11.40000,76400
2017-09-13,11.35000,11.50000,11.35000,11.50000,60700
2017-09-14,11.63000,11.65000,11.50000,11.65000,50700
2017-09-15,11.65000,11.85000,11.55000,11.80000,228200
2017-09-18,11.80000,12.20000,11.80000,12.15000,112200
2017-09-19,12.15000,12.20000,12.10000,12.15000,72300
2017-09-20,12.10000,12.30000,12.05000,12.20000,60200
2017-09-21,12.25000,12.60000,12.15000,12.55000,361700
2017-09-22,12.55000,12.68000,12.35000,12.50000,95500
2017-09-25,12.50000,12.80000,12.40000,12.60000,126900
2017-09-26,12.70000,13.15000,12.61000,12.90000,122200
2017-09-27,13.05000,13.25000,12.95000,13.15000,162700
2017-09-28,13.25000,13.25000,13.03000,13.20000,79400
2017-09-29,13.25000,13.50000,13.10000,13.45000,280200
2017-10-02,13.50000,13.55000,13.15000,13.50000,96300
2017-10-03,13.50000,13.50000,13.35000,13.45000,85200
2017-10-04,13.50000,13.50000,13.28000,13.30000,49900
2017-10-05,13.40000,13.50000,13.30000,13.40000,87600
2017-10-06,13.35000,13.50000,13.15000,13.30000,62500
2017-10-09,13.30000,13.50000,13.30000,13.35000,57200
2017-10-10,13.45000,13.50000,13.35000,13.45000,116000
2017-10-11,13.40000,13.45000,13.35000,13.40000,92400
2017-10-12,13.45000,13.50000,13.25000,13.30000,58000
2017-10-13,13.35000,13.35000,13.20000,13.25000,43100
2017-10-16,13.30000,13.50000,13.30000,13.40000,57600
2017-10-17,13.45000,13.45000,13.10000,13.15000,50300
2017-10-18,13.25000,13.35000,12.35000,13.30000,47700
2017-10-19,13.25000,13.95000,13.15000,13.75000,94500
2017-10-20,13.95000,14.90000,13.85000,14.25000,124500
2017-10-23,14.35000,14.40000,13.85000,13.90000,52800
2017-10-24,14.05000,14.45000,14.00000,14.30000,131400
2017-10-25,14.40000,14.50000,14.15000,14.50000,105400
2017-10-26,14.55000,14.55000,14.00000,14.10000,59000
2017-10-27,14.05000,14.40000,14.00000,14.30000,54900
2017-10-30,14.25000,14.25000,13.55000,13.60000,50300
2017-10-31,13.70000,14.05000,13.50000,13.70000,81800
2017-11-01,13.80000,13.90000,13.39000,13.50000,44300
2017-11-02,13.45000,13.91000,13.20000,13.80000,82100
2017-11-03,13.90000,13.90000,13.55000,13.60000,51200
2017-11-06,13.65000,13.75000,13.45000,13.60000,30300
2017-11-07,13.60000,13.65000,12.75000,12.95000,73000
2017-11-08,12.85000,12.85000,12.50000,12.65000,50800
2017-11-09,12.50000,12.78000,12.30000,12.60000,42700
2017-11-10,12.70000,12.85000,12.40000,12.45000,56100
2017-11-13,12.30000,12.50000,12.20000,12.50000,55100
2017-11-14,12.50000,12.60000,12.15000,12.55000,32000
2017-11-15,12.40000,12.90000,12.40000,12.60000,254700
2017-11-16,12.65000,13.00000,12.55000,12.60000,62800
2017-11-17,12.55000,12.65000,12.35000,12.65000,51500
2017-11-20,12.70000,12.95000,12.60000,12.95000,38500
2017-11-21,12.90000,13.30000,12.85000,13.20000,42600
2017-11-22,13.30000,13.30000,13.10000,13.10000,28700
2017-11-24,13.15000,13.15000,12.85000,13.00000,25000
2017-11-27,12.95000,13.30000,12.71000,13.15000,47900
2017-11-28,13.15000,13.90000,12.70000,13.75000,85000
2017-11-29,13.85000,14.20000,13.78000,13.90000,138300
2017-11-30,14.00000,14.00000,13.45000,13.45000,68600
2017-12-01,13.45000,13.55000,12.75000,13.40000,58600
2017-12-04,13.60000,13.90000,13.27000,13.45000,53200
2017-12-05,13.45000,13.45000,12.95000,13.00000,59400
2017-12-06,13.00000,13.10000,12.70000,12.75000,58100
2017-12-07,12.75000,13.05000,12.65000,12.70000,111700
2017-12-08,12.80000,12.80000,12.35000,12.55000,88700
2017-12-11,12.60000,12.75000,12.50000,12.55000,70900
2017-12-12,12.65000,12.70000,12.45000,12.50000,47700
2017-12-13,12.55000,12.90000,12.50000,12.60000,164400
2017-12-14,13.20000,13.20000,12.45000,12.55000,239300
2017-12-15,12.55000,13.75000,12.50000,13.65000,259700
2017-12-18,13.80000,13.95000,13.50000,13.80000,76500
2017-12-19,13.90000,14.00000,13.50000,13.60000,85700
2017-12-20,13.60000,13.60000,13.05000,13.10000,100800
2017-12-21,13.10000,13.45000,12.95000,13.00000,112900
2017-12-22,13.00000,13.20000,12.95000,13.05000,79900
2017-12-26,13.05000,13.15000,12.85000,12.85000,63700
2017-12-27,13.25000,14.10000,13.25000,13.70000,170900
2017-12-28,13.70000,13.85000,13.63000,13.70000,89800
2017-12-29,13.75000,13.80000,13.65000,13.65000,121400
2018-01-02,13.80000,14.15000,13.65000,13.75000,127500
2018-01-03,14.30000,14.46000,13.95000,14.15000,115400
2018-01-04,14.30000,14.45000,14.10000,14.25000,129000
2018-01-05,14.30000,14.80000,14.30000,14.60000,131800
2018-01-08,14.60000,14.60000,14.30000,14.55000,65000
2018-01-09,14.60000,14.80000,14.45000,14.55000,104000
2018-01-10,14.50000,14.80000,14.40000,14.55000,59100
2018-01-11,14.60000,14.97000,14.50000,14.95000,126200
2018-01-12,15.00000,15.00000,14.65000,14.90000,84700
2018-01-16,14.95000,15.00000,14.60000,14.70000,91300
2018-01-17,14.75000,14.75000,14.45000,14.70000,89400
2018-01-18,14.75000,14.75000,14.53000,14.55000,54800
2018-01-19,14.55000,14.60000,14.50000,14.55000,54200
2018-01-22,14.50000,14.60000,14.25000,14.60000,37300
2018-01-23,14.65000,14.65000,14.50000,14.55000,67200
2018-01-24,14.70000,14.70000,14.35000,14.45000,81400
2018-01-25,14.25000,14.60000,14.25000,14.45000,78600
2018-01-26,14.55000,14.55000,14.35000,14.40000,50600
2018-01-29,14.30000,14.55000,14.30000,14.40000,63000
2018-01-30,14.30000,14.75000,14.30000,14.65000,68100
2018-01-31,14.70000,15.00000,14.70000,14.70000,124100
2018-02-01,14.70000,14.70000,14.10000,14.40000,102600
2018-02-02,14.30000,14.60000,14.15000,14.15000,68300
2018-02-05,14.05000,14.30000,13.35000,13.50000,118700
2018-02-06,13.25000,13.80000,13.10000,13.40000,79900
2018-02-07,13.35000,13.70000,13.35000,13.55000,56000
2018-02-08,13.60000,13.60000,13.25000,13.25000,47300
2018-02-09,13.40000,13.70000,13.30000,13.55000,84900
2018-02-12,13.60000,13.75000,13.43000,13.55000,53200
2018-02-13,13.45000,13.80000,13.45000,13.65000,75200
2018-02-14,13.55000,13.75000,13.55000,13.70000,50300
2018-02-15,13.75000,14.00000,13.60000,13.90000,49400
2018-02-16,13.85000,14.10000,13.85000,14.05000,43600
2018-02-20,14.00000,14.10000,13.65000,13.75000,51400
2018-02-21,13.80000,14.20000,13.80000,14.00000,42800
2018-02-22,14.02000,14.10000,13.75000,13.85000,41100
2018-02-23,13.95000,14.10000,13.85000,14.10000,35500
2018-02-26,14.10000,14.20000,13.98000,14.10000,34700
2018-02-27,14.10000,14.15000,13.75000,13.95000,1156200
2018-02-28,13.95000,14.05000,13.65000,13.75000,122700
2018-03-01,13.70000,14.15000,13.45000,14.00000,80000
2018-03-02,14.00000,14.20000,13.70000,14.15000,54900
2018-03-05,13.95000,14.10000,13.76000,14.05000,43500
2018-03-06,14.15000,14.20000,13.80000,14.15000,55300
2018-03-07,14.10000,14.35000,14.10000,14.25000,65400
2018-03-08,14.35000,14.70000,14.25000,14.55000,57100
2018-03-09,14.65000,14.65000,14.25000,14.55000,45700
2018-03-12,14.70000,14.70000,14.45000,14.55000,44200
2018-03-13,14.60000,14.65000,14.45000,14.58000,37600
2018-03-14,14.60000,14.60000,14.35000,14.40000,30100
2018-03-15,14.50000,14.85000,14.40000,14.75000,48300
2018-03-16,14.70000,15.00000,14.48000,14.95000,204900
2018-03-19,14.85000,15.00000,14.50000,14.60000,156800
2018-03-20,14.60000,14.80000,14.40000,14.50000,61500
2018-03-21,14.45000,14.85000,14.35000,14.75000,113000
2018-03-22,14.65000,14.75000,14.16000,14.20000,44000
2018-03-23,14.25000,14.40000,13.75000,13.75000,88100
2018-03-26,14.00000,14.40000,13.80000,14.25000,59400
2018-03-27,14.35000,14.50000,13.75000,13.95000,45200
2018-03-28,13.95000,14.00000,13.75000,13.90000,149000
2018-03-29,13.95000,14.15000,13.85000,13.90000,99500
2018-04-02,13.95000,14.10000,13.45000,13.70000,61300
2018-04-03,13.75000,13.95000,13.50000,13.85000,71100
2018-04-04,13.75000,14.05000,13.75000,13.95000,36100
2018-04-05,14.10000,14.40000,14.00000,14.20000,100600
2018-04-06,14.15000,14.31000,13.65000,13.80000,39300
2018-04-09,13.90000,14.15000,13.75000,13.80000,60100
2018-04-10,13.90000,14.10000,13.80000,13.90000,27700
2018-04-11,13.85000,14.10000,13.85000,14.00000,31900
2018-04-12,14.05000,14.20000,13.95000,14.05000,38500
2018-04-13,14.15000,14.20000,13.85000,14.15000,69500
2018-04-16,14.15000,14.40000,14.00000,14.35000,52500
2018-04-17,14.40000,14.50000,14.05000,14.15000,43600
2018-04-18,14.15000,14.25000,14.05000,14.05000,42700
2018-04-19,14.05000,14.20000,14.00000,14.10000,43600
2018-04-20,14.05000,14.35000,14.05000,14.15000,46500
2018-04-23,14.20000,14.25000,14.15000,14.20000,26100
2018-04-24,14.20000,14.40000,14.20000,14.25000,33300
2018-04-25,14.25000,14.30000,14.15000,14.15000,34600
2018-04-26,14.25000,14.40000,14.15000,14.20000,63600
2018-04-27,14.25000,14.85000,14.25000,14.85000,56000
2018-04-30,14.85000,14.85000,14.25000,14.30000,52900
2018-05-01,14.35000,14.35000,14.00000,14.30000,37600
2018-05-02,14.35000,14.47000,14.10000,14.30000,43600
2018-05-03,14.15000,14.35000,13.70000,13.85000,48500
2018-05-04,13.85000,14.15000,13.75000,13.90000,40400
2018-05-07,13.95000,14.15000,13.80000,14.00000,34700
2018-05-08,14.05000,14.30000,14.00000,14.20000,32600
2018-05-09,14.25000,14.55000,14.20000,14.45000,33100
2018-05-10,14.50000,14.65000,14.45000,14.60000,49700
2018-05-11,14.55000,14.70000,14.55000,14.65000,44800
2018-05-14,14.65000,14.65000,14.45000,14.55000,37400
2018-05-15,14.55000,14.70000,14.50000,14.55000,57000
2018-05-16,14.55000,14.83000,14.50000,14.70000,63600
2018-05-17,14.80000,15.05000,14.70000,15.05000,73300
2018-05-18,15.10000,15.10000,14.90000,15.00000,54200
2018-05-21,15.05000,15.55000,14.95000,15.30000,93200
2018-05-22,15.30000,15.45000,15.10000,15.15000,57600
2018-05-23,15.20000,15.35000,15.00000,15.30000,47600
2018-05-24,15.30000,15.45000,15.15000,15.35000,65200
2018-05-25,15.30000,15.31000,15.00000,15.10000,47400
2018-05-29,15.00000,15.10000,14.65000,14.85000,48100
2018-05-30,14.85000,15.10000,14.85000,14.95000,71100
2018-05-31,14.95000,15.05000,14.90000,14.95000,61300
2018-06-01,15.10000,15.20000,15.00000,15.20000,68100
2018-06-04,15.20000,15.30000,15.10000,15.20000,40200
2018-06-05,15.20000,15.33000,15.05000,15.05000,112100
2018-06-06,15.05000,15.35000,15.05000,15.15000,149400
2018-06-07,15.25000,15.40000,15.05000,15.05000,104700
2018-06-08,15.10000,15.30000,15.00000,15.10000,120800
2018-06-11,15.15000,15.30000,15.10000,15.20000,50500
2018-06-12,15.15000,15.15000,15.00000,15.10000,58500
2018-06-13,15.05000,15.28000,15.03000,15.15000,67000
2018-06-14,15.15000,15.15000,14.95000,15.10000,41600
2018-06-15,15.05000,15.30000,14.00000,15.25000,115300
2018-06-18,15.05000,15.20000,15.00000,15.10000,44000
2018-06-19,15.05000,15.40000,15.05000,15.30000,40300
2018-06-20,15.35000,15.60000,15.30000,15.60000,78000
2018-06-21,15.60000,15.60000,15.40000,15.40000,113500
2018-06-22,15.50000,15.50000,15.05000,15.20000,199200
2018-06-25,15.05000,15.49000,14.70000,14.80000,185700
2018-06-26,14.80000,14.90000,14.65000,14.75000,68100
2018-06-27,14.75000,14.90000,14.40000,14.60000,164500
2018-06-28,14.55000,14.85000,14.50000,14.55000,148300
2018-06-29,14.60000,14.66000,14.35000,14.40000,417600
2018-07-02,14.45000,15.05000,14.35000,15.05000,154200
2018-07-03,15.05000,15.15000,14.80000,14.85000,30500
2018-07-05,14.90000,15.15000,14.85000,14.90000,45400
2018-07-06,14.95000,15.10000,14.90000,14.95000,57400
2018-07-09,14.90000,15.20000,14.90000,15.10000,112500
2018-07-10,15.20000,15.20000,14.95000,15.00000,97300
2018-07-11,14.95000,15.10000,14.65000,14.70000,71900
2018-07-12,14.85000,14.95000,14.60000,14.70000,102400
2018-07-13,14.70000,14.75000,14.40000,14.45000,81300
2018-07-16,14.50000,14.85000,14.50000,14.85000,67900
2018-07-17,14.80000,14.95000,14.65000,14.75000,37000
2018-07-18,14.70000,14.88000,14.65000,14.75000,53700
2018-07-19,14.75000,14.85000,14.60000,14.75000,41400
2018-07-20,14.75000,15.00000,14.60000,14.95000,210200
2018-07-23,14.85000,15.20000,14.85000,15.05000,42200
2018-07-24,15.10000,15.15000,15.00000,15.05000,50900
2018-07-25,15.00000,15.30000,14.90000,15.25000,92000
2018-07-26,15.25000,16.30000,14.87000,15.55000,208800
2018-07-27,15.60000,15.85000,15.35000,15.40000,329800
2018-07-30,15.35000,15.55000,15.20000,15.20000,53300
2018-07-31,15.30000,15.50000,15.05000,15.50000,133200
2018-08-01,15.55000,15.70000,15.25000,15.50000,52500
2018-08-02,15.45000,15.63000,15.30000,15.55000,86500
2018-08-03,15.55000,15.55000,15.10000,15.15000,38000
2018-08-06,15.15000,15.35000,15.10000,15.25000,46100
2018-08-07,15.30000,15.45000,15.13000,15.20000,32300
2018-08-08,15.20000,15.35000,15.15000,15.30000,131100
2018-08-09,15.30000,15.30000,15.15000,15.20000,34100
2018-08-10,15.05000,15.25000,14.99000,15.10000,42700
2018-08-13,15.10000,15.18000,14.90000,14.95000,55200
2018-08-14,14.90000,15.20000,14.90000,15.10000,42800
2018-08-15,15.10000,15.25000,15.00000,15.10000,103000
2018-08-16,15.15000,15.60000,15.10000,15.50000,121700
2018-08-17,15.40000,15.50000,15.30000,15.40000,46300
2018-08-20,15.40000,15.50000,15.20000,15.25000,25900
2018-08-21,15.25000,15.45000,15.25000,15.40000,38600
2018-08-22,15.40000,15.75000,15.40000,15.65000,96800
2018-08-23,15.55000,15.60000,15.50000,15.55000,76100
2018-08-24,15.55000,15.65000,15.50000,15.55000,43500
2018-08-27,15.60000,15.60000,15.38000,15.40000,47400
2018-08-28,15.37000,15.45000,15.35000,15.35000,65500
2018-08-29,15.35000,15.38000,15.25000,15.35000,26500
2018-08-30,15.30000,15.45000,15.25000,15.35000,70600
2018-08-31,15.30000,15.55000,15.20000,15.45000,109000
2018-09-04,15.40000,15.50000,15.38000,15.40000,93400
2018-09-05,15.40000,15.55000,15.35000,15.40000,32400
2018-09-06,15.40000,15.45000,15.25000,15.40000,60900
2018-09-07,15.40000,15.50000,15.35000,15.50000,67700
2018-09-10,15.50000,15.55000,15.40000,15.55000,59400
2018-09-11,15.45000,15.60000,15.35000,15.40000,75300
2018-09-12,15.35000,15.45000,15.28000,15.30000,73700
2018-09-13,15.35000,15.40000,15.25000,15.30000,57400
2018-09-14,15.40000,15.55000,15.28000,15.40000,52400
2018-09-17,15.35000,15.45000,15.20000,15.35000,83300
2018-09-18,15.42000,15.42000,15.15000,15.15000,105100
2018-09-19,15.15000,15.35000,15.10000,15.25000,146500
2018-09-20,15.30000,15.55000,15.25000,15.35000,68600
2018-09-21,15.30000,15.70000,15.20000,15.55000,339600
2018-09-24,15.50000,15.75000,15.35000,15.50000,142200
2018-09-25,15.50000,15.70000,15.30000,15.55000,161700
2018-09-26,15.55000,15.70000,15.40000,15.40000,77900
2018-09-27,15.40000,15.65000,15.35000,15.40000,250400
2018-09-28,15.40000,15.60000,15.33000,15.45000,539100
2018-10-01,15.49000,15.57000,15.07000,15.17000,78200
2018-10-02,15.15000,15.20000,15.05000,15.13000,104200
2018-10-03,15.17000,15.61000,15.05000,15.55000,130400
2018-10-04,15.54000,15.70000,15.13000,15.43000,168300
2018-10-05,15.46000,15.46000,15.05000,15.10000,56100
2018-10-08,15.09000,15.27000,15.05000,15.26000,106600
2018-10-09,15.26000,15.29000,15.12000,15.14000,51300
2018-10-10,15.13000,15.24000,14.97000,15.01000,83400
2018-10-11,14.95000,15.03000,14.53000,14.70000,107800
2018-10-12,14.75000,15.19000,14.37000,14.55000,164400
2018-10-15,14.56000,14.84000,14.51000,14.70000,108300
2018-10-16,14.75000,15.06000,14.70000,15.04000,60300
2018-10-17,14.98000,15.22000,14.83000,15.00000,212400
2018-10-18,14.93000,15.08000,14.80000,14.86000,144300
2018-10-19,14.86000,15.06000,14.68000,14.85000,307200
2018-10-22,14.84000,14.84000,14.30000,14.35000,140000
2018-10-23,14.05000,14.25000,13.86000,14.05000,121300
2018-10-24,14.02000,14.06000,13.61000,13.65000,119000
2018-10-25,13.65000,14.45000,13.65000,13.82000,114200
2018-10-26,13.69000,14.08000,13.67000,13.94000,118600
2018-10-29,14.10000,14.26000,13.85000,14.06000,77700
2018-10-30,14.11000,14.32000,14.06000,14.29000,62700
2018-10-31,14.32000,14.38000,14.19000,14.22000,105200
2018-11-01,14.32000,14.46000,14.28000,14.32000,68400
2018-11-02,14.30000,14.39000,14.11000,14.17000,47200
2018-11-05,14.12000,14.34000,14.08000,14.27000,72900
2018-11-06,14.25000,14.45000,14.20000,14.30000,39900
2018-11-07,14.35000,14.43000,14.22000,14.38000,62800
2018-11-08,14.35000,14.57000,14.28000,14.47000,48700
2018-11-09,14.45000,14.55000,14.30000,14.46000,51100
2018-11-12,14.43000,14.69000,14.43000,14.57000,56600
2018-11-13,14.62000,14.83000,14.56000,14.71000,64300
2018-11-14,14.79000,14.85000,14.21000,14.40000,167400
2018-11-15,14.32000,14.57000,14.29000,14.54000,49600
2018-11-16,14.47000,14.62000,14.27000,14.54000,48700
2018-11-19,14.53000,14.67000,14.43000,14.53000,39200
2018-11-20,14.45000,14.60000,14.28000,14.29000,59700
2018-11-21,14.30000,14.58000,14.09000,14.33000,33700
2018-11-23,14.25000,14.55000,14.16000,14.55000,43700
2018-11-26,14.62000,14.89000,14.62000,14.71000,68100
2018-11-27,14.68000,14.79000,14.61000,14.68000,66300
2018-11-28,14.69000,15.01000,14.54000,14.96000,89200
2018-11-29,14.92000,14.95000,14.55000,14.55000,78900
2018-11-30,14.55000,14.77000,14.55000,14.67000,128100
2018-12-03,14.75000,14.75000,14.43000,14.48000,76600
2018-12-04,14.36000,14.48000,13.44000,13.50000,102800
2018-12-06,13.36000,13.54000,13.07000,13.51000,86000
2018-12-07,13.58000,13.67000,13.28000,13.38000,94300
2018-12-10,13.46000,13.56000,13.17000,13.39000,78900
2018-12-11,13.59000,13.59000,13.22000,13.24000,152100
2018-12-12,13.24000,13.55000,13.15000,13.32000,81900
2018-12-13,13.36000,13.42000,13.13000,13.21000,74300
2018-12-14,13.06000,13.34000,13.05000,13.08000,76200
2018-12-17,13.08000,13.10000,12.83000,12.86000,214900
2018-12-18,12.88000,12.99000,12.69000,12.78000,162500
2018-12-19,12.78000,12.89000,12.59000,12.77000,221100
2018-12-20,12.76000,12.80000,11.88000,12.74000,180900
2018-12-21,12.75000,12.88000,12.49000,12.65000,188300
2018-12-24,12.57000,12.97000,11.32000,12.57000,57200
2018-12-26,12.60000,12.91000,12.38000,12.88000,76900
2018-12-27,12.74000,12.99000,12.39000,12.69000,109900
2018-12-28,12.73000,13.14000,12.49000,12.89000,82500
2018-12-31,12.91000,13.05000,12.79000,13.00000,74000
2019-01-02,12.88000,13.33000,12.88000,13.33000,157000
2019-01-03,13.23000,13.40000,13.05000,13.20000,47800
2019-01-04,13.34000,13.47000,12.97000,13.41000,94400
2019-01-07,13.43000,13.46000,13.31000,13.44000,60900
2019-01-08,13.46000,13.57000,13.40000,13.56000,74400
2019-01-09,13.56000,13.61000,13.37000,13.44000,32300
2019-01-10,13.39000,13.75000,13.33000,13.58000,199700
2019-01-11,13.52000,13.73000,13.52000,13.60000,100800
2019-01-14,13.64000,13.70000,13.56000,13.56000,119900
2019-01-15,13.55000,14.18000,13.49000,14.11000,138900
2019-01-16,14.16000,14.32000,13.97000,14.23000,267200
2019-01-17,14.24000,14.48000,14.21000,14.34000,100200
2019-01-18,14.32000,14.47000,14.25000,14.27000,64200
2019-01-22,14.21000,14.30000,13.79000,13.79000,127100
2019-01-23,13.80000,13.96000,13.80000,13.91000,65100
2019-01-24,13.50000,13.80000,13.24000,13.44000,87200
2019-01-25,13.57000,14.31000,13.57000,14.20000,98500
2019-01-28,14.11000,14.27000,14.00000,14.21000,53300
2019-01-29,14.21000,14.34000,14.16000,14.27000,103000
2019-01-30,14.30000,14.30000,14.10000,14.14000,58000
2019-01-31,14.14000,14.14000,13.80000,14.03000,63000
2019-02-01,14.04000,14.14000,13.96000,14.12000,36300
2019-02-04,14.17000,14.23000,14.08000,14.19000,43300
2019-02-05,14.18000,14.23000,14.04000,14.10000,46100
2019-02-06,14.11000,14.14000,14.04000,14.12000,40000
2019-02-07,14.18000,14.23000,13.46000,14.16000,59200
2019-02-08,14.10000,14.22000,13.95000,13.95000,39900
2019-02-11,14.02000,14.06000,13.85000,14.05000,26300
2019-02-12,14.11000,14.22000,14.04000,14.14000,38600
2019-02-13,14.14000,14.23000,13.98000,14.09000,57000
2019-02-14,14.04000,14.09000,13.89000,13.96000,54200
2019-02-15,14.02000,14.32000,14.01000,14.24000,96700
2019-02-19,14.20000,14.39000,14.03000,14.31000,58200
2019-02-20,14.31000,14.50000,14.31000,14.40000,53600
2019-02-21,14.39000,14.44000,14.19000,14.41000,66100
2019-02-22,14.42000,14.76000,14.40000,14.75000,53800
2019-02-25,14.80000,14.80000,14.67000,14.70000,55900
2019-02-26,14.71000,14.72000,14.38000,14.40000,50000
2019-02-27,14.42000,14.50000,14.31000,14.40000,27000
2019-02-28,14.41000,14.41000,14.28000,14.28000,45000
2019-03-01,14.38000,14.38000,14.20000,14.36000,39000
2019-03-04,14.33000,14.41000,14.25000,14.35000,38000
2019-03-05,13.98000,14.30000,13.98000,14.23000,62700
2019-03-06,14.23000,14.24000,13.81000,13.87000,60700
2019-03-07,13.83000,14.01000,13.70000,13.74000,43300
2019-03-08,13.74000,13.83000,13.72000,13.76000,35600
2019-03-11,13.76000,13.97000,13.69000,13.92000,55000
2019-03-12,13.96000,14.03000,13.85000,13.93000,29500
2019-03-13,13.98000,14.14000,13.95000,13.98000,35400
2019-03-14,13.95000,14.07000,13.94000,13.96000,21500
2019-03-15,13.95000,14.15000,13.87000,13.91000,127600
2019-03-18,13.97000,14.12000,13.97000,14.06000,34400
2019-03-19,14.09000,14.09000,13.08000,13.67000,33400
2019-03-20,13.69000,13.78000,13.42000,13.43000,41200
2019-03-21,13.39000,13.58000,13.12000,13.12000,45500
2019-03-22,13.02000,13.04000,12.35000,12.50000,86900
2019-03-25,12.48000,12.60000,12.17000,12.28000,108100
2019-03-26,12.01000,12.55000,12.01000,12.55000,71000
2019-03-27,12.50000,12.83000,12.28000,12.68000,78400
2019-03-28,12.83000,12.83000,12.42000,12.58000,53700
2019-03-29,12.62000,12.84000,12.26000,12.59000,324400
2019-04-01,12.65000,12.96000,12.53000,12.59000,77800
2019-04-02,12.60000,12.86000,12.56000,12.85000,115200
2019-04-03,12.95000,13.08000,12.84000,12.94000,92400
2019-04-04,12.95000,13.19000,12.95000,13.13000,36400
2019-04-05,13.14000,13.22000,13.00000,13.16000,41100
2019-04-08,13.13000,13.28000,13.12000,13.23000,38800
2019-04-09,13.37000,13.52000,13.24000,13.34000,58600
2019-04-10,13.20000,13.40000,13.19000,13.34000,50200
2019-04-11,13.35000,13.41000,13.23000,13.37000,58800
2019-04-12,13.47000,13.63000,13.41000,13.60000,28200
2019-04-15,13.59000,13.64000,13.37000,13.42000,21900
2019-04-16,13.47000,13.57000,13.38000,13.50000,44500
2019-04-17,13.53000,13.53000,13.35000,13.42000,29200
2019-04-18,13.35000,13.44000,13.18000,13.24000,46900
2019-04-22,13.23000,13.33000,12.81000,12.88000,25800
2019-04-23,12.84000,13.48000,12.84000,13.47000,178800
2019-04-24,13.43000,13.43000,13.17000,13.18000,37000
2019-04-25,12.77000,13.14000,12.37000,12.73000,147100
2019-04-26,12.71000,12.90000,12.31000,12.83000,41000
2019-04-29,12.79000,13.21000,12.79000,13.09000,50600
2019-04-30,13.08000,13.27000,12.96000,13.25000,97800
2019-05-01,13.21000,13.31000,13.11000,13.25000,85200
2019-05-02,13.25000,13.44000,13.20000,13.27000,30100
2019-05-03,13.36000,13.58000,13.34000,13.52000,27600
2019-05-06,13.37000,13.62000,13.13000,13.47000,28700
2019-05-07,13.36000,13.48000,13.18000,13.25000,28400
2019-05-08,13.16000,13.35000,13.10000,13.22000,35200
2019-05-09,13.12000,13.32000,13.08000,13.26000,32500
2019-05-10,13.25000,13.30000,13.04000,13.28000,22900
2019-05-13,13.15000,13.22000,12.74000,12.75000,58500
2019-05-14,12.77000,13.00000,12.31000,12.93000,53500
2019-05-15,12.85000,12.85000,12.71000,12.84000,23100
2019-05-16,12.89000,13.02000,12.89000,13.00000,34200
2019-05-17,12.85000,12.94000,12.52000,12.85000,35500
2019-05-20,12.79000,13.07000,12.73000,12.99000,21500
2019-05-21,13.04000,13.04000,12.88000,12.91000,25800
2019-05-22,12.89000,12.90000,12.66000,12.72000,19500
2019-05-23,12.54000,12.65000,12.36000,12.51000,55500
2019-05-24,12.50000,12.66000,12.48000,12.64000,59200
2019-05-28,12.57000,12.73000,12.48000,12.50000,47900
2019-05-29,12.50000,12.64000,12.39000,12.59000,94600
2019-05-30,12.67000,12.67000,12.26000,12.41000,55600
2019-05-31,12.24000,12.35000,12.17000,12.20000,54900
2019-06-03,12.19000,12.37000,12.11000,12.24000,90400
2019-06-04,12.27000,12.59000,12.25000,12.50000,56500
2019-06-05,12.44000,12.47000,12.23000,12.32000,57900
2019-06-06,12.31000,12.62000,12.05000,12.14000,43400
2019-06-07,12.07000,12.10000,11.43000,12.04000,67700
2019-06-10,12.03000,12.43000,11.60000,12.40000,84500
2019-06-11,12.50000,12.53000,12.25000,12.40000,29800
2019-06-12,12.38000,12.51000,12.21000,12.39000,39000
2019-06-13,12.49000,12.57000,12.37000,12.48000,30300
2019-06-14,12.44000,12.61000,12.01000,12.46000,38500
2019-06-17,12.28000,12.51000,12.28000,12.41000,36700
2019-06-18,12.44000,12.74000,12.32000,12.73000,53800
2019-06-19,12.72000,12.80000,12.63000,12.67000,32800
2019-06-20,12.77000,12.77000,12.53000,12.75000,30800
2019-06-21,12.64000,12.76000,12.38000,12.38000,58100
2019-06-24,12.38000,12.52000,12.38000,12.40000,69300
2019-06-25,12.35000,12.55000,12.35000,12.51000,50800
2019-06-26,12.50000,12.58000,12.25000,12.31000,47100
2019-06-27,12.28000,12.71000,12.27000,12.71000,122400
2019-06-28,12.75000,12.99000,12.71000,12.77000,119700
2019-07-01,12.87000,12.98000,12.65000,12.73000,39400
2019-07-02,12.67000,12.82000,12.55000,12.70000,27200
2019-07-03,12.73000,12.85000,12.71000,12.83000,12000
2019-07-05,12.83000,13.02000,12.78000,12.86000,29200
2019-07-08,12.70000,12.83000,12.45000,12.79000,33100
2019-07-09,12.65000,12.84000,12.59000,12.82000,27300
2019-07-10,12.84000,12.84000,12.61000,12.62000,32600
2019-07-11,12.62000,12.72000,12.56000,12.63000,27000
2019-07-12,12.59000,12.74000,12.59000,12.69000,36900
2019-07-15,12.69000,12.69000,12.44000,12.54000,72200
2019-07-16,12.47000,12.68000,12.45000,12.56000,64900
2019-07-17,12.49000,12.62000,12.43000,12.50000,179300
2019-07-18,12.46000,12.65000,12.45000,12.55000,24100
2019-07-19,12.48000,12.66000,12.48000,12.52000,31300
2019-07-22,12.47000,12.55000,12.37000,12.39000,142400
2019-07-23,12.42000,12.59000,12.42000,12.56000,28700
2019-07-24,12.54000,12.88000,12.54000,12.78000,67300
2019-07-25,12.05000,13.43000,12.05000,13.09000,142800
2019-07-26,13.16000,13.60000,12.78000,13.25000,82300
2019-07-29,13.25000,13.30000,13.05000,13.08000,51400
2019-07-30,12.99000,13.28000,12.99000,13.21000,57200
2019-07-31,13.20000,13.33000,13.00000,13.14000,89700
2019-08-01,13.08000,13.23000,12.61000,12.64000,143500
2019-08-02,12.66000,12.68000,12.31000,12.47000,37500
2019-08-05,12.30000,12.30000,11.87000,11.99000,46000
2019-08-06,11.98000,12.18000,11.90000,12.11000,76000
2019-08-07,11.91000,12.17000,11.87000,12.11000,50200
2019-08-08,12.24000,12.35000,12.20000,12.23000,74200
2019-08-09,12.20000,12.48000,12.06000,12.18000,52400
2019-08-12,12.09000,12.11000,11.98000,11.99000,24100
2019-08-13,11.96000,12.15000,11.92000,12.07000,74800
2019-08-14,11.86000,11.86000,11.60000,11.79000,61700
2019-08-15,11.80000,11.84000,11.69000,11.78000,67500
2019-08-16,11.77000,12.14000,11.77000,12.07000,55500
2019-08-19,12.25000,12.43000,12.04000,12.12000,32500
2019-08-20,12.04000,12.14000,11.85000,11.89000,19300
2019-08-21,11.92000,12.02000,11.87000,12.00000,36500
2019-08-22,12.07000,12.23000,11.96000,11.98000,40400
2019-08-23,11.90000,12.02000,11.57000,11.60000,64800
2019-08-26,11.76000,11.85000,11.65000,11.83000,75500
2019-08-27,11.94000,12.07000,11.65000,11.71000,70700
2019-08-28,11.79000,11.94000,11.72000,11.73000,36400
2019-08-29,11.86000,12.00000,11.24000,11.85000,43000
2019-08-30,11.97000,11.97000,11.66000,11.79000,41200
2019-09-03,11.66000,11.72000,11.32000,11.46000,58400
2019-09-04,11.59000,11.61000,11.42000,11.60000,109300
2019-09-05,11.80000,12.00000,11.80000,11.91000,111800
2019-09-06,11.97000,12.06000,11.84000,11.87000,49600
2019-09-09,11.90000,12.27000,11.90000,12.26000,75700
2019-09-10,12.27000,12.58000,12.20000,12.48000,87900
2019-09-11,12.58000,12.88000,12.49000,12.86000,82000
2019-09-12,12.81000,13.00000,12.70000,12.90000,84200
2019-09-13,12.99000,13.05000,12.84000,12.84000,77900
2019-09-16,12.70000,12.95000,12.63000,12.84000,62400
2019-09-17,12.72000,12.88000,12.63000,12.82000,59300
2019-09-18,12.80000,12.97000,12.75000,12.83000,80800
2019-09-19,12.85000,12.95000,12.60000,12.62000,41100
2019-09-20,12.63000,12.85000,12.55000,12.59000,131400
2019-09-23,12.53000,12.60000,12.42000,12.51000,40900
2019-09-24,12.59000,12.59000,12.30000,12.36000,163100
2019-09-25,12.37000,12.58000,12.33000,12.55000,257200
2019-09-26,12.47000,12.61000,12.34000,12.36000,57300
2019-09-27,12.42000,12.60000,12.28000,12.32000,55600
2019-09-30,12.29000,12.38000,12.18000,12.22000,46700
2019-10-01,12.26000,12.44000,11.93000,11.97000,59400
2019-10-02,11.80000,12.03000,11.80000,11.91000,43600
2019-10-03,11.82000,11.90000,11.73000,11.83000,26600
2019-10-04,11.80000,11.99000,11.73000,11.94000,52000
2019-10-07,11.84000,12.07000,11.84000,11.98000,30900
2019-10-08,11.84000,11.90000,11.76000,11.76000,30300
2019-10-09,11.82000,11.87000,11.72000,11.81000,26400
2019-10-10,11.89000,12.02000,11.84000,11.86000,79900
2019-10-11,12.07000,12.23000,11.93000,11.97000,62100
2019-10-14,11.85000,11.96000,11.74000,11.94000,71200
2019-10-15,11.95000,12.19000,11.95000,12.10000,65500
2019-10-16,12.15000,12.20000,12.02000,12.09000,50300
2019-10-17,12.09000,12.17000,12.01000,12.17000,53700
2019-10-18,12.07000,12.21000,12.06000,12.14000,49300
2019-10-21,12.19000,12.36000,12.16000,12.25000,83400
2019-10-22,12.20000,12.52000,12.11000,12.43000,32700
2019-10-23,12.41000,12.69000,12.13000,12.59000,34600
2019-10-24,13.00000,13.00000,12.29000,12.30000,50100
2019-10-25,12.41000,12.59000,12.36000,12.36000,46200
2019-10-28,12.33000,12.52000,12.33000,12.45000,49900
2019-10-29,12.46000,12.50000,12.38000,12.40000,47900
2019-10-30,12.35000,12.35000,12.15000,12.25000,63100
2019-10-31,12.15000,12.18000,11.94000,12.07000,62200
2019-11-01,12.17000,12.31000,11.97000,12.25000,41300
2019-11-04,12.38000,12.56000,12.37000,12.50000,97600
2019-11-05,12.58000,12.73000,12.42000,12.65000,73200
2019-11-06,12.64000,12.70000,12.54000,12.63000,62800
2019-11-07,12.69000,12.76000,12.54000,12.59000,56300
2019-11-08,12.51000,12.61000,12.38000,12.50000,84200
2019-11-11,12.44000,12.50000,12.41000,12.50000,33900
2019-11-12,12.49000,12.63000,12.45000,12.55000,84600
2019-11-13,12.46000,12.54000,12.38000,12.50000,99400
2019-11-14,12.48000,12.58000,12.37000,12.47000,67600
2019-11-15,12.54000,12.59000,12.40000,12.48000,47600
2019-11-18,12.40000,12.40000,12.29000,12.33000,30700
2019-11-19,12.44000,12.45000,12.26000,12.39000,55100
2019-11-20,12.27000,12.39000,12.20000,12.33000,96600
2019-11-21,12.39000,12.49000,12.26000,12.43000,97800
2019-11-22,12.44000,12.55000,12.38000,12.47000,45400
2019-11-25,12.48000,12.62000,12.44000,12.57000,66600
2019-11-26,12.48000,12.58000,12.47000,12.49000,35500
2019-11-27,12.52000,12.60000,12.44000,12.47000,36700
2019-11-29,12.41000,12.49000,12.33000,12.35000,19900
2019-12-02,12.39000,12.46000,12.17000,12.24000,57800
2019-12-03,12.12000,12.35000,11.96000,12.31000,83400
2019-12-04,12.39000,12.45000,12.35000,12.40000,139800
2019-12-05,12.40000,12.46000,12.37000,12.41000,37700
2019-12-06,12.56000,12.61000,12.46000,12.48000,58500
2019-12-09,12.45000,12.49000,12.38000,12.45000,52000
2019-12-10,12.38000,12.70000,12.38000,12.52000,115400
2019-12-11,12.56000,12.61000,12.45000,12.57000,78900
2019-12-12,12.56000,12.83000,12.56000,12.74000,65300
2019-12-13,12.73000,12.73000,12.49000,12.66000,85900
2019-12-16,12.78000,12.90000,12.68000,12.81000,38800
2019-12-17,12.85000,13.00000,12.79000,12.98000,80700
2019-12-18,13.00000,13.23000,12.88000,13.16000,79900
2019-12-19,13.30000,13.63000,13.25000,13.34000,103600
2019-12-20,13.38000,13.44000,13.18000,13.26000,131100
2019-12-23,13.24000,13.28000,13.07000,13.14000,30900
2019-12-24,13.14000,13.18000,13.10000,13.18000,16100
2019-12-26,13.21000,13.51000,13.14000,13.50000,87500
2019-12-27,13.55000,13.77000,13.40000,13.53000,141300
2019-12-30,13.53000,13.62000,13.47000,13.56000,55000
2019-12-31,13.48000,13.56000,13.39000,13.47000,74400
2020-01-02,13.51000,13.55000,13.40000,13.49000,111200
2020-01-03,13.33000,13.40000,13.26000,13.33000,49200
2020-01-06,13.26000,13.28000,13.04000,13.16000,118900
2020-01-07,13.10000,13.10000,12.96000,13.05000,55300
2020-01-08,13.02000,13.16000,12.99000,13.14000,52500
2020-01-09,13.19000,13.19000,12.92000,12.95000,70900
2020-01-10,12.90000,12.97000,12.80000,12.89000,61700
2020-01-13,12.88000,12.98000,12.82000,12.98000,114600
2020-01-14,12.93000,12.95000,12.86000,12.88000,42700
2020-01-15,12.81000,12.88000,12.50000,12.61000,94800
2020-01-16,12.69000,13.01000,12.69000,12.98000,81200
2020-01-17,13.00000,13.22000,12.93000,13.22000,662500
2020-01-21,13.09000,13.33000,12.94000,13.05000,169200
2020-01-22,13.06000,13.24000,12.96000,13.19000,86600
2020-01-23,12.61000,13.06000,12.29000,12.91000,213800
2020-01-24,13.00000,13.00000,12.65000,12.69000,248100
2020-01-27,12.46000,12.71000,12.45000,12.57000,104900
2020-01-28,12.58000,12.75000,12.25000,12.58000,263100
2020-01-29,12.56000,12.62000,12.41000,12.43000,142500
2020-01-30,12.32000,12.47000,12.25000,12.45000,58000
2020-01-31,12.38000,12.44000,12.22000,12.29000,165500
2020-02-03,12.35000,12.48000,12.29000,12.43000,99400
2020-02-04,12.54000,12.67000,12.52000,12.58000,111900
2020-02-05,12.70000,12.76000,12.59000,12.69000,147600
2020-02-06,12.73000,12.73000,12.52000,12.58000,119200
2020-02-07,12.54000,12.60000,12.33000,12.39000,139800
2020-02-10,12.38000,12.51000,12.35000,12.48000,66400
2020-02-11,12.54000,12.71000,12.45000,12.59000,67600
2020-02-12,12.67000,12.70000,12.40000,12.40000,102400
2020-02-13,12.39000,12.45000,12.33000,12.43000,43100
2020-02-14,12.43000,12.43000,12.25000,12.33000,45300
2020-02-18,12.28000,12.31000,12.24000,12.26000,47800
2020-02-19,12.28000,12.28000,12.24000,12.25000,56200
2020-02-20,12.21000,12.58000,12.21000,12.58000,119900
2020-02-21,12.64000,13.26000,12.43000,12.67000,251600
2020-02-24,12.39000,12.43000,12.01000,12.15000,96500
2020-02-25,12.13000,12.13000,11.54000,11.59000,208400
2020-02-26,11.60000,11.66000,11.46000,11.51000,78200
2020-02-27,11.30000,11.48000,11.05000,11.07000,99800
2020-02-28,10.72000,10.91000,10.40000,10.64000,219200
2020-03-02,10.61000,11.04000,10.44000,11.01000,128700
2020-03-03,11.01000,11.34000,10.95000,11.02000,165700
2020-03-04,11.13000,11.13000,10.41000,10.86000,75900
2020-03-05,10.70000,10.70000,10.17000,10.40000,90200
2020-03-06,9.88000,10.35000,9.69000,10.12000,104300
2020-03-09,9.52000,9.59000,8.68000,8.73000,89600
2020-03-10,8.95000,9.04000,8.29000,8.76000,109200
2020-03-11,8.49000,8.61000,8.17000,8.23000,225300
2020-03-12,7.80000,8.16000,7.38000,7.48000,151900
2020-03-13,7.91000,7.93000,7.34000,7.90000,166600
2020-03-16,12.75000,12.75000,7.10000,7.17000,122900
2020-03-17,7.17000,7.65000,7.05000,7.65000,204300
2020-03-18,7.18000,7.40000,6.54000,6.80000,295000
2020-03-19,6.75000,8.43000,6.09000,8.25000,258700
2020-03-20,8.21000,8.30000,7.07000,7.18000,195800
2020-03-23,7.15000,7.15000,6.12000,6.22000,264900
2020-03-24,6.39000,6.97000,6.39000,6.74000,200600
2020-03-25,6.83000,6.88000,6.50000,6.53000,260000
2020-03-26,6.67000,7.47000,6.43000,7.45000,121800
2020-03-27,7.39000,7.39000,6.79000,7.00000,163300
2020-03-30,7.07000,7.47000,6.56000,7.20000,162200
2020-03-31,7.14000,7.31000,6.70000,6.91000,266600
2020-04-01,6.53000,6.70000,6.18000,6.24000,196800
2020-04-02,6.17000,6.73000,6.00000,6.24000,477400
2020-04-03,6.36000,6.71000,6.24000,6.71000,151500
2020-04-06,6.99000,7.37000,6.87000,7.31000,124000
2020-04-07,7.52000,8.08000,7.12000,7.27000,96300
2020-04-08,7.41000,7.58000,7.14000,7.52000,89100
2020-04-09,7.80000,8.26000,7.74000,8.24000,91800
2020-04-13,8.20000,8.79000,6.97000,7.98000,91300
2020-04-14,8.21000,8.32000,7.65000,7.84000,138700
2020-04-15,7.48000,7.72000,7.09000,7.12000,124500
2020-04-16,7.10000,7.12000,6.36000,6.51000,103800
2020-04-17,6.76000,7.31000,6.76000,7.17000,88100
2020-04-20,6.90000,7.21000,6.86000,6.99000,164300
2020-04-21,6.62000,6.99000,6.62000,6.87000,149500
2020-04-22,7.08000,7.20000,6.82000,6.85000,105000
2020-04-23,6.73000,6.99000,6.06000,6.56000,201800
2020-04-24,6.35000,6.72000,6.24000,6.69000,93300
2020-04-27,6.91000,7.53000,6.62000,7.31000,181800
2020-04-28,7.62000,7.94000,7.57000,7.85000,208800
2020-04-29,8.22000,8.98000,7.99000,8.79000,204800
2020-04-30,8.44000,8.44000,7.93000,8.23000,161800
2020-05-01,7.94000,8.07000,7.58000,7.91000,245700
2020-05-04,7.78000,8.09000,7.47000,7.62000,81700
2020-05-05,7.79000,7.79000,7.18000,7.19000,170600
2020-05-06,7.11000,7.29000,6.79000,6.83000,152200
2020-05-07,6.94000,7.12000,6.71000,6.76000,105100
2020-05-08,6.83000,7.29000,6.79000,7.24000,193000
2020-05-11,7.07000,7.07000,6.67000,6.81000,177700
2020-05-12,6.80000,6.92000,6.55000,6.61000,187200
2020-05-13,6.50000,6.52000,6.20000,6.37000,131100
2020-05-14,6.18000,6.39000,5.96000,6.31000,166100
2020-05-15,6.32000,6.53000,6.19000,6.33000,86400
2020-05-18,6.73000,7.00000,6.67000,6.95000,192900
2020-05-19,6.89000,7.05000,6.76000,6.86000,203600
2020-05-20,7.04000,7.16000,6.98000,7.07000,158400
2020-05-21,7.00000,7.31000,6.99000,7.18000,117000
2020-05-22,7.24000,7.24000,6.95000,7.01000,115700
2020-05-26,7.30000,7.45000,7.30000,7.41000,193500
2020-05-27,7.65000,8.12000,7.48000,8.09000,142600
2020-05-28,8.24000,8.24000,7.83000,7.87000,137800
2020-05-29,7.75000,7.85000,7.45000,7.70000,135700
2020-06-01,7.78000,7.92000,7.67000,7.81000,226200
2020-06-02,7.85000,7.99000,7.62000,7.75000,81900
2020-06-03,7.95000,8.29000,7.83000,8.11000,624500
2020-06-04,8.01000,8.28000,8.00000,8.25000,102300
2020-06-05,8.79000,9.16000,8.36000,8.85000,145100
2020-06-08,9.06000,9.18000,8.79000,8.95000,92600
2020-06-09,8.71000,8.90000,8.45000,8.75000,70700
2020-06-10,8.69000,8.69000,8.01000,8.02000,94600
2020-06-11,7.53000,7.92000,7.49000,7.50000,144500
2020-06-12,7.87000,7.87000,7.50000,7.67000,166000
2020-06-15,7.30000,7.75000,7.29000,7.61000,216900
2020-06-16,8.01000,8.04000,7.74000,7.82000,135800
2020-06-17,7.76000,7.85000,7.49000,7.50000,85900
2020-06-18,7.39000,7.63000,7.39000,7.52000,44300
2020-06-19,7.67000,7.67000,7.35000,7.62000,192900
2020-06-22,7.51000,7.68000,7.49000,7.64000,131500
2020-06-23,7.77000,7.86000,7.56000,7.58000,100000
2020-06-24,7.44000,7.54000,7.15000,7.16000,107900
2020-06-25,7.09000,7.35000,7.09000,7.31000,110400
2020-06-26,7.22000,7.27000,6.92000,7.15000,419500
2020-06-29,7.31000,7.53000,7.22000,7.53000,121800
2020-06-30,7.49000,7.81000,7.30000,7.78000,145400
2020-07-01,7.84000,7.85000,7.44000,7.54000,102700
2020-07-02,7.76000,7.81000,7.43000,7.47000,57300
2020-07-06,7.57000,7.74000,7.44000,7.57000,107400
2020-07-07,7.47000,7.49000,7.30000,7.33000,82500
2020-07-08,7.31000,7.42000,7.13000,7.36000,122100
2020-07-09,7.40000,7.59000,6.95000,6.98000,109800
2020-07-10,7.02000,7.27000,6.96000,7.20000,71900
2020-07-13,7.32000,7.53000,7.15000,7.40000,127200
2020-07-14,7.40000,7.42000,7.17000,7.26000,71700
2020-07-15,7.53000,7.83000,7.42000,7.72000,76300
2020-07-16,7.67000,7.76000,7.60000,7.69000,57500
2020-07-17,7.70000,7.85000,7.60000,7.72000,140900
2020-07-20,7.66000,7.71000,7.43000,7.43000,70100
2020-07-21,7.56000,7.92000,7.55000,7.91000,43900
2020-07-22,7.80000,7.89000,7.71000,7.79000,64500
2020-07-23,7.89000,8.88000,7.89000,8.53000,157200
2020-07-24,8.77000,8.83000,8.29000,8.32000,67600
2020-07-27,8.24000,8.36000,8.09000,8.15000,62400
2020-07-28,8.06000,8.39000,8.06000,8.22000,127000
2020-07-29,8.22000,8.52000,7.93000,8.50000,74800
2020-07-30,8.29000,8.48000,8.19000,8.47000,76100
2020-07-31,8.40000,8.40000,8.06000,8.32000,106200
2020-08-03,8.40000,8.40000,8.00000,8.04000,68600
2020-08-04,7.97000,8.00000,7.72000,7.81000,51700
2020-08-05,7.93000,8.13000,7.84000,8.11000,58300
2020-08-06,8.11000,8.17000,8.04000,8.09000,26700
2020-08-07,7.96000,8.58000,7.83000,8.55000,71500
2020-08-10,8.60000,8.83000,8.59000,8.67000,41200
2020-08-11,8.87000,8.97000,8.67000,8.70000,76000
2020-08-12,8.83000,8.83000,8.41000,8.64000,55600
2020-08-13,8.53000,8.55000,8.28000,8.44000,54900
2020-08-14,8.33000,8.65000,8.33000,8.57000,43600
2020-08-17,8.52000,8.58000,8.38000,8.56000,106000
2020-08-18,8.52000,8.52000,8.14000,8.16000,43700
2020-08-19,8.15000,8.28000,8.06000,8.15000,69800
2020-08-20,8.01000,8.24000,8.00000,8.04000,26800
2020-08-21,8.04000,8.10000,7.93000,8.10000,114400
2020-08-24,8.22000,8.29000,8.10000,8.26000,50700
2020-08-25,8.34000,8.34000,8.09000,8.20000,48300
2020-08-26,8.17000,8.17000,7.94000,8.04000,81600
2020-08-27,8.10000,8.21000,8.09000,8.12000,67500
2020-08-28,8.23000,8.31000,8.06000,8.29000,65700
2020-08-31,8.22000,8.47000,8.11000,8.17000,62700
2020-09-01,8.09000,8.19000,8.03000,8.10000,48800
2020-09-02,8.07000,8.28000,8.07000,8.25000,33000
2020-09-03,8.30000,8.50000,8.22000,8.48000,58200
2020-09-04,8.69000,8.69000,8.36000,8.62000,75300
2020-09-08,8.58000,8.58000,8.05000,8.20000,89300
2020-09-09,8.22000,8.32000,8.12000,8.22000,80600
2020-09-10,8.20000,8.26000,8.13000,8.21000,121900
2020-09-11,8.27000,8.31000,8.19000,8.23000,70100
2020-09-14,8.26000,8.44000,8.15000,8.38000,56900
2020-09-15,8.41000,8.41000,8.21000,8.26000,48600
2020-09-16,8.30000,8.53000,8.17000,8.33000,55300
2020-09-17,8.13000,8.30000,8.13000,8.26000,48000
2020-09-18,8.34000,8.34000,8.18000,8.26000,199700
2020-09-21,8.10000,8.10000,7.66000,7.70000,86500
2020-09-22,7.69000,7.76000,7.31000,7.34000,68100
2020-09-23,7.70000,7.98000,7.39000,7.41000,120400
2020-09-24,7.44000,7.53000,7.26000,7.29000,31100
2020-09-25,7.19000,7.39000,7.19000,7.29000,47000
2020-09-28,7.35000,7.63000,7.35000,7.57000,56600
2020-09-29,7.52000,7.56000,7.32000,7.53000,42900
2020-09-30,7.54000,7.70000,7.42000,7.50000,75800
2020-10-01,7.55000,7.78000,7.38000,7.74000,102900
2020-10-02,7.67000,8.19000,7.60000,8.13000,71500
2020-10-05,8.20000,8.35000,8.13000,8.26000,39200
2020-10-06,8.35000,8.76000,8.30000,8.34000,49700
2020-10-07,8.38000,8.58000,8.30000,8.56000,38500
2020-10-08,8.65000,8.70000,8.30000,8.53000,63300
2020-10-09,8.64000,8.64000,8.38000,8.51000,27200
2020-10-12,8.58000,8.64000,8.37000,8.58000,32900
2020-10-13,8.52000,8.67000,8.21000,8.60000,63100
2020-10-14,8.62000,8.85000,8.59000,8.77000,119500
2020-10-15,8.60000,8.77000,8.47000,8.73000,70700
2020-10-16,8.71000,8.89000,8.69000,8.76000,40500
2020-10-19,8.29000,8.81000,8.29000,8.64000,45200
2020-10-20,8.77000,8.92000,8.70000,8.72000,26800
2020-10-21,8.71000,8.97000,8.71000,8.93000,37100
2020-10-22,8.98000,9.53000,8.77000,9.24000,122900
2020-10-23,9.44000,9.63000,9.23000,9.36000,48300
2020-10-26,9.20000,9.47000,9.03000,9.45000,50400
2020-10-27,8.79000,9.41000,8.79000,9.13000,76500
2020-10-28,8.96000,9.11000,8.86000,8.97000,65600
2020-10-29,8.88000,9.13000,8.57000,9.07000,52800
2020-10-30,9.04000,9.38000,8.38000,8.55000,149600
2020-11-02,8.69000,9.07000,8.66000,9.03000,51500
2020-11-03,9.26000,9.44000,9.04000,9.39000,106400
2020-11-04,9.12000,9.57000,8.78000,8.81000,41700
2020-11-05,8.78000,9.24000,8.78000,9.18000,37800
2020-11-06,9.32000,9.32000,8.85000,8.86000,38900
2020-11-09,9.60000,10.14000,9.49000,9.85000,100900
2020-11-10,10.02000,10.16000,9.88000,9.95000,101100
2020-11-11,9.99000,9.99000,9.71000,9.84000,40200
2020-11-12,9.65000,9.68000,9.23000,9.39000,90500
2020-11-13,9.50000,9.74000,9.48000,9.68000,80300
2020-11-16,9.79000,10.19000,9.79000,10.00000,101300
2020-11-17,9.99000,10.02000,9.66000,9.95000,46300
2020-11-18,9.77000,10.13000,9.77000,9.79000,47800
2020-11-19,9.72000,9.79000,9.53000,9.77000,32200
2020-11-20,9.60000,9.74000,9.43000,9.68000,56100
2020-11-23,9.72000,9.88000,9.67000,9.73000,42800
2020-11-24,10.32000,10.57000,9.82000,10.50000,90600
2020-11-25,10.50000,10.50000,10.10000,10.32000,40700
2020-11-27,10.55000,10.55000,9.95000,10.20000,22100
2020-11-30,10.09000,10.09000,9.66000,9.66000,88000
2020-12-01,10.15000,10.15000,9.74000,10.00000,184500
2020-12-02,9.98000,10.16000,9.84000,10.11000,30900
2020-12-03,10.14000,10.17000,9.93000,9.96000,23500
2020-12-04,10.35000,10.39000,9.89000,10.32000,27400
2020-12-07,10.21000,10.38000,9.94000,10.35000,43200
2020-12-08,10.30000,10.49000,10.27000,10.44000,50700
2020-12-09,10.49000,10.78000,10.35000,10.42000,81600
2020-12-10,10.31000,10.37000,10.30000,10.33000,23700
2020-12-11,10.30000,10.35000,10.13000,10.27000,35900
2020-12-14,10.31000,10.46000,9.95000,10.10000,60300
2020-12-15,10.26000,10.52000,10.10000,10.24000,83700
2020-12-16,10.23000,10.29000,10.04000,10.12000,85000
2020-12-17,10.07000,10.07000,9.90000,10.00000,64700
2020-12-18,10.00000,10.10000,9.53000,9.57000,265400
2020-12-21,9.49000,9.86000,9.44000,9.86000,84900
2020-12-22,9.70000,9.96000,9.44000,9.83000,64200
2020-12-23,9.68000,10.00000,9.68000,10.00000,43700
2020-12-24,10.26000,10.26000,9.91000,9.97000,21100
2020-12-28,9.97000,10.15000,9.94000,10.02000,56300
2020-12-29,10.10000,10.10000,9.88000,10.09000,71500
2020-12-30,9.84000,10.28000,9.84000,10.21000,53600
2020-12-31,10.30000,10.30000,10.09000,10.10000,114500
2021-01-04,10.20000,10.30000,9.86000,10.05000,60900
2021-01-05,10.06000,10.41000,10.01000,10.22000,70700
2021-01-06,10.49000,11.31000,10.49000,10.94000,87200
2021-01-07,11.28000,11.28000,11.00000,11.09000,89000
2021-01-08,11.10000,11.10000,10.61000,10.90000,71200
2021-01-11,10.62000,10.94000,10.62000,10.81000,37900
2021-01-12,10.87000,11.09000,10.84000,11.00000,28200
2021-01-13,11.09000,11.09000,10.68000,10.74000,40900
2021-01-14,10.87000,11.00000,10.74000,10.90000,46000
2021-01-15,10.71000,10.86000,10.66000,10.84000,34400
2021-01-19,10.94000,10.94000,10.71000,10.85000,53200
2021-01-20,10.90000,10.97000,10.52000,10.75000,65000
2021-01-21,10.81000,10.81000,10.41000,10.46000,70800
2021-01-22,10.37000,10.69000,10.27000,10.63000,87600
2021-01-25,10.53000,10.60000,10.24000,10.52000,41700
2021-01-26,10.81000,10.81000,10.30000,10.33000,46600
2021-01-27,10.31000,10.43000,9.81000,9.93000,125200
2021-01-28,10.14000,10.20000,9.78000,9.83000,99100
2021-01-29,9.93000,9.97000,9.75000,9.82000,106900
2021-02-01,9.84000,10.36000,9.77000,10.26000,95700
2021-02-02,10.44000,10.53000,10.30000,10.44000,87000
2021-02-03,10.44000,10.64000,10.35000,10.61000,105900
2021-02-04,10.67000,11.07000,10.59000,11.07000,88300
2021-02-05,11.21000,11.21000,10.97000,11.12000,81700
2021-02-08,11.12000,11.45000,11.06000,11.45000,101400
2021-02-09,11.29000,11.59000,11.29000,11.50000,70400
2021-02-10,11.53000,11.62000,11.37000,11.39000,67500
2021-02-11,11.42000,11.56000,11.19000,11.26000,75900
2021-02-12,11.16000,11.31000,11.10000,11.17000,64300
2021-02-16,11.37000,11.50000,11.32000,11.33000,59400
2021-02-17,10.64000,11.38000,10.64000,11.15000,47900
2021-02-18,11.13000,11.29000,11.06000,11.06000,55500
2021-02-19,11.12000,11.51000,11.09000,11.46000,62100
2021-02-22,11.34000,11.70000,11.34000,11.55000,61100
2021-02-23,11.57000,12.22000,11.57000,11.79000,117900
2021-02-24,11.90000,12.35000,11.83000,12.12000,103300
2021-02-25,12.23000,12.31000,11.78000,11.78000,101200
2021-02-26,11.79000,12.30000,11.57000,11.97000,125200
2021-03-01,12.27000,12.30000,12.01000,12.18000,76500
2021-03-02,12.24000,12.40000,12.09000,12.27000,78100
2021-03-03,12.38000,12.85000,12.32000,12.62000,102300
2021-03-04,12.61000,12.97000,12.32000,12.43000,65200
2021-03-05,12.72000,12.99000,12.54000,12.99000,73500
2021-03-08,13.11000,13.88000,13.11000,13.78000,195900
2021-03-09,13.75000,13.75000,13.16000,13.25000,80600
2021-03-10,13.28000,13.59000,13.10000,13.34000,88900
2021-03-11,13.30000,13.48000,12.25000,12.98000,180200
2021-03-12,13.13000,13.36000,13.08000,13.25000,160300
2021-03-15,13.64000,13.82000,13.32000,13.77000,280300
2021-03-16,13.65000,13.66000,12.95000,13.16000,106700
2021-03-17,13.33000,13.57000,13.25000,13.31000,85700
2021-03-18,13.49000,14.16000,13.44000,13.54000,158500
2021-03-19,13.41000,13.80000,13.01000,13.65000,444500
2021-03-22,13.36000,14.05000,13.21000,13.54000,165900
2021-03-23,13.36000,13.51000,13.05000,13.09000,123700
2021-03-24,13.36000,13.93000,13.12000,13.12000,130000
2021-03-25,13.15000,13.40000,12.79000,13.21000,176500
2021-03-26,13.54000,13.88000,13.25000,13.69000,114400
2021-03-29,13.64000,13.82000,13.17000,13.29000,96200
2021-03-30,13.46000,13.67000,13.38000,13.46000,50400
2021-03-31,13.38000,13.68000,13.15000,13.21000,122000
2021-04-01,12.97000,13.50000,12.82000,13.16000,116000
2021-04-05,13.15000,13.15000,12.77000,13.08000,186900
2021-04-06,13.01000,13.16000,12.84000,12.88000,105100
2021-04-07,12.99000,13.10000,12.78000,12.92000,101100
2021-04-08,12.86000,13.11000,12.75000,13.05000,79700
2021-04-09,13.10000,13.51000,13.04000,13.44000,213600
2021-04-12,13.45000,13.58000,13.22000,13.36000,103800
2021-04-13,12.99000,13.24000,12.84000,12.86000,86300
2021-04-14,12.83000,13.12000,12.67000,12.96000,54900
2021-04-15,12.93000,12.93000,12.59000,12.92000,69200
2021-04-16,13.05000,13.21000,12.88000,13.04000,59900
2021-04-19,12.93000,13.15000,12.46000,12.94000,117800
2021-04-20,13.38000,13.38000,12.45000,12.48000,49400
2021-04-21,12.44000,12.76000,12.44000,12.70000,37100
2021-04-22,12.62000,13.07000,12.62000,12.75000,70200
2021-04-23,12.88000,13.08000,12.88000,12.96000,98900
2021-04-26,12.67000,13.50000,12.67000,13.36000,132400
2021-04-27,13.36000,13.39000,13.11000,13.15000,116900
2021-04-28,13.20000,13.40000,13.07000,13.36000,119700
2021-04-29,13.50000,13.74000,13.35000,13.39000,108200
2021-04-30,13.02000,13.33000,13.02000,13.21000,106600
2021-05-03,13.42000,13.66000,13.31000,13.63000,118700
2021-05-04,13.45000,13.75000,13.33000,13.56000,100800
2021-05-05,13.64000,13.82000,13.38000,13.76000,79600
2021-05-06,13.79000,14.11000,13.67000,14.10000,111900
2021-05-07,13.82000,14.10000,13.82000,14.06000,71100
2021-05-10,14.17000,14.45000,14.08000,14.09000,95200
2021-05-11,14.13000,14.13000,13.73000,13.83000,63300
2021-05-12,13.95000,14.17000,13.80000,13.83000,98900
2021-05-13,13.80000,14.36000,13.69000,14.25000,156600
2021-05-14,14.27000,14.44000,13.80000,14.16000,114500
2021-05-17,14.15000,14.16000,13.93000,14.00000,111100
2021-05-18,13.99000,14.05000,13.80000,13.81000,86900
2021-05-19,14.00000,14.00000,13.47000,13.87000,67200
2021-05-20,13.61000,13.94000,13.59000,13.89000,54200
2021-05-21,14.06000,14.18000,13.87000,13.99000,91500
2021-05-24,13.99000,13.99000,13.46000,13.75000,63100
2021-05-25,13.72000,13.75000,13.20000,13.24000,104100
2021-05-26,13.26000,13.66000,13.25000,13.60000,93200
2021-05-27,13.94000,13.94000,13.73000,13.80000,126400
2021-05-28,13.50000,13.90000,13.50000,13.86000,60100
2021-06-01,13.92000,14.15000,13.76000,14.10000,116800
2021-06-02,14.19000,14.19000,13.88000,13.94000,80000
2021-06-03,13.96000,14.00000,13.85000,13.90000,79400
2021-06-04,13.87000,13.98000,13.75000,13.95000,40900
2021-06-07,13.98000,14.10000,13.83000,13.92000,101500
2021-06-08,13.84000,13.92000,13.77000,13.86000,53400
2021-06-09,13.77000,13.82000,13.72000,13.79000,67900
2021-06-10,13.90000,13.90000,13.57000,13.59000,69800
2021-06-11,13.65000,13.72000,13.51000,13.56000,97600
2021-06-14,13.60000,13.60000,13.25000,13.42000,77600
2021-06-15,13.42000,13.54000,13.30000,13.46000,157600
2021-06-16,13.43000,13.63000,13.28000,13.55000,121300
2021-06-17,13.53000,13.81000,13.00000,13.03000,102400
2021-06-18,12.80000,13.25000,12.29000,12.35000,316600
2021-06-21,12.89000,12.99000,12.49000,12.91000,90000
2021-06-22,12.91000,12.91000,12.56000,12.75000,51100
2021-06-23,12.74000,12.93000,12.70000,12.77000,226400
2021-06-24,12.86000,13.07000,12.77000,13.05000,59200
2021-06-25,13.06000,13.24000,12.68000,12.75000,572400
2021-06-28,13.08000,13.13000,12.42000,12.56000,97400
2021-06-29,12.66000,12.66000,12.41000,12.44000,54600
2021-06-30,12.35000,12.51000,12.33000,12.40000,63500
2021-07-01,12.45000,12.61000,12.37000,12.57000,113800
2021-07-02,12.29000,12.60000,12.29000,12.40000,53900
2021-07-06,12.36000,12.36000,12.00000,12.17000,67100
2021-07-07,12.08000,12.23000,11.99000,12.14000,73000
2021-07-08,11.86000,12.20000,11.86000,11.97000,66200
2021-07-09,12.20000,12.44000,12.14000,12.35000,61700
2021-07-12,12.23000,12.67000,12.18000,12.54000,104100
2021-07-13,12.49000,12.49000,12.13000,12.20000,93800
2021-07-14,12.25000,12.41000,12.09000,12.18000,37000
2021-07-15,12.13000,12.45000,12.10000,12.38000,42000
2021-07-16,12.50000,12.50000,12.25000,12.27000,88100
2021-07-19,12.06000,12.36000,12.02000,12.17000,195400
2021-07-20,12.61000,12.70000,12.16000,12.34000,84100
2021-07-21,12.52000,12.69000,12.40000,12.41000,57000
2021-07-22,12.29000,12.29000,11.90000,11.91000,210200
2021-07-23,11.97000,12.03000,11.66000,11.76000,111000
2021-07-26,11.78000,12.19000,11.66000,11.74000,354400
2021-07-27,11.75000,12.00000,11.66000,11.87000,177500
2021-07-28,11.88000,12.00000,11.61000,11.85000,128700
2021-07-29,11.78000,11.94000,11.71000,11.85000,141800
2021-07-30,11.87000,11.96000,11.56000,11.58000,94700
2021-08-02,11.85000,11.85000,11.37000,11.43000,126800
2021-08-03,11.38000,11.40000,11.20000,11.34000,95300
2021-08-04,11.21000,11.45000,11.16000,11.20000,165600
2021-08-05,11.24000,11.41000,11.24000,11.31000,55200
2021-08-06,11.48000,11.69000,11.47000,11.47000,121300
2021-08-09,11.49000,11.75000,11.26000,11.38000,95300
2021-08-10,11.38000,11.60000,11.28000,11.46000,119500
2021-08-11,11.50000,11.52000,11.43000,11.50000,175700
2021-08-12,11.75000,11.77000,11.43000,11.68000,306100
2021-08-13,11.69000,12.15000,11.69000,12.05000,289400
2021-08-16,12.03000,12.17000,11.71000,12.07000,294200
2021-08-17,12.01000,12.19000,11.95000,12.00000,118400
2021-08-18,11.94000,12.12000,11.90000,11.93000,123400
2021-08-19,11.92000,11.92000,11.62000,11.80000,90100
2021-08-20,11.74000,11.97000,11.72000,11.80000,187400
2021-08-23,11.88000,11.95000,11.87000,11.90000,61000
2021-08-24,11.90000,11.95000,11.80000,11.82000,55100
2021-08-25,11.88000,11.94000,11.79000,11.83000,79200
2021-08-26,11.56000,11.98000,11.56000,11.82000,215700
2021-08-27,11.83000,12.05000,11.83000,11.99000,120500
2021-08-30,11.98000,12.07000,11.68000,11.71000,54300
2021-08-31,11.80000,11.86000,11.73000,11.76000,63300
2021-09-01,11.77000,11.99000,11.62000,11.90000,192300
2021-09-02,11.90000,12.01000,11.85000,11.90000,63100
2021-09-03,11.96000,11.96000,11.74000,11.81000,67300
2021-09-07,11.81000,11.95000,11.80000,11.89000,171000
2021-09-08,11.86000,12.01000,11.81000,12.00000,322000
2021-09-09,12.02000,12.08000,11.29000,11.98000,203800
2021-09-10,12.04000,12.04000,11.82000,11.88000,197000
2021-09-13,11.97000,12.21000,11.87000,12.15000,164300
2021-09-14,12.19000,12.24000,11.97000,12.02000,380200
2021-09-15,12.05000,12.24000,11.95000,12.20000,121900
2021-09-16,12.27000,12.32000,12.06000,12.09000,138600
2021-09-17,12.15000,12.36000,11.95000,12.31000,337500
2021-09-20,12.09000,12.26000,11.73000,11.89000,112800
2021-09-21,11.95000,11.95000,11.76000,11.81000,60900
2021-09-22,11.95000,11.95000,11.81000,11.82000,92900
2021-09-23,11.88000,12.25000,11.84000,12.00000,212900
2021-09-24,11.98000,12.41000,11.98000,12.37000,74400
2021-09-27,12.36000,13.17000,12.36000,13.02000,244400
2021-09-28,13.14000,13.30000,12.98000,13.08000,136500
2021-09-29,13.05000,13.25000,12.98000,13.19000,61000
2021-09-30,13.18000,13.30000,13.05000,13.06000,69900
2021-10-01,13.12000,13.30000,12.96000,13.21000,72900
2021-10-04,13.23000,13.40000,12.99000,13.36000,84900
2021-10-05,13.43000,13.48000,13.25000,13.38000,65300
2021-10-06,13.31000,13.35000,12.98000,13.25000,51100
2021-10-07,13.37000,13.47000,13.30000,13.41000,72400
2021-10-08,13.34000,13.62000,12.85000,13.53000,78200
2021-10-11,13.40000,13.60000,13.34000,13.43000,113300
2021-10-12,13.39000,13.48000,13.36000,13.42000,77300
2021-10-13,13.40000,13.42000,13.16000,13.24000,47300
2021-10-14,13.31000,13.40000,13.17000,13.24000,85000
2021-10-15,13.37000,13.41000,13.22000,13.26000,147900
2021-10-18,13.29000,13.38000,13.11000,13.17000,66200
2021-10-19,13.19000,13.28000,13.08000,13.17000,44500
2021-10-20,13.14000,13.42000,13.14000,13.24000,141100
2021-10-21,13.32000,13.67000,13.03000,13.47000,439500
2021-10-22,13.49000,13.82000,13.47000,13.74000,87800
2021-10-25,13.83000,13.87000,13.71000,13.74000,86900
2021-10-26,13.77000,13.80000,13.63000,13.64000,161400
2021-10-27,13.58000,13.64000,13.18000,13.20000,194000
2021-10-28,13.19000,13.42000,13.19000,13.40000,50000
2021-10-29,13.36000,13.61000,13.27000,13.54000,352700
2021-11-01,13.70000,13.82000,13.70000,13.75000,111400
2021-11-02,13.73000,13.73000,13.46000,13.57000,77400
2021-11-03,13.49000,13.91000,13.49000,13.81000,121200
2021-11-04,13.70000,13.82000,13.55000,13.72000,47500
2021-11-05,13.65000,14.21000,13.65000,13.94000,78900
2021-11-08,14.23000,14.23000,13.89000,13.99000,42600
2021-11-09,13.90000,14.09000,13.77000,13.84000,80300
2021-11-10,13.90000,13.99000,13.85000,13.88000,46200
2021-11-11,13.90000,13.93000,13.82000,13.87000,112900
2021-11-12,13.94000,13.94000,13.62000,13.76000,55600
2021-11-15,13.75000,13.75000,13.62000,13.69000,50200
2021-11-16,13.64000,13.65000,13.50000,13.57000,71500
2021-11-17,13.53000,13.55000,13.12000,13.48000,68000
2021-11-18,13.45000,13.50000,13.32000,13.46000,78600
2021-11-19,13.36000,13.41000,13.25000,13.35000,45800
2021-11-22,13.45000,13.74000,13.41000,13.43000,67800
2021-11-23,13.46000,13.57000,13.45000,13.51000,72300
2021-11-24,13.50000,13.57000,13.45000,13.46000,52100
2021-11-26,13.09000,13.09000,12.61000,12.80000,93300
2021-11-29,13.00000,13.00000,12.51000,12.57000,86800
2021-11-30,12.50000,12.91000,12.18000,12.35000,180800
2021-12-01,12.60000,13.11000,12.31000,12.35000,177100
2021-12-02,12.37000,12.82000,12.37000,12.72000,121700
2021-12-03,12.78000,12.78000,12.24000,12.34000,83600
2021-12-06,12.51000,12.68000,12.39000,12.53000,314000
2021-12-07,12.58000,12.72000,12.44000,12.50000,65400
2021-12-08,12.50000,12.63000,12.26000,12.61000,87700
2021-12-09,12.61000,12.87000,12.42000,12.43000,44000
2021-12-10,12.43000,12.43000,12.08000,12.26000,248800
2021-12-13,12.13000,12.13000,11.99000,12.03000,95300
2021-12-14,11.95000,12.25000,11.95000,12.12000,105200
2021-12-15,12.19000,12.45000,11.98000,12.39000,146300
2021-12-16,12.50000,12.86000,12.40000,12.78000,243700
2021-12-17,12.78000,12.96000,12.51000,12.74000,345700
2021-12-20,12.64000,12.79000,12.22000,12.34000,123000
2021-12-21,12.40000,12.61000,12.26000,12.37000,69300
2021-12-22,12.36000,12.54000,12.22000,12.50000,46200
2021-12-23,12.58000,12.74000,12.53000,12.63000,34800
2021-12-27,12.89000,12.89000,12.54000,12.78000,35900
2021-12-28,12.72000,12.93000,12.51000,12.81000,50600
2021-12-29,12.82000,12.89000,12.75000,12.81000,63400
2021-12-30,12.79000,12.90000,12.44000,12.60000,53800
2021-12-31,12.54000,12.69000,12.47000,12.59000,47400
2022-01-03,12.59000,12.85000,12.55000,12.70000,146200
2022-01-04,12.82000,12.96000,12.69000,12.79000,197600
2022-01-05,12.86000,12.96000,12.68000,12.82000,375700
2022-01-06,12.90000,13.43000,12.90000,13.38000,252400
2022-01-07,13.45000,13.62000,13.31000,13.60000,122700
2022-01-10,13.55000,13.55000,13.10000,13.33000,125800
2022-01-11,13.39000,13.73000,13.23000,13.69000,145000
2022-01-12,13.72000,13.78000,13.37000,13.57000,268900
2022-01-13,13.54000,13.85000,13.54000,13.76000,87300
2022-01-14,13.68000,14.19000,13.68000,14.14000,209300
2022-01-18,14.03000,14.19000,13.95000,13.98000,274000
2022-01-19,14.03000,14.03000,13.59000,13.63000,133200
2022-01-20,13.67000,13.79000,13.39000,13.43000,72600
2022-01-21,13.28000,13.89000,13.21000,13.42000,160200
2022-01-24,13.29000,13.56000,13.25000,13.50000,190700
2022-01-25,13.40000,13.58000,13.05000,13.51000,106300
2022-01-26,13.48000,13.79000,13.39000,13.56000,157700
2022-01-27,13.67000,13.71000,13.23000,13.33000,166300
2022-01-28,13.48000,13.75000,13.00000,13.25000,189600
2022-01-31,13.10000,13.45000,12.89000,13.43000,288000
2022-02-01,13.38000,13.65000,13.24000,13.59000,282800
2022-02-02,13.65000,13.91000,13.54000,13.71000,347200
2022-02-03,13.70000,13.93000,13.47000,13.86000,190800
2022-02-04,13.91000,14.08000,13.74000,14.00000,127200
2022-02-07,14.04000,14.16000,13.95000,14.08000,130900
2022-02-08,14.05000,14.43000,14.05000,14.36000,172600
2022-02-09,14.36000,14.38000,14.01000,14.03000,186400
2022-02-10,14.08000,14.29000,13.96000,14.13000,200600
2022-02-11,14.12000,14.40000,14.08000,14.34000,141800
2022-02-14,14.45000,14.45000,14.09000,14.25000,282200
2022-02-15,14.41000,14.63000,14.33000,14.53000,157900
2022-02-16,14.66000,14.91000,14.53000,14.56000,122100
2022-02-17,14.50000,14.50000,14.22000,14.34000,95400
2022-02-18,14.29000,14.67000,14.29000,14.58000,126300
2022-02-22,14.53000,14.53000,13.95000,14.05000,239100
2022-02-23,14.16000,14.41000,14.16000,14.23000,190200
2022-02-24,13.95000,14.02000,13.50000,14.02000,238000
2022-02-25,14.08000,14.29000,13.94000,14.26000,268600
2022-02-28,14.07000,14.29000,14.01000,14.23000,221100
2022-03-01,14.24000,14.24000,13.72000,13.85000,214300
2022-03-02,13.94000,14.36000,13.94000,14.24000,210300
2022-03-03,14.27000,14.38000,14.20000,14.38000,95700
2022-03-04,14.20000,14.26000,14.00000,14.18000,175700
2022-03-07,14.11000,14.49000,13.93000,13.95000,207700
2022-03-08,13.99000,14.15000,13.75000,13.76000,237300
2022-03-09,14.01000,14.25000,14.01000,14.08000,132000
2022-03-10,13.93000,14.24000,13.93000,14.21000,101400
2022-03-11,14.30000,14.54000,14.16000,14.21000,154700
2022-03-14,14.30000,14.55000,14.14000,14.19000,97200
2022-03-15,14.22000,14.34000,14.07000,14.20000,105000
2022-03-16,14.33000,14.43000,14.21000,14.36000,306500
2022-03-17,14.22000,14.36000,14.12000,14.32000,271800
2022-03-18,14.34000,14.34000,13.62000,13.63000,998600
2022-03-21,14.24000,14.95000,14.11000,14.72000,425200
2022-03-22,14.75000,15.41000,14.75000,15.04000,539600
2022-03-23,15.12000,15.48000,14.51000,14.51000,153900
2022-03-24,14.66000,14.66000,14.39000,14.57000,119100
2022-03-25,14.63000,15.17000,14.37000,15.16000,285400
2022-03-28,15.47000,15.47000,14.83000,14.96000,314100
2022-03-29,14.98000,15.30000,14.93000,15.11000,137300
2022-03-30,15.16000,15.16000,14.52000,14.63000,192100
2022-03-31,14.73000,14.84000,14.49000,14.51000,186600
2022-04-01,14.69000,15.04000,14.38000,14.64000,286400
2022-04-04,14.61000,14.65000,14.20000,14.30000,184800
2022-04-05,14.34000,14.44000,14.09000,14.11000,177300
2022-04-06,14.04000,14.16000,13.84000,13.86000,149000
2022-04-07,13.94000,14.00000,13.79000,13.96000,131900
2022-04-08,13.99000,14.15000,13.93000,14.09000,144300
2022-04-11,14.08000,14.33000,14.08000,14.24000,158000
2022-04-12,14.20000,14.45000,14.19000,14.25000,129900
2022-04-13,14.12000,14.48000,14.12000,14.42000,196200
2022-04-14,14.34000,14.46000,13.97000,14.08000,200300
2022-04-18,14.08000,14.26000,14.02000,14.17000,101300
2022-04-19,14.21000,14.63000,14.12000,14.61000,318200
2022-04-20,14.74000,15.01000,14.68000,14.88000,130500
2022-04-21,14.94000,15.02000,14.57000,14.60000,120300
2022-04-22,14.50000,14.51000,14.12000,14.14000,103300
2022-04-25,14.11000,14.11000,13.67000,14.01000,160000
2022-04-26,13.94000,13.97000,13.57000,13.72000,238900
2022-04-27,13.80000,13.80000,13.40000,13.51000,179500
2022-04-28,13.69000,14.08000,13.46000,14.02000,195200
2022-04-29,14.09000,14.33000,13.74000,13.77000,205700
2022-05-02,13.98000,14.29000,13.94000,14.26000,221800
2022-05-03,14.18000,14.47000,14.07000,14.38000,139400
2022-05-04,14.44000,14.61000,14.21000,14.55000,102600
2022-05-05,14.50000,14.50000,14.07000,14.26000,168700
2022-05-06,14.26000,14.44000,14.01000,14.16000,155300
2022-05-09,14.08000,14.11000,13.85000,13.93000,128900
2022-05-10,14.04000,14.47000,13.80000,13.96000,253000
2022-05-11,14.00000,14.21000,13.88000,13.92000,118400
2022-05-12,13.81000,13.87000,13.62000,13.84000,137500
2022-05-13,13.85000,14.05000,13.71000,13.83000,193300
2022-05-16,13.76000,14.02000,13.75000,13.86000,136900
2022-05-17,14.06000,14.34000,14.05000,14.33000,132300
2022-05-18,14.18000,14.25000,13.92000,14.01000,115900
2022-05-19,13.81000,13.96000,13.72000,13.84000,141800
2022-05-20,13.85000,14.10000,13.78000,13.94000,153600
2022-05-23,14.13000,14.53000,14.13000,14.52000,228600
2022-05-24,14.41000,14.63000,14.23000,14.63000,275300
2022-05-25,14.62000,14.97000,14.52000,14.86000,246100
2022-05-26,14.93000,15.16000,14.89000,15.07000,206300
2022-05-27,15.10000,15.22000,14.95000,14.99000,185600
2022-05-31,15.01000,15.36000,14.79000,15.27000,732300
2022-06-01,15.28000,15.38000,15.10000,15.31000,182100
2022-06-02,15.41000,15.63000,15.23000,15.50000,182500
2022-06-03,15.54000,15.63000,15.32000,15.44000,155700
2022-06-06,15.57000,15.68000,15.50000,15.60000,167100
2022-06-07,15.58000,15.59000,15.16000,15.38000,218700
2022-06-08,15.31000,15.31000,15.05000,15.18000,103900
2022-06-09,15.15000,15.15000,14.79000,14.90000,264900
2022-06-10,14.72000,14.91000,14.35000,14.44000,288800
2022-06-13,14.21000,14.60000,13.98000,14.09000,504300
2022-06-14,14.18000,14.22000,13.94000,14.10000,279700
2022-06-15,14.23000,14.65000,14.17000,14.48000,376900
2022-06-16,14.27000,14.28000,13.59000,13.66000,427800
2022-06-17,13.73000,14.00000,13.72000,13.82000,742900
2022-06-21,14.00000,14.20000,13.90000,14.09000,336600
2022-06-22,13.92000,14.30000,13.92000,14.24000,276700
2022-06-23,14.23000,14.48000,13.47000,13.51000,223500
2022-06-24,13.56000,13.90000,13.44000,13.46000,2109600
2022-06-27,13.61000,13.94000,13.61000,13.78000,336200
2022-06-28,13.87000,14.03000,13.74000,13.74000,156500
2022-06-29,13.72000,13.74000,13.50000,13.60000,276800
2022-06-30,13.46000,13.60000,13.28000,13.38000,307800
2022-07-01,13.29000,13.97000,13.29000,13.90000,214100
2022-07-05,13.63000,13.86000,13.44000,13.85000,231500
2022-07-06,13.80000,14.09000,13.65000,14.07000,209100
2022-07-07,14.30000,14.47000,14.10000,14.20000,139700
2022-07-08,14.25000,14.36000,14.13000,14.32000,120300
2022-07-11,14.29000,14.47000,14.23000,14.37000,120400
2022-07-12,14.34000,14.66000,14.34000,14.40000,164700
2022-07-13,14.28000,14.32000,13.93000,14.05000,143600
2022-07-14,13.82000,13.85000,13.43000,13.58000,188100
2022-07-15,13.90000,14.30000,13.73000,14.14000,167200
2022-07-18,14.32000,14.49000,14.22000,14.26000,180500
2022-07-19,14.26000,14.63000,14.25000,14.55000,237500
2022-07-20,14.52000,14.57000,14.38000,14.55000,116200
2022-07-21,14.43000,14.75000,14.33000,14.74000,132900
2022-07-22,14.74000,15.00000,14.38000,14.48000,187300
2022-07-25,14.50000,14.76000,14.50000,14.67000,210500
2022-07-26,14.58000,14.73000,14.46000,14.50000,197600
2022-07-27,14.62000,14.88000,14.48000,14.86000,223800
2022-07-28,14.81000,14.81000,13.31000,14.20000,384000
2022-07-29,14.20000,14.34000,13.98000,14.05000,262300
2022-08-01,13.91000,14.31000,13.78000,14.26000,236800
2022-08-02,14.16000,14.22000,14.04000,14.06000,132300
2022-08-03,14.14000,14.33000,13.95000,14.26000,134000
2022-08-04,14.19000,14.55000,13.96000,14.01000,238400
2022-08-05,13.95000,14.20000,13.87000,14.03000,318800
2022-08-08,14.11000,14.20000,13.86000,13.95000,167600
2022-08-09,13.95000,14.06000,13.90000,13.99000,194100
2022-08-10,14.13000,14.36000,14.09000,14.28000,209200
2022-08-11,14.45000,14.50000,14.37000,14.43000,119100
2022-08-12,14.50000,14.79000,14.50000,14.73000,233500
2022-08-15,14.48000,14.75000,14.40000,14.75000,182200
2022-08-16,14.75000,14.82000,14.53000,14.71000,178100
2022-08-17,14.56000,14.62000,14.43000,14.58000,113300
2022-08-18,14.60000,14.71000,14.47000,14.67000,98000
2022-08-19,14.64000,14.71000,14.55000,14.69000,191300
2022-08-22,14.59000,14.73000,14.39000,14.50000,144300
2022-08-23,14.55000,14.74000,14.23000,14.23000,75500
2022-08-24,14.18000,14.25000,14.11000,14.20000,86000
2022-08-25,14.22000,14.38000,14.15000,14.36000,71500
2022-08-26,14.36000,14.37000,14.04000,14.07000,80700
2022-08-29,14.03000,14.04000,13.81000,13.83000,93200
2022-08-30,13.79000,13.83000,13.69000,13.79000,94000
2022-08-31,13.76000,13.81000,13.69000,13.72000,136100
2022-09-01,13.67000,13.67000,13.46000,13.60000,120400
2022-09-02,13.71000,13.80000,13.42000,13.50000,81000
2022-09-06,13.63000,13.63000,13.14000,13.22000,118500
2022-09-07,13.14000,13.39000,13.03000,13.36000,100500
2022-09-08,13.27000,13.54000,13.21000,13.53000,97300
2022-09-09,13.56000,13.74000,13.56000,13.72000,88700
2022-09-12,13.72000,13.93000,13.65000,13.91000,201300
2022-09-13,13.72000,13.74000,13.34000,13.38000,131800
2022-09-14,13.35000,13.53000,13.21000,13.37000,199000
2022-09-15,13.33000,13.63000,13.23000,13.53000,73400
2022-09-16,13.46000,13.82000,13.20000,13.69000,342000
2022-09-19,13.53000,14.02000,13.52000,14.00000,97300
2022-09-20,13.91000,14.16000,13.89000,14.12000,73100
2022-09-21,14.20000,14.25000,13.91000,13.91000,116600
2022-09-22,14.03000,14.08000,13.62000,13.73000,94800
2022-09-23,13.55000,13.61000,13.39000,13.54000,94000
2022-09-26,13.46000,13.69000,13.45000,13.48000,110000
2022-09-27,13.57000,13.57000,13.14000,13.24000,146200
2022-09-28,13.25000,13.49000,13.15000,13.35000,143300
2022-09-29,13.22000,13.26000,13.06000,13.24000,112800
2022-09-30,13.17000,13.35000,13.03000,13.05000,133000
2022-10-03,13.11000,13.28000,12.91000,13.20000,191600
2022-10-04,13.28000,13.62000,13.28000,13.59000,180100
2022-10-05,13.37000,13.53000,13.33000,13.47000,91200
2022-10-06,13.35000,13.57000,13.33000,13.57000,103600
2022-10-07,13.58000,13.58000,13.21000,13.26000,104400
2022-10-10,13.26000,13.58000,13.26000,13.45000,90700
2022-10-11,13.28000,13.61000,13.28000,13.50000,95100
2022-10-12,13.49000,13.55000,13.33000,13.41000,72000
2022-10-13,13.27000,14.15000,13.23000,14.09000,161300
2022-10-14,14.04000,14.30000,13.95000,14.06000,134700
2022-10-17,14.37000,14.47000,14.20000,14.42000,149300
2022-10-18,14.45000,14.56000,14.18000,14.28000,146400
2022-10-19,14.25000,14.46000,14.16000,14.38000,106000
2022-10-20,14.33000,14.39000,13.90000,14.02000,108300
2022-10-21,14.17000,14.59000,14.07000,14.45000,137500
2022-10-24,14.48000,14.68000,14.47000,14.65000,107900
2022-10-25,14.58000,15.01000,14.57000,14.84000,199700
2022-10-26,14.91000,15.00000,14.43000,14.50000,227600
2022-10-27,14.69000,15.40000,14.69000,15.16000,235000
2022-10-28,15.18000,15.76000,15.13000,15.76000,272400
2022-10-31,15.75000,16.13000,15.74000,16.00000,371600
2022-11-01,16.13000,16.50000,16.03000,16.43000,281800
2022-11-02,16.30000,16.75000,16.05000,16.38000,528400
2022-11-03,16.43000,16.64000,15.91000,16.42000,187600
2022-11-04,16.58000,17.05000,16.46000,17.03000,232500
2022-11-07,17.10000,17.23000,16.89000,17.01000,128000
2022-11-08,17.00000,17.16000,16.77000,16.80000,121500
2022-11-09,16.75000,16.77000,16.49000,16.54000,121200
2022-11-10,16.87000,17.42000,16.87000,17.13000,294300
2022-11-11,17.24000,17.33000,16.77000,16.84000,166300
2022-11-14,16.83000,17.43000,16.78000,17.07000,360700
2022-11-15,17.17000,17.45000,17.07000,17.37000,145400
2022-11-16,17.27000,17.48000,17.08000,17.44000,189100
2022-11-17,17.33000,17.57000,17.26000,17.45000,139200
2022-11-18,17.75000,17.80000,17.43000,17.52000,142700
2022-11-21,17.40000,17.50000,16.99000,17.48000,162900
2022-11-22,17.49000,17.68000,17.33000,17.52000,64000
2022-11-23,17.57000,17.57000,17.12000,17.26000,72700
2022-11-25,17.41000,17.52000,17.32000,17.46000,52800
2022-11-28,17.42000,17.50000,17.17000,17.23000,112100
2022-11-29,17.18000,17.30000,17.12000,17.18000,53900
2022-11-30,17.14000,17.50000,16.84000,17.46000,155800
2022-12-01,17.60000,17.60000,17.26000,17.46000,181600
2022-12-02,17.32000,17.69000,16.66000,17.64000,83800
2022-12-05,17.42000,17.47000,16.73000,17.16000,296800
2022-12-06,17.15000,17.30000,17.06000,17.13000,69200
2022-12-07,17.06000,17.21000,16.75000,16.78000,95500
2022-12-08,16.79000,16.97000,16.70000,16.81000,65100
2022-12-09,16.83000,16.98000,16.76000,16.81000,62400
2022-12-12,16.80000,17.15000,16.67000,17.10000,101600
2022-12-13,17.34000,17.42000,16.72000,17.18000,313300
2022-12-14,17.17000,17.17000,16.60000,16.72000,131300
2022-12-15,16.60000,16.60000,16.15000,16.22000,126800
2022-12-16,16.18000,16.20000,15.89000,15.99000,580600
2022-12-19,16.00000,16.32000,15.92000,16.14000,138000
2022-12-20,16.15000,16.27000,16.03000,16.08000,113100
2022-12-21,16.25000,16.66000,16.20000,16.58000,134500
2022-12-22,16.49000,16.59000,16.16000,16.38000,89000
2022-12-23,16.38000,16.65000,16.24000,16.60000,82400
2022-12-27,16.68000,16.68000,16.40000,16.43000,64500
2022-12-28,16.41000,16.43000,16.16000,16.17000,104900
2022-12-29,16.25000,16.41000,16.17000,16.31000,82000
2022-12-30,16.28000,16.34000,16.02000,16.04000,130200
2023-01-03,16.13000,16.29000,15.99000,16.14000,166500
2023-01-04,16.24000,16.54000,16.24000,16.47000,217500
2023-01-05,16.39000,16.55000,16.23000,16.48000,109800
2023-01-06,16.52000,17.10000,16.52000,17.02000,357900
2023-01-09,17.01000,17.07000,16.38000,16.53000,112700
2023-01-10,16.49000,16.75000,16.43000,16.57000,76900
2023-01-11,16.57000,16.62000,16.25000,16.32000,128100
2023-01-12,16.42000,16.81000,16.32000,16.75000,139100
2023-01-13,16.58000,16.58000,16.28000,16.49000,128700
2023-01-17,16.55000,16.55000,16.19000,16.25000,231000
2023-01-18,16.22000,16.22000,15.22000,15.33000,215500
2023-01-19,15.28000,15.39000,15.13000,15.27000,235400
2023-01-20,15.45000,15.50000,15.18000,15.27000,323900
2023-01-23,15.32000,15.41000,15.13000,15.25000,196600
2023-01-24,15.22000,15.29000,15.11000,15.20000,104800
2023-01-25,15.13000,15.53000,15.06000,15.52000,175400
2023-01-26,15.94000,16.57000,15.73000,16.20000,330900
2023-01-27,16.47000,16.82000,16.41000,16.73000,137900
2023-01-30,16.97000,17.05000,16.66000,16.66000,168100
2023-01-31,16.75000,17.02000,16.54000,16.99000,312000
2023-02-01,16.91000,17.06000,16.65000,16.85000,177300
2023-02-02,16.89000,17.10000,16.78000,17.10000,170200
2023-02-03,17.05000,17.70000,17.05000,17.63000,248900
2023-02-06,17.60000,17.70000,17.11000,17.24000,141900
2023-02-07,17.11000,17.36000,17.00000,17.26000,224800
2023-02-08,17.19000,17.34000,17.01000,17.29000,163200
2023-02-09,17.31000,17.38000,16.02000,16.87000,87600
2023-02-10,16.81000,17.11000,16.80000,17.04000,165600
2023-02-13,17.12000,17.28000,17.02000,17.19000,109700
2023-02-14,17.17000,17.27000,16.84000,16.84000,97200
2023-02-15,16.70000,17.01000,16.64000,16.90000,92500
2023-02-16,16.71000,17.07000,16.71000,16.97000,169300
2023-02-17,17.10000,17.38000,17.05000,17.35000,136400
2023-02-21,17.28000,17.32000,17.15000,17.23000,140600
2023-02-22,17.25000,17.37000,16.82000,16.97000,134900
2023-02-23,16.98000,17.08000,16.75000,16.90000,90300
2023-02-24,16.79000,16.82000,16.63000,16.82000,103400
2023-02-27,16.89000,16.92000,16.65000,16.70000,150000
2023-02-28,16.74000,16.81000,16.58000,16.58000,204200
2023-03-01,16.56000,16.58000,16.43000,16.50000,206100
2023-03-02,16.38000,16.49000,16.25000,16.39000,102700
2023-03-03,16.40000,16.51000,16.25000,16.49000,113400
2023-03-06,16.51000,16.51000,16.20000,16.32000,73300
2023-03-07,16.19000,16.19000,15.76000,15.92000,132600
2023-03-08,15.93000,16.00000,15.71000,15.96000,167000
2023-03-09,15.79000,15.95000,15.25000,15.30000,275700
2023-03-10,15.11000,15.37000,14.60000,14.92000,341500
2023-03-13,14.47000,14.47000,13.11000,13.84000,529800
2023-03-14,14.58000,15.26000,14.42000,14.60000,298900
2023-03-15,14.14000,14.50000,13.84000,14.47000,245800
2023-03-16,14.25000,15.35000,14.09000,15.01000,218900
2023-03-17,14.97000,14.97000,14.23000,14.25000,294400
2023-03-20,14.46000,14.73000,14.11000,14.16000,156600
2023-03-21,14.60000,15.09000,14.57000,14.94000,214000
2023-03-22,14.86000,14.86000,13.96000,14.05000,217300
2023-03-23,14.27000,14.62000,13.73000,13.79000,163100
2023-03-24,13.65000,14.37000,13.56000,14.01000,323800
2023-03-27,14.28000,14.49000,14.21000,14.39000,156600
2023-03-28,14.38000,14.39000,14.15000,14.30000,161200
2023-03-29,14.36000,14.40000,13.99000,14.22000,145200
2023-03-30,14.28000,14.34000,13.74000,13.88000,116900
2023-03-31,13.96000,14.21000,13.85000,14.06000,302900
2023-04-03,13.97000,14.24000,13.86000,14.19000,205400
2023-04-04,14.18000,14.24000,13.46000,13.59000,127700
2023-04-05,13.53000,13.63000,13.39000,13.60000,180700
2023-04-06,13.49000,13.64000,13.21000,13.26000,171800
2023-04-10,13.20000,13.55000,13.14000,13.20000,150800
2023-04-11,13.35000,13.35000,13.05000,13.20000,125600
2023-04-12,13.27000,13.32000,13.09000,13.15000,94200
2023-04-13,13.21000,13.38000,13.05000,13.25000,167400
2023-04-14,13.36000,13.48000,13.02000,13.05000,199700
2023-04-17,13.07000,13.43000,12.96000,13.43000,194800
2023-04-18,13.49000,13.49000,13.20000,13.31000,209100
2023-04-19,13.38000,13.77000,13.32000,13.76000,213400
2023-04-20,13.53000,13.62000,12.88000,13.30000,386000
2023-04-21,13.21000,13.21000,12.77000,12.91000,245800
2023-04-24,12.80000,13.04000,12.77000,12.84000,112900
2023-04-25,12.70000,12.77000,12.30000,12.36000,198000
2023-04-26,12.37000,12.50000,12.18000,12.27000,210500
2023-04-27,12.29000,12.56000,12.29000,12.46000,206500
2023-04-28,12.38000,12.62000,12.24000,12.29000,173600
2023-05-01,12.35000,12.57000,12.06000,12.22000,166900
2023-05-02,12.15000,12.15000,11.52000,11.56000,235000
2023-05-03,11.58000,12.00000,11.52000,11.55000,386300
2023-05-04,11.31000,11.53000,10.79000,11.21000,418100
2023-05-05,11.61000,11.91000,11.57000,11.83000,186600
2023-05-08,12.01000,12.01000,11.36000,11.38000,118900
2023-05-09,11.32000,11.44000,11.11000,11.28000,121300
2023-05-10,11.50000,11.50000,11.18000,11.37000,179500
2023-05-11,11.18000,11.31000,11.12000,11.21000,306800
2023-05-12,11.17000,11.33000,11.11000,11.25000,216300
2023-05-15,11.27000,11.55000,11.27000,11.36000,123600
2023-05-16,11.40000,11.57000,11.18000,11.19000,122500
2023-05-17,11.33000,12.10000,11.33000,12.08000,191600
2023-05-18,12.09000,12.23000,11.93000,12.15000,129600
2023-05-19,12.34000,12.35000,11.85000,11.94000,179700
2023-05-22,12.06000,12.37000,11.92000,12.31000,124200
2023-05-23,12.29000,12.86000,12.27000,12.53000,239000
2023-05-24,12.40000,12.49000,12.28000,12.45000,155200
2023-05-25,12.36000,12.50000,11.96000,12.08000,158600
2023-05-26,12.02000,12.37000,12.02000,12.24000,107500
2023-05-30,12.31000,12.31000,12.06000,12.17000,83400
2023-05-31,12.15000,12.31000,11.71000,11.84000,283400
2023-06-01,12.06000,12.16000,11.73000,12.07000,184800
2023-06-02,12.25000,12.99000,12.11000,12.95000,205800
2023-06-05,12.91000,12.91000,12.52000,12.67000,113400
2023-06-06,12.60000,13.44000,12.39000,13.20000,171800
2023-06-07,13.30000,13.80000,12.90000,13.71000,225100
2023-06-08,13.72000,13.74000,13.45000,13.67000,186300
2023-06-09,13.69000,13.75000,13.34000,13.46000,103300
2023-06-12,13.47000,13.76000,13.39000,13.48000,123300
2023-06-13,13.49000,14.07000,13.49000,14.03000,174900
2023-06-14,14.03000,14.07000,13.60000,13.78000,181500
2023-06-15,13.69000,14.17000,13.59000,14.17000,170400
2023-06-16,14.29000,14.29000,13.84000,13.95000,203600
2023-06-20,13.88000,13.88000,13.49000,13.54000,204000
2023-06-21,13.48000,13.73000,13.39000,13.53000,142200
2023-06-22,13.47000,13.48000,13.15000,13.23000,109200
2023-06-23,13.00000,13.18000,12.95000,13.12000,339700
2023-06-26,13.12000,13.44000,12.96000,13.11000,100400
2023-06-27,13.12000,13.28000,13.00000,13.18000,143500
2023-06-28,13.19000,13.19000,12.93000,13.05000,85100
2023-06-29,13.15000,13.43000,13.09000,13.21000,97400
2023-06-30,13.32000,13.41000,13.00000,13.06000,160100
2023-07-03,13.06000,13.32000,13.06000,13.15000,80400
2023-07-05,13.15000,13.34000,12.89000,13.23000,239100
2023-07-06,13.07000,13.07000,12.69000,12.94000,204000
2023-07-07,12.97000,13.30000,12.97000,13.22000,172000
2023-07-10,13.15000,13.50000,13.15000,13.35000,84200
2023-07-11,13.42000,13.54000,13.33000,13.51000,103500
2023-07-12,13.78000,13.84000,13.60000,13.65000,128100
2023-07-13,13.77000,13.80000,13.61000,13.76000,126700
2023-07-14,13.87000,13.87000,13.46000,13.64000,99100
2023-07-17,13.57000,14.09000,13.54000,13.98000,85400
2023-07-18,13.99000,14.52000,13.99000,14.45000,187000
2023-07-19,14.50000,14.82000,14.03000,14.76000,175400
2023-07-20,14.75000,15.34000,14.75000,15.26000,238700
2023-07-21,15.48000,15.63000,15.24000,15.56000,206100
2023-07-24,15.59000,15.92000,15.59000,15.70000,245800
2023-07-25,15.68000,15.95000,15.50000,15.62000,243500
2023-07-26,15.83000,16.26000,15.83000,16.15000,316700
2023-07-27,16.28000,16.38000,15.79000,15.90000,206800
2023-07-28,15.94000,16.22000,15.94000,16.02000,124300
2023-07-31,15.99000,16.14000,15.89000,15.99000,206200
2023-08-01,15.94000,16.33000,15.86000,16.29000,218900
2023-08-02,16.05000,16.20000,15.91000,16.06000,146300
2023-08-03,16.02000,16.45000,15.94000,16.28000,118200
2023-08-04,16.21000,16.47000,16.17000,16.19000,102900
2023-08-07,16.30000,16.42000,16.14000,16.39000,156100
2023-08-08,16.15000,16.35000,15.86000,16.30000,98900
2023-08-09,16.30000,16.34000,16.09000,16.10000,81400
2023-08-10,16.13000,16.20000,15.72000,15.83000,124900
2023-08-11,15.76000,15.88000,15.55000,15.69000,154400
2023-08-14,15.67000,15.67000,15.44000,15.57000,81000
2023-08-15,15.33000,15.33000,14.96000,14.97000,229800
2023-08-16,14.91000,15.16000,14.76000,15.04000,195800
2023-08-17,15.15000,15.25000,14.94000,14.99000,112600
2023-08-18,14.87000,15.02000,14.79000,14.83000,118600
2023-08-21,14.90000,14.96000,14.62000,14.72000,87800
2023-08-22,14.72000,14.84000,14.29000,14.30000,184500
2023-08-23,14.34000,14.49000,14.27000,14.40000,93800
2023-08-24,14.32000,14.60000,14.32000,14.44000,118100
2023-08-25,14.50000,14.51000,13.96000,14.35000,98400
2023-08-28,14.40000,14.68000,14.40000,14.60000,111000
2023-08-29,14.57000,14.73000,14.46000,14.57000,70700
2023-08-30,14.57000,14.57000,14.30000,14.31000,125500
2023-08-31,14.35000,14.52000,14.35000,14.47000,153200
2023-09-01,14.54000,15.11000,14.54000,15.04000,91200
2023-09-05,14.97000,14.97000,14.68000,14.81000,171800
2023-09-06,14.83000,14.98000,14.45000,14.46000,104100
2023-09-07,14.43000,14.62000,14.30000,14.48000,201000
2023-09-08,14.52000,14.52000,14.21000,14.42000,82100
2023-09-11,14.46000,14.58000,14.22000,14.24000,94800
2023-09-12,14.27000,14.45000,14.16000,14.26000,98900
2023-09-13,14.24000,14.25000,14.03000,14.13000,132900
2023-09-14,14.25000,14.35000,14.19000,14.32000,141100
2023-09-15,14.32000,14.48000,13.90000,14.08000,794100
2023-09-18,14.06000,14.06000,13.36000,13.39000,126600
2023-09-19,13.43000,13.79000,13.24000,13.39000,87400
2023-09-20,13.46000,13.68000,13.38000,13.55000,131200
2023-09-21,13.41000,13.62000,13.16000,13.61000,262800
2023-09-22,13.62000,13.69000,13.41000,13.50000,123800
2023-09-25,13.42000,13.67000,13.40000,13.67000,93900
2023-09-26,13.51000,13.65000,13.45000,13.55000,113100
2023-09-27,13.61000,13.78000,13.38000,13.49000,85800
2023-09-28,13.47000,13.70000,13.47000,13.51000,94200
2023-09-29,13.63000,13.71000,13.54000,13.61000,131900
2023-10-02,13.54000,13.67000,13.50000,13.54000,142400
2023-10-03,13.49000,13.50000,13.25000,13.29000,193200
2023-10-04,13.30000,13.56000,13.13000,13.39000,128600
2023-10-05,13.31000,13.65000,13.31000,13.62000,157900
2023-10-06,13.59000,13.87000,13.32000,13.79000,117600
2023-10-09,13.71000,13.80000,13.49000,13.72000,104800
2023-10-10,13.81000,13.90000,13.70000,13.78000,103200
2023-10-11,13.80000,13.99000,13.60000,13.79000,92800
2023-10-12,13.78000,13.78000,13.53000,13.67000,105100
2023-10-13,13.78000,13.80000,13.35000,13.37000,94900
2023-10-16,13.50000,13.61000,13.47000,13.58000,90400
2023-10-17,13.51000,13.90000,13.24000,13.78000,151900
2023-10-18,13.67000,13.72000,13.51000,13.54000,95100
2023-10-19,13.61000,13.95000,13.30000,13.84000,221500
2023-10-20,13.89000,13.89000,13.53000,13.58000,220400
2023-10-23,13.58000,13.90000,13.45000,13.63000,120600
2023-10-24,13.66000,13.68000,13.25000,13.33000,91700
2023-10-25,13.26000,13.40000,13.08000,13.34000,136100
2023-10-26,13.29000,13.63000,13.29000,13.61000,112800
2023-10-27,13.61000,13.70000,13.43000,13.50000,141600
2023-10-30,13.62000,13.84000,13.47000,13.52000,91500
2023-10-31,13.52000,13.78000,13.45000,13.56000,128200
2023-11-01,13.60000,13.63000,13.39000,13.60000,77900
2023-11-02,13.73000,14.09000,13.73000,14.09000,107900
2023-11-03,14.34000,14.72000,14.31000,14.49000,131800
2023-11-06,14.54000,14.54000,14.17000,14.30000,95100
2023-11-07,14.30000,14.30000,14.03000,14.10000,119200
2023-11-08,14.05000,14.05000,13.75000,13.83000,96100
2023-11-09,13.89000,13.97000,13.63000,13.66000,90000
2023-11-10,13.70000,13.80000,13.56000,13.71000,91500
2023-11-13,13.65000,13.79000,13.54000,13.72000,61000
2023-11-14,14.15000,14.75000,14.15000,14.72000,315900
2023-11-15,14.65000,14.97000,14.65000,14.74000,194000
2023-11-16,14.72000,14.73000,14.41000,14.55000,110900
2023-11-17,14.74000,14.86000,14.46000,14.76000,133200
2023-11-20,14.86000,14.86000,14.62000,14.81000,113500
2023-11-21,14.75000,14.79000,14.53000,14.53000,128500
2023-11-22,14.61000,14.64000,14.46000,14.50000,116000
2023-11-24,14.48000,14.61000,14.48000,14.52000,83200
2023-11-27,14.44000,14.49000,14.35000,14.42000,124400
2023-11-28,14.45000,14.55000,14.27000,14.39000,118700
2023-11-29,14.50000,14.65000,14.19000,14.29000,603900
2023-11-30,14.42000,14.58000,14.00000,14.09000,452500
2023-12-01,14.08000,14.95000,13.98000,14.92000,379500
2023-12-04,14.88000,15.27000,14.88000,15.20000,287700
2023-12-05,15.21000,15.21000,14.98000,15.12000,164200
2023-12-06,15.29000,15.50000,15.00000,15.03000,234800
2023-12-07,15.10000,15.27000,14.94000,15.21000,105200
2023-12-08,15.27000,15.43000,15.16000,15.36000,127300
2023-12-11,15.44000,15.47000,15.36000,15.37000,117100
2023-12-12,15.46000,15.47000,15.32000,15.35000,106300
2023-12-13,15.46000,16.08000,15.37000,16.02000,442900
2023-12-14,16.45000,16.76000,15.63000,15.82000,482500
2023-12-15,15.97000,16.18000,15.69000,15.87000,432900
2023-12-18,15.83000,16.03000,15.56000,15.85000,206500
2023-12-19,15.90000,16.15000,15.67000,16.13000,165800
2023-12-20,16.14000,16.47000,15.88000,15.90000,295100
2023-12-21,15.99000,16.01000,15.68000,15.80000,272300
2023-12-22,15.96000,16.17000,15.76000,15.88000,174600
2023-12-26,15.89000,16.19000,15.83000,16.13000,186800
2023-12-27,16.14000,16.14000,15.79000,15.85000,135000
2023-12-28,15.81000,15.94000,15.68000,15.73000,120800
2023-12-29,15.75000,15.80000,15.44000,15.44000,136400
2024-01-02,15.21000,15.52000,15.20000,15.33000,223300
2024-01-03,15.30000,15.30000,15.00000,15.07000,175900
2024-01-04,15.16000,15.57000,15.16000,15.47000,159500
2024-01-05,15.16000,15.85000,15.07000,15.50000,261000
2024-01-08,15.41000,15.49000,14.75000,15.49000,108900
2024-01-09,15.42000,15.42000,15.12000,15.13000,112500
2024-01-10,15.07000,15.24000,15.03000,15.22000,108700
2024-01-11,15.08000,15.41000,14.83000,14.99000,109800
2024-01-12,15.10000,15.20000,14.79000,15.01000,157700
2024-01-16,14.80000,15.66000,14.72000,14.86000,140100
2024-01-17,14.64000,14.94000,14.50000,14.90000,91000
2024-01-18,14.90000,14.95000,14.77000,14.89000,251300
2024-01-19,15.00000,15.18000,14.84000,15.18000,103000
2024-01-22,15.30000,15.61000,15.30000,15.61000,185100
2024-01-23,15.71000,15.71000,15.40000,15.41000,104300
2024-01-24,15.47000,15.62000,15.36000,15.42000,90100
2024-01-25,14.62000,14.81000,13.94000,14.25000,442500
2024-01-26,14.25000,14.37000,14.05000,14.12000,245200
2024-01-29,14.05000,14.34000,13.95000,14.25000,241400
2024-01-30,14.16000,14.25000,13.98000,14.12000,169500
2024-01-31,13.99000,14.11000,13.61000,13.62000,432200
2024-02-01,13.76000,13.95000,13.12000,13.59000,309800
2024-02-02,13.32000,13.58000,13.25000,13.35000,332500
2024-02-05,13.33000,13.45000,13.13000,13.36000,172900
2024-02-06,13.33000,13.51000,13.23000,13.45000,203100
2024-02-07,13.47000,13.47000,13.04000,13.29000,174700
2024-02-08,13.31000,13.36000,13.15000,13.30000,158900
2024-02-09,13.32000,13.45000,13.09000,13.42000,160900
2024-02-12,13.48000,13.97000,13.45000,13.70000,256800
2024-02-13,13.30000,13.71000,13.11000,13.20000,335100
2024-02-14,13.30000,13.47000,13.25000,13.43000,167000
2024-02-15,13.50000,13.90000,13.49000,13.70000,424600
2024-02-16,13.64000,13.78000,13.44000,13.65000,167300
2024-02-20,13.48000,13.70000,13.46000,13.54000,116700
2024-02-21,13.51000,13.51000,13.26000,13.36000,76400
2024-02-22,13.36000,13.47000,13.27000,13.41000,126400
2024-02-23,13.39000,13.56000,13.31000,13.47000,100900
2024-02-26,13.40000,13.52000,13.37000,13.43000,94200
2024-02-27,13.46000,13.58000,13.28000,13.36000,116100
2024-02-28,13.26000,13.37000,13.25000,13.28000,112400
2024-02-29,13.51000,13.63000,13.25000,13.43000,139000
2024-03-01,13.35000,13.43000,13.10000,13.37000,154700
2024-03-04,13.38000,13.59000,13.31000,13.40000,124800
2024-03-05,13.33000,13.68000,13.33000,13.50000,114400
2024-03-06,13.51000,13.77000,13.33000,13.56000,163700
2024-03-07,13.71000,13.73000,13.48000,13.55000,88100
2024-03-08,13.73000,13.78000,13.62000,13.73000,122500
2024-03-11,13.66000,13.83000,13.64000,13.69000,98400
2024-03-12,13.65000,13.69000,13.42000,13.44000,92600
2024-03-13,13.40000,13.62000,13.27000,13.36000,128300
2024-03-14,13.30000,13.33000,13.00000,13.04000,166700
2024-03-15,13.04000,13.35000,13.04000,13.19000,391200
2024-03-18,13.13000,13.28000,13.02000,13.12000,111400
2024-03-19,13.09000,13.43000,13.09000,13.34000,134000
2024-03-20,13.28000,13.95000,13.26000,13.83000,217100
2024-03-21,13.84000,14.00000,13.73000,13.79000,217300
2024-03-22,13.83000,13.83000,13.56000,13.57000,87100
2024-03-25,13.60000,13.70000,13.49000,13.52000,56200
2024-03-26,13.64000,13.64000,13.31000,13.35000,124600
2024-03-27,13.35000,13.79000,13.35000,13.78000,143700
2024-03-28,13.75000,13.93000,13.72000,13.84000,151100
2024-04-01,13.91000,13.91000,13.54000,13.55000,227500
2024-04-02,13.40000,13.48000,13.27000,13.45000,222400
2024-04-03,13.35000,13.42000,13.27000,13.30000,104000
2024-04-04,13.60000,13.81000,13.55000,13.55000,235500
2024-04-05,13.51000,13.74000,13.46000,13.49000,111200
2024-04-08,13.54000,13.83000,13.54000,13.70000,193100
2024-04-09,13.75000,13.82000,13.54000,13.70000,166900
2024-04-10,13.43000,13.46000,13.21000,13.39000,247500
2024-04-11,13.41000,13.50000,13.24000,13.44000,161500
2024-04-12,13.31000,13.53000,13.31000,13.42000,100900
2024-04-15,13.46000,13.59000,13.20000,13.35000,137700
2024-04-16,13.28000,13.39000,13.20000,13.31000,109700
2024-04-17,13.34000,13.55000,13.34000,13.44000,147200
2024-04-18,13.48000,14.07000,13.40000,13.74000,509400
2024-04-19,13.75000,14.43000,13.75000,14.43000,232000
2024-04-22,14.45000,14.63000,14.40000,14.50000,199400
2024-04-23,14.40000,14.70000,14.40000,14.50000,272000
2024-04-24,14.41000,14.55000,14.39000,14.50000,177100
2024-04-25,14.18000,14.36000,13.26000,14.13000,263300
2024-04-26,14.09000,14.21000,14.02000,14.03000,177000
2024-04-29,14.03000,14.16000,13.83000,13.85000,119200
2024-04-30,13.80000,13.80000,13.62000,13.70000,223700
2024-05-01,13.82000,14.04000,13.81000,13.84000,196600
2024-05-02,13.98000,14.17000,13.91000,14.15000,166700
2024-05-03,14.33000,14.37000,14.20000,14.36000,153700
2024-05-06,14.48000,14.48000,14.23000,14.25000,189300
2024-05-07,14.26000,14.38000,14.18000,14.20000,180500
2024-05-08,14.18000,14.35000,13.27000,14.25000,191400
2024-05-09,14.29000,14.49000,14.28000,14.36000,186700
2024-05-10,14.38000,14.65000,14.35000,14.57000,317800
2024-05-13,14.67000,14.81000,14.56000,14.62000,188800
2024-05-14,14.73000,14.73000,14.48000,14.57000,137400
2024-05-15,14.69000,14.81000,14.50000,14.81000,198300
2024-05-16,14.75000,14.89000,14.73000,14.80000,190300
2024-05-17,14.90000,14.99000,14.73000,14.92000,199600
2024-05-20,14.92000,14.97000,14.69000,14.69000,120700
2024-05-21,14.65000,14.77000,14.65000,14.75000,143400
2024-05-22,14.72000,14.77000,14.59000,14.69000,142800
2024-05-23,14.70000,14.75000,14.27000,14.31000,169200
2024-05-24,14.37000,14.43000,14.28000,14.39000,124300
2024-05-28,14.47000,14.47000,14.14000,14.25000,151700
2024-05-29,14.06000,14.06000,13.84000,13.98000,168800
2024-05-30,14.18000,14.24000,13.85000,14.13000,283600
2024-05-31,14.20000,14.47000,14.19000,14.46000,244200
2024-06-03,14.51000,14.51000,14.10000,14.14000,128900
2024-06-04,14.06000,14.08000,13.80000,13.86000,152300
2024-06-05,13.91000,13.99000,13.75000,13.86000,166200
2024-06-06,13.84000,13.97000,13.70000,13.96000,141700
2024-06-07,13.83000,14.04000,13.80000,13.89000,93600
2024-06-10,13.79000,14.03000,13.59000,13.85000,116600
2024-06-11,13.74000,13.84000,13.65000,13.80000,270400
2024-06-12,14.05000,14.32000,13.96000,14.13000,179200
2024-06-13,14.09000,14.09000,13.77000,13.87000,114100
2024-06-14,13.76000,13.79000,13.58000,13.65000,102100
2024-06-17,13.60000,13.87000,13.55000,13.87000,95400
2024-06-18,13.38000,14.00000,13.38000,13.98000,250200
2024-06-20,13.90000,14.05000,13.84000,13.92000,127900
2024-06-21,13.98000,14.00000,13.71000,13.76000,418800
2024-06-24,13.82000,14.24000,13.80000,14.17000,153200
2024-06-25,14.10000,14.22000,14.02000,14.05000,156300
2024-06-26,13.96000,14.33000,13.80000,14.29000,153900
2024-06-27,14.33000,14.47000,14.21000,14.46000,208600
2024-06-28,14.50000,14.92000,14.50000,14.81000,704600
2024-07-01,14.79000,14.90000,14.70000,14.89000,193400
2024-07-02,14.93000,15.21000,14.89000,15.20000,257700
2024-07-03,15.19000,15.21000,14.80000,14.80000,92800
2024-07-05,14.75000,14.76000,14.44000,14.54000,161800
2024-07-08,14.66000,14.80000,14.41000,14.52000,240800
2024-07-09,14.49000,14.81000,14.46000,14.74000,220400
2024-07-10,14.69000,15.00000,14.68000,14.97000,138200
2024-07-11,15.00000,15.53000,14.97000,15.41000,507200
2024-07-12,15.58000,15.66000,15.33000,15.52000,259800
2024-07-15,15.69000,16.21000,15.15000,15.93000,938300
2024-07-16,16.11000,16.70000,15.85000,16.62000,503400
2024-07-17,16.49000,16.99000,16.46000,16.77000,425300
2024-07-18,16.45000,16.99000,16.21000,16.40000,397600
2024-07-19,16.51000,16.60000,16.32000,16.36000,319400
2024-07-22,16.16000,16.69000,16.04000,16.57000,393500
2024-07-23,16.45000,17.06000,16.45000,16.98000,499700
2024-07-24,16.89000,17.31000,16.70000,16.75000,370000
2024-07-25,16.80000,17.34000,16.77000,17.08000,348500
2024-07-26,17.22000,17.42000,16.92000,17.10000,260800
2024-07-29,17.15000,17.15000,16.81000,16.94000,192900
2024-07-30,16.97000,17.46000,16.97000,17.08000,452400
2024-07-31,17.06000,17.32000,16.86000,16.92000,224100
2024-08-01,16.87000,16.92000,16.13000,16.20000,208300
2024-08-02,15.58000,15.87000,15.48000,15.74000,284900
2024-08-05,15.18000,15.24000,14.78000,15.05000,234400
2024-08-06,15.05000,15.32000,14.77000,15.16000,220300
2024-08-07,15.36000,15.44000,15.13000,15.25000,175100
2024-08-08,15.41000,15.46000,15.21000,15.44000,152000
2024-08-09,15.40000,15.42000,15.07000,15.30000,239100
2024-08-12,15.39000,15.57000,15.02000,15.29000,266000
2024-08-13,15.49000,15.64000,15.21000,15.61000,235800
2024-08-14,15.72000,15.72000,15.11000,15.41000,152800
2024-08-15,15.77000,16.01000,15.74000,15.81000,257800
2024-08-16,15.75000,16.11000,14.99000,15.96000,392600
2024-08-19,16.01000,16.14000,15.96000,16.10000,113800
2024-08-20,16.03000,16.03000,15.85000,15.87000,140600
2024-08-21,16.00000,16.00000,15.77000,15.92000,137400
2024-08-22,15.87000,16.04000,15.86000,15.96000,125100
2024-08-23,16.07000,16.94000,16.05000,16.52000,633800
2024-08-26,16.76000,16.78000,16.52000,16.57000,226300
2024-08-27,16.51000,16.58000,16.31000,16.57000,261000
2024-08-28,16.62000,17.00000,16.32000,16.83000,892700
2024-08-29,16.90000,17.12000,16.73000,16.98000,506800
2024-08-30,17.06000,17.16000,16.76000,17.03000,195800
2024-09-03,16.81000,17.07000,15.71000,17.00000,265100
2024-09-04,17.01000,17.14000,16.73000,16.80000,259900
2024-09-05,16.91000,17.08000,16.76000,16.95000,245700
2024-09-06,16.96000,17.08000,16.56000,16.66000,251800
2024-09-09,16.68000,16.96000,16.29000,16.75000,297800
2024-09-10,16.78000,16.91000,16.56000,16.71000,248700
2024-09-11,16.60000,16.60000,16.07000,16.47000,295600
2024-09-12,16.56000,16.63000,16.28000,16.34000,303200
2024-09-13,16.56000,16.65000,16.43000,16.54000,260200
2024-09-16,16.59000,16.80000,16.42000,16.72000,275000
2024-09-17,16.66000,16.99000,16.50000,16.55000,280000
2024-09-18,16.61000,17.10000,16.35000,16.61000,256900
2024-09-19,16.88000,16.88000,16.54000,16.73000,195900
2024-09-20,16.69000,16.70000,16.23000,16.25000,635000
2024-09-23,16.25000,16.33000,16.07000,16.12000,240000
2024-09-24,16.18000,16.28000,16.06000,16.27000,213400
2024-09-25,15.98000,16.02000,15.10000,15.30000,678800
2024-09-26,15.43000,15.61000,15.23000,15.37000,249400
2024-09-27,15.45000,15.68000,15.28000,15.42000,219800
2024-09-30,15.41000,15.71000,15.22000,15.59000,163900
2024-10-01,15.56000,15.56000,15.05000,15.06000,216500
2024-10-02,15.01000,15.21000,14.87000,14.91000,172300
2024-10-03,14.83000,15.00000,14.78000,14.93000,202500
2024-10-04,15.15000,15.23000,15.01000,15.08000,147100
2024-10-07,15.05000,15.10000,14.84000,15.07000,137600
2024-10-08,15.15000,15.19000,14.97000,14.98000,324200
2024-10-09,14.95000,15.23000,14.86000,15.08000,149100
2024-10-10,14.96000,15.18000,14.95000,15.15000,129700
2024-10-11,15.21000,15.69000,15.20000,15.49000,208000
2024-10-14,15.51000,15.68000,15.41000,15.57000,187000
2024-10-15,15.62000,16.20000,15.42000,15.80000,632300
2024-10-16,15.97000,16.20000,15.97000,16.12000,345700
2024-10-17,16.68000,17.09000,16.39000,17.04000,496900
2024-10-18,17.05000,17.25000,17.02000,17.13000,439000
2024-10-21,17.16000,17.16000,16.34000,16.36000,254100
2024-10-22,16.30000,16.57000,16.25000,16.56000,240400
2024-10-23,16.43000,16.64000,16.36000,16.62000,195100
2024-10-24,16.61000,16.66000,16.37000,16.54000,230500
2024-10-25,16.53000,16.62000,16.20000,16.35000,190400
2024-10-28,16.54000,16.85000,16.49000,16.77000,273700
2024-10-29,16.68000,16.78000,16.35000,16.69000,148800
2024-10-30,16.66000,17.11000,16.34000,16.90000,857800
2024-10-31,16.92000,16.92000,16.41000,16.42000,185000
2024-11-01,16.54000,16.75000,16.27000,16.40000,192600
2024-11-04,16.32000,16.34000,16.01000,16.24000,158000
2024-11-05,16.24000,16.68000,16.15000,16.67000,200200
2024-11-06,17.25000,18.45000,17.16000,18.39000,1286000
2024-11-07,18.27000,18.34000,17.76000,17.81000,296000
2024-11-08,17.88000,18.13000,17.83000,17.99000,224200
2024-11-11,18.32000,18.66000,18.17000,18.56000,375900
2024-11-12,18.48000,18.76000,18.27000,18.60000,268900
2024-11-13,18.80000,18.86000,18.39000,18.53000,216700
2024-11-14,18.58000,18.71000,18.44000,18.61000,318700
2024-11-15,18.55000,18.86000,18.34000,18.46000,274500
2024-11-18,18.49000,18.68000,18.27000,18.31000,156300
2024-11-19,18.03000,18.36000,18.03000,18.24000,146000
2024-11-20,18.23000,18.38000,18.00000,18.38000,202600
2024-11-21,18.50000,18.79000,18.37000,18.51000,205400
2024-11-22,18.57000,18.75000,18.41000,18.71000,219700
2024-11-25,18.95000,19.37000,18.90000,18.90000,358800
2024-11-26,18.72000,18.95000,18.66000,18.69000,169400
2024-11-27,18.89000,18.93000,18.70000,18.73000,238700
2024-11-29,18.88000,18.92000,18.44000,18.60000,157200
2024-12-02,18.65000,18.76000,18.40000,18.68000,206500
2024-12-03,18.69000,18.78000,18.46000,18.50000,194300
2024-12-04,18.50000,18.84000,18.32000,18.81000,157000
2024-12-05,18.91000,19.06000,18.73000,18.75000,133400
2024-12-06,18.90000,18.91000,18.47000,18.69000,179800
2024-12-09,18.87000,18.87000,18.48000,18.52000,237000
2024-12-10,18.62000,18.86000,18.42000,18.72000,214400
2024-12-11,18.89000,18.94000,18.68000,18.71000,210100
2024-12-12,18.71000,18.74000,18.46000,18.51000,138100
2024-12-13,18.48000,18.57000,18.21000,18.39000,418900
2024-12-16,18.39000,18.63000,18.29000,18.60000,152600
2024-12-17,18.51000,18.56000,18.09000,18.13000,191200
2024-12-18,18.47000,18.47000,17.23000,17.31000,376600
2024-12-19,17.75000,18.09000,17.21000,17.28000,292700
2024-12-20,17.03000,17.80000,17.03000,17.66000,734000
2024-12-23,17.57000,17.84000,17.34000,17.84000,239000
2024-12-24,17.87000,18.07000,17.64000,17.79000,144800
2024-12-26,17.72000,18.11000,17.27000,18.07000,216100
2024-12-27,18.02000,18.18000,17.61000,17.84000,155200
2024-12-30,17.79000,17.90000,17.45000,17.78000,142300
2024-12-31,17.93000,18.02000,17.75000,17.78000,362100
2025-01-02,17.92000,18.12000,17.41000,17.54000,279900
2025-01-03,17.57000,17.75000,17.32000,17.72000,176400
2025-01-06,17.72000,18.13000,17.67000,17.73000,235700
2025-01-07,17.78000,17.90000,17.51000,17.63000,181400
2025-01-08,17.60000,17.97000,17.50000,17.79000,190100
2025-01-10,17.47000,17.47000,16.92000,17.27000,245500
2025-01-13,17.11000,17.63000,17.11000,17.63000,205600
2025-01-14,17.74000,17.98000,17.63000,17.83000,256600
2025-01-15,18.13000,18.52000,17.97000,18.17000,456200
2025-01-16,18.12000,18.34000,18.01000,18.23000,301500
2025-01-17,18.35000,18.45000,17.17000,18.20000,132200
2025-01-21,18.33000,18.66000,18.33000,18.65000,206700
2025-01-22,18.65000,18.77000,18.44000,18.68000,453900
2025-01-23,18.37000,18.66000,17.26000,18.23000,644900
2025-01-24,18.19000,18.56000,18.05000,18.42000,175600
2025-01-27,18.52000,19.05000,18.37000,18.89000,219600
2025-01-28,18.82000,19.06000,18.56000,18.76000,182800
2025-01-29,18.68000,18.94000,18.42000,18.68000,273400
2025-01-30,18.82000,18.91000,18.68000,18.83000,216600
2025-01-31,18.76000,18.97000,18.65000,18.79000,279600
2025-02-03,18.39000,18.80000,18.09000,18.66000,237000
2025-02-04,18.59000,19.03000,18.21000,19.01000,204100
2025-02-05,19.00000,19.19000,18.55000,19.16000,163600
2025-02-06,18.81000,19.46000,18.26000,19.40000,322900
2025-02-07,19.40000,19.43000,19.00000,19.19000,175400
2025-02-10,18.86000,19.23000,18.66000,18.95000,218400
2025-02-11,18.80000,19.30000,18.80000,19.29000,193700
2025-02-12,19.00000,19.13000,18.84000,18.84000,140900
2025-02-13,18.40000,18.93000,17.68000,18.86000,125000
2025-02-14,18.95000,19.06000,18.69000,18.80000,102900
2025-02-18,18.79000,19.04000,18.77000,18.97000,259600
2025-02-19,18.80000,18.92000,18.58000,18.81000,145300
2025-02-20,18.73000,18.81000,18.39000,18.75000,267200
2025-02-21,18.96000,18.96000,18.30000,18.33000,307000
2025-02-24,18.49000,18.78000,18.07000,18.08000,110400
2025-02-25,18.25000,18.35000,17.97000,18.14000,438600
2025-02-26,18.28000,18.45000,17.93000,18.14000,258700
2025-02-27,18.26000,18.37000,18.09000,18.17000,283200
2025-02-28,18.27000,18.45000,18.21000,18.34000,223900
2025-03-03,18.34000,18.56000,18.18000,18.27000,200700
2025-03-04,18.06000,18.06000,17.60000,17.65000,254700
2025-03-05,17.68000,17.82000,17.25000,17.43000,235100
2025-03-06,17.29000,17.37000,17.10000,17.22000,192200
2025-03-07,17.20000,17.20000,16.86000,17.04000,158000
2025-03-10,17.10000,17.18000,16.33000,16.38000,267900
2025-03-11,16.78000,16.79000,16.18000,16.30000,254600
2025-03-12,16.38000,16.60000,16.17000,16.49000,188500
2025-03-13,16.54000,16.58000,16.14000,16.18000,127200
2025-03-14,16.30000,16.59000,16.27000,16.52000,155300
2025-03-17,16.45000,16.70000,16.45000,16.56000,195700
2025-03-18,16.47000,16.80000,16.38000,16.77000,357900
2025-03-19,16.77000,16.94000,16.60000,16.90000,200000
2025-03-20,16.70000,17.05000,16.70000,16.82000,147900
2025-03-21,16.75000,17.09000,16.50000,16.92000,626800
2025-03-24,17.03000,17.15000,16.85000,17.06000,169900
2025-03-25,17.05000,17.15000,16.91000,16.91000,137100
2025-03-26,16.95000,17.18000,16.84000,16.93000,197800
2025-03-27,16.95000,17.08000,16.76000,16.99000,166700
2025-03-28,16.97000,17.07000,16.58000,16.69000,125700
2025-03-31,16.79000,16.90000,16.46000,16.64000,186700
2025-04-01,16.57000,16.70000,16.38000,16.61000,158300
2025-04-02,16.41000,16.80000,16.41000,16.79000,141100
2025-04-03,16.05000,16.10000,15.27000,15.28000,297000
2025-04-04,14.70000,14.86000,14.35000,14.79000,310000
2025-04-07,14.47000,15.49000,14.34000,14.79000,269400
2025-04-08,15.29000,15.52000,14.48000,14.71000,236200
2025-04-09,14.58000,15.67000,14.31000,15.42000,392800
2025-04-10,15.07000,15.07000,14.14000,14.53000,240900
2025-04-11,14.35000,14.99000,14.14000,14.45000,212700
2025-04-14,14.65000,15.22000,14.21000,14.57000,254300
2025-04-15,14.59000,15.19000,14.34000,14.78000,343500
2025-04-16,14.77000,15.03000,14.59000,14.76000,186500
2025-04-17,14.75000,14.95000,14.63000,14.78000,212000
2025-04-21,14.61000,14.74000,14.30000,14.68000,209100
2025-04-22,15.17000,15.29000,14.70000,15.25000,177700
2025-04-23,15.56000,15.86000,15.39000,15.46000,209300
2025-04-24,15.53000,15.72000,15.01000,15.60000,304800
2025-04-25,15.41000,15.58000,15.33000,15.57000,269500
2025-04-28,15.62000,16.00000,15.41000,15.97000,237200
2025-04-29,15.92000,16.18000,15.64000,16.14000,140300
2025-04-30,15.86000,15.95000,15.46000,15.79000,261600
2025-05-01,15.71000,16.08000,15.28000,15.97000,163400
2025-05-02,16.42000,16.71000,16.05000,16.29000,208100
2025-05-05,16.13000,16.51000,16.13000,16.41000,341500
2025-05-06,16.22000,16.51000,15.53000,16.39000,255500
2025-05-07,16.54000,16.95000,16.29000,16.36000,269600
2025-05-08,16.78000,16.84000,16.42000,16.76000,246100
2025-05-09,16.31000,16.99000,16.31000,16.59000,258700
2025-05-12,17.32000,17.46000,17.05000,17.09000,190200
2025-05-13,17.21000,17.29000,17.07000,17.19000,204500
2025-05-14,17.13000,17.16000,16.82000,17.01000,139600
2025-05-15,17.03000,17.32000,16.47000,17.21000,146200
2025-05-16,17.13000,17.27000,16.59000,17.10000,474800
2025-05-19,16.99000,17.15000,16.33000,17.08000,176300
2025-05-20,17.10000,17.11000,17.01000,17.03000,101900
2025-05-21,16.90000,17.00000,16.64000,16.65000,225200
2025-05-22,16.50000,16.74000,16.50000,16.52000,179000
2025-05-23,16.21000,16.49000,16.21000,16.41000,166300
2025-05-27,16.53000,16.81000,16.45000,16.78000,159100
2025-05-28,16.74000,16.85000,16.58000,16.58000,183100
2025-05-29,16.58000,16.75000,16.55000,16.75000,136300
2025-05-30,16.68000,16.71000,16.52000,16.54000,229300
2025-06-02,16.50000,16.51000,16.27000,16.47000,159000
2025-06-03,16.42000,16.74000,16.26000,16.67000,185600
2025-06-04,16.47000,16.75000,16.33000,16.36000,165900
2025-06-05,16.35000,16.43000,16.21000,16.34000,162700
2025-06-06,16.62000,16.78000,16.51000,16.77000,196000
2025-06-09,16.88000,17.10000,16.81000,17.00000,170900
2025-06-10,17.03000,17.32000,16.96000,17.21000,164300
2025-06-11,17.32000,17.33000,16.80000,17.06000,148500
2025-06-12,16.95000,17.11000,16.75000,17.09000,203400
2025-06-13,16.96000,16.96000,16.61000,16.67000,187200
2025-06-16,16.91000,17.08000,16.69000,16.75000,259000
2025-06-17,16.60000,16.85000,16.55000,16.70000,269700
2025-06-18,16.65000,16.84000,16.57000,16.69000,199900
2025-06-20,16.86000,16.91000,16.66000,16.71000,285100
2025-06-23,16.66000,17.20000,16.60000,17.19000,163600
2025-06-24,17.24000,17.63000,17.11000,17.36000,263800
2025-06-25,17.33000,17.33000,17.17000,17.25000,173600
2025-06-26,17.33000,17.66000,17.13000,17.64000,161900
2025-06-27,17.65000,17.76000,17.09000,17.70000,414200
2025-06-30,17.71000,17.86000,17.61000,17.74000,222600
2025-07-01,17.67000,18.48000,17.67000,18.34000,362100
2025-07-02,18.48000,18.98000,18.37000,18.90000,384000
2025-07-03,19.00000,19.23000,18.51000,19.08000,287100
2025-07-07,18.95000,19.25000,18.79000,18.90000,213100
2025-07-08,18.78000,19.17000,18.78000,18.95000,304300
2025-07-09,19.04000,19.11000,18.79000,18.84000,279200
2025-07-10,18.86000,19.10000,18.86000,19.01000,183100
2025-07-11,18.81000,18.90000,18.68000,18.70000,187500
2025-07-14,18.63000,18.98000,18.63000,18.96000,143800
2025-07-15,18.90000,18.93000,18.40000,18.40000,201800
2025-07-16,18.63000,18.71000,18.13000,18.44000,272400
2025-07-17,18.38000,18.71000,18.38000,18.61000,186800
2025-07-18,18.75000,18.85000,18.56000,18.65000,195100
2025-07-21,18.68000,18.80000,18.56000,18.58000,104900
2025-07-22,18.77000,18.87000,18.52000,18.66000,171500
2025-07-23,18.76000,18.76000,18.45000,18.60000,159900
2025-07-24,18.39000,18.39000,17.76000,17.78000,401600
2025-07-25,17.74000,17.85000,17.55000,17.85000,252800
2025-07-28,17.84000,17.98000,17.71000,17.73000,281300
2025-07-29,17.89000,17.89000,17.56000,17.61000,304200
2025-07-30,17.70000,17.73000,17.23000,17.28000,298600
2025-07-31,17.16000,17.23000,16.95000,16.97000,267800
2025-08-01,16.82000,17.57000,16.43000,16.59000,232900
2025-08-04,16.64000,17.40000,16.54000,16.80000,202400
2025-08-05,16.87000,17.02000,16.59000,17.02000,272200
2025-08-06,17.09000,17.20000,16.80000,16.81000,108900
2025-08-07,16.91000,17.27000,16.54000,16.56000,200400
2025-08-08,16.74000,16.81000,16.57000,16.74000,124600
2025-08-11,16.78000,17.06000,16.69000,16.79000,112000
2025-08-12,16.94000,17.57000,16.87000,17.56000,173900
2025-08-13,17.67000,17.87000,17.51000,17.84000,185400
2025-08-14,17.62000,17.82000,17.30000,17.78000,150400
2025-08-15,17.84000,17.84000,17.38000,17.39000,160000
2025-08-18,17.42000,17.64000,17.32000,17.61000,156200
2025-08-19,17.60000,17.80000,17.47000,17.49000,171400
2025-08-20,17.50000,17.59000,17.43000,17.56000,176900
2025-08-21,17.53000,17.64000,17.36000,17.59000,148200
2025-08-22,17.79000,18.42000,17.68000,18.39000,326200
2025-08-25,18.31000,18.36000,18.13000,18.17000,125000
2025-08-26,18.16000,18.51000,18.16000,18.40000,173600
2025-08-27,18.35000,18.61000,18.22000,18.57000,152400
2025-08-28,18.62000,18.62000,18.45000,18.53000,147400
2025-08-29,18.59000,18.68000,18.43000,18.46000,202900
2025-09-02,18.27000,18.45000,18.17000,18.44000,273900
2025-09-03,18.37000,18.58000,18.20000,18.48000,247200
2025-09-04,18.57000,18.76000,18.42000,18.76000,231900
2025-09-05,18.82000,18.95000,18.35000,18.43000,259500
2025-09-08,18.36000,18.63000,18.26000,18.52000,205900
2025-09-09,18.46000,18.65000,18.22000,18.26000,219600
2025-09-10,18.26000,18.38000,18.23000,18.29000,207100
2025-09-11,18.27000,18.42000,18.16000,18.39000,233300
2025-09-12,18.31000,18.51000,18.13000,18.26000,193800
2025-09-15,18.34000,18.38000,18.00000,18.04000,189200
2025-09-16,18.01000,18.06000,17.72000,17.82000,185000
2025-09-17,17.91000,18.41000,17.87000,17.91000,358500
2025-09-18,18.06000,18.41000,18.01000,18.36000,371500
2025-09-19,18.24000,18.33000,17.89000,17.89000,1590900
2025-09-22,17.90000,18.05000,17.78000,17.90000,346200
2025-09-23,17.87000,18.20000,17.80000,17.86000,400000
2025-09-24,17.87000,17.94000,17.63000,17.70000,338000
2025-09-25,17.67000,17.74000,17.41000,17.51000,295200
2025-09-26,17.56000,17.68000,17.43000,17.61000,267400
2025-09-29,17.67000,17.67000,17.24000,17.30000,243100
2025-09-30,17.29000,17.41000,17.11000,17.29000,283700
2025-10-01,17.12000,17.55000,16.99000,17.36000,604000
2025-10-02,17.33000,17.36000,16.96000,17.10000,279400
2025-10-03,17.10000,17.37000,17.10000,17.26000,227600
2025-10-06,17.37000,17.67000,17.32000,17.53000,313800
2025-10-07,17.52000,17.68000,17.24000,17.25000,208600
2025-10-08,17.28000,17.31000,17.16000,17.27000,166600
2025-10-09,17.36000,17.37000,17.02000,17.18000,173600
2025-10-10,17.28000,17.63000,17.04000,17.05000,409300
2025-10-13,17.21000,17.25000,16.90000,17.24000,274100
2025-10-14,17.22000,18.04000,17.14000,17.97000,329600
2025-10-15,17.90000,18.19000,17.75000,17.84000,369300
2025-10-16,17.75000,17.79000,16.65000,16.71000,498800
2025-10-17,16.88000,17.14000,16.88000,17.07000,364200
2025-10-20,17.16000,17.76000,17.08000,17.75000,265700
2025-10-21,17.67000,18.09000,17.57000,18.08000,329700
2025-10-22,18.14000,18.29000,17.90000,17.95000,678200
2025-10-23,17.92000,18.02000,17.43000,17.86000,663000
2025-10-24,18.33000,18.60000,18.10000,18.56000,744400
2025-10-27,18.60000,18.75000,18.48000,18.58000,673800
2025-10-28,18.52000,18.70000,18.33000,18.61000,477900
2025-10-29,18.52000,18.70000,17.11000,18.33000,391300
2025-10-30,18.29000,18.57000,18.10000,18.16000,394500
2025-10-31,17.96000,18.07000,17.54000,17.95000,396800
2025-11-03,17.84000,18.00000,17.66000,18.00000,294500
2025-11-04,17.89000,18.20000,17.74000,18.09000,408500
2025-11-05,18.01000,18.44000,17.99000,18.39000,330500
2025-11-06,18.35000,18.48000,18.05000,18.20000,284000
2025-11-07,18.22000,18.36000,18.01000,18.32000,361600
2025-11-10,18.37000,18.55000,18.18000,18.42000,322800
2025-11-11,18.46000,18.61000,18.33000,18.43000,236500
2025-11-12,18.42000,18.71000,18.33000,18.38000,510100
2025-11-13,18.31000,18.59000,18.19000,18.34000,265400
2025-11-14,18.28000,18.47000,18.11000,18.44000,286000
2025-11-17,18.39000,18.43000,17.65000,17.67000,204400
2025-11-18,17.67000,18.03000,17.61000,17.85000,242200
2025-11-19,17.85000,18.12000,17.79000,18.05000,238400
2025-11-20,18.24000,18.49000,17.90000,17.95000,198000
2025-11-21,18.02000,18.69000,18.02000,18.52000,366000
2025-11-24,18.50000,18.60000,17.87000,18.42000,355800
2025-11-25,18.53000,19.09000,18.25000,19.00000,256700
2025-11-26,18.93000,19.17000,18.89000,19.02000,328900
2025-11-28,19.02000,19.04000,18.78000,18.85000,133500
2025-12-01,18.75000,19.13000,18.75000,19.02000,296900
2025-12-02,19.15000,19.15000,18.90000,18.93000,295800
2025-12-03,19.00000,19.53000,18.88000,19.49000,441800
2025-12-04,19.40000,19.75000,19.38000,19.63000,313700
2025-12-05,19.54000,19.65000,19.49000,19.62000,201200
2025-12-08,19.70000,19.91000,19.51000,19.80000,272800
2025-12-09,19.82000,20.14000,19.75000,19.80000,259900
2025-12-10,19.76000,20.52000,19.71000,20.41000,386000
2025-12-11,20.32000,20.71000,20.32000,20.63000,293500
2025-12-12,20.76000,20.76000,20.41000,20.51000,262900
2025-12-15,20.55000,20.71000,20.50000,20.64000,251100
2025-12-16,20.69000,20.88000,20.57000,20.78000,251800
2025-12-17,20.76000,20.96000,20.56000,20.65000,316400
2025-12-18,20.81000,20.94000,20.50000,20.85000,294400
2025-12-19,20.74000,20.96000,20.41000,20.53000,611300
2025-12-22,20.56000,20.70000,20.40000,20.52000,179700
2025-12-23,20.41000,20.54000,20.16000,20.18000,176100
2025-12-24,20.15000,20.21000,20.09000,20.13000,80300
2025-12-26,20.15000,20.60000,19.82000,19.90000,183000
2025-12-29,19.96000,20.00000,19.78000,19.79000,223300
2025-12-30,19.79000,19.79000,19.51000,19.53000,246800
2025-12-31,19.53000,19.58000,19.42000,19.50000,182700
2026-01-02,19.46000,19.66000,19.19000,19.48000,250200
2026-01-05,19.35000,20.28000,19.35000,20.02000,294600
2026-01-06,19.90000,19.98000,19.76000,19.88000,252100
2026-01-07,19.91000,20.02000,19.52000,19.74000,231200
2026-01-08,19.63000,20.55000,19.63000,20.27000,350500
2026-01-09,20.31000,20.37000,19.75000,19.78000,240700
2026-01-12,19.59000,19.84000,19.46000,19.73000,260000
2026-01-13,19.74000,20.13000,19.48000,19.87000,602500
2026-01-14,19.85000,20.56000,19.70000,20.46000,488000
2026-01-15,20.45000,21.10000,20.45000,20.99000,367200
2026-01-16,20.89000,21.10000,20.21000,20.66000,504500
2026-01-20,20.40000,20.70000,20.30000,20.37000,242300
2026-01-21,20.47000,21.51000,20.47000,21.47000,560900
2026-01-22,21.80000,22.00000,21.07000,21.26000,476900
2026-01-23,21.08000,21.08000,19.86000,19.90000,621100
2026-01-26,19.83000,20.25000,18.95000,19.88000,483000
2026-01-27,20.00000,20.05000,19.65000,19.82000,287800
2026-01-28,20.01000,20.01000,19.41000,19.51000,374600
2026-01-29,19.57000,19.98000,19.44000,19.98000,362600
2026-01-30,19.81000,20.05000,19.63000,19.84000,376000
2026-02-02,19.88000,20.46000,19.71000,20.24000,331600
2026-02-03,20.17000,20.79000,20.02000,20.52000,367000
2026-02-04,20.67000,21.07000,20.67000,20.78000,283600
2026-02-05,20.75000,21.00000,20.45000,20.66000,381000
2026-02-06,20.93000,21.07000,20.80000,21.04000,360400
2026-02-09,20.94000,21.33000,20.60000,21.11000,349900
2026-02-10,21.05000,21.27000,20.49000,20.64000,426200
2026-02-11,20.74000,21.00000,20.37000,20.40000,239600
2026-02-12,20.60000,20.68000,20.15000,20.46000,335800
2026-02-13,20.39000,20.77000,20.20000,20.57000,208700
2026-02-17,20.63000,20.96000,20.57000,20.83000,217400
2026-02-18,20.74000,21.14000,20.50000,20.54000,343700
2026-02-19,20.36000,20.53000,20.14000,20.37000,261700
2026-02-20,20.40000,20.63000,20.15000,20.57000,386100
2026-02-23,20.60000,20.73000,19.41000,19.56000,307700
2026-02-24,19.53000,19.86000,19.52000,19.79000,386900
2026-02-25,19.97000,20.38000,19.85000,20.32000,174300
2026-02-26,20.32000,20.58000,19.96000,20.22000,323600
2026-02-27,19.61000,19.95000,19.42000,19.63000,555400
2026-03-02,19.26000,20.10000,19.15000,19.91000,512900
2026-03-03,19.39000,19.99000,19.38000,19.90000,313100
2026-03-04,20.00000,20.19000,19.56000,20.05000,278800
2026-03-05,19.82000,20.09000,19.52000,19.72000,412000
2026-03-06,19.15000,19.78000,19.00000,19.55000,407600
2026-03-09,19.20000,19.76000,18.91000,19.62000,707000
2026-03-10,19.51000,20.06000,19.49000,19.63000,369600
2026-03-11,19.42000,19.72000,19.39000,19.48000,426400
2026-03-12,19.10000,19.61000,19.08000,19.56000,306900
2026-03-13,19.71000,19.90000,19.33000,19.48000,367500
2026-03-16,19.66000,19.78000,19.58000,19.61000,246700
2026-03-17,19.80000,20.00000,19.46000,19.55000,310400
2026-03-18,19.35000,19.52000,19.23000,19.28000,430300
2026-03-19,19.16000,19.71000,19.14000,19.58000,407600
2026-03-20,19.58000,19.76000,19.34000,19.45000,724100
2026-03-23,19.87000,20.10000,19.66000,19.68000,673800
2026-03-24,19.49000,20.03000,19.49000,19.74000,412100
2026-03-25,19.87000,20.09000,19.45000,19.61000,463900
2026-03-26,19.49000,19.82000,19.41000,19.70000,325300
2026-03-27,19.69000,19.77000,19.43000,19.57000,267900
2026-03-30,19.71000,19.89000,19.64000,19.85000,284400
2026-03-31,20.14000,20.27000,19.90000,20.16000,302200
2026-04-01,20.21000,20.65000,20.21000,20.45000,288700
2026-04-02,20.13000,20.80000,20.09000,20.74000,317300
2026-04-06,20.65000,20.89000,20.58000,20.76000,277600
2026-04-07,20.51000,20.97000,20.40000,20.94000,318000
2026-04-08,21.25000,21.60000,21.05000,21.19000,608300
2026-04-09,21.14000,21.64000,21.09000,21.47000,627700
2026-04-10,21.51000,21.51000,21.18000,21.31000,405800
2026-04-13,21.24000,21.55000,21.10000,21.53000,346800
2026-04-14,21.43000,21.72000,21.10000,21.61000,404100
2026-04-15,21.68000,21.76000,21.41000,21.67000,134526
