date,open,high,low,close,volume
2016-02-04,26.41000,26.54000,25.94000,26.26000,12200
2016-02-05,26.25000,26.40000,25.66000,25.72000,27300
2016-02-08,25.63000,25.92000,25.44000,25.85000,20200
2016-02-09,25.66000,25.78000,25.42000,25.65000,26100
2016-02-10,25.88000,26.00000,25.47000,25.59000,15500
2016-02-11,25.16000,25.53000,24.66000,25.23000,12400
2016-02-12,25.57000,25.90000,25.18000,25.73000,12000
2016-02-16,25.75000,26.15000,25.64000,25.79000,33100
2016-02-17,25.94000,26.18000,25.42000,25.60000,12600
2016-02-18,25.58000,25.93000,25.02000,25.12000,8300
2016-02-19,25.09000,25.41000,24.76000,25.08000,22500
2016-02-22,25.17000,25.73000,24.90000,25.49000,23700
2016-02-23,25.22000,25.50000,25.05000,25.40000,38800
2016-02-24,25.23000,25.68000,25.19000,25.64000,10500
2016-02-25,25.65000,25.75000,25.49000,25.74000,4700
2016-02-26,25.80000,26.12000,25.54000,25.69000,20100
2016-02-29,25.58000,25.80000,25.56000,25.61000,40800
2016-03-01,25.71000,26.00000,25.71000,26.00000,25900
2016-03-02,26.00000,26.06000,25.92000,26.06000,30300
2016-03-03,26.02000,26.07000,25.91000,25.98000,39800
2016-03-04,25.94000,26.07000,25.39000,25.54000,34300
2016-03-07,25.45000,25.92000,25.45000,25.55000,26300
2016-03-08,25.47000,25.63000,25.27000,25.32000,19800
2016-03-09,25.39000,25.45000,24.89000,25.39000,24600
2016-03-10,25.37000,25.44000,24.92000,25.21000,19900
2016-03-11,25.31000,25.55000,25.13000,25.55000,38400
2016-03-14,25.54000,25.54000,25.12000,25.27000,20400
2016-03-15,25.18000,25.55000,25.16000,25.40000,17100
2016-03-16,25.15000,25.47000,24.74000,24.91000,21600
2016-03-17,24.75000,25.35000,24.36000,25.27000,17900
2016-03-18,25.37000,25.60000,24.79000,25.29000,85300
2016-03-21,25.25000,25.31000,24.73000,24.79000,44900
2016-03-22,24.77000,24.77000,24.60000,24.73000,21600
2016-03-23,24.70000,25.25000,24.51000,25.14000,26600
2016-03-24,25.11000,25.49000,24.96000,25.45000,13300
2016-03-28,25.45000,25.50000,25.29000,25.45000,19700
2016-03-29,25.33000,25.87000,24.99000,25.81000,24300
2016-03-30,25.95000,26.48000,25.70000,26.24000,30800
2016-03-31,26.25000,26.25000,25.75000,25.83000,24900
2016-04-01,25.69000,26.16000,25.22000,25.96000,14900
2016-04-04,25.91000,25.91000,25.58000,25.64000,10800
2016-04-05,25.49000,25.55000,25.27000,25.45000,19200
2016-04-06,25.37000,25.41000,24.98000,25.38000,14300
2016-04-07,25.12000,25.16000,24.54000,24.69000,20900
2016-04-08,24.79000,25.07000,24.70000,24.85000,8500
2016-04-11,24.92000,25.39000,24.80000,24.83000,12100
2016-04-12,24.75000,25.55000,24.75000,25.42000,12800
2016-04-13,25.72000,25.93000,25.50000,25.79000,22200
2016-04-14,25.95000,26.20000,25.84000,25.98000,21400
2016-04-15,25.91000,26.78000,25.91000,26.25000,29300
2016-04-18,26.49000,26.49000,25.92000,26.29000,15100
2016-04-19,26.22000,26.50000,25.55000,26.16000,14900
2016-04-20,26.15000,26.40000,25.93000,25.95000,27500
2016-04-21,26.04000,26.74000,26.02000,26.14000,33600
2016-04-22,26.05000,26.57000,26.05000,26.48000,9100
2016-04-25,26.49000,26.67000,26.35000,26.63000,9500
2016-04-26,26.81000,27.65000,26.79000,27.52000,19100
2016-04-27,27.62000,27.95000,26.48000,27.31000,17300
2016-04-28,26.23000,27.22000,26.23000,26.64000,34900
2016-04-29,26.43000,27.44000,26.04000,27.31000,33100
2016-05-02,27.51000,27.90000,27.35000,27.90000,16800
2016-05-03,27.60000,27.80000,27.33000,27.58000,24300
2016-05-04,27.53000,27.53000,27.20000,27.32000,25100
2016-05-05,27.38000,27.41000,27.20000,27.32000,18800
2016-05-06,27.25000,27.43000,26.96000,27.36000,16700
2016-05-09,27.19000,27.38000,26.83000,27.14000,18000
2016-05-10,27.36000,27.50000,27.17000,27.41000,13500
2016-05-11,26.96000,27.67000,26.96000,27.18000,19300
2016-05-12,27.26000,27.26000,26.86000,27.04000,19200
2016-05-13,27.10000,27.15000,26.59000,26.75000,18100
2016-05-16,26.70000,27.26000,26.70000,27.11000,25800
2016-05-17,27.12000,27.12000,26.06000,26.43000,20100
2016-05-18,26.37000,27.48000,26.37000,27.36000,26400
2016-05-19,27.19000,27.38000,26.67000,27.16000,20900
2016-05-20,27.34000,27.84000,27.34000,27.52000,11900
2016-05-23,27.68000,28.02000,27.37000,27.93000,34700
2016-05-24,27.90000,27.90000,27.52000,27.87000,25200
2016-05-25,28.00000,28.21000,27.71000,27.93000,28200
2016-05-26,27.55000,28.02000,27.51000,27.91000,22600
2016-05-27,27.75000,28.43000,27.74000,27.98000,11700
2016-05-31,27.93000,28.14000,27.52000,27.73000,22800
2016-06-01,27.43000,28.04000,27.35000,27.85000,14100
2016-06-02,27.28000,27.91000,27.28000,27.69000,19200
2016-06-03,27.52000,27.52000,26.61000,26.90000,35100
2016-06-06,27.00000,27.86000,26.88000,27.84000,23600
2016-06-07,27.61000,28.23000,27.42000,28.00000,21400
2016-06-08,27.62000,27.95000,27.51000,27.69000,23800
2016-06-09,26.84000,27.67000,26.84000,27.60000,26300
2016-06-10,27.51000,27.64000,27.03000,27.50000,9800
2016-06-13,27.17000,27.36000,26.86000,27.00000,11300
2016-06-14,26.63000,27.58000,26.63000,26.98000,12800
2016-06-15,26.95000,27.65000,26.90000,26.95000,24600
2016-06-16,26.86000,26.86000,26.31000,26.70000,8600
2016-06-17,26.79000,26.97000,26.37000,26.85000,37000
2016-06-20,27.45000,27.45000,26.94000,27.40000,19300
2016-06-21,27.15000,27.49000,27.15000,27.39000,5900
2016-06-22,27.53000,27.80000,27.42000,27.46000,10300
2016-06-23,27.78000,28.20000,27.78000,28.18000,14000
2016-06-24,27.19000,27.38000,26.55000,26.94000,47200
2016-06-27,26.66000,26.97000,26.65000,26.68000,21400
2016-06-28,26.98000,27.11000,26.43000,26.51000,19100
2016-06-29,26.81000,27.11000,26.64000,26.71000,15400
2016-06-30,26.97000,27.65000,26.73000,27.63000,13700
2016-07-01,27.48000,27.75000,27.23000,27.27000,13000
2016-07-05,27.32000,27.63000,27.07000,27.14000,16300
2016-07-06,27.04000,27.59000,27.04000,27.38000,10400
2016-07-07,27.56000,27.67000,27.39000,27.55000,8600
2016-07-08,27.68000,28.48000,27.38000,28.44000,15700
2016-07-11,28.49000,28.73000,28.11000,28.52000,17000
2016-07-12,28.41000,29.73000,28.41000,29.31000,23900
2016-07-13,29.39000,29.39000,28.95000,29.12000,14000
2016-07-14,29.20000,29.77000,29.08000,29.23000,17700
2016-07-15,29.50000,29.90000,29.02000,29.83000,28000
2016-07-18,29.71000,29.99000,29.63000,29.93000,13000
2016-07-19,29.96000,30.00000,29.75000,29.87000,12200
2016-07-20,29.65000,30.00000,29.51000,29.94000,15400
2016-07-21,29.76000,29.87000,29.76000,29.76000,3500
2016-07-22,29.88000,30.00000,29.85000,29.98000,9500
2016-07-25,29.80000,29.97000,29.80000,29.95000,2800
2016-07-26,29.77000,30.00000,29.77000,29.97000,9200
2016-07-27,30.00000,30.00000,29.82000,29.98000,13500
2016-07-28,29.97000,29.99000,29.66000,29.87000,5800
2016-07-29,29.77000,29.96000,29.71000,29.81000,9700
2016-08-01,29.81000,29.88000,29.38000,29.49000,12700
2016-08-02,29.43000,30.00000,29.43000,29.94000,24600
2016-08-03,30.00000,30.65000,29.95000,30.54000,29600
2016-08-04,30.53000,30.74000,30.51000,30.54000,15400
2016-08-05,30.75000,31.00000,30.46000,30.80000,50800
2016-08-08,30.98000,31.41000,30.67000,31.13000,12400
2016-08-09,31.30000,31.30000,31.07000,31.18000,25800
2016-08-10,31.00000,31.20000,30.76000,30.94000,8400
2016-08-11,31.03000,31.15000,31.02000,31.10000,17000
2016-08-12,30.96000,31.10000,30.10000,30.86000,27700
2016-08-15,31.10000,31.10000,30.97000,31.00000,6800
2016-08-16,31.00000,31.00000,30.29000,30.78000,12100
2016-08-17,30.80000,30.90000,30.37000,30.70000,25000
2016-08-18,30.67000,31.10000,30.67000,31.01000,9500
2016-08-19,31.04000,31.10000,30.71000,30.83000,10500
2016-08-22,30.85000,31.04000,30.77000,31.02000,9500
2016-08-23,31.28000,31.92000,31.01000,31.63000,17500
2016-08-24,31.79000,32.67000,31.52000,31.69000,24700
2016-08-25,31.66000,31.83000,31.61000,31.74000,8800
2016-08-26,32.02000,32.02000,31.47000,31.71000,17100
2016-08-29,31.66000,31.70000,31.45000,31.69000,7500
2016-08-30,31.67000,31.79000,31.45000,31.79000,14300
2016-08-31,31.84000,32.05000,31.39000,32.01000,20100
2016-09-01,33.26000,33.26000,31.37000,31.99000,27400
2016-09-02,31.96000,32.18000,31.96000,32.12000,7500
2016-09-06,32.31000,32.31000,31.78000,32.15000,7900
2016-09-07,32.04000,32.78000,32.04000,32.62000,12900
2016-09-08,32.53000,32.72000,32.26000,32.62000,7800
2016-09-09,32.58000,32.58000,31.33000,31.49000,18800
2016-09-12,31.16000,31.18000,30.92000,31.11000,14900
2016-09-13,30.77000,30.79000,30.16000,30.40000,22900
2016-09-14,29.80000,30.05000,29.60000,29.62000,18800
2016-09-15,29.75000,30.24000,29.75000,30.22000,5500
2016-09-16,30.30000,30.84000,29.75000,29.96000,76100
2016-09-19,30.17000,30.57000,29.70000,29.99000,11600
2016-09-20,29.92000,30.24000,29.92000,30.19000,11100
2016-09-21,30.36000,30.90000,30.36000,30.84000,9200
2016-09-22,31.17000,31.37000,31.07000,31.32000,38800
2016-09-23,31.10000,31.35000,31.10000,31.19000,8700
2016-09-26,30.00000,30.97000,30.00000,30.33000,9100
2016-09-27,30.04000,30.64000,30.04000,30.59000,7000
2016-09-28,30.34000,30.80000,30.17000,30.69000,16700
2016-09-29,30.61000,30.74000,30.11000,30.19000,16800
2016-09-30,30.22000,31.24000,30.06000,31.08000,23600
2016-10-03,31.10000,31.64000,30.59000,31.25000,17900
2016-10-04,31.33000,32.03000,31.01000,31.61000,23400
2016-10-05,31.59000,31.78000,31.50000,31.59000,27300
2016-10-06,31.58000,31.71000,31.58000,31.68000,9000
2016-10-07,31.76000,31.77000,30.81000,31.13000,8500
2016-10-10,31.28000,31.53000,31.05000,31.25000,14700
2016-10-11,31.08000,31.31000,30.84000,30.90000,9500
2016-10-12,30.90000,30.90000,30.78000,30.82000,5400
2016-10-13,30.54000,30.54000,29.91000,29.96000,7900
2016-10-14,30.10000,30.45000,29.81000,29.81000,9000
2016-10-17,30.99000,30.99000,29.61000,29.64000,13700
2016-10-18,29.65000,29.65000,28.68000,28.73000,21400
2016-10-19,28.71000,28.95000,28.56000,28.67000,15900
2016-10-20,28.86000,29.09000,28.60000,28.87000,13000
2016-10-21,29.09000,30.13000,28.93000,29.94000,16300
2016-10-24,30.84000,31.31000,30.00000,31.25000,7700
2016-10-25,31.08000,31.19000,30.54000,31.09000,7400
2016-10-26,31.52000,31.82000,31.13000,31.37000,15700
2016-10-27,31.62000,31.95000,31.50000,31.82000,12900
2016-10-28,31.99000,32.10000,31.31000,31.82000,17800
2016-10-31,31.25000,32.10000,31.25000,31.64000,23400
2016-11-01,31.73000,32.11000,31.53000,31.70000,9100
2016-11-02,31.78000,32.90000,31.70000,31.79000,21600
2016-11-03,31.81000,31.88000,31.17000,31.68000,10200
2016-11-04,31.54000,32.05000,30.05000,31.61000,15500
2016-11-07,31.91000,32.72000,31.64000,31.74000,17200
2016-11-08,31.65000,32.12000,31.65000,32.00000,11800
2016-11-09,31.98000,33.25000,31.01000,33.21000,22500
2016-11-10,33.40000,34.50000,31.80000,34.34000,29100
2016-11-11,34.06000,36.70000,34.06000,35.90000,58700
2016-11-14,35.91000,36.32000,35.78000,35.80000,32700
2016-11-15,33.95000,36.20000,33.95000,35.84000,56100
2016-11-16,35.65000,35.65000,34.85000,35.08000,36600
2016-11-17,35.13000,35.50000,34.60000,35.00000,21600
2016-11-18,35.10000,36.06000,33.92000,35.98000,61500
2016-11-21,36.00000,36.11000,35.68000,36.04000,15300
2016-11-22,36.18000,37.19000,36.11000,36.64000,24300
2016-11-23,36.51000,37.70000,35.95000,37.29000,17100
2016-11-25,36.40000,38.39000,36.40000,37.11000,21200
2016-11-28,37.08000,37.64000,36.76000,37.13000,14500
2016-11-29,37.20000,37.38000,36.47000,36.74000,17100
2016-11-30,36.86000,37.43000,36.71000,37.03000,19400
2016-12-01,37.01000,38.15000,35.96000,36.43000,16200
2016-12-02,35.79000,36.75000,35.21000,35.82000,29300
2016-12-05,35.84000,36.95000,35.84000,36.79000,25600
2016-12-06,36.96000,37.18000,36.71000,37.10000,33900
2016-12-07,37.13000,37.81000,37.13000,37.55000,17900
2016-12-08,37.25000,38.26000,37.25000,37.96000,28300
2016-12-09,37.89000,38.59000,37.89000,38.41000,29800
2016-12-12,38.49000,38.54000,38.19000,38.43000,21700
2016-12-13,38.68000,39.87000,38.16000,39.51000,97000
2016-12-14,39.16000,39.40000,38.25000,38.35000,54700
2016-12-15,38.53000,39.20000,38.23000,38.68000,92600
2016-12-16,38.31000,39.05000,38.19000,38.54000,65500
2016-12-19,39.73000,40.03000,38.41000,39.84000,41500
2016-12-20,40.15000,40.74000,37.81000,39.83000,20000
2016-12-21,39.50000,39.84000,39.09000,39.50000,18600
2016-12-22,39.19000,39.71000,38.58000,39.22000,22200
2016-12-23,39.45000,39.72000,39.15000,39.40000,23600
2016-12-27,39.57000,40.04000,39.40000,39.79000,33300
2016-12-28,39.75000,39.96000,39.51000,39.79000,14500
2016-12-29,40.00000,40.43000,39.28000,39.95000,10800
2016-12-30,39.36000,40.17000,39.02000,39.54000,14400
2017-01-03,40.21000,40.53000,39.22000,39.88000,22000
2017-01-04,39.89000,40.00000,39.82000,39.94000,27300
2017-01-05,40.00000,40.00000,39.01000,39.08000,10500
2017-01-06,39.31000,39.35000,38.63000,38.82000,9600
2017-01-09,38.53000,38.57000,37.71000,38.12000,23400
2017-01-10,38.34000,39.40000,38.26000,39.16000,24600
2017-01-11,38.07000,39.06000,38.07000,38.79000,13600
2017-01-12,38.53000,39.20000,38.00000,38.82000,19700
2017-01-13,39.11000,39.50000,38.89000,39.18000,11300
2017-01-17,39.10000,39.10000,38.00000,38.01000,18400
2017-01-18,38.41000,38.44000,38.03000,38.30000,10700
2017-01-19,38.39000,38.94000,37.46000,37.80000,16400
2017-01-20,37.75000,39.99000,37.18000,37.49000,17500
2017-01-23,38.84000,38.88000,37.13000,37.54000,6700
2017-01-24,37.95000,38.01000,37.02000,37.78000,17500
2017-01-25,37.97000,38.10000,37.13000,37.96000,11200
2017-01-26,38.00000,38.00000,36.64000,37.37000,5200
2017-01-27,37.55000,37.55000,33.64000,35.35000,27200
2017-01-30,34.87000,34.98000,34.23000,34.32000,13900
2017-01-31,34.17000,35.22000,34.17000,34.65000,13000
2017-02-01,35.10000,35.96000,34.18000,35.54000,20300
2017-02-02,34.52000,35.73000,34.52000,35.15000,15500
2017-02-03,35.63000,36.41000,34.81000,35.41000,10100
2017-02-06,35.35000,35.93000,35.21000,35.27000,7800
2017-02-07,36.94000,36.94000,35.10000,35.20000,9400
2017-02-08,35.10000,35.10000,33.65000,34.18000,19000
2017-02-09,34.09000,34.73000,34.09000,34.45000,18200
2017-02-10,34.39000,34.54000,34.04000,34.51000,10200
2017-02-13,34.61000,35.39000,34.61000,35.27000,18600
2017-02-14,35.21000,36.06000,34.81000,35.46000,25700
2017-02-15,35.30000,35.97000,35.26000,35.89000,8300
2017-02-16,36.16000,36.16000,35.53000,35.80000,13000
2017-02-17,35.99000,36.27000,35.88000,36.06000,15300
2017-02-21,36.06000,36.39000,35.50000,35.89000,13500
2017-02-22,35.94000,36.19000,35.41000,35.85000,9700
2017-02-23,35.86000,36.05000,35.27000,35.85000,17500
2017-02-24,35.60000,35.88000,35.11000,35.71000,19600
2017-02-27,35.60000,35.84000,35.03000,35.56000,20000
2017-02-28,35.17000,35.88000,34.49000,34.58000,28000
2017-03-01,35.31000,35.49000,34.36000,34.66000,41800
2017-03-02,34.56000,34.56000,34.02000,34.22000,18400
2017-03-03,34.41000,34.58000,34.00000,34.31000,22600
2017-03-06,34.02000,34.39000,33.90000,34.29000,18900
2017-03-07,34.41000,34.94000,34.15000,34.75000,19700
2017-03-08,35.01000,35.01000,33.88000,34.65000,15700
2017-03-09,34.89000,35.02000,34.60000,34.69000,16200
2017-03-10,34.73000,35.06000,34.08000,34.22000,19700
2017-03-13,34.11000,34.76000,34.11000,34.35000,9700
2017-03-14,34.42000,34.56000,33.88000,34.29000,18700
2017-03-15,34.24000,34.65000,33.91000,34.10000,11800
2017-03-16,33.87000,34.45000,33.76000,34.29000,14000
2017-03-17,34.19000,34.77000,34.06000,34.51000,36400
2017-03-20,34.79000,34.95000,34.42000,34.54000,12900
2017-03-21,34.58000,34.58000,32.69000,32.76000,21700
2017-03-22,32.61000,33.29000,32.25000,32.66000,29400
2017-03-23,32.92000,33.71000,32.92000,33.35000,12000
2017-03-24,33.37000,34.01000,33.25000,33.38000,14400
2017-03-27,32.73000,33.61000,32.55000,33.44000,11000
2017-03-28,33.23000,34.10000,33.07000,33.93000,13400
2017-03-29,34.99000,34.99000,33.52000,34.04000,21900
2017-03-30,34.10000,35.47000,34.10000,35.17000,22300
2017-03-31,35.53000,35.72000,34.29000,34.39000,39200
2017-04-03,33.79000,34.45000,33.46000,33.80000,25100
2017-04-04,33.56000,34.13000,33.30000,33.42000,17600
2017-04-05,33.68000,33.88000,32.15000,32.28000,45600
2017-04-06,32.10000,33.39000,32.10000,33.15000,42200
2017-04-07,33.14000,33.69000,33.01000,33.46000,12300
2017-04-10,33.64000,33.65000,32.79000,33.28000,9900
2017-04-11,33.27000,33.98000,32.87000,33.96000,15500
2017-04-12,33.80000,34.57000,33.53000,33.67000,14400
2017-04-13,33.42000,33.69000,32.38000,33.13000,9700
2017-04-17,31.97000,33.90000,31.97000,33.62000,21500
2017-04-18,33.56000,33.70000,33.27000,33.70000,15400
2017-04-19,33.68000,34.22000,33.68000,34.03000,16700
2017-04-20,33.75000,34.46000,33.37000,34.43000,22400
2017-04-21,34.03000,36.56000,34.03000,35.89000,39600
2017-04-24,36.75000,37.07000,36.21000,36.42000,19500
2017-04-25,36.71000,37.16000,36.14000,36.46000,23200
2017-04-26,35.73000,37.31000,35.73000,37.05000,42800
2017-04-27,37.17000,37.19000,36.28000,36.65000,17000
2017-04-28,36.58000,36.60000,35.98000,35.98000,26200
2017-05-01,36.17000,36.36000,35.39000,35.93000,16800
2017-05-02,35.90000,36.11000,35.52000,35.77000,8600
2017-05-03,35.64000,35.72000,35.46000,35.69000,12900
2017-05-04,35.75000,36.00000,35.70000,35.88000,10000
2017-05-05,36.23000,36.38000,35.71000,35.89000,13500
2017-05-08,36.02000,36.14000,35.79000,36.00000,9500
2017-05-09,36.15000,36.38000,35.75000,35.81000,14600
2017-05-10,35.75000,35.84000,35.70000,35.70000,13700
2017-05-11,35.63000,35.93000,35.12000,35.26000,14800
2017-05-12,35.25000,35.33000,34.80000,34.89000,16000
2017-05-15,35.29000,35.42000,35.17000,35.31000,8000
2017-05-16,35.30000,35.52000,35.06000,35.41000,10600
2017-05-17,35.00000,35.03000,33.22000,34.01000,83900
2017-05-18,34.25000,35.48000,33.96000,34.45000,71900
2017-05-19,34.30000,34.96000,34.00000,34.03000,32700
2017-05-22,34.34000,34.89000,34.14000,34.84000,24000
2017-05-23,35.02000,35.33000,34.17000,35.22000,10000
2017-05-24,35.28000,35.48000,34.46000,34.67000,10700
2017-05-25,34.71000,35.09000,34.43000,34.77000,13000
2017-05-26,33.87000,34.99000,33.87000,34.75000,9000
2017-05-30,34.72000,34.78000,34.02000,34.29000,46200
2017-05-31,34.29000,35.14000,33.91000,34.68000,63800
2017-06-01,35.28000,35.57000,34.49000,34.75000,16400
2017-06-02,35.04000,35.63000,34.76000,35.13000,23800
2017-06-05,35.02000,35.41000,34.57000,34.88000,14900
2017-06-06,34.75000,35.26000,34.29000,34.63000,15400
2017-06-07,34.60000,35.66000,34.39000,34.44000,17100
2017-06-08,35.22000,36.50000,34.77000,35.70000,27000
2017-06-09,35.86000,37.07000,35.86000,37.03000,36200
2017-06-12,37.12000,37.69000,36.07000,36.99000,41800
2017-06-13,37.00000,37.22000,36.49000,36.61000,19200
2017-06-14,36.38000,36.77000,35.79000,36.24000,13100
2017-06-15,36.61000,36.90000,35.75000,36.18000,17300
2017-06-16,35.81000,36.69000,35.75000,35.82000,51000
2017-06-19,36.18000,36.41000,35.75000,35.76000,11100
2017-06-20,35.61000,35.76000,35.26000,35.34000,12300
2017-06-21,35.78000,35.89000,35.24000,35.24000,17900
2017-06-22,36.45000,36.45000,35.00000,35.27000,17800
2017-06-23,35.30000,36.19000,34.51000,35.57000,55800
2017-06-26,35.67000,35.67000,34.98000,34.98000,15700
2017-06-27,35.00000,35.45000,34.62000,34.90000,14900
2017-06-28,34.94000,36.05000,34.94000,35.70000,12900
2017-06-29,35.98000,36.30000,35.75000,36.18000,21900
2017-06-30,36.17000,36.57000,35.34000,35.70000,18000
2017-07-03,35.69000,36.56000,35.59000,36.27000,13700
2017-07-05,35.98000,36.49000,35.58000,35.87000,13500
2017-07-06,35.86000,36.24000,35.79000,35.92000,13700
2017-07-07,36.03000,36.34000,35.87000,36.22000,6300
2017-07-10,35.89000,36.52000,35.89000,35.96000,9100
2017-07-11,35.72000,35.90000,35.08000,35.38000,17300
2017-07-12,35.53000,35.78000,35.22000,35.78000,8100
2017-07-13,35.47000,36.19000,35.23000,35.60000,18200
2017-07-14,35.43000,35.92000,35.18000,35.23000,14600
2017-07-17,35.36000,35.69000,35.02000,35.26000,17800
2017-07-18,35.04000,36.21000,35.04000,35.91000,18100
2017-07-19,35.90000,36.30000,35.44000,35.76000,11200
2017-07-20,35.55000,36.09000,35.49000,36.09000,5200
2017-07-21,37.62000,37.62000,35.10000,35.30000,40400
2017-07-24,35.37000,36.91000,35.19000,35.33000,12000
2017-07-25,35.44000,36.66000,35.44000,36.24000,21600
2017-07-26,36.48000,36.48000,35.71000,35.71000,4300
2017-07-27,35.75000,35.98000,35.36000,35.60000,14800
2017-07-28,35.60000,35.83000,35.46000,35.72000,9400
2017-07-31,35.64000,36.42000,35.64000,35.90000,32400
2017-08-01,36.48000,36.48000,35.72000,35.84000,12400
2017-08-02,35.86000,36.09000,35.48000,35.48000,6800
2017-08-03,35.66000,35.66000,35.03000,35.07000,7300
2017-08-04,35.29000,35.70000,35.02000,35.17000,8200
2017-08-07,35.00000,35.29000,34.16000,34.23000,28400
2017-08-08,34.26000,35.58000,34.25000,35.03000,13800
2017-08-09,34.69000,35.00000,34.26000,34.43000,17000
2017-08-10,34.25000,34.38000,33.78000,33.87000,15400
2017-08-11,34.13000,34.15000,33.17000,33.50000,19400
2017-08-14,33.86000,35.20000,33.86000,35.17000,22300
2017-08-15,35.19000,35.28000,34.68000,34.71000,12400
2017-08-16,34.85000,35.12000,34.70000,34.73000,10000
2017-08-17,34.52000,34.61000,34.05000,34.05000,14900
2017-08-18,33.52000,34.87000,33.52000,34.53000,17900
2017-08-21,34.62000,34.62000,33.66000,34.13000,6900
2017-08-22,34.42000,34.48000,34.17000,34.38000,6100
2017-08-23,34.15000,34.76000,34.15000,34.50000,13200
2017-08-24,34.42000,34.80000,34.30000,34.56000,17700
2017-08-25,34.61000,35.16000,34.53000,34.94000,7800
2017-08-28,34.84000,35.26000,34.29000,34.94000,12500
2017-08-29,34.46000,35.10000,34.27000,34.88000,13000
2017-08-30,34.53000,35.33000,34.53000,35.10000,7000
2017-08-31,35.13000,35.64000,34.83000,35.58000,39300
2017-09-01,35.58000,35.78000,35.37000,35.78000,7800
2017-09-05,36.04000,36.04000,34.43000,34.60000,14300
2017-09-06,34.71000,35.25000,34.66000,34.79000,11600
2017-09-07,35.17000,35.17000,34.27000,34.42000,14400
2017-09-08,34.63000,35.00000,34.59000,34.91000,7900
2017-09-11,35.59000,35.86000,35.28000,35.51000,10100
2017-09-12,35.46000,35.79000,34.97000,35.69000,4800
2017-09-13,35.70000,36.00000,35.56000,35.88000,12900
2017-09-14,35.93000,35.93000,35.39000,35.56000,10000
2017-09-15,35.75000,35.75000,35.35000,35.60000,48400
2017-09-18,35.95000,36.15000,35.81000,36.02000,13200
2017-09-19,35.92000,36.23000,35.92000,36.10000,13900
2017-09-20,36.11000,37.00000,35.97000,36.74000,25600
2017-09-21,36.75000,37.98000,36.17000,37.83000,29000
2017-09-22,37.72000,38.14000,37.72000,37.95000,17500
2017-09-25,38.00000,38.12000,37.71000,37.99000,15100
2017-09-26,38.28000,38.28000,37.23000,37.98000,6800
2017-09-27,37.61000,39.21000,37.61000,39.08000,36400
2017-09-28,38.92000,39.16000,38.66000,38.96000,18000
2017-09-29,38.90000,39.23000,38.53000,38.89000,11300
2017-10-02,39.11000,39.19000,38.29000,39.01000,15000
2017-10-03,39.20000,39.31000,38.30000,39.12000,11200
2017-10-04,38.51000,38.74000,37.28000,38.74000,15600
2017-10-05,38.77000,39.97000,38.76000,39.65000,16700
2017-10-06,39.05000,40.00000,39.05000,39.97000,9900
2017-10-09,39.86000,40.90000,39.86000,40.52000,17400
2017-10-10,40.81000,41.30000,40.50000,41.24000,18600
2017-10-11,40.95000,41.79000,40.46000,41.23000,25400
2017-10-12,41.28000,41.28000,40.79000,40.92000,13300
2017-10-13,40.97000,41.12000,40.60000,41.06000,14500
2017-10-16,41.05000,41.82000,41.04000,41.38000,17500
2017-10-17,41.38000,41.84000,40.97000,41.10000,16300
2017-10-18,41.10000,41.76000,41.09000,41.09000,18300
2017-10-19,40.71000,40.84000,40.06000,40.08000,21500
2017-10-20,44.04000,44.04000,39.88000,41.48000,59900
2017-10-23,41.20000,41.50000,40.16000,40.16000,19300
2017-10-24,40.19000,40.44000,39.88000,39.88000,25300
2017-10-25,40.14000,41.46000,39.99000,40.72000,71300
2017-10-26,40.96000,41.42000,40.42000,40.74000,43100
2017-10-27,40.59000,41.00000,40.45000,40.83000,23800
2017-10-30,40.69000,40.69000,39.14000,39.37000,12200
2017-10-31,39.51000,40.05000,39.07000,39.32000,19700
2017-11-01,39.68000,40.43000,39.19000,39.62000,15100
2017-11-02,39.61000,40.04000,39.20000,39.86000,15200
2017-11-03,39.60000,39.81000,39.46000,39.54000,13500
2017-11-06,39.65000,39.96000,39.16000,39.52000,8900
2017-11-07,40.04000,40.04000,38.29000,38.46000,19000
2017-11-08,38.21000,38.49000,37.95000,38.27000,11000
2017-11-09,37.85000,38.22000,37.15000,37.77000,12900
2017-11-10,37.76000,38.27000,37.52000,37.60000,7600
2017-11-13,37.38000,38.40000,37.38000,38.08000,9600
2017-11-14,37.72000,38.73000,37.72000,38.56000,11400
2017-11-15,38.12000,38.89000,38.12000,38.70000,12700
2017-11-16,38.85000,39.25000,38.43000,39.19000,16400
2017-11-17,38.99000,39.40000,38.54000,39.37000,18200
2017-11-20,39.36000,39.91000,38.57000,39.88000,24600
2017-11-21,39.83000,40.81000,39.79000,40.56000,25000
2017-11-22,40.65000,41.45000,40.29000,40.30000,14300
2017-11-24,40.43000,40.43000,39.30000,39.77000,13100
2017-11-27,39.86000,41.04000,39.77000,40.36000,13600
2017-11-28,40.35000,42.33000,40.20000,41.84000,29400
2017-11-29,42.00000,43.45000,41.26000,43.05000,20500
2017-11-30,43.11000,43.50000,42.22000,42.56000,54100
2017-12-01,42.72000,42.72000,40.90000,41.61000,9300
2017-12-04,42.37000,42.60000,41.41000,41.61000,31100
2017-12-05,41.88000,42.15000,40.32000,41.37000,35100
2017-12-06,40.83000,41.22000,40.68000,41.21000,6700
2017-12-07,41.08000,41.92000,40.22000,40.76000,18300
2017-12-08,40.99000,41.34000,40.61000,40.78000,7700
2017-12-11,40.88000,40.88000,39.86000,40.16000,20300
2017-12-12,40.32000,41.55000,40.10000,41.22000,26500
2017-12-13,42.58000,42.58000,41.00000,41.38000,23500
2017-12-14,41.21000,41.21000,39.96000,40.41000,17600
2017-12-15,40.30000,41.73000,40.30000,40.96000,51100
2017-12-18,41.36000,42.17000,41.36000,41.72000,10100
2017-12-19,41.70000,41.70000,40.12000,40.38000,24800
2017-12-20,40.79000,42.94000,40.12000,40.23000,6100
2017-12-21,40.33000,41.12000,40.33000,40.89000,10500
2017-12-22,40.88000,40.88000,40.25000,40.25000,5700
2017-12-26,40.19000,40.19000,39.62000,39.64000,4800
2017-12-27,39.62000,39.75000,39.30000,39.40000,5000
2017-12-28,39.94000,39.94000,39.18000,39.32000,5600
2017-12-29,39.82000,39.82000,38.00000,38.02000,9700
2018-01-02,38.03000,42.17000,37.88000,38.44000,18800
2018-01-03,38.44000,38.72000,34.24000,38.58000,19900
2018-01-04,39.41000,39.71000,38.51000,38.58000,10800
2018-01-05,38.96000,39.72000,38.85000,39.72000,20400
2018-01-08,39.53000,39.53000,38.80000,38.80000,12800
2018-01-09,38.81000,39.78000,38.14000,39.26000,9400
2018-01-10,39.20000,39.63000,39.09000,39.29000,6800
2018-01-11,39.30000,39.86000,38.86000,39.82000,6900
2018-01-12,39.91000,40.08000,39.40000,39.91000,7600
2018-01-16,40.19000,40.88000,39.87000,39.92000,12900
2018-01-17,40.25000,40.99000,39.64000,39.77000,12700
2018-01-18,39.72000,39.75000,39.04000,39.49000,8600
2018-01-19,39.49000,40.75000,39.49000,40.10000,13500
2018-01-22,40.65000,41.03000,39.36000,39.74000,7600
2018-01-23,39.70000,40.58000,39.46000,39.62000,11300
2018-01-24,38.63000,40.45000,38.63000,39.09000,4000
2018-01-25,39.15000,39.20000,38.51000,39.10000,16400
2018-01-26,39.20000,39.40000,38.20000,39.22000,40000
2018-01-29,39.35000,39.59000,38.82000,38.82000,11000
2018-01-30,38.82000,38.96000,38.65000,38.69000,13000
2018-01-31,38.65000,38.82000,38.50000,38.54000,14400
2018-02-01,38.50000,39.31000,38.50000,39.31000,8000
2018-02-02,39.10000,39.52000,38.67000,38.73000,14900
2018-02-05,38.50000,38.64000,37.49000,37.49000,17300
2018-02-06,36.85000,38.28000,36.85000,38.00000,19600
2018-02-07,38.00000,38.05000,37.45000,37.78000,13400
2018-02-08,37.91000,37.91000,36.73000,36.78000,15700
2018-02-09,37.25000,37.76000,36.70000,37.62000,18800
2018-02-12,37.82000,38.59000,37.62000,37.78000,18900
2018-02-13,37.64000,37.99000,37.46000,37.69000,10400
2018-02-14,37.40000,38.67000,37.40000,38.32000,12600
2018-02-15,38.53000,38.90000,37.87000,38.72000,10100
2018-02-16,38.44000,39.24000,37.97000,39.08000,19100
2018-02-20,38.84000,39.12000,38.35000,38.60000,14900
2018-02-21,38.75000,39.88000,38.58000,39.40000,14700
2018-02-22,39.30000,39.30000,38.42000,38.70000,15600
2018-02-23,38.82000,39.27000,38.56000,38.91000,8800
2018-02-26,38.98000,38.98000,38.30000,38.89000,12800
2018-02-27,38.98000,39.14000,38.19000,38.26000,15200
2018-02-28,38.10000,38.81000,37.15000,37.25000,17600
2018-03-01,37.31000,37.98000,37.16000,37.33000,17500
2018-03-02,37.06000,39.72000,36.50000,38.17000,15300
2018-03-05,38.06000,38.92000,37.56000,38.82000,8900
2018-03-06,39.02000,39.51000,37.80000,38.43000,13800
2018-03-07,38.05000,39.35000,38.05000,38.97000,13800
2018-03-08,38.91000,39.14000,38.21000,38.81000,15500
2018-03-09,39.18000,40.00000,38.56000,39.40000,21200
2018-03-12,39.10000,40.17000,39.10000,40.09000,8900
2018-03-13,40.21000,40.42000,39.14000,40.07000,15000
2018-03-14,39.61000,40.19000,39.56000,39.60000,12700
2018-03-15,39.11000,39.81000,39.11000,39.75000,9400
2018-03-16,39.66000,40.17000,38.70000,39.82000,36300
2018-03-19,39.70000,40.67000,39.29000,40.66000,14100
2018-03-20,40.48000,40.48000,39.37000,39.83000,11900
2018-03-21,40.27000,40.27000,39.60000,39.82000,2600
2018-03-22,39.68000,40.00000,39.02000,39.13000,12100
2018-03-23,39.25000,39.25000,38.10000,38.11000,20700
2018-03-26,38.65000,39.35000,37.92000,39.20000,17400
2018-03-27,39.39000,39.85000,38.69000,38.75000,11900
2018-03-28,38.59000,39.39000,38.28000,38.90000,44600
2018-03-29,38.53000,38.90000,38.10000,38.30000,47200
2018-04-02,38.90000,38.90000,36.87000,37.56000,13800
2018-04-03,37.68000,37.93000,37.44000,37.69000,13200
2018-04-04,37.79000,38.80000,37.22000,38.35000,10300
2018-04-05,38.70000,38.70000,38.03000,38.25000,5800
2018-04-06,38.99000,38.99000,37.62000,38.00000,14300
2018-04-09,37.64000,38.16000,37.64000,37.68000,5700
2018-04-10,37.80000,38.80000,37.80000,38.51000,8900
2018-04-11,38.29000,38.60000,38.05000,38.42000,4800
2018-04-12,38.21000,38.59000,38.01000,38.37000,14000
2018-04-13,38.52000,38.61000,38.25000,38.57000,6000
2018-04-16,38.71000,39.31000,38.17000,39.01000,9400
2018-04-17,38.95000,39.63000,38.79000,39.02000,15500
2018-04-18,38.82000,39.50000,38.82000,39.11000,7600
2018-04-19,39.10000,41.41000,39.10000,41.25000,20400
2018-04-20,41.10000,43.89000,40.86000,41.80000,19000
2018-04-23,41.99000,42.55000,41.10000,41.71000,17000
2018-04-24,42.19000,42.50000,41.03000,41.70000,33400
2018-04-25,41.85000,43.04000,41.79000,42.87000,24800
2018-04-26,43.13000,44.47000,43.13000,43.64000,23500
2018-04-27,43.89000,44.15000,43.05000,43.26000,13900
2018-04-30,43.74000,43.74000,42.14000,42.17000,23400
2018-05-01,43.19000,43.19000,41.75000,42.97000,12900
2018-05-02,43.13000,43.75000,42.11000,43.26000,10200
2018-05-03,43.32000,44.19000,42.84000,43.48000,20000
2018-05-04,43.10000,43.65000,42.61000,43.57000,7900
2018-05-07,43.58000,43.98000,43.22000,43.26000,8700
2018-05-08,43.10000,44.00000,43.10000,43.91000,7400
2018-05-09,43.42000,43.96000,42.79000,43.20000,13400
2018-05-10,43.14000,43.58000,42.60000,43.41000,4300
2018-05-11,43.26000,43.60000,43.26000,43.45000,6000
2018-05-14,43.36000,43.53000,42.80000,42.94000,12300
2018-05-15,42.97000,43.69000,42.97000,43.25000,9600
2018-05-16,43.45000,43.61000,43.23000,43.61000,16200
2018-05-17,43.11000,43.85000,42.76000,43.70000,13300
2018-05-18,43.94000,44.23000,43.40000,43.85000,13400
2018-05-21,43.76000,44.40000,43.49000,43.65000,12900
2018-05-22,43.70000,44.41000,43.70000,44.15000,9300
2018-05-23,43.98000,44.58000,43.79000,44.08000,17500
2018-05-24,44.09000,44.68000,43.43000,44.42000,14600
2018-05-25,44.16000,44.65000,43.99000,44.36000,22500
2018-05-29,44.14000,44.14000,43.61000,43.80000,13000
2018-05-30,43.85000,44.50000,43.13000,44.00000,21500
2018-05-31,43.82000,44.86000,43.61000,43.91000,41300
2018-06-01,44.26000,44.84000,44.24000,44.70000,8000
2018-06-04,44.78000,45.65000,44.70000,45.22000,22500
2018-06-05,45.27000,45.92000,44.68000,45.64000,12900
2018-06-06,45.61000,47.27000,45.61000,46.85000,25600
2018-06-07,47.00000,47.98000,46.55000,46.90000,13300
2018-06-08,46.31000,46.89000,46.02000,46.40000,21900
2018-06-11,46.26000,47.10000,45.35000,45.52000,22800
2018-06-12,45.53000,46.02000,44.83000,45.28000,23200
2018-06-13,45.79000,46.15000,45.10000,45.11000,22900
2018-06-14,45.12000,45.20000,44.26000,44.56000,47500
2018-06-15,44.32000,45.51000,44.32000,45.00000,52300
2018-06-18,44.98000,45.67000,44.41000,45.50000,32100
2018-06-19,45.40000,46.29000,44.91000,46.06000,37100
2018-06-20,46.10000,46.59000,45.82000,46.38000,35600
2018-06-21,46.02000,47.50000,46.00000,46.68000,32700
2018-06-22,47.02000,47.02000,45.82000,46.55000,72400
2018-06-25,46.04000,46.80000,45.68000,46.31000,21500
2018-06-26,45.56000,46.67000,45.56000,46.66000,16200
2018-06-27,46.62000,46.62000,45.74000,45.74000,30500
2018-06-28,45.61000,46.61000,45.29000,46.25000,19100
2018-06-29,46.32000,46.40000,45.02000,45.30000,28100
2018-07-02,45.20000,45.63000,44.67000,45.49000,20400
2018-07-03,45.71000,46.04000,45.14000,45.97000,7200
2018-07-05,45.97000,46.15000,45.65000,45.91000,10400
2018-07-06,45.80000,46.22000,45.55000,46.07000,20300
2018-07-09,46.15000,46.88000,46.15000,46.76000,5600
2018-07-10,46.75000,47.14000,45.98000,46.26000,15500
2018-07-11,46.07000,46.71000,46.07000,46.43000,12100
2018-07-12,46.50000,46.50000,45.56000,45.95000,9500
2018-07-13,45.80000,46.77000,44.44000,46.05000,7200
2018-07-16,46.04000,46.52000,45.47000,46.36000,8600
2018-07-17,46.33000,46.55000,45.63000,46.55000,10600
2018-07-18,46.53000,47.10000,46.53000,46.78000,6200
2018-07-19,47.20000,47.35000,46.64000,46.82000,10800
2018-07-20,46.96000,49.11000,46.96000,48.75000,14300
2018-07-23,49.17000,49.78000,48.56000,49.63000,14900
2018-07-24,49.82000,49.88000,48.31000,48.47000,12900
2018-07-25,48.60000,48.60000,47.61000,48.14000,12800
2018-07-26,48.46000,49.15000,47.51000,48.90000,20000
2018-07-27,49.08000,49.26000,47.74000,47.91000,15200
2018-07-30,48.42000,49.35000,47.90000,48.82000,16400
2018-07-31,48.96000,49.12000,47.87000,47.87000,40200
2018-08-01,47.90000,48.35000,47.90000,47.96000,11200
2018-08-02,47.60000,48.17000,47.60000,48.15000,12900
2018-08-03,48.09000,48.38000,47.77000,47.95000,6700
2018-08-06,47.94000,47.99000,47.51000,47.70000,7500
2018-08-07,47.94000,48.17000,47.59000,48.08000,12900
2018-08-08,47.91000,48.49000,47.90000,48.49000,39500
2018-08-09,48.59000,49.38000,48.09000,49.23000,5400
2018-08-10,48.93000,49.25000,48.81000,49.06000,6000
2018-08-13,49.02000,49.60000,48.93000,48.93000,36200
2018-08-14,49.10000,49.59000,48.92000,49.47000,4100
2018-08-15,49.50000,49.50000,49.14000,49.18000,6700
2018-08-16,49.75000,50.48000,49.52000,50.32000,9000
2018-08-17,50.19000,50.19000,49.50000,49.81000,17600
2018-08-20,49.99000,50.14000,49.76000,49.88000,5700
2018-08-21,50.01000,50.40000,50.01000,50.34000,6700
2018-08-22,50.35000,50.35000,49.94000,50.10000,9700
2018-08-23,49.84000,50.38000,49.56000,50.30000,12500
2018-08-24,50.42000,50.42000,49.64000,49.85000,5800
2018-08-27,50.31000,50.70000,49.62000,49.73000,7700
2018-08-28,49.97000,49.97000,48.84000,49.19000,10400
2018-08-29,49.29000,49.90000,48.06000,48.42000,13200
2018-08-30,48.40000,49.36000,48.32000,48.58000,12200
2018-08-31,48.61000,49.12000,48.20000,48.61000,11000
2018-09-04,48.50000,49.79000,48.50000,49.75000,12400
2018-09-05,49.41000,49.77000,49.18000,49.73000,5000
2018-09-06,49.65000,49.79000,49.17000,49.36000,7700
2018-09-07,49.20000,49.36000,48.89000,49.14000,9800
2018-09-10,49.15000,49.98000,49.06000,49.35000,7900
2018-09-11,49.17000,50.00000,49.17000,49.74000,11000
2018-09-12,48.18000,50.05000,48.18000,49.48000,23500
2018-09-13,49.51000,49.51000,48.30000,48.60000,8100
2018-09-14,48.17000,49.20000,48.05000,48.50000,20700
2018-09-17,48.36000,49.00000,48.05000,48.34000,13000
2018-09-18,48.46000,48.71000,47.99000,48.26000,12800
2018-09-19,48.31000,48.76000,48.25000,48.45000,10900
2018-09-20,48.23000,49.44000,47.90000,49.26000,17600
2018-09-21,49.24000,49.56000,47.52000,47.81000,60200
2018-09-24,47.81000,47.81000,46.85000,47.21000,17000
2018-09-25,47.38000,47.75000,46.69000,47.33000,45500
2018-09-26,47.32000,47.59000,46.24000,46.79000,5200
2018-09-27,46.91000,46.91000,45.87000,46.38000,7300
2018-09-28,46.32000,46.50000,45.78000,46.10000,20900
2018-10-01,46.20000,47.05000,44.76000,45.26000,15200
2018-10-02,45.29000,46.31000,44.41000,44.82000,17300
2018-10-03,44.94000,46.18000,43.99000,46.00000,13500
2018-10-04,46.09000,46.38000,45.85000,45.96000,7600
2018-10-05,45.89000,46.00000,44.85000,45.15000,8300
2018-10-08,45.25000,46.04000,44.83000,45.85000,10800
2018-10-09,45.85000,46.82000,45.56000,45.56000,12900
2018-10-10,45.53000,46.88000,45.26000,45.59000,12600
2018-10-11,45.47000,45.79000,42.51000,43.80000,20300
2018-10-12,44.52000,44.81000,42.73000,43.39000,19600
2018-10-15,43.35000,43.98000,42.81000,43.53000,5100
2018-10-16,43.63000,44.17000,43.01000,44.08000,12200
2018-10-17,44.12000,44.98000,43.31000,44.71000,15400
2018-10-18,45.10000,45.96000,43.75000,44.43000,19200
2018-10-19,44.44000,45.77000,43.17000,43.30000,18000
2018-10-22,43.33000,43.95000,42.11000,42.89000,16400
2018-10-23,42.31000,42.94000,42.17000,42.26000,17200
2018-10-24,42.21000,42.26000,40.29000,40.48000,12100
2018-10-25,40.90000,42.62000,40.90000,41.92000,18500
2018-10-26,41.50000,43.74000,41.30000,43.01000,25800
2018-10-29,43.53000,44.34000,43.09000,43.80000,10900
2018-10-30,43.92000,44.89000,43.73000,44.33000,14000
2018-10-31,44.40000,45.67000,44.40000,44.87000,23500
2018-11-01,44.94000,45.98000,44.94000,45.80000,21600
2018-11-02,46.10000,46.70000,45.19000,46.41000,10200
2018-11-05,46.60000,46.60000,44.35000,44.92000,16600
2018-11-06,45.03000,46.10000,44.59000,45.61000,6100
2018-11-07,45.82000,46.65000,45.18000,45.69000,10900
2018-11-08,45.61000,46.55000,45.21000,46.29000,7700
2018-11-09,45.82000,46.68000,45.00000,45.32000,9400
2018-11-12,45.30000,46.25000,45.27000,45.68000,9200
2018-11-13,45.68000,45.68000,45.00000,45.07000,8800
2018-11-14,45.38000,45.97000,44.45000,44.82000,10900
2018-11-15,44.58000,45.10000,44.15000,44.67000,7400
2018-11-16,44.43000,46.04000,44.34000,45.78000,26500
2018-11-19,45.72000,45.72000,44.09000,44.26000,12900
2018-11-20,43.65000,44.30000,42.76000,43.18000,13600
2018-11-21,43.02000,44.14000,42.91000,43.90000,12800
2018-11-23,43.69000,44.14000,43.27000,44.14000,4100
2018-11-26,44.14000,44.55000,43.80000,44.21000,8600
2018-11-27,43.72000,44.41000,42.86000,43.27000,15400
2018-11-28,43.06000,44.25000,43.06000,44.00000,8300
2018-11-29,44.00000,44.23000,43.63000,43.70000,8200
2018-11-30,43.56000,44.00000,43.22000,43.27000,27300
2018-12-03,43.84000,43.84000,42.29000,42.75000,19200
2018-12-04,42.58000,43.49000,40.34000,40.61000,25100
2018-12-06,40.06000,40.96000,39.53000,40.42000,38400
2018-12-07,40.11000,41.95000,40.11000,41.82000,23100
2018-12-10,41.86000,41.86000,39.54000,40.18000,39700
2018-12-11,40.22000,41.23000,39.82000,40.60000,14200
2018-12-12,40.95000,41.41000,39.79000,40.75000,13800
2018-12-13,40.77000,40.77000,39.34000,40.56000,12800
2018-12-14,40.56000,40.60000,39.62000,40.36000,11500
2018-12-17,40.33000,40.33000,39.32000,39.70000,31800
2018-12-18,39.93000,40.77000,39.54000,40.48000,20900
2018-12-19,40.76000,41.42000,39.16000,39.86000,24500
2018-12-20,39.54000,40.48000,38.08000,38.62000,45900
2018-12-21,38.66000,39.31000,38.35000,38.85000,50100
2018-12-24,38.71000,38.98000,35.22000,36.10000,22400
2018-12-26,36.19000,37.90000,35.17000,37.33000,19800
2018-12-27,36.72000,37.53000,36.46000,36.86000,18100
2018-12-28,37.10000,37.97000,36.65000,37.15000,27400
2018-12-31,37.31000,39.84000,37.31000,38.72000,17900
2019-01-02,38.62000,39.67000,37.78000,39.57000,38900
2019-01-03,39.27000,39.80000,38.43000,39.01000,25100
2019-01-04,39.69000,40.30000,38.47000,39.92000,14700
2019-01-07,39.73000,40.54000,39.56000,40.41000,37300
2019-01-08,40.65000,41.32000,40.00000,41.32000,13000
2019-01-09,41.37000,41.73000,40.56000,41.69000,4000
2019-01-10,41.45000,41.59000,41.05000,41.43000,11400
2019-01-11,41.25000,41.37000,39.64000,40.55000,14700
2019-01-14,40.22000,40.28000,39.42000,40.01000,16100
2019-01-15,39.94000,40.86000,39.32000,40.15000,9900
2019-01-16,40.18000,41.00000,39.66000,40.18000,30700
2019-01-17,39.87000,41.89000,39.64000,40.39000,37400
2019-01-18,40.38000,42.31000,40.02000,40.50000,45300
2019-01-22,40.03000,43.05000,39.18000,39.50000,30000
2019-01-23,39.62000,40.53000,38.56000,39.24000,27100
2019-01-24,39.11000,41.00000,38.65000,39.56000,23800
2019-01-25,39.91000,42.60000,39.91000,41.82000,21100
2019-01-28,41.30000,41.30000,39.84000,39.84000,23000
2019-01-29,40.17000,41.77000,39.87000,40.84000,21700
2019-01-30,40.89000,41.66000,40.81000,41.25000,11600
2019-01-31,41.15000,41.91000,40.91000,41.69000,13600
2019-02-01,41.68000,41.68000,40.29000,41.22000,15700
2019-02-04,41.16000,41.51000,40.91000,41.32000,10200
2019-02-05,41.63000,41.74000,41.08000,41.13000,7800
2019-02-06,41.15000,41.49000,40.84000,41.41000,18800
2019-02-07,41.32000,41.50000,40.91000,40.93000,5700
2019-02-08,40.85000,42.40000,40.85000,42.30000,24900
2019-02-11,42.45000,42.93000,42.45000,42.50000,10800
2019-02-12,42.70000,43.20000,42.63000,42.97000,15100
2019-02-13,43.12000,43.80000,43.10000,43.50000,14000
2019-02-14,43.25000,44.44000,43.25000,44.28000,19400
2019-02-15,44.53000,44.88000,43.51000,44.55000,14600
2019-02-19,44.32000,45.42000,44.32000,45.20000,11900
2019-02-20,45.00000,45.20000,44.15000,44.19000,7800
2019-02-21,44.47000,45.05000,44.02000,44.47000,6100
2019-02-22,44.66000,45.55000,44.38000,45.17000,24000
2019-02-25,44.00000,45.82000,44.00000,44.13000,18800
2019-02-26,44.38000,45.78000,44.28000,45.00000,40300
2019-02-27,44.75000,45.80000,44.59000,44.86000,9400
2019-02-28,44.95000,45.59000,44.22000,45.24000,9800
2019-03-01,43.72000,45.16000,43.72000,45.00000,5600
2019-03-04,44.98000,44.98000,44.04000,44.53000,29200
2019-03-05,44.65000,44.95000,44.36000,44.89000,3600
2019-03-06,44.86000,44.86000,43.01000,43.04000,15500
2019-03-07,43.05000,43.75000,41.77000,41.83000,17400
2019-03-08,41.83000,43.09000,40.90000,42.00000,20100
2019-03-11,41.90000,43.60000,41.81000,43.22000,17900
2019-03-12,43.02000,43.80000,43.00000,43.05000,15200
2019-03-13,43.58000,43.89000,43.19000,43.55000,10100
2019-03-14,43.25000,43.89000,43.25000,43.89000,10100
2019-03-15,43.85000,44.75000,43.84000,44.68000,45800
2019-03-18,44.42000,44.88000,44.35000,44.50000,18200
2019-03-19,44.50000,44.75000,44.10000,44.24000,18600
2019-03-20,43.91000,44.33000,43.58000,43.58000,7700
2019-03-21,43.51000,43.83000,42.98000,43.02000,14800
2019-03-22,42.91000,43.09000,40.30000,40.30000,19900
2019-03-25,40.61000,42.77000,40.50000,41.76000,19900
2019-03-26,41.96000,43.31000,41.92000,43.30000,26300
2019-03-27,42.97000,43.53000,42.72000,43.30000,15300
2019-03-28,43.16000,44.00000,43.16000,43.90000,7400
2019-03-29,44.14000,44.87000,43.77000,44.72000,45800
2019-04-01,44.64000,45.45000,44.11000,45.36000,35700
2019-04-02,45.37000,45.37000,44.55000,44.72000,5900
2019-04-03,44.62000,44.62000,44.07000,44.50000,7700
2019-04-04,44.40000,45.20000,43.68000,44.52000,13300
2019-04-05,44.85000,46.36000,44.85000,46.25000,10700
2019-04-08,45.97000,46.56000,45.32000,45.59000,24800
2019-04-09,45.57000,45.73000,45.08000,45.25000,29000
2019-04-10,45.01000,46.56000,45.01000,46.44000,15000
2019-04-11,46.40000,46.51000,45.64000,46.04000,12600
2019-04-12,46.40000,46.79000,45.98000,46.34000,9600
2019-04-15,46.10000,46.33000,45.76000,45.80000,8400
2019-04-16,45.92000,46.67000,45.92000,46.55000,7600
2019-04-17,46.40000,46.68000,45.38000,46.50000,9600
2019-04-18,46.32000,46.79000,45.48000,46.64000,10000
2019-04-22,46.53000,46.79000,45.54000,45.91000,9200
2019-04-23,45.83000,46.88000,45.79000,46.70000,12200
2019-04-24,46.65000,46.65000,45.91000,46.05000,5900
2019-04-25,45.32000,46.19000,45.00000,45.33000,9100
2019-04-26,45.30000,46.49000,45.20000,46.37000,9000
2019-04-29,46.37000,47.71000,46.37000,47.46000,7800
2019-04-30,47.59000,48.00000,46.75000,47.26000,35900
2019-05-01,47.01000,49.00000,46.40000,48.50000,65000
2019-05-02,48.28000,48.94000,48.00000,48.06000,10500
2019-05-03,48.54000,49.00000,48.20000,48.99000,13200
2019-05-06,48.46000,48.99000,48.46000,48.97000,10200
2019-05-07,48.34000,48.95000,48.34000,48.70000,15900
2019-05-08,48.18000,49.31000,48.18000,49.12000,25400
2019-05-09,48.90000,48.99000,48.35000,48.84000,14900
2019-05-10,48.10000,49.24000,48.09000,48.74000,29800
2019-05-13,48.42000,48.93000,47.82000,48.27000,20700
2019-05-14,48.00000,49.21000,48.00000,49.12000,18400
2019-05-15,48.77000,49.79000,48.58000,49.61000,16500
2019-05-16,50.00000,50.50000,49.12000,49.48000,27200
2019-05-17,49.20000,49.96000,48.73000,48.80000,21400
2019-05-20,48.39000,49.22000,48.13000,48.42000,22500
2019-05-21,48.66000,49.06000,48.29000,48.43000,51800
2019-05-22,48.34000,49.50000,47.83000,47.98000,29700
2019-05-23,47.60000,47.89000,46.31000,47.10000,27000
2019-05-24,47.30000,49.23000,47.18000,48.23000,21300
2019-05-28,48.29000,48.50000,47.49000,47.66000,46200
2019-05-29,47.39000,48.21000,46.68000,47.70000,24500
2019-05-30,47.30000,47.84000,46.12000,46.29000,19400
2019-05-31,46.00000,46.50000,45.33000,45.84000,23100
2019-06-03,45.73000,46.47000,44.83000,46.42000,30000
2019-06-04,47.45000,47.75000,46.14000,47.45000,22600
2019-06-05,46.82000,47.78000,46.24000,46.60000,16200
2019-06-06,46.00000,46.55000,45.60000,46.39000,13400
2019-06-07,46.56000,46.80000,45.79000,46.53000,14700
2019-06-10,46.96000,46.96000,45.68000,45.83000,43100
2019-06-11,46.20000,46.20000,45.27000,45.69000,12200
2019-06-12,45.35000,47.33000,45.35000,47.11000,13900
2019-06-13,47.16000,47.75000,46.95000,47.12000,12000
2019-06-14,47.13000,47.47000,45.90000,46.27000,11800
2019-06-17,46.70000,47.09000,46.02000,46.79000,19000
2019-06-18,47.14000,47.67000,45.61000,46.23000,61700
2019-06-19,46.24000,46.57000,45.83000,46.29000,9300
2019-06-20,46.96000,46.96000,46.01000,46.05000,11400
2019-06-21,45.72000,47.54000,45.72000,47.44000,55500
2019-06-24,47.44000,47.87000,47.05000,47.39000,26800
2019-06-25,47.18000,47.67000,47.12000,47.53000,18100
2019-06-26,47.31000,47.77000,47.16000,47.47000,14200
2019-06-27,47.75000,48.80000,47.66000,48.80000,18800
2019-06-28,48.80000,50.59000,48.80000,49.75000,70000
2019-07-01,49.83000,50.25000,49.44000,50.06000,29000
2019-07-02,52.68000,52.68000,49.80000,50.41000,18600
2019-07-03,51.52000,51.90000,50.56000,50.94000,5600
2019-07-05,50.91000,51.49000,50.91000,51.49000,9400
2019-07-08,51.43000,51.43000,49.34000,50.06000,17000
2019-07-09,49.96000,50.68000,49.95000,50.21000,12300
2019-07-10,50.84000,51.65000,49.67000,49.80000,13900
2019-07-11,49.96000,51.35000,49.94000,51.18000,23700
2019-07-12,51.41000,51.71000,50.43000,50.62000,24400
2019-07-15,50.79000,50.79000,49.50000,49.65000,8600
2019-07-16,49.17000,49.29000,48.64000,48.99000,11800
2019-07-17,48.93000,49.11000,48.32000,48.81000,12100
2019-07-18,48.70000,49.43000,48.28000,49.15000,16500
2019-07-19,48.74000,49.84000,47.55000,48.26000,22100
2019-07-22,48.38000,48.84000,45.70000,45.70000,72200
2019-07-23,45.99000,47.42000,45.99000,46.92000,22900
2019-07-24,47.15000,48.15000,46.62000,48.05000,22600
2019-07-25,47.68000,48.60000,47.04000,47.04000,23300
2019-07-26,47.00000,49.01000,47.00000,48.58000,31500
2019-07-29,48.32000,49.36000,47.97000,48.13000,20200
2019-07-30,48.26000,49.45000,48.22000,48.95000,21300
2019-07-31,48.97000,49.76000,47.77000,47.77000,34900
2019-08-01,47.86000,49.13000,46.67000,47.12000,19300
2019-08-02,46.69000,47.40000,46.49000,47.25000,15500
2019-08-05,46.44000,46.44000,44.04000,44.88000,29700
2019-08-06,45.03000,45.98000,44.26000,45.29000,32800
2019-08-07,44.63000,45.29000,44.39000,44.55000,19200
2019-08-08,45.05000,46.47000,44.82000,45.59000,25800
2019-08-09,45.51000,46.01000,45.27000,45.33000,13100
2019-08-12,44.97000,45.31000,44.13000,44.45000,13100
2019-08-13,44.42000,45.12000,44.20000,44.61000,18100
2019-08-14,43.91000,43.91000,42.69000,43.23000,13600
2019-08-15,43.32000,43.32000,42.16000,42.55000,14900
2019-08-16,42.81000,43.79000,42.81000,43.08000,26700
2019-08-19,43.90000,44.19000,43.48000,43.87000,14700
2019-08-20,43.70000,43.70000,42.99000,43.09000,11000
2019-08-21,42.98000,43.71000,42.78000,43.35000,20700
2019-08-22,43.49000,44.61000,43.47000,43.49000,19600
2019-08-23,43.89000,44.52000,42.08000,42.21000,37800
2019-08-26,42.69000,43.29000,42.35000,43.29000,8800
2019-08-27,43.50000,44.04000,41.84000,42.40000,14900
2019-08-28,42.30000,42.91000,42.01000,42.49000,13500
2019-08-29,42.92000,43.50000,41.52000,41.76000,24400
2019-08-30,41.96000,42.58000,41.81000,42.45000,13200
2019-09-03,42.25000,42.25000,40.79000,41.09000,13200
2019-09-04,41.41000,41.41000,40.73000,41.12000,7700
2019-09-05,41.41000,42.74000,41.41000,42.20000,13600
2019-09-06,42.34000,42.34000,41.29000,41.35000,11000
2019-09-09,41.78000,42.58000,41.02000,42.43000,36300
2019-09-10,42.26000,43.54000,41.54000,43.22000,27200
2019-09-11,43.25000,45.40000,43.15000,45.06000,20200
2019-09-12,44.97000,44.97000,43.80000,44.53000,27900
2019-09-13,44.60000,45.69000,44.20000,44.93000,23500
2019-09-16,44.60000,45.16000,44.56000,44.90000,23500
2019-09-17,44.33000,44.57000,43.96000,44.36000,14700
2019-09-18,44.39000,45.01000,44.07000,44.72000,19300
2019-09-19,44.57000,45.51000,43.76000,43.76000,23400
2019-09-20,43.70000,46.35000,43.01000,45.14000,65400
2019-09-23,44.71000,44.95000,43.60000,43.86000,22000
2019-09-24,44.00000,44.00000,42.75000,42.77000,93700
2019-09-25,42.77000,43.68000,42.77000,43.34000,27800
2019-09-26,43.31000,43.54000,42.63000,42.89000,16000
2019-09-27,43.34000,43.47000,43.08000,43.20000,15300
2019-09-30,43.56000,43.91000,43.33000,43.45000,40900
2019-10-01,43.87000,44.11000,42.14000,42.46000,17100
2019-10-02,42.25000,42.61000,41.90000,42.61000,16500
2019-10-03,42.25000,42.50000,41.75000,42.23000,10400
2019-10-04,42.33000,42.93000,42.10000,42.66000,19800
2019-10-07,42.61000,43.00000,42.45000,42.55000,18200
2019-10-08,42.21000,42.33000,41.77000,41.81000,15600
2019-10-09,42.16000,42.53000,41.81000,42.26000,20700
2019-10-10,42.33000,42.76000,42.23000,42.26000,11600
2019-10-11,42.90000,43.91000,42.90000,43.20000,12200
2019-10-14,43.04000,43.27000,42.69000,42.90000,9900
2019-10-15,42.95000,43.83000,42.49000,43.20000,19300
2019-10-16,43.94000,44.00000,43.18000,43.44000,14400
2019-10-17,43.85000,44.03000,42.94000,43.13000,16300
2019-10-18,42.77000,43.78000,41.18000,42.60000,47000
2019-10-21,42.65000,44.72000,42.65000,44.40000,21900
2019-10-22,44.39000,45.37000,44.39000,44.67000,10600
2019-10-23,44.66000,45.30000,44.26000,44.44000,6000
2019-10-24,45.68000,45.68000,43.57000,43.69000,11200
2019-10-25,43.66000,44.30000,43.66000,44.17000,4900
2019-10-28,44.25000,44.53000,43.87000,43.88000,8600
2019-10-29,43.87000,44.80000,43.87000,44.31000,7900
2019-10-30,44.45000,45.00000,44.19000,44.80000,8700
2019-10-31,44.47000,44.61000,43.48000,44.47000,15300
2019-11-01,44.62000,45.10000,44.53000,44.78000,16100
2019-11-04,45.01000,45.77000,44.93000,45.65000,12300
2019-11-05,45.73000,46.87000,45.36000,46.17000,18300
2019-11-06,46.15000,46.67000,45.64000,46.22000,23700
2019-11-07,46.82000,46.86000,46.32000,46.53000,9800
2019-11-08,45.50000,46.92000,45.50000,46.49000,15100
2019-11-11,46.49000,46.82000,46.05000,46.56000,9900
2019-11-12,46.56000,47.00000,46.42000,46.80000,10600
2019-11-13,46.57000,46.82000,45.87000,46.42000,20700
2019-11-14,46.26000,46.70000,45.72000,45.79000,11200
2019-11-15,46.04000,47.15000,45.46000,45.85000,11700
2019-11-18,45.84000,46.14000,45.38000,45.52000,6600
2019-11-19,45.14000,46.53000,45.14000,45.83000,12400
2019-11-20,45.39000,46.36000,45.39000,45.62000,24700
2019-11-21,45.75000,45.80000,44.99000,45.05000,15800
2019-11-22,45.27000,45.69000,44.74000,45.09000,11700
2019-11-25,45.45000,46.69000,45.43000,46.21000,13300
2019-11-26,46.39000,46.83000,45.51000,45.60000,25700
2019-11-27,45.99000,46.00000,45.39000,45.82000,13100
2019-11-29,45.90000,46.51000,45.68000,46.20000,8300
2019-12-02,46.15000,46.15000,45.18000,45.18000,8800
2019-12-03,44.87000,45.33000,43.85000,44.43000,14700
2019-12-04,44.16000,44.89000,43.58000,44.20000,30300
2019-12-05,44.45000,45.03000,44.33000,44.63000,10800
2019-12-06,45.27000,45.32000,44.67000,45.03000,26800
2019-12-09,45.34000,46.31000,44.61000,46.14000,26400
2019-12-10,45.68000,47.25000,45.68000,47.25000,28400
2019-12-11,47.32000,47.55000,46.99000,47.20000,18000
2019-12-12,47.30000,48.32000,47.02000,47.71000,30100
2019-12-13,47.83000,48.46000,47.44000,48.34000,22100
2019-12-16,48.86000,49.55000,48.72000,49.05000,14000
2019-12-17,49.61000,49.61000,48.45000,48.87000,21300
2019-12-18,48.98000,48.98000,46.55000,47.85000,29000
2019-12-19,47.09000,47.52000,46.89000,47.52000,23900
2019-12-20,47.18000,47.67000,46.39000,46.56000,58200
2019-12-23,46.70000,47.09000,46.48000,46.87000,12900
2019-12-24,46.53000,46.69000,45.55000,46.45000,12000
2019-12-26,46.41000,47.49000,46.25000,46.90000,10500
2019-12-27,47.09000,47.16000,46.51000,46.55000,34700
2019-12-30,46.70000,46.95000,45.25000,46.74000,12400
2019-12-31,46.42000,46.98000,46.09000,46.80000,9800
2020-01-02,46.51000,46.90000,46.15000,46.67000,11700
2020-01-03,46.21000,46.82000,45.41000,46.17000,15800
2020-01-06,45.95000,46.56000,45.90000,46.35000,15000
2020-01-07,46.34000,46.93000,46.08000,46.44000,8900
2020-01-08,46.61000,47.06000,46.51000,46.60000,9900
2020-01-09,46.72000,47.17000,46.17000,46.25000,12000
2020-01-10,46.33000,46.33000,45.08000,45.08000,11900
2020-01-13,45.25000,45.43000,44.90000,45.37000,6300
2020-01-14,45.25000,45.25000,44.61000,44.62000,20200
2020-01-15,44.63000,44.80000,44.00000,44.50000,30200
2020-01-16,44.40000,45.83000,44.40000,45.74000,25100
2020-01-17,46.16000,46.16000,45.50000,45.64000,19200
2020-01-21,45.46000,45.59000,44.39000,44.40000,19800
2020-01-22,44.40000,44.74000,43.70000,44.21000,13800
2020-01-23,44.84000,45.91000,42.56000,43.64000,32000
2020-01-24,43.86000,44.96000,43.86000,44.70000,18600
2020-01-27,43.98000,45.20000,43.98000,44.56000,17300
2020-01-28,44.32000,44.81000,44.06000,44.48000,13000
2020-01-29,44.56000,44.56000,43.39000,43.70000,10500
2020-01-30,43.48000,44.10000,43.00000,43.78000,13200
2020-01-31,43.52000,43.52000,41.50000,41.90000,20400
2020-02-03,41.98000,42.76000,41.98000,42.50000,17700
2020-02-04,42.80000,43.14000,41.51000,41.53000,29300
2020-02-05,41.97000,43.08000,41.97000,42.38000,25400
2020-02-06,42.40000,42.89000,41.91000,42.63000,19300
2020-02-07,42.35000,42.65000,42.35000,42.42000,17200
2020-02-10,42.13000,42.54000,42.00000,42.22000,11400
2020-02-11,42.45000,42.63000,42.06000,42.40000,11600
2020-02-12,42.62000,42.90000,42.08000,42.57000,16400
2020-02-13,42.13000,42.78000,42.03000,42.78000,16900
2020-02-14,42.72000,42.85000,42.09000,42.35000,10100
2020-02-18,42.00000,42.21000,41.72000,41.86000,6500
2020-02-19,41.90000,42.11000,41.61000,41.83000,6900
2020-02-20,41.71000,42.01000,41.58000,41.89000,6100
2020-02-21,41.94000,42.09000,41.65000,41.83000,10600
2020-02-24,41.04000,41.67000,40.66000,40.99000,13100
2020-02-25,41.05000,41.22000,39.10000,39.38000,20600
2020-02-26,39.53000,40.24000,38.46000,38.98000,19100
2020-02-27,38.39000,38.39000,36.55000,36.99000,26300
2020-02-28,35.98000,36.59000,35.03000,35.74000,35100
2020-03-02,36.49000,37.74000,35.97000,37.74000,35000
2020-03-03,37.85000,38.39000,35.72000,36.10000,20500
2020-03-04,36.25000,37.34000,35.60000,37.34000,28400
2020-03-05,36.42000,36.59000,34.53000,35.87000,29300
2020-03-06,34.60000,36.30000,34.60000,35.50000,22100
2020-03-09,33.03000,35.84000,31.40000,32.01000,76500
2020-03-10,33.48000,36.63000,33.48000,35.92000,64700
2020-03-11,35.17000,36.78000,34.40000,35.50000,71300
2020-03-12,33.53000,34.81000,30.53000,31.19000,69000
2020-03-13,32.00000,34.22000,32.00000,34.22000,46200
2020-03-16,28.50000,32.72000,28.50000,30.67000,56200
2020-03-17,30.98000,35.48000,30.97000,35.29000,66200
2020-03-18,33.58000,34.18000,30.51000,30.51000,63900
2020-03-19,30.05000,33.99000,29.22000,33.29000,48700
2020-03-20,33.46000,35.89000,28.10000,28.18000,81700
2020-03-23,28.37000,30.00000,27.47000,29.73000,62900
2020-03-24,31.19000,32.36000,27.68000,30.68000,43400
2020-03-25,30.46000,31.60000,29.09000,29.49000,30300
2020-03-26,30.01000,32.37000,29.43000,30.70000,23700
2020-03-27,29.61000,32.71000,29.35000,30.18000,37900
2020-03-30,30.55000,32.77000,30.17000,32.77000,42700
2020-03-31,32.58000,33.03000,30.51000,33.03000,74400
2020-04-01,32.10000,32.57000,29.27000,29.38000,46500
2020-04-02,29.12000,31.62000,28.81000,30.28000,30000
2020-04-03,29.75000,30.39000,27.75000,28.28000,43000
2020-04-06,29.00000,29.70000,28.32000,29.62000,36500
2020-04-07,30.39000,30.80000,28.16000,29.00000,51200
2020-04-08,29.15000,30.52000,29.15000,30.48000,36500
2020-04-09,30.72000,34.40000,30.72000,34.40000,40500
2020-04-13,34.26000,34.26000,30.87000,31.55000,26500
2020-04-14,32.64000,33.42000,31.06000,31.46000,36000
2020-04-15,30.30000,32.02000,28.64000,29.20000,40600
2020-04-16,29.20000,30.58000,27.56000,28.16000,42700
2020-04-17,29.11000,32.76000,29.11000,31.24000,38700
2020-04-20,30.01000,31.87000,30.01000,30.60000,34300
2020-04-21,29.36000,32.30000,29.36000,30.20000,34300
2020-04-22,30.30000,31.45000,29.71000,30.46000,32000
2020-04-23,29.64000,32.24000,28.81000,31.16000,40800
2020-04-24,30.98000,31.76000,30.25000,31.39000,21000
2020-04-27,31.40000,33.79000,31.40000,33.27000,32200
2020-04-28,34.17000,34.25000,32.28000,33.00000,37900
2020-04-29,33.98000,36.84000,33.98000,35.82000,37200
2020-04-30,34.87000,35.02000,32.87000,33.33000,34800
2020-05-01,32.01000,32.84000,31.08000,32.84000,41100
2020-05-04,32.44000,33.13000,31.00000,32.22000,40800
2020-05-05,32.75000,33.30000,30.10000,30.65000,28000
2020-05-06,30.91000,30.91000,29.21000,29.69000,21000
2020-05-07,30.41000,30.49000,28.30000,29.43000,42400
2020-05-08,30.38000,32.09000,29.85000,31.92000,34700
2020-05-11,31.21000,31.21000,30.15000,30.36000,44000
2020-05-12,30.61000,30.61000,28.75000,28.80000,34300
2020-05-13,28.80000,29.36000,28.09000,28.52000,39000
2020-05-14,28.00000,28.75000,27.05000,28.54000,44600
2020-05-15,28.42000,29.15000,28.01000,28.92000,27900
2020-05-18,30.30000,30.97000,29.42000,30.69000,50100
2020-05-19,30.24000,30.53000,28.50000,28.70000,32000
2020-05-20,29.43000,31.62000,29.43000,30.90000,30900
2020-05-21,31.38000,31.53000,30.61000,30.84000,13800
2020-05-22,30.79000,31.29000,30.01000,30.62000,19600
2020-05-26,31.97000,33.00000,31.87000,32.83000,23700
2020-05-27,33.79000,35.00000,33.26000,34.81000,27600
2020-05-28,35.25000,35.41000,33.24000,33.33000,35000
2020-05-29,33.03000,33.03000,31.84000,32.05000,49300
2020-06-01,32.29000,33.02000,31.91000,31.97000,30900
2020-06-02,32.55000,32.72000,30.76000,31.64000,14700
2020-06-03,32.37000,34.26000,31.97000,34.08000,17000
2020-06-04,33.24000,34.17000,33.19000,33.51000,14200
2020-06-05,35.55000,36.90000,34.96000,36.30000,50400
2020-06-08,37.05000,37.43000,36.45000,37.19000,27000
2020-06-09,36.41000,36.90000,35.30000,36.05000,20700
2020-06-10,35.76000,35.76000,33.43000,33.67000,19000
2020-06-11,31.96000,32.01000,30.52000,31.08000,37500
2020-06-12,32.78000,32.78000,30.80000,32.22000,23800
2020-06-15,30.93000,32.73000,30.68000,32.61000,34800
2020-06-16,34.15000,34.15000,32.26000,33.46000,29500
2020-06-17,33.29000,33.30000,32.07000,32.36000,21600
2020-06-18,31.56000,32.68000,31.56000,31.94000,18500
2020-06-19,32.44000,32.44000,31.08000,32.31000,51400
2020-06-22,31.60000,32.12000,31.60000,32.05000,23200
2020-06-23,32.74000,32.74000,31.56000,31.58000,20000
2020-06-24,31.48000,31.57000,30.68000,30.68000,25800
2020-06-25,30.49000,32.02000,30.25000,31.73000,36500
2020-06-26,31.34000,31.34000,29.98000,31.01000,63500
2020-06-29,30.92000,32.38000,30.92000,32.06000,22000
2020-06-30,31.70000,33.02000,31.70000,32.71000,21700
2020-07-01,32.91000,32.91000,31.04000,31.04000,23700
2020-07-02,32.03000,32.03000,30.79000,31.10000,17400
2020-07-06,31.20000,31.77000,30.51000,31.06000,15000
2020-07-07,30.57000,30.79000,29.62000,29.83000,21800
2020-07-08,29.97000,30.33000,29.13000,29.53000,29300
2020-07-09,29.25000,29.86000,28.66000,28.68000,37300
2020-07-10,28.86000,30.08000,28.80000,30.08000,12500
2020-07-13,30.54000,30.94000,29.77000,30.41000,21600
2020-07-14,30.44000,30.65000,29.85000,30.36000,17900
2020-07-15,31.20000,32.00000,30.06000,31.63000,35600
2020-07-16,31.44000,31.71000,30.95000,31.50000,19700
2020-07-17,31.23000,33.00000,30.19000,31.95000,32000
2020-07-20,31.85000,32.39000,30.39000,30.57000,17500
2020-07-21,31.16000,32.00000,31.06000,31.70000,16800
2020-07-22,31.24000,31.37000,30.26000,30.50000,19500
2020-07-23,30.42000,31.50000,30.42000,31.29000,24300
2020-07-24,31.48000,31.61000,30.65000,30.79000,18000
2020-07-27,30.71000,31.88000,30.71000,31.53000,33800
2020-07-28,31.70000,32.24000,31.30000,31.30000,18000
2020-07-29,31.84000,32.25000,31.29000,32.20000,23000
2020-07-30,31.66000,31.66000,30.51000,30.66000,26600
2020-07-31,30.70000,31.02000,29.92000,30.22000,38900
2020-08-03,30.25000,30.82000,30.25000,30.82000,15800
2020-08-04,30.95000,30.98000,30.35000,30.75000,19700
2020-08-05,30.66000,31.40000,30.66000,31.14000,18900
2020-08-06,31.30000,31.37000,30.75000,30.94000,7200
2020-08-07,31.20000,32.57000,31.08000,32.31000,16700
2020-08-10,32.35000,33.49000,32.35000,32.79000,15700
2020-08-11,33.41000,34.04000,33.33000,33.35000,16800
2020-08-12,34.05000,34.05000,32.74000,33.49000,11500
2020-08-13,33.10000,33.10000,32.49000,32.62000,11600
2020-08-14,32.24000,32.67000,32.21000,32.31000,13500
2020-08-17,32.57000,32.78000,31.89000,31.91000,24100
2020-08-18,31.76000,32.24000,30.61000,30.72000,28000
2020-08-19,30.89000,31.38000,30.66000,31.08000,20200
2020-08-20,30.76000,31.13000,30.39000,30.72000,18400
2020-08-21,30.41000,30.42000,29.44000,29.86000,33400
2020-08-24,30.10000,31.26000,30.07000,31.26000,18200
2020-08-25,31.64000,31.74000,31.21000,31.70000,15500
2020-08-26,31.38000,31.38000,30.30000,30.30000,15800
2020-08-27,30.61000,31.26000,30.61000,30.99000,15700
2020-08-28,30.94000,31.21000,30.49000,30.96000,15000
2020-08-31,30.87000,31.01000,30.44000,30.76000,31600
2020-09-01,30.82000,31.35000,30.64000,31.18000,21300
2020-09-02,30.97000,31.33000,30.67000,31.33000,16300
2020-09-03,31.13000,31.43000,30.81000,31.10000,16100
2020-09-04,31.49000,31.62000,31.14000,31.37000,15000
2020-09-08,31.30000,31.86000,30.68000,31.81000,29600
2020-09-09,31.88000,32.41000,31.88000,32.22000,30300
2020-09-10,32.26000,32.72000,32.10000,32.37000,28800
2020-09-11,32.54000,32.62000,31.23000,31.36000,26200
2020-09-14,31.41000,31.92000,31.38000,31.78000,16600
2020-09-15,31.79000,33.20000,31.24000,31.35000,17100
2020-09-16,31.55000,32.02000,30.79000,31.11000,39500
2020-09-17,30.65000,30.95000,30.27000,30.29000,26000
2020-09-18,30.71000,30.71000,29.66000,30.40000,67100
2020-09-21,29.74000,29.77000,28.15000,28.45000,38100
2020-09-22,28.50000,28.95000,27.94000,28.09000,29200
2020-09-23,28.09000,28.94000,27.35000,27.40000,24600
2020-09-24,27.64000,28.35000,27.50000,27.82000,19500
2020-09-25,27.57000,28.19000,27.57000,28.05000,17200
2020-09-28,28.16000,28.92000,28.16000,28.45000,16800
2020-09-29,28.56000,28.57000,27.69000,28.15000,24400
2020-09-30,28.54000,28.63000,27.98000,28.16000,14800
2020-10-01,28.31000,28.63000,27.22000,27.98000,24200
2020-10-02,28.29000,29.07000,27.80000,28.96000,23200
2020-10-05,29.20000,30.38000,29.03000,30.38000,16000
2020-10-06,30.40000,31.35000,30.19000,30.23000,14900
2020-10-07,30.39000,30.99000,30.26000,30.76000,14700
2020-10-08,31.14000,31.44000,30.26000,31.03000,16300
2020-10-09,31.25000,31.46000,30.71000,31.32000,11500
2020-10-12,31.07000,32.25000,30.99000,32.01000,11000
2020-10-13,31.90000,31.90000,31.00000,31.40000,17600
2020-10-14,31.33000,31.33000,30.57000,30.64000,8400
2020-10-15,30.76000,31.43000,30.06000,31.33000,15800
2020-10-16,30.86000,33.65000,30.86000,32.84000,28200
2020-10-19,32.51000,32.75000,31.91000,32.01000,9000
2020-10-20,32.31000,33.58000,32.31000,33.16000,17400
2020-10-21,33.20000,33.73000,32.85000,33.38000,17500
2020-10-22,33.38000,34.85000,33.38000,34.60000,19900
2020-10-23,34.77000,34.98000,34.42000,34.90000,11800
2020-10-26,34.32000,34.42000,33.81000,34.42000,11800
2020-10-27,34.13000,34.41000,33.26000,33.52000,13900
2020-10-28,32.89000,33.37000,32.32000,33.04000,23800
2020-10-29,32.80000,33.68000,32.59000,33.46000,11400
2020-10-30,33.02000,33.51000,32.88000,33.33000,20400
2020-11-02,33.50000,33.99000,33.15000,33.84000,12500
2020-11-03,34.29000,35.29000,34.03000,35.23000,22000
2020-11-04,34.96000,34.96000,33.00000,33.01000,17900
2020-11-05,33.11000,33.72000,33.01000,33.56000,17600
2020-11-06,33.04000,33.04000,32.00000,32.23000,15700
2020-11-09,34.80000,36.52000,34.22000,35.32000,37100
2020-11-10,35.83000,37.71000,35.23000,37.40000,24200
2020-11-11,37.41000,37.41000,35.90000,36.76000,16200
2020-11-12,35.96000,35.96000,35.02000,35.39000,14100
2020-11-13,35.80000,37.57000,35.80000,36.29000,15900
2020-11-16,37.50000,37.89000,37.26000,37.86000,20200
2020-11-17,37.09000,37.72000,36.99000,37.50000,11400
2020-11-18,37.65000,37.65000,36.58000,36.58000,15600
2020-11-19,36.58000,36.81000,35.75000,36.67000,10800
2020-11-20,36.15000,36.65000,35.89000,36.20000,17000
2020-11-23,36.03000,36.75000,36.03000,36.14000,16600
2020-11-24,36.88000,38.49000,36.81000,38.49000,25900
2020-11-25,38.00000,38.00000,36.93000,37.40000,14200
2020-11-27,37.05000,37.50000,36.58000,37.50000,7800
2020-11-30,37.09000,37.09000,35.06000,35.30000,28600
2020-12-01,36.20000,36.66000,35.55000,36.03000,22500
2020-12-02,36.35000,36.93000,36.35000,36.61000,12800
2020-12-03,36.55000,36.81000,36.16000,36.51000,9800
2020-12-04,35.72000,38.36000,35.72000,38.21000,17300
2020-12-07,37.40000,37.94000,37.13000,37.24000,20900
2020-12-08,36.71000,38.23000,36.70000,37.81000,12200
2020-12-09,38.09000,38.28000,37.40000,37.52000,18000
2020-12-10,37.33000,37.77000,36.88000,37.31000,18400
2020-12-11,36.89000,37.44000,36.53000,36.53000,28700
2020-12-14,36.80000,38.00000,36.79000,36.79000,28200
2020-12-15,37.00000,38.38000,36.92000,38.02000,29700
2020-12-16,37.75000,38.50000,37.67000,38.07000,21700
2020-12-17,37.85000,38.08000,37.16000,37.75000,19800
2020-12-18,37.93000,38.10000,36.47000,36.47000,82500
2020-12-21,36.35000,36.96000,35.31000,36.10000,25000
2020-12-22,35.97000,36.57000,35.52000,35.82000,29000
2020-12-23,35.80000,36.56000,35.50000,36.40000,21400
2020-12-24,36.33000,36.49000,36.32000,36.35000,2500
2020-12-28,36.70000,36.90000,36.30000,36.30000,7400
2020-12-29,36.50000,36.50000,35.28000,35.82000,22400
2020-12-30,35.72000,35.94000,35.57000,35.64000,10700
2020-12-31,35.46000,36.36000,35.46000,36.07000,12500
2021-01-04,36.24000,36.26000,35.48000,35.68000,18600
2021-01-05,35.82000,36.49000,35.76000,36.18000,12200
2021-01-06,36.95000,39.58000,36.95000,38.79000,28900
2021-01-07,39.54000,39.54000,38.22000,38.84000,21400
2021-01-08,39.11000,39.11000,37.12000,38.19000,17100
2021-01-11,37.47000,38.33000,37.47000,38.33000,9600
2021-01-12,38.62000,39.03000,38.36000,38.92000,15700
2021-01-13,38.53000,38.65000,38.14000,38.35000,16500
2021-01-14,38.50000,40.51000,38.35000,39.26000,23200
2021-01-15,38.92000,39.78000,38.45000,39.09000,22400
2021-01-19,40.44000,40.44000,38.68000,38.99000,13500
2021-01-20,39.00000,39.54000,38.11000,38.29000,25800
2021-01-21,38.03000,38.81000,37.70000,38.14000,21500
2021-01-22,37.61000,39.56000,37.61000,39.56000,24900
2021-01-25,38.85000,38.85000,37.26000,37.95000,22100
2021-01-26,37.95000,38.06000,37.56000,37.79000,17000
2021-01-27,36.78000,37.26000,35.86000,36.29000,35000
2021-01-28,37.09000,37.16000,36.09000,36.59000,17900
2021-01-29,36.56000,37.50000,36.06000,36.09000,30700
2021-02-01,36.19000,36.94000,35.60000,36.40000,26500
2021-02-02,36.62000,37.63000,36.53000,37.30000,34000
2021-02-03,37.09000,37.98000,36.88000,37.68000,15300
2021-02-04,37.59000,39.10000,37.13000,39.10000,26600
2021-02-05,38.94000,39.76000,38.73000,39.25000,20600
2021-02-08,39.76000,41.39000,39.75000,41.39000,28000
2021-02-09,41.30000,42.65000,40.98000,42.51000,24000
2021-02-10,42.58000,42.84000,40.81000,42.08000,26900
2021-02-11,42.00000,42.38000,41.32000,41.51000,28300
2021-02-12,41.64000,41.70000,41.00000,41.21000,22000
2021-02-16,41.45000,41.66000,40.81000,40.81000,28700
2021-02-17,40.51000,41.00000,39.95000,40.43000,98300
2021-02-18,40.31000,40.83000,39.68000,40.46000,73700
2021-02-19,40.54000,42.49000,40.54000,42.08000,32500
2021-02-22,41.65000,43.29000,41.65000,43.05000,37300
2021-02-23,42.88000,43.98000,42.49000,42.78000,70400
2021-02-24,42.78000,43.88000,42.78000,43.50000,34100
2021-02-25,43.78000,43.81000,42.65000,42.68000,71800
2021-02-26,42.99000,43.10000,42.04000,42.04000,47400
2021-03-01,42.51000,43.58000,41.97000,43.19000,50300
2021-03-02,43.00000,43.00000,41.97000,42.25000,64700
2021-03-03,42.60000,44.03000,42.60000,43.41000,35200
2021-03-04,43.56000,44.27000,42.16000,43.10000,40700
2021-03-05,43.73000,44.52000,42.66000,43.93000,41900
2021-03-08,44.00000,45.32000,43.80000,44.81000,52000
2021-03-09,44.76000,45.48000,44.16000,44.29000,22100
2021-03-10,43.99000,45.78000,43.75000,45.51000,24000
2021-03-11,45.71000,45.98000,45.16000,45.98000,27700
2021-03-12,46.17000,47.15000,46.17000,46.86000,31000
2021-03-15,46.97000,47.47000,45.83000,46.24000,25300
2021-03-16,44.78000,46.13000,44.78000,45.53000,20000
2021-03-17,45.51000,46.02000,45.25000,45.91000,27600
2021-03-18,45.54000,47.00000,45.50000,45.89000,26200
2021-03-19,46.04000,46.04000,44.52000,45.42000,97100
2021-03-22,46.00000,46.00000,43.60000,44.19000,17700
2021-03-23,43.73000,43.98000,42.97000,43.00000,15200
2021-03-24,43.61000,45.22000,43.53000,43.63000,18000
2021-03-25,43.72000,45.59000,42.93000,45.23000,40500
2021-03-26,45.46000,46.33000,45.44000,45.70000,23900
2021-03-29,45.44000,45.55000,44.10000,44.68000,17000
2021-03-30,45.08000,45.98000,44.88000,45.24000,29500
2021-03-31,45.09000,45.19000,44.05000,44.29000,45400
2021-04-01,44.16000,45.38000,44.16000,45.37000,30100
2021-04-05,45.55000,45.70000,45.00000,45.35000,11300
2021-04-06,44.65000,45.25000,44.65000,45.10000,15300
2021-04-07,44.99000,45.33000,44.82000,44.98000,29600
2021-04-08,44.73000,45.49000,44.54000,45.19000,26000
2021-04-09,44.99000,45.68000,44.99000,45.48000,13800
2021-04-12,45.47000,45.49000,45.21000,45.49000,8000
2021-04-13,45.05000,45.51000,45.00000,45.28000,20100
2021-04-14,45.20000,45.60000,45.20000,45.50000,7400
2021-04-15,44.55000,45.44000,44.55000,45.44000,12400
2021-04-16,45.44000,46.02000,45.10000,45.61000,20400
2021-04-19,45.61000,45.61000,44.62000,45.11000,21200
2021-04-20,44.88000,45.35000,44.15000,44.45000,19900
2021-04-21,44.48000,45.61000,44.48000,45.20000,16100
2021-04-22,45.20000,45.72000,44.62000,44.92000,21000
2021-04-23,45.50000,45.86000,45.26000,45.33000,17900
2021-04-26,45.46000,45.58000,44.36000,44.39000,14000
2021-04-27,44.71000,44.79000,44.15000,44.41000,27700
2021-04-28,44.79000,44.93000,44.18000,44.44000,33800
2021-04-29,45.63000,45.63000,44.31000,44.97000,23400
2021-04-30,44.50000,45.30000,44.24000,44.93000,39800
2021-05-03,45.34000,45.87000,44.93000,45.67000,22500
2021-05-04,45.36000,45.67000,44.92000,45.16000,22000
2021-05-05,45.42000,45.51000,44.60000,45.11000,16600
2021-05-06,44.68000,45.37000,44.26000,45.11000,26900
2021-05-07,44.75000,45.79000,44.64000,45.40000,16000
2021-05-10,45.58000,45.58000,44.43000,44.43000,19200
2021-05-11,43.95000,44.49000,43.42000,43.96000,15200
2021-05-12,44.02000,44.15000,42.69000,43.16000,23700
2021-05-13,43.48000,45.11000,43.48000,44.95000,15800
2021-05-14,45.26000,45.79000,44.91000,45.77000,20600
2021-05-17,45.44000,45.93000,45.18000,45.55000,9300
2021-05-18,45.55000,45.98000,44.92000,44.92000,15300
2021-05-19,44.42000,45.24000,44.01000,45.13000,14300
2021-05-20,44.81000,45.46000,44.36000,45.08000,17600
2021-05-21,45.50000,46.18000,44.96000,46.17000,33200
2021-05-24,46.08000,46.20000,45.29000,45.33000,30500
2021-05-25,45.63000,45.82000,44.44000,44.44000,29400
2021-05-26,44.71000,45.98000,44.66000,45.82000,27400
2021-05-27,46.12000,46.79000,45.96000,46.69000,63200
2021-05-28,46.65000,46.87000,45.63000,46.45000,30100
2021-06-01,46.23000,47.35000,46.23000,46.98000,30900
2021-06-02,47.36000,47.45000,46.02000,46.12000,24200
2021-06-03,46.22000,46.83000,46.14000,46.75000,21000
2021-06-04,46.65000,47.35000,46.54000,46.57000,23500
2021-06-07,46.67000,47.00000,46.57000,46.75000,32400
2021-06-08,46.64000,47.34000,46.62000,46.90000,24000
2021-06-09,46.75000,46.94000,46.29000,46.62000,39700
2021-06-10,46.88000,46.95000,46.50000,46.57000,52300
2021-06-11,46.68000,47.65000,46.68000,47.50000,35800
2021-06-14,47.43000,47.97000,46.70000,46.81000,48600
2021-06-15,47.06000,48.25000,46.95000,48.05000,39500
2021-06-16,47.66000,48.99000,47.60000,48.47000,42200
2021-06-17,48.50000,48.71000,46.37000,46.55000,44700
2021-06-18,45.75000,46.06000,44.95000,45.27000,81500
2021-06-21,45.58000,46.90000,45.58000,46.51000,52300
2021-06-22,46.51000,46.78000,45.70000,46.21000,53600
2021-06-23,46.40000,46.85000,46.25000,46.47000,53000
2021-06-24,46.13000,47.15000,46.13000,46.96000,34600
2021-06-25,47.15000,47.78000,46.55000,46.88000,182300
2021-06-28,46.73000,46.73000,45.97000,46.14000,34000
2021-06-29,46.54000,46.60000,46.02000,46.02000,34700
2021-06-30,45.79000,46.56000,45.79000,46.13000,36000
2021-07-01,46.31000,46.75000,46.06000,46.47000,34100
2021-07-02,46.28000,46.62000,45.98000,46.09000,32500
2021-07-06,44.87000,45.24000,44.25000,45.19000,27200
2021-07-07,45.06000,45.46000,44.95000,45.38000,43600
2021-07-08,44.48000,45.65000,44.48000,45.18000,39000
2021-07-09,44.22000,46.45000,44.22000,46.26000,14800
2021-07-12,45.99000,46.63000,45.53000,46.44000,27300
2021-07-13,46.44000,46.51000,45.86000,46.21000,41900
2021-07-14,46.34000,46.51000,45.92000,46.24000,43300
2021-07-15,45.85000,46.96000,45.61000,46.96000,36200
2021-07-16,47.28000,47.45000,46.51000,46.60000,48900
2021-07-19,45.86000,46.43000,45.32000,45.67000,36300
2021-07-20,45.70000,47.97000,45.70000,46.68000,60900
2021-07-21,46.65000,48.11000,46.65000,47.67000,30900
2021-07-22,47.65000,47.65000,46.85000,47.08000,24400
2021-07-23,47.60000,48.60000,47.60000,48.60000,22700
2021-07-26,48.87000,48.87000,48.08000,48.12000,32200
2021-07-27,47.89000,48.59000,47.54000,48.21000,32900
2021-07-28,48.20000,48.67000,47.71000,48.40000,32000
2021-07-29,48.34000,49.29000,48.27000,48.84000,30200
2021-07-30,48.60000,49.20000,48.60000,48.76000,29800
2021-08-02,48.72000,49.51000,48.72000,49.22000,47300
2021-08-03,49.41000,49.94000,49.02000,49.70000,47000
2021-08-04,49.27000,49.79000,49.22000,49.32000,29300
2021-08-05,49.35000,49.69000,49.03000,49.17000,36000
2021-08-06,49.40000,50.53000,49.40000,50.19000,35500
2021-08-09,50.22000,50.50000,49.84000,50.06000,28600
2021-08-10,49.52000,50.50000,49.52000,50.44000,20300
2021-08-11,50.35000,50.75000,50.06000,50.63000,20900
2021-08-12,50.06000,50.43000,49.97000,50.08000,19100
2021-08-13,50.00000,50.22000,49.87000,50.03000,26100
2021-08-16,49.96000,50.24000,49.44000,50.05000,22000
2021-08-17,49.97000,50.25000,49.66000,50.11000,23900
2021-08-18,50.03000,50.71000,50.00000,50.20000,32900
2021-08-19,49.68000,50.02000,49.67000,49.69000,79700
2021-08-20,49.50000,50.50000,49.50000,50.10000,45800
2021-08-23,50.33000,50.38000,49.91000,49.92000,20400
2021-08-24,49.81000,50.13000,49.70000,49.90000,30700
2021-08-25,49.87000,50.32000,49.75000,50.10000,42600
2021-08-26,50.17000,50.30000,49.40000,49.50000,48000
2021-08-27,49.57000,50.90000,49.57000,50.77000,34100
2021-08-30,50.95000,50.95000,49.90000,49.90000,22100
2021-08-31,50.21000,50.22000,49.68000,50.13000,24200
2021-09-01,49.88000,50.82000,49.65000,50.69000,35000
2021-09-02,50.66000,51.39000,50.66000,51.31000,34600
2021-09-03,51.15000,51.56000,51.15000,51.24000,35900
2021-09-07,51.45000,51.45000,49.77000,49.92000,38300
2021-09-08,49.68000,50.09000,49.68000,49.96000,33300
2021-09-09,49.80000,50.35000,49.80000,50.06000,23000
2021-09-10,49.23000,50.00000,49.23000,49.34000,27100
2021-09-13,49.67000,49.97000,49.46000,49.84000,27200
2021-09-14,49.60000,49.60000,49.04000,49.13000,23500
2021-09-15,49.13000,50.09000,49.13000,49.78000,35500
2021-09-16,49.29000,49.75000,48.76000,49.17000,27200
2021-09-17,49.11000,49.40000,48.26000,48.78000,285800
2021-09-20,47.90000,48.42000,47.60000,48.22000,50800
2021-09-21,48.39000,48.73000,48.03000,48.27000,29800
2021-09-22,48.64000,49.28000,48.31000,48.87000,35000
2021-09-23,49.05000,50.46000,49.05000,49.94000,34200
2021-09-24,50.00000,50.62000,50.00000,50.34000,59900
2021-09-27,50.55000,52.52000,50.55000,51.91000,28200
2021-09-28,52.03000,52.32000,50.97000,51.17000,34400
2021-09-29,51.25000,51.42000,50.56000,51.34000,18900
2021-09-30,51.60000,51.62000,50.53000,50.65000,19500
2021-10-01,50.60000,52.20000,50.47000,51.76000,33800
2021-10-04,51.70000,51.70000,50.87000,51.47000,19200
2021-10-05,51.45000,51.79000,50.99000,51.67000,12800
2021-10-06,51.26000,51.76000,50.92000,51.72000,17000
2021-10-07,51.96000,52.58000,51.22000,52.10000,20600
2021-10-08,52.00000,52.49000,51.95000,52.10000,11600
2021-10-11,51.82000,51.85000,51.35000,51.45000,10300
2021-10-12,50.83000,51.63000,50.83000,51.53000,12300
2021-10-13,51.44000,51.63000,50.83000,51.46000,11900
2021-10-14,51.84000,52.16000,51.36000,51.96000,47600
2021-10-15,52.61000,52.74000,51.84000,52.06000,34100
2021-10-18,52.20000,52.37000,51.86000,52.37000,16100
2021-10-19,52.60000,52.60000,52.04000,52.22000,17900
2021-10-20,52.50000,53.17000,52.30000,53.17000,14200
2021-10-21,53.21000,53.60000,53.09000,53.21000,13900
2021-10-22,53.10000,53.65000,53.10000,53.39000,10400
2021-10-25,53.54000,53.93000,53.40000,53.80000,8000
2021-10-26,53.99000,53.99000,53.19000,53.29000,10900
2021-10-27,52.89000,53.28000,52.00000,52.81000,20000
2021-10-28,53.16000,54.33000,53.16000,53.85000,17000
2021-10-29,54.05000,54.24000,53.44000,54.02000,14300
2021-11-01,54.13000,55.00000,54.13000,54.85000,14200
2021-11-02,54.99000,55.33000,54.34000,54.72000,16000
2021-11-03,54.72000,56.75000,54.72000,56.23000,17800
2021-11-04,55.25000,56.31000,55.25000,55.83000,15700
2021-11-05,56.35000,57.62000,55.96000,57.07000,25100
2021-11-08,57.17000,57.62000,56.34000,57.21000,14200
2021-11-09,56.72000,56.77000,55.37000,56.35000,16600
2021-11-10,56.55000,56.95000,56.00000,56.70000,11300
2021-11-11,56.78000,57.20000,56.28000,56.48000,10700
2021-11-12,56.57000,56.57000,55.87000,56.00000,4900
2021-11-15,55.95000,55.95000,55.29000,55.54000,11500
2021-11-16,55.83000,56.04000,55.40000,55.55000,12100
2021-11-17,55.24000,55.71000,54.82000,55.71000,15300
2021-11-18,55.50000,55.55000,54.98000,55.55000,16600
2021-11-19,55.01000,55.25000,54.64000,54.64000,35400
2021-11-22,55.04000,56.23000,55.04000,55.57000,42600
2021-11-23,56.09000,56.47000,54.80000,55.68000,22700
2021-11-24,55.40000,56.03000,55.27000,55.51000,15600
2021-11-26,54.14000,54.31000,52.00000,53.06000,19200
2021-11-29,53.14000,53.14000,51.77000,51.87000,34200
2021-11-30,51.59000,51.88000,51.08000,51.23000,38900
2021-12-01,52.18000,53.42000,51.63000,52.00000,30500
2021-12-02,51.83000,53.60000,51.83000,53.04000,35400
2021-12-03,53.30000,53.49000,52.09000,52.30000,33200
2021-12-06,52.56000,54.54000,52.56000,54.24000,32200
2021-12-07,54.57000,54.57000,53.35000,54.04000,20500
2021-12-08,54.10000,54.10000,53.13000,53.54000,22600
2021-12-09,53.31000,53.47000,52.65000,52.65000,21900
2021-12-10,52.54000,53.69000,52.39000,53.69000,22500
2021-12-13,53.70000,53.99000,52.82000,53.29000,31600
2021-12-14,53.57000,54.15000,52.24000,53.70000,46900
2021-12-15,53.74000,54.25000,53.20000,53.21000,55900
2021-12-16,53.49000,53.76000,52.27000,52.77000,28600
2021-12-17,52.75000,52.75000,50.67000,50.98000,75700
2021-12-20,50.60000,51.33000,49.27000,50.27000,30700
2021-12-21,50.66000,51.23000,50.50000,50.86000,19400
2021-12-22,50.92000,51.43000,50.87000,51.43000,17300
2021-12-23,51.50000,51.76000,51.20000,51.49000,11500
2021-12-27,51.33000,51.69000,51.15000,51.62000,12600
2021-12-28,51.82000,51.94000,51.25000,51.68000,25700
2021-12-29,51.69000,51.93000,51.09000,51.47000,25600
2021-12-30,51.05000,51.75000,50.48000,50.78000,25300
2021-12-31,50.48000,51.19000,50.48000,50.84000,12500
2022-01-03,50.92000,51.35000,50.56000,51.00000,20300
2022-01-04,51.17000,51.86000,51.17000,51.38000,14400
2022-01-05,51.48000,52.00000,51.01000,51.25000,22900
2022-01-06,51.54000,52.37000,51.31000,52.20000,20400
2022-01-07,52.39000,52.63000,52.18000,52.39000,9700
2022-01-10,52.53000,52.53000,51.90000,52.00000,12400
2022-01-11,51.01000,51.66000,51.01000,51.53000,18200
2022-01-12,51.47000,51.84000,51.14000,51.47000,22300
2022-01-13,51.52000,52.54000,51.52000,51.77000,17700
2022-01-14,51.61000,52.21000,51.61000,52.20000,10900
2022-01-18,52.17000,52.17000,51.24000,51.39000,10300
2022-01-19,51.50000,51.50000,50.31000,50.42000,10800
2022-01-20,50.37000,50.82000,49.30000,49.30000,11500
2022-01-21,48.93000,50.79000,48.93000,49.51000,26200
2022-01-24,49.07000,50.47000,48.95000,49.89000,28100
2022-01-25,49.80000,50.50000,49.18000,49.93000,15300
2022-01-26,50.56000,50.56000,48.58000,49.19000,14700
2022-01-27,49.21000,49.21000,48.39000,48.59000,17000
2022-01-28,48.35000,49.27000,47.13000,49.27000,11800
2022-01-31,48.82000,49.17000,48.29000,49.02000,14300
2022-02-01,48.77000,49.15000,48.52000,49.09000,18900
2022-02-02,48.85000,49.21000,48.15000,48.85000,20800
2022-02-03,48.80000,48.98000,48.40000,48.66000,13100
2022-02-04,48.61000,49.85000,48.25000,49.13000,10800
2022-02-07,49.10000,49.12000,48.43000,48.43000,8500
2022-02-08,48.59000,49.49000,48.41000,48.81000,11800
2022-02-09,48.96000,48.96000,47.92000,48.20000,13600
2022-02-10,48.14000,48.35000,47.18000,47.49000,17000
2022-02-11,47.84000,49.21000,47.72000,48.41000,40700
2022-02-14,48.89000,48.89000,47.69000,48.01000,8000
2022-02-15,48.46000,48.87000,47.62000,48.26000,14500
2022-02-16,47.98000,48.11000,47.60000,47.87000,14400
2022-02-17,47.58000,47.60000,47.13000,47.17000,17200
2022-02-18,46.95000,48.21000,46.95000,47.61000,22700
2022-02-22,47.51000,47.95000,47.19000,47.43000,19000
2022-02-23,47.32000,47.32000,46.56000,46.69000,13300
2022-02-24,45.42000,46.14000,44.56000,45.25000,26800
2022-02-25,45.97000,47.14000,45.81000,46.81000,17300
2022-02-28,46.13000,46.96000,45.73000,45.88000,22900
2022-03-01,45.94000,45.94000,43.94000,44.34000,26300
2022-03-02,44.84000,46.03000,44.84000,45.78000,20300
2022-03-03,45.80000,46.08000,45.41000,46.08000,11300
2022-03-04,45.60000,46.20000,43.63000,45.96000,38000
2022-03-07,45.49000,45.75000,44.45000,44.62000,42200
2022-03-08,46.33000,46.33000,44.04000,44.09000,26000
2022-03-09,44.66000,45.10000,44.34000,44.55000,26200
2022-03-10,44.34000,45.00000,44.01000,44.80000,22800
2022-03-11,45.17000,45.17000,44.37000,44.64000,23200
2022-03-14,45.34000,45.86000,45.02000,45.64000,32300
2022-03-15,45.52000,45.88000,44.96000,45.26000,22800
2022-03-16,45.83000,46.78000,45.35000,46.28000,59500
2022-03-17,45.82000,46.05000,45.52000,45.65000,46500
2022-03-18,45.76000,45.99000,44.89000,45.78000,91400
2022-03-21,45.52000,46.08000,45.07000,45.60000,49700
2022-03-22,45.77000,46.35000,45.59000,46.29000,50700
2022-03-23,46.16000,46.30000,45.18000,45.36000,10500
2022-03-24,46.76000,46.76000,45.18000,45.41000,11700
2022-03-25,45.78000,45.97000,45.61000,45.70000,12400
2022-03-28,45.50000,45.92000,45.04000,45.37000,14100
2022-03-29,46.00000,46.65000,45.43000,45.70000,14400
2022-03-30,45.52000,45.90000,45.00000,45.10000,20900
2022-03-31,44.98000,45.29000,44.76000,44.94000,38500
2022-04-01,45.33000,45.44000,44.82000,45.20000,20300
2022-04-04,45.29000,45.29000,44.51000,44.85000,19700
2022-04-05,44.94000,45.35000,44.59000,44.99000,21000
2022-04-06,44.78000,44.80000,44.42000,44.64000,15300
2022-04-07,44.56000,44.96000,43.87000,43.91000,11600
2022-04-08,43.80000,44.16000,43.48000,43.89000,17200
2022-04-11,44.12000,44.33000,43.53000,44.03000,11100
2022-04-12,44.06000,44.32000,43.77000,44.15000,15900
2022-04-13,44.08000,44.65000,44.08000,44.37000,13100
2022-04-14,44.47000,44.49000,44.02000,44.35000,11000
2022-04-18,44.29000,44.81000,44.29000,44.44000,15700
2022-04-19,44.40000,45.40000,44.40000,45.23000,11600
2022-04-20,44.81000,46.15000,44.81000,45.56000,12800
2022-04-21,45.75000,45.97000,43.80000,44.41000,19300
2022-04-22,44.52000,44.56000,44.04000,44.23000,14700
2022-04-25,43.96000,44.15000,43.68000,44.09000,15500
2022-04-26,43.72000,44.21000,43.16000,43.37000,22700
2022-04-27,43.35000,43.99000,42.45000,42.60000,16600
2022-04-28,43.18000,43.18000,42.26000,42.76000,13500
2022-04-29,42.36000,42.66000,41.41000,41.68000,21800
2022-05-02,41.87000,42.75000,41.49000,41.85000,34200
2022-05-03,41.56000,42.20000,41.56000,41.93000,20500
2022-05-04,42.30000,43.37000,42.09000,43.18000,28100
2022-05-05,42.88000,42.99000,41.65000,42.20000,20800
2022-05-06,42.33000,42.42000,41.84000,42.28000,17400
2022-05-09,42.09000,43.67000,42.09000,43.36000,30500
2022-05-10,44.32000,44.32000,42.62000,43.54000,30000
2022-05-11,43.70000,44.00000,43.23000,43.42000,16400
2022-05-12,43.65000,43.65000,42.30000,43.02000,21400
2022-05-13,43.28000,43.28000,42.71000,42.76000,18100
2022-05-16,42.84000,42.84000,42.21000,42.69000,14900
2022-05-17,43.14000,43.91000,43.00000,43.66000,19200
2022-05-18,43.23000,43.69000,43.23000,43.57000,20400
2022-05-19,43.71000,43.71000,42.48000,42.57000,25500
2022-05-20,42.96000,42.97000,42.42000,42.89000,28000
2022-05-23,43.17000,43.80000,43.11000,43.50000,25300
2022-05-24,43.50000,44.65000,43.18000,44.51000,21500
2022-05-25,44.32000,44.96000,44.10000,44.21000,18700
2022-05-26,44.65000,45.15000,44.40000,44.83000,19400
2022-05-27,44.93000,45.51000,44.76000,45.24000,14100
2022-05-31,44.79000,46.02000,44.25000,45.95000,27000
2022-06-01,45.70000,46.00000,44.61000,45.39000,26600
2022-06-02,45.28000,46.31000,44.86000,46.25000,21000
2022-06-03,45.97000,46.19000,45.81000,45.81000,18700
2022-06-06,45.31000,46.89000,45.31000,46.58000,45400
2022-06-07,46.44000,47.39000,46.44000,46.90000,25300
2022-06-08,46.90000,47.25000,46.38000,46.88000,23100
2022-06-09,46.88000,46.88000,45.58000,45.73000,27200
2022-06-10,45.35000,45.59000,45.12000,45.25000,23100
2022-06-13,44.59000,46.30000,44.59000,45.92000,31700
2022-06-14,45.64000,46.27000,45.25000,45.27000,38400
2022-06-15,46.00000,46.18000,45.10000,45.74000,34200
2022-06-16,45.05000,45.05000,43.69000,44.17000,63600
2022-06-17,44.71000,45.69000,44.56000,45.06000,69800
2022-06-21,45.44000,46.82000,45.44000,45.90000,46100
2022-06-22,46.38000,46.38000,45.51000,46.08000,57000
2022-06-23,45.99000,46.60000,45.56000,46.12000,39200
2022-06-24,46.06000,48.10000,46.06000,47.84000,134800
2022-06-27,47.95000,48.71000,47.44000,47.78000,45900
2022-06-28,48.18000,48.98000,48.11000,48.20000,34500
2022-06-29,48.51000,48.67000,48.30000,48.64000,30900
2022-06-30,48.25000,48.77000,48.14000,48.25000,40800
2022-07-01,47.96000,49.17000,47.96000,48.86000,50000
2022-07-05,48.64000,49.48000,47.68000,49.10000,36700
2022-07-06,48.99000,49.54000,48.76000,49.21000,30000
2022-07-07,49.26000,50.16000,49.07000,49.53000,31300
2022-07-08,49.64000,49.97000,48.84000,49.25000,55200
2022-07-11,49.20000,49.80000,49.11000,49.61000,21200
2022-07-12,49.80000,49.96000,48.89000,48.97000,13900
2022-07-13,48.97000,48.97000,48.04000,48.50000,19300
2022-07-14,48.09000,48.45000,47.01000,47.61000,48200
2022-07-15,48.08000,48.97000,47.22000,48.70000,36200
2022-07-18,48.85000,49.24000,48.43000,48.58000,13900
2022-07-19,49.27000,49.94000,49.27000,49.66000,17800
2022-07-20,49.40000,49.66000,48.97000,49.23000,19000
2022-07-21,48.96000,49.33000,48.63000,48.90000,22400
2022-07-22,49.31000,49.31000,47.76000,48.17000,21900
2022-07-25,46.86000,47.04000,44.34000,44.82000,42600
2022-07-26,44.54000,46.27000,44.54000,46.07000,48300
2022-07-27,45.98000,46.40000,45.75000,45.85000,27000
2022-07-28,45.67000,45.83000,45.23000,45.29000,23500
2022-07-29,45.65000,45.73000,44.72000,44.84000,19800
2022-08-01,44.95000,45.92000,44.82000,45.52000,39900
2022-08-02,45.35000,45.53000,45.10000,45.34000,15900
2022-08-03,45.77000,45.77000,45.18000,45.29000,14600
2022-08-04,45.05000,45.25000,44.66000,44.84000,12400
2022-08-05,44.68000,44.97000,44.51000,44.51000,16200
2022-08-08,44.36000,44.65000,44.03000,44.21000,25600
2022-08-09,44.54000,44.75000,44.25000,44.69000,24500
2022-08-10,44.97000,45.28000,44.30000,44.46000,20000
2022-08-11,44.76000,45.13000,44.40000,45.11000,19800
2022-08-12,44.71000,45.86000,43.60000,45.55000,26900
2022-08-15,45.45000,45.77000,45.37000,45.74000,14400
2022-08-16,45.76000,46.34000,45.76000,46.27000,15500
2022-08-17,46.11000,46.40000,45.88000,46.25000,17000
2022-08-18,45.95000,46.50000,45.87000,46.47000,19200
2022-08-19,46.40000,46.40000,45.42000,45.51000,19600
2022-08-22,45.16000,45.30000,44.53000,44.81000,20400
2022-08-23,44.57000,45.53000,44.07000,44.29000,17300
2022-08-24,44.00000,44.40000,43.77000,43.91000,18500
2022-08-25,44.39000,44.84000,44.36000,44.72000,14800
2022-08-26,44.22000,44.66000,43.76000,43.83000,25000
2022-08-29,43.75000,43.75000,42.93000,42.98000,12800
2022-08-30,42.60000,42.88000,42.55000,42.68000,14100
2022-08-31,42.98000,42.98000,42.20000,42.50000,29200
2022-09-01,42.37000,42.37000,41.82000,42.13000,14700
2022-09-02,42.60000,42.95000,41.86000,41.93000,18100
2022-09-06,42.29000,42.44000,40.95000,41.33000,16900
2022-09-07,41.10000,41.70000,41.05000,41.40000,37900
2022-09-08,41.52000,41.52000,41.02000,41.32000,13300
2022-09-09,41.37000,41.89000,40.93000,41.30000,14400
2022-09-12,41.67000,41.69000,41.26000,41.37000,12400
2022-09-13,41.29000,41.29000,40.26000,40.52000,25600
2022-09-14,40.52000,40.66000,40.27000,40.35000,15700
2022-09-15,40.01000,40.95000,40.01000,40.80000,16400
2022-09-16,40.34000,40.99000,39.71000,39.91000,59900
2022-09-19,39.91000,41.31000,39.91000,41.22000,18900
2022-09-20,41.06000,41.88000,40.76000,41.21000,10500
2022-09-21,41.12000,41.12000,40.27000,40.59000,14900
2022-09-22,40.87000,40.93000,39.92000,40.47000,12000
2022-09-23,40.06000,40.06000,39.22000,39.65000,20100
2022-09-26,39.73000,40.35000,39.27000,39.82000,16700
2022-09-27,41.22000,41.22000,38.63000,39.09000,19500
2022-09-28,39.64000,40.12000,39.36000,39.36000,18500
2022-09-29,39.24000,39.49000,38.56000,38.74000,15000
2022-09-30,38.63000,39.32000,38.23000,38.30000,24200
2022-10-03,38.30000,39.47000,38.30000,39.21000,23400
2022-10-04,39.44000,40.64000,39.44000,40.39000,26100
2022-10-05,39.78000,39.90000,39.52000,39.76000,7700
2022-10-06,39.54000,39.83000,39.30000,39.30000,11900
2022-10-07,39.26000,39.26000,38.35000,38.89000,22900
2022-10-10,38.83000,39.40000,38.66000,39.03000,12000
2022-10-11,38.63000,38.99000,38.48000,38.63000,10400
2022-10-12,38.77000,39.16000,38.67000,38.67000,10500
2022-10-13,38.21000,41.31000,38.17000,41.25000,24600
2022-10-14,41.26000,41.30000,40.38000,40.66000,12900
2022-10-17,41.21000,42.00000,40.65000,41.13000,12200
2022-10-18,41.11000,41.24000,40.40000,40.82000,16700
2022-10-19,41.57000,41.57000,40.54000,41.43000,12900
2022-10-20,41.61000,42.13000,40.41000,41.50000,24200
2022-10-21,41.94000,44.42000,41.09000,43.40000,26700
2022-10-24,44.03000,44.91000,42.66000,44.07000,14100
2022-10-25,44.22000,45.43000,44.22000,44.85000,16300
2022-10-26,45.24000,45.74000,44.85000,45.03000,11400
2022-10-27,45.12000,46.61000,45.10000,45.45000,13500
2022-10-28,45.06000,47.21000,44.85000,46.87000,22700
2022-10-31,47.16000,47.18000,45.70000,46.35000,17400
2022-11-01,46.35000,46.88000,45.97000,45.98000,11400
2022-11-02,45.74000,46.00000,44.74000,44.74000,14500
2022-11-03,43.74000,44.86000,43.74000,44.32000,12500
2022-11-04,44.79000,45.27000,44.02000,44.99000,16500
2022-11-07,45.49000,45.49000,44.53000,44.69000,18500
2022-11-08,45.00000,45.17000,44.34000,44.34000,13000
2022-11-09,44.49000,44.60000,43.58000,44.02000,8800
2022-11-10,44.81000,45.27000,43.27000,44.97000,32900
2022-11-11,44.55000,45.71000,44.15000,44.82000,33700
2022-11-14,45.29000,45.29000,44.16000,44.57000,18200
2022-11-15,44.65000,44.85000,44.41000,44.72000,12700
2022-11-16,44.27000,44.79000,43.76000,44.02000,13200
2022-11-17,44.00000,44.08000,43.71000,44.04000,7900
2022-11-18,44.68000,44.68000,44.02000,44.11000,16700
2022-11-21,44.30000,44.47000,44.04000,44.18000,18100
2022-11-22,44.25000,44.40000,43.65000,44.18000,18300
2022-11-23,43.25000,44.00000,43.00000,43.30000,12100
2022-11-25,43.45000,43.90000,43.44000,43.88000,10400
2022-11-28,43.77000,43.79000,43.24000,43.33000,7700
2022-11-29,43.27000,43.78000,43.12000,43.40000,6100
2022-11-30,43.24000,44.43000,43.02000,44.07000,15100
2022-12-01,44.37000,44.54000,43.56000,44.54000,10600
2022-12-02,44.51000,45.11000,43.41000,44.98000,18800
2022-12-05,44.98000,44.98000,43.65000,43.84000,8800
2022-12-06,43.75000,43.95000,43.01000,43.80000,13400
2022-12-07,44.30000,44.30000,42.51000,42.65000,10100
2022-12-08,42.55000,42.83000,41.68000,42.20000,8800
2022-12-09,42.03000,42.47000,41.53000,41.94000,11700
2022-12-12,42.04000,43.00000,42.04000,42.19000,10200
2022-12-13,42.88000,43.33000,42.27000,43.10000,24500
2022-12-14,43.03000,43.50000,42.05000,42.05000,20400
2022-12-15,41.66000,41.68000,40.89000,41.51000,10000
2022-12-16,40.89000,42.66000,40.86000,42.55000,60100
2022-12-19,42.13000,42.68000,41.23000,41.50000,19900
2022-12-20,42.20000,42.20000,41.25000,41.34000,11500
2022-12-21,41.66000,42.26000,41.27000,41.76000,23900
2022-12-22,41.78000,42.04000,41.03000,41.44000,11200
2022-12-23,41.50000,41.51000,41.15000,41.40000,35400
2022-12-27,41.26000,41.49000,40.89000,41.46000,20100
2022-12-28,41.46000,41.46000,40.37000,40.37000,8900
2022-12-29,40.66000,41.20000,40.42000,41.11000,8800
2022-12-30,41.04000,41.12000,40.60000,40.92000,7100
2023-01-03,41.40000,41.40000,40.67000,40.98000,14100
2023-01-04,41.31000,41.57000,40.70000,40.70000,9600
2023-01-05,40.67000,40.75000,40.15000,40.40000,12400
2023-01-06,40.55000,41.78000,40.55000,41.55000,7200
2023-01-09,41.39000,41.61000,41.01000,41.33000,15500
2023-01-10,41.06000,42.24000,41.06000,41.76000,9100
2023-01-11,42.25000,42.56000,41.94000,42.10000,20400
2023-01-12,42.49000,43.89000,42.49000,43.40000,9700
2023-01-13,42.62000,43.39000,41.98000,43.08000,13500
2023-01-17,42.77000,43.01000,42.64000,42.74000,4200
2023-01-18,42.56000,43.23000,42.07000,42.33000,12100
2023-01-19,42.48000,42.48000,41.73000,41.74000,6800
2023-01-20,42.14000,43.01000,42.09000,43.00000,17900
2023-01-23,43.06000,43.19000,42.83000,43.07000,5200
2023-01-24,42.03000,43.04000,42.03000,42.51000,4200
2023-01-25,42.16000,42.74000,42.16000,42.58000,4600
2023-01-26,41.85000,42.96000,41.85000,42.80000,5600
2023-01-27,42.90000,44.16000,42.90000,43.48000,14000
2023-01-30,43.63000,44.59000,42.51000,44.17000,13400
2023-01-31,45.12000,45.12000,43.84000,44.98000,16500
2023-02-01,44.53000,45.41000,44.09000,44.85000,18200
2023-02-02,45.09000,46.09000,45.01000,46.09000,14100
2023-02-03,45.86000,46.72000,45.65000,46.62000,13200
2023-02-06,46.54000,46.54000,45.67000,46.12000,12100
2023-02-07,45.60000,47.00000,45.60000,46.19000,15600
2023-02-08,45.72000,45.78000,45.68000,45.68000,7000
2023-02-09,45.68000,45.79000,45.25000,45.40000,9300
2023-02-10,45.60000,46.15000,44.90000,45.60000,12300
2023-02-13,45.85000,45.96000,45.55000,45.96000,7600
2023-02-14,46.38000,46.38000,45.21000,45.21000,6900
2023-02-15,45.20000,45.84000,44.58000,45.57000,12900
2023-02-16,44.88000,45.99000,44.88000,45.75000,7800
2023-02-17,45.87000,46.21000,45.43000,45.91000,18300
2023-02-21,45.31000,45.80000,44.80000,44.93000,14500
2023-02-22,45.35000,45.78000,44.61000,44.92000,16500
2023-02-23,45.18000,45.80000,45.18000,45.66000,9500
2023-02-24,44.96000,45.36000,44.60000,44.86000,9000
2023-02-27,44.77000,45.15000,44.77000,44.95000,7400
2023-02-28,44.70000,45.45000,44.30000,44.50000,36300
2023-03-01,44.91000,45.12000,44.49000,44.95000,10100
2023-03-02,44.65000,44.65000,43.99000,44.07000,11000
2023-03-03,44.00000,44.30000,43.68000,43.99000,10500
2023-03-06,44.28000,44.60000,43.49000,43.92000,18500
2023-03-07,43.94000,43.94000,43.29000,43.43000,7600
2023-03-08,43.76000,43.76000,42.48000,42.89000,17300
2023-03-09,42.68000,42.68000,41.62000,41.80000,12200
2023-03-10,41.46000,41.85000,40.60000,41.68000,22500
2023-03-13,40.31000,42.15000,39.19000,40.09000,39000
2023-03-14,41.80000,41.80000,40.48000,40.57000,32600
2023-03-15,40.46000,40.89000,40.06000,40.50000,18000
2023-03-16,40.06000,41.47000,39.58000,41.46000,14000
2023-03-17,40.95000,41.24000,39.99000,40.60000,53000
2023-03-20,40.93000,42.09000,40.71000,40.82000,25300
2023-03-21,41.39000,43.38000,41.39000,42.07000,22100
2023-03-22,42.40000,42.40000,40.87000,40.87000,12600
2023-03-23,41.32000,41.69000,39.43000,39.87000,16300
2023-03-24,39.36000,41.44000,39.36000,41.24000,30100
2023-03-27,41.85000,41.85000,40.84000,40.90000,11000
2023-03-28,40.67000,40.85000,40.46000,40.74000,11600
2023-03-29,41.23000,41.58000,40.67000,41.39000,21200
2023-03-30,41.20000,41.20000,40.61000,40.95000,11300
2023-03-31,41.11000,42.89000,41.11000,42.43000,57700
2023-04-03,42.44000,42.78000,41.31000,41.53000,23000
2023-04-04,41.50000,41.50000,40.11000,40.44000,19000
2023-04-05,40.44000,40.86000,40.36000,40.86000,11300
2023-04-06,40.11000,41.08000,40.11000,40.59000,9300
2023-04-10,40.24000,41.18000,40.24000,40.67000,10300
2023-04-11,41.22000,41.37000,40.23000,40.30000,14000
2023-04-12,40.34000,40.84000,40.12000,40.47000,13600
2023-04-13,40.37000,40.53000,39.69000,40.33000,11400
2023-04-14,40.60000,40.93000,39.55000,39.65000,14800
2023-04-17,39.73000,40.20000,39.47000,40.20000,8400
2023-04-18,40.44000,40.44000,39.22000,39.50000,13700
2023-04-19,39.68000,40.71000,39.40000,40.30000,10600
2023-04-20,40.30000,40.98000,39.73000,40.77000,11100
2023-04-21,41.16000,41.96000,40.63000,41.26000,20500
2023-04-24,41.05000,41.95000,39.64000,39.90000,23400
2023-04-25,39.70000,40.99000,38.95000,38.98000,15700
2023-04-26,38.91000,39.00000,38.05000,38.74000,18400
2023-04-27,38.80000,39.60000,38.65000,39.20000,19800
2023-04-28,39.25000,39.85000,38.72000,39.30000,16300
2023-05-01,39.31000,39.84000,39.31000,39.60000,14400
2023-05-02,39.24000,39.40000,37.70000,38.70000,22200
2023-05-03,38.79000,39.52000,38.17000,38.68000,14700
2023-05-04,38.05000,38.23000,37.23000,38.23000,22300
2023-05-05,38.35000,39.97000,38.35000,39.94000,20700
2023-05-08,40.23000,40.23000,39.03000,39.19000,16400
2023-05-09,39.35000,39.35000,38.42000,38.71000,7700
2023-05-10,39.32000,40.21000,38.68000,40.19000,25800
2023-05-11,40.00000,40.38000,39.70000,40.11000,18800
2023-05-12,39.81000,39.84000,38.37000,39.18000,34300
2023-05-15,38.85000,39.43000,38.85000,39.35000,15800
2023-05-16,39.20000,39.79000,39.20000,39.44000,15600
2023-05-17,39.66000,41.23000,39.66000,40.78000,24200
2023-05-18,40.97000,41.31000,39.92000,40.68000,20900
2023-05-19,41.14000,41.14000,39.69000,40.00000,17200
2023-05-22,40.08000,41.59000,39.92000,40.85000,25200
2023-05-23,41.44000,42.63000,40.34000,41.66000,23900
2023-05-24,41.76000,42.62000,40.99000,42.13000,29400
2023-05-25,41.93000,42.44000,41.46000,41.76000,16200
2023-05-26,41.49000,42.21000,41.49000,42.19000,11500
2023-05-30,42.47000,43.27000,41.81000,43.27000,14600
2023-05-31,43.18000,43.18000,42.07000,42.14000,42800
2023-06-01,42.52000,43.10000,42.49000,42.50000,14800
2023-06-02,43.13000,44.77000,43.13000,44.56000,31700
2023-06-05,44.41000,44.41000,43.32000,43.87000,16200
2023-06-06,43.73000,46.43000,43.69000,45.79000,23000
2023-06-07,45.58000,48.32000,45.58000,47.59000,48300
2023-06-08,47.60000,47.60000,46.52000,47.05000,18600
2023-06-09,47.16000,47.16000,46.00000,46.26000,33400
2023-06-12,46.24000,46.43000,44.97000,45.86000,21000
2023-06-13,45.53000,47.16000,45.53000,46.85000,20200
2023-06-14,46.57000,46.93000,45.52000,45.69000,33100
2023-06-15,45.35000,46.44000,45.35000,45.90000,14700
2023-06-16,46.25000,46.41000,45.62000,45.63000,45800
2023-06-20,45.43000,45.43000,44.17000,44.24000,27500
2023-06-21,44.24000,44.89000,44.23000,44.28000,18400
2023-06-22,44.44000,44.44000,43.26000,43.26000,16300
2023-06-23,42.96000,43.21000,42.31000,42.63000,96600
2023-06-26,42.50000,43.14000,42.21000,42.32000,22800
2023-06-27,42.43000,43.18000,42.41000,42.50000,20400
2023-06-28,42.51000,42.51000,41.87000,42.30000,14400
2023-06-29,42.65000,43.21000,42.43000,42.90000,12700
2023-06-30,43.49000,43.49000,42.37000,42.50000,17200
2023-07-03,42.46000,43.05000,42.46000,42.80000,10000
2023-07-05,42.83000,43.28000,42.41000,42.71000,24000
2023-07-06,42.60000,42.60000,41.35000,42.19000,19100
2023-07-07,42.20000,43.15000,42.20000,42.83000,19900
2023-07-10,43.45000,43.45000,42.83000,42.84000,14200
2023-07-11,42.57000,43.00000,42.50000,42.71000,10600
2023-07-12,43.27000,43.93000,43.27000,43.61000,20100
2023-07-13,43.65000,44.34000,43.65000,44.19000,10500
2023-07-14,44.37000,44.37000,42.96000,43.28000,13300
2023-07-17,43.52000,44.02000,43.52000,43.69000,12200
2023-07-18,44.50000,44.94000,44.18000,44.94000,9600
2023-07-19,45.48000,45.84000,45.08000,45.70000,15700
2023-07-20,45.29000,46.70000,45.29000,46.35000,27400
2023-07-21,46.96000,47.97000,46.16000,46.35000,38100
2023-07-24,46.68000,46.74000,44.52000,44.59000,34500
2023-07-25,44.92000,45.00000,44.40000,44.53000,8100
2023-07-26,45.13000,45.57000,44.05000,45.32000,38200
2023-07-27,45.22000,46.03000,44.77000,45.91000,34400
2023-07-28,45.59000,46.74000,45.59000,46.24000,21100
2023-07-31,46.31000,46.31000,45.39000,45.83000,17300
2023-08-01,46.02000,46.58000,45.45000,46.01000,27200
2023-08-02,45.87000,46.87000,45.87000,46.61000,29900
2023-08-03,46.28000,46.90000,45.75000,46.62000,43000
2023-08-04,46.45000,47.10000,46.35000,46.96000,27200
2023-08-07,46.96000,47.91000,46.96000,47.34000,30800
2023-08-08,46.98000,47.19000,46.14000,47.19000,29500
2023-08-09,46.92000,47.45000,46.69000,47.17000,19500
2023-08-10,47.28000,47.28000,46.39000,46.61000,12000
2023-08-11,46.78000,46.87000,46.50000,46.59000,15000
2023-08-14,46.28000,46.69000,45.81000,46.03000,11400
2023-08-15,45.61000,45.64000,45.03000,45.29000,25500
2023-08-16,45.53000,45.62000,45.06000,45.07000,20400
2023-08-17,44.79000,45.51000,44.79000,45.18000,22000
2023-08-18,44.93000,45.56000,44.93000,45.14000,28900
2023-08-21,45.49000,45.50000,44.46000,44.61000,14900
2023-08-22,44.02000,44.15000,43.73000,43.74000,18900
2023-08-23,43.76000,44.23000,43.76000,44.14000,16800
2023-08-24,43.95000,44.85000,43.95000,44.52000,17500
2023-08-25,44.35000,44.35000,43.40000,43.40000,18200
2023-08-28,43.70000,44.11000,43.70000,44.05000,15700
2023-08-29,44.25000,44.70000,44.05000,44.20000,16000
2023-08-30,44.32000,44.89000,43.98000,44.55000,33800
2023-08-31,44.68000,44.79000,44.44000,44.44000,25500
2023-09-01,44.87000,45.19000,44.72000,44.89000,30500
2023-09-05,44.49000,44.77000,44.15000,44.58000,19300
2023-09-06,44.50000,44.67000,44.24000,44.30000,22200
2023-09-07,44.12000,44.12000,43.57000,43.94000,21500
2023-09-08,43.92000,44.46000,43.92000,44.22000,17600
2023-09-11,44.24000,44.28000,43.63000,43.82000,20800
2023-09-12,43.62000,44.07000,43.61000,43.73000,11800
2023-09-13,43.72000,44.00000,43.54000,43.65000,20600
2023-09-14,43.67000,43.96000,43.67000,43.83000,14400
2023-09-15,43.56000,44.16000,43.56000,44.16000,49600
2023-09-18,44.32000,44.32000,43.59000,43.67000,11900
2023-09-19,43.57000,43.59000,43.08000,43.14000,15400
2023-09-20,43.47000,43.71000,43.06000,43.06000,12900
2023-09-21,42.96000,43.73000,42.96000,43.48000,19600
2023-09-22,43.45000,43.69000,43.25000,43.38000,13500
2023-09-25,43.97000,44.05000,43.46000,43.57000,16400
2023-09-26,43.37000,43.94000,42.95000,42.99000,17500
2023-09-27,42.95000,43.43000,42.95000,43.14000,15400
2023-09-28,43.31000,44.25000,43.31000,43.85000,19100
2023-09-29,44.16000,44.38000,43.43000,44.05000,36700
2023-10-02,44.12000,44.12000,43.12000,43.32000,41600
2023-10-03,43.02000,43.60000,42.59000,42.77000,25400
2023-10-04,42.79000,43.36000,42.42000,43.11000,21700
2023-10-05,43.28000,44.34000,43.28000,44.28000,25900
2023-10-06,44.03000,44.70000,43.85000,44.49000,12100
2023-10-09,44.14000,44.89000,43.87000,44.67000,13100
2023-10-10,45.08000,45.08000,44.66000,44.72000,18900
2023-10-11,44.97000,45.29000,44.76000,45.09000,16700
2023-10-12,44.88000,45.17000,44.68000,45.01000,16100
2023-10-13,44.74000,44.74000,44.19000,44.27000,14300
2023-10-16,44.92000,44.92000,44.39000,44.59000,16300
2023-10-17,45.70000,45.95000,45.07000,45.55000,38900
2023-10-18,45.39000,45.68000,44.66000,44.67000,21700
2023-10-19,44.25000,45.40000,44.16000,44.35000,32000
2023-10-20,47.40000,47.99000,43.60000,43.60000,36100
2023-10-23,43.20000,44.43000,43.09000,43.17000,13500
2023-10-24,43.21000,43.21000,42.57000,42.88000,14300
2023-10-25,43.11000,43.48000,42.51000,43.04000,17200
2023-10-26,43.49000,44.11000,43.34000,43.96000,16000
2023-10-27,44.27000,44.27000,43.05000,43.30000,39800
2023-10-30,43.81000,44.00000,43.32000,43.59000,42100
2023-10-31,44.15000,44.23000,43.81000,44.19000,16200
2023-11-01,44.41000,44.88000,44.14000,44.77000,18100
2023-11-02,45.47000,46.31000,45.17000,46.22000,23100
2023-11-03,46.55000,47.84000,46.55000,47.03000,24000
2023-11-06,47.12000,47.12000,46.55000,46.63000,9500
2023-11-07,45.62000,46.56000,45.53000,46.28000,14800
2023-11-08,45.57000,45.91000,45.57000,45.91000,12900
2023-11-09,45.60000,45.63000,45.25000,45.45000,11100
2023-11-10,45.83000,46.15000,45.65000,45.88000,12000
2023-11-13,45.86000,46.21000,45.63000,45.81000,7800
2023-11-14,47.31000,48.36000,46.00000,48.12000,37800
2023-11-15,47.72000,48.54000,47.60000,47.72000,17700
2023-11-16,46.97000,47.62000,46.74000,47.03000,14800
2023-11-17,47.53000,47.88000,47.22000,47.44000,15200
2023-11-20,47.69000,47.91000,47.36000,47.67000,9300
2023-11-21,47.38000,47.66000,46.95000,46.95000,6100
2023-11-22,47.34000,47.80000,46.98000,47.20000,10100
2023-11-24,46.70000,47.46000,46.70000,47.46000,3600
2023-11-27,47.18000,47.80000,46.80000,47.30000,11600
2023-11-28,47.44000,47.75000,46.79000,46.82000,10100
2023-11-29,47.50000,47.66000,46.81000,47.58000,12600
2023-11-30,47.30000,47.81000,46.71000,46.95000,19900
2023-12-01,47.88000,48.79000,47.31000,48.13000,27200
2023-12-04,48.25000,49.70000,48.25000,49.70000,13900
2023-12-05,49.32000,50.07000,48.28000,48.40000,16800
2023-12-06,49.47000,49.47000,48.37000,48.37000,14000
2023-12-07,48.07000,49.39000,47.99000,49.39000,21500
2023-12-08,47.94000,49.79000,47.94000,49.61000,19200
2023-12-11,49.92000,50.15000,48.54000,49.72000,20400
2023-12-12,48.46000,50.41000,48.38000,49.18000,15900
2023-12-13,49.06000,52.41000,49.00000,52.41000,26700
2023-12-14,52.05000,53.97000,50.58000,53.20000,33400
2023-12-15,53.78000,53.78000,51.91000,52.92000,75300
2023-12-18,52.74000,53.51000,52.40000,53.21000,27400
2023-12-19,53.17000,54.24000,53.17000,53.85000,30500
2023-12-20,53.37000,57.54000,53.08000,54.75000,32100
2023-12-21,54.84000,55.68000,54.65000,55.21000,15400
2023-12-22,54.94000,55.98000,54.66000,55.77000,30200
2023-12-26,55.29000,57.00000,55.29000,56.44000,14000
2023-12-27,56.76000,57.05000,56.10000,56.77000,18300
2023-12-28,56.38000,56.90000,56.15000,56.49000,18300
2023-12-29,56.78000,56.78000,55.04000,55.16000,21000
2024-01-02,54.91000,55.71000,53.34000,54.97000,32100
2024-01-03,54.76000,54.77000,53.14000,53.21000,18500
2024-01-04,53.48000,53.91000,52.53000,52.91000,21200
2024-01-05,52.43000,53.27000,52.03000,52.34000,23700
2024-01-08,52.53000,52.53000,51.30000,52.03000,17900
2024-01-09,51.35000,51.69000,51.25000,51.38000,10600
2024-01-10,50.92000,51.79000,50.80000,51.52000,16700
2024-01-11,51.05000,51.18000,50.21000,51.13000,12600
2024-01-12,51.45000,51.68000,50.80000,51.41000,17800
2024-01-16,50.91000,50.91000,48.64000,49.25000,37100
2024-01-17,48.80000,50.07000,48.73000,49.89000,18100
2024-01-18,49.39000,50.54000,49.12000,50.40000,22500
2024-01-19,50.75000,51.31000,50.03000,50.72000,28700
2024-01-22,51.00000,51.81000,50.87000,51.70000,27800
2024-01-23,51.82000,51.82000,50.52000,50.85000,21000
2024-01-24,51.50000,51.79000,51.07000,51.79000,16200
2024-01-25,52.38000,53.32000,51.23000,53.32000,30900
2024-01-26,54.34000,54.34000,53.30000,54.07000,16400
2024-01-29,53.52000,54.65000,53.52000,54.31000,10100
2024-01-30,53.90000,54.49000,53.66000,54.32000,16400
2024-01-31,53.88000,53.90000,51.19000,51.19000,19800
2024-02-01,51.08000,52.00000,49.99000,51.29000,21400
2024-02-02,50.90000,51.21000,50.20000,50.55000,12400
2024-02-05,50.46000,50.50000,49.71000,50.05000,16300
2024-02-06,49.76000,49.80000,47.88000,48.90000,26500
2024-02-07,49.10000,49.10000,47.33000,47.89000,26300
2024-02-08,48.59000,49.05000,48.01000,48.95000,12700
2024-02-09,48.97000,50.12000,48.55000,49.76000,14800
2024-02-12,49.75000,52.25000,49.70000,51.31000,24800
2024-02-13,50.52000,50.52000,47.55000,48.07000,29700
2024-02-14,48.77000,50.00000,48.17000,49.99000,30200
2024-02-15,51.46000,52.33000,51.46000,52.26000,16300
2024-02-16,51.96000,52.02000,50.98000,51.25000,14000
2024-02-20,50.63000,51.83000,50.51000,50.51000,11400
2024-02-21,50.00000,50.58000,49.50000,49.94000,11100
2024-02-22,49.69000,50.27000,48.30000,49.27000,18700
2024-02-23,49.30000,49.59000,49.13000,49.26000,5200
2024-02-26,49.00000,49.56000,48.95000,49.24000,7800
2024-02-27,49.46000,49.70000,48.84000,48.84000,8200
2024-02-28,48.38000,48.69000,48.17000,48.46000,8100
2024-02-29,49.29000,49.29000,48.52000,49.26000,12200
2024-03-01,49.01000,49.30000,48.24000,48.50000,8900
2024-03-04,48.00000,48.27000,47.80000,47.93000,6600
2024-03-05,48.81000,49.79000,48.81000,49.36000,10500
2024-03-06,49.22000,49.60000,49.10000,49.30000,24300
2024-03-07,49.90000,49.90000,48.78000,49.24000,8000
2024-03-08,49.76000,50.37000,48.86000,50.20000,11400
2024-03-11,49.98000,49.98000,49.98000,49.98000,4300
2024-03-12,49.99000,49.99000,49.03000,49.58000,6700
2024-03-13,49.24000,49.29000,48.82000,48.89000,8000
2024-03-14,48.34000,48.34000,47.18000,47.98000,12900
2024-03-15,47.09000,48.83000,47.09000,48.83000,53700
2024-03-18,48.84000,48.84000,46.83000,46.83000,17300
2024-03-19,46.55000,47.72000,46.55000,47.53000,16800
2024-03-20,47.60000,49.88000,47.11000,49.70000,19500
2024-03-21,49.73000,50.56000,49.73000,50.56000,13400
2024-03-22,49.65000,49.75000,49.16000,49.50000,12600
2024-03-25,49.27000,49.52000,49.13000,49.13000,5000
2024-03-26,49.16000,49.43000,48.40000,48.53000,14300
2024-03-27,48.52000,50.56000,48.52000,50.56000,12400
2024-03-28,50.31000,51.16000,49.28000,51.00000,13400
2024-04-01,51.50000,51.50000,48.89000,49.12000,15500
2024-04-02,48.44000,49.42000,47.08000,49.37000,42500
2024-04-03,48.85000,50.16000,48.85000,49.27000,12900
2024-04-04,49.59000,50.96000,49.59000,50.07000,16700
2024-04-05,50.45000,50.45000,49.66000,50.37000,8400
2024-04-08,50.40000,50.54000,49.77000,49.79000,10300
2024-04-09,49.35000,50.06000,49.35000,49.86000,7600
2024-04-10,49.01000,49.01000,46.81000,48.71000,21800
2024-04-11,48.60000,48.65000,48.00000,48.65000,16700
2024-04-12,48.57000,48.69000,47.93000,48.05000,13600
2024-04-15,47.68000,48.00000,47.32000,47.80000,7200
2024-04-16,47.00000,47.96000,47.00000,47.01000,7000
2024-04-17,47.05000,48.36000,47.04000,47.31000,12400
2024-04-18,47.57000,48.48000,46.83000,47.30000,26300
2024-04-19,47.20000,50.27000,47.20000,49.88000,22600
2024-04-22,49.65000,50.64000,49.00000,49.09000,22700
2024-04-23,50.08000,50.40000,49.78000,49.97000,16000
2024-04-24,49.22000,49.83000,48.50000,49.83000,22300
2024-04-25,48.10000,50.13000,48.10000,50.05000,19400
2024-04-26,49.51000,50.50000,49.51000,50.50000,18200
2024-04-29,50.50000,51.66000,50.50000,51.25000,24100
2024-04-30,51.25000,51.29000,50.18000,50.72000,19100
2024-05-01,51.00000,51.60000,49.51000,51.57000,17600
2024-05-02,51.55000,51.90000,51.20000,51.85000,21400
2024-05-03,52.00000,53.03000,51.84000,52.63000,17600
2024-05-06,53.03000,53.88000,52.90000,53.82000,30600
2024-05-07,53.94000,54.48000,53.34000,53.40000,15100
2024-05-08,52.95000,53.97000,52.85000,53.82000,10600
2024-05-09,54.26000,54.57000,53.78000,54.57000,11500
2024-05-10,54.32000,54.32000,52.94000,53.94000,16400
2024-05-13,53.79000,53.99000,53.14000,53.14000,16100
2024-05-14,53.70000,54.47000,53.15000,53.82000,15300
2024-05-15,54.15000,54.53000,53.78000,54.24000,19700
2024-05-16,54.48000,54.48000,53.88000,54.30000,11700
2024-05-17,54.30000,54.88000,54.17000,54.50000,10600
2024-05-20,54.26000,54.48000,53.35000,53.40000,16700
2024-05-21,53.21000,53.65000,52.81000,53.63000,16500
2024-05-22,53.25000,53.94000,53.00000,53.75000,25800
2024-05-23,53.71000,53.71000,51.38000,51.95000,26300
2024-05-24,52.19000,52.71000,51.14000,52.41000,19000
2024-05-28,51.77000,51.90000,51.34000,51.76000,13000
2024-05-29,50.94000,50.94000,49.33000,50.03000,16600
2024-05-30,50.26000,50.69000,49.63000,50.46000,25300
2024-05-31,50.54000,51.86000,50.30000,51.79000,33800
2024-06-03,52.16000,52.16000,50.56000,50.80000,9900
2024-06-04,50.21000,50.21000,49.25000,49.60000,12300
2024-06-05,50.06000,50.79000,49.88000,50.62000,11700
2024-06-06,50.20000,51.01000,50.00000,50.62000,9800
2024-06-07,50.51000,50.59000,50.47000,50.47000,5900
2024-06-10,49.83000,50.15000,48.94000,49.82000,9600
2024-06-11,49.16000,49.54000,48.94000,49.50000,9200
2024-06-12,50.77000,51.51000,49.86000,51.00000,11900
2024-06-13,51.00000,51.23000,50.17000,50.83000,21400
2024-06-14,50.70000,50.70000,49.69000,50.03000,9500
2024-06-17,50.10000,50.81000,50.04000,50.68000,6600
2024-06-18,50.88000,51.56000,50.80000,51.40000,9500
2024-06-20,51.00000,51.90000,51.00000,51.30000,8000
2024-06-21,51.02000,51.02000,48.67000,48.71000,72200
2024-06-24,48.98000,50.34000,48.86000,49.68000,21100
2024-06-25,49.40000,49.40000,49.03000,49.03000,6400
2024-06-26,48.85000,51.02000,48.85000,50.65000,14300
2024-06-27,50.49000,50.97000,50.24000,50.97000,16900
2024-06-28,50.62000,54.44000,48.90000,53.61000,91500
2024-07-01,53.39000,53.39000,52.38000,52.90000,21200
2024-07-02,53.21000,53.36000,52.75000,53.20000,17300
2024-07-03,52.49000,53.25000,52.49000,52.75000,8100
2024-07-05,52.51000,52.77000,50.80000,51.45000,8100
2024-07-08,51.90000,52.23000,51.63000,51.87000,9100
2024-07-09,51.85000,52.42000,51.71000,52.10000,9300
2024-07-10,52.12000,53.14000,52.10000,53.14000,8900
2024-07-11,54.20000,56.48000,54.20000,56.38000,25600
2024-07-12,56.83000,57.55000,56.66000,57.12000,15800
2024-07-15,57.86000,60.20000,57.73000,58.48000,31200
2024-07-16,58.70000,62.09000,58.48000,61.73000,29400
2024-07-17,61.30000,63.49000,60.14000,63.13000,27800
2024-07-18,62.47000,64.19000,61.98000,62.10000,30100
2024-07-19,63.76000,64.35000,61.10000,61.50000,26200
2024-07-22,61.76000,64.46000,60.70000,64.11000,21200
2024-07-23,63.39000,67.57000,63.39000,66.77000,26500
2024-07-24,66.84000,66.84000,63.50000,63.81000,39000
2024-07-25,64.11000,69.00000,64.10000,67.68000,26600
2024-07-26,68.21000,68.83000,66.34000,67.68000,18100
2024-07-29,67.24000,67.24000,64.28000,64.74000,14500
2024-07-30,64.74000,66.50000,64.74000,66.35000,16600
2024-07-31,66.06000,68.19000,65.62000,65.62000,23300
2024-08-01,64.31000,64.31000,62.42000,62.97000,22500
2024-08-02,60.26000,61.10000,59.73000,60.65000,16300
2024-08-05,58.10000,58.91000,57.43000,58.36000,17700
2024-08-06,58.06000,58.92000,57.54000,57.90000,11100
2024-08-07,58.79000,58.79000,57.19000,57.38000,10600
2024-08-08,57.98000,58.00000,57.08000,57.95000,8500
2024-08-09,57.04000,58.09000,57.00000,57.79000,10000
2024-08-12,54.88000,57.36000,54.88000,56.40000,14700
2024-08-13,56.40000,58.02000,56.40000,57.43000,11400
2024-08-14,57.42000,57.42000,56.49000,56.94000,10800
2024-08-15,58.61000,60.11000,58.22000,58.47000,14000
2024-08-16,58.50000,59.79000,58.50000,59.79000,12000
2024-08-19,59.35000,60.25000,59.09000,60.04000,7100
2024-08-20,58.92000,58.95000,58.86000,58.86000,6700
2024-08-21,58.48000,59.10000,58.48000,58.69000,6500
2024-08-22,59.06000,60.52000,58.52000,60.12000,26300
2024-08-23,60.94000,65.62000,60.94000,64.55000,16200
2024-08-26,64.88000,65.13000,63.34000,64.19000,20900
2024-08-27,63.76000,64.19000,63.38000,63.38000,7200
2024-08-28,63.64000,64.29000,63.00000,63.89000,15500
2024-08-29,64.85000,64.85000,64.04000,64.50000,10300
2024-08-30,63.72000,64.08000,62.62000,63.90000,17000
2024-09-03,63.75000,63.99000,62.44000,63.05000,10000
2024-09-04,61.95000,62.20000,61.50000,62.20000,7400
2024-09-05,62.50000,62.52000,60.94000,61.81000,8600
2024-09-06,62.16000,62.16000,60.74000,60.85000,13300
2024-09-09,62.74000,62.74000,61.58000,61.58000,14000
2024-09-10,61.25000,62.66000,60.99000,62.42000,12700
2024-09-11,60.86000,62.65000,60.84000,62.40000,11200
2024-09-12,62.50000,63.49000,61.43000,62.66000,35900
2024-09-13,63.30000,65.20000,62.71000,64.68000,11100
2024-09-16,64.73000,66.47000,64.73000,65.30000,24200
2024-09-17,65.79000,67.25000,64.90000,65.76000,22400
2024-09-18,65.29000,68.08000,65.04000,66.78000,22200
2024-09-19,68.17000,68.36000,66.65000,68.36000,14100
2024-09-20,67.06000,67.40000,65.18000,65.32000,85200
2024-09-23,65.43000,65.43000,64.61000,65.09000,14400
2024-09-24,64.63000,65.11000,63.75000,63.82000,14000
2024-09-25,63.66000,64.16000,63.10000,63.82000,13700
2024-09-26,64.53000,65.09000,63.65000,64.16000,15200
2024-09-27,65.06000,65.15000,64.13000,64.25000,15400
2024-09-30,63.92000,65.66000,63.92000,65.30000,25200
2024-10-01,64.85000,64.85000,62.20000,62.39000,23800
2024-10-02,61.57000,62.66000,61.57000,62.25000,13700
2024-10-03,61.60000,62.20000,61.19000,61.27000,11700
2024-10-04,62.25000,63.07000,62.00000,62.87000,12900
2024-10-07,62.97000,63.13000,62.28000,63.13000,14800
2024-10-08,63.97000,63.98000,62.31000,62.73000,10300
2024-10-09,63.61000,64.39000,63.05000,63.34000,9900
2024-10-10,62.56000,63.53000,62.14000,63.12000,12800
2024-10-11,65.19000,65.63000,64.99000,65.62000,7800
2024-10-14,65.51000,65.88000,65.12000,65.20000,8500
2024-10-15,65.69000,67.21000,65.27000,65.60000,19600
2024-10-16,66.66000,67.56000,66.66000,67.20000,11600
2024-10-17,67.48000,68.19000,66.80000,67.75000,19600
2024-10-18,68.64000,70.00000,68.47000,69.10000,26300
2024-10-21,69.50000,69.67000,66.94000,66.94000,18100
2024-10-22,65.46000,67.96000,65.46000,67.96000,11800
2024-10-23,67.22000,68.35000,67.06000,68.07000,17800
2024-10-24,67.86000,68.66000,67.25000,68.18000,13400
2024-10-25,68.24000,68.24000,66.94000,67.03000,13800
2024-10-28,68.29000,70.61000,68.27000,69.57000,18100
2024-10-29,68.77000,69.24000,68.75000,68.76000,9500
2024-10-30,69.93000,70.03000,68.89000,68.89000,10300
2024-10-31,69.34000,69.34000,67.48000,67.50000,12000
2024-11-01,67.72000,67.72000,66.65000,67.49000,13300
2024-11-04,67.59000,67.59000,65.83000,66.03000,31100
2024-11-05,65.96000,68.12000,64.89000,68.12000,16600
2024-11-06,72.00000,79.75000,72.00000,77.65000,56100
2024-11-07,77.63000,77.63000,74.08000,74.14000,23300
2024-11-08,74.52000,76.47000,74.48000,76.24000,17000
2024-11-11,78.28000,78.96000,77.85000,78.11000,28000
2024-11-12,75.58000,78.79000,75.58000,78.12000,29600
2024-11-13,79.06000,79.53000,76.34000,76.43000,19300
2024-11-14,75.76000,77.00000,75.32000,76.65000,20000
2024-11-15,77.34000,77.34000,75.49000,76.21000,12900
2024-11-18,76.08000,76.22000,74.73000,74.85000,17500
2024-11-19,74.15000,75.29000,73.89000,75.29000,12200
2024-11-20,74.36000,74.88000,73.44000,74.84000,11000
2024-11-21,75.86000,76.49000,75.32000,76.01000,15000
2024-11-22,76.02000,77.62000,76.02000,77.62000,13400
2024-11-25,78.99000,80.68000,77.83000,77.83000,26400
2024-11-26,77.73000,77.73000,76.11000,77.07000,11800
2024-11-27,78.22000,78.33000,76.81000,77.36000,10500
2024-11-29,77.34000,77.34000,76.01000,76.28000,13900
2024-12-02,76.60000,77.43000,75.00000,76.85000,17900
2024-12-03,76.92000,76.92000,75.40000,75.68000,12600
2024-12-04,75.69000,76.40000,75.09000,76.03000,19800
2024-12-05,76.14000,76.67000,75.77000,76.42000,16400
2024-12-06,77.04000,77.04000,75.34000,75.94000,15600
2024-12-09,76.29000,76.29000,74.54000,74.54000,15000
2024-12-10,76.38000,77.27000,75.14000,75.54000,40400
2024-12-11,76.70000,77.60000,75.94000,76.97000,19900
2024-12-12,75.91000,77.32000,74.93000,76.33000,22300
2024-12-13,75.48000,76.82000,75.39000,76.82000,10900
2024-12-16,77.34000,77.34000,76.39000,76.69000,13400
2024-12-17,75.92000,77.48000,74.42000,75.09000,18000
2024-12-18,76.06000,76.06000,70.50000,70.50000,18400
2024-12-19,71.69000,72.24000,70.57000,70.83000,24600
2024-12-20,69.31000,72.90000,69.31000,71.71000,68400
2024-12-23,71.16000,71.52000,70.42000,70.86000,10600
2024-12-24,71.26000,71.59000,70.25000,71.59000,7200
2024-12-26,71.06000,71.93000,71.02000,71.93000,10100
2024-12-27,71.94000,73.39000,69.06000,70.68000,17400
2024-12-30,70.54000,70.86000,69.83000,70.12000,12500
2024-12-31,70.44000,71.87000,69.86000,69.87000,14000
2025-01-02,71.80000,71.80000,68.09000,68.99000,14200
2025-01-03,69.02000,69.09000,67.54000,69.07000,15700
2025-01-06,68.92000,68.92000,67.13000,67.59000,31400
2025-01-07,67.05000,67.20000,65.76000,66.89000,20200
2025-01-08,65.95000,67.26000,65.95000,66.65000,18500
2025-01-10,65.83000,65.83000,63.13000,64.80000,19000
2025-01-13,63.91000,65.74000,63.33000,65.11000,19500
2025-01-14,65.57000,67.34000,65.39000,67.00000,18600
2025-01-15,68.50000,69.33000,67.61000,68.02000,25200
2025-01-16,67.27000,67.49000,66.67000,67.49000,16400
2025-01-17,68.23000,69.62000,67.42000,68.43000,31000
2025-01-21,68.96000,70.02000,68.96000,69.14000,23400
2025-01-22,68.83000,69.76000,67.67000,67.91000,24900
2025-01-23,68.10000,68.94000,67.50000,68.65000,28900
2025-01-24,67.36000,67.69000,65.12000,66.99000,20000
2025-01-27,66.32000,68.60000,66.07000,66.73000,33400
2025-01-28,66.95000,66.96000,65.61000,66.86000,19300
2025-01-29,66.04000,67.45000,65.13000,66.80000,37300
2025-01-30,66.32000,67.30000,64.63000,65.47000,30100
2025-01-31,65.84000,66.09000,64.78000,65.45000,30400
2025-02-03,64.30000,65.08000,63.53000,64.09000,23900
2025-02-04,63.82000,66.81000,63.81000,66.42000,24000
2025-02-05,64.78000,66.81000,64.74000,66.79000,19700
2025-02-06,66.50000,67.90000,66.45000,67.80000,14700
2025-02-07,67.20000,67.22000,66.02000,66.68000,19400
2025-02-10,66.21000,67.28000,66.21000,66.58000,16500
2025-02-11,66.09000,68.24000,66.09000,68.07000,17500
2025-02-12,67.01000,67.49000,65.35000,65.79000,44200
2025-02-13,65.65000,67.11000,65.65000,66.97000,28900
2025-02-14,67.46000,68.30000,66.79000,66.79000,12200
2025-02-18,66.80000,67.92000,66.80000,67.45000,19100
2025-02-19,67.02000,67.76000,66.86000,67.65000,14000
2025-02-20,66.69000,67.33000,66.10000,66.63000,14300
2025-02-21,67.40000,67.40000,65.49000,65.66000,16000
2025-02-24,65.94000,66.52000,65.05000,65.18000,22500
2025-02-25,65.40000,67.43000,65.14000,66.62000,31300
2025-02-26,66.63000,67.17000,65.99000,66.90000,23400
2025-02-27,67.25000,67.73000,65.95000,67.46000,15000
2025-02-28,67.70000,68.15000,67.18000,67.83000,20700
2025-03-03,67.75000,68.63000,67.04000,68.28000,23800
2025-03-04,67.54000,68.23000,65.54000,65.54000,21000
2025-03-05,65.11000,67.06000,64.76000,65.47000,39600
2025-03-06,65.10000,66.58000,64.77000,65.78000,19900
2025-03-07,65.73000,66.83000,64.93000,66.31000,16900
2025-03-10,65.44000,65.98000,64.58000,64.77000,27800
2025-03-11,65.33000,65.33000,63.86000,64.22000,20400
2025-03-12,64.28000,64.47000,63.09000,64.15000,35200
2025-03-13,63.94000,65.06000,63.01000,63.57000,15600
2025-03-14,63.62000,65.16000,63.62000,64.81000,14600
2025-03-17,64.53000,65.08000,64.13000,65.08000,17600
2025-03-18,64.41000,65.14000,64.19000,64.60000,21900
2025-03-19,65.43000,66.95000,64.65000,65.79000,46400
2025-03-20,64.99000,65.84000,64.81000,64.90000,32300
2025-03-21,63.66000,64.47000,63.27000,63.87000,64300
2025-03-24,64.88000,65.93000,64.88000,65.63000,17300
2025-03-25,66.33000,66.33000,64.48000,64.48000,25500
2025-03-26,65.02000,65.35000,64.26000,65.10000,18300
2025-03-27,65.25000,66.15000,65.19000,66.15000,23300
2025-03-28,65.67000,65.67000,64.14000,64.45000,16200
2025-03-31,64.12000,65.01000,63.40000,63.82000,55500
2025-04-01,63.67000,64.27000,63.26000,63.75000,23600
2025-04-02,62.95000,64.18000,62.72000,64.18000,27600
2025-04-03,62.07000,62.46000,60.08000,60.50000,48300
2025-04-04,58.19000,61.26000,58.07000,60.91000,51600
2025-04-07,58.00000,63.69000,56.79000,60.52000,131700
2025-04-08,61.14000,63.00000,59.39000,60.75000,50500
2025-04-09,57.33000,65.23000,57.33000,62.93000,46600
2025-04-10,61.47000,61.54000,58.75000,60.57000,29500
2025-04-11,59.86000,60.80000,59.40000,60.66000,16600
2025-04-14,60.72000,60.99000,59.08000,60.53000,31400
2025-04-15,60.26000,63.70000,60.26000,62.97000,38800
2025-04-16,62.40000,62.86000,61.62000,62.55000,20100
2025-04-17,62.61000,64.92000,62.38000,64.09000,37400
2025-04-21,63.73000,69.33000,62.52000,63.77000,33300
2025-04-22,67.05000,67.05000,64.50000,66.14000,26000
2025-04-23,67.76000,67.76000,66.07000,66.82000,20600
2025-04-24,68.33000,68.33000,66.85000,67.63000,27600
2025-04-25,67.16000,67.60000,65.95000,67.01000,28700
2025-04-28,66.80000,68.41000,66.70000,68.02000,28900
2025-04-29,67.42000,68.83000,67.42000,68.64000,26400
2025-04-30,67.95000,68.46000,66.88000,67.85000,29500
2025-05-01,67.84000,69.08000,67.16000,69.00000,18600
2025-05-02,69.34000,70.47000,69.22000,69.97000,19500
2025-05-05,69.03000,71.14000,69.03000,70.31000,25300
2025-05-06,69.47000,71.28000,69.47000,70.62000,23900
2025-05-07,71.02000,71.45000,70.26000,70.89000,29700
2025-05-08,71.00000,72.31000,71.00000,71.50000,23200
2025-05-09,71.23000,71.80000,71.23000,71.50000,12000
2025-05-12,73.90000,74.47000,72.74000,73.07000,40200
2025-05-13,73.70000,73.94000,72.66000,73.19000,23600
2025-05-14,72.78000,74.39000,72.53000,73.89000,39200
2025-05-15,73.83000,74.42000,73.73000,74.04000,21700
2025-05-16,73.48000,74.20000,72.85000,73.34000,26800
2025-05-19,72.28000,73.62000,72.28000,73.50000,24200
2025-05-20,73.50000,74.06000,72.63000,73.50000,25200
2025-05-21,72.68000,73.27000,71.05000,71.70000,35900
2025-05-22,71.00000,71.72000,70.41000,70.42000,32600
2025-05-23,69.08000,71.03000,69.08000,69.87000,17000
2025-05-27,70.17000,70.81000,69.91000,70.31000,22500
2025-05-28,69.84000,69.84000,68.83000,69.16000,17600
2025-05-29,69.13000,69.63000,68.96000,69.51000,19300
2025-05-30,69.47000,69.47000,68.38000,68.54000,27600
2025-06-02,67.73000,69.16000,67.00000,68.63000,36200
2025-06-03,68.75000,69.69000,68.17000,69.43000,15800
2025-06-04,69.53000,69.53000,68.07000,68.43000,19100
2025-06-05,68.49000,69.47000,67.76000,68.15000,24200
2025-06-06,69.21000,70.49000,68.73000,70.39000,36500
2025-06-09,70.12000,71.03000,69.50000,69.64000,46700
2025-06-10,69.54000,71.78000,69.54000,71.21000,52400
2025-06-11,71.54000,72.19000,69.85000,70.66000,56200
2025-06-12,69.80000,69.80000,68.80000,69.67000,63600
2025-06-13,68.69000,69.30000,68.04000,68.19000,101300
2025-06-16,68.50000,69.44000,67.39000,67.84000,69800
2025-06-17,67.47000,69.27000,67.47000,68.54000,90500
2025-06-18,68.41000,69.65000,68.06000,68.57000,136000
2025-06-20,68.66000,69.00000,67.66000,68.64000,93200
2025-06-23,68.16000,70.93000,68.16000,70.81000,128900
2025-06-24,71.04000,72.49000,69.73000,71.51000,152600
2025-06-25,71.61000,71.94000,70.67000,71.20000,171100
2025-06-26,71.10000,73.07000,70.90000,72.97000,217400
2025-06-27,72.89000,73.65000,72.02000,72.83000,241500
2025-06-30,73.41000,73.70000,72.39000,73.11000,95300
2025-07-01,72.90000,75.82000,72.40000,75.48000,65000
2025-07-02,75.50000,76.49000,74.72000,76.13000,90300
2025-07-03,76.19000,77.83000,76.19000,77.63000,39800
2025-07-07,77.26000,78.02000,75.51000,75.52000,65100
2025-07-08,75.55000,76.61000,75.46000,75.55000,60800
2025-07-09,75.39000,75.93000,75.04000,75.53000,52100
2025-07-10,75.09000,76.61000,75.09000,75.32000,39600
2025-07-11,75.22000,75.58000,74.04000,74.17000,89500
2025-07-14,74.01000,75.60000,74.00000,75.26000,44000
2025-07-15,75.40000,75.40000,72.84000,72.86000,41800
2025-07-16,73.38000,74.60000,73.01000,74.26000,49400
2025-07-17,73.88000,76.04000,73.88000,75.63000,50000
2025-07-18,77.42000,77.94000,74.88000,75.68000,56000
2025-07-21,76.16000,76.60000,74.75000,74.98000,37400
2025-07-22,74.67000,75.58000,74.03000,74.07000,37300
2025-07-23,74.83000,74.83000,73.35000,74.40000,36100
2025-07-24,73.60000,73.86000,72.52000,72.64000,30600
2025-07-25,72.44000,72.87000,71.07000,72.11000,26400
2025-07-28,72.15000,72.60000,70.82000,71.70000,29100
2025-07-29,72.23000,72.50000,70.74000,70.74000,25000
2025-07-30,70.53000,72.09000,69.91000,70.21000,30100
2025-07-31,69.51000,69.51000,68.63000,68.86000,28300
2025-08-01,68.41000,68.41000,66.82000,67.50000,36300
2025-08-04,67.99000,69.05000,67.65000,68.63000,29700
2025-08-05,68.58000,68.85000,67.85000,68.64000,24300
2025-08-06,68.44000,68.68000,68.06000,68.40000,16100
2025-08-07,68.25000,68.39000,67.75000,67.80000,19000
2025-08-08,68.21000,68.68000,67.77000,68.57000,23400
2025-08-11,69.01000,69.01000,67.91000,68.77000,29600
2025-08-12,69.33000,71.58000,69.33000,71.36000,30500
2025-08-13,71.78000,73.09000,71.78000,73.09000,29500
2025-08-14,72.32000,73.19000,71.57000,72.56000,24600
2025-08-15,72.82000,72.82000,70.97000,71.54000,32900
2025-08-18,71.58000,72.42000,71.56000,72.17000,16800
2025-08-19,72.01000,72.48000,71.86000,72.30000,19200
2025-08-20,72.27000,72.94000,71.55000,72.54000,22200
2025-08-21,72.36000,72.94000,72.05000,72.58000,15400
2025-08-22,73.93000,77.00000,73.93000,76.23000,43200
2025-08-25,75.69000,76.42000,75.55000,75.94000,19900
2025-08-26,75.18000,77.34000,74.39000,76.86000,26000
2025-08-27,76.85000,77.21000,76.53000,77.02000,22200
2025-08-28,76.82000,76.99000,76.23000,76.98000,17400
2025-08-29,76.98000,77.23000,76.08000,76.74000,18400
2025-09-02,75.87000,76.71000,75.41000,76.48000,14400
2025-09-03,76.28000,77.01000,75.50000,75.99000,20300
2025-09-04,76.59000,77.90000,76.30000,77.77000,17700
2025-09-05,78.00000,78.25000,76.43000,76.83000,18100
2025-09-08,77.19000,77.19000,76.46000,77.06000,17000
2025-09-09,76.61000,77.29000,75.72000,75.96000,15400
2025-09-10,75.37000,76.60000,75.37000,76.47000,15800
2025-09-11,75.98000,77.23000,75.98000,77.07000,24200
2025-09-12,75.94000,76.51000,75.60000,75.85000,17600
2025-09-15,76.18000,76.71000,75.42000,75.50000,20200
2025-09-16,75.46000,76.86000,73.98000,74.73000,17500
2025-09-17,75.15000,77.48000,74.88000,75.09000,23000
2025-09-18,75.52000,77.49000,75.52000,77.31000,22300
2025-09-19,76.75000,76.83000,74.58000,74.79000,83900
2025-09-22,74.63000,74.65000,73.79000,74.23000,21800
2025-09-23,74.90000,75.34000,73.96000,74.29000,24400
2025-09-24,74.12000,74.44000,73.29000,73.63000,22300
2025-09-25,73.92000,73.92000,73.02000,73.41000,17000
2025-09-26,73.80000,74.01000,73.11000,73.83000,14300
2025-09-29,73.64000,73.64000,72.16000,72.26000,28500
2025-09-30,72.30000,73.38000,71.12000,72.25000,37100
2025-10-01,71.55000,72.72000,70.98000,71.35000,20300
2025-10-02,71.26000,71.26000,70.00000,70.85000,19600
2025-10-03,70.77000,72.05000,70.77000,71.75000,26200
2025-10-06,71.16000,72.68000,71.16000,72.28000,21500
2025-10-07,72.18000,72.18000,70.65000,70.74000,54200
2025-10-08,70.80000,71.31000,70.80000,71.03000,16200
2025-10-09,71.03000,71.03000,70.12000,70.70000,18100
2025-10-10,70.85000,71.10000,68.70000,68.72000,22200
2025-10-13,69.47000,70.11000,68.75000,70.09000,20900
2025-10-14,69.98000,72.04000,69.98000,71.52000,28700
2025-10-15,71.73000,71.85000,70.25000,71.46000,28800
2025-10-16,71.46000,71.46000,68.17000,68.42000,32600
2025-10-17,69.71000,72.47000,69.71000,70.99000,41100
2025-10-20,71.70000,71.70000,69.59000,69.96000,25400
2025-10-21,69.79000,71.10000,68.28000,68.28000,25000
2025-10-22,68.65000,70.56000,68.65000,69.98000,27300
2025-10-23,69.74000,69.74000,68.95000,69.08000,19200
2025-10-24,69.54000,69.89000,69.28000,69.70000,10700
2025-10-27,69.80000,69.80000,68.25000,68.25000,23900
2025-10-28,68.21000,68.85000,67.56000,67.86000,21800
2025-10-29,67.65000,68.25000,65.38000,66.21000,31500
2025-10-30,65.64000,67.32000,65.64000,66.38000,14900
2025-10-31,65.91000,66.39000,64.52000,65.90000,18200
2025-11-03,66.17000,66.17000,65.07000,65.45000,17200
2025-11-04,65.01000,65.98000,64.98000,65.31000,21700
2025-11-05,64.36000,67.19000,64.36000,66.41000,20600
2025-11-06,65.74000,66.19000,65.56000,65.56000,12000
2025-11-07,65.56000,66.40000,65.39000,65.67000,15100
2025-11-10,65.00000,66.28000,65.00000,65.54000,17500
2025-11-11,66.32000,67.42000,66.02000,66.89000,23000
2025-11-12,66.28000,66.85000,66.28000,66.67000,13400
2025-11-13,66.47000,67.20000,66.05000,66.94000,19200
2025-11-14,66.99000,67.91000,65.56000,66.94000,19000
2025-11-17,66.54000,67.26000,64.68000,64.96000,17700
2025-11-18,65.13000,65.85000,63.97000,65.11000,16500
2025-11-19,65.68000,66.15000,64.85000,65.78000,20800
2025-11-20,66.71000,66.92000,64.94000,65.68000,17400
2025-11-21,65.56000,68.81000,65.56000,67.83000,26400
2025-11-24,67.40000,67.76000,66.53000,67.20000,19600
2025-11-25,67.28000,69.80000,67.28000,69.03000,19100
2025-11-26,68.51000,69.64000,68.25000,69.04000,21800
2025-11-28,68.11000,69.02000,67.65000,69.01000,11700
2025-12-01,67.44000,69.26000,67.44000,68.96000,13100
2025-12-02,68.90000,69.26000,68.21000,68.21000,11600
2025-12-03,68.72000,70.62000,68.72000,70.42000,18700
2025-12-04,69.84000,70.16000,68.59000,68.95000,24300
2025-12-05,71.29000,71.29000,68.31000,69.07000,17800
2025-12-08,68.81000,70.37000,68.57000,68.92000,26200
2025-12-09,69.51000,70.23000,69.24000,69.92000,16800
2025-12-10,70.90000,73.16000,70.60000,73.07000,49100
2025-12-11,73.26000,74.26000,72.61000,73.91000,42500
2025-12-12,73.21000,74.54000,72.42000,74.28000,35100
2025-12-15,71.67000,75.16000,71.67000,74.29000,34500
2025-12-16,74.29000,75.78000,73.76000,73.83000,31100
2025-12-17,73.65000,74.71000,73.24000,74.31000,24800
2025-12-18,74.32000,75.24000,73.99000,74.85000,24800
2025-12-19,73.86000,74.86000,71.89000,72.35000,50200
2025-12-22,72.90000,73.31000,71.20000,71.62000,35700
2025-12-23,70.96000,71.80000,70.19000,70.21000,22300
2025-12-24,70.24000,71.18000,70.24000,70.31000,19900
2025-12-26,70.36000,70.41000,69.55000,70.03000,17300
2025-12-29,69.80000,70.40000,68.29000,69.93000,18700
2025-12-30,70.28000,70.52000,69.01000,69.11000,23100
2025-12-31,70.33000,70.33000,68.34000,68.99000,27700
2026-01-02,69.07000,69.36000,67.31000,68.01000,28900
2026-01-05,68.70000,70.00000,68.33000,68.64000,42000
2026-01-06,68.08000,68.89000,67.13000,68.59000,42100
2026-01-07,68.40000,68.94000,67.07000,67.98000,49500
2026-01-08,67.61000,70.46000,67.61000,70.01000,67800
2026-01-09,69.99000,70.73000,69.50000,69.95000,30800
2026-01-12,69.51000,69.68000,68.88000,69.26000,24900
2026-01-13,69.29000,70.16000,69.29000,69.65000,15500
2026-01-14,69.86000,71.02000,69.54000,70.98000,36400
2026-01-15,71.10000,73.50000,70.90000,72.96000,62400
2026-01-16,72.63000,73.87000,71.28000,72.43000,28700
2026-01-20,71.58000,72.17000,71.19000,71.36000,25100
2026-01-21,72.02000,74.93000,71.70000,74.92000,40800
2026-01-22,75.15000,76.10000,74.68000,75.06000,30200
2026-01-23,74.22000,75.16000,71.54000,71.63000,23300
2026-01-26,71.31000,72.36000,70.95000,71.43000,36300
2026-01-27,71.55000,72.27000,70.70000,70.82000,41100
2026-01-28,70.31000,70.55000,69.82000,70.26000,26000
2026-01-29,70.37000,71.45000,70.32000,71.40000,26000
2026-01-30,70.66000,73.19000,70.23000,72.61000,42800
2026-02-02,73.02000,74.89000,73.01000,73.42000,36000
2026-02-03,73.24000,74.18000,72.73000,73.27000,24800
2026-02-04,73.89000,75.47000,73.89000,74.17000,27600
2026-02-05,73.54000,75.86000,73.54000,74.41000,47000
2026-02-06,75.31000,75.69000,73.90000,74.15000,40900
2026-02-09,73.80000,75.45000,73.14000,73.20000,24300
2026-02-10,73.27000,73.60000,72.20000,72.48000,25200
2026-02-11,73.02000,73.54000,71.85000,72.18000,40800
2026-02-12,72.61000,72.75000,70.74000,72.26000,40400
2026-02-13,72.02000,72.96000,71.74000,72.30000,28000
2026-02-17,72.87000,73.93000,72.74000,72.88000,31500
2026-02-18,73.38000,73.38000,71.53000,71.95000,26300
2026-02-19,71.44000,71.89000,70.71000,71.67000,40300
2026-02-20,71.76000,72.04000,69.54000,71.88000,23700
2026-02-23,71.11000,71.53000,68.86000,69.45000,121900
2026-02-24,69.45000,72.10000,68.40000,69.14000,39600
2026-02-25,69.45000,71.14000,68.84000,70.95000,38000
2026-02-26,71.04000,71.75000,69.99000,71.20000,53200
2026-02-27,70.33000,70.33000,68.63000,69.00000,59900
2026-03-02,68.15000,70.37000,67.75000,69.80000,44700
2026-03-03,68.83000,71.66000,68.40000,69.72000,39600
2026-03-04,70.20000,71.88000,69.25000,70.54000,46000
2026-03-05,69.77000,70.06000,68.23000,68.64000,64700
2026-03-06,68.00000,68.87000,66.56000,68.87000,67200
2026-03-09,67.83000,68.72000,66.50000,68.42000,48700
2026-03-10,67.90000,69.48000,67.72000,68.66000,57000
2026-03-11,68.49000,68.70000,67.34000,68.01000,81500
2026-03-12,67.24000,68.93000,66.76000,68.80000,89300
2026-03-13,69.04000,69.37000,67.24000,68.52000,45200
2026-03-16,68.86000,69.99000,68.43000,69.37000,46800
2026-03-17,69.89000,70.05000,68.49000,68.70000,86600
2026-03-18,68.19000,68.72000,67.21000,67.67000,75600
2026-03-19,67.42000,69.00000,67.02000,68.35000,70100
2026-03-20,68.07000,68.07000,66.50000,66.81000,161700
2026-03-23,68.25000,70.49000,67.28000,69.29000,101500
2026-03-24,68.94000,70.23000,68.65000,69.00000,64600
2026-03-25,69.60000,69.90000,68.10000,68.75000,86200
2026-03-26,68.85000,69.85000,68.43000,69.64000,66500
2026-03-27,69.10000,70.10000,68.10000,69.21000,97300
2026-03-30,69.41000,70.31000,68.59000,69.90000,125100
2026-03-31,70.73000,71.20000,69.92000,70.55000,121500
2026-04-01,70.80000,72.15000,70.47000,70.96000,127000
2026-04-02,70.56000,72.08000,69.90000,71.85000,104600
2026-04-06,71.85000,72.16000,71.10000,71.94000,112100
2026-04-07,71.89000,72.21000,71.33000,71.96000,103700
2026-04-08,73.58000,74.34000,72.39000,73.04000,120100
2026-04-09,72.95000,75.24000,72.53000,75.24000,67800
2026-04-10,74.93000,75.47000,73.31000,74.57000,118300
2026-04-13,72.23000,74.32000,72.23000,73.87000,87300
2026-04-14,73.73000,74.73000,72.40000,74.41000,69400
2026-04-15,74.41000,74.41000,72.16000,73.66500,29625
