date,open,high,low,close,volume
2016-02-04,10.70000,10.93000,10.60000,10.64000,2900700
2016-02-05,10.55000,10.66000,10.25000,10.59000,3373700
2016-02-08,10.47000,10.49000,10.01000,10.23000,4124600
2016-02-09,10.07000,10.17000,9.72000,10.03000,3071700
2016-02-10,10.07000,10.20000,9.93000,10.01000,1681200
2016-02-11,9.85000,9.94000,9.69000,9.86000,1655900
2016-02-12,9.92000,10.17000,9.90000,10.15000,1332500
2016-02-16,10.25000,10.71000,10.23000,10.66000,2062300
2016-02-17,10.69000,10.98000,10.68000,10.91000,1944900
2016-02-18,10.95000,10.98000,10.63000,10.83000,1443500
2016-02-19,10.85000,10.96000,10.64000,10.91000,1262100
2016-02-22,11.00000,11.18000,10.98000,11.10000,1396300
2016-02-23,11.07000,11.24000,11.06000,11.08000,1517500
2016-02-24,11.27000,11.59000,10.92000,11.58000,2787900
2016-02-25,11.60000,11.81000,11.34000,11.56000,3268100
2016-02-26,11.64000,11.94000,11.61000,11.68000,2355100
2016-02-29,11.67000,11.80000,11.55000,11.71000,2571100
2016-03-01,11.79000,11.83000,10.30000,10.41000,9605400
2016-03-02,10.76000,11.21000,10.37000,11.04000,5076600
2016-03-03,11.04000,11.36000,10.97000,11.20000,2218700
2016-03-04,11.25000,11.43000,11.21000,11.28000,2305800
2016-03-07,11.26000,11.60000,11.11000,11.46000,2164500
2016-03-08,11.41000,11.42000,10.97000,11.02000,2676200
2016-03-09,11.11000,11.23000,10.89000,11.18000,1737400
2016-03-10,11.18000,11.24000,10.94000,11.11000,1317500
2016-03-11,11.20000,11.61000,11.15000,11.56000,1876000
2016-03-14,11.47000,11.48000,11.26000,11.41000,1969800
2016-03-15,11.34000,11.41000,11.15000,11.23000,1405100
2016-03-16,11.19000,11.62000,11.18000,11.60000,1779200
2016-03-17,11.52000,11.68000,11.36000,11.62000,2089400
2016-03-18,11.70000,11.75000,11.60000,11.73000,2232200
2016-03-21,11.66000,11.78000,11.58000,11.66000,2226900
2016-03-22,11.60000,11.67000,11.47000,11.58000,2393000
2016-03-23,11.62000,11.86000,11.56000,11.56000,2079200
2016-03-24,11.52000,11.55000,11.29000,11.51000,2023400
2016-03-28,11.52000,11.81000,11.52000,11.71000,2049500
2016-03-29,11.72000,12.00000,11.52000,11.90000,3694900
2016-03-30,12.00000,12.12000,11.87000,11.89000,5305200
2016-03-31,11.43000,11.67000,11.42000,11.63000,2902100
2016-04-01,11.56000,11.84000,11.51000,11.59000,2515500
2016-04-04,11.60000,11.69000,11.44000,11.45000,1777800
2016-04-05,11.40000,11.56000,11.36000,11.41000,1760800
2016-04-06,11.42000,11.66000,11.42000,11.56000,2124600
2016-04-07,11.52000,11.90000,11.52000,11.69000,2587600
2016-04-08,11.78000,11.90000,11.53000,11.61000,3215400
2016-04-11,11.65000,11.86000,11.56000,11.65000,2499800
2016-04-12,11.65000,11.75000,11.56000,11.61000,2012700
2016-04-13,11.68000,11.87000,11.65000,11.87000,1544000
2016-04-14,11.85000,11.87000,11.68000,11.84000,1661100
2016-04-15,11.83000,11.97000,11.76000,11.90000,1457000
2016-04-18,11.88000,11.96000,11.81000,11.90000,2966300
2016-04-19,11.94000,12.10000,11.91000,12.03000,2010400
2016-04-20,12.02000,12.22000,11.93000,12.12000,4343400
2016-04-21,12.14000,12.22000,11.97000,11.99000,3908900
2016-04-22,11.99000,12.06000,11.87000,12.00000,2383100
2016-04-25,12.00000,12.08000,11.87000,12.05000,2271800
2016-04-26,12.12000,12.30000,12.06000,12.29000,1724400
2016-04-27,12.36000,12.46000,12.29000,12.38000,1930700
2016-04-28,12.32000,12.33000,12.05000,12.12000,2259400
2016-04-29,12.14000,12.24000,11.94000,12.10000,2217700
2016-05-02,12.18000,12.24000,12.01000,12.17000,1599800
2016-05-03,12.11000,12.19000,11.96000,12.08000,2788800
2016-05-04,12.15000,12.35000,11.92000,12.30000,4091100
2016-05-05,12.32000,12.80000,12.24000,12.71000,5009200
2016-05-06,12.70000,12.91000,12.65000,12.76000,2832200
2016-05-09,12.82000,13.27000,12.82000,13.22000,5441400
2016-05-10,13.27000,13.27000,13.09000,13.25000,2323200
2016-05-11,13.19000,13.36000,13.15000,13.20000,2343800
2016-05-12,13.28000,13.48000,13.21000,13.37000,1977600
2016-05-13,13.31000,13.42000,13.25000,13.34000,1867800
2016-05-16,13.32000,13.43000,13.26000,13.39000,2070600
2016-05-17,13.37000,13.65000,13.30000,13.40000,2716900
2016-05-18,13.30000,13.57000,13.13000,13.38000,4525700
2016-05-19,13.33000,13.40000,12.96000,13.16000,4373900
2016-05-20,13.21000,13.35000,13.14000,13.33000,2048500
2016-05-23,13.38000,13.43000,13.17000,13.20000,2843500
2016-05-24,13.27000,13.47000,13.17000,13.40000,2423200
2016-05-25,13.38000,13.50000,13.32000,13.50000,1293100
2016-05-26,13.45000,13.62000,13.43000,13.54000,1140400
2016-05-27,13.52000,13.62000,13.49000,13.55000,1156400
2016-05-31,13.54000,13.64000,13.45000,13.58000,2592300
2016-06-01,13.50000,13.78000,13.46000,13.76000,1920600
2016-06-02,13.73000,13.75000,13.56000,13.68000,1783900
2016-06-03,13.70000,13.83000,13.59000,13.71000,1879900
2016-06-06,13.71000,13.84000,13.69000,13.74000,1589300
2016-06-07,13.75000,13.98000,13.73000,13.82000,1875000
2016-06-08,13.83000,13.89000,13.80000,13.86000,1800200
2016-06-09,13.85000,13.93000,13.76000,13.90000,1521200
2016-06-10,13.85000,13.91000,13.71000,13.76000,1846200
2016-06-13,13.70000,13.70000,13.41000,13.45000,2362400
2016-06-14,13.40000,13.48000,13.18000,13.28000,2714800
2016-06-15,13.28000,13.51000,13.22000,13.40000,2122900
2016-06-16,13.37000,13.40000,13.07000,13.31000,2675900
2016-06-17,13.34000,13.53000,13.30000,13.37000,3323100
2016-06-20,13.52000,13.56000,13.39000,13.43000,2014600
2016-06-21,13.43000,13.48000,13.27000,13.40000,1609500
2016-06-22,13.47000,13.47000,13.18000,13.19000,1771500
2016-06-23,13.34000,13.47000,13.26000,13.37000,2254900
2016-06-24,13.05000,13.55000,12.80000,13.07000,5244400
2016-06-27,13.02000,13.06000,12.58000,12.77000,3382100
2016-06-28,13.20000,13.31000,12.93000,13.27000,2846500
2016-06-29,13.35000,13.48000,13.30000,13.44000,2202100
2016-06-30,13.45000,13.84000,13.38000,13.84000,4107700
2016-07-01,13.83000,13.96000,13.82000,13.88000,3330000
2016-07-05,13.55000,13.57000,12.92000,13.05000,4674200
2016-07-06,12.96000,13.10000,12.73000,13.04000,3691000
2016-07-07,13.01000,13.07000,12.76000,12.85000,2508300
2016-07-08,12.96000,13.07000,12.85000,12.97000,3109300
2016-07-11,12.99000,13.15000,12.91000,13.14000,1512100
2016-07-12,13.14000,13.31000,13.14000,13.25000,2084500
2016-07-13,13.25000,13.34000,13.16000,13.26000,1545500
2016-07-14,13.28000,13.33000,13.00000,13.03000,2170000
2016-07-15,13.06000,13.12000,13.00000,13.10000,1047000
2016-07-18,13.09000,13.25000,13.08000,13.25000,991900
2016-07-19,13.25000,13.40000,13.23000,13.38000,1530700
2016-07-20,13.40000,13.50000,13.34000,13.47000,1038500
2016-07-21,13.40000,13.52000,13.31000,13.40000,2087300
2016-07-22,13.36000,13.51000,13.33000,13.49000,2325600
2016-07-25,13.45000,13.53000,13.39000,13.49000,2719200
2016-07-26,13.52000,13.55000,13.42000,13.50000,1892600
2016-07-27,13.52000,13.52000,13.34000,13.46000,1946100
2016-07-28,13.45000,13.60000,13.39000,13.56000,2497400
2016-07-29,13.60000,13.67000,13.52000,13.67000,1787700
2016-08-01,13.68000,13.75000,13.59000,13.65000,2232200
2016-08-02,13.87000,13.96000,13.77000,13.91000,2823400
2016-08-03,13.91000,14.16000,13.87000,14.11000,2934200
2016-08-04,14.15000,14.16000,13.81000,14.00000,2471000
2016-08-05,14.02000,14.25000,13.98000,14.23000,2512600
2016-08-08,14.25000,14.27000,14.18000,14.23000,2069800
2016-08-09,14.25000,14.89000,14.24000,14.81000,3990700
2016-08-10,14.81000,14.84000,14.39000,14.48000,5140500
2016-08-11,14.11000,14.19000,14.05000,14.11000,17518600
2016-08-12,14.14000,14.24000,14.13000,14.13000,3453200
2016-08-15,14.19000,14.23000,14.11000,14.13000,4633600
2016-08-16,14.11000,14.15000,13.93000,13.95000,3860600
2016-08-17,14.00000,14.04000,13.79000,13.98000,2727700
2016-08-18,14.00000,14.19000,13.98000,14.08000,1920400
2016-08-19,14.08000,14.10000,13.90000,14.03000,2241700
2016-08-22,14.02000,14.11000,13.99000,14.03000,1016200
2016-08-23,14.12000,14.16000,14.05000,14.15000,1909100
2016-08-24,14.16000,14.22000,14.10000,14.11000,1360200
2016-08-25,14.10000,14.16000,14.07000,14.15000,1308100
2016-08-26,14.15000,14.19000,13.77000,13.94000,3513800
2016-08-29,13.97000,14.35000,13.97000,14.14000,2720400
2016-08-30,14.14000,14.25000,14.03000,14.25000,1564300
2016-08-31,14.26000,14.40000,14.17000,14.35000,4305500
2016-09-01,14.38000,14.42000,14.13000,14.28000,1971500
2016-09-02,14.34000,14.48000,14.30000,14.45000,1461900
2016-09-06,14.45000,14.49000,14.38000,14.41000,1597100
2016-09-07,14.38000,14.61000,14.38000,14.61000,2036300
2016-09-08,14.60000,14.72000,14.49000,14.51000,2211700
2016-09-09,14.44000,14.45000,14.08000,14.10000,4032600
2016-09-12,14.01000,14.37000,13.82000,14.29000,3621800
2016-09-13,14.18000,14.32000,14.13000,14.23000,3072600
2016-09-14,14.28000,14.50000,14.27000,14.41000,2506000
2016-09-15,14.43000,14.49000,14.32000,14.37000,3075900
2016-09-16,14.33000,14.42000,14.25000,14.36000,4321800
2016-09-19,14.41000,14.65000,14.41000,14.60000,2826100
2016-09-20,14.65000,14.65000,14.42000,14.51000,1941700
2016-09-21,14.56000,14.60000,14.30000,14.48000,3341300
2016-09-22,14.57000,14.61000,14.37000,14.45000,2997200
2016-09-23,14.38000,14.49000,14.25000,14.26000,2536800
2016-09-26,14.30000,14.50000,14.26000,14.32000,4241900
2016-09-27,14.36000,14.50000,14.30000,14.42000,3097200
2016-09-28,14.49000,14.50000,14.16000,14.32000,3843000
2016-09-29,13.91000,14.01000,13.71000,13.78000,3043200
2016-09-30,13.81000,13.89000,13.73000,13.81000,2219900
2016-10-03,13.84000,13.86000,13.67000,13.68000,2085200
2016-10-04,13.69000,13.71000,13.30000,13.43000,2905500
2016-10-05,13.45000,13.56000,13.42000,13.48000,1923900
2016-10-06,13.59000,13.75000,13.42000,13.73000,3739500
2016-10-07,13.78000,13.88000,13.62000,13.65000,2177500
2016-10-10,13.70000,13.89000,13.70000,13.79000,1521100
2016-10-11,13.80000,13.87000,13.63000,13.69000,1349500
2016-10-12,13.70000,13.87000,13.62000,13.80000,1802600
2016-10-13,13.72000,13.98000,13.67000,13.93000,2608600
2016-10-14,14.00000,14.00000,13.80000,13.80000,962700
2016-10-17,13.82000,13.89000,13.71000,13.73000,1463700
2016-10-18,13.85000,13.94000,13.78000,13.81000,1241600
2016-10-19,13.88000,14.04000,13.83000,13.97000,1183200
2016-10-20,14.00000,14.05000,13.85000,13.96000,1412800
2016-10-21,13.86000,14.01000,13.82000,13.86000,1949900
2016-10-24,13.92000,14.04000,13.80000,13.99000,2180900
2016-10-25,14.00000,14.13000,13.96000,14.10000,1410100
2016-10-26,14.00000,14.09000,13.91000,13.97000,1231400
2016-10-27,13.97000,14.05000,13.87000,13.88000,1848100
2016-10-28,13.97000,13.99000,13.84000,13.92000,1659300
2016-10-31,13.98000,14.01000,13.90000,13.96000,1530300
2016-11-01,13.95000,14.00000,13.63000,13.83000,4544900
2016-11-02,13.88000,13.99000,13.63000,13.76000,2355800
2016-11-03,13.80000,13.96000,13.79000,13.88000,1665500
2016-11-04,13.90000,14.10000,13.85000,14.03000,2767800
2016-11-07,14.12000,14.27000,14.10000,14.25000,2621100
2016-11-08,14.24000,14.28000,14.15000,14.21000,1759400
2016-11-09,13.95000,14.28000,13.89000,14.23000,3745200
2016-11-10,14.26000,14.34000,14.13000,14.22000,3620400
2016-11-11,14.22000,14.30000,14.11000,14.22000,3020200
2016-11-14,14.30000,14.32000,14.11000,14.14000,2942600
2016-11-15,14.13000,14.41000,14.09000,14.40000,3251900
2016-11-16,14.40000,14.47000,14.34000,14.35000,3018700
2016-11-17,14.39000,14.48000,14.30000,14.45000,4721500
2016-11-18,14.50000,14.69000,14.48000,14.68000,2402500
2016-11-21,14.70000,15.08000,14.70000,15.07000,3831500
2016-11-22,15.13000,15.34000,15.13000,15.32000,2707100
2016-11-23,15.32000,15.32000,15.12000,15.19000,3058900
2016-11-25,15.25000,15.35000,15.16000,15.29000,956200
2016-11-28,15.33000,15.40000,15.31000,15.33000,1707000
2016-11-29,15.33000,15.55000,15.33000,15.47000,2067500
2016-11-30,15.50000,15.53000,15.26000,15.45000,3094700
2016-12-01,15.50000,15.50000,15.23000,15.35000,2208700
2016-12-02,15.37000,15.54000,15.31000,15.38000,1948400
2016-12-05,15.46000,15.81000,15.45000,15.80000,2359700
2016-12-06,15.78000,16.00000,15.77000,15.98000,2033100
2016-12-07,15.99000,16.12000,15.91000,16.08000,3007300
2016-12-08,16.08000,16.28000,16.03000,16.18000,2779000
2016-12-09,16.22000,16.26000,15.86000,16.07000,3204600
2016-12-12,16.08000,16.22000,15.82000,15.92000,2784300
2016-12-13,15.95000,16.19000,15.84000,15.95000,2390700
2016-12-14,15.97000,16.01000,15.66000,15.79000,2461400
2016-12-15,15.74000,15.90000,15.67000,15.74000,2691200
2016-12-16,15.80000,16.05000,15.80000,15.96000,3402500
2016-12-19,16.05000,16.18000,16.00000,16.17000,3146400
2016-12-20,16.17000,16.34000,16.15000,16.34000,2756300
2016-12-21,16.34000,16.43000,16.28000,16.36000,2204400
2016-12-22,16.37000,16.38000,16.10000,16.26000,3134300
2016-12-23,16.25000,16.29000,16.12000,16.28000,1954600
2016-12-27,16.30000,16.30000,16.07000,16.07000,2671700
2016-12-28,15.73000,15.78000,15.47000,15.57000,3406400
2016-12-29,15.52000,15.72000,15.42000,15.63000,2072200
2016-12-30,15.80000,15.83000,15.62000,15.72000,1912700
2017-01-03,15.74000,15.94000,15.58000,15.81000,2856000
2017-01-04,15.89000,15.98000,15.77000,15.93000,2163700
2017-01-05,15.93000,16.00000,15.85000,15.96000,1515800
2017-01-06,16.00000,16.07000,15.88000,15.96000,1185300
2017-01-09,16.02000,16.08000,15.92000,15.96000,1247300
2017-01-10,15.99000,16.13000,15.92000,16.09000,2345700
2017-01-11,16.09000,16.19000,16.05000,16.12000,1422900
2017-01-12,16.10000,16.15000,15.89000,16.02000,1565100
2017-01-13,16.02000,16.17000,15.90000,16.03000,1281300
2017-01-17,16.05000,16.11000,15.91000,15.93000,1486800
2017-01-18,15.97000,15.99000,15.81000,15.90000,2007200
2017-01-19,15.90000,15.91000,15.82000,15.88000,865900
2017-01-20,15.90000,16.00000,15.90000,16.00000,1190100
2017-01-23,16.04000,16.15000,15.98000,16.10000,1895700
2017-01-24,16.10000,16.20000,16.04000,16.16000,2384200
2017-01-25,16.16000,16.24000,16.13000,16.21000,1654700
2017-01-26,16.21000,16.33000,16.16000,16.25000,1740700
2017-01-27,16.31000,16.31000,16.20000,16.27000,1508400
2017-01-30,16.19000,16.32000,15.63000,15.66000,10872600
2017-01-31,15.06000,15.32000,15.03000,15.15000,53223000
2017-02-01,15.30000,15.54000,15.25000,15.51000,13452400
2017-02-02,15.59000,15.87000,15.56000,15.75000,9563700
2017-02-03,15.90000,15.92000,15.77000,15.78000,6674200
2017-02-06,15.83000,15.95000,15.76000,15.78000,5293800
2017-02-07,15.84000,15.92000,15.75000,15.78000,4994700
2017-02-08,15.79000,15.80000,15.65000,15.66000,6283800
2017-02-09,15.66000,15.82000,15.65000,15.80000,5864000
2017-02-10,15.88000,15.99000,15.84000,15.90000,5999700
2017-02-13,16.00000,16.15000,15.97000,16.08000,4413000
2017-02-14,16.10000,16.33000,15.98000,16.33000,4883300
2017-02-15,16.30000,16.30000,16.11000,16.25000,4168500
2017-02-16,16.27000,16.34000,16.22000,16.24000,5493900
2017-02-17,16.24000,16.25000,16.07000,16.18000,3453700
2017-02-21,16.50000,16.55000,16.25000,16.51000,5346600
2017-02-22,16.53000,16.78000,16.52000,16.67000,4929100
2017-02-23,16.69000,16.77000,16.51000,16.66000,3907300
2017-02-24,16.62000,16.74000,16.57000,16.68000,3157300
2017-02-27,16.75000,16.83000,16.68000,16.77000,4712200
2017-02-28,16.75000,16.87000,16.65000,16.87000,9455400
2017-03-01,16.87000,16.91000,16.81000,16.88000,4351900
2017-03-02,16.88000,16.97000,16.84000,16.88000,4218300
2017-03-03,16.93000,17.00000,16.75000,17.00000,3507800
2017-03-06,17.00000,17.02000,16.86000,17.00000,3264700
2017-03-07,17.00000,17.09000,16.90000,17.00000,3430600
2017-03-08,17.01000,17.04000,16.71000,16.81000,4092600
2017-03-09,16.78000,16.92000,16.51000,16.66000,4338700
2017-03-10,16.69000,16.80000,16.59000,16.70000,3904300
2017-03-13,16.74000,16.81000,16.65000,16.68000,2689000
2017-03-14,16.72000,16.73000,16.48000,16.54000,2776100
2017-03-15,16.60000,16.89000,16.57000,16.82000,5300500
2017-03-16,16.92000,17.00000,16.82000,16.94000,3613500
2017-03-17,16.96000,17.12000,16.96000,17.08000,5914100
2017-03-20,17.10000,17.20000,17.04000,17.15000,3660300
2017-03-21,17.22000,17.25000,17.03000,17.11000,4640100
2017-03-22,17.11000,17.16000,16.97000,17.09000,5970300
2017-03-23,16.65000,16.76000,16.50000,16.65000,5383400
2017-03-24,16.67000,16.77000,16.55000,16.60000,2976000
2017-03-27,16.52000,16.62000,16.46000,16.62000,3024100
2017-03-28,16.62000,16.86000,16.60000,16.85000,2808100
2017-03-29,16.85000,16.94000,16.83000,16.87000,2566000
2017-03-30,16.87000,17.03000,16.85000,17.03000,1869900
2017-03-31,17.00000,17.11000,16.97000,16.98000,2324400
2017-04-03,17.00000,17.06000,16.89000,17.06000,2159300
2017-04-04,17.06000,17.17000,16.99000,17.15000,2198500
2017-04-05,17.18000,17.29000,16.97000,16.99000,3223300
2017-04-06,16.96000,17.14000,16.86000,17.10000,2622300
2017-04-07,17.10000,17.18000,16.97000,16.99000,1996800
2017-04-10,17.04000,17.20000,17.02000,17.14000,1901900
2017-04-11,17.16000,17.26000,17.13000,17.25000,2365900
2017-04-12,17.26000,17.38000,17.18000,17.28000,2602300
2017-04-13,17.31000,17.44000,17.26000,17.42000,3812800
2017-04-17,17.40000,17.72000,17.39000,17.70000,3395600
2017-04-18,17.70000,17.78000,17.58000,17.74000,3051600
2017-04-19,17.82000,17.86000,17.73000,17.75000,3167500
2017-04-20,17.82000,17.85000,15.37000,16.39000,29695300
2017-04-21,16.76000,16.99000,16.30000,16.34000,15517100
2017-04-24,16.38000,16.38000,15.75000,16.27000,10076300
2017-04-25,16.30000,16.63000,16.26000,16.54000,5929400
2017-04-26,16.62000,16.88000,16.56000,16.81000,4272900
2017-04-27,16.89000,16.99000,16.78000,16.90000,4283100
2017-04-28,16.96000,17.00000,16.58000,16.67000,4076600
2017-05-01,16.92000,17.18000,16.68000,17.06000,6812800
2017-05-02,17.00000,17.08000,16.75000,16.95000,6037400
2017-05-03,16.94000,17.00000,16.67000,16.72000,3666500
2017-05-04,16.73000,16.80000,16.57000,16.73000,2579900
2017-05-05,16.71000,16.80000,16.67000,16.73000,1971600
2017-05-08,16.71000,16.75000,16.45000,16.45000,3430500
2017-05-09,16.45000,16.50000,16.17000,16.21000,4462900
2017-05-10,16.20000,16.36000,16.20000,16.26000,2701000
2017-05-11,16.30000,16.35000,15.99000,16.17000,4323800
2017-05-12,16.17000,16.23000,16.06000,16.10000,2512400
2017-05-15,16.16000,16.19000,16.01000,16.09000,3750800
2017-05-16,16.12000,16.22000,16.03000,16.05000,3535500
2017-05-17,16.00000,16.06000,15.85000,15.87000,4210600
2017-05-18,15.94000,15.94000,15.76000,15.83000,3795700
2017-05-19,15.84000,16.15000,15.82000,16.06000,2539600
2017-05-22,16.12000,16.36000,16.10000,16.27000,2202600
2017-05-23,16.33000,16.41000,16.26000,16.33000,2240400
2017-05-24,16.40000,16.49000,16.35000,16.45000,1720100
2017-05-25,16.48000,16.64000,16.45000,16.52000,2245700
2017-05-26,16.52000,16.57000,16.37000,16.55000,1620900
2017-05-30,16.55000,16.57000,16.07000,16.11000,3593800
2017-05-31,16.11000,16.25000,15.96000,16.09000,2496900
2017-06-01,16.08000,16.42000,16.02000,16.29000,2336000
2017-06-02,16.34000,16.49000,16.34000,16.39000,1728500
2017-06-05,16.35000,16.39000,16.14000,16.15000,1970700
2017-06-06,16.15000,16.15000,15.85000,16.00000,3151800
2017-06-07,16.02000,16.06000,15.94000,16.01000,1837000
2017-06-08,16.02000,16.30000,16.01000,16.23000,1405400
2017-06-09,16.22000,16.37000,16.22000,16.33000,1771400
2017-06-12,16.36000,16.50000,16.35000,16.50000,2079600
2017-06-13,16.50000,16.66000,16.46000,16.65000,2157000
2017-06-14,16.57000,16.68000,16.39000,16.68000,5450800
2017-06-15,16.60000,16.74000,16.51000,16.68000,2195000
2017-06-16,16.54000,16.80000,16.54000,16.73000,5092700
2017-06-19,16.79000,16.94000,16.75000,16.91000,2513400
2017-06-20,16.71000,16.75000,16.05000,16.11000,7826200
2017-06-21,16.20000,16.30000,16.02000,16.03000,4106100
2017-06-22,16.52000,16.84000,16.41000,16.77000,5259500
2017-06-23,16.81000,16.95000,16.50000,16.59000,32717100
2017-06-26,16.70000,16.77000,16.26000,16.44000,6811400
2017-06-27,16.50000,16.54000,16.21000,16.27000,7243900
2017-06-28,16.31000,16.37000,16.10000,16.28000,9404600
2017-06-29,15.93000,15.99000,15.75000,15.89000,5482100
2017-06-30,15.93000,15.96000,15.52000,15.56000,6596200
2017-07-03,15.61000,15.84000,15.60000,15.82000,2141700
2017-07-05,15.80000,15.89000,15.52000,15.57000,4151100
2017-07-06,15.54000,15.60000,15.26000,15.30000,4960600
2017-07-07,15.30000,15.39000,15.04000,15.34000,4264500
2017-07-10,15.34000,15.39000,15.26000,15.33000,3496600
2017-07-11,15.34000,15.48000,15.33000,15.41000,2647400
2017-07-12,15.46000,15.61000,15.42000,15.47000,2158200
2017-07-13,15.50000,15.55000,15.26000,15.36000,3674000
2017-07-14,15.39000,15.59000,15.39000,15.52000,4986400
2017-07-17,15.63000,15.85000,15.58000,15.72000,2763300
2017-07-18,15.66000,15.69000,15.52000,15.65000,3091600
2017-07-19,15.63000,15.81000,15.62000,15.73000,2214900
2017-07-20,15.81000,16.06000,15.77000,15.92000,2938100
2017-07-21,15.95000,16.03000,15.86000,15.96000,1683400
2017-07-24,15.96000,16.11000,15.91000,15.95000,2119300
2017-07-25,15.99000,16.07000,15.91000,15.92000,2040200
2017-07-26,15.96000,16.03000,15.87000,16.00000,1890400
2017-07-27,16.03000,16.28000,15.93000,16.23000,2981900
2017-07-28,16.29000,16.30000,15.95000,16.04000,2952200
2017-07-31,16.65000,17.00000,16.54000,17.00000,8937800
2017-08-01,17.01000,17.24000,16.99000,17.15000,5239200
2017-08-02,17.17000,17.24000,16.92000,17.07000,3800500
2017-08-03,17.07000,17.08000,16.74000,16.79000,2832400
2017-08-04,16.84000,16.90000,16.52000,16.83000,2822500
2017-08-07,16.88000,16.91000,16.62000,16.75000,2645300
2017-08-08,16.77000,16.77000,16.63000,16.66000,2391300
2017-08-09,16.56000,16.71000,16.46000,16.69000,1826200
2017-08-10,16.61000,16.71000,16.47000,16.50000,2565800
2017-08-11,16.43000,16.58000,16.31000,16.56000,2172600
2017-08-14,16.60000,16.74000,16.55000,16.59000,2083800
2017-08-15,16.60000,16.71000,16.56000,16.70000,1886500
2017-08-16,16.73000,16.86000,16.69000,16.84000,1872200
2017-08-17,16.84000,16.85000,16.63000,16.63000,1663900
2017-08-18,16.64000,16.65000,16.52000,16.55000,1933600
2017-08-21,16.60000,16.65000,16.47000,16.60000,1925300
2017-08-22,16.60000,16.70000,16.58000,16.66000,2029900
2017-08-23,16.65000,16.67000,16.52000,16.57000,2486800
2017-08-24,16.58000,16.63000,16.47000,16.53000,2185000
2017-08-25,16.66000,16.66000,16.48000,16.62000,1718200
2017-08-28,16.65000,16.81000,16.50000,16.56000,2750000
2017-08-29,16.50000,16.59000,16.42000,16.48000,2158600
2017-08-30,16.48000,16.54000,16.32000,16.37000,2327100
2017-08-31,16.42000,16.56000,16.38000,16.48000,1902800
2017-09-01,16.49000,16.67000,16.47000,16.66000,2162800
2017-09-05,16.67000,16.75000,16.29000,16.40000,3420100
2017-09-06,16.44000,16.48000,16.36000,16.43000,1644300
2017-09-07,16.47000,16.47000,16.29000,16.36000,1677400
2017-09-08,16.38000,16.38000,16.27000,16.36000,1579800
2017-09-11,16.40000,16.52000,16.38000,16.47000,1772800
2017-09-12,16.49000,16.54000,16.39000,16.52000,2112700
2017-09-13,16.52000,16.54000,16.38000,16.46000,2194900
2017-09-14,16.45000,16.51000,16.40000,16.45000,1680200
2017-09-15,16.55000,16.60000,16.47000,16.53000,2805700
2017-09-18,16.60000,16.70000,16.55000,16.68000,2477200
2017-09-19,16.65000,16.85000,16.65000,16.79000,2643700
2017-09-20,16.84000,16.86000,16.68000,16.75000,2274300
2017-09-21,16.80000,16.81000,16.67000,16.78000,1757500
2017-09-22,16.81000,16.91000,16.79000,16.89000,2967300
2017-09-25,16.95000,16.95000,16.80000,16.91000,3674400
2017-09-26,16.95000,17.14000,16.91000,17.08000,4866100
2017-09-27,17.11000,17.24000,17.04000,17.22000,6294500
2017-09-28,17.24000,17.30000,17.10000,17.29000,5874300
2017-09-29,16.78000,16.83000,16.65000,16.73000,5240200
2017-10-02,16.73000,16.98000,16.68000,16.94000,3610600
2017-10-03,16.93000,17.03000,16.84000,16.94000,2825000
2017-10-04,16.94000,17.04000,16.91000,17.03000,2158500
2017-10-05,17.05000,17.30000,17.03000,17.27000,3749600
2017-10-06,17.24000,17.24000,16.98000,17.18000,2463200
2017-10-09,17.20000,17.22000,17.12000,17.17000,2038000
2017-10-10,17.21000,17.21000,17.11000,17.14000,1366200
2017-10-11,17.14000,17.20000,17.09000,17.12000,1761800
2017-10-12,17.13000,17.20000,17.10000,17.16000,1293200
2017-10-13,17.20000,17.23000,17.15000,17.21000,1538800
2017-10-16,17.23000,17.26000,17.11000,17.14000,2115900
2017-10-17,17.17000,17.18000,17.11000,17.12000,1299800
2017-10-18,17.14000,17.20000,17.08000,17.16000,1380300
2017-10-19,17.13000,17.28000,17.07000,17.25000,1661200
2017-10-20,17.32000,17.50000,17.29000,17.49000,2207000
2017-10-23,17.50000,17.50000,17.32000,17.40000,1810500
2017-10-24,17.45000,17.50000,17.27000,17.44000,2042000
2017-10-25,17.47000,17.48000,17.02000,17.20000,2901900
2017-10-26,17.23000,17.28000,17.02000,17.06000,2658000
2017-10-27,17.61000,17.89000,17.42000,17.89000,4968900
2017-10-30,17.89000,17.91000,17.33000,17.44000,4064200
2017-10-31,17.53000,17.73000,17.47000,17.63000,2510100
2017-11-01,17.76000,17.84000,17.62000,17.71000,2306000
2017-11-02,17.79000,17.79000,17.41000,17.51000,2072500
2017-11-03,17.50000,17.61000,17.46000,17.50000,1430600
2017-11-06,17.51000,17.52000,17.32000,17.35000,1942600
2017-11-07,17.35000,17.56000,17.32000,17.54000,2175100
2017-11-08,17.56000,17.58000,17.38000,17.43000,2314900
2017-11-09,17.43000,17.47000,17.31000,17.36000,1734400
2017-11-10,17.35000,17.38000,17.22000,17.27000,1383200
2017-11-13,17.30000,17.45000,17.30000,17.43000,1528300
2017-11-14,17.43000,17.46000,17.34000,17.44000,1237600
2017-11-15,17.39000,17.43000,17.28000,17.34000,1584800
2017-11-16,17.40000,17.49000,17.33000,17.43000,2895700
2017-11-17,17.41000,17.47000,17.39000,17.46000,3075700
2017-11-20,17.52000,17.68000,17.50000,17.63000,2284700
2017-11-21,17.70000,17.90000,17.65000,17.82000,2214500
2017-11-22,17.85000,17.95000,17.78000,17.94000,1971500
2017-11-24,17.99000,18.00000,17.81000,17.83000,1122200
2017-11-27,17.87000,17.93000,17.75000,17.78000,1533100
2017-11-28,17.75000,17.78000,17.61000,17.69000,1362800
2017-11-29,17.69000,17.82000,17.57000,17.63000,2508000
2017-11-30,17.68000,17.78000,17.66000,17.69000,2352700
2017-12-01,17.66000,17.76000,17.51000,17.74000,2025300
2017-12-04,17.87000,17.92000,17.77000,17.87000,2491200
2017-12-05,17.86000,17.89000,17.81000,17.83000,1278100
2017-12-06,17.83000,17.91000,17.74000,17.78000,1681100
2017-12-07,17.78000,18.13000,17.74000,17.93000,2788400
2017-12-08,18.00000,18.00000,17.88000,17.94000,1478900
2017-12-11,17.99000,18.07000,17.96000,17.99000,2542200
2017-12-12,18.00000,18.15000,17.92000,18.02000,2353900
2017-12-13,18.01000,18.18000,17.97000,18.02000,2475900
2017-12-14,18.05000,18.16000,18.00000,18.11000,2247000
2017-12-15,18.14000,18.30000,18.12000,18.29000,2453600
2017-12-18,18.36000,18.43000,18.20000,18.28000,2416800
2017-12-19,18.30000,18.32000,18.00000,18.01000,2907600
2017-12-20,18.15000,18.24000,17.98000,18.20000,2259400
2017-12-21,18.20000,18.36000,18.18000,18.27000,1674300
2017-12-22,18.33000,18.34000,18.22000,18.28000,1894200
2017-12-26,18.28000,18.35000,18.22000,18.30000,2262700
2017-12-27,18.33000,18.35000,18.23000,18.28000,3124700
2017-12-28,17.90000,18.07000,17.81000,18.07000,2561000
2017-12-29,18.09000,18.11000,17.81000,17.88000,2350700
2018-01-02,17.88000,17.94000,17.51000,17.59000,3212000
2018-01-03,17.55000,17.68000,17.40000,17.43000,2626100
2018-01-04,17.43000,17.81000,17.43000,17.72000,2761900
2018-01-05,17.76000,17.79000,17.58000,17.71000,2767200
2018-01-08,17.73000,17.85000,17.66000,17.78000,1786400
2018-01-09,17.78000,17.80000,17.61000,17.61000,1407300
2018-01-10,17.59000,17.72000,17.31000,17.63000,1965300
2018-01-11,17.63000,17.76000,17.61000,17.74000,1086600
2018-01-12,17.77000,17.85000,17.72000,17.74000,1474600
2018-01-16,17.77000,17.85000,17.62000,17.63000,2741500
2018-01-17,17.10000,17.40000,17.09000,17.19000,27177800
2018-01-18,17.26000,17.35000,17.13000,17.13000,7689600
2018-01-19,17.20000,17.30000,17.13000,17.24000,8346900
2018-01-22,17.27000,17.51000,17.26000,17.45000,5309300
2018-01-23,17.46000,17.59000,17.43000,17.57000,3759800
2018-01-24,17.60000,17.77000,17.57000,17.73000,3023700
2018-01-25,17.74000,17.89000,17.68000,17.86000,3518900
2018-01-26,17.89000,17.93000,17.63000,17.78000,4429500
2018-01-29,17.79000,17.80000,17.51000,17.54000,3162600
2018-01-30,17.53000,17.54000,17.25000,17.39000,3498300
2018-01-31,17.49000,17.58000,17.16000,17.29000,3669700
2018-02-01,17.29000,17.55000,17.28000,17.37000,2325600
2018-02-02,17.31000,17.38000,17.03000,17.10000,3524000
2018-02-05,16.89000,16.91000,15.24000,16.16000,11391800
2018-02-06,15.83000,16.92000,15.80000,16.78000,6278400
2018-02-07,16.75000,17.06000,16.51000,16.52000,4013200
2018-02-08,16.54000,16.55000,16.09000,16.09000,4760700
2018-02-09,16.21000,16.41000,16.01000,16.30000,5295300
2018-02-12,16.40000,16.70000,16.23000,16.64000,4561100
2018-02-13,17.00000,17.02000,16.65000,16.91000,5951500
2018-02-14,16.86000,16.90000,16.65000,16.83000,3131900
2018-02-15,16.89000,16.97000,16.79000,16.96000,3416000
2018-02-16,16.89000,17.02000,16.80000,16.89000,2569500
2018-02-20,16.90000,16.97000,16.73000,16.76000,3558200
2018-02-21,16.80000,16.90000,16.59000,16.61000,4805400
2018-02-22,16.70000,16.77000,16.51000,16.54000,2667500
2018-02-23,16.60000,16.69000,16.48000,16.57000,2196500
2018-02-26,16.66000,16.85000,16.61000,16.75000,2748200
2018-02-27,16.72000,16.78000,16.43000,16.46000,2299000
2018-02-28,16.49000,16.58000,16.13000,16.13000,3477400
2018-03-01,16.21000,16.36000,16.09000,16.27000,2590800
2018-03-02,16.19000,16.42000,16.06000,16.37000,2030000
2018-03-05,16.37000,16.71000,16.35000,16.58000,2384700
2018-03-06,16.58000,16.79000,16.51000,16.69000,2246800
2018-03-07,16.60000,16.79000,16.51000,16.54000,2100900
2018-03-08,16.59000,16.67000,16.54000,16.64000,2091600
2018-03-09,16.68000,16.85000,16.59000,16.84000,1808700
2018-03-12,16.84000,17.15000,16.84000,17.00000,2560500
2018-03-13,17.10000,17.17000,16.98000,17.02000,1895100
2018-03-14,17.09000,17.23000,17.08000,17.09000,1859900
2018-03-15,17.14000,17.18000,16.89000,17.03000,2275000
2018-03-16,17.03000,17.25000,16.97000,17.22000,3419400
2018-03-19,17.16000,17.18000,16.90000,17.07000,2766900
2018-03-20,17.04000,17.12000,16.97000,17.01000,1847000
2018-03-21,17.05000,17.14000,16.98000,17.02000,2124600
2018-03-22,16.91000,17.03000,16.76000,16.76000,2628100
2018-03-23,16.78000,16.80000,16.47000,16.49000,2647100
2018-03-26,16.70000,16.74000,16.58000,16.66000,2588800
2018-03-27,16.72000,16.93000,16.64000,16.77000,3157800
2018-03-28,16.78000,16.89000,16.56000,16.65000,3663800
2018-03-29,16.23000,16.49000,16.18000,16.45000,3409900
2018-04-02,16.43000,16.45000,16.04000,16.18000,3758600
2018-04-03,16.20000,16.37000,16.09000,16.23000,2665600
2018-04-04,16.07000,16.39000,16.06000,16.31000,1801000
2018-04-05,16.31000,16.48000,16.17000,16.44000,2365600
2018-04-06,16.40000,16.46000,16.22000,16.32000,1577100
2018-04-09,16.38000,16.43000,16.18000,16.18000,2040900
2018-04-10,16.32000,16.36000,16.19000,16.27000,1599700
2018-04-11,16.25000,16.31000,16.17000,16.25000,1086800
2018-04-12,16.27000,16.31000,16.21000,16.24000,1164500
2018-04-13,16.28000,16.28000,16.08000,16.13000,1453600
2018-04-16,16.19000,16.33000,16.11000,16.27000,1159900
2018-04-17,16.31000,16.50000,16.28000,16.49000,1542600
2018-04-18,16.49000,16.63000,16.45000,16.52000,1961200
2018-04-19,16.50000,16.57000,16.44000,16.52000,1948200
2018-04-20,16.55000,16.60000,16.46000,16.55000,1844700
2018-04-23,16.59000,16.59000,16.48000,16.54000,1276300
2018-04-24,16.56000,16.68000,16.48000,16.54000,1754600
2018-04-25,16.49000,16.69000,16.48000,16.64000,1734200
2018-04-26,16.67000,16.97000,16.66000,16.94000,3428200
2018-04-27,17.15000,17.45000,16.98000,17.35000,5360400
2018-04-30,17.50000,17.72000,17.42000,17.48000,4120700
2018-05-01,17.48000,17.73000,17.44000,17.70000,3072600
2018-05-02,17.70000,17.84000,17.60000,17.67000,3162000
2018-05-03,17.64000,17.83000,17.55000,17.77000,2995100
2018-05-04,17.77000,17.99000,17.72000,17.94000,2761600
2018-05-07,17.97000,18.03000,17.87000,17.97000,2052900
2018-05-08,18.00000,18.01000,17.85000,17.85000,1979300
2018-05-09,17.87000,17.90000,17.78000,17.85000,1637600
2018-05-10,17.92000,18.00000,17.88000,17.98000,1375500
2018-05-11,18.00000,18.08000,17.96000,17.98000,1240800
2018-05-14,18.00000,18.04000,17.93000,17.98000,1672700
2018-05-15,17.90000,18.04000,17.89000,18.01000,1535000
2018-05-16,18.02000,18.10000,18.00000,18.07000,1596500
2018-05-17,18.06000,18.11000,17.98000,18.01000,1563900
2018-05-18,18.04000,18.07000,17.97000,18.06000,1534400
2018-05-21,18.07000,18.13000,18.03000,18.09000,2291900
2018-05-22,18.11000,18.17000,18.07000,18.11000,2248000
2018-05-23,18.11000,18.19000,18.08000,18.15000,1766400
2018-05-24,18.13000,18.19000,18.09000,18.13000,2307100
2018-05-25,18.10000,18.14000,17.96000,18.10000,1619900
2018-05-29,18.06000,18.19000,18.02000,18.13000,2857500
2018-05-30,18.15000,18.16000,18.08000,18.09000,2282200
2018-05-31,18.10000,18.10000,17.86000,17.88000,3124700
2018-06-01,17.91000,17.92000,17.71000,17.80000,2625600
2018-06-04,17.83000,17.88000,17.76000,17.81000,3337000
2018-06-05,17.83000,17.91000,17.75000,17.89000,2315200
2018-06-06,17.88000,18.09000,17.86000,18.08000,2214300
2018-06-07,18.10000,18.17000,18.04000,18.12000,1977600
2018-06-08,18.12000,18.21000,18.10000,18.21000,2110500
2018-06-11,18.20000,18.22000,18.12000,18.18000,2522700
2018-06-12,18.20000,18.23000,18.10000,18.16000,2282200
2018-06-13,18.15000,18.16000,18.00000,18.07000,2342600
2018-06-14,18.14000,18.20000,18.08000,18.16000,2256400
2018-06-15,18.11000,18.20000,18.07000,18.15000,2728300
2018-06-18,18.15000,18.41000,18.14000,18.37000,2378800
2018-06-19,18.30000,18.56000,18.30000,18.55000,2316700
2018-06-20,18.58000,18.73000,18.54000,18.68000,2641100
2018-06-21,18.71000,18.74000,18.61000,18.66000,2070000
2018-06-22,18.50000,18.61000,18.30000,18.30000,6910600
2018-06-25,18.31000,18.35000,18.14000,18.17000,3923000
2018-06-26,18.24000,18.30000,18.06000,18.12000,4350700
2018-06-27,18.22000,18.25000,17.89000,17.90000,3663800
2018-06-28,17.95000,18.02000,17.65000,18.02000,4634800
2018-06-29,17.60000,17.64000,17.38000,17.49000,3714900
2018-07-02,17.45000,17.74000,17.40000,17.74000,2865100
2018-07-03,17.77000,18.04000,17.77000,18.02000,2165100
2018-07-05,18.05000,18.08000,17.93000,18.04000,2593300
2018-07-06,18.05000,18.23000,18.03000,18.17000,1747300
2018-07-09,18.23000,18.24000,18.11000,18.20000,2577800
2018-07-10,18.25000,18.25000,18.15000,18.19000,2225800
2018-07-11,18.19000,18.33000,18.18000,18.32000,2183000
2018-07-12,18.33000,18.36000,18.22000,18.29000,1676000
2018-07-13,18.30000,18.36000,18.25000,18.26000,1527700
2018-07-16,18.26000,18.30000,18.17000,18.23000,2205600
2018-07-17,18.24000,18.31000,18.23000,18.30000,2157700
2018-07-18,18.30000,18.35000,18.27000,18.35000,2033800
2018-07-19,18.35000,18.45000,18.28000,18.42000,2332100
2018-07-20,18.41000,18.49000,18.33000,18.46000,1745800
2018-07-23,18.48000,18.54000,18.44000,18.51000,2912400
2018-07-24,18.54000,18.58000,18.46000,18.51000,1750300
2018-07-25,18.50000,18.62000,18.50000,18.59000,3037300
2018-07-26,18.60000,18.62000,17.82000,17.95000,6297800
2018-07-27,18.04000,18.04000,17.67000,17.78000,5389300
2018-07-30,17.85000,18.09000,17.80000,17.98000,6143200
2018-07-31,17.98000,18.05000,17.72000,17.89000,6699300
2018-08-01,17.87000,17.94000,17.73000,17.93000,2863800
2018-08-02,17.90000,18.09000,17.86000,18.02000,3279200
2018-08-03,18.07000,18.09000,17.95000,17.96000,1897900
2018-08-06,17.96000,18.07000,17.89000,18.03000,1736800
2018-08-07,18.06000,18.11000,17.93000,17.99000,1850500
2018-08-08,17.99000,18.07000,17.91000,18.01000,1728100
2018-08-09,18.05000,18.13000,18.03000,18.08000,1364700
2018-08-10,18.06000,18.14000,18.03000,18.06000,1871900
2018-08-13,18.10000,18.14000,18.03000,18.07000,1427500
2018-08-14,18.09000,18.18000,18.08000,18.12000,1284600
2018-08-15,18.09000,18.15000,18.04000,18.10000,1596800
2018-08-16,18.15000,18.27000,18.13000,18.22000,1867100
2018-08-17,18.23000,18.34000,18.23000,18.33000,1800400
2018-08-20,18.37000,18.43000,18.31000,18.43000,1694800
2018-08-21,18.44000,18.53000,18.44000,18.47000,2105700
2018-08-22,18.47000,18.49000,18.36000,18.38000,1939200
2018-08-23,18.38000,18.42000,18.31000,18.32000,1258300
2018-08-24,18.34000,18.35000,18.28000,18.34000,953500
2018-08-27,18.36000,18.50000,18.36000,18.45000,1867000
2018-08-28,18.46000,18.53000,18.44000,18.50000,2139800
2018-08-29,18.50000,18.57000,18.44000,18.50000,2072900
2018-08-30,18.52000,18.60000,18.44000,18.55000,2189100
2018-08-31,18.53000,18.60000,18.51000,18.57000,1440400
2018-09-04,18.55000,18.68000,18.50000,18.55000,3189600
2018-09-05,18.55000,18.70000,18.55000,18.68000,2894300
2018-09-06,18.70000,18.75000,18.62000,18.67000,2602300
2018-09-07,18.65000,18.68000,18.45000,18.50000,2540000
2018-09-10,18.55000,18.58000,18.50000,18.55000,2368200
2018-09-11,18.55000,18.62000,18.53000,18.56000,3464700
2018-09-12,18.55000,18.56000,18.22000,18.28000,3089100
2018-09-13,18.34000,18.46000,18.30000,18.35000,2923600
2018-09-14,18.37000,18.37000,18.11000,18.24000,3159900
2018-09-17,18.25000,18.25000,18.14000,18.18000,2524800
2018-09-18,18.15000,18.19000,18.11000,18.14000,2846500
2018-09-19,18.18000,18.19000,18.06000,18.09000,2743000
2018-09-20,18.14000,18.16000,17.94000,18.07000,3337200
2018-09-21,18.10000,18.20000,18.05000,18.16000,5458600
2018-09-24,18.21000,18.32000,18.17000,18.23000,3635400
2018-09-25,18.28000,18.30000,18.00000,18.09000,3976300
2018-09-26,18.12000,18.12000,17.94000,17.98000,3538600
2018-09-27,18.00000,18.30000,18.00000,18.18000,3443000
2018-09-28,17.77000,17.90000,17.74000,17.82000,2781500
2018-10-01,17.80000,17.88000,17.67000,17.78000,3326900
2018-10-02,17.75000,17.90000,17.74000,17.81000,2222100
2018-10-03,17.79000,17.90000,17.75000,17.75000,2766300
2018-10-04,17.74000,17.77000,17.48000,17.65000,5951100
2018-10-05,17.71000,17.73000,17.55000,17.57000,2643300
2018-10-08,17.57000,17.81000,17.53000,17.80000,3185500
2018-10-09,17.83000,18.05000,17.77000,18.00000,2838400
2018-10-10,18.01000,18.11000,17.59000,17.60000,3640700
2018-10-11,17.56000,17.67000,17.30000,17.31000,3619500
2018-10-12,17.53000,17.56000,17.21000,17.34000,3206900
2018-10-15,17.37000,17.60000,17.37000,17.51000,2028200
2018-10-16,17.59000,17.77000,17.50000,17.70000,2040800
2018-10-17,17.70000,17.98000,17.70000,17.96000,2871400
2018-10-18,17.98000,18.08000,17.78000,17.84000,2030400
2018-10-19,17.82000,18.02000,17.82000,17.91000,1781700
2018-10-22,17.97000,18.05000,17.89000,17.90000,2061400
2018-10-23,17.80000,17.84000,17.47000,17.65000,2826200
2018-10-24,17.68000,17.89000,17.59000,17.65000,2949900
2018-10-25,17.75000,18.04000,17.58000,17.95000,3321200
2018-10-26,17.89000,17.91000,17.33000,17.46000,4687600
2018-10-29,17.61000,17.95000,17.36000,17.47000,3631100
2018-10-30,17.46000,17.75000,17.39000,17.73000,3622900
2018-10-31,17.78000,18.00000,17.78000,17.88000,4267900
2018-11-01,17.32000,17.35000,17.09000,17.13000,26482100
2018-11-02,17.19000,17.30000,17.13000,17.22000,10042400
2018-11-05,17.25000,17.49000,17.25000,17.30000,9297800
2018-11-06,17.31000,17.36000,17.16000,17.26000,6022800
2018-11-07,17.31000,17.39000,17.17000,17.37000,5506400
2018-11-08,17.37000,17.47000,17.35000,17.41000,4455900
2018-11-09,17.41000,17.63000,17.29000,17.63000,6973700
2018-11-12,17.66000,17.82000,17.56000,17.65000,7063600
2018-11-13,17.71000,17.81000,17.67000,17.72000,4776700
2018-11-14,17.77000,17.81000,17.61000,17.76000,4441700
2018-11-15,17.63000,17.68000,17.26000,17.29000,6258900
2018-11-16,17.29000,17.33000,17.19000,17.26000,3819100
2018-11-19,17.25000,17.38000,17.11000,17.20000,3357000
2018-11-20,17.09000,17.11000,16.57000,16.68000,7921400
2018-11-21,16.70000,16.82000,16.64000,16.71000,4096300
2018-11-23,16.74000,16.90000,16.71000,16.77000,1097000
2018-11-26,16.89000,17.04000,16.87000,17.04000,2299000
2018-11-27,17.05000,17.18000,17.02000,17.04000,2681400
2018-11-28,17.06000,17.25000,17.01000,17.20000,2389200
2018-11-29,17.17000,17.38000,17.13000,17.30000,2593300
2018-11-30,17.25000,17.30000,17.04000,17.20000,4573300
2018-12-03,17.29000,17.42000,17.19000,17.42000,3542900
2018-12-04,17.39000,17.47000,17.05000,17.07000,3297000
2018-12-06,17.00000,17.04000,16.68000,17.02000,6243200
2018-12-07,17.03000,17.06000,16.80000,16.90000,3269600
2018-12-10,16.90000,16.93000,16.53000,16.68000,3856900
2018-12-11,16.76000,16.80000,16.29000,16.29000,5209100
2018-12-12,16.35000,16.41000,16.11000,16.11000,6968600
2018-12-13,16.16000,16.16000,15.53000,15.57000,11649600
2018-12-14,15.55000,15.95000,15.51000,15.68000,6013300
2018-12-17,15.68000,15.73000,14.95000,14.98000,9935000
2018-12-18,15.10000,15.43000,15.09000,15.20000,6629000
2018-12-19,15.26000,15.34000,14.89000,14.90000,7526100
2018-12-20,14.90000,14.93000,14.06000,14.31000,10696000
2018-12-21,14.42000,14.81000,14.31000,14.41000,9428100
2018-12-24,14.35000,14.40000,13.86000,14.00000,4335500
2018-12-26,14.09000,14.91000,14.09000,14.91000,5945000
2018-12-27,14.83000,15.00000,14.40000,14.98000,7456800
2018-12-28,14.52000,14.63000,14.42000,14.49000,4499100
2018-12-31,14.50000,14.55000,14.10000,14.21000,5595100
2019-01-02,14.14000,14.41000,14.03000,14.33000,3245000
2019-01-03,14.25000,14.53000,14.21000,14.36000,3455200
2019-01-04,14.44000,14.87000,14.44000,14.80000,3846300
2019-01-07,14.89000,15.35000,14.87000,15.08000,4843000
2019-01-08,15.19000,15.32000,15.11000,15.23000,3425500
2019-01-09,15.34000,15.66000,15.34000,15.64000,5325400
2019-01-10,15.60000,15.79000,15.52000,15.73000,3636600
2019-01-11,15.79000,15.80000,15.61000,15.78000,2796800
2019-01-14,15.75000,15.93000,15.72000,15.83000,3224600
2019-01-15,15.87000,15.96000,15.79000,15.89000,3586800
2019-01-16,15.96000,16.12000,15.95000,15.99000,2828000
2019-01-17,16.05000,16.14000,16.00000,16.09000,3169000
2019-01-18,16.14000,16.27000,16.11000,16.18000,3239600
2019-01-22,16.20000,16.27000,16.03000,16.17000,3160300
2019-01-23,16.22000,16.37000,16.16000,16.35000,3175000
2019-01-24,16.36000,16.49000,16.35000,16.46000,2523600
2019-01-25,16.56000,16.66000,16.55000,16.65000,3084500
2019-01-28,16.63000,16.79000,16.54000,16.70000,3776000
2019-01-29,16.74000,16.83000,16.70000,16.82000,2409500
2019-01-30,16.84000,16.92000,16.75000,16.89000,3366700
2019-01-31,16.88000,16.98000,16.81000,16.98000,2955900
2019-02-01,16.98000,17.04000,16.87000,16.98000,3786200
2019-02-04,17.00000,17.05000,16.87000,17.04000,2659500
2019-02-05,17.05000,17.10000,16.93000,17.06000,2867600
2019-02-06,17.03000,17.05000,16.92000,16.98000,2406800
2019-02-07,16.93000,17.01000,16.73000,16.85000,3309900
2019-02-08,16.82000,16.87000,16.64000,16.74000,3092200
2019-02-11,16.77000,16.89000,16.67000,16.80000,2708600
2019-02-12,16.91000,17.34000,16.90000,17.17000,5960500
2019-02-13,17.17000,17.25000,16.95000,17.09000,3225500
2019-02-14,17.04000,17.11000,16.87000,17.03000,3172200
2019-02-15,17.11000,17.14000,16.95000,17.12000,3044600
2019-02-19,17.11000,17.19000,17.02000,17.02000,4576100
2019-02-20,16.45000,16.49000,16.35000,16.40000,37112000
2019-02-21,16.41000,16.65000,16.39000,16.57000,15087100
2019-02-22,16.60000,16.61000,16.40000,16.54000,12242000
2019-02-25,16.60000,16.70000,16.45000,16.53000,7194800
2019-02-26,16.57000,16.63000,16.52000,16.54000,6747100
2019-02-27,16.55000,16.63000,16.41000,16.55000,4662900
2019-02-28,16.54000,16.65000,16.46000,16.54000,4701700
2019-03-01,16.58000,16.66000,16.51000,16.56000,7311400
2019-03-04,16.63000,16.72000,16.51000,16.68000,5005200
2019-03-05,16.68000,16.70000,16.55000,16.56000,3268700
2019-03-06,16.56000,16.64000,16.45000,16.49000,4505300
2019-03-07,16.49000,16.53000,16.37000,16.42000,3585200
2019-03-08,16.36000,16.48000,16.25000,16.38000,3118900
2019-03-11,16.47000,16.63000,16.46000,16.62000,3656700
2019-03-12,16.64000,16.76000,16.63000,16.66000,3000200
2019-03-13,16.69000,16.80000,16.68000,16.71000,3424600
2019-03-14,16.74000,16.86000,16.72000,16.80000,3556200
2019-03-15,16.78000,16.84000,16.73000,16.82000,4922400
2019-03-18,16.81000,16.96000,16.79000,16.95000,2710900
2019-03-19,16.99000,17.02000,16.82000,16.86000,4806800
2019-03-20,16.87000,16.92000,16.71000,16.73000,5456300
2019-03-21,16.74000,16.96000,16.74000,16.90000,4382400
2019-03-22,16.89000,16.89000,16.57000,16.59000,5037900
2019-03-25,16.59000,16.74000,16.50000,16.66000,3247400
2019-03-26,16.72000,16.86000,16.72000,16.77000,3743800
2019-03-27,16.90000,17.03000,16.86000,16.91000,4132200
2019-03-28,16.93000,17.00000,16.87000,17.00000,4516000
2019-03-29,17.01000,17.06000,16.87000,16.91000,4679500
2019-04-01,17.01000,17.18000,16.98000,17.17000,5904300
2019-04-02,17.25000,17.26000,17.07000,17.17000,5522200
2019-04-03,16.79000,16.79000,16.53000,16.60000,5671300
2019-04-04,16.57000,16.68000,16.53000,16.68000,3128200
2019-04-05,16.68000,16.70000,16.64000,16.69000,3491300
2019-04-08,16.65000,16.75000,16.61000,16.74000,3472800
2019-04-09,16.72000,16.72000,16.61000,16.62000,2416200
2019-04-10,16.66000,16.68000,16.58000,16.61000,2795600
2019-04-11,16.65000,16.67000,16.56000,16.57000,2203600
2019-04-12,16.61000,16.64000,16.52000,16.61000,3146500
2019-04-15,16.60000,16.65000,16.52000,16.56000,2065800
2019-04-16,16.58000,16.71000,16.58000,16.66000,2308100
2019-04-17,16.69000,16.70000,16.60000,16.66000,2199700
2019-04-18,16.68000,16.75000,16.61000,16.71000,1856600
2019-04-22,16.69000,16.70000,16.55000,16.63000,2517000
2019-04-23,16.65000,16.79000,16.64000,16.75000,3424600
2019-04-24,16.78000,16.89000,16.77000,16.87000,2660900
2019-04-25,16.89000,16.89000,16.72000,16.72000,2450200
2019-04-26,16.85000,16.85000,16.72000,16.83000,2904600
2019-04-29,16.84000,16.87000,16.73000,16.75000,2736100
2019-04-30,16.75000,16.81000,16.67000,16.81000,3069600
2019-05-01,16.75000,17.05000,16.70000,16.79000,5600000
2019-05-02,16.80000,16.86000,16.62000,16.66000,3453800
2019-05-03,16.68000,16.72000,16.55000,16.60000,3141000
2019-05-06,16.55000,16.70000,16.42000,16.67000,2864500
2019-05-07,16.70000,16.78000,16.64000,16.74000,3130400
2019-05-08,16.70000,16.84000,16.66000,16.76000,2955500
2019-05-09,16.71000,16.71000,16.44000,16.65000,3565400
2019-05-10,16.61000,16.80000,16.54000,16.78000,2298600
2019-05-13,16.64000,16.67000,16.49000,16.55000,2520700
2019-05-14,16.58000,16.70000,16.53000,16.67000,2013000
2019-05-15,16.63000,16.71000,16.58000,16.68000,1741500
2019-05-16,16.73000,16.82000,16.69000,16.76000,1849000
2019-05-17,16.75000,16.75000,16.61000,16.62000,2068100
2019-05-20,16.62000,16.64000,16.51000,16.53000,1965500
2019-05-21,16.59000,16.63000,16.56000,16.60000,1728500
2019-05-22,16.60000,16.65000,16.50000,16.59000,2717600
2019-05-23,16.52000,16.58000,16.47000,16.52000,2397200
2019-05-24,16.57000,16.60000,16.49000,16.52000,2486900
2019-05-28,16.55000,16.61000,16.40000,16.40000,2254900
2019-05-29,16.38000,16.42000,15.90000,15.98000,5836200
2019-05-30,16.00000,16.06000,15.56000,15.59000,4997700
2019-05-31,15.41000,15.41000,14.84000,15.25000,7630000
2019-06-03,15.25000,15.64000,15.22000,15.48000,3171600
2019-06-04,15.56000,15.87000,15.52000,15.85000,2995400
2019-06-05,15.98000,16.07000,15.66000,15.72000,3352700
2019-06-06,15.75000,15.79000,15.50000,15.74000,2347000
2019-06-07,15.53000,15.65000,15.02000,15.13000,10013300
2019-06-10,15.09000,15.39000,14.91000,15.32000,5426700
2019-06-11,15.38000,15.50000,15.31000,15.36000,2686500
2019-06-12,15.43000,15.58000,15.40000,15.42000,2424800
2019-06-13,15.45000,15.60000,15.43000,15.55000,2558600
2019-06-14,15.56000,15.60000,15.45000,15.46000,2423700
2019-06-17,15.49000,15.69000,15.49000,15.58000,2018100
2019-06-18,15.67000,15.98000,15.65000,15.77000,3183100
2019-06-19,15.85000,15.90000,15.76000,15.84000,2903000
2019-06-20,15.90000,15.96000,15.53000,15.83000,5014200
2019-06-21,15.83000,15.93000,15.71000,15.89000,3431800
2019-06-24,15.95000,16.06000,15.90000,16.01000,3197000
2019-06-25,16.08000,16.08000,15.63000,15.64000,5392100
2019-06-26,15.68000,15.83000,15.68000,15.72000,3605400
2019-06-27,15.78000,15.89000,15.73000,15.84000,3232200
2019-06-28,15.43000,15.54000,15.35000,15.39000,4490900
2019-07-01,15.48000,15.56000,15.33000,15.46000,3124000
2019-07-02,15.43000,15.48000,15.22000,15.33000,3587900
2019-07-03,15.25000,15.45000,15.24000,15.42000,1923500
2019-07-05,15.40000,15.57000,15.33000,15.56000,1960600
2019-07-08,15.55000,15.64000,15.36000,15.40000,3071200
2019-07-09,15.36000,15.44000,15.22000,15.30000,3458100
2019-07-10,15.33000,15.40000,15.25000,15.30000,3705700
2019-07-11,15.30000,15.36000,15.21000,15.29000,2985300
2019-07-12,15.30000,15.47000,15.28000,15.41000,3593300
2019-07-15,15.45000,15.51000,15.42000,15.45000,2167600
2019-07-16,15.45000,15.47000,15.21000,15.37000,3006800
2019-07-17,15.33000,15.35000,15.23000,15.28000,2129800
2019-07-18,15.22000,15.25000,15.00000,15.04000,4821300
2019-07-19,15.04000,15.32000,15.03000,15.18000,3263500
2019-07-22,15.19000,15.23000,15.11000,15.17000,2227600
2019-07-23,15.16000,15.36000,15.16000,15.34000,1933200
2019-07-24,15.35000,15.53000,15.34000,15.49000,3358900
2019-07-25,15.49000,15.54000,15.28000,15.38000,2547200
2019-07-26,15.46000,15.55000,15.39000,15.54000,2514400
2019-07-29,15.54000,15.67000,15.51000,15.51000,3917600
2019-07-30,15.32000,15.79000,15.27000,15.68000,5002000
2019-07-31,15.70000,15.88000,15.65000,15.69000,3778000
2019-08-01,15.68000,15.72000,15.46000,15.48000,3489500
2019-08-02,15.48000,15.51000,15.31000,15.37000,2253700
2019-08-05,15.19000,15.22000,14.72000,14.92000,5966800
2019-08-06,15.02000,15.10000,14.93000,15.09000,3625300
2019-08-07,15.00000,15.15000,14.76000,15.06000,3564900
2019-08-08,15.03000,15.31000,14.93000,15.27000,3579800
2019-08-09,15.23000,15.26000,14.87000,14.99000,3539700
2019-08-12,14.90000,14.92000,14.45000,14.45000,5164300
2019-08-13,14.39000,14.64000,14.39000,14.52000,5451600
2019-08-14,14.37000,14.42000,14.02000,14.06000,7203200
2019-08-15,14.12000,14.19000,13.91000,13.96000,4277300
2019-08-16,14.00000,14.28000,14.00000,14.16000,2664800
2019-08-19,14.27000,14.31000,14.18000,14.26000,2410300
2019-08-20,14.23000,14.29000,14.12000,14.14000,1760200
2019-08-21,14.30000,14.55000,14.29000,14.42000,4720500
2019-08-22,14.43000,14.48000,14.33000,14.48000,2945200
2019-08-23,14.40000,14.51000,14.14000,14.15000,4061400
2019-08-26,14.22000,14.27000,14.14000,14.21000,2841700
2019-08-27,14.25000,14.27000,13.86000,13.91000,4636000
2019-08-28,13.85000,13.99000,13.63000,13.96000,3824600
2019-08-29,14.06000,14.08000,13.96000,14.06000,3285000
2019-08-30,14.13000,14.18000,14.05000,14.07000,3101000
2019-09-03,14.00000,14.04000,13.87000,13.98000,3583300
2019-09-04,14.03000,14.15000,14.01000,14.10000,2171900
2019-09-05,14.16000,14.38000,14.15000,14.31000,2584500
2019-09-06,14.47000,14.59000,14.34000,14.51000,3886400
2019-09-09,14.55000,14.82000,14.55000,14.81000,3799500
2019-09-10,14.90000,15.08000,14.84000,15.06000,3741300
2019-09-11,15.14000,15.19000,14.97000,15.11000,3444200
2019-09-12,15.10000,15.11000,14.91000,14.98000,2728000
2019-09-13,15.02000,15.16000,15.01000,15.11000,2836400
2019-09-16,15.07000,15.17000,15.02000,15.11000,2061500
2019-09-17,15.06000,15.07000,14.96000,15.05000,2123200
2019-09-18,15.05000,15.07000,14.94000,14.98000,2317600
2019-09-19,15.05000,15.22000,15.01000,15.16000,2912500
2019-09-20,15.16000,15.27000,15.12000,15.21000,5323400
2019-09-23,15.18000,15.34000,15.18000,15.23000,3202100
2019-09-24,15.35000,15.60000,15.31000,15.33000,5317200
2019-09-25,15.33000,15.57000,15.32000,15.42000,2933900
2019-09-26,15.47000,15.60000,15.47000,15.58000,3408400
2019-09-27,15.60000,15.78000,15.55000,15.59000,3698500
2019-09-30,15.60000,15.73000,15.57000,15.68000,4436000
2019-10-01,15.70000,15.83000,15.36000,15.45000,5755600
2019-10-02,14.93000,14.93000,14.56000,14.76000,5039000
2019-10-03,14.70000,14.82000,14.47000,14.69000,5537000
2019-10-04,14.66000,14.76000,14.60000,14.76000,2665000
2019-10-07,15.01000,15.01000,14.83000,14.91000,4311000
2019-10-08,14.85000,14.91000,14.75000,14.81000,3555300
2019-10-09,14.88000,15.00000,14.85000,14.98000,2220100
2019-10-10,15.00000,15.24000,14.99000,15.21000,3249400
2019-10-11,15.39000,15.50000,15.39000,15.40000,3787500
2019-10-14,15.39000,15.40000,15.22000,15.33000,1666200
2019-10-15,15.33000,15.54000,15.33000,15.44000,2780600
2019-10-16,15.44000,15.47000,15.39000,15.41000,1756000
2019-10-17,15.42000,15.52000,15.39000,15.50000,1992000
2019-10-18,15.49000,15.55000,15.44000,15.49000,2126000
2019-10-21,15.50000,15.70000,15.50000,15.68000,2367400
2019-10-22,15.68000,15.85000,15.58000,15.83000,2474300
2019-10-23,15.85000,15.89000,15.69000,15.82000,2530100
2019-10-24,15.80000,15.82000,15.64000,15.77000,2447000
2019-10-25,15.82000,16.07000,15.61000,15.68000,5779000
2019-10-28,15.68000,15.74000,15.57000,15.68000,3652700
2019-10-29,15.68000,15.91000,15.68000,15.80000,2958100
2019-10-30,15.75000,15.79000,15.64000,15.72000,2415000
2019-10-31,15.88000,15.95000,15.66000,15.84000,3595400
2019-11-01,15.85000,16.08000,15.84000,15.98000,3255200
2019-11-04,16.01000,16.10000,16.00000,16.05000,2895600
2019-11-05,16.05000,16.07000,15.95000,15.98000,3015400
2019-11-06,15.94000,16.06000,15.84000,16.03000,1767800
2019-11-07,16.10000,16.18000,16.07000,16.13000,2449000
2019-11-08,16.11000,16.22000,16.05000,16.21000,3024900
2019-11-11,16.17000,16.22000,16.11000,16.12000,1855800
2019-11-12,16.11000,16.20000,16.03000,16.12000,2165600
2019-11-13,16.03000,16.10000,15.90000,16.05000,2625500
2019-11-14,15.90000,15.94000,15.13000,15.24000,11014700
2019-11-15,15.30000,15.42000,15.05000,15.20000,6653500
2019-11-18,15.19000,15.53000,15.16000,15.34000,3985800
2019-11-19,15.33000,15.39000,15.26000,15.32000,2960500
2019-11-20,15.31000,15.48000,15.24000,15.41000,3033300
2019-11-21,15.43000,15.45000,15.33000,15.39000,1827100
2019-11-22,15.38000,15.46000,15.33000,15.35000,1917500
2019-11-25,15.36000,15.53000,15.36000,15.49000,3476900
2019-11-26,15.54000,15.57000,15.45000,15.50000,2226800
2019-11-27,15.50000,15.55000,15.41000,15.47000,2098700
2019-11-29,15.51000,15.56000,15.47000,15.50000,1210000
2019-12-02,15.56000,15.77000,15.54000,15.69000,4059400
2019-12-03,15.65000,15.77000,15.55000,15.76000,2523900
2019-12-04,15.73000,15.84000,15.70000,15.78000,3589800
2019-12-05,15.78000,15.79000,15.66000,15.71000,2667900
2019-12-06,15.72000,15.87000,15.72000,15.81000,2176800
2019-12-09,15.83000,15.87000,15.71000,15.81000,2561700
2019-12-10,15.76000,15.90000,15.70000,15.75000,4218900
2019-12-11,15.71000,15.75000,15.59000,15.63000,3434200
2019-12-12,15.64000,15.79000,15.64000,15.73000,2118300
2019-12-13,15.75000,15.85000,15.68000,15.70000,3132100
2019-12-16,15.77000,15.87000,15.73000,15.75000,9848100
2019-12-17,15.89000,16.32000,15.86000,16.23000,6306500
2019-12-18,16.20000,16.31000,16.11000,16.24000,4078700
2019-12-19,16.28000,16.45000,16.26000,16.45000,4381900
2019-12-20,16.46000,16.61000,16.37000,16.49000,4498700
2019-12-23,16.60000,16.60000,16.44000,16.48000,3318300
2019-12-24,16.50000,16.57000,16.38000,16.52000,1387200
2019-12-26,16.55000,16.71000,16.55000,16.65000,3036500
2019-12-27,16.69000,16.73000,16.60000,16.67000,4111300
2019-12-30,16.23000,16.30000,16.02000,16.04000,3681700
2019-12-31,16.05000,16.21000,16.05000,16.11000,3264000
2020-01-02,16.16000,16.27000,16.10000,16.27000,2938600
2020-01-03,16.15000,16.24000,16.08000,16.14000,2560000
2020-01-06,16.10000,16.23000,16.07000,16.21000,3952600
2020-01-07,16.16000,16.27000,16.15000,16.22000,2089900
2020-01-08,16.23000,16.29000,16.17000,16.25000,2481900
2020-01-09,16.27000,16.40000,16.22000,16.34000,6909400
2020-01-10,16.37000,16.46000,16.31000,16.41000,3834700
2020-01-13,16.43000,16.49000,16.38000,16.44000,2911200
2020-01-14,16.45000,16.53000,16.43000,16.48000,2144300
2020-01-15,16.48000,16.68000,16.47000,16.54000,2568000
2020-01-16,16.63000,16.72000,16.60000,16.67000,10174000
2020-01-17,16.70000,16.74000,16.64000,16.70000,2728800
2020-01-21,16.70000,16.81000,16.67000,16.74000,3033300
2020-01-22,16.80000,16.83000,16.63000,16.72000,3200500
2020-01-23,16.67000,16.71000,16.48000,16.68000,3425200
2020-01-24,16.68000,16.74000,16.43000,16.50000,3135200
2020-01-27,16.35000,16.47000,16.27000,16.40000,2913500
2020-01-28,16.47000,16.68000,16.45000,16.63000,2593500
2020-01-29,16.70000,16.75000,16.65000,16.72000,2284100
2020-01-30,16.67000,16.82000,16.66000,16.80000,2615200
2020-01-31,16.85000,16.92000,16.72000,16.74000,5790500
2020-02-03,16.76000,16.95000,16.70000,16.81000,4779800
2020-02-04,16.90000,16.98000,16.77000,16.84000,3854900
2020-02-05,16.94000,17.05000,16.88000,16.95000,5596700
2020-02-06,17.23000,17.63000,17.10000,17.48000,12284700
2020-02-07,17.47000,17.54000,17.22000,17.24000,4798400
2020-02-10,17.31000,17.41000,17.16000,17.28000,4972800
2020-02-11,17.30000,17.53000,17.26000,17.41000,4206200
2020-02-12,17.46000,17.57000,17.40000,17.46000,4909900
2020-02-13,17.51000,17.60000,17.43000,17.50000,4507900
2020-02-14,17.50000,17.63000,17.45000,17.63000,2917300
2020-02-18,17.58000,17.64000,17.51000,17.59000,4714100
2020-02-19,17.65000,17.66000,17.46000,17.53000,4774800
2020-02-20,17.53000,17.60000,17.46000,17.60000,4231200
2020-02-21,17.58000,17.59000,17.37000,17.44000,5281900
2020-02-24,17.04000,17.25000,16.88000,17.18000,5732600
2020-02-25,17.20000,17.33000,16.60000,16.69000,7494600
2020-02-26,16.69000,17.08000,16.64000,16.76000,5441200
2020-02-27,16.53000,16.59000,15.78000,15.98000,12195100
2020-02-28,15.33000,15.77000,15.13000,15.56000,12678900
2020-03-02,15.68000,16.54000,15.68000,16.54000,7946000
2020-03-03,16.57000,16.83000,15.98000,16.19000,7343600
2020-03-04,16.36000,16.56000,16.20000,16.44000,9342500
2020-03-05,16.21000,16.37000,15.99000,16.11000,7191100
2020-03-06,15.75000,15.83000,15.24000,15.71000,6443100
2020-03-09,14.40000,14.85000,14.05000,14.07000,10028300
2020-03-10,14.87000,14.87000,13.99000,14.59000,5518400
2020-03-11,14.26000,14.26000,13.56000,13.75000,9067600
2020-03-12,11.77000,12.09000,10.90000,11.61000,17911400
2020-03-13,13.50000,13.51000,11.50000,12.09000,10461300
2020-03-16,10.50000,11.18000,10.13000,10.56000,9971700
2020-03-17,10.69000,10.74000,9.01000,9.85000,13830700
2020-03-18,9.07000,9.16000,4.36000,5.73000,26043000
2020-03-19,6.40000,7.50000,5.07000,6.75000,20996900
2020-03-20,7.73000,9.15000,6.91000,7.01000,19506900
2020-03-23,7.03000,7.08000,5.05000,5.29000,27053900
2020-03-24,6.01000,6.04000,4.52000,4.57000,33231100
2020-03-25,5.10000,5.97000,4.52000,5.19000,29099200
2020-03-26,5.70000,8.10000,5.54000,7.26000,41008800
2020-03-27,7.22000,7.71000,6.80000,6.88000,20416700
2020-03-30,6.50000,6.55000,5.29000,5.97000,15734900
2020-03-31,5.41000,5.85000,4.72000,5.01000,29014700
2020-04-01,4.64000,4.89000,4.28000,4.36000,21590200
2020-04-02,4.37000,4.66000,4.24000,4.26000,13854500
2020-04-03,4.18000,4.19000,2.91000,3.33000,40110000
2020-04-06,3.76000,3.87000,3.33000,3.43000,23784400
2020-04-07,3.85000,4.73000,3.70000,3.96000,34466400
2020-04-08,4.37000,5.27000,4.12000,5.11000,29367900
2020-04-09,5.95000,6.83000,5.35000,5.75000,33685800
2020-04-13,5.97000,5.98000,5.05000,5.34000,20626800
2020-04-14,5.46000,5.73000,5.01000,5.21000,13924800
2020-04-15,4.89000,4.99000,4.65000,4.85000,10120400
2020-04-16,4.83000,4.90000,4.54000,4.67000,9905800
2020-04-17,4.95000,5.57000,4.86000,5.34000,18509100
2020-04-20,5.03000,5.29000,4.85000,5.02000,10200300
2020-04-21,4.84000,5.91000,4.79000,5.85000,22190300
2020-04-22,6.16000,6.36000,5.40000,5.53000,16757100
2020-04-23,5.48000,5.88000,5.46000,5.52000,8731700
2020-04-24,5.38000,5.39000,4.95000,5.22000,15311600
2020-04-27,5.25000,5.71000,5.07000,5.55000,11132800
2020-04-28,5.90000,6.06000,5.57000,5.90000,12506100
2020-04-29,6.16000,6.77000,6.06000,6.56000,14745400
2020-04-30,6.45000,6.49000,5.96000,6.09000,11582900
2020-05-01,5.89000,6.06000,5.62000,5.85000,9148200
2020-05-04,5.56000,6.07000,5.45000,6.06000,12586300
2020-05-05,6.85000,7.11000,6.45000,6.52000,23667600
2020-05-06,6.50000,6.79000,6.07000,6.11000,11647000
2020-05-07,6.22000,6.55000,6.12000,6.27000,9552500
2020-05-08,6.38000,6.64000,6.31000,6.60000,8112500
2020-05-11,6.43000,6.47000,6.26000,6.31000,8181000
2020-05-12,6.38000,6.45000,6.02000,6.11000,9112400
2020-05-13,6.00000,6.04000,5.45000,5.66000,14271100
2020-05-14,5.49000,6.11000,5.30000,6.09000,10204400
2020-05-15,5.95000,6.19000,5.86000,5.91000,9701900
2020-05-18,6.22000,6.32000,5.92000,6.11000,12855200
2020-05-19,6.10000,6.30000,5.78000,6.13000,11023000
2020-05-20,6.37000,6.83000,6.31000,6.68000,12596300
2020-05-21,6.69000,7.15000,6.63000,6.96000,16200800
2020-05-22,7.00000,7.04000,6.70000,7.00000,6926900
2020-05-26,7.27000,7.52000,7.15000,7.37000,8502300
2020-05-27,7.67000,7.82000,7.21000,7.63000,9973600
2020-05-28,7.69000,8.04000,7.45000,7.54000,9372000
2020-05-29,7.35000,7.51000,7.13000,7.17000,10263600
2020-06-01,7.08000,7.61000,7.01000,7.50000,7373000
2020-06-02,7.60000,7.73000,7.31000,7.42000,6860800
2020-06-03,7.60000,8.11000,7.58000,7.88000,9595500
2020-06-04,7.88000,8.41000,7.75000,8.26000,10127300
2020-06-05,9.05000,9.42000,8.37000,8.44000,12128200
2020-06-08,8.95000,9.06000,8.61000,8.90000,17659700
2020-06-09,8.58000,9.10000,8.36000,8.56000,9251000
2020-06-10,8.65000,8.65000,7.92000,7.93000,11593500
2020-06-11,7.25000,7.67000,6.90000,7.27000,11157300
2020-06-12,7.78000,7.83000,7.28000,7.71000,6831000
2020-06-15,7.30000,8.03000,7.11000,7.90000,9711100
2020-06-16,8.49000,8.49000,7.73000,7.97000,7245200
2020-06-17,7.97000,8.00000,7.64000,7.71000,5451400
2020-06-18,7.60000,7.91000,7.51000,7.63000,4333000
2020-06-19,7.68000,7.98000,7.44000,7.45000,12761400
2020-06-22,7.41000,7.50000,7.30000,7.41000,5445200
2020-06-23,7.80000,8.04000,7.66000,8.03000,8322200
2020-06-24,7.85000,7.89000,7.13000,7.38000,8238500
2020-06-25,7.20000,7.55000,7.14000,7.51000,5465600
2020-06-26,7.44000,7.50000,7.08000,7.14000,6461900
2020-06-29,7.09000,7.44000,6.84000,7.41000,4777100
2020-06-30,7.38000,7.50000,7.27000,7.43000,4350800
2020-07-01,7.30000,7.54000,7.15000,7.24000,4868000
2020-07-02,7.36000,7.36000,6.90000,6.90000,6839400
2020-07-06,7.00000,7.27000,6.92000,7.20000,10921900
2020-07-07,7.15000,7.15000,6.79000,6.80000,5629200
2020-07-08,6.82000,7.00000,6.71000,6.83000,6085100
2020-07-09,6.82000,6.84000,6.38000,6.49000,6730200
2020-07-10,6.48000,6.85000,6.39000,6.82000,5697900
2020-07-13,6.85000,6.99000,6.69000,6.70000,5252800
2020-07-14,6.65000,6.82000,6.52000,6.74000,2991200
2020-07-15,6.95000,7.35000,6.93000,7.30000,7269300
2020-07-16,7.28000,7.67000,7.24000,7.55000,7222700
2020-07-17,7.56000,7.83000,7.52000,7.71000,6065800
2020-07-20,7.66000,7.76000,7.51000,7.57000,5245400
2020-07-21,7.57000,7.97000,7.52000,7.89000,6956900
2020-07-22,7.89000,8.02000,7.76000,7.99000,11336600
2020-07-23,7.95000,8.19000,7.73000,7.80000,6750300
2020-07-24,7.76000,7.88000,7.57000,7.61000,3711400
2020-07-27,7.67000,7.83000,7.60000,7.77000,3093400
2020-07-28,7.86000,8.07000,7.82000,7.94000,5554500
2020-07-29,8.01000,8.17000,7.97000,8.15000,4116300
2020-07-30,8.01000,8.12000,7.96000,8.07000,3872500
2020-07-31,8.10000,8.15000,7.75000,7.93000,4462800
2020-08-03,7.91000,7.94000,7.77000,7.84000,6414700
2020-08-04,7.84000,7.86000,7.74000,7.79000,3208100
2020-08-05,7.87000,7.97000,7.78000,7.96000,2906800
2020-08-06,7.91000,8.16000,7.85000,7.99000,4937600
2020-08-07,7.96000,8.07000,7.85000,8.06000,3614900
2020-08-10,8.08000,8.49000,8.07000,8.39000,5922700
2020-08-11,8.56000,8.73000,8.31000,8.36000,5924300
2020-08-12,8.50000,8.51000,8.06000,8.17000,4001000
2020-08-13,8.10000,8.29000,7.95000,7.96000,4497400
2020-08-14,7.95000,8.24000,7.91000,8.17000,2732100
2020-08-17,8.16000,8.20000,7.97000,8.05000,2325900
2020-08-18,8.05000,8.14000,7.83000,7.90000,3975500
2020-08-19,7.90000,7.98000,7.68000,7.72000,8021900
2020-08-20,7.71000,8.00000,7.61000,7.86000,5631200
2020-08-21,7.83000,7.89000,7.71000,7.75000,4550300
2020-08-24,7.77000,8.04000,7.66000,8.01000,5071600
2020-08-25,8.03000,8.07000,7.83000,7.92000,3639000
2020-08-26,7.93000,8.00000,7.74000,7.74000,3680600
2020-08-27,7.72000,7.87000,7.70000,7.82000,2899700
2020-08-28,7.84000,7.92000,7.78000,7.90000,2954000
2020-08-31,7.86000,7.89000,7.66000,7.74000,4102600
2020-09-01,7.64000,7.81000,7.58000,7.65000,2958900
2020-09-02,7.63000,7.73000,7.54000,7.70000,4379400
2020-09-03,7.73000,7.84000,7.47000,7.55000,6595500
2020-09-04,7.54000,7.70000,7.36000,7.49000,4459300
2020-09-08,7.45000,7.61000,7.40000,7.46000,3866700
2020-09-09,7.42000,7.53000,7.37000,7.46000,2682100
2020-09-10,7.45000,7.61000,7.33000,7.33000,3488700
2020-09-11,7.39000,7.39000,7.11000,7.27000,4287300
2020-09-14,7.30000,7.97000,7.29000,7.96000,6849100
2020-09-15,7.96000,8.10000,7.85000,7.91000,5201400
2020-09-16,7.95000,8.18000,7.85000,8.12000,4777900
2020-09-17,8.12000,8.22000,7.97000,8.18000,3935500
2020-09-18,8.16000,8.17000,8.00000,8.11000,6760300
2020-09-21,7.94000,7.97000,7.61000,7.71000,6038600
2020-09-22,7.73000,7.83000,7.63000,7.69000,2878900
2020-09-23,7.71000,7.85000,7.44000,7.46000,4289100
2020-09-24,7.72000,7.73000,7.42000,7.59000,5232300
2020-09-25,7.60000,7.96000,7.58000,7.91000,3775800
2020-09-28,8.03000,8.27000,8.01000,8.19000,4564700
2020-09-29,8.19000,8.19000,7.82000,7.89000,4211700
2020-09-30,7.92000,8.12000,7.86000,7.95000,3619800
2020-10-01,8.00000,8.13000,7.90000,8.12000,3825200
2020-10-02,7.79000,8.19000,7.75000,8.18000,5877800
2020-10-05,8.13000,8.35000,8.13000,8.34000,4145600
2020-10-06,8.35000,8.53000,8.16000,8.18000,8206300
2020-10-07,8.30000,8.35000,8.11000,8.19000,6302700
2020-10-08,8.25000,8.46000,8.25000,8.42000,3611100
2020-10-09,8.42000,8.50000,8.21000,8.29000,3198700
2020-10-12,8.29000,8.39000,8.27000,8.38000,2673800
2020-10-13,8.32000,8.37000,8.24000,8.25000,3570500
2020-10-14,8.26000,8.37000,8.21000,8.21000,2095700
2020-10-15,8.15000,8.24000,8.14000,8.20000,1780900
2020-10-16,8.17000,8.25000,8.10000,8.15000,3066000
2020-10-19,8.22000,8.29000,8.05000,8.05000,3312100
2020-10-20,8.21000,8.43000,8.16000,8.43000,6679900
2020-10-21,8.40000,8.43000,8.14000,8.21000,4439900
2020-10-22,8.19000,8.47000,8.19000,8.47000,5526700
2020-10-23,8.48000,8.76000,8.42000,8.73000,5001000
2020-10-26,8.33000,8.53000,7.85000,7.92000,12176200
2020-10-27,7.96000,8.09000,7.73000,7.73000,4324200
2020-10-28,7.62000,7.68000,7.37000,7.40000,5638400
2020-10-29,7.40000,7.63000,7.27000,7.59000,4359400
2020-10-30,7.56000,7.56000,7.30000,7.50000,5603800
2020-11-02,7.66000,8.00000,7.58000,7.96000,5354900
2020-11-03,8.07000,8.17000,7.96000,8.00000,3997000
2020-11-04,7.97000,8.00000,7.69000,7.85000,5029600
2020-11-05,7.89000,8.08000,7.87000,7.98000,3763700
2020-11-06,7.98000,8.03000,7.74000,7.79000,4163000
2020-11-09,8.19000,8.32000,8.07000,8.21000,8276200
2020-11-10,8.23000,8.46000,8.13000,8.39000,5500000
2020-11-11,8.38000,8.46000,8.18000,8.22000,3917300
2020-11-12,8.15000,8.21000,7.91000,8.00000,3545800
2020-11-13,8.09000,8.35000,8.06000,8.33000,3379200
2020-11-16,8.50000,8.68000,8.40000,8.63000,4746300
2020-11-17,8.48000,8.65000,8.43000,8.62000,2331700
2020-11-18,8.65000,8.87000,8.49000,8.49000,3190300
2020-11-19,8.49000,8.62000,8.36000,8.62000,4214200
2020-11-20,9.30000,9.50000,9.08000,9.48000,11737000
2020-11-23,9.63000,9.84000,9.48000,9.76000,6424900
2020-11-24,10.00000,10.04000,9.61000,9.84000,8304500
2020-11-25,9.84000,9.86000,9.63000,9.71000,4792700
2020-11-27,9.70000,9.80000,9.61000,9.66000,1888400
2020-11-30,9.63000,9.65000,9.20000,9.26000,6479000
2020-12-01,9.42000,9.60000,9.34000,9.37000,3508300
2020-12-02,9.32000,9.52000,9.25000,9.50000,2556000
2020-12-03,9.59000,9.79000,9.47000,9.64000,4928000
2020-12-04,9.75000,9.85000,9.70000,9.75000,5694000
2020-12-07,9.68000,9.68000,9.42000,9.50000,4568300
2020-12-08,9.46000,9.64000,9.42000,9.56000,3407800
2020-12-09,9.60000,9.62000,9.40000,9.51000,2532100
2020-12-10,9.39000,9.47000,9.32000,9.42000,2694400
2020-12-11,9.37000,9.46000,9.25000,9.31000,2328900
2020-12-14,9.42000,9.58000,9.36000,9.39000,2955900
2020-12-15,9.42000,9.57000,9.34000,9.56000,2466200
2020-12-16,9.58000,9.64000,9.49000,9.60000,2194200
2020-12-17,9.80000,10.04000,9.67000,10.04000,6069600
2020-12-18,10.21000,10.25000,9.80000,9.95000,8917600
2020-12-21,9.86000,10.05000,9.77000,10.05000,5036700
2020-12-22,10.10000,10.13000,9.91000,9.93000,2948600
2020-12-23,9.97000,10.29000,9.96000,10.22000,5295100
2020-12-24,10.23000,10.26000,10.02000,10.11000,1266300
2020-12-28,10.18000,10.29000,10.11000,10.17000,3371300
2020-12-29,10.18000,10.20000,9.85000,9.95000,6167700
2020-12-30,9.77000,9.96000,9.64000,9.81000,4852700
2020-12-31,9.80000,9.98000,9.74000,9.94000,3469600
2021-01-04,9.95000,9.95000,9.43000,9.48000,7254600
2021-01-05,9.50000,9.64000,9.44000,9.45000,3938400
2021-01-06,9.50000,9.80000,9.46000,9.59000,6600100
2021-01-07,9.65000,9.75000,9.61000,9.68000,3579000
2021-01-08,9.72000,9.74000,9.54000,9.65000,2721100
2021-01-11,9.54000,9.72000,9.47000,9.54000,2278400
2021-01-12,9.54000,9.65000,9.50000,9.55000,2716000
2021-01-13,9.58000,9.66000,9.42000,9.44000,2796600
2021-01-14,9.48000,9.64000,9.42000,9.62000,2625800
2021-01-15,9.59000,9.59000,9.38000,9.40000,3299400
2021-01-19,9.44000,9.49000,9.39000,9.48000,3460300
2021-01-20,9.52000,9.66000,9.43000,9.55000,3840500
2021-01-21,9.65000,9.83000,9.56000,9.77000,3417500
2021-01-22,9.73000,9.82000,9.61000,9.79000,3723800
2021-01-25,9.78000,9.92000,9.68000,9.82000,3512900
2021-01-26,9.90000,10.01000,9.79000,9.80000,3388200
2021-01-27,9.69000,9.71000,9.36000,9.40000,6421700
2021-01-28,9.49000,9.80000,9.47000,9.76000,4324700
2021-01-29,9.74000,9.75000,9.32000,9.39000,5004700
2021-02-01,9.50000,9.65000,9.33000,9.65000,4415600
2021-02-02,9.75000,9.95000,9.66000,9.94000,5643000
2021-02-03,9.97000,9.98000,9.80000,9.80000,4110800
2021-02-04,9.88000,10.06000,9.84000,10.00000,4525700
2021-02-05,10.02000,10.06000,9.90000,10.02000,3276900
2021-02-08,10.03000,10.15000,10.00000,10.12000,4144100
2021-02-09,9.77000,9.86000,9.42000,9.58000,13498600
2021-02-10,9.64000,9.88000,9.61000,9.83000,6131500
2021-02-11,9.82000,9.84000,9.48000,9.56000,6345400
2021-02-12,9.58000,9.80000,9.53000,9.74000,4447000
2021-02-16,9.90000,10.08000,9.84000,10.08000,6449800
2021-02-17,10.01000,10.09000,9.76000,9.97000,6854200
2021-02-18,9.91000,9.99000,9.66000,9.74000,6625100
2021-02-19,9.78000,9.98000,9.76000,9.90000,3059500
2021-02-22,9.84000,10.07000,9.84000,9.94000,5367100
2021-02-23,9.91000,9.97000,9.65000,9.88000,5280000
2021-02-24,9.95000,10.47000,9.93000,10.45000,9270100
2021-02-25,10.48000,10.75000,10.09000,10.12000,9061300
2021-02-26,10.16000,10.46000,10.09000,10.28000,6065500
2021-03-01,10.44000,10.62000,10.43000,10.52000,5284500
2021-03-02,10.47000,10.70000,10.44000,10.62000,3949800
2021-03-03,10.63000,10.79000,10.51000,10.51000,3884900
2021-03-04,10.61000,10.67000,10.13000,10.32000,5333100
2021-03-05,10.45000,10.54000,9.81000,10.40000,5780400
2021-03-08,10.50000,10.83000,10.46000,10.63000,4694600
2021-03-09,10.70000,10.72000,10.48000,10.61000,3699000
2021-03-10,10.72000,10.86000,10.65000,10.74000,3133000
2021-03-11,10.74000,10.88000,10.67000,10.84000,3849900
2021-03-12,10.86000,11.06000,10.85000,10.93000,5205500
2021-03-15,11.01000,11.15000,10.90000,11.13000,3608300
2021-03-16,11.13000,11.20000,11.02000,11.12000,3917400
2021-03-17,11.05000,11.33000,11.02000,11.33000,3239200
2021-03-18,11.33000,11.38000,10.98000,11.01000,3753300
2021-03-19,10.95000,11.25000,10.83000,11.05000,6248700
2021-03-22,11.08000,11.15000,10.96000,11.14000,3372300
2021-03-23,11.08000,11.13000,10.66000,10.76000,5628400
2021-03-24,10.87000,11.14000,10.80000,10.80000,3291100
2021-03-25,10.73000,11.05000,10.51000,10.99000,4830600
2021-03-26,11.06000,11.16000,10.91000,11.09000,3189600
2021-03-29,11.00000,11.11000,10.86000,10.92000,2446900
2021-03-30,10.97000,11.30000,10.95000,11.30000,4762700
2021-03-31,11.29000,11.48000,11.24000,11.25000,5725600
2021-04-01,11.13000,11.21000,11.01000,11.21000,3593200
2021-04-05,11.21000,11.29000,11.02000,11.10000,3959800
2021-04-06,11.10000,11.14000,10.98000,11.00000,4220100
2021-04-07,11.00000,11.02000,10.86000,11.02000,3200900
2021-04-08,10.96000,11.05000,10.82000,11.01000,3545000
2021-04-09,11.00000,11.05000,10.97000,11.00000,2538400
2021-04-12,11.01000,11.05000,10.94000,11.00000,2167000
2021-04-13,10.94000,10.97000,10.81000,10.93000,3331000
2021-04-14,10.55000,10.85000,10.36000,10.39000,14935500
2021-04-15,10.37000,10.56000,10.29000,10.42000,38455500
2021-04-16,10.51000,10.70000,10.48000,10.49000,16177000
2021-04-19,10.53000,10.56000,10.28000,10.34000,13654900
2021-04-20,10.46000,10.47000,10.16000,10.22000,13088500
2021-04-21,10.19000,10.43000,10.07000,10.41000,10754700
2021-04-22,10.42000,10.47000,10.24000,10.24000,5572100
2021-04-23,10.30000,10.49000,10.24000,10.43000,7194100
2021-04-26,10.47000,10.54000,10.29000,10.35000,10472000
2021-04-27,10.39000,10.63000,10.37000,10.62000,9646100
2021-04-28,10.66000,10.71000,10.59000,10.64000,5156300
2021-04-29,10.75000,10.77000,10.56000,10.66000,8831600
2021-04-30,10.64000,10.76000,10.60000,10.72000,5484300
2021-05-03,10.83000,10.86000,10.72000,10.73000,5699800
2021-05-04,10.78000,10.82000,10.52000,10.63000,5576500
2021-05-05,10.53000,10.62000,10.29000,10.54000,8579400
2021-05-06,10.57000,10.60000,10.20000,10.40000,8757400
2021-05-07,10.35000,10.63000,10.33000,10.59000,4845900
2021-05-10,10.65000,10.71000,10.38000,10.38000,6025400
2021-05-11,10.26000,10.38000,10.17000,10.26000,7950200
2021-05-12,10.25000,10.27000,9.87000,9.89000,9970600
2021-05-13,9.95000,10.30000,9.93000,10.09000,8783400
2021-05-14,10.16000,10.40000,10.13000,10.34000,4580700
2021-05-17,10.31000,10.47000,10.25000,10.44000,4465100
2021-05-18,10.46000,10.53000,10.37000,10.38000,3339500
2021-05-19,10.25000,10.43000,10.18000,10.42000,4268200
2021-05-20,10.44000,10.46000,10.31000,10.37000,4611700
2021-05-21,10.41000,10.45000,10.24000,10.25000,4105600
2021-05-24,10.31000,10.38000,10.20000,10.35000,3499900
2021-05-25,10.37000,10.50000,10.22000,10.24000,4621300
2021-05-26,10.26000,10.46000,10.21000,10.45000,5334700
2021-05-27,10.49000,10.64000,10.49000,10.59000,6573900
2021-05-28,10.60000,10.65000,10.53000,10.58000,4164300
2021-06-01,10.63000,10.78000,10.63000,10.74000,5175300
2021-06-02,10.80000,10.80000,10.70000,10.73000,4654800
2021-06-03,10.70000,10.77000,10.64000,10.68000,3464400
2021-06-04,10.72000,10.81000,10.64000,10.81000,5542000
2021-06-07,10.81000,10.99000,10.81000,10.97000,7749200
2021-06-08,10.99000,11.22000,10.96000,11.21000,8375100
2021-06-09,11.26000,11.34000,11.11000,11.11000,5365300
2021-06-10,11.25000,11.26000,11.07000,11.09000,3084000
2021-06-11,11.12000,11.12000,10.90000,11.04000,3398300
2021-06-14,11.07000,11.13000,10.99000,10.99000,3449400
2021-06-15,11.01000,11.01000,10.85000,10.91000,4250600
2021-06-16,10.91000,11.02000,10.85000,10.94000,4116300
2021-06-17,10.96000,11.01000,10.55000,10.65000,6326700
2021-06-18,10.56000,10.58000,10.32000,10.39000,9307800
2021-06-21,10.42000,10.70000,10.37000,10.69000,3856700
2021-06-22,10.68000,10.70000,10.52000,10.65000,4536100
2021-06-23,10.62000,10.63000,10.51000,10.53000,4648200
2021-06-24,10.59000,10.67000,10.53000,10.66000,2762300
2021-06-25,10.66000,10.76000,10.65000,10.75000,6510300
2021-06-28,10.73000,10.76000,10.42000,10.49000,4744200
2021-06-29,10.55000,10.60000,10.47000,10.47000,3667400
2021-06-30,10.48000,10.63000,10.45000,10.59000,4221000
2021-07-01,10.40000,10.60000,10.34000,10.52000,4067500
2021-07-02,10.61000,10.61000,10.46000,10.46000,5626600
2021-07-06,10.51000,10.51000,10.20000,10.25000,8458300
2021-07-07,10.22000,10.31000,10.09000,10.20000,5168800
2021-07-08,10.03000,10.17000,9.82000,10.01000,6452000
2021-07-09,10.14000,10.43000,10.13000,10.42000,5054000
2021-07-12,10.37000,10.42000,10.26000,10.34000,4616200
2021-07-13,10.22000,10.25000,9.88000,9.88000,15818600
2021-07-14,9.91000,10.02000,9.64000,9.67000,7649500
2021-07-15,9.64000,9.81000,9.58000,9.66000,5876900
2021-07-16,9.72000,9.79000,9.52000,9.61000,4966600
2021-07-19,9.45000,9.46000,8.98000,9.31000,13300300
2021-07-20,9.36000,9.60000,9.29000,9.49000,6735900
2021-07-21,9.63000,9.80000,9.62000,9.68000,5631800
2021-07-22,9.65000,9.68000,9.43000,9.44000,4689500
2021-07-23,9.52000,9.60000,9.40000,9.42000,3293700
2021-07-26,9.40000,9.60000,9.40000,9.53000,3513300
2021-07-27,9.45000,9.50000,9.31000,9.44000,4105400
2021-07-28,9.42000,9.57000,9.34000,9.47000,4994000
2021-07-29,9.65000,9.93000,9.64000,9.87000,10930800
2021-07-30,9.89000,9.95000,9.74000,9.76000,7222200
2021-08-02,9.80000,10.01000,9.69000,9.69000,5440700
2021-08-03,9.69000,9.74000,9.45000,9.72000,4508300
2021-08-04,9.63000,9.70000,9.51000,9.52000,4250400
2021-08-05,9.56000,9.75000,9.53000,9.72000,3149900
2021-08-06,9.78000,9.90000,9.72000,9.79000,5947600
2021-08-09,9.80000,9.80000,9.63000,9.68000,2930500
2021-08-10,9.69000,9.88000,9.63000,9.83000,2979400
2021-08-11,9.87000,10.00000,9.80000,9.99000,3929000
2021-08-12,9.96000,9.99000,9.86000,9.94000,2229900
2021-08-13,10.00000,10.06000,9.94000,9.96000,2574500
2021-08-16,9.89000,9.93000,9.75000,9.83000,4181200
2021-08-17,9.78000,9.83000,9.63000,9.75000,3290900
2021-08-18,9.73000,9.84000,9.70000,9.73000,2942200
2021-08-19,9.65000,9.70000,9.44000,9.50000,4638900
2021-08-20,9.50000,9.72000,9.46000,9.70000,3062600
2021-08-23,9.81000,9.89000,9.77000,9.86000,3361600
2021-08-24,10.20000,10.46000,10.03000,10.46000,12744600
2021-08-25,10.48000,10.67000,10.37000,10.58000,7773700
2021-08-26,10.65000,10.65000,10.45000,10.51000,4165700
2021-08-27,10.56000,10.87000,10.51000,10.76000,5169900
2021-08-30,10.81000,10.89000,10.71000,10.77000,4125000
2021-08-31,10.75000,11.03000,10.75000,10.92000,7147600
2021-09-01,11.03000,11.10000,10.94000,11.07000,6555400
2021-09-02,11.08000,11.11000,10.94000,10.99000,5088800
2021-09-03,10.95000,11.02000,10.86000,10.99000,4399900
2021-09-07,11.01000,11.13000,10.89000,10.90000,5011400
2021-09-08,10.90000,10.99000,10.81000,10.89000,4416300
2021-09-09,10.87000,11.01000,10.83000,10.91000,3068100
2021-09-10,10.97000,10.97000,10.82000,10.84000,2779600
2021-09-13,10.88000,11.07000,10.86000,10.98000,4528900
2021-09-14,11.01000,11.01000,10.88000,10.89000,3221300
2021-09-15,10.89000,11.00000,10.83000,11.00000,3684000
2021-09-16,10.98000,11.08000,10.95000,10.96000,3700700
2021-09-17,10.95000,11.04000,10.95000,10.99000,6439300
2021-09-20,10.80000,10.88000,10.71000,10.88000,5109500
2021-09-21,10.91000,11.07000,10.87000,10.91000,4331700
2021-09-22,11.00000,11.22000,10.94000,11.13000,5966300
2021-09-23,11.20000,11.25000,11.13000,11.14000,3703700
2021-09-24,11.13000,11.20000,11.07000,11.07000,4440300
2021-09-27,11.15000,11.32000,11.14000,11.21000,5793100
2021-09-28,11.21000,11.24000,10.97000,10.99000,5860200
2021-09-29,11.03000,11.06000,10.92000,11.02000,5298700
2021-09-30,11.05000,11.15000,10.97000,11.00000,5875800
2021-10-01,10.79000,10.98000,10.78000,10.93000,5645400
2021-10-04,10.90000,11.06000,10.80000,10.81000,5649000
2021-10-05,10.87000,10.97000,10.78000,10.87000,5077100
2021-10-06,10.79000,10.97000,10.64000,10.95000,4938900
2021-10-07,10.98000,11.14000,10.97000,10.98000,4138800
2021-10-08,11.00000,11.16000,10.99000,11.09000,3344100
2021-10-11,11.12000,11.24000,11.09000,11.11000,2656600
2021-10-12,11.18000,11.38000,11.11000,11.27000,5213800
2021-10-13,11.27000,11.34000,11.17000,11.32000,3818200
2021-10-14,11.38000,11.41000,11.30000,11.33000,2433400
2021-10-15,11.40000,11.47000,11.32000,11.32000,3326500
2021-10-18,11.33000,11.37000,11.26000,11.34000,2896400
2021-10-19,11.39000,11.42000,11.30000,11.32000,2290900
2021-10-20,11.26000,11.53000,11.22000,11.43000,2920100
2021-10-21,11.40000,11.48000,11.33000,11.41000,2212100
2021-10-22,11.52000,11.55000,11.38000,11.49000,4213800
2021-10-25,11.52000,11.69000,11.48000,11.61000,4077700
2021-10-26,11.59000,11.63000,11.54000,11.57000,3272100
2021-10-27,11.60000,11.62000,11.30000,11.32000,5584200
2021-10-28,11.34000,11.39000,11.15000,11.38000,4022900
2021-10-29,11.40000,11.46000,11.32000,11.36000,3845600
2021-11-01,11.40000,11.64000,11.37000,11.56000,4129400
2021-11-02,11.67000,11.68000,11.42000,11.60000,5174500
2021-11-03,11.62000,11.81000,11.56000,11.64000,5215000
2021-11-04,11.67000,11.72000,11.37000,11.41000,4809600
2021-11-05,11.52000,11.62000,11.46000,11.52000,3955500
2021-11-08,11.55000,11.59000,11.40000,11.41000,4747100
2021-11-09,11.36000,11.51000,11.36000,11.41000,3702500
2021-11-10,11.41000,11.49000,11.34000,11.36000,3658800
2021-11-11,11.40000,11.47000,11.37000,11.42000,2285900
2021-11-12,11.44000,11.47000,11.33000,11.36000,2291400
2021-11-15,11.41000,11.51000,11.39000,11.40000,3625900
2021-11-16,11.41000,11.43000,11.26000,11.30000,2891600
2021-11-17,11.30000,11.31000,11.04000,11.13000,4701700
2021-11-18,11.13000,11.18000,10.99000,11.16000,3806500
2021-11-19,11.06000,11.14000,11.03000,11.09000,3031600
2021-11-22,11.15000,11.28000,11.05000,11.19000,4037500
2021-11-23,11.20000,11.26000,11.07000,11.19000,4401200
2021-11-24,11.21000,11.29000,11.13000,11.23000,4017000
2021-11-26,11.11000,11.11000,10.79000,11.01000,4541400
2021-11-29,11.15000,11.19000,10.93000,11.03000,3391200
2021-11-30,10.89000,10.93000,10.59000,10.63000,7340500
2021-12-01,10.83000,10.99000,10.50000,10.50000,5246600
2021-12-02,10.53000,10.98000,10.51000,10.91000,5135600
2021-12-03,10.95000,10.98000,10.83000,10.89000,5599500
2021-12-06,11.00000,11.26000,10.92000,11.10000,6282200
2021-12-07,11.19000,11.41000,11.16000,11.33000,3879300
2021-12-08,11.32000,11.52000,11.27000,11.38000,3987200
2021-12-09,11.35000,11.36000,11.26000,11.26000,2564600
2021-12-10,11.32000,11.33000,11.05000,11.12000,4002700
2021-12-13,11.10000,11.10000,10.87000,10.97000,4957600
2021-12-14,10.93000,11.10000,10.84000,10.85000,4620900
2021-12-15,10.88000,11.00000,10.73000,11.00000,5463900
2021-12-16,11.11000,11.12000,10.82000,10.90000,7242900
2021-12-17,10.87000,10.91000,10.64000,10.70000,8628300
2021-12-20,10.50000,10.60000,10.16000,10.48000,12205100
2021-12-21,10.58000,10.89000,10.58000,10.84000,5246700
2021-12-22,10.83000,10.95000,10.72000,10.85000,3774500
2021-12-23,10.90000,11.04000,10.87000,11.03000,3557500
2021-12-27,11.05000,11.06000,10.82000,11.00000,3901200
2021-12-28,10.90000,11.12000,10.90000,11.06000,3843600
2021-12-29,11.06000,11.07000,10.96000,11.01000,3726100
2021-12-30,10.76000,10.90000,10.73000,10.76000,3678900
2021-12-31,10.77000,10.82000,10.70000,10.71000,3170100
2022-01-03,10.75000,10.97000,10.74000,10.97000,5181000
2022-01-04,10.99000,11.16000,10.95000,10.98000,6231500
2022-01-05,10.98000,11.05000,10.67000,10.68000,5565000
2022-01-06,10.75000,10.84000,10.65000,10.77000,3333300
2022-01-07,10.79000,10.90000,10.78000,10.87000,3813900
2022-01-10,10.87000,10.95000,10.78000,10.89000,4287000
2022-01-11,10.92000,11.12000,10.90000,11.11000,4430100
2022-01-12,11.12000,11.26000,11.11000,11.23000,4613100
2022-01-13,11.26000,11.33000,11.15000,11.16000,2752400
2022-01-14,11.15000,11.15000,10.98000,11.14000,3505000
2022-01-18,11.13000,11.15000,11.00000,11.03000,3098400
2022-01-19,11.06000,11.08000,10.86000,10.86000,3312900
2022-01-20,10.86000,10.98000,10.69000,10.71000,3642600
2022-01-21,10.67000,10.68000,10.44000,10.50000,7019900
2022-01-24,10.33000,10.48000,9.88000,10.45000,14784400
2022-01-25,10.31000,10.59000,10.15000,10.53000,5764500
2022-01-26,10.70000,10.89000,10.43000,10.55000,7927000
2022-01-27,10.65000,10.71000,10.21000,10.28000,5640600
2022-01-28,10.25000,10.38000,10.08000,10.36000,6912100
2022-01-31,10.30000,10.65000,10.29000,10.65000,6982200
2022-02-01,10.63000,10.71000,10.48000,10.59000,5013900
2022-02-02,10.60000,10.62000,10.38000,10.53000,5154200
2022-02-03,10.45000,10.49000,10.22000,10.24000,7524100
2022-02-04,10.20000,10.31000,10.04000,10.24000,8679000
2022-02-07,10.31000,10.37000,10.17000,10.20000,6790000
2022-02-08,10.40000,10.98000,10.40000,10.96000,11697400
2022-02-09,10.91000,10.96000,10.78000,10.82000,6104500
2022-02-10,10.74000,10.99000,10.67000,10.73000,6150400
2022-02-11,10.78000,10.89000,10.48000,10.58000,5331600
2022-02-14,10.58000,10.64000,10.41000,10.51000,6712800
2022-02-15,10.59000,10.75000,10.57000,10.72000,3503700
2022-02-16,10.72000,10.86000,10.69000,10.82000,3187600
2022-02-17,10.77000,10.77000,10.44000,10.48000,4520100
2022-02-18,10.47000,10.60000,10.44000,10.50000,3866400
2022-02-22,10.47000,10.53000,10.23000,10.35000,6374700
2022-02-23,10.43000,10.46000,10.07000,10.10000,5321900
2022-02-24,9.76000,10.31000,9.71000,10.27000,7917500
2022-02-25,10.30000,10.48000,10.27000,10.48000,4767500
2022-02-28,10.31000,10.44000,10.20000,10.38000,6440400
2022-03-01,10.34000,10.38000,10.04000,10.12000,5820000
2022-03-02,10.17000,10.52000,10.17000,10.48000,4996400
2022-03-03,10.55000,10.61000,10.32000,10.42000,3666700
2022-03-04,10.25000,10.30000,10.11000,10.20000,4370900
2022-03-07,10.17000,10.19000,9.93000,9.93000,5954100
2022-03-08,9.90000,10.27000,9.89000,10.08000,5080000
2022-03-09,10.28000,10.47000,10.27000,10.31000,4660300
2022-03-10,10.20000,10.36000,10.13000,10.33000,3321400
2022-03-11,10.38000,10.41000,10.22000,10.25000,2383100
2022-03-14,10.35000,10.40000,10.12000,10.22000,4083500
2022-03-15,10.22000,10.38000,10.21000,10.36000,3702500
2022-03-16,10.46000,10.64000,10.33000,10.55000,4762600
2022-03-17,10.48000,10.54000,10.43000,10.47000,2858400
2022-03-18,10.42000,10.75000,10.40000,10.72000,13636200
2022-03-21,10.72000,10.78000,10.51000,10.57000,4276600
2022-03-22,10.66000,10.85000,10.66000,10.73000,6777300
2022-03-23,10.75000,10.80000,10.60000,10.62000,3900800
2022-03-24,10.64000,10.71000,10.53000,10.70000,3778200
2022-03-25,10.74000,10.88000,10.73000,10.85000,7313300
2022-03-28,10.88000,10.88000,10.66000,10.81000,5172300
2022-03-29,10.90000,11.25000,10.90000,11.25000,7443000
2022-03-30,11.20000,11.26000,11.09000,11.15000,5808600
2022-03-31,11.15000,11.19000,10.97000,10.98000,6868000
2022-04-01,10.78000,10.84000,10.67000,10.84000,6323200
2022-04-04,10.86000,10.90000,10.71000,10.87000,6457300
2022-04-05,10.89000,10.97000,10.62000,10.67000,4390900
2022-04-06,10.62000,10.64000,10.35000,10.38000,6614900
2022-04-07,10.38000,10.43000,10.09000,10.25000,6321800
2022-04-08,10.25000,10.42000,10.15000,10.32000,3925800
2022-04-11,10.31000,10.51000,10.28000,10.32000,3965000
2022-04-12,10.33000,10.51000,10.28000,10.35000,3899300
2022-04-13,10.37000,10.55000,10.32000,10.53000,3478000
2022-04-14,10.58000,10.69000,10.55000,10.66000,3557500
2022-04-18,10.60000,10.80000,10.60000,10.75000,3025200
2022-04-19,10.79000,10.84000,10.46000,10.49000,5188500
2022-04-20,10.49000,10.75000,10.49000,10.71000,2756600
2022-04-21,10.75000,10.84000,10.58000,10.63000,3334000
2022-04-22,10.60000,10.62000,10.35000,10.36000,3590400
2022-04-25,10.30000,10.41000,10.07000,10.37000,5516500
2022-04-26,10.35000,10.43000,10.08000,10.08000,6073100
2022-04-27,10.13000,10.35000,10.07000,10.21000,4334700
2022-04-28,10.29000,10.62000,10.26000,10.57000,4620100
2022-04-29,10.57000,10.66000,10.37000,10.40000,6501900
2022-05-02,10.40000,10.56000,10.20000,10.44000,9494600
2022-05-03,10.95000,11.57000,10.90000,11.53000,18831400
2022-05-04,11.51000,11.75000,11.36000,11.74000,8307400
2022-05-05,11.53000,11.60000,11.14000,11.33000,7909900
2022-05-06,11.32000,11.36000,11.05000,11.13000,8342000
2022-05-09,11.02000,11.09000,10.72000,10.85000,8205700
2022-05-10,11.04000,11.20000,10.76000,10.90000,7754700
2022-05-11,10.92000,11.10000,10.71000,10.72000,6619700
2022-05-12,10.68000,10.69000,10.29000,10.47000,8575100
2022-05-13,10.56000,10.88000,10.56000,10.86000,7528800
2022-05-16,10.87000,11.03000,10.72000,10.96000,4726800
2022-05-17,11.09000,11.22000,11.04000,11.21000,5701700
2022-05-18,11.14000,11.20000,10.82000,10.85000,5523800
2022-05-19,10.73000,10.90000,10.71000,10.75000,4770400
2022-05-20,10.81000,10.87000,10.42000,10.63000,5161700
2022-05-23,10.71000,10.93000,10.70000,10.79000,5970500
2022-05-24,10.73000,10.79000,10.50000,10.72000,4838000
2022-05-25,10.63000,10.86000,10.63000,10.85000,4075400
2022-05-26,10.93000,11.15000,10.93000,11.11000,4604800
2022-05-27,11.14000,11.28000,11.08000,11.27000,3365900
2022-05-31,11.24000,11.35000,11.16000,11.30000,4806700
2022-06-01,11.31000,11.33000,11.05000,11.32000,5029100
2022-06-02,11.32000,11.42000,11.24000,11.42000,3575500
2022-06-03,11.34000,11.46000,11.29000,11.34000,2533200
2022-06-06,11.40000,11.52000,11.31000,11.32000,5106100
2022-06-07,11.28000,11.47000,11.20000,11.47000,2762800
2022-06-08,11.36000,11.40000,11.18000,11.23000,2522500
2022-06-09,11.28000,11.34000,11.16000,11.16000,3072400
2022-06-10,11.07000,11.11000,10.80000,10.87000,5318400
2022-06-13,10.40000,10.49000,9.05000,9.05000,23314500
2022-06-14,9.44000,9.53000,9.02000,9.09000,12179400
2022-06-15,9.18000,9.31000,8.91000,9.12000,12727800
2022-06-16,8.90000,8.90000,8.18000,8.25000,14963900
2022-06-17,8.31000,8.68000,8.22000,8.65000,16261400
2022-06-21,9.04000,9.51000,8.97000,9.40000,14782000
2022-06-22,9.18000,9.43000,9.15000,9.29000,11105300
2022-06-23,9.28000,9.43000,9.18000,9.36000,6431300
2022-06-24,9.43000,9.92000,9.43000,9.82000,10977900
2022-06-27,9.86000,10.07000,9.71000,9.93000,7047100
2022-06-28,10.05000,10.12000,9.78000,9.82000,6216100
2022-06-29,9.70000,9.82000,9.57000,9.68000,6039000
2022-06-30,9.31000,9.48000,9.19000,9.32000,6007100
2022-07-01,9.26000,9.60000,9.23000,9.55000,6073900
2022-07-05,9.47000,9.63000,9.29000,9.63000,4951500
2022-07-06,9.61000,9.79000,9.35000,9.46000,5711200
2022-07-07,9.51000,9.66000,9.44000,9.55000,4808500
2022-07-08,9.56000,9.65000,9.43000,9.58000,3421400
2022-07-11,9.58000,9.65000,9.47000,9.48000,3263500
2022-07-12,9.45000,9.62000,9.38000,9.48000,3075300
2022-07-13,9.33000,9.64000,9.27000,9.59000,3496300
2022-07-14,9.44000,9.45000,9.29000,9.41000,3333600
2022-07-15,9.56000,9.65000,9.33000,9.64000,3757500
2022-07-18,9.69000,9.77000,9.52000,9.76000,4433800
2022-07-19,9.87000,10.09000,9.86000,10.04000,4979100
2022-07-20,10.00000,10.07000,9.88000,10.06000,3513900
2022-07-21,9.98000,10.18000,9.89000,10.15000,4167100
2022-07-22,10.16000,10.28000,10.10000,10.19000,3249200
2022-07-25,10.21000,10.35000,10.11000,10.33000,2588700
2022-07-26,10.26000,10.33000,10.21000,10.25000,2816100
2022-07-27,10.30000,10.64000,10.27000,10.62000,5030700
2022-07-28,10.62000,10.88000,10.56000,10.86000,4143700
2022-07-29,10.94000,11.04000,10.84000,10.91000,6112400
2022-08-01,10.89000,10.97000,10.77000,10.89000,5091800
2022-08-02,10.78000,10.78000,10.16000,10.21000,5195400
2022-08-03,10.37000,10.45000,10.12000,10.13000,3816600
2022-08-04,10.19000,10.20000,9.75000,9.87000,5540800
2022-08-05,9.85000,9.98000,9.78000,9.90000,3827500
2022-08-08,9.90000,10.16000,9.90000,9.95000,4456200
2022-08-09,9.95000,10.04000,9.82000,9.92000,2703400
2022-08-10,10.03000,10.09000,9.94000,9.97000,3662500
2022-08-11,10.03000,10.15000,10.00000,10.01000,2699200
2022-08-12,10.06000,10.19000,10.03000,10.15000,2993000
2022-08-15,10.07000,10.25000,10.03000,10.24000,2704100
2022-08-16,10.27000,10.32000,10.15000,10.31000,2664200
2022-08-17,10.18000,10.21000,9.94000,10.07000,3682800
2022-08-18,10.04000,10.15000,10.03000,10.07000,1936500
2022-08-19,9.98000,10.05000,9.91000,9.99000,2639700
2022-08-22,9.84000,9.88000,9.76000,9.78000,3863000
2022-08-23,9.78000,9.91000,9.78000,9.88000,2378600
2022-08-24,9.83000,9.90000,9.79000,9.87000,1648900
2022-08-25,9.90000,10.06000,9.89000,10.03000,1845500
2022-08-26,10.02000,10.09000,9.79000,9.86000,2075900
2022-08-29,9.77000,9.86000,9.70000,9.76000,2493400
2022-08-30,9.80000,9.81000,9.50000,9.54000,3931000
2022-08-31,9.61000,9.64000,9.33000,9.43000,3284900
2022-09-01,9.31000,9.35000,9.02000,9.14000,4371000
2022-09-02,9.22000,9.39000,9.20000,9.26000,2942500
2022-09-06,9.29000,9.35000,9.08000,9.11000,2771300
2022-09-07,9.06000,9.21000,9.01000,9.19000,2662300
2022-09-08,9.12000,9.19000,9.05000,9.19000,2700300
2022-09-09,9.24000,9.36000,9.20000,9.33000,2448600
2022-09-12,9.43000,9.52000,9.31000,9.36000,2273100
2022-09-13,9.14000,9.23000,9.00000,9.03000,3289200
2022-09-14,9.05000,9.11000,8.93000,9.06000,3643600
2022-09-15,9.02000,9.13000,8.86000,8.88000,3510700
2022-09-16,8.86000,9.00000,8.79000,8.98000,8100200
2022-09-19,8.86000,9.08000,8.84000,9.00000,3754000
2022-09-20,8.97000,9.00000,8.82000,8.84000,3364500
2022-09-21,8.93000,9.07000,8.78000,8.79000,3771400
2022-09-22,8.76000,8.81000,8.36000,8.41000,5541500
2022-09-23,8.40000,8.40000,7.98000,8.17000,7535800
2022-09-26,8.10000,8.12000,7.42000,7.54000,11901600
2022-09-27,7.60000,7.73000,7.31000,7.38000,8707400
2022-09-28,7.48000,7.68000,7.44000,7.62000,7477100
2022-09-29,7.60000,7.60000,7.11000,7.25000,9836000
2022-09-30,7.34000,7.48000,7.28000,7.32000,7315300
2022-10-03,7.22000,7.23000,6.86000,7.17000,7805400
2022-10-04,7.32000,7.71000,7.29000,7.67000,8097100
2022-10-05,7.50000,7.50000,7.14000,7.45000,7620400
2022-10-06,7.40000,7.54000,7.23000,7.39000,8624100
2022-10-07,7.28000,7.43000,7.20000,7.29000,6204600
2022-10-10,7.29000,7.40000,7.08000,7.14000,4762500
2022-10-11,7.14000,7.52000,7.04000,7.44000,8780400
2022-10-12,7.45000,7.47000,7.12000,7.40000,8224100
2022-10-13,7.17000,7.56000,7.10000,7.53000,6023400
2022-10-14,7.54000,7.68000,7.34000,7.37000,5509000
2022-10-17,7.51000,7.58000,7.41000,7.51000,4796600
2022-10-18,7.65000,7.81000,7.65000,7.75000,6669500
2022-10-19,7.72000,7.72000,7.53000,7.61000,3769300
2022-10-20,7.68000,7.77000,7.55000,7.58000,3214000
2022-10-21,7.58000,7.73000,7.49000,7.70000,5741500
2022-10-24,7.79000,7.85000,7.68000,7.75000,4361700
2022-10-25,7.71000,8.10000,7.63000,8.08000,5809700
2022-10-26,8.08000,8.29000,8.08000,8.12000,4363700
2022-10-27,8.24000,8.33000,8.09000,8.10000,3967800
2022-10-28,8.21000,8.52000,8.12000,8.48000,5250800
2022-10-31,8.40000,8.56000,8.35000,8.43000,4632000
2022-11-01,8.49000,8.56000,8.44000,8.52000,4159200
2022-11-02,8.58000,8.80000,8.40000,8.40000,6714500
2022-11-03,8.30000,8.31000,8.00000,8.02000,7783800
2022-11-04,8.17000,8.44000,8.16000,8.38000,6895000
2022-11-07,8.47000,8.62000,8.39000,8.59000,3782800
2022-11-08,8.60000,8.69000,8.48000,8.58000,4845900
2022-11-09,8.51000,8.63000,8.40000,8.45000,3678200
2022-11-10,8.67000,8.88000,8.67000,8.85000,7097000
2022-11-11,8.94000,9.15000,8.85000,9.04000,5118600
2022-11-14,9.00000,9.05000,8.85000,8.85000,5027100
2022-11-15,9.03000,9.14000,8.89000,8.99000,4728300
2022-11-16,8.95000,8.95000,8.70000,8.73000,4259700
2022-11-17,8.59000,8.70000,8.49000,8.69000,2632000
2022-11-18,8.79000,8.93000,8.64000,8.70000,2717900
2022-11-21,8.64000,8.74000,8.62000,8.71000,2713400
2022-11-22,8.75000,8.86000,8.73000,8.79000,2734300
2022-11-23,8.78000,8.88000,8.72000,8.87000,1761800
2022-11-25,8.88000,9.02000,8.82000,9.01000,1479400
2022-11-28,8.94000,8.97000,8.80000,8.82000,2918700
2022-11-29,8.84000,8.92000,8.78000,8.90000,1922200
2022-11-30,8.90000,9.05000,8.76000,9.05000,4265400
2022-12-01,9.04000,9.27000,9.03000,9.06000,3126900
2022-12-02,8.96000,9.07000,8.85000,9.02000,2585500
2022-12-05,8.98000,8.99000,8.76000,8.79000,2585900
2022-12-06,8.79000,8.88000,8.67000,8.86000,4205300
2022-12-07,8.79000,9.06000,8.74000,8.95000,3458000
2022-12-08,9.00000,9.09000,8.89000,8.93000,3048300
2022-12-09,8.92000,9.01000,8.85000,8.89000,2159200
2022-12-12,8.86000,8.95000,8.80000,8.93000,3445200
2022-12-13,9.10000,9.31000,9.01000,9.01000,4364600
2022-12-14,9.01000,9.05000,8.86000,8.94000,3885800
2022-12-15,8.80000,8.83000,8.66000,8.68000,5291300
2022-12-16,8.53000,8.70000,7.81000,8.06000,46640400
2022-12-19,8.27000,8.62000,8.23000,8.62000,9495700
2022-12-20,8.50000,8.55000,8.36000,8.40000,4829500
2022-12-21,8.52000,8.64000,8.50000,8.57000,5242600
2022-12-22,8.50000,8.56000,8.31000,8.49000,3863500
2022-12-23,8.52000,8.56000,8.47000,8.52000,2800900
2022-12-27,8.53000,8.60000,8.46000,8.59000,4008000
2022-12-28,8.58000,8.61000,8.25000,8.25000,6163600
2022-12-29,8.12000,8.29000,8.04000,8.27000,3896300
2022-12-30,8.17000,8.21000,8.08000,8.17000,5093900
2023-01-03,8.24000,8.42000,8.20000,8.28000,4282700
2023-01-04,8.35000,8.49000,8.35000,8.44000,4012400
2023-01-05,8.38000,8.46000,8.35000,8.42000,3220400
2023-01-06,8.47000,8.57000,8.41000,8.54000,3036600
2023-01-09,8.60000,8.66000,8.56000,8.56000,3800600
2023-01-10,8.55000,8.65000,8.50000,8.63000,3040300
2023-01-11,8.69000,8.87000,8.69000,8.78000,4513700
2023-01-12,8.85000,8.94000,8.74000,8.85000,4601000
2023-01-13,8.79000,8.90000,8.76000,8.86000,3770300
2023-01-17,8.89000,8.96000,8.82000,8.84000,3119400
2023-01-18,8.89000,8.99000,8.84000,8.87000,2776700
2023-01-19,8.80000,8.89000,8.76000,8.88000,3012200
2023-01-20,8.88000,9.07000,8.82000,9.03000,5072100
2023-01-23,9.08000,9.20000,9.07000,9.17000,4489100
2023-01-24,9.17000,9.28000,9.09000,9.23000,4059000
2023-01-25,9.16000,9.26000,9.14000,9.21000,2806900
2023-01-26,9.25000,9.32000,9.19000,9.31000,3050600
2023-01-27,9.38000,9.43000,9.29000,9.33000,5894500
2023-01-30,9.27000,9.36000,9.22000,9.28000,4224100
2023-01-31,9.30000,9.41000,9.27000,9.41000,6120700
2023-02-01,9.37000,9.59000,9.34000,9.50000,6388700
2023-02-02,9.57000,9.68000,9.54000,9.58000,4544600
2023-02-03,9.45000,9.52000,9.36000,9.46000,5389900
2023-02-06,9.41000,9.41000,9.13000,9.20000,5793500
2023-02-07,9.13000,9.28000,9.09000,9.25000,9539200
2023-02-08,9.44000,9.58000,9.41000,9.53000,6735000
2023-02-09,9.64000,9.74000,9.37000,9.44000,7079100
2023-02-10,9.40000,9.54000,9.35000,9.48000,4660500
2023-02-13,9.45000,9.58000,9.44000,9.58000,3583900
2023-02-14,9.52000,9.63000,9.45000,9.56000,3779100
2023-02-15,9.49000,9.60000,9.43000,9.58000,3076500
2023-02-16,9.50000,9.62000,9.44000,9.53000,3146400
2023-02-17,9.52000,9.54000,9.42000,9.52000,6566200
2023-02-21,9.43000,9.45000,9.10000,9.16000,4807700
2023-02-22,9.15000,9.31000,9.15000,9.23000,3231500
2023-02-23,9.30000,9.37000,9.16000,9.25000,3412200
2023-02-24,9.18000,9.23000,9.08000,9.16000,3392700
2023-02-27,9.22000,9.26000,9.12000,9.15000,2481300
2023-02-28,9.20000,9.22000,9.10000,9.10000,3211900
2023-03-01,9.09000,9.14000,8.98000,9.04000,4184300
2023-03-02,8.97000,8.99000,8.92000,8.97000,3856000
2023-03-03,9.03000,9.10000,9.03000,9.06000,2765100
2023-03-06,9.10000,9.18000,9.05000,9.08000,3783700
2023-03-07,9.06000,9.09000,8.89000,8.92000,3227100
2023-03-08,8.92000,8.95000,8.77000,8.87000,4306700
2023-03-09,8.86000,8.93000,8.53000,8.54000,3873200
2023-03-10,8.52000,8.55000,8.19000,8.21000,6189200
2023-03-13,8.05000,8.15000,7.83000,8.02000,6276400
2023-03-14,8.25000,8.51000,8.21000,8.32000,7114700
2023-03-15,8.11000,8.13000,7.83000,8.00000,7134500
2023-03-16,7.95000,8.08000,7.78000,8.02000,5577400
2023-03-17,7.98000,7.99000,7.70000,7.72000,9605400
2023-03-20,7.82000,7.91000,7.73000,7.76000,5293700
2023-03-21,7.93000,8.12000,7.93000,8.03000,4168800
2023-03-22,8.02000,8.03000,7.75000,7.75000,4685700
2023-03-23,7.81000,7.92000,7.55000,7.58000,6171700
2023-03-24,7.56000,7.73000,7.40000,7.71000,5800300
2023-03-27,7.88000,7.92000,7.79000,7.88000,5296200
2023-03-28,7.85000,7.99000,7.82000,7.95000,4161900
2023-03-29,8.06000,8.10000,7.95000,8.00000,5269300
2023-03-30,7.86000,7.92000,7.78000,7.84000,3256800
2023-03-31,7.87000,8.01000,7.85000,8.00000,3729500
2023-04-03,8.00000,8.03000,7.91000,7.94000,5541400
2023-04-04,7.98000,8.01000,7.82000,7.89000,3674700
2023-04-05,7.84000,7.91000,7.79000,7.84000,6856200
2023-04-06,7.85000,7.88000,7.79000,7.80000,3680400
2023-04-10,7.81000,7.89000,7.66000,7.80000,3352200
2023-04-11,7.88000,7.96000,7.80000,7.92000,2822700
2023-04-12,7.99000,8.01000,7.85000,7.88000,2678400
2023-04-13,7.90000,7.95000,7.76000,7.93000,3687700
2023-04-14,7.97000,8.03000,7.80000,7.89000,3110300
2023-04-17,7.84000,8.13000,7.81000,8.07000,3920000
2023-04-18,8.07000,8.10000,7.94000,7.99000,2599800
2023-04-19,7.95000,8.11000,7.91000,8.07000,3034900
2023-04-20,7.97000,8.10000,7.97000,8.06000,2817100
2023-04-21,8.05000,8.07000,7.95000,8.04000,3046700
2023-04-24,8.03000,8.06000,7.92000,8.05000,2566300
2023-04-25,7.98000,7.99000,7.85000,7.87000,3191700
2023-04-26,7.87000,8.04000,7.83000,7.87000,4625800
2023-04-27,7.93000,8.07000,7.91000,8.06000,2871800
2023-04-28,8.08000,8.23000,8.08000,8.16000,4294400
2023-05-01,8.13000,8.20000,8.00000,8.03000,3748900
2023-05-02,8.00000,8.01000,7.61000,7.80000,6323200
2023-05-03,7.81000,7.90000,7.71000,7.71000,5498300
2023-05-04,7.84000,7.89000,7.59000,7.64000,7282700
2023-05-05,7.80000,7.92000,7.77000,7.88000,4185300
2023-05-08,7.98000,8.00000,7.89000,7.95000,3712500
2023-05-09,7.92000,8.01000,7.89000,7.93000,4079100
2023-05-10,8.02000,8.05000,7.80000,7.90000,4738400
2023-05-11,7.83000,7.92000,7.80000,7.91000,3031300
2023-05-12,7.96000,7.98000,7.86000,7.93000,2489800
2023-05-15,7.99000,8.11000,7.98000,8.03000,3563500
2023-05-16,8.07000,8.07000,7.88000,7.89000,3215200
2023-05-17,7.97000,8.14000,7.94000,8.12000,3657600
2023-05-18,8.09000,8.25000,8.07000,8.24000,3154800
2023-05-19,8.26000,8.32000,8.17000,8.22000,2217400
2023-05-22,8.23000,8.26000,8.12000,8.21000,2755300
2023-05-23,8.18000,8.36000,8.18000,8.19000,3168500
2023-05-24,8.12000,8.12000,8.00000,8.04000,3367000
2023-05-25,8.01000,8.03000,7.80000,7.93000,4871700
2023-05-26,7.96000,8.21000,7.90000,8.17000,3866000
2023-05-30,8.22000,8.33000,8.18000,8.27000,3318200
2023-05-31,8.20000,8.24000,8.10000,8.14000,3877400
2023-06-01,8.17000,8.29000,8.12000,8.28000,3077900
2023-06-02,8.40000,8.64000,8.38000,8.60000,4289300
2023-06-05,8.62000,8.65000,8.44000,8.59000,3438300
2023-06-06,8.52000,8.82000,8.52000,8.76000,3972000
2023-06-07,8.84000,8.92000,8.80000,8.89000,3127800
2023-06-08,8.88000,8.96000,8.81000,8.92000,3965700
2023-06-09,8.92000,8.97000,8.87000,8.91000,3087600
2023-06-12,8.95000,9.06000,8.93000,9.04000,2820800
2023-06-13,9.09000,9.22000,9.07000,9.19000,4104000
2023-06-14,9.24000,9.29000,9.04000,9.15000,4406800
2023-06-15,9.11000,9.38000,9.11000,9.35000,4606100
2023-06-16,9.40000,9.43000,9.26000,9.30000,6030500
2023-06-20,9.28000,9.29000,9.15000,9.23000,3765900
2023-06-21,9.21000,9.33000,9.17000,9.33000,4137600
2023-06-22,9.30000,9.30000,9.20000,9.24000,2092900
2023-06-23,9.20000,9.20000,9.07000,9.10000,5573600
2023-06-26,9.12000,9.30000,9.06000,9.24000,3963800
2023-06-27,9.25000,9.41000,9.20000,9.40000,2989400
2023-06-28,9.40000,9.49000,9.34000,9.49000,3647500
2023-06-29,9.50000,9.57000,9.46000,9.57000,3797000
2023-06-30,9.35000,9.41000,9.29000,9.35000,3959300
2023-07-03,9.30000,9.37000,9.27000,9.32000,1828900
2023-07-05,9.25000,9.28000,9.19000,9.22000,5551300
2023-07-06,9.12000,9.12000,8.91000,9.08000,5619200
2023-07-07,9.07000,9.33000,9.07000,9.26000,4185200
2023-07-10,9.17000,9.32000,9.17000,9.31000,2462500
2023-07-11,9.33000,9.40000,9.32000,9.34000,3138900
2023-07-12,9.44000,9.44000,9.34000,9.40000,5141800
2023-07-13,9.40000,9.53000,9.39000,9.52000,2955400
2023-07-14,9.52000,9.53000,9.40000,9.47000,1973000
2023-07-17,9.45000,9.52000,9.40000,9.51000,2498400
2023-07-18,9.54000,9.67000,9.52000,9.65000,3432300
2023-07-19,9.69000,9.85000,9.69000,9.84000,3833600
2023-07-20,9.83000,9.84000,9.71000,9.75000,2632400
2023-07-21,9.84000,9.86000,9.72000,9.73000,2394800
2023-07-24,9.75000,10.33000,9.73000,10.26000,10455900
2023-07-25,10.22000,10.33000,10.11000,10.12000,7169300
2023-07-26,10.11000,10.29000,10.11000,10.19000,4143300
2023-07-27,10.21000,10.29000,10.02000,10.06000,5440500
2023-07-28,10.17000,10.20000,10.05000,10.17000,5400500
2023-07-31,10.18000,10.25000,10.04000,10.08000,4568700
2023-08-01,10.00000,10.09000,9.98000,10.06000,4036500
2023-08-02,10.20000,10.29000,10.09000,10.21000,5832500
2023-08-03,10.15000,10.21000,9.95000,10.02000,4940600
2023-08-04,10.11000,10.22000,10.07000,10.16000,3312900
2023-08-07,10.20000,10.29000,10.18000,10.29000,3511800
2023-08-08,10.15000,10.30000,10.06000,10.29000,3142100
2023-08-09,10.25000,10.34000,10.23000,10.27000,2759700
2023-08-10,10.28000,10.34000,10.12000,10.14000,4380500
2023-08-11,10.14000,10.16000,10.11000,10.12000,2023200
2023-08-14,10.10000,10.10000,9.98000,9.99000,2603700
2023-08-15,9.95000,9.95000,9.82000,9.84000,2906200
2023-08-16,9.80000,9.89000,9.74000,9.74000,3088100
2023-08-17,9.74000,9.81000,9.59000,9.59000,3043200
2023-08-18,9.50000,9.66000,9.44000,9.60000,2988800
2023-08-21,9.60000,9.63000,9.49000,9.62000,2943200
2023-08-22,9.65000,9.72000,9.56000,9.57000,2395200
2023-08-23,9.58000,9.73000,9.57000,9.72000,2051000
2023-08-24,9.69000,9.83000,9.68000,9.80000,2439600
2023-08-25,9.82000,9.94000,9.75000,9.89000,2641700
2023-08-28,9.91000,10.19000,9.91000,10.17000,2875500
2023-08-29,10.13000,10.29000,10.11000,10.28000,3164600
2023-08-30,10.30000,10.35000,10.26000,10.27000,2806000
2023-08-31,10.29000,10.35000,10.27000,10.31000,5441800
2023-09-01,10.33000,10.45000,10.30000,10.40000,3229000
2023-09-05,10.33000,10.34000,10.21000,10.26000,4658900
2023-09-06,10.21000,10.26000,10.17000,10.22000,3150600
2023-09-07,10.13000,10.24000,10.12000,10.15000,3351600
2023-09-08,10.13000,10.21000,10.11000,10.13000,1889600
2023-09-11,10.18000,10.21000,10.14000,10.17000,1806300
2023-09-12,10.15000,10.23000,10.06000,10.07000,3716500
2023-09-13,10.06000,10.12000,9.94000,9.95000,3654700
2023-09-14,10.03000,10.15000,9.98000,10.13000,3355100
2023-09-15,10.06000,10.13000,10.04000,10.07000,7516700
2023-09-18,10.10000,10.10000,10.00000,10.03000,5816200
2023-09-19,10.01000,10.10000,10.00000,10.02000,2787600
2023-09-20,10.08000,10.09000,9.92000,9.93000,2718400
2023-09-21,9.89000,9.89000,9.59000,9.60000,3399400
2023-09-22,9.63000,9.74000,9.58000,9.66000,3164700
2023-09-25,9.66000,9.68000,9.60000,9.63000,2715800
2023-09-26,9.61000,9.62000,9.35000,9.39000,6191800
2023-09-27,9.46000,9.54000,9.38000,9.47000,4588500
2023-09-28,9.17000,9.31000,8.99000,9.26000,5558000
2023-09-29,9.30000,9.40000,9.28000,9.29000,2745600
2023-10-02,9.34000,9.38000,9.20000,9.29000,3749800
2023-10-03,9.19000,9.24000,8.91000,9.01000,5398100
2023-10-04,9.01000,9.07000,8.87000,9.02000,6442000
2023-10-05,9.02000,9.16000,8.97000,9.12000,2601300
2023-10-06,9.03000,9.26000,9.03000,9.16000,2820600
2023-10-09,9.10000,9.34000,9.10000,9.29000,2045400
2023-10-10,9.30000,9.42000,9.29000,9.33000,2280900
2023-10-11,9.36000,9.47000,9.36000,9.46000,2428100
2023-10-12,9.41000,9.44000,9.27000,9.33000,2545100
2023-10-13,9.36000,9.41000,9.18000,9.19000,3967000
2023-10-16,9.27000,9.43000,9.21000,9.40000,2686200
2023-10-17,9.33000,9.48000,9.33000,9.44000,2865700
2023-10-18,9.35000,9.38000,9.21000,9.26000,2592200
2023-10-19,9.20000,9.30000,9.06000,9.08000,4259800
2023-10-20,9.05000,9.17000,9.00000,9.01000,3382100
2023-10-23,8.95000,9.07000,8.87000,9.02000,3811500
2023-10-24,9.05000,9.10000,8.95000,9.03000,4133400
2023-10-25,8.96000,9.09000,8.89000,8.95000,6652900
2023-10-26,9.07000,9.41000,9.06000,9.19000,7849300
2023-10-27,9.46000,9.50000,9.08000,9.14000,5782300
2023-10-30,9.20000,9.30000,9.13000,9.20000,4439900
2023-10-31,9.27000,9.37000,9.20000,9.33000,3675500
2023-11-01,9.35000,9.53000,9.28000,9.52000,3778500
2023-11-02,9.64000,9.75000,9.62000,9.73000,4098500
2023-11-03,9.87000,9.96000,9.87000,9.89000,3898400
2023-11-06,9.90000,9.90000,9.76000,9.80000,2620000
2023-11-07,9.81000,9.89000,9.74000,9.85000,2524700
2023-11-08,9.85000,9.90000,9.79000,9.86000,2123100
2023-11-09,9.90000,9.93000,9.68000,9.69000,2417500
2023-11-10,9.78000,9.81000,9.72000,9.78000,1988500
2023-11-13,9.73000,9.81000,9.68000,9.72000,1882600
2023-11-14,9.92000,10.09000,9.92000,10.08000,3477300
2023-11-15,10.06000,10.15000,10.04000,10.12000,3147000
2023-11-16,10.10000,10.15000,9.94000,9.96000,2872900
2023-11-17,9.99000,10.09000,9.98000,10.07000,2978000
2023-11-20,10.08000,10.14000,10.02000,10.11000,3495200
2023-11-21,10.07000,10.14000,10.07000,10.11000,2127100
2023-11-22,10.15000,10.20000,10.08000,10.19000,2535200
2023-11-24,10.17000,10.23000,10.14000,10.18000,1065800
2023-11-27,10.14000,10.16000,10.09000,10.14000,2783900
2023-11-28,10.12000,10.20000,10.09000,10.15000,2482100
2023-11-29,10.22000,10.33000,10.22000,10.30000,3136100
2023-11-30,10.30000,10.41000,10.29000,10.38000,4209500
2023-12-01,10.36000,10.57000,10.34000,10.56000,3967400
2023-12-04,10.51000,10.58000,10.47000,10.52000,3985000
2023-12-05,10.48000,10.52000,10.42000,10.46000,2919300
2023-12-06,10.53000,10.59000,10.33000,10.41000,3910400
2023-12-07,10.44000,10.51000,10.37000,10.51000,2008700
2023-12-08,10.46000,10.59000,10.45000,10.50000,2738800
2023-12-11,10.50000,10.52000,10.42000,10.42000,2564000
2023-12-12,10.43000,10.58000,10.38000,10.53000,3038600
2023-12-13,10.54000,10.78000,10.48000,10.75000,3478400
2023-12-14,10.86000,11.07000,10.84000,10.94000,5422100
2023-12-15,10.94000,10.94000,10.79000,10.87000,6562800
2023-12-18,10.92000,10.93000,10.84000,10.87000,4041700
2023-12-19,10.92000,11.10000,10.91000,11.08000,6669900
2023-12-20,11.02000,11.15000,10.93000,10.96000,3628000
2023-12-21,11.04000,11.06000,10.91000,11.01000,2998000
2023-12-22,11.04000,11.14000,11.00000,11.03000,2830200
2023-12-26,11.04000,11.14000,11.02000,11.11000,2256200
2023-12-27,11.11000,11.13000,11.04000,11.07000,3826600
2023-12-28,10.80000,10.85000,10.79000,10.83000,2998200
2023-12-29,10.81000,10.83000,10.64000,10.68000,3155800
2024-01-02,10.60000,10.67000,10.55000,10.60000,4081200
2024-01-03,10.53000,10.53000,10.21000,10.34000,4750100
2024-01-04,10.34000,10.40000,10.25000,10.25000,5476500
2024-01-05,10.23000,10.42000,10.21000,10.40000,3695200
2024-01-08,10.41000,10.64000,10.40000,10.64000,4398700
2024-01-09,10.54000,10.58000,10.51000,10.52000,3258600
2024-01-10,10.52000,10.57000,10.48000,10.57000,3623300
2024-01-11,10.49000,10.59000,10.38000,10.58000,2777300
2024-01-12,10.61000,10.73000,10.56000,10.66000,2400600
2024-01-16,10.60000,10.65000,10.52000,10.63000,2560600
2024-01-17,10.54000,10.68000,10.51000,10.59000,3351000
2024-01-18,10.65000,10.73000,10.55000,10.67000,4468000
2024-01-19,10.72000,10.84000,10.60000,10.83000,3299100
2024-01-22,10.86000,10.97000,10.86000,10.90000,2862600
2024-01-23,10.90000,10.94000,10.86000,10.92000,2201500
2024-01-24,10.98000,11.08000,10.95000,10.97000,2989400
2024-01-25,11.04000,11.09000,10.97000,11.02000,2446300
2024-01-26,11.07000,11.13000,10.97000,10.99000,2984500
2024-01-29,10.99000,11.04000,10.92000,11.00000,4207700
2024-01-30,11.00000,11.05000,10.89000,10.93000,3581700
2024-01-31,10.89000,10.91000,10.68000,10.70000,5360400
2024-02-01,10.76000,10.76000,10.49000,10.67000,5248400
2024-02-02,10.58000,10.61000,10.49000,10.56000,4136900
2024-02-05,10.43000,10.61000,10.34000,10.56000,4628700
2024-02-06,10.55000,10.66000,10.48000,10.58000,5334300
2024-02-07,10.68000,10.68000,9.97000,10.18000,12692100
2024-02-08,10.21000,10.29000,10.11000,10.12000,5444300
2024-02-09,10.12000,10.22000,10.08000,10.21000,3358500
2024-02-12,10.22000,10.45000,10.16000,10.40000,4142900
2024-02-13,10.19000,10.23000,10.06000,10.16000,5148400
2024-02-14,10.26000,10.35000,10.19000,10.32000,4001800
2024-02-15,10.36000,10.71000,10.36000,10.65000,4946300
2024-02-16,10.54000,10.69000,10.50000,10.58000,8322100
2024-02-20,10.50000,10.62000,10.43000,10.52000,4006500
2024-02-21,10.50000,10.67000,10.47000,10.60000,3421000
2024-02-22,10.60000,10.70000,10.55000,10.57000,3177000
2024-02-23,10.60000,10.74000,10.52000,10.70000,3935000
2024-02-26,10.70000,10.84000,10.63000,10.71000,4633100
2024-02-27,10.78000,10.78000,10.61000,10.64000,2833300
2024-02-28,10.62000,10.66000,10.58000,10.63000,2008000
2024-02-29,10.71000,10.85000,10.68000,10.84000,3142100
2024-03-01,10.88000,10.99000,10.82000,10.98000,5045900
2024-03-04,10.97000,10.98000,10.80000,10.80000,3225700
2024-03-05,10.77000,10.91000,10.75000,10.85000,2682100
2024-03-06,10.91000,10.94000,10.85000,10.89000,2906600
2024-03-07,10.93000,11.04000,10.93000,10.98000,2479300
2024-03-08,11.02000,11.13000,10.87000,10.92000,2447900
2024-03-11,10.91000,11.00000,10.87000,10.93000,2030500
2024-03-12,10.94000,11.12000,10.90000,11.12000,2978700
2024-03-13,11.10000,11.17000,11.10000,11.15000,2162300
2024-03-14,11.11000,11.15000,10.84000,10.86000,4160900
2024-03-15,10.82000,10.96000,10.76000,10.92000,4147600
2024-03-18,10.93000,10.96000,10.86000,10.87000,2161900
2024-03-19,10.86000,10.99000,10.85000,10.95000,2526200
2024-03-20,10.92000,11.20000,10.88000,11.16000,2210700
2024-03-21,11.18000,11.31000,11.16000,11.27000,2783100
2024-03-22,11.29000,11.29000,11.11000,11.13000,2255900
2024-03-25,11.16000,11.25000,11.15000,11.18000,2168800
2024-03-26,11.22000,11.23000,11.07000,11.09000,2733700
2024-03-27,11.15000,11.33000,11.13000,11.32000,2980900
2024-03-28,11.09000,11.18000,11.08000,11.16000,2815700
2024-04-01,11.10000,11.11000,10.91000,10.93000,3845800
2024-04-02,10.90000,10.94000,10.81000,10.81000,2218100
2024-04-03,10.80000,10.97000,10.76000,10.85000,2676500
2024-04-04,10.94000,11.03000,10.77000,10.77000,2285900
2024-04-05,10.76000,10.90000,10.74000,10.86000,2696100
2024-04-08,10.89000,11.02000,10.87000,10.99000,1867500
2024-04-09,11.00000,11.04000,10.90000,11.00000,2187200
2024-04-10,10.88000,10.88000,10.62000,10.70000,3225200
2024-04-11,10.75000,10.79000,10.66000,10.76000,2951700
2024-04-12,10.72000,10.75000,10.58000,10.60000,2507000
2024-04-15,10.68000,10.71000,10.51000,10.55000,2725700
2024-04-16,10.52000,10.58000,10.38000,10.54000,2688800
2024-04-17,10.62000,10.67000,10.50000,10.52000,1813100
2024-04-18,10.59000,10.71000,10.55000,10.65000,1517500
2024-04-19,10.65000,10.85000,10.60000,10.82000,2233200
2024-04-22,10.85000,10.98000,10.82000,10.94000,2160600
2024-04-23,10.94000,11.11000,10.89000,11.08000,2566800
2024-04-24,11.09000,11.16000,11.00000,11.13000,2187900
2024-04-25,11.02000,11.17000,10.98000,11.12000,2580900
2024-04-26,11.17000,11.32000,11.13000,11.21000,3585900
2024-04-29,11.23000,11.33000,11.18000,11.22000,4364600
2024-04-30,11.26000,11.41000,11.10000,11.12000,7232200
2024-05-01,11.14000,11.29000,11.02000,11.16000,4745100
2024-05-02,11.24000,11.26000,11.10000,11.25000,3070400
2024-05-03,11.35000,11.40000,11.28000,11.32000,2856600
2024-05-06,11.40000,11.45000,11.30000,11.32000,2817500
2024-05-07,11.37000,11.40000,11.25000,11.31000,2755100
2024-05-08,11.25000,11.27000,11.21000,11.22000,2383800
2024-05-09,11.30000,11.36000,11.24000,11.32000,2285200
2024-05-10,11.35000,11.40000,11.32000,11.38000,2551500
2024-05-13,11.40000,11.43000,11.29000,11.31000,1891100
2024-05-14,11.40000,11.44000,11.38000,11.40000,2884600
2024-05-15,11.45000,11.60000,11.45000,11.56000,3305600
2024-05-16,11.53000,11.56000,11.42000,11.46000,2202500
2024-05-17,11.50000,11.53000,11.44000,11.47000,2635500
2024-05-20,11.46000,11.49000,11.33000,11.33000,2316800
2024-05-21,11.30000,11.37000,11.24000,11.31000,3598500
2024-05-22,11.28000,11.31000,11.14000,11.15000,2491400
2024-05-23,11.17000,11.22000,10.90000,10.91000,2768100
2024-05-24,10.98000,11.04000,10.93000,11.02000,2124300
2024-05-28,11.05000,11.06000,10.91000,10.99000,2833200
2024-05-29,10.91000,10.95000,10.79000,10.91000,2231100
2024-05-30,10.99000,11.09000,10.93000,11.09000,6364400
2024-05-31,11.16000,11.25000,11.06000,11.21000,5621800
2024-06-03,11.28000,11.30000,11.19000,11.26000,2448700
2024-06-04,11.21000,11.35000,11.17000,11.24000,2117500
2024-06-05,11.30000,11.30000,11.12000,11.28000,1808500
2024-06-06,11.23000,11.29000,11.19000,11.19000,2050300
2024-06-07,11.17000,11.19000,11.09000,11.14000,1564900
2024-06-10,11.07000,11.16000,11.04000,11.09000,1416900
2024-06-11,11.02000,11.06000,10.92000,10.96000,2493700
2024-06-12,11.20000,11.28000,11.12000,11.12000,3348100
2024-06-13,11.13000,11.27000,11.11000,11.26000,2945100
2024-06-14,11.16000,11.25000,11.14000,11.15000,1929100
2024-06-17,11.12000,11.19000,11.08000,11.19000,2035000
2024-06-18,11.21000,11.25000,11.11000,11.13000,2032500
2024-06-20,11.14000,11.19000,11.05000,11.12000,3165600
2024-06-21,11.12000,11.14000,11.00000,11.05000,4722300
2024-06-24,11.07000,11.16000,11.01000,11.10000,2387600
2024-06-25,11.08000,11.11000,10.94000,10.95000,2922400
2024-06-26,10.94000,10.98000,10.85000,10.89000,2910800
2024-06-27,10.86000,10.88000,10.74000,10.80000,2861900
2024-06-28,10.87000,10.92000,10.79000,10.91000,4799200
2024-07-01,10.68000,10.74000,10.55000,10.58000,3590600
2024-07-02,10.56000,10.75000,10.56000,10.73000,2586900
2024-07-03,10.73000,10.77000,10.65000,10.65000,1069400
2024-07-05,10.63000,10.64000,10.53000,10.54000,6256800
2024-07-08,10.57000,10.61000,10.49000,10.59000,2601000
2024-07-09,10.59000,10.76000,10.54000,10.68000,1957600
2024-07-10,10.70000,10.84000,10.70000,10.81000,1753400
2024-07-11,10.91000,11.06000,10.88000,11.05000,2431400
2024-07-12,11.11000,11.23000,11.09000,11.10000,3261900
2024-07-15,11.14000,11.30000,11.08000,11.24000,3231900
2024-07-16,11.22000,11.52000,11.21000,11.50000,4157400
2024-07-17,11.43000,11.64000,11.43000,11.60000,3867900
2024-07-18,11.58000,11.79000,11.53000,11.57000,3160000
2024-07-19,11.57000,11.70000,11.54000,11.62000,2927600
2024-07-22,11.64000,11.74000,11.58000,11.66000,3199700
2024-07-23,11.59000,11.65000,11.53000,11.57000,3576400
2024-07-24,11.50000,11.53000,11.21000,11.22000,3634400
2024-07-25,11.27000,11.60000,11.25000,11.37000,4415500
2024-07-26,11.50000,11.60000,11.39000,11.45000,3146500
2024-07-29,11.47000,11.54000,11.40000,11.42000,2486900
2024-07-30,11.48000,11.55000,11.40000,11.53000,3260600
2024-07-31,11.59000,11.85000,11.37000,11.61000,6293900
2024-08-01,11.67000,11.71000,11.23000,11.35000,5667700
2024-08-02,11.20000,11.31000,11.08000,11.17000,4762800
2024-08-05,10.65000,11.02000,10.54000,10.77000,5913100
2024-08-06,10.93000,11.05000,10.81000,10.95000,3351600
2024-08-07,11.13000,11.17000,10.93000,10.93000,2725000
2024-08-08,11.04000,11.10000,10.98000,11.10000,2339300
2024-08-09,11.10000,11.21000,11.06000,11.16000,1906700
2024-08-12,11.15000,11.16000,10.96000,10.97000,1937700
2024-08-13,11.02000,11.16000,11.00000,11.13000,2138800
2024-08-14,11.20000,11.20000,11.13000,11.17000,1614000
2024-08-15,11.21000,11.43000,11.19000,11.36000,3162200
2024-08-16,11.37000,11.48000,11.37000,11.44000,1956700
2024-08-19,11.44000,11.51000,11.43000,11.51000,1984200
2024-08-20,11.48000,11.54000,11.42000,11.43000,1851100
2024-08-21,11.50000,11.52000,11.32000,11.36000,2795400
2024-08-22,11.37000,11.46000,11.34000,11.40000,1693500
2024-08-23,11.45000,11.60000,11.42000,11.57000,2316600
2024-08-26,11.61000,11.70000,11.60000,11.60000,1427300
2024-08-27,11.59000,11.64000,11.56000,11.62000,1452800
2024-08-28,11.64000,11.73000,11.58000,11.71000,2143700
2024-08-29,11.78000,11.87000,11.70000,11.84000,2288700
2024-08-30,11.87000,11.94000,11.78000,11.94000,2274400
2024-09-03,11.86000,11.92000,11.72000,11.74000,1921100
2024-09-04,11.70000,11.77000,11.58000,11.61000,3585300
2024-09-05,11.62000,11.69000,11.50000,11.61000,2924200
2024-09-06,11.62000,11.69000,11.53000,11.60000,3062100
2024-09-09,11.65000,11.65000,11.53000,11.58000,2462100
2024-09-10,11.62000,11.64000,11.47000,11.58000,2187600
2024-09-11,11.52000,11.53000,11.26000,11.42000,2685400
2024-09-12,11.45000,11.57000,11.43000,11.57000,1876000
2024-09-13,11.62000,11.78000,11.61000,11.77000,2447500
2024-09-16,11.84000,11.95000,11.77000,11.91000,2470600
2024-09-17,11.95000,11.97000,11.80000,11.89000,3282700
2024-09-18,11.92000,11.99000,11.78000,11.81000,3044100
2024-09-19,11.97000,12.02000,11.83000,11.91000,3232000
2024-09-20,11.86000,11.97000,11.83000,11.88000,4711700
2024-09-23,11.95000,11.95000,11.74000,11.78000,2662000
2024-09-24,11.80000,11.89000,11.75000,11.81000,2512100
2024-09-25,11.39000,11.41000,11.20000,11.22000,24243800
2024-09-26,11.26000,11.34000,11.22000,11.26000,10309200
2024-09-27,11.31000,11.42000,11.25000,11.32000,9151300
2024-09-30,11.31000,11.35000,11.24000,11.35000,5679600
2024-10-01,11.11000,11.12000,10.87000,10.94000,6454000
2024-10-02,10.90000,10.93000,10.79000,10.85000,4964400
2024-10-03,10.82000,10.83000,10.73000,10.81000,3784700
2024-10-04,10.80000,10.84000,10.67000,10.81000,8912400
2024-10-07,10.75000,10.77000,10.57000,10.58000,6187400
2024-10-08,10.65000,10.69000,10.55000,10.66000,4921400
2024-10-09,10.66000,10.73000,10.61000,10.62000,3726900
2024-10-10,10.62000,10.70000,10.56000,10.65000,3615800
2024-10-11,10.70000,10.72000,10.60000,10.65000,4193400
2024-10-14,10.66000,10.77000,10.61000,10.77000,4751300
2024-10-15,10.78000,10.93000,10.78000,10.85000,5370000
2024-10-16,10.88000,10.98000,10.86000,10.90000,4162900
2024-10-17,10.93000,10.94000,10.81000,10.83000,3181300
2024-10-18,10.85000,10.92000,10.78000,10.84000,3652000
2024-10-21,10.82000,10.83000,10.60000,10.60000,4151200
2024-10-22,10.60000,10.63000,10.57000,10.60000,3047500
2024-10-23,10.55000,10.62000,10.44000,10.56000,4450800
2024-10-24,10.56000,10.61000,10.53000,10.57000,3385800
2024-10-25,10.63000,10.66000,10.46000,10.48000,3654700
2024-10-28,10.51000,10.57000,10.47000,10.47000,4715400
2024-10-29,10.56000,10.79000,10.49000,10.70000,7851600
2024-10-30,10.70000,10.87000,10.70000,10.79000,4196600
2024-10-31,10.80000,10.84000,10.58000,10.59000,4829800
2024-11-01,10.68000,10.73000,10.47000,10.48000,6673700
2024-11-04,10.48000,10.55000,10.39000,10.41000,5213900
2024-11-05,10.44000,10.53000,10.40000,10.52000,3574400
2024-11-06,10.60000,10.74000,10.41000,10.56000,6800900
2024-11-07,10.56000,10.73000,10.55000,10.67000,3457500
2024-11-08,10.70000,10.84000,10.67000,10.78000,3960600
2024-11-11,10.79000,10.89000,10.78000,10.81000,3037500
2024-11-12,10.73000,10.79000,10.68000,10.73000,3482100
2024-11-13,10.75000,10.82000,10.71000,10.74000,2902800
2024-11-14,10.74000,10.84000,10.74000,10.78000,4328900
2024-11-15,10.78000,10.84000,10.70000,10.72000,3374900
2024-11-18,10.70000,10.74000,10.62000,10.66000,3351800
2024-11-19,10.59000,10.69000,10.54000,10.66000,3322000
2024-11-20,10.67000,10.70000,10.59000,10.64000,3291400
2024-11-21,10.68000,10.81000,10.68000,10.79000,3206700
2024-11-22,10.83000,10.99000,10.82000,10.98000,2976700
2024-11-25,11.00000,11.18000,10.98000,11.15000,6444300
2024-11-26,11.10000,11.14000,11.00000,11.13000,2956900
2024-11-27,11.16000,11.29000,11.15000,11.18000,2936800
2024-11-29,11.26000,11.32000,11.22000,11.25000,2144100
2024-12-02,11.26000,11.29000,11.17000,11.20000,3316400
2024-12-03,11.24000,11.26000,11.13000,11.16000,2225800
2024-12-04,11.15000,11.20000,11.12000,11.15000,2652200
2024-12-05,11.17000,11.23000,11.10000,11.11000,2643600
2024-12-06,11.13000,11.28000,11.13000,11.24000,2449500
2024-12-09,11.28000,11.33000,11.15000,11.18000,3306400
2024-12-10,11.16000,11.22000,11.07000,11.14000,3057600
2024-12-11,11.20000,11.21000,11.08000,11.15000,3117300
2024-12-12,11.15000,11.20000,11.13000,11.16000,2678000
2024-12-13,11.15000,11.20000,11.10000,11.12000,3044000
2024-12-16,11.10000,11.25000,11.08000,11.18000,2741700
2024-12-17,11.15000,11.28000,11.05000,11.05000,2972400
2024-12-18,11.05000,11.14000,10.70000,10.70000,4168400
2024-12-19,10.82000,11.00000,10.66000,10.67000,4606000
2024-12-20,10.67000,11.03000,10.67000,10.94000,8240700
2024-12-23,10.93000,10.95000,10.83000,10.91000,3130200
2024-12-24,10.95000,11.03000,10.89000,11.03000,1190100
2024-12-26,10.95000,11.03000,10.93000,10.99000,3157800
2024-12-27,10.95000,11.04000,10.88000,10.92000,2921600
2024-12-30,10.92000,10.92000,10.72000,10.87000,6704100
2024-12-31,10.72000,10.85000,10.67000,10.83000,4434100
2025-01-02,10.85000,10.91000,10.78000,10.86000,4616200
2025-01-03,10.89000,11.17000,10.87000,11.15000,5208700
2025-01-06,11.20000,11.21000,11.06000,11.06000,4666900
2025-01-07,11.10000,11.14000,10.96000,11.00000,3612000
2025-01-08,10.95000,10.97000,10.84000,10.96000,2220100
2025-01-10,10.87000,10.88000,10.68000,10.70000,3747500
2025-01-13,10.64000,10.74000,10.48000,10.71000,3779800
2025-01-14,10.80000,11.00000,10.79000,10.99000,4111400
2025-01-15,11.20000,11.27000,11.08000,11.17000,2960500
2025-01-16,11.19000,11.32000,11.18000,11.26000,5029500
2025-01-17,11.26000,11.37000,11.26000,11.35000,3835400
2025-01-21,11.39000,11.46000,11.33000,11.37000,4717000
2025-01-22,11.36000,11.37000,11.23000,11.26000,2775700
2025-01-23,11.28000,11.35000,11.26000,11.28000,2303200
2025-01-24,11.28000,11.35000,11.20000,11.30000,2922700
2025-01-27,11.27000,11.42000,11.26000,11.39000,4444600
2025-01-28,11.34000,11.49000,11.34000,11.41000,2911300
2025-01-29,11.36000,11.50000,11.29000,11.34000,3162700
2025-01-30,11.43000,11.64000,11.43000,11.56000,4355500
2025-01-31,11.55000,11.67000,11.49000,11.51000,4316400
2025-02-03,11.24000,11.40000,11.20000,11.33000,3911300
2025-02-04,11.30000,11.48000,11.27000,11.46000,3243500
2025-02-05,11.49000,11.55000,11.47000,11.49000,3049700
2025-02-06,11.67000,11.97000,11.65000,11.91000,6808900
2025-02-07,11.85000,11.89000,11.74000,11.85000,3454500
2025-02-10,11.85000,11.91000,11.75000,11.86000,2991600
2025-02-11,11.82000,11.88000,11.78000,11.85000,2925600
2025-02-12,11.73000,11.96000,11.69000,11.91000,3614200
2025-02-13,11.95000,11.99000,11.89000,11.99000,2858700
2025-02-14,12.00000,12.10000,12.00000,12.03000,2742500
2025-02-18,12.03000,12.07000,11.91000,11.98000,4865100
2025-02-19,11.90000,11.97000,11.87000,11.94000,2952100
2025-02-20,11.94000,11.98000,11.86000,11.98000,4480500
2025-02-21,12.00000,12.04000,11.83000,11.89000,3651100
2025-02-24,11.90000,11.94000,11.84000,11.86000,3187100
2025-02-25,11.90000,11.99000,11.88000,11.94000,3474400
2025-02-26,11.95000,12.08000,11.94000,12.02000,3065000
2025-02-27,12.05000,12.18000,12.01000,12.05000,4536200
2025-02-28,12.06000,12.16000,12.03000,12.15000,5096100
2025-03-03,12.15000,12.20000,11.87000,11.95000,6729900
2025-03-04,11.82000,11.90000,11.60000,11.61000,6047300
2025-03-05,11.66000,11.87000,11.64000,11.82000,3763900
2025-03-06,11.70000,11.85000,11.70000,11.72000,3112400
2025-03-07,11.72000,11.86000,11.57000,11.82000,3518800
2025-03-10,11.72000,11.88000,11.44000,11.52000,5445500
2025-03-11,11.60000,11.64000,11.37000,11.53000,4788500
2025-03-12,11.60000,11.61000,11.32000,11.44000,3723600
2025-03-13,11.46000,11.61000,11.36000,11.42000,2294400
2025-03-14,11.51000,11.66000,11.48000,11.65000,2738100
2025-03-17,11.65000,11.82000,11.62000,11.77000,3873700
2025-03-18,11.75000,11.81000,11.68000,11.71000,3075800
2025-03-19,11.75000,11.89000,11.71000,11.82000,3016000
2025-03-20,11.78000,11.92000,11.76000,11.83000,2247700
2025-03-21,11.81000,11.84000,11.57000,11.63000,9054300
2025-03-24,11.78000,11.82000,11.69000,11.79000,3866700
2025-03-25,11.82000,11.84000,11.63000,11.68000,3480500
2025-03-26,11.69000,11.73000,11.58000,11.66000,4063700
2025-03-27,11.60000,11.72000,11.59000,11.63000,2836700
2025-03-28,11.62000,11.63000,11.26000,11.39000,5072200
2025-03-31,11.10000,11.50000,11.07000,11.45000,7130500
2025-04-01,11.45000,11.52000,11.32000,11.43000,4909500
2025-04-02,11.33000,11.57000,11.30000,11.54000,5068700
2025-04-03,11.25000,11.49000,11.15000,11.25000,5328100
2025-04-04,11.00000,11.00000,10.28000,10.45000,15756400
2025-04-07,9.80000,10.65000,9.63000,10.03000,10359900
2025-04-08,10.45000,10.45000,9.74000,9.81000,6885100
2025-04-09,9.63000,10.48000,9.13000,10.36000,14314400
2025-04-10,10.17000,10.20000,9.32000,9.57000,10161000
2025-04-11,9.63000,9.87000,9.24000,9.76000,7820600
2025-04-14,10.03000,10.15000,9.82000,10.03000,6102600
2025-04-15,10.07000,10.26000,10.03000,10.13000,3078400
2025-04-16,10.09000,10.21000,10.00000,10.02000,3125700
2025-04-17,10.08000,10.27000,10.07000,10.14000,4872200
2025-04-21,10.05000,10.14000,9.80000,9.97000,7822500
2025-04-22,10.10000,10.32000,10.09000,10.31000,4490300
2025-04-23,10.50000,10.65000,10.27000,10.33000,5355300
2025-04-24,10.33000,10.46000,10.27000,10.40000,4476900
2025-04-25,10.40000,10.57000,10.26000,10.54000,5071600
2025-04-28,10.75000,10.99000,10.63000,10.97000,7294100
2025-04-29,10.97000,11.19000,10.93000,11.14000,5459200
2025-04-30,11.00000,11.22000,10.84000,11.18000,5731000
2025-05-01,11.21000,11.31000,11.13000,11.18000,4676200
2025-05-02,11.29000,11.35000,11.19000,11.28000,5121500
2025-05-05,11.23000,11.42000,11.17000,11.35000,4868000
2025-05-06,11.28000,11.32000,11.15000,11.17000,4056500
2025-05-07,11.16000,11.36000,11.15000,11.27000,4528400
2025-05-08,11.33000,11.39000,11.26000,11.28000,3698400
2025-05-09,11.34000,11.37000,11.23000,11.23000,4337200
2025-05-12,11.50000,11.58000,11.44000,11.54000,4312600
2025-05-13,11.58000,11.61000,11.51000,11.54000,4703900
2025-05-14,11.53000,11.58000,11.45000,11.54000,3423500
2025-05-15,11.54000,11.67000,11.54000,11.63000,4504300
2025-05-16,11.62000,11.71000,11.61000,11.67000,4349800
2025-05-19,11.56000,11.66000,11.51000,11.65000,3718200
2025-05-20,11.62000,11.65000,11.55000,11.56000,2259900
2025-05-21,11.50000,11.51000,11.08000,11.11000,6356000
2025-05-22,11.10000,11.28000,10.96000,11.17000,4761400
2025-05-23,11.08000,11.20000,11.05000,11.13000,3200500
2025-05-27,11.22000,11.33000,11.13000,11.30000,3576500
2025-05-28,11.27000,11.37000,11.13000,11.15000,3948700
2025-05-29,11.23000,11.30000,11.14000,11.29000,3561100
2025-05-30,11.24000,11.24000,11.09000,11.15000,6084100
2025-06-02,11.09000,11.14000,11.00000,11.07000,4367800
2025-06-03,11.11000,11.30000,11.05000,11.24000,3772700
2025-06-04,11.20000,11.26000,11.15000,11.21000,3306900
2025-06-05,11.21000,11.32000,11.16000,11.21000,3861300
2025-06-06,11.29000,11.35000,11.26000,11.34000,3681800
2025-06-09,11.37000,11.38000,11.22000,11.23000,3113400
2025-06-10,11.29000,11.37000,11.22000,11.36000,2987100
2025-06-11,11.40000,11.47000,11.36000,11.41000,4174900
2025-06-12,11.32000,11.47000,11.31000,11.45000,2983600
2025-06-13,11.32000,11.42000,11.26000,11.29000,3264700
2025-06-16,11.31000,11.41000,11.27000,11.29000,2841400
2025-06-17,11.22000,11.28000,11.10000,11.11000,3467500
2025-06-18,11.13000,11.30000,11.11000,11.21000,4089000
2025-06-20,11.26000,11.33000,11.17000,11.21000,7118700
2025-06-23,11.18000,11.26000,10.98000,11.23000,4195700
2025-06-24,11.31000,11.37000,11.25000,11.32000,4166500
2025-06-25,11.32000,11.34000,11.23000,11.25000,3826000
2025-06-26,11.29000,11.41000,11.27000,11.40000,3418300
2025-06-27,11.42000,11.44000,11.31000,11.40000,6323800
2025-06-30,11.22000,11.31000,11.14000,11.29000,4907600
2025-07-01,11.27000,11.50000,11.25000,11.47000,5801400
2025-07-02,11.46000,11.70000,11.43000,11.68000,5913100
2025-07-03,11.70000,11.79000,11.66000,11.73000,2600400
2025-07-07,11.65000,11.80000,11.58000,11.60000,4953000
2025-07-08,11.63000,11.78000,11.61000,11.65000,3382600
2025-07-09,11.71000,11.76000,11.67000,11.72000,2684500
2025-07-10,11.67000,11.78000,11.67000,11.75000,2758900
2025-07-11,11.68000,11.71000,11.62000,11.68000,2745100
2025-07-14,11.70000,11.75000,11.65000,11.73000,3351300
2025-07-15,11.77000,11.82000,11.67000,11.71000,4900000
2025-07-16,11.75000,11.95000,11.70000,11.90000,6870300
2025-07-17,11.84000,12.09000,11.84000,11.91000,6041400
2025-07-18,11.95000,12.00000,11.85000,11.94000,4654400
2025-07-21,11.99000,12.10000,11.98000,12.00000,4568900
2025-07-22,12.02000,12.21000,12.02000,12.19000,3832300
2025-07-23,12.23000,12.29000,12.17000,12.25000,3534400
2025-07-24,12.28000,12.31000,12.20000,12.23000,3571200
2025-07-25,12.20000,12.22000,12.05000,12.19000,3956300
2025-07-28,12.27000,12.59000,12.05000,12.23000,5934100
2025-07-29,12.31000,12.39000,12.20000,12.37000,3519200
2025-07-30,12.41000,12.45000,12.16000,12.18000,5216700
2025-07-31,12.20000,12.20000,12.02000,12.03000,5045200
2025-08-01,12.10000,12.12000,11.94000,12.05000,4240300
2025-08-04,12.15000,12.21000,12.14000,12.21000,3199700
2025-08-05,12.22000,12.31000,12.14000,12.26000,10129600
2025-08-06,12.26000,12.26000,12.10000,12.13000,3390500
2025-08-07,12.18000,12.26000,12.16000,12.19000,2827000
2025-08-08,12.25000,12.32000,12.19000,12.27000,1966200
2025-08-11,12.28000,12.42000,12.25000,12.25000,8026400
2025-08-12,12.30000,12.44000,12.30000,12.31000,9962900
2025-08-13,12.34000,12.39000,12.19000,12.34000,13833000
2025-08-14,12.32000,12.37000,12.23000,12.37000,3158500
2025-08-15,12.38000,12.39000,12.28000,12.29000,4392000
2025-08-18,12.30000,12.31000,12.23000,12.24000,2791400
2025-08-19,12.23000,12.36000,12.23000,12.32000,3659800
2025-08-20,12.34000,12.40000,12.29000,12.34000,3181000
2025-08-21,12.29000,12.32000,12.19000,12.20000,3002300
2025-08-22,12.23000,12.60000,12.23000,12.56000,6791900
2025-08-25,12.55000,12.62000,12.48000,12.49000,2656100
2025-08-26,12.50000,12.55000,12.44000,12.46000,4491500
2025-08-27,12.43000,12.51000,12.33000,12.35000,5500000
2025-08-28,12.37000,12.39000,12.23000,12.28000,3967200
2025-08-29,12.25000,12.40000,12.24000,12.38000,3728300
2025-09-02,12.26000,12.33000,12.13000,12.27000,6324800
2025-09-03,12.29000,12.39000,12.27000,12.35000,6681200
2025-09-04,12.40000,12.56000,12.40000,12.56000,4670800
2025-09-05,12.64000,12.74000,12.53000,12.62000,4950700
2025-09-08,12.60000,12.64000,12.48000,12.50000,5564800
2025-09-09,12.45000,12.56000,12.44000,12.53000,4188700
2025-09-10,12.58000,12.61000,12.43000,12.50000,4221600
2025-09-11,12.58000,12.67000,12.49000,12.54000,3841500
2025-09-12,12.50000,12.52000,12.36000,12.38000,5037300
2025-09-15,12.41000,12.44000,12.34000,12.40000,5703300
2025-09-16,12.38000,12.42000,11.86000,12.07000,11851300
2025-09-17,12.10000,12.68000,12.07000,12.46000,10249800
2025-09-18,12.44000,12.46000,12.24000,12.29000,5762000
2025-09-19,12.28000,12.33000,12.05000,12.11000,9330500
2025-09-22,12.10000,12.11000,11.82000,11.84000,7842200
2025-09-23,11.85000,11.87000,11.69000,11.76000,4853800
2025-09-24,11.73000,11.77000,11.66000,11.68000,8823600
2025-09-25,11.62000,11.66000,11.53000,11.60000,4918400
2025-09-26,11.64000,11.69000,11.58000,11.62000,3821000
2025-09-29,11.67000,11.68000,11.47000,11.52000,5790000
2025-09-30,11.56000,11.57000,11.32000,11.39000,5509600
2025-10-01,11.14000,11.24000,11.07000,11.22000,5898900
2025-10-02,11.20000,11.25000,11.05000,11.17000,9466800
2025-10-03,11.15000,11.24000,11.09000,11.15000,7789400
2025-10-06,11.10000,11.13000,10.89000,10.90000,9093400
2025-10-07,10.89000,10.95000,10.81000,10.88000,7263800
2025-10-08,10.91000,10.96000,10.85000,10.95000,4782300
2025-10-09,10.95000,11.00000,10.77000,10.78000,4293600
2025-10-10,10.81000,10.87000,10.63000,10.65000,5540800
2025-10-13,10.77000,10.77000,10.62000,10.77000,6022400
2025-10-14,10.75000,10.94000,10.70000,10.91000,6569200
2025-10-15,11.00000,11.08000,10.92000,10.92000,7269700
2025-10-16,10.94000,10.96000,10.67000,10.70000,8134500
2025-10-17,10.71000,10.84000,10.70000,10.83000,5213700
2025-10-20,10.83000,10.95000,10.78000,10.91000,5557000
2025-10-21,10.91000,10.93000,10.82000,10.82000,4424100
2025-10-22,10.86000,10.92000,10.81000,10.89000,6001700
2025-10-23,10.92000,10.94000,10.78000,10.83000,5423000
2025-10-24,10.91000,11.02000,10.85000,10.86000,4624100
2025-10-27,10.90000,10.95000,10.87000,10.94000,7671300
2025-10-28,10.94000,10.96000,10.82000,10.83000,4799900
2025-10-29,10.87000,11.04000,10.86000,10.93000,8428100
2025-10-30,10.77000,11.23000,10.72000,10.99000,9166800
2025-10-31,10.99000,11.03000,10.87000,10.97000,8479600
2025-11-03,10.97000,11.09000,10.85000,11.07000,9078500
2025-11-04,11.06000,11.06000,10.90000,10.99000,10820000
2025-11-05,10.98000,11.12000,10.95000,11.11000,6696100
2025-11-06,11.14000,11.18000,10.95000,10.96000,5837100
2025-11-07,10.90000,11.03000,10.82000,11.03000,8326600
2025-11-10,11.03000,11.08000,10.96000,11.05000,5538800
2025-11-11,11.10000,11.19000,11.09000,11.14000,5445100
2025-11-12,11.15000,11.28000,11.13000,11.24000,6713300
2025-11-13,11.22000,11.31000,11.14000,11.15000,3895300
2025-11-14,11.15000,11.16000,11.04000,11.12000,4119500
2025-11-17,11.12000,11.15000,10.85000,10.86000,5315500
2025-11-18,10.82000,10.89000,10.72000,10.87000,7102400
2025-11-19,10.90000,10.91000,10.77000,10.84000,4587200
2025-11-20,10.90000,10.97000,10.78000,10.79000,6516700
2025-11-21,10.83000,11.06000,10.81000,11.03000,6849100
2025-11-24,11.07000,11.09000,10.98000,11.02000,5544500
2025-11-25,11.08000,11.42000,11.08000,11.39000,5080700
2025-11-26,11.40000,11.61000,11.36000,11.52000,5101700
2025-11-28,11.54000,11.58000,11.47000,11.49000,2373500
2025-12-01,11.44000,11.52000,11.39000,11.45000,4310100
2025-12-02,11.45000,11.46000,11.26000,11.33000,5918800
2025-12-03,11.34000,11.45000,11.33000,11.42000,5103400
2025-12-04,11.45000,11.48000,11.28000,11.36000,3341200
2025-12-05,11.35000,11.45000,11.31000,11.34000,3803800
2025-12-08,11.33000,11.33000,11.05000,11.07000,5744300
2025-12-09,11.05000,11.18000,10.98000,11.02000,8223700
2025-12-10,11.05000,11.23000,11.03000,11.21000,5102500
2025-12-11,11.22000,11.32000,11.11000,11.14000,6140200
2025-12-12,11.20000,11.24000,11.08000,11.11000,5615500
2025-12-15,11.17000,11.23000,11.14000,11.19000,4553700
2025-12-16,11.20000,11.21000,11.02000,11.04000,4728400
2025-12-17,11.06000,11.28000,11.06000,11.15000,4958300
2025-12-18,11.15000,11.33000,11.15000,11.23000,4502900
2025-12-19,11.23000,11.29000,11.17000,11.17000,9517300
2025-12-22,11.18000,11.21000,11.10000,11.14000,4173600
2025-12-23,11.15000,11.19000,11.03000,11.05000,5115900
2025-12-24,11.09000,11.17000,11.08000,11.16000,7659100
2025-12-26,11.16000,11.22000,11.11000,11.16000,3288100
2025-12-29,11.16000,11.19000,11.03000,11.07000,8943800
2025-12-30,11.06000,11.11000,11.05000,11.07000,4550800
2025-12-31,10.88000,10.96000,10.82000,10.90000,8299500
2026-01-02,10.91000,11.07000,10.83000,10.98000,6578200
2026-01-05,10.94000,11.18000,10.88000,11.15000,11939300
2026-01-06,11.15000,11.19000,10.97000,11.15000,12912800
2026-01-07,11.15000,11.17000,11.05000,11.15000,7340200
2026-01-08,11.18000,11.51000,11.14000,11.39000,8614400
2026-01-09,11.52000,11.70000,11.51000,11.57000,11366400
2026-01-12,11.49000,11.51000,11.36000,11.40000,7284300
2026-01-13,11.40000,11.43000,11.15000,11.20000,5786200
2026-01-14,11.20000,11.25000,11.05000,11.20000,8259400
2026-01-15,11.19000,11.41000,11.10000,11.35000,12200100
2026-01-16,11.35000,11.81000,11.34000,11.76000,12190700
2026-01-20,11.66000,11.66000,11.48000,11.57000,9617400
2026-01-21,11.59000,11.77000,11.53000,11.75000,8684700
2026-01-22,11.75000,12.04000,11.73000,11.92000,8128600
2026-01-23,11.90000,11.91000,11.64000,11.78000,6705300
2026-01-26,11.77000,12.00000,11.69000,11.99000,7861500
2026-01-27,11.97000,12.06000,11.94000,12.06000,6345200
2026-01-28,12.08000,12.15000,11.89000,11.90000,7423200
2026-01-29,11.99000,12.06000,11.81000,11.92000,8784000
2026-01-30,11.78000,11.82000,10.73000,10.94000,26307600
2026-02-02,10.90000,10.92000,10.67000,10.80000,18816900
2026-02-03,11.24000,11.56000,10.91000,10.95000,19065900
2026-02-04,10.96000,11.03000,10.59000,10.78000,13977300
2026-02-05,10.70000,10.84000,10.64000,10.74000,10610600
2026-02-06,10.79000,10.87000,10.66000,10.73000,8288500
2026-02-09,10.67000,10.78000,10.53000,10.65000,8541000
2026-02-10,10.72000,10.76000,10.63000,10.67000,8788000
2026-02-11,10.70000,10.80000,10.66000,10.70000,6775100
2026-02-12,10.75000,10.85000,10.43000,10.57000,9427000
2026-02-13,10.60000,10.72000,10.44000,10.57000,5761600
2026-02-17,10.59000,10.64000,10.40000,10.60000,6724700
2026-02-18,10.62000,10.76000,10.55000,10.62000,6966700
2026-02-19,10.60000,10.64000,10.45000,10.58000,7953900
2026-02-20,10.58000,10.61000,10.45000,10.45000,7164600
2026-02-23,10.45000,10.53000,10.00000,10.01000,10618100
2026-02-24,10.02000,10.16000,9.86000,10.15000,10429000
2026-02-25,10.15000,10.24000,10.00000,10.22000,7141200
2026-02-26,10.27000,10.42000,10.22000,10.40000,7822600
2026-02-27,10.35000,10.35000,10.03000,10.05000,12748300
2026-03-02,9.90000,10.18000,9.75000,10.09000,11614000
2026-03-03,9.90000,10.09000,9.81000,9.95000,9254600
2026-03-04,10.03000,10.10000,9.73000,9.76000,12655300
2026-03-05,9.70000,9.92000,9.65000,9.78000,12421000
2026-03-06,9.68000,9.71000,9.41000,9.65000,7700800
2026-03-09,9.67000,9.91000,9.59000,9.84000,16755000
2026-03-10,9.85000,10.04000,9.74000,9.93000,15362300
2026-03-11,9.91000,9.99000,9.81000,9.87000,9883500
2026-03-12,9.79000,9.82000,9.58000,9.60000,11484200
2026-03-13,9.71000,9.77000,9.44000,9.45000,8773200
2026-03-16,9.62000,9.68000,9.36000,9.39000,8513900
2026-03-17,9.48000,9.61000,9.34000,9.36000,9354500
2026-03-18,9.29000,9.34000,9.05000,9.06000,10765400
2026-03-19,9.05000,9.18000,8.97000,9.03000,16094300
2026-03-20,9.02000,9.05000,8.43000,8.77000,121899500
2026-03-23,8.77000,9.14000,8.65000,9.06000,19969500
2026-03-24,8.94000,9.19000,8.91000,9.14000,12080200
2026-03-25,9.25000,9.42000,9.17000,9.24000,11418300
2026-03-26,9.12000,9.33000,9.11000,9.31000,10208700
2026-03-27,9.23000,9.33000,9.11000,9.14000,9048500
2026-03-30,9.19000,9.30000,9.14000,9.19000,7556600
2026-03-31,9.29000,9.51000,9.27000,9.48000,8209800
2026-04-01,9.52000,9.55000,9.41000,9.47000,8026200
2026-04-02,9.33000,9.64000,9.26000,9.63000,8459400
2026-04-06,9.38000,9.66000,9.37000,9.64000,8663200
2026-04-07,9.62000,9.67000,9.42000,9.50000,8320500
2026-04-08,9.81000,9.85000,9.64000,9.79000,8411800
2026-04-09,9.76000,10.01000,9.76000,9.91000,6075100
2026-04-10,9.90000,9.94000,9.85000,9.94000,4308600
2026-04-13,9.84000,10.09000,9.80000,10.09000,5724500
2026-04-14,10.14000,10.20000,10.02000,10.12000,5727300
2026-04-15,10.14000,10.15000,10.05500,10.13500,2818162
