date,open,high,low,close,volume
2016-02-01,9.74000,9.74000,9.20000,9.28500,223550
2016-02-02,9.30000,9.48000,9.07000,9.14500,105680
2016-02-03,9.00000,9.49000,8.67500,8.78500,321920
2016-02-04,8.80500,9.07000,8.71000,8.73000,53980
2016-02-05,8.90000,9.33500,8.81000,9.15500,136470
2016-02-08,9.44000,9.64000,9.10000,9.22000,102880
2016-02-09,9.15000,9.15000,8.77000,8.86000,603700
2016-02-10,8.81500,8.81500,8.51000,8.55000,389940
2016-02-11,8.70000,8.70000,7.62500,7.89000,269950
2016-02-12,7.92500,8.38000,7.74500,7.83000,346900
2016-02-15,8.19000,8.33000,7.61000,8.17500,452240
2016-02-16,8.55000,8.57000,7.87000,7.95500,228050
2016-02-17,8.00000,8.14500,7.59000,7.73000,322150
2016-02-18,7.73500,8.14500,7.73500,8.07500,144610
2016-02-19,7.90000,8.35500,7.90000,8.34000,172640
2016-02-22,8.29500,8.38500,8.21000,8.29000,23710
2016-02-23,8.20000,8.38000,7.92000,8.00500,84020
2016-02-24,8.01000,8.07500,7.95000,7.98500,33850
2016-02-25,7.90000,8.00000,7.61000,7.65000,124450
2016-02-26,7.78500,7.95000,7.55000,7.60000,206890
2016-02-29,7.55500,7.90000,7.55500,7.82500,129960
2016-03-01,7.62000,8.22500,7.62000,8.06500,208250
2016-03-02,7.95000,8.60000,7.95000,8.19500,389460
2016-03-03,8.20000,9.15000,8.20000,8.90000,845470
2016-03-04,9.00000,9.60000,8.65500,9.43000,579230
2016-03-08,9.60000,10.14000,9.54000,9.61500,1271460
2016-03-09,9.50000,9.53000,9.05500,9.23500,499140
2016-03-10,9.20000,9.80000,9.14500,9.42500,324000
2016-03-11,9.40000,9.72000,9.23500,9.29500,252720
2016-03-14,9.40000,9.69000,9.34000,9.42500,236720
2016-03-15,9.49500,9.53000,9.34000,9.41500,67640
2016-03-16,9.50000,9.50000,9.15000,9.22000,381570
2016-03-17,9.22000,9.48000,9.20000,9.26500,306720
2016-03-18,9.50000,9.70000,9.25000,9.43500,334550
2016-03-21,9.32500,9.58000,9.32000,9.42500,96340
2016-03-22,9.36000,9.38500,9.21500,9.30500,106540
2016-03-23,9.21500,9.87000,9.11000,9.53500,387990
2016-03-28,9.50000,9.55000,9.18000,9.19000,85540
2016-03-29,9.11000,9.47000,9.01500,9.20000,250020
2016-03-30,9.30000,9.59000,9.20000,9.25500,289780
2016-03-31,9.39500,9.57500,9.23000,9.37500,301850
2016-04-01,9.30000,9.59000,9.26500,9.39500,244100
2016-04-04,9.55000,9.89000,9.50000,9.61500,374300
2016-04-05,9.60000,10.37500,9.60000,9.89500,934630
2016-04-06,9.99000,10.39000,9.95000,10.22500,320270
2016-04-07,10.31500,10.60000,10.13500,10.22000,484800
2016-04-08,10.12000,11.37000,10.12000,10.95500,1539730
2016-04-11,10.99000,11.00000,10.35000,10.42000,435950
2016-04-12,10.50000,10.69000,10.25500,10.31500,299240
2016-04-13,10.30000,10.98000,10.30000,10.62500,574080
2016-04-18,10.63500,10.97500,10.55500,10.89000,386730
2016-04-20,10.90000,11.59000,10.80000,11.19000,705950
2016-04-21,11.20000,11.50000,10.82000,10.89000,255860
2016-04-22,10.92000,12.49000,10.76500,12.02500,3802230
2016-04-25,12.01000,12.30000,11.60000,11.80000,734220
2016-04-26,11.73000,12.28000,11.45500,11.96000,388860
2016-04-27,12.00000,12.26500,11.51000,11.70000,404300
2016-04-28,11.70000,12.05000,11.23500,11.40500,243750
2016-04-29,11.40500,11.90000,11.04000,11.22500,305440
2016-05-02,11.25500,11.55000,10.84000,11.15000,209430
2016-05-03,11.20000,11.54000,11.02000,11.06000,282940
2016-05-04,11.09500,11.19500,10.73000,10.84500,167360
2016-05-05,10.81000,11.00500,10.60000,10.70500,149320
2016-05-06,10.70000,10.94500,10.40500,10.52500,361650
2016-05-09,10.67500,10.99000,10.67500,10.71500,171860
2016-05-10,10.65000,10.72500,10.40000,10.46000,135060
2016-05-11,10.37500,10.58000,10.16500,10.28500,141460
2016-05-12,10.20000,10.80000,10.12000,10.45000,110800
2016-05-13,10.33000,10.49000,10.12500,10.19000,107150
2016-05-16,10.12500,10.32000,9.91000,10.08000,284810
2016-05-17,10.05000,10.64000,10.04500,10.33500,322440
2016-05-18,10.30000,10.53500,10.20000,10.28500,83520
2016-05-19,10.25000,10.37500,10.01500,10.11500,167770
2016-05-20,10.10500,10.30000,9.85000,9.92000,77250
2016-05-23,9.94500,10.37500,9.80500,10.05500,143230
2016-05-24,10.05500,10.16500,9.91500,9.96000,34710
2016-05-25,10.00000,10.10000,9.90500,9.92500,63000
2016-05-26,10.04500,10.40000,9.92000,9.99500,225060
2016-05-27,10.00000,10.85000,10.00000,10.37000,517620
2016-05-30,10.27000,11.39000,10.20000,10.94000,813540
2016-05-31,10.90000,11.58000,10.71500,10.86500,373340
2016-06-01,10.86500,11.00000,10.70000,10.73000,256400
2016-06-02,10.80000,10.87500,10.40000,10.63500,152150
2016-06-03,10.65000,11.18000,10.62000,10.85500,259140
2016-06-06,10.80000,10.90000,10.62500,10.65500,72210
2016-06-07,10.60000,10.80000,10.30000,10.60500,187890
2016-06-08,10.65000,11.08000,10.50000,10.66000,165010
2016-06-09,10.65000,12.54000,10.60000,11.72000,4957630
2016-06-10,11.69500,11.99000,11.30000,11.53500,1132270
2016-06-13,11.40000,11.83000,11.23000,11.40000,411140
2016-06-14,11.49500,12.23500,11.48500,11.63000,642710
2016-06-15,11.56000,12.18000,11.56000,11.81500,1077960
2016-06-16,11.88000,11.88000,11.00000,11.41500,635330
2016-06-17,11.50000,11.98000,11.32000,11.42500,330010
2016-06-20,11.60000,12.28500,11.49500,11.91000,1644000
2016-06-21,12.00000,12.17500,11.80000,11.87500,441150
2016-06-22,11.96000,11.96000,11.56000,11.64500,153640
2016-06-23,11.70000,11.76500,11.31500,11.38500,132420
2016-06-24,11.50000,11.50000,11.00000,11.17500,509490
2016-06-27,11.29000,11.84000,11.20000,11.67000,285710
2016-06-28,11.96000,11.96000,11.50000,11.70000,243060
2016-06-29,11.71000,13.32000,11.70000,12.80000,3963020
2016-06-30,12.84000,12.95000,12.20000,12.64500,731750
2016-07-01,12.66000,13.28000,12.60000,12.65500,605900
2016-07-04,12.66000,13.00000,12.50000,12.61500,599000
2016-07-05,12.60000,13.42000,12.59500,12.92500,1125140
2016-07-07,12.90500,13.18000,12.61000,12.76000,402120
2016-07-08,12.90000,12.98000,12.22500,12.40500,305530
2016-07-11,12.99000,13.35000,12.91000,13.24000,1416520
2016-07-12,13.25000,13.26000,12.81000,13.20500,464230
2016-07-13,13.20500,13.39000,12.86000,13.19500,418750
2016-07-14,13.28500,13.34500,12.85000,12.98500,412400
2016-07-15,12.99000,15.25000,12.99000,14.45500,5494920
2016-07-18,14.51500,15.39000,14.46000,14.55000,2109060
2016-07-19,14.60000,14.93000,14.20000,14.45500,702070
2016-07-20,14.49000,15.38500,14.10500,15.25500,2557290
2016-07-21,15.40000,15.80000,15.00000,15.12000,1426820
2016-07-22,15.32500,15.36500,14.81500,14.91500,371750
2016-07-25,14.98500,15.38500,14.86000,14.97000,518600
2016-07-26,15.09000,15.40000,14.50000,14.62000,637240
2016-07-27,14.64000,15.10000,14.60000,14.81000,388730
2016-07-28,14.80000,15.00000,14.52000,14.68500,228150
2016-07-29,14.66000,15.20000,14.45500,14.56000,333040
2016-08-01,14.66000,14.78000,13.68500,13.85500,483710
2016-08-02,13.86500,14.04000,13.18000,13.25500,283130
2016-08-03,13.22500,13.55000,12.90000,13.01000,476440
2016-08-04,13.04000,13.35000,12.63000,12.98000,237080
2016-08-05,13.04000,13.98000,13.04000,13.73500,568380
2016-08-08,13.75000,14.00000,13.65000,13.70000,177990
2016-08-09,13.60000,13.60500,13.15500,13.23500,222380
2016-08-10,13.20500,13.58000,13.20000,13.31000,136650
2016-08-11,13.13000,13.69000,12.85000,13.10500,133140
2016-08-12,13.20000,13.72000,12.90000,13.03500,200260
2016-08-16,13.10000,13.19000,12.82500,12.93500,94070
2016-08-17,12.90000,13.38000,12.67500,13.31500,171140
2016-08-18,13.30000,13.64500,13.11500,13.50000,166830
2016-08-19,13.40000,14.69000,13.17500,14.29500,594570
2016-08-22,14.68500,14.90000,14.35000,14.53500,523680
2016-08-23,14.60000,14.90000,13.80000,14.18000,388860
2016-08-24,14.20000,14.77000,13.91000,14.15500,555670
2016-08-25,15.76500,16.98500,15.23000,16.19000,18591700
2016-08-26,16.28000,16.62000,15.81000,16.26500,3950990
2016-08-29,16.19000,16.70000,15.89500,16.41000,1708910
2016-08-30,16.57500,18.38000,16.50500,17.99500,7962520
2016-08-31,18.10000,18.11500,17.16000,17.28000,1136970
2016-09-01,17.30000,17.88000,16.70500,16.91500,1002300
2016-09-02,16.90000,17.28000,16.70000,16.79000,589200
2016-09-06,17.06000,17.70000,16.81500,17.28000,1346410
2016-09-07,17.30000,17.54000,16.93000,16.99500,455110
2016-09-08,16.99500,17.55000,16.82500,17.11500,1298380
2016-09-09,17.11500,17.40000,16.75000,16.97000,761520
2016-09-12,16.78000,17.40000,16.40000,17.01500,1614900
2016-09-14,16.90500,18.00000,16.90500,17.52000,2627820
2016-09-15,17.52000,18.97000,17.30000,17.47000,5311550
2016-09-16,17.69000,18.39000,17.51000,17.80500,2381770
2016-09-19,17.71000,18.40000,17.71000,18.11000,1156040
2016-09-20,18.25000,19.50500,18.20000,19.01500,3853330
2016-09-21,19.25500,19.90000,19.08000,19.48500,5141720
2016-09-22,19.60500,20.89000,19.60500,20.44000,5652490
2016-09-23,20.85000,21.84000,20.80000,21.37500,6033400
2016-09-26,21.41000,22.19500,21.40000,21.83000,3280630
2016-09-27,21.92500,22.40000,21.80000,22.11000,2219870
2016-09-28,22.23000,22.36000,20.88500,21.72000,1649550
2016-09-29,21.93000,22.15000,17.41500,18.51500,3807520
2016-09-30,18.26500,20.20000,18.26500,19.89000,2564390
2016-10-03,20.25500,21.00500,20.25500,20.90500,1732710
2016-10-04,21.25000,21.38500,20.44000,20.68500,1065960
2016-10-05,20.87000,21.18000,20.70000,20.86000,898540
2016-10-06,21.00500,21.32500,20.31000,20.53000,801860
2016-10-07,20.68500,20.77000,20.29000,20.48500,487740
2016-10-10,20.59000,21.90000,20.28500,21.38500,1703750
2016-10-13,21.38000,22.28500,21.18500,21.66500,3017220
2016-10-14,21.76000,23.23500,21.74000,22.38500,8370630
2016-10-17,22.62500,23.35000,22.40000,22.88500,3074360
2016-10-18,23.04500,23.97500,22.75000,23.44000,4306280
2016-10-19,23.60500,24.69000,23.35000,24.28500,4692900
2016-10-20,24.44000,25.00000,24.30000,24.47000,2853180
2016-10-21,24.55000,24.63000,23.42000,24.28500,2025480
2016-10-24,24.45000,24.45000,23.75000,23.97500,1835480
2016-10-25,24.20000,24.50000,23.74000,24.10500,1177240
2016-10-26,24.00500,25.00000,23.85000,24.35500,2137810
2016-10-27,24.27000,25.26000,24.20000,24.90500,2928930
2016-10-28,25.00500,26.40000,25.00500,25.78500,3787830
2016-11-01,28.03000,29.62000,27.60000,28.76500,11848270
2016-11-02,28.40000,28.40000,26.50500,27.09500,6292310
2016-11-03,27.00000,27.99000,25.80000,26.06500,4230780
2016-11-04,26.05000,26.55500,24.02000,24.97000,3406320
2016-11-07,26.00500,26.99500,25.80500,26.23000,2045070
2016-11-08,26.40500,26.80000,25.57000,26.08000,1164200
2016-11-09,21.02000,25.30000,21.02000,24.72500,3102220
2016-11-10,25.41000,26.65000,25.40000,25.77000,1277670
2016-11-11,25.20000,25.97000,24.53000,24.84500,1411960
2016-11-15,25.35000,25.35000,21.90000,22.21500,1606150
2016-11-16,23.29000,23.59000,22.09500,22.38000,1545340
2016-11-17,22.39500,22.79000,20.33000,21.08000,1369120
2016-11-18,21.20000,22.00000,21.01500,21.66500,1035570
2016-11-21,21.00000,21.00000,19.10000,19.46500,2454770
2016-11-22,19.70000,19.94000,18.51000,18.97000,1032810
2016-11-23,19.17000,20.39000,18.92000,20.22000,1126760
2016-11-24,21.10000,22.99000,20.85000,22.11000,4612270
2016-11-25,22.70000,23.48500,22.50500,23.14000,2345460
2016-11-28,23.10000,23.97000,22.77500,23.63500,1191840
2016-11-29,23.79000,24.18500,22.65500,23.01000,1018430
2016-11-30,23.80000,25.70000,23.80000,24.34500,3361240
2016-12-01,24.50500,24.58000,23.37000,23.91500,812270
2016-12-02,23.65000,23.89000,23.01000,23.13000,701820
2016-12-05,23.40000,23.57500,22.37000,23.34000,525900
2016-12-06,23.69500,24.34000,23.62500,23.95000,1251720
2016-12-07,24.16500,24.16500,23.21500,23.37000,725460
2016-12-08,23.69000,24.29000,23.60000,24.04000,863810
2016-12-09,24.14000,24.14000,23.51000,23.63500,386200
2016-12-12,23.50000,23.84000,23.21500,23.34000,412960
2016-12-13,23.51000,24.11500,23.20000,23.37500,769360
2016-12-14,23.30500,23.60000,22.70500,22.87500,269880
2016-12-15,22.40500,23.70000,22.40500,22.83000,491570
2016-12-16,22.80000,23.26000,22.60000,22.82000,397980
2016-12-19,23.04500,23.05000,22.10000,22.36500,388470
2016-12-20,22.57000,22.60000,21.61000,21.81000,402170
2016-12-21,21.99000,21.99000,21.32500,21.49000,223420
2016-12-22,21.40000,23.93500,20.01000,22.64500,4560440
2016-12-23,22.60000,22.97000,22.22500,22.45000,1137740
2016-12-26,22.20000,22.20000,21.10500,21.18000,546390
2016-12-27,21.19500,21.98000,20.52500,21.53500,473870
2016-12-28,21.65000,22.13500,21.45500,21.53000,421670
2016-12-29,21.47500,21.89000,21.35000,21.69000,437130
2016-12-30,21.61000,22.39500,21.61000,22.02000,492000
2017-01-02,22.04000,23.08000,22.04000,22.94500,782400
2017-01-03,23.24000,24.00000,23.06500,23.47500,1327110
2017-01-04,23.63500,24.30000,23.60500,23.81000,1061690
2017-01-05,23.78500,24.49000,23.78500,24.35500,967470
2017-01-06,25.50000,25.64000,24.47500,24.68000,1466330
2017-01-09,24.80500,25.06000,24.68000,24.80500,537770
2017-01-10,24.96500,25.09500,24.40000,24.56500,509740
2017-01-11,24.61000,26.00000,24.61000,25.44000,2514410
2017-01-12,25.57500,25.80000,25.10000,25.46500,821960
2017-01-13,25.51000,26.14000,25.20500,25.94500,1217140
2017-01-16,25.71500,26.40000,25.71500,25.90000,684460
2017-01-17,25.94000,26.09000,25.43000,25.51500,356920
2017-01-18,25.68000,26.04000,25.30000,25.37000,514060
2017-01-19,26.00000,26.00000,25.14000,25.29500,302870
2017-01-20,24.90000,25.37000,24.60500,24.74500,382480
2017-01-23,24.76000,25.14000,24.64500,24.74500,250880
2017-01-24,24.88000,25.48000,24.85000,25.14000,309450
2017-01-25,25.11500,25.40000,24.81500,25.19500,276650
2017-01-27,25.23000,25.38500,24.60000,24.74000,479330
2017-01-30,25.09000,25.10000,24.25000,24.33000,320840
2017-01-31,24.48500,24.49000,23.31500,23.46500,531090
2017-02-01,23.40500,24.25000,22.86000,23.95000,466670
2017-02-02,24.29500,24.56500,24.08000,24.19500,415050
2017-02-03,24.30000,24.30000,23.91000,24.09000,297110
2017-02-06,24.20500,24.95000,24.01500,24.70000,504890
2017-02-07,24.72500,25.07500,24.47000,24.62500,372940
2017-02-08,24.54000,24.71000,23.81500,24.21000,501300
2017-02-09,24.40000,25.67000,24.22500,25.20000,2509270
2017-02-10,25.27500,26.00000,25.20000,25.53500,1471600
2017-02-13,26.32000,26.50000,25.35000,25.67000,1764160
2017-02-14,25.76500,25.76500,24.80000,24.93000,406440
2017-02-15,24.92500,25.17000,24.01000,24.18000,421920
2017-02-16,23.90000,24.70000,23.90000,24.60500,361120
2017-02-17,24.84000,25.99000,24.81000,25.53000,1876740
2017-02-20,25.70000,26.00000,25.13000,25.48500,1143010
2017-02-21,25.66500,25.88500,25.10000,25.15500,715960
2017-02-22,25.34500,25.58000,24.81500,24.94500,366760
2017-02-23,25.15000,25.15000,24.51000,24.66500,361970
2017-02-27,24.78500,24.78500,24.10000,24.17000,483080
2017-02-28,24.26000,24.80500,24.10500,24.38000,339720
2017-03-01,24.61500,25.40000,24.30000,25.18500,798730
2017-03-02,25.90000,25.98500,24.48000,24.76500,1255450
2017-03-03,24.80000,25.20000,24.50500,24.88000,374590
2017-03-06,24.70500,25.13500,24.40000,24.49000,341190
2017-03-07,24.66500,25.35000,24.50000,24.99500,590230
2017-03-08,24.74500,25.17000,24.35000,24.59500,474070
2017-03-09,24.50000,25.08500,23.81000,24.64000,1485120
2017-03-10,24.79000,24.87000,24.32000,24.34000,348950
2017-03-14,24.80000,25.00000,24.24000,24.28000,375600
2017-03-15,24.43000,24.43500,24.21000,24.26500,346850
2017-03-16,24.41500,24.98500,24.25000,24.38000,873730
2017-03-17,24.51000,24.79000,24.20000,24.30000,361150
2017-03-20,24.58500,25.20000,24.38000,24.55500,587340
2017-03-21,24.79000,24.79500,24.31000,24.44500,518120
2017-03-22,24.33500,24.74000,24.15500,24.21500,381470
2017-03-23,24.22500,24.78000,24.22000,24.61500,516600
2017-03-24,24.85500,24.95500,24.20000,24.28500,540300
2017-03-27,24.44500,24.91500,24.20000,24.27500,494380
2017-03-28,24.30000,24.55000,24.05000,24.12500,377690
2017-03-29,23.94500,24.58500,23.91000,24.13000,638380
2017-03-30,24.20000,24.40500,24.00000,24.07500,278100
2017-03-31,24.28000,24.50000,23.85000,24.30000,3511600
2017-04-03,24.33500,24.90500,24.33500,24.68000,714330
2017-04-05,25.00000,25.50000,24.81000,25.33000,1036950
2017-04-06,25.20000,26.78500,25.14500,26.16000,4204000
2017-04-07,26.16000,26.90000,25.70000,25.81500,1669000
2017-04-10,25.94500,26.45500,25.94500,26.08000,718840
2017-04-11,26.00000,27.30000,26.00000,26.75000,2109100
2017-04-12,26.82000,26.94500,26.00500,26.36000,975020
2017-04-13,26.49500,26.50000,26.00500,26.07500,553290
2017-04-17,26.30000,26.39500,25.70000,25.92500,375140
2017-04-18,26.18500,26.65000,25.60000,25.68500,483940
2017-04-19,25.65000,25.80000,25.26000,25.47500,345820
2017-04-20,25.47000,25.69000,25.01000,25.14000,454840
2017-04-21,25.14000,25.39000,24.60000,24.72500,501530
2017-04-24,24.88000,24.90000,24.50000,24.61000,435140
2017-04-25,24.70000,25.70000,24.50000,24.91500,699850
2017-04-26,25.08500,25.57000,24.74000,24.93000,438880
2017-04-27,24.94500,25.09000,24.71000,24.84000,216890
2017-04-28,25.00000,25.36000,24.82500,24.94000,322240
2017-05-02,24.90000,25.17500,24.22000,24.47500,379150
2017-05-03,24.60000,24.74500,24.21500,24.26500,212990
2017-05-04,24.48500,24.80000,24.40000,24.51500,301770
2017-05-05,24.89000,24.89000,23.90500,23.98500,309900
2017-05-08,24.48000,24.48500,23.93500,24.02500,235360
2017-05-09,24.24000,25.06000,23.95000,24.94000,580260
2017-05-10,24.60000,25.60000,24.60000,25.40000,569870
2017-05-11,25.60000,26.81500,25.35500,26.72500,2447840
2017-05-12,26.99500,27.37000,26.18000,26.29500,2114430
2017-05-15,26.55000,27.23500,26.00500,26.54000,934370
2017-05-16,26.30000,27.74500,26.30000,27.48500,3053070
2017-05-17,27.70000,27.77000,27.05000,27.39000,1116120
2017-05-18,27.01000,27.55000,26.15000,26.77500,662860
2017-05-19,26.61500,27.45000,26.40000,26.48000,481800
2017-05-22,26.74500,26.92500,25.00500,25.20500,638160
2017-05-23,25.38000,25.50000,24.01000,24.55000,660460
2017-05-24,24.70000,25.08500,24.15500,24.25500,392330
2017-05-25,24.39000,24.94500,24.31000,24.82000,305440
2017-05-26,24.77000,25.57000,24.70000,25.22000,314080
2017-05-29,25.97000,25.97000,25.01500,25.15000,221620
2017-05-30,25.27000,25.27000,24.61500,24.67500,206880
2017-05-31,24.74500,24.85000,24.35000,24.41500,301570
2017-06-01,24.50500,25.18000,24.31000,24.99500,470790
2017-06-02,25.00000,25.37000,24.60000,24.67000,299890
2017-06-05,24.66000,26.37000,24.66000,26.11500,886590
2017-06-06,26.09000,26.73000,24.71000,25.74000,794060
2017-06-07,25.80000,25.99000,24.74000,25.01000,839020
2017-06-08,25.19000,25.20000,24.62500,24.72500,369690
2017-06-09,24.73000,25.40000,24.30500,25.16000,390880
2017-06-12,25.49000,25.49000,24.63500,24.79000,320970
2017-06-13,24.88500,24.94000,24.20500,24.31500,374880
2017-06-14,24.49000,24.60000,24.04500,24.24000,280760
2017-06-15,24.37000,25.59000,24.33500,24.85000,967240
2017-06-16,24.66000,25.10500,24.50000,24.94500,445200
2017-06-19,24.96000,25.10000,24.51500,24.65000,187190
2017-06-20,24.78000,25.01000,24.30500,24.84500,356160
2017-06-21,24.53000,24.89000,24.32000,24.37000,263680
2017-06-22,24.42500,25.00000,24.35500,24.75500,453670
2017-06-23,24.60000,25.20000,24.24500,24.90500,634730
2017-06-27,24.77500,25.10000,24.45500,24.98500,506060
2017-06-28,24.76000,25.10000,24.66500,25.01000,427850
2017-06-29,25.10500,26.20000,24.95000,25.07500,1081360
2017-06-30,25.08500,25.44000,24.80000,24.99000,163570
2017-07-03,24.93500,25.56000,24.71500,25.20000,265580
2017-07-04,25.00000,25.54500,24.80500,24.93500,315130
2017-07-05,24.94000,25.56500,24.94000,25.08500,454520
2017-07-06,25.00000,25.50000,25.00000,25.41000,305740
2017-07-07,25.58000,26.42000,25.31500,26.24500,1634580
2017-07-10,26.79500,26.80000,25.30000,26.40500,109710
2017-07-11,27.20000,27.96500,26.81000,26.95500,2705440
2017-07-12,27.00000,27.45000,26.80500,27.13000,694320
2017-07-13,27.30000,27.50000,26.40500,26.51000,698030
2017-07-14,26.78000,26.78000,25.81000,26.32000,625880
2017-07-17,26.23000,26.59500,26.01000,26.31000,269930
2017-07-18,26.10500,26.37000,25.82000,25.98500,329800
2017-07-19,26.00000,28.25000,25.84000,28.02000,3301340
2017-07-20,28.43000,28.86500,27.52000,28.03000,1620760
2017-07-21,28.12000,29.18000,28.03000,28.93000,3997940
2017-07-24,28.80000,31.00000,28.75000,29.63500,6162270
2017-07-25,29.75000,30.34000,29.01500,29.26000,1693820
2017-07-26,29.35500,29.85000,29.00000,29.15000,1127110
2017-07-27,29.22000,29.29000,28.10000,28.26000,719900
2017-07-28,28.00500,29.79500,28.00500,28.87000,1436150
2017-07-31,30.50000,30.79500,29.55500,29.69500,1932680
2017-08-01,29.80000,30.25000,29.50000,29.72500,760750
2017-08-02,29.88000,29.95000,29.20000,29.31500,548850
2017-08-03,29.18000,29.50000,28.80000,28.87500,686230
2017-08-04,29.08500,29.69500,28.41500,28.63000,1177850
2017-08-07,30.99500,34.35500,30.87000,34.35500,11018210
2017-08-08,35.49000,36.40000,33.41000,34.37500,9634030
2017-08-09,34.00000,35.64000,33.50000,34.12500,3236800
2017-08-10,33.85000,36.90000,33.82500,35.08500,7213440
2017-08-11,34.51500,36.25000,33.32000,34.20000,4792310
2017-08-14,34.54500,36.16000,34.54500,35.87000,2048150
2017-08-16,35.90000,37.68000,33.72000,36.88500,4087210
2017-08-17,37.05500,37.50000,35.60500,35.78000,1497810
2017-08-18,35.59000,37.40000,34.73500,36.94500,2631290
2017-08-21,37.49000,38.80000,37.17000,38.11000,2969840
2017-08-22,38.43000,39.30000,36.94500,38.09000,1972850
2017-08-23,38.36000,38.90000,37.45500,37.85000,986420
2017-08-24,37.69000,38.40000,37.31500,38.13500,1143970
2017-08-28,38.35500,40.25000,38.14500,39.59500,2529940
2017-08-29,39.78000,39.90000,38.10000,38.30500,1811110
2017-08-30,38.60000,40.00000,38.56000,39.86500,1810470
2017-08-31,40.07000,46.60000,39.87000,44.87000,10997620
2017-09-01,45.99000,47.70000,45.50000,45.95000,4912950
2017-09-04,46.44000,47.39000,45.60000,46.34500,2011510
2017-09-05,46.70000,47.97000,46.00500,47.26000,2000730
2017-09-06,46.94500,48.85000,46.30000,47.31500,2033480
2017-09-07,47.40000,48.27500,46.25500,46.82000,947510
2017-09-08,47.09000,47.09000,45.12500,45.44500,935870
2017-09-11,45.80000,46.89500,45.50000,46.33000,796650
2017-09-12,46.59000,46.74000,44.87000,45.38500,912640
2017-09-13,45.49500,45.80000,44.70000,44.85000,1037390
2017-09-14,44.96500,45.29000,43.52500,43.63000,777960
2017-09-15,43.22500,48.35000,42.07000,47.30000,6289690
2017-09-18,47.72500,48.48000,46.16000,46.55500,1518100
2017-09-19,46.89500,48.30000,46.60000,46.88500,1244910
2017-09-20,47.10000,48.29500,46.60000,47.53000,1869320
2017-09-21,47.54000,48.05000,45.11000,46.50500,1169590
2017-09-22,46.49000,46.49000,43.75000,44.16500,1167110
2017-09-25,44.10000,44.48000,41.40000,42.85000,620120
2017-09-26,43.28000,44.60000,42.51000,43.74000,549160
2017-09-27,44.09000,44.70000,40.12500,41.83000,674520
2017-09-28,41.40500,42.60000,40.50000,41.74500,473540
2017-09-29,41.97000,42.80000,41.32500,41.54500,593370
2017-10-03,42.46500,44.10000,42.00000,42.78500,700450
2017-10-04,43.00000,45.61500,42.90000,44.03000,1610880
2017-10-05,44.36000,45.38000,44.00500,44.41500,624100
2017-10-06,44.74000,46.40000,44.51500,45.21500,882420
2017-10-09,45.49000,46.35000,45.20000,45.84500,719220
2017-10-10,45.75000,47.44500,45.75000,46.48500,1215010
2017-10-11,46.48500,48.97000,46.01000,46.38000,2767810
2017-10-12,46.73000,48.00000,46.35500,47.04000,688940
2017-10-13,47.34000,48.00000,46.11000,46.32500,491830
2017-10-16,46.76500,47.39500,45.92000,46.29500,483160
2017-10-17,47.00000,48.40000,47.00000,47.51000,1223360
2017-10-18,47.56000,47.89500,46.80500,46.95500,519060
2017-10-19,47.26000,47.29000,46.52000,46.70000,171810
2017-10-23,46.80000,46.99500,45.61000,45.81500,405060
2017-10-24,45.98500,47.99500,45.20000,46.57000,1162230
2017-10-25,46.71000,47.38500,46.20000,46.72000,513060
2017-10-26,46.99000,47.10000,46.22500,46.43500,220010
2017-10-27,46.90000,48.80000,46.90000,47.41000,1164540
2017-10-30,47.50000,48.35000,47.00000,47.16000,454870
2017-10-31,47.40000,51.84000,46.90500,50.28000,6628750
2017-11-01,50.68000,51.38000,48.56000,48.89000,1916340
2017-11-02,48.98000,49.79000,48.21500,49.32000,964860
2017-11-03,49.79000,51.28000,49.63000,50.79000,1826770
2017-11-06,52.20000,53.67500,48.69500,48.93500,4183150
2017-11-07,49.20000,49.85000,46.20000,46.67000,1276750
2017-11-08,47.07500,47.07500,45.15500,45.52500,711270
2017-11-09,45.13000,46.64000,45.13000,45.47000,470550
2017-11-10,45.48000,45.48000,43.60500,44.16000,792400
2017-11-13,44.63500,46.58000,43.80000,44.47000,998940
2017-11-14,44.79500,45.00000,44.20500,44.54500,413310
2017-11-15,44.76500,45.08500,43.79000,44.59000,410210
2017-11-16,44.86000,45.10000,44.11500,44.76000,353260
2017-11-17,45.03000,46.30000,44.79500,45.05500,1623320
2017-11-20,45.39500,45.67500,44.15500,45.48000,497140
2017-11-21,45.20000,46.15000,44.80000,44.98000,599500
2017-11-22,45.24000,45.28000,44.20000,44.84500,545980
2017-11-23,44.85000,49.59000,44.80000,48.81500,3542630
2017-11-24,49.27000,50.77000,48.40000,48.66000,2508300
2017-11-27,48.69000,49.20000,47.34500,48.04500,699910
2017-11-28,48.36500,49.17500,47.50000,47.84000,709120
2017-11-29,47.90500,48.19000,47.00000,47.23500,444740
2017-11-30,46.81000,47.94000,46.45500,47.60500,729550
2017-12-01,47.98500,47.98500,46.20000,46.71000,480970
2017-12-04,46.94000,47.44500,46.00500,46.16500,323630
2017-12-05,46.03000,46.03000,44.20000,45.32000,419800
2017-12-06,45.20000,45.70000,43.92500,44.18500,496340
2017-12-07,44.33000,47.15000,44.33000,46.44000,1001760
2017-12-08,46.84000,47.80000,46.51000,46.70000,715720
2017-12-11,47.00000,48.00000,46.55500,46.87500,357920
2017-12-12,46.62500,47.28000,45.26000,45.55500,435700
2017-12-13,45.60000,47.09000,45.10000,45.62500,569250
2017-12-14,45.79500,45.96000,44.80000,45.58500,254890
2017-12-15,46.10000,47.16500,46.00000,46.23500,507330
2017-12-18,46.20000,47.40000,44.20000,46.58000,593920
2017-12-19,46.94500,48.40000,46.50000,48.05000,885580
2017-12-20,48.05000,49.49000,47.22500,48.42500,1137080
2017-12-21,48.60000,49.60000,47.60000,47.92500,727740
2017-12-22,48.39000,48.87000,48.06000,48.42000,426800
2017-12-26,48.03500,49.40000,48.03500,49.03500,829210
2017-12-27,49.20000,53.50000,48.50500,51.22000,2825970
2017-12-28,51.79000,52.33500,50.00000,50.38000,1024430
2017-12-29,50.79500,51.09000,50.00000,50.18500,409400
2018-01-01,50.70000,52.18000,50.41000,50.86500,1116850
2018-01-02,51.29000,51.68000,49.12000,49.98500,732170
2018-01-03,50.44000,51.70000,50.30000,51.00000,867910
2018-01-04,51.30000,53.36500,51.05000,52.22500,1629580
2018-01-05,52.40000,53.59000,51.00000,51.18500,867970
2018-01-08,51.79000,53.00000,51.41500,52.09500,1257180
2018-01-09,52.30000,60.80000,52.01000,59.14000,14364300
2018-01-10,60.37000,61.28000,58.50000,59.01000,5391770
2018-01-11,59.00000,59.52000,57.23500,58.04000,1460690
2018-01-12,61.00000,63.50000,59.10000,61.25000,9608640
2018-01-15,61.47000,64.20000,61.45000,62.79500,3984420
2018-01-16,62.46500,62.72000,59.10000,59.44000,2530720
2018-01-17,59.39000,61.30000,57.33000,60.49500,1420730
2018-01-18,61.00000,61.69000,57.50000,58.29000,1261290
2018-01-19,58.02000,58.80000,56.60000,57.32500,1331820
2018-01-22,57.78500,60.49000,57.75000,59.90000,1775720
2018-01-23,60.10000,61.80000,60.10000,60.86000,1931990
2018-01-24,60.70000,60.70500,58.11500,59.16500,1040930
2018-01-25,59.46000,59.50000,58.00000,58.20000,562640
2018-01-29,58.04500,59.34000,55.25000,56.24500,657340
2018-01-30,55.10000,55.82500,53.75500,54.40000,843360
2018-01-31,54.39000,55.85000,52.00000,54.59000,698560
2018-02-01,54.80000,56.15500,53.00000,54.21500,655590
2018-02-02,53.00000,53.50000,49.30000,49.57000,918920
2018-02-05,48.80000,52.90000,46.10000,52.18500,2185360
2018-02-06,47.22500,50.89500,45.20000,49.80500,1236970
2018-02-07,54.00000,55.40000,52.51500,53.46000,2389390
2018-02-08,53.50500,55.98000,53.50500,55.39000,1419730
2018-02-09,53.89000,56.38500,53.01500,54.28000,2012850
2018-02-12,54.25000,55.50000,52.43500,52.73000,2302720
2018-02-14,52.91000,53.84500,51.30000,51.59000,1524870
2018-02-15,52.19000,53.10000,51.50000,51.79000,834740
2018-02-16,52.45000,52.67500,50.00500,50.46500,1429660
2018-02-19,50.89000,50.89000,48.60000,49.44000,1119220
2018-02-20,49.20500,50.67500,49.10500,49.83000,474790
2018-02-21,50.17500,50.26000,48.40000,49.07500,644820
2018-02-22,48.80000,49.48000,48.50000,48.80000,456830
2018-02-23,48.83500,50.39000,48.83500,49.80000,760830
2018-02-26,50.25000,51.50000,50.05000,50.29500,622470
2018-02-27,50.60000,50.99500,49.51500,49.65000,560830
2018-02-28,49.20000,49.83500,48.99500,49.41000,301510
2018-03-01,49.47500,50.05000,48.06000,48.43500,576570
2018-03-05,48.39500,48.49000,46.21000,46.53000,973880
2018-03-06,47.19500,47.85000,45.54000,46.23000,506250
2018-03-07,45.80000,45.99500,43.52500,43.94000,1160360
2018-03-08,44.20000,44.53000,42.02000,43.45000,950350
2018-03-09,43.65500,43.94000,41.60000,41.87500,1113180
2018-03-12,42.30000,43.27500,40.02000,41.86500,1595480
2018-03-13,42.14000,45.40000,41.90500,45.02000,1829000
2018-03-14,45.20000,47.29000,45.06000,45.30000,1158390
2018-03-15,45.64500,46.80000,44.79000,46.03000,2291060
2018-03-16,46.30000,48.69000,46.19500,47.58500,1641320
2018-03-19,48.29500,48.85500,45.80500,46.45500,738420
2018-03-20,46.49500,48.25000,45.00000,47.77000,1487010
2018-03-21,47.80000,48.23500,45.40500,45.74500,633510
2018-03-22,46.10000,46.10000,43.72500,44.11000,679020
2018-03-23,41.66500,42.60000,41.32500,42.17500,975100
2018-03-26,41.80000,42.57500,40.68500,41.98500,1123610
2018-03-27,42.20500,45.00000,42.20500,43.27500,796200
2018-03-28,42.60500,43.47500,41.80000,42.27000,831470
2018-04-02,42.75000,44.17000,42.59500,43.88500,693070
2018-04-03,43.89000,44.57000,43.21000,44.16500,971660
2018-04-04,44.58500,45.29000,43.10000,43.40500,818750
2018-04-05,44.21500,47.16000,44.08000,45.66000,1463080
2018-04-06,45.70000,46.45000,44.64000,45.76500,755320
2018-04-09,46.30000,46.60000,45.84500,46.02500,306590
2018-04-10,46.48000,46.72500,45.07500,45.56000,389980
2018-04-11,45.48500,46.42500,45.33000,45.98500,350820
2018-04-12,45.93500,46.70000,45.58000,46.38500,479140
2018-04-13,46.38500,46.80000,46.00000,46.27500,249710
2018-04-16,45.90000,46.94500,45.53500,46.21500,496190
2018-04-17,46.50000,47.10000,46.04000,46.32000,264750
2018-04-18,46.32000,46.80000,45.95500,46.21500,215100
2018-04-19,46.10000,50.20000,46.10000,48.74500,2250180
2018-04-20,49.00000,50.25000,48.50000,49.72000,1176360
2018-04-23,50.17000,50.17000,48.80000,49.08000,502420
2018-04-24,49.05000,49.42500,47.30000,48.16000,341880
2018-04-25,48.20000,48.71000,47.02500,47.19500,497360
2018-04-26,47.00000,48.71500,47.00000,47.20500,419470
2018-04-27,47.44500,48.10000,46.57000,47.00500,542530
2018-04-30,47.42000,47.84500,46.80500,47.40000,363700
2018-05-02,47.41000,48.00000,45.71000,45.98500,405510
2018-05-03,46.00000,46.00000,43.60000,44.35500,622730
2018-05-04,44.66500,45.10000,43.70000,43.96000,350240
2018-05-07,44.09500,45.28000,44.09500,44.79500,339420
2018-05-08,44.89500,45.18500,44.40000,44.66500,167040
2018-05-09,44.43500,44.87000,43.32500,43.79000,185600
2018-05-10,43.68500,44.90000,43.21000,43.84000,835550
2018-05-11,44.09500,44.70000,43.61500,44.06000,390080
2018-05-14,44.00000,44.56000,42.51000,43.02500,539780
2018-05-15,43.25000,43.80000,40.11000,40.93500,685930
2018-05-16,41.00000,42.15000,40.93500,41.78500,424900
2018-05-17,42.20000,42.20000,41.01000,41.79000,364470
2018-05-18,41.81500,42.37000,41.13000,41.36000,227610
2018-05-21,41.11000,42.22000,39.02000,40.34500,553020
2018-05-22,40.14500,40.63500,39.20500,39.45500,423420
2018-05-23,39.12000,39.74000,38.30000,38.43000,1775000
2018-05-24,38.44000,38.98500,38.36500,38.59000,396220
2018-05-25,38.61000,39.00000,37.26000,37.86500,1884650
2018-05-28,42.44000,44.85000,41.63500,43.04500,4246910
2018-05-29,43.00000,43.70000,42.00500,42.72000,774340
2018-05-30,42.50000,43.66500,42.14500,43.05500,598660
2018-05-31,43.49000,43.70000,41.80000,42.01000,379980
2018-06-01,42.28500,42.39000,40.71000,40.92500,1145150
2018-06-04,41.25500,41.44500,39.02000,39.36000,3133100
2018-06-05,39.40500,39.41000,37.20000,37.56000,470870
2018-06-06,36.50000,39.44500,36.43000,38.54500,534330
2018-06-07,38.99500,42.80000,38.99500,41.48500,1097910
2018-06-08,41.40000,43.55000,41.40000,42.55500,1158070
2018-06-11,42.82500,44.30000,42.20000,42.42000,690620
2018-06-12,42.60000,43.33000,42.13000,42.69500,486360
2018-06-13,42.88000,43.57000,42.10000,42.26000,240160
2018-06-14,42.00000,42.90000,41.81000,42.46500,327970
2018-06-15,42.49500,42.67000,40.84000,41.21500,282200
2018-06-18,41.00500,41.29000,40.22500,40.63500,170100
2018-06-19,40.49000,40.49000,39.00500,39.40500,396970
2018-06-20,39.06500,40.18000,39.06500,39.75500,233180
2018-06-21,40.20000,40.49000,39.10000,39.36500,202980
2018-06-22,39.68000,41.77000,39.60500,40.77000,1104700
2018-06-25,40.80000,41.36500,40.43000,40.81500,390760
2018-06-26,40.87000,41.13500,39.52000,39.91500,312590
2018-06-27,39.91500,40.62500,38.30000,38.86500,586370
2018-06-28,38.90000,40.30000,38.03000,38.20000,234620
2018-06-29,38.30000,40.28000,38.30000,39.60000,255650
2018-07-02,39.60000,40.00000,38.50000,38.84500,214770
2018-07-03,39.19500,39.34500,38.25500,38.69000,338850
2018-07-04,38.68500,39.00000,37.27000,38.16000,242560
2018-07-05,38.40000,38.45500,38.00000,38.14000,113390
2018-07-06,38.16500,41.70000,37.80000,40.16500,797160
2018-07-09,40.21000,41.19500,39.52500,40.32500,219780
2018-07-10,40.51000,41.09000,40.01500,40.55000,272070
2018-07-11,40.54500,40.80000,39.81000,40.17000,236700
2018-07-12,40.40000,41.58000,39.90500,40.27000,500130
2018-07-13,40.21000,40.74500,38.70000,38.93000,236430
2018-07-16,39.28000,39.28000,37.31000,37.59500,203790
2018-07-17,37.00000,38.50000,37.00000,37.85500,315510
2018-07-18,37.83500,38.40000,36.66500,37.13500,206710
2018-07-19,36.91000,37.39000,36.00000,36.17500,287350
2018-07-20,35.50500,36.37500,35.02000,35.66000,250050
2018-07-23,35.00000,36.90000,35.00000,36.73500,209920
2018-07-24,37.01000,38.79500,36.91000,38.44000,501940
2018-07-25,38.70000,40.39500,38.53500,39.41000,384640
2018-07-26,39.64000,40.75500,39.31000,40.62000,442050
2018-07-27,40.30000,41.10000,40.29500,40.39000,269860
2018-07-30,40.11000,40.97000,39.68000,40.17500,506530
2018-07-31,40.02000,40.57000,39.04000,39.63500,983750
2018-08-01,39.42000,40.12000,38.85500,39.01500,759160
2018-08-02,39.28000,39.45000,38.25500,38.89000,340770
2018-08-03,38.90000,40.90000,38.90000,40.66000,1043050
2018-08-06,40.89500,41.16000,40.17000,40.45500,242350
2018-08-07,40.45500,42.60000,40.45500,42.28500,1531120
2018-08-08,42.69500,43.04500,41.02500,41.29500,405880
2018-08-09,41.60000,42.39000,40.70000,40.86000,498640
2018-08-10,41.00000,41.01500,40.30500,40.77500,489850
2018-08-13,38.30000,39.90000,37.85000,38.60000,1348400
2018-08-14,38.50000,38.98000,37.60000,37.76000,364910
2018-08-16,37.67000,38.40000,37.32500,37.80500,398550
2018-08-17,37.83000,38.50000,37.22000,37.50500,379840
2018-08-20,37.84500,41.40000,37.62500,39.73500,3736430
2018-08-21,39.60000,39.60000,38.51500,38.85000,644220
2018-08-23,38.95000,39.14500,38.24000,38.72000,401510
2018-08-24,38.70000,40.47500,38.31500,39.10500,1046250
2018-08-27,39.41500,41.50000,39.30000,41.08500,1753830
2018-08-28,41.50000,42.90000,41.11000,41.70500,1533740
2018-08-29,41.60000,43.00000,41.50000,41.70000,857080
2018-08-30,41.50000,43.49000,41.50000,42.98500,1112520
2018-08-31,42.33500,43.90000,41.79000,42.34500,963410
2018-09-03,42.80000,43.86000,41.50500,41.96500,1006200
2018-09-04,42.00500,42.40000,39.91000,40.21500,645940
2018-09-05,39.80000,40.11000,38.04500,39.57500,844110
2018-09-06,39.62500,40.82000,39.60000,40.56000,584470
2018-09-07,40.55500,41.38500,39.66000,40.63500,1240970
2018-09-10,40.90000,42.49000,40.88500,41.50000,948670
2018-09-11,41.50000,42.10000,39.81000,40.38000,524800
2018-09-12,40.73500,40.73500,39.01500,40.27000,386410
2018-09-14,40.40000,41.50000,40.40000,41.02500,351330
2018-09-17,40.80500,41.50000,39.82500,41.33000,339100
2018-09-18,41.50000,41.90000,39.62000,39.99000,487560
2018-09-19,40.26000,40.93500,39.30500,39.60000,362040
2018-09-21,39.80000,40.58000,31.70000,36.34000,1217980
2018-09-24,37.08000,37.80000,35.75000,36.61000,803860
2018-09-25,36.40000,37.75000,35.50000,36.17000,476270
2018-09-26,36.46000,36.90500,35.18000,36.07000,698240
2018-09-27,36.39500,36.43500,34.30000,34.83500,432130
2018-09-28,34.70000,35.80500,32.40000,33.69500,731050
2018-10-01,33.85000,33.87500,31.15000,32.47500,643560
2018-10-03,32.49000,34.50000,32.21500,33.64000,455390
2018-10-04,32.82000,33.57500,31.81000,32.20500,377700
2018-10-05,32.46500,32.46500,31.10000,31.64000,279830
2018-10-08,31.03000,32.40000,29.95000,30.40000,321050
2018-10-09,30.50000,31.19000,30.12000,30.34500,198630
2018-10-10,30.40000,32.39500,30.40000,31.88500,260680
2018-10-11,30.10000,30.99000,30.10000,30.52500,304290
2018-10-12,30.90000,31.72500,30.20500,30.38500,1512680
2018-10-15,30.62500,30.62500,29.50000,29.89000,695280
2018-10-16,30.37500,31.43500,30.28500,31.01500,551930
2018-10-17,31.68000,31.84500,29.85500,30.10500,468280
2018-10-19,30.04500,30.37500,29.51500,29.73000,197210
2018-10-22,29.62500,30.38500,29.30000,29.45500,237390
2018-10-23,29.39000,29.59500,28.08500,28.25000,420810
2018-10-24,28.45500,28.90000,28.25000,28.47500,169740
2018-10-25,28.48000,28.61000,27.80000,28.05000,165800
2018-10-26,27.70000,29.36000,27.70000,28.75500,247420
2018-10-29,29.02500,29.75500,28.50500,28.76500,196360
2018-10-30,28.76500,29.40000,28.68500,29.10000,142530
2018-10-31,29.30000,30.24500,28.97000,29.99500,166370
2018-11-01,30.24000,30.87000,29.93000,30.40500,173590
2018-11-02,30.60000,32.05000,30.60000,31.81500,841140
2018-11-05,31.79500,31.79500,30.26500,30.44000,617470
2018-11-06,30.43000,30.99000,30.30000,30.43500,163970
2018-11-07,30.78000,31.50500,30.51500,30.78000,114440
2018-11-09,30.95500,31.54500,30.23000,30.57500,139050
2018-11-12,30.24000,31.00000,30.12500,30.26000,212800
2018-11-13,30.17000,30.65000,30.17000,30.42000,199940
2018-11-14,30.48500,30.95000,29.50000,29.92500,293420
2018-11-15,30.09500,30.10500,29.40000,29.59500,192550
2018-11-16,29.34000,29.96500,29.02000,29.23500,340960
2018-11-19,29.41000,29.64000,28.75500,29.00500,231720
2018-11-20,28.98500,29.14500,28.32000,28.50500,139240
2018-11-21,28.43000,28.63500,28.30000,28.49000,113490
2018-11-22,28.48000,29.18500,25.85500,26.58500,720630
2018-11-26,26.88000,26.99000,26.05500,26.32000,567960
2018-11-27,25.90000,26.45000,25.66500,26.10000,378780
2018-11-28,26.10000,27.49000,26.06000,26.69000,301750
2018-11-29,26.62500,27.43000,26.30000,26.50000,360260
2018-11-30,26.72000,26.99000,26.36500,26.61000,209850
2018-12-03,27.11000,27.51000,26.96500,27.12500,192260
2018-12-04,27.00000,27.00500,26.25000,26.31000,176030
2018-12-05,26.29000,26.30000,25.20500,25.38000,275380
2018-12-06,25.19500,25.61500,24.70000,25.31000,220460
2018-12-07,25.25000,25.40500,24.21000,24.58500,173500
2018-12-10,24.00000,24.24500,23.04500,23.23000,546580
2018-12-11,22.66500,24.80000,22.66500,24.34000,307830
2018-12-12,24.02500,26.80000,24.02500,25.45500,603350
2018-12-13,25.45000,26.64000,25.45000,25.98500,295200
2018-12-14,25.61500,25.99000,25.50000,25.68500,100770
2018-12-17,25.47000,26.40500,25.47000,25.74500,102980
2018-12-18,25.97000,26.43000,25.63000,25.99000,139950
2018-12-19,26.25000,26.97500,26.05000,26.82000,270120
2018-12-20,26.96500,27.20000,26.24500,26.43500,130020
2018-12-21,26.87000,26.96000,25.59000,26.75000,216420
2018-12-24,27.49500,27.49500,26.40500,26.55000,161720
2018-12-26,26.99500,26.99500,25.90000,26.18500,93510
2018-12-27,26.41000,26.60000,26.00000,26.03000,174970
2018-12-28,26.03500,26.93000,26.01000,26.17500,94210
2018-12-31,26.25500,27.00500,26.25500,26.56000,277110
2019-01-01,26.56000,26.80000,26.31000,26.55000,91170
2019-01-02,26.55500,26.69500,26.05000,26.32000,92370
2019-01-03,26.20500,26.80500,25.80000,25.87000,94180
2019-01-04,25.92000,26.29000,25.71500,25.85500,114070
2019-01-07,26.10000,26.50000,25.63500,25.82000,83650
2019-01-08,25.82000,26.38500,25.82000,26.23000,223420
2019-01-09,26.40500,26.40500,25.50000,26.24000,275610
2019-01-10,26.24500,26.50000,26.02000,26.20500,75930
2019-01-11,26.05000,26.39500,26.02500,26.19500,76050
2019-01-14,26.40000,26.49000,26.04000,26.38500,47880
2019-01-15,26.34500,26.49000,26.27500,26.41500,385330
2019-01-16,26.35500,26.84000,26.21000,26.35500,75290
2019-01-17,26.13000,26.50000,25.17500,25.45500,550010
2019-01-18,25.64500,25.64500,25.21000,25.23000,49750
2019-01-21,25.68500,25.87000,24.50000,24.83000,84870
2019-01-22,25.01000,25.79000,24.22000,25.39500,308520
2019-01-23,25.44000,25.69000,24.65000,25.08500,150870
2019-01-24,25.00500,25.47000,24.66000,24.91500,77110
2019-01-25,24.75000,25.00000,24.20000,24.43500,114400
2019-01-28,24.33000,24.60500,23.22000,23.62000,220190
2019-01-29,23.15000,24.27500,23.15000,23.64500,163200
2019-01-30,23.94000,24.09500,23.50500,24.01500,139410
2019-01-31,24.09000,24.35500,23.39000,23.74000,153160
2019-02-01,23.74500,24.77000,23.26000,24.25500,195870
2019-02-04,25.20500,27.92500,25.20500,25.88500,2340600
2019-02-05,25.74000,26.33500,25.21500,25.50000,418280
2019-02-06,25.76500,25.79000,24.81000,25.03500,196320
2019-02-07,24.86500,26.54000,24.86500,25.31000,362490
2019-02-08,25.54500,25.54500,24.41500,24.57000,145620
2019-02-11,24.82000,25.40500,24.26500,24.77000,245870
2019-02-12,24.60500,26.20000,24.60500,26.02000,371410
2019-02-14,24.80000,25.40500,24.40000,24.89500,138000
2019-02-15,24.70500,24.97500,23.82500,24.06000,253460
2019-02-18,24.37500,24.50000,23.62500,23.72500,180440
2019-02-19,23.94000,23.96500,23.61500,23.74000,3638350
2019-02-20,23.90000,24.30000,23.57000,23.91000,302090
2019-02-21,24.03000,24.77000,23.94500,24.52000,213130
2019-02-22,24.69000,25.00000,24.50000,24.70500,451200
2019-02-25,24.90000,25.64000,24.77000,25.04500,481570
2019-02-26,24.70000,24.77500,23.87000,24.60500,179450
2019-02-27,24.60000,25.80000,24.60000,25.29500,371520
2019-02-28,25.50000,26.30000,25.31000,25.94500,276350
2019-03-01,26.33000,28.20000,26.33000,27.81000,933980
2019-03-05,27.81000,30.50000,27.80500,30.01000,1057890
2019-03-06,30.48000,30.80000,28.85000,29.83000,481650
2019-03-07,29.70000,32.87000,28.90000,31.66500,1676390
2019-03-08,31.71000,31.79500,30.16500,30.88500,452620
2019-03-11,30.88500,31.39500,30.50000,30.81500,347120
2019-03-12,30.85000,33.20000,30.84500,32.25000,1328630
2019-03-13,32.55000,32.98000,32.00500,32.18000,384550
2019-03-14,31.90000,32.88000,31.90000,32.08000,189980
2019-03-15,32.06500,32.39500,31.00000,31.28000,451230
2019-03-18,31.52000,31.52000,28.81500,30.11000,693570
2019-03-19,30.28000,31.04000,29.70000,30.14000,313580
2019-03-20,30.20000,30.80000,29.50000,29.91000,329480
2019-03-22,30.46000,30.80000,29.01000,29.57000,264600
2019-03-25,29.30000,29.47500,28.74500,29.11500,144970
2019-03-26,28.81000,29.68000,28.81000,29.07500,191430
2019-03-27,29.42000,29.60000,28.61000,29.07500,416600
2019-03-28,28.90000,29.96000,28.90000,29.61500,306210
2019-04-01,31.58000,32.46000,31.57000,31.75500,491070
2019-04-02,31.89500,32.47000,31.38000,31.73500,277270
2019-04-03,32.04500,32.35500,31.15500,31.26000,212510
2019-04-04,31.69000,31.69000,30.82000,31.05000,132000
2019-04-05,31.18000,31.74000,30.93000,31.54500,91380
2019-04-08,31.45000,31.83000,30.72500,30.90500,114430
2019-04-09,30.70500,31.17000,30.19500,30.26500,121330
2019-04-10,30.35000,30.60000,30.05500,30.25500,84360
2019-04-11,30.34500,30.39500,29.95500,30.03500,64870
2019-04-12,30.13000,30.45000,29.67500,29.82500,123740
2019-04-15,30.18500,30.43500,29.85000,29.97000,150610
2019-04-16,30.29000,30.70000,29.70000,30.02000,312580
2019-04-18,30.23000,30.25500,29.43000,29.51000,105810
2019-04-22,29.53500,29.65000,28.81000,29.01500,221030
2019-04-23,29.06000,29.32000,28.48000,28.58000,123610
2019-04-24,28.20500,28.78000,28.02000,28.35500,209730
2019-04-25,28.10000,28.87000,27.31000,27.93000,236160
2019-04-26,28.39000,28.80000,28.00500,28.44500,97870
2019-04-30,28.40000,28.70000,27.66500,27.93500,99510
2019-05-02,28.19000,28.38000,27.73000,28.07000,163770
2019-05-03,28.06000,28.27500,27.60500,27.74000,171750
2019-05-06,27.97000,27.97000,27.32000,27.44500,73940
2019-05-07,27.89000,27.89000,27.12000,27.27000,101900
2019-05-08,27.07500,27.07500,26.20000,26.36000,136390
2019-05-09,26.06500,26.86000,26.06500,26.39000,164660
2019-05-10,26.49000,27.20000,26.10000,26.36500,157400
2019-05-13,26.00500,26.29000,25.12500,25.37000,103600
2019-05-14,25.20000,25.74000,24.60000,25.41500,102210
2019-05-15,25.42000,25.94500,25.17500,25.37000,250440
2019-05-16,25.10500,25.68500,24.22500,24.44000,257170
2019-05-17,24.41500,25.45000,24.39500,25.01500,191470
2019-05-20,25.77000,27.55500,25.77000,26.66500,243890
2019-05-21,27.00000,27.00000,26.01000,26.19500,138400
2019-05-22,26.30500,26.59500,26.11500,26.47500,65870
2019-05-23,26.99000,27.30000,26.10000,26.50500,493090
2019-05-24,26.59500,28.40000,26.20000,28.13000,485180
2019-05-27,27.83000,28.63500,25.81500,27.86500,747180
2019-05-28,27.64500,29.19500,27.30000,28.41000,697690
2019-05-29,28.10000,28.97000,28.05000,28.26500,173280
2019-05-30,28.29500,28.44500,27.01000,27.30000,248440
2019-05-31,27.56000,27.68500,26.56500,26.82500,130740
2019-06-03,26.71500,27.00000,26.44500,26.75500,135110
2019-06-04,26.75500,27.00000,26.55000,26.66500,66180
2019-06-06,26.91000,26.96000,26.02000,26.11000,240010
2019-06-07,26.23500,26.49500,25.26500,25.56500,162620
2019-06-10,26.00000,26.45500,24.50000,24.77000,354300
2019-06-11,24.90500,24.90500,24.31000,24.65000,164510
2019-06-12,24.65000,25.48000,24.54000,24.72500,172350
2019-06-13,24.71000,25.10000,23.94000,24.68000,191520
2019-06-14,24.50500,24.77000,24.13500,24.53000,76840
2019-06-17,24.53000,24.53000,23.81000,23.86500,114100
2019-06-18,24.32500,24.32500,23.58000,23.65000,100610
2019-06-19,23.66500,24.10000,22.00000,22.50500,384590
2019-06-20,22.70000,23.29500,22.52000,23.06500,88870
2019-06-21,22.80000,27.52500,22.07500,22.51000,499760
2019-06-24,22.13500,22.78500,22.13500,22.54500,142530
2019-06-25,22.46000,22.60000,22.21000,22.47000,85290
2019-06-26,22.40000,23.50500,22.26500,23.35500,211350
2019-06-27,23.31000,23.95000,23.08000,23.40000,163370
2019-06-28,23.56500,23.56500,22.80000,23.10000,91360
2019-07-01,23.10500,23.40000,22.55500,22.80000,78500
2019-07-02,22.82000,22.96500,22.59500,22.92000,163930
2019-07-03,22.95000,23.39500,22.92000,23.09500,65520
2019-07-04,23.02000,23.30000,22.62500,22.86500,74900
2019-07-05,22.80000,23.14000,22.10000,22.31500,83680
2019-07-08,22.26000,22.31500,20.59500,21.46500,261080
2019-07-09,21.40000,21.72500,20.92000,21.06000,183380
2019-07-10,20.92500,21.59500,20.81000,20.98000,134060
2019-07-11,20.68000,21.50000,20.30500,20.76500,171480
2019-07-12,20.60000,20.86500,20.20500,20.31000,162660
2019-07-15,20.11000,20.45000,20.01000,20.15500,75170
2019-07-16,20.03000,20.36500,19.70500,19.78500,261190
2019-07-17,19.99000,20.07500,19.60000,19.65500,152810
2019-07-18,19.56000,19.75500,19.15500,19.22500,360910
2019-07-19,19.10500,19.31500,18.14000,18.44500,163750
2019-07-22,18.28500,18.43500,17.66500,18.02500,168300
2019-07-23,17.83000,18.60000,17.83000,18.08500,126980
2019-07-24,18.08500,18.89500,18.08500,18.11500,133310
2019-07-25,18.03000,18.45000,17.50000,17.66500,144780
2019-07-26,17.67000,18.14000,17.67000,17.86000,176260
2019-07-29,18.34000,18.34000,17.42000,17.66500,122700
2019-07-30,17.87000,18.29500,16.79500,17.10500,190940
2019-07-31,16.89500,17.05000,16.33500,16.80000,178850
2019-08-01,16.94000,17.24500,16.10000,16.39500,244760
2019-08-02,16.01000,17.19000,15.91000,16.81000,422830
2019-08-05,17.20000,17.74000,16.83000,17.48000,547150
2019-08-06,17.48000,18.02500,17.03000,17.18000,598230
2019-08-07,17.33500,17.50000,16.82500,16.99500,327370
2019-08-08,16.90000,17.16500,16.83500,16.96500,125160
2019-08-09,17.11000,17.44500,17.04000,17.16500,204860
2019-08-13,17.80000,17.96500,17.10500,17.19000,217610
2019-08-14,17.19000,17.34500,16.93500,17.10500,119340
2019-08-16,16.98000,17.10000,16.50500,16.70000,128930
2019-08-19,16.74000,16.97000,16.65000,16.86500,68640
2019-08-20,16.79500,16.86000,16.25000,16.29000,578180
2019-08-21,16.23000,16.56500,15.10000,15.42000,256220
2019-08-22,15.32500,15.52500,14.02000,14.15500,348400
2019-08-23,14.23000,14.85000,13.83000,14.68000,256480
2019-08-26,14.90000,15.31500,14.11000,14.55500,304230
2019-08-27,14.89000,15.95000,14.71500,15.74500,311550
2019-08-28,16.03000,16.03000,15.01500,15.09500,287720
2019-08-29,15.09500,15.33500,14.31000,15.00000,3248170
2019-08-30,15.00000,15.70000,15.00000,15.40000,168850
2019-09-03,15.18000,15.39000,14.77000,15.01000,460420
2019-09-04,15.41000,15.41000,14.88000,15.03000,257030
2019-09-05,14.91000,15.42500,14.91000,15.01500,313200
2019-09-06,15.34500,15.38000,15.01000,15.21500,417260
2019-09-09,15.48000,16.39000,15.20000,15.92000,998420
2019-09-11,16.10000,16.88000,15.95500,16.18500,1563050
2019-09-12,16.29500,17.65500,16.21000,16.54500,1511010
2019-09-13,16.62500,17.09000,16.07000,16.45500,835440
2019-09-16,16.37000,16.80000,15.70000,16.46000,1091020
2019-09-17,16.64500,17.40000,15.71500,15.89500,723730
2019-09-18,16.05000,16.15000,15.00000,15.34000,826840
2019-09-19,15.31500,15.49000,14.71000,14.89500,558300
2019-09-20,15.08000,16.50000,14.66000,15.44000,2235990
2019-09-23,15.73500,17.24500,15.66500,17.02500,1313200
2019-09-24,17.28000,17.49000,16.32000,16.53500,483850
2019-09-25,16.40500,16.57000,15.84000,16.01000,284670
2019-09-26,16.38500,16.49500,15.81500,16.26500,342410
2019-09-27,16.37000,16.39500,15.76000,15.87500,148050
2019-09-30,16.00000,16.00000,15.19500,15.40000,306820
2019-10-01,15.38000,15.59500,14.64500,15.04500,349440
2019-10-03,15.01000,15.05000,14.72000,14.79500,237560
2019-10-04,15.15000,15.15500,14.64000,14.71000,147340
2019-10-07,14.78500,14.99500,14.50500,14.55500,194310
2019-10-09,14.72500,14.87500,14.50000,14.70500,130420
2019-10-10,14.75500,14.76000,14.31000,14.41500,148040
2019-10-11,14.62500,14.87500,14.42500,14.63000,176800
2019-10-14,14.79000,15.00000,14.62500,14.75000,166280
2019-10-15,14.67500,15.27000,14.64500,15.00500,272950
2019-10-16,15.16500,16.15000,14.90000,15.76000,519600
2019-10-17,15.89000,16.17500,15.70500,15.92000,243060
2019-10-18,15.91000,16.44500,15.79500,16.07500,218180
2019-10-22,16.10000,16.27500,15.70000,15.72500,131310
2019-10-23,15.72500,16.79500,15.70000,15.96000,383210
2019-10-24,16.06500,16.18500,15.70000,15.73000,134150
2019-10-25,15.88500,16.05000,15.11000,15.21000,287820
2019-10-27,15.21000,15.48000,15.21000,15.42000,57990
2019-10-29,15.74000,16.67500,15.51000,16.59000,497190
2019-10-30,16.62000,17.71000,16.57000,17.09000,629810
2019-10-31,17.09000,18.43500,17.03000,17.53500,679710
2019-11-01,17.60000,18.25500,17.50000,17.76500,346210
2019-11-04,18.05000,20.00000,18.05000,19.20500,1873420
2019-11-05,19.30000,19.48000,18.56000,18.91000,482450
2019-11-06,18.97000,19.90000,18.57000,19.55000,907450
2019-11-07,19.44500,19.99500,19.02000,19.10000,898740
2019-11-08,19.07000,19.59500,18.66500,18.78000,663960
2019-11-11,18.80000,19.60000,18.70000,18.92000,606580
2019-11-13,19.03000,19.20000,17.87000,18.00000,385920
2019-11-14,18.18000,18.18000,17.60000,17.69500,155890
2019-11-15,18.20000,18.20000,17.50000,17.64500,164810
2019-11-18,17.30000,18.70000,17.30000,18.54000,467410
2019-11-19,18.39500,18.70000,17.73000,17.83000,193880
2019-11-20,17.98000,18.24000,17.77000,17.94000,202030
2019-11-21,17.96500,18.03000,17.36500,17.53000,140850
2019-11-22,17.59000,17.83500,17.42000,17.64500,111230
2019-11-25,17.64500,18.90000,17.64500,18.73500,935120
2019-11-26,18.73500,19.50000,18.10000,18.21000,922980
2019-11-27,18.40000,18.86500,18.20000,18.49500,281260
2019-11-28,18.69000,19.18000,18.33500,18.70500,333370
2019-11-29,18.84500,18.97000,18.40000,18.45000,181030
2019-12-02,18.69500,19.04000,18.23500,18.42000,231220
2019-12-03,18.48000,18.50000,17.70500,17.87000,193730
2019-12-04,17.89000,18.51000,17.53000,18.34000,277500
2019-12-05,18.13500,18.50000,17.81000,17.99000,120810
2019-12-06,18.14500,18.14500,17.39500,17.50500,133410
2019-12-09,17.50000,17.70000,16.67500,16.81000,267360
2019-12-10,16.88500,17.02000,16.61000,16.65000,126190
2019-12-11,16.76500,16.86000,16.35500,16.69500,147090
2019-12-12,16.94000,17.47000,16.73500,17.21500,149240
2019-12-13,17.60000,17.86000,17.41000,17.52500,216350
2019-12-16,17.96000,17.96000,17.45500,17.61000,158440
2019-12-17,17.58000,18.60000,17.51500,18.21500,453060
2019-12-18,18.29500,19.78500,18.15000,19.18500,1794350
2019-12-19,19.01000,20.08500,18.90000,19.91000,1485680
2019-12-20,19.95000,21.42000,19.82000,20.48000,3142320
2019-12-23,20.39000,21.05000,20.05000,20.37500,765220
2019-12-24,20.50000,20.99500,20.23000,20.29500,655090
2019-12-26,20.30000,21.10000,20.30000,20.98500,613040
2019-12-27,20.98500,21.52000,20.69000,20.87000,584640
2019-12-30,20.81000,21.38000,20.64000,21.17500,374960
2019-12-31,21.17500,22.64500,20.97500,22.17000,1585770
2020-01-01,22.37500,23.28000,22.37000,22.77000,930250
2020-01-02,23.10000,25.98000,23.10000,24.79500,2864320
2020-01-03,24.70000,26.29500,24.20000,25.21000,1907970
2020-01-06,25.40000,25.40000,23.56500,23.70500,964410
2020-01-07,24.25000,24.94000,24.25000,24.55000,726760
2020-01-08,23.80000,24.78500,23.80000,24.20000,655220
2020-01-09,24.80000,25.90000,24.80000,25.76000,871240
2020-01-10,25.99000,25.99500,24.35000,24.51500,920840
2020-01-13,24.53000,25.10000,24.41500,24.55000,447540
2020-01-14,24.60000,25.78500,24.60000,25.60000,726300
2020-01-15,25.30000,26.50000,24.70000,26.34000,1249630
2020-01-16,26.38500,26.70000,25.70500,26.00000,667270
2020-01-17,26.20000,26.20000,24.91500,25.15000,790990
2020-01-20,25.45500,25.93500,24.85000,25.37000,597770
2020-01-21,25.02500,25.68500,24.58000,24.71500,415650
2020-01-22,24.88000,25.07000,24.20000,24.64000,457280
2020-01-23,24.59500,25.54000,24.59500,25.15000,388200
2020-01-24,25.25000,25.36500,24.84500,25.10000,185620
2020-01-27,24.99000,24.99000,24.31000,24.42000,262080
2020-01-28,24.50000,24.65500,23.70000,23.79500,405510
2020-01-29,24.18500,24.29500,22.50000,22.84000,583650
2020-01-30,22.76000,22.76000,21.88000,22.09500,400210
2020-01-31,22.00000,22.20500,21.20000,21.33500,309610
2020-02-03,20.21500,20.98000,19.85000,20.39500,444850
2020-02-04,20.55500,21.48500,20.55500,21.21000,486990
2020-02-05,21.30000,22.38500,21.30000,22.09000,427750
2020-02-06,22.27500,23.29000,22.27500,22.95500,622240
2020-02-07,23.15000,23.87000,23.14000,23.29000,415010
2020-02-10,23.01000,23.20000,22.31500,22.48000,486190
2020-02-11,22.66500,22.99500,22.21000,22.33000,285220
2020-02-12,22.75000,22.75500,21.26000,21.52000,329100
2020-02-13,20.30500,21.07500,20.26500,20.57500,447060
2020-02-14,20.57500,21.04500,20.40000,20.55500,255550
2020-02-17,21.00000,21.00000,20.00000,20.11000,202360
2020-02-18,20.20000,20.39000,19.88000,19.97000,272850
2020-02-19,20.26000,20.80000,20.20000,20.37000,216870
2020-02-20,20.46000,20.51500,20.02500,20.29500,191950
2020-02-24,19.99000,20.00000,19.10000,19.27500,142540
2020-02-25,19.11000,19.40000,18.69000,18.83000,199200
2020-02-26,18.60500,19.49000,18.51500,19.29000,235600
2020-02-27,19.60000,19.60000,18.38000,18.56000,278100
2020-02-28,18.20000,18.20000,17.01000,17.29000,255900
2020-03-02,18.13500,18.47000,17.01500,17.23000,216400
2020-03-03,17.26000,17.57000,16.50000,17.14000,248250
2020-03-04,17.07000,17.07000,16.13500,16.44000,396130
2020-03-05,16.93000,17.20000,16.11000,16.33000,576990
2020-03-06,15.90000,16.60000,15.25000,15.86500,513810
2020-03-09,15.40000,15.50000,14.37500,14.79000,465340
2020-03-11,15.20000,15.49000,14.84500,14.96500,526470
2020-03-12,14.47500,14.47500,12.40000,12.71500,1185760
2020-03-13,11.65000,13.80000,10.69500,13.50000,999920
2020-03-16,13.00000,13.29000,12.12000,12.40500,268530
2020-03-17,12.41000,12.95000,11.76500,12.34500,417410
2020-03-18,12.34500,12.84000,11.02000,11.42500,644140
2020-03-19,11.42500,11.74500,10.51000,11.52000,465010
2020-03-20,11.62500,12.67500,11.62500,12.10000,417190
2020-03-23,10.55500,10.96000,10.00000,10.42000,513100
2020-03-24,11.00000,11.27500,9.80500,10.50000,666190
2020-03-25,10.00000,11.35000,10.00000,11.13500,184080
2020-03-26,12.07000,12.20000,11.20000,11.71000,286550
2020-03-27,12.59500,12.75000,10.80000,11.01000,479010
2020-03-30,10.55500,11.75000,10.42000,11.09500,295670
2020-03-31,11.47500,12.20000,11.20000,11.75000,309890
2020-04-01,11.72500,12.14500,11.30000,11.50500,323020
2020-04-03,11.94000,11.94000,11.22000,11.64500,126690
2020-04-07,12.59500,12.80000,11.78500,12.56500,394940
2020-04-08,12.54000,13.21000,12.30500,12.70000,269460
2020-04-09,12.95000,13.47000,12.70000,13.22000,549470
2020-04-13,13.00500,14.07000,12.03000,12.79000,399030
2020-04-15,13.38500,13.59000,12.90000,13.31500,487250
2020-04-16,13.48000,14.99000,13.28000,14.56500,1003570
2020-04-17,15.40000,15.40000,14.61000,14.85000,578660
2020-04-20,15.00500,15.20000,14.61000,14.68000,352380
2020-04-21,14.40000,14.40000,13.45500,13.71500,282500
2020-04-22,13.65000,13.71500,13.16500,13.50500,192850
2020-04-23,13.61500,14.20000,13.61500,13.73000,152460
2020-04-24,13.65000,13.91000,13.20000,13.30000,126870
2020-04-27,13.60000,13.69500,13.30000,13.35000,89330
2020-04-28,13.30500,13.70000,13.30000,13.46000,111840
2020-04-29,13.68000,14.89000,13.41000,14.50000,1488580
2020-04-30,14.89500,15.00000,13.83500,14.17000,828180
2020-05-04,13.61000,13.80000,13.38000,13.54000,421600
2020-05-05,13.80000,14.25500,13.22000,13.32000,307980
2020-05-06,13.49000,13.49000,12.89500,13.04500,212760
2020-05-07,13.06000,13.37000,12.96000,13.12000,146630
2020-05-08,13.31000,13.68500,12.81000,12.91500,388680
2020-05-11,13.24000,13.55000,13.01500,13.07000,194360
2020-05-12,13.07000,13.29500,12.91000,13.13500,150330
2020-05-13,13.61000,13.92000,13.31000,13.81000,319670
2020-05-14,13.60000,13.70000,13.45000,13.47500,151790
2020-05-15,13.45000,13.79000,13.39000,13.54000,152120
2020-05-18,13.41000,14.27500,13.25000,13.52500,736680
2020-05-19,13.74500,14.00000,13.01500,13.19500,199750
2020-05-20,13.32500,13.70000,13.31000,13.50000,164880
2020-05-21,13.76500,13.76500,13.34500,13.41000,94860
2020-05-22,13.37500,13.47000,13.10000,13.18500,130960
2020-05-26,13.21000,14.18000,13.21000,13.86500,613020
2020-05-27,13.89500,14.20000,13.70500,13.91500,453550
2020-05-28,13.93500,14.45000,13.90000,14.16500,627190
2020-05-29,14.10000,15.75000,14.00000,15.05500,2683690
2020-06-01,15.25000,16.66500,15.17000,16.13000,2756400
2020-06-02,16.27000,16.68500,16.02000,16.33500,1056710
2020-06-03,16.48000,16.50000,15.18000,15.63500,927390
2020-06-04,15.77500,17.39500,15.77500,17.24500,2605190
2020-06-05,17.69000,19.00000,17.67500,18.06000,3423330
2020-06-08,18.23000,18.34000,17.25500,17.35000,1594360
2020-06-09,17.40000,17.99500,16.63500,16.83000,477050
2020-06-10,17.00000,17.24000,16.60000,16.71000,255250
2020-06-11,16.70000,17.40000,16.55000,16.78000,453460
2020-06-12,16.10000,17.90000,15.81000,17.51500,1027130
2020-06-15,17.64500,18.14500,16.73000,17.11000,525800
2020-06-16,17.31000,18.51000,16.58000,17.33500,1851760
2020-06-17,17.08000,18.40000,17.08000,17.47500,1032570
2020-06-18,17.60000,18.40000,17.47500,18.02000,1080570
2020-06-19,18.18500,18.73500,18.10500,18.39000,1042520
2020-06-22,17.50000,17.78500,16.80000,16.89000,1736420
2020-06-23,17.09000,17.40000,16.50500,17.00500,1264990
2020-06-24,17.29500,17.79000,17.01000,17.06000,948920
2020-06-25,16.93000,17.96500,16.90000,17.40500,1416900
2020-06-26,17.59500,17.59500,17.11500,17.22500,314920
2020-06-29,17.14500,17.14500,16.52000,16.60000,325000
2020-06-30,16.89500,17.18000,16.40000,16.52500,265840
2020-07-01,16.55000,16.98000,16.50000,16.71000,290730
2020-07-02,16.82000,16.99000,16.50500,16.63500,160600
2020-07-03,16.83000,16.91000,16.51000,16.58000,198680
2020-07-06,16.77000,17.04000,16.65500,16.94500,338420
2020-07-07,17.14500,17.70000,16.95500,17.29500,619770
2020-07-08,17.43000,18.10000,16.78500,17.18500,1152150
2020-07-09,17.36000,18.09500,17.26000,17.52500,1017680
2020-07-10,17.69000,17.69000,17.00000,17.14500,452760
2020-07-13,17.32000,17.63000,16.71000,16.80500,444670
2020-07-14,16.80000,16.98000,16.53500,16.63000,179280
2020-07-15,16.74500,16.93000,16.02000,16.26000,225700
2020-07-16,16.50500,16.73500,16.03000,16.23000,335440
2020-07-17,16.42000,16.85000,16.42000,16.70500,182660
2020-07-20,16.88000,17.28000,16.65000,17.00000,334140
2020-07-21,17.00000,17.17000,16.50000,16.81000,515450
2020-07-22,16.71500,17.60000,16.65500,16.99000,557640
2020-07-23,16.98500,17.32000,16.74000,16.89000,254200
2020-07-24,16.79000,17.45000,16.51000,16.88500,1031110
2020-07-27,16.70500,16.79000,16.35000,16.48000,144500
2020-07-28,16.43000,16.73000,16.43000,16.56500,229480
2020-07-29,16.66500,17.94500,16.61500,17.00500,1592940
2020-07-30,17.10000,17.54500,16.62000,16.73000,447040
2020-07-31,16.76500,17.10000,16.28000,16.41500,420740
2020-08-03,16.55000,16.99000,16.48000,16.84500,359770
2020-08-04,16.97000,19.55500,16.70000,19.14500,4445490
2020-08-05,19.39000,20.85000,19.10000,20.61500,9329100
2020-08-06,20.79500,20.94000,20.00000,20.29000,2289430
2020-08-07,20.26000,20.41000,19.40500,19.74000,1274200
2020-08-10,19.99000,21.12000,19.70000,20.31000,2159190
2020-08-11,20.50000,23.27000,20.50000,21.63000,4622950
2020-08-12,21.58500,23.66000,21.50000,23.29500,2426470
2020-08-13,23.51500,24.72500,23.51500,23.93500,2313460
2020-08-14,24.08500,24.40000,22.50000,22.67000,1605180
2020-08-17,22.88000,23.69500,22.81000,23.06500,771150
2020-08-18,23.50000,24.27000,23.30000,23.46500,1116150
2020-08-19,23.23000,23.78000,23.00000,23.05000,676410
2020-08-20,22.99000,24.40000,22.90000,23.20000,1296330
2020-08-21,23.46500,26.20000,23.40000,25.23500,6565840
2020-08-24,25.80000,26.69500,25.40000,25.68000,2749900
2020-08-25,25.88000,28.48000,25.51000,27.52500,3046000
2020-08-26,28.40000,29.60000,27.52500,28.63000,5428820
2020-08-27,28.58000,29.77000,27.70000,27.94500,3212980
2020-08-28,28.15000,29.37000,27.20000,27.64000,1499650
2020-08-31,27.85000,27.99000,23.58500,25.05500,2328160
2020-09-01,25.50000,26.51500,25.00000,26.03500,1101100
2020-09-02,27.10000,27.70000,26.40000,27.15000,1048170
2020-09-03,27.25000,27.54500,26.23500,26.52000,583060
2020-09-04,26.10000,26.50000,25.24000,25.80500,617680
2020-09-07,26.10000,26.80000,25.61000,26.03500,471620
2020-09-08,26.46500,26.46500,25.30000,25.49000,430910
2020-09-09,25.47000,25.47000,24.10500,24.92000,598860
2020-09-10,24.93500,25.90000,24.12500,24.35500,846910
2020-09-11,24.57500,24.68500,23.72500,24.07000,490190
2020-09-14,24.98000,25.40000,24.07000,24.95500,1022700
2020-09-15,25.33000,25.83000,25.10000,25.60000,365030
2020-09-16,25.64500,26.01000,25.02000,25.33500,252020
2020-09-17,25.10000,25.15000,24.20000,24.36000,423010
2020-09-18,24.83000,24.87500,24.01500,24.17000,363500
2020-09-21,24.48000,24.48500,21.78000,22.33500,542320
2020-09-22,21.90000,22.80000,20.70000,21.91500,727530
2020-09-23,22.20000,23.07000,21.53000,22.50000,357580
2020-09-24,22.00000,22.23500,19.91500,20.22000,1176590
2020-09-25,20.46500,22.50000,20.46500,22.16500,1229330
2020-09-28,22.70000,22.95500,22.31000,22.52500,371690
2020-09-29,22.66000,23.61500,22.56000,23.45000,647220
2020-09-30,23.58000,23.67500,22.80500,22.96000,422680
2020-10-01,23.19000,24.20000,22.83000,22.93500,435050
2020-10-05,23.14500,23.58000,22.23000,22.65000,409730
2020-10-06,22.79500,23.14000,22.20000,22.39000,256820
2020-10-07,22.23000,22.78000,22.02000,22.18000,196980
2020-10-08,22.20000,22.78000,21.92500,22.08000,278700
2020-10-09,22.10500,22.53500,22.03000,22.08500,159720
2020-10-12,22.11000,22.39500,21.52500,21.79500,198840
2020-10-13,21.79500,23.40000,21.60000,22.64500,1054710
2020-10-14,22.26000,24.00000,21.87500,23.46500,1220540
2020-10-15,23.77500,23.79000,22.30500,22.60000,428170
2020-10-16,22.66000,24.10000,21.98500,23.72000,714130
2020-10-19,24.29000,26.89500,24.00000,26.47000,3554460
2020-10-20,26.17500,27.00000,25.51000,26.27500,1080830
2020-10-21,26.52000,27.70000,26.30500,26.56000,1385290
2020-10-22,26.56000,26.74500,25.79500,25.93000,483840
2020-10-23,26.01000,26.94500,26.01000,26.46500,611010
2020-10-26,26.57000,26.57000,24.81500,25.05000,549880
2020-10-27,25.21000,25.80000,24.44000,25.31000,482790
2020-10-28,25.35000,25.59500,24.61000,24.74500,332270
2020-10-29,24.52000,24.69000,23.80500,24.38000,392200
2020-10-30,24.46500,25.29000,24.03500,24.44000,463620
2020-11-02,24.67000,26.20000,24.15000,25.89000,698260
2020-11-03,25.70000,27.78000,25.70000,26.61500,2370800
2020-11-04,26.99000,27.80000,26.44500,27.61000,1360000
2020-11-05,27.60000,28.97500,27.59500,28.67500,1602500
2020-11-06,28.98000,29.60000,28.00000,28.42500,1356120
2020-11-09,28.68500,29.20000,26.33000,27.64000,1304380
2020-11-10,27.71500,27.97500,26.50000,26.62000,649760
2020-11-11,26.65000,27.30000,26.39000,27.09000,393420
2020-11-12,27.20500,27.89000,27.20500,27.53500,382410
2020-11-13,27.67000,28.70000,27.50000,28.24000,663860
2020-11-14,28.66500,28.95000,28.66000,28.82000,329990
2020-11-17,29.10000,31.49500,29.10000,30.64500,4036390
2020-11-18,30.76500,31.65000,30.23500,31.05000,1596580
2020-11-19,30.89000,32.39000,30.30500,31.43000,1399130
2020-11-20,31.41000,31.82000,30.50000,30.68000,644040
2020-11-23,31.01000,32.00000,30.31000,30.64000,805150
2020-11-24,30.79500,30.97000,29.99500,30.07500,545750
2020-11-25,30.29500,31.02500,30.01000,30.11500,546360
2020-11-26,29.82500,30.80500,29.55000,30.55500,635270
2020-11-27,30.60000,31.45000,30.60000,31.34500,824700
2020-12-01,31.50500,31.72000,30.25500,30.85500,647530
2020-12-02,30.85500,33.20000,30.65000,32.83500,2626910
2020-12-03,33.20000,35.20000,32.96500,34.16000,4173600
2020-12-04,34.28000,35.60000,33.66500,34.60000,1774750
2020-12-07,34.60000,35.29000,33.88500,34.30500,813000
2020-12-08,34.48000,34.90000,32.80000,33.05000,947680
2020-12-09,33.22000,33.78000,32.10000,32.45000,580750
2020-12-10,32.45000,32.45000,31.50000,31.89500,494410
2020-12-11,32.00000,33.39500,31.91000,32.06000,595410
2020-12-14,32.64000,33.50000,32.19500,32.99000,657480
2020-12-15,33.25000,33.37500,32.35500,33.13000,438760
2020-12-16,33.01500,34.08500,32.67000,32.97000,571380
2020-12-17,33.13500,33.56000,31.75000,32.25000,475290
2020-12-18,32.41500,32.41500,31.16500,31.90500,444090
2020-12-21,30.96000,32.40000,28.42500,29.33000,886860
2020-12-22,28.27500,30.50000,28.27500,30.12500,1084730
2020-12-23,29.87500,30.79500,29.70000,30.50000,497850
2020-12-24,30.70500,32.48500,30.70500,31.10000,653710
2020-12-28,31.26000,32.29000,31.26000,31.84000,365700
2020-12-29,32.00000,32.75000,31.68500,31.86500,968150
2020-12-30,31.62500,33.97000,31.12000,33.40500,3707110
2020-12-31,33.67500,34.50000,33.30500,33.55000,1173320
2021-01-01,33.58500,34.80000,33.22000,33.95000,1568610
2021-01-04,34.19500,38.40000,34.10000,37.52000,5715060
2021-01-05,37.67000,39.65000,37.08000,38.36500,3374970
2021-01-06,38.50000,39.08500,36.81500,37.74500,1029440
2021-01-07,38.08000,38.90000,37.90000,38.19500,1023820
2021-01-08,38.38000,38.87500,37.30000,37.49000,849890
2021-01-11,37.80000,38.05000,36.50000,36.63000,692070
2021-01-12,36.67500,38.16000,36.55000,36.79500,610600
2021-01-13,37.03000,37.55000,36.20000,36.59500,628250
2021-01-14,36.78000,37.39000,36.60500,37.21000,683460
2021-01-15,37.60000,40.00000,37.60000,38.69500,2687590
2021-01-18,38.93000,39.34000,37.01500,37.82500,729830
2021-01-19,37.95000,38.99000,36.23000,36.98500,1431840
2021-01-20,36.97500,38.20500,36.90000,37.48000,566250
2021-01-21,37.64000,37.80000,35.77500,36.06500,582640
2021-01-22,36.15500,36.45500,33.85000,34.21000,997290
2021-01-25,34.50000,34.80000,32.01000,32.20000,1265140
2021-01-27,31.90000,32.18000,30.70000,31.23500,696960
2021-01-28,30.63500,33.28500,29.32000,32.86500,767070
2021-01-29,33.49500,33.82000,32.99500,33.47000,1370560
2021-02-01,33.70500,35.40000,32.87000,35.12000,576900
2021-02-02,35.30000,35.99000,34.50000,35.03000,775770
2021-02-03,35.20000,38.50000,35.20000,37.30500,1172650
2021-02-04,36.81000,38.00000,36.50000,37.54000,1058290
2021-02-05,37.70000,38.27500,36.49500,37.39000,951420
2021-02-08,37.58000,37.85000,36.82500,37.50000,524220
2021-02-09,37.50000,37.80000,35.25000,36.79000,967290
2021-02-10,36.32500,38.00000,35.89000,37.54500,443580
2021-02-11,37.73000,38.85000,37.49500,37.98500,564840
2021-02-12,38.17000,38.70000,37.60000,38.09000,520960
2021-02-15,39.40000,39.80000,37.60000,38.14500,1433080
2021-02-16,38.18500,39.40000,36.61500,37.15000,1242680
2021-02-17,37.10000,37.59500,35.15000,35.55500,1050270
2021-02-18,35.74000,37.22000,35.63000,36.48000,893480
2021-02-19,36.49500,36.70000,35.51000,36.21500,1143010
2021-02-22,36.40000,37.35500,35.80500,36.31500,558210
2021-02-23,36.49500,38.30000,36.29500,37.69000,1263260
2021-02-24,37.87000,38.37000,36.70000,37.84500,466670
2021-02-25,37.99000,40.79000,37.52500,39.18500,2809210
2021-02-26,38.87000,39.40000,37.70000,38.16000,875050
2021-03-01,38.20500,39.45000,36.51500,37.60000,1149290
2021-03-02,37.98000,38.78500,37.40000,37.73500,624000
2021-03-03,38.00000,39.40000,37.85000,38.53000,847430
2021-03-04,37.66000,38.47000,37.66000,37.98500,441770
2021-03-05,37.87000,38.34500,36.31000,36.96500,877840
2021-03-08,37.15000,38.10000,37.02000,37.35500,662730
2021-03-09,37.10000,37.70000,35.51500,35.89500,1018440
2021-03-10,36.20000,36.58000,35.30000,36.00500,466510
2021-03-12,36.14000,37.40000,35.85500,37.07000,852280
2021-03-15,37.24500,40.00000,36.22000,39.60000,2814200
2021-03-16,40.39500,42.29000,40.13000,41.74500,4790100
2021-03-17,41.89000,42.20000,40.44500,41.21500,1392200
2021-03-18,41.67000,43.67000,41.33500,41.94500,2306690
2021-03-19,41.50000,43.00000,40.44500,42.08000,1089920
2021-03-22,42.30000,43.40000,41.66000,42.38000,592980
2021-03-23,42.65000,44.77000,42.53500,42.75000,2200420
2021-03-24,42.70000,43.11500,41.56500,42.46500,820050
2021-03-25,42.25000,42.70500,40.21500,41.85500,994870
2021-03-26,42.37000,43.04000,41.50000,42.14000,425140
2021-03-30,42.10000,43.30000,41.90000,42.34500,585510
2021-03-31,42.37500,43.10000,41.26500,41.86000,493250
2021-04-01,42.22000,44.30000,42.18500,43.71000,2366880
2021-04-05,43.79000,46.30000,42.80500,44.97500,1936520
2021-04-06,45.47500,45.98000,44.10000,45.16500,732930
2021-04-07,45.35000,46.05000,43.94500,44.41000,840410
2021-04-08,44.79000,47.00000,44.46500,45.43500,1667790
2021-04-09,45.47000,46.79500,44.90500,45.19000,919550
2021-04-12,44.44000,44.44500,41.52500,41.70500,816600
2021-04-13,41.97000,44.00000,41.60500,43.80000,531220
2021-04-15,44.40000,44.46000,42.52000,43.93500,727450
2021-04-16,44.36500,44.79500,42.93000,43.21000,385630
2021-04-19,43.09000,43.36000,37.59000,42.19000,1311500
2021-04-20,42.95000,44.60000,42.70000,43.63500,1393660
2021-04-22,43.47500,47.47500,43.05500,46.96500,1899810
2021-04-23,47.00000,48.85500,46.97000,48.01000,1389580
2021-04-26,49.00000,49.50000,47.10000,47.34500,674360
2021-04-27,47.34000,49.86000,47.34000,48.71000,1079180
2021-04-28,48.75000,50.20000,47.49500,49.79500,1231630
2021-04-29,50.40000,51.25000,49.25500,50.08000,1650550
2021-04-30,49.70000,52.40000,49.39500,51.03500,1825860
2021-05-03,51.20000,58.50000,50.47500,55.70500,4932480
2021-05-04,56.51500,58.14500,54.86500,55.36000,2821570
2021-05-05,55.94000,59.40500,55.50000,58.47500,2666130
2021-05-06,59.10000,61.39000,58.00000,58.89500,2807890
2021-05-07,59.29000,60.46500,56.90000,57.89500,1632630
2021-05-10,59.00000,59.80000,58.00500,58.44500,1366090
2021-05-11,57.53000,58.16500,56.09500,56.29500,1539780
2021-05-12,56.60000,58.19000,55.80000,56.51000,1712650
2021-05-14,56.80500,57.40000,52.18000,53.02000,1428640
2021-05-17,53.69000,55.15000,51.20000,54.33000,1760790
2021-05-18,55.23500,56.24000,52.80000,52.94000,1056680
2021-05-19,53.19000,54.20000,51.87500,52.15000,1341490
2021-05-20,52.30000,52.67000,50.62500,51.15000,886720
2021-05-21,51.60000,53.96000,51.59500,53.40500,1803130
2021-05-24,55.53000,55.53000,53.35500,54.40500,2028420
2021-05-25,55.20000,55.48000,53.85000,54.11500,1092610
2021-05-26,54.39000,55.40000,51.80000,52.59500,1132990
2021-05-27,51.10500,52.80500,50.60000,51.97000,874510
2021-05-28,52.57000,54.15000,51.55500,51.92000,995660
2021-05-31,52.29000,52.53500,51.30500,51.63500,569860
2021-06-01,52.09000,52.09000,49.61500,50.42000,750180
2021-06-02,50.49000,53.98000,50.25500,53.79000,1750080
2021-06-03,54.00000,54.29000,53.01000,53.35000,885290
2021-06-04,53.50000,53.80000,52.80000,53.34500,1153250
2021-06-07,53.40000,53.85500,52.92500,53.39500,1154600
2021-06-08,53.10000,54.63500,53.10000,54.07000,1050370
2021-06-09,54.38000,55.40000,52.81000,53.98000,1506830
2021-06-10,54.95000,57.89000,54.15000,57.03000,6698630
2021-06-11,57.47000,64.89000,57.03000,62.71500,8140770
2021-06-14,63.79000,72.70000,61.65000,71.23000,14179730
2021-06-15,72.79500,74.76000,67.80000,68.23500,5718800
2021-06-16,68.80000,69.82000,65.70500,66.50500,2231230
2021-06-17,65.50000,68.87000,64.50000,65.37500,1433980
2021-06-18,65.59000,67.80000,61.26000,63.01000,1647610
2021-06-21,60.01500,66.16000,59.86000,64.69000,732540
2021-06-22,66.87000,67.92000,64.51000,67.92000,866620
2021-06-23,68.30000,68.89000,64.61000,65.36000,465620
2021-06-24,66.40000,67.36000,63.30500,64.04500,253270
2021-06-25,65.48500,67.24500,64.51500,65.16500,423590
2021-06-28,66.40000,66.50000,64.66500,64.92000,380610
2021-06-29,65.49000,65.99500,64.10500,64.81500,172390
2021-06-30,65.00000,65.69500,61.57500,62.48000,768210
2021-07-01,62.48000,64.89000,61.80000,64.43500,481340
2021-07-02,64.50000,65.50000,63.34000,63.78500,354900
2021-07-05,64.20000,66.50000,64.20000,65.39000,540460
2021-07-06,66.10000,66.40000,63.70000,63.99000,319760
2021-07-07,64.60000,66.60000,63.20000,66.09500,502140
2021-07-08,65.21000,67.50000,63.50000,64.83000,401090
2021-07-09,64.50000,66.30000,64.00000,64.76000,322000
2021-07-12,66.19500,66.19500,63.51500,64.23500,271150
2021-07-13,65.48000,65.48000,63.70000,64.72500,207300
2021-07-14,64.72500,65.50000,63.61000,64.21000,246420
2021-07-15,64.99000,65.50000,64.20000,64.62500,313850
2021-07-16,65.29000,65.51000,64.45500,64.61500,332350
2021-07-19,64.99500,65.80000,64.01000,64.89500,438590
2021-07-20,64.90000,65.80000,62.25000,63.60000,545500
2021-07-22,63.77000,66.78000,63.77000,66.78000,567270
2021-07-23,69.70000,70.11500,69.50000,70.11500,269510
2021-07-26,73.62000,73.62000,71.00000,73.13000,1765040
2021-07-27,73.40000,76.78500,73.30000,76.78500,1693820
2021-07-28,79.50000,80.62000,75.20000,80.62000,1623940
2021-07-29,84.65000,84.65000,80.95000,81.76000,1500070
2021-07-30,82.48000,83.49000,77.67500,80.15500,971490
2021-08-02,84.16000,84.16000,83.53000,84.16000,1189700
2021-08-03,84.94000,86.30000,80.20000,81.33500,1135590
2021-08-04,81.01000,82.00000,77.50000,78.41000,565780
2021-08-05,78.40000,80.49000,74.49000,79.99500,683940
2021-08-06,80.39000,81.00000,76.50000,77.47500,257720
2021-08-09,79.89000,81.34500,74.50000,76.05500,603480
2021-08-10,75.99000,75.99000,72.25500,72.29000,582140
2021-08-11,69.72000,75.00000,68.70000,74.41000,728920
2021-08-12,74.80000,77.90000,74.00000,77.05000,371690
2021-08-13,77.10000,78.80000,75.00000,75.42000,246760
2021-08-16,75.60000,77.27000,73.50000,76.50000,337170
2021-08-17,77.50000,77.50000,73.50000,74.63500,391810
2021-08-18,75.00000,75.00000,72.52500,74.26000,209000
2021-08-20,70.55000,72.00000,70.55000,70.55000,281450
2021-08-23,67.02500,70.30000,67.02500,67.02500,337880
2021-08-24,63.93000,68.00000,63.67500,67.70500,615190
2021-08-25,68.50000,69.80000,68.20000,68.66500,109810
2021-08-26,67.50500,68.60000,66.20000,66.58000,157110
2021-08-27,66.70000,69.79000,65.90000,68.92000,197060
2021-08-30,69.90000,72.36500,69.02500,72.04000,417490
2021-08-31,72.04000,75.00000,71.00000,72.68500,270010
2021-09-01,73.94000,73.94000,70.20000,72.16000,197450
2021-09-02,71.99500,72.40000,70.40000,71.69000,145920
2021-09-03,71.91500,72.20000,70.10000,71.30000,161820
2021-09-06,70.30500,72.79000,67.90000,70.68000,147170
2021-09-07,69.12500,70.97000,68.12000,69.28500,185190
2021-09-08,67.50000,72.29000,67.50000,70.73500,338460
2021-09-09,71.20000,72.00000,68.11000,69.88000,155580
2021-09-13,70.40000,70.69000,68.00000,70.11000,246590
2021-09-14,73.55500,73.55500,70.21500,72.99000,500940
2021-09-15,73.45000,73.90000,72.18000,72.97500,317670
2021-09-16,72.99000,73.46500,71.80000,72.69000,191580
2021-09-17,72.69000,73.15000,69.50000,70.74500,774910
2021-09-20,69.70000,70.88500,67.21000,67.21000,460110
2021-09-21,65.12500,66.86500,63.85000,63.86500,1904720
2021-09-22,64.18000,67.05500,62.50000,67.05500,505010
2021-09-23,70.40500,70.40500,69.23000,70.40500,330800
2021-09-24,72.60000,72.60000,66.90000,68.48000,448950
2021-09-27,70.50000,70.50000,65.07500,66.60000,562110
2021-09-28,67.89000,67.89000,65.33500,66.42000,413560
2021-09-29,65.61000,69.74000,65.61000,69.63500,1886450
2021-09-30,70.79000,72.60000,69.87500,71.12500,639360
2021-10-01,70.00000,71.89000,68.00000,69.62000,259240
2021-10-04,69.63500,73.10000,68.20000,73.10000,2719010
2021-10-05,74.00000,76.65000,74.00000,76.13500,1011410
2021-10-06,76.20000,78.90000,75.02000,77.63000,1078760
2021-10-07,77.99000,79.90000,76.50000,76.90500,478220
2021-10-08,78.67500,78.67500,76.50000,77.33000,344830
2021-10-11,77.76000,78.40000,76.81500,77.30500,364290
2021-10-12,77.89000,78.60000,76.02000,77.47000,359780
2021-10-13,77.07000,80.10000,77.07000,78.58500,412840
2021-10-14,78.50000,79.50000,75.11000,77.02500,302970
2021-10-18,79.39000,87.40000,78.20500,85.37000,2994710
2021-10-19,86.60000,87.75000,78.55500,80.50500,1262940
2021-10-20,80.00500,81.48000,76.38500,78.53000,652220
2021-10-21,79.77000,82.30000,77.53000,81.44500,480530
2021-10-22,82.20500,84.90000,78.15000,79.69500,694840
2021-10-25,80.90000,81.44000,76.52000,78.93500,320480
2021-10-26,80.00000,83.04000,78.98000,82.78500,466870
2021-10-27,83.19000,85.94000,81.95500,83.77500,674030
2021-10-28,84.20000,84.20000,80.50500,83.19000,457320
2021-10-29,82.98500,83.00000,80.44500,82.35500,574190
2021-11-01,90.00000,94.00000,85.49500,89.17000,3703930
2021-11-02,89.00000,89.89500,87.00000,87.59000,790410
2021-11-03,88.25000,91.92000,87.00500,91.40000,1416920
2021-11-04,92.34500,93.94000,91.50500,92.07500,364970
2021-11-08,92.60000,92.86000,88.16500,88.88000,571570
2021-11-09,89.29500,89.99500,87.00000,87.76500,424890
2021-11-10,87.80000,90.94000,86.76500,87.05500,722490
2021-11-11,88.72500,89.34500,86.51000,86.93000,342040
2021-11-12,88.00000,88.80500,81.13000,81.83000,719400
2021-11-15,81.84000,82.87000,77.50000,78.62000,864410
2021-11-16,78.50000,83.14000,77.62500,82.43500,756430
2021-11-17,82.89000,84.80000,80.49500,80.89000,495640
2021-11-18,81.00000,84.20000,80.00000,83.53000,746510
2021-11-22,84.30000,84.30000,77.11000,77.88500,587970
2021-11-23,78.50000,81.20000,76.90000,79.99500,692160
2021-11-24,80.52500,81.08500,79.02000,79.54000,303070
2021-11-25,81.54000,83.60000,80.99500,83.28500,816180
2021-11-26,82.50000,82.50000,78.00000,79.43000,720720
2021-11-29,78.00000,79.00000,74.20000,76.83000,471710
2021-11-30,76.80000,79.83500,76.80000,78.73500,623830
2021-12-01,78.50000,79.15000,76.62000,77.87500,296410
2021-12-02,77.10500,79.00000,77.04500,78.17500,150430
2021-12-03,78.33500,79.90000,77.85500,78.58500,143240
2021-12-06,78.58500,79.80000,73.37500,75.55500,350170
2021-12-07,76.97000,78.20000,75.74500,77.91000,379210
2021-12-08,78.00000,79.21500,77.20000,77.87000,287850
2021-12-09,77.90000,78.34500,75.44500,75.74500,393790
2021-12-10,76.00500,77.93500,75.10000,76.14000,236070
2021-12-13,77.00000,78.60000,76.01500,76.52500,254660
2021-12-14,76.05500,77.39500,75.80000,76.67500,132110
2021-12-15,77.77000,83.17000,76.82500,80.15500,2770880
2021-12-16,80.68000,81.18000,78.23000,79.07500,514420
2021-12-17,78.90000,79.49000,77.15000,77.44500,179140
2021-12-20,76.10000,77.90000,71.19500,76.29000,818370
2021-12-21,76.50500,81.52500,76.31500,77.12000,336300
2021-12-22,77.49000,79.69500,77.07000,78.27500,279850
2021-12-23,78.96500,79.27000,74.64500,76.06500,631720
2021-12-24,76.77500,77.92500,74.10000,74.99500,518050
2021-12-27,75.24000,76.10000,74.10500,75.19000,178550
2021-12-28,75.51000,77.53500,75.51000,76.59000,232880
2021-12-29,76.50000,77.70000,75.51000,76.07000,165560
2021-12-30,77.50000,80.79500,77.50000,79.85000,1417410
2021-12-31,80.80000,81.39000,79.46000,80.40000,372760
2022-01-03,81.19000,82.06500,78.50000,78.64000,593720
2022-01-04,79.49000,79.82000,76.50000,76.92500,396630
2022-01-05,78.30000,78.30000,75.68000,76.33000,861760
2022-01-06,76.33000,77.44000,75.89500,76.93000,236880
2022-01-07,78.00000,79.00000,76.93000,77.36500,542020
2022-01-10,78.50000,79.59000,77.50000,78.11500,496380
2022-01-11,78.89000,78.89000,76.66500,77.11500,322670
2022-01-12,77.97000,81.40500,77.25000,80.78000,1020730
2022-01-13,81.80000,86.47000,81.45000,85.35500,3070050
2022-01-14,86.40000,87.70000,84.30000,84.92000,689940
2022-01-17,85.90000,86.40000,83.50000,84.24000,537320
2022-01-18,84.30000,85.75500,81.52000,81.96500,555440
2022-01-19,82.30000,85.39000,81.30000,83.81000,578010
2022-01-20,83.87000,86.30000,83.26500,84.18500,598110
2022-01-21,84.00000,85.00000,83.01500,83.56500,396360
2022-01-24,83.50000,83.51000,77.22000,77.97000,529010
2022-01-25,77.49000,81.61500,76.25500,80.79500,528440
2022-01-27,80.70000,81.98500,78.60000,81.37500,277220
2022-01-28,83.94500,85.60000,81.91500,82.20500,518510
2022-01-31,82.70000,83.84500,81.02000,82.36000,267150
2022-02-01,82.50000,89.39500,82.50000,87.32000,1487730
2022-02-02,89.50000,92.66000,88.50500,91.63500,1517760
2022-02-03,92.20000,94.80000,90.25000,94.11500,1404820
2022-02-04,93.02000,96.00000,91.70000,94.38500,1263310
2022-02-07,88.70000,88.70000,84.08000,85.78000,1583130
2022-02-08,87.40000,87.50500,83.15000,85.27500,637600
2022-02-09,86.94000,89.40000,85.50000,88.22000,952520
2022-02-10,88.17000,90.76000,86.00000,89.81500,821150
2022-02-11,89.28000,89.43000,86.00000,86.53500,590710
2022-02-14,80.10000,85.40000,80.10000,81.97000,622740
2022-02-15,81.51500,84.40000,79.36500,83.52000,543620
2022-02-16,85.51000,85.99500,82.11000,82.73000,319810
2022-02-17,83.20000,83.65000,80.50000,81.17000,241850
2022-02-18,81.28000,82.34500,80.20000,81.09500,194210
2022-02-21,80.20000,80.68500,77.26000,77.78500,260730
2022-02-22,75.70000,77.36500,74.16500,76.25000,495510
2022-02-23,76.00000,79.40000,76.00000,78.59500,316620
2022-02-24,75.00000,78.39000,72.70500,76.53500,682450
2022-02-25,76.23000,81.50000,76.23000,80.63000,635030
2022-02-28,79.77500,85.03000,76.73000,84.43500,827270
2022-03-02,85.50000,92.84000,84.50500,91.13500,1892730
2022-03-03,93.40000,100.22000,92.38500,97.26500,4337140
2022-03-04,98.00000,99.80000,90.11000,91.29000,2115580
2022-03-07,90.00000,95.70500,88.00000,91.68000,1270930
2022-03-08,92.02000,96.14000,92.00000,94.99500,1271520
2022-03-09,95.97000,97.88000,94.35500,96.04000,1300690
2022-03-10,96.44000,99.30000,91.31500,96.81500,1658810
2022-03-11,95.70000,113.30000,95.50000,107.77500,6863120
2022-03-14,110.88000,113.35500,106.66000,110.64000,2296520
2022-03-15,109.50000,111.43000,105.30500,106.49000,831960
2022-03-16,108.43000,111.37000,103.25000,103.93500,1045070
2022-03-17,105.77000,109.50000,102.50000,108.48000,1016280
2022-03-21,110.23500,119.76000,109.21000,112.07500,3332640
2022-03-22,112.85000,117.50000,110.21000,116.86500,1436750
2022-03-23,116.99500,118.34000,113.90000,115.23000,438700
2022-03-24,113.49000,115.40000,113.49000,113.99000,201670
2022-03-25,114.80000,118.24000,111.71000,114.64000,315040
2022-03-28,115.59500,116.66000,110.40000,112.18000,293300
2022-03-29,113.50000,118.50000,113.50000,115.91000,497150
2022-03-30,117.97000,119.50000,112.47000,115.01500,470220
2022-03-31,114.83000,116.26000,111.60000,113.26500,212240
2022-04-01,112.65000,115.99000,112.65000,113.45500,161640
2022-04-04,114.30000,119.60000,114.16500,117.87500,635930
2022-04-05,119.50000,124.00000,117.97000,120.73500,852030
2022-04-06,121.44000,123.56000,118.46000,120.70500,393640
2022-04-07,121.46500,122.79000,105.01000,114.56000,821610
2022-04-08,117.00000,118.16500,113.59000,114.66500,233630
2022-04-11,118.80000,120.00000,115.00000,117.86500,393860
2022-04-12,118.77000,121.98500,115.49000,117.94500,359520
2022-04-13,116.73500,127.40000,116.73500,125.86500,1215120
2022-04-18,127.40000,136.00000,127.10000,129.33000,3359760
2022-04-19,130.27000,132.50000,126.00000,127.00000,948910
2022-04-20,127.79500,129.65500,122.50500,123.64000,523490
2022-04-21,124.50000,127.80000,122.10000,123.44500,571030
2022-04-22,123.40000,132.50000,122.80000,131.01500,1153180
2022-04-25,130.89500,130.99001,124.13000,125.19000,1264140
2022-04-26,127.00000,128.00000,122.60000,123.65000,1107530
2022-04-27,122.50000,123.63000,118.10000,120.36000,1320950
2022-04-28,120.10000,123.80000,119.60000,122.63000,915550
2022-04-29,123.72500,123.72500,119.39000,120.55000,359460
2022-05-02,119.90000,123.00000,118.79000,121.54500,774940
2022-05-04,122.22500,128.89999,121.81000,122.47500,1778330
2022-05-05,122.00000,124.00000,118.12500,119.38500,736190
2022-05-06,117.60000,119.87000,110.71000,116.71500,1232000
2022-05-09,114.82500,117.79500,110.40000,114.82000,885190
2022-05-10,112.00000,116.19000,105.10000,106.67500,895840
2022-05-11,105.00000,107.78000,100.10000,104.26000,836220
2022-05-12,102.50000,103.43500,96.02000,100.23500,1028860
2022-05-13,100.90000,103.09500,95.00500,96.00500,1205980
2022-05-16,90.36500,94.90000,90.30000,93.58000,1155000
2022-05-17,93.61000,100.50000,93.61000,99.19000,966950
2022-05-18,99.22000,103.00000,99.22000,101.43500,597980
2022-05-19,98.12500,101.00000,96.91000,99.96500,455140
2022-05-20,101.97000,119.95000,100.77500,104.06500,587460
2022-05-23,97.10000,98.01000,83.25500,83.25500,6256540
2022-05-24,82.90000,86.49000,82.59000,84.76500,2599410
2022-05-25,84.00000,87.39000,84.00000,86.44000,1235480
2022-05-26,88.80000,90.13500,83.70000,89.48000,1259410
2022-05-27,90.47000,91.48000,87.30000,88.50000,661660
2022-05-30,88.00000,89.80000,87.99500,88.90000,333440
2022-05-31,88.89000,92.00000,88.20000,90.97000,496080
2022-06-01,92.67500,92.90000,90.10500,90.83000,464230
2022-06-02,91.77000,92.40000,88.01500,88.30500,545100
2022-06-03,89.49000,89.74500,87.54000,88.11500,253490
2022-06-06,87.97000,88.65000,86.13500,87.80500,219490
2022-06-07,87.79000,87.79000,85.27500,87.30000,307700
2022-06-08,87.50000,88.50000,86.50000,88.10000,227380
2022-06-09,88.12500,91.27000,87.33500,89.60500,381140
2022-06-10,87.02500,89.79000,87.02500,88.47500,174250
2022-06-13,86.19000,87.01500,84.19000,84.94500,240270
2022-06-14,85.97000,85.97000,81.50000,82.48500,405890
2022-06-15,83.37000,84.10000,82.52000,83.28000,167290
2022-06-16,84.90000,85.03000,78.00000,79.11500,367710
2022-06-17,77.70000,79.72000,76.34000,77.40500,262200
2022-06-20,76.94000,77.32000,70.00000,71.34500,675210
2022-06-21,72.00000,77.00000,72.00000,76.71500,278180
2022-06-22,76.20000,79.79500,74.10000,78.44500,316640
2022-06-23,77.70000,78.91000,76.00500,76.77000,212430
2022-06-24,77.00000,80.60000,77.00000,79.99500,170460
2022-06-27,82.40000,83.98000,80.60000,81.29000,394990
2022-06-28,80.60000,82.99000,79.90000,82.60000,211700
2022-06-29,82.20000,83.74000,81.24000,81.79500,154110
2022-06-30,82.97000,82.97000,80.26000,81.21500,311520
2022-07-01,80.30000,82.44000,80.10500,81.83000,134130
2022-07-04,81.29000,84.88000,81.00500,84.54000,244180
2022-07-05,84.97000,85.04500,82.77500,83.20500,176940
2022-07-06,82.80000,83.90000,81.50000,82.65000,170840
2022-07-07,84.00000,88.79500,83.25500,87.89000,346020
2022-07-08,88.79000,90.50000,87.05500,87.74500,515200
2022-07-11,87.31000,91.70000,86.62000,90.43500,273570
2022-07-12,89.24500,90.36000,87.45000,88.54500,244240
2022-07-13,89.00000,90.47000,87.00000,87.43000,146160
2022-07-14,87.33000,87.60000,85.87500,86.27500,152970
2022-07-15,85.52500,87.45000,85.31500,87.02500,300960
2022-07-18,87.59000,88.19500,86.60000,87.14500,108820
2022-07-19,87.17000,90.36000,85.80000,89.25000,596390
2022-07-20,90.00000,91.79500,88.50000,89.05500,299590
2022-07-21,90.40000,91.94000,89.72000,90.24000,212700
2022-07-22,90.96500,93.65000,90.00000,92.62500,391490
2022-07-25,92.97000,93.04500,90.97000,91.64000,178930
2022-07-26,91.64000,91.97500,89.70000,90.17000,126570
2022-07-27,90.97000,91.39000,89.05500,90.61000,187570
2022-07-28,91.00000,93.10000,91.00000,92.68000,209420
2022-07-29,92.50000,96.96500,90.19500,95.39000,669380
2022-08-01,92.78000,94.47000,90.73500,94.02000,885390
2022-08-02,93.78000,93.78000,90.70000,90.99000,568670
2022-08-03,90.50000,91.49000,87.70500,87.95500,392150
2022-08-04,88.29000,88.29000,86.40000,87.10500,287560
2022-08-05,87.20000,87.90000,86.45500,87.50500,282060
2022-08-08,87.60000,87.61500,85.50000,85.80500,294630
2022-08-10,86.84000,87.00000,85.07500,86.41000,297110
2022-08-11,86.79000,88.04500,85.50000,86.85000,219580
2022-08-12,87.28500,89.30000,86.40000,86.96500,228460
2022-08-16,87.80000,89.55500,85.39500,87.76000,309360
2022-08-17,87.60000,89.38000,87.59000,88.68000,222170
2022-08-18,89.55000,89.90000,88.10000,88.97500,216550
2022-08-19,89.37000,89.60000,87.55000,88.09000,162450
2022-08-22,87.90000,89.43000,87.16500,88.97500,175560
2022-08-23,87.21500,89.48000,87.21500,88.46500,201440
2022-08-24,88.46000,89.45000,88.30500,88.96000,121540
2022-08-25,89.37000,89.90000,88.01000,88.56000,213850
2022-08-26,88.30500,89.80000,88.30500,89.07000,295090
2022-08-29,88.77000,91.35000,86.76500,90.37000,336060
2022-08-30,91.00000,92.30000,90.00000,91.71000,474440
2022-09-01,91.74000,91.74000,88.50000,89.61500,206570
2022-09-02,89.51500,90.20000,88.50000,88.79500,156040
2022-09-05,89.23000,93.46500,88.82000,91.43000,514270
2022-09-06,91.89000,93.05500,89.29500,89.92000,447500
2022-09-07,88.99000,92.09000,88.99000,91.76500,275300
2022-09-08,92.21500,94.50000,90.40000,91.66500,714710
2022-09-09,92.00000,92.40000,88.96500,89.62000,197730
2022-09-12,90.06500,91.10000,88.71500,89.37000,256880
2022-09-13,90.77000,91.00000,89.20500,89.78500,182250
2022-09-14,88.50000,91.78500,88.22000,90.88500,249350
2022-09-15,91.67000,91.99000,89.41000,90.68000,269670
2022-09-16,90.29500,92.20000,88.80000,90.85500,434910
2022-09-19,91.85500,91.85500,89.30000,89.71000,185450
2022-09-20,90.16000,91.28000,88.11500,88.78500,168170
2022-09-21,88.82500,89.93000,85.77000,86.64500,229290
2022-09-22,86.00000,88.38000,85.87000,86.83500,179320
2022-09-23,86.60000,87.75500,84.60000,85.05500,204220
2022-09-26,84.11500,84.12000,80.07000,80.56500,295190
2022-09-27,81.10000,82.18000,80.00500,80.72500,212520
2022-09-28,80.00000,81.50000,79.60000,80.92500,111670
2022-09-29,81.32500,83.60000,81.22500,82.80000,277280
2022-09-30,83.21500,88.44000,81.72500,87.09500,283460
2022-10-03,87.00000,87.00000,82.82500,83.15500,138830
2022-10-04,84.00000,86.35000,83.80000,84.06500,440050
2022-10-06,84.49000,85.50000,84.00000,84.15000,167980
2022-10-07,84.15500,87.10000,83.49500,85.80500,210050
2022-10-10,85.77000,87.00000,84.15000,85.62000,145120
2022-10-11,85.62500,85.87000,84.20500,84.80000,208790
2022-10-12,85.19000,85.20000,83.90000,84.12500,69140
2022-10-13,83.13500,83.97000,81.63000,81.97000,137970
2022-10-14,82.51500,83.78500,80.71500,81.32500,133340
2022-10-17,80.87000,83.98000,79.91000,83.28000,209430
2022-10-18,83.28000,85.29500,82.65500,84.78500,256820
2022-10-19,84.90000,85.39500,81.90000,82.41000,108380
2022-10-20,82.70000,83.11000,81.50000,82.39000,60960
2022-10-21,82.79500,83.09000,81.20000,81.93000,85950
2022-10-24,81.62500,83.99500,81.62500,82.52000,30890
2022-10-25,82.70500,83.55000,81.50000,83.35000,101910
2022-10-27,83.77000,84.00000,81.42500,82.57500,122420
2022-10-28,82.98000,83.16000,81.06000,81.88000,132610
2022-10-31,83.40000,85.14000,81.21000,84.20500,244840
2022-11-01,84.01500,85.20000,83.01500,84.93000,181400
2022-11-02,85.18500,85.18500,83.30000,83.73500,142910
2022-11-03,83.98000,84.90500,83.25000,83.32000,119420
2022-11-04,83.73500,86.00000,82.98000,84.18000,224400
2022-11-07,85.53500,89.81000,84.90500,89.09000,593330
2022-11-09,89.80000,90.38500,88.01000,89.89500,341850
2022-11-10,89.50500,89.50500,85.55500,86.57500,215310
2022-11-11,86.99000,87.87000,85.47500,87.09500,236540
2022-11-14,87.00000,91.04000,86.92500,90.22000,365060
2022-11-15,90.47000,90.85500,88.10000,88.71500,201440
2022-11-16,88.60000,91.43000,87.69500,88.66500,491640
2022-11-17,88.61000,90.68000,88.05000,90.14500,255480
2022-11-18,90.60000,90.70000,89.30000,90.29500,177740
2022-11-21,94.80000,98.00000,91.54000,92.36000,1500730
2022-11-22,92.48000,92.71000,90.90000,91.53500,233070
2022-11-23,91.97000,92.99000,91.68500,92.44000,189970
2022-11-24,92.89000,93.10000,91.80500,92.48500,194050
2022-11-25,92.95000,93.25000,92.40500,93.02000,393940
2022-11-28,93.48000,94.02500,91.78500,92.27000,102110
2022-11-29,92.98000,93.39000,92.27000,92.99000,167490
2022-11-30,92.61500,96.80500,92.61000,96.31000,464320
2022-12-01,96.97000,101.10000,95.34500,100.15500,751990
2022-12-02,101.09000,105.89500,100.60500,104.55500,839600
2022-12-05,107.48000,107.48000,100.06000,101.64500,668060
2022-12-06,101.21000,102.59000,100.50000,101.33000,188710
2022-12-07,101.59000,102.49000,99.31500,100.97500,210960
2022-12-08,101.48000,102.00000,100.51500,101.63000,202340
2022-12-09,101.90000,103.59000,101.20000,102.93500,327120
2022-12-12,103.30000,104.76500,101.36000,103.06500,258620
2022-12-13,103.57000,104.30000,102.01500,102.37000,236810
2022-12-14,102.87000,104.30000,102.00000,102.56500,130730
2022-12-15,102.83500,104.00000,101.23000,102.20000,237550
2022-12-16,101.53000,103.50000,100.46000,103.11500,226000
2022-12-19,102.31000,104.51500,102.31000,103.75500,206280
2022-12-20,103.75500,104.16500,101.77500,103.86000,146250
2022-12-21,103.31000,106.45500,100.10000,101.37500,456280
2022-12-22,101.27000,102.10500,96.83000,98.37500,473410
2022-12-23,97.97000,98.06500,91.28500,92.24000,431500
2022-12-26,91.50000,94.50000,90.82000,94.07000,212680
2022-12-27,94.50000,104.00000,94.50000,102.03000,459860
2022-12-28,102.00000,103.37500,98.23500,98.97500,344640
2022-12-29,99.27000,101.79000,97.11000,99.93000,233420
2022-12-30,100.37500,105.00000,100.37500,104.19500,755660
2023-01-02,103.49000,112.50000,103.00000,111.32500,1413170
2023-01-03,112.20000,113.60000,110.64000,111.72500,810000
2023-01-04,111.20000,111.72500,106.16500,106.86000,406440
2023-01-05,107.20000,111.90000,105.80500,110.67500,485470
2023-01-06,110.50000,111.10000,107.65500,109.26500,445610
2023-01-09,111.00000,112.50000,108.51500,109.17000,211330
2023-01-10,109.19500,110.47000,106.40500,108.09000,215580
2023-01-11,108.30500,110.36500,108.12000,109.06000,304760
2023-01-12,109.59500,109.96500,107.00000,107.46000,144400
2023-01-13,108.00000,110.22500,107.60000,108.87500,134470
2023-01-16,109.97000,111.49500,107.29000,108.38000,297900
2023-01-17,108.30000,109.01500,105.00000,105.80000,291430
2023-01-18,105.70000,113.00000,105.70000,111.75500,561940
2023-01-19,111.90000,115.95000,110.40500,115.40000,695100
2023-01-20,116.37000,117.20000,110.79500,111.57500,473840
2023-01-23,111.80000,112.81500,107.50500,110.35000,422970
2023-01-24,111.77000,112.40000,108.24500,110.99000,331900
2023-01-25,110.79000,110.80000,107.55500,109.52000,197150
2023-01-27,109.50000,111.29500,103.50500,106.47500,269910
2023-01-30,106.00000,107.29000,100.55000,105.14500,253720
2023-01-31,105.63500,111.00000,105.55000,109.52000,181690
2023-02-01,110.07000,111.36000,104.98500,108.68000,303700
2023-02-02,107.11000,111.44000,106.50500,107.81000,368620
2023-02-03,108.31000,108.91000,104.83000,105.84500,211990
2023-02-06,106.00500,107.29500,104.01000,104.90500,173850
2023-02-07,105.14000,106.80000,102.43500,104.91500,166910
2023-02-08,104.76000,108.79000,104.76000,108.18000,170210
2023-02-09,108.72500,109.00000,106.10000,108.09500,199600
2023-02-10,108.47500,113.44000,108.00500,111.92500,794170
2023-02-13,109.91000,109.97000,106.57000,107.95000,578500
2023-02-14,107.80000,110.99500,106.62500,110.04500,367850
2023-02-15,109.29500,112.34500,108.77500,110.69500,389180
2023-02-16,110.21000,112.24500,109.06500,109.68500,285310
2023-02-17,109.55000,111.64500,109.23500,110.80500,307020
2023-02-20,111.09500,113.25500,109.50000,110.09000,319060
2023-02-21,110.18000,112.08500,110.16500,111.55000,409740
2023-02-22,111.47000,113.19000,109.05500,109.33000,355090
2023-02-23,110.50000,114.44000,108.51500,109.60000,879110
2023-02-24,110.15500,112.61500,110.14000,112.06000,406290
2023-02-27,112.14000,112.86000,109.00000,111.91500,497590
2023-02-28,112.90000,114.43000,108.10000,110.13500,1717700
2023-03-01,109.29000,112.59500,108.65500,112.12500,354920
2023-03-02,112.30000,113.10000,110.50000,111.03500,164170
2023-03-03,111.00000,113.07500,110.11000,111.20000,168910
2023-03-06,111.50000,113.97000,110.50000,113.45000,369640
2023-03-08,113.00000,118.94500,113.00000,116.06000,913640
2023-03-09,117.49500,121.94000,117.48000,118.57000,844310
2023-03-10,117.67500,121.90000,117.10500,119.51000,445570
2023-03-13,119.51000,120.97000,114.60000,115.27500,292570
2023-03-14,114.99000,117.35000,113.04500,115.36000,264740
2023-03-15,115.36000,116.99000,114.41000,116.30000,217540
2023-03-16,119.21000,119.21000,110.55000,111.72500,765940
2023-03-17,112.00000,113.47000,108.50000,108.80000,283680
2023-03-20,109.47500,109.53500,98.31000,104.62000,808970
2023-03-21,105.40000,106.76500,103.30000,105.00500,223250
2023-03-22,105.53500,105.76500,101.01000,101.96500,207990
2023-03-23,102.47000,105.30000,101.03500,102.80500,280170
2023-03-24,102.89500,103.15500,99.05000,101.08000,239180
2023-03-27,101.25500,104.20000,98.96000,101.45500,235400
2023-03-28,99.40000,104.50000,96.68000,102.39000,706520
2023-03-29,102.30000,105.50000,102.06500,104.92500,174860
2023-03-31,104.40000,109.01000,101.15500,106.75500,510870
2023-04-03,107.28000,113.00000,105.73500,111.98000,298600
2023-04-05,112.54000,113.28500,109.56000,110.48000,152890
2023-04-06,110.99500,111.37500,107.50000,109.58500,185490
2023-04-10,109.58500,113.10000,109.58500,111.56000,157360
2023-04-11,112.11500,115.00500,110.98500,113.50000,201730
2023-04-12,113.49500,115.75000,112.60000,113.90000,204060
2023-04-13,114.02000,115.40000,112.57500,114.58500,151120
2023-04-17,116.00000,117.44500,112.50000,113.88500,473260
2023-04-18,114.60000,114.60000,110.91000,113.44500,238500
2023-04-19,113.87000,114.69500,112.00000,112.49000,140250
2023-04-20,112.49000,113.88000,110.12500,110.63500,277240
2023-04-21,110.60000,110.90000,108.01000,108.78500,108840
2023-04-24,108.89000,109.29500,106.10000,106.59500,141540
2023-04-25,107.00000,107.45000,105.11000,105.46000,155520
2023-04-26,104.60500,111.00000,104.60500,109.95500,270380
2023-04-27,109.87000,113.00000,109.80000,112.02000,187130
2023-04-28,111.22500,113.30000,110.58500,112.22000,138070
2023-05-02,112.59500,113.22000,110.30000,111.48000,179930
2023-05-03,111.97000,113.38500,111.31500,112.73000,133630
2023-05-04,112.73000,115.50000,112.73000,114.93500,251940
2023-05-05,114.90000,115.41000,110.44500,111.04000,218480
2023-05-08,111.30000,113.55000,110.25500,112.64500,158750
2023-05-09,112.64000,113.16000,110.10500,111.31500,186470
2023-05-10,110.50500,113.77500,110.50500,113.12500,167550
2023-05-11,113.50000,115.39000,111.50000,114.11000,223990
2023-05-12,114.64000,115.64500,111.20000,112.01500,446830
2023-05-15,111.20000,113.03000,108.98000,110.28000,309430
2023-05-16,111.47000,111.64000,107.21500,108.78000,117280
2023-05-17,108.55500,114.30000,107.34500,112.00000,338860
2023-05-18,113.17000,114.26500,112.00000,113.01500,238440
2023-05-19,113.10000,113.80000,112.50500,113.73000,121670
2023-05-22,114.00000,114.00000,111.51500,111.99000,178170
2023-05-23,111.79500,113.99000,111.78500,113.57000,205630
2023-05-24,113.87000,119.09500,113.37000,117.73000,511320
2023-05-25,117.40000,119.00000,116.05000,117.72000,286660
2023-05-26,116.70500,118.90000,112.51500,113.45000,405000
2023-05-29,118.00000,118.49000,113.74500,115.58500,707560
2023-05-30,116.09500,116.16500,114.30000,115.18000,394170
2023-05-31,113.90500,118.10000,112.40000,116.94000,526420
2023-06-01,117.00000,118.20000,115.11000,116.23500,237430
2023-06-02,116.77000,120.90000,116.10000,118.05500,452580
2023-06-05,118.50000,120.85000,118.00000,120.13000,318170
2023-06-06,120.23000,126.00000,119.91000,121.59500,786940
2023-06-07,121.60000,126.00000,121.60000,125.36000,549500
2023-06-08,125.36000,127.21000,122.10500,122.78500,442410
2023-06-09,122.70500,130.87500,122.40000,128.03500,1668420
2023-06-12,129.77000,138.89999,128.61000,137.58501,2019450
2023-06-13,139.37000,140.00000,135.50000,136.13499,899840
2023-06-14,136.50000,142.50000,135.80000,141.41000,1351470
2023-06-15,142.69501,143.99001,138.76500,140.94501,817030
2023-06-16,141.39999,144.89999,140.50000,142.74500,788660
2023-06-19,143.50000,145.63000,140.03999,141.13499,887820
2023-06-20,140.97501,142.39500,138.55000,139.22000,328690
2023-06-21,139.99500,142.66000,138.22000,139.02000,453760
2023-06-22,139.22501,140.31000,136.63000,137.18500,226510
2023-06-23,138.55499,138.55499,134.00000,134.75000,362710
2023-06-26,134.99001,142.20000,133.21500,141.09500,430540
2023-06-27,141.98000,148.00000,139.56000,147.14999,1075700
2023-06-28,147.80000,148.50000,141.39500,142.53999,475650
2023-06-30,143.02499,148.20000,142.21001,146.77499,483720
2023-07-03,147.70000,149.47000,146.07001,147.74001,444520
2023-07-04,148.37000,149.39999,143.00000,143.67999,335750
2023-07-05,144.19000,148.89999,144.18500,146.46001,523260
2023-07-06,146.70000,149.97501,145.63499,149.32500,394220
2023-07-07,149.32500,154.72000,149.00000,153.43500,683440
2023-07-10,153.30000,159.50000,151.92000,156.16000,566370
2023-07-11,156.50500,160.59500,155.70500,158.62500,386350
2023-07-12,158.99001,163.10001,158.61000,162.72000,694200
2023-07-13,162.70000,164.48000,160.22501,161.99001,453650
2023-07-14,162.89999,164.79500,157.62000,158.69501,368520
2023-07-17,160.95500,161.77000,156.60001,159.70000,546480
2023-07-18,162.17000,174.91499,162.10001,172.82500,1784310
2023-07-19,176.00000,178.38000,170.50000,176.28000,1041390
2023-07-20,176.28000,179.21001,175.05499,177.69501,383010
2023-07-21,178.39999,178.39999,174.17999,176.37000,572860
2023-07-24,178.39500,178.39500,175.50000,177.02499,265750
2023-07-25,178.17000,180.00000,175.50000,179.44000,396160
2023-07-26,181.72000,188.88000,180.67000,187.68500,726770
2023-07-27,189.87500,194.47000,186.39000,193.08501,600770
2023-07-28,193.99500,194.79500,186.50000,187.78999,511560
2023-07-31,188.97000,202.50000,188.02499,201.78000,1374970
2023-08-01,203.87000,205.00000,194.16499,196.69501,806530
2023-08-02,198.50000,200.50000,186.33000,188.29500,1023260
2023-08-03,189.87000,193.98500,185.28999,192.91499,1022670
2023-08-04,193.80000,201.39999,190.25000,196.50000,700822
2023-08-07,193.95000,193.95000,187.05000,187.95000,496564
2023-08-08,189.95000,189.95000,173.14999,178.89999,918384
2023-08-09,178.89999,199.39999,178.89999,190.89999,1582784
2023-08-10,192.35001,197.25000,184.55000,192.89999,701912
2023-08-11,193.70000,194.70000,188.00000,189.60001,259523
2023-08-14,189.50000,194.80000,185.00000,192.89999,322583
2023-08-16,192.89999,193.80000,188.64999,189.85001,279350
2023-08-17,191.85001,192.70000,187.20000,191.55000,570669
2023-08-18,194.00000,200.50000,191.20000,199.10001,1160863
2023-08-21,200.75000,212.70000,200.70000,202.35001,1494076
2023-08-22,203.80000,207.25000,202.10001,204.75000,543739
2023-08-23,206.20000,211.50000,205.39999,209.70000,426698
2023-08-24,211.64999,214.00000,203.55000,205.75000,522823
2023-08-25,205.00000,208.80000,200.50000,206.80000,429272
2023-08-28,208.45000,211.64999,207.05000,210.05000,403984
2023-08-29,210.70000,214.75000,205.00000,211.10001,343852
2023-08-30,211.39999,214.30000,207.10001,210.35001,339682
2023-08-31,212.89999,228.10001,208.35001,221.45000,790910
2023-09-01,228.39999,247.80000,228.05000,241.75000,1751445
2023-09-04,243.85001,256.00000,242.10001,244.95000,954096
2023-09-05,248.14999,249.10001,240.85001,242.25000,405948
2023-09-06,244.89999,245.45000,231.14999,232.95000,350261
2023-09-07,234.60001,239.00000,222.05000,234.35001,411467
2023-09-08,234.10001,242.50000,225.95000,239.50000,424272
2023-09-11,240.39999,242.39999,231.10001,233.14999,289515
2023-09-12,234.85001,235.00000,215.10001,217.75000,495284
2023-09-13,219.89999,225.95000,216.00000,222.30000,270090
2023-09-14,222.00000,230.95000,221.64999,226.25000,244925
2023-09-15,226.35001,228.00000,209.00000,211.50000,912653
2023-09-18,214.60001,219.50000,211.50000,218.35001,301589
2023-09-20,217.75000,217.85001,211.50000,214.05000,285470
2023-09-21,212.25000,218.50000,211.14999,212.30000,159674
2023-09-22,212.70000,219.75000,210.10001,214.89999,174517
2023-09-25,216.00000,220.45000,214.00000,217.50000,175478
2023-09-26,217.50000,223.60001,216.00000,222.45000,156129
2023-09-27,222.45000,225.00000,220.00000,224.70000,168353
2023-09-28,225.95000,226.85001,217.00000,218.60001,198510
2023-09-29,219.00000,223.00000,217.45000,220.30000,184643
2023-10-03,224.95000,228.00000,218.00000,222.05000,306961
2023-10-04,221.00000,224.60001,213.55000,216.95000,214323
2023-10-05,218.80000,221.20000,212.50000,216.05000,218035
2023-10-06,218.60001,220.35001,215.10001,215.95000,132023
2023-10-09,214.80000,217.55000,208.10001,212.10001,340440
2023-10-10,213.89999,223.39999,212.85001,221.25000,299842
2023-10-11,219.70000,223.60001,219.00000,221.55000,174851
2023-10-12,221.00000,223.10001,214.35001,219.89999,221578
2023-10-13,218.39999,219.70000,213.80000,215.39999,178289
2023-10-16,217.00000,219.85001,213.70000,215.64999,156238
2023-10-17,216.95000,232.00000,214.55000,228.64999,532784
2023-10-18,232.45000,234.80000,223.10001,226.25000,383525
2023-10-19,226.25000,226.89999,219.39999,220.50000,148541
2023-10-20,220.39999,222.70000,215.10001,216.60001,110206
2023-10-23,216.45000,219.39999,201.50000,204.64999,331481
2023-10-25,205.00000,213.75000,193.14999,209.80000,391395
2023-10-26,207.60001,209.95000,197.00000,204.05000,337603
2023-10-27,203.10001,217.00000,203.10001,214.14999,253026
2023-10-30,200.00000,207.89999,193.05000,205.25000,587042
2023-10-31,208.00000,208.30000,200.00000,203.10001,244198
2023-11-01,203.10001,204.00000,199.55000,201.55000,222809
2023-11-02,201.60001,204.45000,199.00000,200.85001,173018
2023-11-03,202.95000,223.39999,202.89999,215.64999,569408
2023-11-06,216.05000,218.05000,209.00000,210.20000,213960
2023-11-07,211.00000,213.39999,206.45000,208.55000,288997
2023-11-08,210.89999,220.00000,210.14999,217.45000,270731
2023-11-09,217.39999,217.45000,211.00000,214.25000,137649
2023-11-10,216.00000,223.50000,210.05000,215.50000,221728
2023-11-13,215.85001,218.00000,206.80000,214.80000,187939
2023-11-15,221.70000,222.30000,212.95000,220.55000,276961
2023-11-16,219.45000,234.05000,215.45000,231.10001,533808
2023-11-17,231.00000,241.00000,226.00000,233.30000,681625
2023-11-20,233.30000,242.64999,229.30000,240.45000,483234
2023-11-21,241.00000,248.14999,236.60001,238.14999,310222
2023-11-22,241.45000,242.80000,227.00000,233.14999,243288
2023-11-23,233.14999,236.35001,229.55000,232.60001,159000
2023-11-24,231.30000,237.14999,230.50000,235.25000,94948
2023-11-28,233.60001,241.85001,229.39999,237.55000,162515
2023-11-29,236.89999,244.00000,234.25000,238.45000,274514
2023-11-30,239.25000,244.00000,234.00000,239.60001,311568
2023-12-01,241.50000,247.75000,240.00000,244.35001,295740
2023-12-04,255.00000,255.39999,245.95000,252.10001,414460
2023-12-05,254.80000,256.50000,245.64999,254.39999,307342
2023-12-06,256.70001,260.00000,248.00000,258.35001,295675
2023-12-07,257.95001,263.85001,250.10001,257.35001,358876
2023-12-08,261.00000,264.00000,247.25000,249.45000,375355
2023-12-11,250.95000,258.89999,249.45000,256.25000,185696
2023-12-12,257.25000,257.25000,241.10001,243.30000,380641
2023-12-13,244.50000,264.79999,240.89999,259.60001,444558
2023-12-14,259.95001,262.00000,252.35001,258.50000,358024
2023-12-15,258.00000,265.00000,253.95000,259.85001,455773
2023-12-18,256.20001,262.00000,249.55000,257.25000,355871
2023-12-19,258.00000,261.95001,251.50000,257.70001,337988
2023-12-20,257.10001,259.00000,236.00000,240.75000,511310
2023-12-21,238.00000,250.80000,234.00000,248.60001,321358
2023-12-22,249.70000,259.00000,245.00000,250.50000,863634
2023-12-26,250.35001,252.60001,243.45000,245.14999,327117
2023-12-27,246.55000,252.50000,244.39999,250.50000,688766
2023-12-28,251.89999,255.50000,244.60001,249.25000,558220
2023-12-29,245.00000,254.50000,244.14999,253.25000,443088
2024-01-01,251.80000,257.00000,250.20000,254.85001,275334
2024-01-02,253.95000,255.35001,245.85001,250.20000,287102
2024-01-03,250.50000,252.50000,247.25000,249.20000,172060
2024-01-04,249.89999,256.00000,249.14999,252.05000,349268
2024-01-05,253.80000,255.00000,248.00000,251.14999,247534
2024-01-08,252.00000,253.00000,247.10001,250.30000,186225
2024-01-09,250.80000,253.89999,243.50000,245.55000,287908
2024-01-10,246.00000,249.80000,244.00000,245.80000,330184
2024-01-11,246.45000,255.89999,245.80000,253.75000,414378
2024-01-12,254.60001,263.39999,246.00000,247.45000,798035
2024-01-15,249.95000,250.00000,243.30000,248.64999,347284
2024-01-16,253.95000,262.20001,248.00000,252.39999,1115084
2024-01-17,249.10001,256.75000,247.30000,248.80000,402174
2024-01-18,249.20000,254.50000,242.55000,244.70000,482853
2024-01-19,246.89999,258.00000,245.00000,255.85001,701605
2024-01-23,252.25000,255.00000,235.55000,238.64999,495920
2024-01-24,240.95000,243.14999,229.39999,236.75000,583511
2024-01-25,236.80000,239.95000,229.70000,231.75000,424953
2024-01-29,233.35001,245.00000,233.35001,243.70000,556015
2024-01-30,245.00000,247.45000,239.75000,243.55000,533313
2024-01-31,244.60001,252.80000,244.55000,250.39999,670485
2024-02-01,250.89999,253.25000,241.39999,244.55000,417021
2024-02-02,246.70000,253.00000,238.64999,247.30000,1191782
2024-02-05,243.39999,244.00000,231.60001,236.20000,1062009
2024-02-06,237.35001,238.95000,230.05000,232.50000,556905
2024-02-07,234.10001,238.89999,231.00000,232.85001,560350
2024-02-08,233.95000,235.10001,226.05000,227.50000,447689
2024-02-09,228.95000,228.95000,215.30000,220.64999,627437
2024-02-12,222.14999,222.25000,213.70000,216.35001,315960
2024-02-13,218.14999,222.25000,209.75000,219.39999,525211
2024-02-14,215.25000,226.00000,214.00000,224.70000,303354
2024-02-15,225.50000,228.00000,219.55000,225.95000,410918
2024-02-16,226.10001,231.00000,222.80000,228.55000,650482
2024-02-19,229.85001,231.70000,223.95000,226.55000,391356
2024-02-20,224.10001,229.95000,223.20000,223.75000,364763
2024-02-21,225.30000,225.95000,215.95000,217.35001,359769
2024-02-22,219.00000,222.70000,213.60001,221.20000,439291
2024-02-23,220.60001,222.00000,212.00000,214.25000,422086
2024-02-26,215.39999,216.45000,210.70000,212.25000,443758
2024-02-27,212.00000,217.00000,210.60001,214.64999,306936
2024-02-28,214.64999,214.64999,206.10001,207.45000,358677
2024-02-29,206.39999,215.95000,205.25000,214.20000,276970
2024-03-01,213.00000,219.00000,213.00000,215.70000,301863
2024-03-04,219.95000,219.95000,211.05000,212.64999,299170
2024-03-05,212.64999,213.80000,205.00000,205.89999,446514
2024-03-06,202.60001,207.45000,198.14999,202.75000,604449
2024-03-07,204.35001,209.95000,200.10001,208.70000,590099
2024-03-11,209.39999,211.75000,199.00000,200.60001,464074
2024-03-12,200.00000,201.00000,192.10001,196.00000,538839
2024-03-13,195.89999,197.00000,181.00000,183.25000,696327
2024-03-14,182.00000,197.64999,180.25000,195.45000,527445
2024-03-15,193.80000,201.89999,190.10001,199.95000,299753
2024-03-18,201.39999,201.60001,195.80000,200.05000,344094
2024-03-19,199.85001,202.50000,195.39999,197.95000,287209
2024-03-20,198.85001,199.64999,189.70000,191.00000,255391
2024-03-21,192.00000,198.64999,192.00000,195.60001,357392
2024-03-22,206.00000,225.60001,201.60001,217.10001,6470067
2024-03-26,219.05000,221.05000,207.20000,210.05000,605013
2024-03-27,211.10001,212.89999,205.25000,207.00000,617629
2024-03-28,206.89999,211.35001,200.20000,202.85001,473813
2024-04-01,203.00000,210.64999,203.00000,207.05000,354283
2024-04-02,208.70000,211.00000,205.00000,206.75000,531096
2024-04-03,207.64999,222.60001,206.70000,220.30000,874805
2024-04-04,221.95000,223.20000,217.55000,221.20000,453856
2024-04-05,221.70000,222.60001,217.05000,219.30000,265435
2024-04-08,221.70000,221.70000,215.55000,217.35001,159471
2024-04-09,216.39999,221.30000,213.50000,215.95000,240688
2024-04-10,216.70000,231.64999,216.00000,230.10001,1268354
2024-04-12,231.00000,233.50000,224.85001,227.39999,952845
2024-04-15,223.00000,228.70000,216.55000,224.20000,744095
2024-04-16,222.85001,233.39999,221.55000,228.20000,514435
2024-04-18,228.20000,231.35001,220.50000,221.80000,432401
2024-04-19,220.35001,225.95000,217.05000,222.75000,275860
2024-04-22,224.95000,229.95000,223.30000,226.75000,282983
2024-04-23,228.00000,228.50000,222.35001,224.25000,192796
2024-04-24,225.80000,236.75000,225.05000,233.30000,646225
2024-04-25,232.70000,242.00000,228.95000,238.10001,1265623
2024-04-26,238.00000,239.00000,231.00000,232.14999,416049
2024-04-29,233.60001,236.95000,231.20000,233.80000,253798
2024-04-30,234.85001,242.39999,233.14999,240.20000,703548
2024-05-02,245.60001,268.79999,241.30000,263.89999,2643999
2024-05-03,270.00000,283.95001,265.04999,267.45001,2642585
2024-05-06,270.00000,274.00000,261.00000,267.45001,1097398
2024-05-07,266.45001,276.00000,261.60001,264.39999,971145
2024-05-08,264.95001,277.95001,264.10001,273.04999,873594
2024-05-09,276.20001,279.50000,255.10001,257.70001,806352
2024-05-10,261.00000,271.45001,256.14999,268.95001,675018
2024-05-13,271.50000,276.00000,258.00000,273.70001,788150
2024-05-14,274.00000,274.95001,264.20001,265.85001,432034
2024-05-15,267.10001,272.95001,264.00000,266.70001,536115
2024-05-16,266.25000,270.00000,262.00000,263.04999,309572
2024-05-17,263.79999,271.60001,263.60001,267.14999,411967
2024-05-21,270.95001,278.79999,264.50000,268.54999,694916
2024-05-22,268.64999,274.89999,264.00000,271.25000,795515
2024-05-23,271.25000,273.50000,265.75000,267.85001,445362
2024-05-24,268.60001,272.60001,262.79999,264.10001,276587
2024-05-27,255.10001,255.10001,235.00000,241.25000,1440519
2024-05-28,242.95000,250.00000,233.05000,235.20000,506556
2024-05-29,234.00000,238.70000,229.85001,231.50000,444732
2024-05-30,230.30000,232.30000,215.39999,220.14999,831384
2024-05-31,222.14999,229.39999,218.75000,223.95000,498080
2024-06-03,235.00000,235.05000,225.60001,229.20000,511388
2024-06-04,230.00000,230.00000,201.00000,213.75000,690078
2024-06-05,214.50000,228.00000,202.85001,225.85001,441179
2024-06-06,229.89999,230.00000,215.95000,218.10001,1074926
2024-06-07,219.70000,226.00000,217.80000,220.75000,841254
2024-06-10,220.75000,232.00000,220.75000,227.87000,551605
2024-06-11,228.39999,230.11000,224.00999,225.50999,435102
2024-06-12,226.49001,230.80000,226.48000,228.75999,277651
2024-06-13,229.55000,238.50000,228.72000,237.06000,582951
2024-06-14,239.00000,242.39999,235.10001,236.05000,446700
2024-06-18,237.42999,239.25000,230.00999,231.62000,366329
2024-06-19,231.62000,232.78999,226.02000,227.61000,359152
2024-06-20,227.61000,234.59000,226.75000,229.83000,375595
2024-06-21,232.00000,233.34000,225.14999,226.35001,352547
2024-06-24,226.00000,234.61000,224.50000,234.00000,367185
2024-06-25,235.00000,237.49001,231.00999,233.45000,467225
2024-06-26,233.50000,235.89999,230.50000,235.03999,256294
2024-06-27,238.00000,238.00000,230.70000,231.13000,245580
2024-06-28,232.80000,234.99001,229.50000,232.58000,314165
2024-07-01,230.00000,234.73000,229.92000,231.83000,222031
2024-07-02,233.19000,241.09000,231.22000,232.24001,387838
2024-07-03,233.75999,236.50000,231.00000,235.72000,230450
2024-07-04,236.98000,245.00000,234.21001,241.42999,593408
2024-07-05,242.50000,251.00000,237.00000,245.99001,743460
2024-07-08,246.89999,257.32001,244.39999,246.75999,792166
2024-07-09,249.14999,277.73999,249.14999,268.53000,3878048
2024-07-10,269.95001,277.00000,254.50000,272.91000,1615643
2024-07-11,271.00000,290.00000,268.09000,280.75000,2809438
2024-07-12,282.00000,282.85001,270.81000,274.01001,1065409
2024-07-15,274.39999,279.00000,266.01999,271.20001,539399
2024-07-16,270.63000,293.00000,270.63000,285.59000,1896434
2024-07-18,296.00000,299.00000,275.25000,279.92999,1936876
2024-07-19,280.79001,281.42001,268.94000,271.47000,590886
2024-07-22,269.00000,279.00000,266.17001,273.60999,545531
2024-07-23,273.00000,273.51001,252.55000,269.54001,545066
2024-07-24,270.67999,275.98999,270.04001,272.48001,261941
2024-07-25,270.10001,284.00000,268.25000,273.35001,615476
2024-07-26,277.00000,281.00000,273.10001,275.04999,576907
2024-07-29,278.70001,280.00000,274.01001,278.73999,318310
2024-07-30,278.73001,282.39001,275.60001,277.85999,346064
2024-07-31,276.14999,281.59000,268.50000,269.67001,497823
2024-08-01,271.60001,274.85001,265.45001,271.00000,946078
2024-08-02,269.60001,271.25000,256.79999,259.39999,497337
2024-08-05,257.89999,274.70001,247.30000,248.85001,1610134
2024-08-06,253.05000,261.10001,245.00000,247.39999,483621
2024-08-07,250.70000,283.45001,245.39999,277.45001,2037507
2024-08-08,281.00000,291.00000,268.54999,284.00000,975023
2024-08-09,289.64999,290.70001,275.95001,277.35001,525433
2024-08-12,276.95001,284.00000,271.20001,277.64999,915622
2024-08-13,279.75000,307.54999,279.75000,299.75000,5687336
2024-08-14,307.95001,336.00000,306.00000,326.45001,9727850
2024-08-16,329.00000,338.89999,315.29999,337.14999,4057594
2024-08-19,340.29999,349.00000,329.70001,336.95001,3089002
2024-08-20,336.00000,337.00000,325.95001,330.25000,1202566
2024-08-21,328.95001,347.79999,327.39999,345.14999,3318990
2024-08-22,349.79999,356.75000,344.25000,347.54999,1188438
2024-08-23,349.45001,351.25000,340.20001,347.20001,1123871
2024-08-26,349.00000,352.00000,342.10001,349.20001,575329
2024-08-27,352.00000,368.89999,347.29999,349.50000,2204653
2024-08-28,349.95001,355.89999,345.60001,348.39999,558433
2024-08-29,348.39999,356.50000,342.14999,347.45001,402794
2024-08-30,350.70001,358.00000,346.50000,351.64999,426835
2024-09-02,352.04999,353.39999,342.20001,344.60001,427699
2024-09-03,346.64999,352.45001,342.50000,345.54999,621515
2024-09-04,343.79999,358.45001,341.29999,355.25000,945431
2024-09-05,355.64999,363.79999,353.14999,358.20001,739798
2024-09-06,358.20001,359.89999,347.10001,355.85001,545793
2024-09-09,356.89999,364.00000,348.85001,354.04999,661750
2024-09-10,354.04999,369.95001,353.00000,368.35001,718791
2024-09-11,370.00000,376.95001,363.25000,367.95001,607996
2024-09-12,371.79999,378.20001,369.00000,376.85001,627712
2024-09-13,378.14999,392.95001,375.79999,382.60001,864178
2024-09-16,384.70001,394.00000,384.10001,391.45001,355043
2024-09-17,393.50000,410.00000,385.10001,406.89999,1191210
2024-09-18,413.39999,426.50000,408.00000,423.29999,983996
2024-09-19,426.79999,427.70001,398.95001,413.79999,912419
2024-09-20,415.89999,421.89999,410.50000,418.20001,506008
2024-09-23,418.39999,436.60001,418.04999,432.70001,769563
2024-09-24,432.70001,446.95001,429.00000,442.45001,750627
2024-09-25,451.25000,466.64999,450.10001,453.50000,1442436
2024-09-26,458.60001,460.14999,430.29999,439.20001,786648
2024-09-27,439.20001,446.85001,433.54999,439.20001,477541
2024-09-30,443.00000,455.00000,441.04999,443.00000,676769
2024-10-01,444.00000,456.50000,433.20001,451.25000,796892
2024-10-03,450.00000,496.00000,440.54999,491.95001,4154821
2024-10-04,494.95001,499.25000,474.89999,480.20001,1779914
2024-10-07,482.50000,483.89999,445.50000,459.04999,1331979
2024-10-08,457.00000,485.79999,443.95001,480.04999,1029380
2024-10-09,484.89999,518.29999,481.89999,497.20001,1945026
2024-10-10,503.00000,508.00000,493.10001,498.25000,793877
2024-10-11,497.35001,505.00000,487.29999,499.50000,527842
2024-10-14,499.00000,514.90002,496.60001,512.20001,578799
2024-10-15,517.40002,525.00000,504.89999,511.64999,508375
2024-10-16,511.00000,511.00000,500.35001,507.25000,323782
2024-10-17,508.39999,510.29999,491.10001,498.45001,348954
2024-10-18,495.00000,509.20001,484.10001,506.60001,339099
2024-10-21,511.00000,513.75000,485.10001,490.39999,303927
2024-10-22,484.95001,488.39999,460.54999,463.04999,568004
2024-10-23,460.00000,476.00000,452.14999,472.14999,501716
2024-10-24,473.95001,478.20001,459.04999,461.10001,259487
2024-10-25,461.10001,465.60001,445.35001,462.39999,581339
2024-10-28,460.00000,468.75000,448.79999,465.35001,340682
2024-10-29,465.85001,486.45001,462.04999,476.95001,416626
2024-10-30,480.64999,482.00000,412.14999,437.39999,2090952
2024-10-31,437.39999,456.00000,432.20001,454.20001,1208992
2024-11-01,457.89999,463.00000,451.29999,455.45001,83086
2024-11-04,451.00000,451.00000,429.00000,432.70001,470598
2024-11-05,430.00000,447.64999,428.60001,445.25000,370147
2024-11-06,447.85001,461.64999,444.70001,451.70001,505909
2024-11-07,451.00000,471.79999,446.60001,468.79999,590068
2024-11-08,470.39999,472.35001,458.00000,462.39999,537397
2024-11-11,458.04999,469.39999,455.29999,459.85001,276802
2024-11-12,461.60001,465.00000,444.29999,446.25000,241095
2024-11-13,447.00000,448.54999,421.75000,424.64999,453415
2024-11-14,425.00000,440.29999,425.00000,428.29999,287222
2024-11-18,430.25000,435.64999,417.45001,422.70001,349213
2024-11-19,428.39999,428.39999,407.14999,410.29999,335473
2024-11-21,409.89999,424.00000,403.00000,417.04999,494422
2024-11-22,414.00000,421.89999,409.14999,414.00000,216761
2024-11-25,425.00000,445.00000,425.00000,439.20001,595548
2024-11-26,445.39999,450.60001,430.10001,431.50000,341277
2024-11-27,430.04999,439.00000,426.04999,432.60001,152496
2024-11-28,439.10001,447.95001,431.04999,432.35001,316906
2024-11-29,432.79999,454.85001,424.20001,447.00000,620713
2024-12-02,445.79999,460.00000,438.95001,457.35001,313709
2024-12-03,459.00000,475.25000,457.35001,461.70001,409172
2024-12-04,464.79999,492.45001,457.64999,480.20001,869909
2024-12-05,482.79999,489.79999,473.10001,478.04999,426947
2024-12-06,475.14999,494.00000,469.10001,472.50000,679517
2024-12-09,471.70001,488.70001,469.70001,481.70001,502887
2024-12-10,481.89999,500.95001,478.79999,487.50000,624142
2024-12-11,488.89999,498.45001,485.64999,493.79999,908978
2024-12-12,494.89999,497.60001,477.00000,478.60001,391370
2024-12-13,478.29999,483.14999,467.29999,478.14999,302103
2024-12-16,482.64999,485.00000,472.70001,482.00000,306409
2024-12-17,484.00000,485.35001,474.54999,476.95001,178944
2024-12-18,476.60001,483.39999,468.00000,474.04999,216096
2024-12-19,465.00000,481.85001,461.00000,479.89999,303556
2024-12-20,482.89999,494.54999,461.10001,469.60001,619841
2024-12-23,467.04999,477.85001,459.04999,473.64999,326709
2024-12-24,473.00000,484.89999,472.70001,477.79999,174430
2024-12-26,479.45001,517.00000,479.45001,488.75000,2582388
2024-12-27,489.95001,491.70001,472.35001,478.29999,439471
2024-12-30,480.45001,488.85001,474.04999,484.45001,315766
2024-12-31,483.89999,490.95001,478.25000,482.64999,393961
2025-01-01,482.70001,505.20001,480.35001,482.35001,558480
2025-01-02,483.70001,490.25000,477.10001,479.14999,352543
2025-01-03,480.70001,486.45001,477.10001,481.14999,259692
2025-01-06,485.54999,494.20001,463.50000,467.95001,661584
2025-01-07,467.89999,490.00000,465.14999,484.75000,369238
2025-01-08,489.89999,494.25000,473.14999,478.39999,287762
2025-01-09,478.39999,483.60001,468.29999,471.70001,220293
2025-01-10,471.70001,478.00000,462.25000,470.64999,325200
2025-01-13,460.00000,480.54999,424.10001,430.89999,752473
2025-01-14,431.89999,438.20001,418.00000,423.50000,866964
2025-01-15,425.00000,435.70001,423.60001,426.14999,457037
2025-01-16,432.35001,437.25000,423.60001,427.00000,564633
2025-01-17,425.00000,431.64999,424.00000,426.85001,160161
2025-01-20,427.00000,439.70001,424.29999,436.45001,293581
2025-01-21,439.54999,445.00000,430.95001,437.35001,468535
2025-01-22,437.00000,443.60001,426.29999,440.35001,317207
2025-01-23,441.70001,455.00000,438.29999,444.14999,322315
2025-01-24,447.95001,449.00000,428.10001,431.20001,217164
2025-01-27,425.25000,435.00000,407.04999,427.25000,374962
2025-01-28,424.00000,432.95001,400.60001,423.85001,567349
2025-01-29,424.14999,455.50000,424.00000,449.75000,253614
2025-01-30,449.10001,463.64999,448.20001,460.45001,254085
2025-01-31,461.50000,475.00000,461.50000,473.20001,479835
2025-02-01,469.29999,475.00000,455.50000,465.64999,199172
2025-02-03,459.04999,460.00000,443.95001,446.04999,267398
2025-02-04,448.20001,465.10001,447.10001,450.85001,370323
2025-02-05,454.70001,466.45001,453.04999,460.04999,236406
2025-02-06,468.00000,481.00000,457.39999,459.64999,560420
2025-02-07,455.00000,475.00000,451.79999,466.25000,487485
2025-02-10,490.00000,491.00000,458.14999,463.20001,862833
2025-02-11,453.35001,458.00000,427.60001,446.64999,758034
2025-02-12,439.95001,449.70001,431.89999,441.79999,606055
2025-02-13,441.79999,463.79999,441.79999,461.25000,648051
2025-02-14,460.00000,468.20001,441.00000,458.04999,433459
2025-02-17,458.04999,485.20001,443.39999,480.64999,613864
2025-02-18,484.39999,485.00000,466.39999,471.89999,533826
2025-02-19,471.79999,487.95001,464.14999,482.25000,747288
2025-02-20,483.39999,500.79999,478.04999,487.39999,1170940
2025-02-21,486.00000,500.50000,483.20001,489.64999,683007
2025-02-24,489.64999,489.64999,451.10001,474.79999,610486
2025-02-25,468.00000,486.75000,468.00000,475.35001,397888
2025-02-27,477.00000,482.89999,455.04999,466.75000,442699
2025-02-28,459.00000,460.54999,441.60001,453.54999,614361
2025-03-03,459.35001,459.39999,437.00000,449.39999,405432
2025-03-04,443.64999,457.50000,442.54999,454.25000,389310
2025-03-05,454.04999,473.50000,454.04999,465.64999,468097
2025-03-06,468.50000,486.39999,468.45001,475.89999,889349
2025-03-07,477.00000,486.50000,467.10001,471.04999,570471
2025-03-10,473.00000,514.84998,473.00000,502.54999,5921793
2025-03-11,490.39999,535.00000,483.00000,527.45001,4226707
2025-03-12,531.00000,539.95001,523.34998,538.50000,2176263
2025-03-13,540.04999,549.50000,533.59998,541.04999,2029635
2025-03-17,545.09998,549.90002,526.25000,537.84998,1417261
2025-03-19,560.95001,563.45001,533.29999,539.45001,1162134
2025-03-20,541.45001,549.70001,528.25000,541.75000,838503
2025-03-21,542.59998,552.84998,527.15002,545.54999,4636524
2025-03-24,549.79999,555.90002,532.00000,534.90002,832492
2025-03-25,535.29999,537.65002,475.20001,484.14999,1875010
2025-03-26,479.00000,489.85001,463.89999,484.54999,1399722
2025-03-27,486.00000,510.79999,482.25000,506.54999,1835751
2025-03-28,510.00000,533.00000,510.00000,513.90002,1177876
2025-04-01,516.00000,539.95001,515.04999,528.04999,974282
2025-04-02,527.15002,544.15002,518.45001,536.70001,1043430
2025-04-03,529.00000,539.50000,522.34998,528.90002,461307
2025-04-04,526.79999,527.34998,487.54999,495.75000,864244
2025-04-07,396.60001,460.00000,396.60001,455.85001,2040016
2025-04-08,476.89999,476.89999,436.64999,439.00000,1206153
2025-04-09,441.00000,442.00000,414.39999,418.60001,1047409
2025-04-11,433.04999,484.00000,425.54999,467.64999,17316130
2025-04-15,477.50000,504.50000,473.89999,485.60001,6847178
2025-04-16,486.89999,491.29999,478.14999,486.10001,1113872
2025-04-17,484.85001,486.50000,472.00000,479.10001,691021
2025-04-21,480.00000,492.89999,479.70001,488.75000,732775
2025-04-22,492.00000,522.00000,487.60001,506.00000,1941656
2025-04-23,510.00000,524.25000,496.45001,499.85001,1030381
2025-04-24,500.00000,507.00000,491.35001,493.95001,610402
2025-04-25,498.35001,499.00000,466.20001,477.25000,1050479
2025-04-28,471.00000,496.60001,471.00000,473.79999,854843
2025-04-29,477.64999,485.54999,459.89999,462.79999,716882
2025-04-30,465.85001,469.75000,450.10001,452.00000,824230
2025-05-02,449.00000,459.35001,439.54999,442.79999,518020
2025-05-05,433.60001,447.85001,421.14999,445.35001,1833928
2025-05-06,446.00000,450.39999,437.00000,441.35001,717303
2025-05-07,428.50000,444.00000,428.50000,433.29999,556677
2025-05-08,434.95001,439.70001,412.14999,418.04999,610389
2025-05-09,401.50000,425.00000,401.50000,421.39999,894069
2025-05-12,439.39999,444.64999,431.50000,442.89999,763234
2025-05-13,444.64999,451.64999,436.10001,447.45001,781338
2025-05-14,448.10001,455.14999,444.25000,451.95001,722650
2025-05-15,454.10001,459.00000,448.20001,454.79999,644424
2025-05-16,454.10001,459.00000,451.04999,454.75000,427823
2025-05-19,454.75000,472.00000,454.45001,470.00000,884682
2025-05-20,473.00000,478.79999,465.00000,466.45001,453565
2025-05-21,464.39999,483.00000,459.04999,473.95001,570964
2025-05-22,475.00000,478.35001,465.89999,468.85001,346844
2025-05-23,468.89999,476.00000,467.10001,469.39999,347353
2025-05-26,450.00000,451.45001,434.60001,444.35001,2197223
2025-05-27,443.00000,448.54999,428.10001,430.10001,1477870
2025-05-28,432.00000,446.45001,432.00000,435.39999,834680
2025-05-29,436.95001,442.85001,432.04999,437.20001,673962
2025-05-30,441.10001,441.10001,434.04999,437.10001,370759
2025-06-02,433.00000,436.60001,431.10001,433.95001,278139
2025-06-03,439.85001,443.45001,434.00000,435.45001,284561
2025-06-04,435.00000,441.54999,433.85001,438.54999,218142
2025-06-05,440.00000,454.00000,439.04999,442.35001,555850
2025-06-06,444.20001,447.39999,434.00000,435.95001,236114
2025-06-09,438.75000,451.20001,436.25000,449.50000,469178
2025-06-10,455.00000,456.60001,447.35001,453.64999,581404
2025-06-11,455.70001,460.00000,447.25000,451.89999,523324
2025-06-12,451.89999,457.50000,446.25000,448.70001,403097
2025-06-13,440.60001,453.70001,440.00000,448.95001,280580
2025-06-16,448.10001,451.64999,441.45001,449.25000,244653
2025-06-17,448.79999,456.85001,447.04999,450.04999,355335
2025-06-18,450.04999,453.25000,446.10001,449.89999,172066
2025-06-19,450.50000,459.50000,437.35001,440.14999,442954
2025-06-20,440.00000,447.50000,427.95001,431.35001,435909
2025-06-23,430.00000,434.39999,420.75000,430.25000,408042
2025-06-24,434.25000,447.00000,434.00000,440.29999,397234
2025-06-25,444.35001,450.79999,437.25000,438.85001,251237
2025-06-26,440.10001,450.00000,437.04999,445.14999,479795
2025-06-27,448.50000,452.00000,444.85001,450.60001,408723
2025-06-30,450.25000,453.60001,441.50000,443.35001,240697
2025-07-01,445.00000,445.54999,435.04999,437.20001,214546
2025-07-02,436.60001,441.85001,428.75000,431.50000,267769
2025-07-03,432.70001,436.95001,430.39999,434.04999,163381
2025-07-04,435.79999,437.95001,428.95001,432.50000,131563
2025-07-07,433.10001,435.60001,423.29999,426.50000,228350
2025-07-08,426.64999,435.20001,421.00000,423.89999,207509
2025-07-09,425.00000,437.00000,423.20001,433.20001,469743
2025-07-10,429.25000,443.89999,422.79999,441.50000,660155
2025-07-11,441.00000,467.00000,440.70001,452.70001,2328467
2025-07-14,453.20001,457.25000,437.25000,440.89999,430222
2025-07-15,440.00000,448.79999,439.14999,443.20001,267139
2025-07-16,445.00000,449.50000,441.75000,444.85001,204202
2025-07-17,446.64999,449.60001,442.10001,442.95001,147011
2025-07-18,443.00000,446.54999,437.00000,443.00000,146634
2025-07-21,443.00000,456.89999,439.54999,447.45001,391869
2025-07-22,449.89999,455.45001,445.25000,448.60001,178708
2025-07-23,449.25000,455.45001,445.04999,452.10001,237597
2025-07-24,455.14999,460.45001,447.10001,449.54999,200567
2025-07-25,448.04999,449.45001,433.54999,436.04999,195125
2025-07-28,438.89999,439.54999,429.29999,431.04999,171625
2025-07-29,431.00000,448.89999,429.60001,446.04999,245802
2025-07-30,446.00000,453.64999,443.10001,446.89999,203101
2025-07-31,445.04999,455.00000,436.10001,447.50000,214624
2025-08-01,447.00000,450.79999,438.10001,439.29999,210761
2025-08-04,527.15002,527.15002,497.50000,524.25000,15437164
2025-08-05,518.00000,555.90002,515.09998,540.29999,13400096
2025-08-06,539.00000,607.75000,532.59998,581.75000,21118345
2025-08-07,587.00000,607.00000,553.00000,556.54999,9014586
2025-08-08,558.00000,562.00000,530.95001,534.95001,2079536
2025-08-11,539.90002,569.79999,537.84998,556.65002,2505073
2025-08-12,561.79999,565.00000,548.15002,551.59998,873566
2025-08-13,553.95001,576.00000,540.00000,558.00000,1570962
2025-08-14,561.65002,564.79999,548.40002,554.15002,537088
2025-08-18,562.00000,588.00000,559.59998,581.25000,2236602
2025-08-19,582.90002,598.00000,577.90002,590.54999,1803108
2025-08-20,595.54999,619.00000,577.20001,599.54999,3210766
2025-08-21,602.90002,607.50000,593.79999,599.15002,1001198
2025-08-22,595.95001,608.95001,590.84998,596.79999,1060831
2025-08-25,604.70001,606.59998,592.00000,593.79999,743288
2025-08-26,593.90002,600.00000,581.50000,592.90002,813766
2025-08-28,591.00000,597.95001,582.45001,585.09998,600653
2025-08-29,590.00000,605.00000,588.09998,598.34998,1228206
2025-09-01,600.00000,611.59998,594.34998,601.20001,1283525
2025-09-02,601.45001,609.90002,569.50000,576.79999,1302242
2025-09-03,576.79999,594.00000,573.59998,586.50000,648878
2025-09-04,589.04999,595.00000,556.65002,559.75000,939926
2025-09-05,563.00000,583.65002,559.09998,569.40002,916144
2025-09-08,564.90002,584.95001,559.79999,576.09998,1074121
2025-09-09,577.95001,588.79999,568.90002,584.45001,849913
2025-09-10,585.00000,592.29999,580.00000,581.54999,561315
2025-09-11,584.40002,587.79999,578.20001,584.40002,362827
2025-09-12,585.00000,602.34998,579.95001,589.90002,1141940
2025-09-15,590.20001,638.90002,590.20001,626.15002,6069942
2025-09-16,639.75000,639.75000,605.79999,617.70001,2852077
2025-09-17,621.00000,621.95001,600.20001,602.29999,864942
2025-09-18,605.20001,605.29999,566.00000,568.59998,1977994
2025-09-19,570.54999,578.59998,565.00000,573.65002,1575707
2025-09-22,575.00000,612.00000,570.00000,584.90002,3345832
2025-09-23,585.00000,592.00000,580.29999,585.15002,993420
2025-09-24,585.34998,589.50000,577.59998,580.15002,493549
2025-09-25,583.04999,594.65002,580.95001,583.70001,632315
2025-09-26,582.00000,583.79999,559.95001,566.40002,891876
2025-09-29,572.00000,575.50000,551.25000,553.59998,697701
2025-09-30,558.00000,559.79999,536.40002,539.40002,589998
2025-10-01,542.90002,552.65002,540.15002,550.75000,517132
2025-10-03,552.90002,579.34998,550.00000,577.50000,1280325
2025-10-06,578.00000,586.00000,572.84998,584.04999,478787
2025-10-07,580.00000,587.90002,570.00000,573.04999,355359
2025-10-08,573.04999,573.50000,560.50000,561.65002,292694
2025-10-09,558.00000,576.59998,558.00000,571.25000,449908
2025-10-10,574.09998,574.09998,562.50000,567.65002,321781
2025-10-13,564.09998,564.09998,552.34998,557.25000,342656
2025-10-14,560.00000,562.00000,539.54999,541.59998,575923
2025-10-15,542.00000,555.15002,542.00000,548.90002,570758
2025-10-16,550.79999,554.50000,543.34998,544.40002,326637
2025-10-17,542.04999,548.50000,525.00000,528.04999,574121
2025-10-20,529.09998,530.79999,512.40002,526.25000,993894
2025-10-21,528.04999,549.90002,528.04999,545.45001,313767
2025-10-23,550.95001,562.50000,533.00000,535.04999,841403
2025-10-24,534.00000,545.70001,529.15002,539.20001,527072
2025-10-27,539.20001,549.25000,537.45001,541.59998,359890
2025-10-28,541.00000,554.59998,539.95001,544.70001,445836
2025-10-29,548.90002,578.50000,547.15002,558.84998,2057053
2025-10-30,562.90002,562.90002,532.75000,535.34998,854664
2025-10-31,537.90002,539.90002,527.65002,529.50000,395314
2025-11-03,531.00000,549.00000,527.09998,546.15002,975151
2025-11-04,547.54999,549.50000,534.00000,535.70001,415153
2025-11-06,535.50000,539.70001,525.20001,527.40002,355054
2025-11-07,532.00000,538.00000,521.00000,534.84998,590476
2025-11-10,535.00000,555.00000,528.00000,542.70001,2667539
2025-11-11,541.00000,544.54999,525.54999,527.59998,766244
2025-11-12,529.90002,532.00000,521.50000,525.54999,483062
2025-11-13,528.00000,531.50000,512.95001,514.25000,532361
2025-11-14,509.20001,525.00000,508.00000,518.04999,613779
2025-11-17,513.00000,525.79999,512.15002,521.65002,410826
2025-11-18,519.54999,520.90002,506.00000,509.14999,392250
2025-11-19,508.10001,510.29999,500.60001,503.95001,405818
2025-11-20,506.60001,513.00000,501.45001,504.35001,367944
2025-11-21,502.89999,508.14999,488.04999,490.04999,350603
2025-11-24,486.00000,488.60001,470.00000,472.75000,731306
2025-11-25,473.00000,509.95001,471.75000,489.00000,1293440
2025-11-26,487.00000,502.39999,483.35001,485.00000,389786
2025-11-27,491.00000,496.45001,483.75000,487.85001,506576
2025-11-28,489.25000,494.64999,484.00000,489.50000,320097
2025-12-01,494.89999,505.50000,490.10001,500.45001,583162
2025-12-02,500.45001,500.45001,486.50000,492.60001,275663
2025-12-03,493.29999,494.89999,478.70001,482.79999,288436
2025-12-04,485.00000,486.14999,476.25000,480.75000,219151
2025-12-05,481.14999,483.50000,473.25000,475.85001,238498
2025-12-08,475.85001,486.50000,470.10001,474.45001,538458
2025-12-09,472.04999,483.00000,456.20001,480.89999,662449
2025-12-10,480.89999,499.39999,479.89999,489.00000,340672
2025-12-11,488.00000,493.79999,485.00000,486.45001,411313
2025-12-12,489.00000,515.95001,487.00000,511.39999,1062085
2025-12-15,511.00000,522.59998,502.50000,520.50000,810187
2025-12-16,520.00000,521.70001,505.14999,507.39999,368586
2025-12-17,509.00000,509.00000,498.25000,505.79999,271084
2025-12-18,502.00000,513.40002,495.04999,511.50000,336104
2025-12-19,512.90002,521.00000,504.10001,510.45001,392155
2025-12-22,516.90002,520.00000,509.04999,511.29999,227678
2025-12-23,511.29999,534.50000,511.29999,530.25000,1236066
2025-12-24,533.79999,537.70001,527.00000,536.25000,670540
2025-12-26,538.00000,538.00000,521.25000,523.15002,546097
2025-12-29,524.95001,534.00000,512.70001,514.95001,396160
2025-12-30,517.25000,524.15002,511.39999,516.70001,455062
2025-12-31,523.95001,527.25000,519.00000,520.54999,255477
2026-01-01,520.95001,523.00000,505.20001,509.75000,385888
2026-01-02,511.35001,525.79999,511.29999,523.00000,348758
2026-01-05,525.79999,525.79999,500.95001,516.70001,654610
2026-01-06,517.70001,517.90002,501.10001,503.50000,379771
2026-01-07,503.50000,512.90002,501.54999,510.89999,252384
2026-01-08,509.89999,511.04999,481.85001,494.79999,675866
2026-01-09,494.79999,494.85001,475.00000,477.75000,369205
2026-01-12,477.75000,497.54999,465.00000,492.79999,855858
2026-01-13,495.04999,498.29999,477.25000,482.70001,287857
2026-01-14,482.70001,492.39999,481.54999,486.79999,363858
2026-01-16,486.45001,494.29999,483.04999,491.64999,279129
2026-01-19,488.20001,493.00000,480.60001,487.54999,338499
2026-01-20,487.54999,491.10001,459.95001,462.39999,292933
2026-01-21,462.39999,467.79999,453.10001,462.50000,338623
2026-01-22,464.50000,471.00000,461.50000,468.10001,174055
2026-01-23,468.00000,474.89999,462.04999,464.25000,255745
2026-01-27,464.89999,479.89999,459.45001,477.00000,332677
2026-01-28,477.50000,486.70001,475.50000,482.29999,199462
2026-01-29,482.20001,490.04999,476.79999,487.45001,331281
2026-01-30,483.35001,492.00000,476.29999,489.79999,200491
2026-02-02,471.00000,489.75000,467.00000,487.14999,227522
2026-02-03,495.00000,508.95001,489.14999,504.50000,442044
2026-02-04,501.04999,528.54999,498.95001,521.34998,593869
2026-02-05,521.34998,538.00000,515.04999,529.45001,735193
2026-02-06,529.45001,534.00000,517.70001,529.54999,404195
2026-02-09,499.00000,518.95001,490.00000,514.15002,1290303
2026-02-10,515.70001,522.84998,509.04999,510.75000,432603
2026-02-11,510.14999,512.09998,495.35001,502.60001,324121
2026-02-12,510.00000,512.00000,498.00000,499.04999,346616
2026-02-13,496.39999,506.64999,490.29999,502.50000,243196
2026-02-16,497.50000,506.50000,492.64999,504.64999,215542
2026-02-17,508.00000,516.90002,501.20001,512.20001,360013
2026-02-18,515.00000,519.25000,508.60001,510.70001,191370
2026-02-19,511.95001,517.90002,504.50000,510.60001,178709
2026-02-20,507.00000,516.29999,504.04999,512.00000,123168
2026-02-23,512.00000,522.54999,507.35001,511.60001,376596
2026-02-24,511.25000,521.00000,508.25000,519.34998,395889
2026-02-25,519.34998,535.00000,515.09998,532.20001,614433
2026-02-26,536.00000,536.79999,516.79999,518.90002,311075
2026-02-27,518.90002,561.00000,515.95001,551.59998,6321104
2026-03-02,537.95001,556.90002,531.09998,544.70001,1029893
2026-03-04,534.95001,542.50000,516.04999,521.40002,550936
2026-03-05,522.00000,545.50000,522.00000,542.65002,764680
2026-03-06,545.70001,562.04999,545.25000,553.50000,928299
2026-03-09,545.00000,545.29999,522.34998,539.65002,582808
2026-03-10,550.40002,557.00000,542.59998,544.84998,390151
2026-03-11,544.84998,556.90002,540.50000,544.34998,349446
2026-03-12,541.95001,555.00000,530.00000,550.59998,407444
2026-03-13,546.00000,548.00000,525.20001,530.34998,416062
2026-03-16,531.95001,531.95001,499.04999,505.39999,737947
2026-03-17,513.09998,524.54999,502.20001,522.34998,407103
2026-03-18,528.00000,534.59998,523.45001,526.95001,423858
2026-03-19,519.00000,522.15002,507.00000,509.64999,296648
2026-03-20,520.50000,525.50000,506.29999,507.00000,339691
2026-03-23,501.00000,504.45001,477.79999,485.70001,514138
2026-03-24,494.04999,516.00000,485.70001,512.70001,514724
2026-03-25,514.00000,526.34998,512.70001,517.95001,360514
2026-03-27,516.50000,516.50000,505.10001,508.50000,439754
2026-03-30,500.00000,517.15002,495.39999,510.64999,624378
2026-04-01,515.00000,533.04999,510.20001,525.50000,553849
2026-04-02,515.59998,526.70001,502.00000,519.20001,807891
2026-04-06,517.90002,526.34998,514.09998,524.95001,264759
2026-04-07,520.50000,532.59998,519.40002,528.09998,382356
2026-04-08,545.00000,554.40002,536.90002,541.54999,377210
2026-04-09,541.54999,559.00000,541.00000,546.65002,680845
2026-04-10,550.00000,557.75000,547.00000,554.59998,386787
2026-04-13,550.95001,594.29999,543.15002,579.00000,4815900
2026-04-15,589.79999,592.00000,585.00000,586.45001,69898
2026-04-16,589.00000,599.20001,585.95001,597.09998,1473315
2026-04-17,600.00000,604.00000,594.00000,595.95001,472994
2026-04-20,598.00000,598.29999,582.00000,583.90002,523775
2026-04-21,585.60000,590.00000,572.00000,573.90000,316292
2026-04-22,575.95000,593.20000,574.50000,591.80000,632477
2026-04-23,591.70000,598.35000,585.05000,586.60000,485407
2026-04-24,586.60000,594.40000,580.05000,581.40000,211356
2026-04-27,588.40000,615.00000,587.00000,612.70000,2366094
2026-04-28,617.00000,624.00000,600.00000,602.65000,986537
2026-04-29,605.05000,608.50000,589.10000,593.25000,491046
2026-04-30,593.25000,596.70000,583.15000,591.55000,392625
2026-05-04,596.20000,598.70000,585.20000,591.30000,278170
