date,open,high,low,close,volume
2016-02-04,9.82857,9.90476,9.53333,9.76190,71400
2016-02-05,9.62857,9.79048,9.52381,9.55238,3570
2016-02-08,9.57143,9.61905,9.27619,9.45714,11340
2016-02-09,9.55238,9.60000,9.42857,9.59048,19215
2016-02-10,9.62857,9.62857,9.48571,9.60952,2835
2016-02-11,9.55238,9.60000,9.47619,9.52381,2940
2016-02-12,9.49524,10.04762,9.49524,9.68571,9345
2016-02-16,9.52381,9.81905,9.52381,9.81905,3780
2016-02-17,9.65714,9.85714,9.58095,9.84762,9975
2016-02-18,9.54286,9.80952,9.52381,9.80952,3150
2016-02-19,9.80952,9.96190,9.76190,9.81905,2310
2016-02-22,9.72381,9.82857,9.72381,9.81905,1050
2016-02-23,9.76190,9.93333,9.72381,9.80952,2415
2016-02-24,9.95238,9.95238,9.55238,9.80000,10290
2016-02-25,9.55238,9.76190,9.55238,9.76190,3780
2016-02-26,9.74286,9.95238,9.74286,9.95238,3990
2016-02-29,9.61905,9.95238,9.61905,9.67619,3465
2016-03-01,9.92381,9.92381,9.71429,9.76190,4095
2016-03-02,9.72381,9.95238,9.72381,9.95238,1995
2016-03-03,9.79048,9.91429,9.66667,9.67619,4935
2016-03-04,9.67619,9.90476,9.66667,9.68571,3885
2016-03-07,9.62857,9.68571,9.52381,9.52381,3675
2016-03-08,9.57143,9.60000,9.43810,9.60000,4515
2016-03-09,9.57143,9.65714,9.52381,9.60000,2625
2016-03-10,9.59048,9.68571,9.45714,9.53333,6930
2016-03-11,9.57143,9.71429,9.52381,9.61905,5250
2016-03-14,9.61905,9.80000,9.61905,9.80000,2205
2016-03-17,9.80952,9.82857,9.78095,9.82857,6720
2016-03-18,9.68571,10.04762,9.68571,10.04762,1575
2016-03-21,9.88571,9.88571,9.62857,9.84762,2205
2016-03-22,9.92381,9.92381,9.92381,9.92381,105
2016-03-23,9.87619,9.87619,9.83809,9.87619,4515
2016-03-24,10.23810,10.26667,10.23810,10.26667,2940
2016-03-28,10.00000,10.03810,9.71429,9.71429,5145
2016-03-29,10.00000,10.47619,9.79048,10.47619,2730
2016-03-30,10.13333,10.38095,10.12381,10.15238,1155
2016-03-31,10.17143,10.28571,9.80952,9.81905,2100
2016-04-01,10.00000,10.00000,9.78095,9.78095,1155
2016-04-04,9.80000,9.88571,9.78095,9.88571,630
2016-04-05,9.91429,9.91429,9.78095,9.78095,315
2016-04-07,9.75238,9.80000,9.71429,9.72381,945
2016-04-08,9.79048,9.79048,9.66667,9.75238,5145
2016-04-12,9.66667,9.66667,9.66667,9.66667,525
2016-04-13,9.76190,9.80952,9.76190,9.76190,6825
2016-04-14,9.80000,9.85714,9.80000,9.81905,3990
2016-04-15,9.71429,9.71429,9.71429,9.71429,315
2016-04-18,9.99048,10.00000,9.76190,9.76190,1890
2016-04-20,9.98095,10.00000,9.98095,10.00000,1785
2016-04-21,10.31429,10.47619,10.23810,10.33333,3570
2016-04-22,10.23810,10.47619,10.04762,10.12381,4200
2016-04-25,10.23810,10.23810,9.78095,9.80952,6930
2016-04-26,9.83809,10.22857,9.83809,10.04762,1470
2016-04-27,10.04762,10.58095,10.04762,10.23810,2100
2016-04-28,10.24762,10.28571,10.24762,10.24762,2415
2016-04-29,10.08571,10.22857,9.77143,10.21905,3885
2016-05-02,10.00000,10.17143,10.00000,10.00000,4305
2016-05-03,10.00000,10.16191,9.80000,10.16191,1785
2016-05-04,10.16191,10.16191,10.14286,10.14286,525
2016-05-06,10.16191,10.16191,10.16191,10.16191,2100
2016-05-09,10.16191,10.16191,10.00000,10.00000,5250
2016-05-10,10.04762,10.12381,10.00000,10.00000,5250
2016-05-12,10.02857,10.07619,10.00000,10.00000,2415
2016-05-13,10.07619,10.07619,10.00000,10.00000,4935
2016-05-16,10.00000,10.08571,9.95238,10.00952,7560
2016-05-17,10.00000,10.07619,10.00000,10.00952,735
2016-05-18,10.08571,10.18095,10.04762,10.15238,4200
2016-05-19,10.14286,10.15238,10.14286,10.14286,2205
2016-05-20,10.22857,10.47619,10.09524,10.27619,7980
2016-05-23,10.08571,10.23810,10.08571,10.23810,8400
2016-05-24,10.15238,10.15238,10.15238,10.15238,7350
2016-05-25,10.28571,10.48571,10.28571,10.48571,2415
2016-05-26,10.31429,10.65714,10.21905,10.46667,15435
2016-05-27,10.49524,10.71429,10.46667,10.69524,7770
2016-05-31,10.59048,10.72381,10.38095,10.41905,17010
2016-06-01,10.40952,10.61905,10.38095,10.40000,2835
2016-06-02,10.39048,10.42857,10.38095,10.40952,2205
2016-06-03,10.35238,10.61905,10.23810,10.28571,12180
2016-06-06,10.22857,10.38095,10.22857,10.29524,7980
2016-06-07,10.44762,10.64762,10.40000,10.52381,4410
2016-06-08,10.40000,10.60952,10.34286,10.53333,8505
2016-06-10,10.53333,10.63809,10.53333,10.55238,525
2016-06-13,10.53333,10.53333,10.33333,10.33333,3570
2016-06-15,10.46667,10.47619,10.34286,10.34286,1260
2016-06-17,10.45714,10.45714,10.45714,10.45714,315
2016-06-20,10.46667,10.47619,10.12381,10.25714,18795
2016-06-22,10.35238,10.42857,10.33333,10.33333,13965
2016-06-23,10.46667,10.46667,10.24762,10.24762,1890
2016-06-24,10.32381,10.32381,10.25714,10.25714,4305
2016-06-27,10.20952,10.41905,10.17143,10.41905,2730
2016-06-29,10.12381,10.46667,10.12381,10.31429,10920
2016-06-30,10.52381,10.52381,10.35238,10.35238,1995
2016-07-01,10.19048,10.49524,10.19048,10.30476,1890
2016-07-05,10.43810,10.43810,10.43810,10.43810,210
2016-07-08,10.25714,10.35238,10.18095,10.18095,3465
2016-07-11,10.13333,10.44762,10.13333,10.30476,10710
2016-07-12,10.33333,10.33333,10.13333,10.27619,25515
2016-07-13,10.24762,10.24762,10.24762,10.24762,210
2016-07-14,10.19048,10.61905,10.19048,10.24762,21315
2016-07-15,10.37143,10.37143,10.28571,10.33333,1890
2016-07-18,10.57143,10.57143,10.38095,10.39048,1575
2016-07-20,10.32381,10.39048,10.32381,10.39048,2415
2016-07-21,10.41905,10.48571,10.33333,10.48571,1365
2016-07-22,10.60952,10.80000,10.54286,10.78095,12810
2016-07-26,10.88571,11.04762,10.84762,10.88571,13545
2016-07-27,10.76190,10.86667,10.66667,10.76190,4410
2016-07-28,10.81905,10.81905,10.81905,10.81905,315
2016-07-29,10.89524,10.89524,10.71429,10.71429,1155
2016-08-01,10.66667,10.91429,10.66667,10.79048,5250
2016-08-02,10.94286,11.03810,10.76190,10.83809,9660
2016-08-03,10.80952,10.99048,10.80952,10.95238,1995
2016-08-04,10.97143,11.30476,10.90476,10.95238,8190
2016-08-05,11.07619,11.09524,10.90476,11.03810,8085
2016-08-09,10.93333,10.93333,10.93333,10.93333,210
2016-08-12,10.81905,11.00000,10.81905,11.00000,210
2016-08-15,10.81905,11.00000,10.81905,10.94286,11865
2016-08-16,10.84762,11.00952,10.84762,10.95238,3990
2016-08-17,11.05714,11.05714,11.05714,11.05714,105
2016-08-18,10.86667,10.88571,10.80952,10.86667,19425
2016-08-19,10.85714,10.85714,10.85714,10.85714,1995
2016-08-22,10.80952,10.80952,10.80952,10.80952,315
2016-08-23,10.85714,10.85714,10.84762,10.84762,945
2016-08-24,10.93333,10.93333,10.82857,10.84762,2100
2016-08-25,10.84762,10.94286,10.84762,10.86667,10395
2016-08-26,10.95238,11.42857,10.95238,11.42857,8820
2016-08-29,11.42857,11.43810,11.42857,11.43810,5040
2016-08-30,11.57143,12.28571,11.57143,11.60952,10710
2016-08-31,11.75238,12.41905,11.75238,11.90476,7245
2016-09-01,11.72381,11.89524,11.72381,11.74286,5880
2016-09-02,11.89524,11.96190,11.72381,11.72381,8190
2016-09-06,11.75238,11.90476,11.73333,11.73333,4305
2016-09-07,11.84762,11.84762,11.81905,11.81905,2730
2016-09-08,11.74286,11.82857,11.72381,11.80952,1365
2016-09-09,11.82857,11.84762,11.49524,11.75238,10605
2016-09-12,11.71429,11.71429,11.52381,11.52381,5880
2016-09-13,11.53333,11.71429,11.53333,11.61905,4935
2016-09-14,11.55238,11.64762,11.55238,11.64762,2310
2016-09-15,11.57143,11.66667,11.57143,11.66667,840
2016-09-16,11.62857,12.16191,11.61905,12.16191,4200
2016-09-19,12.01905,12.01905,11.89524,11.93333,4200
2016-09-20,11.93333,11.93333,11.62857,11.62857,3675
2016-09-21,11.76190,11.92381,11.67619,11.72381,8610
2016-09-22,11.86667,11.89524,11.61905,11.61905,10500
2016-09-23,11.64762,12.06667,11.64762,12.00000,8400
2016-09-26,11.88571,12.19048,11.88571,12.19048,4935
2016-09-27,12.19048,12.19048,12.09524,12.09524,3570
2016-09-28,12.07619,12.16191,11.93333,11.93333,3780
2016-10-03,12.21905,12.23810,12.12381,12.12381,840
2016-10-04,12.06667,12.23810,12.06667,12.17143,2625
2016-10-05,12.09524,12.23810,12.09524,12.22857,735
2016-10-07,12.14286,12.16191,12.14286,12.14286,5250
2016-10-11,12.38095,12.38095,11.99048,11.99048,6510
2016-10-12,11.97143,11.97143,11.97143,11.97143,210
2016-10-13,11.86667,11.96190,11.85714,11.90476,1680
2016-10-14,12.03810,12.03810,12.03810,12.03810,210
2016-10-17,12.10476,12.10476,12.05714,12.08571,1995
2016-10-18,12.14286,12.14286,11.90476,11.92381,2205
2016-10-19,11.90476,11.90476,11.76190,11.85714,3990
2016-10-21,12.08571,12.38095,12.08571,12.11429,7770
2016-10-24,12.33333,12.33333,11.68571,11.90476,3150
2016-10-25,12.18095,12.18095,11.67619,11.80952,5355
2016-10-26,11.85714,12.61905,11.85714,12.14286,40005
2016-10-27,12.25714,12.61905,12.09524,12.28571,57435
2016-10-28,12.00952,12.00952,12.00952,12.00952,1575
2016-10-31,12.09524,12.16191,11.90476,12.16191,4935
2016-11-01,12.16191,12.35238,12.16191,12.20000,4725
2016-11-02,11.90476,11.95238,11.90476,11.90476,945
2016-11-04,12.14286,12.14286,11.90476,11.90476,2415
2016-11-07,12.00000,12.13333,12.00000,12.10476,3360
2016-11-08,11.92381,12.02857,11.92381,12.01905,12390
2016-11-09,12.06667,12.19048,12.06667,12.18095,9135
2016-11-10,12.17143,12.19048,12.04762,12.19048,6090
2016-11-11,12.16191,12.47619,12.16191,12.34286,2730
2016-11-14,12.47619,12.58095,12.43810,12.57143,4935
2016-11-15,12.62857,12.67619,12.59048,12.59048,2415
2016-11-16,12.76190,14.00000,12.76190,13.35238,9135
2016-11-17,13.31429,13.33333,13.31429,13.33333,7980
2016-11-18,13.33333,13.52381,13.33333,13.45714,17535
2016-11-21,13.41905,13.92381,13.41905,13.64762,7980
2016-11-22,13.76190,14.06667,13.70476,14.06667,2730
2016-11-23,13.82857,14.09524,13.35238,13.83809,4305
2016-11-25,14.00000,14.27619,14.00000,14.27619,2520
2016-11-28,13.98095,14.04762,13.55238,13.60000,6405
2016-11-29,13.49524,13.58095,13.33333,13.57143,10605
2016-11-30,13.37143,13.78095,13.24762,13.47619,4830
2016-12-01,13.81905,13.81905,13.43810,13.45714,3045
2016-12-02,13.29524,13.51429,13.25714,13.26667,3780
2016-12-05,13.95238,14.04762,13.33333,14.03810,13755
2016-12-06,14.03810,15.89524,13.91429,15.23810,75915
2016-12-07,14.96190,15.23810,14.96190,15.23810,17430
2016-12-08,15.19048,15.19048,14.87619,14.88571,11970
2016-12-09,14.84762,15.00952,14.35238,14.38095,9030
2016-12-12,14.38095,14.48571,13.62857,14.45714,11235
2016-12-13,14.23810,14.95238,14.05714,14.80000,12495
2016-12-14,14.39048,14.95238,14.31429,14.94286,8190
2016-12-15,14.66667,14.95238,14.07619,14.57143,14070
2016-12-16,14.64762,14.64762,14.30476,14.48571,78015
2016-12-19,14.76190,15.23810,14.64762,15.14286,8505
2016-12-20,15.12381,16.72381,15.12381,16.04762,17745
2016-12-21,16.35238,17.56190,15.61905,16.17143,51765
2016-12-22,16.19048,16.19048,15.33333,15.79048,4830
2016-12-23,15.53333,15.79048,15.53333,15.79048,1155
2016-12-27,15.79048,15.79048,14.66667,15.15238,30240
2016-12-28,14.71429,15.13333,14.47619,14.80952,8820
2016-12-29,14.66667,15.02857,14.66667,15.02857,1890
2016-12-30,15.26667,15.45714,15.04762,15.28571,5145
2017-01-03,15.22857,15.36191,15.09524,15.17143,5355
2017-01-04,15.04762,15.11429,13.99048,15.11429,7350
2017-01-05,15.01905,15.23810,14.89524,14.89524,2205
2017-01-06,14.90476,15.23810,13.75238,14.89524,17850
2017-01-09,14.61905,14.91429,14.47619,14.77143,16275
2017-01-10,15.20952,15.20952,14.97143,15.20952,525
2017-01-11,14.58095,15.19048,14.58095,15.19048,2730
2017-01-12,15.08571,15.08571,14.90476,14.94286,1890
2017-01-13,14.95238,15.14286,14.94286,15.14286,1260
2017-01-17,15.00000,15.22857,15.00000,15.19048,7980
2017-01-18,15.05714,15.05714,13.89524,14.04762,69930
2017-01-19,14.04762,15.13333,14.04762,14.23810,12390
2017-01-20,14.60952,15.70476,14.60952,15.70476,37800
2017-01-23,15.24762,15.96190,15.24762,15.42857,11130
2017-01-24,15.51429,17.07619,15.51429,16.47619,27090
2017-01-25,16.58095,16.80952,16.18095,16.80952,22365
2017-01-26,16.99048,17.03810,16.22857,16.67619,7875
2017-01-27,16.85714,16.85714,16.55238,16.71429,4725
2017-01-30,16.73333,16.83809,16.65714,16.79048,3675
2017-01-31,16.76191,17.12381,16.76191,16.90476,8295
2017-02-01,16.89524,17.08571,16.87619,17.08571,6300
2017-02-02,17.08571,17.60000,16.85714,17.20952,32235
2017-02-03,17.15238,18.07619,17.15238,17.94286,21525
2017-02-06,18.02857,19.76191,17.20952,17.33333,16905
2017-02-07,17.47619,17.47619,16.80952,17.06667,10185
2017-02-08,17.09524,17.71429,17.09524,17.71429,29295
2017-02-09,17.70476,17.97143,17.47619,17.84762,7770
2017-02-10,17.88571,18.05714,17.62857,17.84762,3990
2017-02-13,18.01905,18.05714,16.90476,16.90476,5565
2017-02-14,16.85714,17.56190,16.85714,17.13333,5565
2017-02-15,17.60000,17.60000,17.00000,17.00000,5355
2017-02-16,16.97143,17.60952,16.97143,17.60000,4200
2017-02-17,17.28571,17.52381,17.28571,17.42857,1155
2017-02-21,17.57143,17.61905,17.36190,17.42857,6510
2017-02-22,17.47619,17.59048,17.20952,17.52381,1575
2017-02-23,17.53333,17.53333,17.52381,17.52381,840
2017-02-24,17.24762,17.58095,17.14286,17.15238,7245
2017-02-27,17.38095,17.47619,17.23809,17.47619,2310
2017-02-28,17.40000,17.44762,17.04762,17.09524,6195
2017-03-01,17.37143,17.37143,17.10476,17.14286,10080
2017-03-02,17.04762,17.13333,16.90476,17.13333,3150
2017-03-03,17.01905,17.32381,17.01905,17.25714,19425
2017-03-06,17.25714,17.25714,17.08571,17.12381,8820
2017-03-07,17.20952,17.23809,17.16191,17.16191,1470
2017-03-08,17.16191,17.16191,17.06667,17.06667,525
2017-03-09,16.95238,17.10476,16.90476,16.95238,6930
2017-03-10,17.00000,17.10476,16.83809,16.83809,2835
2017-03-13,16.87619,16.87619,16.86667,16.86667,420
2017-03-15,16.90476,16.90476,16.67619,16.67619,2730
2017-03-16,16.67619,17.04762,16.66667,17.03810,28770
2017-03-17,16.90476,17.00000,16.66667,16.90476,50295
2017-03-20,16.79048,16.95238,16.72381,16.79048,5880
2017-03-21,16.90476,16.91429,15.86667,16.05714,19845
2017-03-22,15.90476,16.18095,15.86667,15.96190,7455
2017-03-23,15.84762,16.09524,15.33333,15.33333,8610
2017-03-24,15.20952,15.83809,15.20952,15.82857,3990
2017-03-27,15.83809,15.91429,15.82857,15.91429,3360
2017-03-28,15.73333,15.97143,15.73333,15.74286,8190
2017-03-29,15.71429,16.06667,15.23810,16.06667,33495
2017-03-30,16.19048,16.57143,16.00952,16.05714,55860
2017-03-31,15.82857,16.06667,15.80952,15.92381,11445
2017-04-03,15.95238,16.04762,15.82857,15.82857,6825
2017-04-04,15.95238,15.96190,15.71429,15.71429,6405
2017-04-05,15.38095,16.18095,15.38095,16.05714,70770
2017-04-06,16.09524,16.18095,15.47619,16.07619,60585
2017-04-07,16.01905,16.19048,16.01905,16.15238,5250
2017-04-10,16.22857,16.23809,16.19048,16.22857,3885
2017-04-11,16.19048,16.38095,16.19048,16.20000,2100
2017-04-12,16.39048,16.39048,16.29524,16.37143,1470
2017-04-13,16.21905,16.21905,16.21905,16.21905,210
2017-04-17,16.32381,16.69524,16.32381,16.64762,4620
2017-04-18,16.85714,16.85714,16.67619,16.71429,1785
2017-04-19,16.86667,16.86667,16.80952,16.80952,1050
2017-04-20,16.85714,16.85714,16.69524,16.83809,7035
2017-04-21,16.80952,16.90476,16.76191,16.90476,19215
2017-04-24,16.90476,17.00000,16.85714,16.92381,11550
2017-04-25,16.92381,16.95238,16.60952,16.64762,12915
2017-04-26,16.63810,16.87619,16.63810,16.79048,3570
2017-04-27,16.90476,16.96190,16.48571,16.75238,3675
2017-04-28,16.74286,16.80000,16.40952,16.47619,7980
2017-05-01,16.53333,16.87619,16.35238,16.59048,11235
2017-05-02,16.57143,16.71429,16.57143,16.71429,7350
2017-05-03,16.64762,16.64762,16.55238,16.55238,1155
2017-05-04,16.57143,16.57143,16.52381,16.52381,3045
2017-05-05,16.73333,16.87619,16.66667,16.66667,5985
2017-05-08,16.66667,16.76191,16.66667,16.74286,1680
2017-05-09,16.23809,16.26667,16.21905,16.21905,840
2017-05-10,16.29524,16.69524,16.28571,16.65714,2625
2017-05-11,16.80952,16.87619,16.66667,16.66667,2520
2017-05-12,16.45714,16.45714,16.40952,16.45714,1365
2017-05-15,16.28571,16.48571,16.22857,16.45714,3990
2017-05-16,16.59048,16.59048,16.38095,16.41905,2205
2017-05-17,16.22857,16.40952,16.22857,16.37143,1890
2017-05-18,16.36190,16.39048,16.36190,16.39048,1680
2017-05-19,16.37143,16.38095,16.37143,16.38095,420
2017-05-22,16.42857,16.56190,16.29524,16.29524,1995
2017-05-23,16.29524,16.30476,16.19048,16.26667,5460
2017-05-24,16.49524,16.49524,16.35238,16.42857,1260
2017-05-25,16.44762,16.61905,16.44762,16.52381,2940
2017-05-26,16.55238,16.66667,16.50476,16.64762,5565
2017-05-30,16.60000,16.66667,16.60000,16.66667,525
2017-05-31,16.47619,16.62857,16.41905,16.41905,2730
2017-06-01,16.20000,16.41905,16.20000,16.20000,4830
2017-06-02,16.40000,16.40000,16.34286,16.36190,5040
2017-06-05,16.32381,16.32381,16.14286,16.15238,4515
2017-06-06,16.34286,16.36190,16.19048,16.23809,1365
2017-06-07,16.23809,16.23809,16.12381,16.12381,5040
2017-06-08,16.04762,16.09524,15.97143,16.09524,1575
2017-06-09,15.95238,16.23809,15.95238,16.21905,12495
2017-06-12,16.16191,16.23809,15.95238,16.21905,13440
2017-06-13,16.22857,16.22857,16.17143,16.19048,3675
2017-06-14,16.19048,16.23809,16.16191,16.23809,7140
2017-06-15,16.19048,16.41905,16.19048,16.26667,2625
2017-06-16,16.40952,16.42857,16.40952,16.40952,1260
2017-06-19,16.47619,16.47619,16.40000,16.40952,1050
2017-06-20,16.32381,16.40000,16.19048,16.19048,3045
2017-06-21,16.25714,16.38095,16.25714,16.38095,3045
2017-06-22,16.33333,16.33333,16.16191,16.16191,4305
2017-06-23,16.19048,16.19048,15.97143,15.97143,1680
2017-06-26,15.95238,16.08571,15.95238,15.95238,2310
2017-06-27,16.04762,16.11429,15.65714,15.80952,16485
2017-06-28,15.91429,15.91429,15.91429,15.91429,1365
2017-06-29,16.19048,16.22857,16.00000,16.00000,11865
2017-06-30,15.80952,16.19048,15.80952,16.07619,8610
2017-07-03,16.04762,16.38095,16.04762,16.12381,16065
2017-07-05,16.18095,16.23809,15.90476,16.14286,5775
2017-07-06,15.94286,16.12381,15.94286,15.96190,1470
2017-07-07,16.11429,16.11429,15.86667,15.86667,5565
2017-07-10,15.99048,16.11429,15.87619,16.05714,1785
2017-07-11,16.00952,16.05714,15.93333,15.93333,1470
2017-07-12,15.92381,16.09524,15.90476,15.90476,2730
2017-07-13,16.03810,16.05714,16.02857,16.04762,2835
2017-07-14,15.90476,16.03810,15.90476,16.03810,5250
2017-07-17,16.02857,16.09524,16.02857,16.09524,3465
2017-07-18,16.15238,16.15238,16.14286,16.15238,525
2017-07-19,16.12381,16.18095,15.92381,16.10476,3255
2017-07-20,16.18095,16.27619,16.18095,16.27619,3780
2017-07-21,16.33333,16.87619,16.33333,16.79048,23100
2017-07-24,16.60000,16.80000,16.60000,16.78095,3570
2017-07-25,16.84762,16.99048,16.55238,16.55238,4095
2017-07-26,16.76191,16.76191,16.76191,16.76191,315
2017-07-31,16.59048,16.81905,16.46667,16.46667,1365
2017-08-01,16.76191,16.76191,16.40952,16.75238,1785
2017-08-02,16.26667,16.61905,16.23809,16.61905,3045
2017-08-03,16.49524,16.49524,16.42857,16.42857,2205
2017-08-04,16.33333,16.33333,16.33333,16.33333,315
2017-08-07,16.20000,16.20000,16.19048,16.19048,1995
2017-08-08,16.15238,16.20000,15.85714,16.00000,12180
2017-08-09,15.89524,15.99048,15.89524,15.99048,1890
2017-08-10,15.82857,15.84762,15.82857,15.84762,1155
2017-08-11,15.76190,15.76190,15.76190,15.76190,1470
2017-08-14,15.73333,15.77143,15.73333,15.73333,840
2017-08-15,15.70476,15.70476,15.70476,15.70476,420
2017-08-16,15.71429,15.71429,15.71429,15.71429,105
2017-08-17,15.72381,15.72381,15.71429,15.71429,630
2017-08-18,15.70476,15.76190,15.70476,15.76190,630
2017-08-21,15.60952,15.60952,15.58095,15.58095,1470
2017-08-22,15.59048,15.75238,15.58095,15.58095,3885
2017-08-23,15.60000,15.60000,15.60000,15.60000,105
2017-08-24,15.58095,15.58095,15.58095,15.58095,735
2017-08-25,15.76190,15.76190,15.47619,15.73333,2940
2017-08-28,15.70476,15.80952,15.65714,15.74286,4725
2017-08-29,15.52381,15.57143,15.52381,15.57143,1890
2017-08-30,15.53333,15.73333,15.53333,15.62857,840
2017-08-31,15.60000,15.85714,15.59048,15.72381,4200
2017-09-01,15.85714,15.85714,15.85714,15.85714,735
2017-09-05,15.72381,15.72381,15.56190,15.56190,2520
2017-09-06,15.52381,15.52381,15.35238,15.45714,7245
2017-09-07,15.50476,15.50476,15.28571,15.33333,4095
2017-09-08,15.44762,15.44762,15.29524,15.29524,2310
2017-09-11,15.23810,16.19048,14.86667,16.16191,8925
2017-09-12,15.57143,15.63809,15.48571,15.61905,1785
2017-09-13,15.73333,16.35238,15.71429,15.71429,8715
2017-09-14,15.28571,15.89524,15.28571,15.65714,2100
2017-09-15,15.30476,16.19048,15.28571,16.19048,8190
2017-09-18,16.00952,16.19048,16.00000,16.19048,6195
2017-09-19,15.58095,16.02857,15.58095,16.02857,1050
2017-09-20,15.86667,16.06667,15.86667,16.06667,1050
2017-09-21,16.15238,16.15238,16.14286,16.14286,1680
2017-09-22,16.17143,16.17143,16.17143,16.17143,105
2017-09-25,15.96190,16.18095,15.95238,16.07619,5040
2017-09-26,16.18095,16.18095,15.75238,15.99048,8820
2017-09-27,16.05714,16.05714,15.95238,16.00000,5985
2017-09-28,15.98095,16.19048,15.98095,16.08571,10185
2017-09-29,16.08571,16.72381,16.08571,16.34286,8820
2017-10-02,16.34286,16.38095,16.11429,16.13333,2205
2017-10-03,16.17143,16.18095,15.81905,15.85714,3465
2017-10-04,15.82857,15.83809,15.80952,15.80952,5355
2017-10-05,16.20952,16.26667,16.20952,16.21905,5670
2017-10-06,16.14286,16.19048,16.14286,16.19048,420
2017-10-09,16.07619,16.27619,16.07619,16.18095,8295
2017-10-10,16.07619,16.28571,16.07619,16.26667,2730
2017-10-11,16.27619,16.28571,16.23809,16.24762,1680
2017-10-12,16.20952,16.29524,15.88571,15.88571,1470
2017-10-13,15.96190,16.09524,15.91429,15.95238,3465
2017-10-16,16.08571,16.08571,16.03810,16.04762,630
2017-10-17,16.12381,16.18095,16.12381,16.18095,1260
2017-10-18,16.17143,16.19048,16.09524,16.09524,2835
2017-10-19,16.18095,16.18095,16.04762,16.04762,2205
2017-10-20,16.20000,16.76191,16.20000,16.52381,20685
2017-10-23,16.53333,16.65714,16.53333,16.59048,3255
2017-10-24,16.60000,16.75238,16.56190,16.57143,13125
2017-10-25,16.60952,16.66667,16.52381,16.52381,16590
2017-10-26,16.49524,16.85714,16.49524,16.84762,3570
2017-10-27,16.81905,16.88571,16.69524,16.75238,6825
2017-10-30,16.69524,16.89524,16.53333,16.66667,41475
2017-10-31,16.70476,16.79048,16.66667,16.76191,1050
2017-11-01,16.66667,16.66667,16.66667,16.66667,525
2017-11-02,16.57143,16.78095,16.57143,16.78095,840
2017-11-03,16.67619,16.67619,16.66667,16.66667,2310
2017-11-06,16.58095,16.80952,16.58095,16.80952,6510
2017-11-07,16.63810,16.84762,16.55238,16.55238,5775
2017-11-08,16.75238,16.75238,16.42857,16.61905,11130
2017-11-09,16.58095,16.74286,16.58095,16.66667,3045
2017-11-10,16.60952,16.74286,16.58095,16.58095,1785
2017-11-13,16.51429,16.57143,16.51429,16.55238,2205
2017-11-14,16.47619,16.55238,16.42857,16.47619,4410
2017-11-15,16.43810,16.43810,16.35238,16.38095,1575
2017-11-16,16.47619,16.56190,16.38095,16.46667,3360
2017-11-17,16.42857,16.47619,16.41905,16.42857,7035
2017-11-20,16.48571,16.48571,16.39048,16.39048,735
2017-11-21,16.40000,16.90476,16.40000,16.46667,2625
2017-11-22,16.47619,16.62857,16.47619,16.62857,525
2017-11-24,16.78095,16.85714,16.74286,16.80952,2205
2017-11-27,16.77143,16.83809,16.76191,16.83809,945
2017-11-28,16.68571,16.90476,16.19048,16.19048,16800
2017-11-29,16.34286,16.68571,16.34286,16.47619,13125
2017-11-30,16.79048,16.87619,16.57143,16.58095,11445
2017-12-01,16.58095,16.84762,16.44762,16.84762,6090
2017-12-04,16.77143,17.58095,16.67619,16.81905,15015
2017-12-05,16.85714,17.32381,16.28571,16.28571,8925
2017-12-06,16.80952,17.27619,16.60000,16.84762,4095
2017-12-07,16.70476,16.71429,16.20000,16.48571,7350
2017-12-08,16.40952,16.66667,16.40952,16.66667,4935
2017-12-11,16.83809,16.83809,16.61905,16.66667,4095
2017-12-12,16.58095,16.87619,16.45714,16.87619,6930
2017-12-13,16.67619,16.80952,16.66667,16.80000,14070
2017-12-14,16.73333,17.13333,16.66667,17.03810,30450
2017-12-15,16.66667,17.07619,16.66667,16.87619,23520
2017-12-18,17.13333,17.13333,16.89524,16.90476,6090
2017-12-19,16.90476,17.35238,16.89524,17.05714,30870
2017-12-20,17.23809,17.53333,17.00000,17.27619,3465
2017-12-21,17.13333,17.40000,17.13333,17.23809,4200
2017-12-22,17.30476,17.51429,17.23809,17.51429,5880
2017-12-26,17.25714,17.50476,17.23809,17.50476,4200
2017-12-27,17.49524,17.57143,17.41905,17.57143,3780
2017-12-28,17.44762,17.60952,17.41905,17.55238,6615
2017-12-29,17.49524,17.60952,17.49524,17.60952,3045
2018-01-02,17.57143,17.57143,17.40000,17.40000,8715
2018-01-03,17.49524,17.49524,16.82857,17.40952,6090
2018-01-04,16.83809,17.71429,16.83809,17.70476,6405
2018-01-05,17.36190,18.64762,17.17143,17.96190,54285
2018-01-08,17.90476,18.06667,17.65714,17.85714,5145
2018-01-10,17.85714,17.85714,17.50476,17.72381,9240
2018-01-11,17.76191,17.90476,17.63810,17.90476,1890
2018-01-12,17.83809,17.90476,17.49524,17.49524,4095
2018-01-16,17.38095,17.84762,17.16191,17.84762,10185
2018-01-18,17.80952,17.83809,17.52381,17.83809,4725
2018-01-19,17.80952,17.80952,17.42857,17.77143,5670
2018-01-22,17.77143,17.90476,17.77143,17.90476,420
2018-01-23,17.71429,17.90476,17.71429,17.90476,1785
2018-01-24,17.85714,17.90476,17.83809,17.89524,3675
2018-01-25,17.84762,17.90476,17.83809,17.89524,3570
2018-01-26,18.08571,18.09524,17.63810,18.09524,9450
2018-01-29,18.09524,18.09524,17.28571,17.40952,15015
2018-01-30,17.52381,17.67619,17.12381,17.12381,4830
2018-01-31,17.99048,17.99048,17.99048,17.99048,630
2018-02-01,17.98095,17.98095,17.19048,17.71429,2625
2018-02-02,18.00000,18.00000,17.50476,17.80000,4935
2018-02-05,17.80000,17.80000,16.33333,16.76191,10710
2018-02-06,16.86667,17.85714,16.67619,17.85714,10395
2018-02-07,17.67619,17.67619,17.45714,17.45714,525
2018-02-08,17.38095,17.41905,17.00000,17.11429,16170
2018-02-09,17.19048,17.57143,17.19048,17.47619,370020
2018-02-12,17.57143,17.66667,17.38095,17.66667,184590
2018-02-13,17.38095,17.64762,17.38095,17.51429,13335
2018-02-14,17.61905,17.63810,17.38095,17.42857,55125
2018-02-15,17.56190,17.56190,17.42857,17.48571,5145
2018-02-16,17.60000,17.60000,17.38095,17.40000,18480
2018-02-20,17.46667,18.09524,17.46667,17.85714,32025
2018-02-21,17.91429,18.09524,17.66667,18.08571,23625
2018-02-22,18.09524,18.57143,18.09524,18.40000,30765
2018-02-23,18.42857,18.52381,17.92381,17.92381,62580
2018-02-26,18.21905,18.57143,18.16191,18.50476,14700
2018-02-27,18.50476,18.50476,17.96190,18.17143,2625
2018-02-28,18.42857,18.42857,17.57143,17.65714,12075
2018-03-01,17.39048,17.66667,17.18095,17.24762,28245
2018-03-02,17.23809,17.61905,17.23809,17.57143,10710
2018-03-05,17.39048,17.72381,17.24762,17.62857,61425
2018-03-06,17.76191,18.01905,17.37143,17.38095,18060
2018-03-07,17.34286,17.98095,17.34286,17.59048,5250
2018-03-08,17.72381,18.04762,17.45714,17.51429,7560
2018-03-09,17.82857,17.82857,17.47619,17.51429,5250
2018-03-12,17.59048,17.68571,17.52381,17.57143,7455
2018-03-13,17.79048,17.79048,17.53333,17.66667,1785
2018-03-14,17.59048,17.79048,17.52381,17.52381,8295
2018-03-15,17.78095,17.78095,17.52381,17.52381,4620
2018-03-16,17.47619,18.36190,17.47619,18.05714,37380
2018-03-19,18.05714,18.05714,17.88571,17.93333,4620
2018-03-20,17.97143,18.03810,17.63810,17.63810,2415
2018-03-21,17.57143,17.95238,17.57143,17.95238,2100
2018-03-22,17.61905,18.05714,17.57143,18.05714,9660
2018-03-23,17.85714,17.85714,17.57143,17.58095,6195
2018-03-26,17.57143,17.99048,17.57143,17.65714,60690
2018-03-27,17.66667,17.99048,17.57143,17.57143,59115
2018-03-28,17.52381,17.52381,17.31429,17.33333,20580
2018-03-29,17.50476,17.71429,17.49524,17.62857,5040
2018-04-02,17.73333,17.84762,17.60952,17.80952,11760
2018-04-03,17.80952,17.95238,17.55238,17.64762,7770
2018-04-04,17.57143,17.80952,17.50476,17.80952,15225
2018-04-05,17.83809,18.00000,17.83809,17.90476,2940
2018-04-06,17.90476,18.00000,17.66667,17.70476,11235
2018-04-09,17.70476,17.78095,17.52381,17.58095,11550
2018-04-10,17.55238,17.64762,17.38095,17.56190,9765
2018-04-11,17.60000,17.77143,17.52381,17.52381,5880
2018-04-12,17.52381,17.77143,17.52381,17.77143,4200
2018-04-13,17.77143,17.81905,17.52381,17.52381,3360
2018-04-16,17.56190,17.64762,17.52381,17.61905,4830
2018-04-17,17.64762,17.64762,17.52381,17.53333,1680
2018-04-18,17.56190,17.63810,17.52381,17.53333,1785
2018-04-19,17.60952,17.65714,17.57143,17.65714,2835
2018-04-20,17.63810,17.91429,17.63810,17.85714,7770
2018-04-23,17.85714,17.99048,17.85714,17.99048,8820
2018-04-24,18.00000,18.00000,17.88571,17.88571,945
2018-04-25,18.00000,18.04762,17.96190,18.04762,3465
2018-04-26,18.07619,18.07619,18.00952,18.00952,5565
2018-04-27,18.00952,18.04762,18.00000,18.00952,5040
2018-04-30,18.00000,18.09524,18.00000,18.00000,27405
2018-05-01,18.08571,18.08571,18.00000,18.02857,4515
2018-05-02,18.18095,18.18095,18.00000,18.04762,3360
2018-05-03,18.00000,18.04762,18.00000,18.00000,7140
2018-05-04,18.00000,18.02857,18.00000,18.00000,2205
2018-05-07,18.18095,18.18095,18.00000,18.08571,6510
2018-05-08,18.14286,18.14286,18.00000,18.14286,1890
2018-05-09,18.16191,18.22857,18.00952,18.22857,2730
2018-05-10,18.22857,18.28571,18.15238,18.20952,2100
2018-05-11,18.20952,18.20952,17.68571,17.69524,4515
2018-05-14,17.89524,17.92381,17.71429,17.76191,3255
2018-05-15,18.00000,18.00000,17.71429,17.72381,6195
2018-05-16,17.80000,17.80000,17.66667,17.66667,5145
2018-05-17,17.66667,17.71429,17.66667,17.71429,33495
2018-05-18,17.71429,17.71429,17.62857,17.69524,9135
2018-05-21,17.71429,17.85714,17.66667,17.84762,16590
2018-05-22,17.85714,17.94286,17.80000,17.94286,8085
2018-05-23,17.94286,18.00000,17.86667,17.94286,3360
2018-05-24,17.92381,17.93333,17.85714,17.85714,3675
2018-05-25,17.85714,17.90476,17.60000,17.90476,14595
2018-05-29,17.95238,17.95238,17.58095,17.61905,11760
2018-05-30,17.61905,17.61905,17.58095,17.58095,11550
2018-05-31,17.56190,17.83809,17.56190,17.78095,32760
2018-06-01,17.80952,17.95238,17.80000,17.95238,11025
2018-06-04,17.95238,18.04762,17.93333,18.02857,13860
2018-06-05,18.02857,18.24762,18.02857,18.17143,13440
2018-06-06,18.20952,18.38095,18.20952,18.33333,11235
2018-06-07,18.38095,18.61905,18.38095,18.60952,6405
2018-06-08,18.51429,18.89524,18.51429,18.76191,21525
2018-06-11,18.90476,18.90476,18.83809,18.86667,4935
2018-06-12,18.89524,19.00000,18.89524,18.91429,5670
2018-06-13,18.99048,19.00000,18.95238,18.99048,1050
2018-06-14,19.00000,19.04762,18.90476,19.02857,16905
2018-06-15,19.03810,19.03810,18.90476,18.91429,7875
2018-06-18,19.01905,19.06667,18.90476,18.90476,23100
2018-06-19,18.90476,19.04762,18.76191,18.91429,6090
2018-06-20,18.90476,18.90476,18.90476,18.90476,735
2018-06-21,18.91429,19.01905,18.90476,18.90476,3570
2018-06-22,19.04762,19.04762,18.90476,18.99048,2415
2018-06-25,19.38095,19.38095,18.90476,19.04762,15225
2018-06-26,19.04762,19.05714,19.00000,19.05714,19215
2018-06-27,19.00000,19.00000,19.00000,19.00000,525
2018-06-28,18.95238,19.47619,18.95238,19.28571,25410
2018-06-29,19.14286,19.35238,19.14286,19.35238,4410
2018-07-02,19.38095,19.38095,19.19048,19.38095,2100
2018-07-03,19.38095,19.38095,19.38095,19.38095,315
2018-07-05,19.38095,19.38095,19.38095,19.38095,525
2018-07-06,19.41905,19.41905,19.21905,19.28571,3150
2018-07-09,19.21905,19.40952,19.21905,19.33333,10395
2018-07-10,19.28571,19.43810,19.24762,19.36190,9870
2018-07-11,19.36190,19.36190,19.33333,19.33333,945
2018-07-12,19.38095,19.38095,19.35238,19.38095,5670
2018-07-13,19.38095,19.38095,19.31429,19.35238,6405
2018-07-16,19.36190,19.37143,19.36190,19.37143,1365
2018-07-17,19.29524,19.29524,19.19048,19.19048,1995
2018-07-18,19.19048,19.32381,19.19048,19.19048,1155
2018-07-19,19.19048,19.29524,19.19048,19.25714,2835
2018-07-20,19.04762,19.29524,19.04762,19.29524,4410
2018-07-23,19.30476,19.30476,19.19048,19.19048,3150
2018-07-24,19.19048,19.30476,19.04762,19.26667,12705
2018-07-25,19.06667,19.27619,19.06667,19.09524,1785
2018-07-26,19.19048,19.28571,19.19048,19.28571,9870
2018-07-27,19.27619,19.31429,19.27619,19.29524,840
2018-07-30,19.00952,19.21905,19.00952,19.00952,2520
2018-07-31,18.85714,18.94286,18.85714,18.85714,5985
2018-08-01,18.90476,19.02857,18.62857,18.62857,2415
2018-08-02,18.86667,19.11429,18.86667,19.11429,735
2018-08-03,18.98095,18.98095,18.30476,18.30476,1470
2018-08-06,18.57143,18.74286,18.57143,18.71429,1470
2018-08-07,18.80952,18.87619,18.80952,18.87619,3885
2018-08-08,18.82857,18.96190,18.82857,18.96190,1260
2018-08-09,19.00952,19.05714,18.93333,19.04762,7875
2018-08-10,18.96190,19.13333,18.95238,19.02857,4305
2018-08-13,19.16191,19.16191,18.85714,19.04762,24255
2018-08-14,18.93333,19.22857,18.93333,19.22857,1050
2018-08-15,19.10476,19.17143,18.57143,18.57143,15855
2018-08-17,18.84762,19.22857,18.84762,19.00000,3780
2018-08-20,19.09524,19.09524,19.09524,19.09524,1890
2018-08-21,19.10476,19.16191,19.04762,19.07619,2310
2018-08-22,19.09524,19.22857,19.09524,19.18095,2835
2018-08-23,19.04762,19.17143,19.04762,19.15238,5775
2018-08-24,19.14286,19.22857,19.04762,19.21905,4305
2018-08-27,19.22857,19.23809,19.09524,19.09524,4725
2018-08-28,19.14286,19.20000,19.14286,19.20000,1050
2018-08-29,19.14286,19.22857,19.14286,19.19048,7560
2018-08-30,19.15238,19.15238,19.14286,19.14286,10710
2018-08-31,19.14286,19.38095,19.14286,19.38095,3255
2018-09-04,19.33333,19.33333,19.19048,19.33333,2100
2018-09-05,19.20000,19.22857,19.19048,19.21905,1995
2018-09-06,19.18095,19.37143,19.15238,19.37143,2730
2018-09-07,19.19048,19.33333,19.18095,19.27619,4305
2018-09-10,19.38095,19.53333,19.23809,19.53333,2415
2018-09-11,19.23809,19.28571,19.23809,19.24762,3150
2018-09-12,19.23809,19.23809,19.23809,19.23809,420
2018-09-13,19.31429,19.31429,19.23809,19.23809,15855
2018-09-14,19.28571,19.39048,19.27619,19.27619,1785
2018-09-17,19.34286,19.34286,19.14286,19.14286,5250
2018-09-18,19.25714,19.25714,19.14286,19.14286,630
2018-09-19,19.17143,19.39048,19.14286,19.14286,2205
2018-09-20,19.19048,19.26667,19.19048,19.22857,945
2018-09-21,19.20952,19.42857,19.20952,19.42857,2310
2018-09-24,19.35238,19.44762,19.34286,19.42857,1470
2018-09-26,19.30476,19.38095,19.23809,19.35238,2625
2018-09-27,19.25714,19.46667,19.25714,19.42857,1155
2018-09-28,19.50476,19.51429,19.38095,19.38095,3255
2018-10-01,19.52381,19.52381,19.29524,19.29524,3780
2018-10-02,19.36190,19.55238,19.36190,19.52381,49665
2018-10-03,19.37143,19.42857,19.26667,19.26667,1365
2018-10-04,19.24762,19.52381,19.23809,19.23809,4095
2018-10-05,19.39048,19.48571,19.31429,19.48571,4830
2018-10-08,19.20000,19.47619,19.20000,19.47619,2415
2018-10-09,19.39048,19.51429,19.24762,19.24762,2415
2018-10-10,19.23809,19.42857,19.21905,19.21905,1680
2018-10-11,19.31429,19.31429,19.23809,19.23809,1680
2018-10-12,19.20000,19.20000,18.90476,18.90476,24150
2018-10-15,19.00000,19.12381,18.90476,19.00000,3990
2018-10-16,18.92381,18.95238,18.90476,18.90476,6195
2018-10-17,18.90476,18.93333,18.90476,18.90476,1680
2018-10-18,18.90476,18.90476,18.90476,18.90476,6510
2018-10-19,18.52381,18.61905,18.47619,18.47619,21735
2018-10-22,18.52381,18.59048,18.05714,18.05714,16590
2018-10-23,18.16191,18.16191,17.61905,17.68571,7455
2018-10-24,17.41905,17.50476,17.15238,17.22857,11760
2018-10-25,17.14286,17.50476,17.14286,17.20000,12915
2018-10-26,17.14286,17.39048,17.14286,17.38095,6510
2018-10-29,17.42857,17.42857,17.20952,17.33333,1575
2018-10-30,16.80000,17.04762,16.80000,17.04762,4830
2018-10-31,17.14286,17.31429,17.14286,17.26667,8190
2018-11-01,17.19048,17.23809,17.11429,17.11429,9555
2018-11-02,17.14286,17.14286,17.00000,17.01905,3465
2018-11-05,17.03810,17.13333,17.00000,17.00000,3465
2018-11-06,17.02857,17.04762,17.02857,17.02857,2730
2018-11-07,17.04762,17.04762,17.04762,17.04762,525
2018-11-08,17.03810,17.14286,16.99048,17.14286,12915
2018-11-09,17.02857,17.13333,16.99048,17.13333,1785
2018-11-12,16.95238,17.14286,16.95238,17.07619,29400
2018-11-13,17.07619,17.07619,17.07619,17.07619,105
2018-11-14,17.00952,17.00952,17.00952,17.00952,840
2018-11-15,17.00952,17.00952,17.00952,17.00952,105
2018-11-16,17.08571,17.27619,17.08571,17.27619,1050
2018-11-19,17.22857,17.26667,17.02857,17.02857,2415
2018-11-20,17.00000,17.27619,17.00000,17.08571,13335
2018-11-21,17.27619,17.40000,17.10476,17.10476,4935
2018-11-23,17.20000,17.26667,17.07619,17.15238,3570
2018-11-26,17.36190,17.36190,17.16191,17.25714,1050
2018-11-27,17.16191,17.23809,17.16191,17.16191,4830
2018-11-28,17.15238,17.16191,17.14286,17.15238,16695
2018-11-29,17.15238,17.28571,17.15238,17.28571,2100
2018-11-30,17.22857,17.28571,17.04762,17.16191,5985
2018-12-03,17.16191,17.26667,17.14286,17.17143,26880
2018-12-04,17.25714,17.25714,17.10476,17.10476,5985
2018-12-06,17.28571,17.28571,17.05714,17.06667,1785
2018-12-07,17.01905,17.01905,16.67619,16.86667,10395
2018-12-10,16.72381,16.74286,16.67619,16.69524,10710
2018-12-11,16.69524,16.71429,16.66667,16.71429,5250
2018-12-12,16.72381,16.99048,16.71429,16.81905,3255
2018-12-13,16.72381,17.33333,16.70476,16.70476,3360
2018-12-14,16.69524,16.69524,16.69524,16.69524,735
2018-12-17,17.27619,17.27619,16.61905,17.14286,5145
2018-12-18,17.27619,17.27619,16.69524,16.69524,1050
2018-12-19,16.69524,16.69524,16.19048,16.25714,10500
2018-12-20,15.72381,16.04762,15.47619,15.47619,2205
2018-12-21,15.59048,15.59048,15.30476,15.47619,7770
2018-12-24,15.46667,15.57143,15.30476,15.52381,4725
2018-12-26,15.48571,15.78095,15.30476,15.35238,3990
2018-12-27,15.28571,15.56190,15.28571,15.30476,6405
2018-12-28,15.40952,15.77143,15.40000,15.71429,6510
2018-12-31,15.87619,17.14286,15.66667,15.66667,6405
2019-01-02,15.55238,15.95238,15.54286,15.95238,6300
2019-01-03,15.95238,15.95238,15.95238,15.95238,105
2019-01-04,15.92381,16.41905,15.92381,16.41905,5985
2019-01-07,16.27619,16.27619,16.20952,16.20952,525
2019-01-08,16.21905,16.61905,16.21905,16.61905,5880
2019-01-09,16.54286,16.74286,16.44762,16.74286,5880
2019-01-10,16.58095,16.68571,16.56190,16.66667,3150
2019-01-11,16.66667,16.66667,16.66667,16.66667,210
2019-01-14,16.66667,16.89524,16.66667,16.66667,630
2019-01-15,16.66667,16.90476,16.66667,16.90476,7980
2019-01-16,16.78095,17.13333,16.78095,17.10476,735
2019-01-17,16.92381,18.16191,16.92381,17.24762,27090
2019-01-18,17.38095,17.46667,17.25714,17.46667,1050
2019-01-22,17.38095,17.60952,17.38095,17.38095,2205
2019-01-23,17.38095,17.85714,17.25714,17.85714,9765
2019-01-24,17.45714,18.00952,17.30476,17.61905,13650
2019-01-25,17.44762,17.67619,17.23809,17.25714,10815
2019-01-28,17.12381,17.56190,17.12381,17.56190,210
2019-01-29,17.69524,17.87619,17.52381,17.62857,4620
2019-01-30,17.39048,17.52381,17.39048,17.48571,6825
2019-01-31,17.44762,17.75238,17.44762,17.61905,3990
2019-02-01,17.69524,18.24762,17.52381,17.52381,4515
2019-02-04,17.62857,17.99048,17.61905,17.80000,7560
2019-02-05,17.68571,17.76191,17.52381,17.52381,15120
2019-02-06,17.49524,17.49524,17.44762,17.44762,1680
2019-02-07,17.61905,17.68571,17.40000,17.40000,3570
2019-02-08,17.51429,17.92381,17.51429,17.90476,1155
2019-02-11,18.13333,18.13333,17.49524,17.49524,24780
2019-02-12,17.60952,17.83809,17.49524,17.52381,7875
2019-02-13,17.63810,18.00952,17.63810,18.00952,735
2019-02-14,17.65714,17.66667,17.54286,17.57143,11970
2019-02-15,17.61905,17.61905,17.61905,17.61905,420
2019-02-19,17.70476,17.91429,17.61905,17.61905,4305
2019-02-20,17.92381,17.92381,17.61905,17.61905,2730
2019-02-21,17.73333,17.73333,17.55238,17.61905,12810
2019-02-22,17.60952,17.74286,17.60952,17.74286,2310
2019-02-25,17.73333,18.05714,17.73333,18.05714,11970
2019-02-26,17.74286,18.09524,17.74286,17.76191,5145
2019-02-27,17.76191,17.76191,17.71429,17.71429,315
2019-02-28,17.82857,17.82857,17.76191,17.80952,2835
2019-03-01,17.83809,17.83809,17.65714,17.65714,7035
2019-03-04,17.71429,17.71429,17.57143,17.61905,7245
2019-03-05,17.60952,17.60952,17.60952,17.60952,1050
2019-03-06,17.60952,17.60952,17.52381,17.52381,7350
2019-03-07,17.47619,17.51429,17.47619,17.51429,840
2019-03-08,17.47619,17.60952,17.47619,17.60952,2835
2019-03-11,17.47619,17.65714,17.47619,17.65714,3780
2019-03-12,17.65714,17.67619,17.65714,17.65714,2940
2019-03-13,17.71429,17.72381,17.70476,17.71429,2310
2019-03-14,17.71429,17.71429,17.54286,17.71429,2100
2019-03-15,17.68571,17.71429,17.61905,17.71429,15120
2019-03-18,17.63810,17.70476,17.63810,17.70476,5460
2019-03-19,17.67619,17.70476,17.63810,17.70476,5565
2019-03-20,17.63810,17.68571,17.63810,17.67619,6825
2019-03-21,17.57143,17.60000,17.57143,17.59048,1890
2019-03-22,17.53333,17.53333,17.05714,17.05714,315
2019-03-25,17.09524,17.14286,16.19048,16.57143,9135
2019-03-26,16.97143,17.06667,16.68571,17.06667,525
2019-03-27,16.95238,17.42857,16.88571,17.13333,4095
2019-03-28,17.23809,17.51429,17.16191,17.16191,5670
2019-03-29,17.40952,17.42857,17.16191,17.16191,1155
2019-04-01,17.42857,17.42857,17.16191,17.16191,1470
2019-04-02,17.16191,17.42857,16.76191,17.42857,23415
2019-04-03,17.42857,17.42857,17.24762,17.42857,4305
2019-04-04,17.46667,17.47619,17.46667,17.47619,315
2019-04-08,17.39048,17.42857,17.30476,17.31429,10080
2019-04-09,17.31429,17.31429,17.31429,17.31429,105
2019-04-10,17.33333,17.42857,17.22857,17.22857,2835
2019-04-11,17.21905,17.21905,17.14286,17.14286,154980
2019-04-12,17.11429,17.35238,17.11429,17.27619,2940
2019-04-15,17.30476,17.42857,17.17143,17.42857,7035
2019-04-16,17.42857,17.47619,17.23809,17.47619,10815
2019-04-17,17.47619,17.52381,17.39048,17.39048,2625
2019-04-18,17.47619,17.47619,17.36190,17.36190,2625
2019-04-22,17.25714,17.37143,16.90476,17.17143,7665
2019-04-23,17.08571,17.08571,16.90476,17.06667,7035
2019-04-24,16.93333,17.04762,16.93333,17.04762,4620
2019-04-25,17.00000,17.13333,16.99048,17.03810,9660
2019-04-26,17.05714,17.40000,17.05714,17.23809,13230
2019-04-29,17.12381,17.71429,17.10476,17.45714,26880
2019-04-30,17.20952,17.61905,17.14286,17.42857,19110
2019-05-01,17.35238,17.61905,17.27619,17.33333,50190
2019-05-02,17.26667,17.60000,17.26667,17.57143,30135
2019-05-03,17.26667,17.57143,17.26667,17.57143,55860
2019-05-06,17.34286,17.53333,17.34286,17.35238,2940
2019-05-07,17.37143,17.41905,17.31429,17.41905,1785
2019-05-08,17.31429,17.31429,17.30476,17.30476,10185
2019-05-09,17.38095,17.41905,17.24762,17.41905,37275
2019-05-10,17.29524,17.48571,16.96190,16.96190,9450
2019-05-13,16.82857,17.01905,16.82857,16.99048,7665
2019-05-14,16.92381,16.92381,16.92381,16.92381,315
2019-05-15,16.97143,17.40000,16.87619,17.11429,25620
2019-05-16,16.99048,17.20952,16.99048,17.04762,2205
2019-05-17,17.13333,17.37143,17.07619,17.07619,7665
2019-05-20,16.96190,16.96190,16.91429,16.95238,10815
2019-05-21,16.95238,16.95238,16.95238,16.95238,105
2019-05-22,16.86667,16.99048,16.81905,16.94286,1575
2019-05-23,16.81905,16.81905,16.77143,16.77143,1785
2019-05-24,16.88571,17.02857,16.55238,16.89524,25515
2019-05-28,16.80952,16.80952,16.77143,16.77143,4725
2019-05-29,16.68571,16.77143,16.68571,16.70476,3990
2019-05-30,16.70476,16.70476,16.70476,16.70476,105
2019-05-31,16.68571,16.84762,16.68571,16.84762,1050
2019-06-03,16.66667,16.67619,15.80000,16.66667,7875
2019-06-04,16.42857,16.42857,16.41905,16.41905,945
2019-06-05,16.38095,16.38095,16.34286,16.34286,735
2019-06-06,16.25714,16.34286,16.25714,16.34286,1155
2019-06-07,16.25714,16.25714,16.20952,16.20952,525
2019-06-10,16.21905,16.21905,15.76190,15.76190,5145
2019-06-11,15.90476,15.90476,15.84762,15.84762,945
2019-06-12,16.23809,16.23809,15.87619,15.87619,1365
2019-06-13,15.87619,15.87619,15.87619,15.87619,105
2019-06-14,16.00000,16.00000,15.96190,15.96190,525
2019-06-17,15.99048,16.17143,15.99048,16.17143,945
2019-06-18,15.99048,15.99048,15.99048,15.99048,315
2019-06-19,15.95238,16.28571,15.95238,16.19048,23310
2019-06-20,15.95238,15.95238,15.95238,15.95238,210
2019-06-21,16.01905,16.28571,16.00000,16.16191,13020
2019-06-24,15.82857,16.57143,15.57143,15.57143,65625
2019-06-25,15.65714,15.71429,15.42857,15.71429,13965
2019-06-26,15.74286,15.85714,15.66667,15.84762,8400
2019-06-27,15.71429,15.85714,15.49524,15.76190,168105
2019-06-28,15.80952,15.85714,15.65714,15.67619,13230
2019-07-01,16.06667,16.09524,15.95238,16.09524,14490
2019-07-02,15.90476,15.92381,15.80952,15.80952,2100
2019-07-03,15.85714,15.89524,15.85714,15.89524,1995
2019-07-05,15.85714,15.94286,15.80952,15.86667,7770
2019-07-08,15.70476,15.71429,15.69524,15.69524,1680
2019-07-09,15.64762,15.71429,15.64762,15.71429,1260
2019-07-10,15.63809,15.87619,15.63809,15.76190,62580
2019-07-11,15.85714,15.85714,15.72381,15.76190,6720
2019-07-12,15.85714,15.86667,15.71429,15.71429,6405
2019-07-15,15.85714,15.88571,15.71429,15.80952,5880
2019-07-16,15.80000,15.80000,15.68571,15.68571,1995
2019-07-17,15.82857,15.82857,15.72381,15.77143,2625
2019-07-18,15.63809,15.71429,15.63809,15.71429,6405
2019-07-19,15.63809,15.63809,15.63809,15.63809,210
2019-07-22,15.63809,15.71429,15.63809,15.64762,3150
2019-07-23,15.73333,15.74286,15.73333,15.73333,4200
2019-07-24,15.63809,15.83809,15.43810,15.71429,18585
2019-07-25,15.52381,15.85714,15.52381,15.85714,5880
2019-07-26,15.50476,15.50476,15.50476,15.50476,315
2019-07-29,15.48571,15.93333,15.48571,15.66667,10920
2019-07-30,15.95238,15.95238,15.80952,15.90476,94185
2019-07-31,15.95238,15.95238,15.77143,15.77143,9870
2019-08-01,15.67619,15.94286,15.67619,15.80952,7350
2019-08-02,15.80952,15.89524,15.71429,15.80952,57435
2019-08-05,15.53333,15.58095,15.48571,15.48571,2625
2019-08-06,15.71429,15.88571,15.60000,15.60000,2310
2019-08-07,15.94286,15.94286,15.40000,15.40000,1680
2019-08-08,15.93333,15.93333,15.30476,15.31429,2205
2019-08-09,15.40000,15.40000,15.29524,15.29524,2415
2019-08-12,15.08571,15.37143,15.08571,15.28571,3780
2019-08-13,15.43810,15.43810,15.43810,15.43810,105
2019-08-14,15.28571,15.30476,15.28571,15.30476,4095
2019-08-15,15.23810,15.40000,15.00952,15.31429,5985
2019-08-16,15.26667,15.26667,15.23810,15.26667,4515
2019-08-19,15.42857,15.42857,15.27619,15.31429,3150
2019-08-20,15.23810,15.32381,15.23810,15.32381,1365
2019-08-21,15.46667,15.46667,15.44762,15.44762,10920
2019-08-23,15.25714,15.44762,15.25714,15.42857,18480
2019-08-26,15.38095,15.38095,15.38095,15.38095,10815
2019-08-27,15.25714,15.32381,15.25714,15.32381,2835
2019-08-28,15.25714,15.45714,15.25714,15.41905,23100
2019-08-29,15.26667,15.26667,15.26667,15.26667,210
2019-08-30,15.25714,15.40952,15.23810,15.40952,2100
2019-09-03,15.27619,15.37143,15.25714,15.37143,14595
2019-09-04,15.29524,15.29524,15.29524,15.29524,1470
2019-09-05,15.27619,15.28571,15.27619,15.28571,92715
2019-09-06,15.26667,15.26667,15.26667,15.26667,1995
2019-09-09,15.27619,15.27619,15.27619,15.27619,1155
2019-09-10,15.24762,15.29524,15.24762,15.26667,3675
2019-09-11,15.23810,15.39048,15.23810,15.39048,3990
2019-09-12,15.44762,15.53333,15.44762,15.52381,5565
2019-09-13,15.38095,15.63809,15.33333,15.54286,3780
2019-09-16,15.48571,15.61905,15.48571,15.57143,6615
2019-09-17,15.35238,15.63809,15.35238,15.52381,8190
2019-09-18,15.59048,15.69524,15.47619,15.66667,9030
2019-09-19,15.55238,15.71429,15.55238,15.70476,5880
2019-09-20,15.57143,15.95238,15.52381,15.95238,15330
2019-09-23,15.75238,15.75238,15.47619,15.49524,18900
2019-09-24,15.52381,15.54286,15.47619,15.54286,6300
2019-09-25,15.88571,15.88571,15.52381,15.53333,4095
2019-09-26,15.53333,15.53333,15.38095,15.38095,3150
2019-09-27,15.51429,15.62857,15.51429,15.61905,840
2019-09-30,15.72381,15.92381,15.71429,15.92381,6825
2019-10-01,15.95238,15.95238,15.63809,15.80000,8505
2019-10-02,15.42857,15.75238,15.42857,15.55238,8610
2019-10-03,15.55238,15.55238,15.55238,15.55238,105
2019-10-04,15.49524,15.65714,15.49524,15.60000,7350
2019-10-07,15.72381,15.72381,15.61905,15.61905,525
2019-10-08,15.60000,15.66667,15.60000,15.66667,12495
2019-10-09,15.56190,15.61905,15.56190,15.60000,5775
2019-10-10,15.47619,15.66667,15.47619,15.61905,1470
2019-10-11,15.65714,15.66667,15.61905,15.61905,3570
2019-10-15,15.59048,15.64762,15.48571,15.57143,10815
2019-10-16,15.48571,15.71429,15.47619,15.62857,56070
2019-10-17,15.49524,15.80952,15.49524,15.65714,6825
2019-10-18,15.48571,15.86667,15.48571,15.64762,4725
2019-10-21,15.53333,15.53333,15.53333,15.53333,630
2019-10-22,15.87619,15.90476,15.83809,15.83809,3885
2019-10-23,15.80000,15.80000,15.80000,15.80000,210
2019-10-24,15.63809,15.90476,15.63809,15.90476,3360
2019-10-25,15.92381,15.92381,15.79048,15.81905,3990
2019-10-28,15.54286,15.85714,15.54286,15.85714,4725
2019-10-29,15.91429,16.54286,15.85714,16.19048,9240
2019-10-30,16.40000,16.73333,16.23809,16.42857,10500
2019-10-31,16.42857,16.42857,16.11429,16.11429,1890
2019-11-01,16.28571,16.30476,16.28571,16.30476,735
2019-11-04,16.14286,16.20952,16.14286,16.20952,2100
2019-11-05,16.33333,16.69524,16.33333,16.69524,315
2019-11-06,16.34286,16.94286,16.28571,16.51429,4620
2019-11-07,16.52381,16.66667,16.29524,16.47619,2835
2019-11-08,16.57143,16.57143,16.57143,16.57143,210
2019-11-11,16.94286,16.94286,16.51429,16.74286,2835
2019-11-12,16.66667,16.71429,16.66667,16.71429,2205
2019-11-13,16.96190,16.96190,16.61905,16.76191,2835
2019-11-14,16.31429,16.80952,16.31429,16.76191,3255
2019-11-15,16.99048,17.21905,16.99048,17.14286,9135
2019-11-18,17.23809,17.23809,16.78095,16.95238,5040
2019-11-19,17.12381,17.45714,16.90476,17.45714,10185
2019-11-20,17.57143,17.71429,17.17143,17.28571,11865
2019-11-21,17.36190,17.38095,17.36190,17.38095,2310
2019-11-22,17.37143,17.44762,17.37143,17.44762,525
2019-11-25,17.45714,17.54286,17.45714,17.46667,1785
2019-11-26,17.47619,17.47619,17.46667,17.46667,840
2019-11-27,17.37143,17.47619,17.37143,17.47619,420
2019-12-02,17.47619,17.47619,17.47619,17.47619,1155
2019-12-03,17.48571,17.48571,17.37143,17.42857,3360
2019-12-04,17.39048,17.71429,17.34286,17.34286,1470
2019-12-05,17.58095,17.58095,17.52381,17.52381,1785
2019-12-06,17.71429,17.71429,17.42857,17.42857,3045
2019-12-09,17.60000,17.60000,17.40000,17.40952,2940
2019-12-10,17.48571,17.66667,17.48571,17.66667,3150
2019-12-11,17.66667,17.66667,17.65714,17.65714,735
2019-12-12,17.61905,17.71429,17.61905,17.71429,6195
2019-12-13,17.62857,17.80952,17.61905,17.71429,6300
2019-12-16,17.71429,18.28571,17.71429,18.28571,14700
2019-12-17,18.23809,18.62857,18.23809,18.62857,1155
2019-12-18,18.35238,18.64762,18.35238,18.64762,420
2019-12-19,18.33333,18.33333,18.20952,18.30476,1155
2019-12-20,18.22857,18.40952,18.22857,18.28571,9030
2019-12-23,18.28571,18.47619,18.28571,18.47619,4515
2019-12-24,18.52381,18.57143,18.36190,18.36190,1575
2019-12-26,18.39048,18.50476,18.39048,18.45714,2835
2019-12-27,18.47619,18.66667,18.47619,18.66667,10290
2019-12-30,18.59048,18.64762,18.59048,18.59048,7140
2019-12-31,18.66667,19.04762,18.66667,18.75238,2940
2020-01-02,18.70476,18.73333,17.76191,18.11429,24780
2020-01-03,18.16191,18.26667,18.16191,18.16191,4095
2020-01-06,18.20000,18.20000,18.11429,18.15238,7140
2020-01-07,18.03810,18.06667,18.01905,18.06667,9345
2020-01-09,18.06667,18.20952,18.01905,18.14286,11130
2020-01-10,18.13333,18.13333,18.13333,18.13333,945
2020-01-14,18.15238,18.17143,18.15238,18.15238,1050
2020-01-15,18.19048,18.19048,18.15238,18.15238,4620
2020-01-16,18.10476,18.10476,17.21905,17.90476,5985
2020-01-17,18.19048,19.28571,18.19048,18.24762,7875
2020-01-21,18.08571,18.38095,18.08571,18.12381,5250
2020-01-22,18.30476,18.41905,18.21905,18.40952,1680
2020-01-23,18.36190,18.38095,18.06667,18.06667,2625
2020-01-24,18.10476,18.42857,18.10476,18.10476,3570
2020-01-27,18.01905,18.22857,18.00952,18.00952,1680
2020-01-28,18.04762,18.18095,18.02857,18.12381,3255
2020-01-29,18.40000,18.72381,17.98095,18.40952,11340
2020-01-30,18.00952,18.42857,18.00952,18.16191,10290
2020-01-31,17.93333,18.36190,17.93333,18.22857,1575
2020-02-03,18.20952,18.23809,17.92381,18.10476,10710
2020-02-04,18.00000,18.70476,18.00000,18.70476,8400
2020-02-05,18.34286,18.76191,18.34286,18.76191,8820
2020-02-06,18.59048,19.13333,18.59048,19.00000,16590
2020-02-07,18.61905,19.51429,18.61905,19.05714,63840
2020-02-10,19.17143,19.41905,18.60000,18.92381,5880
2020-02-11,18.92381,19.14286,18.68571,19.14286,3675
2020-02-12,18.73333,19.51429,18.42857,19.09524,10920
2020-02-13,18.76191,19.21905,18.76191,19.10476,8505
2020-02-14,19.09524,19.09524,18.80952,18.95238,2835
2020-02-18,18.60000,19.01905,18.52381,18.76191,19740
2020-02-19,18.60000,18.95238,18.60000,18.76191,7140
2020-02-20,18.77143,18.77143,18.77143,18.77143,630
2020-02-21,18.77143,18.95238,18.61905,18.85714,15960
2020-02-24,18.85714,19.02857,18.48571,18.59048,18690
2020-02-25,18.52381,18.66667,18.26667,18.60000,9030
2020-02-26,18.46667,18.70476,17.71429,17.98095,15750
2020-02-27,18.09524,19.02857,17.45714,17.61905,34650
2020-02-28,17.76191,17.94286,17.52381,17.84762,8610
2020-03-02,16.80952,18.09524,16.80952,17.81905,15540
2020-03-03,18.04762,18.71429,18.04762,18.62857,4095
2020-03-04,18.53333,18.53333,17.47619,17.52381,11340
2020-03-05,17.53333,17.79048,17.48571,17.52381,6090
2020-03-06,17.14286,17.14286,16.99048,16.99048,1785
2020-03-09,15.14286,15.90476,15.11429,15.34286,7770
2020-03-10,15.44762,16.00000,15.44762,15.89524,8820
2020-03-11,16.40952,16.40952,15.32381,16.05714,11340
2020-03-12,15.47619,17.02857,14.60000,14.60000,11130
2020-03-13,15.00000,15.00000,14.60000,14.60000,9660
2020-03-16,13.34286,14.49524,13.33333,13.33333,8505
2020-03-17,13.53333,14.22857,13.40000,13.80952,28980
2020-03-18,13.58095,13.88571,10.00952,10.04762,12915
2020-03-19,10.10476,10.85714,8.86667,10.12381,35595
2020-03-20,9.59048,11.98095,8.62857,10.04762,13020
2020-03-23,9.80000,10.51429,9.63809,9.63809,4620
2020-03-24,9.54286,10.36191,8.59048,10.36191,9135
2020-03-25,10.00952,11.08571,10.00000,10.10476,6090
2020-03-26,11.31429,12.44762,10.34286,10.72381,4830
2020-03-27,11.33333,11.33333,10.47619,10.98095,2625
2020-03-30,10.99048,11.27619,10.76190,10.76190,2625
2020-03-31,11.33333,11.33333,10.50476,10.59048,5880
2020-04-01,10.47619,10.69524,10.30476,10.68571,8085
2020-04-02,10.60000,11.80000,10.60000,11.20000,8505
2020-04-03,11.79048,11.79048,10.30476,11.59048,4410
2020-04-06,10.68571,11.42857,9.77143,11.09524,7140
2020-04-07,11.44762,11.80952,11.16191,11.66667,5565
2020-04-08,11.34286,12.37143,11.34286,12.33333,3360
2020-04-09,15.49524,15.49524,12.87619,13.57143,17745
2020-04-13,13.48571,13.60000,12.85714,13.52381,16170
2020-04-14,13.56190,14.33333,13.49524,14.27619,7665
2020-04-15,12.33333,14.23810,12.33333,14.14286,3465
2020-04-16,13.76190,14.20952,13.76190,13.91429,8400
2020-04-17,13.62857,13.95238,11.61905,13.08571,11970
2020-04-20,12.21905,13.28571,12.21905,12.79048,6720
2020-04-21,12.70476,13.18095,12.23810,12.29524,5460
2020-04-22,12.30476,13.07619,12.30476,12.49524,5670
2020-04-23,12.31429,13.19048,10.66667,13.18095,43365
2020-04-24,13.20952,13.29524,12.90476,13.07619,5460
2020-04-27,12.48571,13.57143,12.28571,13.09524,26040
2020-04-28,12.61905,13.61905,12.61905,13.23810,18900
2020-04-29,13.33333,14.45714,13.09524,14.09524,16695
2020-04-30,13.90476,13.90476,13.62857,13.80952,15225
2020-05-01,13.33333,15.21905,12.86667,15.21905,7350
2020-05-04,15.04762,15.63809,14.57143,15.18095,21840
2020-05-05,14.42857,14.95238,14.28571,14.66667,18480
2020-05-06,14.78095,14.86667,14.42857,14.57143,12495
2020-05-07,13.64762,14.42857,13.64762,14.30476,11550
2020-05-08,13.80952,15.20952,13.80952,14.61905,17745
2020-05-11,13.98095,14.32381,13.66667,13.66667,26985
2020-05-12,14.00000,14.26667,13.17143,13.86667,15330
2020-05-13,13.64762,13.78095,13.47619,13.78095,9975
2020-05-14,13.48571,13.85714,13.48571,13.62857,7665
2020-05-15,13.79048,13.85714,13.79048,13.80952,5985
2020-05-18,13.85714,15.23810,13.71429,15.23810,18585
2020-05-19,14.64762,15.09524,14.54286,14.76190,16275
2020-05-20,14.76190,14.80000,14.57143,14.66667,20685
2020-05-21,14.05714,14.97143,14.05714,14.40000,14175
2020-05-22,14.68571,14.76190,14.51429,14.57143,30240
2020-05-26,14.58095,14.95238,13.67619,14.84762,19320
2020-05-27,14.76190,14.76190,13.81905,14.60000,19110
2020-05-28,14.76190,14.86667,14.40000,14.40000,24045
2020-05-29,14.31429,14.99048,14.29524,14.72381,9660
2020-06-01,14.74286,15.20000,14.74286,14.90476,12285
2020-06-02,14.83809,14.95238,14.49524,14.61905,36015
2020-06-03,14.57143,14.84762,14.42857,14.72381,44415
2020-06-04,14.49524,15.25714,14.30476,14.81905,32235
2020-06-05,15.00000,16.20000,14.50476,16.03810,30450
2020-06-08,17.62857,17.62857,15.04762,16.66667,30870
2020-06-09,16.66667,16.81905,16.00952,16.32381,18480
2020-06-10,16.20952,16.64762,15.93333,16.45714,25620
2020-06-11,15.26667,16.82857,15.26667,16.22857,11550
2020-06-12,15.92381,16.66667,15.92381,16.00000,19005
2020-06-15,15.73333,16.00000,13.80000,15.68571,28245
2020-06-16,15.87619,16.58095,15.86667,16.38095,20160
2020-06-17,16.19048,16.27619,15.83809,16.00952,12075
2020-06-18,16.04762,16.35238,16.04762,16.06667,20160
2020-06-19,16.12381,16.26667,15.92381,16.14286,16275
2020-06-22,15.96190,16.37143,15.95238,15.95238,27825
2020-06-23,16.04762,16.27619,15.99048,15.99048,34230
2020-06-24,16.13333,16.21905,15.34286,15.93333,43680
2020-06-25,15.99048,16.38095,15.53333,16.14286,65625
2020-06-26,16.02857,16.50476,14.65714,15.47619,833805
2020-06-29,15.88571,15.93333,15.10476,15.93333,34545
2020-06-30,15.80952,15.93333,15.38095,15.82857,27825
2020-07-01,15.71429,16.83809,15.69524,16.32381,14700
2020-07-02,16.38095,18.01905,15.87619,16.18095,7035
2020-07-06,16.49524,16.73333,15.68571,15.80952,18585
2020-07-07,15.78095,15.78095,14.10476,14.18095,11340
2020-07-08,14.11429,14.79048,12.85714,13.99048,14280
2020-07-09,13.76190,14.93333,12.48571,12.76190,18165
2020-07-10,12.63809,13.49524,12.63809,13.23810,17535
2020-07-13,13.30476,13.30476,12.99048,13.00000,4620
2020-07-14,13.19048,13.56190,13.00952,13.48571,5460
2020-07-15,13.67619,14.53333,13.67619,14.14286,17430
2020-07-16,14.28571,14.51429,14.20000,14.51429,28245
2020-07-17,14.33333,14.33333,13.12381,13.83809,6300
2020-07-20,13.55238,14.60000,13.09524,13.52381,3990
2020-07-21,13.52381,14.09524,13.20952,13.33333,7035
2020-07-22,13.38095,13.80952,13.38095,13.80952,4410
2020-07-23,13.93333,14.04762,13.69524,13.85714,11445
2020-07-24,13.85714,13.85714,13.42857,13.42857,10185
2020-07-27,13.25714,13.46667,13.23810,13.38095,4725
2020-07-28,13.50476,13.72381,13.16191,13.35238,6405
2020-07-29,13.16191,13.57143,13.16191,13.20000,4620
2020-07-30,12.99048,13.16191,12.00952,12.38095,11340
2020-07-31,12.26667,12.56190,11.55238,11.82857,22155
2020-08-03,11.80000,12.65714,11.80000,12.47619,28560
2020-08-04,12.36191,12.80000,12.20952,12.44762,23730
2020-08-05,12.51429,12.56190,12.49524,12.52381,19005
2020-08-06,12.42857,12.42857,12.25714,12.38095,5565
2020-08-07,12.25714,12.47619,12.25714,12.38095,21525
2020-08-10,12.54286,13.46667,12.42857,13.45714,15855
2020-08-11,13.71429,13.71429,12.20952,12.20952,33705
2020-08-12,12.51429,13.42857,12.51429,12.67619,13125
2020-08-13,12.71429,13.03810,12.40952,12.41905,7665
2020-08-14,12.41905,13.05714,12.38095,12.71429,10185
2020-08-17,12.81905,13.15238,12.60952,12.77143,7980
2020-08-18,12.66667,12.80952,12.57143,12.57143,6825
2020-08-19,12.76190,13.07619,12.40000,12.40000,11340
2020-08-20,12.21905,12.53333,12.21905,12.40952,7560
2020-08-21,12.45714,12.87619,12.45714,12.72381,16170
2020-08-24,12.59048,13.60000,12.59048,13.50476,5460
2020-08-25,13.26667,14.00952,13.26667,13.36191,5775
2020-08-26,13.66667,13.77143,13.52381,13.52381,7770
2020-08-27,13.75238,13.75238,13.17143,13.17143,2100
2020-08-28,13.65714,13.81905,13.52381,13.79048,6615
2020-08-31,13.90476,13.90476,13.18095,13.18095,13230
2020-09-01,13.40952,13.74286,13.36191,13.74286,7665
2020-09-02,13.59048,13.94286,13.59048,13.94286,2100
2020-09-03,14.08571,14.08571,13.33333,13.71429,11445
2020-09-04,13.65714,13.92381,13.40952,13.69524,7455
2020-09-08,13.54286,14.20000,13.34286,13.81905,15645
2020-09-09,13.71429,13.95238,13.57143,13.57143,12810
2020-09-10,13.80000,13.88571,13.53333,13.77143,8820
2020-09-11,13.80000,13.88571,12.88571,12.88571,17640
2020-09-14,13.13333,13.66667,13.13333,13.60952,6930
2020-09-15,13.61905,13.80000,13.60952,13.62857,7245
2020-09-16,13.76190,13.92381,13.76190,13.76190,12180
2020-09-17,13.37143,13.55238,13.05714,13.48571,10395
2020-09-18,13.70476,13.70476,12.88571,13.48571,37800
2020-09-21,13.25714,13.29524,12.52381,12.76190,15015
2020-09-22,12.63809,12.63809,12.02857,12.06667,10710
2020-09-23,12.14286,12.38095,11.97143,12.19048,9765
2020-09-24,12.31429,12.51429,12.19048,12.19048,7980
2020-09-25,12.14286,12.58095,11.44762,11.73333,17010
2020-09-28,11.84762,12.22857,11.62857,12.08571,10815
2020-09-29,11.97143,12.92381,11.97143,12.75238,11865
2020-09-30,12.80952,13.00952,12.57143,12.84762,7245
2020-10-01,12.97143,13.85714,12.92381,13.73333,20475
2020-10-02,13.40952,14.08571,13.40952,13.94286,10920
2020-10-05,13.70476,14.23810,13.70476,14.23810,5880
2020-10-06,14.09524,14.20952,13.91429,13.91429,9450
2020-10-07,13.92381,14.51429,13.67619,14.51429,16275
2020-10-08,14.62857,14.72381,14.28571,14.72381,15750
2020-10-09,14.89524,14.99048,14.76190,14.99048,2730
2020-10-12,14.99048,15.14286,14.83809,15.14286,4935
2020-10-13,14.99048,15.21905,14.28571,15.21905,4200
2020-10-14,14.81905,15.23810,14.81905,14.99048,11865
2020-10-15,14.84762,15.22857,14.81905,15.22857,7665
2020-10-16,15.02857,15.23810,14.38095,15.20000,13440
2020-10-19,15.15238,15.15238,14.70476,14.70476,7560
2020-10-20,14.80952,15.04762,14.80952,14.85714,14910
2020-10-21,14.85714,15.14286,14.71429,15.14286,23205
2020-10-22,15.13333,15.18095,15.09524,15.09524,16905
2020-10-23,14.71429,15.21905,14.71429,15.21905,17640
2020-10-26,15.01905,15.11429,15.00952,15.07619,9135
2020-10-27,14.82857,15.02857,14.75238,14.93333,13860
2020-10-28,14.95238,15.23810,14.04762,14.60000,8295
2020-10-29,14.47619,14.51429,13.77143,14.51429,7560
2020-10-30,14.18095,14.80952,14.18095,14.60952,8295
2020-11-02,14.42857,15.22857,14.42857,14.95238,6930
2020-11-03,15.22857,15.22857,14.83809,15.22857,9660
2020-11-04,14.95238,14.96190,14.60000,14.80000,10815
2020-11-05,14.63809,14.94286,14.63809,14.87619,4725
2020-11-06,14.95238,15.01905,14.75238,14.75238,3780
2020-11-09,14.80952,15.84762,14.80952,15.82857,123795
2020-11-10,16.01905,17.71429,16.01905,17.18095,44940
2020-11-11,17.39048,17.39048,17.05714,17.13333,20370
2020-11-12,16.57143,17.27619,16.00000,16.47619,19425
2020-11-13,16.78095,17.16191,16.78095,16.98095,13545
2020-11-16,17.02857,17.94286,16.66667,17.72381,28350
2020-11-17,17.40000,17.95238,17.24762,17.24762,16380
2020-11-18,17.50476,17.89524,16.93333,17.04762,16275
2020-11-19,17.12381,17.42857,16.63810,17.04762,13125
2020-11-20,16.75238,18.10476,16.66667,17.61905,34335
2020-11-23,17.79048,18.01905,16.73333,17.50476,28665
2020-11-24,17.74286,17.82857,17.19048,17.69524,26880
2020-11-25,17.34286,17.80952,17.01905,17.01905,29085
2020-11-27,17.32381,17.32381,16.72381,16.72381,9135
2020-11-30,16.55238,16.55238,15.92381,16.30476,20895
2020-12-01,16.32381,17.27619,16.32381,17.22857,11655
2020-12-02,16.70476,17.68571,16.70476,17.60952,13965
2020-12-03,17.71429,17.71429,16.94286,16.94286,11550
2020-12-04,17.28571,17.79048,17.17143,17.79048,13650
2020-12-07,17.52381,17.81905,17.07619,17.47619,20580
2020-12-08,17.30476,17.66667,17.30476,17.59048,11970
2020-12-09,17.71429,17.76191,17.40952,17.58095,13755
2020-12-10,17.60000,17.71429,17.53333,17.71429,12390
2020-12-11,17.68571,17.68571,17.36190,17.58095,8295
2020-12-14,17.40952,17.66667,17.22857,17.23809,19320
2020-12-15,17.38095,18.08571,17.12381,17.71429,16695
2020-12-16,17.78095,18.02857,17.70476,17.70476,9450
2020-12-17,17.66667,18.00000,16.70476,17.80952,15750
2020-12-18,17.61905,18.04762,17.18095,17.61905,96390
2020-12-21,17.70476,18.01905,17.38095,17.62857,24570
2020-12-22,17.65714,17.65714,17.47619,17.60952,7770
2020-12-23,17.61905,17.63810,17.34286,17.42857,14490
2020-12-24,17.25714,17.59048,17.10476,17.10476,4515
2020-12-28,17.36190,17.54286,17.23809,17.23809,19740
2020-12-29,17.38095,17.38095,16.86667,16.92381,20790
2020-12-30,17.10476,17.23809,16.84762,16.96190,17955
2020-12-31,17.08571,17.47619,17.08571,17.40952,12495
2021-01-04,17.39048,17.39048,16.81905,16.81905,15855
2021-01-05,16.96190,17.42857,16.81905,17.18095,10815
2021-01-06,17.43810,18.05714,17.24762,17.68571,73605
2021-01-07,17.61905,18.00952,17.40000,17.89524,34965
2021-01-08,17.90476,17.96190,17.51429,17.73333,22890
2021-01-11,17.54286,17.76191,17.54286,17.76191,7140
2021-01-12,17.80952,18.18095,17.55238,17.65714,16275
2021-01-13,17.54286,17.84762,17.45714,17.66667,7560
2021-01-14,18.00952,18.00952,17.59048,17.73333,14175
2021-01-15,17.57143,17.76191,16.86667,17.02857,14910
2021-01-19,17.14286,17.42857,16.35238,16.40000,21105
2021-01-20,16.62857,16.67619,16.24762,16.42857,13440
2021-01-21,16.38095,16.50476,15.98095,16.09524,13650
2021-01-22,16.07619,16.24762,16.07619,16.19048,10920
2021-01-25,16.01905,16.45714,15.65714,16.01905,16275
2021-01-26,16.20000,16.31429,15.94286,16.13333,9450
2021-01-27,15.97143,16.14286,15.25714,16.08571,19005
2021-01-28,16.28571,16.30476,15.50476,16.27619,14175
2021-01-29,16.29524,16.55238,15.90476,16.45714,16380
2021-02-01,16.46667,17.18095,16.18095,16.81905,15855
2021-02-02,16.95238,17.52381,16.95238,17.03810,7035
2021-02-03,17.14286,17.51429,16.95238,17.47619,8820
2021-02-04,17.49524,17.49524,17.04762,17.41905,10605
2021-02-05,17.42857,17.42857,17.05714,17.40952,10080
2021-02-08,17.74286,18.39048,17.27619,17.90476,37380
2021-02-09,17.81905,18.00000,17.40000,18.00000,19740
2021-02-10,17.69524,17.95238,16.60000,17.45714,42840
2021-02-11,17.66667,17.74286,17.18095,17.42857,27615
2021-02-12,17.60000,17.60000,17.16191,17.50476,16380
2021-02-16,17.42857,18.56190,17.42857,18.10476,23940
2021-02-17,18.19048,18.25714,17.61905,17.80952,8820
2021-02-18,17.80952,17.80952,17.38095,17.53333,17115
2021-02-19,17.57143,18.20000,17.57143,18.20000,11760
2021-02-22,17.76191,18.32381,17.76191,17.85714,19110
2021-02-23,18.04762,18.38095,17.83809,18.22857,15645
2021-02-24,18.15238,19.02857,18.15238,18.62857,20475
2021-02-25,18.53333,18.88571,17.76191,17.76191,17115
2021-02-26,18.00000,18.25714,16.34286,16.46667,39900
2021-03-01,16.55238,18.20952,16.55238,17.51429,21420
2021-03-02,18.65714,18.65714,17.33333,17.43810,14700
2021-03-03,17.66667,18.17143,17.34286,17.94286,7980
2021-03-04,18.13333,18.62857,18.09524,18.51429,33285
2021-03-05,18.86667,19.01905,18.24762,18.51429,38325
2021-03-08,18.29524,18.69524,18.29524,18.52381,41370
2021-03-09,18.55238,18.62857,18.21905,18.33333,25935
2021-03-10,18.33333,18.50476,18.27619,18.50476,21840
2021-03-11,18.47619,18.52381,18.33333,18.47619,23625
2021-03-12,18.47619,18.67619,18.27619,18.56190,20370
2021-03-15,18.80000,18.80000,17.09524,18.52381,24045
2021-03-16,18.52381,18.52381,17.97143,18.21905,14385
2021-03-17,18.09524,18.11429,17.74286,17.89524,12285
2021-03-18,18.09524,18.34286,17.91429,18.00952,15540
2021-03-19,17.93333,18.28571,17.61905,18.28571,65940
2021-03-22,17.82857,18.42857,17.34286,17.43810,28875
2021-03-23,17.34286,17.64762,17.34286,17.47619,16380
2021-03-24,17.64762,18.35238,17.64762,17.64762,13860
2021-03-25,17.81905,17.81905,17.37143,17.60952,6720
2021-03-26,17.66667,18.04762,17.66667,18.04762,8295
2021-03-29,17.66667,17.75238,17.16191,17.66667,44100
2021-03-30,17.83809,18.08571,17.69524,18.04762,32025
2021-03-31,17.79048,18.03810,17.39048,17.39048,28455
2021-04-01,17.47619,17.69524,17.20000,17.69524,12810
2021-04-05,17.52381,18.02857,17.33333,17.71429,36540
2021-04-06,17.76191,17.89524,17.29524,17.35238,8400
2021-04-07,17.58095,17.58095,16.82857,16.85714,31710
2021-04-08,16.85714,17.27619,16.57143,17.14286,19740
2021-04-09,17.16191,17.16191,16.85714,16.90476,16695
2021-04-12,17.07619,17.19048,16.52381,16.52381,30450
2021-04-13,16.59048,16.99048,16.17143,16.66667,8505
2021-04-14,16.50476,17.18095,16.39048,16.47619,17640
2021-04-15,16.71429,17.14286,16.46667,16.88571,17325
2021-04-16,17.10476,17.21905,16.66667,16.66667,19320
2021-04-19,16.76191,17.28571,16.76191,16.93333,38115
2021-04-20,17.10476,17.14286,16.33333,16.37143,30450
2021-04-21,16.46667,16.59048,16.33333,16.47619,18900
2021-04-22,16.62857,17.00000,16.47619,16.82857,25305
2021-04-23,16.93333,17.22857,16.71429,16.80952,18375
2021-04-26,16.95238,17.25714,16.95238,17.15238,31920
2021-04-27,17.21905,17.21905,17.04762,17.04762,23100
2021-04-28,17.14286,17.14286,16.95238,17.09524,15645
2021-04-29,17.15238,17.19048,16.98095,17.07619,12495
2021-04-30,17.00952,17.11429,17.00952,17.00952,16695
2021-05-03,17.04762,17.26667,17.04762,17.19048,41895
2021-05-04,17.06667,17.21905,17.06667,17.15238,22365
2021-05-05,17.29524,17.46667,17.10476,17.15238,35700
2021-05-06,17.15238,17.33333,17.14286,17.28571,11025
2021-05-07,17.20000,17.38095,17.20000,17.32381,28665
2021-05-10,17.40000,17.46667,17.14286,17.14286,22155
2021-05-11,17.14286,17.46667,17.06667,17.14286,15330
2021-05-12,17.19048,17.58095,17.16191,17.23809,19845
2021-05-13,17.18095,17.47619,17.18095,17.31429,10815
2021-05-14,17.37143,17.79048,17.37143,17.66667,17115
2021-05-17,17.75238,17.79048,17.52381,17.74286,28770
2021-05-18,17.63810,17.90476,17.48571,17.80952,35805
2021-05-19,17.87619,18.08571,17.66667,17.99048,22785
2021-05-20,18.10476,18.53333,18.04762,18.53333,36435
2021-05-21,18.37143,18.53333,18.09524,18.27619,20685
2021-05-24,18.42857,18.94286,18.21905,18.74286,21735
2021-05-25,18.80952,18.81905,18.19048,18.28571,22680
2021-05-26,18.16191,18.43810,18.16191,18.33333,13650
2021-05-27,18.43810,19.04762,18.42857,19.04762,17430
2021-05-28,18.77143,19.04762,18.77143,18.85714,16590
2021-06-01,18.85714,19.00952,18.65714,18.65714,18585
2021-06-02,18.87619,18.90476,18.52381,18.76191,7980
2021-06-03,18.67619,18.80952,18.43810,18.77143,19740
2021-06-04,18.68571,19.05714,18.62857,18.79048,64995
2021-06-07,18.91429,18.91429,18.24762,18.24762,23835
2021-06-08,18.52381,19.03810,18.40000,18.80952,21630
2021-06-09,18.78095,19.13333,18.59048,18.72381,17745
2021-06-10,18.86667,18.86667,18.16191,18.34286,19110
2021-06-11,18.39048,18.57143,18.28571,18.44762,4620
2021-06-14,18.47619,18.47619,17.95238,17.95238,20370
2021-06-15,18.05714,18.29524,17.61905,17.89524,24780
2021-06-16,17.98095,18.14286,17.73333,18.09524,20580
2021-06-17,18.02857,18.22857,17.80952,18.19048,29295
2021-06-18,17.95238,17.97143,17.61905,17.97143,40530
2021-06-21,17.92381,18.76191,17.78095,17.95238,28770
2021-06-22,17.66667,17.84762,17.61905,17.68571,26565
2021-06-23,17.78095,18.12381,17.61905,17.76191,38430
2021-06-24,17.72381,18.56190,17.62857,18.06667,42630
2021-06-25,18.05714,18.18095,17.61905,17.63810,930615
2021-06-28,17.73333,18.15238,17.66667,18.07619,34545
2021-06-29,18.02857,18.15238,17.78095,17.78095,31185
2021-06-30,17.87619,17.87619,17.61905,17.61905,12705
2021-07-01,17.77143,18.16191,17.77143,18.00000,7770
2021-07-02,17.94286,17.98095,17.79048,17.79048,13860
2021-07-06,17.80952,17.82857,17.67619,17.80000,9450
2021-07-07,17.65714,17.70476,17.63810,17.63810,9345
2021-07-08,17.45714,17.85714,16.26667,16.78095,37590
2021-07-09,17.26667,17.35238,17.04762,17.07619,14700
2021-07-12,17.14286,17.69524,17.14286,17.69524,6300
2021-07-13,17.58095,17.80000,17.40000,17.48571,13335
2021-07-14,17.59048,17.72381,17.31429,17.42857,5880
2021-07-15,17.45714,17.70476,17.11429,17.70476,7980
2021-07-16,17.80952,17.83809,17.49524,17.49524,7035
2021-07-19,17.35238,17.96190,17.20000,17.20000,17115
2021-07-20,17.21905,17.91429,17.21905,17.60952,30765
2021-07-21,17.76191,18.33333,17.76191,17.90476,15015
2021-07-22,17.99048,18.38095,17.45714,17.86667,28245
2021-07-23,18.00000,18.16191,18.00000,18.12381,6405
2021-07-26,18.23809,18.76191,18.23809,18.76191,15330
2021-07-27,18.42857,18.50476,17.61905,17.98095,18795
2021-07-28,18.00000,18.15238,17.37143,17.61905,2520
2021-07-29,17.58095,17.85714,17.58095,17.62857,5775
2021-07-30,17.55238,17.92381,17.50476,17.50476,9450
2021-08-02,17.50476,17.50476,17.14286,17.25714,16380
2021-08-03,17.25714,17.97143,16.91429,17.33333,63105
2021-08-04,17.24762,17.30476,17.04762,17.04762,10290
2021-08-05,17.27619,17.45714,17.14286,17.44762,4935
2021-08-06,17.40952,17.64762,17.25714,17.31429,8925
2021-08-09,17.31429,17.31429,17.20000,17.20000,1995
2021-08-10,17.30476,17.31429,17.14286,17.14286,5250
2021-08-11,17.28571,17.31429,17.25714,17.31429,4200
2021-08-12,17.15238,17.16191,16.81905,16.90476,15540
2021-08-13,17.19048,17.39048,17.15238,17.39048,8400
2021-08-16,17.12381,17.47619,16.66667,17.18095,15435
2021-08-17,16.57143,17.26667,16.57143,17.24762,9975
2021-08-18,16.72381,17.48571,16.72381,17.48571,4410
2021-08-19,17.13333,17.48571,16.87619,17.14286,53970
2021-08-20,16.97143,16.97143,16.96190,16.96190,630
2021-08-23,17.12381,17.15238,17.10476,17.15238,3780
2021-08-24,17.15238,17.15238,17.15238,17.15238,315
2021-08-25,17.00000,17.20952,17.00000,17.05714,3780
2021-08-26,17.02857,17.29524,17.02857,17.04762,11760
2021-08-27,17.17143,17.57143,17.16191,17.38095,10500
2021-08-30,17.33333,17.57143,17.13333,17.25714,3150
2021-08-31,17.37143,17.57143,17.23809,17.40000,19320
2021-09-01,17.53333,17.72381,17.53333,17.63810,8085
2021-09-02,17.52381,17.72381,17.52381,17.61905,3360
2021-09-03,17.40952,17.59048,17.29524,17.32381,3150
2021-09-07,17.40952,17.57143,17.23809,17.51429,4200
2021-09-08,17.41905,17.57143,17.23809,17.49524,5250
2021-09-09,17.47619,17.53333,17.31429,17.31429,3465
2021-09-10,17.43810,17.43810,17.07619,17.07619,4935
2021-09-13,17.07619,17.31429,17.07619,17.24762,7665
2021-09-14,17.31429,17.31429,17.09524,17.09524,4095
2021-09-15,17.16191,17.30476,17.07619,17.30476,2100
2021-09-16,16.98095,17.26667,16.97143,17.10476,40530
2021-09-17,17.00952,17.20952,17.00000,17.14286,18900
2021-09-20,16.74286,16.87619,16.72381,16.85714,3465
2021-09-21,16.97143,16.97143,16.74286,16.74286,5985
2021-09-22,16.87619,16.96190,16.74286,16.80952,2520
2021-09-23,16.93333,17.00000,16.93333,17.00000,1470
2021-09-27,17.18095,17.68571,17.15238,17.34286,12180
2021-09-28,17.04762,17.50476,16.87619,17.05714,25725
2021-09-29,17.62857,17.62857,16.88571,17.17143,10500
2021-09-30,17.21905,17.61905,17.21905,17.31429,10605
2021-10-01,17.60952,17.60952,17.23809,17.33333,5145
2021-10-04,17.24762,17.60000,17.24762,17.27619,11550
2021-10-05,17.28571,17.55238,17.28571,17.55238,6720
2021-10-06,17.34286,17.56190,17.34286,17.44762,3675
2021-10-07,17.46667,17.56190,17.19048,17.42857,4515
2021-10-08,17.43810,17.66667,17.43810,17.66667,3990
2021-10-11,17.37143,17.64762,17.37143,17.45714,10395
2021-10-12,17.54286,17.56190,17.41905,17.45714,2940
2021-10-13,17.47619,17.47619,17.41905,17.41905,735
2021-10-14,17.43810,17.63810,17.43810,17.45714,1785
2021-10-15,17.60000,17.60000,17.31429,17.47619,2100
2021-10-18,17.29524,17.50476,17.28571,17.34286,12810
2021-10-19,17.25714,17.34286,17.25714,17.34286,5145
2021-10-20,17.65714,17.66667,17.30476,17.65714,5985
2021-10-21,17.39048,17.63810,17.30476,17.48571,3465
2021-10-22,17.57143,17.57143,17.34286,17.35238,1365
2021-10-25,17.39048,17.42857,17.39048,17.42857,1365
2021-10-26,17.43810,17.44762,17.35238,17.44762,2940
2021-10-27,17.44762,17.48571,17.44762,17.44762,3150
2021-10-28,17.44762,17.64762,17.44762,17.64762,6195
2021-10-29,17.53333,17.83809,17.53333,17.80952,7035
2021-11-01,17.80952,18.23809,17.80952,18.05714,3885
2021-11-02,18.24762,18.36190,18.04762,18.36190,3045
2021-11-03,17.97143,18.12381,17.91429,18.07619,4830
2021-11-04,17.90476,18.09524,17.90476,18.09524,1680
2021-11-05,17.65714,18.00000,17.65714,18.00000,630
2021-11-08,17.91429,18.22857,17.91429,18.08571,1890
2021-11-09,18.24762,18.35238,18.24762,18.35238,2310
2021-11-11,17.99048,18.09524,17.98095,18.09524,1260
2021-11-12,18.20000,18.20000,18.20000,18.20000,630
2021-11-15,18.18095,18.28571,18.18095,18.25714,2415
2021-11-16,18.14286,18.32381,18.13333,18.32381,3360
2021-11-17,18.20000,18.32381,18.14286,18.15238,3045
2021-11-18,18.14286,18.30476,18.02857,18.10476,5670
2021-11-19,18.17143,18.25714,18.01905,18.13333,3675
2021-11-22,18.11429,18.27619,18.00952,18.02857,6720
2021-11-23,18.09524,18.09524,17.94286,17.94286,2940
2021-11-24,17.84762,18.04762,17.84762,18.01905,1575
2021-11-26,17.83809,18.41905,17.82857,18.20952,8085
2021-11-29,18.05714,18.09524,17.76191,17.95238,7980
2021-11-30,17.61905,18.01905,17.61905,17.67619,5880
2021-12-01,17.83809,18.04762,17.68571,17.68571,3780
2021-12-02,17.65714,18.04762,17.61905,18.04762,2205
2021-12-03,17.89524,18.04762,17.88571,18.04762,3360
2021-12-06,18.00952,18.04762,17.98095,17.98095,2940
2021-12-07,17.97143,17.98095,17.97143,17.98095,3990
2021-12-08,17.73333,18.03810,17.73333,18.03810,420
2021-12-09,18.00000,18.04762,17.64762,17.89524,3885
2021-12-10,17.85714,18.13333,17.84762,18.13333,3360
2021-12-13,18.02857,18.51429,17.90476,17.90476,6300
2021-12-14,18.35238,18.43810,17.80952,17.80952,8190
2021-12-15,18.01905,18.04762,17.91429,17.93333,5250
2021-12-16,17.93333,18.04762,17.85714,18.04762,9345
2021-12-17,18.00000,18.04762,17.64762,18.04762,8295
2021-12-20,17.79048,18.04762,17.79048,18.04762,4725
2021-12-21,18.03810,18.04762,17.83809,18.04762,6615
2021-12-22,17.85714,17.95238,17.83809,17.83809,10185
2021-12-23,17.87619,18.04762,17.87619,18.04762,4410
2021-12-27,18.00952,18.44762,17.95238,17.95238,4620
2021-12-28,18.26667,18.57143,18.26667,18.57143,6300
2021-12-29,18.39048,18.80000,18.39048,18.71429,5565
2021-12-30,18.71429,18.74286,18.54286,18.74286,45465
2021-12-31,18.67619,18.75238,18.64762,18.73333,1575
2022-01-03,18.69524,18.80000,18.69524,18.71429,7035
2022-01-04,18.79048,18.80952,18.57143,18.57143,6720
2022-01-05,18.70476,19.04762,18.70476,18.75238,13965
2022-01-06,18.65714,18.87619,18.61905,18.61905,8190
2022-01-07,18.65714,18.75238,18.57143,18.64762,4515
2022-01-10,18.53333,18.76191,18.51429,18.64762,8400
2022-01-11,18.40952,18.74286,18.40952,18.71429,7455
2022-01-12,18.75238,18.76191,18.58095,18.76191,120855
2022-01-13,18.76191,19.24762,18.76191,19.24762,9660
2022-01-14,18.90476,19.18095,18.90476,19.18095,4305
2022-01-18,19.05714,19.80952,19.05714,19.75238,18270
2022-01-19,19.75238,20.01905,19.17143,20.00000,17955
2022-01-20,20.44000,20.67000,19.76000,19.76000,16700
2022-01-21,19.73000,20.29000,19.20000,19.89000,8300
2022-01-24,19.92000,20.20000,19.68000,19.68000,7400
2022-01-25,19.93000,20.26000,19.76000,20.03000,7800
2022-01-26,19.86000,20.26000,19.86000,20.20000,11200
2022-01-27,20.26000,20.26000,19.90000,20.00000,7000
2022-01-28,19.75000,19.93000,19.75000,19.80000,7600
2022-01-31,19.80000,20.00000,19.27000,19.27000,6500
2022-02-01,19.67000,19.95000,19.29000,19.29000,4800
2022-02-02,19.66000,19.75000,19.32000,19.62000,6600
2022-02-03,19.75000,19.75000,19.52000,19.72000,2200
2022-02-04,19.69000,20.00000,19.61000,20.00000,13300
2022-02-07,19.72000,19.99000,19.70000,19.97000,3000
2022-02-08,19.90000,20.00000,19.87000,19.87000,3800
2022-02-09,19.91000,19.97000,19.91000,19.92000,3700
2022-02-10,19.75000,19.94000,19.74000,19.74000,89000
2022-02-11,19.73000,20.00000,19.22000,19.85000,13000
2022-02-14,19.84000,19.84000,19.32000,19.46000,8500
2022-02-15,19.51000,19.95000,19.34000,19.68000,31200
2022-02-16,19.68000,19.93000,19.53000,19.55000,12300
2022-02-17,19.80000,19.89000,19.56000,19.56000,2300
2022-02-18,19.50000,19.68000,19.40000,19.47000,5500
2022-02-22,19.88000,19.88000,19.40000,19.63000,13500
2022-02-23,19.56000,19.59000,19.25000,19.46000,3700
2022-02-24,19.17000,19.17000,18.75000,18.94000,4700
2022-02-25,18.94000,19.88000,18.87000,18.92000,15200
2022-02-28,18.85000,19.93000,18.70000,19.00000,11400
2022-03-01,19.37000,19.40000,18.69000,18.72000,6200
2022-03-02,19.00000,19.57000,18.45000,18.93000,4700
2022-03-03,18.69000,19.68000,18.55000,18.61000,14200
2022-03-04,18.53000,18.80000,18.53000,18.75000,4200
2022-03-07,18.70000,19.14000,18.60000,18.60000,4400
2022-03-08,18.88000,18.88000,18.60000,18.60000,4200
2022-03-09,18.21000,19.14000,18.21000,18.75000,1300
2022-03-10,18.85000,19.10000,18.53000,19.10000,2400
2022-03-11,18.60000,18.91000,18.60000,18.74000,1300
2022-03-14,18.61000,18.99000,18.53000,18.60000,4400
2022-03-15,18.56000,18.59000,18.56000,18.56000,2400
2022-03-16,18.53000,18.97000,18.53000,18.83000,7200
2022-03-17,18.66000,19.12000,18.66000,19.12000,1600
2022-03-18,19.08000,20.42000,18.56000,20.42000,188700
2022-03-21,20.00000,20.26000,19.80000,19.80000,2600
2022-03-22,20.00000,20.85000,20.00000,20.79000,6800
2022-03-23,20.60000,20.60000,20.21000,20.43000,1400
2022-03-24,19.94000,20.20000,19.59000,20.20000,7400
2022-03-25,20.18000,20.46000,20.00000,20.00000,3900
2022-03-28,19.98000,20.39000,19.98000,20.39000,4200
2022-03-29,20.28000,20.40000,20.00000,20.15000,4000
2022-03-30,20.35000,20.66000,20.26000,20.39000,10900
2022-03-31,20.41000,20.47000,19.91000,19.91000,9300
2022-04-01,20.17000,20.20000,19.91000,19.91000,2100
2022-04-04,19.90000,19.90000,19.10000,19.51000,10100
2022-04-05,19.50000,19.59000,19.31000,19.40000,5900
2022-04-06,19.20000,19.30000,19.20000,19.30000,1300
2022-04-07,19.06000,19.06000,19.06000,19.06000,400
2022-04-08,19.06000,19.06000,19.06000,19.06000,600
2022-04-11,18.87000,19.36000,18.61000,18.80000,5300
2022-04-12,18.81000,18.85000,18.77000,18.84000,2900
2022-04-13,18.42000,18.77000,18.42000,18.77000,1100
2022-04-14,18.67000,18.75000,18.61000,18.75000,10200
2022-04-18,18.66000,18.94000,18.66000,18.94000,1800
2022-04-19,18.99000,18.99000,18.79000,18.98000,7900
2022-04-20,19.03000,19.19000,18.71000,19.07000,74100
2022-04-21,19.50000,19.50000,18.63000,19.39000,5200
2022-04-22,19.16000,19.67000,19.16000,19.67000,800
2022-04-25,19.67000,20.24000,19.50000,19.83000,20700
2022-04-26,19.29000,19.29000,18.34000,19.10000,13900
2022-04-27,18.86000,18.89000,18.41000,18.52000,2400
2022-04-28,19.10000,19.40000,18.66000,19.38000,31100
2022-04-29,19.79000,19.79000,18.60000,19.00000,18500
2022-05-02,19.00000,19.54000,18.50000,19.14000,136400
2022-05-03,18.82000,19.11000,18.82000,18.84000,800
2022-05-04,19.15000,19.40000,19.02000,19.10000,7100
2022-05-05,18.99000,18.99000,18.50000,18.85000,3100
2022-05-06,18.50000,18.90000,18.41000,18.41000,3500
2022-05-09,18.66000,18.89000,18.11000,18.11000,1700
2022-05-10,17.92000,18.23000,17.92000,18.00000,6800
2022-05-11,17.86000,18.01000,17.73000,18.01000,6400
2022-05-12,18.13000,18.18000,17.79000,17.79000,1700
2022-05-13,17.81000,17.81000,17.50000,17.63000,4300
2022-05-16,17.09000,17.68000,17.09000,17.56000,4200
2022-05-17,17.25000,18.55000,17.25000,18.09000,10700
2022-05-18,17.63000,17.93000,16.28000,17.33000,9800
2022-05-19,17.20000,18.86000,17.20000,17.55000,6200
2022-05-20,17.67000,18.14000,17.42000,17.62000,14000
2022-05-23,17.81000,18.19000,17.75000,17.95000,13800
2022-05-24,16.54000,18.00000,16.54000,17.77000,7200
2022-05-25,17.71000,18.25000,17.71000,17.95000,2000
2022-05-26,18.00000,18.40000,17.70000,17.70000,1700
2022-05-27,18.13000,18.57000,18.04000,18.05000,4300
2022-05-31,17.87000,18.24000,17.87000,18.20000,9300
2022-06-01,18.57000,18.57000,18.09000,18.14000,4200
2022-06-02,17.84000,18.18000,17.84000,18.17000,2900
2022-06-03,18.00000,18.10000,17.95000,18.07000,4700
2022-06-06,18.04000,18.32000,18.04000,18.32000,2300
2022-06-07,18.17000,18.25000,18.06000,18.15000,4400
2022-06-08,17.98000,18.04000,17.91000,18.04000,1300
2022-06-09,17.74000,17.78000,17.52000,17.52000,2500
2022-06-10,17.52000,17.76000,17.52000,17.54000,3200
2022-06-13,17.25000,17.42000,17.25000,17.31000,3400
2022-06-14,17.31000,17.67000,17.06000,17.06000,15000
2022-06-15,17.47000,17.57000,17.11000,17.20000,3500
2022-06-16,17.10000,17.33000,17.10000,17.16000,5300
2022-06-17,17.50000,17.66000,17.31000,17.66000,13100
2022-06-21,17.48000,18.20000,17.48000,18.00000,15300
2022-06-22,17.73000,17.73000,17.45000,17.45000,3100
2022-06-23,17.87000,17.91000,17.45000,17.45000,4100
2022-06-24,17.50000,17.67000,17.50000,17.60000,2900
2022-06-27,17.30000,17.93000,17.30000,17.93000,1000
2022-06-28,17.63000,18.06000,17.63000,18.06000,12800
2022-06-29,18.03000,18.03000,17.06000,17.21000,18900
2022-06-30,17.10000,17.34000,17.00000,17.26000,4900
2022-07-01,17.26000,17.30000,17.20000,17.22000,1600
2022-07-05,17.27000,17.40000,17.06000,17.06000,14000
2022-07-06,17.07000,17.23000,16.81000,16.81000,8500
2022-07-07,17.00000,17.00000,16.92000,16.97000,4600
2022-07-08,17.00000,17.14000,17.00000,17.10000,3900
2022-07-11,17.00000,17.05000,17.00000,17.00000,12800
2022-07-12,16.90000,17.05000,16.81000,17.00000,4800
2022-07-13,17.04000,17.06000,17.00000,17.04000,3300
2022-07-14,17.03000,17.04000,16.95000,16.95000,3500
2022-07-15,16.90000,16.90000,16.76000,16.76000,7100
2022-07-18,16.75000,16.75000,16.75000,16.75000,4800
2022-07-19,16.75000,16.75000,16.60000,16.60000,16400
2022-07-20,16.60000,16.91000,16.60000,16.88000,5500
2022-07-21,16.95000,17.02000,16.95000,17.02000,3500
2022-07-22,17.02000,17.02000,17.02000,17.02000,300
2022-07-25,17.04000,17.70000,16.96000,17.11000,13200
2022-07-26,16.85000,17.20000,16.85000,17.20000,1800
2022-07-27,17.30000,17.85000,17.03000,17.30000,31600
2022-07-28,17.29000,17.87000,17.26000,17.26000,11500
2022-07-29,17.25000,17.80000,17.15000,17.24000,9700
2022-08-01,17.26000,17.78000,17.26000,17.78000,9300
2022-08-02,17.34000,17.55000,17.31000,17.31000,3200
2022-08-03,17.47000,17.81000,17.16000,17.16000,10100
2022-08-04,17.20000,17.26000,16.81000,16.82000,12100
2022-08-05,16.85000,16.85000,16.85000,16.85000,700
2022-08-08,16.85000,16.85000,16.85000,16.85000,300
2022-08-09,17.20000,17.51000,16.87000,16.87000,5300
2022-08-10,17.33000,17.35000,17.00000,17.10000,3300
2022-08-11,17.06000,17.06000,16.75000,16.80000,5700
2022-08-12,16.80000,16.82000,16.56000,16.78000,10100
2022-08-15,16.67000,16.94000,16.67000,16.94000,1500
2022-08-16,16.85000,16.98000,16.80000,16.80000,6600
2022-08-17,16.73000,17.40000,16.73000,17.40000,4700
2022-08-18,18.00000,18.00000,17.76000,17.95000,4300
2022-08-19,17.95000,17.95000,17.62000,17.62000,3900
2022-08-22,17.46000,17.99000,17.42000,17.96000,2300
2022-08-23,17.56000,17.98000,17.41000,17.46000,5400
2022-08-24,17.66000,17.82000,17.60000,17.78000,3900
2022-08-25,17.52000,17.52000,17.46000,17.51000,1600
2022-08-26,17.71000,17.85000,17.66000,17.66000,3900
2022-08-29,17.60000,17.65000,17.40000,17.40000,3800
2022-08-30,17.40000,17.40000,17.40000,17.40000,1200
2022-08-31,17.64000,17.64000,17.33000,17.38000,3700
2022-09-01,17.55000,17.85000,17.55000,17.85000,3300
2022-09-02,17.74000,17.85000,17.74000,17.85000,1600
2022-09-06,17.84000,18.08000,17.54000,18.08000,3500
2022-09-07,18.09000,18.10000,17.70000,18.01000,2200
2022-09-08,17.56000,17.56000,17.56000,17.56000,800
2022-09-09,17.56000,17.56000,17.56000,17.56000,600
2022-09-12,17.38000,17.69000,17.38000,17.69000,500
2022-09-13,17.38000,17.80000,17.38000,17.80000,1100
2022-09-14,17.50000,17.75000,17.35000,17.35000,3900
2022-09-15,17.35000,17.67000,17.35000,17.67000,800
2022-09-16,17.40000,17.79000,17.35000,17.64000,15900
2022-09-19,17.35000,17.50000,17.35000,17.50000,800
2022-09-20,17.39000,17.39000,17.39000,17.39000,400
2022-09-21,17.60000,17.73000,17.58000,17.66000,1700
2022-09-22,17.43000,17.60000,17.43000,17.51000,2300
2022-09-23,17.04000,17.13000,17.04000,17.13000,500
2022-09-26,16.86000,16.86000,16.86000,16.86000,500
2022-09-27,17.15000,17.15000,17.15000,17.15000,500
2022-09-28,16.89000,16.89000,16.85000,16.85000,1200
2022-09-29,16.76000,17.34000,16.67000,17.10000,2800
2022-09-30,17.48000,17.48000,16.85000,16.85000,3600
2022-10-03,16.86000,17.00000,16.86000,16.86000,2300
2022-10-04,17.18000,17.35000,16.99000,16.99000,5100
2022-10-05,16.89000,16.89000,16.89000,16.89000,700
2022-10-06,16.82000,17.10000,16.82000,17.09000,1200
2022-10-07,16.82000,16.82000,16.82000,16.82000,400
2022-10-10,17.25000,17.25000,17.17000,17.17000,1100
2022-10-11,16.92000,17.15000,16.88000,17.12000,3000
2022-10-12,17.04000,17.21000,17.04000,17.21000,700
2022-10-13,17.08000,17.08000,17.08000,17.08000,600
2022-10-14,16.86000,17.05000,16.86000,17.05000,500
2022-10-17,17.10000,17.22000,17.10000,17.22000,600
2022-10-18,17.10000,17.18000,17.07000,17.07000,600
2022-10-19,16.95000,17.25000,16.83000,17.00000,2800
2022-10-20,17.00000,17.14000,16.83000,17.14000,1100
2022-10-21,16.91000,16.91000,16.91000,16.91000,200
2022-10-24,16.94000,17.10000,16.94000,17.10000,500
2022-10-25,16.82000,16.84000,16.82000,16.84000,1100
2022-10-26,16.82000,17.00000,16.75000,16.86000,2800
2022-10-27,16.92000,17.22000,16.75000,17.22000,2800
2022-10-28,17.22000,17.22000,17.22000,17.22000,400
2022-10-31,16.85000,16.86000,16.75000,16.75000,3100
2022-11-01,16.75000,16.89000,16.57000,16.60000,8100
2022-11-02,16.56000,17.25000,16.56000,16.75000,2800
2022-11-03,16.61000,16.95000,16.61000,16.77000,1200
2022-11-04,16.95000,16.95000,16.95000,16.95000,300
2022-11-07,16.85000,16.85000,16.52000,16.56000,2800
2022-11-08,16.69000,16.77000,16.50000,16.77000,1800
2022-11-09,16.50000,16.50000,16.50000,16.50000,1100
2022-11-10,16.60000,16.76000,16.50000,16.65000,2500
2022-11-11,16.51000,16.86000,16.51000,16.75000,2100
2022-11-14,16.52000,16.85000,16.52000,16.85000,1100
2022-11-15,16.84000,16.84000,16.84000,16.84000,800
2022-11-16,16.83000,16.83000,16.83000,16.83000,500
2022-11-17,16.80000,16.82000,16.35000,16.82000,9200
2022-11-18,16.57000,16.57000,16.35000,16.52000,1700
2022-11-21,16.53000,17.00000,16.41000,16.46000,10200
2022-11-22,16.76000,16.95000,16.60000,16.75000,6300
2022-11-23,16.63000,16.90000,16.61000,16.76000,10800
2022-11-25,16.90000,16.90000,16.70000,16.90000,4100
2022-11-28,16.89000,16.90000,16.56000,16.56000,6200
2022-11-29,16.38000,16.89000,16.38000,16.41000,4100
2022-11-30,16.50000,16.73000,16.50000,16.50000,4700
2022-12-01,16.50000,16.82000,16.50000,16.50000,3100
2022-12-02,16.70000,16.90000,16.50000,16.50000,3600
2022-12-05,16.69000,16.83000,16.50000,16.50000,6700
2022-12-06,16.58000,16.58000,16.50000,16.50000,1300
2022-12-07,16.54000,16.54000,16.31000,16.50000,4500
2022-12-08,16.70000,16.72000,16.60000,16.60000,2400
2022-12-09,16.64000,16.66000,16.64000,16.64000,900
2022-12-13,16.51000,16.65000,16.50000,16.50000,11900
2022-12-14,16.51000,16.60000,16.50000,16.50000,3400
2022-12-15,16.31000,16.56000,16.31000,16.56000,2100
2022-12-16,16.51000,16.99000,16.51000,16.99000,15200
2022-12-19,16.33000,16.96000,16.33000,16.85000,2800
2022-12-20,16.76000,16.89000,16.75000,16.89000,1900
2022-12-21,16.90000,16.91000,16.90000,16.91000,1400
2022-12-22,16.37000,16.37000,16.37000,16.37000,300
2022-12-23,16.50000,16.50000,16.50000,16.50000,800
2022-12-27,16.50000,16.50000,16.50000,16.50000,1200
2022-12-28,16.40000,16.40000,16.35000,16.37000,2600
2022-12-29,16.95000,16.95000,16.75000,16.95000,4200
2022-12-30,17.00000,17.00000,16.55000,16.95000,2200
2023-01-03,16.63000,16.73000,16.63000,16.73000,1100
2023-01-04,16.70000,16.77000,16.69000,16.73000,1200
2023-01-05,16.53000,17.00000,16.50000,16.63000,3900
2023-01-09,16.46000,16.55000,16.46000,16.48000,1400
2023-01-10,16.52000,16.86000,16.41000,16.86000,1500
2023-01-11,16.86000,16.86000,16.86000,16.86000,700
2023-01-12,16.60000,16.93000,16.31000,16.50000,6600
2023-01-13,16.31000,16.55000,16.31000,16.50000,3900
2023-01-17,16.72000,16.72000,16.51000,16.51000,1900
2023-01-18,16.31000,16.66000,16.31000,16.66000,4800
2023-01-19,16.41000,16.41000,16.41000,16.41000,300
2023-01-23,16.47000,16.70000,16.46000,16.50000,1800
2023-01-24,16.44000,16.55000,16.44000,16.55000,500
2023-01-25,16.55000,16.55000,16.55000,16.55000,1200
2023-01-26,16.39000,16.55000,16.39000,16.55000,1600
2023-01-27,16.60000,16.70000,16.31000,16.70000,3600
2023-01-30,16.69000,16.69000,16.69000,16.69000,900
2023-01-31,16.34000,16.50000,16.34000,16.34000,1800
2023-02-01,16.65000,16.85000,16.59000,16.61000,4500
2023-02-02,16.70000,16.70000,16.41000,16.70000,2000
2023-02-03,16.52000,16.70000,16.52000,16.52000,4100
2023-02-06,16.55000,16.64000,16.52000,16.64000,2900
2023-02-07,16.65000,16.65000,16.50000,16.61000,3300
2023-02-08,16.65000,16.65000,16.50000,16.65000,1500
2023-02-09,16.51000,16.99000,16.41000,16.89000,10000
2023-02-10,16.76000,17.08000,16.76000,16.90000,7600
2023-02-14,16.90000,17.22000,16.81000,17.05000,4300
2023-02-15,17.05000,17.07000,16.81000,16.87000,1600
2023-02-16,17.03000,17.24000,16.95000,17.15000,9500
2023-02-17,17.13000,17.30000,17.13000,17.30000,7500
2023-02-21,17.30000,17.30000,17.10000,17.25000,2600
2023-02-22,17.25000,17.25000,17.12000,17.12000,5000
2023-02-23,17.04000,17.04000,17.04000,17.04000,800
2023-02-24,17.23000,17.29000,16.83000,16.92000,9000
2023-02-27,17.30000,17.30000,16.85000,16.85000,600
2023-02-28,16.95000,16.95000,16.82000,16.82000,2000
2023-03-01,16.75000,16.75000,16.75000,16.75000,2400
2023-03-02,16.75000,16.75000,16.70000,16.70000,9600
2023-03-03,16.70000,16.70000,16.60000,16.61000,2200
2023-03-06,16.61000,16.69000,16.55000,16.55000,5400
2023-03-07,16.68000,16.68000,16.55000,16.57000,18700
2023-03-08,16.50000,16.68000,16.50000,16.51000,5700
2023-03-09,16.50000,16.50000,16.03000,16.04000,10200
2023-03-10,16.18000,16.18000,15.38000,15.65000,12800
2023-03-13,14.75000,14.87000,13.79000,14.39000,10600
2023-03-14,14.55000,15.84000,13.80000,13.87000,9500
2023-03-15,13.90000,14.83000,13.78000,13.78000,47300
2023-03-16,13.71000,14.43000,13.71000,13.80000,89600
2023-03-17,13.81000,14.31000,13.00000,13.11000,71100
2023-03-20,13.56000,14.73000,13.00000,13.02000,75400
2023-03-21,13.31000,14.36000,13.16000,13.20000,80200
2023-03-22,13.36000,14.00000,13.06000,13.60000,26100
2023-03-23,13.63000,13.99000,13.53000,13.53000,12600
2023-03-24,13.39000,13.92000,13.37000,13.37000,15200
2023-03-27,13.76000,13.77000,13.46000,13.46000,8300
2023-03-28,13.61000,14.29000,13.61000,13.82000,22400
2023-03-29,13.94000,14.92000,13.72000,14.06000,14800
2023-03-30,13.96000,14.04000,13.81000,13.81000,6700
2023-03-31,13.89000,14.58000,13.89000,14.13000,10500
2023-04-03,14.28000,14.51000,14.00000,14.01000,10300
2023-04-04,14.18000,14.20000,14.00000,14.00000,5000
2023-04-05,14.05000,14.51000,13.85000,13.99000,21800
2023-04-06,13.80000,14.56000,13.80000,14.11000,4700
2023-04-10,14.31000,14.67000,14.23000,14.39000,7700
2023-04-11,14.27000,14.82000,14.27000,14.57000,9900
2023-04-12,14.35000,15.39000,14.35000,15.03000,9100
2023-04-13,14.86000,15.60000,14.84000,15.32000,11200
2023-04-14,14.63000,15.21000,14.28000,14.53000,8400
2023-04-17,14.65000,14.92000,14.55000,14.64000,7100
2023-04-18,14.76000,14.93000,14.11000,14.25000,9200
2023-04-19,14.14000,14.67000,14.14000,14.38000,5100
2023-04-20,14.60000,14.90000,14.11000,14.11000,9200
2023-04-21,14.19000,14.42000,13.98000,13.98000,3800
2023-04-24,13.81000,14.74000,13.81000,14.10000,22900
2023-04-25,13.88000,14.18000,13.81000,13.81000,7700
2023-04-26,13.85000,14.44000,13.85000,14.05000,12900
2023-04-27,14.12000,14.42000,14.01000,14.37000,4200
2023-04-28,14.29000,14.69000,14.01000,14.20000,11000
2023-05-01,14.01000,14.07000,13.81000,13.81000,4000
2023-05-02,14.07000,14.07000,13.56000,13.58000,8200
2023-05-03,13.48000,13.75000,13.23000,13.23000,3100
2023-05-04,13.67000,13.67000,13.00000,13.00000,11000
2023-05-05,13.10000,13.20000,12.68000,13.13000,3900
2023-05-08,13.09000,13.21000,12.52000,12.52000,3100
2023-05-09,12.50000,12.99000,12.50000,12.55000,7300
2023-05-10,12.59000,12.94000,12.15000,12.15000,20700
2023-05-11,12.06000,12.07000,11.82000,11.86000,5300
2023-05-12,11.90000,12.19000,11.88000,12.17000,3700
2023-05-15,12.10000,12.61000,12.09000,12.56000,6400
2023-05-16,12.44000,12.69000,12.41000,12.68000,7400
2023-05-17,12.41000,14.05000,12.41000,12.84000,9600
2023-05-18,12.97000,13.38000,12.95000,13.35000,3900
2023-05-19,13.63000,13.63000,13.42000,13.42000,600
2023-05-22,14.89000,15.10000,13.50000,13.50000,11800
2023-05-23,13.53000,14.15000,13.53000,13.95000,14700
2023-05-24,13.54000,14.15000,13.10000,13.28000,16700
2023-05-25,13.40000,13.42000,13.04000,13.05000,3000
2023-05-26,13.30000,14.63000,13.25000,13.48000,7800
2023-05-30,13.97000,15.13000,13.60000,13.70000,8200
2023-05-31,13.74000,14.50000,12.51000,12.52000,24100
2023-06-01,12.70000,12.76000,12.52000,12.52000,7600
2023-06-02,13.05000,13.05000,12.52000,12.53000,6900
2023-06-05,12.66000,12.67000,12.36000,12.44000,9600
2023-06-06,12.73000,12.73000,12.68000,12.71000,2400
2023-06-07,12.87000,12.87000,12.71000,12.73000,1300
2023-06-08,12.75000,13.12000,12.74000,12.74000,2700
2023-06-09,12.68000,13.10000,12.68000,12.89000,7900
2023-06-12,12.67000,12.67000,12.39000,12.65000,16400
2023-06-13,12.62000,13.09000,12.62000,12.93000,5100
2023-06-14,12.70000,12.77000,12.55000,12.75000,6300
2023-06-15,12.97000,13.02000,12.97000,12.98000,4200
2023-06-16,12.75000,13.50000,12.75000,13.50000,11900
2023-06-20,13.55000,13.55000,13.00000,13.03000,10100
2023-06-21,13.06000,13.18000,12.68000,12.68000,14100
2023-06-22,12.66000,13.15000,12.66000,12.90000,12900
2023-06-23,12.88000,12.88000,12.61000,12.61000,5200
2023-06-26,12.71000,13.37000,12.71000,12.79000,5100
2023-06-27,12.81000,13.16000,12.81000,12.90000,1400
2023-06-28,12.85000,12.91000,12.61000,12.62000,5300
2023-06-29,12.72000,13.00000,12.62000,12.62000,4400
2023-06-30,12.62000,12.62000,12.62000,12.62000,400
2023-07-03,12.60000,12.86000,12.41000,12.64000,10800
2023-07-05,12.75000,12.83000,12.56000,12.83000,5100
2023-07-06,12.35000,12.97000,12.35000,12.55000,5700
2023-07-07,12.49000,12.87000,12.30000,12.53000,5400
2023-07-10,12.54000,12.72000,12.47000,12.47000,1200
2023-07-11,12.80000,13.14000,12.73000,12.90000,6700
2023-07-12,12.86000,13.71000,12.86000,13.20000,12200
2023-07-13,13.09000,13.52000,13.09000,13.45000,6300
2023-07-14,13.36000,13.74000,13.25000,13.44000,2600
2023-07-17,13.69000,13.89000,13.36000,13.40000,4200
2023-07-18,13.52000,13.64000,13.26000,13.46000,5200
2023-07-19,13.25000,13.71000,13.05000,13.71000,3000
2023-07-20,13.59000,13.59000,12.30000,13.41000,2100
2023-07-21,13.19000,13.73000,13.19000,13.73000,2100
2023-07-24,13.75000,13.80000,13.50000,13.50000,3500
2023-07-25,13.62000,13.85000,13.39000,13.83000,6700
2023-07-26,13.56000,14.34000,13.37000,14.34000,10300
2023-07-27,13.95000,14.22000,13.90000,13.98000,4700
2023-07-28,13.85000,13.85000,13.85000,13.85000,1100
2023-07-31,13.83000,13.96000,13.40000,13.75000,13800
2023-08-01,13.82000,13.95000,13.71000,13.75000,2000
2023-08-02,13.75000,14.01000,13.75000,13.95000,2300
2023-08-03,14.33000,14.33000,13.70000,13.70000,3000
2023-08-04,13.70000,13.70000,13.70000,13.70000,300
2023-08-07,14.08000,14.66000,13.90000,14.00000,4600
2023-08-08,13.83000,13.95000,13.82000,13.85000,900
2023-08-09,13.85000,14.05000,13.85000,14.00000,2300
2023-08-10,13.96000,14.00000,13.90000,13.90000,1800
2023-08-11,13.85000,14.29000,13.85000,13.90000,2900
2023-08-14,13.98000,13.98000,13.98000,13.98000,500
2023-08-15,13.85000,13.86000,13.85000,13.86000,600
2023-08-16,14.12000,14.12000,14.12000,14.12000,1100
2023-08-17,13.94000,13.94000,13.90000,13.90000,1600
2023-08-18,14.04000,14.90000,14.01000,14.01000,5000
2023-08-21,14.20000,14.20000,14.05000,14.05000,600
2023-08-22,14.00000,14.40000,13.80000,13.80000,2500
2023-08-23,14.64000,14.94000,14.05000,14.46000,9300
2023-08-24,13.90000,14.24000,13.90000,14.24000,4800
2023-08-25,14.50000,14.78000,14.24000,14.50000,3100
2023-08-28,14.98000,15.99000,14.55000,14.75000,9200
2023-08-29,14.75000,14.75000,14.75000,14.75000,500
2023-08-30,14.45000,14.70000,14.45000,14.70000,1100
2023-08-31,14.50000,15.21000,14.40000,14.40000,6500
2023-09-01,14.49000,14.86000,14.05000,14.35000,9800
2023-09-05,14.56000,14.69000,14.25000,14.35000,4700
2023-09-06,14.25000,14.66000,14.20000,14.36000,9100
2023-09-07,14.50000,14.72000,14.17000,14.57000,5700
2023-09-08,14.41000,14.75000,14.41000,14.75000,3800
2023-09-11,14.80000,15.01000,14.45000,14.45000,6600
2023-09-12,14.50000,14.81000,14.50000,14.80000,3200
2023-09-13,14.60000,15.05000,14.50000,14.59000,9000
2023-09-14,14.65000,14.80000,14.65000,14.80000,3500
2023-09-15,14.53000,14.75000,14.53000,14.75000,4300
2023-09-18,14.71000,14.87000,14.70000,14.70000,2300
2023-09-19,14.85000,14.90000,14.42000,14.55000,4600
2023-09-20,14.77000,15.02000,14.62000,14.86000,9800
2023-09-21,14.70000,15.22000,14.68000,14.69000,4100
2023-09-22,14.67000,14.84000,14.61000,14.61000,3200
2023-09-25,14.60000,15.00000,14.24000,14.42000,12600
2023-09-26,14.34000,14.60000,13.79000,13.86000,14400
2023-09-27,13.90000,14.21000,13.59000,13.66000,3800
2023-09-28,13.85000,13.96000,13.56000,13.56000,6300
2023-09-29,13.50000,13.50000,13.50000,13.50000,1500
2023-10-02,13.76000,13.76000,13.76000,13.76000,400
2023-10-03,13.76000,13.76000,13.76000,13.76000,300
2023-10-04,13.65000,13.65000,13.61000,13.61000,2200
2023-10-05,13.50000,13.60000,13.12000,13.12000,4000
2023-10-06,13.20000,13.55000,13.20000,13.50000,3300
2023-10-09,13.35000,13.77000,13.11000,13.55000,4800
2023-10-10,13.26000,13.65000,12.88000,13.25000,2300
2023-10-11,13.16000,13.51000,12.89000,12.89000,5200
2023-10-12,13.15000,13.30000,12.90000,13.17000,4000
2023-10-13,13.25000,13.27000,13.15000,13.15000,3100
2023-10-16,13.35000,13.50000,12.92000,12.92000,9200
2023-10-17,12.92000,13.35000,12.72000,12.72000,8600
2023-10-18,12.72000,13.06000,12.60000,12.66000,5900
2023-10-19,12.61000,12.85000,12.61000,12.81000,3400
2023-10-20,12.72000,12.75000,12.61000,12.68000,7300
2023-10-23,12.61000,13.00000,12.55000,12.79000,3100
2023-10-24,12.69000,13.08000,12.52000,12.52000,9000
2023-10-25,12.52000,12.90000,12.42000,12.45000,9300
2023-10-26,12.48000,13.21000,12.48000,13.20000,10300
2023-10-27,13.01000,13.24000,12.72000,12.72000,4900
2023-10-30,12.86000,13.84000,12.86000,13.84000,6600
2023-10-31,13.51000,14.31000,13.31000,14.09000,7100
2023-11-01,13.88000,14.06000,13.88000,14.06000,1600
2023-11-02,14.03000,14.50000,13.10000,13.26000,14100
2023-11-03,13.65000,14.19000,13.65000,13.95000,9000
2023-11-06,14.10000,14.28000,13.36000,13.52000,4000
2023-11-07,13.65000,13.70000,13.24000,13.24000,5900
2023-11-08,13.00000,13.76000,12.85000,13.26000,2200
2023-11-09,13.30000,13.34000,13.21000,13.25000,10200
2023-11-10,13.10000,13.49000,13.00000,13.00000,1600
2023-11-13,12.97000,13.01000,12.95000,13.01000,3300
2023-11-14,13.08000,13.64000,13.08000,13.59000,8800
2023-11-15,13.40000,13.51000,13.22000,13.22000,5100
2023-11-16,13.22000,13.22000,13.20000,13.20000,1300
2023-11-17,13.12000,13.80000,13.12000,13.31000,3500
2023-11-20,13.25000,13.61000,13.25000,13.61000,3800
2023-11-21,13.50000,14.21000,13.33000,13.33000,6300
2023-11-22,13.33000,13.33000,13.33000,13.33000,700
2023-11-24,13.54000,13.80000,13.54000,13.80000,2400
2023-11-27,13.99000,13.99000,13.20000,13.30000,7700
2023-11-28,13.40000,13.76000,13.40000,13.76000,2800
2023-11-29,13.60000,13.76000,13.59000,13.76000,900
2023-11-30,13.53000,13.69000,13.29000,13.60000,6500
2023-12-01,13.36000,13.77000,13.31000,13.50000,11900
2023-12-04,13.55000,13.79000,13.50000,13.70000,5700
2023-12-05,13.84000,14.36000,13.84000,14.03000,11800
2023-12-06,14.30000,14.49000,14.23000,14.45000,6200
2023-12-07,14.18000,15.24000,14.18000,14.86000,10900
2023-12-08,14.85000,15.20000,14.75000,14.94000,12500
2023-12-11,15.10000,15.10000,14.65000,14.77000,6800
2023-12-12,14.60000,14.82000,14.28000,14.28000,6200
2023-12-13,14.45000,14.45000,13.80000,14.21000,18500
2023-12-14,14.57000,15.00000,14.51000,15.00000,14100
2023-12-15,14.66000,15.25000,14.66000,15.20000,15000
2023-12-18,14.83000,14.91000,14.80000,14.91000,1700
2023-12-19,14.95000,15.12000,14.95000,15.11000,3600
2023-12-20,15.11000,15.50000,15.07000,15.35000,7600
2023-12-21,15.32000,15.74000,14.89000,15.02000,8000
2023-12-22,14.97000,15.45000,14.88000,15.20000,7700
2023-12-26,15.31000,15.66000,15.31000,15.66000,4800
2023-12-27,15.11000,15.66000,15.11000,15.60000,2700
2023-12-28,15.30000,15.70000,15.30000,15.35000,3500
2024-01-02,15.35000,15.83000,15.35000,15.65000,4800
2024-01-03,15.17000,15.57000,15.17000,15.57000,1000
2024-01-04,15.49000,15.75000,15.49000,15.75000,3900
2024-01-05,15.19000,15.57000,15.19000,15.27000,4400
2024-01-08,15.19000,15.40000,15.19000,15.21000,900
2024-01-09,15.20000,15.20000,15.20000,15.20000,200
2024-01-10,15.16000,15.48000,15.15000,15.48000,1300
2024-01-11,15.20000,15.20000,15.19000,15.19000,1000
2024-01-16,15.04000,15.04000,15.04000,15.04000,1100
2024-01-17,15.07000,15.35000,15.07000,15.26000,3900
2024-01-18,15.05000,15.25000,15.05000,15.25000,1600
2024-01-19,15.45000,15.45000,15.45000,15.45000,1800
2024-01-22,15.18000,15.21000,15.18000,15.21000,1200
2024-01-23,14.56000,14.56000,14.54000,14.54000,1300
2024-01-24,14.75000,15.39000,14.75000,14.76000,2300
2024-01-25,15.30000,15.31000,15.30000,15.31000,1000
2024-01-26,15.49000,16.25000,15.49000,15.81000,4900
2024-01-29,16.24000,16.24000,14.68000,15.68000,5000
2024-01-30,15.70000,15.91000,15.31000,15.31000,2300
2024-01-31,15.51000,15.99000,15.32000,15.32000,3100
2024-02-01,15.30000,15.60000,15.30000,15.56000,2400
2024-02-02,15.56000,15.56000,15.56000,15.56000,400
2024-02-05,15.61000,15.80000,15.50000,15.71000,3400
2024-02-06,15.74000,15.74000,15.51000,15.51000,1200
2024-02-07,15.60000,15.60000,15.54000,15.54000,1000
2024-02-08,15.75000,15.75000,15.40000,15.40000,8100
2024-02-09,15.74000,15.74000,15.35000,15.50000,3600
2024-02-12,15.30000,15.30000,15.06000,15.06000,2100
2024-02-13,15.00000,15.00000,14.85000,14.85000,1300
2024-02-14,14.81000,14.81000,14.81000,14.81000,900
2024-02-15,15.11000,15.11000,14.81000,14.81000,3000
2024-02-16,14.81000,14.81000,14.61000,14.61000,2300
2024-02-20,14.54000,14.54000,14.53000,14.53000,1200
2024-02-21,14.42000,14.96000,14.42000,14.75000,5900
2024-02-22,14.46000,14.75000,13.51000,13.97000,12000
2024-02-23,14.09000,14.77000,13.81000,13.81000,5700
2024-02-26,14.73000,14.73000,14.05000,14.27000,3500
2024-02-27,14.27000,14.27000,14.27000,14.27000,400
2024-02-28,13.84000,14.05000,13.81000,13.99000,3500
2024-02-29,13.90000,14.00000,13.90000,13.90000,1600
2024-03-01,13.90000,14.18000,13.61000,13.70000,8200
2024-03-04,13.61000,14.00000,13.61000,13.81000,2400
2024-03-05,14.28000,14.28000,13.99000,14.00000,1800
2024-03-06,13.70000,13.99000,13.70000,13.99000,4500
2024-03-07,14.29000,14.29000,13.72000,13.72000,1100
2024-03-08,13.80000,13.95000,13.80000,13.80000,3700
2024-03-12,13.80000,13.80000,13.80000,13.80000,300
2024-03-13,13.42000,14.05000,13.42000,13.61000,5000
2024-03-14,13.61000,13.65000,13.50000,13.65000,2500
2024-03-15,13.85000,13.90000,13.65000,13.90000,3400
2024-03-18,13.52000,13.85000,13.45000,13.45000,10600
2024-03-19,13.58000,13.65000,13.50000,13.50000,4000
2024-03-20,13.57000,13.94000,13.56000,13.94000,1100
2024-03-21,13.90000,13.90000,13.88000,13.88000,1000
2024-03-22,13.97000,14.03000,13.70000,13.98000,1800
2024-03-25,13.94000,13.94000,13.70000,13.70000,1400
2024-03-26,13.70000,13.70000,13.70000,13.70000,300
2024-03-27,13.60000,13.82000,13.60000,13.82000,800
2024-03-28,13.75000,13.98000,13.75000,13.78000,1900
2024-04-01,14.01000,14.40000,13.62000,13.95000,7800
2024-04-02,13.64000,14.17000,13.61000,14.17000,1100
2024-04-03,14.10000,14.10000,14.10000,14.10000,600
2024-04-04,13.75000,14.38000,13.61000,14.38000,2500
2024-04-05,13.90000,13.90000,13.90000,13.90000,700
2024-04-08,13.78000,13.79000,13.78000,13.79000,300
2024-04-09,13.78000,13.78000,13.61000,13.61000,1500
2024-04-10,13.51000,13.51000,13.31000,13.31000,3000
2024-04-11,13.11000,13.60000,13.11000,13.60000,1100
2024-04-12,13.24000,13.71000,13.11000,13.71000,1800
2024-04-15,13.14000,13.14000,13.14000,13.14000,400
2024-04-16,13.14000,13.14000,13.14000,13.14000,400
2024-04-17,13.02000,13.45000,13.02000,13.45000,1500
2024-04-18,13.15000,13.34000,13.15000,13.32000,2000
2024-04-19,13.50000,13.75000,13.43000,13.43000,11300
2024-04-22,13.45000,13.53000,13.45000,13.51000,1700
2024-04-23,13.51000,13.51000,13.51000,13.51000,300
2024-04-24,13.55000,13.79000,13.50000,13.79000,5400
2024-04-25,13.54000,13.96000,13.54000,13.80000,1600
2024-04-26,13.82000,13.87000,13.71000,13.71000,3200
2024-04-29,13.98000,13.98000,13.64000,13.64000,1400
2024-04-30,13.52000,13.60000,13.06000,13.38000,7000
2024-05-01,13.38000,13.38000,13.38000,13.38000,300
2024-05-02,13.32000,13.54000,13.01000,13.01000,1200
2024-05-03,13.48000,13.51000,13.32000,13.51000,3800
2024-05-06,13.32000,13.69000,13.25000,13.50000,10600
2024-05-07,13.72000,14.20000,13.51000,13.51000,8400
2024-05-08,13.80000,14.00000,13.60000,13.75000,2100
2024-05-09,13.58000,13.63000,13.58000,13.63000,1100
2024-05-10,13.73000,13.77000,13.59000,13.77000,3300
2024-05-13,13.70000,13.70000,13.70000,13.70000,2600
2024-05-14,13.70000,13.70000,13.70000,13.70000,300
2024-05-15,13.56000,13.72000,13.56000,13.60000,2900
2024-05-17,13.61000,13.61000,13.61000,13.61000,400
2024-05-20,13.77000,14.32000,13.66000,13.66000,3900
2024-05-21,13.68000,14.00000,13.68000,13.90000,2000
2024-05-22,14.25000,14.30000,13.85000,14.20000,4700
2024-05-23,14.04000,14.10000,13.76000,13.80000,4900
2024-05-24,14.01000,14.90000,13.98000,14.50000,8300
2024-05-28,14.54000,14.88000,14.18000,14.18000,3900
2024-05-29,14.01000,14.21000,14.01000,14.17000,2100
2024-05-30,14.10000,14.30000,13.92000,13.92000,2500
2024-05-31,13.89000,14.79000,13.58000,13.72000,10500
2024-06-03,14.17000,14.17000,13.78000,14.11000,4000
2024-06-04,14.00000,14.00000,13.79000,13.92000,4800
2024-06-05,13.85000,14.10000,13.64000,13.64000,3300
2024-06-06,13.90000,13.91000,13.90000,13.91000,2000
2024-06-07,13.79000,14.05000,13.65000,13.84000,2600
2024-06-10,14.00000,14.01000,13.80000,14.01000,2700
2024-06-11,13.70000,13.71000,13.70000,13.71000,600
2024-06-12,13.74000,14.11000,13.74000,13.77000,2700
2024-06-13,13.75000,14.20000,13.21000,14.20000,4400
2024-06-14,13.82000,13.85000,13.82000,13.85000,600
2024-06-17,13.91000,14.20000,13.91000,14.20000,3000
2024-06-18,14.19000,14.25000,14.01000,14.01000,5900
2024-06-20,14.01000,14.01000,14.01000,14.01000,300
2024-06-21,14.16000,14.20000,14.16000,14.18000,4900
2024-06-24,14.04000,14.10000,14.02000,14.02000,4800
2024-06-25,14.02000,14.06000,13.66000,13.66000,8400
2024-06-26,13.88000,14.00000,13.80000,14.00000,3500
2024-06-27,13.90000,13.99000,13.67000,13.99000,4300
2024-06-28,13.93000,14.00000,13.78000,14.00000,3800
2024-07-01,13.69000,14.13000,13.69000,14.00000,5900
2024-07-02,13.84000,14.13000,13.84000,14.13000,1800
2024-07-05,14.13000,14.13000,14.13000,14.13000,300
2024-07-08,13.90000,13.93000,13.62000,13.63000,14000
2024-07-09,13.65000,13.65000,13.65000,13.65000,1400
2024-07-10,13.75000,13.75000,13.52000,13.52000,1500
2024-07-11,13.20000,13.90000,13.20000,13.79000,7500
2024-07-12,13.85000,13.91000,13.85000,13.91000,1200
2024-07-15,14.15000,14.32000,14.04000,14.05000,4600
2024-07-16,14.15000,14.55000,14.15000,14.32000,5500
2024-07-17,14.87000,15.98000,14.47000,15.85000,12300
2024-07-18,16.00000,16.05000,14.80000,15.45000,14900
2024-07-19,15.50000,15.99000,15.01000,15.10000,2800
2024-07-22,14.75000,15.51000,14.75000,14.80000,12000
2024-07-23,15.32000,15.54000,15.15000,15.38000,3500
2024-07-24,15.37000,15.37000,15.37000,15.37000,700
2024-07-25,15.37000,15.37000,15.37000,15.37000,300
2024-07-26,15.40000,16.32000,15.40000,16.23000,6400
2024-07-29,16.49000,16.69000,16.11000,16.32000,11400
2024-07-30,16.50000,16.59000,16.01000,16.15000,4800
2024-07-31,16.51000,16.75000,16.30000,16.71000,18100
2024-08-01,16.90000,16.90000,16.30000,16.34000,8200
2024-08-02,16.67000,17.51000,16.34000,16.81000,11400
2024-08-05,16.54000,16.54000,15.81000,16.24000,8800
2024-08-06,16.11000,16.98000,15.80000,16.98000,6500
2024-08-07,16.40000,17.10000,15.55000,16.49000,5000
2024-08-08,16.01000,16.23000,15.10000,15.96000,11100
2024-08-09,15.12000,16.13000,15.11000,15.42000,4800
2024-08-12,15.21000,15.49000,14.75000,14.85000,9800
2024-08-13,14.77000,15.47000,14.76000,15.34000,7000
2024-08-14,14.83000,15.48000,14.83000,15.35000,3100
2024-08-15,15.15000,15.30000,15.00000,15.15000,7900
2024-08-16,15.32000,15.50000,15.32000,15.50000,6500
2024-08-19,15.57000,15.57000,15.10000,15.48000,6600
2024-08-20,15.15000,15.16000,15.01000,15.16000,3600
2024-08-21,15.02000,15.30000,14.24000,14.98000,21800
2024-08-22,15.42000,15.42000,15.15000,15.32000,4800
2024-08-23,15.35000,16.17000,15.19000,15.75000,17800
2024-08-26,16.20000,17.00000,15.99000,16.40000,12900
2024-08-27,16.36000,16.36000,15.80000,15.80000,5600
2024-08-28,16.10000,16.40000,15.86000,16.40000,4300
2024-08-29,16.28000,16.28000,15.90000,16.10000,3400
2024-08-30,16.02000,16.49000,16.02000,16.25000,5000
2024-09-03,16.39000,16.74000,15.97000,16.32000,19300
2024-09-04,16.67000,16.99000,15.86000,16.99000,16500
2024-09-05,16.76000,17.65000,16.32000,17.04000,26000
2024-09-06,16.99000,17.58000,16.76000,17.15000,12200
2024-09-09,17.20000,17.50000,16.80000,17.22000,14400
2024-09-10,17.25000,17.65000,16.85000,17.06000,11100
2024-09-11,17.02000,17.35000,16.51000,17.35000,12300
2024-09-12,17.22000,17.22000,17.20000,17.20000,1200
2024-09-13,17.15000,18.62000,17.10000,18.04000,14900
2024-09-16,16.56000,18.67000,16.56000,18.52000,23200
2024-09-17,18.31000,18.93000,18.01000,18.55000,15200
2024-09-18,18.06000,19.90000,18.06000,18.92000,18200
2024-09-19,19.30000,19.50000,18.59000,18.76000,11800
2024-09-20,18.93000,20.53000,18.80000,20.40000,31000
2024-09-23,20.40000,20.40000,19.81000,20.08000,13700
2024-09-24,19.65000,20.19000,19.00000,20.00000,16400
2024-09-25,20.04000,20.04000,19.70000,19.70000,4400
2024-09-26,19.64000,20.30000,19.55000,19.79000,15500
2024-09-27,19.17000,20.20000,18.41000,20.20000,20000
2024-09-30,20.33000,20.84000,20.00000,20.56000,14300
2024-10-01,20.11000,21.21000,19.52000,20.67000,23200
2024-10-02,20.50000,20.50000,20.22000,20.22000,3300
2024-10-03,20.18000,20.18000,19.80000,19.92000,8600
2024-10-04,19.98000,20.14000,19.93000,20.14000,7000
2024-10-07,19.43000,19.87000,19.43000,19.87000,1600
2024-10-08,19.97000,19.98000,19.95000,19.95000,4900
2024-10-09,19.77000,19.95000,19.54000,19.54000,5900
2024-10-10,19.50000,19.69000,19.41000,19.69000,2700
2024-10-11,19.69000,20.40000,19.69000,20.26000,5900
2024-10-14,19.90000,19.90000,19.57000,19.69000,8500
2024-10-15,19.07000,20.16000,19.07000,19.57000,12100
2024-10-16,19.65000,20.00000,19.50000,19.86000,3600
2024-10-17,19.45000,20.09000,19.24000,20.09000,6300
2024-10-18,19.00000,19.66000,19.00000,19.63000,1800
2024-10-21,19.76000,19.76000,19.66000,19.66000,1200
2024-10-23,19.43000,20.00000,19.43000,19.72000,9600
2024-10-24,19.55000,20.25000,19.55000,20.25000,9900
2024-10-25,19.51000,19.90000,18.70000,19.00000,26600
2024-10-28,18.57000,19.92000,18.54000,19.64000,16800
2024-10-29,19.35000,19.79000,19.35000,19.69000,15600
2024-10-30,19.10000,19.65000,19.07000,19.65000,9300
2024-10-31,19.69000,19.69000,18.68000,19.21000,11000
2024-11-01,19.05000,19.53000,18.88000,19.53000,4900
2024-11-04,19.53000,19.60000,19.35000,19.60000,3800
2024-11-05,19.64000,19.68000,17.91000,18.10000,31500
2024-11-06,19.09000,19.37000,18.57000,18.72000,11400
2024-11-07,18.67000,18.85000,18.53000,18.79000,9600
2024-11-08,18.60000,19.18000,18.60000,18.67000,2100
2024-11-11,18.49000,19.05000,18.49000,18.87000,4000
2024-11-12,18.80000,19.24000,18.73000,19.19000,13800
2024-11-13,18.85000,19.36000,18.49000,18.86000,10200
2024-11-14,18.89000,20.00000,18.89000,19.94000,17800
2024-11-15,19.80000,20.91000,19.51000,20.31000,27200
2024-11-18,20.06000,20.86000,19.73000,20.03000,13200
2024-11-19,19.86000,20.59000,19.86000,20.59000,14500
2024-11-20,20.64000,20.99000,20.07000,20.99000,14700
2024-11-21,20.85000,21.30000,20.61000,20.75000,16700
2024-11-22,20.73000,21.98000,20.32000,21.79000,26400
2024-11-25,21.72000,21.89000,20.91000,20.91000,19600
2024-11-26,20.57000,21.78000,20.49000,21.34000,18000
2024-11-27,21.45000,22.00000,21.45000,21.75000,12600
2024-11-29,21.75000,22.00000,21.56000,21.71000,9800
2024-12-02,20.62000,21.70000,20.62000,21.24000,11600
2024-12-03,21.40000,21.68000,21.21000,21.41000,10000
2024-12-04,21.56000,21.77000,21.21000,21.45000,15000
2024-12-05,21.59000,21.64000,21.48000,21.64000,14600
2024-12-06,21.66000,21.89000,21.29000,21.66000,21300
2024-12-09,21.90000,22.21000,21.51000,21.91000,32600
2024-12-10,22.02000,22.21000,21.78000,21.78000,20200
2024-12-11,21.98000,21.98000,21.81000,21.81000,15000
2024-12-12,21.52000,21.93000,21.45000,21.65000,19500
2024-12-13,20.98000,21.94000,20.98000,21.74000,27200
2024-12-16,21.74000,22.62000,21.68000,22.55000,95600
2024-12-17,22.48000,22.98000,22.21000,22.69000,102600
2024-12-18,22.82000,23.00000,22.44000,22.79000,90200
2024-12-19,22.78000,22.78000,21.81000,22.30000,149500
2024-12-20,21.98000,22.17000,20.91000,20.91000,42200
2024-12-23,20.74000,20.86000,19.89000,20.06000,20300
2024-12-24,19.93000,21.33000,19.93000,20.93000,15200
2024-12-26,20.88000,21.72000,20.88000,21.58000,13000
2024-12-27,21.74000,21.74000,21.28000,21.48000,21300
2024-12-30,21.20000,21.20000,20.57000,20.57000,15200
2024-12-31,20.01000,21.15000,20.01000,20.91000,7300
2025-01-02,20.69000,21.03000,20.60000,20.74000,12700
2025-01-03,20.61000,21.19000,20.25000,20.91000,10200
2025-01-06,21.17000,22.01000,20.48000,21.25000,34100
2025-01-07,21.08000,21.08000,20.70000,20.88000,23900
2025-01-08,20.57000,20.83000,19.72000,20.76000,42300
2025-01-10,20.36000,20.54000,20.00000,20.26000,8100
2025-01-13,19.88000,20.23000,19.57000,19.57000,7000
2025-01-14,19.52000,20.07000,19.52000,19.79000,19600
2025-01-15,20.00000,20.64000,19.55000,20.18000,16700
2025-01-16,20.10000,20.36000,20.07000,20.25000,11300
2025-01-17,20.06000,20.41000,20.00000,20.29000,18500
2025-01-21,20.45000,20.47000,20.13000,20.40000,3800
2025-01-22,20.00000,20.65000,20.00000,20.52000,13600
2025-01-23,20.00000,20.75000,20.00000,20.75000,15100
2025-01-24,20.75000,22.25000,20.75000,21.22000,24200
2025-01-27,21.48000,21.70000,20.88000,21.27000,7300
2025-01-28,21.00000,21.95000,18.90000,21.95000,10600
2025-01-29,22.04000,22.32000,21.28000,22.21000,11100
2025-01-30,22.50000,22.50000,21.85000,22.26000,6200
2025-01-31,22.01000,22.75000,21.82000,22.37000,10600
2025-02-03,21.49000,22.30000,21.00000,22.16000,8800
2025-02-04,22.47000,22.99000,21.58000,22.99000,6800
2025-02-05,22.99000,23.64000,22.96000,23.43000,22300
2025-02-06,23.21000,24.00000,21.30000,24.00000,18700
2025-02-07,23.51000,24.48000,23.51000,24.14000,40900
2025-02-10,23.85000,24.23000,22.85000,24.00000,8700
2025-02-11,23.60000,24.26000,23.53000,23.93000,11500
2025-02-12,23.88000,23.98000,23.00000,23.90000,23800
2025-02-13,23.90000,24.22000,23.33000,23.77000,32600
2025-02-14,23.69000,23.69000,23.29000,23.42000,7600
2025-02-18,23.44000,23.48000,23.22000,23.35000,7400
2025-02-19,23.07000,23.28000,22.76000,23.18000,11700
2025-02-20,22.87000,23.01000,22.34000,22.67000,12900
2025-02-21,22.61000,22.61000,21.81000,22.08000,15000
2025-02-24,22.34000,22.37000,21.02000,21.10000,21200
2025-02-25,21.14000,21.24000,20.10000,20.82000,16500
2025-02-26,20.67000,21.19000,20.24000,21.00000,35100
2025-02-27,20.70000,21.08000,19.68000,20.99000,23600
2025-02-28,21.08000,21.39000,20.48000,21.18000,21600
2025-03-03,21.23000,21.94000,20.96000,21.23000,62900
2025-03-04,20.86000,20.86000,19.12000,20.45000,28000
2025-03-05,19.82000,20.42000,19.40000,20.40000,16300
2025-03-06,20.11000,20.33000,19.90000,20.30000,19800
2025-03-07,20.09000,20.28000,19.36000,20.19000,13800
2025-03-10,19.33000,19.67000,18.94000,19.25000,26100
2025-03-11,19.20000,19.28000,18.81000,19.03000,14500
2025-03-12,18.99000,19.45000,18.77000,19.07000,14900
2025-03-13,18.86000,19.18000,18.81000,19.18000,14300
2025-03-14,18.46000,19.50000,18.46000,19.40000,12100
2025-03-17,19.47000,20.10000,19.14000,19.82000,9500
2025-03-18,19.51000,19.94000,19.49000,19.94000,16000
2025-03-19,19.69000,20.36000,19.69000,20.28000,15900
2025-03-20,19.87000,20.78000,19.87000,20.78000,22800
2025-03-21,20.48000,21.09000,20.47000,20.99000,22400
2025-03-24,20.93000,21.98000,20.93000,21.36000,28700
2025-03-25,21.27000,21.45000,21.17000,21.17000,9900
2025-03-26,21.02000,21.30000,20.14000,20.82000,11200
2025-03-27,21.14000,21.30000,21.12000,21.24000,10400
2025-03-28,21.27000,21.27000,21.12000,21.15000,5200
2025-03-31,20.86000,21.12000,20.50000,20.82000,8300
2025-04-01,20.85000,20.85000,20.08000,20.75000,11200
2025-04-02,20.80000,20.98000,20.59000,20.61000,14300
2025-04-03,19.50000,20.20000,19.26000,19.78000,33600
2025-04-04,19.02000,19.36000,18.71000,19.07000,13800
2025-04-07,19.01000,19.91000,18.86000,19.26000,23500
2025-04-08,19.43000,19.43000,18.20000,18.24000,13100
2025-04-09,18.00000,20.23000,18.00000,19.00000,39200
2025-04-10,17.89000,19.13000,17.89000,18.26000,11500
2025-04-11,18.07000,18.25000,17.33000,17.74000,14400
2025-04-14,18.02000,18.35000,18.02000,18.07000,11700
2025-04-15,18.23000,18.95000,18.02000,18.19000,11600
2025-04-16,18.02000,18.67000,18.02000,18.51000,12700
2025-04-17,18.64000,19.30000,18.63000,18.71000,20300
2025-04-21,18.40000,18.77000,18.18000,18.56000,9900
2025-04-22,18.56000,19.73000,18.39000,19.34000,56300
2025-04-23,19.39000,20.05000,19.07000,19.65000,57400
2025-04-24,19.63000,19.89000,19.59000,19.66000,18500
2025-04-25,19.62000,19.62000,19.01000,19.01000,7300
2025-04-28,19.06000,19.73000,19.06000,19.73000,19800
2025-04-29,19.67000,19.83000,18.97000,19.79000,17600
2025-04-30,19.69000,19.75000,19.41000,19.44000,17800
2025-05-01,19.31000,19.75000,19.21000,19.40000,28200
2025-05-02,19.03000,20.02000,19.00000,19.40000,38100
2025-05-05,19.16000,19.83000,19.16000,19.40000,32000
2025-05-06,19.39000,19.65000,18.53000,19.18000,18400
2025-05-07,19.19000,19.57000,18.59000,19.30000,21000
2025-05-08,19.33000,19.89000,19.10000,19.48000,49900
2025-05-09,19.07000,19.62000,19.07000,19.60000,23100
2025-05-12,19.80000,20.01000,19.57000,19.57000,34100
2025-05-13,19.80000,20.18000,19.59000,19.75000,29600
2025-05-14,19.77000,20.26000,19.73000,20.05000,16600
2025-05-15,20.24000,20.37000,19.70000,19.95000,22600
2025-05-16,19.89000,19.89000,19.30000,19.30000,10300
2025-05-19,19.36000,19.86000,19.01000,19.82000,31400
2025-05-20,19.82000,19.83000,19.36000,19.83000,17900
2025-05-21,19.80000,19.82000,19.51000,19.69000,19800
2025-05-22,19.70000,19.80000,19.39000,19.48000,19400
2025-05-23,18.77000,19.49000,18.77000,19.26000,13800
2025-05-27,19.43000,19.49000,19.15000,19.32000,18100
2025-05-28,19.02000,19.88000,19.02000,19.69000,21700
2025-05-29,19.68000,19.68000,19.36000,19.60000,24500
2025-05-30,19.59000,20.07000,19.40000,19.40000,38300
2025-06-02,19.48000,19.48000,18.96000,19.05000,14700
2025-06-03,18.85000,19.03000,18.32000,18.49000,25600
2025-06-04,18.61000,18.99000,18.08000,18.08000,21200
2025-06-05,18.01000,18.50000,17.94000,18.04000,23500
2025-06-06,18.04000,18.50000,18.04000,18.23000,20400
2025-06-09,18.20000,18.34000,17.99000,18.09000,12400
2025-06-10,18.03000,18.31000,18.02000,18.23000,32000
2025-06-11,18.24000,18.39000,18.12000,18.32000,22100
2025-06-12,18.28000,18.39000,18.21000,18.37000,11200
2025-06-13,18.28000,18.34000,17.98000,18.05000,17600
2025-06-16,18.14000,18.23000,17.67000,17.67000,20300
2025-06-17,17.72000,17.90000,17.10000,17.19000,35500
2025-06-18,17.19000,17.37000,17.10000,17.37000,28700
2025-06-20,17.55000,17.74000,17.27000,17.62000,25200
2025-06-23,17.46000,17.80000,17.21000,17.47000,35900
2025-06-24,17.51000,17.80000,17.51000,17.70000,46300
2025-06-25,17.70000,18.00000,17.16000,17.55000,29500
2025-06-26,17.50000,18.44000,17.50000,18.08000,55200
2025-06-27,18.01000,18.48000,17.79000,18.37000,768900
2025-06-30,18.05000,19.15000,18.00000,19.10000,82600
2025-07-01,18.89000,19.53000,18.73000,19.00000,50900
2025-07-02,19.18000,19.46000,18.81000,19.00000,30000
2025-07-03,18.85000,19.27000,18.85000,19.27000,16700
2025-07-07,19.11000,19.38000,19.02000,19.10000,33800
2025-07-08,19.20000,19.87000,18.92000,19.70000,18000
2025-07-09,19.66000,19.87000,19.45000,19.62000,18900
2025-07-10,19.61000,19.80000,19.44000,19.45000,23900
2025-07-11,18.94000,19.26000,18.91000,18.91000,10400
2025-07-14,18.95000,19.25000,18.95000,19.21000,8600
2025-07-15,19.30000,19.30000,18.62000,18.93000,50200
2025-07-16,18.95000,19.37000,18.83000,19.25000,15900
2025-07-17,19.09000,19.79000,19.09000,19.50000,30000
2025-07-18,19.72000,19.95000,19.46000,19.50000,21900
2025-07-21,19.53000,19.90000,19.53000,19.89000,16200
2025-07-22,19.77000,19.80000,19.50000,19.58000,18100
2025-07-23,19.67000,19.81000,19.62000,19.75000,20900
2025-07-24,19.77000,20.07000,19.72000,19.80000,18600
2025-07-25,19.75000,20.07000,19.31000,19.73000,13200
2025-07-28,19.68000,20.02000,19.68000,19.77000,16100
2025-07-29,20.06000,20.06000,19.40000,19.42000,11700
2025-07-30,19.55000,19.82000,18.95000,19.31000,17800
2025-07-31,19.11000,19.16000,18.81000,18.81000,15100
2025-08-01,18.75000,18.97000,18.34000,18.97000,17600
2025-08-04,19.12000,20.11000,19.12000,20.10000,22900
2025-08-05,20.27000,20.55000,19.88000,20.25000,46500
2025-08-06,20.02000,20.52000,20.02000,20.32000,13000
2025-08-07,20.48000,20.49000,19.85000,20.09000,17000
2025-08-08,20.21000,20.90000,20.19000,20.69000,13500
2025-08-11,20.84000,21.16000,19.88000,20.71000,15800
2025-08-12,20.71000,21.50000,20.63000,21.28000,37800
2025-08-13,21.29000,21.77000,20.86000,21.63000,35900
2025-08-14,21.34000,21.63000,21.32000,21.32000,10100
2025-08-15,21.32000,21.70000,20.69000,20.81000,13500
2025-08-18,20.81000,21.33000,20.64000,20.77000,19800
2025-08-19,20.26000,21.19000,20.26000,20.78000,13100
2025-08-20,20.88000,21.47000,20.66000,20.75000,11700
2025-08-21,20.63000,20.72000,20.50000,20.70000,5800
2025-08-22,20.71000,21.23000,20.71000,20.90000,49700
2025-08-25,20.99000,21.20000,20.76000,20.88000,17500
2025-08-26,20.94000,21.12000,20.82000,20.90000,36900
2025-08-27,20.93000,21.63000,20.82000,21.20000,35200
2025-08-28,21.41000,21.59000,21.11000,21.15000,50500
2025-08-29,21.36000,21.81000,20.93000,21.00000,80400
2025-09-02,20.92000,21.46000,20.61000,21.45000,48300
2025-09-03,21.50000,21.98000,21.06000,21.91000,28800
2025-09-04,22.07000,22.25000,21.75000,22.03000,26300
2025-09-05,22.15000,22.36000,21.86000,22.10000,11200
2025-09-08,22.01000,22.09000,21.86000,22.09000,11400
2025-09-09,20.00000,21.83000,20.00000,21.64000,8800
2025-09-10,21.60000,21.60000,21.21000,21.43000,6900
2025-09-11,21.43000,21.74000,21.43000,21.55000,6300
2025-09-12,21.59000,21.59000,20.89000,20.89000,5400
2025-09-15,20.86000,20.86000,20.30000,20.38000,11700
2025-09-16,20.43000,20.56000,20.00000,20.51000,16300
2025-09-17,20.42000,21.11000,20.05000,20.74000,20000
2025-09-18,20.55000,21.23000,20.55000,21.13000,10600
2025-09-19,21.11000,21.11000,20.22000,21.06000,62600
2025-09-22,20.71000,20.92000,20.19000,20.28000,19800
2025-09-23,20.46000,21.30000,20.04000,20.54000,17600
2025-09-24,20.55000,21.43000,20.31000,20.34000,10900
2025-09-25,20.27000,20.90000,20.03000,20.56000,7800
2025-09-26,20.53000,20.95000,20.15000,20.28000,10200
2025-09-29,20.56000,20.56000,19.49000,19.54000,36300
2025-09-30,19.17000,19.35000,19.04000,19.29000,13400
2025-10-01,19.17000,19.35000,18.92000,19.10000,12500
2025-10-02,19.09000,19.37000,18.95000,19.07000,12400
2025-10-03,19.28000,19.38000,19.12000,19.19000,7000
2025-10-06,19.18000,19.45000,19.18000,19.45000,10300
2025-10-07,19.21000,19.35000,18.97000,19.09000,13400
2025-10-08,18.88000,19.23000,18.88000,19.20000,21500
2025-10-09,18.87000,19.22000,18.53000,18.62000,18400
2025-10-10,18.51000,18.51000,18.20000,18.22000,14900
2025-10-13,18.42000,19.28000,18.33000,18.96000,16900
2025-10-14,18.77000,19.79000,18.76000,19.79000,20300
2025-10-15,19.50000,19.76000,19.31000,19.76000,6600
2025-10-16,19.51000,19.51000,18.43000,18.43000,6900
2025-10-17,18.44000,18.83000,18.44000,18.71000,12200
2025-10-20,18.77000,19.55000,18.55000,19.55000,8900
2025-10-21,19.43000,19.71000,19.15000,19.69000,13300
2025-10-22,19.55000,19.85000,19.11000,19.85000,6100
2025-10-23,19.28000,19.55000,19.24000,19.28000,3900
2025-10-24,19.04000,19.24000,19.04000,19.24000,2000
2025-10-27,19.27000,19.64000,19.24000,19.28000,6400
2025-10-28,19.28000,19.34000,18.92000,19.34000,6800
2025-10-29,19.07000,19.43000,18.76000,18.76000,9700
2025-10-30,18.52000,19.33000,18.16000,18.85000,5900
2025-10-31,18.40000,19.95000,18.40000,19.56000,15500
2025-11-03,19.11000,19.11000,18.72000,18.72000,7400
2025-11-04,19.36000,19.79000,19.36000,19.66000,12700
2025-11-05,19.94000,20.63000,19.45000,20.60000,10900
2025-11-06,20.69000,21.33000,20.50000,20.80000,22700
2025-11-07,21.13000,21.96000,20.71000,21.65000,24000
2025-11-10,21.93000,22.41000,21.12000,21.12000,21100
2025-11-11,21.05000,21.29000,20.77000,20.77000,6700
2025-11-12,21.09000,21.83000,21.02000,21.20000,13600
2025-11-13,21.38000,21.58000,21.16000,21.37000,10300
2025-11-14,21.07000,21.81000,20.25000,20.38000,19500
2025-11-17,20.26000,20.38000,19.62000,19.62000,18500
2025-11-18,19.52000,20.23000,19.52000,19.75000,7900
2025-11-19,19.87000,20.37000,19.85000,19.91000,18900
2025-11-20,20.18000,20.32000,19.67000,19.89000,16500
2025-11-21,20.00000,21.30000,20.00000,21.13000,16200
2025-11-24,21.35000,21.35000,20.57000,20.70000,10600
2025-11-25,21.02000,21.52000,20.84000,21.50000,12000
2025-11-26,21.45000,21.65000,20.12000,21.62000,15100
2025-11-28,21.52000,22.05000,21.40000,21.40000,12200
2025-12-01,21.38000,21.95000,21.16000,21.71000,11000
2025-12-02,21.87000,21.87000,21.18000,21.18000,6900
2025-12-03,22.00000,22.00000,21.30000,21.78000,15200
2025-12-04,21.92000,22.20000,21.48000,21.70000,14500
2025-12-05,21.70000,21.77000,21.19000,21.23000,7600
2025-12-08,21.23000,21.58000,21.23000,21.42000,7300
2025-12-09,21.62000,21.99000,21.39000,21.82000,12900
2025-12-10,21.84000,23.11000,21.84000,22.82000,26100
2025-12-11,22.82000,23.77000,22.82000,23.56000,17800
2025-12-12,23.24000,23.29000,22.83000,23.03000,21900
2025-12-15,23.12000,23.90000,22.68000,23.74000,20800
2025-12-16,23.85000,23.87000,23.30000,23.52000,19200
2025-12-17,23.30000,23.82000,23.26000,23.36000,8100
2025-12-18,23.50000,23.93000,23.37000,23.57000,15300
2025-12-19,23.59000,23.83000,22.93000,23.07000,30100
2025-12-22,23.20000,23.28000,22.36000,22.36000,11600
2025-12-23,22.51000,22.59000,22.27000,22.28000,6000
2025-12-24,22.36000,22.60000,21.63000,22.00000,8800
2025-12-26,22.00000,22.33000,21.71000,21.89000,9600
2025-12-29,21.77000,22.00000,21.50000,21.64000,14000
2025-12-30,21.70000,22.96000,21.50000,22.00000,11700
2025-12-31,21.91000,22.27000,21.73000,22.27000,5100
2026-01-02,22.41000,22.48000,21.23000,21.37000,9900
2026-01-05,21.37000,22.27000,21.37000,22.13000,15000
2026-01-06,21.85000,21.90000,21.39000,21.60000,9400
2026-01-07,21.21000,21.91000,20.86000,20.92000,18300
2026-01-08,21.00000,21.54000,21.00000,21.32000,17200
2026-01-09,21.23000,21.28000,20.99000,21.02000,9800
2026-01-12,21.07000,21.56000,20.90000,21.21000,7700
2026-01-13,21.07000,21.48000,21.01000,21.10000,10300
2026-01-14,21.25000,21.61000,21.02000,21.60000,8500
2026-01-15,21.65000,22.11000,20.67000,21.83000,8800
2026-01-16,21.76000,22.12000,21.76000,22.05000,6400
2026-01-20,21.51000,22.24000,21.08000,21.57000,7900
2026-01-21,21.84000,22.50000,21.84000,22.49000,9900
2026-01-22,22.49000,23.06000,22.49000,22.96000,5900
2026-01-23,22.78000,22.78000,22.02000,22.02000,7000
2026-01-26,22.04000,22.41000,22.04000,22.07000,4900
2026-01-27,21.98000,22.54000,21.98000,22.10000,7700
2026-01-28,22.03000,22.03000,21.29000,21.74000,5300
2026-01-29,21.86000,22.58000,21.86000,22.58000,5400
2026-01-30,21.70000,22.99000,21.41000,22.83000,11000
2026-02-02,22.22000,22.87000,21.90000,22.52000,27100
2026-02-03,22.62000,22.74000,21.66000,22.23000,7800
2026-02-04,22.39000,22.70000,21.76000,22.21000,12300
2026-02-05,22.22000,22.22000,22.05000,22.14000,8600
2026-02-06,22.55000,22.55000,22.11000,22.12000,11300
2026-02-09,21.98000,22.20000,21.67000,21.67000,8300
2026-02-10,21.41000,21.81000,21.14000,21.22000,22200
2026-02-11,21.23000,21.42000,21.17000,21.20000,7800
2026-02-12,21.49000,21.49000,20.91000,21.09000,8000
2026-02-13,20.99000,21.82000,20.91000,20.93000,9400
2026-02-17,20.97000,21.29000,20.81000,21.25000,14000
2026-02-18,21.26000,21.33000,20.95000,21.16000,14300
2026-02-19,21.20000,21.46000,21.02000,21.39000,8200
2026-02-20,21.30000,21.66000,21.18000,21.66000,9600
2026-02-23,21.69000,21.69000,21.03000,21.20000,14200
2026-02-24,21.21000,21.26000,20.81000,20.81000,7400
2026-02-25,20.77000,21.08000,20.76000,21.07000,8300
2026-02-26,20.99000,21.37000,20.99000,21.20000,8200
2026-02-27,21.20000,21.48000,20.75000,20.76000,27700
2026-03-02,20.61000,20.96000,19.95000,20.71000,15100
2026-03-03,20.31000,20.75000,20.12000,20.56000,14600
2026-03-04,20.52000,20.72000,20.47000,20.64000,8900
2026-03-05,20.66000,20.66000,20.35000,20.63000,10600
2026-03-06,20.31000,20.44000,20.11000,20.37000,13200
2026-03-09,20.11000,20.55000,19.95000,20.37000,13300
2026-03-10,20.12000,20.37000,19.97000,20.16000,12100
2026-03-11,20.00000,20.35000,19.75000,20.23000,18900
2026-03-12,20.00000,20.83000,19.54000,20.27000,18000
2026-03-13,20.37000,20.37000,19.88000,19.88000,9900
2026-03-16,20.09000,20.31000,20.01000,20.31000,9300
2026-03-17,20.31000,20.69000,20.18000,20.24000,21700
2026-03-18,20.23000,20.23000,19.87000,19.89000,16000
2026-03-19,19.90000,20.20000,19.81000,20.01000,8800
2026-03-20,19.97000,20.29000,19.93000,19.98000,40200
2026-03-23,20.24000,20.82000,20.24000,20.82000,10600
2026-03-24,20.76000,20.76000,20.47000,20.47000,5200
2026-03-25,20.63000,20.63000,20.16000,20.18000,7900
2026-03-26,20.02000,20.84000,20.02000,20.60000,10000
2026-03-27,20.54000,20.74000,20.28000,20.58000,7700
2026-03-30,20.73000,21.22000,20.65000,21.22000,10000
2026-03-31,21.36000,21.36000,20.90000,21.00000,12600
2026-04-01,20.94000,21.19000,20.76000,20.76000,8000
2026-04-02,20.53000,21.18000,20.34000,20.48000,9800
2026-04-06,20.42000,21.09000,20.42000,20.62000,15900
2026-04-07,20.68000,21.11000,20.68000,21.07000,9100
2026-04-08,21.46000,22.37000,21.46000,22.37000,13800
2026-04-09,21.98000,22.22000,21.14000,22.22000,7800
2026-04-10,22.31000,22.60000,22.09000,22.30000,4200
2026-04-13,22.06000,22.70000,21.25000,22.43000,9900
2026-04-14,22.36000,22.53000,22.20000,22.53000,4700
2026-04-15,22.38000,22.42000,22.05000,22.18000,2732
