date,open,high,low,close,volume
2016-02-04,4.75000,4.99000,4.66000,4.86000,69400
2016-02-05,4.86000,4.99000,4.73000,4.79000,49600
2016-02-08,4.70000,4.70000,4.28000,4.46000,87200
2016-02-09,4.45000,4.53000,4.40000,4.47000,44700
2016-02-10,4.53000,4.58000,4.37000,4.40000,77200
2016-02-11,4.34000,4.48000,4.11000,4.37000,63300
2016-02-12,4.39000,4.49000,4.30000,4.43000,32400
2016-02-16,4.47000,4.57000,4.42000,4.44000,65300
2016-02-17,4.48000,4.67000,4.42000,4.64000,50800
2016-02-18,4.63000,4.85000,4.43000,4.60000,39500
2016-02-19,4.55000,4.73000,4.37000,4.62000,15600
2016-02-22,4.62000,4.71000,4.45000,4.68000,25700
2016-02-23,4.68000,4.80000,4.43000,4.73000,37700
2016-02-24,4.67000,4.78000,4.51000,4.78000,9200
2016-02-25,4.77000,4.91000,4.59000,4.83000,36400
2016-02-26,4.82000,4.89000,4.73000,4.81000,39200
2016-02-29,4.78000,5.40000,4.70000,5.40000,115400
2016-03-01,5.32000,5.46000,5.07000,5.20000,123300
2016-03-02,5.20000,5.28000,5.17000,5.23000,38400
2016-03-03,5.26000,5.35000,5.16000,5.19000,81500
2016-03-04,5.43000,5.45000,5.08000,5.09000,58100
2016-03-07,5.06000,5.39000,5.05000,5.38000,75900
2016-03-08,5.33000,5.33000,5.05000,5.18000,29600
2016-03-09,5.35000,5.40000,5.08000,5.20000,47800
2016-03-10,5.19000,5.33000,5.12000,5.32000,23400
2016-03-11,5.33000,5.45000,5.25000,5.43000,39700
2016-03-14,5.18000,5.39000,5.06000,5.22000,224200
2016-03-15,5.20000,5.25000,4.68000,5.22000,105800
2016-03-16,5.17000,5.23000,5.00000,5.16000,92700
2016-03-17,5.15000,5.15000,5.00000,5.07000,65500
2016-03-18,5.13000,5.17000,4.98000,5.06000,201800
2016-03-21,5.10000,5.10000,4.91000,5.00000,102900
2016-03-22,4.98000,5.11000,4.92000,4.96000,44300
2016-03-23,4.93000,5.15000,4.91000,4.97000,50700
2016-03-24,4.90000,5.09000,4.90000,5.05000,57300
2016-03-28,5.00000,5.20000,4.87000,5.01000,63000
2016-03-29,5.06000,5.30000,5.05000,5.16000,74400
2016-03-30,5.15000,5.32000,4.99000,5.17000,52700
2016-03-31,5.23000,5.26000,5.15000,5.15000,26800
2016-04-01,5.13000,5.19000,5.07000,5.12000,36500
2016-04-04,5.11000,5.20000,5.09000,5.16000,88900
2016-04-05,5.17000,5.23000,5.13000,5.17000,54800
2016-04-06,5.18000,5.23000,4.97000,5.08000,78900
2016-04-07,5.07000,5.08000,4.92000,4.99000,27600
2016-04-08,5.00000,5.07000,4.91000,4.98000,41400
2016-04-11,4.96000,5.06000,4.95000,4.96000,30100
2016-04-12,4.95000,5.17000,4.95000,5.13000,136800
2016-04-13,5.16000,5.31000,5.09000,5.13000,29000
2016-04-14,5.17000,5.48000,5.04000,5.09000,21400
2016-04-15,5.11000,5.16000,5.00000,5.07000,21900
2016-04-18,5.04000,5.35000,5.01000,5.24000,131400
2016-04-19,5.31000,5.41000,5.19000,5.31000,22000
2016-04-20,5.33000,5.45000,5.25000,5.25000,60000
2016-04-21,5.32000,5.33000,5.29000,5.30000,37800
2016-04-22,5.34000,5.35000,4.93000,4.95000,126000
2016-04-25,4.87000,5.03000,4.77000,4.79000,83700
2016-04-26,4.73000,5.47000,4.73000,5.36000,123200
2016-04-27,5.56000,6.28000,5.25000,5.31000,102000
2016-04-28,5.51000,5.51000,5.12000,5.23000,87000
2016-04-29,5.26000,5.41000,5.08000,5.24000,101400
2016-05-02,4.59000,4.87000,4.51000,4.60000,187100
2016-05-03,4.40000,4.50000,4.29000,4.31000,291600
2016-05-04,4.25000,4.55000,4.23000,4.27000,1538100
2016-05-05,4.32000,4.55000,4.32000,4.32000,167500
2016-05-06,4.31000,4.31000,4.19000,4.22000,167200
2016-05-09,4.30000,4.78000,4.30000,4.56000,170900
2016-05-10,4.61000,4.76000,4.53000,4.73000,172100
2016-05-11,4.71000,5.03000,4.68000,4.82000,101600
2016-05-12,4.87000,4.98000,4.84000,4.93000,130300
2016-05-13,4.91000,5.00000,4.84000,4.85000,135100
2016-05-16,4.89000,4.99000,4.65000,4.69000,48700
2016-05-17,4.89000,4.89000,4.61000,4.71000,76300
2016-05-18,4.66000,4.92000,4.59000,4.60000,75600
2016-05-19,4.53000,4.69000,4.43000,4.65000,90400
2016-05-20,4.70000,4.73000,4.43000,4.48000,69800
2016-05-23,4.45000,4.48000,4.37000,4.45000,368000
2016-05-24,4.45000,4.78000,4.42000,4.52000,240300
2016-05-25,4.53000,4.98000,4.52000,4.96000,276800
2016-05-26,4.95000,4.98000,4.83000,4.94000,92800
2016-05-27,4.91000,5.14000,4.85000,5.08000,81500
2016-05-31,5.13000,5.13000,4.89000,5.05000,105600
2016-06-01,5.04000,5.40000,4.97000,5.37000,111400
2016-06-02,5.33000,5.57000,5.18000,5.37000,86900
2016-06-03,5.39000,5.46000,5.14000,5.20000,112200
2016-06-06,5.17000,5.23000,5.06000,5.10000,72900
2016-06-07,5.08000,5.30000,4.99000,5.01000,63800
2016-06-08,4.90000,5.11000,4.76000,5.08000,58700
2016-06-09,5.04000,5.04000,4.71000,4.90000,124300
2016-06-10,4.89000,5.14000,4.84000,4.85000,59200
2016-06-13,4.85000,4.88000,4.74000,4.76000,135800
2016-06-14,4.76000,5.01000,4.76000,4.98000,55500
2016-06-15,5.01000,5.14000,4.98000,5.00000,58800
2016-06-16,4.97000,5.23000,4.82000,5.20000,75900
2016-06-17,5.24000,5.28000,5.09000,5.10000,59900
2016-06-20,5.14000,5.30000,5.07000,5.13000,46300
2016-06-21,5.16000,5.21000,5.09000,5.13000,21200
2016-06-22,5.13000,5.20000,5.06000,5.13000,58100
2016-06-23,5.17000,5.22000,5.09000,5.12000,29600
2016-06-24,5.01000,5.08000,4.86000,5.02000,161700
2016-06-27,4.99000,5.04000,4.92000,4.92000,113000
2016-06-28,4.93000,4.97000,4.87000,4.88000,48600
2016-06-29,4.90000,4.95000,4.81000,4.84000,125800
2016-06-30,4.83000,4.99000,4.83000,4.91000,51300
2016-07-01,4.94000,5.07000,4.93000,5.06000,35600
2016-07-05,5.10000,5.28000,5.05000,5.20000,44600
2016-07-06,5.21000,5.30000,5.07000,5.14000,41100
2016-07-07,5.12000,5.39000,5.12000,5.37000,78300
2016-07-08,5.37000,5.40000,5.27000,5.31000,22400
2016-07-11,5.41000,5.48000,5.27000,5.32000,60500
2016-07-12,5.32000,5.59000,5.23000,5.47000,80300
2016-07-13,5.48000,5.60000,5.36000,5.45000,11400
2016-07-14,5.52000,5.67000,5.40000,5.63000,67100
2016-07-15,5.64000,5.79000,5.57000,5.70000,84900
2016-07-18,5.70000,5.79000,5.13000,5.70000,59200
2016-07-19,5.90000,5.90000,5.61000,5.71000,38700
2016-07-20,5.71000,5.71000,5.63000,5.63000,9000
2016-07-21,5.44000,5.69000,5.34000,5.63000,26300
2016-07-22,5.65000,5.70000,5.52000,5.66000,40500
2016-07-25,5.66000,5.73000,5.59000,5.69000,25100
2016-07-26,5.72000,5.76000,5.66000,5.75000,20800
2016-07-27,5.78000,5.89000,5.58000,5.75000,43100
2016-07-28,5.66000,5.77000,5.58000,5.76000,59200
2016-07-29,5.74000,5.83000,5.71000,5.82000,66600
2016-08-01,5.90000,6.44000,5.83000,5.93000,315900
2016-08-02,5.99000,6.00000,5.77000,5.90000,154600
2016-08-03,5.84000,5.94000,5.81000,5.87000,41000
2016-08-04,5.90000,6.04000,5.90000,5.98000,65700
2016-08-05,5.99000,6.31000,5.99000,6.18000,88800
2016-08-08,6.23000,6.26000,6.09000,6.13000,102800
2016-08-09,6.23000,6.23000,6.04000,6.15000,25400
2016-08-10,6.08000,6.23000,6.01000,6.15000,58300
2016-08-11,6.21000,6.28000,6.15000,6.19000,78300
2016-08-12,6.16000,6.25000,6.06000,6.19000,36400
2016-08-15,6.21000,6.49000,6.21000,6.23000,160700
2016-08-16,6.27000,6.49000,6.24000,6.44000,173100
2016-08-17,6.53000,6.72000,6.45000,6.52000,74200
2016-08-18,6.57000,6.64000,6.52000,6.62000,89600
2016-08-19,6.66000,6.86000,6.50000,6.59000,143400
2016-08-22,6.65000,6.65000,6.31000,6.50000,93200
2016-08-23,6.58000,6.71000,6.45000,6.50000,79200
2016-08-24,6.35000,6.70000,6.32000,6.50000,33000
2016-08-25,6.55000,6.55000,6.47000,6.49000,26800
2016-08-26,6.45000,6.59000,6.45000,6.49000,45800
2016-08-29,6.45000,6.56000,6.45000,6.47000,49100
2016-08-30,6.50000,6.56000,6.42000,6.47000,46200
2016-08-31,6.43000,6.53000,6.33000,6.45000,30200
2016-09-01,6.43000,6.55000,6.28000,6.51000,43500
2016-09-02,6.49000,6.78000,6.49000,6.74000,63600
2016-09-06,6.79000,6.80000,6.40000,6.70000,159100
2016-09-07,6.67000,6.80000,6.56000,6.59000,107700
2016-09-08,6.64000,6.96000,6.64000,6.90000,430500
2016-09-09,6.92000,7.07000,6.58000,6.69000,414900
2016-09-12,6.98000,7.03000,6.83000,6.92000,224800
2016-09-13,6.96000,7.03000,6.86000,6.95000,150800
2016-09-14,6.96000,7.00000,6.89000,6.94000,75100
2016-09-15,6.90000,7.34000,6.90000,7.17000,179700
2016-09-16,7.18000,7.34000,7.06000,7.08000,155200
2016-09-19,7.18000,7.43000,7.05000,7.10000,214800
2016-09-20,7.16000,7.20000,6.89000,6.89000,149400
2016-09-21,6.87000,7.05000,6.72000,6.99000,233400
2016-09-22,7.00000,7.32000,6.91000,7.32000,187000
2016-09-23,7.35000,7.62000,7.28000,7.30000,253700
2016-09-26,7.41000,7.66000,7.22000,7.50000,341400
2016-09-27,7.57000,7.72000,7.42000,7.49000,188900
2016-09-28,7.55000,7.83000,7.51000,7.82000,247500
2016-09-29,7.90000,7.98000,7.62000,7.65000,176400
2016-09-30,7.74000,7.81000,7.52000,7.74000,123900
2016-10-03,7.81000,7.94000,7.74000,7.90000,181200
2016-10-04,7.94000,7.94000,7.70000,7.85000,236900
2016-10-05,7.90000,8.10000,7.82000,7.99000,165200
2016-10-06,8.00000,8.17000,7.91000,8.16000,176700
2016-10-07,8.21000,8.25000,8.01000,8.10000,137000
2016-10-10,8.10000,8.40000,8.01000,8.34000,298100
2016-10-11,8.52000,8.58000,8.09000,8.13000,229000
2016-10-12,8.17000,8.60000,8.16000,8.22000,143200
2016-10-13,8.11000,8.30000,8.01000,8.27000,115000
2016-10-14,8.29000,8.43000,8.23000,8.38000,210900
2016-10-17,8.10000,8.13000,7.30000,7.77000,460100
2016-10-18,7.75000,7.86000,7.64000,7.81000,141100
2016-10-19,7.80000,7.95000,7.77000,7.81000,143200
2016-10-20,7.74000,7.86000,7.70000,7.76000,134400
2016-10-21,7.77000,7.85000,7.52000,7.82000,147000
2016-10-24,7.78000,7.93000,7.75000,7.79000,107400
2016-10-25,7.85000,7.85000,7.64000,7.74000,140200
2016-10-26,7.65000,7.73000,7.46000,7.66000,140700
2016-10-27,7.63000,7.77000,7.51000,7.68000,99100
2016-10-28,7.66000,7.75000,7.50000,7.64000,134200
2016-10-31,7.55000,7.55000,6.72000,7.28000,250400
2016-11-01,6.27000,6.69000,6.15000,6.42000,779100
2016-11-02,6.27000,6.58000,6.13000,6.56000,267200
2016-11-03,6.54000,6.68000,6.40000,6.61000,164600
2016-11-04,6.58000,6.92000,6.50000,6.88000,263200
2016-11-07,6.87000,6.95000,6.67000,6.71000,160500
2016-11-08,6.65000,6.71000,6.57000,6.58000,128200
2016-11-09,6.59000,7.20000,6.59000,7.11000,285600
2016-11-10,7.19000,7.39000,7.00000,7.28000,304800
2016-11-11,7.28000,7.65000,7.28000,7.64000,154400
2016-11-14,7.70000,7.83000,7.62000,7.76000,206000
2016-11-15,7.76000,7.97000,7.60000,7.94000,243100
2016-11-16,7.88000,7.96000,7.80000,7.87000,162100
2016-11-17,7.82000,8.07000,7.81000,7.94000,164400
2016-11-18,7.91000,7.95000,7.80000,7.91000,115500
2016-11-21,7.88000,8.14000,7.88000,8.00000,232800
2016-11-22,8.04000,8.08000,7.91000,7.95000,136000
2016-11-23,7.91000,7.97000,7.81000,7.91000,175600
2016-11-25,7.90000,8.16000,7.86000,8.15000,297000
2016-11-28,8.16000,8.70000,8.12000,8.50000,456600
2016-11-29,8.53000,8.80000,8.46000,8.60000,213400
2016-11-30,8.70000,8.75000,8.25000,8.29000,192200
2016-12-01,8.34000,8.58000,8.25000,8.46000,197500
2016-12-02,8.53000,8.71000,8.10000,8.26000,120200
2016-12-05,8.24000,8.86000,8.11000,8.69000,239800
2016-12-06,8.60000,8.68000,8.38000,8.63000,173300
2016-12-07,8.63000,9.05000,8.63000,8.99000,184300
2016-12-08,8.93000,9.38000,8.54000,8.59000,350200
2016-12-09,8.63000,8.78000,8.34000,8.35000,270900
2016-12-12,8.33000,8.52000,8.29000,8.48000,135000
2016-12-13,8.42000,8.53000,8.33000,8.38000,292000
2016-12-14,8.32000,8.44000,8.29000,8.40000,112100
2016-12-15,8.36000,8.67000,8.31000,8.35000,110600
2016-12-16,8.35000,8.43000,8.26000,8.39000,161100
2016-12-19,8.38000,8.58000,8.35000,8.45000,125300
2016-12-20,8.81000,9.13000,8.50000,8.84000,249700
2016-12-21,8.80000,8.89000,8.50000,8.50000,88900
2016-12-22,8.50000,8.85000,8.37000,8.72000,155500
2016-12-23,8.70000,8.76000,8.56000,8.74000,50900
2016-12-27,8.72000,8.86000,8.63000,8.71000,64200
2016-12-28,8.69000,8.76000,8.57000,8.58000,143900
2016-12-29,8.68000,8.71000,8.37000,8.41000,80700
2016-12-30,8.40000,8.50000,8.25000,8.46000,177800
2017-01-03,8.49000,8.55000,8.28000,8.37000,169000
2017-01-04,8.43000,8.47000,8.32000,8.41000,146300
2017-01-05,8.43000,8.43000,8.35000,8.39000,72600
2017-01-06,8.37000,8.41000,8.29000,8.35000,126500
2017-01-09,8.35000,8.35000,7.98000,7.98000,182300
2017-01-10,8.10000,8.47000,7.99000,8.41000,315400
2017-01-11,8.43000,9.05000,8.43000,8.84000,237300
2017-01-12,8.79000,8.82000,8.40000,8.54000,69200
2017-01-13,8.67000,8.81000,8.62000,8.64000,48900
2017-01-17,8.60000,8.76000,8.54000,8.65000,57400
2017-01-18,8.68000,9.00000,8.64000,8.65000,60600
2017-01-19,8.65000,8.87000,8.62000,8.71000,67100
2017-01-20,8.69000,8.94000,8.47000,8.57000,117500
2017-01-23,8.60000,8.70000,8.53000,8.61000,62000
2017-01-24,8.62000,8.87000,8.62000,8.83000,153100
2017-01-25,8.93000,9.48000,8.93000,9.29000,441100
2017-01-26,9.30000,9.35000,9.05000,9.19000,255100
2017-01-27,9.24000,9.30000,9.04000,9.19000,148700
2017-01-30,9.20000,9.26000,8.67000,8.99000,108600
2017-01-31,9.00000,9.22000,9.00000,9.16000,70400
2017-02-01,9.22000,9.33000,8.91000,8.99000,97500
2017-02-02,8.99000,9.17000,8.95000,9.06000,103700
2017-02-03,9.18000,9.24000,9.08000,9.16000,143100
2017-02-06,9.18000,9.20000,9.05000,9.05000,89000
2017-02-07,9.25000,9.68000,9.15000,9.54000,657100
2017-02-08,9.54000,9.58000,9.24000,9.43000,155400
2017-02-09,8.30000,9.02000,7.75000,8.48000,902000
2017-02-10,8.58000,8.93000,8.47000,8.80000,158000
2017-02-13,8.95000,9.14000,8.87000,9.02000,142400
2017-02-14,9.03000,9.23000,8.95000,9.16000,173800
2017-02-15,9.10000,9.50000,9.10000,9.37000,163500
2017-02-16,9.40000,9.53000,9.20000,9.48000,129900
2017-02-17,9.45000,9.58000,9.35000,9.55000,204300
2017-02-21,9.52000,9.70000,9.48000,9.54000,251100
2017-02-22,9.53000,9.75000,9.42000,9.69000,133800
2017-02-23,9.69000,9.78000,9.15000,9.32000,119500
2017-02-24,9.18000,9.41000,9.18000,9.32000,144500
2017-02-27,9.44000,9.62000,9.32000,9.35000,141900
2017-02-28,9.33000,9.60000,8.90000,8.99000,115600
2017-03-01,9.15000,9.43000,9.15000,9.27000,137600
2017-03-02,9.29000,9.49000,9.21000,9.42000,116100
2017-03-03,9.44000,9.60000,9.16000,9.22000,92800
2017-03-06,9.15000,9.38000,8.90000,8.99000,126400
2017-03-07,9.00000,9.22000,8.93000,9.00000,87600
2017-03-08,9.06000,9.24000,9.00000,9.19000,160500
2017-03-09,8.50000,10.92000,8.42000,9.43000,545700
2017-03-10,9.57000,10.15000,9.57000,9.92000,155800
2017-03-13,9.90000,10.07000,9.81000,9.91000,119700
2017-03-14,9.85000,9.85000,9.65000,9.67000,67200
2017-03-15,9.67000,9.85000,9.63000,9.66000,112300
2017-03-16,9.66000,9.96000,9.66000,9.93000,122200
2017-03-17,9.85000,9.96000,9.60000,9.65000,190700
2017-03-20,9.63000,9.92000,9.57000,9.71000,154000
2017-03-21,9.71000,9.87000,9.48000,9.52000,114000
2017-03-22,9.43000,9.61000,9.15000,9.19000,106500
2017-03-23,9.19000,9.36000,9.14000,9.25000,53900
2017-03-24,9.26000,9.82000,9.25000,9.64000,140800
2017-03-27,9.29000,9.57000,9.18000,9.38000,93500
2017-03-28,9.29000,9.42000,9.19000,9.24000,115200
2017-03-29,9.18000,9.30000,9.13000,9.19000,65700
2017-03-30,9.20000,9.35000,9.11000,9.13000,107800
2017-03-31,9.13000,9.30000,9.05000,9.25000,71000
2017-04-03,9.25000,9.25000,8.82000,8.88000,102200
2017-04-04,8.90000,9.18000,8.84000,8.88000,195700
2017-04-05,8.72000,9.11000,8.54000,8.68000,158200
2017-04-06,8.70000,8.80000,8.56000,8.64000,150200
2017-04-07,8.60000,8.92000,8.60000,8.88000,166600
2017-04-10,8.90000,9.00000,8.73000,8.73000,152000
2017-04-11,8.70000,9.19000,8.70000,9.01000,170800
2017-04-12,9.00000,9.18000,8.82000,9.09000,62200
2017-04-13,9.10000,9.10000,8.85000,8.97000,127300
2017-04-17,8.97000,9.05000,8.85000,9.01000,80100
2017-04-18,8.99000,9.05000,8.87000,8.93000,142500
2017-04-19,8.91000,8.97000,8.61000,8.83000,97400
2017-04-20,8.89000,9.05000,8.88000,9.01000,47500
2017-04-21,9.01000,9.04000,8.89000,8.99000,142600
2017-04-24,9.04000,9.59000,8.84000,9.00000,60300
2017-04-25,9.00000,9.29000,9.00000,9.21000,108500
2017-04-26,9.19000,9.57000,9.19000,9.50000,131600
2017-04-27,9.45000,9.91000,9.32000,9.85000,151700
2017-04-28,9.80000,9.95000,9.26000,9.51000,127500
2017-05-01,9.52000,9.63000,9.26000,9.55000,63800
2017-05-02,9.59000,9.88000,9.51000,9.86000,132600
2017-05-03,10.07000,10.90000,10.05000,10.24000,309400
2017-05-04,10.35000,10.52000,10.07000,10.17000,107000
2017-05-05,10.15000,10.80000,10.14000,10.73000,163600
2017-05-08,10.79000,11.30000,10.76000,11.00000,243200
2017-05-09,11.00000,11.09000,10.60000,10.96000,121700
2017-05-10,10.91000,11.10000,10.86000,10.90000,191800
2017-05-11,10.89000,11.05000,10.82000,10.95000,136000
2017-05-12,10.95000,11.19000,10.80000,10.92000,169300
2017-05-15,10.99000,11.10000,10.87000,10.92000,157100
2017-05-16,10.89000,10.95000,10.52000,10.87000,124300
2017-05-17,10.77000,10.77000,10.32000,10.37000,219100
2017-05-18,10.31000,10.56000,10.24000,10.34000,90000
2017-05-19,10.31000,10.44000,10.08000,10.30000,182100
2017-05-22,10.28000,10.29000,9.87000,9.92000,170300
2017-05-23,9.94000,10.05000,9.89000,10.00000,92100
2017-05-24,10.00000,10.21000,9.83000,10.18000,230300
2017-05-25,10.19000,10.35000,9.86000,10.32000,222900
2017-05-26,10.31000,10.31000,9.91000,10.21000,141200
2017-05-30,10.21000,10.44000,10.11000,10.27000,140500
2017-05-31,10.27000,10.41000,10.02000,10.18000,61500
2017-06-01,10.19000,10.25000,10.09000,10.20000,72300
2017-06-02,10.20000,10.56000,10.16000,10.50000,193900
2017-06-05,10.52000,10.53000,10.17000,10.20000,134800
2017-06-06,10.20000,10.32000,10.07000,10.14000,138400
2017-06-07,10.20000,10.20000,9.98000,10.05000,81700
2017-06-08,10.04000,10.19000,9.95000,10.11000,91700
2017-06-09,10.11000,10.99000,10.09000,10.92000,283900
2017-06-12,10.99000,10.99000,10.36000,10.44000,171300
2017-06-13,10.48000,10.95000,10.33000,10.85000,140300
2017-06-14,10.90000,10.98000,10.67000,10.82000,125200
2017-06-15,10.65000,10.94000,9.97000,10.84000,91500
2017-06-16,10.86000,10.90000,10.61000,10.63000,117600
2017-06-19,10.75000,10.99000,10.61000,10.85000,135600
2017-06-20,10.85000,10.87000,10.39000,10.69000,134900
2017-06-21,10.70000,11.09000,10.51000,10.64000,567100
2017-06-22,10.57000,11.25000,10.53000,11.00000,338800
2017-06-23,11.00000,11.23000,10.68000,11.12000,3364600
2017-06-26,11.19000,11.82000,11.19000,11.69000,601000
2017-06-27,11.70000,12.24000,11.51000,11.69000,511000
2017-06-28,11.69000,12.04000,11.66000,11.70000,335100
2017-06-29,12.17000,13.08000,11.76000,13.02000,940600
2017-06-30,12.99000,13.22000,12.61000,13.07000,552600
2017-07-03,13.11000,13.91000,13.07000,13.77000,325600
2017-07-05,13.77000,14.93000,13.13000,13.26000,706200
2017-07-06,13.21000,13.30000,12.80000,12.84000,474900
2017-07-07,12.92000,13.15000,12.81000,12.95000,257200
2017-07-10,12.99000,13.00000,12.73000,12.91000,369800
2017-07-11,12.85000,13.02000,12.71000,12.87000,322700
2017-07-12,12.94000,13.03000,12.83000,12.96000,291900
2017-07-13,12.95000,13.24000,12.91000,13.13000,300700
2017-07-14,13.12000,13.34000,13.03000,13.20000,217300
2017-07-17,13.20000,13.44000,13.05000,13.31000,413400
2017-07-18,13.30000,13.44000,13.11000,13.31000,260100
2017-07-19,13.39000,13.59000,13.29000,13.54000,305300
2017-07-20,13.61000,13.66000,13.35000,13.37000,264200
2017-07-21,13.44000,13.44000,12.81000,13.04000,1141600
2017-07-24,13.04000,13.07000,12.44000,12.84000,409700
2017-07-25,12.99000,13.26000,12.83000,13.20000,281400
2017-07-26,13.22000,13.29000,12.89000,12.99000,217400
2017-07-27,13.00000,13.33000,12.87000,13.18000,244000
2017-07-28,13.15000,13.21000,12.30000,12.92000,130900
2017-07-31,12.93000,13.00000,12.72000,12.78000,154200
2017-08-01,12.81000,13.14000,12.74000,13.05000,221500
2017-08-02,13.57000,13.57000,11.58000,11.82000,534400
2017-08-03,11.82000,11.89000,10.50000,10.72000,617100
2017-08-04,10.88000,11.03000,10.28000,10.33000,465800
2017-08-07,10.36000,10.81000,10.26000,10.79000,456600
2017-08-08,10.78000,11.16000,10.53000,11.11000,456700
2017-08-09,11.02000,11.12000,10.52000,11.10000,374800
2017-08-10,11.04000,11.09000,10.54000,10.68000,324700
2017-08-11,10.71000,10.81000,10.36000,10.36000,282700
2017-08-14,10.46000,10.87000,10.33000,10.67000,205200
2017-08-15,10.69000,10.71000,10.13000,10.24000,245400
2017-08-16,10.26000,10.29000,9.88000,9.93000,196400
2017-08-17,9.85000,10.07000,9.74000,9.76000,193500
2017-08-18,9.68000,9.93000,9.52000,9.76000,146500
2017-08-21,9.84000,9.91000,9.52000,9.64000,300600
2017-08-22,9.66000,9.68000,9.42000,9.48000,344900
2017-08-23,9.50000,9.70000,9.47000,9.68000,421900
2017-08-24,9.75000,9.77000,9.57000,9.64000,228700
2017-08-25,9.70000,10.03000,9.68000,9.94000,420000
2017-08-28,10.10000,10.88000,10.02000,10.83000,662700
2017-08-29,11.90000,12.47000,11.30000,11.99000,1275100
2017-08-30,12.65000,12.73000,11.70000,11.86000,826800
2017-08-31,11.96000,12.04000,11.66000,11.78000,521800
2017-09-01,12.01000,12.90000,11.68000,12.62000,996200
2017-09-05,13.01000,13.04000,12.52000,12.69000,644000
2017-09-06,12.75000,13.14000,12.71000,13.10000,489900
2017-09-07,13.35000,13.64000,13.00000,13.25000,536300
2017-09-08,13.29000,13.56000,13.15000,13.42000,365300
2017-09-11,13.76000,14.80000,13.75000,14.33000,977100
2017-09-12,14.79000,15.26000,14.51000,15.20000,1067100
2017-09-13,15.33000,15.73000,14.38000,14.60000,844100
2017-09-14,14.55000,14.92000,14.26000,14.79000,426700
2017-09-15,14.83000,14.88000,14.26000,14.75000,756000
2017-09-18,14.85000,15.32000,14.61000,14.84000,709200
2017-09-19,14.90000,14.90000,14.35000,14.41000,488300
2017-09-20,14.12000,14.68000,14.00000,14.46000,455800
2017-09-21,14.47000,14.72000,14.40000,14.51000,284700
2017-09-22,14.50000,15.00000,14.45000,14.92000,410400
2017-09-25,14.95000,15.24000,14.76000,14.96000,563100
2017-09-26,14.97000,15.55000,14.89000,15.15000,569100
2017-09-27,15.20000,15.82000,15.18000,15.45000,507300
2017-09-28,15.37000,15.50000,15.16000,15.40000,344000
2017-09-29,15.38000,15.40000,15.05000,15.23000,601300
2017-10-02,15.23000,15.35000,14.92000,15.35000,415900
2017-10-03,15.42000,16.05000,15.30000,15.47000,462000
2017-10-04,15.53000,15.96000,15.15000,15.36000,253900
2017-10-05,15.35000,15.65000,15.30000,15.46000,249200
2017-10-06,15.60000,15.74000,15.30000,15.73000,197300
2017-10-09,15.73000,15.79000,15.21000,15.32000,247300
2017-10-10,15.42000,15.61000,15.09000,15.24000,270900
2017-10-11,15.24000,15.28000,14.50000,14.70000,515800
2017-10-12,14.70000,14.93000,14.56000,14.69000,340100
2017-10-13,14.75000,14.76000,14.53000,14.70000,267100
2017-10-16,14.71000,14.98000,14.42000,14.57000,253000
2017-10-17,14.56000,14.72000,14.12000,14.41000,289600
2017-10-18,14.58000,15.15000,14.49000,14.77000,381600
2017-10-19,14.71000,14.71000,14.14000,14.36000,277400
2017-10-20,14.54000,14.78000,14.31000,14.72000,351800
2017-10-23,14.71000,14.81000,14.22000,14.60000,326300
2017-10-24,14.62000,15.21000,14.62000,14.94000,367500
2017-10-25,14.88000,15.07000,14.54000,14.89000,261200
2017-10-26,14.88000,15.57000,14.51000,15.27000,323400
2017-10-27,15.23000,15.53000,15.08000,15.45000,290700
2017-10-30,15.30000,15.65000,15.14000,15.45000,288100
2017-10-31,16.50000,18.48000,16.16000,17.85000,1538800
2017-11-01,18.42000,18.82000,17.33000,17.93000,831100
2017-11-02,17.93000,17.93000,17.21000,17.39000,535400
2017-11-03,17.43000,17.69000,17.28000,17.44000,357400
2017-11-06,18.13000,18.14000,17.17000,17.58000,561000
2017-11-07,17.64000,17.73000,17.31000,17.49000,350400
2017-11-08,17.50000,17.55000,16.87000,17.20000,326500
2017-11-09,17.04000,17.34000,16.94000,17.10000,265600
2017-11-10,17.08000,17.40000,16.94000,17.32000,234400
2017-11-13,17.10000,17.26000,16.83000,17.20000,217400
2017-11-14,17.10000,17.20000,16.39000,16.63000,275000
2017-11-15,16.50000,16.54000,16.05000,16.23000,324500
2017-11-16,16.25000,17.14000,16.25000,16.65000,403400
2017-11-17,16.67000,16.93000,16.60000,16.79000,235800
2017-11-20,16.78000,17.52000,16.78000,17.30000,386700
2017-11-21,17.42000,17.88000,17.40000,17.53000,300500
2017-11-22,17.60000,17.95000,17.48000,17.52000,184800
2017-11-24,17.60000,17.76000,17.23000,17.35000,94900
2017-11-27,17.30000,17.54000,16.96000,17.09000,239400
2017-11-28,17.08000,17.47000,17.02000,17.43000,237200
2017-11-29,17.40000,17.68000,16.96000,17.14000,243700
2017-11-30,17.37000,17.46000,17.08000,17.15000,245600
2017-12-01,17.14000,17.14000,16.03000,17.05000,321700
2017-12-04,17.09000,17.38000,16.94000,17.16000,218700
2017-12-05,17.22000,17.23000,16.90000,16.91000,185100
2017-12-06,16.91000,17.98000,16.76000,17.86000,774700
2017-12-07,18.00000,18.90000,17.76000,17.97000,629800
2017-12-08,18.22000,18.24000,17.63000,17.67000,237900
2017-12-11,17.66000,17.73000,17.13000,17.53000,223600
2017-12-12,17.57000,17.70000,17.29000,17.30000,172200
2017-12-13,17.34000,18.01000,17.34000,17.95000,375300
2017-12-14,17.95000,18.06000,17.00000,17.09000,238900
2017-12-15,17.13000,17.56000,17.10000,17.29000,352100
2017-12-18,17.52000,17.83000,17.15000,17.43000,398400
2017-12-19,17.50000,17.64000,16.82000,16.86000,221900
2017-12-20,16.90000,17.18000,16.82000,16.97000,143100
2017-12-21,16.99000,17.20000,16.96000,17.13000,119900
2017-12-22,17.15000,17.15000,16.46000,16.64000,224400
2017-12-26,16.64000,16.83000,16.38000,16.47000,207700
2017-12-27,16.53000,17.04000,16.53000,16.80000,193700
2017-12-28,16.81000,16.84000,16.56000,16.64000,101300
2017-12-29,16.65000,16.76000,16.27000,16.28000,186700
2018-01-02,16.30000,16.67000,16.10000,16.15000,202100
2018-01-03,16.17000,16.37000,15.54000,15.58000,458000
2018-01-04,15.59000,16.00000,15.28000,15.76000,340700
2018-01-05,15.79000,15.92000,14.95000,15.39000,429600
2018-01-08,15.22000,15.36000,14.54000,14.72000,520200
2018-01-09,14.76000,14.95000,14.59000,14.61000,271600
2018-01-10,14.70000,14.93000,14.36000,14.69000,298000
2018-01-11,14.90000,15.96000,14.60000,15.82000,458300
2018-01-12,15.85000,16.47000,15.72000,16.43000,328700
2018-01-16,16.53000,16.68000,15.03000,15.15000,405900
2018-01-17,15.19000,15.39000,14.81000,15.31000,270200
2018-01-18,15.29000,15.62000,15.12000,15.30000,258600
2018-01-19,15.28000,15.49000,15.08000,15.26000,379700
2018-01-22,15.11000,15.11000,14.52000,14.67000,343700
2018-01-23,14.74000,14.79000,14.32000,14.45000,255400
2018-01-24,14.53000,14.53000,13.89000,14.11000,346400
2018-01-25,14.34000,14.80000,14.15000,14.51000,209200
2018-01-26,14.54000,14.54000,14.09000,14.13000,157000
2018-01-29,14.04000,14.24000,13.89000,14.19000,200400
2018-01-30,14.01000,14.47000,13.90000,14.40000,330700
2018-01-31,14.41000,14.54000,13.94000,13.95000,255000
2018-02-01,13.95000,14.14000,13.59000,13.69000,324500
2018-02-02,13.61000,13.72000,13.06000,13.26000,388300
2018-02-05,13.05000,13.30000,12.32000,12.33000,532100
2018-02-06,12.06000,12.82000,11.93000,12.56000,379400
2018-02-07,12.56000,12.94000,12.55000,12.79000,227100
2018-02-08,12.79000,12.98000,12.08000,12.17000,313000
2018-02-09,12.26000,12.66000,12.02000,12.57000,304900
2018-02-12,12.61000,12.64000,12.01000,12.29000,198400
2018-02-13,12.25000,12.38000,12.01000,12.17000,182700
2018-02-14,12.08000,12.39000,12.02000,12.24000,164500
2018-02-15,12.38000,12.44000,12.07000,12.42000,137500
2018-02-16,12.39000,12.68000,12.39000,12.61000,166500
2018-02-20,12.56000,12.70000,12.15000,12.19000,291300
2018-02-21,12.20000,12.72000,12.20000,12.44000,158500
2018-02-22,12.47000,12.79000,12.32000,12.64000,120700
2018-02-23,12.76000,12.81000,12.20000,12.39000,225100
2018-02-26,12.50000,12.62000,12.29000,12.49000,175400
2018-02-27,12.48000,12.74000,12.19000,12.25000,195700
2018-02-28,12.27000,12.49000,12.00000,12.08000,168100
2018-03-01,12.07000,12.30000,11.70000,12.04000,230800
2018-03-02,11.95000,12.27000,11.76000,12.16000,177400
2018-03-05,12.21000,12.44000,12.01000,12.29000,280400
2018-03-06,11.25000,12.14000,10.96000,11.62000,549500
2018-03-07,11.47000,12.45000,11.46000,12.36000,328400
2018-03-08,12.40000,12.59000,12.13000,12.49000,344900
2018-03-09,12.61000,13.02000,12.49000,13.00000,214100
2018-03-12,13.31000,13.48000,12.81000,12.96000,346000
2018-03-13,13.31000,13.48000,12.86000,13.01000,267900
2018-03-14,13.03000,13.12000,12.56000,12.63000,227300
2018-03-15,12.58000,12.85000,12.44000,12.58000,182600
2018-03-16,12.53000,12.55000,12.33000,12.45000,283300
2018-03-19,12.41000,12.50000,12.06000,12.25000,236300
2018-03-20,12.26000,12.37000,12.07000,12.14000,157900
2018-03-21,12.15000,12.36000,12.07000,12.28000,196400
2018-03-22,12.20000,12.29000,11.70000,11.71000,125300
2018-03-23,11.68000,11.68000,11.08000,11.08000,247800
2018-03-26,11.27000,11.45000,10.88000,11.30000,332700
2018-03-27,11.25000,11.36000,10.76000,10.81000,229900
2018-03-28,10.87000,11.07000,10.74000,10.82000,231300
2018-03-29,10.90000,11.55000,10.90000,11.46000,616600
2018-04-02,11.45000,11.67000,10.83000,11.02000,183200
2018-04-03,11.07000,11.36000,10.97000,11.30000,171800
2018-04-04,11.10000,11.54000,11.10000,11.49000,157600
2018-04-05,11.60000,11.74000,11.45000,11.64000,126500
2018-04-06,11.53000,11.74000,11.14000,11.34000,131500
2018-04-09,11.40000,11.51000,11.21000,11.21000,80100
2018-04-10,11.38000,11.62000,11.33000,11.51000,80700
2018-04-11,11.43000,11.52000,11.04000,11.28000,99300
2018-04-12,11.40000,11.47000,11.28000,11.32000,91700
2018-04-13,11.39000,11.39000,11.20000,11.28000,61800
2018-04-16,11.35000,11.46000,11.20000,11.35000,67200
2018-04-17,11.53000,12.40000,11.53000,12.23000,230600
2018-04-18,12.31000,12.38000,11.88000,12.04000,156400
2018-04-19,11.98000,12.10000,11.75000,11.99000,152700
2018-04-20,11.96000,11.99000,11.64000,11.76000,142200
2018-04-23,11.83000,11.89000,11.62000,11.77000,92700
2018-04-24,11.83000,11.85000,11.33000,11.36000,102100
2018-04-25,11.36000,11.57000,11.28000,11.45000,93900
2018-04-26,11.46000,11.52000,11.09000,11.11000,106100
2018-04-27,11.16000,11.36000,11.09000,11.26000,126600
2018-04-30,11.33000,11.33000,11.10000,11.13000,157600
2018-05-01,11.14000,11.41000,10.95000,11.41000,130000
2018-05-02,11.42000,11.60000,11.35000,11.48000,91100
2018-05-03,11.40000,11.63000,11.24000,11.42000,134700
2018-05-04,11.34000,11.60000,11.18000,11.35000,165500
2018-05-07,11.39000,12.00000,11.39000,11.87000,160400
2018-05-08,12.25000,13.74000,12.25000,13.37000,560300
2018-05-09,13.37000,13.37000,12.40000,12.86000,336800
2018-05-10,12.84000,13.13000,12.61000,13.10000,221400
2018-05-11,13.09000,13.30000,12.96000,13.09000,144300
2018-05-14,13.10000,13.40000,12.57000,12.67000,205600
2018-05-15,12.64000,12.96000,12.51000,12.76000,165500
2018-05-16,12.80000,13.11000,12.79000,12.94000,211100
2018-05-17,12.96000,13.11000,12.85000,12.92000,160700
2018-05-18,12.96000,13.09000,12.75000,12.97000,132600
2018-05-21,13.03000,13.18000,12.85000,12.97000,84100
2018-05-22,12.81000,12.88000,12.64000,12.74000,140600
2018-05-23,12.69000,12.82000,12.51000,12.60000,145700
2018-05-24,12.58000,12.60000,12.20000,12.51000,107700
2018-05-25,12.47000,12.62000,12.35000,12.55000,76300
2018-05-29,12.48000,12.78000,12.48000,12.62000,92800
2018-05-30,12.67000,12.97000,12.64000,12.72000,96300
2018-05-31,12.71000,12.77000,12.47000,12.71000,130200
2018-06-01,12.77000,13.01000,12.75000,12.91000,113200
2018-06-04,12.95000,13.17000,12.93000,13.03000,135500
2018-06-05,13.05000,13.18000,12.98000,13.11000,86800
2018-06-06,13.13000,13.28000,13.03000,13.26000,112200
2018-06-07,13.28000,13.36000,13.17000,13.31000,123700
2018-06-08,13.31000,13.66000,13.19000,13.62000,104700
2018-06-11,13.11000,13.50000,13.10000,13.43000,245200
2018-06-12,13.44000,13.55000,13.18000,13.24000,137800
2018-06-13,13.27000,13.27000,13.06000,13.13000,78500
2018-06-14,13.14000,13.23000,12.99000,13.06000,82500
2018-06-15,13.00000,13.11000,12.98000,13.05000,125700
2018-06-18,12.98000,13.60000,12.98000,13.48000,202700
2018-06-19,13.42000,13.60000,13.26000,13.52000,151300
2018-06-20,13.52000,13.86000,12.53000,13.81000,189300
2018-06-21,13.81000,13.81000,13.52000,13.67000,103700
2018-06-22,13.73000,13.73000,13.43000,13.59000,312100
2018-06-25,13.55000,13.64000,13.35000,13.56000,167600
2018-06-26,13.54000,13.80000,13.41000,13.66000,135100
2018-06-27,13.65000,13.71000,13.50000,13.58000,128100
2018-06-28,13.57000,13.61000,13.20000,13.23000,222700
2018-06-29,13.29000,13.34000,12.98000,13.03000,123200
2018-07-02,12.92000,13.22000,12.60000,13.22000,145100
2018-07-03,13.25000,13.26000,12.99000,13.02000,45300
2018-07-05,13.07000,13.37000,12.98000,13.36000,119100
2018-07-06,13.40000,13.48000,13.28000,13.44000,67400
2018-07-09,13.49000,13.49000,13.30000,13.35000,61100
2018-07-10,13.37000,13.44000,13.12000,13.26000,50600
2018-07-11,13.14000,13.43000,13.14000,13.27000,89200
2018-07-12,13.37000,13.58000,13.06000,13.54000,142300
2018-07-13,13.51000,13.95000,13.51000,13.89000,136800
2018-07-16,13.88000,14.07000,13.78000,14.05000,165900
2018-07-17,14.04000,14.22000,13.61000,14.00000,134900
2018-07-18,13.92000,13.95000,13.54000,13.81000,120400
2018-07-19,13.78000,13.82000,13.60000,13.78000,105200
2018-07-20,13.74000,13.78000,13.49000,13.53000,172200
2018-07-23,13.43000,13.84000,13.43000,13.65000,91800
2018-07-24,13.73000,13.79000,13.29000,13.42000,65600
2018-07-25,13.39000,13.41000,13.07000,13.24000,129300
2018-07-26,13.23000,13.54000,13.18000,13.26000,71600
2018-07-27,13.25000,13.44000,12.88000,13.07000,104100
2018-07-30,13.06000,13.29000,12.99000,13.10000,143200
2018-07-31,13.15000,13.59000,13.15000,13.43000,105500
2018-08-01,13.43000,13.52000,13.04000,13.04000,173900
2018-08-02,13.02000,13.59000,12.96000,13.36000,115900
2018-08-03,13.02000,14.65000,13.02000,14.05000,323700
2018-08-06,14.08000,15.13000,13.89000,15.05000,366500
2018-08-07,15.07000,15.65000,15.07000,15.58000,215900
2018-08-08,15.63000,16.07000,15.32000,15.35000,232400
2018-08-09,15.38000,15.74000,14.74000,15.40000,215200
2018-08-10,15.31000,15.66000,15.28000,15.58000,148000
2018-08-13,15.60000,15.95000,15.20000,15.32000,215300
2018-08-14,15.42000,15.53000,15.27000,15.50000,130300
2018-08-15,15.44000,15.55000,15.15000,15.21000,108500
2018-08-16,15.31000,15.33000,14.98000,15.21000,127100
2018-08-17,15.16000,15.34000,15.16000,15.31000,199000
2018-08-20,15.38000,15.47000,15.16000,15.37000,143400
2018-08-21,15.44000,15.69000,15.18000,15.23000,108600
2018-08-22,15.24000,15.36000,15.13000,15.32000,156600
2018-08-23,15.32000,15.64000,15.30000,15.41000,81900
2018-08-24,15.42000,15.42000,14.81000,14.86000,127100
2018-08-27,14.97000,15.10000,14.66000,14.72000,178800
2018-08-28,14.80000,15.01000,14.67000,14.87000,193600
2018-08-29,14.86000,14.93000,14.62000,14.70000,59600
2018-08-30,14.66000,14.79000,14.34000,14.52000,70900
2018-08-31,14.51000,14.65000,13.85000,14.55000,76600
2018-09-04,14.50000,14.60000,14.11000,14.25000,101700
2018-09-05,14.25000,14.26000,13.92000,14.22000,121100
2018-09-06,14.28000,14.37000,14.02000,14.04000,65200
2018-09-07,14.06000,14.15000,13.96000,14.02000,80300
2018-09-10,14.07000,14.36000,14.07000,14.26000,123500
2018-09-11,14.27000,14.38000,14.02000,14.33000,66700
2018-09-12,14.32000,14.34000,14.13000,14.28000,69300
2018-09-13,14.38000,14.49000,14.00000,14.04000,109000
2018-09-14,14.05000,14.34000,14.03000,14.06000,81200
2018-09-17,14.07000,14.25000,13.75000,13.82000,119700
2018-09-18,13.81000,14.10000,13.81000,13.90000,100400
2018-09-19,13.88000,14.14000,13.80000,14.00000,71400
2018-09-20,14.05000,14.11000,13.96000,14.03000,50300
2018-09-21,14.05000,14.19000,14.04000,14.18000,178600
2018-09-24,14.21000,14.44000,14.05000,14.28000,132700
2018-09-25,14.29000,14.35000,13.84000,13.85000,150500
2018-09-26,13.90000,13.90000,13.68000,13.72000,112400
2018-09-27,13.75000,13.89000,13.60000,13.86000,78300
2018-09-28,13.81000,14.34000,13.81000,14.32000,247800
2018-10-01,14.33000,14.35000,13.42000,13.47000,156700
2018-10-02,13.48000,13.81000,13.41000,13.62000,109900
2018-10-03,13.67000,13.86000,13.51000,13.79000,54100
2018-10-04,13.74000,13.85000,13.52000,13.61000,74700
2018-10-05,13.62000,13.74000,13.05000,13.27000,76500
2018-10-08,13.26000,13.29000,12.94000,13.10000,70100
2018-10-09,13.10000,13.30000,13.03000,13.15000,61800
2018-10-10,13.13000,13.15000,12.96000,12.98000,80900
2018-10-11,12.98000,13.12000,12.73000,12.73000,128300
2018-10-12,12.92000,12.98000,12.67000,12.73000,123600
2018-10-15,12.97000,13.95000,12.97000,13.45000,275600
2018-10-16,13.58000,13.69000,13.37000,13.63000,206300
2018-10-17,13.64000,13.73000,13.36000,13.38000,228400
2018-10-18,13.55000,13.69000,12.70000,12.74000,201600
2018-10-19,12.82000,12.85000,11.90000,12.13000,334700
2018-10-22,12.21000,12.47000,11.97000,12.15000,241000
2018-10-23,11.96000,12.25000,11.45000,11.50000,209000
2018-10-24,11.49000,11.66000,10.97000,10.98000,221200
2018-10-25,11.04000,11.48000,11.00000,11.36000,131700
2018-10-26,11.34000,11.80000,11.32000,11.53000,249400
2018-10-29,11.72000,11.88000,11.44000,11.53000,123900
2018-10-30,11.52000,11.92000,11.13000,11.85000,177700
2018-10-31,12.01000,12.01000,11.32000,11.36000,200600
2018-11-01,11.38000,11.90000,11.32000,11.70000,103200
2018-11-02,11.73000,12.48000,11.48000,11.96000,193300
2018-11-05,11.95000,12.10000,11.77000,12.01000,113900
2018-11-06,12.00000,12.19000,11.19000,12.16000,444300
2018-11-07,12.27000,13.39000,12.21000,13.29000,324100
2018-11-08,13.22000,13.50000,13.00000,13.12000,159100
2018-11-09,13.02000,13.12000,12.73000,13.01000,170800
2018-11-12,12.97000,13.21000,12.75000,13.01000,157400
2018-11-13,13.08000,13.72000,12.99000,13.68000,252400
2018-11-14,13.76000,13.82000,12.91000,12.93000,216100
2018-11-15,12.90000,13.24000,12.80000,13.20000,126800
2018-11-16,13.05000,13.52000,12.84000,13.41000,138900
2018-11-19,13.40000,13.40000,12.83000,12.98000,114100
2018-11-20,12.88000,13.16000,12.53000,12.86000,159300
2018-11-21,12.93000,13.26000,12.82000,12.90000,68200
2018-11-23,12.73000,13.08000,12.73000,12.83000,38200
2018-11-26,12.92000,13.16000,12.77000,12.92000,132100
2018-11-27,12.87000,13.07000,12.67000,12.95000,118000
2018-11-28,13.07000,13.37000,12.67000,13.32000,251800
2018-11-29,13.27000,13.31000,12.86000,12.88000,88900
2018-11-30,12.87000,13.01000,12.77000,12.87000,85200
2018-12-03,13.00000,13.00000,12.51000,12.58000,123900
2018-12-04,12.59000,12.59000,11.43000,11.50000,207400
2018-12-06,11.27000,11.52000,11.08000,11.47000,184800
2018-12-07,11.48000,11.68000,11.16000,11.30000,163500
2018-12-10,11.30000,11.52000,11.13000,11.24000,130600
2018-12-11,11.41000,11.41000,11.01000,11.14000,145000
2018-12-12,11.31000,11.45000,11.05000,11.14000,147200
2018-12-13,11.15000,11.24000,10.66000,10.74000,164200
2018-12-14,11.04000,11.63000,10.56000,11.31000,245300
2018-12-17,11.31000,11.36000,11.01000,11.11000,151200
2018-12-18,11.20000,11.20000,10.02000,10.24000,357100
2018-12-19,10.24000,10.54000,9.78000,10.06000,332200
2018-12-20,10.02000,10.15000,9.74000,9.90000,250600
2018-12-21,9.93000,10.38000,9.71000,10.11000,352500
2018-12-24,10.00000,10.41000,9.72000,10.00000,103500
2018-12-26,10.04000,10.56000,10.00000,10.53000,135400
2018-12-27,10.36000,10.70000,9.96000,10.25000,160700
2018-12-28,10.21000,10.55000,10.10000,10.38000,277500
2018-12-31,10.42000,10.91000,10.42000,10.89000,165100
2019-01-02,10.72000,11.22000,10.72000,11.14000,166400
2019-01-03,11.12000,11.58000,11.03000,11.20000,185200
2019-01-04,11.40000,11.85000,11.31000,11.84000,152800
2019-01-07,11.83000,12.07000,11.71000,12.01000,174000
2019-01-08,12.17000,12.27000,11.88000,12.19000,187500
2019-01-09,12.17000,12.38000,12.00000,12.05000,176100
2019-01-10,11.99000,12.36000,11.83000,12.22000,163400
2019-01-11,12.12000,12.52000,12.12000,12.45000,160600
2019-01-14,12.35000,12.55000,12.23000,12.29000,283100
2019-01-15,12.30000,12.78000,12.17000,12.69000,189000
2019-01-16,12.70000,12.78000,12.40000,12.63000,126900
2019-01-17,12.61000,13.03000,12.57000,12.96000,113600
2019-01-18,13.01000,13.33000,12.78000,13.30000,176400
2019-01-22,13.29000,13.29000,12.91000,13.21000,151600
2019-01-23,13.24000,13.32000,12.95000,13.15000,197000
2019-01-24,13.13000,13.49000,13.02000,13.07000,153700
2019-01-25,13.30000,13.57000,13.22000,13.48000,139000
2019-01-28,13.39000,13.66000,13.19000,13.47000,143400
2019-01-29,13.48000,13.55000,13.19000,13.24000,86800
2019-01-30,13.26000,13.39000,12.97000,13.27000,82000
2019-01-31,13.24000,13.46000,12.68000,13.24000,107400
2019-02-01,13.31000,13.34000,13.10000,13.18000,94000
2019-02-04,13.19000,13.37000,13.01000,13.20000,187100
2019-02-05,13.21000,13.42000,13.04000,13.30000,126100
2019-02-06,13.29000,13.62000,13.21000,13.53000,130800
2019-02-07,13.45000,13.59000,13.12000,13.16000,60900
2019-02-08,13.09000,13.19000,12.88000,13.09000,49300
2019-02-11,13.08000,13.13000,12.70000,13.09000,86800
2019-02-12,13.24000,13.48000,13.23000,13.40000,113500
2019-02-13,13.41000,13.48000,13.29000,13.37000,118900
2019-02-14,13.32000,13.65000,13.28000,13.56000,232100
2019-02-15,13.65000,14.04000,13.65000,13.93000,177100
2019-02-19,13.87000,14.22000,13.76000,14.18000,255500
2019-02-20,14.24000,14.78000,14.24000,14.40000,240200
2019-02-21,14.39000,15.15000,14.30000,14.69000,243200
2019-02-22,14.76000,14.90000,14.59000,14.71000,95700
2019-02-25,14.78000,14.88000,14.47000,14.51000,109600
2019-02-26,14.47000,14.74000,14.35000,14.66000,269700
2019-02-27,14.58000,14.74000,14.42000,14.65000,98500
2019-02-28,14.63000,14.74000,14.48000,14.61000,160400
2019-03-01,14.73000,14.97000,14.45000,14.70000,288300
2019-03-04,14.93000,14.99000,14.53000,14.86000,273500
2019-03-05,15.50000,15.75000,14.42000,14.47000,316800
2019-03-06,14.28000,14.42000,13.67000,14.21000,238700
2019-03-07,14.20000,14.33000,13.83000,14.06000,178500
2019-03-08,13.95000,14.05000,13.69000,13.81000,169800
2019-03-11,13.76000,13.78000,13.55000,13.62000,268900
2019-03-12,13.65000,13.95000,13.54000,13.76000,305900
2019-03-13,13.84000,13.84000,13.44000,13.47000,174500
2019-03-14,13.47000,13.52000,13.34000,13.37000,244600
2019-03-15,13.42000,13.61000,13.06000,13.22000,317000
2019-03-18,13.23000,13.42000,13.12000,13.37000,123200
2019-03-19,13.41000,13.43000,13.13000,13.14000,107600
2019-03-20,13.10000,13.18000,12.74000,12.96000,160100
2019-03-21,12.92000,13.16000,12.78000,12.82000,150800
2019-03-22,12.74000,12.88000,12.54000,12.54000,179200
2019-03-25,12.46000,12.92000,12.41000,12.79000,154400
2019-03-26,12.86000,12.98000,12.46000,12.62000,152100
2019-03-27,12.64000,12.78000,12.54000,12.58000,136200
2019-03-28,12.62000,12.76000,12.49000,12.65000,81800
2019-03-29,12.75000,12.76000,12.43000,12.52000,326000
2019-04-01,12.62000,13.04000,12.56000,13.02000,292200
2019-04-02,13.01000,13.03000,12.75000,12.90000,104600
2019-04-03,12.98000,13.05000,12.89000,12.96000,148400
2019-04-04,12.97000,13.14000,12.96000,13.04000,122200
2019-04-05,13.08000,13.20000,13.02000,13.10000,172700
2019-04-08,13.10000,13.12000,12.88000,12.94000,140000
2019-04-09,12.90000,13.01000,12.54000,12.58000,175300
2019-04-10,12.59000,12.88000,12.48000,12.74000,686700
2019-04-11,12.78000,13.01000,12.78000,12.92000,101800
2019-04-12,12.98000,13.05000,12.76000,12.78000,61100
2019-04-15,12.83000,12.97000,12.71000,12.84000,100300
2019-04-16,12.88000,13.24000,12.47000,13.17000,240300
2019-04-17,13.24000,13.75000,13.22000,13.62000,130700
2019-04-18,13.58000,13.89000,13.53000,13.75000,225100
2019-04-22,13.76000,13.84000,13.32000,13.61000,135900
2019-04-23,13.65000,13.80000,13.52000,13.76000,106000
2019-04-24,13.80000,13.89000,13.69000,13.74000,116600
2019-04-25,13.73000,13.73000,13.23000,13.23000,89500
2019-04-26,13.24000,13.44000,13.16000,13.37000,169200
2019-04-29,13.47000,13.75000,13.28000,13.66000,83500
2019-04-30,13.65000,13.66000,13.42000,13.56000,212100
2019-05-01,13.61000,13.80000,13.55000,13.57000,207400
2019-05-02,13.55000,13.60000,13.33000,13.43000,270100
2019-05-03,13.51000,13.94000,13.51000,13.89000,228900
2019-05-06,13.58000,13.91000,13.52000,13.84000,150700
2019-05-07,12.83000,12.86000,11.60000,12.12000,748200
2019-05-08,12.13000,12.35000,11.97000,12.04000,371600
2019-05-09,11.88000,12.12000,11.78000,12.11000,211100
2019-05-10,12.14000,12.28000,11.94000,12.19000,184600
2019-05-13,11.86000,12.04000,11.81000,11.97000,166700
2019-05-14,11.98000,12.29000,11.93000,12.21000,260200
2019-05-15,12.10000,12.23000,12.03000,12.14000,65100
2019-05-16,12.13000,12.31000,12.06000,12.09000,74500
2019-05-17,12.00000,12.12000,11.91000,12.01000,93400
2019-05-20,11.99000,12.10000,11.94000,12.08000,64000
2019-05-21,12.13000,12.26000,12.09000,12.22000,168200
2019-05-22,12.17000,12.23000,12.06000,12.15000,117900
2019-05-23,12.05000,12.09000,11.90000,11.98000,239100
2019-05-24,12.03000,12.06000,11.90000,12.01000,208000
2019-05-28,12.00000,12.26000,11.91000,12.19000,242500
2019-05-29,12.10000,12.14000,12.02000,12.04000,189600
2019-05-30,12.06000,12.22000,11.88000,11.95000,183900
2019-05-31,11.81000,11.99000,11.67000,11.94000,196000
2019-06-03,11.89000,12.15000,11.75000,12.12000,669600
2019-06-04,12.27000,13.08000,12.21000,13.07000,222900
2019-06-05,13.02000,13.35000,12.93000,13.34000,178000
2019-06-06,13.28000,13.38000,12.94000,12.97000,149400
2019-06-07,13.01000,13.27000,12.76000,12.77000,165500
2019-06-10,12.83000,13.10000,12.66000,12.72000,154600
2019-06-11,12.82000,12.86000,12.67000,12.78000,446600
2019-06-12,12.76000,12.89000,12.69000,12.77000,59600
2019-06-13,12.85000,13.07000,12.70000,13.06000,111600
2019-06-14,13.04000,13.37000,12.96000,13.24000,123800
2019-06-17,13.27000,13.48000,13.24000,13.27000,137000
2019-06-18,13.33000,13.65000,13.33000,13.49000,146900
2019-06-19,13.51000,13.53000,13.36000,13.44000,119900
2019-06-20,13.49000,13.63000,13.43000,13.59000,161600
2019-06-21,13.50000,13.56000,13.22000,13.25000,142800
2019-06-24,13.25000,13.43000,13.09000,13.10000,84100
2019-06-25,13.06000,13.16000,12.93000,13.01000,127500
2019-06-26,13.07000,13.18000,12.96000,13.18000,44800
2019-06-27,13.21000,13.39000,13.20000,13.35000,125200
2019-06-28,13.33000,13.70000,13.20000,13.42000,353500
2019-07-01,13.58000,13.97000,13.47000,13.96000,131000
2019-07-02,13.95000,13.96000,13.63000,13.78000,94300
2019-07-03,13.81000,13.97000,13.78000,13.93000,43300
2019-07-05,13.86000,14.18000,13.75000,13.97000,85700
2019-07-08,13.89000,14.00000,13.73000,13.75000,55900
2019-07-09,13.66000,13.80000,13.58000,13.79000,73400
2019-07-10,13.87000,13.89000,13.32000,13.40000,120700
2019-07-11,13.41000,13.41000,13.03000,13.13000,66500
2019-07-12,13.15000,13.60000,13.11000,13.49000,154600
2019-07-15,13.57000,13.63000,13.17000,13.38000,78100
2019-07-16,13.45000,13.58000,13.20000,13.22000,72000
2019-07-17,13.17000,13.19000,12.52000,12.52000,119100
2019-07-18,12.55000,12.55000,12.05000,12.09000,117400
2019-07-19,12.02000,12.37000,12.02000,12.13000,98400
2019-07-22,12.13000,12.30000,12.06000,12.09000,80300
2019-07-23,12.14000,12.31000,12.14000,12.21000,93800
2019-07-24,12.16000,12.52000,12.09000,12.48000,82100
2019-07-25,12.60000,12.60000,12.28000,12.30000,100200
2019-07-26,12.30000,12.68000,12.12000,12.65000,91700
2019-07-29,12.68000,12.76000,12.56000,12.66000,88900
2019-07-30,12.56000,12.80000,12.33000,12.73000,136000
2019-07-31,12.81000,13.03000,12.51000,12.52000,148000
2019-08-01,12.53000,12.64000,12.00000,12.23000,149300
2019-08-02,12.13000,12.31000,11.97000,12.19000,99800
2019-08-05,12.00000,12.02000,11.56000,11.88000,132200
2019-08-06,11.19000,11.87000,10.85000,11.06000,300100
2019-08-07,10.90000,11.14000,10.55000,10.74000,196100
2019-08-08,10.89000,11.36000,10.89000,11.26000,173100
2019-08-09,11.22000,11.22000,10.95000,11.01000,103300
2019-08-12,10.96000,11.14000,10.89000,11.06000,105600
2019-08-13,11.00000,11.37000,10.93000,11.31000,118400
2019-08-14,11.13000,11.37000,10.16000,10.57000,419300
2019-08-15,10.58000,10.94000,10.44000,10.82000,141700
2019-08-16,10.92000,11.08000,10.64000,11.06000,239500
2019-08-19,11.22000,11.34000,11.13000,11.25000,124000
2019-08-20,11.18000,11.57000,11.02000,11.40000,182100
2019-08-21,11.54000,11.93000,11.49000,11.64000,177900
2019-08-22,11.70000,11.70000,11.22000,11.39000,133800
2019-08-23,11.33000,11.34000,10.92000,10.99000,152000
2019-08-26,11.11000,11.16000,10.88000,11.16000,108100
2019-08-27,11.20000,11.30000,10.58000,10.68000,147500
2019-08-28,10.64000,10.95000,10.50000,10.77000,98300
2019-08-29,10.89000,11.19000,10.88000,11.15000,101000
2019-08-30,11.24000,11.30000,11.10000,11.19000,64100
2019-09-03,11.03000,11.23000,10.93000,11.04000,79300
2019-09-04,11.21000,11.39000,11.15000,11.20000,81300
2019-09-05,11.45000,11.72000,11.34000,11.49000,112700
2019-09-06,11.67000,11.68000,11.37000,11.53000,98300
2019-09-09,11.54000,11.90000,11.47000,11.76000,107100
2019-09-10,11.82000,12.38000,11.66000,12.27000,149600
2019-09-11,12.34000,12.73000,12.16000,12.69000,216800
2019-09-12,12.68000,12.82000,12.25000,12.49000,132200
2019-09-13,12.60000,12.74000,12.43000,12.50000,102700
2019-09-16,12.51000,12.79000,12.43000,12.71000,118000
2019-09-17,12.67000,13.00000,12.44000,12.93000,110600
2019-09-18,12.85000,13.15000,12.69000,13.08000,137300
2019-09-19,13.12000,13.31000,12.82000,12.87000,225800
2019-09-20,12.87000,13.42000,12.79000,13.18000,282500
2019-09-23,13.04000,13.24000,12.94000,13.19000,85100
2019-09-24,13.19000,13.22000,12.90000,12.96000,145500
2019-09-25,12.97000,13.22000,12.88000,13.16000,61300
2019-09-26,13.13000,13.18000,12.95000,13.06000,66900
2019-09-27,13.15000,13.20000,12.95000,13.07000,69100
2019-09-30,13.02000,13.24000,12.98000,13.15000,74200
2019-10-01,13.19000,13.27000,12.71000,13.01000,321900
2019-10-02,12.92000,13.27000,12.73000,13.18000,230600
2019-10-03,13.13000,13.89000,12.69000,13.75000,308300
2019-10-04,13.70000,14.15000,13.70000,14.06000,134700
2019-10-07,14.05000,14.32000,13.93000,14.01000,146900
2019-10-08,13.91000,14.67000,13.91000,14.50000,321100
2019-10-09,14.96000,15.69000,14.62000,14.91000,408800
2019-10-10,15.16000,15.88000,14.98000,15.80000,414400
2019-10-11,15.88000,16.60000,15.83000,16.02000,315500
2019-10-14,16.05000,16.16000,15.72000,15.94000,182800
2019-10-15,15.94000,16.12000,15.70000,15.91000,138200
2019-10-16,15.79000,16.16000,15.74000,15.88000,149500
2019-10-17,15.95000,16.04000,15.82000,15.90000,202300
2019-10-18,15.81000,16.44000,15.77000,16.38000,243500
2019-10-21,16.50000,16.89000,16.25000,16.65000,227200
2019-10-22,16.65000,16.93000,16.34000,16.70000,175300
2019-10-23,16.81000,16.99000,16.57000,16.90000,316400
2019-10-24,16.97000,17.03000,16.69000,16.80000,234800
2019-10-25,16.87000,16.93000,16.66000,16.87000,229000
2019-10-28,17.00000,17.29000,16.90000,16.92000,272600
2019-10-29,16.90000,17.07000,16.67000,16.87000,233000
2019-10-30,16.80000,16.91000,16.55000,16.75000,148400
2019-10-31,16.75000,16.76000,16.07000,16.25000,192000
2019-11-01,16.31000,16.58000,16.19000,16.46000,262800
2019-11-04,16.79000,17.05000,16.06000,16.79000,410000
2019-11-05,17.05000,17.49000,15.69000,16.45000,512400
2019-11-06,16.45000,16.45000,15.76000,15.83000,262800
2019-11-07,15.83000,15.91000,15.31000,15.38000,229200
2019-11-08,15.36000,15.49000,15.08000,15.14000,202100
2019-11-11,15.11000,15.38000,14.91000,15.20000,185100
2019-11-12,15.21000,15.36000,14.99000,15.31000,144700
2019-11-13,15.25000,15.25000,14.47000,14.77000,279900
2019-11-14,14.79000,15.11000,14.78000,14.90000,136700
2019-11-15,15.03000,15.12000,14.83000,14.83000,185000
2019-11-18,14.80000,14.84000,14.46000,14.83000,194100
2019-11-19,14.91000,15.21000,14.82000,15.11000,177000
2019-11-20,14.96000,15.02000,14.58000,14.65000,158200
2019-11-21,14.66000,14.66000,14.09000,14.18000,137300
2019-11-22,14.21000,14.24000,13.91000,13.98000,173800
2019-11-25,13.93000,14.66000,13.92000,14.56000,311300
2019-11-26,14.57000,14.79000,14.41000,14.48000,383000
2019-11-27,14.57000,14.71000,14.32000,14.34000,98800
2019-11-29,14.30000,14.84000,14.22000,14.57000,96500
2019-12-02,14.54000,14.62000,14.22000,14.32000,143100
2019-12-03,14.18000,14.25000,13.88000,14.00000,141800
2019-12-04,14.10000,14.22000,14.01000,14.12000,106400
2019-12-05,14.12000,14.16000,13.61000,13.82000,251900
2019-12-06,14.00000,14.28000,14.00000,14.22000,198200
2019-12-09,14.21000,14.54000,14.13000,14.44000,166200
2019-12-10,14.46000,14.68000,14.28000,14.55000,214300
2019-12-11,14.57000,14.60000,14.27000,14.40000,157500
2019-12-12,14.40000,14.72000,14.19000,14.25000,126900
2019-12-13,14.22000,14.30000,14.01000,14.18000,115700
2019-12-16,14.26000,14.56000,14.16000,14.33000,99900
2019-12-17,14.37000,14.67000,14.17000,14.59000,122000
2019-12-18,14.63000,14.80000,14.41000,14.72000,214000
2019-12-19,14.66000,14.85000,14.59000,14.75000,138500
2019-12-20,14.85000,15.10000,14.74000,15.00000,455700
2019-12-23,15.01000,15.07000,14.63000,14.67000,125300
2019-12-24,14.64000,14.67000,14.48000,14.61000,62700
2019-12-26,14.63000,14.79000,14.57000,14.77000,142300
2019-12-27,14.82000,14.82000,14.27000,14.36000,200600
2019-12-30,14.39000,14.45000,14.16000,14.36000,117600
2019-12-31,14.34000,14.49000,14.06000,14.08000,91100
2020-01-02,14.26000,14.26000,13.79000,14.15000,129900
2020-01-03,13.93000,14.27000,13.93000,14.24000,85100
2020-01-06,14.09000,14.41000,14.00000,14.35000,113700
2020-01-07,14.33000,14.55000,14.21000,14.32000,208300
2020-01-08,14.34000,14.60000,14.28000,14.35000,125700
2020-01-09,14.41000,14.60000,14.10000,14.13000,65900
2020-01-10,14.13000,14.21000,13.90000,13.95000,71100
2020-01-13,13.90000,14.17000,13.77000,14.14000,88200
2020-01-14,14.23000,14.65000,14.15000,14.50000,95300
2020-01-15,14.44000,14.55000,14.27000,14.53000,84600
2020-01-16,14.69000,14.93000,14.65000,14.71000,70600
2020-01-17,14.81000,14.98000,14.62000,14.90000,147200
2020-01-21,14.79000,14.99000,14.55000,14.58000,124100
2020-01-22,14.58000,14.63000,14.20000,14.28000,115700
2020-01-23,14.26000,14.61000,14.19000,14.52000,128100
2020-01-24,14.57000,14.65000,14.25000,14.27000,75600
2020-01-27,14.00000,14.25000,13.85000,14.07000,74800
2020-01-28,14.14000,14.25000,13.98000,14.05000,61100
2020-01-29,14.01000,14.08000,13.46000,13.47000,172600
2020-01-30,13.28000,13.59000,13.17000,13.57000,118100
2020-01-31,13.44000,13.49000,13.13000,13.18000,114200
2020-02-03,13.25000,13.65000,13.13000,13.31000,68500
2020-02-04,13.46000,13.60000,13.34000,13.39000,106500
2020-02-05,13.52000,13.74000,13.35000,13.70000,194400
2020-02-06,13.77000,13.79000,13.48000,13.50000,103600
2020-02-07,13.40000,13.58000,13.21000,13.48000,61800
2020-02-10,13.43000,13.53000,13.29000,13.42000,39200
2020-02-11,13.49000,14.36000,13.42000,14.35000,149200
2020-02-12,14.56000,15.02000,14.17000,14.92000,164100
2020-02-13,14.87000,14.93000,14.62000,14.83000,138900
2020-02-14,14.90000,14.92000,14.72000,14.86000,91200
2020-02-18,14.79000,14.85000,14.56000,14.76000,114400
2020-02-19,14.80000,15.17000,14.68000,14.91000,80400
2020-02-20,14.87000,15.00000,14.75000,14.91000,64900
2020-02-21,14.88000,15.07000,14.75000,15.00000,86200
2020-02-24,14.50000,14.86000,14.49000,14.75000,88000
2020-02-25,14.75000,15.04000,14.20000,14.32000,101000
2020-02-26,14.34000,14.34000,14.00000,14.05000,94300
2020-02-27,13.70000,13.83000,13.20000,13.81000,199600
2020-02-28,13.34000,13.84000,13.29000,13.66000,218400
2020-03-02,13.68000,13.93000,13.27000,13.59000,285100
2020-03-03,14.00000,15.61000,13.76000,14.68000,555000
2020-03-04,14.78000,14.99000,13.81000,14.51000,320900
2020-03-05,13.99000,14.30000,12.72000,12.84000,243800
2020-03-06,12.27000,12.64000,11.90000,12.41000,229700
2020-03-09,11.61000,11.71000,10.53000,10.58000,256800
2020-03-10,10.87000,10.90000,10.29000,10.73000,288800
2020-03-11,10.47000,10.47000,9.63000,9.85000,332900
2020-03-12,9.17000,9.86000,8.91000,9.05000,316100
2020-03-13,9.29000,9.76000,8.92000,9.76000,305900
2020-03-16,8.79000,8.97000,7.75000,7.88000,314300
2020-03-17,8.19000,8.70000,7.56000,8.66000,303400
2020-03-18,8.21000,8.45000,7.45000,8.12000,294900
2020-03-19,8.10000,8.50000,7.30000,7.60000,276300
2020-03-20,7.60000,8.38000,7.56000,7.85000,320400
2020-03-23,7.85000,8.12000,7.06000,8.00000,200400
2020-03-24,8.48000,9.25000,8.43000,9.07000,214800
2020-03-25,9.11000,9.37000,8.66000,8.96000,268300
2020-03-26,9.10000,9.73000,8.93000,9.66000,176400
2020-03-27,9.38000,9.50000,8.90000,8.91000,194600
2020-03-30,8.95000,9.20000,8.32000,9.03000,270300
2020-03-31,9.14000,10.13000,8.99000,9.50000,423400
2020-04-01,9.44000,9.50000,8.85000,9.17000,325800
2020-04-02,9.05000,9.26000,8.60000,8.74000,283400
2020-04-03,8.52000,8.86000,7.57000,7.87000,346400
2020-04-06,8.33000,8.50000,7.82000,8.04000,466800
2020-04-07,8.30000,8.61000,7.81000,7.96000,314000
2020-04-08,8.22000,8.84000,7.82000,8.64000,321400
2020-04-09,9.00000,9.36000,8.83000,9.30000,245600
2020-04-13,9.26000,9.30000,8.88000,9.03000,198200
2020-04-14,9.34000,9.47000,8.80000,8.96000,257900
2020-04-15,8.61000,8.76000,8.18000,8.34000,320800
2020-04-16,8.34000,8.49000,8.05000,8.40000,264500
2020-04-17,8.59000,8.78000,8.36000,8.53000,295500
2020-04-20,8.35000,8.51000,8.19000,8.32000,232900
2020-04-21,8.04000,8.34000,8.03000,8.25000,180500
2020-04-22,8.67000,9.13000,8.19000,8.27000,172900
2020-04-23,8.27000,8.69000,8.13000,8.53000,230800
2020-04-24,8.54000,8.96000,8.36000,8.83000,191100
2020-04-27,8.86000,9.69000,8.83000,9.52000,258500
2020-04-28,9.94000,9.98000,9.37000,9.86000,221300
2020-04-29,10.20000,10.74000,9.87000,10.38000,260300
2020-04-30,10.10000,10.38000,9.88000,9.88000,218600
2020-05-01,9.63000,9.83000,9.10000,9.46000,271700
2020-05-04,9.39000,9.63000,9.09000,9.39000,190000
2020-05-05,9.00000,9.80000,8.78000,8.91000,526900
2020-05-06,8.97000,8.97000,8.21000,8.24000,253400
2020-05-07,8.35000,8.65000,8.17000,8.46000,287200
2020-05-08,8.69000,9.11000,8.44000,8.98000,358400
2020-05-11,8.78000,8.80000,8.08000,8.21000,307200
2020-05-12,8.24000,8.24000,7.60000,7.61000,288300
2020-05-13,7.58000,7.58000,7.11000,7.26000,315900
2020-05-14,7.11000,7.37000,6.72000,7.36000,209600
2020-05-15,7.31000,7.77000,7.17000,7.71000,185200
2020-05-18,7.96000,8.38000,7.87000,8.34000,236700
2020-05-19,8.36000,8.48000,8.17000,8.21000,164700
2020-05-20,8.35000,8.69000,8.21000,8.59000,198600
2020-05-21,8.49000,8.82000,8.49000,8.75000,189000
2020-05-22,8.82000,8.82000,8.49000,8.66000,114800
2020-05-26,9.09000,9.21000,8.74000,9.19000,166800
2020-05-27,9.48000,9.58000,9.20000,9.49000,185600
2020-05-28,9.65000,9.65000,8.81000,8.85000,236500
2020-05-29,8.77000,9.11000,8.65000,9.05000,250900
2020-06-01,9.12000,9.20000,8.92000,8.99000,171900
2020-06-02,9.09000,9.29000,9.01000,9.18000,159300
2020-06-03,9.45000,9.69000,9.22000,9.55000,278900
2020-06-04,9.45000,9.93000,9.44000,9.91000,212400
2020-06-05,10.39000,10.69000,10.12000,10.35000,552800
2020-06-08,10.50000,11.18000,10.50000,11.02000,348200
2020-06-09,11.16000,11.41000,10.61000,11.18000,389500
2020-06-10,11.13000,11.36000,10.57000,11.24000,393200
2020-06-11,10.55000,10.83000,9.99000,10.02000,374500
2020-06-12,10.55000,10.63000,10.09000,10.51000,230200
2020-06-15,10.09000,10.76000,10.04000,10.62000,220100
2020-06-16,11.15000,11.75000,10.93000,11.01000,427200
2020-06-17,11.13000,11.21000,10.63000,10.69000,161200
2020-06-18,10.54000,10.73000,10.44000,10.59000,126000
2020-06-19,10.77000,10.88000,10.42000,10.53000,208200
2020-06-22,10.38000,10.50000,10.10000,10.28000,182300
2020-06-23,10.48000,10.48000,10.08000,10.14000,134800
2020-06-24,10.03000,10.12000,9.75000,9.96000,247000
2020-06-25,9.88000,10.02000,9.59000,9.97000,148700
2020-06-26,9.86000,9.86000,9.48000,9.68000,379000
2020-06-29,9.88000,10.40000,9.74000,10.25000,138100
2020-06-30,10.18000,10.64000,10.13000,10.47000,176100
2020-07-01,10.45000,10.66000,10.08000,10.08000,91800
2020-07-02,10.30000,10.45000,10.06000,10.12000,131100
2020-07-06,10.40000,10.40000,10.08000,10.17000,108500
2020-07-07,10.09000,10.12000,9.53000,9.58000,336400
2020-07-08,9.57000,9.71000,9.36000,9.60000,200600
2020-07-09,9.87000,9.87000,8.91000,8.98000,183000
2020-07-10,9.03000,9.23000,8.90000,9.23000,113200
2020-07-13,9.35000,9.35000,8.91000,9.12000,175600
2020-07-14,9.13000,9.33000,8.99000,9.20000,103800
2020-07-15,9.49000,9.74000,9.36000,9.66000,130500
2020-07-16,9.65000,9.73000,9.47000,9.71000,115100
2020-07-17,9.72000,9.94000,9.62000,9.87000,90200
2020-07-20,9.88000,9.96000,9.66000,9.78000,96600
2020-07-21,9.88000,10.28000,9.67000,10.22000,155600
2020-07-22,10.13000,10.23000,9.96000,10.05000,82400
2020-07-23,10.01000,10.19000,9.92000,10.07000,108200
2020-07-24,10.08000,10.08000,9.86000,9.93000,91500
2020-07-27,9.91000,10.09000,9.85000,10.09000,121100
2020-07-28,10.06000,10.33000,9.91000,9.92000,97300
2020-07-29,10.03000,10.17000,9.97000,10.10000,102000
2020-07-30,9.89000,10.09000,9.83000,9.96000,96700
2020-07-31,9.91000,10.31000,9.82000,10.30000,224900
2020-08-03,10.38000,10.78000,10.19000,10.75000,212200
2020-08-04,12.37000,13.96000,12.37000,12.75000,1184300
2020-08-05,12.99000,13.47000,12.65000,13.37000,591400
2020-08-06,13.50000,13.67000,13.15000,13.53000,195200
2020-08-07,13.22000,13.84000,13.22000,13.83000,229000
2020-08-10,13.98000,14.40000,13.93000,14.21000,363300
2020-08-11,14.24000,15.33000,14.24000,15.06000,401900
2020-08-12,15.31000,15.45000,14.78000,15.00000,206300
2020-08-13,14.93000,15.24000,14.68000,14.82000,263300
2020-08-14,14.68000,15.40000,14.61000,15.29000,173800
2020-08-17,15.43000,15.54000,15.10000,15.35000,283400
2020-08-18,15.38000,15.38000,14.74000,14.92000,127300
2020-08-19,15.03000,15.05000,14.62000,14.73000,168900
2020-08-20,14.49000,14.94000,14.37000,14.54000,79800
2020-08-21,14.43000,14.58000,14.31000,14.36000,147900
2020-08-24,14.40000,14.69000,14.25000,14.50000,116500
2020-08-25,14.56000,14.59000,14.16000,14.36000,129100
2020-08-26,14.36000,14.38000,14.13000,14.14000,131900
2020-08-27,14.14000,14.63000,14.13000,14.31000,116000
2020-08-28,14.40000,14.59000,14.35000,14.54000,94300
2020-08-31,14.42000,14.44000,14.05000,14.14000,219500
2020-09-01,14.04000,14.71000,13.59000,14.70000,193700
2020-09-02,14.73000,14.78000,14.36000,14.46000,274400
2020-09-03,14.42000,14.54000,13.84000,13.99000,142700
2020-09-04,14.29000,14.29000,13.95000,14.12000,99900
2020-09-08,14.07000,14.27000,13.91000,14.05000,142400
2020-09-09,14.19000,14.30000,14.07000,14.10000,135300
2020-09-10,14.12000,14.13000,13.52000,13.56000,161300
2020-09-11,13.56000,13.71000,13.22000,13.24000,116100
2020-09-14,13.33000,13.46000,13.16000,13.32000,124200
2020-09-15,13.45000,13.45000,13.05000,13.12000,104600
2020-09-16,13.13000,13.54000,13.02000,13.42000,96600
2020-09-17,13.16000,13.75000,13.13000,13.40000,164700
2020-09-18,13.53000,13.84000,13.36000,13.68000,282800
2020-09-21,13.41000,13.54000,12.93000,13.13000,186700
2020-09-22,13.20000,13.37000,13.07000,13.30000,129700
2020-09-23,13.37000,13.61000,13.36000,13.36000,272900
2020-09-24,13.34000,13.69000,13.19000,13.55000,136000
2020-09-25,13.46000,13.87000,13.25000,13.78000,116100
2020-09-28,13.97000,14.53000,13.97000,14.50000,126200
2020-09-29,14.61000,14.61000,14.03000,14.57000,176100
2020-09-30,14.64000,14.74000,14.01000,14.16000,105000
2020-10-01,14.18000,14.29000,13.69000,13.98000,180900
2020-10-02,13.67000,14.15000,13.67000,14.03000,96300
2020-10-05,14.29000,14.66000,14.23000,14.43000,132200
2020-10-06,14.55000,14.67000,14.10000,14.38000,276500
2020-10-07,14.51000,15.20000,14.38000,14.97000,196800
2020-10-08,15.19000,15.44000,14.99000,15.22000,86800
2020-10-09,15.31000,15.42000,14.98000,14.99000,101000
2020-10-12,14.94000,15.23000,14.80000,15.15000,85300
2020-10-13,14.97000,15.21000,14.82000,15.16000,87900
2020-10-14,15.12000,15.43000,14.98000,14.98000,79700
2020-10-15,14.98000,15.42000,14.86000,15.42000,96100
2020-10-16,15.50000,16.83000,15.46000,16.45000,785600
2020-10-19,16.81000,17.82000,16.32000,16.45000,712300
2020-10-20,16.46000,17.24000,16.31000,17.07000,386700
2020-10-21,17.12000,17.27000,16.60000,16.64000,235500
2020-10-22,16.66000,16.94000,15.93000,16.71000,295300
2020-10-23,16.89000,16.92000,16.51000,16.83000,148000
2020-10-26,16.50000,16.87000,16.46000,16.83000,173800
2020-10-27,16.78000,16.78000,15.69000,15.84000,243000
2020-10-28,15.11000,15.76000,14.12000,14.18000,389000
2020-10-29,14.19000,14.60000,13.90000,13.91000,196900
2020-10-30,13.84000,14.83000,13.66000,14.70000,286300
2020-11-02,14.85000,15.48000,14.49000,15.38000,260700
2020-11-03,15.12000,15.60000,13.81000,14.67000,568600
2020-11-04,14.62000,14.62000,13.39000,13.70000,584100
2020-11-05,13.75000,14.43000,13.75000,13.95000,156400
2020-11-06,14.07000,14.15000,13.67000,13.79000,191500
2020-11-09,14.25000,15.68000,14.11000,14.15000,283300
2020-11-10,14.41000,15.87000,14.19000,15.81000,349700
2020-11-11,15.74000,16.05000,15.26000,16.03000,197700
2020-11-12,15.84000,15.94000,14.81000,15.12000,182000
2020-11-13,15.31000,15.66000,15.07000,15.33000,100400
2020-11-16,15.48000,16.00000,15.45000,15.87000,183500
2020-11-17,15.63000,15.84000,15.14000,15.77000,174400
2020-11-18,15.92000,16.15000,15.67000,15.68000,122000
2020-11-19,15.67000,15.89000,15.40000,15.71000,108400
2020-11-20,15.56000,15.75000,15.36000,15.51000,80200
2020-11-23,15.66000,16.43000,15.49000,16.31000,194400
2020-11-24,16.55000,17.25000,16.26000,17.12000,351100
2020-11-25,17.07000,17.07000,16.08000,16.46000,157500
2020-11-27,16.52000,16.57000,16.20000,16.32000,71000
2020-11-30,16.25000,16.38000,15.96000,15.99000,228700
2020-12-01,16.32000,16.32000,15.69000,16.01000,226500
2020-12-02,15.82000,16.22000,15.81000,16.11000,139500
2020-12-03,16.11000,16.25000,16.00000,16.14000,104700
2020-12-04,16.50000,16.60000,16.10000,16.53000,143800
2020-12-07,16.54000,16.66000,16.18000,16.60000,199800
2020-12-08,16.48000,16.65000,16.22000,16.30000,399900
2020-12-09,16.36000,16.79000,16.20000,16.47000,276500
2020-12-10,16.45000,16.64000,15.94000,16.18000,252500
2020-12-11,16.20000,16.70000,16.14000,16.57000,438000
2020-12-14,16.96000,19.67000,16.55000,19.30000,2324800
2020-12-15,19.63000,19.84000,18.05000,19.09000,870000
2020-12-16,19.37000,20.69000,19.04000,19.92000,1389100
2020-12-17,20.36000,20.36000,19.46000,19.88000,425800
2020-12-18,19.92000,20.82000,19.88000,19.99000,835300
2020-12-21,19.28000,20.22000,19.06000,19.16000,603500
2020-12-22,19.17000,19.74000,18.80000,19.00000,401500
2020-12-23,19.16000,19.53000,18.84000,19.13000,217400
2020-12-24,19.14000,19.78000,18.64000,19.26000,194200
2020-12-28,19.48000,20.16000,19.07000,19.52000,326200
2020-12-29,19.44000,19.50000,18.51000,18.76000,331900
2020-12-30,18.59000,19.02000,18.21000,18.57000,288300
2020-12-31,18.61000,18.86000,18.34000,18.61000,171300
2021-01-04,18.68000,18.88000,17.44000,17.88000,393900
2021-01-05,17.88000,18.60000,17.61000,18.38000,342600
2021-01-06,18.82000,21.55000,18.74000,21.22000,870800
2021-01-07,21.53000,23.24000,21.50000,22.45000,635600
2021-01-08,22.82000,22.87000,21.15000,21.92000,575800
2021-01-11,21.67000,21.78000,21.16000,21.74000,309500
2021-01-12,22.06000,22.76000,21.80000,22.40000,292900
2021-01-13,22.50000,22.82000,21.81000,22.04000,323000
2021-01-14,22.36000,23.57000,22.24000,22.96000,452800
2021-01-15,22.78000,23.20000,22.16000,23.12000,253400
2021-01-19,23.29000,24.49000,23.20000,24.13000,586200
2021-01-20,24.25000,24.47000,23.42000,23.89000,360400
2021-01-21,23.89000,23.93000,23.49000,23.63000,311900
2021-01-22,23.33000,23.73000,22.61000,23.68000,361600
2021-01-25,23.85000,24.07000,22.62000,23.07000,271000
2021-01-26,23.44000,23.44000,22.10000,22.54000,294700
2021-01-27,21.93000,21.93000,20.46000,20.91000,587000
2021-01-28,20.98000,21.24000,20.22000,21.03000,342100
2021-01-29,20.91000,21.03000,20.23000,20.47000,403100
2021-02-01,20.76000,21.09000,20.04000,20.91000,396900
2021-02-02,21.58000,21.63000,20.76000,21.39000,265000
2021-02-03,21.43000,21.55000,20.66000,21.14000,180800
2021-02-04,21.33000,21.86000,21.00000,21.81000,292600
2021-02-05,22.00000,22.24000,21.56000,22.02000,214100
2021-02-08,22.30000,22.94000,22.30000,22.73000,174700
2021-02-09,22.57000,22.59000,21.73000,22.07000,293000
2021-02-10,22.07000,22.21000,21.72000,21.90000,173600
2021-02-11,22.08000,22.19000,21.11000,21.64000,188400
2021-02-12,21.41000,21.66000,20.90000,21.59000,146100
2021-02-16,21.66000,21.70000,20.83000,20.84000,195500
2021-02-17,20.77000,21.23000,20.52000,20.97000,146800
2021-02-18,20.89000,20.93000,20.32000,20.47000,164500
2021-02-19,20.45000,21.06000,20.35000,20.83000,228800
2021-02-22,20.73000,21.96000,20.67000,21.66000,356700
2021-02-23,21.70000,22.90000,21.05000,22.64000,414800
2021-02-24,22.96000,24.10000,22.70000,24.05000,388100
2021-02-25,24.34000,24.34000,23.02000,23.27000,359600
2021-02-26,23.15000,24.23000,22.04000,22.78000,240100
2021-03-01,23.45000,24.05000,23.01000,23.85000,242500
2021-03-02,21.74000,24.09000,21.74000,23.19000,286700
2021-03-03,23.48000,23.48000,19.20000,19.57000,1470000
2021-03-04,19.49000,20.81000,19.45000,20.21000,515700
2021-03-05,20.38000,21.05000,19.48000,21.03000,494300
2021-03-08,21.03000,21.58000,20.86000,21.10000,222900
2021-03-09,21.29000,21.66000,20.83000,21.38000,270700
2021-03-10,21.65000,22.56000,21.30000,22.42000,229200
2021-03-11,22.77000,22.85000,22.22000,22.67000,167900
2021-03-12,22.70000,23.73000,22.44000,23.16000,494500
2021-03-15,23.11000,23.13000,22.25000,22.86000,217300
2021-03-16,22.90000,22.90000,21.55000,21.77000,327100
2021-03-17,21.89000,21.90000,21.39000,21.77000,256800
2021-03-18,21.70000,22.22000,21.14000,21.18000,283500
2021-03-19,20.85000,21.47000,20.32000,21.19000,544800
2021-03-22,21.18000,21.40000,20.68000,20.76000,228500
2021-03-23,20.65000,20.80000,19.80000,20.08000,330800
2021-03-24,20.38000,20.95000,19.95000,20.00000,247400
2021-03-25,19.98000,20.47000,19.47000,20.30000,307500
2021-03-26,20.73000,21.79000,20.55000,21.75000,294200
2021-03-29,21.75000,22.16000,20.82000,20.89000,257100
2021-03-30,21.13000,22.71000,20.89000,22.54000,522900
2021-03-31,22.88000,23.70000,22.64000,23.20000,492900
2021-04-01,23.49000,23.64000,22.60000,23.14000,382200
2021-04-05,23.25000,23.59000,22.55000,22.89000,420300
2021-04-06,22.99000,23.22000,22.63000,22.75000,235600
2021-04-07,22.79000,23.03000,21.72000,21.88000,229800
2021-04-08,22.00000,22.07000,20.64000,20.70000,439200
2021-04-09,20.77000,21.41000,20.53000,21.34000,288000
2021-04-12,21.41000,21.95000,21.00000,21.67000,290000
2021-04-13,21.52000,21.57000,20.67000,20.93000,175300
2021-04-14,21.00000,21.60000,20.78000,20.87000,240600
2021-04-15,21.02000,21.34000,20.57000,20.94000,151500
2021-04-16,21.09000,21.27000,20.67000,20.83000,120100
2021-04-19,20.66000,20.66000,20.03000,20.51000,244500
2021-04-20,20.50000,20.74000,19.76000,20.20000,215700
2021-04-21,20.23000,20.70000,20.02000,20.25000,167200
2021-04-22,20.32000,20.70000,20.05000,20.33000,222200
2021-04-23,20.44000,20.98000,20.31000,20.72000,169800
2021-04-26,21.12000,21.12000,20.66000,20.85000,190600
2021-04-27,20.89000,21.03000,20.63000,20.95000,150700
2021-04-28,20.99000,21.08000,20.80000,20.95000,105700
2021-04-29,21.24000,21.35000,20.86000,21.03000,136600
2021-04-30,20.85000,21.02000,20.72000,20.85000,159100
2021-05-03,20.98000,21.15000,20.68000,20.98000,157800
2021-05-04,22.00000,23.84000,21.65000,23.22000,1068400
2021-05-05,23.64000,23.67000,22.40000,22.67000,354000
2021-05-06,22.55000,23.21000,22.51000,23.17000,191100
2021-05-07,23.05000,23.25000,22.58000,23.18000,172400
2021-05-10,23.18000,23.79000,22.64000,22.70000,273400
2021-05-11,22.28000,22.58000,21.79000,22.23000,218500
2021-05-12,22.04000,22.35000,21.15000,21.28000,280800
2021-05-13,21.24000,22.30000,21.24000,22.13000,223300
2021-05-14,22.40000,22.67000,22.06000,22.50000,129900
2021-05-17,22.25000,22.95000,22.11000,22.87000,142800
2021-05-18,22.77000,22.97000,22.47000,22.61000,230100
2021-05-19,22.14000,22.51000,21.47000,22.17000,218500
2021-05-20,22.17000,22.19000,21.43000,21.85000,175600
2021-05-21,22.06000,22.50000,21.90000,22.19000,148500
2021-05-24,22.21000,22.37000,21.88000,21.95000,86100
2021-05-25,21.98000,22.14000,21.74000,21.78000,165200
2021-05-26,21.90000,22.21000,21.83000,22.19000,99300
2021-05-27,22.50000,22.81000,22.41000,22.71000,293800
2021-05-28,22.71000,22.86000,22.24000,22.50000,76600
2021-06-01,22.85000,23.38000,22.55000,23.27000,184600
2021-06-02,23.29000,23.63000,22.74000,23.56000,256200
2021-06-03,23.56000,24.54000,23.20000,24.49000,386200
2021-06-04,24.81000,25.11000,24.29000,25.09000,302100
2021-06-07,25.24000,25.74000,24.92000,25.03000,235400
2021-06-08,25.12000,25.30000,24.57000,24.99000,164300
2021-06-09,25.18000,25.39000,24.68000,24.72000,228100
2021-06-10,24.92000,24.92000,24.31000,24.50000,200500
2021-06-11,24.71000,25.08000,24.04000,24.24000,123900
2021-06-14,24.29000,24.38000,23.84000,24.21000,132700
2021-06-15,24.26000,24.26000,24.00000,24.03000,137900
2021-06-16,24.06000,24.13000,23.58000,23.72000,142100
2021-06-17,23.78000,23.78000,22.88000,22.94000,204600
2021-06-18,22.43000,22.74000,21.78000,21.85000,363500
2021-06-21,21.99000,22.32000,21.87000,21.99000,137200
2021-06-22,22.01000,22.15000,21.51000,22.13000,151400
2021-06-23,22.15000,22.30000,21.85000,21.91000,159600
2021-06-24,22.15000,23.19000,21.84000,23.16000,378500
2021-06-25,23.91000,23.95000,23.30000,23.35000,466300
2021-06-28,23.40000,23.40000,22.07000,22.41000,262400
2021-06-29,22.61000,22.61000,21.90000,22.21000,291600
2021-06-30,22.13000,24.48000,22.00000,24.13000,1139800
2021-07-01,24.65000,25.68000,24.61000,25.35000,523200
2021-07-02,25.51000,25.53000,23.64000,23.72000,309200
2021-07-06,23.79000,23.80000,21.85000,22.29000,391300
2021-07-07,22.25000,22.31000,21.35000,21.97000,228400
2021-07-08,21.48000,22.40000,21.08000,21.90000,238600
2021-07-09,22.16000,22.79000,21.99000,22.68000,439200
2021-07-12,22.38000,22.80000,22.11000,22.41000,262700
2021-07-13,22.24000,22.29000,21.98000,22.11000,172200
2021-07-14,22.24000,22.54000,21.53000,21.72000,211100
2021-07-15,21.62000,22.11000,21.44000,21.76000,162200
2021-07-16,22.00000,22.00000,21.11000,21.18000,232500
2021-07-19,20.57000,21.15000,20.17000,20.85000,304900
2021-07-20,20.85000,21.57000,20.76000,21.22000,266600
2021-07-21,21.38000,22.05000,21.38000,21.54000,185600
2021-07-22,21.54000,21.66000,20.64000,20.89000,181100
2021-07-23,21.04000,21.22000,20.70000,21.17000,121600
2021-07-26,21.22000,21.78000,21.02000,21.22000,117000
2021-07-27,21.02000,21.28000,20.61000,21.10000,111200
2021-07-28,21.30000,21.94000,21.10000,21.73000,201300
2021-07-29,22.08000,22.19000,21.61000,21.93000,139200
2021-07-30,21.96000,22.42000,21.56000,21.96000,137900
2021-08-02,22.10000,22.86000,21.54000,21.62000,249200
2021-08-03,22.29000,22.65000,21.50000,22.39000,291500
2021-08-04,22.23000,22.45000,21.90000,21.90000,175200
2021-08-05,21.92000,22.49000,21.92000,22.12000,132200
2021-08-06,22.29000,22.70000,22.11000,22.17000,103500
2021-08-09,22.05000,22.17000,21.57000,21.99000,165800
2021-08-10,22.07000,22.97000,21.81000,22.97000,187800
2021-08-11,23.02000,23.82000,22.67000,23.80000,242600
2021-08-12,23.82000,24.03000,23.30000,23.67000,111100
2021-08-13,23.76000,23.76000,23.01000,23.14000,96900
2021-08-16,22.87000,22.99000,22.32000,22.64000,109700
2021-08-17,22.42000,22.42000,21.88000,22.07000,150500
2021-08-18,21.93000,22.24000,21.71000,21.74000,118700
2021-08-19,21.55000,21.94000,21.37000,21.65000,167500
2021-08-20,21.54000,22.13000,21.54000,21.95000,198100
2021-08-23,22.24000,22.42000,22.04000,22.26000,99100
2021-08-24,22.37000,22.92000,22.35000,22.57000,104300
2021-08-25,22.61000,23.14000,22.35000,22.75000,108500
2021-08-26,22.67000,22.84000,22.40000,22.58000,112100
2021-08-27,22.70000,23.35000,22.70000,23.18000,146100
2021-08-30,23.34000,23.34000,22.92000,23.06000,107500
2021-08-31,23.03000,23.25000,22.90000,23.06000,122700
2021-09-01,23.09000,23.29000,22.86000,22.94000,108500
2021-09-02,23.12000,23.50000,23.03000,23.46000,88800
2021-09-03,23.41000,23.62000,22.96000,23.11000,102300
2021-09-07,23.05000,23.20000,22.77000,22.92000,104600
2021-09-08,22.90000,22.90000,22.31000,22.49000,100700
2021-09-09,22.48000,22.54000,22.20000,22.25000,103000
2021-09-10,22.56000,22.56000,21.75000,21.85000,316100
2021-09-13,22.70000,23.64000,22.66000,23.42000,249400
2021-09-14,23.57000,23.57000,22.54000,22.78000,130800
2021-09-15,22.85000,23.10000,22.50000,22.73000,125700
2021-09-16,22.90000,23.03000,22.46000,22.57000,89100
2021-09-17,22.51000,22.91000,22.22000,22.78000,365900
2021-09-20,22.07000,22.12000,21.51000,21.97000,216200
2021-09-21,22.10000,22.31000,21.49000,21.65000,222200
2021-09-22,21.79000,21.99000,21.42000,21.51000,153900
2021-09-23,21.56000,22.19000,21.50000,21.86000,152700
2021-09-24,21.83000,22.09000,21.63000,21.86000,150900
2021-09-27,22.16000,23.41000,22.16000,23.18000,269700
2021-09-28,23.11000,23.34000,22.58000,22.66000,108000
2021-09-29,22.71000,23.05000,22.58000,23.01000,100800
2021-09-30,23.14000,23.25000,22.67000,22.67000,112000
2021-10-01,22.90000,23.02000,22.41000,22.86000,194500
2021-10-04,22.83000,23.26000,22.74000,22.97000,125800
2021-10-05,23.00000,23.47000,22.76000,23.13000,148400
2021-10-06,22.87000,23.16000,22.61000,23.06000,116100
2021-10-07,23.29000,23.85000,23.15000,23.61000,138800
2021-10-08,23.68000,23.97000,23.34000,23.37000,164800
2021-10-11,23.44000,23.59000,22.80000,22.81000,73700
2021-10-12,22.81000,23.20000,22.72000,23.12000,87200
2021-10-13,23.15000,23.21000,22.74000,22.82000,67000
2021-10-14,23.15000,23.28000,22.90000,23.18000,92100
2021-10-15,23.56000,23.78000,23.08000,23.10000,161400
2021-10-18,22.99000,23.10000,22.68000,22.75000,65100
2021-10-19,22.75000,22.86000,22.51000,22.78000,87900
2021-10-20,22.78000,22.94000,22.59000,22.80000,163800
2021-10-21,22.73000,22.92000,22.56000,22.84000,139000
2021-10-22,22.90000,23.03000,22.55000,22.76000,120100
2021-10-25,22.76000,23.17000,22.46000,23.00000,347500
2021-10-26,23.21000,24.25000,23.10000,23.75000,324300
2021-10-27,23.57000,23.73000,22.85000,22.87000,165800
2021-10-28,22.92000,23.95000,22.87000,23.93000,154000
2021-10-29,23.83000,24.24000,23.78000,24.04000,152900
2021-11-01,24.20000,25.23000,24.20000,24.94000,199100
2021-11-02,24.85000,24.85000,24.05000,24.57000,163800
2021-11-03,25.49000,25.90000,24.40000,25.72000,387300
2021-11-04,25.99000,27.42000,25.84000,27.16000,444800
2021-11-05,27.51000,28.03000,27.01000,27.18000,446500
2021-11-08,28.75000,29.67000,28.33000,28.58000,354400
2021-11-09,28.61000,29.15000,28.10000,28.86000,241300
2021-11-10,28.94000,29.06000,28.42000,28.52000,197700
2021-11-11,28.26000,29.07000,27.73000,28.86000,227200
2021-11-12,29.14000,29.16000,28.59000,28.92000,166200
2021-11-15,29.04000,29.07000,28.00000,28.17000,168900
2021-11-16,28.17000,28.88000,27.80000,28.79000,164800
2021-11-17,28.77000,29.48000,28.60000,29.02000,270200
2021-11-18,28.96000,29.19000,28.30000,28.90000,199900
2021-11-19,28.70000,28.97000,28.46000,28.70000,136400
2021-11-22,28.75000,29.10000,28.21000,28.69000,143000
2021-11-23,28.73000,29.05000,28.50000,28.72000,135100
2021-11-24,28.52000,28.59000,28.10000,28.21000,119800
2021-11-26,27.17000,27.36000,26.27000,27.24000,228100
2021-11-29,27.79000,27.79000,26.50000,26.63000,156600
2021-11-30,26.29000,26.47000,25.38000,25.77000,211100
2021-12-01,26.52000,26.52000,25.31000,25.34000,193700
2021-12-02,25.46000,26.30000,25.46000,26.00000,145600
2021-12-03,26.29000,26.29000,25.37000,25.90000,139600
2021-12-06,26.14000,27.12000,25.91000,26.85000,158800
2021-12-07,27.28000,27.75000,26.76000,27.01000,168400
2021-12-08,27.00000,27.34000,26.82000,27.26000,145100
2021-12-09,27.27000,27.27000,26.50000,26.70000,115000
2021-12-10,26.88000,26.99000,26.20000,26.48000,81200
2021-12-13,26.52000,27.01000,26.21000,26.61000,155500
2021-12-14,26.57000,27.09000,26.20000,26.34000,153200
2021-12-15,26.50000,27.21000,26.18000,27.12000,136200
2021-12-16,27.41000,27.52000,26.35000,26.51000,113000
2021-12-17,26.46000,26.74000,25.42000,25.50000,257100
2021-12-20,25.08000,25.32000,23.98000,24.53000,207500
2021-12-21,24.87000,25.49000,24.76000,25.42000,111800
2021-12-22,25.42000,25.90000,25.13000,25.79000,65700
2021-12-23,26.00000,26.21000,25.87000,26.00000,70000
2021-12-27,26.23000,27.00000,26.00000,26.94000,99600
2021-12-28,26.89000,26.95000,26.34000,26.66000,77400
2021-12-29,26.86000,27.33000,26.71000,26.87000,92700
2021-12-30,26.67000,27.09000,26.10000,26.22000,109800
2021-12-31,26.30000,26.50000,26.07000,26.30000,93200
2022-01-03,26.55000,27.23000,26.38000,26.89000,93100
2022-01-04,26.93000,27.33000,26.58000,27.10000,95600
2022-01-05,27.28000,27.48000,26.10000,26.13000,132200
2022-01-06,26.46000,28.17000,26.43000,28.10000,182900
2022-01-07,27.92000,27.92000,26.29000,26.57000,172400
2022-01-10,26.53000,26.61000,25.79000,26.53000,195500
2022-01-11,26.63000,27.14000,26.24000,27.05000,135500
2022-01-12,27.20000,27.50000,26.85000,27.28000,251400
2022-01-13,27.30000,27.96000,27.30000,27.65000,94000
2022-01-14,26.98000,27.92000,26.89000,27.89000,108200
2022-01-18,27.43000,27.85000,27.18000,27.60000,231000
2022-01-19,27.30000,28.42000,27.20000,27.74000,544400
2022-01-20,27.72000,28.05000,26.96000,27.10000,523700
2022-01-21,26.77000,27.50000,26.11000,26.35000,459200
2022-01-24,26.00000,27.15000,25.47000,27.00000,311400
2022-01-25,26.59000,26.89000,25.94000,26.58000,208100
2022-01-26,26.87000,27.42000,26.28000,26.61000,274700
2022-01-27,26.65000,27.06000,25.13000,25.28000,147700
2022-01-28,25.18000,25.21000,24.10000,25.14000,162700
2022-01-31,25.00000,25.52000,24.75000,25.41000,140100
2022-02-01,25.49000,26.57000,25.24000,26.52000,167800
2022-02-02,26.41000,27.81000,26.24000,26.70000,225900
2022-02-03,26.60000,27.67000,26.51000,27.32000,181200
2022-02-04,27.35000,27.37000,26.61000,27.07000,200000
2022-02-07,27.13000,27.82000,27.03000,27.51000,135000
2022-02-08,27.69000,30.10000,27.69000,29.62000,410300
2022-02-09,29.73000,30.25000,28.81000,28.93000,188800
2022-02-10,28.62000,29.49000,28.27000,28.97000,227300
2022-02-11,28.98000,29.49000,28.72000,28.86000,98400
2022-02-14,29.10000,29.71000,28.83000,29.17000,161200
2022-02-15,29.59000,31.40000,29.43000,31.24000,260800
2022-02-16,31.41000,32.14000,31.21000,31.87000,444300
2022-02-17,31.45000,31.72000,29.72000,29.85000,254200
2022-02-18,29.82000,30.17000,29.45000,29.51000,109900
2022-02-22,28.94000,29.66000,28.25000,28.41000,205300
2022-02-23,28.47000,28.89000,27.61000,27.68000,167100
2022-02-24,26.81000,28.40000,26.80000,28.37000,190300
2022-02-25,28.56000,29.21000,28.03000,29.02000,124000
2022-02-28,28.75000,29.69000,28.69000,29.53000,334200
2022-03-01,30.40000,31.10000,28.00000,28.12000,317000
2022-03-02,28.77000,30.91000,28.70000,29.54000,299900
2022-03-03,29.72000,29.72000,28.84000,29.27000,124800
2022-03-04,28.84000,29.07000,28.10000,28.38000,133600
2022-03-07,28.46000,28.82000,27.77000,27.81000,182800
2022-03-08,28.13000,28.50000,27.66000,27.73000,167100
2022-03-09,28.48000,28.67000,28.01000,28.39000,146500
2022-03-10,27.81000,28.88000,27.53000,28.83000,130700
2022-03-11,28.93000,29.43000,28.72000,29.04000,108000
2022-03-14,29.16000,29.54000,28.23000,28.36000,139300
2022-03-15,28.41000,28.41000,27.36000,27.69000,135700
2022-03-16,27.97000,29.05000,27.85000,28.86000,160000
2022-03-17,28.69000,28.96000,28.40000,28.95000,127700
2022-03-18,28.77000,28.95000,28.17000,28.90000,366900
2022-03-21,29.05000,29.70000,28.47000,28.80000,258200
2022-03-22,29.12000,29.34000,28.65000,28.78000,225700
2022-03-23,28.78000,28.78000,27.67000,27.72000,190400
2022-03-24,28.00000,28.00000,26.81000,27.79000,161800
2022-03-25,27.89000,28.29000,27.83000,28.01000,164800
2022-03-28,27.85000,27.85000,26.91000,27.09000,124300
2022-03-29,27.21000,28.28000,27.21000,28.10000,336600
2022-03-30,28.26000,28.55000,27.76000,27.83000,164000
2022-03-31,27.68000,27.85000,26.66000,26.80000,225800
2022-04-01,26.85000,27.26000,26.57000,27.16000,141800
2022-04-04,27.06000,27.06000,26.05000,26.72000,131900
2022-04-05,26.70000,26.87000,26.01000,26.13000,161300
2022-04-06,25.91000,26.15000,25.33000,25.49000,195700
2022-04-07,25.68000,25.92000,25.26000,25.73000,106000
2022-04-08,25.86000,26.21000,25.56000,25.62000,101600
2022-04-11,25.61000,26.02000,25.44000,25.58000,64300
2022-04-12,25.68000,26.37000,25.41000,25.48000,112700
2022-04-13,25.71000,26.60000,25.70000,26.44000,128700
2022-04-14,26.43000,27.01000,26.22000,26.41000,205200
2022-04-18,26.29000,26.64000,25.80000,25.96000,148700
2022-04-19,26.34000,26.71000,25.81000,26.42000,174900
2022-04-20,26.64000,26.95000,26.23000,26.35000,94000
2022-04-21,26.55000,26.67000,25.41000,25.70000,119600
2022-04-22,25.46000,25.74000,24.63000,24.73000,153000
2022-04-25,24.62000,24.75000,23.80000,24.49000,167900
2022-04-26,24.21000,24.33000,23.45000,23.57000,127800
2022-04-27,23.57000,23.86000,22.95000,23.20000,224400
2022-04-28,23.46000,23.86000,22.85000,23.69000,223200
2022-04-29,23.66000,24.02000,22.76000,22.89000,178300
2022-05-02,22.95000,23.39000,22.51000,23.31000,280400
2022-05-03,23.50000,23.78000,22.55000,23.43000,292300
2022-05-04,23.45000,24.17000,23.20000,24.01000,235900
2022-05-05,23.93000,24.38000,23.44000,23.81000,180400
2022-05-06,23.89000,23.89000,22.84000,23.05000,179700
2022-05-09,22.80000,22.98000,22.26000,22.46000,129400
2022-05-10,22.68000,22.75000,21.75000,22.00000,148500
2022-05-11,22.10000,22.78000,21.83000,22.11000,98000
2022-05-12,21.95000,23.00000,21.86000,22.97000,150000
2022-05-13,23.13000,23.26000,22.68000,22.93000,111900
2022-05-16,22.81000,23.36000,22.54000,22.99000,104400
2022-05-17,23.46000,23.87000,23.33000,23.52000,114800
2022-05-18,23.60000,25.18000,23.25000,23.44000,208400
2022-05-19,22.94000,23.98000,22.93000,23.60000,133800
2022-05-20,23.92000,24.10000,22.72000,23.40000,101600
2022-05-23,23.73000,24.04000,23.53000,23.83000,87600
2022-05-24,23.82000,23.82000,22.77000,23.40000,153200
2022-05-25,23.35000,24.46000,23.30000,24.31000,133400
2022-05-26,23.76000,24.86000,23.30000,24.38000,118500
2022-05-27,24.46000,24.91000,23.69000,24.86000,79400
2022-05-31,24.65000,25.01000,24.25000,24.61000,157000
2022-06-01,24.84000,24.84000,24.19000,24.72000,119600
2022-06-02,24.80000,25.06000,24.64000,24.94000,96700
2022-06-03,24.69000,24.82000,24.43000,24.75000,65100
2022-06-06,25.03000,25.16000,24.76000,25.01000,110100
2022-06-07,24.81000,25.34000,24.70000,25.28000,97200
2022-06-08,25.21000,25.24000,24.57000,24.86000,207800
2022-06-09,24.82000,24.98000,24.55000,24.91000,95400
2022-06-10,24.52000,24.72000,23.84000,24.17000,131500
2022-06-13,23.55000,23.62000,22.71000,22.81000,168400
2022-06-14,23.01000,23.36000,22.65000,23.31000,155500
2022-06-15,23.34000,23.93000,22.94000,23.60000,139300
2022-06-16,23.23000,23.23000,21.38000,21.61000,177900
2022-06-17,21.79000,22.55000,21.31000,22.43000,556200
2022-06-21,22.61000,22.85000,21.84000,22.23000,181000
2022-06-22,21.86000,22.31000,21.69000,22.12000,139300
2022-06-23,22.16000,22.19000,21.30000,21.43000,172900
2022-06-24,21.60000,22.74000,21.57000,22.68000,579300
2022-06-27,22.98000,23.32000,22.68000,22.92000,124800
2022-06-28,23.05000,23.34000,22.34000,22.37000,124100
2022-06-29,22.58000,22.58000,21.42000,21.60000,110500
2022-06-30,21.36000,21.93000,21.17000,21.92000,212200
2022-07-01,21.87000,22.26000,21.24000,21.96000,143800
2022-07-05,21.48000,21.69000,20.95000,21.61000,158700
2022-07-06,21.64000,21.72000,20.87000,21.48000,130500
2022-07-07,21.83000,22.10000,21.75000,21.83000,93000
2022-07-08,21.94000,21.95000,21.30000,21.70000,86200
2022-07-11,21.40000,21.85000,21.18000,21.66000,100100
2022-07-12,21.51000,21.89000,21.38000,21.48000,78200
2022-07-13,21.39000,21.62000,20.99000,21.51000,92100
2022-07-14,21.13000,21.54000,20.74000,21.41000,124900
2022-07-15,21.85000,22.46000,21.28000,22.33000,165500
2022-07-18,22.50000,22.80000,22.19000,22.34000,75100
2022-07-19,22.55000,23.21000,22.55000,23.17000,80100
2022-07-20,23.23000,23.71000,22.76000,23.23000,162900
2022-07-21,22.92000,23.32000,22.52000,23.32000,89200
2022-07-22,23.49000,23.73000,23.10000,23.30000,63800
2022-07-25,23.55000,23.57000,23.10000,23.47000,95500
2022-07-26,23.41000,23.99000,23.41000,23.99000,71200
2022-07-27,24.10000,24.81000,24.08000,24.59000,86400
2022-07-28,24.72000,25.23000,24.54000,25.19000,92200
2022-07-29,25.30000,25.87000,25.22000,25.71000,64800
2022-08-01,25.69000,26.05000,25.26000,26.01000,157200
2022-08-02,25.94000,26.41000,24.60000,24.87000,201600
2022-08-03,24.81000,24.86000,23.59000,24.37000,165300
2022-08-04,24.58000,24.89000,23.98000,24.84000,127300
2022-08-05,24.79000,25.35000,24.67000,25.23000,84400
2022-08-08,25.24000,25.80000,25.24000,25.43000,94900
2022-08-09,25.51000,25.51000,24.58000,24.69000,138600
2022-08-10,25.08000,25.32000,24.98000,25.00000,114600
2022-08-11,25.34000,25.45000,25.10000,25.32000,133500
2022-08-12,25.57000,25.98000,25.23000,25.92000,117400
2022-08-15,25.76000,26.10000,25.52000,26.06000,96600
2022-08-16,26.14000,26.45000,25.97000,26.40000,81700
2022-08-17,26.19000,26.30000,25.64000,25.98000,104800
2022-08-18,26.10000,26.54000,26.00000,26.47000,101500
2022-08-19,26.16000,26.47000,25.95000,26.38000,186100
2022-08-22,25.85000,26.02000,25.59000,25.78000,115000
2022-08-23,25.95000,26.30000,25.71000,26.03000,146700
2022-08-24,25.93000,26.57000,25.87000,26.44000,95200
2022-08-25,26.46000,27.00000,26.28000,26.75000,76600
2022-08-26,26.87000,26.88000,25.96000,26.03000,88100
2022-08-29,25.70000,26.29000,25.65000,26.16000,73400
2022-08-30,26.11000,26.28000,25.36000,25.45000,87600
2022-08-31,25.40000,25.45000,25.06000,25.29000,97100
2022-09-01,25.15000,25.96000,24.75000,24.99000,82800
2022-09-02,25.14000,25.25000,24.38000,24.47000,79700
2022-09-06,24.55000,24.63000,24.00000,24.25000,109800
2022-09-07,24.25000,24.36000,23.76000,24.32000,120000
2022-09-08,24.21000,24.51000,23.97000,24.44000,73300
2022-09-09,24.58000,25.33000,24.58000,25.27000,75100
2022-09-12,25.51000,25.56000,25.17000,25.26000,62700
2022-09-13,24.78000,24.94000,24.10000,24.13000,109300
2022-09-14,24.13000,24.29000,23.61000,23.87000,81400
2022-09-15,23.67000,24.30000,23.55000,24.16000,96500
2022-09-16,23.99000,24.43000,23.41000,23.90000,244200
2022-09-19,23.44000,24.40000,23.44000,24.05000,110700
2022-09-20,23.93000,24.83000,23.26000,23.84000,101700
2022-09-21,23.93000,24.27000,23.70000,23.70000,139100
2022-09-22,23.98000,23.98000,22.47000,22.57000,177300
2022-09-23,22.23000,22.23000,21.40000,21.82000,137100
2022-09-26,21.59000,21.82000,20.92000,20.98000,124600
2022-09-27,21.26000,21.43000,20.46000,20.83000,135700
2022-09-28,20.93000,21.73000,20.89000,21.47000,184600
2022-09-29,21.29000,21.37000,20.60000,21.25000,132900
2022-09-30,21.30000,22.30000,20.98000,21.47000,192200
2022-10-03,21.96000,22.76000,21.63000,22.68000,134200
2022-10-04,23.08000,23.82000,23.07000,23.41000,114100
2022-10-05,23.02000,23.35000,22.77000,23.23000,126700
2022-10-06,23.19000,23.57000,23.13000,23.38000,96500
2022-10-07,23.35000,23.35000,22.41000,22.45000,80100
2022-10-10,22.52000,22.93000,22.45000,22.81000,126700
2022-10-11,22.77000,22.93000,22.33000,22.66000,155500
2022-10-12,22.80000,23.04000,22.41000,22.81000,114100
2022-10-13,22.60000,24.22000,22.19000,24.19000,148300
2022-10-14,24.34000,24.65000,23.55000,23.58000,143900
2022-10-17,23.85000,24.39000,23.73000,24.34000,100600
2022-10-18,24.86000,25.64000,24.45000,24.65000,129100
2022-10-19,24.41000,24.91000,24.24000,24.69000,131500
2022-10-20,24.73000,25.12000,24.06000,24.16000,115600
2022-10-21,24.30000,25.05000,23.90000,24.92000,234300
2022-10-24,25.10000,25.48000,24.71000,25.25000,123900
2022-10-25,25.39000,26.72000,25.39000,26.34000,184100
2022-10-26,26.54000,26.84000,26.02000,26.55000,84300
2022-10-27,26.94000,27.29000,26.74000,26.78000,186400
2022-10-28,27.02000,27.77000,26.81000,27.25000,209800
2022-10-31,26.93000,27.22000,26.73000,26.99000,272800
2022-11-01,27.06000,30.00000,26.86000,29.93000,444000
2022-11-02,30.19000,30.53000,29.34000,29.84000,367000
2022-11-03,29.50000,31.07000,29.50000,30.95000,255800
2022-11-04,30.94000,32.53000,30.94000,32.52000,341900
2022-11-07,32.73000,33.27000,32.51000,32.60000,325700
2022-11-08,32.58000,33.62000,32.26000,33.62000,241300
2022-11-09,33.29000,33.60000,32.04000,32.47000,215600
2022-11-10,33.47000,33.49000,32.25000,33.12000,283400
2022-11-11,33.06000,33.51000,32.03000,32.12000,266700
2022-11-14,32.00000,32.00000,30.72000,30.72000,234800
2022-11-15,31.27000,31.58000,30.93000,31.20000,298400
2022-11-16,31.16000,31.17000,30.44000,30.77000,236000
2022-11-17,30.37000,31.21000,30.19000,31.13000,160600
2022-11-18,31.66000,32.40000,31.35000,32.40000,196200
2022-11-21,32.22000,32.37000,31.60000,31.89000,178000
2022-11-22,31.97000,32.25000,31.65000,31.65000,113500
2022-11-23,31.65000,32.40000,31.60000,32.30000,154700
2022-11-25,32.35000,32.43000,31.84000,32.25000,48000
2022-11-28,32.22000,32.60000,32.01000,32.14000,132700
2022-11-29,32.25000,32.35000,31.15000,31.42000,138200
2022-11-30,31.56000,32.81000,30.80000,32.75000,239200
2022-12-01,33.15000,33.15000,31.80000,32.49000,118200
2022-12-02,32.14000,33.10000,31.99000,32.73000,173700
2022-12-05,32.83000,32.83000,31.42000,31.66000,139500
2022-12-06,31.86000,32.53000,31.63000,32.50000,223600
2022-12-07,32.54000,32.71000,32.06000,32.33000,137600
2022-12-08,32.64000,32.72000,32.26000,32.33000,90000
2022-12-09,32.32000,32.40000,31.42000,31.45000,91700
2022-12-12,31.67000,31.78000,31.16000,31.56000,83200
2022-12-13,32.35000,32.58000,31.68000,31.93000,168100
2022-12-14,31.96000,32.49000,31.79000,31.89000,232700
2022-12-15,31.69000,31.70000,30.89000,31.03000,166500
2022-12-16,30.75000,31.03000,30.35000,31.01000,392500
2022-12-19,31.21000,31.72000,30.74000,30.96000,222900
2022-12-20,31.07000,31.38000,30.42000,30.47000,283100
2022-12-21,31.04000,32.08000,30.99000,31.80000,256700
2022-12-22,31.64000,32.53000,31.60000,32.28000,200400
2022-12-23,32.18000,32.87000,32.18000,32.74000,115900
2022-12-27,32.74000,32.88000,32.37000,32.85000,118000
2022-12-28,32.90000,32.94000,31.96000,32.12000,108500
2022-12-29,32.37000,32.82000,32.20000,32.66000,103900
2022-12-30,32.57000,32.99000,32.31000,32.80000,119400
2023-01-03,33.15000,34.86000,33.08000,33.45000,670500
2023-01-04,33.59000,34.62000,33.03000,33.36000,279100
2023-01-05,33.16000,33.22000,31.37000,31.61000,306500
2023-01-06,32.00000,32.21000,31.57000,31.98000,194800
2023-01-09,32.20000,32.85000,31.92000,32.19000,373500
2023-01-10,32.26000,32.98000,31.96000,32.92000,160200
2023-01-11,33.21000,33.43000,32.65000,32.82000,189300
2023-01-12,33.00000,33.39000,32.79000,33.17000,221800
2023-01-13,33.03000,34.05000,32.68000,33.87000,265900
2023-01-17,33.98000,34.32000,32.23000,32.35000,322000
2023-01-18,32.64000,33.04000,31.79000,31.85000,240900
2023-01-19,31.59000,31.69000,30.60000,31.45000,227700
2023-01-20,31.73000,32.21000,31.26000,32.04000,286700
2023-01-23,32.51000,33.02000,32.23000,32.72000,424400
2023-01-24,32.69000,34.56000,32.60000,34.15000,671300
2023-01-25,34.00000,34.32000,32.69000,33.53000,318900
2023-01-26,33.83000,34.23000,32.97000,33.74000,253900
2023-01-27,33.85000,34.89000,33.53000,34.50000,364100
2023-01-30,34.40000,34.60000,34.03000,34.47000,217100
2023-01-31,34.58000,36.42000,34.42000,36.39000,430100
2023-02-01,36.28000,36.98000,35.83000,36.64000,367400
2023-02-02,36.96000,36.98000,35.73000,36.32000,328200
2023-02-03,36.24000,36.89000,36.03000,36.86000,202100
2023-02-06,36.68000,37.00000,36.24000,36.85000,296000
2023-02-07,36.70000,37.56000,36.20000,37.18000,311700
2023-02-08,37.26000,37.32000,36.49000,37.10000,168200
2023-02-09,37.67000,37.78000,35.33000,35.92000,315800
2023-02-10,35.81000,36.84000,35.64000,36.16000,222200
2023-02-13,36.32000,36.86000,35.78000,36.71000,158000
2023-02-14,36.68000,37.34000,36.37000,37.07000,150800
2023-02-15,36.70000,38.25000,36.45000,38.14000,243400
2023-02-16,37.64000,38.29000,37.25000,37.66000,162900
2023-02-17,37.81000,38.43000,37.50000,38.30000,247900
2023-02-21,37.95000,38.17000,35.86000,35.99000,311600
2023-02-22,36.04000,36.30000,35.74000,36.13000,190800
2023-02-23,36.45000,37.59000,36.45000,36.97000,165100
2023-02-24,36.72000,38.10000,36.51000,38.04000,253300
2023-02-27,38.50000,38.97000,37.70000,38.34000,260100
2023-02-28,38.61000,40.56000,38.29000,38.46000,439800
2023-03-01,38.63000,40.47000,38.63000,39.90000,360100
2023-03-02,40.21000,41.31000,39.56000,40.87000,357600
2023-03-03,41.05000,41.30000,40.13000,40.72000,503500
2023-03-06,40.61000,40.86000,39.84000,40.46000,301200
2023-03-07,40.76000,41.99000,40.60000,41.81000,357200
2023-03-08,42.00000,42.00000,41.03000,41.59000,218400
2023-03-09,41.68000,41.91000,40.86000,40.86000,196500
2023-03-10,41.01000,41.15000,38.55000,38.87000,329700
2023-03-13,38.18000,39.04000,37.60000,37.87000,337700
2023-03-14,38.85000,39.99000,38.85000,39.22000,322500
2023-03-15,38.29000,38.29000,36.35000,37.79000,293800
2023-03-16,37.40000,38.80000,36.93000,37.97000,199900
2023-03-17,37.64000,37.93000,36.83000,36.93000,483900
2023-03-20,37.39000,38.18000,37.29000,37.88000,230300
2023-03-21,38.71000,39.29000,38.71000,38.78000,175600
2023-03-22,38.73000,39.05000,37.99000,38.07000,284700
2023-03-23,38.39000,38.90000,37.55000,37.90000,173100
2023-03-24,37.31000,38.05000,36.44000,38.03000,265500
2023-03-27,38.33000,38.87000,37.99000,38.42000,160400
2023-03-28,38.23000,38.63000,37.95000,38.30000,147300
2023-03-29,38.75000,38.77000,37.74000,38.00000,207600
2023-03-30,38.40000,38.49000,37.41000,37.58000,171600
2023-03-31,37.85000,38.00000,37.55000,37.88000,301100
2023-04-03,38.23000,38.67000,37.46000,37.99000,194100
2023-04-04,38.25000,38.25000,35.41000,35.58000,231700
2023-04-05,35.28000,35.44000,34.23000,34.97000,407600
2023-04-06,35.11000,35.15000,34.55000,34.64000,161700
2023-04-10,34.52000,35.62000,34.42000,35.12000,134500
2023-04-11,35.34000,35.76000,35.20000,35.39000,290100
2023-04-12,35.67000,35.91000,35.37000,35.52000,183800
2023-04-13,35.86000,36.17000,35.19000,36.07000,183600
2023-04-14,36.22000,36.76000,36.21000,36.72000,175700
2023-04-17,36.78000,37.48000,36.78000,37.38000,161900
2023-04-18,37.47000,37.95000,36.78000,36.83000,184600
2023-04-19,36.88000,37.49000,36.67000,37.29000,167100
2023-04-20,37.20000,37.84000,37.00000,37.79000,115900
2023-04-21,37.68000,37.75000,36.96000,37.10000,156500
2023-04-24,37.10000,37.85000,37.05000,37.38000,184100
2023-04-25,36.95000,37.17000,36.70000,36.79000,159700
2023-04-26,36.50000,36.66000,35.56000,35.68000,213200
2023-04-27,35.94000,36.77000,35.92000,36.26000,227200
2023-04-28,36.13000,37.01000,35.95000,36.92000,229500
2023-05-01,36.86000,37.83000,36.55000,37.59000,313000
2023-05-02,37.45000,40.33000,35.68000,40.26000,504800
2023-05-03,41.14000,43.05000,40.28000,42.00000,524400
2023-05-04,41.87000,42.16000,39.30000,40.63000,319900
2023-05-05,41.50000,42.83000,41.26000,42.74000,267700
2023-05-08,42.95000,43.00000,41.52000,42.27000,166600
2023-05-09,42.21000,43.05000,41.50000,42.92000,183300
2023-05-10,43.59000,43.60000,42.47000,42.92000,171600
2023-05-11,42.50000,42.94000,42.19000,42.68000,147400
2023-05-12,42.97000,43.45000,42.43000,42.65000,151800
2023-05-15,42.71000,43.23000,42.52000,43.04000,192400
2023-05-16,42.87000,43.00000,42.16000,42.18000,154300
2023-05-17,42.66000,43.14000,42.20000,43.00000,250400
2023-05-18,42.92000,43.92000,42.40000,43.72000,216900
2023-05-19,44.46000,44.55000,43.15000,43.94000,165600
2023-05-22,44.00000,44.64000,43.65000,44.19000,215600
2023-05-23,43.88000,45.66000,43.84000,45.10000,305600
2023-05-24,44.99000,46.33000,44.81000,45.81000,331200
2023-05-25,45.91000,46.50000,45.64000,46.48000,295300
2023-05-26,46.44000,47.33000,45.83000,47.12000,353400
2023-05-30,47.54000,48.44000,47.07000,47.67000,336300
2023-05-31,47.53000,47.89000,45.24000,46.07000,728700
2023-06-01,46.30000,46.81000,45.30000,46.44000,264400
2023-06-02,46.70000,49.26000,46.70000,49.20000,328400
2023-06-05,49.27000,49.97000,48.30000,49.92000,275100
2023-06-06,49.57000,51.73000,49.53000,51.68000,346800
2023-06-07,52.05000,53.53000,51.99000,53.36000,440000
2023-06-08,53.11000,53.46000,52.00000,53.02000,309100
2023-06-09,53.03000,53.97000,52.70000,53.49000,377700
2023-06-12,53.69000,53.69000,51.22000,52.75000,413300
2023-06-13,53.03000,54.44000,53.03000,53.15000,273500
2023-06-14,52.80000,53.23000,52.02000,52.25000,229800
2023-06-15,52.25000,52.97000,51.66000,52.97000,174400
2023-06-16,53.02000,53.03000,51.65000,51.86000,554300
2023-06-20,51.87000,53.00000,51.61000,52.61000,228100
2023-06-21,52.61000,52.68000,51.41000,51.81000,491100
2023-06-22,51.65000,53.36000,51.02000,52.99000,351700
2023-06-23,52.54000,53.11000,52.01000,52.59000,540300
2023-06-26,52.83000,53.29000,51.75000,52.16000,226300
2023-06-27,52.23000,53.47000,52.19000,52.92000,211800
2023-06-28,53.12000,54.80000,52.92000,53.80000,298700
2023-06-29,54.00000,55.86000,53.97000,55.79000,324700
2023-06-30,56.34000,56.84000,55.57000,55.80000,413700
2023-07-03,56.81000,58.23000,56.34000,58.20000,221000
2023-07-05,58.19000,59.43000,57.68000,58.44000,544000
2023-07-06,58.00000,58.18000,54.84000,56.46000,551000
2023-07-07,56.83000,58.61000,56.82000,57.47000,378900
2023-07-10,57.29000,58.52000,57.25000,58.34000,322100
2023-07-11,58.75000,59.48000,57.63000,58.51000,289500
2023-07-12,59.11000,59.25000,58.01000,58.07000,321000
2023-07-13,58.07000,59.06000,57.47000,58.56000,298100
2023-07-14,58.97000,59.17000,58.16000,58.82000,206300
2023-07-17,59.00000,59.93000,58.72000,59.24000,417000
2023-07-18,59.25000,60.58000,59.25000,59.94000,286600
2023-07-19,60.11000,60.25000,58.27000,58.66000,287900
2023-07-20,58.98000,59.29000,58.06000,58.46000,216500
2023-07-21,59.14000,59.29000,57.76000,57.96000,294200
2023-07-24,57.94000,58.14000,56.17000,57.26000,595500
2023-07-25,57.23000,58.88000,57.23000,58.16000,255900
2023-07-26,58.25000,59.14000,58.01000,58.20000,176700
2023-07-27,58.60000,58.95000,57.53000,58.75000,212300
2023-07-28,59.00000,59.35000,58.33000,58.75000,225000
2023-07-31,59.08000,60.24000,58.84000,59.99000,342100
2023-08-01,62.43000,63.21000,61.35000,62.98000,718000
2023-08-02,62.81000,63.19000,61.71000,61.75000,320100
2023-08-03,61.86000,62.02000,60.84000,61.30000,269300
2023-08-04,61.23000,61.70000,59.82000,61.00000,299900
2023-08-07,61.54000,62.36000,61.28000,61.81000,324400
2023-08-08,67.19000,75.95000,67.19000,75.58000,1609600
2023-08-09,75.00000,78.69000,74.91000,78.35000,1204700
2023-08-10,78.38000,81.00000,77.85000,79.89000,776600
2023-08-11,80.11000,82.32000,80.11000,80.79000,538300
2023-08-14,81.17000,81.55000,79.57000,80.14000,456900
2023-08-15,81.10000,83.18000,80.53000,82.29000,588500
2023-08-16,82.62000,83.81000,80.33000,80.49000,524700
2023-08-17,80.44000,80.96000,75.21000,75.24000,744600
2023-08-18,74.75000,78.03000,73.39000,77.02000,733600
2023-08-21,78.95000,79.43000,76.53000,77.41000,317400
2023-08-22,77.55000,78.48000,76.85000,77.65000,254000
2023-08-23,77.82000,80.27000,77.29000,79.81000,322700
2023-08-24,79.60000,80.00000,77.77000,77.87000,256600
2023-08-25,77.99000,78.75000,76.09000,78.56000,211000
2023-08-28,78.90000,80.31000,78.76000,79.16000,333400
2023-08-29,79.29000,79.99000,78.01000,79.91000,282600
2023-08-30,80.35000,82.78000,80.35000,80.97000,524700
2023-08-31,81.28000,83.08000,80.44000,82.76000,403500
2023-09-01,83.24000,84.00000,82.41000,83.13000,321500
2023-09-05,83.23000,83.25000,78.29000,80.54000,383900
2023-09-06,80.92000,82.35000,79.04000,80.11000,281600
2023-09-07,79.81000,80.23000,77.51000,79.10000,363200
2023-09-08,79.55000,79.97000,78.21000,78.48000,204600
2023-09-11,79.06000,79.46000,76.83000,77.43000,325700
2023-09-12,77.59000,78.44000,75.96000,76.09000,367400
2023-09-13,76.00000,76.56000,73.14000,73.69000,391500
2023-09-14,74.27000,75.76000,74.22000,74.73000,302600
2023-09-15,74.84000,74.87000,73.41000,74.00000,803300
2023-09-18,74.56000,76.54000,74.56000,75.54000,298700
2023-09-19,75.49000,75.98000,73.62000,74.28000,244000
2023-09-20,74.38000,75.83000,74.38000,74.48000,189200
2023-09-21,73.83000,74.14000,71.65000,71.95000,273000
2023-09-22,71.87000,72.65000,71.14000,71.66000,220100
2023-09-25,71.75000,73.05000,71.63000,72.13000,180800
2023-09-26,71.53000,72.56000,70.14000,70.32000,278900
2023-09-27,70.84000,73.85000,70.73000,73.18000,326400
2023-09-28,73.08000,75.70000,72.49000,73.71000,280800
2023-09-29,74.33000,74.90000,73.18000,73.48000,243300
2023-10-02,73.60000,74.40000,72.12000,72.31000,224600
2023-10-03,72.00000,72.46000,70.75000,71.61000,254000
2023-10-04,71.38000,73.43000,70.04000,73.22000,280300
2023-10-05,73.30000,74.80000,73.30000,74.06000,279200
2023-10-06,73.43000,77.67000,73.43000,76.64000,378000
2023-10-09,76.50000,76.66000,73.60000,73.94000,336500
2023-10-10,74.58000,77.52000,74.09000,76.53000,394500
2023-10-11,76.65000,78.95000,76.65000,78.54000,482800
2023-10-12,78.65000,79.09000,76.77000,77.44000,493600
2023-10-13,77.47000,77.63000,65.71000,72.00000,1381900
2023-10-16,72.70000,74.75000,72.25000,72.89000,385300
2023-10-17,72.61000,77.21000,72.61000,76.84000,513600
2023-10-18,76.01000,76.01000,72.15000,72.49000,433800
2023-10-19,72.49000,73.79000,71.17000,71.70000,307500
2023-10-20,71.84000,71.84000,69.37000,70.03000,481400
2023-10-23,69.99000,72.22000,69.65000,71.07000,399400
2023-10-24,72.08000,72.74000,71.07000,71.92000,374600
2023-10-25,71.79000,73.18000,71.40000,71.56000,280900
2023-10-26,71.44000,71.67000,69.58000,70.95000,320800
2023-10-27,70.91000,71.60000,69.51000,70.88000,250300
2023-10-30,71.26000,72.52000,70.70000,72.25000,224000
2023-10-31,72.29000,73.86000,71.83000,72.85000,325900
2023-11-01,72.83000,75.60000,72.13000,75.16000,399400
2023-11-02,76.20000,76.98000,73.80000,75.49000,454800
2023-11-03,76.79000,77.74000,75.37000,75.96000,370600
2023-11-06,75.80000,76.20000,73.51000,74.53000,899100
2023-11-07,67.00000,67.11000,55.45000,62.67000,1835800
2023-11-08,65.73000,67.10000,64.27000,65.75000,787000
2023-11-09,66.49000,67.66000,64.05000,65.05000,364900
2023-11-10,65.68000,67.31000,65.20000,66.56000,558100
2023-11-13,66.30000,66.70000,65.54000,66.36000,311700
2023-11-14,67.94000,68.92000,66.08000,67.00000,476100
2023-11-15,67.02000,67.79000,66.32000,66.99000,304100
2023-11-16,66.69000,67.57000,65.20000,65.38000,573900
2023-11-17,66.43000,67.17000,65.97000,66.20000,390000
2023-11-20,65.88000,66.06000,63.91000,64.30000,348700
2023-11-21,64.00000,65.04000,63.83000,64.31000,192100
2023-11-22,64.48000,65.28000,64.46000,64.95000,190000
2023-11-24,65.08000,65.60000,64.75000,65.39000,70100
2023-11-27,65.00000,65.48000,64.37000,64.97000,183500
2023-11-28,64.73000,64.99000,62.66000,62.94000,239300
2023-11-29,63.45000,63.67000,62.20000,62.55000,255900
2023-11-30,63.14000,63.68000,62.13000,63.51000,271600
2023-12-01,63.45000,65.61000,62.95000,64.86000,290300
2023-12-04,64.86000,65.11000,62.66000,65.04000,373100
2023-12-05,64.73000,65.22000,63.49000,64.59000,214600
2023-12-06,66.73000,69.25000,66.63000,66.86000,534800
2023-12-07,66.47000,67.99000,66.15000,67.95000,294100
2023-12-08,67.95000,69.72000,67.95000,69.49000,253700
2023-12-11,69.79000,71.01000,69.22000,70.55000,256200
2023-12-12,70.61000,73.73000,70.53000,73.41000,341200
2023-12-13,73.55000,77.21000,73.20000,76.83000,409600
2023-12-14,78.02000,79.14000,74.41000,76.86000,405900
2023-12-15,77.62000,78.92000,76.82000,77.62000,570700
2023-12-18,78.04000,79.17000,77.54000,78.58000,310000
2023-12-19,79.46000,81.19000,79.27000,80.58000,327600
2023-12-20,80.60000,84.59000,80.02000,81.30000,395600
2023-12-21,82.41000,84.19000,81.24000,84.01000,329500
2023-12-22,84.21000,86.13000,83.59000,85.90000,434500
2023-12-26,85.83000,87.04000,84.60000,86.77000,354900
2023-12-27,87.06000,89.20000,86.81000,88.22000,408400
2023-12-28,88.19000,89.66000,88.01000,89.17000,344100
2023-12-29,89.31000,89.80000,87.40000,87.93000,424500
2024-01-02,87.00000,87.44000,81.67000,84.91000,781500
2024-01-03,83.32000,83.54000,79.64000,79.76000,416300
2024-01-04,80.01000,80.10000,78.25000,78.25000,314100
2024-01-05,78.00000,79.07000,76.84000,77.09000,307800
2024-01-08,77.30000,79.21000,77.28000,78.72000,431100
2024-01-09,77.40000,77.76000,74.71000,77.09000,451400
2024-01-10,76.59000,78.38000,76.17000,78.29000,273600
2024-01-11,78.16000,78.96000,77.32000,78.41000,300500
2024-01-12,79.48000,79.92000,77.69000,78.40000,175300
2024-01-16,78.00000,79.78000,76.43000,79.73000,427400
2024-01-17,78.41000,78.43000,76.87000,78.00000,212100
2024-01-18,78.49000,79.26000,76.30000,77.57000,277600
2024-01-19,77.93000,78.12000,75.10000,76.20000,438600
2024-01-22,76.75000,77.90000,75.82000,76.61000,254400
2024-01-23,76.89000,77.00000,69.61000,72.04000,806400
2024-01-24,72.75000,72.75000,70.59000,71.78000,481400
2024-01-25,73.34000,73.51000,72.56000,73.13000,290500
2024-01-26,73.80000,75.25000,73.23000,75.13000,373200
2024-01-29,75.04000,77.08000,74.50000,77.03000,298200
2024-01-30,77.00000,78.07000,75.94000,77.17000,266200
2024-01-31,77.41000,77.50000,74.44000,75.10000,674000
2024-02-01,75.90000,78.60000,75.11000,78.36000,329500
2024-02-02,78.00000,79.02000,76.89000,78.53000,314000
2024-02-05,77.62000,78.47000,75.88000,76.12000,263000
2024-02-06,75.86000,76.93000,74.70000,76.93000,294700
2024-02-07,77.45000,79.76000,77.14000,79.56000,359400
2024-02-08,79.99000,82.49000,79.42000,82.30000,369400
2024-02-09,82.50000,84.46000,81.62000,83.43000,302300
2024-02-12,83.03000,84.53000,81.78000,82.81000,363400
2024-02-13,78.67000,81.15000,76.01000,79.50000,486400
2024-02-14,80.91000,83.84000,80.91000,83.13000,273900
2024-02-15,83.34000,84.57000,81.86000,84.47000,347200
2024-02-16,83.97000,85.35000,83.20000,84.12000,244000
2024-02-20,82.43000,83.18000,81.83000,82.14000,322700
2024-02-21,81.42000,83.05000,81.25000,82.92000,250200
2024-02-22,83.85000,85.72000,83.40000,84.55000,269900
2024-02-23,85.00000,87.26000,84.41000,87.02000,233200
2024-02-26,88.00000,90.36000,87.90000,89.95000,597500
2024-02-27,95.56000,113.08000,95.25000,106.22000,1517900
2024-02-28,106.90000,107.95000,103.46000,106.14000,1095300
2024-02-29,106.40000,108.41000,105.48000,106.64000,689200
2024-03-01,108.78000,111.89000,106.75000,110.98000,604100
2024-03-04,111.80000,116.36000,110.00000,111.34000,398900
2024-03-05,110.50000,111.55000,107.73000,108.41000,331900
2024-03-06,110.13000,111.71000,107.53000,110.14000,253900
2024-03-07,110.64000,111.74000,109.09000,109.64000,339300
2024-03-08,111.15000,113.56000,110.30000,111.16000,284500
2024-03-11,111.61000,111.61000,106.42000,108.57000,306800
2024-03-12,108.61000,112.24000,106.64000,111.98000,286800
2024-03-13,111.68000,111.87000,108.88000,110.01000,225500
2024-03-14,110.61000,110.96000,107.19000,108.49000,242000
2024-03-15,108.07000,110.20000,107.05000,107.37000,526800
2024-03-18,107.49000,110.98000,106.44000,106.76000,292300
2024-03-19,105.33000,109.19000,103.33000,108.40000,279300
2024-03-20,108.01000,110.35000,106.54000,109.69000,266400
2024-03-21,110.83000,112.86000,109.54000,109.95000,438900
2024-03-22,111.01000,112.87000,110.56000,112.03000,321800
2024-03-25,112.00000,113.94000,111.06000,111.54000,337900
2024-03-26,112.04000,114.36000,111.54000,112.81000,288500
2024-03-27,113.76000,114.09000,111.74000,113.43000,290900
2024-03-28,112.44000,113.26000,109.63000,110.31000,607300
2024-04-01,110.25000,111.14000,108.18000,109.81000,271600
2024-04-02,107.50000,107.50000,104.82000,105.47000,371000
2024-04-03,104.80000,108.92000,104.43000,107.62000,261300
2024-04-04,109.06000,109.93000,104.80000,105.24000,221800
2024-04-05,105.16000,108.30000,105.16000,107.55000,215900
2024-04-08,108.50000,109.27000,106.26000,106.40000,194500
2024-04-09,106.03000,106.59000,103.25000,106.03000,228000
2024-04-10,103.00000,105.71000,101.05000,103.96000,286400
2024-04-11,103.96000,105.88000,103.44000,105.53000,200500
2024-04-12,105.36000,105.94000,103.54000,104.89000,135100
2024-04-15,106.05000,107.27000,100.04000,100.41000,227500
2024-04-16,100.00000,100.65000,97.71000,99.69000,333100
2024-04-17,100.49000,100.63000,97.88000,100.11000,283700
2024-04-18,100.20000,100.75000,96.91000,98.32000,335800
2024-04-19,97.75000,99.29000,94.60000,96.56000,320400
2024-04-22,97.66000,98.09000,95.43000,97.41000,286500
2024-04-23,98.20000,101.94000,97.55000,101.55000,210600
2024-04-24,102.59000,105.00000,100.00000,100.97000,263700
2024-04-25,98.26000,102.32000,97.97000,102.20000,305500
2024-04-26,102.48000,106.15000,102.26000,105.89000,285200
2024-04-29,106.43000,106.73000,103.57000,105.75000,322300
2024-04-30,105.34000,105.72000,101.18000,101.60000,326500
2024-05-01,102.02000,102.92000,99.04000,99.16000,239000
2024-05-02,99.16000,101.90000,98.39000,100.65000,331400
2024-05-03,102.79000,104.80000,101.05000,101.15000,222200
2024-05-06,102.24000,105.76000,102.06000,105.37000,615700
2024-05-07,109.53000,123.99000,107.00000,122.00000,979400
2024-05-08,122.00000,128.58000,119.62000,125.68000,760300
2024-05-09,126.26000,127.56000,124.00000,125.16000,484300
2024-05-10,126.46000,129.25000,125.02000,128.87000,399300
2024-05-13,131.44000,131.44000,127.70000,128.08000,496900
2024-05-14,127.90000,128.82001,124.00000,127.33000,450400
2024-05-15,129.56000,136.10001,128.25999,135.55000,598700
2024-05-16,135.55000,137.63000,129.67000,130.00999,486700
2024-05-17,130.71001,131.49001,127.40000,128.86000,341100
2024-05-20,130.36000,131.75999,128.49001,131.20000,243800
2024-05-21,129.74001,131.92999,128.64000,130.56000,272000
2024-05-22,130.00000,131.28999,125.45000,126.61000,295400
2024-05-23,128.14000,128.99001,124.73000,125.43000,304300
2024-05-24,126.99000,128.28999,126.33000,126.47000,265000
2024-05-28,127.43000,128.25000,121.22000,121.87000,349100
2024-05-29,120.16000,122.26000,118.60000,121.23000,274900
2024-05-30,122.20000,125.93000,120.73000,124.09000,226600
2024-05-31,125.15000,128.53000,120.49000,122.87000,335400
2024-06-03,124.37000,125.39000,115.25000,117.46000,382700
2024-06-04,116.03000,116.25000,110.86000,112.58000,653800
2024-06-05,113.57000,116.74000,111.20000,116.53000,336600
2024-06-06,116.01000,119.89000,115.19000,115.82000,346600
2024-06-07,115.00000,115.73000,112.33000,112.73000,341000
2024-06-10,112.14000,115.77000,111.00000,114.88000,388900
2024-06-11,114.00000,115.45000,112.70000,114.03000,286100
2024-06-12,117.35000,122.58000,114.30000,119.18000,360000
2024-06-13,119.00000,121.51000,116.66000,118.43000,224000
2024-06-14,116.20000,117.30000,113.19000,116.33000,233000
2024-06-17,116.00000,119.43000,115.18000,119.25000,191900
2024-06-18,119.05000,123.40000,117.78000,122.68000,275500
2024-06-20,122.55000,124.34000,116.74000,117.75000,261300
2024-06-21,117.31000,117.31000,111.42000,116.22000,500500
2024-06-24,116.15000,116.67000,113.77000,116.18000,250200
2024-06-25,116.81000,118.01000,114.19000,117.76000,267300
2024-06-26,116.37000,118.42000,115.55000,118.15000,317800
2024-06-27,118.80000,120.13000,115.20000,119.33000,358500
2024-06-28,121.31000,124.50000,116.29000,118.34000,759100
2024-07-01,118.30000,118.30000,113.22000,114.76000,318600
2024-07-02,114.00000,115.92000,112.50000,112.96000,311100
2024-07-03,113.56000,117.20000,112.99000,116.53000,132800
2024-07-05,116.39000,116.56000,112.64000,113.70000,150300
2024-07-08,115.00000,116.85000,112.87000,113.03000,200700
2024-07-09,113.07000,113.86000,111.06000,111.08000,191600
2024-07-10,112.20000,114.33000,111.25000,113.75000,216000
2024-07-11,116.92000,118.78000,114.78000,117.21000,319800
2024-07-12,119.46000,123.82000,118.38000,122.39000,356500
2024-07-15,124.71000,130.89000,124.15000,129.27000,416600
2024-07-16,129.25000,130.57001,125.00000,129.46001,410500
2024-07-17,127.53000,128.55000,111.20000,111.30000,652000
2024-07-18,112.52000,118.73000,112.52000,116.39000,473500
2024-07-19,116.65000,117.75000,114.78000,116.02000,727500
2024-07-22,117.26000,122.57000,116.77000,121.86000,288400
2024-07-23,121.77000,125.40000,119.47000,124.48000,240900
2024-07-24,124.26000,125.14000,112.63000,113.09000,414400
2024-07-25,113.26000,115.63000,108.55000,110.06000,475800
2024-07-26,114.19000,116.28000,113.40000,115.28000,196600
2024-07-29,116.68000,118.88000,112.53000,113.39000,204100
2024-07-30,114.62000,116.50000,109.42000,110.10000,281100
2024-07-31,113.97000,119.35000,112.91000,116.36000,298100
2024-08-01,116.49000,118.51000,107.34000,109.98000,606400
2024-08-02,105.00000,106.76000,101.21000,104.90000,671000
2024-08-05,94.83000,104.81000,93.50000,102.56000,819800
2024-08-06,111.18000,113.96000,103.01000,106.15000,756000
2024-08-07,109.46000,110.00000,101.83000,103.96000,465800
2024-08-08,106.93000,108.38000,104.35000,107.91000,310000
2024-08-09,108.39000,109.83000,104.25000,104.56000,293200
2024-08-12,104.46000,105.79000,102.71000,105.60000,268900
2024-08-13,106.71000,109.56000,104.71000,108.60000,286000
2024-08-14,109.96000,110.80000,107.16000,110.59000,244900
2024-08-15,113.10000,116.45000,113.07000,114.67000,335500
2024-08-16,114.52000,115.05000,110.82000,111.93000,227700
2024-08-19,112.00000,113.92000,109.92000,113.62000,209900
2024-08-20,113.00000,114.57000,109.15000,111.31000,237100
2024-08-21,111.40000,114.96000,110.95000,114.82000,186900
2024-08-22,114.68000,115.48000,112.30000,113.68000,137600
2024-08-23,114.62000,119.03000,114.12000,118.10000,220400
2024-08-26,119.64000,119.76000,116.98000,118.57000,154400
2024-08-27,117.78000,118.28000,116.31000,117.41000,172700
2024-08-28,116.91000,118.73000,115.45000,116.52000,178900
2024-08-29,117.41000,122.00000,116.46000,119.00000,159500
2024-08-30,120.42000,121.21000,117.36000,119.53000,277100
2024-09-03,117.80000,118.63000,106.81000,107.06000,407200
2024-09-04,106.07000,109.66000,105.26000,109.44000,288100
2024-09-05,108.97000,110.00000,106.30000,109.27000,187500
2024-09-06,109.68000,111.75000,108.09000,109.12000,326400
2024-09-09,109.99000,111.75000,107.89000,109.95000,216100
2024-09-10,110.42000,111.85000,108.80000,111.29000,243100
2024-09-11,111.56000,118.27000,111.44000,117.13000,246000
2024-09-12,117.79000,123.49000,116.87000,123.17000,316400
2024-09-13,125.48000,128.00000,123.94000,127.10000,232600
2024-09-16,127.09000,129.58000,125.86000,128.81000,188400
2024-09-17,129.89999,132.00999,127.47000,130.35001,213000
2024-09-18,131.00000,139.28000,131.00000,134.94000,433200
2024-09-19,138.99001,148.03000,136.00000,147.62000,623700
2024-09-20,148.77000,152.00000,147.07001,148.16000,864800
2024-09-23,149.25000,151.50000,145.13000,148.89999,317700
2024-09-24,148.28999,149.42000,144.32001,145.67000,296100
2024-09-25,145.63000,147.89999,145.05000,145.94000,245200
2024-09-26,149.27000,149.67000,145.67000,145.84000,372200
2024-09-27,146.41000,147.92999,142.56000,143.25999,223900
2024-09-30,143.25000,145.64000,140.25000,145.02000,224600
2024-10-01,143.87000,144.60001,141.49001,142.94000,179100
2024-10-02,141.48000,146.82001,140.05000,146.08000,155200
2024-10-03,145.19000,147.37000,142.35001,144.87000,137700
2024-10-04,148.52000,148.78000,143.62000,148.05000,147700
2024-10-07,146.62000,150.00000,145.75999,147.53999,149900
2024-10-08,148.52000,152.37000,148.28999,151.14000,267700
2024-10-09,150.75000,154.38000,149.39000,154.09000,225000
2024-10-10,151.50000,155.62000,148.61000,155.35001,292400
2024-10-11,154.11000,157.37000,154.11000,157.10001,159400
2024-10-14,157.97000,160.57001,156.64000,159.67000,248100
2024-10-15,158.34000,159.89999,151.47000,156.11000,282600
2024-10-16,158.12000,166.85001,157.89000,166.23000,404900
2024-10-17,167.00000,170.50000,164.95000,165.39999,304000
2024-10-18,165.32001,166.57001,159.03999,159.84000,643200
2024-10-21,159.70000,166.48000,159.70000,164.03000,428800
2024-10-22,162.13000,164.13000,160.03999,160.57001,734500
2024-10-23,159.42000,162.83000,155.31000,157.13000,267700
2024-10-24,158.13000,159.10001,153.25000,153.36000,198900
2024-10-25,155.41000,156.64000,148.52000,150.66000,638200
2024-10-28,150.67000,154.19000,148.50000,152.58000,367000
2024-10-29,152.25000,156.30000,150.55000,156.13000,268800
2024-10-30,154.92999,158.39999,153.17999,153.47000,250100
2024-10-31,152.13000,155.39999,149.14999,154.45000,244400
2024-11-01,155.50999,157.63000,153.00000,153.66000,242100
2024-11-04,151.32001,155.02000,150.48000,151.53999,246700
2024-11-05,152.97000,158.99001,152.71001,157.22000,270700
2024-11-06,171.99001,176.22000,169.19000,175.42000,529000
2024-11-07,157.88000,175.60001,149.00999,174.31000,826400
2024-11-08,175.61000,194.07001,175.05000,193.61000,482700
2024-11-11,198.00999,201.27000,189.34000,194.70000,413200
2024-11-12,192.80000,197.72000,188.39999,191.50000,414900
2024-11-13,193.99001,196.00000,186.28000,186.64999,251200
2024-11-14,185.00000,187.75999,180.95000,182.39000,318400
2024-11-15,182.33000,182.81000,178.70000,180.03000,375500
2024-11-18,181.37000,188.53000,180.47000,185.75000,324000
2024-11-19,183.02000,193.38000,183.02000,192.97000,296300
2024-11-20,193.36000,193.92000,187.86000,189.42999,297200
2024-11-21,191.97000,198.83000,190.63000,197.41000,308400
2024-11-22,198.62000,199.56000,194.30000,196.50999,285700
2024-11-25,199.03999,200.00000,194.63000,196.33000,480000
2024-11-26,194.50000,203.49001,191.25999,199.03000,759800
2024-11-27,198.03000,201.99001,191.64999,195.41000,632100
2024-11-29,196.75000,200.25000,194.35001,194.45000,319800
2024-12-02,195.61000,200.91000,193.47000,194.28000,423400
2024-12-03,193.50000,197.92000,193.39999,195.53999,309100
2024-12-04,196.83000,200.08000,195.22000,198.82001,290800
2024-12-05,197.50000,201.33000,191.58000,194.66000,386600
2024-12-06,195.05000,196.14999,192.00000,195.74001,247000
2024-12-09,196.14000,197.05000,181.39000,183.57001,528700
2024-12-10,185.31000,189.85001,182.45000,182.78000,294200
2024-12-11,186.95000,190.92000,183.96001,188.44000,254600
2024-12-12,188.63000,190.73000,183.19000,183.61000,261500
2024-12-13,183.05000,187.37000,178.77000,180.28999,273800
2024-12-16,181.56000,186.14999,179.42999,180.12000,423100
2024-12-17,177.78000,177.78000,168.38000,176.59000,526800
2024-12-18,177.86000,179.60001,165.50000,167.14000,504200
2024-12-19,168.56000,175.88000,168.56000,174.72000,666800
2024-12-20,171.42999,180.25000,171.13000,175.20000,786400
2024-12-23,174.91000,175.99001,171.48000,174.91000,258100
2024-12-24,174.84000,175.30000,172.34000,174.89000,150900
2024-12-26,174.89999,177.24001,173.06000,177.03000,223200
2024-12-27,175.25000,175.48000,169.64999,172.52000,265000
2024-12-30,169.27000,172.45000,166.00000,170.39999,238200
2024-12-31,171.64999,171.64999,168.25999,168.45000,248300
2025-01-02,168.11000,172.37000,164.59000,167.73000,251700
2025-01-03,167.61000,177.86000,167.61000,177.50999,256200
2025-01-06,178.27000,181.98000,177.50000,178.14999,237900
2025-01-07,178.78999,179.17000,161.75000,167.59000,370700
2025-01-08,163.57001,167.87000,161.64999,167.05000,242800
2025-01-10,162.03000,164.74001,159.50000,163.52000,335000
2025-01-13,159.77000,163.20000,158.00999,162.22000,291100
2025-01-14,166.53999,171.52000,163.57001,171.31000,280900
2025-01-15,178.67000,183.23000,174.12000,177.14999,447300
2025-01-16,178.08000,181.42000,177.20000,178.48000,175700
2025-01-17,182.30000,184.42999,180.00000,182.50999,450100
2025-01-21,183.63000,196.58000,181.58000,196.55000,472300
2025-01-22,198.78999,206.07001,198.78999,200.56000,435600
2025-01-23,198.72000,198.73000,192.46001,196.58000,343800
2025-01-24,196.82001,197.64999,183.20000,187.30000,448100
2025-01-27,174.73000,174.73000,141.53999,143.00000,1522100
2025-01-28,149.17999,149.17999,136.95000,139.67999,1058600
2025-01-29,141.74001,145.82001,139.64000,141.11000,669600
2025-01-30,146.46001,148.82001,141.85001,146.71001,650400
2025-01-31,148.23000,148.75999,137.92999,142.42000,758200
2025-02-03,136.89999,140.86000,135.00000,137.00999,545200
2025-02-04,137.25999,140.63000,134.97000,138.57001,471800
2025-02-05,139.38000,146.32001,139.06000,143.48000,373800
2025-02-06,144.42000,149.38000,142.98000,148.35001,393000
2025-02-07,149.52000,153.11000,147.48000,149.72000,370500
2025-02-10,150.10001,151.23000,147.21001,150.64999,326800
2025-02-11,148.00999,149.33000,141.49001,144.88000,320600
2025-02-12,139.42999,142.73000,139.09000,140.39999,417500
2025-02-13,141.62000,142.69000,127.50000,130.10001,863300
2025-02-14,129.14000,134.75000,127.66000,132.39999,548000
2025-02-18,132.98000,135.94000,128.50000,130.64000,703600
2025-02-19,128.25999,131.00000,124.76000,126.72000,828500
2025-02-20,126.90000,127.12000,119.66000,124.27000,771700
2025-02-21,127.12000,127.12000,116.18000,116.29000,666500
2025-02-24,116.95000,119.96000,108.06000,108.65000,1328500
2025-02-25,108.37000,117.74000,105.28000,115.94000,1696500
2025-02-26,123.07000,126.16000,117.75000,122.16000,1936100
2025-02-27,129.42000,130.94000,123.01000,123.15000,1146600
2025-02-28,123.67000,127.80000,121.50000,127.21000,878800
2025-03-03,129.14000,130.00000,119.84000,121.57000,851400
2025-03-04,117.58000,126.56000,116.64000,122.28000,803700
2025-03-05,125.73000,129.13000,123.38000,128.66000,670500
2025-03-06,123.38000,125.61000,118.03000,120.72000,713200
2025-03-07,119.62000,122.11000,112.92000,118.00000,643900
2025-03-10,113.41000,114.78000,108.89000,111.08000,1061500
2025-03-11,110.85000,118.54000,110.29000,115.74000,755200
2025-03-12,119.59000,121.73000,115.37000,116.44000,660800
2025-03-13,116.00000,118.00000,112.33000,117.81000,502300
2025-03-14,120.18000,123.20000,118.89000,121.37000,446200
2025-03-17,115.94000,121.92000,115.75000,120.49000,537300
2025-03-18,119.83000,120.47000,117.61000,118.04000,299900
2025-03-19,118.36000,128.19000,118.26000,126.69000,556200
2025-03-20,123.85000,129.58000,123.85000,125.93000,389700
2025-03-21,123.66000,127.39000,122.86000,126.63000,837800
2025-03-24,129.80000,134.28999,129.58000,133.95000,400700
2025-03-25,134.00000,134.92999,129.74001,131.28999,538300
2025-03-26,130.80000,131.50000,124.51000,125.56000,364200
2025-03-27,125.13000,125.13000,116.45000,117.00000,642500
2025-03-28,116.72000,117.83000,114.40000,116.15000,594800
2025-03-31,112.41000,114.50000,108.32000,113.21000,884700
2025-04-01,113.32000,116.53000,112.66000,115.64000,657700
2025-04-02,112.90000,119.50000,112.16000,118.46000,672500
2025-04-03,112.80000,112.95000,109.17000,109.96000,698600
2025-04-04,103.69000,105.41000,96.34000,104.96000,1141400
2025-04-07,100.07000,114.38000,98.36000,109.10000,1710900
2025-04-08,115.89000,117.69000,109.78000,113.83000,1675700
2025-04-09,111.44000,139.14999,111.44000,134.53000,1855700
2025-04-10,128.87000,133.42999,126.43000,132.41000,920800
2025-04-11,131.03000,137.55000,128.77000,137.09000,562100
2025-04-14,139.44000,140.89000,133.10001,135.23000,557100
2025-04-15,145.94000,149.00000,140.36000,141.00000,1535100
2025-04-16,139.28999,144.27000,136.64999,140.44000,7646100
2025-04-17,140.00999,141.44000,137.70000,140.27000,1045300
2025-04-21,136.91000,137.83000,129.21001,131.57001,1203600
2025-04-22,132.25000,137.06000,132.21001,133.92000,612400
2025-04-23,142.25999,147.94000,138.28000,140.08000,694100
2025-04-24,140.28999,146.89999,139.20000,146.00000,598800
2025-04-25,145.81000,153.96001,145.81000,151.75000,839000
2025-04-28,151.75000,154.97000,147.88000,149.56000,687100
2025-04-29,149.99001,151.06000,146.07001,149.28000,416400
2025-04-30,146.00000,149.62000,143.20000,149.42999,368800
2025-05-01,153.32001,161.14000,151.50000,159.96001,815100
2025-05-02,162.05000,168.69000,161.20000,165.64000,723700
2025-05-05,165.33000,169.21001,163.89000,166.66000,689500
2025-05-06,170.39999,176.96001,167.00000,171.95000,999900
2025-05-07,171.95000,179.69000,171.38000,179.64999,595100
2025-05-08,183.87000,183.87000,177.42000,179.42000,598700
2025-05-09,181.02000,181.25000,172.69000,177.74001,495300
2025-05-12,187.37000,187.70000,180.02000,183.27000,569200
2025-05-13,184.24001,190.77000,183.34000,187.48000,543600
2025-05-14,190.14000,191.34000,186.48000,187.20000,496300
2025-05-15,186.00999,187.35001,182.97000,184.78999,433900
2025-05-16,185.37000,189.42999,184.46001,188.57001,296200
2025-05-19,183.86000,187.77000,182.00000,185.98000,309300
2025-05-20,186.50000,188.75000,185.41000,187.19000,559800
2025-05-21,184.03999,189.30000,181.67000,182.09000,521100
2025-05-22,181.28000,184.47000,176.14999,182.28999,514000
2025-05-23,179.77000,185.75999,179.46001,184.39999,330500
2025-05-27,187.03999,191.83000,185.00000,191.42000,654500
2025-05-28,192.28999,192.28999,186.89999,187.92999,314600
2025-05-29,190.39000,190.39000,184.41000,186.13000,376700
2025-05-30,185.12000,188.82001,183.39999,188.00999,439000
2025-06-02,187.88000,189.75999,184.06000,189.60001,346800
2025-06-03,190.42000,196.82001,190.42000,194.23000,409600
2025-06-04,193.57001,196.39000,192.73000,193.81000,237400
2025-06-05,194.24001,197.42000,191.81000,195.24001,354600
2025-06-06,199.03000,207.00999,196.97000,205.99001,581700
2025-06-09,208.77000,208.77000,200.00000,202.91000,531700
2025-06-10,202.72000,203.00999,191.00000,198.37000,496700
2025-06-11,199.06000,207.00000,196.75999,204.46001,399300
2025-06-12,201.22000,205.25000,199.50000,204.32001,369600
2025-06-13,200.84000,203.99001,197.73000,202.99001,333800
2025-06-16,206.58000,211.99001,205.83000,209.55000,576300
2025-06-17,207.22000,227.64999,207.22000,221.36000,900100
2025-06-18,225.66000,233.57001,223.46001,223.97000,1041600
2025-06-20,224.39999,225.25000,214.20000,217.97000,1089900
2025-06-23,217.13000,223.00000,214.67999,222.50000,666400
2025-06-24,225.41000,229.89000,223.92000,229.38000,592100
2025-06-25,230.03000,231.48000,223.00000,224.64000,718200
2025-06-26,227.23000,232.35001,224.97000,228.64999,416000
2025-06-27,230.50000,235.23000,226.74001,231.50999,1018800
2025-06-30,232.31000,234.91000,228.06000,230.73000,449600
2025-07-01,228.85001,232.10001,217.07001,222.53999,590100
2025-07-02,222.96001,229.67000,222.00000,228.72000,461700
2025-07-03,228.72000,237.70000,228.71001,236.67000,239900
2025-07-07,235.75999,240.49001,232.10001,237.00000,440100
2025-07-08,238.31000,238.31000,225.47000,227.02000,729600
2025-07-09,229.12000,233.86000,226.42000,233.39000,258800
2025-07-10,235.06000,239.78000,226.64000,236.28999,496400
2025-07-11,235.98000,242.23000,235.98000,241.75999,335500
2025-07-14,240.33000,244.48000,236.49001,241.31000,333100
2025-07-15,243.34000,243.77000,236.47000,238.39999,447500
2025-07-16,241.69000,244.17000,237.50999,243.23000,477700
2025-07-17,245.28999,253.94000,244.38000,250.69000,461300
2025-07-18,252.83000,255.59000,250.17999,250.95000,508200
2025-07-21,250.47000,251.74001,244.10001,247.64999,330400
2025-07-22,246.19000,247.25999,230.00000,242.00999,372500
2025-07-23,245.00000,253.83000,244.59000,253.14000,318900
2025-07-24,255.99001,258.00000,247.99001,252.67999,376900
2025-07-25,256.98999,269.44000,256.98999,268.14001,559200
2025-07-28,269.32999,270.38000,259.39999,263.59000,552000
2025-07-29,266.76999,269.78000,261.07001,264.07999,346400
2025-07-30,265.95999,268.37000,258.25000,263.35001,400500
2025-07-31,265.37000,269.50000,261.69000,267.59000,625700
2025-08-01,255.00999,267.54999,244.02000,263.04999,815400
2025-08-04,268.50000,272.81000,262.26999,271.73999,899700
2025-08-05,295.51999,321.79001,290.38000,296.57999,1288000
2025-08-06,300.17001,305.94000,291.47000,299.42001,570300
2025-08-07,301.00000,307.85999,293.84000,299.64001,524000
2025-08-08,300.00000,303.00000,295.06000,302.69000,317000
2025-08-11,303.44000,306.00000,286.82999,289.85999,691700
2025-08-12,292.56000,309.06000,289.85999,308.39999,702000
2025-08-13,311.72000,314.79999,288.41000,292.47000,624300
2025-08-14,290.94000,293.12000,281.37000,282.14001,460100
2025-08-15,282.97000,284.88000,270.81000,275.35001,503600
2025-08-18,278.81000,283.95999,278.14999,283.20001,391600
2025-08-19,281.39001,285.00000,272.95999,276.01999,453100
2025-08-20,272.42999,277.10999,263.45001,274.89001,452400
2025-08-21,274.89001,279.72000,270.51999,278.03000,343900
2025-08-22,278.47000,287.98999,275.22000,279.57999,494400
2025-08-25,280.04001,287.63000,279.00000,286.48999,301200
2025-08-26,288.04999,294.79001,286.98999,292.95001,326500
2025-08-27,292.07999,296.57001,287.00000,289.35999,289900
2025-08-28,292.64001,294.03000,289.28000,290.95001,344400
2025-08-29,290.00000,291.29999,268.67999,278.53000,430500
2025-09-02,271.76999,279.01001,266.13000,276.91000,378600
2025-09-03,277.23999,282.00000,273.35999,273.82001,429300
2025-09-04,275.98999,288.92999,273.00000,288.67999,498000
2025-09-05,292.53000,294.82001,270.00000,285.98001,499200
2025-09-08,288.95001,294.45001,285.00000,286.70999,332800
2025-09-09,287.00000,288.26001,280.81000,286.69000,264000
2025-09-10,291.00000,304.13000,291.00000,301.13000,529400
2025-09-11,303.69000,316.98001,302.39001,316.16000,569800
2025-09-12,316.01001,319.00000,311.57001,313.56000,389000
2025-09-15,316.12000,326.82001,314.66000,322.89999,491000
2025-09-16,323.01001,327.07001,312.37000,319.38000,387600
2025-09-17,320.09000,325.17001,316.57001,320.94000,357000
2025-09-18,325.03000,351.28000,323.20001,348.57999,677700
2025-09-19,352.32999,363.07999,351.56000,360.25000,2093600
2025-09-22,360.00000,368.26999,354.00000,367.39001,493500
2025-09-23,368.95999,374.67001,362.48001,371.84000,633900
2025-09-24,374.73001,376.75000,343.00000,344.04999,773800
2025-09-25,326.23999,341.92999,319.00000,338.44000,779400
2025-09-26,338.20001,349.95999,336.00000,342.10999,404900
2025-09-29,344.39999,351.67999,338.29999,341.10001,506900
2025-09-30,340.26001,344.59000,334.70001,339.67999,398200
2025-10-01,334.92001,344.13000,329.03000,337.92999,353400
2025-10-02,339.50000,356.20999,332.19000,351.66000,741000
2025-10-03,352.87000,355.32999,344.12000,349.29999,439100
2025-10-06,350.53000,362.00000,349.84000,352.78000,347900
2025-10-07,354.42999,360.84000,334.64999,348.57001,499600
2025-10-08,353.50000,368.00000,351.56000,366.98999,423600
2025-10-09,367.23001,368.00000,352.17001,355.53000,394500
2025-10-10,355.67001,364.28000,335.54001,336.63000,425100
2025-10-13,347.54999,362.85999,347.50000,355.26999,532300
2025-10-14,345.00000,364.56000,340.10001,361.44000,230200
2025-10-15,370.00000,374.82001,362.19000,365.39001,504100
2025-10-16,368.88000,376.75000,359.56000,361.01999,371200
2025-10-17,357.06000,365.00000,351.79999,355.57999,407200
2025-10-20,364.00000,372.73999,363.00000,369.01001,323000
2025-10-21,368.82001,368.82001,345.89001,364.32001,375800
2025-10-22,361.17999,367.63000,315.97000,332.75000,773200
2025-10-23,334.00000,353.94000,333.50000,353.79999,379900
2025-10-24,369.76999,384.00000,368.79999,379.07999,539400
2025-10-27,391.00000,391.72000,374.82001,376.73999,505600
2025-10-28,377.17001,384.98999,370.72000,379.89001,378200
2025-10-29,386.53000,409.32999,383.00000,403.35001,617200
2025-10-30,394.37000,403.01999,375.29001,379.03000,633100
2025-10-31,387.69000,393.64001,370.73001,377.89999,521600
2025-11-03,380.10001,396.41000,373.70999,392.76999,849400
2025-11-04,405.89001,419.14001,381.38000,382.57001,870600
2025-11-05,391.85999,416.00000,386.00000,411.07001,610700
2025-11-06,411.07001,413.01001,382.42001,388.67999,523700
2025-11-07,375.01999,379.00000,357.72000,377.84000,780600
2025-11-10,394.28000,397.00000,379.51001,384.45001,479700
2025-11-11,384.01999,384.01999,372.32999,381.22000,326300
2025-11-12,388.00000,398.42999,372.39001,380.70001,5589400
2025-11-13,378.06000,378.63000,325.53000,326.60001,1460300
2025-11-14,312.12000,341.94000,311.20001,338.66000,1405800
2025-11-17,338.66000,344.13000,326.01001,332.82001,511200
2025-11-18,325.37000,338.00000,321.73999,333.88000,601500
2025-11-19,339.34000,350.82001,332.50000,334.17001,418400
2025-11-20,351.64999,366.57999,313.57001,314.56000,884500
2025-11-21,314.89999,317.39999,299.64001,315.10001,1005900
2025-11-24,319.48001,343.94000,319.12000,342.44000,531500
2025-11-25,340.23999,343.01999,324.60999,332.95999,599000
2025-11-26,336.51001,344.98999,333.85999,339.75000,336300
2025-11-28,342.22000,344.89999,339.00000,344.31000,155500
2025-12-01,332.14001,335.70001,319.50000,320.51001,565500
2025-12-02,327.09000,338.75000,325.00000,327.78000,590700
2025-12-03,326.78000,327.35999,309.29999,323.45999,1177700
2025-12-04,316.59000,337.22000,313.00000,332.29001,568200
2025-12-05,329.20999,330.59000,315.75000,325.10001,1331500
2025-12-08,328.57001,334.00000,322.09000,324.62000,417500
2025-12-09,322.81000,328.29999,318.50000,324.10001,347600
2025-12-10,324.01999,337.95999,318.32999,331.60999,525200
2025-12-11,329.67999,343.79999,321.69000,340.51001,526700
2025-12-12,337.39001,338.03000,304.01999,315.14999,704600
2025-12-15,321.10999,327.07999,316.00000,319.12000,485300
2025-12-16,317.17999,327.54001,312.32999,319.13000,651000
2025-12-17,319.13000,322.57001,281.57999,283.57001,1010400
2025-12-18,296.76999,308.38000,294.67999,302.29999,561000
2025-12-19,306.76001,319.42999,306.00000,308.57999,1245200
2025-12-22,312.26999,318.01999,309.85001,313.04001,392000
2025-12-23,309.85001,317.67001,306.07001,315.87000,378100
2025-12-24,312.07999,315.04999,309.00000,314.00000,375400
2025-12-26,314.45999,320.00000,310.00000,316.54999,544000
2025-12-29,312.22000,315.04999,309.00000,310.79001,460900
2025-12-30,311.23999,313.81000,307.07001,307.67999,294200
2025-12-31,307.38000,312.50000,305.17999,306.23001,405500
2026-01-02,309.42999,322.39999,308.85001,319.16000,414600
2026-01-05,325.12000,332.84000,323.00000,327.10999,539300
2026-01-06,328.17999,329.50000,304.45999,317.41000,456900
2026-01-07,317.22000,317.41000,307.32999,312.23999,398800
2026-01-08,312.97000,315.45999,293.29999,297.62000,529700
2026-01-09,300.03000,313.00000,297.50000,308.13000,521800
2026-01-12,303.32001,312.25000,301.01001,307.57999,621900
2026-01-13,308.17999,322.50000,308.00000,321.60001,388800
2026-01-14,320.41000,326.09000,310.57999,319.26999,321200
2026-01-15,328.20001,344.76999,327.20999,336.31000,453000
2026-01-16,338.51001,357.20999,338.51001,350.95999,648100
2026-01-20,338.75000,357.00000,338.57999,349.59000,601900
2026-01-21,354.07001,364.50000,340.10001,362.53000,443700
2026-01-22,368.98001,372.07001,349.51001,364.25000,459400
2026-01-23,364.32001,365.00000,349.97000,351.39001,398100
2026-01-26,351.63000,363.39999,349.00000,361.20999,308300
2026-01-27,363.29001,375.00000,356.20999,372.25000,317700
2026-01-28,376.01999,378.17001,360.23999,373.51999,300400
2026-01-29,377.54999,384.01001,365.92001,379.23001,327900
2026-01-30,374.42999,386.32999,355.41000,357.91000,476700
2026-02-02,357.85999,373.14999,356.70999,367.95001,291000
2026-02-03,378.64001,387.45999,369.64999,386.78000,315700
2026-02-04,387.42001,388.82999,344.17999,360.16000,547800
2026-02-05,351.42999,369.67001,345.00000,365.07001,446600
2026-02-06,370.23999,404.00000,370.23999,401.29001,631600
2026-02-09,401.89999,426.09000,397.39999,418.60999,641900
2026-02-10,418.67001,423.00000,406.47000,415.19000,456500
2026-02-11,426.00000,441.28000,415.50000,433.91000,633100
2026-02-12,454.64999,470.00000,430.42001,431.42999,876100
2026-02-13,429.22000,445.00000,417.66000,437.76999,525600
2026-02-17,435.88000,440.81000,419.51001,421.20001,472400
2026-02-18,420.63000,430.98999,405.26999,410.63000,523300
2026-02-19,410.51001,420.78000,394.63000,415.13000,558900
2026-02-20,414.00000,445.00000,414.00000,435.50000,664000
2026-02-23,428.00000,436.00000,423.28000,434.64001,524700
2026-02-24,429.57001,460.72000,421.00000,459.72000,552100
2026-02-25,463.07001,467.53000,445.01001,455.25000,917100
2026-02-26,474.67001,477.03000,415.35001,433.34000,909100
2026-02-27,424.51999,441.88000,413.00000,428.13000,642900
2026-03-02,426.62000,444.82001,421.14001,432.87000,558100
2026-03-03,414.85001,423.35001,399.00000,415.51001,486100
2026-03-04,421.73999,428.73999,410.62000,420.22000,458900
2026-03-05,412.39001,418.57999,385.01001,398.87000,549100
2026-03-06,381.70001,404.98999,376.23999,395.10999,751400
2026-03-09,383.72000,411.81000,380.28000,411.38000,619300
2026-03-10,412.17999,422.14001,408.39001,411.53000,490700
2026-03-11,411.26999,429.26999,405.50000,420.60001,392100
2026-03-12,410.42999,411.98999,392.75000,404.59000,464100
2026-03-13,406.19000,412.00000,390.00000,398.12000,357900
2026-03-16,409.54999,420.57001,409.00000,417.76001,300700
2026-03-17,419.56000,427.25000,410.50000,425.51001,429800
2026-03-18,429.69000,436.00000,418.19000,421.23001,386600
2026-03-19,410.10001,440.78000,408.12000,431.78000,414600
2026-03-20,431.97000,433.50000,395.51999,401.60999,783900
2026-03-23,413.00000,435.00000,412.94000,422.54999,376400
2026-03-24,419.17001,446.89001,418.76001,446.16000,319500
2026-03-25,454.13000,460.64001,448.00000,452.92001,443400
2026-03-26,440.48001,444.95001,410.72000,415.92999,313700
2026-03-27,415.92999,427.76001,415.82001,420.23999,305900
2026-03-30,421.94000,425.00000,375.07999,382.54999,747300
2026-03-31,395.01001,411.51001,385.00000,407.26999,740500
2026-04-01,418.75000,434.10999,418.00000,421.29001,428600
2026-04-02,402.44000,432.23999,402.00000,416.34000,350100
2026-04-06,416.13000,419.26001,392.04999,393.70999,457100
2026-04-07,388.73999,388.95001,362.59000,382.22000,801400
2026-04-08,413.57999,425.00000,409.51999,423.35001,549400
2026-04-09,423.35001,450.34000,423.35001,435.64999,504300
2026-04-10,437.10001,455.00000,430.01001,446.35999,338800
2026-04-13,441.22000,461.42999,440.00000,459.01999,388500
2026-04-14,465.91000,472.60999,457.01999,464.54001,552200
2026-04-15,462.79999,465.14001,449.00000,456.51999,202882
