date,open,high,low,close,volume
2016-02-04,57.81544,58.49341,56.13936,57.82486,4328818
2016-02-05,57.18456,57.24105,55.26365,55.58381,5065315
2016-02-08,54.68927,54.71751,52.79661,53.67232,3846245
2016-02-09,52.90960,53.80414,52.85311,53.35217,2801025
2016-02-10,53.74765,54.56686,53.35217,53.63465,3892336
2016-02-11,52.82486,53.81356,52.76836,53.49341,2825132
2016-02-12,54.19021,55.42373,53.85122,55.35781,2555597
2016-02-16,55.36723,56.63842,54.67043,56.12053,2704064
2016-02-17,56.21469,57.66478,56.14878,57.63654,2988680
2016-02-18,57.25989,58.21092,57.00565,57.67420,3290819
2016-02-19,54.60452,56.02636,51.88324,55.13183,9813199
2016-02-22,55.55556,58.31450,55.36723,57.90019,5149319
2016-02-23,57.76836,58.33333,57.08098,57.85311,3132581
2016-02-24,57.24105,59.79284,57.22222,59.53860,3786349
2016-02-25,59.71751,60.96045,59.46328,60.90395,3345300
2016-02-26,60.93220,61.67608,60.76271,61.11111,2766935
2016-02-29,60.98870,61.99623,60.97928,61.30885,3156158
2016-03-01,61.65725,62.96610,61.48776,62.85311,2970945
2016-03-02,62.61770,63.18267,61.84557,62.41055,3249401
2016-03-03,62.48587,62.92844,61.92090,62.45763,2519807
2016-03-04,62.02448,62.49529,61.10170,61.58192,4317561
2016-03-07,61.23352,62.33522,60.96987,62.02448,3174530
2016-03-08,61.41243,61.88324,61.04520,61.18644,3269155
2016-03-09,61.64783,61.64783,60.58381,61.05462,2448441
2016-03-10,61.37476,61.70433,60.46140,61.44068,1922326
2016-03-11,62.01506,62.82486,61.88324,62.47646,1831100
2016-03-14,62.16573,62.47646,61.91149,61.93974,2003038
2016-03-15,61.70433,62.13748,61.29002,61.87382,1914680
2016-03-16,61.81733,61.96798,61.14878,61.59134,2171153
2016-03-17,61.38418,62.61770,61.07344,62.52354,2476690
2016-03-18,62.59887,63.00377,62.37288,62.61770,3568639
2016-03-21,62.60829,62.96610,62.42938,62.61770,1488605
2016-03-22,61.99623,62.26930,61.02636,61.51601,2430706
2016-03-23,61.20527,61.23352,60.26365,60.65913,2999513
2016-03-24,60.66855,60.69680,60.01883,60.32957,2177100
2016-03-28,60.44256,60.83804,60.21657,60.62147,1639940
2016-03-29,60.71563,61.23352,60.52731,61.13936,1509102
2016-03-30,61.46893,61.72316,61.08286,61.43126,1455790
2016-03-31,61.47834,61.97740,60.80038,60.97928,1855845
2016-04-01,60.82862,61.57251,60.39548,61.43126,1276524
2016-04-04,61.49717,61.59134,60.22599,60.33898,1636436
2016-04-05,60.19774,60.44256,59.49152,59.69868,1544891
2016-04-06,59.73635,60.48022,59.32203,60.41431,1352457
2016-04-07,59.71751,60.32957,59.67985,60.27307,1812940
2016-04-08,60.56497,60.59322,58.64407,58.96422,1888661
2016-04-11,59.07721,59.35028,58.30508,58.31450,1312420
2016-04-12,58.34275,59.05838,57.72128,58.91714,1317199
2016-04-13,59.28437,60.10358,59.01130,60.08475,1304455
2016-04-14,60.25424,60.46140,59.70810,59.95292,992227
2016-04-15,59.97175,60.43314,59.69868,60.34840,1490942
2016-04-18,60.30132,60.83804,60.09416,60.78154,1080797
2016-04-19,61.04520,61.31827,60.30132,60.64030,1683270
2016-04-20,60.74388,61.51601,60.61205,60.85687,1593850
2016-04-21,61.60075,61.67608,60.09416,60.22599,2044775
2016-04-22,60.50848,60.92279,59.95292,60.32957,1647268
2016-04-25,59.55744,59.87759,59.09605,59.67985,1574415
2016-04-26,59.55744,60.49906,59.55744,60.32957,1500818
2016-04-27,60.39548,60.44256,59.84934,60.21657,2491133
2016-04-28,60.04708,60.12241,58.84181,59.00188,2955440
2016-04-29,60.16008,60.20716,57.94727,59.36911,4097196
2016-05-02,58.84181,60.90395,58.38041,60.87571,3658802
2016-05-03,60.97928,62.43879,60.80979,61.12053,7939831
2016-05-04,60.89454,61.06403,60.10358,60.64972,4521253
2016-05-05,60.40490,60.52731,59.89642,60.11300,3628323
2016-05-06,60.05650,60.25424,59.48211,60.19774,2019712
2016-05-09,60.09416,60.96045,59.92467,60.81921,1809860
2016-05-10,60.91337,61.68550,60.83804,61.14878,2377499
2016-05-11,59.93409,60.11300,57.12806,57.12806,6559443
2016-05-12,57.53296,57.61770,56.50659,57.28814,4753193
2016-05-13,57.09040,57.40113,56.01695,56.43126,2776599
2016-05-16,56.66667,57.43879,56.28060,57.16573,1867527
2016-05-17,57.09981,57.53296,56.61959,56.88324,1955036
2016-05-18,56.67608,56.99623,56.10170,56.65725,2176038
2016-05-19,56.78908,57.55179,56.14878,56.76083,2396615
2016-05-20,56.88324,57.92844,56.64783,57.85311,2326948
2016-05-23,57.93785,58.37100,57.68362,57.76836,2082051
2016-05-24,57.99435,58.58757,57.87194,58.45575,1595655
2016-05-25,58.19209,58.77589,57.86252,58.52166,2160639
2016-05-26,58.70998,58.77589,58.31450,58.44633,1347466
2016-05-27,58.56874,58.95480,58.32392,58.75706,975766
2016-05-31,58.75706,58.94538,58.19209,58.68173,3348698
2016-06-01,58.37100,58.79473,58.22034,58.55932,1843738
2016-06-02,58.49341,59.21846,58.38041,59.07721,2485505
2016-06-03,59.07721,59.07721,58.47458,58.68173,1738706
2016-06-06,58.68173,58.78531,58.24859,58.63465,2201314
2016-06-07,58.23917,59.35028,58.15443,59.18079,2188782
2016-06-08,59.05838,59.65160,58.81356,59.46328,1856482
2016-06-09,59.20904,59.52919,58.99247,59.47269,1887280
2016-06-10,58.85122,59.18079,58.62524,58.99247,2570677
2016-06-13,58.82298,59.39736,58.50283,58.89830,4791850
2016-06-14,58.62524,59.11488,57.90960,58.23917,3923347
2016-06-15,58.51224,59.28437,58.31450,58.71940,3424738
2016-06-16,58.30508,58.73823,58.07910,58.66290,2235510
2016-06-17,58.56874,59.92467,58.38041,59.78343,6581426
2016-06-20,60.45198,61.29943,60.38606,60.75330,2289035
2016-06-21,61.00753,61.32768,60.63089,61.02636,1669145
2016-06-22,60.96045,61.29943,60.67797,60.72505,1389202
2016-06-23,61.32768,61.46893,60.84746,61.23352,969818
2016-06-24,59.21846,59.59510,57.64595,57.73070,3550372
2016-06-27,56.96798,57.01506,54.40678,54.88700,3933011
2016-06-28,55.39548,55.68738,54.71751,55.64030,3333512
2016-06-29,56.43126,57.19397,55.93220,57.09040,2430281
2016-06-30,57.32580,57.90019,56.70433,57.90019,2306983
2016-07-01,58.10735,58.92656,57.99435,58.66290,2352011
2016-07-05,58.36158,58.52166,56.87382,57.21281,3011513
2016-07-06,58.08851,58.96422,57.03390,58.56874,2375163
2016-07-07,58.60640,59.24670,58.52166,59.07721,1797647
2016-07-08,59.52919,60.64030,59.52919,60.31073,1860518
2016-07-11,60.32015,60.91337,60.19774,60.36723,2593404
2016-07-12,60.41431,60.99812,60.41431,60.84746,2123363
2016-07-13,61.14878,61.14878,60.44256,60.94162,1380494
2016-07-14,61.26177,61.44068,60.81921,60.94162,1272701
2016-07-15,60.92279,60.97928,60.09416,60.29190,2543065
2016-07-18,60.25424,60.80038,60.06591,60.27307,1849048
2016-07-19,59.88700,60.15066,59.56686,60.07533,2884073
2016-07-20,60.26365,60.70621,60.16949,60.47081,2047961
2016-07-21,60.56497,60.82862,59.20904,59.48211,3494511
2016-07-22,59.59510,60.16949,57.60829,58.72881,5190950
2016-07-25,58.57816,59.01130,58.24859,58.87006,2870586
2016-07-26,58.71940,59.23729,58.22976,58.38983,1939212
2016-07-27,58.53107,58.56874,57.64595,58.11676,2532445
2016-07-28,58.06968,58.13559,57.53296,58.03202,1632188
2016-07-29,57.90960,58.87947,57.66478,58.78531,2954165
2016-08-01,58.43691,58.94538,57.83427,58.72881,2621972
2016-08-02,58.51224,58.51224,56.40301,56.49717,3914213
2016-08-03,55.76271,57.19397,55.28249,57.11864,3508848
2016-08-04,57.19397,57.74953,57.05273,57.32580,2489647
2016-08-05,57.78719,58.65348,57.78719,58.53107,2250590
2016-08-08,58.73823,59.26554,58.46516,58.77589,2707888
2016-08-09,58.47458,58.66290,57.59887,57.73070,1979568
2016-08-10,58.35217,59.08663,58.02260,58.11676,1435399
2016-08-11,59.09605,60.26365,58.72881,60.19774,2613794
2016-08-12,59.88700,60.32957,59.74576,60.13183,1549883
2016-08-15,60.18832,60.71563,60.13183,60.24482,1594593
2016-08-16,60.23540,60.63089,60.01883,60.18832,1403008
2016-08-17,60.03767,60.21657,59.82109,60.04708,1430726
2016-08-18,60.01883,60.45198,59.90584,60.44256,2098724
2016-08-19,60.22599,61.17702,60.21657,61.05462,2091715
2016-08-22,60.96987,61.31827,60.64030,60.70621,2428794
2016-08-23,60.82862,61.39360,60.59322,61.31827,2145877
2016-08-24,61.22411,61.34652,60.66855,60.79096,2133133
2016-08-25,60.46140,61.11111,60.18832,60.47081,1422124
2016-08-26,60.47081,61.11111,59.99059,60.25424,975978
2016-08-29,60.17891,60.81921,60.08475,60.30132,1388565
2016-08-30,59.80226,59.86817,58.61582,58.87006,2398102
2016-08-31,58.67232,58.92656,57.75895,58.42749,2327054
2016-09-01,57.75895,57.98494,57.30697,57.96610,3345619
2016-09-02,57.36346,57.54237,56.09228,56.52542,3276376
2016-09-06,55.48022,56.70433,55.48022,56.29002,3399887
2016-09-07,56.02636,57.08098,55.80038,57.08098,3912620
2016-09-08,56.91149,57.08098,56.14878,56.34652,2533826
2016-09-09,56.15819,56.19586,55.00941,55.01883,2385464
2016-09-12,57.14689,57.14689,54.89642,56.15819,2513754
2016-09-13,56.54425,56.54425,54.84934,55.06591,2876002
2016-09-14,55.24482,55.28249,54.37853,54.65160,3173044
2016-09-15,52.02448,53.37100,51.98682,52.91902,9238657
2016-09-16,52.59887,52.97552,52.12806,52.88136,8855912
2016-09-19,53.30508,53.66290,52.93785,53.27684,3060790
2016-09-20,53.65348,53.74765,52.74011,52.86252,3075021
2016-09-21,53.44633,53.49341,52.81544,53.40866,3000150
2016-09-22,53.56874,53.94538,53.33333,53.55932,2049872
2016-09-23,53.51224,53.76648,53.44633,53.62524,3145113
2016-09-26,53.54991,53.54991,52.47646,52.56121,2789980
2016-09-27,52.78719,53.30508,52.32580,53.27684,2437821
2016-09-28,53.25800,53.29567,51.97740,52.41996,5619998
2016-09-29,52.46704,52.89077,52.10923,52.15631,2908924
2016-09-30,52.77778,53.07910,52.52354,52.77778,3300908
2016-10-03,52.68362,52.91902,52.45763,52.71186,1771097
2016-10-04,52.41996,53.18267,52.22222,52.90960,5226633
2016-10-05,52.51413,52.87194,51.32768,51.51601,4877447
2016-10-06,51.43126,51.73258,51.12053,51.48776,3209258
2016-10-07,51.62900,51.85499,51.00753,51.37476,2875153
2016-10-10,51.76083,52.14689,51.61959,51.82674,1761433
2016-10-11,51.91149,51.92090,50.96045,51.01695,2205562
2016-10-12,51.10170,51.69492,51.02636,51.53484,2158621
2016-10-13,51.20527,51.72316,50.63089,51.45951,2112530
2016-10-14,51.69492,52.00565,51.41243,51.41243,1869014
2016-10-17,51.38418,51.59134,50.92279,50.97928,1860624
2016-10-18,51.55367,51.61959,51.12994,51.29943,1726812
2016-10-19,51.44068,51.58192,51.12994,51.43126,2826832
2016-10-20,51.25235,51.42184,50.85687,51.12994,3263314
2016-10-21,50.84746,51.72316,50.44256,51.47834,4022113
2016-10-24,51.27119,52.44821,49.70810,49.97175,12230098
2016-10-25,48.98305,50.14124,48.73823,49.97175,5206349
2016-10-26,49.90584,51.35593,49.72693,50.95103,3363566
2016-10-27,50.97928,51.36535,50.88512,51.21469,3161786
2016-10-28,51.41243,51.71375,50.67797,51.14878,2865807
2016-10-31,51.12053,51.19586,50.65913,51.04520,3135130
2016-11-01,51.11111,51.48776,50.29190,50.86629,2164568
2016-11-02,50.51789,51.41243,50.51789,50.77213,2068564
2016-11-03,50.93220,51.01695,50.16008,50.32015,2130053
2016-11-04,50.29190,51.01695,50.29190,50.41431,2020667
2016-11-07,51.32768,51.76083,51.08286,51.69492,2168923
2016-11-08,51.62900,51.76083,50.89454,51.37476,2297849
2016-11-09,50.73446,52.09040,49.59510,51.95857,3064720
2016-11-10,52.25989,53.53107,52.16573,53.04143,3306325
2016-11-11,52.67420,53.83239,52.56121,53.71940,2465645
2016-11-14,54.02072,54.89642,53.87947,54.00188,2755890
2016-11-15,54.00188,54.28437,52.74011,53.34275,3000681
2016-11-16,53.05085,53.26742,52.64595,52.85311,2335019
2016-11-17,53.04143,53.52166,52.58945,53.52166,2659779
2016-11-18,53.39925,53.52166,51.26177,51.33710,3946286
2016-11-21,51.38418,52.16573,51.35593,52.07156,4358554
2016-11-22,52.31638,54.81168,52.11864,54.66102,7025024
2016-11-23,54.60452,54.94350,53.44633,53.82298,3830103
2016-11-25,53.88889,54.27495,53.63465,53.91714,1365095
2016-11-28,53.74765,53.87947,52.92844,53.56874,2625158
2016-11-29,53.68173,53.68173,52.25047,52.38230,3594020
2016-11-30,52.34463,52.43879,51.24294,51.32768,4476118
2016-12-01,51.67608,52.74011,51.56309,52.51413,3202886
2016-12-02,52.37288,53.09793,51.90207,52.53296,2866975
2016-12-05,52.68362,54.03013,52.53296,53.84181,3020116
2016-12-06,53.50283,53.68173,52.87194,53.34275,2607953
2016-12-07,53.11676,54.17138,52.96610,54.03955,2072493
2016-12-08,54.37853,54.45386,53.45575,53.74765,2830973
2016-12-09,53.69115,53.89830,53.17326,53.24859,2862196
2016-12-12,53.32392,53.48399,52.07156,52.58945,2872391
2016-12-13,52.73070,53.81356,52.70245,53.04143,3141715
2016-12-14,53.15443,53.24859,51.55367,51.70433,2863258
2016-12-15,51.67608,51.86441,50.00000,50.88512,5123088
2016-12-16,51.00753,51.32768,50.35781,50.64030,6562523
2016-12-19,50.74388,51.23352,50.26365,50.53672,3250676
2016-12-20,50.61205,51.48776,50.55556,51.35593,3013744
2016-12-21,50.96045,51.48776,50.84746,51.40301,3871733
2016-12-22,51.36535,51.48776,50.32015,50.41431,4328181
2016-12-23,50.39548,50.95103,50.18832,50.18832,2738261
2016-12-27,50.26365,50.82862,50.23540,50.64030,1814215
2016-12-28,50.65913,51.19586,50.35781,50.66855,2334488
2016-12-29,50.65913,50.93220,50.32957,50.49906,1540219
2016-12-30,50.48964,50.72505,50.11300,50.23540,2590961
2017-01-03,50.49906,51.06403,49.98117,50.28249,4067672
2017-01-04,50.59322,50.91337,50.22599,50.58381,4249593
2017-01-05,50.11300,50.15066,49.29379,50.13183,3393302
2017-01-06,50.00000,50.21657,49.64219,50.07533,2974981
2017-01-09,50.09416,50.21657,49.71751,49.83992,2293177
2017-01-10,50.00000,50.70621,49.95292,50.13183,2943864
2017-01-11,50.13183,50.13183,49.01130,49.45386,3897752
2017-01-12,48.55932,49.04897,48.34275,48.80414,4443302
2017-01-13,48.96422,49.22787,48.09793,48.33333,3151060
2017-01-17,48.56874,49.66102,48.54991,49.09605,4518810
2017-01-18,49.29379,49.32203,47.54237,47.92844,6067312
2017-01-19,48.31450,48.94538,48.14501,48.48399,6067312
2017-01-20,48.60640,49.04897,48.54991,48.82298,3380027
2017-01-23,48.74765,49.26554,48.33333,49.05838,4333703
2017-01-24,49.00188,49.84934,48.96422,49.60452,2924323
2017-01-25,49.87759,50.07533,49.50094,49.53860,3328414
2017-01-26,49.62335,49.74576,48.79473,48.97364,2872922
2017-01-27,49.08663,49.10546,47.53296,47.80603,4718572
2017-01-30,47.77778,48.40866,47.42938,48.35217,3954569
2017-01-31,47.24105,48.49341,46.75141,48.47458,6752727
2017-02-01,47.78719,48.40866,47.52354,47.65537,5544065
2017-02-02,47.24105,48.29567,46.91149,47.74011,5309788
2017-02-03,47.41055,47.41055,46.16761,46.66667,8054845
2017-02-06,46.57251,47.06215,46.35593,46.47834,4253735
2017-02-07,46.53484,46.61959,45.36723,45.49906,7027254
2017-02-08,45.62147,46.36535,45.24482,46.22411,4646462
2017-02-09,46.22411,46.94915,46.19586,46.58192,3260871
2017-02-10,46.84557,47.74011,46.75141,47.38230,4531023
2017-02-13,47.58004,47.93785,47.32580,47.44821,4960921
2017-02-14,47.16573,48.01318,47.01506,47.90019,3899983
2017-02-15,47.62712,47.71186,47.14689,47.57062,6069649
2017-02-16,47.97552,48.24859,47.22222,47.42938,7449930
2017-02-17,48.27684,49.78343,47.40113,49.60452,9385319
2017-02-21,49.75518,50.00941,49.20904,49.35970,5870524
2017-02-22,49.81168,50.79096,49.81168,50.37665,5819548
2017-02-23,50.49906,50.80038,49.42561,49.48211,5158240
2017-02-24,49.75518,50.51789,49.26554,49.96233,4856845
2017-02-27,49.96233,50.37665,49.87759,49.97175,3466049
2017-02-28,49.92467,50.04708,49.09605,49.38795,4143181
2017-03-01,49.60452,49.96233,49.13371,49.74576,4434062
2017-03-02,50.09416,50.26365,49.64219,50.22599,4151889
2017-03-03,50.54614,50.64030,49.42561,49.51978,4614709
2017-03-06,49.54802,50.09416,49.47269,49.91525,3111766
2017-03-07,49.46328,49.84934,49.24670,49.54802,3169964
2017-03-08,49.49152,49.90584,49.15254,49.72693,2385677
2017-03-09,49.66102,49.87759,49.33145,49.58569,2312186
2017-03-10,49.75518,50.00941,49.68927,49.83992,2550181
2017-03-13,50.00000,50.24482,49.60452,50.00000,3449270
2017-03-14,49.96233,50.48964,49.96233,50.15066,3179628
2017-03-15,49.86817,50.89454,49.86817,50.73446,4271364
2017-03-16,50.68738,51.18644,50.58381,50.98870,3267668
2017-03-17,51.14878,51.33710,50.80038,50.80038,8706807
2017-03-20,50.87571,51.13936,50.40490,50.72505,5334320
2017-03-21,50.69680,50.74388,49.22787,49.95292,5677027
2017-03-22,49.67043,50.03767,49.38795,49.99059,3671971
2017-03-23,50.51789,51.09228,50.35781,50.72505,4808736
2017-03-24,50.77213,51.07344,50.57439,50.90395,4458807
2017-03-27,50.50848,51.68550,50.40490,51.49717,4483233
2017-03-28,51.48776,52.43879,51.35593,52.09040,4884457
2017-03-29,52.25047,52.98494,52.12806,52.91902,3488458
2017-03-30,52.53296,52.53296,50.66855,50.96987,6363079
2017-03-31,51.05462,51.89265,50.97928,51.76083,4737901
2017-04-03,51.93974,52.26930,51.40301,51.45009,3629173
2017-04-04,51.27119,51.52542,50.48964,50.79096,3273296
2017-04-05,50.92279,51.15819,50.59322,50.69680,3773923
2017-04-06,50.82862,51.82674,50.69680,51.02636,3459465
2017-04-07,50.96987,51.26177,50.80979,51.03578,3053144
2017-04-10,51.21469,51.93974,51.19586,51.50659,2687072
2017-04-11,51.48776,51.87382,51.38418,51.84557,2705976
2017-04-12,51.65725,52.23164,51.54425,51.82674,5529197
2017-04-13,51.89265,52.25989,51.58192,51.60075,3310254
2017-04-17,51.77966,51.96798,51.61959,51.82674,2842124
2017-04-18,51.61959,52.05273,51.53484,51.93974,2456087
2017-04-19,52.17514,52.60829,52.00565,52.27872,2469575
2017-04-20,52.47646,53.28625,52.42938,53.14501,3317582
2017-04-21,53.10735,53.20151,52.38230,52.58945,3571718
2017-04-24,53.14501,53.20151,52.60829,52.65537,5670124
2017-04-25,52.95668,53.02260,52.32580,52.83427,3489201
2017-04-26,53.04143,53.90772,52.91902,53.52166,3482829
2017-04-27,53.71940,54.62335,53.52166,54.47269,5112680
2017-04-28,52.48587,53.11676,51.31827,51.44068,8022348
2017-05-01,51.42184,51.53484,49.81168,49.83051,6566665
2017-05-02,49.99059,50.62147,49.84934,50.34840,5811476
2017-05-03,50.45198,50.53672,49.72693,50.34840,4765300
2017-05-04,50.50848,51.08286,50.25424,50.86629,3022983
2017-05-05,51.00753,51.45951,51.00753,51.29002,2472655
2017-05-08,51.29943,52.03390,51.29943,51.75141,2505046
2017-05-09,51.84557,52.53296,51.84557,52.33522,3906567
2017-05-10,52.23164,52.46704,51.72316,52.32580,3123342
2017-05-11,51.88324,52.02448,50.96045,51.67608,4710501
2017-05-12,51.44068,51.44068,50.56497,50.84746,3549098
2017-05-15,50.94162,51.12053,50.55556,50.64972,2216500
2017-05-16,50.42373,50.42373,49.32203,49.33145,4248319
2017-05-17,49.33145,49.35970,48.22976,48.60640,4220813
2017-05-18,48.76648,49.03955,48.38041,48.73823,3046772
2017-05-19,48.77589,49.46328,48.25800,49.34087,2821415
2017-05-22,49.46328,50.07533,49.29379,49.76460,2670824
2017-05-23,49.83051,50.14124,49.69868,49.89642,2680913
2017-05-24,49.83051,49.88700,49.40678,49.76460,2247298
2017-05-25,50.16949,50.31073,49.77401,50.08475,3734629
2017-05-26,50.16008,50.83804,49.97175,50.57439,2433467
2017-05-30,50.48964,51.05462,50.48964,50.64030,2574925
2017-05-31,50.71563,51.01695,50.48022,50.65913,3680467
2017-06-01,50.80979,51.10170,50.16949,50.51789,3595826
2017-06-02,50.95103,51.39360,50.59322,51.16761,2706401
2017-06-05,51.24294,51.40301,50.82862,51.12994,2350737
2017-06-06,51.04520,51.19586,50.37665,50.58381,3150848
2017-06-07,50.32015,50.66855,50.16008,50.51789,1898537
2017-06-08,50.51789,50.96045,50.47081,50.47081,1962045
2017-06-09,50.56497,52.12806,50.44256,52.09981,3322892
2017-06-12,52.12806,53.41808,52.11864,52.61770,4675986
2017-06-13,52.58945,52.78719,51.90207,52.74953,1960664
2017-06-14,52.72128,53.24859,52.34463,53.22034,2086511
2017-06-15,52.95668,52.96610,52.34463,52.82486,1947071
2017-06-16,52.71186,53.07910,52.14689,53.04143,5444237
2017-06-19,53.17326,53.60640,52.90019,53.51224,2116035
2017-06-20,53.21092,53.23917,51.32768,51.68550,3666236
2017-06-21,51.69492,52.07156,51.47834,51.99623,1710139
2017-06-22,52.07156,52.91902,51.88324,52.56121,2252821
2017-06-23,52.52354,53.20151,52.21281,53.13559,6336211
2017-06-26,53.35217,53.91714,53.04143,53.78531,1586947
2017-06-27,53.67232,53.94538,53.44633,53.53107,1444108
2017-06-28,53.78531,54.12429,53.67232,53.70057,2003675
2017-06-29,53.77589,54.13371,53.27684,53.60640,2196959
2017-06-30,53.97364,54.78343,53.67232,54.23729,3005566
2017-07-03,54.07721,54.78343,54.01130,54.32203,1755698
2017-07-05,54.34087,54.34087,53.55932,53.98305,2080033
2017-07-06,53.81356,53.81356,52.79661,52.85311,1927955
2017-07-07,52.83427,53.51224,52.58945,53.38983,2335019
2017-07-10,53.24859,53.40866,52.86252,53.22976,2361145
2017-07-11,53.09793,53.11676,52.28814,52.46704,2853806
2017-07-12,52.64595,52.99435,52.43879,52.64595,1655233
2017-07-13,52.85311,53.22976,52.56121,52.74953,2492302
2017-07-14,52.79661,52.87194,52.51413,52.74953,3216798
2017-07-17,52.60829,53.53107,52.57062,52.91902,5629556
2017-07-18,52.90960,53.21092,52.26930,52.66478,4696695
2017-07-19,52.65537,53.24859,52.51413,53.24859,2268963
2017-07-20,53.50283,54.51978,53.26742,54.34087,2756209
2017-07-21,54.33145,55.34840,54.33145,55.22599,3504919
2017-07-24,56.03578,56.03578,54.58569,55.44256,3920479
2017-07-25,55.71563,57.74953,55.48022,57.48587,4569467
2017-07-26,57.61770,57.63654,56.59134,57.31638,2423165
2017-07-27,57.50471,57.60829,56.80791,57.25989,2086830
2017-07-28,57.74953,58.46516,57.53296,58.23917,2111999
2017-07-31,58.23917,58.56874,58.05085,58.55932,2880250
2017-08-01,58.40866,58.99247,58.03202,58.87006,2249741
2017-08-02,58.79473,59.35028,58.54049,59.08663,2743252
2017-08-03,59.07721,59.85876,58.96422,59.53860,1738813
2017-08-04,59.58569,60.00941,59.21846,59.51978,1497420
2017-08-07,59.52919,59.79284,59.26554,59.26554,1773009
2017-08-08,59.82109,60.22599,58.89830,58.95480,3707761
2017-08-09,58.55932,59.13371,56.50659,58.65348,2564411
2017-08-10,57.76836,58.32392,57.63654,57.66478,2630786
2017-08-11,57.40113,58.42749,57.12806,57.98494,1602133
2017-08-14,58.51224,59.82109,58.35217,59.79284,3759055
2017-08-15,59.71751,60.35781,59.22787,60.16949,4297914
2017-08-16,60.27307,60.49906,59.83992,60.16949,2501860
2017-08-17,59.89642,60.35781,59.30320,59.40678,2385252
2017-08-18,59.09605,59.19962,58.31450,59.11488,2805910
2017-08-21,59.20904,59.58569,58.99247,59.27495,2195048
2017-08-22,59.52919,59.61394,59.05838,59.41619,1417770
2017-08-23,59.19021,59.30320,58.83239,58.94538,1752406
2017-08-24,59.67985,60.04708,59.16196,59.26554,1726281
2017-08-25,59.34087,60.13183,59.30320,59.71751,1422549
2017-08-28,59.72693,59.78343,59.19962,59.52919,1344067
2017-08-29,59.05838,59.51978,58.74765,59.37853,1087063
2017-08-30,59.23729,59.35028,58.73823,58.88889,1470764
2017-08-31,59.12429,59.32203,58.94538,59.19962,2460760
2017-09-01,59.32203,59.95292,59.11488,59.86817,1727662
2017-09-05,59.83992,60.46140,59.58569,60.21657,2069732
2017-09-06,60.35781,60.74388,59.02072,59.67043,2531277
2017-09-07,59.67985,59.70810,59.01130,59.21846,2006649
2017-09-08,58.98305,59.18079,58.28625,58.83239,1996772
2017-09-11,59.09605,59.68927,59.00188,59.66102,1483295
2017-09-12,59.61394,59.89642,59.25612,59.41619,2102123
2017-09-13,59.45386,59.63277,59.23729,59.39736,2103503
2017-09-14,59.21846,59.35970,58.18267,58.70057,3069923
2017-09-15,58.80414,59.33145,58.44633,58.78531,4304392
2017-09-18,58.83239,59.13371,58.24859,58.53107,3126634
2017-09-19,58.67232,58.76648,58.26742,58.52166,2595847
2017-09-20,58.56874,58.56874,58.03202,58.50283,1703342
2017-09-21,58.51224,58.68173,58.22034,58.23917,1274506
2017-09-22,58.28625,58.62524,57.96610,58.56874,1530342
2017-09-25,58.28625,58.91714,58.03202,58.08851,1733503
2017-09-26,58.22976,59.35970,58.11676,59.12429,2593404
2017-09-27,58.84181,59.44444,58.35217,59.36911,2179330
2017-09-28,59.13371,59.83051,59.01130,59.79284,2292008
2017-09-29,59.87759,60.26365,59.76460,59.85876,2634079
2017-10-02,59.83051,59.99059,59.16196,59.99059,2214695
2017-10-03,60.42373,60.83804,59.96233,60.33898,3125997
2017-10-04,60.48022,61.16761,60.36723,61.12053,2008879
2017-10-05,61.20527,61.48776,60.86629,60.95103,1903635
2017-10-06,60.93220,61.87382,60.65913,61.81733,2414245
2017-10-09,61.78908,61.87382,60.48964,60.64972,1546697
2017-10-10,60.76271,61.49717,60.70621,60.74388,1566450
2017-10-11,60.61205,60.90395,60.43314,60.59322,1863916
2017-10-12,60.61205,60.81921,60.26365,60.67797,2006224
2017-10-13,60.73446,60.91337,60.09416,60.15066,2447379
2017-10-16,60.28249,60.49906,59.97175,60.34840,1690810
2017-10-17,60.44256,61.05462,60.30132,60.81921,1812834
2017-10-18,60.90395,61.44068,60.85687,61.27119,2549437
2017-10-19,61.06403,61.72316,61.02636,61.53484,1877722
2017-10-20,62.08098,63.06026,61.89265,62.50471,4898369
2017-10-23,64.06779,67.74953,63.98305,65.86629,9649226
2017-10-24,66.90207,67.16573,65.88512,67.07156,3794101
2017-10-25,67.22222,67.47646,66.41243,67.09039,3047409
2017-10-26,67.09039,67.32580,66.24294,66.38418,2967865
2017-10-27,66.11111,66.85499,65.78155,66.76083,2418068
2017-10-30,66.25236,66.29002,65.51789,65.82863,2220005
2017-10-31,65.57439,65.89454,65.14124,65.58380,3001849
2017-11-01,65.60264,66.29002,64.95292,66.05461,2585014
2017-11-02,66.40302,66.48776,65.26366,65.82863,2324081
2017-11-03,65.84746,66.05461,65.16007,65.41431,2643637
2017-11-06,65.52731,65.96045,65.00000,65.03767,1869439
2017-11-07,65.00000,65.08475,64.35970,64.67043,1643339
2017-11-08,64.65160,65.52731,64.47269,65.43314,1396530
2017-11-09,65.24482,65.75330,65.09416,65.31074,1638241
2017-11-10,65.22599,65.97929,65.03767,65.56497,1729042
2017-11-13,65.59322,66.14877,65.44256,65.60264,1333129
2017-11-14,65.35782,66.16761,65.18832,65.83804,1036193
2017-11-15,65.74388,66.12994,65.48022,65.56497,1743273
2017-11-16,65.70621,66.29944,65.37665,65.98870,2940997
2017-11-17,66.43126,67.09039,66.43126,66.67609,1961195
2017-11-20,66.68550,67.95669,66.38418,67.74953,1846712
2017-11-21,67.91902,68.42750,67.54237,68.35217,2212677
2017-11-22,68.08851,69.11488,67.97552,69.06779,2978591
2017-11-24,69.20904,69.73634,69.19021,69.57627,1345129
2017-11-27,69.67985,70.49906,69.13371,69.15254,2409147
2017-11-28,69.35970,70.34840,69.25612,69.69868,2345852
2017-11-29,69.83051,70.48964,69.49152,69.80226,2138656
2017-11-30,69.84934,70.06591,68.65348,68.70056,4236849
2017-12-01,68.69115,68.69115,66.77025,67.59887,3767870
2017-12-04,68.17326,68.38042,67.04331,67.06215,4563945
2017-12-05,67.21281,67.29755,66.23352,66.28060,3408595
2017-12-06,67.61770,67.91902,66.38418,67.49529,2413820
2017-12-07,67.48588,68.36158,67.39172,67.71186,1815277
2017-12-08,67.81544,69.07721,67.74011,69.06779,2409678
2017-12-11,69.28437,69.61394,68.15443,68.36158,2847753
2017-12-12,68.39925,68.67232,68.15443,68.29567,2475947
2017-12-13,68.51224,69.19962,68.31450,68.79472,1201759
2017-12-14,69.20904,69.55744,68.87947,69.06779,2231687
2017-12-15,69.57627,70.16949,69.27496,70.06591,4251505
2017-12-18,70.48964,70.85687,69.60452,69.81168,2247723
2017-12-19,70.02825,70.40490,69.25612,69.53860,1626878
2017-12-20,69.89642,70.32957,69.70810,70.05650,2745907
2017-12-21,70.24482,70.62147,69.67985,69.89642,1743167
2017-12-22,69.82109,70.01883,69.16196,69.55744,2024172
2017-12-26,69.41620,70.30132,69.36912,70.25423,905036
2017-12-27,70.46140,70.52731,70.11299,70.16949,1120835
2017-12-28,70.19774,70.19774,69.88701,69.95292,1013360
2017-12-29,69.91525,70.41431,69.67043,69.67985,1529917
2018-01-02,70.07533,70.21658,69.39736,70.07533,1819312
2018-01-03,70.19774,70.24482,69.40678,69.47269,1776620
2018-01-04,69.78342,71.08286,69.57627,71.05461,2663071
2018-01-05,71.18644,71.71375,70.93221,71.28060,2221385
2018-01-08,71.44068,74.10546,71.44068,72.84369,3212550
2018-01-09,72.57062,72.76836,71.51601,71.68550,3154883
2018-01-10,71.57250,71.92091,71.22411,71.67609,2719145
2018-01-11,71.75141,72.74011,71.66666,72.68362,2477115
2018-01-12,72.84369,73.49341,72.74011,73.25800,2141735
2018-01-16,73.43691,73.44633,72.15631,72.20339,2427626
2018-01-17,72.70245,73.70056,72.51412,73.57816,1643551
2018-01-18,73.77589,74.72693,73.66290,73.85123,2324399
2018-01-19,74.28437,75.18832,74.03955,75.13183,2681444
2018-01-22,75.09416,75.99812,74.76460,75.72504,2279052
2018-01-23,75.55556,76.27119,75.16007,76.14877,2752173
2018-01-24,76.43126,77.30697,76.04520,76.24294,2329178
2018-01-25,76.53484,76.67609,75.82863,76.21469,2292221
2018-01-26,76.63842,76.81733,76.10169,76.80791,2044987
2018-01-29,76.63842,77.85310,76.63842,77.73070,2778192
2018-01-30,77.48588,78.10735,76.89265,77.18456,2258237
2018-01-31,77.32580,77.82486,76.02637,76.40302,3927807
2018-02-01,75.67796,76.53484,74.05838,75.91337,3243879
2018-02-02,75.86629,76.61017,75.09416,75.22599,3391922
2018-02-05,75.53672,76.95857,74.03955,74.03955,4928848
2018-02-06,72.66478,75.23540,71.95857,74.72693,4306091
2018-02-07,74.82109,76.72317,74.43503,75.77213,3811518
2018-02-08,75.64030,76.42184,74.13371,74.15254,3502157
2018-02-09,74.90584,75.65913,72.54237,74.68926,3833608
2018-02-12,75.73447,76.97740,75.43314,75.98870,4289843
2018-02-13,75.99812,77.38230,75.67796,77.31638,2395022
2018-02-14,76.88324,78.85123,76.53484,78.80415,3085216
2018-02-15,79.07721,79.45386,78.44633,79.03955,3600286
2018-02-16,68.27683,74.14313,68.27683,70.28249,10637629
2018-02-20,70.31074,70.40490,68.49341,69.27496,4571060
2018-02-21,69.54802,71.44068,69.43503,70.15066,3657528
2018-02-22,70.29190,71.11111,70.05650,70.81921,3573524
2018-02-23,71.12053,71.36535,69.83051,71.32768,2570677
2018-02-26,71.25236,71.86441,70.64972,71.61017,2158727
2018-02-27,71.93032,72.31638,70.52731,70.52731,2426351
2018-02-28,70.73447,70.97929,70.20715,70.21658,2784776
2018-03-01,70.14124,70.52731,68.78531,69.39736,2429431
2018-03-02,68.77589,69.39736,68.35217,69.22787,3277332
2018-03-05,69.01130,69.97175,68.20151,69.27496,4667065
2018-03-06,69.69868,69.77401,68.68173,69.14313,3195983
2018-03-07,68.41808,69.45386,67.87194,69.20904,3152122
2018-03-08,68.87006,69.44444,68.20151,68.54990,2698754
2018-03-09,69.03955,69.89642,68.61582,69.29379,2451733
2018-03-12,69.37853,69.60452,68.74764,68.93597,2592873
2018-03-13,69.35970,70.05650,69.04897,69.18079,2068988
2018-03-14,69.69868,70.74388,69.69868,70.38606,2529365
2018-03-15,70.61205,70.92279,70.17891,70.35782,2731039
2018-03-16,70.34840,72.08098,70.34840,71.05461,6806995
2018-03-19,70.66855,70.83804,69.26553,69.80226,2075148
2018-03-20,70.00000,70.73447,69.75518,70.58380,1825047
2018-03-21,70.59322,70.92279,70.04708,70.26366,2032031
2018-03-22,70.00000,70.00000,68.09793,68.16384,2674222
2018-03-23,68.57816,69.67043,68.15443,68.18267,3321936
2018-03-26,69.12429,70.36723,68.88889,70.27307,2281495
2018-03-27,70.55556,70.80038,69.15254,69.42561,2172321
2018-03-28,69.67043,70.30132,69.06779,69.36912,2249635
2018-03-29,69.97175,70.73447,69.68926,69.79285,3263951
2018-04-02,69.53860,69.97175,68.04143,68.85123,1735627
2018-04-03,69.11488,69.97175,68.74764,69.93409,1930928
2018-04-04,69.35970,71.86441,69.28437,71.74200,1960452
2018-04-05,71.87383,73.07909,71.68550,72.96610,4449886
2018-04-06,72.51412,73.36158,71.13936,71.85499,2489328
2018-04-09,72.24106,72.61770,71.63842,71.67609,2346277
2018-04-10,72.32580,73.53107,72.09039,73.37099,2109026
2018-04-11,72.79661,73.67232,72.73070,73.01318,2065802
2018-04-12,73.23917,73.79472,73.01318,73.17326,1630913
2018-04-13,73.51224,74.18079,72.35405,72.71186,1683058
2018-04-16,73.02260,73.61582,72.55179,73.37099,2321213
2018-04-17,73.82298,74.34087,73.64407,74.04897,1293304
2018-04-18,74.14313,74.44444,73.38983,73.48399,1205476
2018-04-19,73.54049,73.66290,72.58004,73.23917,1366157
2018-04-20,73.26742,73.45574,72.44821,72.97552,1581743
2018-04-23,73.27683,73.76648,73.06968,73.54049,1554449
2018-04-24,73.87006,74.31261,73.12617,73.46516,2655743
2018-04-25,73.54990,74.36912,73.13559,74.04897,1933159
2018-04-26,74.03013,75.45198,73.27683,75.16949,1648861
2018-04-27,75.32957,76.94915,75.28249,76.08286,2142160
2018-04-30,76.41243,77.14690,75.95103,76.14877,3935560
2018-05-01,75.67796,76.17702,74.65160,75.75330,2058050
2018-05-02,75.36723,75.82863,74.60452,75.01883,2411271
2018-05-03,74.87759,74.87759,73.59698,73.87947,3963915
2018-05-04,73.45574,73.81356,69.58569,71.81733,4966549
2018-05-07,71.80791,72.56120,71.27119,72.00565,2580129
2018-05-08,72.24106,73.45574,71.93974,72.76836,2116247
2018-05-09,72.79661,73.74764,72.48588,73.56874,2362313
2018-05-10,73.89831,73.89831,72.56120,73.41808,1864341
2018-05-11,73.39925,73.71940,73.02260,73.38983,1556998
2018-05-14,73.55932,73.55932,72.76836,73.05085,1541705
2018-05-15,72.65536,74.19962,72.44821,73.99247,2094901
2018-05-16,74.27496,75.09416,74.04897,74.93409,2024066
2018-05-17,74.51036,75.63088,74.51036,75.29190,1992949
2018-05-18,74.71751,75.49906,74.71751,75.39548,1989976
2018-05-21,75.89454,76.62901,75.54614,76.19585,2367835
2018-05-22,76.47834,76.60075,75.66855,75.73447,1714918
2018-05-23,75.66855,76.77966,75.66855,76.53484,1709820
2018-05-24,76.51601,77.70245,76.29002,77.41055,3646589
2018-05-25,77.41055,78.08851,76.81733,76.94915,1260700
2018-05-29,76.46893,77.22222,76.31827,76.57250,1890572
2018-05-30,76.70433,77.10923,76.52542,76.97740,1814533
2018-05-31,77.09982,77.25047,76.36535,76.42184,4475374
2018-06-01,76.80791,77.10923,76.00753,76.58192,2229775
2018-06-04,77.21281,78.15443,76.78908,78.11676,2864639
2018-06-05,78.16384,78.65348,77.33522,78.39925,2679214
2018-06-06,78.55932,79.56686,78.39925,79.21845,2637265
2018-06-07,79.17137,79.62335,78.56874,78.62524,2289035
2018-06-08,78.66290,79.12429,78.43691,78.78531,2145983
2018-06-11,78.92655,79.19962,78.24859,78.44633,1970435
2018-06-12,78.59698,79.55744,78.36158,79.53860,2038721
2018-06-13,79.25612,79.59510,78.69115,78.77589,1959496
2018-06-14,78.99247,79.56686,78.79472,79.12429,1648224
2018-06-15,78.59698,79.51978,78.43691,79.45386,2966485
2018-06-18,78.86064,80.17891,78.53107,79.48211,1667128
2018-06-19,78.83239,79.13371,77.68362,78.57816,2155329
2018-06-20,79.16196,79.16196,78.06026,78.33334,1755805
2018-06-21,78.26742,78.51224,77.84369,78.09793,1622311
2018-06-22,78.23917,78.32391,76.76083,76.81733,1818781
2018-06-25,76.95857,76.95857,76.08286,76.46893,2545083
2018-06-26,76.75141,78.52166,76.75141,77.22222,2291796
2018-06-27,77.15631,77.97552,76.43126,76.44068,1524713
2018-06-28,76.73258,77.31638,76.18644,76.82674,1380919
2018-06-29,77.74953,78.22975,76.76083,76.76083,1816232
2018-07-02,76.07345,76.77966,75.76271,76.48776,1450692
2018-07-03,76.54426,77.41996,76.45010,76.73258,721735
2018-07-05,77.14690,77.17514,75.94162,76.53484,1379432
2018-07-06,76.46893,77.08098,76.15820,76.75141,1177758
2018-07-09,77.31638,78.09793,77.10923,77.54237,1650879
2018-07-10,77.52354,78.41808,77.26930,78.24859,2051784
2018-07-11,77.84369,78.91714,77.07156,78.45574,1731803
2018-07-12,79.09605,79.43503,78.27683,78.81356,1825259
2018-07-13,79.91525,80.97929,79.54802,79.88701,1757291
2018-07-16,81.63842,83.79472,81.37476,83.61582,4579025
2018-07-17,83.19209,84.02071,82.86253,83.34275,2409253
2018-07-18,83.38983,83.76648,82.63654,83.06968,2220748
2018-07-19,83.16384,84.36912,82.98493,84.03013,3359106
2018-07-20,86.62901,88.05085,85.69680,87.51412,4651879
2018-07-23,87.90961,88.04143,86.56309,86.88324,3036683
2018-07-24,87.09982,87.41996,86.06403,86.13936,2230412
2018-07-25,85.84746,87.07156,85.16949,87.00565,2596590
2018-07-26,87.09982,88.95480,86.93032,88.32391,2595316
2018-07-27,87.98493,88.41808,86.47834,86.60075,2602431
2018-07-30,86.61958,86.61958,85.85687,86.25236,2028526
2018-07-31,86.83616,87.02448,85.95103,86.69492,2694931
2018-08-01,85.91337,86.54426,85.59322,85.96987,1921795
2018-08-02,86.09228,87.29755,85.51789,86.72317,3486227
2018-08-03,86.88324,87.41996,86.45010,87.04331,2779254
2018-08-06,87.19398,88.29567,86.56309,88.23917,2838195
2018-08-07,88.27683,88.70998,87.87194,88.41808,2620697
2018-08-08,88.65348,89.31261,88.43691,89.08663,1345342
2018-08-09,89.21845,90.35782,89.15254,89.97175,1593425
2018-08-10,89.79285,91.33710,89.68926,90.66855,2928465
2018-08-13,90.39548,90.41431,85.94162,87.40113,5637308
2018-08-14,87.73070,88.88889,87.19398,88.50282,2988680
2018-08-15,87.51412,87.96610,86.69492,86.93974,2361782
2018-08-16,86.96799,87.12806,85.65913,85.80979,3391285
2018-08-17,85.78155,86.62901,85.69680,86.28060,1785965
2018-08-20,86.64783,87.57062,86.33710,87.43880,2833416
2018-08-21,87.43880,88.11676,86.77025,86.93974,1789045
2018-08-22,86.67609,87.22222,86.29944,86.34652,1816339
2018-08-23,86.29944,86.72317,85.68739,85.98870,1671482
2018-08-24,85.88512,86.47834,85.79096,86.41243,2004525
2018-08-27,86.85499,87.31638,86.46893,87.15631,1475649
2018-08-28,87.57062,88.23917,87.15631,88.12617,1910219
2018-08-29,87.75894,88.12617,87.15631,87.81544,1610204
2018-08-30,87.64595,87.64595,85.52731,85.89454,1661605
2018-08-31,86.19585,86.86441,85.96987,86.75141,1940062
2018-09-04,86.50659,86.94915,85.99812,86.51601,1791806
2018-09-05,86.10169,86.41243,84.97175,85.77213,3926108
2018-09-06,85.90395,86.49718,85.78155,85.96045,2760669
2018-09-07,85.16007,85.64972,84.10546,84.22787,2284256
2018-09-10,84.28437,85.12241,84.28437,84.82109,3175274
2018-09-11,84.84934,85.32957,84.60452,84.74577,3776897
2018-09-12,84.42561,84.93409,84.07721,84.41620,2013977
2018-09-13,84.83051,86.21469,84.62335,85.88512,2377075
2018-09-14,87.54237,87.54237,85.45198,85.84746,2318665
2018-09-17,85.68739,86.16761,85.41431,85.82863,2219155
2018-09-18,86.85499,87.28814,86.54426,86.94915,1872837
2018-09-19,86.80791,86.93974,85.88512,86.36535,1498057
2018-09-20,86.28060,87.01507,86.01695,86.49718,1580575
2018-09-21,86.77025,87.41055,86.49718,86.85499,3484953
2018-09-24,86.70433,86.85499,85.57439,85.91337,1758672
2018-09-25,86.47834,86.49718,85.51789,85.65913,1571229
2018-09-26,85.49906,87.87194,85.28249,87.17514,2491452
2018-09-27,87.19398,88.38983,87.19398,87.68362,1415752
2018-09-28,87.57062,88.61582,87.57062,87.99435,1978718
2018-10-01,88.29567,88.95480,87.87194,87.96610,1699731
2018-10-02,88.32391,88.62524,87.45763,87.62712,4188422
2018-10-03,88.15443,88.75706,87.86253,88.32391,3576604
2018-10-04,88.16384,88.22034,85.82863,86.11111,3845608
2018-10-05,86.10169,86.72317,85.29190,86.12994,2138868
2018-10-08,85.60264,87.17514,85.30132,86.99623,2510780
2018-10-09,86.97740,87.94727,86.61958,87.17514,2834372
2018-10-10,87.01507,87.01507,81.10169,81.20528,3455748
2018-10-11,81.16761,82.62712,79.73634,80.48022,4727068
2018-10-12,81.94915,82.86253,81.51601,82.32580,2727004
2018-10-15,82.22222,83.05085,81.92091,82.49529,2168285
2018-10-16,82.69303,84.51036,82.58945,84.41620,2122088
2018-10-17,84.68926,84.73634,83.29567,84.06779,2753554
2018-10-18,84.02071,84.05838,81.41243,82.00565,3390754
2018-10-19,79.08663,80.92279,73.19209,73.22034,7649798
2018-10-22,73.40866,74.67043,72.19398,73.06968,4131392
2018-10-23,72.31638,73.69115,71.01695,73.17326,3702451
2018-10-24,74.47269,74.74577,72.58004,72.69303,3869928
2018-10-25,73.02260,75.11299,72.89077,74.74577,4133410
2018-10-26,73.97363,75.36723,73.10735,74.67985,3302289
2018-10-29,75.70621,77.23164,75.65913,76.34652,3575435
2018-10-30,76.93974,77.74953,76.18644,77.65536,3002274
2018-10-31,78.54990,79.31261,78.00377,78.04143,3177079
2018-11-01,77.90018,80.39548,77.48588,80.15066,1950575
2018-11-02,80.71563,81.64783,79.08663,80.40490,1923388
2018-11-05,80.61205,81.76083,79.55744,81.41243,1919459
2018-11-06,81.06403,81.12053,79.55744,80.47081,2128885
2018-11-07,80.47081,81.28060,79.76460,81.15820,2149913
2018-11-08,81.02637,81.62901,79.80226,81.55367,2504727
2018-11-09,81.06403,81.39360,78.97363,79.24670,2674010
2018-11-12,79.40678,80.46140,78.52166,78.71940,1907246
2018-11-13,78.49341,79.87759,78.24859,78.63465,1359466
2018-11-14,79.57627,80.96045,78.66290,78.96422,1474375
2018-11-15,77.85310,79.58569,76.82674,79.16196,2269069
2018-11-16,78.72881,78.72881,77.09982,77.48588,2544764
2018-11-19,77.22222,77.71186,74.68926,75.33898,2082794
2018-11-20,73.74764,75.13183,73.23917,73.90772,2405961
2018-11-21,74.65160,75.24482,73.97363,74.86817,1781930
2018-11-23,74.42561,75.18832,74.02071,74.35970,771224
2018-11-26,75.08475,76.13936,75.01883,75.81921,1994224
2018-11-27,75.32957,75.54614,73.74764,74.40678,2543809
2018-11-28,74.66102,75.54614,74.32204,75.42373,2781272
2018-11-29,75.52731,75.77213,73.95480,74.82109,2935368
2018-11-30,74.17137,76.73258,74.17137,76.54426,4460188
2018-12-03,77.58004,78.77589,77.42938,78.18267,2710543
2018-12-04,78.13559,78.65348,75.46140,75.64972,2497081
2018-12-06,74.50094,75.33898,72.83427,75.28249,2537330
2018-12-07,74.69868,74.89642,70.93221,71.56309,4902192
2018-12-10,71.26177,72.41055,70.52731,71.87383,4185767
2018-12-11,72.56120,73.50282,71.26177,71.70433,1771947
2018-12-12,72.43880,73.27683,72.09982,72.17514,2165737
2018-12-13,72.43880,72.75894,71.42184,71.77025,2159365
2018-12-14,71.12053,72.59887,70.48964,70.76271,1803913
2018-12-17,69.99059,70.28249,68.35217,68.78531,2695356
2018-12-18,69.55744,70.73447,68.88889,69.47269,2720419
2018-12-19,69.48211,70.14124,67.21281,67.64595,2730721
2018-12-20,67.34464,68.43691,65.16007,65.96045,3878318
2018-12-21,66.02637,67.77778,65.17891,65.79096,4530598
2018-12-24,65.57439,65.68739,63.38983,63.38983,1620081
2018-12-26,63.57816,65.67796,63.25800,65.67796,3569488
2018-12-27,65.16007,66.32768,63.87006,66.30885,2699392
2018-12-28,66.68550,67.53296,65.77213,66.45010,1952806
2018-12-31,66.72317,67.43880,66.44068,67.17514,1623267
2019-01-02,65.87571,67.53296,65.49906,67.18456,1997834
2019-01-03,66.81733,66.81733,65.03767,65.20715,2412014
2019-01-04,65.93221,67.80602,65.90395,67.44821,2145134
2019-01-07,67.59887,69.26553,67.41055,68.71940,1924132
2019-01-08,69.59510,70.25423,68.79472,70.25423,2492514
2019-01-09,70.49906,71.25236,70.06591,70.40490,2003144
2019-01-10,69.10546,69.56686,68.22034,69.34087,1729255
2019-01-11,68.63465,68.83239,66.94915,67.28814,3033922
2019-01-14,66.64783,67.85310,66.16761,67.44821,3603366
2019-01-15,67.55179,68.38983,67.24106,67.85310,2042014
2019-01-16,67.49529,68.04143,67.21281,67.72128,2094583
2019-01-17,67.48588,69.00188,67.40113,68.98305,3988978
2019-01-18,77.41996,79.46328,75.32957,77.53296,6671378
2019-01-22,77.40113,78.42750,76.38418,76.99623,5227270
2019-01-23,77.32580,78.26742,76.86441,78.05085,3879167
2019-01-24,77.96610,78.54049,77.30697,78.47458,3314183
2019-01-25,79.24670,79.89642,78.44633,78.62524,2296363
2019-01-28,78.12617,78.90772,77.65536,78.81356,3179309
2019-01-29,78.93597,79.65160,78.44633,79.17137,3158069
2019-01-30,79.34087,79.94350,78.64407,79.67043,2295725
2019-01-31,79.67043,80.03767,78.59698,79.25612,3481873
2019-02-01,79.27496,79.36912,78.23917,79.31261,2013764
2019-02-04,79.09605,80.09416,78.66290,80.09416,2237846
2019-02-05,80.70621,81.29002,80.36723,80.73447,2815787
2019-02-06,80.97929,81.48776,80.03767,81.42184,1563795
2019-02-07,80.57439,81.10169,80.02825,81.01695,2084281
2019-02-08,80.74388,81.25236,80.48022,80.77213,3916019
2019-02-11,80.88512,81.01695,80.27307,80.49906,1592150
2019-02-12,80.84746,81.67609,80.59322,81.58192,2015570
2019-02-13,81.92091,82.07156,81.00753,81.43126,1043840
2019-02-14,80.69680,81.22411,80.00941,80.95103,1236274
2019-02-15,81.60075,82.19398,81.44068,81.82674,1981692
2019-02-19,81.28060,81.93974,81.00753,81.66666,1927318
2019-02-20,81.50659,81.65725,81.00753,81.32768,1721077
2019-02-21,81.25236,81.41243,80.56497,80.79096,2258874
2019-02-22,81.20528,81.90207,81.17702,81.45010,1845437
2019-02-25,81.92091,82.56120,81.47834,81.89265,2786476
2019-02-26,81.90207,82.50471,81.86441,82.23164,1517810
2019-02-27,82.08098,82.71186,81.65725,82.60828,1515155
2019-02-28,82.63654,82.81544,82.08098,82.25989,1470764
2019-03-01,83.12617,83.64407,81.58192,82.18456,1531298
2019-03-04,82.32580,82.45763,80.62147,80.83804,1326438
2019-03-05,81.10169,81.49718,80.48022,80.51789,1261231
2019-03-06,80.74388,81.20528,80.06591,80.41431,948260
2019-03-07,79.96233,80.07533,79.34087,80.03767,2104884
2019-03-08,79.53860,79.99059,77.93785,79.29379,1841933
2019-03-11,79.44444,80.35782,79.38795,80.15066,1996241
2019-03-12,80.41431,80.66855,79.54802,79.83051,1506447
2019-03-13,80.01883,80.77213,79.57627,80.08475,2065271
2019-03-14,80.15066,80.28249,79.42561,79.98117,1275993
2019-03-15,79.97175,80.37665,79.03013,79.83051,4689898
2019-03-18,80.08475,81.07345,79.68926,81.03578,2271830
2019-03-19,81.26177,81.94915,80.83804,81.45951,2251759
2019-03-20,81.30885,81.45010,79.66102,79.96233,1991038
2019-03-21,80.00941,81.05461,79.79285,80.82863,1196980
2019-03-22,80.19774,80.44256,78.82298,78.83239,1554874
2019-03-25,78.87947,79.71751,78.45574,79.57627,1455471
2019-03-26,80.31074,80.63088,79.61394,80.04708,1135172
2019-03-27,80.37665,80.81921,79.65160,80.33898,1259744
2019-03-28,82.26930,83.29567,81.72317,82.07156,1705041
2019-03-29,82.18456,82.58004,81.43126,81.83616,1597036
2019-04-01,82.51412,82.56120,81.68550,82.23164,1788620
2019-04-02,81.81733,82.37288,81.26177,81.72317,1821011
2019-04-03,82.20339,82.39172,81.78908,82.34464,1569742
2019-04-04,82.58945,84.35970,82.36346,84.32204,1464710
2019-04-05,84.39736,84.69868,83.68173,83.96422,2015357
2019-04-08,84.29379,85.01883,83.68173,84.58569,2176994
2019-04-09,84.15254,84.62335,83.30508,83.51224,1726175
2019-04-10,83.58757,84.22787,83.48399,84.13371,1475543
2019-04-11,84.40678,84.67985,83.70056,84.08663,1161616
2019-04-12,84.22787,85.47081,84.09605,85.41431,1828339
2019-04-15,85.56497,86.05461,85.41431,85.87571,1521952
2019-04-16,85.87571,88.13559,85.71563,87.87194,5684036
2019-04-17,87.95669,90.10358,87.95669,89.92467,5608741
2019-04-18,89.74577,90.58380,89.03955,89.97175,2500373
2019-04-22,89.51036,90.32015,88.96422,89.31261,1815277
2019-04-23,89.31261,89.49152,88.30508,89.06779,2031925
2019-04-24,89.19021,89.71751,88.52166,89.19962,1603832
2019-04-25,89.21845,89.36912,88.01318,88.52166,1646631
2019-04-26,88.90772,89.05838,87.58945,89.00188,1287675
2019-04-29,88.74764,89.35028,88.38042,88.97363,1668614
2019-04-30,88.59698,89.01130,88.14501,88.89831,1909051
2019-05-01,88.87006,88.98305,87.55179,87.58004,1158217
2019-05-02,88.02260,88.74764,87.55179,88.40866,2162869
2019-05-03,88.98305,89.84934,88.77589,89.80226,1752619
2019-05-06,88.50282,88.64407,87.77778,88.38042,2054333
2019-05-07,87.68362,88.62524,87.49529,88.17326,1722245
2019-05-08,88.22034,88.88889,87.66478,88.24859,1487012
2019-05-09,88.01318,88.76648,87.03390,88.54990,1469277
2019-05-10,88.21092,88.33334,85.77213,87.48588,1978612
2019-05-13,85.92279,86.36535,84.62335,84.85876,2280008
2019-05-14,85.10358,85.53672,83.92655,85.07533,2246767
2019-05-15,84.40678,85.82863,84.06779,85.40490,1410761
2019-05-16,85.68739,86.78908,85.53672,85.96987,1560503
2019-05-17,85.62147,86.33710,85.27307,85.49906,1728724
2019-05-20,84.87759,85.76271,84.45386,85.32015,2020455
2019-05-21,85.64030,87.29755,85.00941,86.72317,2785626
2019-05-22,80.70621,85.28249,80.47081,85.05650,5110663
2019-05-23,85.01000,85.86000,83.52000,84.09000,3234100
2019-05-24,84.94000,85.19000,83.29000,84.04000,2645300
2019-05-28,84.50000,84.53000,82.68000,82.75000,2725700
2019-05-29,82.00000,82.91000,81.16000,82.23000,2486900
2019-05-30,81.91000,82.83000,81.05000,82.73000,2114000
2019-05-31,81.59000,82.24000,80.76000,81.88000,2605400
2019-06-03,81.85000,83.75000,81.55000,82.96000,1813800
2019-06-04,83.58000,85.18000,83.42000,85.10000,1859100
2019-06-05,85.64000,86.20000,84.58000,85.74000,1223500
2019-06-06,85.56000,85.62000,83.96000,84.46000,2116000
2019-06-07,84.53000,84.92000,84.03000,84.71000,1297400
2019-06-10,85.28000,86.49000,85.24000,85.69000,1279900
2019-06-11,86.09000,86.73000,85.35000,85.48000,918500
2019-06-12,85.66000,86.06000,84.66000,84.77000,1192000
2019-06-13,85.48000,86.98000,85.48000,86.83000,1418200
2019-06-14,86.89000,87.52000,86.33000,87.26000,1220900
2019-06-17,87.17000,87.95000,87.08000,87.18000,1318700
2019-06-18,87.79000,88.64000,87.50000,88.30000,1827800
2019-06-19,88.40000,88.99000,87.91000,88.35000,1143200
2019-06-20,89.00000,89.19000,88.16000,88.61000,1712900
2019-06-21,89.09000,89.28000,88.01000,88.37000,2884400
2019-06-24,88.24000,88.81000,87.70000,87.85000,1394300
2019-06-25,87.77000,88.11000,85.33000,85.41000,1588200
2019-06-26,85.66000,86.29000,85.42000,85.70000,1360000
2019-06-27,86.36000,86.81000,85.81000,86.70000,1244400
2019-06-28,86.78000,88.16000,86.71000,87.35000,5908400
2019-07-01,88.37000,89.11000,87.69000,88.33000,1286200
2019-07-02,88.15000,88.37000,86.40000,86.72000,1334000
2019-07-03,87.08000,88.19000,86.91000,87.94000,975300
2019-07-05,87.58000,87.88000,86.89000,87.81000,961900
2019-07-08,87.43000,88.50000,86.21000,88.36000,1173200
2019-07-09,87.93000,88.15000,86.58000,86.76000,1200000
2019-07-10,86.86000,87.22000,86.43000,86.84000,1085500
2019-07-11,86.90000,87.94000,86.59000,87.87000,1157400
2019-07-12,88.57000,89.16000,88.26000,88.88000,1528300
2019-07-15,89.06000,89.10000,87.79000,88.44000,1176500
2019-07-16,88.48000,88.69000,88.12000,88.31000,1433000
2019-07-17,87.96000,88.08000,86.35000,86.44000,1441800
2019-07-18,86.58000,87.28000,86.19000,87.16000,1748600
2019-07-19,88.02000,88.58000,87.28000,87.34000,2413300
2019-07-22,87.97000,88.00000,86.83000,86.84000,1388600
2019-07-23,87.43000,88.27000,86.96000,88.27000,1820300
2019-07-24,90.33000,91.54000,86.44000,89.33000,4663800
2019-07-25,89.12000,90.42000,88.20000,89.34000,2548700
2019-07-26,89.71000,89.79000,88.45000,88.61000,1572500
2019-07-29,88.50000,88.83000,87.47000,88.33000,1157900
2019-07-30,87.97000,88.70000,86.77000,88.16000,917300
2019-07-31,88.08000,88.27000,86.72000,87.39000,1662900
2019-08-01,87.50000,87.62000,82.23000,83.37000,2511100
2019-08-02,83.47000,83.83000,82.32000,82.78000,2022800
2019-08-05,81.24000,81.65000,79.97000,80.46000,2384200
2019-08-06,80.86000,81.84000,80.39000,81.64000,1585000
2019-08-07,80.84000,81.91000,80.00000,81.73000,1705300
2019-08-08,82.30000,83.67000,81.93000,83.65000,1289700
2019-08-09,83.40000,83.79000,82.13000,82.74000,1570800
2019-08-12,82.17000,82.29000,80.94000,81.93000,1409700
2019-08-13,81.38000,84.74000,81.15000,82.78000,1608300
2019-08-14,81.03000,81.38000,79.36000,79.40000,1909600
2019-08-15,79.91000,79.91000,76.77000,77.48000,2462400
2019-08-16,78.18000,79.02000,77.78000,78.78000,1291100
2019-08-19,80.17000,80.19000,79.11000,79.99000,1312400
2019-08-20,79.71000,80.10000,79.51000,79.90000,1390900
2019-08-21,80.76000,81.24000,80.32000,81.01000,1113200
2019-08-22,81.50000,81.69000,80.08000,81.01000,1193700
2019-08-23,80.22000,80.74000,77.95000,78.35000,1475300
2019-08-26,79.30000,79.80000,78.79000,79.69000,1069200
2019-08-27,80.42000,80.42000,79.23000,79.56000,1048100
2019-08-28,79.07000,81.26000,79.07000,81.21000,1140500
2019-08-29,82.43000,83.62000,82.27000,83.30000,1788300
2019-08-30,83.25000,83.61000,81.90000,81.95000,1490700
2019-09-03,81.31000,81.84000,80.25000,80.95000,1420800
2019-09-04,81.80000,82.47000,81.31000,82.11000,1887900
2019-09-05,83.44000,86.55000,83.28000,86.51000,1964100
2019-09-06,86.80000,87.78000,86.80000,87.61000,1665900
2019-09-09,87.60000,89.67000,86.70000,89.63000,2312500
2019-09-10,89.25000,90.00000,88.83000,89.82000,1743400
2019-09-11,90.00000,90.95000,88.03000,90.82000,2179700
2019-09-12,91.00000,91.28000,89.75000,90.35000,1809900
2019-09-13,91.12000,91.36000,89.95000,90.30000,1492200
2019-09-16,89.75000,90.01000,88.14000,88.42000,1111000
2019-09-17,87.98000,87.98000,86.47000,87.92000,1775800
2019-09-18,87.88000,87.88000,86.57000,87.59000,1318500
2019-09-19,87.50000,87.92000,86.95000,87.06000,1365700
2019-09-20,87.61000,87.73000,85.67000,85.67000,2502600
2019-09-23,85.41000,87.80000,85.41000,87.60000,1175300
2019-09-24,88.01000,88.05000,85.75000,86.44000,1879100
2019-09-25,87.33000,88.11000,86.67000,87.02000,1478000
2019-09-26,87.22000,88.12000,87.02000,88.07000,1597700
2019-09-27,88.71000,89.60000,87.91000,88.79000,1657300
2019-09-30,88.96000,89.36000,88.65000,88.99000,1517300
2019-10-01,89.06000,89.73000,88.42000,89.01000,2253600
2019-10-02,88.37000,88.45000,86.67000,86.71000,2827600
2019-10-03,86.59000,87.19000,85.15000,87.17000,1239900
2019-10-04,87.42000,88.94000,87.40000,88.69000,2196900
2019-10-07,88.30000,89.06000,87.80000,88.30000,1121700
2019-10-08,87.38000,88.01000,86.62000,86.97000,1348800
2019-10-09,87.95000,88.74000,87.39000,88.45000,955700
2019-10-10,88.64000,89.38000,88.33000,88.62000,1098300
2019-10-11,89.92000,91.81000,89.71000,90.89000,1520000
2019-10-14,90.52000,91.17000,90.03000,90.94000,851000
2019-10-15,91.09000,91.63000,90.80000,91.52000,1192200
2019-10-16,91.38000,91.79000,91.08000,91.36000,1123900
2019-10-17,91.88000,91.88000,91.09000,91.54000,1447800
2019-10-18,91.08000,93.10000,90.83000,92.47000,1568800
2019-10-21,93.13000,93.61000,92.53000,93.42000,3002500
2019-10-22,93.64000,93.88000,92.57000,93.16000,2117200
2019-10-23,93.29000,93.33000,91.45000,91.49000,1782300
2019-10-24,91.98000,91.98000,89.76000,90.82000,1841800
2019-10-25,84.90000,85.83000,81.49000,84.15000,7369500
2019-10-28,84.70000,84.87000,83.08000,83.45000,3127800
2019-10-29,83.06000,83.20000,81.08000,81.18000,3046100
2019-10-30,81.37000,82.76000,81.29000,82.33000,2201200
2019-10-31,81.88000,83.00000,81.60000,82.29000,2956600
2019-11-01,83.11000,83.67000,82.65000,82.89000,2147400
2019-11-04,83.56000,84.99000,83.33000,84.80000,2954600
2019-11-05,84.84000,86.39000,84.60000,86.20000,3066700
2019-11-06,86.34000,86.57000,85.32000,86.11000,2359900
2019-11-07,86.89000,88.33000,86.26000,86.41000,2335600
2019-11-08,86.19000,87.09000,86.15000,87.07000,1682000
2019-11-11,86.32000,86.87000,86.12000,86.40000,1726300
2019-11-12,86.40000,86.76000,84.56000,84.72000,2414500
2019-11-13,84.79000,86.02000,83.91000,85.76000,2102900
2019-11-14,85.62000,86.71000,85.42000,85.84000,1694800
2019-11-15,86.39000,87.01000,85.77000,86.88000,1557600
2019-11-18,86.65000,87.58000,86.54000,87.24000,2417500
2019-11-19,86.96000,87.25000,85.61000,86.33000,2003500
2019-11-20,86.57000,86.57000,85.25000,85.50000,1253400
2019-11-21,85.59000,85.93000,84.78000,84.80000,1479600
2019-11-22,85.29000,86.63000,84.84000,86.51000,1390700
2019-11-25,87.33000,87.34000,86.09000,86.55000,2026500
2019-11-26,86.28000,87.86000,85.73000,87.65000,3464500
2019-11-27,88.00000,89.18000,87.99000,89.05000,1516900
2019-11-29,88.90000,89.28000,88.17000,88.54000,706600
2019-12-02,88.84000,88.84000,87.29000,87.99000,1663700
2019-12-03,87.07000,87.07000,85.49000,85.99000,2000400
2019-12-04,86.37000,88.32000,86.30000,88.04000,1309600
2019-12-05,88.60000,89.34000,88.27000,89.19000,1080000
2019-12-06,89.80000,90.79000,89.68000,90.42000,1603600
2019-12-09,89.84000,90.98000,89.57000,90.85000,1603400
2019-12-10,90.17000,91.38000,90.17000,90.27000,1956900
2019-12-11,91.30000,92.00000,90.64000,91.66000,2933500
2019-12-12,91.94000,93.59000,91.59000,93.36000,2468400
2019-12-13,92.94000,93.40000,91.93000,93.15000,1758100
2019-12-16,93.73000,94.51000,93.08000,94.04000,1891700
2019-12-17,94.22000,95.20000,93.85000,95.02000,2213100
2019-12-18,95.22000,96.52000,95.13000,96.50000,2170600
2019-12-19,96.50000,96.97000,96.20000,96.90000,2029400
2019-12-20,97.83000,98.04000,96.77000,97.24000,4825300
2019-12-23,97.55000,98.44000,97.23000,98.35000,1831600
2019-12-24,98.55000,99.14000,98.35000,98.90000,678900
2019-12-26,98.90000,99.42000,98.80000,99.40000,1179600
2019-12-27,100.00000,100.19000,99.64000,99.96000,1308600
2019-12-30,99.86000,100.23000,99.32000,99.56000,1694600
2019-12-31,99.36000,99.77000,99.13000,99.66000,1694100
2020-01-02,99.67000,100.25000,99.48000,100.23000,2555100
2020-01-03,98.90000,99.94000,98.76000,99.60000,1966200
2020-01-06,99.00000,99.43000,98.60000,99.21000,1967600
2020-01-07,99.17000,99.97000,98.56000,98.72000,1766100
2020-01-08,98.00000,98.18000,96.81000,97.04000,2980000
2020-01-09,97.14000,97.34000,95.48000,95.78000,2582000
2020-01-10,96.18000,96.42000,94.91000,95.06000,2499800
2020-01-13,95.32000,96.22000,95.20000,95.93000,1992600
2020-01-14,96.00000,97.32000,95.75000,96.53000,1704100
2020-01-15,96.44000,96.89000,95.27000,95.71000,1491100
2020-01-16,96.40000,96.63000,95.00000,95.13000,3285300
2020-01-17,94.65000,94.77000,93.45000,94.27000,4608100
2020-01-21,94.07000,94.98000,93.84000,94.63000,2661000
2020-01-22,94.61000,95.15000,94.26000,94.57000,2245600
2020-01-23,87.80000,88.75000,84.88000,85.41000,9031700
2020-01-24,85.76000,86.13000,84.08000,84.53000,4766300
2020-01-27,82.79000,83.82000,82.24000,82.51000,4136800
2020-01-28,82.97000,83.79000,82.29000,83.63000,4187400
2020-01-29,83.91000,84.40000,83.66000,84.06000,4054000
2020-01-30,83.96000,84.61000,83.26000,84.56000,4023900
2020-01-31,84.13000,84.24000,82.85000,82.97000,3498500
2020-02-03,83.30000,84.55000,82.86000,82.91000,3163500
2020-02-04,84.11000,84.93000,83.86000,83.95000,3143800
2020-02-05,84.37000,85.12000,83.83000,84.60000,2324200
2020-02-06,84.94000,85.33000,84.01000,84.08000,2328400
2020-02-07,83.35000,84.10000,82.87000,82.96000,1954700
2020-02-10,82.83000,83.61000,82.63000,83.33000,2011000
2020-02-11,83.00000,83.55000,82.70000,82.96000,2011600
2020-02-12,83.58000,84.36000,83.24000,83.93000,2233100
2020-02-13,83.53000,84.26000,83.16000,84.05000,1672900
2020-02-14,84.28000,84.40000,83.10000,83.66000,1812200
2020-02-18,83.30000,83.77000,82.48000,82.67000,3911600
2020-02-19,82.98000,83.76000,82.67000,83.40000,2323400
2020-02-20,83.45000,84.10000,82.60000,83.99000,2701300
2020-02-21,83.51000,84.11000,82.87000,83.72000,2529500
2020-02-24,80.75000,82.60000,80.60000,81.83000,2964700
2020-02-25,82.18000,82.31000,77.04000,77.24000,3876200
2020-02-26,77.60000,78.83000,76.37000,76.39000,3554500
2020-02-27,74.91000,76.75000,73.20000,73.20000,4158300
2020-02-28,71.09000,73.11000,70.00000,72.00000,7248400
2020-03-02,72.50000,74.76000,70.76000,74.65000,5197200
2020-03-03,74.87000,76.14000,70.80000,71.51000,5683200
2020-03-04,72.36000,74.40000,70.79000,74.31000,3392500
2020-03-05,73.07000,73.07000,70.54000,71.57000,3251100
2020-03-06,69.47000,71.68000,68.68000,70.13000,3433000
2020-03-09,65.09000,65.45000,62.02000,62.39000,3356700
2020-03-10,64.52000,65.23000,60.87000,65.16000,3563200
2020-03-11,63.26000,64.68000,62.18000,62.72000,4547900
2020-03-12,59.00000,60.02000,53.19000,55.35000,4128800
2020-03-13,58.10000,59.63000,54.95000,59.54000,3136300
2020-03-16,53.77000,58.08000,51.25000,55.72000,4363200
2020-03-17,56.59000,62.70000,54.45000,60.68000,4618100
2020-03-18,55.72000,57.57000,52.25000,57.30000,4013900
2020-03-19,54.79000,58.54000,53.05000,57.08000,5305600
2020-03-20,57.56000,58.18000,51.59000,52.78000,4461900
2020-03-23,50.67000,51.94000,45.07000,45.99000,4546900
2020-03-24,48.96000,52.97000,48.18000,52.43000,3026400
2020-03-25,53.16000,60.39000,52.02000,58.05000,3709000
2020-03-26,58.09000,62.44000,57.64000,61.93000,3228500
2020-03-27,57.87000,59.45000,57.02000,57.79000,2568800
2020-03-30,57.83000,60.41000,57.05000,59.75000,2829700
2020-03-31,59.06000,59.60000,53.74000,54.08000,3254500
2020-04-01,51.12000,51.74000,47.94000,48.68000,3775200
2020-04-02,48.19000,50.84000,47.80000,49.12000,3393000
2020-04-03,48.70000,49.77000,48.12000,48.88000,3672300
2020-04-06,51.27000,55.57000,51.25000,54.67000,3562800
2020-04-07,57.94000,59.25000,56.15000,56.34000,4103600
2020-04-08,57.23000,58.98000,56.05000,57.99000,3090000
2020-04-09,59.44000,60.47000,58.16000,59.21000,3280900
2020-04-13,59.20000,59.20000,57.23000,57.50000,1861000
2020-04-14,58.90000,59.97000,58.51000,59.57000,2148400
2020-04-15,57.62000,57.78000,55.68000,55.85000,1716000
2020-04-16,55.94000,56.06000,53.75000,54.85000,2114200
2020-04-17,57.05000,58.99000,56.96000,57.50000,3372200
2020-04-20,56.35000,57.56000,55.52000,55.83000,1700000
2020-04-21,53.50000,54.66000,52.50000,53.34000,3697900
2020-04-22,54.40000,55.13000,53.85000,54.27000,1885500
2020-04-23,54.09000,55.52000,53.80000,54.35000,1656800
2020-04-24,54.86000,55.47000,54.11000,54.57000,2573900
2020-04-27,55.43000,58.16000,55.03000,57.71000,2592500
2020-04-28,59.27000,61.18000,58.71000,59.50000,2726400
2020-04-29,61.50000,63.24000,59.98000,60.28000,2819700
2020-04-30,59.35000,59.82000,57.72000,58.10000,4254000
2020-05-01,56.56000,56.69000,55.02000,55.43000,2242000
2020-05-04,54.48000,55.91000,54.04000,55.72000,3507800
2020-05-05,56.64000,57.18000,55.51000,55.66000,2314900
2020-05-06,55.75000,56.36000,54.83000,56.02000,2938600
2020-05-07,56.71000,58.70000,56.70000,57.28000,2587100
2020-05-08,58.44000,59.21000,58.09000,58.23000,2020100
2020-05-11,57.47000,58.04000,56.04000,57.30000,1742900
2020-05-12,57.61000,57.96000,55.50000,55.79000,1939700
2020-05-13,55.20000,55.38000,52.10000,52.76000,3217400
2020-05-14,51.96000,55.52000,50.72000,55.44000,3805700
2020-05-15,52.91000,54.56000,51.47000,51.96000,6502200
2020-05-18,55.07000,57.31000,54.77000,56.45000,3027200
2020-05-19,56.58000,56.75000,54.71000,54.84000,3632900
2020-05-20,55.79000,56.69000,55.67000,55.98000,2515800
2020-05-21,55.70000,56.82000,55.21000,56.29000,3369500
2020-05-22,56.53000,56.74000,54.46000,55.64000,2076800
2020-05-26,57.91000,60.51000,57.77000,59.82000,3060100
2020-05-27,61.39000,63.30000,61.05000,62.18000,2800500
2020-05-28,62.68000,62.95000,58.66000,58.79000,3062200
2020-05-29,57.84000,58.22000,55.52000,56.10000,4086800
2020-06-01,56.18000,58.50000,55.85000,58.07000,2922700
2020-06-02,58.75000,59.58000,58.46000,59.35000,7396800
2020-06-03,60.46000,64.21000,60.14000,64.00000,5531900
2020-06-04,63.60000,64.73000,62.83000,64.09000,3260400
2020-06-05,68.71000,71.25000,67.92000,68.31000,3576700
2020-06-08,69.09000,69.75000,66.92000,68.07000,3609700
2020-06-09,66.43000,66.43000,64.10000,64.45000,2466100
2020-06-10,63.85000,65.17000,62.75000,63.58000,2875900
2020-06-11,60.80000,61.19000,59.51000,59.80000,3287300
2020-06-12,61.76000,62.04000,58.60000,61.25000,3657900
2020-06-15,59.18000,63.44000,58.46000,63.12000,4267400
2020-06-16,66.37000,66.76000,64.17000,65.97000,4208500
2020-06-17,66.14000,66.29000,63.52000,63.61000,3108800
2020-06-18,63.01000,64.79000,62.72000,63.50000,2287200
2020-06-19,64.89000,65.02000,62.20000,63.29000,7135400
2020-06-22,62.54000,63.10000,61.48000,62.60000,2189800
2020-06-23,63.83000,64.07000,62.30000,62.69000,1955300
2020-06-24,61.52000,61.91000,58.69000,59.03000,2400800
2020-06-25,58.50000,60.08000,58.35000,59.81000,2121300
2020-06-26,59.62000,59.62000,56.70000,57.14000,8854000
2020-06-29,57.72000,60.70000,57.51000,60.36000,3108600
2020-06-30,59.92000,61.11000,59.10000,60.94000,2651000
2020-07-01,61.21000,62.33000,60.43000,60.60000,2279800
2020-07-02,62.06000,63.21000,61.42000,61.58000,1833200
2020-07-06,62.76000,63.41000,61.70000,62.99000,1805400
2020-07-07,62.00000,62.11000,59.67000,59.83000,1979300
2020-07-08,59.84000,60.69000,59.05000,60.68000,2173400
2020-07-09,60.43000,60.48000,58.18000,58.27000,2774600
2020-07-10,58.56000,60.76000,58.35000,60.74000,1776700
2020-07-13,61.33000,61.42000,59.32000,60.05000,1965800
2020-07-14,59.81000,61.16000,59.53000,60.24000,1507100
2020-07-15,61.62000,62.74000,61.41000,62.66000,1978600
2020-07-16,62.05000,63.60000,61.85000,62.32000,1897800
2020-07-17,62.46000,62.46000,59.70000,59.72000,1920000
2020-07-20,59.16000,59.98000,57.91000,57.93000,2361600
2020-07-21,58.52000,60.32000,58.02000,59.67000,2407400
2020-07-22,59.45000,60.21000,59.06000,59.69000,1571500
2020-07-23,59.47000,61.08000,59.47000,60.14000,1607800
2020-07-24,60.81000,61.14000,59.70000,59.90000,1605000
2020-07-27,59.60000,60.89000,59.34000,60.82000,1471000
2020-07-28,60.37000,61.49000,60.37000,60.81000,1263900
2020-07-29,60.85000,62.22000,60.67000,61.91000,1124600
2020-07-30,60.95000,61.11000,60.00000,60.50000,1908500
2020-07-31,59.10000,62.03000,58.08000,60.36000,4156800
2020-08-03,60.33000,60.33000,57.59000,59.81000,2450800
2020-08-04,59.36000,60.00000,58.95000,59.48000,2119500
2020-08-05,59.81000,62.17000,59.78000,61.94000,1849300
2020-08-06,60.99000,61.50000,59.90000,59.98000,2456900
2020-08-07,59.85000,61.30000,58.92000,61.28000,1674400
2020-08-10,61.30000,64.53000,61.30000,64.01000,2048200
2020-08-11,65.39000,66.58000,64.24000,64.46000,2263100
2020-08-12,65.31000,65.33000,62.83000,63.72000,1233200
2020-08-13,63.25000,64.25000,62.94000,63.83000,1031000
2020-08-14,63.39000,64.76000,62.88000,64.24000,1533900
2020-08-17,64.05000,64.15000,62.59000,63.12000,1216200
2020-08-18,62.85000,62.97000,61.28000,62.04000,2311800
2020-08-19,62.04000,62.83000,61.16000,61.40000,1483800
2020-08-20,60.71000,61.40000,60.48000,61.00000,1444100
2020-08-21,60.99000,61.78000,60.56000,61.66000,1547700
2020-08-24,61.84000,66.03000,61.84000,65.98000,2334400
2020-08-25,66.50000,66.50000,64.34000,64.44000,1905500
2020-08-26,64.18000,64.87000,63.62000,64.06000,1822200
2020-08-27,64.63000,67.01000,64.54000,66.62000,2785100
2020-08-28,66.84000,68.21000,65.78000,67.94000,3013400
2020-08-31,67.88000,67.95000,65.13000,65.75000,2526700
2020-09-01,65.25000,66.93000,65.05000,66.56000,1795300
2020-09-02,67.31000,68.66000,66.65000,68.41000,2013200
2020-09-03,68.73000,70.56000,68.17000,68.54000,3054300
2020-09-04,69.35000,69.81000,67.69000,68.22000,1988500
2020-09-08,67.45000,69.48000,67.19000,68.38000,2446500
2020-09-09,67.76000,69.21000,66.71000,68.00000,2503400
2020-09-10,68.65000,69.67000,67.87000,68.39000,2004400
2020-09-11,69.18000,70.71000,67.89000,70.03000,2377700
2020-09-14,70.94000,73.58000,70.35000,73.21000,2422300
2020-09-15,75.61000,76.24000,73.63000,74.79000,3607200
2020-09-16,75.00000,77.30000,74.58000,76.44000,2769200
2020-09-17,75.61000,76.81000,74.08000,74.59000,2672600
2020-09-18,73.81000,74.57000,71.97000,72.13000,5273500
2020-09-21,70.85000,71.12000,68.23000,68.69000,2207000
2020-09-22,69.01000,69.99000,68.15000,69.28000,2028600
2020-09-23,70.65000,72.52000,68.88000,69.07000,2696100
2020-09-24,68.56000,70.28000,66.95000,69.37000,2442900
2020-09-25,69.19000,70.98000,68.71000,70.54000,1736600
2020-09-28,71.81000,72.39000,71.05000,71.19000,1269400
2020-09-29,70.88000,71.10000,68.85000,69.66000,1886700
2020-09-30,70.56000,71.29000,69.65000,70.25000,1979600
2020-10-01,70.82000,71.83000,70.44000,71.58000,1742000
2020-10-02,69.73000,72.82000,69.69000,72.53000,1261700
2020-10-05,73.44000,75.04000,73.29000,74.91000,1651500
2020-10-06,75.00000,77.38000,74.53000,74.66000,2146500
2020-10-07,75.82000,77.13000,75.82000,76.96000,1843500
2020-10-08,77.54000,78.46000,77.05000,78.33000,1349100
2020-10-09,77.66000,78.06000,76.42000,77.61000,2134700
2020-10-12,77.96000,78.47000,77.35000,77.87000,1842000
2020-10-13,77.14000,77.86000,76.24000,76.82000,1554400
2020-10-14,76.11000,77.16000,75.38000,75.74000,2228100
2020-10-15,75.55000,78.19000,75.29000,77.74000,2025800
2020-10-16,78.00000,79.00000,74.18000,75.82000,4038400
2020-10-19,74.50000,75.91000,72.21000,72.54000,3307600
2020-10-20,72.35000,73.61000,72.12000,72.37000,3003400
2020-10-21,72.68000,73.83000,72.20000,72.75000,2440200
2020-10-22,73.09000,74.15000,72.26000,73.96000,2939900
2020-10-23,74.68000,75.11000,73.32000,74.83000,1534800
2020-10-26,73.78000,73.99000,72.63000,73.75000,1893800
2020-10-27,73.85000,73.94000,71.82000,72.38000,1834800
2020-10-28,71.10000,71.63000,68.21000,68.39000,2568800
2020-10-29,68.17000,69.27000,67.63000,68.86000,2050700
2020-10-30,68.61000,68.88000,66.26000,67.20000,3192900
2020-11-02,68.64000,69.91000,67.62000,68.77000,1804400
2020-11-03,69.67000,71.30000,69.24000,70.75000,1239600
2020-11-04,70.98000,71.12000,69.51000,69.58000,1817900
2020-11-05,70.24000,71.70000,70.24000,71.44000,1941000
2020-11-06,71.12000,71.64000,69.86000,70.01000,1597900
2020-11-09,78.22000,83.48000,77.53000,77.81000,4586300
2020-11-10,77.75000,78.18000,76.63000,77.53000,3051500
2020-11-11,77.99000,78.04000,76.13000,76.99000,3267900
2020-11-12,76.42000,77.01000,75.16000,76.16000,1618100
2020-11-13,76.89000,79.57000,76.89000,79.51000,2127900
2020-11-16,81.73000,82.33000,80.26000,82.28000,2457500
2020-11-17,81.92000,85.83000,81.20000,85.11000,2525000
2020-11-18,85.26000,86.91000,84.82000,85.56000,3996700
2020-11-19,84.25000,85.54000,82.67000,84.96000,2185100
2020-11-20,85.00000,85.59000,84.28000,84.87000,2173200
2020-11-23,85.68000,86.90000,84.94000,86.55000,1546800
2020-11-24,87.95000,89.26000,87.14000,88.75000,2913500
2020-11-25,87.50000,87.88000,86.39000,87.57000,1330600
2020-11-27,88.07000,88.07000,85.18000,85.72000,1041100
2020-11-30,85.00000,85.16000,82.89000,83.40000,5198800
2020-12-01,84.98000,85.45000,83.91000,84.81000,1615700
2020-12-02,84.43000,85.97000,83.73000,85.48000,1243900
2020-12-03,85.28000,87.53000,85.00000,86.22000,1632200
2020-12-04,86.94000,89.19000,86.42000,89.15000,1702500
2020-12-07,88.24000,88.86000,87.14000,88.30000,1348100
2020-12-08,87.85000,89.64000,87.41000,89.26000,2164100
2020-12-09,89.39000,89.59000,87.74000,88.13000,2326900
2020-12-10,87.85000,88.65000,86.37000,86.90000,1679300
2020-12-11,86.48000,87.33000,85.60000,86.66000,2088200
2020-12-14,87.47000,87.60000,85.69000,85.75000,1918900
2020-12-15,86.88000,87.47000,85.85000,87.25000,2803500
2020-12-16,87.14000,87.50000,86.06000,86.37000,2200100
2020-12-17,87.13000,87.55000,85.92000,86.55000,1830700
2020-12-18,86.58000,86.69000,84.54000,84.88000,5399200
2020-12-21,83.78000,85.62000,83.63000,84.93000,2266600
2020-12-22,84.95000,84.95000,82.62000,82.88000,2943100
2020-12-23,83.62000,84.86000,83.13000,84.27000,1707800
2020-12-24,84.60000,84.60000,83.23000,83.90000,546900
2020-12-28,84.86000,86.25000,84.52000,85.45000,1810800
2020-12-29,85.74000,86.09000,83.88000,84.76000,1184800
2020-12-30,84.90000,86.39000,84.89000,86.15000,1165900
2020-12-31,85.76000,86.01000,85.19000,85.41000,1090800
2021-01-04,86.58000,87.13000,84.33000,85.12000,2119400
2021-01-05,84.05000,86.11000,84.05000,85.33000,1503100
2021-01-06,85.97000,88.24000,85.97000,87.48000,2445700
2021-01-07,88.42000,89.68000,88.00000,88.28000,2063800
2021-01-08,88.89000,89.17000,87.10000,87.85000,1829800
2021-01-11,86.88000,88.21000,86.77000,87.08000,1696000
2021-01-12,87.14000,87.93000,86.36000,87.55000,1356000
2021-01-13,87.29000,87.47000,85.04000,85.57000,2455000
2021-01-14,86.02000,86.38000,85.03000,85.39000,1667600
2021-01-15,84.25000,85.27000,83.53000,83.91000,2869300
2021-01-19,84.02000,84.30000,81.84000,81.95000,2517700
2021-01-20,82.37000,83.13000,81.62000,82.33000,2525200
2021-01-21,83.16000,84.42000,82.50000,84.17000,3459200
2021-01-22,83.51000,84.41000,83.19000,83.86000,2678800
2021-01-25,83.68000,85.43000,83.23000,84.81000,3326100
2021-01-26,85.48000,86.44000,84.86000,85.13000,3199500
2021-01-27,83.77000,85.96000,78.72000,79.15000,6890700
2021-01-28,79.74000,81.26000,78.90000,79.37000,4044900
2021-01-29,78.92000,79.10000,76.42000,76.87000,4454100
2021-02-01,77.17000,78.75000,76.68000,78.62000,2050700
2021-02-02,79.57000,80.84000,79.12000,80.27000,2234400
2021-02-03,80.10000,80.29000,78.81000,79.05000,1551000
2021-02-04,79.76000,81.57000,79.43000,81.36000,1489300
2021-02-05,82.08000,82.59000,81.23000,81.86000,1187800
2021-02-08,82.21000,82.33000,80.61000,81.70000,1290400
2021-02-09,81.81000,82.80000,80.85000,81.05000,1706300
2021-02-10,81.48000,81.70000,80.38000,80.93000,1236400
2021-02-11,80.87000,81.54000,80.25000,80.49000,1397700
2021-02-12,79.60000,80.04000,78.93000,79.51000,1580100
2021-02-16,79.81000,81.11000,79.36000,80.88000,1745100
2021-02-17,80.23000,80.38000,78.71000,79.52000,1372300
2021-02-18,79.18000,79.72000,78.04000,79.59000,1200000
2021-02-19,79.41000,80.61000,79.11000,80.40000,1645500
2021-02-22,79.94000,81.15000,79.79000,80.81000,1501900
2021-02-23,81.64000,81.68000,79.28000,79.72000,1838600
2021-02-24,79.67000,82.12000,79.34000,81.96000,1667400
2021-02-25,81.89000,82.06000,79.69000,80.07000,1261000
2021-02-26,80.58000,80.73000,78.71000,79.13000,2092000
2021-03-01,80.00000,82.57000,79.83000,81.17000,2804800
2021-03-02,81.03000,82.46000,80.66000,82.19000,2088500
2021-03-03,82.22000,83.72000,81.12000,81.20000,2210200
2021-03-04,81.20000,81.66000,75.88000,77.70000,3448900
2021-03-05,78.63000,79.13000,76.13000,78.77000,2596000
2021-03-08,82.11000,82.77000,80.59000,81.50000,3537900
2021-03-09,81.14000,81.31000,79.49000,79.50000,2518500
2021-03-10,79.92000,80.81000,79.56000,79.67000,3076800
2021-03-11,79.77000,79.98000,78.22000,79.50000,3403700
2021-03-12,79.85000,80.15000,78.38000,79.09000,2934600
2021-03-15,78.83000,80.00000,78.05000,79.77000,3250600
2021-03-16,79.89000,79.95000,75.76000,75.92000,4304400
2021-03-17,75.90000,78.82000,75.55000,78.35000,3720700
2021-03-18,78.33000,80.70000,78.06000,79.30000,3409600
2021-03-19,78.93000,80.18000,77.87000,79.63000,9526800
2021-03-22,80.22000,80.28000,78.75000,79.82000,2463400
2021-03-23,78.94000,79.49000,76.20000,76.46000,2537300
2021-03-24,76.96000,78.72000,76.60000,76.66000,2126300
2021-03-25,76.02000,78.41000,75.38000,78.11000,2010200
2021-03-26,78.86000,80.35000,78.48000,80.21000,2668100
2021-03-29,80.02000,80.87000,78.43000,78.78000,2150100
2021-03-30,78.64000,80.42000,78.43000,80.13000,1568600
2021-03-31,79.97000,80.98000,79.88000,79.92000,1904300
2021-04-01,80.33000,80.64000,78.88000,79.49000,2082600
2021-04-05,80.55000,83.34000,79.78000,83.11000,3460400
2021-04-06,82.98000,84.35000,82.93000,83.68000,2497400
2021-04-07,83.77000,84.66000,83.58000,83.98000,1496000
2021-04-08,83.74000,83.94000,82.95000,83.11000,2540800
2021-04-09,83.59000,84.95000,83.50000,84.94000,2819800
2021-04-12,84.11000,85.54000,84.02000,85.40000,2150900
2021-04-13,84.80000,84.82000,82.85000,83.84000,1835800
2021-04-14,83.92000,84.71000,83.46000,83.98000,1794700
2021-04-15,84.74000,84.74000,83.62000,84.01000,1917800
2021-04-16,84.71000,85.25000,84.29000,84.74000,1855400
2021-04-19,84.75000,84.75000,83.42000,83.98000,1968400
2021-04-20,83.52000,84.76000,82.64000,84.55000,2722400
2021-04-21,84.57000,87.22000,84.38000,87.00000,2815300
2021-04-22,87.09000,87.18000,85.97000,86.39000,2852100
2021-04-23,87.06000,88.69000,86.53000,88.38000,2613100
2021-04-26,88.40000,89.50000,87.30000,87.80000,2883900
2021-04-27,88.05000,89.40000,87.87000,89.14000,2090800
2021-04-28,89.13000,90.14000,88.68000,89.32000,1807000
2021-04-29,90.15000,90.79000,88.71000,88.79000,2020700
2021-04-30,88.82000,88.93000,87.28000,87.66000,4351800
2021-05-03,88.39000,90.26000,88.11000,89.83000,2071300
2021-05-04,89.45000,90.09000,88.25000,90.05000,2532400
2021-05-05,89.58000,90.58000,88.35000,88.52000,2321100
2021-05-06,89.51000,89.51000,88.49000,89.27000,1907800
2021-05-07,88.97000,90.48000,88.82000,89.88000,1645900
2021-05-10,90.00000,90.35000,86.86000,86.94000,2924400
2021-05-11,86.38000,86.81000,84.96000,85.30000,3245700
2021-05-12,84.61000,85.97000,83.40000,83.64000,2421600
2021-05-13,83.94000,85.31000,83.07000,84.03000,1643700
2021-05-14,84.46000,85.71000,84.29000,85.44000,3528000
2021-05-17,85.83000,86.83000,85.03000,86.65000,2051200
2021-05-18,87.27000,87.36000,86.19000,86.50000,2319400
2021-05-19,85.89000,85.91000,84.02000,84.70000,2638700
2021-05-20,84.58000,85.36000,82.35000,84.82000,3672400
2021-05-21,80.26000,81.33000,77.14000,77.24000,11165400
2021-05-24,78.04000,78.17000,76.41000,76.61000,6818000
2021-05-25,77.01000,78.70000,76.85000,78.17000,3483300
2021-05-26,78.38000,79.63000,77.63000,79.22000,2748900
2021-05-27,80.04000,80.27000,79.32000,79.60000,2549500
2021-05-28,79.96000,80.09000,79.16000,79.72000,1689500
2021-06-01,80.23000,80.64000,79.38000,79.86000,1853200
2021-06-02,79.85000,80.01000,78.89000,79.20000,2186600
2021-06-03,78.97000,79.40000,78.07000,79.28000,1781300
2021-06-04,79.25000,79.61000,77.87000,79.03000,1575000
2021-06-07,79.63000,80.16000,78.77000,79.27000,1500900
2021-06-08,79.07000,80.15000,78.56000,79.77000,1637400
2021-06-09,79.38000,79.64000,78.36000,78.46000,1680100
2021-06-10,78.88000,79.28000,78.34000,78.55000,3224100
2021-06-11,79.23000,82.25000,78.75000,82.13000,3350800
2021-06-14,82.06000,82.45000,80.69000,81.36000,2742600
2021-06-15,81.48000,82.00000,80.72000,81.97000,1584900
2021-06-16,82.09000,82.09000,80.65000,81.47000,2098700
2021-06-17,80.90000,81.32000,78.87000,80.65000,2885000
2021-06-18,79.83000,80.76000,79.40000,79.67000,3241800
2021-06-21,79.95000,81.35000,79.95000,80.60000,1443500
2021-06-22,80.26000,81.47000,79.86000,81.21000,1541700
2021-06-23,81.53000,82.19000,81.22000,81.88000,1713400
2021-06-24,82.32000,82.50000,81.20000,81.37000,1821600
2021-06-25,82.28000,83.93000,82.19000,82.88000,6731500
2021-06-28,82.45000,82.82000,80.10000,80.17000,1824400
2021-06-29,80.58000,82.24000,80.15000,81.05000,1629700
2021-06-30,81.14000,82.17000,80.66000,82.04000,1650300
2021-07-01,82.33000,83.49000,82.22000,83.29000,1978900
2021-07-02,83.75000,84.61000,83.27000,84.44000,3346900
2021-07-06,83.97000,84.25000,81.08000,82.36000,1921600
2021-07-07,82.30000,82.57000,81.28000,82.01000,1073500
2021-07-08,80.75000,81.44000,79.57000,80.86000,1774500
2021-07-09,81.79000,83.10000,81.66000,83.07000,2007400
2021-07-12,82.25000,83.22000,81.87000,82.79000,1661800
2021-07-13,82.70000,82.85000,81.32000,81.77000,1225300
2021-07-14,80.75000,81.77000,80.27000,80.30000,1697800
2021-07-15,79.70000,80.57000,79.18000,79.76000,1994600
2021-07-16,80.01000,80.38000,76.90000,77.42000,2502000
2021-07-19,75.84000,76.23000,74.50000,75.46000,3018100
2021-07-20,75.52000,78.63000,75.28000,78.17000,2391300
2021-07-21,78.55000,80.60000,78.55000,79.93000,2470100
2021-07-22,79.58000,80.70000,79.16000,80.39000,2082400
2021-07-23,81.91000,83.45000,81.16000,83.08000,2815900
2021-07-26,83.08000,83.88000,82.56000,83.25000,1826900
2021-07-27,82.97000,83.87000,82.52000,83.36000,1895900
2021-07-28,83.37000,83.88000,81.49000,82.80000,2203800
2021-07-29,83.60000,84.96000,83.24000,84.55000,2319000
2021-07-30,83.41000,83.64000,78.90000,80.20000,7096800
2021-08-02,81.21000,82.66000,80.84000,81.83000,3640800
2021-08-03,82.50000,82.77000,80.91000,81.57000,1924400
2021-08-04,81.06000,81.33000,79.06000,79.27000,2583300
2021-08-05,79.29000,80.62000,79.17000,80.56000,2125900
2021-08-06,81.25000,81.78000,80.37000,80.62000,1358600
2021-08-09,80.16000,80.31000,79.27000,79.68000,1061700
2021-08-10,79.87000,81.31000,79.44000,80.75000,1527600
2021-08-11,80.50000,81.42000,80.01000,81.33000,2314100
2021-08-12,81.39000,81.70000,80.26000,80.51000,1304900
2021-08-13,80.38000,80.87000,79.93000,80.81000,1674400
2021-08-16,80.14000,80.54000,79.23000,79.74000,1374600
2021-08-17,78.55000,79.07000,76.13000,77.05000,2366700
2021-08-18,76.53000,77.28000,76.03000,76.15000,1522900
2021-08-19,74.92000,76.31000,74.79000,75.93000,2027300
2021-08-20,75.94000,76.59000,75.48000,76.43000,1266900
2021-08-23,77.17000,77.39000,76.49000,76.81000,1570000
2021-08-24,76.86000,77.55000,76.66000,76.98000,1904900
2021-08-25,77.03000,77.32000,76.07000,77.06000,1293300
2021-08-26,76.77000,76.79000,75.40000,76.50000,2078700
2021-08-27,76.66000,77.26000,76.28000,76.63000,1489900
2021-08-30,76.96000,77.68000,76.85000,76.98000,1237800
2021-08-31,76.86000,77.21000,76.16000,76.47000,1901100
2021-09-01,76.11000,76.83000,75.90000,76.30000,2646300
2021-09-02,76.50000,76.59000,75.28000,75.83000,2433800
2021-09-03,75.87000,76.69000,75.78000,76.23000,2492200
2021-09-07,75.92000,76.19000,71.68000,71.86000,5225400
2021-09-08,71.91000,72.74000,70.80000,71.21000,2761400
2021-09-09,71.01000,72.55000,71.01000,72.15000,2407200
2021-09-10,72.47000,72.93000,70.90000,70.95000,2628100
2021-09-13,71.33000,71.98000,70.96000,71.76000,2247400
2021-09-14,71.79000,71.79000,69.81000,70.47000,2448200
2021-09-15,70.17000,70.36000,68.93000,69.28000,2951700
2021-09-16,69.22000,70.13000,69.06000,69.15000,2460200
2021-09-17,68.87000,69.98000,68.81000,69.55000,4244000
2021-09-20,67.48000,68.91000,66.73000,67.75000,3804300
2021-09-21,68.09000,68.49000,66.02000,66.25000,5172100
2021-09-22,66.41000,66.95000,65.34000,66.05000,3674200
2021-09-23,66.88000,68.00000,66.68000,67.36000,2291200
2021-09-24,66.50000,68.42000,65.77000,67.96000,2785900
2021-09-27,68.31000,69.45000,67.96000,68.17000,2713500
2021-09-28,68.00000,68.67000,67.24000,67.99000,2501600
2021-09-29,68.26000,69.67000,67.90000,68.54000,4309000
2021-09-30,68.21000,68.34000,66.52000,66.99000,5222100
2021-10-01,67.21000,68.41000,66.41000,68.20000,3016200
2021-10-04,68.36000,70.01000,68.25000,68.78000,3711000
2021-10-05,68.08000,68.68000,67.29000,67.46000,3708700
2021-10-06,66.83000,67.07000,65.66000,66.98000,3101100
2021-10-07,68.35000,69.35000,67.91000,68.40000,3510100
2021-10-08,67.84000,68.22000,67.17000,68.00000,2841600
2021-10-11,68.19000,70.67000,68.19000,69.37000,4324200
2021-10-12,69.52000,73.03000,69.51000,72.30000,6053800
2021-10-13,72.33000,73.14000,71.93000,72.30000,4335000
2021-10-14,73.16000,73.69000,72.57000,73.55000,2710600
2021-10-15,74.01000,74.25000,73.11000,73.55000,2752800
2021-10-18,72.54000,73.70000,72.32000,72.93000,2314000
2021-10-19,73.45000,73.63000,72.75000,73.51000,2013300
2021-10-20,73.74000,74.13000,73.12000,73.93000,1696500
2021-10-21,74.16000,75.40000,73.71000,74.07000,2680900
2021-10-22,71.27000,73.58000,69.45000,70.74000,6454200
2021-10-25,70.91000,71.31000,69.60000,70.73000,4049100
2021-10-26,71.24000,72.88000,71.13000,72.27000,2980600
2021-10-27,72.30000,72.55000,70.51000,70.83000,3310000
2021-10-28,71.22000,73.18000,71.06000,72.77000,2606800
2021-10-29,72.46000,73.26000,71.79000,72.88000,4409000
2021-11-01,72.84000,73.95000,72.71000,73.13000,1801200
2021-11-02,73.46000,73.59000,71.56000,72.07000,1701700
2021-11-03,72.37000,74.48000,72.15000,74.39000,2208400
2021-11-04,74.66000,75.57000,73.18000,73.37000,2535600
2021-11-05,74.87000,75.93000,73.65000,74.04000,1932400
2021-11-08,73.81000,74.83000,73.28000,74.78000,1779300
2021-11-09,75.00000,75.49000,74.44000,75.18000,1433300
2021-11-10,74.73000,75.79000,74.69000,75.53000,2083600
2021-11-11,75.92000,76.48000,75.60000,75.73000,1431300
2021-11-12,75.94000,76.93000,75.87000,76.70000,1576200
2021-11-15,77.14000,78.08000,77.07000,77.26000,2619100
2021-11-16,77.29000,78.91000,77.06000,78.01000,1852500
2021-11-17,77.70000,78.04000,76.13000,76.51000,1953800
2021-11-18,77.41000,77.41000,76.33000,76.38000,2882300
2021-11-19,76.02000,76.79000,75.53000,75.99000,2812700
2021-11-22,76.14000,76.99000,75.25000,76.25000,2352400
2021-11-23,76.33000,76.78000,75.87000,76.26000,1266700
2021-11-24,74.29000,75.96000,73.35000,75.60000,2351200
2021-11-26,72.64000,74.18000,71.45000,73.98000,1906800
2021-11-29,74.58000,75.00000,73.25000,73.73000,2371500
2021-11-30,72.96000,73.51000,71.41000,71.73000,4357500
2021-12-01,73.39000,74.82000,70.80000,70.83000,3820400
2021-12-02,71.31000,74.25000,71.09000,74.07000,3137500
2021-12-03,74.48000,75.30000,73.77000,74.51000,2356400
2021-12-06,75.78000,76.90000,75.14000,75.54000,3469100
2021-12-07,76.47000,77.75000,76.11000,76.86000,2591100
2021-12-08,77.02000,78.17000,76.57000,77.12000,2585600
2021-12-09,75.95000,76.92000,75.95000,76.03000,1591000
2021-12-10,76.72000,77.32000,75.89000,75.98000,2248000
2021-12-13,75.73000,76.33000,74.15000,74.79000,1923000
2021-12-14,73.98000,74.26000,73.26000,73.57000,3018400
2021-12-15,73.34000,74.13000,72.29000,73.80000,3439100
2021-12-16,74.06000,74.92000,72.25000,72.38000,3447600
2021-12-17,71.83000,73.31000,70.63000,70.98000,6636100
2021-12-20,69.87000,69.87000,67.65000,68.09000,4965900
2021-12-21,68.80000,70.09000,68.73000,69.92000,3005400
2021-12-22,70.01000,70.38000,69.13000,69.47000,1714200
2021-12-23,69.42000,69.80000,68.48000,69.45000,1944300
2021-12-27,69.64000,71.12000,69.55000,71.08000,1588700
2021-12-28,71.05000,72.17000,70.98000,71.70000,1178000
2021-12-29,71.89000,72.94000,71.64000,72.39000,1457700
2021-12-30,72.41000,73.66000,72.41000,73.19000,1107400
2021-12-31,73.06000,73.50000,72.60000,73.22000,1115800
2022-01-03,73.72000,73.93000,72.98000,73.71000,1910900
2022-01-04,74.14000,76.42000,73.94000,75.76000,1642700
2022-01-05,76.11000,76.61000,74.08000,74.19000,1856500
2022-01-06,72.97000,73.41000,70.75000,71.86000,2800100
2022-01-07,71.34000,73.00000,71.20000,72.49000,2962800
2022-01-10,71.71000,71.80000,69.61000,71.04000,2729200
2022-01-11,71.29000,72.10000,70.35000,71.85000,2045800
2022-01-12,72.38000,72.81000,71.00000,71.81000,1536100
2022-01-13,72.26000,72.92000,71.82000,72.24000,1525500
2022-01-14,71.25000,72.29000,69.77000,72.25000,1825900
2022-01-18,71.36000,72.21000,70.52000,71.11000,2494000
2022-01-19,71.53000,72.31000,70.31000,70.41000,2438200
2022-01-20,69.50000,70.08000,66.52000,66.63000,6370000
2022-01-21,66.50000,68.98000,65.50000,68.00000,5209200
2022-01-24,66.58000,68.75000,65.78000,68.00000,6291500
2022-01-25,66.47000,67.19000,65.44000,66.51000,6260800
2022-01-26,67.62000,68.52000,65.74000,66.50000,3690200
2022-01-27,68.48000,69.48000,66.72000,67.35000,4738600
2022-01-28,65.18000,65.50000,61.49000,62.96000,8682100
2022-01-31,62.01000,65.36000,61.98000,65.21000,5066200
2022-02-01,65.41000,66.24000,64.85000,65.97000,4125100
2022-02-02,66.54000,66.96000,64.15000,65.34000,4370300
2022-02-03,64.30000,65.19000,63.58000,63.66000,3118100
2022-02-04,63.35000,63.66000,62.55000,63.12000,3340300
2022-02-07,64.39000,64.68000,62.50000,62.81000,3107300
2022-02-08,62.69000,63.30000,62.31000,62.99000,2864800
2022-02-09,63.57000,64.74000,63.51000,64.37000,3098800
2022-02-10,63.50000,64.32000,62.40000,62.58000,3998400
2022-02-11,62.36000,62.67000,60.53000,60.74000,3481800
2022-02-14,60.66000,61.22000,59.82000,59.89000,3601700
2022-02-15,60.94000,62.05000,60.75000,61.57000,3320000
2022-02-16,61.38000,61.80000,60.71000,60.95000,2606200
2022-02-17,60.63000,61.13000,59.13000,59.15000,2430300
2022-02-18,59.28000,59.87000,58.76000,59.17000,2913400
2022-02-22,58.74000,59.38000,57.93000,58.16000,2831800
2022-02-23,58.46000,58.63000,57.02000,57.12000,2521100
2022-02-24,55.76000,57.68000,55.71000,57.64000,3446900
2022-02-25,57.97000,59.09000,57.61000,58.64000,2830100
2022-02-28,57.80000,58.65000,57.27000,58.02000,3822900
2022-03-01,57.78000,57.93000,55.31000,55.51000,3999500
2022-03-02,55.72000,57.45000,55.48000,57.18000,2842400
2022-03-03,57.20000,57.42000,55.73000,56.19000,2777800
2022-03-04,55.71000,55.93000,53.50000,54.93000,4016300
2022-03-07,55.63000,55.92000,51.76000,51.78000,5211100
2022-03-08,52.08000,54.10000,51.02000,51.95000,5024200
2022-03-09,53.11000,54.06000,52.81000,53.49000,4174500
2022-03-10,52.56000,53.54000,52.36000,53.42000,2721100
2022-03-11,54.10000,54.75000,53.18000,53.50000,4160500
2022-03-14,53.99000,55.08000,53.57000,53.91000,4380500
2022-03-15,54.27000,55.22000,54.07000,55.03000,3458300
2022-03-16,55.98000,57.81000,55.38000,56.65000,4384200
2022-03-17,55.97000,57.47000,55.88000,57.23000,3951100
2022-03-18,56.90000,57.64000,56.09000,57.49000,6411100
2022-03-21,57.50000,57.62000,56.19000,56.46000,4193400
2022-03-22,57.19000,57.78000,56.40000,56.71000,3852600
2022-03-23,56.35000,56.74000,55.56000,55.64000,3012200
2022-03-24,56.23000,56.56000,55.80000,56.24000,1671600
2022-03-25,56.49000,57.61000,56.48000,57.37000,2429400
2022-03-28,57.24000,57.57000,56.83000,57.44000,2051300
2022-03-29,58.92000,60.09000,58.69000,59.62000,2395500
2022-03-30,59.50000,59.84000,58.09000,58.41000,2221400
2022-03-31,57.94000,58.31000,56.85000,56.86000,2806400
2022-04-01,57.18000,57.40000,55.65000,56.54000,2480300
2022-04-04,56.58000,57.37000,56.03000,56.93000,2135700
2022-04-05,56.08000,56.68000,54.82000,55.74000,3095500
2022-04-06,55.11000,56.11000,54.30000,55.75000,2652900
2022-04-07,55.57000,56.34000,54.75000,56.11000,2790800
2022-04-08,56.09000,57.15000,55.68000,56.63000,3421200
2022-04-11,56.14000,56.85000,55.06000,55.30000,2645800
2022-04-12,55.69000,56.71000,55.01000,55.41000,1955900
2022-04-13,55.19000,56.13000,55.03000,55.94000,1976700
2022-04-14,56.24000,56.64000,55.73000,56.20000,1767200
2022-04-18,55.75000,56.29000,55.20000,55.70000,2144700
2022-04-19,55.91000,57.47000,55.91000,57.37000,2545300
2022-04-20,57.75000,58.68000,57.52000,57.68000,1732600
2022-04-21,58.77000,58.88000,56.16000,56.49000,1981100
2022-04-22,55.98000,56.28000,54.50000,54.58000,2991600
2022-04-25,54.25000,54.46000,52.92000,54.31000,3538600
2022-04-26,53.78000,54.29000,52.41000,52.42000,3159600
2022-04-27,52.21000,53.12000,52.00000,52.48000,2310000
2022-04-28,53.29000,53.57000,52.17000,53.23000,2375700
2022-04-29,52.86000,53.90000,51.89000,52.00000,6882600
2022-05-02,52.29000,52.62000,50.95000,52.19000,3246700
2022-05-03,52.26000,52.33000,51.04000,51.95000,3655800
2022-05-04,51.72000,52.10000,50.30000,52.05000,5119200
2022-05-05,51.26000,51.56000,48.70000,49.09000,3514500
2022-05-06,48.02000,48.43000,47.09000,47.61000,3646300
2022-05-09,46.99000,47.98000,46.43000,47.51000,4130900
2022-05-10,48.09000,48.29000,46.13000,46.45000,3406400
2022-05-11,46.71000,47.11000,45.33000,45.38000,3157900
2022-05-12,45.39000,47.68000,45.13000,47.25000,3853000
2022-05-13,47.52000,48.15000,47.09000,47.59000,2857900
2022-05-16,47.19000,47.50000,46.55000,46.97000,3094000
2022-05-17,47.93000,48.45000,47.00000,48.23000,3430700
2022-05-18,46.79000,47.15000,45.44000,45.97000,4384000
2022-05-19,45.47000,45.55000,44.17000,44.61000,6020200
2022-05-20,48.00000,48.00000,45.77000,47.32000,8950500
2022-05-23,47.38000,47.78000,45.94000,46.47000,5472700
2022-05-24,45.76000,45.85000,44.83000,45.49000,3983500
2022-05-25,45.01000,47.60000,45.01000,47.12000,3406000
2022-05-26,48.00000,49.18000,47.93000,48.87000,3094400
2022-05-27,48.83000,50.19000,48.80000,50.18000,3275200
2022-05-31,50.21000,50.69000,49.59000,50.46000,4106600
2022-06-01,51.16000,51.40000,49.49000,49.83000,3129900
2022-06-02,50.22000,51.38000,50.01000,51.34000,2584200
2022-06-03,50.65000,51.30000,49.91000,50.08000,1802400
2022-06-06,50.31000,50.38000,49.21000,49.97000,2923400
2022-06-07,49.17000,50.20000,48.75000,49.99000,3711200
2022-06-08,49.52000,50.27000,49.30000,49.81000,1803900
2022-06-09,49.22000,49.31000,48.36000,48.43000,2244000
2022-06-10,47.55000,47.93000,47.10000,47.30000,2813000
2022-06-13,46.00000,46.20000,44.90000,45.78000,3684100
2022-06-14,45.92000,46.38000,45.04000,45.42000,2546900
2022-06-15,45.97000,47.12000,45.95000,46.70000,2331100
2022-06-16,45.70000,45.78000,44.18000,44.50000,3449300
2022-06-17,44.57000,46.05000,44.44000,45.70000,6222500
2022-06-21,46.44000,46.81000,46.02000,46.38000,3548200
2022-06-22,45.87000,46.50000,45.58000,45.74000,3125000
2022-06-23,46.07000,46.78000,45.61000,46.74000,2178600
2022-06-24,47.16000,48.02000,46.97000,48.01000,7625500
2022-06-27,48.06000,48.18000,46.84000,47.53000,2892800
2022-06-28,47.81000,48.14000,46.02000,46.06000,2620500
2022-06-29,46.13000,46.18000,44.52000,45.14000,3207600
2022-06-30,44.49000,44.50000,43.33000,44.17000,5015300
2022-07-01,44.04000,44.40000,43.15000,44.13000,3872800
2022-07-05,43.56000,44.82000,43.08000,44.79000,3428500
2022-07-06,44.85000,45.21000,44.15000,44.70000,3270800
2022-07-07,45.04000,46.01000,44.49000,45.83000,2592000
2022-07-08,45.76000,46.30000,45.01000,45.83000,2182900
2022-07-11,45.15000,45.60000,44.60000,44.72000,2108200
2022-07-12,44.70000,45.98000,44.70000,45.24000,2184900
2022-07-13,44.28000,45.67000,43.92000,45.50000,2374500
2022-07-14,44.84000,45.27000,44.34000,44.92000,2461300
2022-07-15,45.58000,45.76000,44.91000,45.45000,2058800
2022-07-18,45.86000,46.52000,45.34000,45.56000,2958700
2022-07-19,46.21000,48.02000,46.06000,47.77000,4047100
2022-07-20,47.75000,48.55000,47.56000,47.97000,3763100
2022-07-21,47.41000,47.55000,46.76000,47.30000,6100400
2022-07-22,47.57000,48.14000,47.18000,47.46000,3363100
2022-07-25,47.42000,47.57000,46.61000,47.48000,2922600
2022-07-26,46.23000,46.71000,45.18000,45.32000,3413400
2022-07-27,45.62000,46.97000,45.26000,46.86000,2993100
2022-07-28,47.05000,48.63000,46.40000,48.57000,4331300
2022-07-29,47.51000,48.00000,44.11000,44.68000,12402900
2022-08-01,44.45000,45.80000,43.97000,45.50000,3530700
2022-08-02,45.17000,45.19000,44.30000,44.33000,2232800
2022-08-03,44.74000,45.08000,44.14000,44.78000,2958200
2022-08-04,44.89000,45.69000,44.70000,45.15000,2085100
2022-08-05,45.42000,46.01000,45.11000,45.67000,2021900
2022-08-08,45.95000,46.69000,45.39000,45.58000,2470800
2022-08-09,45.58000,45.61000,44.49000,45.33000,2667200
2022-08-10,46.30000,47.01000,45.98000,46.15000,2160700
2022-08-11,46.80000,47.97000,46.74000,47.17000,2747900
2022-08-12,47.32000,47.53000,46.71000,47.12000,1685800
2022-08-15,46.84000,47.10000,46.56000,46.93000,1812400
2022-08-16,46.50000,48.20000,46.50000,47.92000,2242400
2022-08-17,47.14000,47.55000,46.60000,47.13000,1735600
2022-08-18,46.95000,47.04000,46.25000,46.63000,1401000
2022-08-19,46.41000,46.43000,45.20000,45.55000,1771400
2022-08-22,44.48000,44.54000,42.98000,43.14000,3549600
2022-08-23,43.01000,44.03000,43.01000,43.41000,1897000
2022-08-24,43.43000,43.99000,43.14000,43.42000,1956100
2022-08-25,43.52000,44.86000,43.37000,44.05000,2160000
2022-08-26,44.12000,44.21000,41.13000,41.16000,3616000
2022-08-29,41.00000,41.53000,40.69000,41.43000,2485400
2022-08-30,41.92000,42.26000,41.34000,41.92000,3287200
2022-08-31,42.15000,42.23000,41.11000,41.45000,4275100
2022-09-01,41.18000,41.51000,40.65000,41.41000,2279300
2022-09-02,41.85000,42.03000,40.52000,40.75000,1983600
2022-09-06,40.90000,41.21000,40.06000,40.25000,2888800
2022-09-07,40.26000,42.50000,40.17000,42.38000,3361800
2022-09-08,41.74000,42.76000,41.27000,42.74000,2141200
2022-09-09,42.81000,43.76000,42.70000,43.36000,2677100
2022-09-12,43.91000,44.82000,43.91000,44.05000,2882000
2022-09-13,42.70000,43.28000,41.68000,41.77000,3307300
2022-09-14,41.65000,41.81000,40.82000,41.09000,3121900
2022-09-15,41.01000,42.02000,40.37000,40.58000,2966100
2022-09-16,39.85000,40.34000,39.44000,39.80000,7772600
2022-09-19,39.44000,40.56000,39.18000,40.51000,3659600
2022-09-20,39.90000,39.91000,38.07000,38.39000,5268700
2022-09-21,38.59000,38.99000,37.15000,37.16000,3994500
2022-09-22,36.94000,37.07000,36.39000,36.43000,4623300
2022-09-23,35.88000,36.37000,35.24000,35.78000,3481800
2022-09-26,35.97000,36.50000,34.97000,35.02000,4513200
2022-09-27,35.30000,35.57000,34.57000,35.07000,3445400
2022-09-28,35.19000,35.29000,32.63000,32.66000,10266800
2022-09-29,31.94000,32.10000,30.61000,30.75000,8800900
2022-09-30,30.02000,30.81000,29.32000,29.91000,8451600
2022-10-03,30.31000,31.57000,29.77000,31.28000,5939000
2022-10-04,32.06000,32.37000,31.33000,31.76000,6811100
2022-10-05,31.24000,32.06000,31.07000,31.90000,8378700
2022-10-06,31.58000,32.06000,30.29000,30.30000,4653100
2022-10-07,29.87000,29.93000,28.61000,28.87000,5127300
2022-10-10,29.00000,29.22000,27.97000,28.34000,5918400
2022-10-11,28.41000,29.45000,28.33000,28.96000,6271600
2022-10-12,28.96000,29.55000,28.77000,29.05000,10808100
2022-10-13,28.25000,29.56000,27.92000,29.17000,6824100
2022-10-14,29.67000,30.27000,28.93000,28.95000,5348400
2022-10-17,29.51000,30.03000,29.31000,29.55000,7016100
2022-10-18,30.22000,30.70000,29.46000,29.66000,5397500
2022-10-19,29.14000,29.43000,28.20000,28.45000,4401300
2022-10-20,28.53000,29.15000,27.47000,27.58000,6697300
2022-10-21,27.55000,27.90000,27.03000,27.69000,7670500
2022-10-24,27.65000,28.22000,27.29000,27.86000,6658300
2022-10-25,27.90000,28.96000,27.90000,28.63000,6516500
2022-10-26,28.39000,29.28000,28.01000,28.21000,11408300
2022-10-27,27.70000,28.64000,27.13000,27.42000,11924300
2022-10-28,27.10000,28.36000,26.92000,28.27000,8972100
2022-10-31,28.03000,28.73000,27.49000,28.25000,27588400
2022-11-01,28.71000,29.04000,28.02000,28.63000,5166700
2022-11-02,28.57000,28.84000,27.50000,27.50000,4995100
2022-11-03,27.27000,27.35000,26.46000,27.12000,5786100
2022-11-04,27.88000,28.77000,27.66000,28.25000,5955500
2022-11-07,28.61000,28.74000,27.78000,28.21000,5685400
2022-11-08,28.39000,28.82000,28.06000,28.55000,4335300
2022-11-09,28.22000,28.34000,26.83000,26.90000,5244700
2022-11-10,28.15000,29.94000,28.12000,29.93000,5558300
2022-11-11,30.26000,33.48000,30.21000,33.34000,10064200
2022-11-14,33.04000,33.92000,32.90000,33.11000,7624600
2022-11-15,34.03000,34.90000,32.97000,33.45000,5440000
2022-11-16,32.63000,32.76000,31.84000,32.17000,4869400
2022-11-17,31.73000,32.65000,31.47000,32.60000,4079000
2022-11-18,33.56000,33.83000,32.75000,33.08000,4645800
2022-11-21,32.57000,32.95000,32.08000,32.35000,4689500
2022-11-22,32.56000,33.71000,32.22000,33.67000,5561400
2022-11-23,33.59000,33.82000,33.30000,33.76000,3338700
2022-11-25,33.66000,34.39000,33.66000,34.34000,1807600
2022-11-28,34.23000,34.44000,32.34000,32.41000,5306400
2022-11-29,32.43000,32.62000,31.56000,32.46000,6995100
2022-11-30,32.49000,32.85000,31.52000,32.82000,6925900
2022-12-01,33.22000,34.28000,33.13000,33.48000,5547900
2022-12-02,33.10000,33.49000,32.33000,33.22000,3552700
2022-12-05,31.00000,31.25000,29.26000,29.51000,12975900
2022-12-06,29.61000,29.83000,29.00000,29.39000,7214900
2022-12-07,29.23000,29.70000,28.63000,28.97000,6969700
2022-12-08,29.26000,29.28000,28.48000,28.67000,6310800
2022-12-09,28.00000,28.56000,27.80000,28.20000,6324400
2022-12-12,28.28000,28.32000,27.80000,28.15000,9358100
2022-12-13,29.20000,29.42000,28.15000,28.42000,11473900
2022-12-14,28.40000,28.47000,27.28000,28.04000,8764500
2022-12-15,27.41000,27.96000,27.07000,27.53000,9926900
2022-12-16,27.09000,27.42000,26.06000,26.37000,12931200
2022-12-19,26.44000,26.80000,25.77000,26.05000,6616500
2022-12-20,25.80000,25.96000,25.10000,25.17000,6542800
2022-12-21,25.96000,26.13000,25.38000,25.46000,7800400
2022-12-22,25.15000,26.21000,25.05000,26.21000,9141900
2022-12-23,25.96000,26.23000,25.81000,26.07000,6403600
2022-12-27,26.10000,27.17000,25.78000,27.16000,9743300
2022-12-28,27.12000,27.30000,25.70000,25.86000,5761800
2022-12-29,26.17000,27.51000,26.17000,27.44000,5881700
2022-12-30,27.05000,27.66000,27.05000,27.61000,4600000
2023-01-03,28.01000,28.45000,27.51000,27.74000,6180100
2023-01-04,28.16000,29.65000,27.96000,29.52000,7635700
2023-01-05,29.04000,29.51000,28.38000,29.45000,4637200
2023-01-06,29.26000,29.83000,29.00000,29.54000,4891300
2023-01-09,29.55000,30.20000,28.90000,29.57000,4621400
2023-01-10,29.63000,30.01000,29.27000,29.97000,3079100
2023-01-11,30.04000,30.26000,29.55000,30.18000,4913100
2023-01-12,30.50000,30.93000,30.02000,30.75000,4552100
2023-01-13,30.33000,31.16000,30.18000,31.13000,5176300
2023-01-17,30.98000,31.33000,30.35000,30.61000,5938300
2023-01-18,30.74000,31.03000,30.02000,30.06000,4540400
2023-01-19,29.46000,29.46000,28.13000,28.42000,6403400
2023-01-20,28.41000,29.38000,28.34000,29.34000,4732400
2023-01-23,29.42000,30.53000,29.42000,30.49000,4091300
2023-01-24,29.85000,30.59000,29.77000,30.26000,3629600
2023-01-25,29.92000,29.98000,28.90000,29.89000,5686900
2023-01-26,30.51000,30.67000,29.33000,29.90000,4278600
2023-01-27,29.71000,30.80000,29.65000,30.45000,4053800
2023-01-30,29.89000,30.55000,29.63000,30.12000,5085300
2023-01-31,30.28000,30.94000,30.27000,30.94000,10112100
2023-02-01,30.81000,31.98000,30.22000,31.64000,5115500
2023-02-02,31.70000,32.13000,30.94000,31.14000,7039800
2023-02-03,30.53000,31.50000,30.07000,30.62000,4647000
2023-02-06,30.00000,30.14000,28.49000,28.66000,10264000
2023-02-07,28.44000,29.60000,28.12000,28.52000,12737200
2023-02-08,27.40000,29.12000,26.70000,28.44000,15703200
2023-02-09,28.75000,29.03000,25.91000,26.03000,16747800
2023-02-10,26.30000,27.28000,26.17000,26.27000,13745800
2023-02-13,26.39000,27.13000,26.23000,27.11000,16555200
2023-02-14,26.98000,27.85000,26.83000,27.62000,6694900
2023-02-15,27.37000,28.08000,27.32000,27.84000,6157300
2023-02-16,27.60000,27.85000,27.05000,27.07000,4795300
2023-02-17,26.82000,27.05000,26.27000,26.99000,5475400
2023-02-21,26.53000,26.67000,25.53000,25.53000,6820200
2023-02-22,25.23000,25.62000,24.79000,25.11000,12931400
2023-02-23,25.20000,25.20000,24.36000,24.60000,11098800
2023-02-24,24.36000,24.47000,23.71000,24.18000,9709000
2023-02-27,24.49000,24.64000,24.04000,24.32000,12167100
2023-02-28,24.35000,25.71000,24.25000,24.82000,76597300
2023-03-01,25.09000,25.58000,24.81000,25.09000,8401000
2023-03-02,24.88000,26.31000,24.88000,26.29000,11967700
2023-03-03,26.46000,26.95000,26.16000,26.26000,8922400
2023-03-06,26.21000,26.30000,24.83000,24.85000,7979900
2023-03-07,24.93000,25.05000,24.16000,24.26000,5852000
2023-03-08,24.16000,24.36000,23.91000,24.02000,6267900
2023-03-09,23.72000,23.79000,22.90000,23.01000,7349200
2023-03-10,22.89000,22.94000,21.57000,21.78000,8310200
2023-03-13,21.32000,21.50000,20.77000,20.84000,11689000
2023-03-14,21.30000,21.49000,20.65000,20.74000,9214800
2023-03-15,20.16000,21.39000,20.14000,21.32000,7846900
2023-03-16,21.00000,21.76000,20.85000,21.39000,7843800
2023-03-17,21.36000,21.72000,21.08000,21.42000,12592600
2023-03-20,21.89000,22.04000,21.16000,21.44000,7187400
2023-03-21,21.95000,22.03000,21.45000,21.60000,5750200
2023-03-22,21.51000,21.63000,20.61000,20.64000,6190200
2023-03-23,20.72000,21.07000,20.22000,20.44000,7373500
2023-03-24,20.28000,20.43000,20.03000,20.29000,5730000
2023-03-27,20.67000,20.91000,20.47000,20.84000,6242000
2023-03-28,21.22000,21.38000,20.96000,21.21000,5407200
2023-03-29,21.48000,21.86000,21.22000,21.75000,7778900
2023-03-30,22.15000,22.44000,22.04000,22.22000,7675000
2023-03-31,22.39000,22.93000,22.21000,22.91000,6747900
2023-04-03,22.94000,23.00000,22.25000,22.55000,6140300
2023-04-04,22.67000,22.78000,22.01000,22.31000,4063300
2023-04-05,22.04000,22.09000,21.53000,21.74000,5213200
2023-04-06,21.62000,21.66000,21.22000,21.35000,6011500
2023-04-10,21.23000,21.84000,21.13000,21.80000,9200500
2023-04-11,22.02000,22.45000,22.00000,22.17000,4599200
2023-04-12,22.47000,22.48000,21.54000,21.57000,5484900
2023-04-13,21.80000,21.96000,21.51000,21.82000,5202200
2023-04-14,23.58000,23.58000,22.34000,22.48000,8505100
2023-04-17,22.35000,22.76000,22.16000,22.44000,6624600
2023-04-18,22.42000,22.88000,22.17000,22.78000,6989000
2023-04-19,22.63000,23.03000,22.60000,22.88000,4942500
2023-04-20,22.61000,23.07000,22.60000,22.65000,6470500
2023-04-21,22.68000,22.92000,22.59000,22.88000,4509900
2023-04-24,22.90000,22.99000,22.58000,22.92000,3290600
2023-04-25,22.69000,22.88000,22.30000,22.31000,5081900
2023-04-26,22.19000,22.70000,22.17000,22.26000,4032800
2023-04-27,22.32000,23.18000,22.26000,23.14000,4497100
2023-04-28,23.14000,23.55000,22.90000,23.51000,4527500
2023-05-01,23.53000,23.54000,22.66000,22.76000,4316700
2023-05-02,22.57000,22.65000,21.63000,21.79000,7036700
2023-05-03,21.65000,22.66000,21.65000,21.95000,6040100
2023-05-04,21.66000,21.92000,20.76000,20.98000,5417200
2023-05-05,21.85000,22.15000,21.55000,22.12000,5370700
2023-05-08,22.34000,22.47000,21.76000,22.21000,4635700
2023-05-09,21.96000,22.12000,21.62000,22.01000,5018000
2023-05-10,22.54000,22.63000,21.04000,21.39000,7240500
2023-05-11,21.41000,21.77000,21.24000,21.49000,4607300
2023-05-12,21.42000,21.51000,20.97000,21.29000,4095100
2023-05-15,21.41000,21.83000,21.31000,21.66000,4643600
2023-05-16,21.35000,21.45000,20.59000,20.60000,4890000
2023-05-17,20.42000,20.88000,20.19000,20.68000,5560400
2023-05-18,21.01000,21.01000,20.38000,20.77000,5008800
2023-05-19,20.23000,20.49000,18.78000,19.07000,16214400
2023-05-22,18.86000,19.58000,18.54000,19.56000,10691700
2023-05-23,19.26000,19.75000,18.94000,18.97000,10466500
2023-05-24,19.32000,19.53000,18.04000,18.35000,15034800
2023-05-25,18.34000,18.58000,17.43000,17.45000,11592400
2023-05-26,17.50000,18.40000,17.50000,18.05000,8857100
2023-05-30,18.17000,18.25000,17.44000,17.58000,9167000
2023-05-31,17.45000,17.49000,16.96000,17.22000,9892400
2023-06-01,17.25000,17.32000,16.77000,17.02000,7480700
2023-06-02,17.50000,18.17000,17.41000,18.12000,10185200
2023-06-05,18.13000,18.49000,17.76000,17.92000,6978300
2023-06-06,17.96000,19.52000,17.96000,19.09000,11413700
2023-06-07,19.26000,19.72000,19.10000,19.59000,9254600
2023-06-08,19.74000,20.00000,19.34000,19.61000,8930200
2023-06-09,19.42000,19.60000,18.91000,19.11000,4862300
2023-06-12,19.24000,19.64000,18.96000,19.13000,4906200
2023-06-13,19.29000,19.33000,18.91000,19.06000,4674100
2023-06-14,19.23000,19.65000,19.02000,19.27000,4758900
2023-06-15,19.07000,19.41000,18.88000,19.35000,5838000
2023-06-16,19.51000,19.66000,19.21000,19.51000,9335300
2023-06-20,19.64000,19.99000,19.38000,19.73000,8961100
2023-06-21,19.50000,19.73000,19.12000,19.13000,6454800
2023-06-22,19.13000,19.28000,18.57000,18.94000,6253200
2023-06-23,18.54000,18.72000,18.11000,18.23000,9118200
2023-06-26,18.20000,18.84000,18.06000,18.44000,5162900
2023-06-27,18.63000,19.31000,18.31000,19.13000,4614500
2023-06-28,19.04000,19.14000,18.60000,18.79000,5145400
2023-06-29,18.77000,19.35000,18.76000,19.20000,5348900
2023-06-30,19.30000,19.33000,18.76000,19.09000,4225900
2023-07-03,19.04000,19.37000,19.00000,19.14000,2318900
2023-07-05,18.96000,19.10000,18.55000,18.97000,3982000
2023-07-06,18.61000,18.64000,17.85000,18.58000,6520000
2023-07-07,18.47000,19.01000,18.36000,18.66000,4146000
2023-07-10,18.70000,19.07000,18.55000,18.61000,3673000
2023-07-11,18.77000,19.45000,18.72000,19.27000,5437200
2023-07-12,19.67000,19.84000,19.24000,19.53000,4474200
2023-07-13,19.67000,19.68000,19.39000,19.63000,4160400
2023-07-14,19.63000,19.74000,18.93000,19.19000,4132300
2023-07-17,18.88000,19.23000,18.69000,19.11000,3967800
2023-07-18,19.07000,19.67000,19.01000,19.50000,4431200
2023-07-19,19.68000,20.59000,19.56000,20.46000,7218600
2023-07-20,20.42000,20.43000,19.78000,20.00000,5882400
2023-07-21,20.22000,20.23000,19.27000,19.39000,6384200
2023-07-24,19.49000,19.75000,19.23000,19.52000,6398200
2023-07-25,19.62000,19.62000,18.82000,18.89000,5882200
2023-07-26,18.93000,19.73000,18.88000,19.67000,4231100
2023-07-27,19.78000,20.09000,19.22000,19.31000,4908500
2023-07-28,19.75000,19.82000,19.36000,19.69000,4032400
2023-07-31,19.95000,20.17000,19.61000,19.81000,6198100
2023-08-01,19.66000,19.75000,19.20000,19.39000,8224200
2023-08-02,18.83000,19.79000,18.52000,19.05000,11104600
2023-08-03,18.99000,19.12000,18.31000,19.04000,7350300
2023-08-04,19.16000,19.94000,18.89000,19.40000,5986400
2023-08-07,19.47000,19.55000,19.00000,19.06000,4437100
2023-08-08,18.72000,19.66000,18.61000,19.58000,5251900
2023-08-09,19.47000,19.93000,19.06000,19.26000,4938500
2023-08-10,19.33000,20.25000,19.33000,19.98000,9242200
2023-08-11,20.18000,21.17000,20.11000,20.61000,8713300
2023-08-14,20.32000,20.62000,20.06000,20.41000,5089300
2023-08-15,20.09000,20.38000,19.80000,19.97000,5684600
2023-08-16,19.99000,20.95000,19.94000,20.43000,7166300
2023-08-17,20.60000,20.67000,20.18000,20.30000,4591900
2023-08-18,20.04000,20.27000,19.88000,20.01000,5404200
2023-08-21,20.10000,20.64000,20.03000,20.36000,6985700
2023-08-22,19.96000,20.02000,18.95000,18.96000,7724800
2023-08-23,18.68000,19.71000,18.45000,19.70000,5342800
2023-08-24,19.64000,19.71000,18.95000,19.20000,6907400
2023-08-25,19.34000,19.47000,18.55000,18.87000,10109600
2023-08-28,19.05000,19.49000,18.99000,19.24000,5603500
2023-08-29,19.40000,19.61000,19.26000,19.45000,3464400
2023-08-30,19.39000,19.50000,19.17000,19.38000,3469900
2023-08-31,19.51000,19.93000,19.40000,19.76000,6795700
2023-09-01,20.00000,20.49000,19.91000,20.46000,5028500
2023-09-05,20.15000,20.37000,19.40000,19.48000,7030400
2023-09-06,19.41000,19.81000,19.31000,19.59000,5607800
2023-09-07,19.29000,19.47000,19.14000,19.19000,4959100
2023-09-08,18.91000,18.96000,18.70000,18.80000,5206800
2023-09-11,18.83000,18.99000,17.66000,17.67000,10626900
2023-09-12,17.60000,18.15000,17.38000,18.09000,7977900
2023-09-13,18.11000,18.13000,17.45000,17.72000,7779600
2023-09-14,17.90000,18.17000,17.85000,18.11000,9648900
2023-09-15,18.18000,18.38000,17.95000,18.16000,9490300
2023-09-18,17.85000,17.85000,17.23000,17.33000,12228200
2023-09-19,17.31000,17.91000,17.31000,17.78000,7987200
2023-09-20,17.86000,18.07000,17.72000,17.87000,8801800
2023-09-21,17.68000,17.98000,17.52000,17.65000,8054100
2023-09-22,17.78000,17.84000,17.32000,17.47000,8565700
2023-09-25,17.31000,17.41000,17.09000,17.22000,6388300
2023-09-26,17.07000,17.35000,17.02000,17.08000,9028200
2023-09-27,17.14000,17.41000,16.88000,16.91000,7260700
2023-09-28,16.79000,16.83000,16.36000,16.59000,7740700
2023-09-29,17.00000,17.77000,16.95000,17.67000,9165600
2023-10-02,17.62000,17.68000,16.56000,16.59000,6290300
2023-10-03,16.36000,16.52000,16.15000,16.40000,9180200
2023-10-04,16.39000,16.66000,15.87000,16.59000,5565400
2023-10-05,16.49000,16.67000,16.25000,16.57000,5181400
2023-10-06,16.31000,16.41000,15.77000,16.25000,6228700
2023-10-09,16.08000,16.16000,15.28000,15.65000,9674400
2023-10-10,15.76000,16.14000,15.65000,16.00000,8832300
2023-10-11,16.00000,16.37000,15.94000,16.16000,6299900
2023-10-12,16.11000,16.11000,15.11000,15.30000,9266900
2023-10-13,15.33000,15.54000,15.14000,15.45000,8051100
2023-10-16,15.54000,16.37000,15.11000,16.19000,6570900
2023-10-17,16.15000,18.59000,16.08000,18.45000,22739800
2023-10-18,18.41000,18.77000,18.17000,18.68000,9840700
2023-10-19,18.60000,18.90000,18.39000,18.56000,8077100
2023-10-20,18.62000,18.80000,17.86000,18.02000,7454100
2023-10-23,17.77000,17.89000,17.24000,17.48000,7079700
2023-10-24,17.52000,18.25000,17.46000,17.92000,9629500
2023-10-25,17.81000,18.29000,17.63000,17.95000,6219900
2023-10-26,17.71000,18.12000,17.61000,17.83000,5730900
2023-10-27,17.98000,18.07000,16.82000,16.90000,9416300
2023-10-30,17.19000,17.47000,16.99000,17.12000,13613700
2023-10-31,16.10000,16.75000,14.43000,14.73000,35982500
2023-11-01,14.82000,14.86000,12.85000,13.10000,29438100
2023-11-02,13.30000,14.83000,13.26000,14.81000,15590200
2023-11-03,15.10000,15.57000,14.95000,15.50000,8601500
2023-11-06,15.59000,16.08000,15.47000,15.95000,9241600
2023-11-07,16.07000,16.55000,15.78000,15.99000,9272200
2023-11-08,15.90000,16.12000,15.46000,15.60000,5609800
2023-11-09,15.63000,15.77000,15.08000,15.15000,5724200
2023-11-10,15.00000,15.04000,14.44000,14.90000,7166600
2023-11-13,14.74000,14.78000,14.00000,14.15000,7958400
2023-11-14,14.84000,16.29000,14.84000,15.57000,10506200
2023-11-15,16.65000,18.04000,16.52000,17.77000,17367800
2023-11-16,17.44000,17.51000,16.73000,17.19000,7992000
2023-11-17,17.49000,17.66000,17.15000,17.21000,7873900
2023-11-20,17.25000,17.36000,16.96000,17.12000,6229000
2023-11-21,17.00000,17.07000,16.49000,16.53000,5236100
2023-11-22,16.66000,16.72000,16.29000,16.68000,3914400
2023-11-24,16.63000,16.79000,16.40000,16.59000,2675600
2023-11-27,16.46000,16.78000,16.09000,16.58000,6648900
2023-11-28,16.51000,16.99000,16.36000,16.91000,5794700
2023-11-29,17.14000,17.35000,16.77000,17.13000,7022400
2023-11-30,17.18000,17.24000,16.50000,16.73000,14740500
2023-12-01,17.01000,18.10000,16.68000,18.09000,9415000
2023-12-04,17.91000,19.06000,17.88000,18.79000,11189100
2023-12-05,18.55000,18.58000,18.00000,18.07000,5978700
2023-12-06,18.24000,18.75000,18.03000,18.21000,5196800
2023-12-07,18.21000,18.48000,17.82000,18.20000,4696800
2023-12-08,18.15000,18.41000,18.06000,18.14000,3925400
2023-12-11,18.14000,18.45000,17.95000,18.23000,4967200
2023-12-12,18.17000,18.17000,17.56000,17.76000,4946400
2023-12-13,17.65000,18.87000,17.51000,18.81000,7908000
2023-12-14,19.53000,20.69000,19.38000,20.39000,12116500
2023-12-15,20.27000,20.54000,19.74000,19.91000,10598000
2023-12-18,18.90000,18.92000,18.01000,18.36000,14469400
2023-12-19,18.62000,19.17000,18.56000,18.74000,8539400
2023-12-20,18.42000,18.69000,17.89000,17.94000,6717400
2023-12-21,18.20000,19.23000,18.20000,19.21000,8214400
2023-12-22,18.59000,18.92000,18.02000,18.59000,7009100
2023-12-26,18.65000,18.87000,18.36000,18.72000,4151700
2023-12-27,18.89000,19.13000,18.58000,18.84000,3911000
2023-12-28,18.79000,19.08000,18.74000,19.06000,3006100
2023-12-29,19.01000,19.23000,18.64000,18.80000,5540000
2024-01-02,18.59000,19.07000,18.38000,18.65000,5355600
2024-01-03,18.29000,18.36000,17.45000,17.51000,7586500
2024-01-04,17.40000,17.42000,16.74000,16.94000,7764500
2024-01-05,16.77000,17.25000,16.71000,16.90000,5262500
2024-01-08,16.89000,17.50000,16.72000,17.33000,4766600
2024-01-09,17.15000,17.40000,16.97000,17.16000,6152800
2024-01-10,17.16000,17.34000,16.58000,17.30000,6116000
2024-01-11,17.15000,17.18000,16.48000,16.96000,5557900
2024-01-12,17.05000,17.13000,16.05000,16.21000,7198400
2024-01-16,15.95000,16.00000,15.27000,15.43000,8577600
2024-01-17,15.00000,15.36000,14.89000,15.25000,8985900
2024-01-18,15.22000,15.35000,14.93000,15.32000,5388200
2024-01-19,15.35000,15.85000,15.10000,15.71000,5798600
2024-01-22,15.72000,16.50000,15.65000,16.49000,7250700
2024-01-23,16.98000,17.16000,16.38000,16.72000,5516000
2024-01-24,16.94000,17.08000,16.72000,16.81000,6449300
2024-01-25,16.43000,17.10000,16.32000,17.05000,8356000
2024-01-26,17.41000,17.48000,16.80000,17.35000,9588700
2024-01-29,17.38000,17.54000,16.95000,17.53000,5166600
2024-01-30,17.21000,17.36000,16.91000,17.22000,5231400
2024-01-31,17.10000,17.23000,16.44000,16.46000,8345600
2024-02-01,16.61000,16.90000,16.02000,16.83000,8280300
2024-02-02,16.46000,16.96000,16.13000,16.67000,8218300
2024-02-05,16.76000,16.79000,16.12000,16.53000,10263300
2024-02-06,16.50000,17.09000,16.28000,16.95000,11273200
2024-02-07,15.29000,15.74000,14.44000,15.31000,29213200
2024-02-08,15.40000,15.71000,15.18000,15.35000,10824300
2024-02-09,15.30000,15.50000,15.04000,15.30000,7380600
2024-02-12,15.75000,17.69000,15.71000,17.44000,15008400
2024-02-13,16.56000,16.78000,15.81000,16.44000,11969500
2024-02-14,17.01000,17.30000,16.63000,17.20000,7466800
2024-02-15,17.34000,17.43000,16.95000,17.05000,6276900
2024-02-16,16.66000,16.86000,16.45000,16.65000,7865600
2024-02-20,16.29000,16.32000,15.92000,16.20000,8351200
2024-02-21,16.06000,16.37000,15.84000,15.97000,7966500
2024-02-22,16.06000,16.24000,15.80000,15.90000,5818500
2024-02-23,15.90000,16.14000,15.79000,15.98000,5204600
2024-02-26,15.83000,15.89000,15.30000,15.50000,8362400
2024-02-27,15.71000,16.18000,15.61000,16.07000,6712700
2024-02-28,15.77000,16.39000,15.61000,16.17000,5485700
2024-02-29,16.27000,16.42000,15.95000,16.34000,29079600
2024-03-01,16.42000,16.52000,15.79000,16.24000,8169700
2024-03-04,16.09000,16.17000,15.51000,15.73000,7225700
2024-03-05,15.45000,15.98000,15.30000,15.82000,5836600
2024-03-06,15.94000,16.05000,15.58000,15.82000,5661200
2024-03-07,15.99000,16.22000,15.85000,16.09000,5242200
2024-03-08,16.22000,16.36000,15.94000,16.10000,5987200
2024-03-11,16.06000,16.33000,15.99000,16.00000,5833300
2024-03-12,15.99000,16.15000,15.51000,15.58000,7288500
2024-03-13,15.57000,15.88000,15.43000,15.50000,7541300
2024-03-14,15.30000,15.34000,14.44000,14.60000,10771400
2024-03-15,14.47000,14.84000,14.47000,14.78000,31918900
2024-03-18,14.75000,14.82000,14.20000,14.39000,7508500
2024-03-19,14.19000,14.62000,14.09000,14.50000,7420300
2024-03-20,14.48000,14.65000,14.27000,14.42000,6453700
2024-03-21,14.47000,14.66000,14.32000,14.54000,4710700
2024-03-22,14.21000,14.32000,13.91000,14.09000,7754800
2024-03-25,14.20000,14.60000,14.14000,14.47000,6689500
2024-03-26,14.64000,14.82000,14.25000,14.26000,5436000
2024-03-27,14.50000,15.12000,14.40000,15.09000,6843500
2024-03-28,15.15000,15.46000,15.13000,15.34000,9844700
2024-04-01,15.38000,15.45000,15.11000,15.30000,5786100
2024-04-02,14.72000,14.78000,14.08000,14.28000,81235300
2024-04-03,14.21000,14.32000,13.82000,13.91000,8129900
2024-04-04,14.15000,14.48000,13.82000,13.83000,6161700
2024-04-05,13.71000,13.90000,13.68000,13.76000,4364600
2024-04-08,13.71000,13.76000,13.43000,13.52000,9221600
2024-04-09,13.63000,14.00000,13.62000,13.95000,7767100
2024-04-10,13.40000,13.52000,13.03000,13.50000,10966700
2024-04-11,13.58000,13.67000,13.06000,13.13000,5945600
2024-04-12,12.77000,12.82000,12.02000,12.11000,15925700
2024-04-15,12.28000,12.49000,12.03000,12.15000,9532000
2024-04-16,12.03000,12.64000,11.91000,12.57000,10500200
2024-04-17,12.65000,12.69000,12.24000,12.25000,6857200
2024-04-18,12.27000,12.75000,12.22000,12.67000,6884100
2024-04-19,12.57000,12.97000,12.56000,12.83000,7550800
2024-04-22,12.84000,12.98000,12.66000,12.79000,6568600
2024-04-23,12.71000,13.00000,12.70000,12.95000,7013800
2024-04-24,12.85000,13.10000,12.72000,12.99000,6500400
2024-04-25,12.72000,12.79000,12.33000,12.62000,5999200
2024-04-26,12.74000,13.06000,12.61000,12.64000,5770300
2024-04-29,12.78000,13.15000,12.78000,12.89000,7775500
2024-04-30,12.66000,12.91000,12.44000,12.46000,6384000
2024-05-01,12.39000,12.51000,12.06000,12.18000,5669400
2024-05-02,12.51000,12.65000,12.35000,12.56000,4408500
2024-05-03,12.85000,13.11000,12.51000,12.61000,5091500
2024-05-06,12.78000,12.97000,12.59000,12.77000,5067700
2024-05-07,12.91000,12.99000,12.67000,12.67000,3815400
2024-05-08,12.43000,12.64000,12.27000,12.59000,5223400
2024-05-09,12.60000,12.74000,12.32000,12.73000,4384400
2024-05-10,12.80000,12.88000,12.38000,12.43000,4611800
2024-05-13,12.65000,13.17000,12.63000,12.82000,8665200
2024-05-14,13.10000,13.38000,12.74000,12.86000,7718500
2024-05-15,13.02000,13.16000,12.71000,12.79000,6811000
2024-05-16,12.70000,13.09000,12.66000,13.04000,4888300
2024-05-17,12.90000,13.03000,12.75000,12.76000,4383600
2024-05-20,12.75000,12.83000,12.26000,12.32000,6205100
2024-05-21,12.22000,12.49000,12.20000,12.46000,6582500
2024-05-22,12.30000,12.50000,12.07000,12.33000,18803100
2024-05-23,11.48000,12.19000,11.00000,11.97000,27051700
2024-05-24,12.19000,12.60000,11.52000,12.34000,20023500
2024-05-28,12.43000,13.01000,12.09000,12.35000,13895900
2024-05-29,12.18000,12.54000,12.02000,12.04000,10574900
2024-05-30,12.05000,12.45000,11.89000,12.33000,9112200
2024-05-31,13.10000,13.93000,12.83000,13.28000,21253600
2024-06-03,13.38000,14.04000,13.34000,13.81000,12590000
2024-06-04,13.71000,13.85000,13.11000,13.12000,7174000
2024-06-05,13.26000,13.48000,13.16000,13.47000,6116000
2024-06-06,13.50000,13.60000,13.37000,13.57000,7869200
2024-06-07,13.35000,13.59000,13.35000,13.58000,9836800
2024-06-10,13.37000,13.37000,13.14000,13.16000,7642800
2024-06-11,13.62000,13.88000,13.50000,13.54000,8188100
2024-06-12,13.86000,14.15000,13.68000,13.80000,6365400
2024-06-13,13.73000,13.89000,13.57000,13.72000,4437100
2024-06-14,13.61000,13.83000,13.52000,13.64000,6944400
2024-06-17,13.55000,13.88000,13.11000,13.81000,6826900
2024-06-18,13.77000,13.98000,13.46000,13.67000,7916700
2024-06-20,13.64000,13.97000,13.64000,13.91000,5881200
2024-06-21,13.92000,14.43000,13.90000,14.31000,11643700
2024-06-24,14.27000,14.99000,14.15000,14.71000,8839300
2024-06-25,14.61000,14.76000,14.06000,14.13000,7755400
2024-06-26,14.04000,14.14000,13.93000,14.07000,4773100
2024-06-27,13.75000,13.95000,13.61000,13.80000,4874500
2024-06-28,13.50000,13.86000,13.33000,13.50000,8068500
2024-07-01,13.65000,13.89000,12.78000,12.84000,8256700
2024-07-02,12.84000,13.00000,12.74000,12.83000,7035800
2024-07-03,12.88000,13.24000,12.84000,13.00000,3004000
2024-07-05,12.98000,13.23000,12.81000,12.95000,5758100
2024-07-08,13.13000,13.49000,13.07000,13.45000,5552200
2024-07-09,13.38000,13.42000,12.77000,12.98000,4818600
2024-07-10,13.08000,13.11000,12.68000,12.74000,5745500
2024-07-11,13.08000,13.45000,13.01000,13.42000,7026000
2024-07-12,13.67000,13.85000,13.49000,13.75000,6286900
2024-07-15,13.51000,13.65000,13.33000,13.33000,5853800
2024-07-16,13.40000,14.26000,13.27000,14.22000,7351400
2024-07-17,15.13000,16.41000,14.77000,16.15000,32408400
2024-07-18,16.52000,16.89000,15.90000,16.03000,10838700
2024-07-19,16.12000,16.49000,15.73000,16.38000,7727500
2024-07-22,16.34000,16.44000,15.79000,16.28000,5155700
2024-07-23,16.14000,16.36000,15.98000,16.27000,5137400
2024-07-24,16.22000,16.56000,15.78000,15.97000,6323500
2024-07-25,16.00000,16.42000,15.94000,16.07000,4015200
2024-07-26,16.21000,16.41000,16.01000,16.39000,4213300
2024-07-29,16.39000,16.50000,16.04000,16.34000,4906900
2024-07-30,16.29000,16.72000,16.29000,16.58000,3970400
2024-07-31,16.54000,17.32000,16.41000,16.96000,5619400
2024-08-01,17.08000,17.08000,16.24000,16.54000,7141300
2024-08-02,16.07000,16.11000,15.09000,16.06000,11212400
2024-08-05,14.87000,16.11000,14.70000,16.07000,14405900
2024-08-06,15.91000,17.03000,15.78000,16.44000,12549400
2024-08-07,18.00000,18.86000,17.44000,17.60000,17423900
2024-08-08,17.60000,17.96000,17.25000,17.79000,8760700
2024-08-09,17.95000,17.98000,17.22000,17.40000,6614100
2024-08-12,17.40000,17.62000,16.52000,16.59000,7252500
2024-08-13,16.76000,17.83000,16.76000,17.80000,8299400
2024-08-14,17.80000,17.87000,16.82000,16.83000,6690900
2024-08-15,17.33000,17.74000,17.20000,17.37000,5296800
2024-08-16,17.32000,17.38000,16.58000,16.88000,6005900
2024-08-19,16.93000,17.41000,16.90000,16.98000,5119500
2024-08-20,16.71000,16.93000,16.43000,16.71000,5041800
2024-08-21,16.91000,17.20000,16.61000,17.03000,3567700
2024-08-22,16.97000,17.13000,16.53000,16.60000,3058100
2024-08-23,16.63000,17.38000,16.63000,17.08000,3323400
2024-08-26,17.38000,17.77000,17.03000,17.70000,5143200
2024-08-27,17.67000,17.90000,17.47000,17.79000,4787700
2024-08-28,17.54000,18.39000,17.42000,18.25000,8449000
2024-08-29,18.34000,18.51000,18.05000,18.43000,4901100
2024-08-30,18.49000,18.65000,18.11000,18.21000,9409800
2024-09-03,18.25000,19.02000,18.21000,18.83000,7903700
2024-09-04,18.75000,18.80000,17.63000,18.01000,11309300
2024-09-05,18.07000,18.28000,17.80000,17.84000,5074200
2024-09-06,17.58000,17.89000,17.20000,17.68000,6113300
2024-09-09,17.59000,17.86000,17.43000,17.58000,6129200
2024-09-10,17.75000,17.84000,17.22000,17.62000,3469400
2024-09-11,17.56000,17.71000,17.24000,17.54000,3504600
2024-09-12,17.52000,17.79000,17.10000,17.24000,4191000
2024-09-13,17.47000,18.78000,17.47000,18.70000,5880700
2024-09-16,18.32000,18.71000,18.17000,18.20000,5048300
2024-09-17,18.33000,18.60000,18.06000,18.40000,5325600
2024-09-18,19.35000,19.95000,18.86000,19.11000,11218400
2024-09-19,19.44000,19.57000,18.49000,18.65000,8168900
2024-09-20,18.58000,18.96000,18.35000,18.65000,23115600
2024-09-23,18.61000,18.67000,18.14000,18.35000,6076600
2024-09-24,18.79000,18.89000,18.16000,18.75000,6325000
2024-09-25,18.72000,18.77000,18.33000,18.40000,6291000
2024-09-26,18.88000,19.26000,18.81000,19.25000,4272100
2024-09-27,19.41000,19.95000,19.24000,19.57000,4971200
2024-09-30,19.62000,19.98000,19.45000,19.95000,5372700
2024-10-01,19.76000,19.95000,19.30000,19.93000,8454400
2024-10-02,19.45000,19.82000,19.38000,19.49000,3645700
2024-10-03,19.28000,19.63000,18.90000,19.53000,4117100
2024-10-04,19.93000,21.33000,19.93000,21.31000,9642200
2024-10-07,21.32000,21.40000,19.70000,19.84000,7734300
2024-10-08,19.63000,20.14000,19.50000,19.90000,4086600
2024-10-09,20.02000,20.42000,19.83000,19.98000,4954200
2024-10-10,19.91000,20.28000,19.75000,20.25000,3958900
2024-10-11,20.00000,20.37000,19.91000,20.33000,5068400
2024-10-14,19.56000,19.92000,19.13000,19.36000,7835000
2024-10-15,19.25000,19.91000,19.22000,19.49000,5428300
2024-10-16,19.71000,20.05000,19.48000,19.55000,5111600
2024-10-17,19.50000,20.00000,19.50000,19.79000,5876300
2024-10-18,19.87000,20.09000,19.40000,19.60000,4369600
2024-10-21,17.85000,18.46000,17.45000,18.18000,11455700
2024-10-22,18.07000,18.23000,17.69000,17.78000,9693400
2024-10-23,17.79000,17.79000,17.10000,17.20000,8639900
2024-10-24,17.18000,17.31000,16.51000,16.57000,6870200
2024-10-25,16.73000,17.26000,16.65000,16.73000,7155000
2024-10-28,16.67000,17.42000,16.65000,17.03000,13435800
2024-10-29,20.31000,21.93000,19.70000,21.63000,29999600
2024-10-30,21.40000,23.09000,20.43000,22.26000,20956300
2024-10-31,22.47000,22.61000,20.67000,20.71000,9846300
2024-11-01,20.98000,21.24000,20.68000,21.05000,5309700
2024-11-04,21.04000,21.49000,20.91000,21.48000,5622100
2024-11-05,21.29000,21.54000,20.77000,21.38000,7566100
2024-11-06,21.59000,21.79000,20.81000,20.82000,6734100
2024-11-07,20.80000,21.93000,20.80000,21.63000,4581600
2024-11-08,21.17000,21.64000,20.83000,20.96000,5265700
2024-11-11,21.22000,21.30000,20.57000,20.76000,4089200
2024-11-12,20.38000,20.70000,20.07000,20.27000,5909900
2024-11-13,20.38000,20.59000,19.77000,20.00000,6938000
2024-11-14,20.05000,20.52000,19.74000,20.28000,4505000
2024-11-15,20.24000,20.39000,19.83000,20.16000,7264300
2024-11-18,20.71000,20.71000,19.58000,19.59000,4529100
2024-11-19,19.32000,19.58000,18.95000,19.29000,6336100
2024-11-20,19.09000,19.27000,18.64000,18.65000,4547400
2024-11-21,18.59000,19.01000,18.44000,18.79000,4267900
2024-11-22,19.00000,20.07000,19.00000,19.74000,5078800
2024-11-25,20.07000,21.06000,20.07000,20.43000,6131000
2024-11-26,20.02000,20.44000,19.85000,20.43000,3880500
2024-11-27,20.33000,20.83000,20.33000,20.36000,2909900
2024-11-29,20.36000,20.50000,20.11000,20.23000,1565200
2024-12-02,20.35000,21.15000,20.24000,20.87000,7737400
2024-12-03,20.90000,21.11000,20.55000,20.86000,5704100
2024-12-04,20.65000,21.03000,20.64000,20.79000,3426600
2024-12-05,20.54000,20.71000,20.26000,20.43000,3782700
2024-12-06,20.86000,21.83000,20.81000,21.05000,5304000
2024-12-09,21.26000,22.06000,21.26000,21.34000,4799500
2024-12-10,21.39000,21.48000,20.70000,20.85000,4666900
2024-12-11,21.32000,21.67000,21.00000,21.28000,5214400
2024-12-12,21.11000,21.67000,20.91000,21.02000,3962300
2024-12-13,20.90000,21.23000,20.71000,21.08000,4238900
2024-12-16,20.70000,21.75000,20.70000,21.62000,7471500
2024-12-17,21.85000,22.61000,21.56000,22.59000,7713500
2024-12-18,22.67000,23.49000,22.14000,22.25000,10776900
2024-12-19,22.23000,22.38000,21.44000,21.67000,7743000
2024-12-20,21.55000,22.40000,21.39000,22.28000,6800100
2024-12-23,22.00000,22.21000,21.57000,22.03000,4072200
2024-12-24,22.01000,22.03000,21.50000,21.88000,1835900
2024-12-26,21.95000,22.27000,21.81000,22.12000,4142100
2024-12-27,21.98000,22.14000,21.69000,21.77000,3701500
2024-12-30,21.26000,21.45000,20.55000,21.41000,6002200
2024-12-31,21.48000,21.81000,21.26000,21.46000,3180900
2025-01-02,21.73000,22.04000,21.32000,21.54000,3207200
2025-01-03,21.72000,21.82000,20.86000,21.16000,4686300
2025-01-06,21.46000,21.84000,21.22000,21.52000,4541700
2025-01-07,21.58000,21.97000,21.39000,21.57000,4810000
2025-01-08,21.43000,21.55000,20.84000,21.54000,3589200
2025-01-10,21.22000,23.01000,21.01000,22.79000,9478600
2025-01-13,22.58000,23.07000,21.94000,23.01000,6334500
2025-01-14,23.20000,23.42000,22.83000,23.08000,6700500
2025-01-15,23.71000,23.87000,22.98000,23.00000,6473700
2025-01-16,23.34000,23.72000,22.86000,23.65000,4272300
2025-01-17,23.73000,24.00000,23.51000,23.67000,5207200
2025-01-21,24.12000,24.95000,24.07000,24.80000,4790200
2025-01-22,24.81000,25.21000,24.51000,25.12000,5709200
2025-01-23,24.84000,25.75000,24.66000,25.63000,4923500
2025-01-24,25.59000,26.48000,25.57000,26.33000,6458000
2025-01-27,25.95000,26.12000,25.55000,25.99000,7492800
2025-01-28,25.83000,26.98000,25.83000,26.59000,9528900
2025-01-29,27.74000,29.02000,25.01000,25.56000,23950500
2025-01-30,26.06000,26.93000,25.67000,26.93000,8531600
2025-01-31,26.66000,26.79000,25.96000,25.97000,5502400
2025-02-03,25.24000,25.43000,24.45000,24.62000,8652400
2025-02-04,24.60000,25.19000,24.18000,25.16000,4729500
2025-02-05,24.99000,25.18000,24.72000,24.87000,3864900
2025-02-06,25.39000,25.48000,24.56000,24.66000,3011100
2025-02-07,24.56000,24.64000,23.76000,23.92000,5362000
2025-02-10,23.86000,23.95000,23.41000,23.67000,4466700
2025-02-11,23.49000,24.66000,23.41000,24.35000,4475100
2025-02-12,23.64000,24.51000,23.48000,24.15000,3655000
2025-02-13,24.47000,25.67000,24.32000,25.54000,5411900
2025-02-14,25.55000,25.72000,25.06000,25.59000,4690400
2025-02-18,25.70000,26.35000,25.47000,26.23000,5317400
2025-02-19,25.95000,26.54000,25.79000,26.52000,3391500
2025-02-20,26.50000,26.56000,25.63000,26.48000,3537500
2025-02-21,26.69000,26.69000,25.14000,25.51000,3881700
2025-02-24,25.57000,25.75000,25.23000,25.25000,4576700
2025-02-25,25.27000,25.50000,24.74000,25.26000,3793300
2025-02-26,25.22000,25.81000,24.99000,25.34000,3248600
2025-02-27,25.47000,25.51000,24.57000,24.59000,3167100
2025-02-28,24.75000,25.09000,24.49000,24.93000,4907800
2025-03-03,24.77000,25.09000,24.04000,24.34000,5230500
2025-03-04,23.81000,23.91000,21.79000,22.54000,10593400
2025-03-05,22.60000,23.49000,22.54000,23.45000,4782200
2025-03-06,23.33000,23.90000,20.45000,20.56000,9691700
2025-03-07,20.20000,20.27000,18.05000,19.13000,12179900
2025-03-10,18.46000,18.79000,17.05000,17.40000,11195100
2025-03-11,17.40000,17.57000,16.64000,17.33000,13001100
2025-03-12,17.59000,17.92000,16.72000,16.75000,10260800
2025-03-13,16.75000,16.90000,16.09000,16.30000,8513900
2025-03-14,16.71000,16.77000,16.27000,16.62000,7579100
2025-03-17,16.62000,16.86000,16.30000,16.44000,7697200
2025-03-18,16.45000,16.46000,15.64000,15.89000,8822500
2025-03-19,15.82000,16.51000,15.76000,16.40000,6656700
2025-03-20,16.25000,16.47000,16.16000,16.25000,7154500
2025-03-21,15.92000,16.87000,15.86000,16.37000,65333500
2025-03-24,16.87000,17.26000,16.85000,17.00000,8484300
2025-03-25,17.09000,17.24000,16.47000,16.47000,6555300
2025-03-26,16.58000,16.70000,16.16000,16.32000,5914300
2025-03-27,16.06000,16.77000,16.00000,16.47000,5546200
2025-03-28,16.05000,16.39000,15.52000,15.69000,5291400
2025-03-31,15.40000,15.69000,14.93000,15.52000,6304500
2025-04-01,15.64000,16.20000,15.44000,16.10000,6014300
2025-04-02,15.80000,16.56000,15.80000,16.39000,5190500
2025-04-03,14.50000,14.57000,11.55000,11.68000,33962300
2025-04-04,11.30000,12.10000,10.07000,11.56000,33084000
2025-04-07,10.85000,12.21000,10.64000,11.26000,17263300
2025-04-08,11.81000,11.87000,9.56000,9.74000,20377300
2025-04-09,9.61000,12.68000,9.41000,12.42000,28103700
2025-04-10,11.66000,11.85000,10.93000,11.44000,15137000
2025-04-11,11.16000,11.33000,10.36000,11.11000,10862300
2025-04-14,11.50000,11.79000,11.07000,11.27000,12721000
2025-04-15,11.09000,11.23000,10.63000,10.84000,8952700
2025-04-16,10.66000,10.85000,10.13000,10.31000,9559500
2025-04-17,10.31000,10.50000,10.07000,10.45000,10713900
2025-04-21,10.26000,10.56000,10.15000,10.47000,7363200
2025-04-22,10.47000,10.97000,10.35000,10.91000,12043300
2025-04-23,11.75000,12.03000,11.08000,11.11000,11520500
2025-04-24,11.26000,11.67000,11.20000,11.54000,8462400
2025-04-25,11.45000,11.52000,11.23000,11.39000,5880500
2025-04-28,11.42000,11.69000,11.24000,11.57000,5915300
2025-04-29,11.53000,11.82000,11.43000,11.70000,8468800
2025-04-30,11.47000,11.93000,11.09000,11.88000,9195600
2025-05-01,12.01000,12.37000,11.90000,12.16000,10181900
2025-05-02,12.47000,12.86000,12.39000,12.79000,7731300
2025-05-05,12.64000,13.01000,12.49000,12.57000,8067700
2025-05-06,12.31000,12.46000,12.11000,12.21000,5214600
2025-05-07,12.34000,12.80000,12.22000,12.72000,7487700
2025-05-08,13.11000,13.60000,12.93000,13.44000,7108200
2025-05-09,13.56000,13.63000,13.16000,13.28000,7464800
2025-05-12,14.95000,15.49000,14.19000,14.44000,11337000
2025-05-13,14.74000,15.04000,14.57000,14.95000,6614100
2025-05-14,14.81000,14.98000,14.68000,14.74000,6736100
2025-05-15,14.50000,14.88000,14.46000,14.85000,4980000
2025-05-16,14.78000,14.97000,14.61000,14.78000,5038600
2025-05-19,14.59000,14.63000,14.26000,14.32000,7805900
2025-05-20,14.42000,14.77000,14.32000,14.43000,12026200
2025-05-21,12.27000,13.22000,11.95000,12.15000,25026100
2025-05-22,12.00000,12.30000,11.86000,12.16000,13985000
2025-05-23,11.67000,12.11000,11.54000,12.00000,11780700
2025-05-27,12.69000,13.66000,12.42000,13.55000,14107300
2025-05-28,13.60000,13.71000,13.11000,13.18000,8251500
2025-05-29,13.45000,13.50000,12.69000,12.85000,7573300
2025-05-30,12.49000,12.71000,12.29000,12.46000,9181700
2025-06-02,12.39000,12.53000,12.02000,12.23000,9108400
2025-06-03,12.25000,12.65000,12.13000,12.48000,6825300
2025-06-04,12.56000,12.83000,12.33000,12.55000,5739500
2025-06-05,12.44000,12.90000,12.40000,12.59000,6900600
2025-06-06,12.66000,12.81000,12.60000,12.71000,5744300
2025-06-09,12.89000,13.16000,12.72000,13.02000,7829500
2025-06-10,13.13000,13.34000,12.74000,12.98000,7652600
2025-06-11,13.26000,13.26000,12.79000,12.80000,5693000
2025-06-12,12.55000,12.76000,12.47000,12.63000,4670600
2025-06-13,12.32000,12.41000,11.47000,11.59000,12900700
2025-06-16,11.87000,12.43000,11.86000,12.41000,7278500
2025-06-17,12.13000,12.25000,11.85000,11.86000,6013300
2025-06-18,11.87000,11.94000,11.69000,11.76000,5025400
2025-06-20,11.86000,11.94000,11.65000,11.71000,7007000
2025-06-23,11.53000,11.54000,11.06000,11.48000,9210500
2025-06-24,11.80000,11.89000,11.50000,11.69000,6532700
2025-06-25,11.67000,11.76000,11.42000,11.45000,6117000
2025-06-26,11.54000,11.71000,11.45000,11.61000,5003200
2025-06-27,11.85000,11.99000,11.57000,11.84000,6580600
2025-06-30,11.85000,11.88000,11.57000,11.75000,7569900
2025-07-01,11.61000,12.61000,11.57000,12.24000,8969600
2025-07-02,12.35000,12.82000,12.07000,12.48000,10564000
2025-07-03,12.50000,12.68000,12.47000,12.58000,4232400
2025-07-07,12.48000,12.89000,12.38000,12.49000,8129400
2025-07-08,12.58000,12.71000,12.18000,12.44000,8024200
2025-07-09,12.54000,12.67000,12.35000,12.46000,5577500
2025-07-10,12.66000,13.09000,12.56000,12.93000,7958800
2025-07-11,12.60000,12.70000,12.33000,12.33000,5968700
2025-07-14,12.15000,12.29000,11.99000,12.25000,6901700
2025-07-15,12.37000,12.39000,11.72000,11.73000,6958100
2025-07-16,11.87000,11.95000,11.54000,11.82000,6590300
2025-07-17,11.86000,12.30000,11.83000,12.29000,9882100
2025-07-18,12.45000,12.51000,12.14000,12.26000,4865500
2025-07-21,12.51000,12.82000,12.37000,12.45000,6724300
2025-07-22,12.64000,13.14000,12.64000,13.02000,8988100
2025-07-23,13.21000,13.51000,13.11000,13.43000,8872900
2025-07-24,13.13000,13.47000,12.65000,12.68000,6966500
2025-07-25,12.84000,12.91000,12.43000,12.67000,5237300
2025-07-28,12.73000,12.79000,12.41000,12.52000,6927900
2025-07-29,12.46000,12.59000,12.02000,12.40000,14263000
2025-07-30,15.00000,15.40000,12.70000,12.72000,28632000
2025-07-31,12.35000,12.35000,11.45000,11.72000,21327000
2025-08-01,11.52000,11.80000,11.11000,11.66000,13588600
2025-08-04,11.95000,12.85000,11.90000,12.58000,12632400
2025-08-05,12.52000,12.54000,11.94000,12.05000,12501300
2025-08-06,12.12000,12.52000,12.06000,12.26000,9083100
2025-08-07,12.42000,12.43000,12.01000,12.05000,9530000
2025-08-08,12.04000,12.08000,11.65000,11.83000,8116700
2025-08-11,11.85000,12.01000,11.70000,11.79000,6493700
2025-08-12,12.07000,12.28000,11.97000,12.21000,7190100
2025-08-13,12.29000,13.11000,12.28000,13.08000,11075400
2025-08-14,12.57000,12.98000,12.47000,12.96000,6641400
2025-08-15,13.03000,13.28000,12.99000,13.08000,6488200
2025-08-18,12.99000,13.37000,12.98000,13.13000,8478400
2025-08-19,13.19000,13.59000,13.10000,13.11000,6680100
2025-08-20,12.96000,13.09000,12.74000,12.85000,5565100
2025-08-21,12.65000,13.05000,12.60000,13.03000,5882600
2025-08-22,13.07000,13.85000,12.99000,13.70000,8930400
2025-08-25,13.62000,13.77000,13.49000,13.67000,6257800
2025-08-26,14.37000,14.62000,14.27000,14.52000,11726400
2025-08-27,14.50000,14.97000,14.41000,14.94000,8802800
2025-08-28,15.09000,15.57000,14.81000,14.90000,11161700
2025-08-29,14.74000,15.26000,14.70000,15.13000,6599200
2025-09-02,14.78000,15.18000,14.71000,14.84000,6616900
2025-09-03,14.79000,15.23000,14.67000,14.82000,6724900
2025-09-04,14.75000,14.99000,14.39000,14.97000,5740600
2025-09-05,14.93000,15.35000,14.75000,15.00000,5931300
2025-09-08,15.23000,15.57000,14.82000,15.56000,6961000
2025-09-09,15.56000,15.61000,15.18000,15.24000,6869600
2025-09-10,15.14000,15.28000,14.84000,14.97000,5647000
2025-09-11,15.07000,15.65000,15.01000,15.48000,8471000
2025-09-12,15.37000,15.53000,14.85000,14.86000,6971600
2025-09-15,15.37000,15.37000,14.42000,14.71000,13348600
2025-09-16,14.35000,14.83000,13.84000,14.69000,13214400
2025-09-17,14.93000,15.63000,14.67000,14.76000,10725100
2025-09-18,15.03000,15.58000,15.00000,15.11000,8083400
2025-09-19,15.13000,15.19000,14.43000,14.44000,8745600
2025-09-22,14.34000,14.48000,14.03000,14.33000,8373600
2025-09-23,14.43000,15.11000,14.40000,14.83000,8406700
2025-09-24,14.78000,14.86000,14.58000,14.82000,5317000
2025-09-25,14.68000,14.85000,14.16000,14.39000,7009900
2025-09-26,14.45000,14.80000,14.36000,14.73000,5412100
2025-09-29,14.83000,14.84000,14.25000,14.45000,6498000
2025-09-30,14.45000,14.52000,14.08000,14.43000,5266600
2025-10-01,14.49000,15.36000,14.31000,15.34000,6885700
2025-10-02,15.42000,15.48000,15.05000,15.39000,5504300
2025-10-03,15.47000,15.59000,15.16000,15.19000,4504500
2025-10-06,15.31000,15.31000,14.49000,14.50000,5922600
2025-10-07,14.65000,14.79000,14.16000,14.52000,6076000
2025-10-08,14.57000,14.57000,13.82000,14.01000,8427900
2025-10-09,14.06000,14.15000,13.70000,13.90000,7459900
2025-10-10,13.83000,13.88000,13.02000,13.29000,9574500
2025-10-13,13.61000,14.16000,13.55000,14.05000,7821900
2025-10-14,13.75000,14.66000,13.72000,14.48000,5784100
2025-10-15,14.63000,14.84000,14.31000,14.32000,5759300
2025-10-16,14.35000,14.46000,13.91000,14.17000,6539100
2025-10-17,14.06000,14.38000,13.99000,14.28000,5100400
2025-10-20,14.35000,14.69000,14.11000,14.43000,5149400
2025-10-21,14.45000,15.34000,14.29000,15.28000,6062300
2025-10-22,15.22000,15.57000,15.14000,15.29000,6237200
2025-10-23,15.35000,15.92000,15.25000,15.89000,6229100
2025-10-24,16.03000,16.43000,15.82000,16.31000,9689600
2025-10-27,16.50000,16.94000,16.33000,16.61000,15357200
2025-10-28,16.65000,16.65000,14.45000,14.58000,19607700
2025-10-29,14.37000,15.12000,14.19000,14.55000,11339900
2025-10-30,14.33000,14.55000,14.02000,14.06000,8421200
2025-10-31,13.92000,14.10000,13.64000,14.04000,7529000
2025-11-03,13.94000,14.24000,13.81000,14.17000,6971800
2025-11-04,14.04000,14.26000,13.58000,13.76000,7868200
2025-11-05,13.86000,15.06000,13.78000,14.78000,8964400
2025-11-06,14.72000,14.91000,14.09000,14.26000,5662400
2025-11-07,14.12000,14.81000,14.12000,14.64000,4673000
2025-11-10,15.00000,15.08000,14.40000,14.63000,4550700
2025-11-11,14.76000,14.96000,14.62000,14.82000,3856900
2025-11-12,15.01000,15.66000,15.00000,15.44000,4584800
2025-11-13,15.40000,15.73000,15.10000,15.28000,3486800
2025-11-14,14.80000,15.25000,14.74000,14.97000,4919700
2025-11-17,14.89000,14.89000,14.11000,14.25000,5563000
2025-11-18,14.16000,14.69000,14.08000,14.56000,4354600
2025-11-19,14.56000,14.70000,14.35000,14.67000,4453600
2025-11-20,14.86000,15.36000,14.62000,14.63000,5788200
2025-11-21,14.85000,16.29000,14.83000,16.21000,9809100
2025-11-24,16.16000,16.58000,15.96000,16.37000,8275200
2025-11-25,16.57000,17.56000,16.37000,17.24000,8503800
2025-11-26,17.18000,17.61000,17.18000,17.27000,5875700
2025-11-28,17.24000,17.69000,17.11000,17.50000,2130300
2025-12-01,17.27000,18.24000,16.98000,18.14000,5655900
2025-12-02,18.23000,18.23000,17.64000,17.72000,5824800
2025-12-03,17.80000,18.77000,17.73000,18.67000,6313800
2025-12-04,18.56000,18.78000,18.26000,18.57000,4479900
2025-12-05,18.60000,19.27000,18.59000,19.05000,5558700
2025-12-08,18.81000,18.90000,17.86000,18.03000,8007600
2025-12-09,18.18000,18.65000,18.12000,18.17000,6302900
2025-12-10,18.06000,19.36000,18.06000,19.17000,6512100
2025-12-11,19.18000,20.06000,19.15000,19.79000,6230600
2025-12-12,19.94000,20.30000,19.57000,19.66000,5740000
2025-12-15,19.82000,19.93000,19.25000,19.27000,6390200
2025-12-16,19.10000,19.44000,18.84000,19.02000,7908600
2025-12-17,19.03000,19.25000,18.47000,18.54000,7016700
2025-12-18,18.91000,19.04000,18.35000,18.36000,7765300
2025-12-19,18.31000,18.91000,18.20000,18.62000,7516800
2025-12-22,18.65000,18.81000,18.40000,18.65000,6681700
2025-12-23,18.58000,18.67000,18.23000,18.43000,3638200
2025-12-24,18.45000,18.50000,18.21000,18.34000,2167700
2025-12-26,18.46000,18.51000,18.11000,18.50000,2985800
2025-12-29,18.36000,18.40000,18.04000,18.17000,4630800
2025-12-30,18.18000,18.32000,18.07000,18.26000,4873700
2025-12-31,18.38000,18.38000,17.99000,18.08000,4506500
2026-01-02,18.19000,18.32000,17.90000,18.16000,3874100
2026-01-05,18.16000,19.08000,18.10000,18.84000,5765100
2026-01-06,18.74000,19.60000,18.70000,19.47000,7077600
2026-01-07,19.19000,19.50000,18.92000,19.20000,5085900
2026-01-08,19.47000,20.35000,19.24000,20.19000,7640500
2026-01-09,20.31000,20.46000,19.44000,19.86000,6308700
2026-01-12,19.35000,19.91000,19.17000,19.71000,6340700
2026-01-13,19.90000,20.50000,19.50000,19.65000,6581600
2026-01-14,19.36000,19.70000,19.01000,19.27000,6544700
2026-01-15,19.23000,19.58000,19.01000,19.18000,8097400
2026-01-16,19.11000,19.31000,18.77000,18.82000,7274100
2026-01-20,18.62000,19.23000,18.45000,18.65000,5746700
2026-01-21,18.98000,19.76000,18.83000,19.52000,8004800
2026-01-22,19.70000,20.20000,19.63000,19.94000,6801800
2026-01-23,19.93000,20.12000,19.59000,19.74000,5754800
2026-01-26,19.74000,20.10000,19.64000,20.01000,5989700
2026-01-27,20.04000,20.37000,19.77000,20.28000,11875300
2026-01-28,18.03000,19.23000,17.80000,19.11000,20473400
2026-01-29,19.10000,20.28000,18.79000,20.11000,12181100
2026-01-30,20.01000,20.42000,19.54000,19.59000,8168800
2026-02-02,19.56000,20.87000,19.55000,20.51000,9967700
2026-02-03,20.44000,21.41000,20.44000,20.90000,10869500
2026-02-04,21.06000,21.62000,20.82000,21.18000,6984600
2026-02-05,20.88000,20.99000,19.90000,20.10000,7422200
2026-02-06,20.23000,20.77000,20.23000,20.34000,7458800
2026-02-09,20.39000,21.11000,20.26000,21.10000,5368400
2026-02-10,21.13000,21.32000,20.85000,20.91000,5639000
2026-02-11,20.94000,21.19000,20.71000,20.81000,6946500
2026-02-12,20.88000,21.25000,19.74000,20.18000,7024200
2026-02-13,20.19000,20.73000,20.00000,20.30000,4969200
2026-02-17,20.38000,20.78000,19.77000,20.09000,5594000
2026-02-18,19.97000,20.92000,19.92000,20.68000,6129200
2026-02-19,20.41000,20.94000,20.14000,20.81000,3816300
2026-02-20,20.65000,21.92000,20.62000,21.23000,7524100
2026-02-23,20.44000,20.55000,19.37000,19.68000,8223800
2026-02-24,19.77000,20.35000,19.74000,19.77000,6121000
2026-02-25,19.82000,20.04000,19.40000,19.54000,5278500
2026-02-26,19.62000,19.97000,19.45000,19.68000,5219600
2026-02-27,19.23000,19.48000,18.97000,19.42000,5878800
2026-03-02,18.70000,19.15000,18.38000,18.93000,5554900
2026-03-03,18.16000,19.28000,17.74000,18.79000,6413200
2026-03-04,18.91000,19.10000,18.54000,18.71000,3523200
2026-03-05,18.48000,18.65000,18.02000,18.26000,6197800
2026-03-06,17.75000,17.98000,17.27000,17.32000,5186100
2026-03-09,16.91000,17.32000,15.98000,17.27000,9934800
2026-03-10,17.32000,17.71000,16.86000,16.97000,8143000
2026-03-11,16.90000,17.04000,16.17000,16.36000,6237800
2026-03-12,15.95000,16.18000,15.68000,15.72000,8273500
2026-03-13,15.82000,16.20000,15.68000,15.96000,7561200
2026-03-16,16.14000,16.53000,16.01000,16.03000,5937400
2026-03-17,16.40000,16.75000,16.20000,16.59000,5275600
2026-03-18,16.36000,16.95000,16.34000,16.38000,4103300
2026-03-19,16.11000,16.68000,16.06000,16.49000,6738800
2026-03-20,16.46000,16.53000,16.07000,16.28000,6814800
2026-03-23,16.95000,17.27000,16.51000,16.94000,7503000
2026-03-24,16.67000,17.51000,16.49000,17.30000,5338100
2026-03-25,17.54000,17.68000,17.00000,17.21000,5954600
2026-03-26,16.99000,17.36000,16.46000,16.53000,4712000
2026-03-27,16.31000,16.53000,16.08000,16.40000,5094500
2026-03-30,16.45000,16.62000,16.01000,16.15000,5017400
2026-03-31,16.57000,17.11000,16.40000,16.99000,6502600
2026-04-01,17.09000,17.24000,16.78000,16.92000,5577400
2026-04-02,16.39000,16.99000,16.16000,16.87000,4987500
2026-04-06,16.86000,17.13000,16.80000,17.06000,4669100
2026-04-07,16.86000,17.08000,16.64000,16.95000,3949900
2026-04-08,17.88000,18.35000,17.77000,17.88000,8195000
2026-04-09,17.83000,18.55000,17.61000,18.37000,4659900
2026-04-10,18.46000,18.52000,18.16000,18.23000,3458800
2026-04-13,18.02000,18.44000,17.72000,18.44000,6406300
2026-04-14,19.04000,19.27000,18.64000,18.80000,7115300
2026-04-15,19.24000,19.84000,19.13000,19.57000,5261640
