date,open,high,low,close,volume
2016-02-04,8.43000,8.97700,8.33000,8.90000,1042800
2016-02-05,8.95000,9.00000,8.56000,8.63000,1872000
2016-02-08,8.50000,8.61000,8.34000,8.37000,1142300
2016-02-09,8.27000,8.72000,8.22000,8.62000,1799400
2016-02-10,8.76000,9.06000,8.63000,8.88000,1411900
2016-02-11,8.40000,8.81000,8.32000,8.62000,1102800
2016-02-12,9.70000,9.84000,8.71000,9.30000,8306900
2016-02-16,9.75000,10.25000,9.52000,9.93000,3491800
2016-02-17,10.05000,10.14000,9.69000,9.84000,2046700
2016-02-18,9.81000,10.10000,9.81000,9.98000,954300
2016-02-19,10.11000,10.11000,9.75000,9.97000,1039400
2016-02-22,10.15400,10.50000,10.07000,10.38000,1224100
2016-02-23,10.39000,10.40500,9.46000,9.71000,1004100
2016-02-24,9.58000,9.94000,9.32000,9.89000,622500
2016-02-25,9.85000,10.30000,9.63000,10.26000,861000
2016-02-26,10.25000,10.55000,10.15100,10.32000,1081800
2016-02-29,10.36000,10.88000,10.31000,10.44000,1071100
2016-03-01,10.60000,10.85000,10.24000,10.72000,905100
2016-03-02,10.82000,12.00000,10.80000,11.97000,2662900
2016-03-03,12.03000,12.65000,11.87000,12.25000,2686700
2016-03-04,12.25000,12.47000,11.91000,12.01000,1960100
2016-03-07,12.00000,12.64500,11.99000,12.26000,2091400
2016-03-08,12.16000,12.22000,11.23000,11.48000,1816700
2016-03-09,11.78000,12.20000,11.23000,12.03000,5849500
2016-03-10,12.38000,12.43000,10.90000,11.30000,9802000
2016-03-11,11.39000,11.48000,11.01000,11.10000,2337700
2016-03-14,11.14000,11.83000,11.01000,11.61000,3553600
2016-03-15,11.63000,12.00000,11.25000,11.95000,1764000
2016-03-16,11.95000,12.06000,11.72600,11.87000,977000
2016-03-17,11.83000,12.05000,11.75000,11.95000,1309500
2016-03-18,12.00000,12.09000,11.75000,12.04000,3161900
2016-03-21,12.05000,13.48000,12.05000,13.40000,5097700
2016-03-22,13.25000,13.43000,12.95000,13.06000,2755900
2016-03-23,13.19000,13.80000,12.06000,12.59000,5390000
2016-03-24,12.35000,12.99000,12.30100,12.88000,1765600
2016-03-28,13.11000,13.73000,12.77100,13.40000,3367500
2016-03-29,13.38000,14.18000,13.15000,13.74000,3605800
2016-03-30,14.03000,15.13300,13.80000,15.02000,5110400
2016-03-31,14.75000,15.91000,14.37000,15.28000,5629300
2016-04-01,15.23000,15.76000,14.03200,14.22000,4776700
2016-04-04,14.28000,14.40000,13.74000,14.28000,2242600
2016-04-05,14.06000,14.63000,13.85000,14.26000,1886400
2016-04-06,14.39000,15.28900,14.27500,14.97000,3038700
2016-04-07,15.00000,15.29000,14.51000,14.81000,1759400
2016-04-08,15.01000,15.50000,14.75000,15.13000,1869500
2016-04-11,15.15000,15.87000,15.13000,15.36000,3104200
2016-04-12,15.55000,15.81000,15.05000,15.48000,2358800
2016-04-13,15.52000,15.68000,14.78400,15.01000,2646500
2016-04-14,15.10000,15.25000,14.60000,14.82000,1754300
2016-04-15,14.85000,14.87000,14.18000,14.33000,2405100
2016-04-18,14.20000,14.71000,14.13000,14.51000,1384700
2016-04-19,14.59000,14.74000,13.63000,14.09000,2539200
2016-04-20,14.00000,14.35000,13.37000,13.63000,4211900
2016-04-21,13.68000,13.83000,13.00000,13.24000,2085800
2016-04-22,13.20000,13.79000,13.19000,13.34000,1587100
2016-04-25,13.55000,14.23000,13.41000,13.59000,1956900
2016-04-26,13.63000,14.28800,13.60000,14.18000,1702200
2016-04-27,14.00000,14.85000,14.00000,14.69000,1671500
2016-04-28,14.69000,15.67000,14.52000,15.35000,3022000
2016-04-29,15.42000,15.50000,14.52000,14.89000,1818900
2016-05-02,14.90000,15.00000,13.72000,14.00000,2546800
2016-05-03,13.87000,13.87000,13.21400,13.45000,2263500
2016-05-04,13.45000,13.74000,12.90000,13.39000,3135100
2016-05-05,13.50000,13.58000,12.86000,13.05000,4973900
2016-05-06,10.89000,11.19000,10.15300,10.22000,13716800
2016-05-09,10.17000,10.42000,9.56900,9.85000,4881800
2016-05-10,9.95000,10.16000,9.80000,10.00000,3068800
2016-05-11,10.20000,10.20000,9.64000,9.68000,2430200
2016-05-12,9.78000,9.82000,9.20000,9.28000,2703600
2016-05-13,9.30000,9.68500,9.28000,9.36000,1968900
2016-05-16,9.30000,9.56000,8.91000,9.16000,5488500
2016-05-17,8.98000,9.56300,8.63000,9.18000,13089300
2016-05-18,9.11000,9.99000,9.11000,9.40000,5261500
2016-05-19,9.36000,9.65000,9.24500,9.60000,3792600
2016-05-20,9.61000,9.66000,9.25000,9.39000,4165900
2016-05-23,9.60000,9.68000,9.40000,9.46000,4961300
2016-05-24,9.63000,10.22000,9.48000,10.14000,7870700
2016-05-25,10.13000,10.15000,9.81000,10.00000,4933900
2016-05-26,10.00000,10.14000,9.75000,9.75000,2578400
2016-05-27,9.88000,9.93000,9.50000,9.63000,2404700
2016-05-31,9.70000,9.73000,9.46000,9.53000,3815700
2016-06-01,9.50000,9.65000,9.35000,9.60000,2171700
2016-06-02,9.50000,9.68000,9.40000,9.65000,2332700
2016-06-03,9.57000,9.58000,9.33000,9.46000,3083000
2016-06-06,9.42000,9.53000,9.35000,9.51000,1865800
2016-06-07,9.49000,9.59000,9.41000,9.57000,2524700
2016-06-08,9.59000,9.67000,9.35000,9.55000,2951600
2016-06-09,9.48000,9.59000,9.30000,9.34000,2496500
2016-06-10,9.27000,9.44000,9.04500,9.14000,3925600
2016-06-13,9.12000,9.26000,8.87000,8.92000,3509100
2016-06-14,8.98000,9.06000,8.80000,8.89000,3510500
2016-06-15,8.89000,9.14000,8.68000,9.06000,3241700
2016-06-16,8.65000,9.11000,8.64000,9.05000,2876300
2016-06-17,8.94000,9.32300,8.91000,9.04000,4075200
2016-06-20,8.99000,9.28000,8.82000,9.20000,4263200
2016-06-21,9.20000,9.38000,9.12000,9.35000,2594600
2016-06-22,9.28000,9.42000,8.75000,8.78000,6098000
2016-06-23,9.05000,9.16000,8.85000,9.13000,3792900
2016-06-24,8.68000,8.89500,8.52000,8.77000,4909500
2016-06-27,8.72000,8.72000,8.42000,8.62000,3946700
2016-06-28,8.75000,9.03000,8.71000,8.90000,2374100
2016-06-29,9.00000,9.32000,8.91000,9.30000,3367200
2016-06-30,9.24000,9.24000,9.00000,9.05000,3589100
2016-07-01,9.20000,9.42000,9.09000,9.27000,4211300
2016-07-05,9.20000,9.20000,8.91000,8.94000,3407600
2016-07-06,8.85000,9.05000,8.78000,9.00000,1182500
2016-07-07,9.02000,9.20000,8.91000,9.08000,2740500
2016-07-08,9.40000,9.40000,9.17000,9.30000,3183800
2016-07-11,9.35000,9.45000,9.16000,9.24000,2607100
2016-07-12,9.25000,9.40000,9.22000,9.40000,1609900
2016-07-13,9.40000,9.50000,9.21000,9.29000,1831200
2016-07-14,9.31000,9.50000,9.30000,9.37000,1850200
2016-07-15,9.33000,9.34000,9.10000,9.17000,2338500
2016-07-18,9.12000,9.34000,9.10000,9.27000,1543700
2016-07-19,9.24000,9.44000,9.22000,9.35000,1484600
2016-07-20,9.34000,9.65000,9.31000,9.58000,2608200
2016-07-21,9.59000,9.89100,9.42000,9.46000,2687400
2016-07-22,9.50000,9.79000,9.50000,9.73000,1741700
2016-07-25,9.71000,10.18000,9.65000,9.85000,5623800
2016-07-26,9.77000,10.18000,9.75000,10.10000,2816600
2016-07-27,10.20000,10.30000,10.02000,10.13000,3082500
2016-07-28,10.10000,10.28000,10.07000,10.12000,2129300
2016-07-29,10.13000,10.15000,9.90000,10.07000,2717600
2016-08-01,10.02000,10.32000,10.02000,10.19000,2792900
2016-08-02,9.91000,10.23000,9.85000,10.05000,2980100
2016-08-03,10.05000,10.47000,10.01000,10.44000,8043800
2016-08-04,12.09000,12.28000,11.26000,11.32000,30313800
2016-08-05,11.32000,11.47000,10.85000,11.15000,12881000
2016-08-08,11.13000,11.45000,11.04000,11.26000,5226700
2016-08-09,11.27000,11.42600,11.19000,11.30000,4700500
2016-08-10,11.26000,11.26000,10.98000,11.07000,3376500
2016-08-11,11.08000,11.45000,11.08000,11.37000,6812500
2016-08-12,11.33000,11.74000,11.23000,11.66000,5723200
2016-08-15,11.62000,11.66000,11.25000,11.48000,5912100
2016-08-16,11.54000,11.75000,11.50000,11.64000,3508800
2016-08-17,11.54000,11.61000,11.33000,11.40000,4808400
2016-08-18,11.38000,11.84500,11.37000,11.75000,7220000
2016-08-19,11.93000,12.00000,11.78000,11.80000,5882400
2016-08-22,11.78000,11.86000,11.59000,11.82000,3198900
2016-08-23,12.35000,12.54000,12.15000,12.39000,19081900
2016-08-24,12.40000,12.40000,12.11000,12.16000,6771300
2016-08-25,12.18000,12.41000,12.11500,12.31000,6605600
2016-08-26,12.31000,12.32000,11.91000,12.04000,6469600
2016-08-29,11.84000,12.32000,11.79000,12.01000,4370100
2016-08-30,11.98000,12.09000,11.97000,12.07000,3751700
2016-08-31,12.04000,12.22000,12.02000,12.19000,5458500
2016-09-01,12.21000,12.24000,11.99000,12.00000,6005300
2016-09-02,12.05000,12.07000,11.90000,12.05000,3357100
2016-09-06,12.05000,12.16000,11.79000,11.83000,4338000
2016-09-07,11.83000,11.97000,11.83000,11.93000,2579900
2016-09-08,11.90000,11.91000,11.74000,11.78000,2031200
2016-09-09,11.67000,11.67500,11.16000,11.27000,5310800
2016-09-12,11.15000,11.35000,11.02100,11.33000,3019400
2016-09-13,11.30000,11.40000,11.11300,11.23000,3389400
2016-09-14,11.28000,11.35000,11.02000,11.28000,3423800
2016-09-15,11.25000,11.38000,11.14000,11.38000,2879100
2016-09-16,11.35000,11.56000,11.30000,11.37000,5550600
2016-09-19,11.46000,11.61000,11.35500,11.55000,2925500
2016-09-20,11.55000,11.71000,11.50000,11.66000,2801800
2016-09-21,11.66000,11.90000,11.58000,11.90000,2297600
2016-09-22,11.90000,11.96900,11.66000,11.68000,3113100
2016-09-23,11.74000,11.94000,11.55000,11.83000,2781600
2016-09-26,11.83000,11.83000,11.51000,11.55000,4612800
2016-09-27,11.52000,11.82000,11.51000,11.78000,2314300
2016-09-28,11.93000,12.02000,11.56000,11.83000,3749200
2016-09-29,11.80000,11.81000,11.59000,11.64000,2707200
2016-09-30,11.69000,11.74000,11.59000,11.66000,3562400
2016-10-03,11.61000,11.82000,11.52000,11.67000,2480400
2016-10-04,11.63000,11.85000,11.58000,11.63000,2132100
2016-10-05,11.65000,11.75500,11.55000,11.69000,1674600
2016-10-06,11.55000,11.64000,11.29000,11.52000,2370600
2016-10-07,11.40000,11.49000,11.28000,11.48000,1660100
2016-10-10,11.54000,11.73000,11.44000,11.47000,1580900
2016-10-11,11.42000,11.50000,11.14000,11.18000,2345100
2016-10-12,11.15000,11.28000,11.06500,11.27000,2510400
2016-10-13,11.16000,11.33000,11.06000,11.19000,2599800
2016-10-14,11.24000,11.35000,11.07000,11.12000,1897700
2016-10-17,11.02000,11.14000,10.88000,10.93000,2452700
2016-10-18,11.01000,11.38000,11.01000,11.34000,6320900
2016-10-19,11.28000,11.34000,11.16000,11.30000,2548300
2016-10-20,11.30000,11.38000,11.10000,11.19000,2024200
2016-10-21,11.14000,11.34000,11.04000,11.32000,2957300
2016-10-24,11.36000,11.50000,11.22000,11.35000,2172800
2016-10-25,11.31000,11.32000,11.01000,11.07000,2853200
2016-10-26,11.05000,11.21000,11.00000,11.21000,2453000
2016-10-27,11.25000,11.25000,11.08000,11.15000,1909400
2016-10-28,11.15000,11.32000,11.05000,11.14000,3150500
2016-10-31,11.14000,11.25000,11.06000,11.20000,2960600
2016-11-01,11.20000,11.35000,11.00000,11.07000,8190900
2016-11-02,11.45000,11.89000,11.29000,11.78000,19503200
2016-11-03,11.69000,12.05000,11.67000,11.99000,7371500
2016-11-04,11.96000,12.30000,11.94000,12.18000,13462800
2016-11-07,12.26000,12.44000,12.19000,12.22000,5571300
2016-11-08,12.16000,12.39500,12.12000,12.34000,4045900
2016-11-09,11.69000,12.19000,11.67000,12.00000,6211500
2016-11-10,12.05000,12.11000,11.58100,11.65000,5720600
2016-11-11,11.63000,11.95000,11.43000,11.88000,4766200
2016-11-14,12.12000,12.62000,12.12000,12.35000,19713000
2016-11-15,12.32000,12.49000,12.02000,12.03000,4553100
2016-11-16,12.00000,12.05000,11.76000,12.04000,4296200
2016-11-17,11.88000,12.36000,11.88000,12.22000,4801100
2016-11-18,12.26000,12.47000,12.14500,12.16000,2937000
2016-11-21,12.24000,12.36000,12.08000,12.22000,3760100
2016-11-22,12.25000,12.51000,12.25000,12.46000,4480000
2016-11-23,12.40000,12.50000,12.32000,12.43000,3051000
2016-11-25,12.51000,12.77000,12.49000,12.75000,2312700
2016-11-28,12.65000,12.84000,12.51000,12.53000,4204900
2016-11-29,12.53000,12.69000,12.38000,12.46000,5073700
2016-11-30,12.47000,13.00000,12.46000,12.94000,7805400
2016-12-01,12.74000,12.88000,12.46000,12.71000,9372900
2016-12-02,12.93000,13.27500,12.93000,13.06000,7325700
2016-12-05,13.18000,13.39500,13.08000,13.20000,4764400
2016-12-06,13.21000,13.33000,13.03000,13.27000,3093800
2016-12-07,13.49000,14.16000,13.40000,14.12000,11375100
2016-12-08,14.12000,14.17000,13.70000,13.94000,5539000
2016-12-09,13.98000,13.99000,13.73000,13.89000,3715200
2016-12-12,13.93000,14.09000,13.65000,13.85000,4708000
2016-12-13,13.74000,14.11000,13.73000,14.07000,5392900
2016-12-14,13.93000,14.19000,13.80000,13.83000,3072600
2016-12-15,13.78000,14.37000,13.75000,14.13000,4517100
2016-12-16,14.29000,14.47000,14.23000,14.38000,7372800
2016-12-19,14.35000,14.60000,14.30000,14.36000,4170500
2016-12-20,14.73000,14.82000,14.41000,14.48000,5822700
2016-12-21,14.45000,14.54000,14.27000,14.38000,4275300
2016-12-22,14.33000,14.34000,13.93000,14.05000,4086000
2016-12-23,13.94000,14.24000,13.88000,14.07000,1609400
2016-12-27,14.12000,14.24600,14.00000,14.00000,2705600
2016-12-28,14.08000,14.12000,13.85000,13.95000,2389000
2016-12-29,13.94000,14.11000,13.64000,13.73000,2978700
2016-12-30,13.71000,13.77000,13.53000,13.63000,2986600
2017-01-03,13.82000,14.01500,13.66000,13.81000,3363900
2017-01-04,13.86000,14.26000,13.72500,14.25000,4977400
2017-01-05,14.25000,14.61000,14.01000,14.56000,5779800
2017-01-06,14.56000,15.07500,14.53000,15.00000,6382200
2017-01-09,14.98000,15.19500,14.85000,15.06000,4960200
2017-01-10,15.09000,15.49000,14.70000,14.91000,6739900
2017-01-11,14.95000,14.99000,14.71000,14.90000,3952600
2017-01-12,14.84000,14.88000,14.54500,14.74000,2324800
2017-01-13,14.79000,14.92000,14.69000,14.75000,1921400
2017-01-17,14.69000,14.77000,14.54000,14.69000,3198900
2017-01-18,14.80000,14.84000,14.62000,14.64000,8076800
2017-01-19,14.64000,14.89000,14.60000,14.73000,2511800
2017-01-20,14.75000,15.00000,14.71500,14.89000,3153300
2017-01-23,14.90000,14.96000,14.57000,14.61000,3881100
2017-01-24,14.61000,14.75000,14.43000,14.66000,3651900
2017-01-25,14.69000,14.99000,14.52000,14.60000,3234600
2017-01-26,14.50000,14.63000,14.13000,14.41000,4310400
2017-01-27,14.47000,14.55000,14.26500,14.53000,2320000
2017-01-30,14.46000,14.49000,14.18000,14.45000,2422200
2017-01-31,14.40000,14.77000,14.36500,14.62000,3124100
2017-02-01,14.49000,14.56500,14.18000,14.36000,4679000
2017-02-02,14.25000,14.50000,14.19000,14.36000,2376200
2017-02-03,14.29000,14.44000,14.11000,14.28000,3632200
2017-02-06,14.29000,14.50000,14.03000,14.40000,3157400
2017-02-07,14.38000,14.50000,14.26000,14.40000,3085600
2017-02-08,14.44000,14.55500,14.35000,14.47000,2586200
2017-02-09,14.47000,14.74500,14.47000,14.73000,2548300
2017-02-10,14.74000,14.74000,14.53000,14.61000,2159800
2017-02-13,14.65000,15.04000,14.45000,14.50000,7216800
2017-02-14,14.47000,14.52000,14.03000,14.33000,5903400
2017-02-15,14.31000,14.41000,14.21000,14.31000,4068300
2017-02-16,14.30000,14.35000,13.84000,13.89000,5932100
2017-02-17,14.02000,14.60000,13.99000,14.47000,7726400
2017-02-21,14.63000,14.66000,14.34000,14.63000,6042300
2017-02-22,14.75000,15.21500,14.60000,15.04000,12329800
2017-02-23,16.67000,17.75000,16.32000,17.15000,43946600
2017-02-24,16.95000,17.63000,16.90000,17.43000,15892300
2017-02-27,17.42000,18.17000,17.31000,17.93000,12652700
2017-02-28,17.79000,17.79000,17.27000,17.32000,12769700
2017-03-01,17.53000,17.64000,17.06000,17.22000,13025600
2017-03-02,17.20000,17.35000,16.98000,16.99000,7293700
2017-03-03,16.83000,17.20000,16.57000,16.89000,13050500
2017-03-06,16.91000,17.15500,16.71000,16.86000,6005700
2017-03-07,16.90000,16.90000,16.50000,16.76000,5762700
2017-03-08,16.76000,17.00000,16.70000,16.83000,3872100
2017-03-09,16.85000,17.20500,16.70000,17.07000,5693700
2017-03-10,17.14000,17.18000,16.83000,16.91000,4865600
2017-03-13,16.91000,17.09200,16.83000,16.93000,3718000
2017-03-14,16.95000,16.95000,16.64000,16.77000,3950500
2017-03-15,16.80000,17.00000,16.74000,16.95000,4548700
2017-03-16,17.00000,17.28000,17.00000,17.21000,8838400
2017-03-17,17.18000,17.34000,17.06000,17.28000,5680700
2017-03-20,17.28000,17.37000,17.17000,17.24000,4596100
2017-03-21,17.25000,17.28000,16.40000,16.51000,6379900
2017-03-22,16.46000,16.56500,16.11000,16.41000,5054200
2017-03-23,16.40000,17.03000,16.40000,16.61000,6410200
2017-03-24,16.75000,16.94000,16.47000,16.59000,4008500
2017-03-27,16.37000,17.27000,16.22000,17.25000,6935500
2017-03-28,17.38000,17.50000,16.92000,17.23000,7385300
2017-03-29,17.22000,17.59000,17.19000,17.22000,5381500
2017-03-30,17.25000,17.39500,17.12000,17.32000,4580900
2017-03-31,17.32000,17.42000,17.22000,17.28000,2356300
2017-04-03,17.24000,17.30000,16.69000,17.03000,8709100
2017-04-04,16.97000,17.18000,16.93000,17.04000,5979200
2017-04-05,17.05000,17.08000,16.74000,16.75000,5388500
2017-04-06,16.84000,17.01000,16.69000,17.00000,4800100
2017-04-07,17.00000,17.00000,16.69000,16.69000,4319500
2017-04-10,16.78000,17.10000,16.77800,16.99000,3781500
2017-04-11,16.93000,16.99000,16.66000,16.92000,3199000
2017-04-12,16.88000,17.51000,16.78000,17.30000,11161400
2017-04-13,17.27000,17.37000,16.75000,16.92000,5286000
2017-04-17,16.92000,17.10000,16.82000,17.08000,2196000
2017-04-18,17.01000,17.04000,16.87000,16.98000,3282000
2017-04-19,17.00000,17.42700,16.98000,17.20000,3799300
2017-04-20,17.31000,17.75000,17.30000,17.71000,4897100
2017-04-21,17.83000,17.83000,17.32000,17.49000,5176700
2017-04-24,17.75000,17.93500,17.58500,17.85000,5380800
2017-04-25,17.97000,18.30000,17.81500,18.22000,7965500
2017-04-26,18.25000,18.25000,17.92000,18.08000,4504900
2017-04-27,18.18000,18.45500,18.15100,18.23000,5680400
2017-04-28,18.32000,18.40000,17.94500,18.24000,4644500
2017-05-01,18.33000,18.79500,18.15000,18.61000,5865200
2017-05-02,18.97000,19.03000,18.47000,18.81000,9125400
2017-05-03,18.90000,18.90000,18.08000,18.28000,14720700
2017-05-04,19.23000,20.42000,19.18000,19.90000,26533600
2017-05-05,19.75000,19.90000,19.35000,19.78000,9608300
2017-05-08,19.73000,19.84000,19.47000,19.56000,6361600
2017-05-09,19.64000,20.05000,19.52000,19.80000,8102400
2017-05-10,19.73000,19.97000,19.65000,19.95000,5784500
2017-05-11,19.95000,19.99000,19.55000,19.71000,4439200
2017-05-12,19.75000,20.50000,19.75000,20.08000,7809200
2017-05-15,20.19000,20.38500,20.12000,20.25000,4503200
2017-05-16,20.25000,20.69000,20.12500,20.34000,8379000
2017-05-17,19.87000,20.16000,19.53000,19.56000,12443100
2017-05-18,19.53000,19.94000,19.45000,19.68000,5818700
2017-05-19,19.88000,20.00000,19.72500,19.91000,5086700
2017-05-22,19.98000,21.00000,19.98000,20.95000,9836000
2017-05-23,20.98000,21.75000,20.90000,21.64000,12888000
2017-05-24,21.64000,21.98000,21.42000,21.92000,6623500
2017-05-25,21.97000,22.73000,21.93000,22.33000,9841500
2017-05-26,22.34000,22.61000,22.22000,22.33000,6402200
2017-05-30,22.37000,22.86000,22.28000,22.74000,7032600
2017-05-31,23.07000,23.57000,22.81000,22.99000,10844300
2017-06-01,23.05000,23.23500,22.74100,23.23000,5882200
2017-06-02,23.19700,23.23000,22.55000,23.20000,8156500
2017-06-05,23.11000,23.73000,22.85000,23.39000,7817400
2017-06-06,23.50000,24.44000,23.49000,24.21000,14665100
2017-06-07,24.45000,24.50000,23.70000,24.29000,9844900
2017-06-08,24.31000,24.83000,24.07000,24.78000,6943200
2017-06-09,24.72000,24.97000,22.41300,23.03000,16322100
2017-06-12,22.70000,23.60000,22.41000,23.60000,16378800
2017-06-13,24.11000,24.20000,23.34000,23.48000,6790600
2017-06-14,23.59000,23.67000,23.03000,23.47000,6888300
2017-06-15,23.12000,24.17000,22.45000,23.99000,8937200
2017-06-16,23.58000,23.99000,23.31000,23.56000,9809500
2017-06-19,23.62000,24.22500,23.56000,24.20000,8147600
2017-06-20,24.25000,24.46000,23.58000,23.85000,7159900
2017-06-21,24.04000,24.34000,23.96000,24.16000,4203100
2017-06-22,24.23000,24.35000,23.93000,24.28000,5175100
2017-06-23,24.33000,24.42000,23.88000,24.17000,15013700
2017-06-26,24.33000,24.50000,23.84000,23.93000,5205400
2017-06-27,23.93000,24.24000,23.21000,23.32000,5745800
2017-06-28,23.64000,24.34000,23.40000,24.30000,6957700
2017-06-29,24.27000,24.30000,23.23000,23.40000,7136300
2017-06-30,23.45000,23.67000,23.30300,23.46000,4259000
2017-07-03,23.55000,23.60000,22.66000,22.83000,3584100
2017-07-05,23.30000,24.16000,23.05000,23.76000,9203000
2017-07-06,23.72000,23.90000,23.19000,23.22000,5135100
2017-07-07,23.43000,23.82000,23.39100,23.59000,3423900
2017-07-10,23.58000,24.13000,23.44000,23.94000,4661100
2017-07-11,24.00000,25.56000,23.81000,25.44000,17666000
2017-07-12,25.61000,26.43500,25.16000,26.21000,15317900
2017-07-13,26.18000,26.50000,25.66000,25.98000,8413000
2017-07-14,26.03000,26.65000,25.97000,26.33000,6816700
2017-07-17,26.49000,26.62000,26.06000,26.19000,4231300
2017-07-18,26.30000,26.79000,26.17000,26.59000,7662500
2017-07-19,26.75000,26.77200,26.20000,26.36000,4567500
2017-07-20,26.44000,26.55000,26.22000,26.39000,4154800
2017-07-21,26.54000,27.11000,26.37000,26.85000,5700500
2017-07-24,26.85000,26.99500,26.22000,26.75000,9104200
2017-07-25,26.85000,26.92000,26.35000,26.89000,4223400
2017-07-26,26.93000,27.68000,26.85000,27.31000,7892800
2017-07-27,27.94000,27.97000,25.20000,25.92000,14476100
2017-07-28,26.10000,26.58000,25.60000,26.20000,7787900
2017-07-31,26.47000,26.84000,26.03000,26.35000,6473200
2017-08-01,26.58000,26.90000,26.39000,26.81000,6999200
2017-08-02,27.25000,27.30000,25.60000,26.46000,16149700
2017-08-03,25.40000,25.84000,24.70000,25.22000,15868200
2017-08-04,25.27000,25.77000,25.00000,25.21000,8209700
2017-08-07,25.34000,25.85000,25.30000,25.68000,5918500
2017-08-08,25.90000,26.27000,25.47000,26.02000,7229800
2017-08-09,25.80000,25.86000,25.37000,25.59000,5717300
2017-08-10,25.49000,25.50000,24.58000,24.65000,8546200
2017-08-11,24.41000,25.09000,24.36000,24.82000,5266500
2017-08-14,25.25000,25.47000,25.03000,25.20000,4258200
2017-08-15,25.36000,25.38000,24.80000,24.83000,5047500
2017-08-16,25.08000,25.18000,24.86500,24.99000,4170600
2017-08-17,25.00000,25.47000,24.51000,24.54000,5352700
2017-08-18,24.78000,25.08000,24.63500,24.83000,5325700
2017-08-21,24.92000,25.00000,24.22000,24.46000,5867200
2017-08-22,24.72000,25.34000,24.70000,25.34000,7065400
2017-08-23,25.30000,25.88000,25.20000,25.48000,6008600
2017-08-24,25.70000,25.85000,25.35000,25.66000,4734100
2017-08-25,25.85000,25.88000,24.92000,24.99000,5619900
2017-08-28,25.11000,25.15000,24.80000,24.91000,3555800
2017-08-29,24.76000,25.10000,24.64000,25.04000,3640600
2017-08-30,25.43000,25.91000,25.18000,25.76000,4453300
2017-08-31,25.90000,26.49000,25.87000,26.11000,5352800
2017-09-01,26.10000,26.25000,25.66000,25.93000,3257300
2017-09-05,25.75000,25.82000,25.24000,25.77000,4970500
2017-09-06,25.90000,26.17000,25.72000,26.05000,6502500
2017-09-07,26.12000,26.69000,25.86000,26.30000,7855700
2017-09-08,26.47000,26.99000,26.40000,26.53000,5933400
2017-09-11,26.80000,27.66000,26.78000,27.57000,8612700
2017-09-12,27.60000,27.64000,26.80000,27.27000,6133900
2017-09-13,27.40000,27.50000,26.67100,27.49000,6271700
2017-09-14,27.47000,28.80000,27.28000,28.64000,16225400
2017-09-15,28.23000,28.73000,28.01000,28.50000,19504800
2017-09-18,28.59000,29.00000,28.50000,28.69000,9366400
2017-09-19,28.70000,28.85000,28.35000,28.56000,5885300
2017-09-20,28.53000,28.67000,28.22000,28.47000,4327000
2017-09-21,28.38000,28.50000,28.07000,28.40000,3976400
2017-09-22,28.40000,28.94000,28.31000,28.75000,4841500
2017-09-25,28.75000,28.76000,27.21000,27.45000,9481900
2017-09-26,27.88000,28.48000,27.38000,27.61000,5850900
2017-09-27,28.46000,28.55000,27.81500,28.07000,4849300
2017-09-28,28.45000,28.57000,27.96000,28.49000,5875700
2017-09-29,28.51000,28.87500,28.27000,28.81000,5705500
2017-10-02,28.80000,29.55000,28.78000,29.39000,6336000
2017-10-03,29.45000,30.02500,29.37000,29.94000,8843300
2017-10-04,30.03000,30.39900,29.56000,30.15000,7434100
2017-10-05,30.18000,30.90000,30.00000,30.76000,7507300
2017-10-06,30.55000,30.88000,30.50000,30.76000,4008100
2017-10-09,30.77000,31.52000,30.76000,31.07000,5893200
2017-10-10,31.44000,31.44000,30.65000,31.32000,5774700
2017-10-11,31.34000,32.00000,31.21000,32.00000,6896500
2017-10-12,32.35000,33.16100,32.21000,32.81000,10528100
2017-10-13,33.22000,33.22000,32.41000,32.81000,7135600
2017-10-16,32.95000,33.29500,32.58000,33.22000,6299800
2017-10-17,33.25000,33.30500,32.13000,32.69000,10864400
2017-10-18,33.02000,33.06000,32.34100,32.52000,5437500
2017-10-19,32.09000,32.26000,31.44100,32.12000,6978100
2017-10-20,32.61000,32.75000,32.20000,32.50000,5926000
2017-10-23,32.74000,32.97600,32.46000,32.53000,4885700
2017-10-24,32.80000,32.84300,32.50000,32.71000,3847900
2017-10-25,32.99000,32.99000,32.20000,32.90000,6198100
2017-10-26,33.00000,34.75000,32.82000,34.11000,14738200
2017-10-27,34.69000,35.29000,34.21500,35.20000,10183500
2017-10-30,35.80000,35.81000,34.66000,35.75000,10321400
2017-10-31,35.82000,37.44000,35.82000,37.19000,13075900
2017-11-01,37.48000,37.52000,35.87000,36.47000,10587400
2017-11-02,35.87000,36.36000,34.75000,36.07000,8884500
2017-11-03,36.23000,36.98000,35.91100,36.89000,6615600
2017-11-06,37.31000,37.75000,36.80000,37.18000,8503000
2017-11-07,37.69000,37.69000,36.29000,36.76000,10536700
2017-11-08,36.94000,37.15900,36.00000,36.71000,13485400
2017-11-09,36.45000,38.01000,34.83000,37.96000,23511400
2017-11-10,37.65000,39.73100,37.39000,39.21000,19473500
2017-11-13,39.13000,40.19000,38.31000,39.98000,14382400
2017-11-14,39.98000,40.50000,39.51000,39.74000,11567500
2017-11-15,41.15000,41.80000,40.17000,40.66000,20676000
2017-11-16,40.95000,41.97000,40.52000,41.90000,19901900
2017-11-17,42.49000,45.74000,42.44000,44.18000,39206500
2017-11-20,44.99000,46.06000,44.58000,45.21000,28654900
2017-11-21,46.00000,48.24000,45.70300,48.06000,28904500
2017-11-22,46.86100,49.55000,46.10000,48.81000,44557600
2017-11-24,49.40000,49.56000,48.11000,48.86000,16562700
2017-11-27,47.21000,47.40000,40.37000,41.02000,76437500
2017-11-28,39.89000,44.05000,39.50000,42.55000,56515900
2017-11-29,43.20000,43.39000,37.18000,39.13000,52069600
2017-11-30,39.27000,40.78000,38.82000,39.22000,39352700
2017-12-01,39.34000,39.55000,36.72000,38.22000,25390100
2017-12-04,38.41000,38.69000,35.90000,36.87000,29566900
2017-12-05,36.75000,38.59000,36.74000,37.60000,21276200
2017-12-06,37.73000,39.77000,37.27000,37.61000,28820400
2017-12-07,39.32500,39.46000,37.96000,38.73000,23721600
2017-12-08,39.61000,39.79000,37.94000,38.09000,20917800
2017-12-11,38.15000,38.68000,37.70000,38.30000,15780200
2017-12-12,38.07000,39.64000,37.93000,38.08000,18834100
2017-12-13,38.17000,38.45000,36.07000,36.19000,25376200
2017-12-14,35.85000,37.54000,35.80000,37.01000,20939500
2017-12-15,37.30000,37.65300,36.87000,37.03000,12932000
2017-12-18,37.41000,38.00000,37.22000,37.75000,11897300
2017-12-19,38.10000,38.10000,36.52000,36.92000,12019100
2017-12-20,36.98000,37.04000,35.58000,35.66000,14012000
2017-12-21,35.68000,36.47000,35.66000,35.87000,9669100
2017-12-22,35.07000,35.33000,34.14000,35.14000,14382400
2017-12-26,35.00000,35.50000,34.72000,35.05000,7131300
2017-12-27,35.01000,36.09000,35.01000,35.75000,9559500
2017-12-28,35.92000,36.10000,34.96000,35.13000,8217500
2017-12-29,34.79000,35.08000,34.38000,34.67000,10462300
2018-01-02,34.70000,36.24000,34.68000,36.17000,11240500
2018-01-03,36.43000,37.36000,36.05000,37.31000,11617900
2018-01-04,38.30000,38.66000,37.40000,38.10000,20469800
2018-01-05,38.39000,41.15000,38.19000,41.14000,31102000
2018-01-08,41.00000,41.91000,39.81000,40.76000,26626100
2018-01-09,40.45000,41.48100,39.22000,40.88000,14710900
2018-01-10,40.62000,41.20000,40.00000,40.84000,11265600
2018-01-11,41.03000,43.08000,41.03000,42.30000,21023600
2018-01-12,42.37000,42.50000,41.01000,41.25000,13852300
2018-01-16,41.15000,41.25000,38.67000,39.32000,17333900
2018-01-17,39.32000,40.31000,39.22000,40.06000,10952300
2018-01-18,40.29000,41.13000,40.02000,40.27000,9836400
2018-01-19,42.17000,42.98000,41.66000,42.56000,24141600
2018-01-22,42.80000,45.44000,42.76000,45.29000,27197400
2018-01-23,45.06000,45.67000,43.50000,45.01000,19998000
2018-01-24,45.22000,45.82000,43.04000,44.32000,13960500
2018-01-25,44.83000,45.49000,44.03000,45.12000,9049900
2018-01-26,45.50000,46.25000,44.85000,45.97000,11110100
2018-01-29,46.08000,46.24900,44.90000,45.43000,7642500
2018-01-30,44.42000,45.94000,42.56000,45.52000,10229300
2018-01-31,45.96900,47.50000,45.80000,46.91000,15334400
2018-02-01,45.75000,46.71000,44.02000,44.45000,15925100
2018-02-02,43.90000,45.35000,43.35000,43.61000,14284100
2018-02-05,42.04000,44.23000,40.12000,41.02000,16631600
2018-02-06,39.92000,41.98000,39.10000,41.61000,20298800
2018-02-07,42.01000,42.79000,41.50000,41.67000,11060600
2018-02-08,42.85000,42.85000,39.50000,39.50000,16509100
2018-02-09,39.97000,40.57000,36.76000,39.57000,18780000
2018-02-12,39.81000,40.46000,38.80000,39.92000,9912800
2018-02-13,39.85000,42.68000,39.74000,42.11000,13293800
2018-02-14,41.81000,42.49000,40.72000,41.85000,16185700
2018-02-15,42.30000,45.04000,42.22000,44.29000,19642300
2018-02-16,44.03000,45.19000,43.54000,44.11000,10247800
2018-02-20,44.56000,46.44000,44.36000,44.93000,15747000
2018-02-21,45.85000,45.90000,43.80000,44.10000,11365400
2018-02-22,44.37000,45.00000,44.01000,44.90000,7078200
2018-02-23,45.02000,45.46000,44.22000,44.86000,7901400
2018-02-26,45.50000,46.85000,45.25000,46.55000,13615200
2018-02-27,46.56000,47.11000,45.41000,45.91000,19449200
2018-02-28,45.90000,48.00000,45.55000,46.05000,24022000
2018-03-01,46.00000,46.25000,44.29000,46.01000,17570500
2018-03-02,45.34000,46.12000,45.01000,46.02000,11010500
2018-03-05,45.46000,50.50000,45.44000,50.42000,30623200
2018-03-06,49.55000,50.01000,47.81000,49.60000,20827200
2018-03-07,48.70000,51.89000,48.55000,50.72000,18318000
2018-03-08,50.72000,52.97000,50.70000,52.25000,16961300
2018-03-09,52.70000,53.22000,52.15000,52.49000,11545300
2018-03-12,52.62000,53.79000,52.10000,53.19000,12482100
2018-03-13,53.40000,53.64700,50.76000,51.83000,13500400
2018-03-14,53.20000,54.84000,53.20000,54.61000,22043000
2018-03-15,55.10000,55.54000,54.09000,54.84000,13391000
2018-03-16,54.52000,55.05000,53.90000,54.89000,10818300
2018-03-19,54.78000,55.88600,53.15000,54.58000,16600600
2018-03-20,54.39000,58.06900,54.30000,57.69000,17238200
2018-03-21,57.81000,58.46000,56.52000,57.09000,13534300
2018-03-22,56.77000,56.77000,54.27000,55.16000,15704100
2018-03-23,54.06000,54.06000,51.12000,51.67000,20521900
2018-03-26,53.05000,53.66000,51.11000,53.55000,11332700
2018-03-27,54.86000,55.15000,50.35000,51.06000,13509300
2018-03-28,50.40000,50.40000,46.14000,47.39000,27553900
2018-03-29,47.85000,49.79000,47.65000,49.20000,18350500
2018-04-02,48.88000,49.37000,47.02000,47.68000,11918400
2018-04-03,48.70000,48.87000,46.75000,47.58000,9794600
2018-04-04,45.46000,47.84000,45.16000,47.67000,10540100
2018-04-05,48.30000,48.88000,47.57000,48.02000,9375200
2018-04-06,47.50000,47.65000,44.94000,45.87000,14184800
2018-04-09,46.13000,47.19000,45.83000,45.89000,8445300
2018-04-10,46.99000,47.88000,46.50200,47.80000,8701500
2018-04-11,47.67000,48.99000,47.46000,47.76000,7832300
2018-04-12,48.45000,50.14000,48.15000,49.69000,10479900
2018-04-13,50.34000,50.42000,47.21000,47.50000,11286200
2018-04-16,47.78000,47.90000,46.37000,47.03000,7414700
2018-04-17,47.93000,49.69000,47.87000,49.13000,8250200
2018-04-18,49.34000,51.68000,48.76000,51.38000,11145500
2018-04-19,51.13000,51.58000,50.09000,50.63000,8926400
2018-04-20,50.89000,52.50000,50.66000,51.46000,9079200
2018-04-23,51.80000,51.99000,50.12000,50.35000,7092100
2018-04-24,50.35000,50.35000,45.31000,46.01000,18383900
2018-04-25,46.80000,46.90000,43.72000,44.75000,16085100
2018-04-26,46.11000,47.37000,45.60000,46.74000,10236800
2018-04-27,48.00000,48.77000,47.19000,47.57000,10176400
2018-04-30,47.70000,48.92000,45.76000,47.34000,16758000
2018-05-01,47.11000,48.50000,46.69000,48.20000,7670000
2018-05-02,48.34000,50.00000,48.30000,48.66000,18113300
2018-05-03,46.70000,49.48000,46.50100,49.21000,20472800
2018-05-04,48.30000,49.67000,48.15000,49.10000,10442100
2018-05-07,49.10000,51.82000,49.05000,51.12000,13758900
2018-05-08,51.21000,53.68000,50.24000,53.32000,18013400
2018-05-09,53.15000,54.89000,52.43000,54.26000,12653500
2018-05-10,54.52000,55.50000,53.86000,54.65000,10628800
2018-05-11,54.54000,55.48000,54.01000,54.73000,7470500
2018-05-14,55.05000,56.08000,54.05000,54.28000,10681900
2018-05-15,54.02000,55.00000,53.13000,54.65000,7653600
2018-05-16,54.78000,56.72000,54.46000,56.59000,10878800
2018-05-17,56.50000,57.19000,54.60000,54.82000,14528400
2018-05-18,53.54000,55.33000,53.00000,55.04000,10012200
2018-05-21,56.04000,57.05000,55.70500,56.39000,8228800
2018-05-22,56.40000,56.62000,54.49000,54.63000,9693800
2018-05-23,54.17000,55.09000,53.66000,55.09000,9545800
2018-05-24,55.00000,55.84000,54.76000,55.55000,7574100
2018-05-25,55.84000,56.86000,55.41000,55.77000,5509700
2018-05-29,56.00000,57.83900,55.89000,56.92000,10247300
2018-05-30,57.67000,58.39000,56.92000,57.91000,9457000
2018-05-31,58.00000,58.90000,57.60000,58.25000,7980900
2018-06-01,58.70000,60.26000,58.28100,59.41000,10479600
2018-06-04,60.49000,61.49000,59.71000,61.20000,10717900
2018-06-05,61.36000,61.93000,60.43000,61.57000,8752800
2018-06-06,61.60000,62.83000,61.08000,62.72000,8590900
2018-06-07,62.65000,62.77000,59.30000,60.67000,14474600
2018-06-08,60.58000,62.04000,60.19000,61.78000,8300900
2018-06-11,61.97000,62.46000,59.50000,61.29000,6048000
2018-06-12,61.77000,64.08000,61.65000,63.21000,9585600
2018-06-13,62.25000,63.86000,62.17000,62.50000,11262000
2018-06-14,63.20000,64.85000,63.20000,63.88000,11913100
2018-06-15,63.65000,64.60000,62.53000,64.48000,7904400
2018-06-18,64.15000,66.44000,63.88000,66.20000,10488300
2018-06-19,65.32000,66.10000,63.55000,65.96000,9504500
2018-06-20,66.59000,68.97000,66.55000,67.59000,12382500
2018-06-21,68.78000,69.40000,66.27000,67.10000,9999500
2018-06-22,68.17000,68.17000,65.11000,65.75000,10778400
2018-06-25,64.00000,64.15000,60.87000,61.89000,15115400
2018-06-26,62.03000,63.40000,61.11000,62.55000,13168900
2018-06-27,63.85000,64.16000,59.83000,60.09000,11139700
2018-06-28,61.02000,61.83000,59.40000,61.55000,11836900
2018-06-29,62.30000,62.77000,61.44000,61.64000,6759300
2018-07-02,60.47000,63.23000,60.26000,63.14000,5427100
2018-07-03,63.32000,63.65000,61.52000,61.75000,4234700
2018-07-05,62.55000,64.43000,62.28000,64.15000,7671000
2018-07-06,64.60000,66.52000,63.76000,66.44000,10441600
2018-07-09,67.30000,67.50000,64.85000,66.48000,9067800
2018-07-10,66.00000,66.85000,64.41000,64.76000,9162700
2018-07-11,64.29000,65.84000,64.12000,65.33000,5857100
2018-07-12,65.81000,67.49000,65.70000,67.28000,8927300
2018-07-13,67.03000,67.28000,65.50000,66.97000,7686000
2018-07-16,66.69000,68.33800,66.69000,66.95000,5407900
2018-07-17,66.57000,68.67000,66.37000,68.33000,6293100
2018-07-18,68.45000,68.83000,67.42000,68.29000,4913100
2018-07-19,69.40000,71.32000,68.85000,70.32000,11981300
2018-07-20,70.95000,72.09000,70.17000,70.41000,9262800
2018-07-23,70.50000,72.21000,69.65000,71.60000,7059700
2018-07-24,72.57000,72.80000,68.20000,69.36000,12188100
2018-07-25,69.73000,72.53000,69.63000,72.53000,8286200
2018-07-26,71.18000,72.33000,70.11000,71.99000,6744500
2018-07-27,72.48000,73.19000,68.76000,69.85000,8687200
2018-07-30,70.04000,70.20000,64.21000,65.62000,13599000
2018-07-31,65.88000,66.80000,63.21000,64.65000,10692300
2018-08-01,65.10000,67.41000,65.00000,66.86000,11990400
2018-08-02,65.25000,72.82000,64.22000,72.65000,20831900
2018-08-03,72.10000,72.43000,67.83000,68.36000,14949000
2018-08-06,69.61000,71.00000,68.74000,70.92000,10876000
2018-08-07,70.89000,71.59000,69.93000,71.00000,6589700
2018-08-08,70.85000,71.10000,69.55100,70.82000,5006400
2018-08-09,71.12000,71.27000,69.30000,69.38000,6312700
2018-08-10,69.22000,72.23000,68.90000,70.60000,13371600
2018-08-13,70.69000,74.49000,70.60000,72.37000,13082400
2018-08-14,73.67000,75.15000,73.48000,74.97000,10883300
2018-08-15,74.49000,75.45000,71.45100,72.24000,13050900
2018-08-16,73.40000,73.43000,71.60000,72.76000,8175200
2018-08-17,72.83000,73.39000,71.80100,72.90000,5561400
2018-08-20,72.95000,74.40000,72.01000,74.26000,7076700
2018-08-21,74.26000,76.31000,74.26000,75.19000,8587800
2018-08-22,75.19000,76.83000,74.75000,76.44000,6827800
2018-08-23,76.96000,78.43000,76.66100,77.12000,7721700
2018-08-24,77.84000,78.47000,77.45000,78.18000,7050600
2018-08-27,78.79000,79.06000,77.26000,78.25000,8257200
2018-08-28,78.84000,81.41000,78.62300,80.80000,11452000
2018-08-29,82.40500,86.17000,81.44000,85.70000,22484700
2018-08-30,85.72000,89.22000,85.50000,87.76000,20083800
2018-08-31,87.83000,89.69500,87.38000,88.64000,11165100
2018-09-04,88.74000,91.64000,87.76000,91.25000,13753200
2018-09-05,91.30000,91.41000,84.34000,87.20000,18020900
2018-09-06,87.83000,89.80000,86.70000,88.54000,12523600
2018-09-07,87.66000,91.50000,86.55000,89.97000,10503800
2018-09-10,90.34000,90.83000,87.79000,89.39000,10223500
2018-09-11,88.90000,92.91900,88.70000,92.28000,11994800
2018-09-12,92.29000,92.40000,88.40000,90.44000,12707900
2018-09-13,91.16000,92.39000,89.43000,90.22000,9672800
2018-09-14,90.26000,91.29000,89.31000,90.82000,7278500
2018-09-17,90.14000,91.95000,86.51000,86.86000,10516400
2018-09-18,87.94000,89.38000,87.06000,87.99000,10583000
2018-09-19,88.30000,88.56000,83.33000,84.80000,13187700
2018-09-20,85.98000,87.32000,84.82000,86.51000,9195800
2018-09-21,87.05000,87.74000,85.16000,85.30000,10114000
2018-09-24,83.90000,87.13000,81.53000,86.04000,8152100
2018-09-25,88.74000,96.00000,88.19000,95.35000,28195200
2018-09-26,97.46000,98.47000,94.05000,94.65000,25510900
2018-09-27,94.91000,99.13000,94.77000,97.96000,21040400
2018-09-28,97.36000,100.39000,97.07000,99.01000,15268200
2018-10-01,100.80000,101.15000,96.60000,97.28000,12616900
2018-10-02,97.66000,100.41600,97.25000,97.83000,11895000
2018-10-03,98.48000,98.70000,95.69000,96.96000,9820600
2018-10-04,96.99000,97.06000,92.30000,94.49000,13896300
2018-10-05,94.41000,96.31000,91.63000,94.11000,12099800
2018-10-08,92.40000,92.64000,83.55000,86.06000,30365100
2018-10-09,83.69000,87.66000,83.00000,86.17000,16729100
2018-10-10,86.74000,86.90000,76.90000,77.45000,32581900
2018-10-11,72.36000,74.38000,65.00000,69.03000,63545700
2018-10-12,76.25000,76.38000,71.52000,73.97000,38121500
2018-10-15,74.56000,75.90000,72.75000,73.77000,22583500
2018-10-16,76.50000,79.10000,73.86000,78.72000,23256400
2018-10-17,79.93000,80.32000,75.91000,78.05000,16656800
2018-10-18,76.19000,77.57000,73.60000,74.96000,15368000
2018-10-19,77.48000,78.70000,74.01000,74.07000,16924800
2018-10-22,74.80000,76.35000,72.28000,75.72000,15948000
2018-10-23,72.79000,74.42000,71.55000,74.15000,16952900
2018-10-24,74.07000,75.21000,69.10000,69.34000,15587900
2018-10-25,70.15000,74.40000,69.50000,73.49000,13759200
2018-10-26,70.71000,73.31000,68.90000,71.12000,16771800
2018-10-29,72.47000,73.55000,65.37000,67.28000,20295600
2018-10-30,65.91000,68.90000,64.49400,68.76000,17359100
2018-10-31,71.11000,74.52000,71.04000,73.45000,17915800
2018-11-01,74.01000,77.17000,72.50000,76.74000,13574000
2018-11-02,76.77000,79.94000,76.32000,77.76000,13561600
2018-11-05,76.87000,76.97000,72.22000,75.01000,16851400
2018-11-06,76.91000,79.37000,76.27000,77.31000,18563300
2018-11-07,78.52000,83.00000,78.44000,82.69000,24041900
2018-11-08,79.43000,80.60000,73.66000,75.23000,35808900
2018-11-09,73.10000,74.60000,71.50000,73.27000,17267100
2018-11-12,73.01000,73.80000,67.21100,69.83000,19982100
2018-11-13,70.29000,72.80000,68.50000,71.85000,18485900
2018-11-14,72.45000,73.42000,68.51000,69.81000,14251900
2018-11-15,70.19000,74.22000,69.06000,73.60000,12244400
2018-11-16,71.51000,73.20000,69.94000,70.59000,13311400
2018-11-19,70.09000,70.40000,62.70000,62.97000,22491200
2018-11-20,56.00000,63.58000,55.37000,61.82000,34865500
2018-11-21,63.31000,63.96000,60.27000,62.62000,15670500
2018-11-23,61.67000,64.00000,61.53000,63.47000,6010500
2018-11-26,64.80000,66.90000,63.78000,66.52000,12630400
2018-11-27,65.59000,67.30000,65.12000,65.88000,9607400
2018-11-28,67.01000,70.10000,65.43000,69.89000,16478200
2018-11-29,69.44000,70.72000,67.55000,69.90000,13912800
2018-11-30,69.40000,70.68000,68.40000,69.84000,12218100
2018-12-03,73.07000,73.09000,71.07000,71.95000,16208500
2018-12-04,70.05000,70.80000,63.27000,63.51000,31179700
2018-12-06,61.51000,65.70000,60.20000,65.69000,23253600
2018-12-07,64.94000,66.09000,59.00000,60.78000,20672200
2018-12-10,59.77000,64.13000,59.75000,63.38000,18276800
2018-12-11,64.85000,65.75000,61.14400,61.78000,17887300
2018-12-12,63.00000,65.69000,62.78400,63.65000,15966600
2018-12-13,63.97000,64.40000,62.13000,62.90000,10708100
2018-12-14,61.94000,63.94000,61.00000,62.14000,10528100
2018-12-17,61.08000,61.86000,58.18000,58.62000,16517300
2018-12-18,59.17000,60.99500,58.31000,59.92000,16083600
2018-12-19,60.00000,62.49000,58.81000,59.03000,18705300
2018-12-20,58.10000,59.90000,53.76000,55.90000,24787600
2018-12-21,55.14000,55.98000,52.15000,52.51000,24945200
2018-12-24,50.38000,52.50000,49.82000,50.72000,11331800
2018-12-26,51.19000,55.47000,50.40000,55.32000,19549200
2018-12-27,54.44000,56.37000,52.51000,56.15000,20228800
2018-12-28,56.70000,57.10000,54.92000,55.87000,18413300
2018-12-31,56.44000,57.35000,55.46000,56.09000,13258800
2019-01-02,54.10000,57.83000,53.56000,57.20000,13434000
2019-01-03,55.58000,56.73000,52.26000,52.42000,19076300
2019-01-04,54.40000,59.66000,53.86100,58.18000,30228600
2019-01-07,59.00000,61.29000,58.05000,60.72000,18146900
2019-01-08,62.60000,63.80000,61.15000,63.12000,21511800
2019-01-09,63.30000,66.90000,62.56000,65.93000,21012400
2019-01-10,64.75000,66.20000,63.72000,66.10000,13562200
2019-01-11,65.69000,67.64000,65.22000,66.23000,14448300
2019-01-14,64.72000,65.72000,63.74000,65.18000,12364300
2019-01-15,65.14000,66.77000,64.86000,65.96000,12099400
2019-01-16,66.34000,67.63000,65.23000,65.90000,13368300
2019-01-17,66.10000,69.70000,65.95000,68.84000,20971700
2019-01-18,69.70000,72.26000,69.24000,72.24000,22074100
2019-01-22,71.61000,71.75000,67.27000,67.85000,19149900
2019-01-23,69.58000,70.59000,68.02000,69.10000,17864400
2019-01-24,69.37000,74.03000,69.30000,73.94000,24611600
2019-01-25,74.90000,78.15000,74.50000,77.97000,25114700
2019-01-28,75.39000,77.01000,74.12000,76.22000,15701700
2019-01-29,72.26000,72.43000,68.05000,68.56000,32382900
2019-01-30,71.01000,71.60000,68.72000,71.53000,18710400
2019-01-31,70.03000,73.86000,69.98000,71.35000,15679400
2019-02-01,71.05000,71.28000,69.72000,70.80000,12677800
2019-02-04,71.00000,72.62000,70.40000,71.75000,10582100
2019-02-05,73.00000,75.17000,72.27000,72.28000,19150500
2019-02-06,72.31000,73.28000,70.82000,72.67000,10068500
2019-02-07,71.77000,72.98000,70.52000,71.95000,9549700
2019-02-08,70.62000,73.49000,70.23000,73.49000,9947800
2019-02-11,74.56000,75.88000,73.56000,74.32000,13317500
2019-02-12,75.55000,75.89000,74.84300,75.59000,8947700
2019-02-13,76.00000,77.24700,75.40000,75.63000,10212300
2019-02-14,74.89000,76.06000,73.80000,75.67000,7671800
2019-02-15,76.22000,76.85500,75.10000,75.64000,7148900
2019-02-19,75.96000,77.10000,75.79300,76.64000,7438600
2019-02-20,77.00000,77.67000,75.11000,75.97000,8773800
2019-02-21,75.95000,76.50000,74.13500,74.43000,7645100
2019-02-22,74.88000,76.08000,74.85000,76.08000,7614800
2019-02-25,77.80000,78.56000,76.78000,77.13000,8757600
2019-02-26,77.30000,78.19000,76.86600,77.95000,8544300
2019-02-27,78.00000,79.56000,77.39000,79.32000,19712500
2019-02-28,75.92000,82.78000,74.57000,81.24000,41441000
2019-03-01,80.97000,81.03000,76.69000,77.46000,22485900
2019-03-04,77.99000,78.49000,73.05000,74.69000,16804800
2019-03-05,74.89000,76.51000,73.76000,76.04000,9711800
2019-03-06,75.55000,75.95000,74.29000,75.14000,7174000
2019-03-07,74.79000,75.28600,73.18000,74.11000,9561700
2019-03-08,71.95000,74.40000,71.10000,74.40000,9025200
2019-03-11,74.99000,75.95000,74.62000,75.53000,7901700
2019-03-12,76.00000,78.00000,75.80000,76.77000,9494800
2019-03-13,77.39000,78.85000,76.95000,77.85000,8664000
2019-03-14,78.00000,78.72000,77.10000,77.38000,6579200
2019-03-15,77.81000,78.25000,76.25000,76.65000,8485800
2019-03-18,76.61000,76.83000,73.51000,75.23000,12755300
2019-03-19,75.68000,77.27000,75.44000,76.81000,8170900
2019-03-20,76.18000,76.23000,73.95000,75.26000,9423000
2019-03-21,74.87000,78.74000,74.77000,78.53000,10707700
2019-03-22,78.24000,79.20000,74.95000,75.09000,9924300
2019-03-25,74.45000,75.47400,73.33000,74.55000,8267000
2019-03-26,75.66000,75.77000,73.16000,73.93000,8891300
2019-03-27,75.38000,75.60000,71.64000,72.97000,11690800
2019-03-28,73.66000,74.78000,72.85000,74.26000,7479300
2019-03-29,74.62000,75.54000,74.25000,74.92000,6437100
2019-04-01,75.59000,76.70000,75.10000,76.32000,8764300
2019-04-02,76.05000,76.57000,75.13000,75.60000,6626100
2019-04-03,75.99000,77.84000,75.99000,77.05000,10118800
2019-04-04,76.79000,77.23000,73.63000,74.52000,10705300
2019-04-05,75.23000,76.48000,74.73000,75.03000,7396200
2019-04-08,74.76000,75.33000,73.76000,75.00000,6564100
2019-04-09,74.63000,75.90000,74.40000,74.60000,7236100
2019-04-10,75.06000,75.65000,73.92000,74.74000,7779300
2019-04-11,75.05000,76.05000,74.94100,75.50000,6971300
2019-04-12,76.35000,76.46000,74.81800,75.28000,6318600
2019-04-15,75.23000,76.33000,74.09500,74.39000,6840200
2019-04-16,74.90000,75.18000,72.77000,73.49000,6391500
2019-04-17,73.89000,73.90000,72.21000,72.76000,5901200
2019-04-18,72.50000,72.75000,69.79000,70.74000,11829500
2019-04-22,70.05000,72.88000,70.00000,72.58000,7867700
2019-04-23,72.99000,73.20000,72.02000,72.45000,6250000
2019-04-24,72.70000,73.56000,71.73000,71.99000,7056500
2019-04-25,72.34000,73.50000,72.01000,72.65000,6384900
2019-04-26,73.15000,73.17000,70.85500,71.55000,7426900
2019-04-29,71.54000,73.87000,71.50000,72.72000,8627300
2019-04-30,72.59000,73.85000,72.27000,72.82000,7192100
2019-05-01,73.95000,74.73000,73.17100,73.62000,15731100
2019-05-02,69.80000,70.50000,66.05000,67.74000,34399600
2019-05-03,67.91000,68.67000,66.60000,68.52000,9187200
2019-05-06,65.46000,70.29000,65.41000,70.14000,13595800
2019-05-07,69.98000,70.34000,67.37000,68.42000,10764100
2019-05-08,68.22000,68.29000,66.78000,67.25000,9863000
2019-05-09,66.53000,66.62000,64.68500,66.39000,9178500
2019-05-10,65.93000,67.09000,64.46000,65.99000,7689900
2019-05-13,63.90000,64.31000,61.65000,62.39000,14597100
2019-05-14,62.99000,65.24000,62.48300,64.11000,10036600
2019-05-15,63.60000,65.23000,63.44000,65.23000,7857700
2019-05-16,65.11000,67.15000,65.05200,66.40000,8587800
2019-05-17,65.22000,66.49000,64.65000,65.31000,6868400
2019-05-20,64.15000,64.70000,63.58000,64.39000,6715100
2019-05-21,65.21000,66.09000,65.15000,65.92000,5698700
2019-05-22,65.68000,67.04300,65.66000,66.46000,6695100
2019-05-23,65.05000,65.33000,62.77000,63.75000,9444500
2019-05-24,64.15000,65.04000,63.76000,64.66000,7994000
2019-05-28,65.20000,67.67000,65.10000,65.82000,10027500
2019-05-29,65.06000,65.06000,62.70000,63.23000,10392800
2019-05-30,63.78000,64.29000,63.20000,63.67000,5590400
2019-05-31,62.24000,62.50000,61.31000,61.95000,7220500
2019-06-03,61.95000,62.54400,59.89200,60.62000,9309700
2019-06-04,61.55000,63.45000,60.73000,63.39000,8234400
2019-06-05,63.45000,65.64000,63.43000,64.93000,9330700
2019-06-06,64.88000,65.87000,64.20000,65.77000,6021800
2019-06-07,66.48000,69.07000,66.16000,68.46000,9995100
2019-06-10,69.57000,71.70000,69.12000,70.37000,10668200
2019-06-11,71.20000,71.88000,69.11000,70.18000,7130700
2019-06-12,70.00000,70.92000,69.53000,70.46000,6612100
2019-06-13,70.76000,72.75000,70.53000,72.18000,8201400
2019-06-14,71.81000,72.08000,70.92000,71.59000,5344700
2019-06-17,72.00000,72.93000,71.80000,72.21000,5353100
2019-06-18,72.90000,73.50500,71.60000,71.82000,7651600
2019-06-19,71.77000,72.78000,71.27000,72.66000,6079100
2019-06-20,73.76000,74.55000,73.31000,74.42000,8796800
2019-06-21,74.08000,74.26000,72.29000,72.87000,8396700
2019-06-24,72.98000,73.67900,72.52000,72.71000,4468000
2019-06-25,72.93000,73.17000,69.26000,69.87000,12032700
2019-06-26,70.98000,72.00000,69.91000,69.95000,7911800
2019-06-27,70.57000,71.54000,70.05000,71.28000,5163800
2019-06-28,72.43000,73.14800,71.57000,72.53000,9465000
2019-07-01,73.90000,74.20000,72.70000,73.20000,8068300
2019-07-02,72.98000,73.97000,72.65000,73.97000,5894900
2019-07-03,74.00000,74.32000,73.35000,74.26000,2904600
2019-07-05,73.75000,74.36000,73.20000,74.31000,3523500
2019-07-08,73.80000,74.00000,73.06000,73.43000,4288000
2019-07-09,74.03000,78.39000,73.96000,77.96000,21399700
2019-07-10,77.91000,78.70000,77.40000,78.37000,10342800
2019-07-11,78.45000,79.96000,78.43000,79.44000,7916400
2019-07-12,80.05000,82.66000,79.73000,82.28000,13586300
2019-07-15,82.48000,82.51000,81.20000,82.17000,6428500
2019-07-16,81.80000,81.80000,80.31000,80.59000,5772000
2019-07-17,80.21000,82.17000,80.19000,80.87000,6264000
2019-07-18,80.87000,82.14000,80.22000,81.06000,6834600
2019-07-19,81.61000,81.70000,78.42000,78.51000,6877500
2019-07-22,79.13000,79.63000,78.38000,78.57000,4001900
2019-07-23,79.00000,79.37000,77.86100,78.84000,3624800
2019-07-24,78.67000,80.50000,78.43000,80.43000,4751000
2019-07-25,80.15000,81.09000,79.13000,80.02000,6000400
2019-07-26,80.63000,82.32000,80.63000,81.81000,5668200
2019-07-29,81.88000,82.00000,79.06000,80.20000,7211400
2019-07-30,80.23000,81.19000,79.38000,80.49000,5369300
2019-07-31,81.17000,81.95000,79.01000,80.41000,7406900
2019-08-01,81.10000,83.20000,80.00000,80.98000,16099700
2019-08-02,70.80000,70.81000,67.25000,69.60000,43722000
2019-08-05,66.20000,66.50000,63.68500,64.85000,21651500
2019-08-06,66.85000,67.40000,63.15000,64.60000,14970800
2019-08-07,63.18000,65.26000,62.85000,65.00000,9246500
2019-08-08,66.07000,66.57000,64.93000,66.27000,9461900
2019-08-09,65.97000,66.12000,64.32000,65.01000,7216900
2019-08-12,64.02000,64.23700,60.25200,62.30000,8516800
2019-08-13,62.00000,63.50000,61.52000,63.00000,11917600
2019-08-14,61.85000,62.35000,60.47000,61.55000,8577900
2019-08-15,62.01000,62.68000,61.24000,62.00000,7080300
2019-08-16,62.61000,63.21000,62.13000,62.87000,5421400
2019-08-19,64.00000,64.43300,63.20000,64.08000,6975800
2019-08-20,64.24000,65.10500,63.82800,64.37000,7008600
2019-08-21,65.32000,66.14000,64.81000,65.41000,5536400
2019-08-22,65.92000,65.97000,63.37000,64.68000,4694400
2019-08-23,64.30000,65.05000,61.40000,61.78000,9173800
2019-08-26,62.92000,63.52000,62.36000,62.80000,5257600
2019-08-27,63.16000,63.43000,61.12000,61.75000,5207100
2019-08-28,61.28000,62.21900,60.60000,62.15000,4559600
2019-08-29,63.02000,63.41000,62.30000,62.84000,4421800
2019-08-30,63.15000,63.46000,61.15100,61.84000,5828500
2019-09-03,62.43000,63.98000,60.96000,61.13000,12051700
2019-09-04,61.75000,62.69000,60.77000,61.17000,6637100
2019-09-05,61.88000,63.47000,61.66900,63.02000,8160400
2019-09-06,63.50000,63.85000,61.89000,62.00000,4744100
2019-09-09,62.55000,62.73000,59.07000,61.47000,11684400
2019-09-10,60.72000,62.10000,59.45000,60.55000,9394000
2019-09-11,60.85000,60.85000,58.91000,59.20000,11561400
2019-09-12,59.50000,59.86000,57.75000,57.79000,15301200
2019-09-13,57.18000,58.85000,55.91000,58.29000,11657500
2019-09-16,57.34000,59.63000,57.24000,59.25000,12394000
2019-09-17,60.20000,60.70000,59.15000,59.60000,9225100
2019-09-18,59.99000,60.42000,58.76000,59.75000,8644200
2019-09-19,59.96000,60.18000,58.41000,59.03000,7094000
2019-09-20,59.00000,59.14000,56.92500,57.85000,9204200
2019-09-23,57.07000,57.45000,56.39000,56.76000,8773800
2019-09-24,56.85000,58.75000,54.41000,57.50000,19489000
2019-09-25,57.42000,58.89000,56.22900,58.51000,10034000
2019-09-26,60.04000,61.15000,59.83000,60.80000,16447900
2019-09-27,60.98000,61.65000,59.93000,60.75000,10698900
2019-09-30,60.96000,62.28000,60.85000,61.95000,7317400
2019-10-01,62.30000,62.99000,61.05000,61.63000,7549200
2019-10-02,61.23000,61.23000,58.86000,60.08000,8834100
2019-10-03,59.48000,62.44000,59.06000,62.05000,8082800
2019-10-04,62.51000,62.92000,61.44000,62.65000,5073400
2019-10-07,62.24000,62.85000,61.69000,62.25000,4115000
2019-10-08,61.85000,62.19000,60.63000,60.80000,4664600
2019-10-09,61.43000,62.52000,61.27000,62.22000,4088100
2019-10-10,62.25000,62.63000,61.56000,62.03000,4440600
2019-10-11,62.76000,63.56000,61.47000,61.54000,9084300
2019-10-14,61.52000,62.29000,61.40000,61.83000,3660100
2019-10-15,62.22000,64.49000,62.22000,64.29000,6189700
2019-10-16,63.82000,63.88000,62.56000,63.00000,4187300
2019-10-17,63.02000,64.55000,63.02000,63.40000,5565000
2019-10-18,63.17000,63.43900,59.78300,60.45000,7905500
2019-10-21,60.70000,61.48000,59.83000,61.15000,5468700
2019-10-22,61.28000,61.49000,58.55000,58.83000,7093700
2019-10-23,58.90000,59.69000,57.62000,58.36000,7628800
2019-10-24,59.62000,61.77000,59.59000,61.72000,7998100
2019-10-25,61.48000,63.25000,61.11000,62.89000,5189300
2019-10-28,62.82000,63.43000,61.91000,62.80000,7171200
2019-10-29,62.80000,63.61700,62.38000,62.41000,4030900
2019-10-30,62.51000,62.73000,61.47500,62.16000,4832800
2019-10-31,62.00000,62.65000,60.90000,61.43000,4416100
2019-11-01,61.57000,62.81400,61.46000,62.60000,6184900
2019-11-04,63.30000,63.83000,62.36000,62.38000,6046700
2019-11-05,62.50000,62.55000,59.91000,61.06000,8552000
2019-11-06,61.33000,61.93000,60.57800,61.34000,12855600
2019-11-07,61.91000,66.60000,60.54000,64.41000,25984000
2019-11-08,63.18000,63.45100,61.33000,62.45000,11629500
2019-11-11,61.88000,64.89500,61.88000,63.79000,12711100
2019-11-12,63.88000,63.99000,60.82000,61.54000,11296300
2019-11-13,61.30000,62.14000,60.85000,61.51000,5509200
2019-11-14,61.65000,63.00000,61.35000,62.99000,7406800
2019-11-15,63.20000,64.72000,63.10000,64.70000,7791800
2019-11-18,64.50000,66.38000,64.23000,65.74000,7409100
2019-11-19,65.70000,66.50000,65.14000,66.37000,6884200
2019-11-20,66.36000,67.75000,66.02000,67.17000,9595800
2019-11-21,67.17000,67.67000,66.28000,67.42000,7864400
2019-11-22,67.49000,68.07000,67.03500,67.75000,5804200
2019-11-25,68.32000,69.53000,68.09000,68.25000,9599300
2019-11-26,69.13000,69.44000,67.93000,68.94000,9981100
2019-11-27,68.94000,69.73000,68.40000,69.65000,4412900
2019-11-29,69.34000,69.60000,68.94000,69.12000,2478400
2019-12-02,68.95000,68.96000,66.11000,66.88000,6758200
2019-12-03,65.30000,67.33000,64.68000,67.04000,4432700
2019-12-04,67.47000,68.43000,67.19000,67.78000,3715100
2019-12-05,67.59000,67.89000,66.66000,67.14000,4265000
2019-12-06,67.67000,68.32300,67.61000,67.98000,4058400
2019-12-09,67.78000,68.06000,66.72000,67.06000,4335100
2019-12-10,67.30000,67.43000,65.42000,65.84000,6047200
2019-12-11,65.90000,66.07000,64.87500,65.75000,6518000
2019-12-12,65.65000,66.20000,65.09000,65.86000,4827300
2019-12-13,66.02000,66.34000,64.48500,64.80000,7047500
2019-12-16,65.00000,67.30000,65.00000,66.53000,6325600
2019-12-17,66.53000,66.55000,65.12000,65.55000,4937700
2019-12-18,65.91000,66.30000,65.10000,65.14000,3992400
2019-12-19,64.90000,65.57000,64.12000,64.55000,6120700
2019-12-20,64.57000,65.13000,63.54000,63.63000,6258500
2019-12-23,63.52000,64.22000,62.67500,62.80000,5402500
2019-12-24,62.80000,64.02000,62.37000,63.96000,3538700
2019-12-26,64.08000,64.91500,63.73000,64.03000,4246100
2019-12-27,64.33000,64.40000,63.06000,63.80000,4308500
2019-12-30,63.50000,63.76000,61.55000,61.80000,6501900
2019-12-31,61.15000,62.70000,61.00000,62.56000,5339600
2020-01-02,62.99000,64.05000,62.95000,63.83000,5264700
2020-01-03,62.59000,63.27000,62.33000,63.00000,5087100
2020-01-06,61.36000,62.58000,61.13000,62.57000,5905200
2020-01-07,64.57000,65.49000,63.66000,64.59000,10368200
2020-01-08,64.56000,68.00000,64.15000,67.60000,11899200
2020-01-09,68.22000,68.31000,66.70000,67.93000,8739100
2020-01-10,68.46000,69.51000,67.89000,67.99000,6704900
2020-01-13,68.24000,69.05000,67.82000,68.66000,9763800
2020-01-14,68.99000,69.28000,68.10000,68.17000,6076400
2020-01-15,68.54000,71.00000,68.50000,70.36000,9214600
2020-01-16,70.95000,71.00000,69.19000,69.52000,6066600
2020-01-17,69.84000,70.30000,69.19000,69.38000,4960200
2020-01-21,69.20000,69.62000,68.31000,68.31000,4912900
2020-01-22,68.92000,70.04700,68.69000,68.69000,4916500
2020-01-23,68.86000,69.44000,67.55000,69.29000,4552700
2020-01-24,70.63000,71.92000,70.02000,71.14000,10976700
2020-01-27,68.39000,72.45000,68.34000,71.05000,11085100
2020-01-28,71.47000,74.98000,71.03000,74.80000,15597200
2020-01-29,74.50000,77.07000,74.24000,76.16000,11946800
2020-01-30,75.42000,76.39000,74.06000,76.10000,8730000
2020-01-31,75.80000,76.38000,74.33000,74.69000,7514200
2020-02-03,74.89000,79.80500,74.60000,79.80000,15181900
2020-02-04,79.90000,81.68000,79.25000,80.90000,10405800
2020-02-05,81.98000,82.10000,77.84000,78.25000,10671600
2020-02-06,78.66000,79.20000,77.82200,78.51000,6172300
2020-02-07,77.80000,80.00000,77.34000,78.86000,4650600
2020-02-10,79.60000,80.62000,78.90000,80.17000,4150200
2020-02-11,80.56000,81.45000,79.61000,79.88000,3972800
2020-02-12,80.01000,80.90600,79.61000,80.00000,3574900
2020-02-13,79.30000,82.54000,79.08000,80.99000,6872100
2020-02-14,81.39000,82.59000,81.01000,81.86000,5073200
2020-02-18,81.68000,82.98000,81.35100,82.42000,4723800
2020-02-19,83.01000,86.48000,82.93000,85.24000,9115000
2020-02-20,85.23000,87.25000,80.30000,85.70000,12070000
2020-02-21,85.63000,86.21000,82.72500,83.49000,7739700
2020-02-24,76.57000,80.84500,76.07000,80.21000,11071500
2020-02-25,80.74000,81.40000,75.79000,77.05000,9425300
2020-02-26,77.68000,79.07800,76.00000,76.59000,11164000
2020-02-27,81.39000,85.93500,79.05000,79.31000,35935000
2020-02-28,76.44000,84.15000,76.42000,83.33000,23461400
2020-03-02,82.80000,84.42000,79.57000,80.67000,17800000
2020-03-03,80.49000,80.60000,75.81000,78.84000,18049700
2020-03-04,78.35000,79.49000,75.82000,79.26000,13374600
2020-03-05,77.78000,79.02000,75.66000,76.32000,11269400
2020-03-06,75.03000,75.94000,70.27000,73.09000,16409400
2020-03-09,67.21000,67.41000,63.33000,65.73000,16418400
2020-03-10,68.32000,68.56000,63.37000,67.24000,11806900
2020-03-11,66.35000,66.35000,60.82000,62.44000,13618700
2020-03-12,55.00000,58.04500,52.97000,53.57000,19529200
2020-03-13,56.74000,57.79000,52.31000,57.77000,14666100
2020-03-16,49.25000,49.25000,40.00000,41.27000,27721300
2020-03-17,43.79000,45.29200,39.00000,44.73000,22695600
2020-03-18,41.03000,42.08100,32.33000,39.50000,27154600
2020-03-19,40.18000,47.42000,37.00000,40.00000,24555600
2020-03-20,41.85000,43.84000,37.80000,38.09000,26896800
2020-03-23,38.47000,40.55000,36.11000,40.01000,21783400
2020-03-24,43.50000,48.88000,42.56000,46.31000,26174700
2020-03-25,50.29000,58.10000,49.53000,52.39000,34929300
2020-03-26,53.79000,59.25000,53.78000,56.03000,23610400
2020-03-27,54.00000,54.41700,51.48000,53.34000,14655600
2020-03-30,52.90000,55.44000,51.53000,55.00000,12054300
2020-03-31,54.69000,55.24000,51.13500,52.38000,18349400
2020-04-01,49.78000,50.01000,46.05000,46.81000,16596400
2020-04-02,46.33000,48.03000,45.00000,45.88000,12871500
2020-04-03,46.02000,46.68000,42.33000,43.72000,18748600
2020-04-06,47.22000,51.10000,46.19000,50.42000,25521700
2020-04-07,54.78000,54.91000,49.70000,50.31000,17105000
2020-04-08,51.81000,57.75000,51.81000,57.04000,24785100
2020-04-09,58.88000,64.94000,58.50000,59.21000,30870900
2020-04-13,60.10000,60.10000,56.12000,59.42000,15199500
2020-04-14,60.02000,62.61000,59.61500,62.41000,17905500
2020-04-15,59.67000,61.76000,59.33000,61.38000,12468800
2020-04-16,58.10000,59.30000,56.63000,57.32000,19879200
2020-04-17,59.50000,61.44000,58.70000,61.09000,14044800
2020-04-20,59.44000,63.59000,59.15000,61.06000,14342400
2020-04-21,60.00000,60.44000,56.86000,57.40000,15333900
2020-04-22,59.35000,61.25000,58.01000,60.96000,13444900
2020-04-23,61.31000,63.50000,60.92100,61.82000,13098800
2020-04-24,62.23000,62.56000,61.04000,62.01000,9625000
2020-04-27,63.61000,64.24000,61.81000,63.55000,10241700
2020-04-28,64.17000,65.02500,60.90000,61.75000,11852100
2020-04-29,63.44000,66.72000,63.39000,65.77000,14387300
2020-04-30,65.00000,66.89000,64.72000,65.14000,10525900
2020-05-01,62.84000,63.91000,61.44000,63.00000,10042400
2020-05-04,61.34000,64.17000,61.09000,63.69000,7556900
2020-05-05,66.00000,68.59000,65.21000,66.69000,12011500
2020-05-06,67.32000,69.81000,67.12000,68.10000,16202900
2020-05-07,69.86000,76.80000,69.58000,74.62000,31027000
2020-05-08,72.04000,76.40000,72.00000,76.05000,20030600
2020-05-11,75.70000,75.90300,74.36000,74.90000,12720600
2020-05-12,76.00000,77.39000,74.31000,75.21000,17015500
2020-05-13,75.32000,75.80000,70.82000,73.79000,13970100
2020-05-14,72.17000,78.25000,71.07000,78.20000,16038900
2020-05-15,77.75000,81.13000,76.65000,80.26000,16312000
2020-05-18,78.70000,81.35000,76.44000,76.63000,16215500
2020-05-19,76.45000,82.14000,76.25000,79.25000,14225500
2020-05-20,81.50000,83.10000,80.52000,82.04000,10152200
2020-05-21,79.50000,81.70000,78.76000,81.49000,10082100
2020-05-22,81.23000,82.49000,80.83000,81.49000,6262000
2020-05-26,83.98000,84.09000,80.50000,80.79000,9682800
2020-05-27,80.04000,81.14000,76.02000,81.02000,11637100
2020-05-28,81.02000,82.32000,79.00000,79.62000,9939400
2020-05-29,79.73000,81.95000,79.34000,81.08000,8325500
2020-06-01,81.00000,83.42000,80.12000,82.72000,8709700
2020-06-02,82.96000,88.27000,82.38000,88.00000,18364200
2020-06-03,88.00000,92.55000,87.09000,91.97000,17089200
2020-06-04,90.96000,92.96000,86.19000,87.72000,13368100
2020-06-05,90.00000,91.45000,88.06700,89.93000,11127700
2020-06-08,90.50000,91.23000,88.03000,89.62000,8751100
2020-06-09,89.02000,91.65400,87.87000,89.53000,7749000
2020-06-10,90.26000,92.97000,89.50000,91.91000,9486700
2020-06-11,87.75000,90.00000,85.77000,86.09000,14754700
2020-06-12,89.02000,89.18000,84.25000,86.72000,9937300
2020-06-15,84.79000,91.30000,84.06000,91.00000,9813000
2020-06-16,93.07000,95.86800,92.56000,94.74000,13026400
2020-06-17,94.78000,100.00000,94.70000,97.03000,17113700
2020-06-18,97.00000,98.65000,95.82000,98.27000,8766900
2020-06-19,100.10000,102.26000,97.92000,97.98000,13879800
2020-06-22,99.74000,105.46000,99.25000,104.22000,17117000
2020-06-23,105.00000,106.36000,103.05000,104.75000,14042800
2020-06-24,104.00000,105.74900,98.93000,100.88000,13250400
2020-06-25,102.46000,106.15000,101.28600,104.78000,13569800
2020-06-26,105.03000,107.84000,102.51800,104.30000,19759100
2020-06-29,105.15000,105.28000,101.22000,103.68000,9210800
2020-06-30,103.50000,105.30000,102.88800,104.94000,7605100
2020-07-01,106.92000,117.13000,106.54000,115.90000,22480900
2020-07-02,118.00000,118.78000,113.23000,113.39000,15066300
2020-07-06,118.79000,128.36000,118.03000,118.97000,34424000
2020-07-07,121.20000,129.84000,120.03000,125.60000,28573900
2020-07-08,127.20000,133.42999,127.00000,133.35001,25627400
2020-07-09,132.53999,133.81000,127.67000,129.39000,21959300
2020-07-10,128.39000,129.60001,125.25500,128.05000,11260800
2020-07-13,131.05000,133.24001,116.67000,118.65000,18489500
2020-07-14,118.59000,121.85400,111.14000,121.24000,17175100
2020-07-15,124.01000,124.48000,117.66000,122.20000,9606900
2020-07-16,119.94000,123.30000,117.55000,119.95000,11827600
2020-07-17,120.98000,122.38000,118.59000,120.73000,6961700
2020-07-20,121.26000,129.46001,120.53000,128.39000,12424000
2020-07-21,129.95000,130.80000,125.07000,126.99000,10777800
2020-07-22,127.49000,131.71001,127.06000,129.17999,8437500
2020-07-23,127.74000,129.84900,121.32000,122.93000,11010200
2020-07-24,119.89000,122.91000,117.00000,121.41000,8060000
2020-07-27,124.62000,126.77000,122.34000,125.75000,9685700
2020-07-28,125.20000,127.53000,123.32000,123.51000,7126100
2020-07-29,125.14000,128.95000,124.90000,128.55000,8693400
2020-07-30,128.53999,131.37000,125.33000,129.13000,10192300
2020-07-31,131.34000,131.89999,127.36000,129.85001,8599700
2020-08-03,130.25999,136.13499,130.25999,134.80000,11472600
2020-08-04,135.88000,137.80000,133.60001,136.83000,10870300
2020-08-05,153.16000,158.42999,146.20000,146.55000,39507000
2020-08-06,149.75999,155.89000,149.12000,154.00000,19352800
2020-08-07,151.50999,153.84000,143.35001,147.22000,15577300
2020-08-10,147.53000,147.82001,138.66000,139.34000,13066300
2020-08-11,137.94000,142.94800,135.03000,138.25000,13157100
2020-08-12,140.00999,143.42000,137.69000,139.02000,10596900
2020-08-13,140.89999,145.50999,140.20000,143.19000,9835000
2020-08-14,143.89000,144.00000,139.73000,141.96001,6654700
2020-08-17,144.49001,153.67999,143.17999,152.48000,13280500
2020-08-18,151.97000,153.19000,147.41200,151.03999,8523400
2020-08-19,151.22000,152.35500,148.56000,150.37000,6539900
2020-08-20,150.17000,158.10001,149.82001,155.86000,12428100
2020-08-21,156.39999,159.47000,153.12000,155.10001,8630500
2020-08-24,159.00000,159.00000,150.98000,151.78999,8807700
2020-08-25,151.80000,155.74001,149.00000,155.00000,6429400
2020-08-26,156.09000,158.69000,151.73000,153.74001,7689900
2020-08-27,156.87000,161.53999,155.50000,155.61000,11617200
2020-08-28,159.14999,159.14999,154.06000,155.92999,6292000
2020-08-31,157.00000,160.77499,156.02000,159.56000,7630200
2020-09-01,164.81000,170.46001,162.00000,166.66000,12306400
2020-09-02,170.60001,170.61000,158.11000,162.88000,11214800
2020-09-03,157.00000,157.23000,149.50999,152.86000,16421200
2020-09-04,149.63000,152.22000,134.00000,146.39000,17995200
2020-09-08,137.00999,146.14000,136.89000,139.11000,10681400
2020-09-09,145.64999,145.64999,139.25000,144.21001,9463600
2020-09-10,147.02000,148.54500,139.82001,141.07001,6711500
2020-09-11,143.91000,143.91000,134.25999,137.45000,8428400
2020-09-14,140.07001,145.39999,138.81000,144.39999,7754800
2020-09-15,146.13000,158.50000,146.13000,154.50000,18550000
2020-09-16,155.20000,159.00000,149.88000,151.05000,10200500
2020-09-17,146.27000,147.69000,142.24001,145.64000,11972200
2020-09-18,147.37000,149.13000,141.64000,145.00999,8886600
2020-09-21,140.42000,151.98000,139.31000,151.12000,12662700
2020-09-22,152.82001,156.34000,148.59000,155.59000,11189700
2020-09-23,155.87000,157.98000,147.80000,149.59000,8867000
2020-09-24,151.00999,155.92300,148.00000,152.31000,13213900
2020-09-25,153.06000,158.98000,151.75101,157.72000,8782800
2020-09-28,160.49001,164.50000,158.23000,160.75999,10287100
2020-09-29,164.00000,167.56000,163.13000,164.81000,12079900
2020-09-30,164.47000,166.19000,161.23000,162.55000,6561200
2020-10-01,166.14000,168.61000,164.58000,168.49001,6723500
2020-10-02,164.05000,171.24001,163.80099,169.61000,11160200
2020-10-05,172.42999,181.89000,171.50000,180.92000,16666700
2020-10-06,180.13000,182.24001,172.61000,175.34000,12544000
2020-10-07,180.61000,182.75000,179.02000,180.17999,7119300
2020-10-08,183.17999,185.37000,181.72000,183.50000,7133400
2020-10-09,185.12000,188.74001,183.73000,187.28000,6719700
2020-10-12,190.67999,191.94000,184.25999,185.17000,7964700
2020-10-13,186.81000,191.36000,186.00000,190.47000,6399900
2020-10-14,191.59000,193.44000,185.11000,187.49001,6165800
2020-10-15,182.60001,188.67999,181.20000,188.60001,6810100
2020-10-16,191.67999,192.84000,184.70000,186.35001,5292800
2020-10-19,188.11000,191.39999,185.91000,186.96001,5454000
2020-10-20,188.10001,189.70000,184.33000,185.74001,4876000
2020-10-21,183.55000,184.74001,175.59000,177.82001,10477200
2020-10-22,178.50000,181.98000,173.61000,175.92999,6681600
2020-10-23,177.50000,177.78999,173.34000,176.77000,4167600
2020-10-26,175.00999,176.86000,166.77000,169.89000,6489400
2020-10-27,175.31000,176.25999,169.25999,171.02000,6937600
2020-10-28,166.59000,168.94000,164.45000,167.13000,5420300
2020-10-29,170.08000,172.08000,168.11000,169.86000,4431800
2020-10-30,166.49001,167.39700,152.42999,154.88000,14936400
2020-11-02,158.00000,161.24001,152.10001,155.23000,8753600
2020-11-03,153.22000,161.05000,151.10001,158.21001,8001400
2020-11-04,166.38000,171.36000,162.14999,171.28999,7760600
2020-11-05,177.10001,177.28999,172.64999,175.23000,15519700
2020-11-06,185.24001,201.33000,182.99001,198.08000,27088300
2020-11-09,191.30499,197.00000,181.83000,184.08000,14986000
2020-11-10,182.37000,183.46001,167.11000,172.00000,14840000
2020-11-11,179.64999,184.00000,177.70000,183.42000,9040800
2020-11-12,184.25999,185.19000,177.00000,178.50999,9138900
2020-11-13,180.60001,180.89999,175.50000,177.19000,6955400
2020-11-16,175.83000,179.22000,173.00999,179.16000,7428200
2020-11-17,180.12000,190.74001,180.12000,187.89999,11140700
2020-11-18,187.49001,187.50000,182.27000,185.53999,5627300
2020-11-19,190.78000,194.00999,185.74001,191.66000,12280100
2020-11-20,193.69000,200.99001,191.55000,195.97000,10935100
2020-11-23,200.11000,209.36000,199.27000,207.78000,12509600
2020-11-24,208.00000,208.03999,199.55000,202.89999,12288900
2020-11-25,207.45000,214.52000,204.57001,212.92000,12948100
2020-11-27,215.00000,215.00000,205.89999,212.52000,6526000
2020-11-30,213.00000,213.53999,200.23000,210.96001,14091100
2020-12-01,212.56000,212.95000,200.50000,203.00000,10795900
2020-12-02,200.13000,204.06000,195.13000,202.00000,10483700
2020-12-03,207.00000,208.69000,204.05000,205.53000,6918200
2020-12-04,206.28999,209.75000,203.58000,208.14999,6566200
2020-12-07,209.78999,213.66200,208.25000,212.58000,5895300
2020-12-08,213.33000,213.89999,208.25000,213.00999,5373200
2020-12-09,213.96001,220.50000,205.00999,207.03999,11133000
2020-12-10,205.39000,217.61000,203.57001,217.25000,7919200
2020-12-11,218.25999,222.20000,213.17000,216.59000,7914600
2020-12-14,218.00999,220.42999,214.50101,215.86000,7379000
2020-12-15,218.41499,221.72000,216.73000,219.99001,5713600
2020-12-16,223.86000,227.96001,220.03000,227.08000,8216500
2020-12-17,230.00000,237.09000,227.70000,230.74001,10440100
2020-12-18,235.00000,236.37000,231.10001,235.45000,8099500
2020-12-21,236.09000,241.85001,232.25999,233.50000,11155400
2020-12-22,236.50000,243.38000,236.00000,241.58000,9414200
2020-12-23,241.36000,241.82001,230.58000,230.67999,13482700
2020-12-24,234.23000,236.00000,225.89999,228.28000,8411200
2020-12-28,232.38000,232.95000,219.64999,223.34000,11640000
2020-12-29,223.88000,224.59000,208.81000,214.00000,15453100
2020-12-30,215.94000,221.50999,214.06700,221.03999,9837000
2020-12-31,217.71001,219.45000,214.42000,217.64000,6872400
2021-01-04,222.49500,225.98000,216.00000,221.16000,9838400
2021-01-05,219.42000,230.34000,219.00000,229.75000,9699400
2021-01-06,223.41000,233.50000,223.16100,226.89000,12003500
2021-01-07,232.52000,240.39999,231.50000,239.48000,10214200
2021-01-08,244.35001,246.49001,237.17999,241.45000,9102100
2021-01-11,231.61000,232.74001,225.30000,225.50000,14107500
2021-01-12,228.50999,229.33000,223.72000,227.52000,8437900
2021-01-13,228.95000,234.82100,226.80000,230.92000,7601400
2021-01-14,233.89999,238.75999,229.59000,232.78999,6706500
2021-01-15,233.63000,236.42999,225.58000,227.75000,7049200
2021-01-19,231.07001,231.59000,223.25000,227.25999,6505600
2021-01-20,230.12000,230.88000,225.50000,226.64999,6012400
2021-01-21,227.00000,227.50000,218.20000,219.62000,10472400
2021-01-22,219.00000,222.91000,217.71001,222.88000,6867500
2021-01-25,225.00000,225.94000,209.75000,216.64000,11328100
2021-01-26,217.09000,219.00000,208.71001,209.17000,10039500
2021-01-27,204.00999,209.35001,197.70000,202.46001,10892700
2021-01-28,208.72000,222.58000,206.56000,219.91000,12500800
2021-01-29,224.97000,225.89999,212.58000,215.96001,9383900
2021-02-01,215.81000,223.00999,213.44000,221.94000,7849300
2021-02-02,225.19000,230.22000,221.99001,227.63000,6545300
2021-02-03,228.50000,234.57001,221.88000,227.94000,5193400
2021-02-04,233.53000,239.31000,231.07001,237.72000,8893400
2021-02-05,238.00000,240.57001,235.27000,240.38000,5090800
2021-02-08,245.08000,264.26700,244.00000,259.97000,17114900
2021-02-09,256.57999,262.57001,250.55000,258.12000,10815100
2021-02-10,259.76999,263.14999,252.75000,257.48999,8644600
2021-02-11,262.00000,269.66501,258.50000,265.92999,10214100
2021-02-12,265.14999,273.84000,262.53101,272.75000,6780800
2021-02-16,277.12000,283.19000,272.32001,276.01999,9193600
2021-02-17,274.37000,274.47000,260.76001,270.94000,11094300
2021-02-18,265.48999,272.79001,261.85300,270.85001,7236400
2021-02-19,275.12000,280.93900,273.59000,276.57001,7373400
2021-02-22,271.85001,278.10001,266.35999,268.07999,9740400
2021-02-23,247.55000,261.29999,232.50000,256.59000,18971900
2021-02-24,243.11000,246.00000,230.67999,237.32001,26123100
2021-02-25,244.87000,245.84000,223.66000,227.11000,15916300
2021-02-26,226.32001,232.78000,217.39999,230.03000,14913800
2021-03-01,238.11000,241.71899,232.10001,241.00000,8989200
2021-03-02,251.89999,258.48999,246.47000,252.20000,17345800
2021-03-03,249.00000,250.95000,232.00600,234.20000,12151700
2021-03-04,228.75999,232.63000,210.00000,218.41000,18496000
2021-03-05,221.27000,222.00999,191.36000,216.44000,24773600
2021-03-08,217.71001,221.63000,201.00000,201.87000,13488100
2021-03-09,215.37000,226.49001,211.50000,225.09000,14495500
2021-03-10,231.61000,237.92000,223.20500,226.73000,12973100
2021-03-11,234.97000,243.49001,231.00999,241.72000,11728000
2021-03-12,232.00000,242.22000,230.05000,242.11000,8850100
2021-03-15,243.52000,251.25999,239.61700,251.23000,8867200
2021-03-16,252.25999,252.50000,238.67000,243.36000,7491600
2021-03-17,235.00000,248.67999,232.75000,246.47000,10154000
2021-03-18,242.80000,243.39999,222.56000,224.30000,12435000
2021-03-19,227.19000,229.39999,219.52000,224.84000,10480800
2021-03-22,225.24001,230.17999,221.74001,226.13000,6386100
2021-03-23,226.39000,228.38000,221.49001,223.20000,5591500
2021-03-24,224.30000,225.89999,212.15500,213.50999,9262500
2021-03-25,204.60001,211.96001,202.10001,208.47000,12878900
2021-03-26,209.32001,216.78999,203.96001,213.60001,9196200
2021-03-29,212.00000,214.39000,202.92999,207.17999,9695800
2021-03-30,204.49001,214.30000,202.83000,212.83000,9735700
2021-03-31,218.41000,232.75999,218.41000,227.05000,14453700
2021-04-01,231.25999,236.46001,227.57001,229.50999,9260800
2021-04-05,231.62000,233.32001,224.10001,229.95000,7535000
2021-04-06,230.49001,238.50000,228.08000,236.50000,8768500
2021-04-07,237.50999,249.89999,236.00000,245.12000,17012200
2021-04-08,248.83000,258.59000,248.82001,258.37000,15728200
2021-04-09,255.89000,265.29999,253.67999,261.64999,14969000
2021-04-12,258.19000,266.95999,255.85001,265.20001,9051300
2021-04-13,267.48001,275.45001,266.89999,273.23001,10561700
2021-04-14,274.13000,278.13000,256.57501,258.39999,12486400
2021-04-15,262.85001,268.41400,260.73999,263.07999,8944400
2021-04-16,263.23999,263.44000,254.66901,256.10001,8549300
2021-04-19,250.22000,253.30000,242.58000,245.33000,10735500
2021-04-20,247.59000,253.00000,243.67999,245.50000,12580000
2021-04-21,243.11000,251.48199,240.34000,245.25000,9965200
2021-04-22,246.46001,255.80499,242.71001,245.11000,12730800
2021-04-23,243.39000,247.57001,240.34000,246.42999,8459800
2021-04-26,248.27000,256.97000,246.30000,255.77000,8494400
2021-04-27,256.95999,260.81000,253.39999,253.78999,6791500
2021-04-28,253.00000,258.97000,249.39999,254.20000,6140700
2021-04-29,257.35800,259.88000,245.00999,247.75999,6592800
2021-04-30,244.24001,249.96001,243.39000,244.82001,6188300
2021-05-03,246.60001,249.41901,241.78999,243.67999,5268800
2021-05-04,238.83000,240.19000,228.61900,231.19000,9123600
2021-05-05,237.50000,240.20000,229.80000,231.87000,6661000
2021-05-06,235.21001,235.35001,216.70000,223.96001,14759100
2021-05-07,240.09000,241.69901,231.17900,233.35001,14836300
2021-05-10,229.62000,230.00000,216.00999,216.42999,13256900
2021-05-11,205.89000,221.78000,205.69000,220.64999,13676100
2021-05-12,215.30000,218.75999,205.60001,206.67000,11778300
2021-05-13,208.20000,211.50000,192.28999,197.13000,21397100
2021-05-14,200.28000,208.30000,198.17000,207.85001,11497800
2021-05-17,205.00000,205.00000,195.55000,202.92000,12133800
2021-05-18,202.50000,209.73000,199.72900,203.16000,10088000
2021-05-19,193.80000,200.85001,192.21001,200.11000,16413300
2021-05-20,202.59000,206.69000,202.20000,204.91000,8336500
2021-05-21,207.00000,208.89999,199.62000,200.00999,9250300
2021-05-24,202.17000,212.80000,197.30000,210.95000,13215000
2021-05-25,212.07001,219.09000,211.77000,216.20000,14779000
2021-05-26,218.03999,223.83000,215.80000,222.34000,11914400
2021-05-27,222.38000,223.39000,217.66000,220.89999,8555700
2021-05-28,221.88000,225.89999,221.64999,222.52000,6779800
2021-06-01,223.53999,227.06500,218.57700,221.95000,6902900
2021-06-02,221.33000,224.88000,219.49001,220.41000,7147500
2021-06-03,218.87000,219.94000,211.25000,211.42999,7255700
2021-06-04,212.50999,218.28101,211.74001,213.69000,8988500
2021-06-07,214.25000,217.31000,211.64999,216.95000,5770800
2021-06-08,218.00000,221.41000,212.21001,214.12000,6074000
2021-06-09,216.92999,217.94600,210.06000,210.21001,6817900
2021-06-10,211.00999,217.63000,209.80000,217.14000,7575800
2021-06-11,218.10001,222.78999,218.00000,219.34000,7533200
2021-06-14,223.05000,231.45000,221.64000,230.95000,11591700
2021-06-15,231.14999,233.21001,226.00000,227.75000,9437400
2021-06-16,226.14999,229.12000,220.11000,225.11000,9149000
2021-06-17,223.78999,237.84000,223.59000,236.13000,10830200
2021-06-18,235.03000,239.96001,233.00000,237.05000,8518300
2021-06-21,234.91000,235.66000,228.82001,233.89000,6628900
2021-06-22,232.89000,236.27800,229.80701,235.97000,6748900
2021-06-23,236.89999,243.00000,236.86000,238.70000,8165500
2021-06-24,244.30000,248.89999,243.00999,244.14999,8165700
2021-06-25,243.19000,244.87000,237.14999,239.94000,7614800
2021-06-28,241.70000,247.73000,241.70000,246.60001,7372300
2021-06-29,247.84000,251.91000,246.14101,248.87000,6186800
2021-06-30,248.08000,248.78999,243.34000,243.80000,6655500
2021-07-01,242.82001,245.05000,237.80000,241.85001,5616900
2021-07-02,243.00000,245.41000,239.36000,241.08000,4401500
2021-07-06,241.31000,249.37000,241.31000,246.70000,6252200
2021-07-07,250.00000,254.78000,244.31000,244.64000,7238300
2021-07-08,238.75000,239.00000,230.60001,235.89999,7683000
2021-07-09,239.00000,241.96001,235.56000,241.89000,5404600
2021-07-12,243.58000,247.22000,241.78101,243.35001,5722700
2021-07-13,243.35001,247.49001,239.84000,241.42999,6304500
2021-07-14,244.35001,246.19000,238.48000,239.00000,6188300
2021-07-15,239.83000,241.62100,233.11000,235.16000,7143500
2021-07-16,238.70000,241.77000,234.39999,237.52000,7879900
2021-07-19,231.91000,234.02000,225.28000,233.69000,7310000
2021-07-20,234.61000,247.69000,232.20000,246.47000,8851600
2021-07-21,246.28000,258.50000,244.80000,257.25000,9068900
2021-07-22,256.92999,262.56900,256.50000,260.59000,6660100
2021-07-23,261.85001,267.76999,261.28000,264.00000,6374100
2021-07-26,264.97000,265.73999,260.39999,261.98999,5928300
2021-07-27,261.28000,261.85999,245.05701,251.73000,7828100
2021-07-28,254.03000,259.87000,250.77000,258.60999,4698900
2021-07-29,255.50999,261.82999,254.53000,255.28000,4713800
2021-07-30,249.28000,254.36000,244.35001,247.25999,7566500
2021-08-02,247.92999,280.87500,247.00999,272.38000,45730600
2021-08-03,270.42999,274.95001,261.75000,269.48999,21445100
2021-08-04,268.00000,268.39001,261.00000,266.42001,10241400
2021-08-05,265.60001,289.23001,264.76999,281.81000,19413700
2021-08-06,279.51001,285.85999,273.10001,275.10001,9490700
2021-08-09,272.98999,286.51999,270.63000,279.73001,10561700
2021-08-10,280.01001,283.59000,272.64001,273.07999,6694800
2021-08-11,277.76001,281.34000,269.61499,271.09000,8018200
2021-08-12,270.45001,272.84000,265.54999,268.59000,5208800
2021-08-13,269.95001,271.91000,266.45999,267.88000,4267500
2021-08-16,266.35001,267.38000,257.60001,263.39999,6543000
2021-08-17,260.98001,264.25000,257.91000,260.88000,5707800
2021-08-18,261.54001,266.66699,259.07999,259.66000,4705100
2021-08-19,256.84000,260.48001,254.14000,257.35001,5121000
2021-08-20,257.14001,263.50000,257.08499,263.04999,4749600
2021-08-23,267.70999,273.50000,267.07001,270.44000,6071300
2021-08-24,272.39999,274.18799,269.13000,270.17001,4258100
2021-08-25,269.53000,270.32501,266.22000,267.57001,3428700
2021-08-26,268.00000,268.00000,260.94000,262.13000,4314400
2021-08-27,262.00000,270.48401,261.61499,268.01001,4646200
2021-08-30,271.00000,273.87000,268.50000,271.92001,6348100
2021-08-31,273.50000,276.14001,266.26001,268.07001,6309300
2021-09-01,269.01001,273.14999,267.94000,268.25000,3942000
2021-09-02,272.37000,274.37000,265.47000,265.94000,5215000
2021-09-03,266.54001,270.63000,263.67999,269.73999,4901800
2021-09-07,270.07999,270.45001,263.75000,265.82999,5672200
2021-09-08,264.76001,265.00000,251.73000,254.72000,10481800
2021-09-09,256.00000,258.63000,251.38000,251.53999,5606200
2021-09-10,253.00999,254.75000,247.38000,247.89999,6509300
2021-09-13,248.74001,248.84000,237.91000,246.67999,7879100
2021-09-14,249.10001,253.42000,245.67999,247.05000,4940400
2021-09-15,247.73000,248.89999,245.07001,248.80000,4092200
2021-09-16,248.80000,255.49001,247.48000,255.09000,5795100
2021-09-17,256.06000,257.26999,252.38000,255.78999,5564700
2021-09-20,245.33000,251.72000,244.61000,250.23000,5861500
2021-09-21,252.82001,254.10001,249.83000,251.30000,4658700
2021-09-22,253.00000,261.79001,252.28999,261.07001,6271000
2021-09-23,263.48999,268.17001,262.70001,266.72000,7837900
2021-09-24,263.98999,264.97000,257.91000,262.50000,6958900
2021-09-27,258.10001,259.85999,255.79300,258.10999,4683200
2021-09-28,252.50999,252.85001,241.62000,242.70000,11052200
2021-09-29,245.52000,246.24001,235.22000,236.03999,7323700
2021-09-30,236.69000,243.27000,236.27000,239.84000,5464100
2021-10-01,239.44000,242.05000,236.88000,239.28999,5934600
2021-10-04,235.61000,236.28500,222.92000,226.25000,12376700
2021-10-05,226.91000,239.14000,226.25999,235.98000,9928200
2021-10-06,231.97000,241.00000,231.33000,239.12000,7079600
2021-10-07,246.09000,251.64999,244.92000,249.16000,9170900
2021-10-08,249.30000,251.44000,238.12000,238.49001,8488300
2021-10-11,238.49001,240.72000,232.00000,232.33000,7632300
2021-10-12,237.75000,240.32001,234.08000,237.41000,5800300
2021-10-13,239.30000,243.53000,238.67000,242.73000,5422800
2021-10-14,248.11501,251.34000,247.10001,247.41000,6747800
2021-10-15,250.00000,250.46001,246.50999,249.00000,4673500
2021-10-18,247.45000,253.60001,244.16000,252.20000,6911100
2021-10-19,253.94000,256.97000,251.81000,254.41000,5248600
2021-10-20,257.89001,260.38000,253.02000,255.35001,4695100
2021-10-21,255.53999,265.64999,253.60001,265.07999,7003100
2021-10-22,259.88000,262.00000,251.94000,253.06000,7656200
2021-10-25,252.55000,262.41000,252.53000,262.00000,5747700
2021-10-26,263.03000,270.16000,259.06000,263.39001,7089500
2021-10-27,261.92001,262.31000,252.28000,253.02000,6305700
2021-10-28,257.19000,261.60999,254.66499,261.32999,4912900
2021-10-29,258.16000,258.75000,253.97501,254.50000,4093800
2021-11-01,255.12000,255.53999,251.12000,255.03999,4426600
2021-11-02,253.03999,255.22400,247.39999,249.00999,5465900
2021-11-03,249.39999,252.82001,248.23000,252.48000,4205600
2021-11-04,252.64000,253.32001,244.55000,247.46001,10195300
2021-11-05,247.64000,255.95000,237.08000,237.38000,15228000
2021-11-08,237.99001,241.42000,234.14999,236.77000,7458700
2021-11-09,238.39999,240.89999,229.71700,230.78000,7280600
2021-11-10,230.00000,234.69000,225.25000,227.21001,7326800
2021-11-11,231.00999,231.22000,225.64999,226.50999,4699500
2021-11-12,228.20000,229.75999,226.50999,227.30000,5669000
2021-11-15,229.00000,238.60001,228.80000,233.02000,6501800
2021-11-16,231.30000,238.89999,230.39999,238.47000,5690800
2021-11-17,238.85001,241.50000,229.69000,231.85001,5185100
2021-11-18,234.69000,237.82001,228.11400,230.35001,5396100
2021-11-19,228.63000,229.99001,224.09000,225.14000,7442300
2021-11-22,222.71001,224.57001,205.28000,211.31000,15737600
2021-11-23,209.86000,214.70000,205.41000,210.55000,9829700
2021-11-24,207.31000,217.09000,207.31000,215.64999,6910300
2021-11-26,211.00999,215.64999,209.27000,212.08000,3687200
2021-11-29,220.46001,220.60001,209.05000,212.87000,5575400
2021-11-30,214.88000,217.75000,206.00000,208.33000,10092500
2021-12-01,210.19000,211.61000,193.92999,194.50000,13324300
2021-12-02,191.17999,195.52000,185.28000,192.14999,16858600
2021-12-03,192.66000,192.89000,174.33501,181.31000,19166000
2021-12-06,176.87000,180.17000,170.75000,179.72000,11654100
2021-12-07,187.97501,192.89000,187.17000,189.50999,10652900
2021-12-08,190.00000,195.28000,185.80000,194.78000,8883700
2021-12-09,191.50999,194.53000,185.40199,186.75000,6251300
2021-12-10,187.50999,189.87000,179.69000,181.32001,7956400
2021-12-13,179.11000,181.10001,171.81000,175.44000,10548000
2021-12-14,170.30000,175.89999,168.61000,170.72000,8982800
2021-12-15,169.95000,174.96001,162.96001,173.80000,11626500
2021-12-16,175.25999,176.91000,163.85001,165.88000,10913700
2021-12-17,161.07001,168.87000,158.38000,167.06000,12713700
2021-12-20,162.99001,163.56799,157.57001,158.30000,9387800
2021-12-21,160.87000,171.89000,159.41000,170.47000,10771000
2021-12-22,167.08000,171.83501,164.75999,167.38000,7471000
2021-12-23,166.36000,168.80000,164.59000,167.71001,6668600
2021-12-27,168.14999,171.39999,167.50000,168.48000,5468500
2021-12-28,168.50000,169.24001,162.88000,163.67000,6570500
2021-12-29,164.10001,164.89999,158.50000,161.85001,7021900
2021-12-30,161.56000,168.62500,161.27000,165.34000,6656700
2021-12-31,164.00000,165.33000,161.39000,161.50999,6448500
2022-01-03,162.87000,165.20000,159.31000,164.03000,7315700
2022-01-04,163.50000,163.89000,151.02000,156.33000,14768500
2022-01-05,155.00000,156.45000,143.31000,143.49001,17546200
2022-01-06,140.62000,148.36000,138.09000,144.66000,16244200
2022-01-07,143.25000,148.52000,141.19000,141.53999,9426000
2022-01-10,139.64999,144.62000,133.13000,144.48000,15594400
2022-01-11,142.19000,151.50000,141.84000,148.42999,10880700
2022-01-12,150.70000,152.70000,145.34000,145.47000,9341600
2022-01-13,147.47000,148.35001,136.10001,136.95000,10133100
2022-01-14,135.00000,138.66000,129.30800,133.28999,19694000
2022-01-18,130.03000,137.09000,128.23000,130.00000,14192100
2022-01-19,129.00500,132.74001,127.25000,128.14000,25601900
2022-01-20,128.22000,135.70000,127.08000,127.58000,13835500
2022-01-21,125.89000,127.61000,117.81000,118.10000,14992600
2022-01-24,113.50000,117.46000,102.00000,117.30000,30462000
2022-01-25,114.05000,118.99000,109.56000,115.30000,16983700
2022-01-26,119.01000,121.91000,110.60000,111.00000,15188000
2022-01-27,107.84000,111.12000,103.73000,105.64000,21500700
2022-01-28,104.95000,111.18000,101.75000,110.38000,16820300
2022-01-31,112.86000,122.32000,112.68000,122.29000,14374000
2022-02-01,128.50000,130.73000,121.05000,127.61000,17461900
2022-02-02,118.63000,120.61000,111.53000,114.04000,26703200
2022-02-03,107.00000,109.65000,100.04000,101.50000,29660700
2022-02-04,102.49000,110.20000,99.81000,108.87000,18824700
2022-02-07,106.86000,108.99000,101.81000,102.81000,24622300
2022-02-08,101.91000,103.77000,99.50000,102.29000,20091500
2022-02-09,104.81000,112.90000,104.61000,112.84000,24064600
2022-02-10,109.25000,119.00000,107.30000,108.94000,26289600
2022-02-11,112.59000,118.04500,106.87100,107.88000,31484600
2022-02-14,107.79000,116.36000,106.63000,111.64000,22821500
2022-02-15,113.02000,115.37000,110.27000,115.21000,16899000
2022-02-16,113.95000,113.95000,108.87000,109.00000,17971500
2022-02-17,110.24000,110.78000,103.35600,104.02000,12975400
2022-02-18,103.61500,103.89000,96.83000,97.72000,20520500
2022-02-22,95.77000,99.45000,93.13000,93.91000,16625700
2022-02-23,94.66000,95.20000,88.57000,88.72000,18330800
2022-02-24,83.08000,96.16300,82.72000,94.99000,31915000
2022-02-25,114.90000,120.70000,109.30000,119.82000,64569100
2022-02-28,118.31000,131.95000,118.31000,127.50000,52481700
2022-03-01,126.55000,131.49001,124.36100,126.06000,25688200
2022-03-02,124.93000,125.53000,118.76100,124.26000,18998500
2022-03-03,123.13000,123.64400,113.08000,114.22000,18089100
2022-03-04,116.68000,119.71000,105.07000,106.52000,23137800
2022-03-07,107.17000,108.08000,95.42000,97.51000,29481400
2022-03-08,96.71000,105.15000,93.30000,100.62000,25280900
2022-03-09,103.99000,113.82000,103.39000,111.92000,27721900
2022-03-10,110.35000,110.58000,104.64000,108.87000,15651100
2022-03-11,109.88000,110.68000,101.70000,101.93000,13636500
2022-03-14,100.03000,102.07000,92.72000,94.85000,22494600
2022-03-15,95.71000,103.88500,94.87000,103.09000,17524000
2022-03-16,105.56000,116.37900,105.26000,116.05000,25527200
2022-03-17,114.78000,128.32001,113.30000,127.96000,31316900
2022-03-18,126.69000,142.94000,125.60000,140.64000,39354200
2022-03-21,138.36000,139.73000,129.64000,134.82001,30703500
2022-03-22,133.66000,146.78999,133.56500,141.78999,27938500
2022-03-23,138.83000,142.89000,134.35001,135.39999,18069900
2022-03-24,136.42999,137.73000,129.81000,135.06000,16790100
2022-03-25,135.50999,136.20000,127.23000,130.33000,13467000
2022-03-28,132.00000,138.88000,131.73801,138.12000,19074000
2022-03-29,141.00000,149.00000,137.91000,146.84000,21939500
2022-03-30,147.00999,147.62000,137.67999,140.10001,20231800
2022-03-31,139.52000,140.50000,135.48000,135.60001,13569600
2022-04-01,136.50000,138.41000,131.73000,133.62000,15216100
2022-04-04,136.85001,145.58000,135.75000,145.19000,15632200
2022-04-05,145.00000,145.00000,134.70000,135.92000,15798800
2022-04-06,133.73000,133.95000,124.60000,128.77000,21077200
2022-04-07,128.00000,132.80000,120.11000,125.93000,19030600
2022-04-08,124.53000,127.50000,122.12000,123.22000,13654100
2022-04-11,120.28000,125.73000,118.92000,123.08000,12965000
2022-04-12,126.02000,130.89000,121.50000,122.89000,15351400
2022-04-13,121.40000,126.66000,120.50000,126.05000,10789100
2022-04-14,126.03000,126.46000,121.13000,121.31000,9447500
2022-04-18,120.79000,121.27000,115.85000,119.39000,10365000
2022-04-19,119.00000,127.15000,118.69000,125.62000,10900400
2022-04-20,125.21000,125.21000,114.50000,114.52000,13309000
2022-04-21,117.10000,119.48000,106.44500,107.71000,14430400
2022-04-22,108.11000,109.95000,102.02000,102.67000,12495300
2022-04-25,101.87000,108.30000,101.87000,107.38000,14059500
2022-04-26,105.64300,105.64300,99.82500,100.47000,12854500
2022-04-27,98.68000,103.96800,98.07000,99.93000,14308600
2022-04-28,101.54000,106.00000,97.39000,104.64000,16650900
2022-04-29,103.64000,110.44000,99.32000,99.54000,13448800
2022-05-02,98.30000,105.97000,97.27000,105.86000,14661700
2022-05-03,104.16000,108.00000,100.48000,102.33000,14675900
2022-05-04,102.25000,107.21000,93.65000,106.79000,25333900
2022-05-05,103.51000,104.14000,93.12000,95.55000,22914500
2022-05-06,98.67000,98.68000,88.55700,96.19000,36801900
2022-05-09,93.06000,93.96900,80.82000,83.86000,31319600
2022-05-10,87.29000,91.46500,80.39000,84.39000,25789600
2022-05-11,82.97000,85.15000,70.33000,71.22000,39549300
2022-05-12,68.79000,78.14000,65.10000,75.76000,35208100
2022-05-13,80.37000,85.23000,80.13000,84.15000,28356500
2022-05-16,82.27000,84.69000,79.31000,79.70000,18879600
2022-05-17,82.50000,85.56000,78.88000,84.79000,21675600
2022-05-18,82.73000,89.09600,81.48000,82.06000,24811400
2022-05-19,82.90000,89.91900,82.08500,87.14000,24086900
2022-05-20,88.01000,90.25000,78.89200,83.44000,22714300
2022-05-23,83.82000,84.15000,79.05000,83.40000,19684100
2022-05-24,81.40000,81.62000,74.16000,75.88000,20583900
2022-05-25,75.80000,78.95000,74.31000,77.95000,17738200
2022-05-26,75.57000,83.86000,74.76000,83.41000,16587500
2022-05-27,84.29000,90.99000,83.50000,90.52000,19837500
2022-05-31,90.00000,90.60000,85.80000,87.51000,19307200
2022-06-01,87.35000,89.21100,81.35300,81.91000,20519200
2022-06-02,81.52000,88.84900,81.40000,87.44000,19120000
2022-06-03,85.36000,86.67000,82.66000,83.10000,13965900
2022-06-06,84.86000,87.09000,81.95000,83.38000,13972700
2022-06-07,81.88000,85.20000,80.25000,84.60000,14313300
2022-06-08,84.60000,87.55000,83.87000,84.75000,12757300
2022-06-09,84.63000,84.96000,76.49000,76.58000,19594300
2022-06-10,75.86000,76.24000,70.23000,71.87000,21288000
2022-06-13,66.16000,68.78000,62.50000,62.76000,26455800
2022-06-14,63.52000,63.69000,59.45000,60.30000,23258500
2022-06-15,61.17000,64.42700,60.47000,62.91000,24356700
2022-06-16,60.42000,61.14000,56.72300,57.51000,22705200
2022-06-17,56.21000,59.45000,56.01000,58.51000,21814800
2022-06-21,59.72000,62.61400,59.45000,60.52000,17100100
2022-06-22,59.43000,62.88000,59.24000,60.65000,15082400
2022-06-23,61.41000,67.63000,60.80000,67.27000,23240200
2022-06-24,68.22000,71.01000,66.83000,71.00000,23357200
2022-06-27,70.79000,71.75000,66.95000,69.43000,14687400
2022-06-28,69.10000,70.20000,64.81000,65.60000,14795000
2022-06-29,64.77000,65.72200,62.41000,63.84000,13450900
2022-06-30,62.75000,63.00000,59.08000,61.46000,16793100
2022-07-01,61.95000,65.14000,61.86000,63.90000,15218100
2022-07-05,61.84000,66.91000,60.35000,66.73000,14496500
2022-07-06,66.60000,68.47000,64.28000,64.97000,11788100
2022-07-07,65.13000,69.58000,64.51000,68.63000,13885200
2022-07-08,66.80000,68.97000,64.75000,67.02000,16403200
2022-07-11,66.15000,66.88000,63.05000,63.23000,11140700
2022-07-12,63.96000,66.53600,63.13000,65.03000,14386700
2022-07-13,62.20000,65.61000,60.82000,64.15000,13548800
2022-07-14,63.27000,63.75000,61.04000,62.42000,11377100
2022-07-15,64.19000,66.04000,62.70000,65.98000,12267200
2022-07-18,67.88000,69.59000,65.83000,66.27000,14204900
2022-07-19,66.94000,69.30800,64.26500,69.25000,16120400
2022-07-20,70.00000,75.24000,69.22000,74.78000,18594300
2022-07-21,73.31000,75.17000,72.17000,74.76000,14683000
2022-07-22,74.66000,76.44000,70.96000,71.80000,12130100
2022-07-25,72.04000,72.47000,69.60000,71.43000,9267700
2022-07-26,69.09000,69.23000,65.90000,66.39000,10924100
2022-07-27,68.46000,72.94000,67.60000,72.76000,13865400
2022-07-28,73.04000,75.16000,70.51000,74.68000,11281600
2022-07-29,73.23000,76.09000,72.72500,76.06000,10554300
2022-08-01,75.48000,79.05000,74.45000,77.81000,11563100
2022-08-02,76.62000,80.77000,76.36000,79.09000,12648900
2022-08-03,81.03000,88.83000,80.70000,88.07000,26179500
2022-08-04,88.15000,90.67000,86.83000,89.70000,22719400
2022-08-05,83.65000,93.19000,82.87800,87.73000,31022600
2022-08-08,88.05000,91.80000,84.87000,85.50000,19001500
2022-08-09,84.18000,84.87000,79.95000,81.13000,13287000
2022-08-10,86.76000,89.03000,84.42000,88.84000,16527800
2022-08-11,90.87000,92.10000,85.36000,85.99000,15075900
2022-08-12,88.01000,88.63000,85.01000,87.95000,10433200
2022-08-15,87.72000,89.19400,86.02000,86.72000,9905200
2022-08-16,86.23000,87.10000,82.07000,85.88000,12198000
2022-08-17,83.53000,84.44000,79.93000,80.33000,15368500
2022-08-18,80.44000,80.55000,78.27000,79.72000,11799700
2022-08-19,77.40000,77.88000,73.88000,74.36000,13024100
2022-08-22,72.37000,75.52000,71.33000,73.01000,13297400
2022-08-23,72.52000,74.21000,70.85000,70.94000,12146500
2022-08-24,71.54000,74.64000,71.37000,72.62000,9751400
2022-08-25,73.15000,74.77000,72.11000,74.63000,8979200
2022-08-26,74.32000,74.35000,68.76000,68.87000,13750100
2022-08-29,67.59000,69.99000,67.34000,67.75000,9590900
2022-08-30,68.60000,70.13000,66.69000,69.05000,11902000
2022-08-31,70.59000,71.75200,68.41000,68.91000,10039200
2022-09-01,67.43000,68.78500,65.03000,68.75000,11949600
2022-09-02,69.83000,70.07000,65.90000,66.33000,12389900
2022-09-06,66.06000,66.38000,63.65000,65.30000,12852700
2022-09-07,65.38000,67.94000,64.60000,67.82000,10955500
2022-09-08,66.18000,70.63000,65.93000,70.59000,9406300
2022-09-09,71.62000,74.73000,71.62000,74.29000,12325300
2022-09-12,75.21000,76.71400,73.91000,75.25000,10257400
2022-09-13,70.07000,71.37500,69.25000,69.58000,12943200
2022-09-14,66.70000,68.71000,65.60000,68.56000,19270200
2022-09-15,66.44000,71.55000,66.44000,69.18000,18009100
2022-09-16,67.09000,67.16500,64.75000,64.89000,15775300
2022-09-19,64.30000,65.20000,63.01000,63.71000,13219600
2022-09-20,62.97000,63.69900,61.40000,61.47000,13407700
2022-09-21,61.36000,63.51000,59.45000,59.45000,14568700
2022-09-22,58.47000,58.98000,55.02000,55.93000,20937000
2022-09-23,55.00000,56.98000,54.43000,56.27000,14897600
2022-09-26,56.22000,57.74000,54.13000,54.14000,12473000
2022-09-27,55.55000,56.85000,53.90000,55.08000,11592900
2022-09-28,55.06000,59.24000,54.87000,59.07000,14669500
2022-09-29,57.48000,57.48000,55.34000,55.90000,13288800
2022-09-30,55.62000,58.02000,54.89000,54.99000,13401300
2022-10-03,55.15000,56.53000,53.71000,55.78000,15203000
2022-10-04,58.27500,63.14000,58.15000,62.41000,22480800
2022-10-05,60.70000,62.71000,59.89000,62.15000,10667400
2022-10-06,61.79000,63.44000,61.29000,61.93000,8298400
2022-10-07,59.86000,60.45000,56.89000,57.41000,11232000
2022-10-10,57.42000,57.88000,55.52000,56.62000,9657400
2022-10-11,56.22000,56.33900,52.67000,53.45000,18196200
2022-10-12,53.59000,56.55000,52.43000,56.14000,16651700
2022-10-13,53.03000,56.59100,51.89000,56.23000,18321800
2022-10-14,57.00000,58.28000,51.45000,51.51000,16278100
2022-10-17,53.60000,56.77000,53.35000,55.92000,15378400
2022-10-18,58.93000,59.74000,55.51000,57.27000,15248900
2022-10-19,56.55000,56.55000,53.49000,53.94000,13618100
2022-10-20,53.95000,57.64000,53.66000,55.18000,12554800
2022-10-21,54.00000,56.33000,52.34000,55.99000,13987700
2022-10-24,55.62000,57.71000,53.97000,56.99000,12593800
2022-10-25,56.96000,60.32000,56.96000,59.66000,12990600
2022-10-26,58.24000,62.48000,57.97000,59.47000,12535300
2022-10-27,60.23000,61.93000,59.52000,60.26000,9601800
2022-10-28,59.61000,61.32500,58.77000,61.29000,10612200
2022-10-31,61.25000,61.94000,59.87000,60.07000,10545300
2022-11-01,62.28000,62.83000,58.62500,59.00000,12013900
2022-11-02,58.64000,59.56000,54.51000,54.64000,15357900
2022-11-03,53.40000,55.10000,51.34000,53.91000,20802100
2022-11-04,60.35000,63.70000,57.66000,60.11000,44563400
2022-11-07,62.17000,64.75000,61.37000,62.67000,22867900
2022-11-08,63.19000,65.80000,60.16000,62.51000,26565400
2022-11-09,60.39500,60.48000,57.09000,57.21000,18952000
2022-11-10,63.09000,68.58500,63.09000,67.40000,28630300
2022-11-11,65.09000,72.43000,64.37000,71.66000,21128100
2022-11-14,70.25000,72.35000,69.44000,70.27000,11823300
2022-11-15,74.77000,75.77000,72.02000,73.38000,13335400
2022-11-16,71.63000,72.92000,68.61500,69.55000,11779600
2022-11-17,67.02000,68.92000,66.29000,67.99000,9264400
2022-11-18,69.04000,69.32000,65.13500,65.82000,9734600
2022-11-21,64.60000,64.94000,60.80000,61.85000,12252700
2022-11-22,61.53000,63.07000,60.10000,62.72000,9000500
2022-11-23,62.64000,64.26000,61.92000,63.92000,8190000
2022-11-25,63.99000,63.99000,62.50900,63.38000,4168800
2022-11-28,61.91000,63.83000,61.12000,61.37000,7239900
2022-11-29,62.07000,63.89000,61.73000,62.11000,8219900
2022-11-30,62.10000,68.00000,61.85200,67.77000,14298600
2022-12-01,68.02000,69.24000,66.66000,69.17000,9430000
2022-12-02,67.27000,68.94000,66.62000,68.18000,7721100
2022-12-05,67.40000,67.86000,62.40000,63.14000,12610900
2022-12-06,63.12000,63.87900,60.20000,61.30000,9408900
2022-12-07,60.83000,61.85000,59.62500,61.07000,8734800
2022-12-08,61.60000,63.70000,60.50000,63.37000,7849800
2022-12-09,63.10000,65.83000,63.10000,64.60000,8418100
2022-12-12,63.79000,66.71300,63.36000,66.20000,9126600
2022-12-13,70.37000,72.37000,68.80000,71.03000,15385200
2022-12-14,71.07000,72.47000,69.64000,71.25000,10557800
2022-12-15,68.49000,69.35000,65.43000,65.89000,9277800
2022-12-16,64.98000,65.17000,60.71000,62.51000,18776800
2022-12-19,62.24000,62.40000,59.98500,60.44000,9310100
2022-12-20,59.34000,61.87000,58.90000,61.41000,8766500
2022-12-21,61.74000,63.33000,60.63000,62.58000,7847500
2022-12-22,61.20000,61.20000,58.62000,60.59000,9740200
2022-12-23,59.87500,60.94000,58.82000,60.89000,7281800
2022-12-27,60.20500,61.06000,58.34000,59.86000,8572400
2022-12-28,59.00000,60.24000,58.40000,59.08000,7563200
2022-12-29,60.00000,63.47000,59.90000,62.92000,9995100
2022-12-30,61.05000,63.10000,60.80000,62.84000,8014400
2023-01-03,66.30000,67.50000,62.50200,64.64000,16416500
2023-01-04,65.79000,68.12000,64.78000,66.30000,11749500
2023-01-05,64.85000,65.56000,63.01900,64.71000,11336200
2023-01-06,65.28000,69.50000,63.36000,68.99000,15529600
2023-01-09,69.70000,70.61000,68.44000,69.06000,12987600
2023-01-10,68.67500,70.19000,67.66000,70.03000,9056300
2023-01-11,70.96000,71.89000,70.02000,71.67000,9034300
2023-01-12,71.88000,72.11000,68.11000,71.80000,11852600
2023-01-13,69.81000,71.99000,69.51000,71.65000,9344700
2023-01-17,72.36000,75.21000,71.73000,75.10000,14314400
2023-01-18,75.29000,76.22000,72.07000,72.11000,12147200
2023-01-19,70.80000,71.79000,69.23500,70.94000,12051300
2023-01-20,71.70000,76.19000,71.04000,76.16000,12798400
2023-01-23,76.84000,81.67000,76.72000,81.66000,16814100
2023-01-24,80.16000,82.73000,79.51000,80.79000,12152100
2023-01-25,77.00000,81.04000,74.77000,80.77000,17119400
2023-01-26,83.03000,83.91000,78.32100,81.19000,13296800
2023-01-27,80.69000,85.50000,80.67000,83.83000,15424800
2023-01-30,81.93000,83.24000,79.64000,79.79000,10482600
2023-01-31,80.88000,82.32000,80.20000,81.72000,8801900
2023-02-01,82.07000,84.75500,80.06000,83.90000,11087200
2023-02-02,86.80000,89.97000,86.22000,88.41000,13349900
2023-02-03,84.90000,87.98000,84.25000,84.71000,12679100
2023-02-06,82.69000,83.69900,81.31000,82.55000,8593500
2023-02-07,82.08000,83.85500,80.66000,83.18000,9804500
2023-02-08,82.90000,84.29000,81.12000,81.13000,7213400
2023-02-09,81.35000,82.08000,75.60000,76.18000,17350900
2023-02-10,75.10000,76.01100,74.14000,75.23000,11274100
2023-02-13,75.51000,77.56800,74.74000,76.82000,9590500
2023-02-14,76.04000,79.45000,75.55000,78.80000,9780900
2023-02-15,78.70000,82.70000,78.53000,82.69000,10064300
2023-02-16,80.27000,81.33000,78.50000,78.63000,9541500
2023-02-17,76.97000,77.03000,74.17000,75.02000,11261600
2023-02-21,73.09000,74.49000,71.92000,71.95000,7855200
2023-02-22,72.72000,73.68000,71.80000,72.94000,10562100
2023-02-23,74.27000,74.89000,71.84000,74.15000,22855200
2023-02-24,77.47000,78.02000,73.52000,77.36000,43473200
2023-02-27,77.29000,77.73000,74.86000,75.14000,18197400
2023-02-28,75.33000,78.02000,74.52000,76.73000,13187300
2023-03-01,76.31000,76.73000,74.65000,76.63000,10075900
2023-03-02,75.44000,78.59000,74.54500,78.04000,10115600
2023-03-03,78.67000,81.13000,77.65000,80.88000,11059700
2023-03-06,81.40000,83.08000,80.29000,80.81000,10328600
2023-03-07,80.48000,81.40000,77.93000,78.04000,8082800
2023-03-08,77.97000,78.69000,75.83000,77.95000,8610500
2023-03-09,77.82000,79.62000,73.50000,73.80000,12475200
2023-03-10,70.61000,73.58000,68.47000,71.01000,18383100
2023-03-13,70.00000,71.10000,67.25000,69.46000,14357400
2023-03-14,71.67500,73.86000,71.40000,73.63000,13136700
2023-03-15,72.44000,74.14000,71.67000,74.07000,9832200
2023-03-16,76.12000,76.50000,73.81000,75.09000,11453800
2023-03-17,74.94500,75.23000,73.09000,73.98000,9756200
2023-03-20,73.39000,75.64000,72.69000,74.50000,10704500
2023-03-21,75.84000,77.97000,75.72000,77.46000,10458700
2023-03-22,77.15000,77.15000,72.61000,72.65000,17616500
2023-03-23,60.00000,65.75000,56.50000,61.88000,140313900
2023-03-24,59.75000,61.57000,59.10000,60.68000,48929800
2023-03-27,62.46000,65.11000,61.55000,64.40000,33436700
2023-03-28,64.00000,65.85000,63.50000,63.76000,17257800
2023-03-29,64.80500,67.21000,64.56000,66.49000,17574600
2023-03-30,68.99000,70.53000,67.79000,68.49000,21097700
2023-03-31,68.59000,70.32000,68.05000,68.65000,17878500
2023-04-03,67.60000,68.39000,65.80500,67.83000,16969800
2023-04-04,68.26000,69.74000,67.67000,68.84000,15229000
2023-04-05,67.21500,68.24000,66.62000,67.66000,11586700
2023-04-06,66.80000,69.03000,66.16000,68.10000,11359800
2023-04-10,66.33000,66.80000,65.47000,66.36000,11598900
2023-04-11,67.05000,67.89000,65.76000,66.42000,11471400
2023-04-12,67.28000,67.62000,62.60000,62.74000,15733700
2023-04-13,63.29000,65.62000,63.20000,64.56000,12875800
2023-04-14,64.30000,65.47000,63.69000,64.04000,12061500
2023-04-17,63.82000,64.35900,63.11000,64.19000,10833100
2023-04-18,64.80000,65.15000,63.84500,63.90000,9487500
2023-04-19,63.00000,63.51000,61.43000,62.87000,13775700
2023-04-20,61.72000,62.91500,61.54000,62.36000,9367800
2023-04-21,62.18000,63.57000,62.02000,63.48000,10855300
2023-04-24,63.70000,64.75000,63.05000,64.50000,8457400
2023-04-25,63.92000,64.36000,60.97000,61.00000,10416200
2023-04-26,61.21000,61.79700,60.01000,60.57000,9262100
2023-04-27,61.18000,61.41000,58.91000,60.58000,14361200
2023-04-28,59.83000,61.03000,58.97000,60.79000,11809500
2023-05-01,60.69000,61.74600,59.75000,60.22000,9293600
2023-05-02,59.61000,59.90000,57.63000,57.76000,10440300
2023-05-03,57.98000,60.82000,57.42000,59.32000,14798400
2023-05-04,59.22000,61.38000,59.21000,60.43000,16023900
2023-05-05,60.64000,62.07000,58.79500,59.25000,25485600
2023-05-08,59.27000,59.77000,57.77000,58.80000,13623600
2023-05-09,58.41000,59.71500,57.89000,59.32000,8377200
2023-05-10,59.97000,60.00000,57.15000,57.53000,12457000
2023-05-11,56.65000,58.00000,55.70000,57.31000,11818500
2023-05-12,57.30000,57.30000,55.11000,55.56000,11804400
2023-05-15,55.30000,57.12000,55.05000,56.87000,9421500
2023-05-16,55.74000,56.59500,55.05000,55.54000,8377500
2023-05-17,56.07000,57.83000,55.46000,57.76000,9165900
2023-05-18,57.94000,60.13000,57.52000,59.52000,9851300
2023-05-19,59.47500,59.60000,58.14500,58.65000,6615200
2023-05-22,58.00000,61.32000,57.54000,60.62000,11142100
2023-05-23,60.33000,62.55000,59.82000,61.56000,12693600
2023-05-24,60.59500,62.02500,59.96000,61.86000,8886700
2023-05-25,62.02000,62.17000,59.01000,59.30000,8927200
2023-05-26,59.50000,60.40000,58.97000,59.00000,10070300
2023-05-30,59.76000,60.08000,57.78000,58.84000,9715800
2023-05-31,58.41000,61.20000,58.36000,60.39000,15274700
2023-06-01,59.68000,62.40500,59.04000,61.50000,8765300
2023-06-02,62.50000,63.99000,61.27000,63.46000,10653300
2023-06-05,63.71000,64.00000,62.57300,63.54000,5880700
2023-06-06,62.36000,66.18000,62.21000,65.98000,10479600
2023-06-07,66.50000,67.61000,65.11000,66.24000,9270900
2023-06-08,66.37000,66.91000,64.82000,65.09000,8673000
2023-06-09,65.26000,66.50000,64.57000,64.94000,6558200
2023-06-12,65.21000,65.64900,63.58000,64.20000,6165600
2023-06-13,65.38000,66.40000,64.87000,65.52000,10102900
2023-06-14,64.84000,65.87000,62.87000,63.69000,9173900
2023-06-15,63.65000,66.86000,63.56000,66.19000,9395500
2023-06-16,66.51000,67.79000,65.70100,66.51000,12250800
2023-06-20,65.89000,67.51500,65.35000,66.80000,7456800
2023-06-21,66.71000,67.28000,64.81000,65.46000,8859000
2023-06-22,64.89000,65.15000,63.14000,64.11000,7225500
2023-06-23,62.80000,63.34000,61.85500,62.86000,17221700
2023-06-26,62.66000,64.14900,61.65000,61.75000,5506300
2023-06-27,62.33000,64.56000,62.04500,63.93000,5865400
2023-06-28,63.70000,65.61000,63.33000,64.77000,6638500
2023-06-29,64.87500,65.77000,63.74000,64.39000,6240900
2023-06-30,65.10000,66.89800,64.81000,66.57000,8721400
2023-07-03,66.67000,67.30000,66.04000,66.20000,5669900
2023-07-05,65.73000,69.40000,65.14000,68.97000,12995800
2023-07-06,67.38000,67.38000,63.44000,64.61000,16449000
2023-07-07,64.20000,68.42000,64.10000,67.27000,11732900
2023-07-10,66.84000,69.65000,66.72000,69.06000,9165900
2023-07-11,69.75000,72.12000,69.06000,71.10000,10022600
2023-07-12,72.83000,73.04000,70.58000,71.22000,7823900
2023-07-13,72.74000,76.65000,72.53000,76.20000,15648300
2023-07-14,76.31500,77.11000,74.84000,75.46000,9343900
2023-07-17,75.30500,78.80000,74.31000,78.06000,10001900
2023-07-18,78.06500,79.21000,77.57000,79.03000,6733100
2023-07-19,79.15000,80.60000,78.11000,78.19000,8320700
2023-07-20,77.22500,77.95000,75.66000,76.17000,7231300
2023-07-21,76.88000,77.60500,75.08000,76.12000,5260100
2023-07-24,75.86000,77.26000,74.36000,77.14000,5016000
2023-07-25,77.58000,78.25000,76.79000,76.87000,3362600
2023-07-26,76.16000,77.84500,75.76000,77.41000,4235200
2023-07-27,78.83000,79.44000,75.40000,75.77000,5911900
2023-07-28,78.31500,78.98000,77.35000,78.36000,6225700
2023-07-31,79.38000,81.47000,79.16000,80.53000,7815000
2023-08-01,79.88000,79.90000,77.78000,78.76000,6731500
2023-08-02,77.13500,77.13500,73.87000,74.49000,10439800
2023-08-03,73.36000,73.88000,71.51000,73.55000,13742600
2023-08-04,67.68000,70.39800,63.20000,63.52000,33476000
2023-08-07,64.16000,65.15000,63.28000,64.01000,16331200
2023-08-08,62.80000,63.58000,62.32000,62.38000,11439300
2023-08-09,63.63000,64.54700,62.41000,62.71000,12169200
2023-08-10,63.06000,64.26000,61.81000,62.24000,8642500
2023-08-11,61.60000,62.36000,60.53000,60.57000,7740700
2023-08-14,60.06000,60.49000,59.64000,60.15000,7408100
2023-08-15,60.09000,60.36000,58.13000,58.36000,9501100
2023-08-16,58.14000,58.95000,57.44000,57.49000,8309200
2023-08-17,57.07000,57.52000,56.08000,56.10000,10195200
2023-08-18,55.03000,57.27000,54.72500,56.88000,9841100
2023-08-21,56.84000,57.56000,55.99000,57.56000,9422900
2023-08-22,57.81000,58.00000,55.63000,56.07000,10494000
2023-08-23,56.30000,57.40000,55.90000,57.22000,12207300
2023-08-24,57.57000,57.57000,55.31000,55.63000,7952700
2023-08-25,55.40000,56.63000,54.97000,55.86000,7741000
2023-08-28,56.01000,56.45000,55.26000,55.87000,5333600
2023-08-29,55.57000,57.90000,55.46000,57.76000,7329800
2023-08-30,57.33000,58.21000,56.98000,57.72000,6813200
2023-08-31,57.80000,58.50000,57.17000,57.65000,7392900
2023-09-01,58.39000,59.04000,57.85000,58.17000,5752300
2023-09-05,58.16000,59.19500,57.78500,58.74000,5987000
2023-09-06,57.68000,59.72000,57.49000,57.64000,10491600
2023-09-07,56.22000,56.50000,55.14000,56.04000,9075800
2023-09-08,56.00000,56.00000,52.78000,53.08000,20691100
2023-09-11,53.95500,55.20000,53.27000,53.94000,10420000
2023-09-12,53.78500,55.72900,53.65000,54.33000,10233100
2023-09-13,54.07500,54.58000,53.61000,54.15000,5735300
2023-09-14,54.61000,54.73000,53.57000,53.85000,8090000
2023-09-15,53.68000,54.08000,52.26000,52.83000,11915100
2023-09-18,52.81000,52.81000,51.24000,51.25000,11564000
2023-09-19,49.94000,50.63000,49.37000,49.80000,17971800
2023-09-20,49.99000,50.06000,47.52000,47.57000,15313500
2023-09-21,46.51000,46.93000,45.27000,45.62000,19540800
2023-09-22,45.89000,46.18000,44.60000,44.71000,11866500
2023-09-25,44.62000,45.74000,44.33000,45.59000,8841300
2023-09-26,44.94000,45.74000,44.56000,44.81000,10168200
2023-09-27,45.26000,45.36000,43.75000,44.14000,11656100
2023-09-28,44.03000,44.56000,42.77000,44.35000,16585100
2023-09-29,45.21000,45.63000,44.21000,44.26000,11965300
2023-10-02,44.32000,44.72000,42.98000,43.19000,10433200
2023-10-03,42.57000,43.29000,41.49000,41.90000,11399900
2023-10-04,42.00000,42.22000,41.24000,41.90000,11048000
2023-10-05,41.51000,42.81500,40.77000,42.64000,15916700
2023-10-06,42.15000,44.05000,42.15000,43.83000,13244300
2023-10-09,43.12000,43.81500,42.89000,43.71000,7787600
2023-10-10,44.30000,46.54000,44.30000,46.00000,15783400
2023-10-11,46.34000,47.53500,46.02000,46.69000,15563000
2023-10-12,47.05000,47.22500,45.12100,45.45000,13843000
2023-10-13,44.63000,44.87000,43.14000,43.17000,13495900
2023-10-16,43.84000,44.95000,43.59500,44.76000,9192200
2023-10-17,44.18000,46.38000,44.09000,45.90000,11581300
2023-10-18,45.27500,45.88000,44.55000,44.58000,8206400
2023-10-19,44.38000,45.57000,43.96000,44.17000,10885100
2023-10-20,44.51500,44.56000,43.70000,43.98000,9985900
2023-10-23,43.58000,44.56500,42.81000,43.90000,9641600
2023-10-24,44.78000,46.15000,44.71100,45.35000,11482200
2023-10-25,43.56000,43.65000,41.30000,41.72000,20833400
2023-10-26,41.66000,42.89000,41.54500,41.68000,11861500
2023-10-27,40.36000,40.52000,38.91000,40.02000,19872600
2023-10-30,40.37000,40.86000,38.85000,39.22000,15531800
2023-10-31,39.48000,40.38000,38.88500,40.25000,9734500
2023-11-01,39.95000,41.09500,39.34000,40.96000,11957100
2023-11-02,43.71000,44.10000,42.78000,43.98000,30573900
2023-11-03,50.80000,52.13000,48.40000,48.68000,49424200
2023-11-06,49.19000,49.92100,48.15200,49.52000,22090200
2023-11-07,49.70500,51.63000,49.70500,51.05000,22098700
2023-11-08,50.96000,53.05000,50.63000,52.27000,19517500
2023-11-09,52.79500,53.35000,50.98000,51.05000,16380500
2023-11-10,50.99000,51.70000,50.87000,51.50000,9510200
2023-11-13,50.95000,52.21000,50.86000,52.02000,9727500
2023-11-14,53.96000,55.33000,53.82000,55.10000,15519200
2023-11-15,55.52000,57.27000,55.45000,56.30000,14683100
2023-11-16,56.02000,56.45000,55.49000,56.28000,9462600
2023-11-17,56.44000,58.40000,56.40000,58.19000,12031000
2023-11-20,57.92000,59.53500,57.47600,59.27000,10463400
2023-11-21,58.67000,59.33500,58.06000,58.67000,8125100
2023-11-22,59.13000,59.73000,58.33900,59.02000,7702100
2023-11-24,58.97000,60.04000,58.68000,59.65000,5162600
2023-11-27,59.11000,60.78000,59.00000,60.31000,10451600
2023-11-28,60.50000,64.00000,60.39000,63.34000,15851200
2023-11-29,63.58000,65.11000,63.58000,63.73000,13983700
2023-11-30,64.09000,64.20000,62.68000,63.43000,9036600
2023-12-01,63.50000,65.17000,63.39000,65.04000,11954200
2023-12-04,65.00000,65.33000,64.19000,65.00000,8865200
2023-12-05,64.32000,64.94000,63.38000,64.89000,8606200
2023-12-06,65.79000,69.95000,65.79000,68.00000,20160600
2023-12-07,67.02900,68.88000,66.88000,68.47000,12668300
2023-12-08,67.85000,70.66700,67.60000,69.17000,11485300
2023-12-11,68.92500,70.26000,68.24000,68.56000,8109700
2023-12-12,69.21000,69.57000,68.33000,69.57000,6414700
2023-12-13,69.73000,70.54000,66.73000,70.06000,16628000
2023-12-14,71.80000,75.44000,71.77500,74.76000,20563600
2023-12-15,74.83000,75.49000,73.66000,74.21000,11130100
2023-12-18,74.00000,74.87000,73.40000,73.88000,7546000
2023-12-19,74.60000,77.76000,74.60000,77.31000,11958300
2023-12-20,77.03000,79.10000,76.00000,76.11000,12378200
2023-12-21,77.17000,77.85000,75.83000,76.90000,8829400
2023-12-22,77.08000,77.55000,76.25000,77.14000,7045400
2023-12-26,77.30000,78.64000,77.30000,78.18000,6135500
2023-12-27,78.00000,79.73000,77.96000,79.60000,7418800
2023-12-28,79.77000,80.29000,79.21000,79.51000,6830500
2023-12-29,79.32000,79.77000,76.85500,77.35000,8244900
2024-01-02,75.50000,75.90000,71.47000,72.22000,15249500
2024-01-03,69.00000,70.60000,68.14000,68.63000,15374100
2024-01-04,68.00000,69.06500,66.86000,68.15000,10021000
2024-01-05,67.53000,68.57000,66.59500,66.96000,11150700
2024-01-08,67.68000,69.34000,67.36500,69.31000,9210800
2024-01-09,68.76000,70.64000,68.76000,69.53000,8077100
2024-01-10,69.95000,69.95000,67.48000,67.90000,8705700
2024-01-11,68.61000,68.80000,66.11000,67.87000,7617700
2024-01-12,68.00000,68.67000,66.43000,66.48000,6612400
2024-01-16,65.48000,65.98000,64.20000,65.16000,9984100
2024-01-17,63.72000,63.96500,62.07000,63.90000,9588300
2024-01-18,64.51000,65.23000,63.43000,64.47000,8226600
2024-01-19,64.76000,66.06000,63.75000,65.85000,8642500
2024-01-22,67.13000,69.36000,66.26000,66.69000,10438400
2024-01-23,67.25000,67.69000,65.68500,66.20000,7247500
2024-01-24,67.09000,67.30000,62.55000,62.57000,12081200
2024-01-25,63.17000,63.30000,61.83000,62.71000,10939200
2024-01-26,62.00000,65.57000,61.94000,64.97000,11500900
2024-01-29,65.12000,69.07000,64.95000,68.98000,13236200
2024-01-30,70.35000,71.40900,67.80000,68.22000,13270600
2024-01-31,67.68000,68.37000,64.82500,65.01000,10919000
2024-02-01,66.05000,67.34000,64.97000,66.67000,9050600
2024-02-02,66.42000,68.43000,65.29000,67.88000,9373500
2024-02-05,67.00000,67.23000,65.45000,65.85000,6646400
2024-02-06,66.25000,68.86000,66.20000,67.00000,10734700
2024-02-07,67.09000,68.83900,65.58000,68.31000,7908100
2024-02-08,67.91000,69.42000,66.86000,68.83000,8515900
2024-02-09,69.23000,69.90000,66.67000,66.88000,11405000
2024-02-12,67.02000,69.59000,67.02000,68.84000,9112800
2024-02-13,65.82000,66.66000,64.38000,64.98000,11784100
2024-02-14,66.08000,67.74500,65.88100,67.41000,8346400
2024-02-15,68.28000,70.10000,68.06000,69.48000,9393600
2024-02-16,67.20000,67.98000,65.55500,65.64000,12642900
2024-02-20,65.58000,66.58300,64.83500,65.73000,10182100
2024-02-21,64.42500,65.00000,63.62900,64.47000,8798200
2024-02-22,65.78000,68.44000,65.65000,67.96000,23963900
2024-02-23,79.81000,83.29000,78.47000,78.92000,53427600
2024-02-26,77.52000,77.78000,74.56000,74.66000,23003200
2024-02-27,75.95000,77.96000,75.34000,77.71000,14699200
2024-02-28,77.01000,79.93000,76.70000,78.42000,12752700
2024-02-29,79.50000,80.96000,78.54000,79.47000,12228200
2024-03-01,79.79000,80.63000,78.11000,79.25000,9376900
2024-03-04,79.42000,79.67000,76.89000,77.00000,8523300
2024-03-05,76.10000,76.55000,73.77000,74.43000,7204400
2024-03-06,75.67000,77.13500,75.18700,75.53000,7376800
2024-03-07,76.82000,77.79000,75.67000,77.22000,6906600
2024-03-08,77.95000,81.85000,77.50000,80.74000,12875700
2024-03-11,81.50000,83.83000,80.84200,81.53000,10344800
2024-03-12,82.95500,83.02000,79.29000,81.71000,8477100
2024-03-13,81.34000,87.52000,81.20000,85.72000,15124900
2024-03-14,85.74000,86.16700,80.16000,81.24000,11603600
2024-03-15,80.56000,82.09000,79.94000,80.17000,8467100
2024-03-18,80.31000,81.53000,79.31000,80.86000,6175200
2024-03-19,79.74000,80.46000,78.00000,79.32000,6112500
2024-03-20,78.71000,81.82000,78.21000,81.46000,6652600
2024-03-21,82.41000,85.00000,82.34000,84.05000,10383700
2024-03-22,83.02000,84.04700,80.75000,80.77000,6375600
2024-03-25,80.61000,83.53500,80.58000,82.62000,6631900
2024-03-26,83.65000,85.80000,83.50500,83.80000,8171700
2024-03-27,84.94000,85.67000,82.24000,83.18000,5742300
2024-03-28,83.79500,84.92000,83.20000,84.58000,5816800
2024-04-01,84.91500,84.91500,81.04500,81.46000,7400100
2024-04-02,79.57000,79.69000,77.18000,79.21000,7585300
2024-04-03,78.41000,80.30700,77.81000,79.65000,5126300
2024-04-04,79.00000,80.56000,74.67000,74.73000,14148400
2024-04-05,72.90000,77.33000,72.77000,77.17000,8942200
2024-04-08,77.94000,78.74000,77.50000,78.35000,4708500
2024-04-09,78.30000,80.00000,77.99000,79.98000,5471000
2024-04-10,77.70000,79.10000,77.36000,78.51000,4959400
2024-04-11,79.40000,80.09500,77.63000,80.06000,4242800
2024-04-12,78.84500,79.00000,76.01000,76.99000,6190600
2024-04-15,77.54000,78.00000,73.40000,73.50000,7972300
2024-04-16,72.37000,74.19000,72.12000,73.14000,5643600
2024-04-17,73.57000,74.52500,71.89000,73.51000,5921800
2024-04-18,73.50000,74.09000,71.65000,72.06000,6556700
2024-04-19,70.91000,72.54000,69.81000,70.42000,7071600
2024-04-22,71.19000,72.36000,69.81000,71.60000,6090200
2024-04-23,71.87000,75.28000,71.65800,75.21000,9937300
2024-04-24,75.57000,76.15000,73.52000,74.03000,5831400
2024-04-25,71.50000,73.30000,71.03000,72.79000,5296500
2024-04-26,74.00000,75.89000,73.56000,74.48000,4649200
2024-04-29,74.58000,76.30000,74.28000,75.31000,6122200
2024-04-30,75.01000,75.23000,72.61000,73.00000,6864800
2024-05-01,67.91000,69.50000,65.69000,66.84000,22145700
2024-05-02,68.40000,70.55000,67.17000,70.30000,17693800
2024-05-03,76.49000,76.50000,68.98000,69.47000,28948300
2024-05-06,70.24000,73.55000,70.11000,73.53000,11675500
2024-05-07,73.11000,73.60000,71.40000,71.60000,6609800
2024-05-08,70.59000,72.05000,70.53500,71.14000,5927600
2024-05-09,71.44000,73.31000,70.71600,73.20000,4862400
2024-05-10,73.66000,73.99900,70.72000,71.31000,5714200
2024-05-13,71.84000,72.24900,69.57000,69.74000,7261500
2024-05-14,70.20000,71.98000,70.20000,71.20000,5988400
2024-05-15,72.42000,73.70000,71.36500,71.52000,5369500
2024-05-16,71.24000,72.18000,70.87000,71.75000,6911900
2024-05-17,71.82000,73.43000,71.27000,72.26000,5967000
2024-05-20,72.41000,73.65000,71.61000,73.54000,6162200
2024-05-21,73.00000,73.30000,70.50000,71.51000,9187500
2024-05-22,70.86000,71.00000,67.01500,67.34000,12737500
2024-05-23,67.80000,68.12000,65.77000,66.62000,6723700
2024-05-24,66.73000,67.13000,65.82000,66.34000,6857100
2024-05-28,66.47000,66.76000,64.83000,66.08000,7708500
2024-05-29,64.98000,66.19000,64.25000,65.56000,7605600
2024-05-30,65.51000,66.23000,64.60000,65.02000,6190400
2024-05-31,64.87000,65.20000,62.46000,64.08000,10928700
2024-06-03,64.10000,64.77500,63.70000,64.30000,6473100
2024-06-04,64.08000,65.32000,63.88000,64.25000,8256800
2024-06-05,65.22000,65.62000,63.89000,64.80000,7811800
2024-06-06,64.80000,66.95600,64.64000,66.40000,9206600
2024-06-07,65.90000,66.57000,65.08000,65.10000,6602300
2024-06-10,64.27000,64.94000,63.52000,64.34000,9063400
2024-06-11,64.00000,64.50000,62.94500,64.16000,5250600
2024-06-12,66.00000,67.20000,64.30000,64.63000,7049800
2024-06-13,65.07500,65.85000,62.21000,62.36000,7080200
2024-06-14,61.81000,62.33000,61.37000,62.15000,4916700
2024-06-17,61.73000,62.66000,60.90000,62.50000,5906900
2024-06-18,62.36000,63.17000,61.78000,61.90000,7176700
2024-06-20,61.50000,63.33500,61.19000,62.74000,7487200
2024-06-21,62.27000,62.97000,61.77000,62.97000,7957400
2024-06-24,64.12000,65.35000,63.80000,64.40000,7607800
2024-06-25,64.20000,64.90000,63.47000,64.02000,6934300
2024-06-26,63.58000,63.78000,62.62000,63.29000,3645400
2024-06-27,63.20000,64.11000,62.64000,63.39000,4332300
2024-06-28,63.58000,64.60000,63.13000,64.49000,6802600
2024-07-01,64.62000,64.95000,62.81500,63.84000,5278300
2024-07-02,63.98000,65.38000,63.77000,64.58000,4402300
2024-07-03,64.41000,65.18000,63.92500,64.44000,2837200
2024-07-05,64.18000,65.79000,63.99000,65.78000,5390100
2024-07-08,65.92000,66.74000,63.93000,64.23000,6166100
2024-07-09,64.48000,65.35000,63.83000,64.51000,3630200
2024-07-10,64.76000,64.76000,62.83000,64.34000,4838100
2024-07-11,65.41000,67.06000,65.11000,66.49000,7319000
2024-07-12,67.81000,69.63000,67.81000,68.74000,8697500
2024-07-15,69.49000,72.29500,68.75000,72.06000,9038300
2024-07-16,72.18000,73.36000,71.17000,72.07000,7104600
2024-07-17,70.63000,72.53000,70.62000,71.85000,6016500
2024-07-18,72.33000,72.55000,67.96000,68.00000,13075400
2024-07-19,68.01000,68.69000,67.31000,68.10000,5161400
2024-07-22,68.23000,68.47000,66.95000,68.25000,4649000
2024-07-23,67.70000,68.39000,66.84000,66.89000,4353300
2024-07-24,65.89000,66.15000,61.67000,61.71000,9676300
2024-07-25,61.99500,63.73000,61.47000,61.58000,7174600
2024-07-26,60.55000,61.66000,59.86000,60.18000,11388700
2024-07-29,60.59000,62.27000,59.90000,60.74000,7074000
2024-07-30,61.83000,62.98000,59.77100,60.09000,7195200
2024-07-31,60.96000,62.94000,60.54500,61.88000,6839200
2024-08-01,61.99000,63.85000,59.46500,59.90000,12935700
2024-08-02,58.45000,60.82000,57.67000,60.38000,17898400
2024-08-05,55.00000,59.24000,55.00000,57.21000,13286900
2024-08-06,57.40000,58.61000,56.25000,57.25000,8112100
2024-08-07,58.40000,59.78000,57.66200,58.05000,9056700
2024-08-08,59.23000,61.45000,59.07000,61.21000,7085500
2024-08-09,61.78000,62.68000,60.70000,62.14000,5941000
2024-08-12,62.16000,62.31000,60.36000,61.09000,5746200
2024-08-13,61.88000,63.65000,61.37000,63.37000,4887500
2024-08-14,63.46000,63.60000,61.81000,62.20000,5065500
2024-08-15,63.58000,64.73000,63.49000,64.25000,6944500
2024-08-16,64.47000,65.93000,64.47000,65.87000,5486500
2024-08-19,66.00000,66.90000,65.73000,66.88000,4454500
2024-08-20,66.81000,67.26700,64.83000,64.88000,4906900
2024-08-21,64.92500,65.70000,64.09000,65.65000,5672200
2024-08-22,64.98000,65.88000,63.63000,63.84000,4767300
2024-08-23,64.55000,65.70300,64.40000,65.36000,5618500
2024-08-26,65.46000,66.58000,65.41000,65.56000,4375100
2024-08-27,65.00000,66.80000,64.98500,66.64000,3643600
2024-08-28,66.23500,66.46000,63.86000,64.68000,5096000
2024-08-29,65.34000,68.49000,65.34000,66.42000,7233800
2024-08-30,66.87000,66.96500,64.75000,66.08000,5850700
2024-09-03,64.65000,65.66000,63.77900,64.17000,4583000
2024-09-04,63.86000,65.24000,63.67000,64.08000,4050900
2024-09-05,63.97000,65.23000,63.69500,64.58000,3689300
2024-09-06,64.68000,65.41000,60.98000,61.24000,6448500
2024-09-09,62.09000,63.05000,61.06000,61.31000,5535100
2024-09-10,61.49000,61.59000,59.20000,61.37000,7279600
2024-09-11,60.96000,63.57000,60.20000,63.38000,5833600
2024-09-12,63.44500,63.76000,62.11000,63.67000,3777000
2024-09-13,63.73000,64.88000,63.71000,63.99000,4682900
2024-09-16,64.04000,66.18000,63.98000,65.78000,5428400
2024-09-17,66.77000,67.84500,66.48000,67.33000,4502700
2024-09-18,67.22000,68.24000,66.26000,66.74000,5595100
2024-09-19,68.97000,69.40000,67.98000,68.64000,6547800
2024-09-20,68.60000,69.00000,66.62800,67.46000,7744800
2024-09-23,67.58000,68.57000,67.05000,67.83000,5289700
2024-09-24,68.45000,68.61000,66.51000,67.54000,6374600
2024-09-25,67.65000,67.86000,65.14000,65.24000,5782300
2024-09-26,66.27000,66.62800,64.91500,66.52000,5902000
2024-09-27,67.14500,67.54000,65.18000,66.97000,7327700
2024-09-30,66.58000,68.35000,66.50000,67.13000,5301700
2024-10-01,67.00000,67.26000,64.43000,65.94000,6599300
2024-10-02,65.59000,66.13000,63.93500,65.06000,5265600
2024-10-03,64.50000,65.71000,64.39000,65.64000,4346100
2024-10-04,66.95000,67.06000,65.38000,67.02000,4551100
2024-10-07,66.80000,67.30000,65.38000,65.71000,4076800
2024-10-08,65.66000,68.51000,65.59000,68.25000,5336700
2024-10-09,68.69000,68.93000,67.14000,68.27000,4594400
2024-10-10,67.22000,71.01000,67.22000,70.02000,8347500
2024-10-11,69.96000,70.61000,68.80000,69.70000,6098600
2024-10-14,69.96000,71.76000,69.00000,71.65000,6955700
2024-10-15,72.25000,72.55000,69.85900,71.79000,5465700
2024-10-16,71.89000,73.59000,71.32400,73.53000,5292100
2024-10-17,73.75500,74.18000,72.63000,73.68000,4861000
2024-10-18,73.67000,74.94000,72.70800,74.66000,4293400
2024-10-21,74.56000,75.00000,73.29500,73.91000,4240000
2024-10-22,73.31000,73.94000,72.54000,72.82000,4704500
2024-10-23,72.47000,73.83000,70.75100,71.39000,4723100
2024-10-24,72.18000,73.01000,71.76100,72.55000,3006200
2024-10-25,73.06000,73.46000,72.12000,72.61000,3964200
2024-10-28,73.01000,74.60000,73.00000,74.48000,4104600
2024-10-29,74.79000,74.79000,73.21000,73.22000,4501300
2024-10-30,72.73000,74.48000,72.73000,73.29000,4161900
2024-10-31,72.50000,73.73000,71.60000,72.32000,4373600
2024-11-01,72.23000,73.11300,71.75000,72.15000,5643100
2024-11-04,72.20000,73.71000,72.04000,72.69000,4577200
2024-11-05,71.63000,72.89500,71.63000,72.38000,5489700
2024-11-06,74.97000,78.10000,74.16000,77.64000,10380800
2024-11-07,77.41000,78.08000,74.93500,75.27000,19111800
2024-11-08,71.89000,74.82000,69.03000,74.56000,24843700
2024-11-11,75.90000,83.95000,75.80000,83.40000,20910700
2024-11-12,82.66000,87.41000,82.39000,87.25000,15209300
2024-11-13,86.30000,90.00000,85.25300,85.82000,12982400
2024-11-14,85.37000,85.95000,82.92000,83.42000,9206300
2024-11-15,82.55000,84.52000,81.84000,84.30000,6915200
2024-11-18,83.76000,91.83000,83.36000,90.79000,16620100
2024-11-19,90.00000,93.00000,89.79000,92.42000,13334200
2024-11-20,92.00000,93.00000,89.47100,89.70000,7897400
2024-11-21,90.73500,93.96000,89.62400,92.70000,14160500
2024-11-22,92.61000,94.12000,91.81500,92.26000,9117000
2024-11-25,92.50000,92.51000,89.27000,90.75000,11126900
2024-11-26,89.83500,90.72000,88.58000,89.01000,7855300
2024-11-27,89.43000,90.65000,88.20000,88.78000,6646100
2024-11-29,89.41000,90.07600,88.46000,88.55000,4527400
2024-12-02,92.44000,95.95000,92.00000,92.78000,14027800
2024-12-03,91.85000,93.78000,90.76000,93.20000,8252700
2024-12-04,95.15000,98.95000,94.30000,98.92000,12564100
2024-12-05,99.11500,99.26000,95.54800,95.87000,9374200
2024-12-06,97.48000,98.81900,96.04000,98.25000,9410700
2024-12-09,97.29000,98.05000,94.40000,95.42000,8420300
2024-12-10,96.88000,97.04000,93.80000,94.04000,6371800
2024-12-11,95.75500,98.99000,95.51000,98.19000,7707300
2024-12-12,96.42000,96.98000,93.96000,94.11000,9777400
2024-12-13,94.62000,95.39000,91.91000,91.98000,8351600
2024-12-16,92.72000,94.62000,91.55000,93.78000,6678700
2024-12-17,93.59000,95.59000,93.15000,94.55000,6004300
2024-12-18,94.26000,95.78000,87.19000,87.30000,11011200
2024-12-19,90.08000,91.81000,87.30000,87.64000,8398200
2024-12-20,86.84000,90.78000,86.20200,89.65000,8834300
2024-12-23,89.48000,89.84000,87.66000,89.29000,4208500
2024-12-24,89.63000,91.14000,88.88000,91.08000,2197700
2024-12-26,90.50000,91.63000,90.28900,91.48000,2991100
2024-12-27,91.00000,91.29000,88.05000,88.97000,4140800
2024-12-30,88.40500,88.69000,86.83000,87.48000,5383800
2024-12-31,87.72000,88.00000,84.82000,84.99000,4989400
2025-01-02,86.15000,87.55000,84.84300,86.75000,5695400
2025-01-03,90.64500,92.65000,89.23000,92.16000,10633400
2025-01-06,93.63000,93.83000,91.22000,91.94000,6464800
2025-01-07,92.36000,93.58000,86.82000,87.68000,6851700
2025-01-08,87.52500,88.37900,85.69000,86.75000,5932700
2025-01-10,84.97000,84.97000,81.65000,82.54000,8229700
2025-01-13,80.72000,82.19000,80.20000,82.01000,6934300
2025-01-14,83.03000,84.28000,81.65000,82.42000,5221800
2025-01-15,86.12000,86.80000,84.32100,84.79000,6120500
2025-01-16,85.10000,87.22000,84.90000,86.38000,6124800
2025-01-17,87.00000,88.15000,86.10000,86.96000,5797000
2025-01-21,88.06000,89.84000,87.63000,89.50000,4269100
2025-01-22,90.20000,90.56000,87.28000,87.48000,6010000
2025-01-23,87.11000,88.56000,86.47000,87.80000,4899200
2025-01-24,88.55500,89.99000,88.06000,88.67000,5330000
2025-01-27,84.51000,87.43000,84.25000,85.01000,6136300
2025-01-28,85.48000,88.71000,84.36000,88.64000,4797100
2025-01-29,88.36500,90.77000,87.96000,90.03000,4662100
2025-01-30,91.59000,94.25000,91.11000,92.95000,5828400
2025-01-31,93.35000,93.75000,90.31000,90.82000,6821600
2025-02-03,88.64000,91.29000,87.71000,90.20000,4760200
2025-02-04,90.20000,90.23000,85.89000,86.17000,5698200
2025-02-05,87.39000,87.81500,85.38000,86.00000,4632700
2025-02-06,87.65000,88.13000,85.22000,86.08000,4908600
2025-02-07,87.63000,88.73000,84.95000,85.32000,4741000
2025-02-10,86.44000,86.78000,84.26000,84.85000,3980400
2025-02-11,84.90000,85.32800,82.34000,82.59000,3988800
2025-02-12,81.25000,83.06000,81.10000,82.99000,4284300
2025-02-13,83.89000,85.09000,82.45000,84.29000,4552400
2025-02-14,84.18000,84.53000,82.23000,84.00000,5658300
2025-02-18,84.55500,85.15000,83.20000,84.18000,6129000
2025-02-19,83.45000,84.52000,82.55000,83.89000,7185300
2025-02-20,84.34000,85.55000,81.70000,83.04000,12435300
2025-02-21,74.97000,76.50000,67.43000,68.35000,36825100
2025-02-24,68.01000,68.73000,65.02000,65.92000,17087400
2025-02-25,66.22000,66.40000,62.60000,62.84000,18883300
2025-02-26,63.45000,65.61000,63.25000,65.29000,19614300
2025-02-27,65.01000,66.76000,63.91000,64.28000,12273300
2025-02-28,63.87000,65.41000,63.11000,65.30000,7843600
2025-03-03,65.75000,66.90000,62.31000,62.79000,10062500
2025-03-04,60.39000,61.14000,57.90000,59.43000,15104800
2025-03-05,59.80000,61.65000,59.43000,61.12000,9759100
2025-03-06,59.05000,60.96500,58.67400,59.80000,10868900
2025-03-07,59.80500,61.02000,57.61000,60.00000,10863900
2025-03-10,58.14000,58.42000,53.54000,54.74000,15663200
2025-03-11,54.76000,56.14000,53.95000,55.29000,11440000
2025-03-12,56.38000,56.74600,55.21000,55.90000,9003700
2025-03-13,55.34000,55.71000,53.88000,54.04000,8632500
2025-03-14,55.50000,57.52100,55.34700,57.22000,8942300
2025-03-17,56.65000,59.43500,56.65000,58.65000,7701800
2025-03-18,59.90000,60.09000,58.78000,59.65000,8248600
2025-03-19,60.45500,62.43000,59.60000,61.37000,8622500
2025-03-20,60.57000,62.38000,60.44000,61.00000,6344100
2025-03-21,60.35000,61.58000,59.60000,61.11000,11395600
2025-03-24,62.38000,63.18000,62.00000,62.58000,9048800
2025-03-25,62.76500,63.69000,61.21000,61.33000,7366100
2025-03-26,60.89000,61.36000,58.80000,59.05000,8947800
2025-03-27,58.76000,58.90000,56.88000,56.99000,7927100
2025-03-28,56.54000,57.00000,54.69000,55.33000,10692000
2025-03-31,53.89000,54.69000,52.25000,54.33000,8163700
2025-04-01,53.89000,55.52000,53.77000,55.41000,7649900
2025-04-02,54.00000,58.71000,53.90300,57.86000,9187900
2025-04-03,54.74000,55.44100,52.47000,53.97000,13288100
2025-04-04,50.31000,51.88000,47.69000,50.26000,15195700
2025-04-07,47.05000,53.45000,46.42000,50.47000,13017700
2025-04-08,52.93000,53.33900,48.13000,49.08000,9909700
2025-04-09,49.05000,56.77000,47.95000,55.99000,12475700
2025-04-10,54.34000,54.88000,50.93000,52.91000,9574000
2025-04-11,52.86000,54.15000,51.00000,53.94000,8623100
2025-04-14,55.31000,55.70000,53.64000,54.66000,7027200
2025-04-15,54.82000,55.90000,54.58000,55.08000,4012900
2025-04-16,54.20000,55.50000,52.77000,53.75000,6318000
2025-04-17,53.65000,54.41800,53.03000,53.90000,4510000
2025-04-21,52.92000,53.45000,51.39900,52.39000,5836800
2025-04-22,53.02000,54.83000,52.99500,54.33000,6058800
2025-04-23,56.90000,58.75000,55.22000,55.66000,8388800
2025-04-24,55.79000,57.52000,55.18000,57.50000,6468800
2025-04-25,57.67000,58.27000,57.22000,58.09000,5625900
2025-04-28,58.55000,59.27000,57.52000,58.32000,4578700
2025-04-29,58.74000,59.82000,58.50000,59.56000,4547700
2025-04-30,57.02000,58.70000,56.41400,58.47000,6625500
2025-05-01,59.02000,59.68000,58.21000,58.48000,10667000
2025-05-02,45.32500,47.00000,44.27000,46.53000,54280100
2025-05-05,45.92000,46.94000,45.02500,46.64000,18628200
2025-05-06,45.70000,48.02000,45.65000,47.29000,18029100
2025-05-07,47.48000,48.18000,47.11000,47.95000,14809000
2025-05-08,48.12500,50.78500,48.12500,50.11000,13090500
2025-05-09,50.23000,51.27000,50.09000,50.36000,12274600
2025-05-12,53.18500,55.06000,53.18500,55.02000,13204500
2025-05-13,55.18500,58.68500,54.86000,58.17000,20820300
2025-05-14,59.61000,59.85000,57.71000,58.50000,13394000
2025-05-15,57.14500,57.88000,56.46000,57.01000,11546500
2025-05-16,56.49000,58.12000,56.48000,57.66000,7034800
2025-05-19,56.18000,58.49000,56.08000,58.33000,7197400
2025-05-20,58.44500,58.65000,57.03000,57.34000,5689700
2025-05-21,56.55000,57.01000,55.19000,55.44000,10101700
2025-05-22,55.60000,59.08000,55.60000,58.35000,12529800
2025-05-23,56.41500,59.09500,55.88000,58.74000,9695900
2025-05-27,60.05000,62.66000,59.85000,62.15000,12008400
2025-05-28,62.51500,62.51500,61.33000,61.81000,6605900
2025-05-29,62.27000,63.11000,61.67500,62.16000,7504100
2025-05-30,61.72000,62.09000,60.88500,61.75000,11486800
2025-06-02,60.36000,61.88800,59.90000,61.76000,6094200
2025-06-03,63.72500,63.80000,62.01000,63.51000,7697600
2025-06-04,63.72000,64.07000,62.55000,63.86000,7559300
2025-06-05,63.62000,64.90000,63.15000,63.60000,8155100
2025-06-06,64.54000,65.22000,63.48300,64.99000,7824500
2025-06-09,65.45000,66.46000,64.77500,65.84000,7128100
2025-06-10,65.48000,65.68500,63.99000,64.48000,9971000
2025-06-11,64.91000,65.45000,63.78000,64.06000,6419800
2025-06-12,63.60000,65.32000,63.31000,63.85000,5193900
2025-06-13,62.21000,62.99100,61.34500,61.57000,7035100
2025-06-16,62.73000,65.18000,62.66000,64.82000,6561700
2025-06-17,64.04500,64.54000,63.06000,63.32000,5408200
2025-06-18,63.06000,63.91000,61.34000,63.09000,8344500
2025-06-20,63.54000,64.30000,63.00000,63.59000,6941900
2025-06-23,62.99500,63.99000,61.87000,63.62000,6018700
2025-06-24,64.61000,65.72000,64.30000,65.34000,6303200
2025-06-25,65.76500,65.76500,64.33000,64.81000,5395900
2025-06-26,64.88000,65.20500,63.80100,65.11000,5097200
2025-06-27,65.38000,67.01000,65.08000,66.63000,9854300
2025-06-30,67.14000,68.40000,67.06000,67.93000,5628600
2025-07-01,67.74000,68.93000,66.87500,68.27000,7204200
2025-07-02,68.17000,70.09000,68.00000,69.22000,7032700
2025-07-03,69.66500,69.70000,68.58000,69.23000,4369300
2025-07-07,68.71000,70.27000,67.73000,69.41000,7545000
2025-07-08,70.21500,70.98000,67.70100,67.84000,6872900
2025-07-09,68.32000,69.04000,67.45000,69.01000,5340800
2025-07-10,68.95000,69.23000,67.80000,68.76000,4163500
2025-07-11,67.80000,68.56000,64.85000,65.14000,12851600
2025-07-14,66.73000,69.84000,66.40000,68.68000,11130900
2025-07-15,67.98000,68.22000,65.96000,66.01000,6706100
2025-07-16,66.53000,69.10000,66.26200,69.03000,8209900
2025-07-17,69.82000,71.52000,69.61500,70.73000,7795300
2025-07-18,72.01000,73.25000,71.17000,72.82000,10786400
2025-07-21,78.61000,79.44000,76.80000,78.08000,49143500
2025-07-22,78.46000,79.58500,78.26000,79.27000,139479500
2025-07-23,79.81000,80.36000,78.45000,79.70000,13249800
2025-07-24,79.44500,81.13000,79.31000,79.77000,9377500
2025-07-25,79.75500,81.08000,78.93000,80.74000,6348700
2025-07-28,81.20000,82.18000,80.36500,80.57000,9578700
2025-07-29,79.70000,81.06000,77.64000,78.18000,10632000
2025-07-30,77.70500,78.75000,77.04900,77.59000,7352200
2025-07-31,76.78000,78.08000,76.00000,77.26000,6769800
2025-08-01,75.00000,75.22000,72.98500,74.03000,8235300
2025-08-04,75.02000,76.63000,74.42000,76.12000,6082200
2025-08-05,75.98000,76.10000,74.01000,75.29000,7207400
2025-08-06,75.33000,76.88000,75.33000,76.13000,6488700
2025-08-07,76.12500,77.37000,76.00000,76.85000,14968800
2025-08-08,82.12500,82.50000,73.20000,73.39000,22800800
2025-08-11,74.08000,74.75800,72.39000,73.03000,10172000
2025-08-12,73.58000,75.50000,73.58000,74.54000,7048000
2025-08-13,74.76500,77.06300,74.75800,76.95000,8084300
2025-08-14,76.17000,76.54000,74.47000,76.04000,6560300
2025-08-15,76.19000,76.88000,75.23000,75.80000,6691800
2025-08-18,76.00000,77.46000,75.76000,76.73000,6781400
2025-08-19,76.85000,77.25000,74.04000,74.30000,5387000
2025-08-20,73.58000,74.28000,71.45000,74.18000,7093100
2025-08-21,73.72000,74.15000,72.51000,74.09000,6961900
2025-08-22,73.55000,79.38500,73.47000,79.12000,12035300
2025-08-25,78.39000,80.32000,78.39000,79.08000,6549300
2025-08-26,78.46000,79.01000,77.73000,78.78000,5128300
2025-08-27,78.58000,79.68500,78.44000,79.39000,4027600
2025-08-28,79.98000,81.39000,79.75600,80.78000,5019600
2025-08-29,80.80000,82.25000,79.14000,79.64000,6205700
2025-09-02,76.81000,77.10000,75.18500,76.23000,6813700
2025-09-03,76.30000,76.37500,75.34000,75.79000,4975000
2025-09-04,75.73000,75.96000,73.72000,75.75000,4804900
2025-09-05,76.30000,77.07500,73.69000,74.94000,4785800
2025-09-08,75.05000,75.98000,74.88500,75.82000,5191500
2025-09-09,75.63000,76.67000,75.00000,75.51000,4162300
2025-09-10,75.79500,76.79000,73.05000,73.75000,5756300
2025-09-11,73.94000,74.77000,73.44600,74.23000,4196700
2025-09-12,73.60000,74.21500,72.84500,72.87000,4621300
2025-09-15,73.33000,75.20000,73.10000,74.63000,6474800
2025-09-16,74.56000,75.96000,73.80100,75.78000,5512200
2025-09-17,75.88000,77.25000,74.53000,75.71000,5296900
2025-09-18,76.20000,78.30000,75.76000,77.37000,5443800
2025-09-19,77.70000,77.71000,76.17000,77.03000,7600300
2025-09-22,76.50000,77.69000,74.72000,77.41000,9005300
2025-09-23,77.69000,79.00000,75.48000,76.54000,7218100
2025-09-24,76.23000,78.41000,75.99000,76.49000,5065800
2025-09-25,75.04000,75.79000,72.84000,73.68000,7448000
2025-09-26,73.38500,73.83000,71.44000,73.67000,6578200
2025-09-29,74.45000,76.15500,74.33500,75.39000,7237200
2025-09-30,75.32000,75.66500,71.61000,72.27000,7838100
2025-10-01,72.57000,73.62000,71.83500,73.40000,6640700
2025-10-02,73.80000,77.24000,73.70000,76.81000,7856000
2025-10-03,76.69000,78.24500,76.10000,76.95000,5761700
2025-10-06,77.55000,78.80000,76.69000,77.78000,5324100
2025-10-07,78.40000,79.97000,77.74000,79.02000,5428000
2025-10-08,79.86000,81.68500,79.05000,81.11000,6024900
2025-10-09,81.09000,81.50000,80.01000,80.85000,4193600
2025-10-10,80.66000,80.97000,74.29000,74.67000,8802300
2025-10-13,75.97000,76.05000,74.43000,75.02000,5383800
2025-10-14,73.22000,77.44000,71.92000,76.18000,5239300
2025-10-15,76.89000,77.80000,75.33000,76.13000,3672500
2025-10-16,76.35000,77.69000,74.40000,74.54000,5590300
2025-10-17,73.78000,75.71000,73.38000,75.20000,4416700
2025-10-20,75.94000,76.87000,74.84000,76.50000,4538200
2025-10-21,76.24000,78.87000,76.05000,77.73000,4362400
2025-10-22,77.34000,77.34000,75.23000,75.92000,4609900
2025-10-23,76.13000,79.29000,75.76000,78.56000,4695900
2025-10-24,79.80000,80.38000,79.20100,79.54000,3866900
2025-10-27,80.58000,81.49000,79.90000,80.15000,5158500
2025-10-28,80.16000,81.70000,79.77000,80.18000,3954600
2025-10-29,77.80500,78.15000,75.07000,76.51000,8029400
2025-10-30,76.47000,76.47000,73.71500,73.92000,6301800
2025-10-31,74.61000,76.43800,74.44000,75.94000,7364700
2025-11-03,76.15000,76.65000,73.63800,74.30000,5317800
2025-11-04,73.11000,73.62500,71.26000,72.58000,4983600
2025-11-05,72.88000,74.64900,72.35000,73.65000,5310800
2025-11-06,74.34000,75.10000,70.86000,70.93000,11236400
2025-11-07,61.36000,66.74000,61.36000,65.45000,21402400
2025-11-10,66.64000,68.05000,64.97000,66.80000,8017400
2025-11-11,66.28500,66.70000,65.39000,65.91000,5397400
2025-11-12,65.85000,66.45000,64.98500,65.77000,5145900
2025-11-13,65.37000,65.67000,61.63000,62.30000,8568900
2025-11-14,61.03000,62.19000,60.17000,60.48000,9189400
2025-11-17,61.31000,61.41400,58.15000,58.89000,7088400
2025-11-18,58.38000,59.54000,57.29000,57.64000,7519700
2025-11-19,58.54000,62.75000,56.96000,62.00000,19763000
2025-11-20,64.31000,65.62000,61.83000,61.95000,17531000
2025-11-21,62.59000,62.95000,59.57000,61.95000,13057400
2025-11-24,62.01500,62.72000,61.18000,61.86000,7393600
2025-11-25,62.04000,63.77500,61.81000,63.69000,7223800
2025-11-26,63.86000,66.13000,63.55000,65.03000,6770500
2025-11-28,65.73000,67.48000,65.50000,66.80000,3459900
2025-12-01,65.66000,66.56000,64.32000,64.35000,8119900
2025-12-02,64.73000,65.27500,59.97000,60.11000,20737700
2025-12-03,61.04000,62.90000,60.29000,61.11000,13314700
2025-12-04,61.29000,62.22000,60.70000,62.19000,6966800
2025-12-05,61.26000,62.37000,60.73000,61.11000,6670900
2025-12-08,61.35000,61.71000,60.42000,61.04000,6154300
2025-12-09,60.58000,62.08000,60.22300,61.57000,5118000
2025-12-10,61.45000,63.35000,60.98200,63.29000,5491000
2025-12-11,63.12000,64.11000,62.67000,63.61000,5945400
2025-12-12,63.61000,65.12000,62.80000,64.75000,6642300
2025-12-15,65.63000,66.40000,63.95000,64.02000,6711900
2025-12-16,64.30000,65.50000,63.87500,64.55000,6213200
2025-12-17,64.68000,65.74000,63.64000,63.77000,4947500
2025-12-18,64.65000,65.90000,64.16000,64.39000,4593700
2025-12-19,64.59000,65.77000,64.56000,65.33000,10063100
2025-12-22,65.58000,66.41000,64.84000,65.15000,6322000
2025-12-23,64.39000,65.18000,63.92000,64.94000,5068200
2025-12-24,64.75000,66.74000,64.61000,66.05000,3017700
2025-12-26,65.87500,66.47000,65.34000,66.27000,3118400
2025-12-29,65.99000,66.40000,65.47500,65.92000,4216700
2025-12-30,65.83000,65.99000,65.45000,65.54000,2958800
2025-12-31,65.50000,65.90000,65.03500,65.09000,3487500
2026-01-02,65.72000,65.72000,62.52000,65.15000,6830100
2026-01-05,65.09500,69.30000,64.90000,68.45000,8109900
2026-01-06,68.57000,70.01000,68.39000,70.00000,5470900
2026-01-07,71.19400,72.22000,70.04500,71.47000,6117300
2026-01-08,71.05000,71.56000,69.57200,70.16000,5711900
2026-01-09,70.59000,70.88000,68.38000,69.55000,3996500
2026-01-12,70.01000,71.22000,68.93000,70.26000,5100100
2026-01-13,70.17500,70.17500,66.64500,67.26000,7599700
2026-01-14,66.71500,66.79000,64.44000,65.61000,7194800
2026-01-15,65.53500,65.58100,64.40000,64.92000,7183200
2026-01-16,65.18000,66.05000,64.40000,65.95000,5539300
2026-01-20,63.68000,64.57000,62.48000,62.63000,7509300
2026-01-21,62.89500,65.40000,62.85000,64.00000,8105400
2026-01-22,63.98000,65.67700,63.98000,65.05000,6016400
2026-01-23,65.03000,67.79000,65.00000,66.83000,6443900
2026-01-26,66.85000,67.33000,65.76000,65.90000,5137000
2026-01-27,66.37000,66.50000,63.86000,64.59000,4546800
2026-01-28,65.00000,65.92000,64.02000,64.22000,4927500
2026-01-29,64.35000,64.73000,61.62000,62.21000,6381100
2026-01-30,61.53000,61.79100,60.01000,60.43000,7234200
2026-02-02,59.40000,60.78500,59.08000,60.40000,8220800
2026-02-03,58.32000,58.43000,55.85000,56.79000,10360100
2026-02-04,56.38000,57.87000,55.07100,57.43000,8467000
2026-02-05,56.27000,57.32000,53.35000,53.38000,10267300
2026-02-06,55.05000,56.42000,54.81000,55.97000,8982900
2026-02-09,56.05000,57.51000,55.54000,56.78000,7350200
2026-02-10,57.16000,58.53000,56.98000,57.30000,6007200
2026-02-11,57.46000,57.46000,53.37000,53.81000,9787300
2026-02-12,53.06000,53.40000,48.21000,49.09000,17158100
2026-02-13,49.68500,50.41000,48.89000,49.80000,10012000
2026-02-17,50.21600,51.34000,49.58000,50.81000,9297000
2026-02-18,52.01000,54.23000,51.62000,53.60000,8434300
2026-02-19,53.03000,53.42000,52.20000,52.89000,7740900
2026-02-20,52.57000,54.63500,52.13000,53.22000,7318300
2026-02-23,52.05000,52.52000,50.01000,50.75000,13712900
2026-02-24,50.40000,51.77000,49.33000,51.00000,9921200
2026-02-25,51.65500,52.06000,50.60000,51.94000,7971000
2026-02-26,51.84000,54.80500,51.79900,54.53000,18400400
2026-02-27,63.09000,66.12000,61.20000,63.70000,40658100
2026-03-02,60.01000,64.97000,59.65400,64.45000,19625600
2026-03-03,63.23000,64.77000,61.32500,62.90000,9733400
2026-03-04,63.25000,65.72500,62.74000,65.24000,10400900
2026-03-05,64.72000,67.51000,64.60000,67.38000,11851400
2026-03-06,66.26000,67.74000,65.18000,66.33000,11047700
2026-03-09,65.08500,66.08500,63.26400,65.54000,7511200
2026-03-10,66.00000,66.79800,64.82700,65.60000,5908800
2026-03-11,65.95000,67.25000,63.41000,64.63000,9050400
2026-03-12,63.70000,65.07000,59.74500,59.90000,8599800
2026-03-13,60.65000,61.45000,59.67000,59.79000,7134200
2026-03-16,60.56000,60.78000,59.33100,59.85000,6082700
2026-03-17,60.37000,61.35500,59.72500,59.79000,5615600
2026-03-18,59.72000,61.54000,57.15500,57.84000,9834800
2026-03-19,57.24000,59.38700,57.12000,58.99000,6387300
2026-03-20,58.56000,60.43000,58.09000,59.37000,10018000
2026-03-23,60.96000,62.21000,60.15000,61.17000,6577000
2026-03-24,60.06000,60.69000,58.86000,59.89000,4684000
2026-03-25,61.21000,62.13000,59.30000,60.01000,4585500
2026-03-26,59.33500,61.40000,59.11000,59.37000,5610300
2026-03-27,58.33000,58.52500,55.86000,55.98000,5513700
2026-03-30,56.32000,58.10900,56.32000,57.03000,5238400
2026-03-31,58.22500,60.57000,57.80000,60.18000,7405300
2026-04-01,61.17000,61.42500,59.45000,59.54000,5493500
2026-04-02,58.00000,60.02000,56.75000,59.78000,6546700
2026-04-06,59.92000,61.74000,59.88500,60.68000,3251400
2026-04-07,60.37000,60.93000,59.43000,59.97000,3629400
2026-04-08,63.64000,65.40000,62.38000,62.83000,7033100
2026-04-09,62.67000,62.93000,59.65000,62.69000,5932400
2026-04-10,62.86000,63.00000,60.85500,62.20000,6041100
2026-04-13,61.09000,64.31000,60.63500,64.22000,5213700
2026-04-14,64.80000,66.42000,64.59000,66.15000,5905600
2026-04-15,67.00000,68.32700,66.16000,67.76000,2445270
